period,GDP,CP,IHP,IFP,INP,CG,IG,ING,BF,XGS,MGS,KAISA,GDPV,CPV,IHPV,IFPV,INPV,CGV,IGV,INGV,BFV,XGSV,MGSV,RTRIV,PTRIV,PGDP,PCP,PIHP,PIFP,PCG,PIG,PXGS,PMGS,YWV,YWIV,YOLIV,YIGV,YIEV,YICV,NIV,ENTV,RENTHH,CCAVG,TCIV,TCSTV,SUBV,CSSV,TYPV,YDV,BSSV,TYCV,OITAXV,ITAXV,CCAV,TAXV,YIV,YCV,SDV,OTYDV,TIME,TIME96Q2,TIME70Q1,D202,D203,D204,D954C963,D0703,D091C093,D091,D092,D9203C,D084,D142,D151,D191,D972C,D952,D984,D961,DTCIC2,RTCI,PRTCP,PRTIF,PRTIH,PRTGP,PRTIG,PRTCG,PRTFU,PRTNF,PRTMG,PRTNP,PRTNG,PCPAT,PIFPAT,PIHPAT,PCGAT,PIGAT,CGPI,CGPIAT,PINP,PING,PINPAT,ERRINPV,ERRINGV,PFUEL,FUELV,FUEL,NFMGSV,NFMGS,PNFMGS,PFUELAT,PNFMGSAT,PMGSAT,PGDPAT,FXS,POILD,LF,LE,LW,UR,POP,RLEW,POP65,HH,CUX,LHX,WI,W,M2CD,RCD,RCDX,RGB,RGBX,KFPV,RRFPV,KHPV,RRHPV,KGV,RRKGV,KNPV,RRNPV,RRFP,RKGV,RKG,CCAVGR,CGXRKG,IGVR,ITR,ITREQ,ETT,TT,RTCST,SR,IR,SBGV,OTNGV,BCV,ERRBCV,FASSTV,SBCV,FLIABV,RSBCV,US_RGB,US_WPI,WD_YVI,WD_PX,WD_PI,LANDT,LANDV,PROLA,PLAND,RLAND,SHARETV,PSHARE,RSHARET,SHAREV,RSHARE,REQU,SLRATIO,TINCR,ROR,UREQ,CUXEQ,LHXEQ,WPH,WPHXREQ,ERRPFU,RSBGV,GDPD,GDPVEXCT,CPVEXCT,IFPVEXCT,IHPVEXCT,INPVEXCT,CGVEXCT,IGVEXCT,INGVEXCT,MGSVEXCT,KFP,RFP,RFPV,KFPSTA,KHP,RHPV,KNP,RNPV,KG,GDPPOT,GDPGAP,PIFPATGR,PIFPATSUM,WIPH,PGDPD,YCVAT,INPVA,YLV,YL,NWCV,NWTV,FNWV,KPV,KNGDEQ,MK,PERR,PVDP,UCCDB,UCCDE,UCCPF,UCC,BGV,BGVATGDPV,SBGVATGDPV,BCVATGDPV,SBCVATGDPV
2010Q1,502691.2,288816.6,17447.8,71739.5,-3536.9,95610.3,28374.1,93.6,4619.4,78434.6,73815.2,-473.3,501533.7,286514.2,16556.7,71250.3,-3331.1,96047.9,26939.2,104.5,7452.1,73258.0,65805.9,17293.7,3944.1,0.997697393548962,0.99202815904626,0.9489276585013584,0.9931808836136299,1.004576912738481,0.9494292329976987,0.93400106585614,0.891495247591282,252871.66285497908,218391.6523310884,34488.53900101402,-2526.24,21587.868393739813,34973.9,353158.7587487189,78510.0125,2418.0625,16786.9020963376,12328.762794111137,758.9933113291004,3264.9675,56429.51445562922,25681.753623508845,293282.985564181,74504.83776269396,13344.379322141254,22249.558448447817,35337.31455388805,124799.98767592663,74363.44749953815,19061.62839373981,46251.5675,4852.106521466456,-8544.015368093795,121.0,56.0,161.0,0.0,0.0,0.0,0.0,0.0,0.0,0.0,0.0,1.0,0.0,0.0,0.0,0.0,1.0,0.0,0.0,0.0,0.0,0.05,0.52,0.18,0.8,0.86,0.45,0.48,0.0,0.0,0.0,0.86,0.45,0.9668890439047367,0.9843219857419524,0.9124304408666908,0.9810321413461728,0.9285371471860134,0.9738403677392392,1.002304147465438,0.9738403677392392,0.9494292329976987,0.9336916277461547,113.27599665691514,15.63342379141541,0.9342793129200898,,,,,,0.9342793129200898,,0.891495247591282,0.9753343462225599,90.7,,6634.0,6301.666666666667,5501.333333333333,5.033333333333333,11098.0,0.872996561756149,3528.9262071242083,11098.0,,101.42710023568758,39.69794940579649,45.965522816586116,769360.527375367,0.079,0.079,1.3399999999999999,1.3399999999999999,,,,,,,,,,,,,,0.7188657242468705,,0.07289621972342819,,,0.011533818568382172,0.16058,1.0,1002549.2,0.0,20801.700000000004,0.0,586960.8136197402,266166.42500000005,320794.38861974014,,3.716666666666667,93.27225366,85.208202494,93.27225366,93.27225366,1223894.05,729576.775,1.677539762693241,1.066505442513354,684081.6238880701,462148.82499999995,0.5949887890871498,776735.349432454,111266.2,187005.540340866,0.4,0.5,0.0,2.0,3.0,100.72261904761906,101.36168321127153,45.31877842290215,48.27345023593084,8720.371528156684,,,490291.9929038341,279253.60623781674,70614.76709613479,15919.903846153848,-3193.7679769894535,93796.77734374999,26346.40586797066,102.20048899755501,65805.9,,,,,,,,,,,,,,39.13939106368004,,,,280239.132538535,280885.90222901315,,,1268715.625,,0.11676823000000001,1.5304833810008351,,0.8340620295029798,,,,,-48129.748729820276,-9.596513400758568,199.89667693317517,4.1476175977805685,53.070496558855375
2010Q2,508734.7,290912.1,17575.8,72562.1,-891.9,97359.5,26906.1,-15.1,4696.6,82156.3,77459.7,-370.4,504936.8,287918.2,16651.3,71914.4,-1248.2,97298.6,25503.3,-22.8,6921.9,76417.2,69495.2,17269.4,4254.5,0.9925346157830397,0.9897085752019253,0.9473992648983262,0.9910738526034939,0.9993744832296797,0.947863123975604,0.9301441277175334,0.8971787910358547,251580.1833691899,216705.9274520405,34878.04476537383,-2753.6125,20939.16867711159,36694.32,366756.3245463015,93999.375,2663.9375000000005,16769.654445390064,12756.946822173368,773.4039514309353,3061.2875,57097.78039144819,24835.430920121104,292155.32237890206,75744.15463420699,17145.002246373417,22780.354104575592,36310.704878179895,124302.97483397172,78291.13804467442,18185.55617711159,60296.265,-6356.916758453182,-10869.292990037124,122.0,57.0,162.0,0.0,0.0,0.0,0.0,0.0,0.0,0.0,0.0,1.0,0.0,0.0,0.0,0.0,1.0,0.0,0.0,0.0,0.0,0.05,0.52,0.18,0.8,0.86,0.45,0.48,0.0,0.0,0.0,0.86,0.45,0.9646282409375491,0.9822337488637205,0.9109608316330059,0.975951643778984,0.9270055002206397,0.9758462181362305,1.0042791310072419,0.9758462181362305,0.947863123975604,0.9356147824891952,-377.84275804429603,-8.48726682796838,1.003983071944237,,,,,,1.003983071944237,,0.8971787910358547,0.970189500488932,92.03666666666668,,6623.333333333333,6283.666666666667,5475.0,5.133333333333333,11102.333333333332,0.8713065619861015,3530.3041142754246,11102.333333333332,,101.4513667930464,39.58099131544118,45.95071842359633,781125.211180668,0.068,0.068,1.21,1.21,,,,,,,,,,,,,,0.7188657242468705,,0.07289621972342819,,0.4069,0.011128883022581925,0.16058,1.0,1033605.7,0.0,19936.800000000003,0.0,587574.267713283,263072.95,324501.31771328294,0.9696517883500895,3.49,94.51181172999999,86.151007499,94.51181172999999,94.51181172999999,1215776.4,724819.8500000001,1.6773497580122836,1.059431694662861,684159.1144114834,470883.55,0.5947868583934158,791684.5225395662,102251.5,171912.84332709108,0.4,0.5,0.0,2.0,3.0,100.72261904761906,101.35022977587045,45.293345842577494,48.27345023593084,8825.210374212502,19798.367505530117,4.808916487895551,493569.0644743867,280622.0272904484,71272.94350842418,16010.865384615385,-1196.740172579099,95018.1640625,24942.10268948655,-22.29828850855746,69495.2,,,,,,,,,,,,,,39.01474427267559,-2.0698772190062735,,,282085.4466918276,284207.1623560274,,,1296678.65,,0.11664752,1.5354274264772345,,0.8401062751654284,,,,,-45032.52997787953,-8.918448799509074,204.7000139423389,3.948375321426365,52.10017372471169
2010Q3,517944.4,295299.5,17765.6,73433.2,2309.9,97760.2,26617.3,-146.7,5420.8,84459.3,79038.4,-515.4,510930.7,289927.3,16848.5,72421.0,1991.3,97640.8,25225.9,-132.8,7008.6,76296.1,69287.5,17804.8,4065.0,0.9864585851299869,0.9818076224307863,0.9483777637681813,0.9862160439692129,0.9987786440698772,0.9477257272525764,0.9033475295201358,0.8766308528512724,251557.24950982336,216568.1572284848,34990.634279170765,-2723.23,20676.31794808952,37271.0275,364075.3549579129,91673.7,2564.945,16749.9656375313,12844.94559725557,771.8466085817867,2825.5025,57445.978072269056,25046.926167810256,291277.50014709134,75977.15877450061,16868.531401405213,22957.85078216396,36574.64298800132,123939.41656558236,78490.10055721679,17953.087948089516,57293.98999999999,2906.487988503475,-11711.349345242836,123.0,58.0,163.0,0.0,0.0,0.0,0.0,0.0,0.0,0.0,0.0,1.0,0.0,0.0,0.0,0.0,1.0,0.0,0.0,0.0,0.0,0.05,0.52,0.18,0.8,0.86,0.45,0.48,0.0,0.0,0.0,0.86,0.45,0.9569275072424818,0.9774192705344034,0.9119016959309435,0.9753697695994894,0.9268711268973853,0.9731717509402424,1.000987491770902,0.9731717509402424,0.9477257272525764,0.9330505761651414,-256.62942749686613,6.231364187952948,0.9138660692058752,,,,,,0.9138660692058752,,0.8766308528512724,0.9641320516934707,85.80666666666667,,6642.0,6308.333333333333,5511.333333333333,5.066666666666666,11107.666666666668,0.8736591809775429,3532.0,11107.666666666668,,101.79523419027927,39.29505695448497,45.64362819217794,782759.2443610597,0.05833333333333333,0.05833333333333333,0.9900000000000001,0.9900000000000001,,,,,,,,,,,,,,0.7188657242468705,,0.07289621972342819,,0.4069,0.011139767037081532,0.16058,1.0,1039138.7,0.0,20748.4,0.0,588188.3629500087,259979.475,328208.88795000874,0.9685236547505168,2.7866666666666666,94.40402407333333,86.873964145,94.40402407333333,94.40402407333333,1207658.75,720062.925,1.677157242889571,1.0523579468123683,684237.6466877052,479618.275,0.5408971415528793,886708.8364028848,99970.7,184823.86450220618,0.4,0.5,0.0,2.0,3.0,100.72261904761906,101.51194201038815,44.838669074486575,48.27345023593084,8984.97447126227,-5620.670470190649,7.24125954058177,499366.7970351437,282580.21442495123,71775.02477700694,16200.480769230768,1909.2042186001918,95352.34375,24670.806845965773,-129.87775061124697,69287.5,,,,,,,,,,,,,,38.602059582704285,-2.4486926930036734,,,282312.5315442447,286187.920912102,,,1299118.175,,0.11653087000000002,1.5112804470152774,,0.850501126808452,,,,,-44614.6818807626,-8.732041719309995,203.38153491266033,4.06090297568731,50.88351022946947
2010Q4,513619.7,290375.5,18359.1,73333.9,2561.0,98270.4,26049.4,-51.3,5153.8,84754.6,79600.8,-432.1,505304.2,285638.3,17389.2,72032.8,2368.5,97492.6,24628.3,-47.8,5802.3,76044.3,70242.1,18266.1,4277.1,0.9838100057299204,0.983685951466291,0.9471706129385429,0.9822578643710481,0.9920851039580587,0.9454459603676092,0.8972291769414286,0.8824295735721249,249879.77928760037,214964.28661202124,34911.88861544458,-2980.51,20404.49711888036,37122.037500000006,366396.4814064807,96211.56,2574.6275,16718.245386906234,12678.21746970692,782.9991004462911,4520.895,57461.51628874845,24731.906142777163,290513.96036838857,76011.07487957453,16596.621848465413,22199.33550244797,35660.55207260119,123693.88310123852,76989.08006384376,17423.987118880363,61970.67749999999,-1936.821580320364,-10710.00598614104,124.0,59.0,164.0,0.0,0.0,0.0,0.0,0.0,0.0,0.0,0.0,1.0,0.0,0.0,0.0,0.0,1.0,0.0,0.0,0.0,0.0,0.05,0.52,0.18,0.8,0.86,0.45,0.48,0.0,0.0,0.0,0.86,0.45,0.9587582372965799,0.9734963967998496,0.9107409739793682,0.9688331093340417,0.9246415260318916,0.9728374425407438,1.000658327847268,0.9728374425407438,0.9454459603676092,0.9327300503746345,-122.9366903468449,0.7013777668583501,0.9248195170525269,,,,,,0.9248195170525269,,0.8824295735721249,0.9614717929627704,82.53666666666668,,6628.333333333333,6300.0,5511.333333333333,5.0,11110.333333333332,0.8748148148148147,3532.847942862287,11110.333333333332,,101.16955649981088,39.004043778641815,45.33926078763766,783770.188912248,0.043333333333333335,0.043333333333333335,1.0733333333333333,1.0733333333333333,692468.1000000001,,387549.7,,717108.6,,62503.0,,,,,,,0.7188657242468705,0.06612983407185921,0.07289621972342819,,0.4069,0.011147148226580512,0.16412,1.0,1051188.5,0.0,19791.299999999996,0.0,588803.1000000003,256886.0,331917.1000000003,0.9690694813504027,2.8633333333333333,96.03880355666666,87.347091,96.03880355666666,96.03880355666666,1199541.1,715306.0,1.676962167240314,1.0452841989618755,684317.2418662852,488353.0,0.5524114874934548,884038.4587508894,113686.3,205800.02873554835,0.4,0.5,0.0,2.0,3.0,100.72261904761906,101.52227202261227,44.81512260827437,48.27345023593084,8909.95228915958,164.63028586372457,-3.3398951702151902,493830.85386000026,278399.90253411303,71390.28741328049,16720.384615384617,2270.8533077660595,95207.6171875,24086.35696821516,-46.748166259168705,70242.1,704975.8776361602,,,,409165.6716392933,,64248.143900343646,,758487.1373517457,,,,,38.55314298893337,-1.0739748997034508,,,280819.4692356492,285440.75339760364,2524616.5,3383518.3000000003,1308074.5,1142520.8,0.11641828000000001,1.5259737679692738,,0.8465388601032966,,,,,-47540.67885654529,-9.408328459677415,208.0308257877136,3.916709973912743,50.83789131378682
2011Q1,508323.6,285585.2,18971.5,75032.3,1027.4,98803.4,25611.9,-44.6,3557.5,84061.0,80503.5,-220.9,498689.8,281187.9,17996.9,73479.1,1090.4,98580.5,24286.7,-23.6,2092.0,75763.2,73671.2,18909.8,4236.1,0.9810478994089592,0.9846024934065211,0.9486282054660939,0.9792995816468375,0.9977440047609698,0.9482584267469418,0.9012883501266937,0.9151303980572273,251750.3783310768,216480.30922531476,35272.25617216175,-3082.6675000000005,21054.29769191295,35572.1325,363112.4860229897,90367.0875,2710.76,16822.424030158272,12434.89629627397,817.5222768783821,3687.6625,58155.60794569886,24864.231147291757,289823.0009428337,75950.45557383967,15673.239363475705,22558.601217613817,35811.01979076617,123632.6713957791,76348.49030153363,17971.63019191295,57818.345,-5505.014709535055,-11484.42406100512,125.0,60.0,165.0,0.0,0.0,0.0,0.0,0.0,0.0,0.0,0.0,1.0,0.0,0.0,0.0,0.0,1.0,0.0,0.0,0.0,0.0,0.05,0.52,0.18,0.8,0.86,0.45,0.48,0.0,0.0,0.0,0.86,0.45,0.9596515530277983,0.9705645011366081,0.9121425052558595,0.9743593796493846,0.9273921043979871,0.9821980777267029,1.0108624094799212,0.9821980777267029,0.9482584267469418,0.9417047725088236,81.28969494358546,18.692325832913603,1.0662185710729404,19229.842320607968,18035.55372446467,54441.35767939203,62467.94627553533,0.8715086844581155,1.0662185710729404,0.8715086844581155,0.9151303980572273,0.9586950863061856,82.32333333333332,97.03004649105198,6625.0,6311.666666666667,5532.666666666667,4.733333333333333,11116.666666666668,0.8765777660417217,3534.86180716022,11116.666666666668,,101.20393478476942,39.12766162645766,45.50253855845465,788009.2015541517,0.04666666666666667,0.04666666666666667,1.2466666666666668,1.2466666666666668,689207.6239080506,0.02831000323674887,386571.91849179583,0.015647209603259993,719548.8829248842,0.008014844925864628,63310.89185549264,0.001047654004051879,0.02831000323674887,22990.056896015547,24316.627136548905,0.6933717022332877,81942.93884975892,0.7188657242468705,0.06659723751013982,0.07289621972342819,0.2776328035600457,0.4069,0.011096904582501467,0.16412,1.0,1048261.2,0.0,16765.699999999997,0.0,594291.7029049192,259363.65000000002,334928.05290491914,0.9933286555125621,3.4600000000000004,99.11075181666666,87.604071456,99.11075181666666,99.11075181666666,1191960.0250000001,710288.2,1.678135755317349,1.0386780243934135,683838.6711943841,472039.2,0.5921639075737437,797142.8078656006,112884.2,190629.99037296482,0.4,0.5,0.0,2.0,3.0,100.72261904761906,101.46309547562473,44.961234615259755,48.27345023593084,8818.078869353802,-14785.709870378896,-4.124530270159058,487327.33757347096,274062.2807017544,72823.68681863233,17304.71153846154,1045.4458293384469,96270.01953125,23752.27383863081,-23.08068459657702,73671.2,703776.0832584506,79831.47751083829,78415.09660938138,,407506.24561269465,24256.285550322118,64458.37483415329,261.9260728610183,758810.9555676087,507478.6345924484,0.16650265645767362,-1.397661009773579,,38.66219402404711,-1.1230242851258228,42868.75079515422,2427.4062006268146,280253.12731192587,285667.11929230654,2517369.1684917957,3358195.993491796,1307624.85,1139090.4342553392,0.11630975000000002,1.550211718586648,11.011265577940707,0.8383941767167554,,,,,-47433.6394815154,-9.511652229806064,210.20305608817344,3.361949652870381,52.00901442138982
2011Q2,503943.9,287646.2,18613.4,73670.6,599.7,99270.1,26332.1,-5.5,-2408.8,77690.0,80098.8,226.0,490672.6,282556.3,17664.2,71930.4,686.4,98869.9,24947.0,17.0,-5998.5,69866.9,75865.5,18677.6,4054.2,0.9736651242330743,0.9823049982930419,0.9490044806429776,0.9763786367967682,0.9959685746261965,0.9473988022223826,0.8993036426824559,0.9471490209591155,252192.92674016955,216314.62478275047,35874.4936686345,-3451.7575,21854.4469061746,34467.795,349856.48114634416,76250.38999999998,2694.55,16786.451679170124,12409.270782971897,847.7153705491585,3793.8825,58944.42095787248,25324.77452756194,289996.25917543384,76317.2911101415,17298.884920768272,22578.842071455478,35835.828224976525,123426.66525396243,78459.48767330675,18402.6894061746,44793.06999999999,-28.992125283170022,-10567.00509561738,126.0,61.0,166.0,0.0,0.0,0.0,0.0,0.0,0.0,0.0,0.0,1.0,0.0,0.0,0.0,0.0,1.0,0.0,0.0,0.0,0.0,0.05,0.52,0.18,0.8,0.86,0.45,0.48,0.0,0.0,0.0,0.86,0.45,0.9574122790380525,0.967669610304032,0.9125043083105554,0.9726255611583949,0.9265513958165111,0.9925616381111573,1.021724818959842,0.9925616381111573,0.9473988022223826,0.9516410720145324,91.16078562473888,22.210693412223105,1.2524271844660197,22268.528884143758,17780.298256331833,53596.97111585624,62318.50174366817,0.8600490964355049,1.2524271844660197,0.8600490964355049,0.9471490209591155,0.9510908270923042,81.68666666666667,115.19676056268652,6593.333333333333,6284.666666666667,5511.666666666667,4.666666666666667,11118.666666666666,0.8770022276440013,3535.4977643069346,11118.666666666666,,100.80042457177811,39.24668124271251,45.75620079954694,802616.0739921144,0.04133333333333333,0.04133333333333333,1.16,1.16,685681.2593408566,0.02831000323674887,385090.13188424875,0.015647209603259993,719371.4957280412,0.008014844925864628,64083.482354012944,0.001047654004051879,0.02831000323674887,23068.29085288828,24327.008547686157,0.6928266127601029,82415.70106932054,0.7271387762473117,0.06782273840051109,0.07289621972342819,0.29149781064218255,0.4069,0.011173924518380007,0.16412,1.0,1076207.4,0.0,8624.899999999998,0.0,599831.4685191509,261841.30000000002,337990.1685191508,1.0012392831454986,3.2099999999999995,102.97314290999999,87.914906353,102.97314290999999,102.97314290999999,1184378.9500000002,705270.4,1.6793260428907837,1.0320718498249515,683353.9739695643,455725.4,0.5376877324418309,847565.1805005652,110796.7,206061.42434537766,0.4,0.5,0.0,2.0,3.0,100.72261904761906,101.48270368145484,45.392865153028005,48.27345023593084,8742.10258176041,16350.599537291497,-3.446387301317471,479296.4206591215,275396.00389863545,71288.80079286422,16984.80769230769,658.1016299137104,96552.63671874999,24398.04400977995,16.625916870415647,75865.5,702269.8300634574,79695.61277997271,78045.88025451564,,405783.2599729552,24195.08734150187,64563.73074821194,265.31163741000944,759312.2284306871,506770.290286303,-0.5577261217712989,-1.4827568872009116,-1.4402089484872453,38.93503565033665,-3.0101589047110715,39299.92255434642,2696.2793491750986,278708.8173648766,286247.0991598953,2539205.931884249,3363243.181884249,1338048.7,1134854.8735791184,0.11620528000000002,1.592669489584286,11.596089009330594,0.8424502763897015,13.835358200477593,,,,-46382.40185083383,-9.452820852607998,219.3330950209977,1.7577708639121072,53.36375008508729
2011Q3,516137.0,292161.1,19392.1,75406.6,1850.0,99637.8,25549.9,48.7,2149.3,84975.1,82825.7,-58.5,501084.3,286512.1,18402.9,73820.3,1460.2,99126.0,24287.3,84.1,-2608.6,76122.8,78731.4,18631.3,4070.7,0.9708358439716587,0.9806647770699111,0.9489895369763978,0.9789633798633011,0.9948633952174777,0.9505829768413966,0.8958247769052345,0.9505672756161433,250916.80812398568,215103.947124875,35822.66347750194,-3591.4574999999995,21873.747029996957,35189.7775,356249.15765398263,83924.965,2824.2725,16765.912501299157,12662.832305991622,863.0916909648041,3085.7625,58999.99476107206,25384.8540762269,289791.03361641726,76488.98734072379,17321.149803565168,22716.7729502759,36242.696947232325,123143.145739738,78948.7008270244,18282.289529996957,51860.2825,3095.6621590470318,-10293.437540990242,127.0,62.0,167.0,0.0,0.0,0.0,0.0,0.0,0.0,0.0,0.0,1.0,0.0,0.0,0.0,0.0,1.0,0.0,0.0,0.0,0.0,0.05,0.52,0.18,0.8,0.86,0.45,0.48,0.0,0.0,0.0,0.86,0.45,0.9558136228751569,0.970231298179684,0.9124899394003825,0.971546284392068,0.9296655030233708,0.993564563309653,1.022712310730744,0.993564563309653,0.9505829768413966,0.9526026493860529,-377.894442122858,37.80660902782398,1.21882001493652,23391.132676798738,19191.621724407785,55340.26732320126,63634.07827559221,0.8696640043017302,1.21882001493652,0.8696640043017302,0.9505672756161433,0.948464735945695,77.77,113.83037651551415,6577.0,6283.333333333333,5487.333333333333,4.466666666666667,11107.666666666668,0.873315649867374,3532.0,11107.666666666668,,101.68416540352906,39.20008755768588,45.72654746518996,804471.9066248696,0.042,0.042,1.0433333333333332,1.0433333333333332,686488.4947916877,0.02831000323674887,383659.3018677219,0.015647209603259993,722076.0743177589,0.008014844925864628,64446.07979129467,0.001047654004051879,0.02831000323674887,23062.603929390156,24343.079044738624,0.6922902803035454,82785.32298466653,0.7271387762473117,0.06796518737246676,0.07289621972342819,0.31226709266538755,0.4069,0.01096248372269265,0.16412,1.0,1092467.4,0.0,11952.0,0.0,605422.8737623896,264318.95,341103.92376238963,0.9980509186289558,2.4266666666666663,103.09889517333333,88.400660051,103.09889517333333,103.09889517333333,1176797.875,700252.6000000001,1.6805333889513583,1.0254656752564895,682863.0317878294,439411.6000000001,0.5142422899799949,854483.5937493475,101364.4,197114.0879991478,0.4,0.5,0.0,2.0,3.0,100.72261904761906,101.3518171119556,44.96919189308011,48.27345023593084,8953.620830100479,4950.540787080121,9.678140761302975,489537.7434168032,279251.559454191,73161.84340931616,17695.096153846156,1400.0000000000002,96802.734375,23752.860635696823,82.24938875305624,78731.4,701240.2189012897,79525.04464867023,77646.55468527076,,404281.90925066423,24102.344038959498,64863.50476975444,268.54926752707837,759613.9336695025,506223.5847498055,1.9583076626297589,-0.7354031756289532,-1.1090800314149325,38.55082785222467,-1.1623217021947405,37213.63595728961,261.3567448460803,278210.72412741056,286568.2451414848,2542062.651867722,3356655.126867722,1356786.3499999999,1134593.8764507042,0.11610487000000003,1.5586402575767084,11.807811537263285,0.8479617665276938,13.471777647199744,,,,-45237.836851679516,-9.027989272798912,218.02068035258736,2.3852273958693178,52.74939765624268
2011Q4,515314.2,293871.8,19062.0,78366.7,715.7,99962.5,24703.9,-19.9,-1614.8,82676.2,84291.0,266.3,500247.5,288337.6,18051.0,76614.2,705.8,99293.1,23422.6,13.8,-6190.6,72542.8,78733.4,17836.6,4086.6,0.9707621097963145,0.9811679786900274,0.9469625432798238,0.9776371851819714,0.9933034888083032,0.9481336954893761,0.8774326831663768,0.9340665076935852,251970.6165384013,215873.51367428587,36098.53194688281,-3690.765,20955.896610595995,33881.9825,355721.53314899723,83383.57999999999,2818.07,16821.91613704541,12875.337694728689,884.1966829422382,4159.315,59625.34384361967,25172.272292500948,289038.30061196635,76860.123227647,17398.247373778424,22856.51806351969,36616.05244119062,122787.03889892974,79186.57210747,17265.131610595996,52603.80249999999,3032.190510882414,-9832.702128557255,128.0,63.0,168.0,0.0,0.0,0.0,0.0,0.0,0.0,0.0,0.0,1.0,0.0,0.0,0.0,0.0,1.0,0.0,0.0,0.0,0.0,0.05,0.52,0.18,0.8,0.86,0.45,0.48,0.0,0.0,0.0,0.86,0.45,0.9563040727972976,0.9689169327868895,0.9105409069998305,0.9700229382893586,0.9272701178380207,0.9832010029251985,1.0125082290980911,0.9832010029251985,0.9481336954893761,0.9426663498803438,2.1230422064353434,32.66786054023858,1.1966641772467017,23620.493929597204,19738.61537657415,55112.906070402794,64552.38462342585,0.853770257937187,1.1966641772467017,0.853770257937187,0.9340665076935852,0.9483360966438129,77.34333333333333,111.42800925577347,6587.333333333333,6293.333333333333,5516.0,4.466666666666667,11111.0,0.8764830508474577,3533.059928577859,11111.0,,101.27005572806287,39.135879926447764,45.679952236838524,807216.8465322314,0.041666666666666664,0.041666666666666664,1.0333333333333334,1.0333333333333334,685303.8999999999,0.02831000323674887,381362.2,0.015647209603259993,720298.8000000002,0.008014844925864628,63883.50000000002,0.001047654004051879,0.02831000323674887,23149.31104133576,24352.75152754833,0.6954172592253663,83027.17627811598,0.7271387762473117,0.06734515145700369,0.07289621972342819,0.32153125974113755,0.4069,0.011230261654421609,0.16766,1.0,1098680.4,0.0,7559.399999999998,0.0,611066.4000000004,266796.60000000003,344269.80000000034,1.0022238284466551,2.0466666666666664,102.47013383666666,88.828733536,102.47013383666666,102.47013383666666,1169216.8,695234.8,1.6817581628537581,1.0188595006880274,682365.7231743078,423097.8000000001,0.47539426162376985,889993.4941470592,104063.9,218900.20221227838,0.4,0.5,0.0,2.0,3.0,100.72261904761906,101.31998406998461,45.10706734427143,48.27345023593084,8939.347411959547,-5137.23796001056,-0.6376601561213309,488691.05697312916,281030.79922027286,75930.82259663033,17356.73076923077,676.7018216682646,96965.91796875001,22907.18826405868,13.49633251833741,78733.4,700979.7810344556,79408.451467336,77737.96603817416,1265305.9464441563,402721.52547781286,24012.79005025857,64975.01508840532,270.068774155187,759701.7207876156,507336.27549531066,1.57251213643269,-0.47041406912383166,-0.6029086223763924,38.64506605144767,-0.030379667500751276,35123.56340586852,-2713.2258434344776,277915.1061299276,286285.48984904226,2546137.9000000004,3339153.8000000003,1365477.0,1130549.5999999999,0.11600852000000002,1.5664556624525996,12.045981642321292,0.8484369446103968,12.946067003430542,19.450445719614887,15.54781848990428,0.1639483991480281,-45400.95184004224,-9.07569789754916,219.62736445459495,1.5111319896651152,53.33292020449878
2012Q1,522781.1,295243.3,18791.7,78462.0,3437.7,100948.4,26104.5,-1.5,-331.5,85300.7,85632.3,126.5,507465.0,289831.4,17757.7,76732.7,3471.5,100414.9,24800.7,11.0,-5554.8,74546.1,80100.8,17874.7,4167.7,0.9707026516452106,0.9816696941132959,0.9449757073601643,0.9779600316076572,0.9947151217849911,0.9500545882893754,0.8739213160032685,0.9354040473045802,253318.4627212296,216804.8951562513,36506.28328289627,-3729.57,21130.499368438745,36208.7375,366738.3770896683,93051.5825,2700.7925,16670.89734312839,13243.7298491378,895.7700211824681,2672.2249999999995,60288.04946251404,24533.79522710931,292402.5268280908,77108.4929226872,18527.54982309311,22678.574031975528,36818.07390229579,122271.0171223473,79879.4189524982,17400.929368438745,59810.2475,-1983.2431143114227,-10541.82099464134,129.0,64.0,169.0,0.0,0.0,0.0,0.0,0.0,0.0,0.0,0.0,1.0,0.0,0.0,0.0,0.0,1.0,0.0,0.0,0.0,0.0,0.05,0.52,0.18,0.8,0.86,0.45,0.48,0.0,0.0,0.0,0.86,0.45,0.9567930741844989,0.9692368995120488,0.9086304878463118,0.9714014861181554,0.9291487416033012,0.9848725449226912,1.0141540487162608,0.9848725449226912,0.9500545882893754,0.9442689788328775,85.80365231926498,12.425081882434064,1.2551655464276827,23439.751772457985,18674.62968464175,56661.04822754202,66957.67031535825,0.8462219184251626,1.2551655464276827,0.8462219184251626,0.9354040473045802,0.9482181902023871,79.26,115.96460686620061,6573.666666666667,6277.0,5506.333333333333,4.5,11111.0,0.877223726833413,3533.059928577859,11111.0,,102.80563988652978,39.37373239716411,46.004926942532165,811460.3815916051,0.04133333333333333,0.04133333333333333,0.9733333333333333,0.9733333333333333,685694.6068157578,0.027743163986680364,379640.2613917183,0.01408764194275175,721897.9891424988,0.008396568568301899,65085.39640701998,-0.0035225115395277617,0.027743163986680364,24192.15305546231,25515.550360200636,0.6568335332633793,84188.93090374972,0.7271387762473117,0.06544519808942709,0.07289621972342819,0.3578897517686662,0.4069,0.011183034641133023,0.16766,1.0,1098934.8,0.0,8152.200000000002,0.0,631724.7436577636,275238.025,356486.71865776356,1.0240009617813721,2.0366666666666666,103.74562112666666,89.324294536,103.74562112666666,103.74562112666666,1163948.2,692327.2000000001,1.6812111383172579,1.0142684247085128,682587.7481091514,443777.0500000001,0.5142981431506023,862878.9660437264,116940.0,227377.8382391639,0.4,0.5,0.0,2.0,3.0,100.72261904761906,101.25538450761115,44.749419383323165,48.27345023593084,9068.878508114785,-11025.69320315568,5.795997859170164,495710.5485140131,282486.74463937624,76048.26560951438,17074.71153846154,3328.3796740172584,98061.42578124999,24254.963325183377,10.75794621026895,80100.8,701147.8840178697,77789.58806634479,76049.9939136464,1354148.8801630447,401746.05382424255,21489.976496400326,66085.09572386237,-900.1214637416874,759848.9581975654,507470.55285374203,3.017031640586758,-0.136786542574401,-0.30360030584911635,38.29919490858896,-0.024499576365352535,33561.08042908879,438.36940242433394,281813.8484542934,290319.43816848216,2563080.286391719,3361538.336391719,1374172.8250000002,1130420.2646144961,0.11591623000000001,1.552199154850099,13.22296673188626,0.8512972457917427,12.376372759036329,18.276522616387798,14.736432701976916,0.15541183299628097,-45120.37281262328,-8.891327049673038,216.55381159291775,1.6064556176288023,54.23783413634439
2012Q2,517866.4,295604.4,19264.2,78308.5,337.5,100709.6,26499.3,54.2,-3029.4,84536.8,87566.2,118.1,500178.1,289080.8,18130.9,76477.0,317.3,99223.6,25077.1,71.2,-8199.7,73485.3,81685.0,18183.5,4561.9,0.9658438933284723,0.9779313163132889,0.9411706689091683,0.9766117343583391,0.9852447035833723,0.9463306577909605,0.8692699510745616,0.9328370992460562,250887.0535943657,214492.49440855355,36388.09445496992,-3708.7625,21629.163222614872,35698.3025,360430.75681698055,88509.19999999998,2838.1425000000004,16700.858844888062,12569.13432332706,893.019297191108,3347.9975000000004,60660.10578538777,26145.436645006717,287326.5328009573,76681.14882675702,18125.72962905716,22351.47877285977,35813.632393377935,121994.470858363,80084.7986674418,17920.40072261487,55924.99999999999,-1091.162568721571,-10763.592912385706,130.0,65.0,170.0,0.0,0.0,0.0,0.0,0.0,0.0,0.0,0.0,1.0,0.0,0.0,0.0,0.0,1.0,0.0,0.0,0.0,0.0,0.05,0.52,0.18,0.8,0.86,0.45,0.48,0.0,0.0,0.0,0.86,0.45,0.9531494311045701,0.9679006287000389,0.9049717970280464,0.9621530308431371,0.9255067557857805,0.9825323861262012,1.011520737327189,0.9825323861262012,0.9463306577909605,0.94202529829933,-14.304680317592897,19.90887834772994,1.323624595469256,25794.090997206906,19487.46728150839,55890.909002793094,68078.7327184916,0.8209745800337431,1.323624595469256,0.8209745800337431,0.9328370992460562,0.9434499895484475,80.13,123.63039438540599,6564.333333333333,6273.333333333333,5503.666666666667,4.3999999999999995,11105.666666666666,0.8773113708820405,3531.364042853284,11105.666666666666,,101.61524213262926,38.972653577957765,45.585437634491974,821440.5194632341,0.03833333333333334,0.03833333333333334,0.85,0.85,684871.3902906689,0.027743163986680364,377317.6263430551,0.01408764194275175,719299.9326056208,0.008396568568301899,65238.791093779124,-0.0035225115395277617,0.027743163986680364,24245.863860617003,25520.49551623448,0.6642102815892529,83758.62448686463,0.7140405975034142,0.06975054117789671,0.07289621972342819,0.3467920759011135,0.3801,0.010932475940394294,0.16766,1.0,1121780.2,0.0,5421.9,0.0,653081.4846790262,283679.45,369402.03467902617,1.0257448076078879,1.8233333333333333,104.19473637,89.396103664,104.19473637,104.19473637,1158679.6,689419.6000000001,1.6806594996718978,1.0096773487289983,682811.7921708901,464456.3000000001,0.4932157194452277,941689.9780129142,107783.7,218532.57256527795,0.4,0.5,0.0,2.0,3.0,100.72261904761906,101.21835409559527,44.86082666121426,48.27345023593084,8983.621376202727,11989.946750826832,-3.760426687192749,488581.04966749216,281755.1656920078,75794.84638255699,17433.55769230769,304.2186001917546,96898.046875,24525.281173594132,69.63325183374084,81685.0,701272.9482926481,77808.2429008868,76093.35168668753,1373217.2606943469,400902.4492660531,21392.944278156832,66398.61648835211,-917.0562395938664,760093.6593185068,508011.3698180548,1.9399231527977103,0.023873685144905767,-0.056456428714747625,38.35315722329358,-2.00216134508477,35958.98721757137,-624.2023558608803,276460.9624907282,286237.7288921855,2579980.5763430553,3405913.1763430554,1405459.65,1127427.8077275031,0.11582800000000001,1.5862016138973953,12.916278681315124,0.8572268289418816,11.937931217320871,17.900107823577155,14.322801859823386,0.1518130480522719,-43421.8129966923,-8.681270330846614,224.27615283436043,1.0839938813794527,56.71568787198
2012Q3,515836.5,295505.8,19636.2,77715.4,1407.7,101016.6,25952.6,80.2,-5887.7,81483.1,87370.8,410.0,497580.9,286851.4,18415.3,75583.8,1193.5,99813.8,24514.1,85.5,-8876.5,71024.5,79901.1,17994.2,4024.6,0.9646097164508523,0.9707132651880269,0.9378240189038611,0.97257171680259,0.9880930460934143,0.9445720274654562,0.8716470041026911,0.9145057616503455,251997.3242785051,215406.50181381783,36598.46669913072,-3695.975,21660.35236269405,35643.2575,357507.5991411992,84602.6675,2692.62,16736.485699592686,12606.038888120534,895.7988352943077,3480.8100000000004,61172.3070156284,26088.36567660171,288736.94897755736,76752.24546458124,18764.447392232112,22154.00162847649,35655.839351891336,121871.11229589302,80508.65242072515,17964.377362694053,51902.64,-3.340788983507082,-10055.557935992954,131.0,66.0,171.0,0.0,0.0,0.0,0.0,0.0,0.0,0.0,0.0,1.0,0.0,0.0,0.0,0.0,1.0,0.0,0.0,0.0,0.0,0.05,0.52,0.18,0.8,0.86,0.45,0.48,0.0,0.0,0.0,0.86,0.45,0.9461142935555817,0.9638966469797722,0.9017538643306356,0.9649346153255999,0.9237868239270965,0.9755119097367321,1.0039499670836078,0.9755119097367321,0.9445720274654562,0.9352942566986885,-179.72811533639788,9.745323397270411,1.1944236992780684,24239.580618681524,20293.954844777756,55661.51938131848,67076.84515522225,0.8298171932879728,1.1944236992780684,0.8298171932879728,0.9145057616503455,0.9421576251217371,78.60333333333334,106.25503022160825,6562.0,6282.0,5519.333333333333,4.233333333333333,11109.0,0.878594927305529,3532.4239714311434,11109.0,,100.87133000574933,39.02763047719854,45.657203335880865,823540.9311326458,0.03966666666666666,0.03966666666666666,0.7833333333333333,0.7833333333333333,682012.2866619631,0.027743163986680364,375283.1566505146,0.01408764194275175,718063.3065335252,0.008396568568301899,65299.17855041186,-0.0035225115395277617,0.027743163986680364,24158.60482119212,25528.714115197385,0.6634947457598029,84078.43231856242,0.7140405975034142,0.06951382818797727,0.07289621972342819,0.34086292958643943,0.3801,0.011211345467012438,0.16766,1.0,1131668.0,0.0,5093.1,0.0,675160.2338084524,292120.875,383039.3588084524,1.0252684852568628,1.6433333333333333,104.21270098000001,89.518564557,104.21270098000001,104.21270098000001,1153411.0,686512.0,1.680103188290955,1.0050862727494836,683037.8830286863,485135.5500000001,0.48063371866650567,1009366.4492495127,103256.9,214834.90647822447,0.4,0.5,0.0,2.0,3.0,100.72261904761906,101.13122560627964,45.26281484865775,48.27345023593084,8948.407944646722,-819.5619849733157,-1.5678947311507547,485999.2917911089,279582.261208577,74909.61347869178,17707.019230769227,1144.295302013423,97474.4140625,23974.669926650364,83.61858190709047,79901.1,701246.2678887424,77822.12161562302,76001.9971624792,1363739.7611884926,400163.7291068207,21262.062474439823,66938.37143211771,-919.2175778107118,760199.6307897074,508713.3676884358,1.4002251098553344,-0.6529011393259213,-0.3145137270905078,38.69050846754384,-0.5111289251379402,36292.365582382896,-1881.491085877127,277132.15455085627,287299.77505360986,2588840.9316505147,3437618.581650515,1423788.875,1122594.6218628897,0.11574383000000002,1.5965154290800396,13.367427066685767,0.8604603313256496,12.103009414332023,17.710810127192588,14.346129699476249,0.1522688912868754,-42829.44793989345,-8.607534561695083,227.43397103867932,1.0235722472466287,58.70821709595364
2012Q4,515391.7,296805.3,20084.1,77531.8,-248.1,101713.0,25465.5,2.1,-6509.9,78662.7,85172.6,547.9,497230.0,288936.4,18914.5,75476.3,-370.5,100313.5,24081.4,16.5,-10138.0,69537.6,79675.6,18834.6,4617.4,0.9647613649967588,0.9734880071211668,0.9417648786851291,0.9734882977049417,0.9862406968627413,0.9456480336141054,0.8839971168037711,0.9354604649852183,250833.38247883736,214238.08459269447,36597.47252276248,-3630.4175,22863.749847117622,35964.590000000004,353503.322325955,80441.56999999999,2705.5825,16799.591002953544,12993.655834826131,887.9180117133034,3076.5475,61134.61323444914,25336.541150853587,289724.38127853937,77247.44770217121,19061.52313990177,22292.693069641067,36174.2669161805,121944.35595607062,80572.33120693587,19233.332347117623,47472.01749999999,2901.802301793883,-10713.634364284168,132.0,67.0,172.0,0.0,0.0,0.0,0.0,0.0,0.0,0.0,0.0,1.0,0.0,0.0,0.0,0.0,1.0,0.0,0.0,0.0,0.0,0.05,0.52,0.18,0.8,0.86,0.45,0.48,0.0,0.0,0.0,0.86,0.45,0.9488187203910008,0.9648050522348284,0.9055431525818549,0.9631256805300208,0.9248391526788318,0.9745089845382365,1.002633311389072,0.9745089845382365,0.9456480336141054,0.9343326793271683,-128.72432093606352,14.514139129410378,1.243963156584516,22342.69834581658,17960.900391263796,57332.90165418343,67211.6996087362,0.8530196675272184,1.243963156584516,0.8530196675272184,0.9354604649852183,0.942276179311587,81.16333333333334,112.9668073558221,6558.666666666667,6285.0,5521.0,4.166666666666667,11104.333333333334,0.8784407319013524,3530.940071422141,11104.333333333334,,101.69839394558599,38.80421745928174,45.43259961580101,825914.0278258057,0.037,0.037,0.7600000000000001,0.7600000000000001,682585.1000000003,0.027743163986680364,376279.69999999995,0.01408764194275175,718865.5000000001,0.008396568568301899,65369.20000000002,-0.0035225115395277617,0.027743163986680364,24117.07115876132,25532.273302094265,0.6671543230904702,84679.03348818042,0.7140405975034142,0.0674046032989014,0.07289621972342819,0.3461928237092945,0.3801,0.011144164734414342,0.1712,1.0,1142220.2,0.0,4079.199999999999,0.0,697985.4000000001,300562.3,397423.10000000015,1.0254060070167872,1.7066666666666668,104.10491332,89.56995258,104.10491332,104.10491332,1148142.4,683604.4,1.679542144550269,1.000495196769969,683266.0488595753,505814.8000000001,0.4943693022381548,1023151.7161563799,121291.8,245346.54447773448,0.4,0.5,0.0,2.0,3.0,100.72261904761906,101.09699731261016,44.673861457546565,48.27345023593084,8940.69183333281,-186.91862563789618,-0.3449154916334834,485641.32192490366,281614.4249512671,74803.07234886027,18187.01923076923,-355.22531160115057,97962.40234375,23551.49144254279,16.136919315403425,79675.6,701174.4276836573,77819.16082033986,75684.71483917479,1365375.9222102186,399547.3907726875,21147.418952152257,67079.11475128647,-920.068439862038,760182.937464184,509484.5923643345,1.1594281209276125,-0.4243790579894353,-0.5386400986576783,38.15617528831777,0.06288493400813594,35160.099895052976,-270.96939194885005,277574.2657957059,287712.8747756586,2623958.3999999994,3473019.4000000004,1442782.5,1124234.0000000002,0.11566372000000003,1.6024977271186278,14.386045588885493,0.8615967912893236,12.31761029226869,17.319545105126558,14.318384217411836,0.15195528160196764,-42956.4745025514,-8.639155823773988,229.7166703537598,0.8203849325261949,60.44733825392675
2013Q1,522631.9,301183.2,20301.1,77483.1,322.3,101512.0,25834.6,-131.5,-4252.2,81229.6,85481.9,379.4,502947.1,293135.6,19217.7,75640.6,193.8,100460.0,24589.6,-102.9,-10187.3,76320.7,86508.0,20572.9,5043.8,0.9623352497235625,0.9732800501488794,0.9466334336563045,0.9762206210128402,0.9896366931988336,0.9518088145355453,0.9395675960487309,1.0120037107270663,252315.5400457829,215443.31057155915,36869.31652908188,-3665.905,22485.04464219526,35127.130000000005,360925.72468797816,86668.45999999999,2863.86,16737.21273736927,13553.472271530269,911.0478900039728,3887.1225,61835.9718635912,26742.47782825032,288528.1844538636,77519.95469356696,20082.247756507568,22103.257993016898,36567.77815455114,122208.34305443898,83392.50373930903,18819.13964219526,54663.91499999999,2661.4766030316823,-10341.03523584007,133.0,68.0,173.0,0.0,0.0,0.0,0.0,0.0,0.0,0.0,0.0,1.0,0.0,0.0,0.0,0.0,1.0,0.0,0.0,0.0,0.0,0.05,0.52,0.18,0.8,0.86,0.45,0.48,0.0,0.0,0.0,0.86,0.45,0.9486160332835082,0.9675130039770469,0.9102244554387543,0.966442083201986,0.9308643662939319,0.9818637693272042,1.0108624094799212,0.9818637693272042,0.9518088145355453,0.9413842467183167,-122.65469285415793,22.262859111424206,1.4324122479462287,26230.881216596652,18312.382663724147,60277.11878340335,67169.51733627585,0.8973879994050491,1.4324122479462287,0.8973879994050491,1.0120037107270663,0.9398651876780237,92.31666666666666,111.92424244585814,6581.666666666667,6303.666666666667,5536.333333333333,4.2,11100.666666666668,0.8782719052403363,3529.774149986496,11100.666666666668,94.16666666666667,99.78117827796491,38.914439864812906,45.57448492608518,834841.4139091901,0.02766666666666667,0.02766666666666667,0.6566666666666667,0.6566666666666667,684661.9872028639,0.027390901989715,378135.4805829888,0.01293902811274289,724781.8052267939,0.0067920991253719865,66153.53152259291,-0.0036823515143363794,0.027390901989715,19530.422935240385,20652.951458692765,0.8188893490933135,84599.51802313529,0.7140405975034142,0.07115048821403364,0.07289621972342819,0.3734323206829099,0.3801,0.010531371549497999,0.1712,1.0,1150538.0,0.0,5341.800000000002,0.0,728068.4097955606,307163.125,420905.28479556064,1.0175184146514715,1.95,104.60792239333334,90.114326809,104.60792239333334,104.60792239333334,1144701.075,682214.9,1.6779186074651842,0.997496414447302,683927.1701823663,576674.3500000001,0.6209948846014421,928629.791161827,146076.9,235230.44009251852,0.4,0.5,0.0,2.0,3.0,100.72261904761906,101.07390928432656,45.674430501438145,48.27345023593084,9066.290280129095,-1963.5166324168076,5.619182458700838,491203.52878002217,285707.21247563354,74965.90683845393,18478.557692307695,185.81016299137107,98105.46875,24048.50855745721,-100.63569682151591,86508.0,701339.4026572796,76823.20010551026,74786.48629495928,1470632.2488302682,399452.9108511067,19474.77446621784,67375.46856212328,-962.8494904438309,761478.3495995108,511500.90584381117,2.17614358626136,-0.17786111278572225,-0.3011200853875788,38.99977985468081,-1.005892383845367,32889.097090612646,1991.286930801469,276384.1750475084,287201.5496958068,2664128.4055829886,3557212.030582989,1457701.125,1128950.9993084457,0.11558767000000002,1.5973793675992416,17.533906400993814,0.8666594125368048,11.912845859048812,15.745336885783184,13.44584226974256,0.14306139269783014,-41125.26652966742,-8.176857273790308,228.75924724488917,1.062099771526668,61.072650582934074
2013Q2,527382.9,303478.6,20477.2,80128.9,-2388.1,102866.4,26814.7,41.9,-4325.1,83968.4,88293.5,288.4,507554.4,295021.5,19552.6,78404.2,-2283.8,101139.9,25584.1,57.9,-9921.9,80899.4,90821.3,25051.5,5818.1,0.962402080158458,0.9721327961839814,0.9548473424100951,0.9784759306567293,0.9832160938848837,0.9541072620614811,0.963450536154077,1.0286295140638892,253845.68464995103,216946.6394515583,36898.76972938525,-3414.535,22086.00205429104,36412.725,371932.104204242,96392.835,2750.5,16791.922413082553,12777.543484199374,966.9284481037316,3165.2325,62010.82566982424,27021.909693875423,290943.5277577632,77545.82441282485,20655.47022391499,22524.74292146636,36269.21485376947,122707.92374215228,83946.59477155987,18671.467054291043,63002.22749999999,-956.2103001637151,-9913.97299560404,134.0,69.0,174.0,0.0,0.0,0.0,0.0,0.0,0.0,0.0,0.0,1.0,0.0,0.0,0.0,0.0,1.0,0.0,0.0,0.0,0.0,0.05,0.52,0.18,0.8,0.86,0.45,0.48,0.0,0.0,0.0,0.86,0.45,0.947497852031171,0.9697481968847665,0.9181224446250914,0.9601719666844567,0.9331122367349449,0.988549937317175,1.0177748518762344,0.988549937317175,0.9541072620614811,0.9477947625284516,76.95610530714521,17.92290571962394,1.456061737615136,27563.789532081184,18930.371439625593,63257.51046791882,69363.1285603744,0.911976027910258,1.456061737615136,0.911976027910258,1.0286295140638892,0.9400881101848123,98.75666666666666,107.12094415939286,6586.0,6318.0,5563.666666666667,4.033333333333333,11102.0,0.8806056769019732,3530.1981214176394,11102.0,97.66666666666667,101.01327069006459,38.993464642901856,45.62560984661513,850014.1245211249,0.012333333333333333,0.012333333333333333,0.7733333333333333,0.7733333333333333,687047.9401164178,0.027390901989715,381369.54087658745,0.01293902811274289,727993.370735776,0.0067920991253719865,66278.3246201225,-0.0036823515143363794,0.027390901989715,19691.159461465744,20688.145729218162,0.8255243224739034,85787.83251364579,0.7412923676064554,0.07161555266580494,0.07289621972342819,0.3935057872748854,0.3801,0.010646494248636956,0.1712,1.0,1157402.8,0.0,9311.5,0.0,759447.9903766416,313763.95,445684.0403766416,1.0139110122675046,1.9966666666666668,104.53606395000001,90.681392283,104.53606395000001,104.53606395000001,1141259.75,680825.4,1.6762884434100138,0.994497632124635,684592.2785612785,647533.9,0.7310900766638473,885710.1479955306,155574.5,212797.9916099075,0.4,0.5,0.0,2.0,3.0,100.72261904761906,100.95154912987884,45.167936385909684,48.27345023593084,9148.707647153367,-3505.561780109576,3.636211260736285,495786.39380478585,287545.3216374269,77704.85629335977,18800.576923076922,-2189.6452540747846,98769.43359374999,25021.12469437653,56.62591687041565,90821.3,702161.3088175688,76841.27535884324,75014.0375502286,1540504.3173081148,399403.6784078873,19570.82245475534,67046.00558672352,-974.4022279236776,763009.9881672061,512422.55293057876,2.9195332999810484,0.1908840773467688,0.00651148228052327,38.602318662212326,0.027778442040697432,32908.49728130726,1818.2585322344305,278771.49869907624,289662.1946756152,2688936.1908765873,3641329.9408765873,1471166.75,1134695.8056131278,0.11551568000000002,1.6117589791423363,19.676799413378664,0.860947084129918,11.698008868129833,14.842342645669179,12.955742379145573,0.13781412868415704,-41481.44712043849,-8.172808101050546,228.03522144621346,1.8345816724276254,61.81878238076549
2013Q3,532360.6,305116.8,21279.7,81271.7,-479.5,102878.8,28266.7,-85.9,-6204.7,83851.1,90055.8,317.1,512890.0,297220.3,20442.3,79740.7,-705.4,101340.0,27102.9,-58.1,-12192.8,82081.3,94274.1,24060.2,6621.9,0.9634259184470075,0.9741197469297004,0.9606479414653402,0.9811619542842096,0.9850425938094145,0.9588278787407091,0.9788935386655631,1.0468409586056646,252584.18483510416,215500.6198788138,37085.5904583349,-3234.955,22303.54593500889,36838.895,373158.9482701131,98362.3925,2882.2000000000003,16846.7105947576,13185.894464746223,1008.3456812943904,3548.5625,62350.96295778304,27424.151320166133,289647.68444537406,77691.29709023645,21299.15490596404,22388.121877372207,36582.36202341282,123433.53605969484,85305.668249543,19068.59093500889,64667.27749999999,702.016146779235,-9995.124137026316,135.0,70.0,175.0,0.0,0.0,0.0,0.0,0.0,0.0,0.0,0.0,1.0,0.0,0.0,0.0,0.0,1.0,0.0,0.0,0.0,0.0,0.05,0.52,0.18,0.8,0.86,0.45,0.48,0.0,0.0,0.0,0.86,0.45,0.9494344511985383,0.9724102619268679,0.9236999437166732,0.9619556580170063,0.9377289767635297,0.9969076473046383,1.0260039499670837,0.9969076473046383,0.9588278787407091,0.9558079072911202,-227.3827831174259,24.263314783826907,1.4505850136918101,26413.01076430098,18208.52312342492,67861.08923569902,71847.27687657508,0.9445185981408336,1.4505850136918101,0.9445185981408336,1.0468409586056646,0.9409398477742961,98.92999999999999,107.32794926571847,6586.333333333333,6324.666666666667,5574.0,3.933333333333333,11103.666666666666,0.8813112680510171,3530.7280857065684,11103.666666666666,100.39999999999999,100.6115724821915,38.66175455307029,45.31470843830358,854643.8740324387,0.023000000000000003,0.023000000000000003,0.7333333333333334,0.7333333333333334,689998.6143521639,0.027390901989715,383832.368376166,0.01293902811274289,733401.9059654678,0.0067920991253719865,66908.44918927981,-0.0036823515143363794,0.027390901989715,19778.412546604275,20729.757893122278,0.8250226568223153,85776.2800677329,0.7412923676064554,0.07251703309628246,0.07289621972342819,0.3925373460835759,0.3801,0.010695892947208092,0.1712,1.0,1166869.8,0.0,5245.500000000002,0.0,792180.0236451316,320364.775,471815.2486451316,1.0168580552354725,2.7100000000000004,104.71571005,91.313627718,104.71571005,104.71571005,1137818.425,679435.9,1.674651611726728,0.9914988498019681,685261.4101727941,718393.45,0.7556311005491334,950719.8016041531,161542.8,213785.27152019466,0.4,0.5,0.0,2.0,3.0,100.72261904761906,100.89742339709207,45.03926071359674,48.27345023593084,9235.057663536598,-883.6614245384444,3.775397344130766,500919.3019250329,289688.40155945416,79029.43508424182,19656.05769230769,-676.3183125599234,98964.84375,26506.503667481666,-56.82151589242054,94274.10000000002,703246.402226777,76931.32636316813,75275.45115985752,1633135.029751652,399555.7079846348,19738.204842984054,67115.99551892464,-976.2403561303448,764894.2236939253,513560.01729016105,3.6608345815240155,0.8832497730718161,0.5370669252092924,38.426747141750035,0.4255345285126561,34899.55523704373,2261.7091634377853,277339.2626473915,287867.7616380177,2712045.643376166,3727278.8183761663,1487234.5750000002,1140739.4319176096,0.11544775000000002,1.605385285899142,20.584601870154195,0.8628986219765088,11.195359648467957,14.07551556245732,12.347422014063701,0.13122435024162657,-41402.64569815378,-8.072422097945715,227.50878355982763,1.022733919553901,62.46266743356276
2013Q4,531674.2,304604.9,22032.0,81860.5,75.4,103109.2,28749.8,78.9,-9243.5,83503.6,92747.1,406.9,512474.8,298080.5,21355.7,80602.7,100.6,101196.0,27685.1,94.6,-16640.4,81745.5,98385.9,23937.4,6249.3,0.9638887875319134,0.9785807779191995,0.9693037400145244,0.9846348360931095,0.9814449147117813,0.962966698898775,0.9789458179048567,1.0607975882803882,254176.4305335612,216829.26424920547,37345.23621224482,-3295.935,22678.162926410645,36637.4,374474.6134599718,97723.195,2907.8,16900.388706492122,13623.388323162098,1064.3748776017546,3260.9975000000004,62960.743743082254,28175.25813355709,289472.1575088792,77361.34623598617,21560.844262233808,22299.4509921184,36987.21419288225,124338.79078213136,86723.31658867316,19382.227926410644,64278.55499999999,-2376.7209349854384,-10245.180310439377,136.0,71.0,176.0,0.0,0.0,0.0,0.0,0.0,0.0,0.0,0.0,1.0,0.0,0.0,0.0,0.0,1.0,0.0,0.0,0.0,0.0,0.05,0.52,0.18,0.8,0.86,0.45,0.48,0.0,0.0,0.0,0.86,0.45,0.9537824346191028,0.9758521665937657,0.9320228269370426,0.9584422995232239,0.9417767226393887,0.9989134977016297,1.0279789335088876,0.9989134977016297,0.962966698898775,0.9577310620341609,25.281922273297113,18.621927456886638,1.5080906148867315,29305.360101698516,19432.0950030576,69080.53989830147,73315.00499694241,0.9422428587597104,1.5080906148867315,0.9422428587597104,1.0607975882803882,0.9411657710194105,100.39666666666666,111.94618100500553,6615.666666666667,6359.0,5591.333333333333,3.8666666666666667,11104.0,0.8792787125858363,3530.8340785643545,11104.0,101.96666666666665,101.31383883407294,38.77952740834723,45.45900152621221,860891.1750249199,0.02366666666666667,0.02366666666666667,0.6433333333333333,0.6433333333333333,693625.0000000001,0.027390901989715,387618.60000000003,0.01293902811274289,738486.0999999996,0.0067920991253719865,67315.09999999996,-0.0036823515143363794,0.027390901989715,19925.353776216805,20780.949551014375,0.8286390128534521,85889.29447789006,0.7412923676064554,0.07428646975628334,0.07289621972342819,0.37528867022102225,0.3801,0.01081836805478991,0.17474,1.0,1182115.1,0.0,1047.6999999999998,0.0,826322.8000000007,326965.60000000003,499357.2000000007,1.0197865074273538,2.7466666666666666,104.12287793,91.807921012,104.12287793,104.12287793,1134377.1,678046.4,1.6730080714240205,0.9885000674793013,685934.6016323848,789253.0,0.7874996307783194,1002226.5016428613,165932.7,210708.2892673888,0.4,0.5,0.0,2.0,3.0,100.72261904761906,100.68326779647929,44.86948875825625,48.27345023593084,9223.15042701261,5482.154243960014,-0.5157406464716009,500393.5583741282,290526.80311890837,79883.74628344896,20534.326923076922,96.45254074784276,98824.21875,27075.892420537897,92.51833740831296,98385.9,704448.9739487637,77050.21311205336,75598.7376750371,1696047.878001224,399893.8454464148,19865.671219999585,67388.31756191429,-985.5217167761729,766886.4363061715,515640.59125931194,3.109454339413094,1.145010003145023,1.0141298881084195,38.27663412483908,0.1921763058448805,38515.3237104175,543.3768437061725,277039.1748929079,287418.1943772589,2740678.4000000004,3820329.4000000004,1509080.7000000002,1148558.7,0.11538388000000002,1.6192081071921864,20.491921759092612,0.8673162060026471,10.72154059948686,13.610015813928642,11.876930685263574,0.1261938231391399,-39052.58302416013,-7.6203909000325725,230.6679469897837,0.20443932072367263,63.801303010411445
2014Q1,536079.8,310537.1,22342.4,83971.7,-2364.3,103419.8,28088.8,72.4,-9826.5,88661.8,98488.3,-161.7,516608.0,304589.2,21682.6,82805.8,-2614.5,102076.1,27269.1,111.5,-19311.9,86689.7,106001.6,24898.1,7232.2,0.9636774226523737,0.9808464109441353,0.9704687052420509,0.9861155603614076,0.9870073235492623,0.9708175500555382,0.9777570498230354,1.076286218769133,254021.32425350545,216543.6092593268,37480.75439210725,-3312.6000000000004,23031.426945084477,36731.085,370637.2911985899,93775.6825,2852.9025,17406.13043232062,14331.854628260624,1092.529704504772,3445.725,63309.9827776764,28992.285148945677,289266.6096791465,77106.27469137793,22203.61968244933,22384.76332394629,37809.14765671168,125552.29118040972,89005.05248810668,19718.826945084475,60166.055,3720.8949642886873,-9321.233284199145,137.0,72.0,177.0,0.0,0.0,0.0,0.0,0.0,0.0,0.0,0.0,1.0,0.0,0.0,0.0,0.0,1.0,0.0,0.0,0.0,0.0,0.05,0.52,0.18,0.8,0.86,0.45,0.48,0.0,0.0,0.0,0.86,0.45,0.9559906539416523,0.9773196832124952,0.9331429858096643,0.9638743394035765,0.9494548166802329,1.001587964897618,1.0306122448979593,1.001587964897618,0.9708175500555382,0.9602952683582149,-246.44557459256157,41.212809375979035,1.560368434154842,30298.290316609015,19417.395054533885,75703.309683391,79070.90494546611,0.9574104373233404,1.560368434154842,0.9574104373233404,1.076286218769133,0.9409598856317699,102.75333333333333,111.99480671924276,6591.666666666667,6351.333333333333,5585.666666666667,3.6666666666666665,11102.0,0.879447884958539,3530.1981214176394,11102.0,104.96666666666665,100.03688613870753,38.76772857778722,45.47735112254677,867781.4967828619,0.024333333333333332,0.024333333333333332,0.6133333333333333,0.6133333333333333,695673.3915630872,0.02835332913506433,388102.11168221413,0.013922228961902594,744973.1624111377,0.008530377101113207,66122.21240212028,0.010659855512477001,0.02835332913506433,25198.259667721577,26167.321981681907,0.673942089583718,85784.54034485534,0.7412923676064554,0.07621645784558068,0.07289621972342819,0.3601385485428975,0.3801,0.010306728431502658,0.17474,1.0,1185037.1,0.0,-1646.0000000000027,0.0,847870.537683204,333385.875,514484.66268320405,1.0208944763608159,2.763333333333333,105.20075451333332,92.167193411,105.20075451333332,105.20075451333332,1136298.3250000002,678732.4,1.674147756906846,0.9901742294860475,685467.6478020417,807818.125,0.7876521528980546,1025602.6369352862,156041.2,198109.27885598803,0.4,0.5,0.0,2.0,3.0,100.72261904761906,100.57435978559035,45.46058246903999,48.27345023593084,9299.576011555264,-6186.477423692859,3.314511029498963,504429.58729750215,296870.56530214427,82067.19524281468,20848.653846153844,-2506.7114093959735,99683.69140625,26669.046454767726,109.04645476772616,106001.60000000002,705468.4253315357,79893.89446891061,78666.311685236,1671386.4776760424,399912.03176965413,21586.05959636855,66017.37912144269,2870.276959231761,767366.8058107515,515592.0727619852,3.9736311553945662,1.0135966333410609,1.079303318243042,38.75343393239298,-0.08771338862898348,40329.52588918071,727.4421150297172,275556.41601826117,285942.58777987614,2741298.6866822145,3850641.5366822146,1518422.975,1149897.7156474215,0.11532407000000001,1.6187543287078936,20.0304394160189,0.8687969765670135,11.065191244536894,13.775675132365102,12.149384799668177,0.12911692607927658,-36433.909694771435,-7.05252525992076,229.38806599975226,-0.3186168235877111,64.53362607625124
2014Q2,526459.3,295355.2,20444.3,82284.1,2516.3,103083.9,27125.3,93.4,-4566.9,89849.0,94415.9,123.8,517941.2,295017.4,20426.4,81523.6,2920.4,103143.1,26955.4,115.7,-12160.8,87807.9,99968.7,25471.6,7598.7,0.9838200217946572,0.9988562923557804,0.9991244503357906,0.9907576311826951,1.0005742894865253,0.9937364748039654,0.9772829970283475,1.0588121280419929,257939.87575326144,219700.86318756628,38238.19335272051,-3164.6975,21983.995304378317,35070.97,367896.5660576398,88073.545,2817.4350000000004,17458.894041130727,18300.76753395088,1063.7118965917682,3281.185,64154.1858286286,27050.350492738613,290094.6582314302,76494.20224434831,23072.66614492563,21899.23270351245,41263.71213405511,126514.53592034488,91386.72877171935,18819.297804378315,56066.42249999999,3420.470887960284,-10189.848749190627,138.0,73.0,178.0,0.0,0.0,0.0,0.0,0.0,0.0,0.0,0.0,1.0,0.0,1.0,0.0,0.0,1.0,0.0,0.0,0.0,1.0,0.08,0.52,0.18,0.8,0.86,0.45,0.48,0.0,0.0,0.0,0.86,0.45,0.9589634143200656,0.9766932484056537,0.9390267390373971,0.9635730830956523,0.9592050915096191,1.0323443376514834,1.033245556287031,1.0323443376514834,0.9937364748039654,0.965891034479307,322.7119431675724,22.885013253309623,1.505352252925069,27097.828450274075,18000.988404953023,72870.87154972593,76414.91159504697,0.9536210934313145,1.505352252925069,0.9536210934313145,1.0588121280419929,0.947518235952511,102.12333333333333,109.6209422839876,6611.333333333333,6371.0,5604.666666666667,3.6333333333333333,11102.0,0.8797153769685555,3530.1981214176394,11102.0,103.10000000000001,100.75896696706617,39.19963063891393,46.02234014867279,877614.90733213,0.018666666666666668,0.018666666666666668,0.5866666666666666,0.5866666666666666,699511.6168567684,0.02835332913506433,399105.6968224673,0.013922228961902594,762794.3068459032,0.008530377101113207,68156.26993403168,0.010659855512477001,0.02835332913506433,25419.608022303437,26183.71291376968,0.6664017969523969,85635.0266633782,0.7316608481997832,0.0710496230022257,0.07289621972342819,0.3660670271464274,0.3464,0.010640449426588204,0.17474,1.0,1204727.5,0.0,5712.099999999999,0.0,869980.1683690728,339806.15,530174.0183690728,1.0149743896618295,2.6233333333333335,106.33252492666666,92.686826576,106.33252492666666,106.33252492666666,1138219.55,679418.4,1.6752851409381906,0.9918483914927936,685002.2703343129,826383.25,0.771637330325855,1070947.7335045808,161462.0,209245.9678328628,0.4,0.5,0.0,2.0,3.0,100.72261904761906,100.44675930272722,45.67567684940194,48.27345023593084,9132.685613858563,11489.003267391387,-7.178408886139712,498829.7872367938,283234.83102918585,80366.32492113566,19197.744360902256,2732.4101796407185,99328.8713405239,26018.72586872587,111.67953667953668,99968.69999999998,706037.0718737153,80009.51383128235,78898.62656597879,1654556.1049944293,399455.4398987373,21612.985837750708,66020.8686658589,2819.412921487668,767602.2025823091,517472.00529751315,1.7367692571735884,0.716170604204018,0.8648836187725395,38.90435940230176,8.360722652127372,38856.65373437869,8195.396053715513,278300.5116762425,282877.4628601016,2784519.746822467,3908242.1468224674,1544533.65,1166773.5836132674,0.11526832000000001,1.6670137792838495,21.267483701738623,0.8701166964928232,11.14558866569919,13.623428703073722,12.136724680649003,0.12808961579983025,-32805.58693043408,-6.3338438669165695,232.59927960934564,1.1028471957820694,65.60709014845702
2014Q3,526816.9,297947.7,19412.0,82779.3,-111.6,103766.5,27876.4,138.9,-4885.4,91200.1,96085.6,-106.9,518261.7,297839.3,19369.0,82304.0,-365.7,104005.6,27782.2,194.6,-12867.2,90911.6,103778.8,27574.6,7804.1,0.9837605817125457,0.9996361777587139,0.9977848753348444,0.9942582263923468,1.0023042118602825,0.9966207975204833,0.9968366262756291,1.0800661077206157,258497.24648759063,220017.8961754329,38481.745146496425,-3475.7374999999997,23247.32574910559,34194.3625,371815.76973669627,90475.5475,2783.7275,17517.661704740687,18933.824668187823,1070.097057817731,3405.6825,64701.84784390015,27693.09741923382,289644.77812210115,76895.47127016696,23350.5110493526,22092.06036377689,42095.98208978245,127351.66463157296,93139.59055836886,19771.58824910559,59352.57249999999,174.46604194835527,-10794.682621628104,139.0,74.0,179.0,0.0,0.0,0.0,0.0,0.0,0.0,0.0,0.0,1.0,0.0,0.0,0.0,0.0,1.0,0.0,0.0,0.0,1.0,0.08,0.52,0.18,0.8,0.86,0.45,0.48,0.0,0.0,0.0,0.86,0.45,0.9597121522261077,0.9801441506233703,0.9377677399763574,0.9652390329933384,0.9619891867958332,1.0370246552444629,1.037195523370639,1.0370246552444629,0.9966207975204833,0.9702700741433972,-249.96804847471793,56.16937122440487,1.5245207866567092,27118.660545345745,17788.317996514343,76660.13945465426,78297.28200348566,0.9790906847985028,1.5245207866567092,0.9790906847985028,1.0800661077206157,0.9476506398419178,103.94666666666667,108.3341540385093,6613.666666666667,6376.333333333333,5627.333333333333,3.5666666666666664,11105.0,0.882534371896074,3531.1520571377123,11105.0,101.39999999999999,100.5002802040911,39.09807419300431,45.93601110429878,880225.1796970513,0.017333333333333336,0.017333333333333336,0.5166666666666667,0.5166666666666667,702655.6070714784,0.02835332913506433,397863.85520199983,0.013922228961902594,765428.0598668058,0.008530377101113207,67644.0136966035,0.010659855512477001,0.02835332913506433,26027.692351911253,26191.74500668876,0.6672862037536343,86289.10990480345,0.7316608481997832,0.07261306531668991,0.07289621972342819,0.38095557554585646,0.3464,0.01031132618432407,0.17474,1.0,1206854.6,0.0,6903.299999999997,0.0,892666.3443496999,346226.42500000005,546439.9193496999,1.013815082511014,2.4966666666666666,106.27863109999998,93.396997594,106.27863109999998,106.27863109999998,1140140.775,680104.4,1.676420230482261,0.9935225534995397,684538.4612603212,844948.375,0.8293143217733384,1018851.7825101959,167179.6,201587.7401496175,0.4,0.5,0.0,2.0,3.0,100.72261904761906,100.35540338681261,45.707346298949766,48.27345023593084,9138.889034285396,-6060.534795003226,0.27170191503880864,499238.37236453564,285944.0284178187,81135.64668769717,18203.94736842105,-342.15943113772454,100159.47611710324,26816.795366795366,187.83783783783784,103778.8,706713.3953933227,80074.00592157007,79333.93242616387,1652000.8291484446,398747.12980438955,22225.76356464828,65228.93487103974,2906.1439590646323,768023.366330637,518522.2727901873,1.5996665225543851,0.7953318675573717,0.7557512358806948,38.903447944230436,-0.02416705527221637,37121.556826180255,1247.1914069521888,277192.13499462366,281767.8814819794,2798228.880202,3936034.0302019995,1553081.0250000001,1168163.4759700818,0.11521663000000001,1.6708370207885344,22.761663228630916,0.873596618234488,11.25476911478319,13.531481059876631,12.165453892820565,0.12837488185361162,-32750.539180013275,-6.319305320075412,232.86586680049868,1.3320104495470142,66.80532730857789
2014Q4,529228.1,298485.8,19451.4,83410.5,-1339.3,104019.9,28042.8,5.4,-2613.6,93871.4,96485.1,-234.8,522095.0,298086.3,19403.3,83113.2,-1356.1,104372.8,27783.0,21.3,-9328.8,95771.5,105100.3,30718.8,8384.3,0.986521690741667,0.9986615778707061,0.9975271702808023,0.9964357005412987,1.0033926200659682,0.9907355898840344,1.0202415219118923,1.0892904707566247,258671.74497916023,219976.9845415888,38694.98745197424,-3232.4075,22700.009442248094,34333.975,384154.2844214083,102969.2525,2782.4275,17604.790810984014,19490.212755013454,1079.6575952948988,3102.1275,65231.55669043067,29383.02480195157,288039.7792677297,77007.44712607986,24086.73804770601,22193.330537260408,42763.20088756876,128005.68864642669,96232.96373722634,19467.601942248097,71680.96250000001,-7391.546455403732,-10058.815787376196,140.0,75.0,180.0,0.0,0.0,0.0,0.0,0.0,0.0,0.0,0.0,1.0,0.0,0.0,0.0,0.0,1.0,0.0,0.0,0.0,1.0,0.08,0.52,0.18,0.8,0.86,0.45,0.48,0.0,0.0,0.0,0.86,0.45,0.9587764764503706,0.9822907142560121,0.9375255359781975,0.9662871918971189,0.9563084844440487,1.0229837024655244,1.02402896642528,1.0229837024655244,0.9907355898840344,0.9571329551511268,13.982072712076842,15.950027814626214,1.4700024894199655,26365.726858015616,17935.838236858377,78734.57314198438,78549.26176314164,1.0023591740352893,1.4700024894199655,1.0023591740352893,1.0892904707566247,0.9506379683434599,114.52,87.9560036781647,6617.333333333333,6386.333333333333,5633.666666666667,3.466666666666667,11103.0,0.8821441620126312,3530.516099990997,11103.0,101.56666666666666,100.09348339570903,39.04685838854307,45.91534435462284,890192.2193077113,0.011999999999999999,0.011999999999999999,0.39999999999999997,0.39999999999999997,705006.4999999999,0.02835332913506433,397074.20000000007,0.013922228961902594,761363.0000000002,0.008530377101113207,65677.79999999999,0.010659855512477001,0.02835332913506433,26117.559977749235,26206.115749066987,0.6695103752183268,86474.63361182724,0.7316608481997832,0.076940960289424,0.07289621972342819,0.4016739104326563,0.3464,0.010272640471006256,0.17828,1.0,1220177.3,0.0,13005.7,0.0,915944.0999999996,352646.7,563297.3999999997,1.0091525365228837,2.28,103.58393964,93.915290437,103.58393964,103.58393964,1142062.0,680790.4,1.6775530324751935,0.995196715506286,684076.2126648115,863513.5,0.8702160282488153,992297.8570478607,177724.1,204229.8627360889,0.4,0.5,0.0,2.0,3.0,100.72261904761906,100.29973276874297,45.872461220178906,48.27345023593084,9180.71701899786,6079.398941756595,1.8307689066162862,503104.3257742694,286181.16359447,81933.3596214511,18236.184210526313,-1268.8061377245508,100513.09707241911,26817.567567567567,20.55984555984556,105100.30000000002,707528.342889577,80150.71001498293,79690.50278358425,1665437.3201869545,398058.5309653514,22156.606751150008,64202.195833333324,2884.301649159235,768482.5373933703,519779.1643771944,1.8178750266235433,0.659787197554757,0.7275595325560644,39.01039015115044,1.1226752038853678,36986.42658550873,-3696.693274404361,275398.58561285783,279161.206689549,2828412.7,3975473.7,1572824.0,1167758.5,0.11516900000000002,1.68205773523309,23.34676744193299,0.8794472946995605,11.24492126793962,13.534494369386515,12.16075050851838,0.12792199463386855,-28973.204232973432,-5.549412316335807,233.7079075647152,2.491060056120055,67.54454649058121
2015Q1,537485.1,299896.4,19965.6,87598.7,27.5,105007.1,26723.6,87.1,-1758.9,95317.0,97075.9,-62.0,534727.3,299214.7,19960.7,87445.5,-156.7,105099.3,26757.9,89.5,-3683.5,95211.3,98894.8,28541.1,8390.9,0.9948690670680919,0.9977268816831412,0.9997545778739433,0.9982511155987475,1.0008780358661462,1.001283509706776,0.998891068749541,1.0187368852619445,258835.2053481518,219947.53251195184,38881.79938381472,-3093.9225,22836.297232219997,34729.9975,383149.2050803718,101487.595,2808.385,17771.336682559187,19861.91632737745,1081.2766238170734,3311.57,65508.34316065405,28094.09989346971,289873.15848454146,77217.08078732045,24579.356804666702,22194.11134018908,43137.3042913836,128486.3089205317,95810.76098952,19742.374732219992,69841.6275,3416.251707712945,-10142.979329027004,141.0,76.0,181.0,0.0,0.0,0.0,0.0,0.0,0.0,0.0,0.0,1.0,0.0,0.0,1.0,0.0,1.0,0.0,0.0,0.0,1.0,0.08,0.52,0.18,0.8,0.86,0.45,0.48,0.0,0.0,0.0,0.86,0.45,0.9578791106788989,0.9840803584372511,0.9396189641672399,0.9638655969435153,0.9664898742343397,1.0066025908900962,1.0069124423963134,1.0066025908900962,1.001283509706776,0.9418063163268116,-184.38157124947764,2.2882063045398127,1.0973363206372915,19985.5797035891,18212.811630970376,78909.2202964109,78863.08836902962,1.000584962221685,1.0973363206372915,1.000584962221685,1.0187368852619445,0.9591443749394208,119.07000000000001,56.19878547912093,6622.666666666667,6391.333333333333,5641.666666666667,3.5,11103.0,0.8827057473662252,3530.516099990997,11103.0,101.33333333333333,100.56642120183457,38.986268687495155,45.87920921976102,897726.3993158301,0.015333333333333332,0.015333333333333332,0.33666666666666667,0.33666666666666667,707980.662949624,0.028559999870260866,397418.0593162675,0.013903263189568749,770101.3547193317,0.007871679455467906,64545.17987911111,0.0006458967771312829,0.028559999870260866,23972.82194101365,24196.992805940958,0.7337997181179576,87251.35349969828,0.7316608481997832,0.0734741327698537,0.07289621972342819,0.39761803987786964,0.3464,0.010933604434379495,0.17828,1.0,1232623.5,0.0,16466.699999999997,0.0,919618.7277306478,346665.45,572953.2777306477,0.9713653211557063,1.9666666666666668,99.99101769666667,94.730186873,99.99101769666667,99.99101769666667,1144266.85,681470.4500000001,1.6791144062079286,0.9971180293037716,683440.1043533738,890391.725,0.9460775231267036,941140.343401599,182794.0,193212.49636698037,0.4,0.5,0.0,2.0,3.0,100.72261904761906,100.17110815306518,45.62080331732445,48.27345023593084,9323.954274211379,5143.914933841908,6.240787290017291,515525.81027875206,287264.4969278033,86204.16009463722,18760.056390977443,-146.6130239520958,101212.73112480741,25828.0888030888,86.38996138996139,98894.79999999999,709221.008508445,80828.03752452882,80539.94219413225,1688271.0810859906,397515.61844448687,22082.50843354984,64121.809801856885,169.68431739629185,769114.1891918847,520931.55134820676,3.1776820983393095,0.6917567855108802,0.6757719915328186,38.7666859589749,3.3845687955018398,38694.24390229674,-4244.922855319967,277179.84058134846,278609.36655534536,2840971.4593162676,4011365.5843162676,1579288.95,1169943.9021450025,0.11512543000000001,1.6702349503564473,23.01096068056649,0.8826502300294612,11.3710541221846,13.674572200621537,12.292461353559375,0.12816069900150082,-29209.14026463218,-5.462436697103771,230.5144136085814,3.07945751039829,64.83032566319318
2015Q2,538298.2,300262.6,20356.2,86413.1,2466.8,105123.0,26501.1,-73.6,-2919.0,92095.6,95014.6,168.1,538193.5,300668.4,20331.0,86477.6,2683.6,104904.7,26527.8,-50.2,-3349.4,93536.1,96885.5,29935.4,8519.1,0.999805498142108,1.001351483667963,0.9987620479264302,1.0007464146061187,0.9979233849871103,1.0010075053488345,1.0156413552873318,1.0196906580672864,259059.34757072807,219907.4905394734,39150.69867153209,-2560.73,25686.21510191321,36442.967500000006,393244.5576726413,107941.75,2803.715,17849.19757073094,21753.9836739108,1078.9144776197263,3367.1725,66140.99789505705,29027.960260902008,293056.85684554355,77672.72800231054,23737.38509968537,22111.029273431755,44943.92742496228,128731.80495864533,97709.27278554966,23125.48510191321,74616.75749999996,-3943.317556248861,-10635.443173449195,142.0,77.0,182.0,0.0,0.0,0.0,0.0,0.0,0.0,0.0,0.0,1.0,0.0,0.0,0.0,0.0,1.0,0.0,0.0,0.0,0.0,0.08,0.52,0.18,0.8,0.86,0.45,0.48,0.0,0.0,0.0,0.86,0.45,0.9613589512941271,0.9865402352189656,0.9386861352692013,0.9610202089629336,0.9662234607614233,1.008942749686586,1.0092165898617513,1.008942749686586,1.0010075053488345,0.9439958361588566,194.74002507312935,23.474152393674217,1.0438137913866072,18783.357390055706,17994.931227248686,78102.14260994429,77019.66877275132,1.0140545117168296,1.0438137913866072,1.0140545117168296,1.0196906580672864,0.9637084623975474,121.36333333333333,59.28987173951348,6613.333333333333,6391.666666666667,5648.0,3.3666666666666667,11106.0,0.8836505867014341,3531.47003571107,11106.0,99.8,100.02161707856389,38.93546220599741,45.86744822427905,911210.774238344,0.015333333333333332,0.015333333333333332,0.39666666666666667,0.39666666666666667,711099.310626656,0.028559999870260866,396586.3407644415,0.013903263189568749,770460.7058299917,0.007871679455467906,65324.34865252128,0.0006458967771312829,0.028559999870260866,24247.96405028866,24216.88144788246,0.7385897582506433,87236.65938582401,0.7164248244783453,0.07557418710989508,0.07289621972342819,0.36953745886926587,0.3211,0.011135974708493286,0.17828,1.0,1236932.4,0.0,18066.9,0.0,923308.0975060969,340684.2,582623.8975060969,0.9697172735269697,2.1666666666666665,101.10482349666667,95.2603029,101.10482349666667,101.10482349666667,1146471.7,682150.5,1.680672666808864,0.9990393431012572,682806.4427197047,917269.95,1.0461878868436247,876773.628843502,188845.6,180508.30292993732,0.4,0.5,0.0,2.0,3.0,100.72261904761906,100.02607835540377,45.857535164874996,48.27345023593084,9338.059422838496,-2143.8591774424813,0.605114448754004,518762.53063336737,288660.1382488479,85250.0,19108.082706766916,2510.8532934131736,101025.32742681047,25605.984555984553,-48.455598455598455,96885.5,710568.9315974576,81021.40764394987,80879.71056795385,1701292.6668128283,397077.904179289,22101.631499846844,64745.34721897093,166.75809465310718,769685.243829914,521603.8512807681,3.200580033724796,1.008196465920698,0.849976625715789,38.927047315596596,1.984756079938799,43421.83398604622,605.6582698710705,278006.08491707954,278060.16813638783,2845199.0407644412,4037944.5907644415,1577616.5999999999,1173010.000043619,0.11508592000000002,1.6927620680105266,21.124624775055985,0.8796153969377964,11.19230551236632,13.898949078446345,12.274962938798328,0.1273721609568546,-25811.036709769553,-4.795865559463195,229.83042344435597,3.356952471555305,63.301433406386366
2015Q3,538760.8,301120.0,20460.9,87608.4,957.4,105624.6,26502.4,-104.3,-3323.4,94468.0,97791.4,-85.0,539902.0,301536.4,20491.9,87811.9,756.7,105507.3,26552.4,-68.5,-2686.2,95566.0,98252.2,30266.0,9172.0,1.0021181941967565,1.001382837407014,1.0015150848691896,1.0023228366229722,0.9988894632500384,1.0018866215889881,1.0116229834441293,1.0047120707955914,261209.65559504545,221703.8619178529,39511.56027004881,-2788.8325,23883.760518550745,36501.44,392179.6136135962,106804.8825,2815.79,17930.48351612215,22322.389859232186,1079.88167457157,3303.415,66882.26917851125,28908.890619381284,294104.45070452086,77698.88771579012,23739.753098887035,22134.515132577813,45536.786666381566,128756.44917358372,98185.43038464988,21094.928018550745,73373.58999999998,-2173.4344535614946,-9398.133326972891,143.0,78.0,183.0,0.0,0.0,0.0,0.0,0.0,0.0,0.0,0.0,1.0,0.0,0.0,0.0,0.0,1.0,0.0,0.0,0.0,0.0,0.08,0.52,0.18,0.8,0.86,0.45,0.48,0.0,0.0,0.0,0.86,0.45,0.9613890528101131,0.9880942790052959,0.9412735760048774,0.96195056168147,0.9670720285607993,0.9989134977016297,0.9986833443054642,0.9989134977016297,1.0018866215889881,0.9346121797358062,-199.6597826995402,35.996774631731455,0.9930296240975854,18934.726264736157,19067.634847191057,79317.47373526383,78723.76515280893,1.0075416690411398,0.9930296240975854,1.0075416690411398,1.0047120707955914,0.9661229594501283,122.20333333333333,58.473524805965084,6629.333333333333,6405.333333333333,5670.0,3.3666666666666667,11104.0,0.8851998334721066,3530.8340785643545,11104.0,99.39999999999999,100.19943799107305,39.10121021478887,46.06872232716851,914916.2756163392,0.013,0.013,0.37999999999999995,0.37999999999999995,713831.4542459478,0.028559999870260866,397273.4429986061,0.013903263189568749,771705.3026031129,0.007871679455467906,64822.402875540145,0.0006458967771312829,0.028559999870260866,24259.27883730899,24234.86208413096,0.7406857960570006,87674.18188488384,0.7164248244783453,0.07488130714395042,0.07289621972342819,0.34468892007993607,0.3211,0.010990915975129006,0.17828,1.0,1241395.7,0.0,18407.8,0.0,927012.2684691807,334702.95,592309.3184691807,0.9689354540069659,2.22,100.56588520666666,95.738234915,100.56588520666666,100.56588520666666,1148676.5499999998,682830.55,1.6822278235793635,1.0009606568987426,682175.2136748321,944148.175,1.010983203770089,933891.0591977667,167733.0,165910.76822493356,0.4,0.5,0.0,2.0,3.0,100.72261904761906,99.88011681233469,45.97702666882508,48.27345023593084,9346.084317383948,-1867.4626614963654,0.34374998838940435,520509.17853171873,289493.4715821813,86565.35883280756,19259.3045112782,707.9902694610779,101605.6432973806,25629.72972972973,-66.11969111969111,98252.2,712177.1830032227,81175.39437693916,81235.98487695956,1695467.045196388,396672.450570722,22055.37709214411,64892.90917050183,168.77114505145502,770252.1283088813,523365.45803405484,2.941604519292415,0.8111182805987543,0.9096573732597262,39.02338276415529,0.9252583863345989,47430.25893098873,-2620.9193609131175,279618.823512943,279027.78847067064,2823935.6429986064,4066196.8179986062,1576098.65,1175927.3001200939,0.11505047000000002,1.6981864226505328,19.90603037554023,0.8804566956500055,11.142997560357044,14.182030888257884,12.35861089151738,0.1279196480182121,-25323.050645985648,-4.690305026835546,229.9298205970713,3.409470607628792,61.99327840978548
2015Q4,537827.9,299132.0,20437.1,87451.7,1035.9,106489.0,27191.5,-75.2,-3813.0,93403.6,97216.6,-21.1,539306.2,298961.4,20427.9,87307.5,954.7,106732.4,27080.4,-42.5,-2115.6,90902.4,93018.0,31431.7,9428.1,1.0027486487777966,0.999429683216774,0.9995498382842969,0.9983510898015705,1.0022856820892299,0.9959141643528309,0.9732215888895074,0.9568119024940185,262680.63258525083,222726.7892759609,39959.04474697368,-2685.985,24111.32696838954,35347.4675,387463.9170536404,100258.235,2838.0025,18025.86945718604,22577.22120750525,1037.3851393555954,3121.895,67299.51682057745,28459.46100397532,293948.0082375864,77788.04863818528,24118.888594518838,22112.58176871387,45727.18811557471,128614.10788906513,98305.53771406888,21425.34196838954,68010.47499999999,2626.581941719807,-10220.489629686575,144.0,79.0,184.0,0.0,0.0,0.0,0.0,0.0,0.0,0.0,0.0,1.0,0.0,0.0,0.0,0.0,1.0,0.0,0.0,0.0,0.0,0.08,0.52,0.18,0.8,0.86,0.45,0.48,0.0,0.0,0.0,0.86,0.45,0.9595139047780087,0.9841789134479205,0.9394265397408805,0.9652211884526481,0.9613071084486784,0.9855411617216882,0.9851876234364715,0.9855411617216882,0.9959141643528309,0.9221006378384059,-66.22208942749683,32.39274515933289,0.8658202638785165,15012.459000442603,17339.001668998826,78005.5409995574,79877.59833100118,0.976563424908117,0.8658202638785165,0.976563424908117,0.9568119024940185,0.9667591241650707,121.45,46.14397386955949,6635.333333333333,6420.333333333333,5693.666666666667,3.266666666666667,11105.333333333332,0.8868179222262604,3531.258049995498,11105.333333333332,99.23333333333333,99.2125237285285,39.118340133943136,46.1355832653681,919832.2774038113,0.013,0.013,0.29,0.29,712523.5000000001,0.028559999870260866,396088.29999999993,0.013903263189568749,767836.7000000003,0.007871679455467906,64152.00000000002,0.0006458967771312829,0.028559999870260866,24298.46710470627,24252.711415757803,0.7415567562931622,88504.2379912165,0.7164248244783453,0.07338203411726536,0.07289621972342819,0.33323400056370667,0.3211,0.0111525203654733,0.18182,1.0,1239981.2,0.0,19888.0,0.0,930731.3,328721.7,602009.6000000001,0.9672747132942808,2.19,98.33827360333333,96.065228357,98.33827360333333,98.33827360333333,1150881.4,683510.6000000001,1.6837798857837754,1.0028819706962284,681546.403237749,971026.4,0.9967513862595831,974191.1708233295,186399.9,187007.4148574658,0.4,0.5,0.0,2.0,3.0,100.72261904761906,99.83319310617227,46.50177369906158,48.27345023593084,9329.90095352435,-7939.1188657890725,-0.6926264865595442,519950.02955553925,287021.3133640553,86068.11908517352,19199.154135338347,893.2447604790419,102785.43913713405,26139.382239382237,-41.02316602316602,93018.0,713700.327749048,81359.12101669917,81548.10496260958,1658057.0047808795,396266.684090386,22093.588944943032,65093.17164179107,167.47432441286793,770986.8254549418,525045.972230713,2.4344397339116157,0.19222407017646875,0.5016711753876115,39.42883283664992,0.2516487914064428,47647.506713892166,-3502.5236424733653,280057.1708988834,279289.502150147,2834701.6999999997,4086698.9999999995,1568702.9,1172763.8,0.11501908000000002,1.710272519153081,20.379374850203575,0.8850224860513808,11.446955482649663,14.389260335165146,12.623877423655856,0.13057934606573593,-26098.47546315629,-4.839268575654478,229.9215547679593,3.6877009758092902,60.952701823194325
2016Q1,541992.2,299391.6,20430.5,86905.7,1220.5,107769.2,27951.5,11.5,-1680.1,94169.7,95849.8,-8.4,545302.5,298038.0,20353.4,86359.9,1213.8,108012.1,27774.8,-43.9,3594.4,87959.2,84364.8,29333.2,9185.1,1.0061076524717516,0.9954788310694088,0.9962262303908374,0.9937196294374246,1.0022538907220246,0.9936783356886034,0.9340499120205331,0.8801771104373718,265627.1163622058,225350.8795371997,40269.11467711391,-2561.0425,22305.28071183893,36867.7175,398890.2495740447,110413.47749999998,2889.4675,17753.28614250219,22967.760382228746,994.166983169518,3570.5774999999994,68152.69895832165,28650.820009042924,295709.8385091935,77886.81936092085,23223.82264176445,22208.634701021994,46170.56206642026,128165.92548405474,98045.20471722764,19744.23821183893,76651.17749999998,-4205.559624519723,-10173.576458407566,145.0,80.0,185.0,0.0,0.0,0.0,0.0,0.0,0.0,0.0,0.0,1.0,0.0,0.0,0.0,0.0,1.0,0.0,0.0,0.0,0.0,0.08,0.52,0.18,0.8,0.86,0.45,0.48,0.0,0.0,0.0,0.86,0.45,0.9557208439606458,0.9796131993665464,0.9363028481116892,0.9651905727292225,0.9591489726723971,0.9694943585457584,0.969387755102041,0.9694943585457584,0.9936783356886034,0.9070867875615255,30.532135394901843,-55.32730086041894,0.6537216828478967,12049.143823979131,18431.61109707698,72315.65617602087,77418.18890292302,0.9340912930254625,0.6537216828478967,0.9340912930254625,0.8801771104373718,0.9703332609136738,115.41333333333334,33.47910173078184,6654.666666666667,6440.0,5730.666666666667,3.233333333333333,11107.666666666668,0.8898550724637682,3532.0,11107.666666666668,98.0,100.51076703869633,39.32367604767328,46.35187000271158,925397.6313412018,0.006333333333333333,0.006333333333333333,0.001,0.001,711318.2847911343,0.027480569776787978,394634.3669884838,0.013236140511407368,767834.0344918869,0.006816973093841161,63586.984704107956,-0.0027900348080110993,0.027480569776787978,20937.288497455156,21023.1857793294,0.8425631750488775,90055.83784012581,0.7164248244783453,0.0734475499598331,0.07289621972342819,0.3249877356112006,0.3211,0.011784144372647335,0.18182,1.0,1270586.8,0.0,23742.5,0.0,942542.7036375726,331045.10000000003,611497.6036375726,0.9890112973983769,1.92,96.59570645666668,96.551285818,96.59570645666668,96.59570645666668,1157911.45,687208.3,1.6849497452228093,1.0090079802034575,681073.2060428606,964075.8,0.879711067252051,1095900.5017539212,176743.9,200911.30665446102,0.4,0.5,0.0,2.0,3.0,100.72261904761906,99.6894588375343,46.11632302523992,48.27345023593084,9402.140617068693,23611.123560552456,3.097124563452309,525913.058815776,286134.7926267281,85133.97082018928,19129.135338345866,1135.6661676646706,104017.81587057012,26809.652509652507,-42.374517374517374,84364.8,715813.8610926238,78451.56662569665,78322.20703740476,1651638.6478460475,396129.26757977623,20970.721574897896,65587.78206764239,-715.9452520141124,772718.904010109,527030.969726905,2.8387763020544154,-0.4539425091055154,-0.13085921946452334,39.1238443464806,1.3399185122011041,49385.922299477716,-4215.9991078208905,283578.13425576215,281856.65177983936,2860218.466988484,4118253.516988484,1601631.9000000001,1169539.636483726,0.11499175000000002,1.7074002750246258,19.521267501167955,0.8999476467666385,11.405161827140642,14.937941288446732,12.818273611663077,0.13210176470291543,-27977.905757790544,-5.13071290848484,233.0058637178447,4.354005345656769,60.70852416777844
2016Q2,541063.1,297476.8,21022.5,87075.4,2894.1,106834.0,27130.0,-196.3,-1173.5,93568.9,94742.4,0.1,543366.4,296586.9,20877.9,86243.0,2592.2,106410.3,26814.2,-187.3,4029.0,85585.0,81555.9,28680.0,9727.7,1.0042569896191407,0.9970085062095599,0.9931216553692473,0.9904404688350557,0.9960340341089915,0.9883597493549576,0.9146735720950017,0.8608173320498531,265403.88558284,225092.52823173377,40309.857639779526,-3256.115,22394.700936859725,34533.865000000005,389806.3290196997,101937.18,3059.965,17845.199381038172,21049.978354939238,958.2666862090356,3189.455,68283.26292022846,29332.595131038142,293282.78508733254,78141.10908139627,22637.728471337217,22248.978811622543,44257.22385277081,128046.10230636103,96227.54745514617,19138.585936859723,70729.99249999998,3398.3998211685102,-9574.917462496784,146.0,81.0,186.0,0.0,0.0,0.0,0.0,0.0,0.0,0.0,0.0,1.0,0.0,0.0,0.0,0.0,1.0,0.0,0.0,0.0,0.0,0.08,0.52,0.18,0.8,0.86,0.45,0.48,0.0,0.0,0.0,0.86,0.45,0.9571894260844469,0.9763805883626338,0.9333850144447813,0.9592007262220642,0.954015202080075,0.963811115754283,0.9637919684002633,0.963811115754283,0.9883597493549576,0.9017693822551301,-197.1657501044706,6.715018798378196,0.6437640029873041,11524.874164011753,17902.32773272823,70031.02583598824,76840.07226727177,0.9113867773627319,0.6437640029873041,0.9113867773627319,0.8608173320498531,0.9684892434056418,108.13333333333333,41.597156109435396,6665.0,6453.666666666667,5742.0,3.1666666666666665,11109.666666666668,0.8897267703114509,3532.6359571467156,11109.666666666668,96.93333333333334,99.0574602430593,39.20106726432145,46.22150567447579,941346.9582806003,0.001,0.001,0.001,0.001,711048.8386993767,0.027480569776787978,393416.87100500555,0.013236140511407368,765221.5245421294,0.006816973093841161,64038.65332605127,-0.0027900348080110993,0.027480569776787978,20937.215814666793,21070.415910957374,0.8503037961629109,88917.74536418155,0.7180019064088001,0.07506672089682496,0.07289621972342819,0.309414983958247,0.2997,0.011749814375281687,0.18182,1.0,1300596.3,0.0,22981.3,0.0,954503.9993609611,333368.5,621135.4993609611,0.9896632664250278,1.7533333333333332,98.08676906666666,96.90439622,98.08676906666666,98.08676906666666,1164941.5,690906.0,1.6861070825843167,1.0151339897106864,680605.7200359418,957125.2,0.8504568950470591,1125424.7047371382,163564.3,192325.20889956373,0.4,0.5,0.0,2.0,3.0,100.72261904761906,99.57875380539528,46.66130704447817,48.27345023593084,9386.023173224818,23036.09598904742,-0.6856925247263534,524013.7923537111,284741.64746543777,85018.73028391167,19622.086466165416,2425.3368263473053,102475.25038520801,25882.432432432433,-180.79150579150578,81555.9,717911.7383356759,78683.89102779147,78189.72703483164,1587662.79556937,396141.66993340943,20893.74372835949,66443.15704528302,-709.6396026437221,774233.8000323698,528873.2705695758,2.304867745971766,-1.0298259000127752,-0.7418842045591453,39.57406859426135,-0.7357713056110127,49854.23611119388,-1504.5121743107109,280463.0016129696,279274.13452141744,2881851.9710050053,4149448.3710050057,1633964.8,1168504.3630304337,0.11496848000000001,1.7398099376590277,19.198472881326417,0.8999476467666385,11.892154408076975,15.378360859313561,13.286636988571608,0.1371893088027477,-27893.616043810318,-5.1334819458491205,239.3589850237335,4.229429718142307,61.352431802923405
2016Q3,542162.7,298679.4,21386.0,87509.2,129.3,107219.4,27192.2,-272.1,315.5,95629.4,95313.9,3.8,543580.2,297343.7,21225.9,86407.3,134.7,106778.8,26924.0,-282.6,5048.4,85858.1,80809.7,28274.2,10032.8,1.0026145288121076,0.995527980838317,0.9925137940708876,0.9874081810826748,0.9958906690393717,0.9901368774869264,0.8978211721499875,0.8478270220817741,268181.1113261841,227479.12319655347,40705.59183303667,-2856.0550000000003,21984.51462367022,34370.6825,389266.7834498544,98610.03,3092.775,17933.2396569684,21709.365676531936,937.8361905313124,2995.3125,68826.89028313028,29293.167200173382,294597.15456892323,77976.34230461353,22954.069230859197,22292.14331939221,44939.34518645546,128114.392107535,97186.58161748805,19128.45962367022,67586.53,2496.291756155144,-9795.438702240994,147.0,82.0,187.0,0.0,0.0,0.0,0.0,0.0,0.0,0.0,0.0,1.0,0.0,0.0,0.0,0.0,1.0,0.0,0.0,0.0,0.0,0.08,0.52,0.18,0.8,0.86,0.45,0.48,0.0,0.0,0.0,0.86,0.45,0.9557680307587527,0.9733913457045296,0.9328137162320371,0.959062662788301,0.9557305767248324,0.9611366485582948,0.9611586570111916,0.9611366485582948,0.9901368774869264,0.8992670738756501,10.42503134141245,-13.183755635807358,0.6671645506596964,11751.769950278447,17614.499959055418,69057.93004972154,77699.40004094457,0.8887833112396066,0.6671645506596964,0.8887833112396066,0.8478270220817741,0.9670865656654153,102.41333333333334,46.40027502681282,6694.0,6489.0,5757.333333333333,3.033333333333333,11109.0,0.8872450814198386,3532.4239714311434,11109.0,98.56666666666666,99.34115068625353,39.51119555289836,46.58078589500651,945095.8413669191,0.001,0.001,0.001,0.001,710993.5443651197,0.027480569776787978,393278.4130829164,0.013236140511407368,768102.5631056274,0.006816973093841161,64072.80256466571,-0.0027900348080110993,0.027480569776787978,20865.978174527238,21111.72393265225,0.852949641269974,89212.16264505353,0.7180019064088001,0.07483073190910021,0.07289621972342819,0.31796167195624087,0.2997,0.011605490312812848,0.18182,1.0,1293133.3,0.0,23289.8,0.0,966617.0893689271,335691.9,630925.189368927,0.9895039573325014,1.5633333333333332,98.60774274666666,97.329396885,98.60774274666666,98.60774274666666,1171971.55,694603.7000000001,1.687252097850904,1.0212599992179154,680143.8424416212,950174.6,0.8441669687571329,1125576.615961345,169292.4,200543.73869810282,0.4,0.5,0.0,2.0,3.0,100.72261904761906,99.40953726929085,46.88971848345239,48.27345023593084,9405.098344089876,-13960.82039379433,0.8129181235977665,524318.2635748888,285468.2219662058,85180.69794952682,19949.154135338347,126.02919161676645,102830.12326656395,25988.41698841699,-272.7799227799228,80809.7,720060.4147167673,78914.49447563477,78160.10890632911,1548006.3893441944,396244.7831277472,20829.283936721924,66663.57240749786,-714.6802873513552,775753.9190492068,531413.6324421267,2.0227308638048203,-1.48800915187644,-1.2589175259446077,39.7732412801272,-0.654199402746906,48250.49033746856,-717.2393144533245,282408.078647494,281671.6400290844,2885999.7130829166,4144249.7630829164,1628825.2000000002,1168344.7600127016,0.11494927000000002,1.7431959840965068,19.69253769970808,0.8999476467666385,12.34160337773526,15.574915508689742,13.634928230117051,0.14098973881138943,-25991.281575177323,-4.781498953636892,237.89190629092087,4.284519561234939,61.75572620194776
2016Q4,542875.8,299401.3,21497.9,88130.8,-1414.7,107205.1,27224.0,-340.5,1168.5,97745.7,96577.2,3.3,544543.0,298856.2,21458.6,87291.6,-1473.6,106910.0,27079.3,-309.4,4730.3,89829.3,85099.0,28536.3,10062.2,1.0030710523475166,0.9981793666226567,0.998171914466064,0.99047778983057,0.9972473324496689,0.99468483690861,0.9190102480211406,0.8811500022779704,269635.78177522385,228655.19959805976,40981.51148399148,-2649.94,21674.263879493315,35755.122500000005,394106.0656547172,102068.1675,3105.9975,17999.157533306206,22185.0038988569,912.7521985598944,3276.1425,69566.69094343456,28806.39682960389,297142.32097496523,78048.88011999546,22909.29092065586,22378.249760569342,45476.005857986136,128406.01653505817,97191.6936082459,19024.32387949332,69690.83749999998,-1694.845547761477,-9598.639526708925,148.0,83.0,188.0,0.0,0.0,0.0,0.0,0.0,0.0,0.0,0.0,1.0,0.0,0.0,0.0,0.0,1.0,0.0,0.0,0.0,0.0,0.08,0.52,0.18,0.8,0.86,0.45,0.48,0.0,0.0,0.0,0.86,0.45,0.9583135240232878,0.9764173795648364,0.9381314985583308,0.9603691568274931,0.9601204989465347,0.9648140409527789,0.9647794601711654,0.9648140409527789,0.99468483690861,0.9027077478974354,-108.67757626410366,29.290186967381715,0.7786905650983322,12525.374759856433,16085.17596238596,72573.62524014356,80492.02403761404,0.9016250505296003,0.7786905650983322,0.9016250505296003,0.8811500022779704,0.9676031195943388,109.38333333333333,46.21002798410883,6700.666666666667,6499.333333333333,5792.0,3.0,11109.333333333334,0.8911683249564059,3532.5299642889295,11109.333333333334,100.43333333333334,98.72618511259294,39.47776236154347,46.55313911865053,954307.7042588625,0.001,0.001,0.0033333333333333327,0.0033333333333333327,715427.5000000003,0.027480569776787978,395649.9,0.013236140511407368,773140.2999999999,0.006816973093841161,64129.00000000005,-0.0027900348080110993,0.027480569776787978,20944.53802400598,21153.174374401107,0.8532449867812016,89156.26001053368,0.7180019064088001,0.07331529389554109,0.07289621972342819,0.32383120600245396,0.2997,0.010725768793521597,0.183,1.0,1277865.6,0.0,23204.399999999998,0.0,978883.8999999996,338015.30000000005,640868.5999999995,0.9896402028169284,2.1300000000000003,98.94907033,98.140535892,98.94907033,98.94907033,1179001.6,698301.4,1.6883849867693235,1.0273860087251445,679687.4729358086,943224.0,0.9221358467260109,1022868.8141219771,178191.7,193238.0143692051,0.4,0.5,0.0,2.0,3.0,100.72261904761906,99.33792672138124,47.153791130041824,48.27345023593084,9417.46875546117,-21660.3023898061,0.526115131122147,525288.3176322724,286920.3149001536,86052.4447949527,20167.85714285714,-1378.7425149700598,102956.47149460709,26138.320463320462,-298.64864864864865,85099.0,722305.4442466403,79150.68188050805,78154.03082708588,1562867.6525855456,396374.50650135614,20821.953342675166,66467.73085585592,-715.0613976089606,777271.6254556063,533225.2318836385,1.8098483603768163,-0.7886303777727511,-1.1383197648245955,39.987124303973445,0.18213322160807846,48119.30500062006,989.4756437065986,285066.6966221808,284193.9222102272,2888023.9000000004,4133756.4,1615880.9000000001,1175206.4000000004,0.11493412000000003,1.7578748293050868,19.60177936875534,0.8998255084518016,12.26746154256928,15.424459013086102,13.530260530776008,0.1398327501925426,-25570.409559224594,-4.695755809775278,234.6675285514643,4.261261277805426,62.0732063399952
2017Q1,547149.2,300929.0,21284.3,88389.5,-459.8,107505.2,27476.6,-287.6,2441.6,100051.3,97609.7,-129.7,547710.4,300663.9,21445.1,87949.1,-592.3,107150.5,27553.8,-328.2,3868.4,95479.4,91611.0,31266.5,10446.4,1.0010256800156156,0.9991190613068199,1.0075548643836068,0.9950175077356473,0.9967006247139674,1.0028096634954835,0.9543044418213456,0.9385440176539832,270021.6557230453,228567.94599171463,41436.33038637135,-2681.695,23842.293375538404,34148.67,396994.0190985837,102419.745,3075.9575,18172.436091355637,22448.242846763493,947.8962924153732,2763.4825,70030.60464717355,29311.07753690417,297423.4638980196,78099.68783983392,22958.287293344096,22460.841332108987,45856.980471287854,128972.38796713729,98126.34530153612,21160.598375538404,71663.095,-529.4050370088662,-9347.160856320348,149.0,84.0,189.0,0.0,0.0,0.0,0.0,0.0,0.0,0.0,0.0,1.0,0.0,0.0,0.0,0.0,1.0,0.0,0.0,0.0,0.0,0.08,0.52,0.18,0.8,0.86,0.45,0.48,0.0,0.0,0.0,0.86,0.45,0.9592156886586212,0.980892653524889,0.9469500605109086,0.9598426663270102,0.967962995652011,0.9791893021312159,0.978933508887426,0.9791893021312159,1.0028096634954835,0.9161576554371407,-142.06875888006687,-39.791940778698915,0.9370176748817526,16613.98467828685,17730.705752571277,74997.01532171314,79878.99424742872,0.9388828192979818,0.9370176748817526,0.9388828192979818,0.9385440176539832,0.9655381748367435,113.61333333333333,55.431393553588,6693.333333333333,6499.666666666667,5790.666666666667,2.9,11111.666666666666,0.8909174829478435,3533.2719142934307,11111.666666666666,100.66666666666667,99.41633877417496,39.47178436421505,46.63049546218834,963087.5925339466,0.001,0.001,0.07,0.07,719853.580500136,0.028996893213646457,399214.16269012936,0.013812222767989935,780069.9247456513,0.008049237506015994,64961.87073281301,-0.0003911030329105669,0.028996893213646457,24892.759600689827,25025.77567991713,0.7285525327502894,89272.60774435577,0.7180019064088001,0.07439848799837023,0.07289621972342819,0.3226080973361861,0.2997,0.010346970259197839,0.183,1.0,1274357.9,0.0,24688.5,0.0,988013.920761386,336318.275,651695.645761386,0.9767195449436755,2.4433333333333334,100.33234527999998,98.802053805,100.33234527999998,100.33234527999998,1183346.05,699548.875,1.6915845229541682,1.0311717772479403,678401.8826300721,1004196.575,0.9933529356480177,1010916.2000361013,188072.8,189331.2973171111,0.4,0.5,0.0,2.0,3.0,100.72261904761906,99.17440704391113,46.90425742604533,48.27345023593084,9491.601017351619,-9545.115057144043,3.148712836342977,528293.4399313843,288655.8179723502,86700.61119873817,20155.169172932332,-554.1729041916168,103188.0778120185,26596.332046332045,-316.79536679536676,91611.0,723458.2054121847,83778.45533782119,82980.69927842425,1619622.2886583034,396220.76851800736,21859.218227731766,66342.5045508798,-100.32418559008707,777884.331535627,534106.1548541163,2.442032361421901,0.13060809707033966,-0.3290111403512057,39.70351840644175,-0.8156440471945017,47361.625407826126,3856.587135513492,282928.3313788015,282638.43478459807,2897512.0126901288,4197432.962690129,1610676.1749999998,1184029.6139230782,0.11492303000000001,1.7601919047564114,21.20274729494534,0.8963471844204466,12.211049341642596,14.510494475670148,13.130827395253617,0.13599490664855193,-24149.660228575427,-4.409202423137378,232.6700205071877,4.507582839398339,61.40439820021676
2017Q2,549313.6,302585.8,21501.7,89068.8,-8.4,107025.2,27757.9,92.9,1355.3,100059.5,98704.3,-65.4,550561.9,302456.6,21693.7,88833.1,-64.6,107053.6,27853.7,121.7,2614.1,94756.2,92142.1,30340.3,10664.3,1.0022724724092031,0.9995730136708332,1.0089295265025555,0.9973537310483581,1.0002653580652034,1.0034512697286178,0.9469985358711567,0.9335165742525908,270244.8985229253,228921.8421780893,41322.22151447876,-2190.415,22201.33632921688,35638.935,397316.6848521421,103544.535,3246.3675,18246.520667912133,21980.56072715752,998.7027280649532,3015.4125,70122.42849320895,30114.3371394899,295943.341930889,77713.8847704981,24969.79511510176,22299.064421135045,45278.32787635752,129568.4711207315,100362.46013094918,20010.921329216875,71421.93,1089.928650768823,-9618.947059052414,150.0,85.0,190.0,0.0,0.0,0.0,0.0,0.0,0.0,0.0,0.0,1.0,0.0,0.0,0.0,0.0,1.0,0.0,0.0,0.0,0.0,0.08,0.52,0.18,0.8,0.86,0.45,0.48,0.0,0.0,0.0,0.86,0.45,0.9596515108206923,0.9831957127842648,0.9482420361866123,0.9632755759487707,0.9685823066878549,0.984203928123694,0.9838709677419356,0.984203928123694,1.0034512697286178,0.9208494836486658,-56.33268700376097,28.47937704221141,0.902165795369679,16155.565064054288,17907.534454278717,75986.53493594572,80796.76554572128,0.9404650597423538,0.902165795369679,0.9404650597423538,0.9335165742525908,0.9666418228544651,111.07,53.36049299351322,6728.0,6534.0,5816.333333333333,2.8666666666666667,11107.666666666668,0.8901642689521477,3532.0,11107.666666666668,102.76666666666667,99.42687795859612,39.35844613068187,46.463103648849554,977851.9120986437,0.001,0.001,0.04666666666666667,0.04666666666666667,722829.4886353018,0.028996893213646457,399660.69932516717,0.013812222767989935,781249.4597481438,0.008049237506015994,65303.94047847784,-0.0003911030329105669,0.028996893213646457,25115.87238231108,25045.502946955,0.7283415361876344,88783.51990902287,0.7219753059702636,0.07618203524392907,0.07289621972342819,0.3571316836467658,0.2997,0.010838723320446931,0.183,1.0,1278309.1,0.0,22290.100000000002,0.0,997229.0969524445,334621.25,662607.8469524445,0.9783849093540931,2.263333333333333,101.05092967,99.506039853,101.05092967,101.05092967,1187690.5,700796.3500000001,1.6947726682651811,1.034957545770736,677125.6974392268,1065169.15,1.0032518360387215,1061716.621626884,197268.3,196628.89507274845,0.4,0.5,0.0,2.0,3.0,100.72261904761906,98.99952043606777,46.7309289025428,48.27345023593084,9529.147670516708,-1386.6966395827549,1.5823106384876544,530989.4996227485,290376.9201228878,87572.06230283913,20388.815789473683,-60.441616766467064,103094.76117103237,26885.81081081081,117.47104247104247,92142.1,724747.3650853114,83912.16130749369,83494.06961289399,1736688.0632201598,396123.5039979325,22056.13978885057,66352.04210470342,-101.62713866858944,778562.4307988886,536627.6248758003,2.364018275640533,0.6979987622510818,0.41430342966071076,39.585318315105624,0.49820595754068686,45059.0248088099,1342.786486577971,283360.9526607245,282718.4827091961,2910655.699325167,4265450.699325168,1612930.35,1187794.1284389468,0.11491600000000002,1.7801341749023578,23.639418618570257,0.8975621091797595,11.52181562190711,13.487789921706556,12.308205341826888,0.12732953458894544,-21351.586558331765,-3.8781445934293246,232.1826301456748,4.048609248115425,60.7781341207955
2017Q3,554075.0,301621.5,21327.8,90088.8,2352.7,107406.2,27210.9,82.2,4447.6,102532.7,98085.0,-462.8,557116.2,301727.0,21656.7,89730.8,2225.6,107602.6,27476.8,91.5,6605.2,98505.6,91900.4,31514.5,10415.8,1.0054887876190046,1.000349776126702,1.0154211873704744,0.9960261430943691,1.0018285722798126,1.0097718193812038,0.9607237495940321,0.9369465259723708,273600.1853591324,231893.0437910552,41709.58763586506,-1873.71,23611.8152525768,35221.0625,402798.8531117092,103890.68,3221.73,18319.31943379434,21892.469914314755,1003.4288747063692,3056.7575,70935.10135669791,30088.791482047214,299841.4028074821,77988.09851618159,25180.667172209654,22291.488541044928,45187.38733006605,130242.20392185904,100456.84598432292,21738.1052525768,72239.49999999999,3043.2131363656954,-9555.86598166346,151.0,86.0,191.0,0.0,0.0,0.0,0.0,0.0,0.0,0.0,0.0,1.0,0.0,0.0,0.0,0.0,1.0,0.0,0.0,0.0,0.0,0.08,0.52,0.18,0.8,0.86,0.45,0.48,0.0,0.0,0.0,0.86,0.45,0.9603972505056662,0.9818869707160579,0.9543432212128518,0.9647809825498965,0.9746832233409303,0.9878813205181779,0.9874917709019093,0.9878813205181779,1.0097718193812038,0.9242901576704509,-98.58838278311714,8.49675644686505,0.8583520039830721,14456.148279870942,16841.748155522495,77444.25172012905,81243.2518444775,0.9532391917100904,0.8583520039830721,0.9532391917100904,0.9369465259723708,0.9699207548740569,111.02333333333333,49.52091292746094,6755.666666666667,6567.666666666667,5852.666666666667,2.7999999999999994,11112.333333333334,0.8911333299497538,3533.483900009003,11112.333333333334,102.5,98.89042147477261,39.62177533734854,46.74795284641743,983070.6143621095,0.001,0.001,0.049999999999999996,0.049999999999999996,723368.1130911285,0.028996893213646457,402090.6530409956,0.013812222767989935,786711.5299617387,0.008049237506015994,66129.97897277013,-0.0003911030329105669,0.028996893213646457,25153.849811837965,25067.33567504558,0.7294705194526467,89120.31762383063,0.7219753059702636,0.0757271756113645,0.07289621972342819,0.3592588427809148,0.2997,0.01091865622681043,0.183,1.0,1281578.9,0.0,27703.899999999998,0.0,1006530.2228153138,332924.22500000003,673605.9978153137,0.9742305666481135,2.2433333333333336,101.55393873999999,100.332751869,101.55393873999999,101.55393873999999,1192034.95,702043.8250000001,1.697949483424343,1.038743314293532,675858.8145305875,1126141.725,1.0465831554356146,1076017.4374593971,204195.7,195107.00027940786,0.4,0.5,0.0,2.0,3.0,100.72261904761906,98.76371184878424,47.272478111889775,48.27345023593084,9611.745450215587,-1892.0675821127288,3.4671633835390376,537408.8422568431,289676.45929339476,88457.0189274448,20354.041353383458,2082.3353293413174,103623.4591679507,26522.007722007722,88.32046332046332,91900.4,726254.1431330609,84061.68780900165,83839.23797453009,1813250.4652750848,395984.1079170762,22080.810442759415,66941.21813952578,-102.16227672857528,779098.3218801272,538659.7468771671,2.861779298007962,0.8727861665319516,0.7853924643915167,40.0663428737193,1.2836091176166065,45655.26829836676,984.8516543858739,285785.4535365688,284225.4006763299,2922833.303040996,4334770.453040996,1614503.125,1191588.7451048943,0.11491303000000003,1.7742554967506374,24.666194438732187,0.8973883847102778,11.15596970218685,13.093599290211278,11.93102153739662,0.12301027148290944,-20647.47032845017,-3.706133537034136,230.03798848426956,4.972732797933358,59.75848934207981
2017Q4,554361.2,302584.1,20703.3,90437.6,3187.7,107382.1,27300.3,87.0,2904.3,103709.0,100804.7,-225.3,556799.0,303417.2,21054.5,90460.1,3111.6,107624.0,27601.8,102.6,3427.1,100106.7,96679.6,31578.8,11081.4,1.004397493908304,1.0027532841282805,1.0169634792520998,1.0002487903261474,1.0022527031972739,1.0110438346831354,0.9652653096645422,0.9590782969444878,273913.66533936514,231961.3354456663,41956.542079510655,-1863.14,22779.793547990103,35322.494999999995,407390.5913873553,109077.3575,3196.07,18383.51624639299,22458.79007627325,1036.0968360512284,3178.4075,71278.95831147619,31117.6562019273,298650.5462587976,78296.07752739992,25492.437372146636,22307.910891768803,45802.79780409328,130954.82533424272,102412.89137816722,20916.653547990107,77237.77750000001,-3673.407025691296,-9264.870642554071,152.0,87.0,192.0,0.0,0.0,0.0,0.0,0.0,0.0,0.0,0.0,1.0,0.0,0.0,0.0,0.0,1.0,0.0,0.0,0.0,0.0,0.08,0.52,0.18,0.8,0.86,0.45,0.48,0.0,0.0,0.0,0.86,0.45,0.9627047658681648,0.9860496750060602,0.9557927436579885,0.9651894291191004,0.9759110373389338,0.997241955704137,0.9967083607636605,0.997241955704137,1.0110438346831354,0.9330482369986312,-67.30818219807725,14.639186382567217,0.9756036843415485,16400.042961148552,16810.148653976456,80279.55703885146,83994.55134602354,0.955771008385201,0.9756036843415485,0.955771008385201,0.9590782969444878,0.968659700890954,112.92999999999999,58.542266743110154,6752.0,6568.333333333333,5863.0,2.7000000000000006,11110.666666666668,0.8926160872874905,3532.9539357200733,11110.666666666668,103.76666666666667,99.06111478628378,39.56359124094598,46.719028712155065,991368.4129348891,0.001,0.001,0.05333333333333334,0.05333333333333334,727985.5000000001,0.028996893213646457,402402.8,0.013812222767989935,788262.6000000003,0.008049237506015994,67560.60000000006,-0.0003911030329105669,0.028996893213646457,25329.71181353301,25084.589733406563,0.7312137418283859,89039.90327880588,0.7219753059702636,0.07804497167506277,0.07289621972342819,0.3577693096756725,0.2997,0.010716809296389603,0.183,1.0,1290204.7,0.0,23924.5,0.0,1015918.1000000002,331227.2,684690.9000000001,0.9769372445036103,2.3699999999999997,102.88331986333333,101.188160451,102.88331986333333,102.88331986333333,1196379.4,703291.3,1.7011150287228063,1.0425290828163278,674601.1325651483,1187114.3,1.1416796229910986,1039796.3457470378,224099.4,196289.21764661052,0.4,0.5,0.0,2.0,3.0,100.72261904761906,98.45109704271869,47.16182410519762,48.27345023593084,9616.710268241759,3922.280727076657,0.2066146279835426,536987.3541775503,291299.1551459293,89175.96608832807,19788.06390977443,2911.302395209581,103644.06779661016,26642.664092664094,99.03474903474903,96679.6,727804.4292986634,84236.4553375907,83901.71171784155,1821468.3000569525,395690.5122059417,22215.06269091512,67747.45046932626,-103.45454137024966,779652.2494467755,539011.9590239816,2.847662416212819,0.9864936494183105,0.9296399079751311,39.93856855568522,-0.4341346115991145,46973.122374362436,2529.155211727882,285135.62335336156,283887.2309844621,2951225.4,4407328.399999999,1621431.9,1197948.9000000001,0.11491412000000002,1.7883077187488756,25.2722033366025,0.8972147148726631,11.067397610317167,13.068597711366255,11.867877650736803,0.12251854433317465,-18814.077091693558,-3.3789710634705807,231.71821429276994,4.29679291809073,59.48775051679331
2018Q1,554797.9,302089.9,20164.3,91312.5,1568.4,108203.1,27551.1,66.1,4080.9,105402.8,101321.9,-238.4,558448.7,304580.2,20622.1,91441.2,1437.4,108734.8,27969.0,56.1,3607.9,101501.4,97893.5,32037.1,12058.4,1.0065804142373285,1.008243572525927,1.02270349082289,1.0014094455852156,1.0049139072725273,1.0151681784030402,0.9629858030336954,0.9661632875025045,277306.5260249839,235104.8016407005,42202.59856699684,-1711.7499999999998,23509.407688426472,29742.23,392088.9837134104,89450.275,3169.5675,18509.100227114493,22594.475069192908,1058.8274877396293,2699.8325,71712.51005602254,29826.36761153992,300756.2409338858,78332.26918474474,25436.200912184835,22186.59533354974,45839.89789048227,131750.88565795586,101102.46641420704,21797.657688426472,63242.56999999999,11447.565238151408,-6595.314296706871,153.0,88.0,193.0,0.0,0.0,0.0,0.0,0.0,0.0,0.0,0.0,1.0,0.0,0.0,0.0,0.0,1.0,0.0,0.0,0.0,0.0,0.08,0.52,0.18,0.8,0.86,0.45,0.48,0.0,0.0,0.0,0.86,0.45,0.9679757800748146,0.9871938540863718,0.9611874913748966,0.9677522219496604,0.9798920640955986,1.0025908900961134,1.0029624753127058,1.0025908900961134,1.0151681784030402,0.9380528537575911,-135.06355202674422,-11.002616592440951,1.0455563853622107,17418.760762796363,16659.800472417377,80474.73923720364,84662.09952758261,0.9505403207132284,1.0455563853622107,0.9505403207132284,0.9661632875025045,0.9709091118881353,108.21666666666665,67.22417693876233,6818.0,6648.0,5912.333333333333,2.466666666666667,11107.666666666668,0.889340152426795,3532.0,11107.666666666668,102.23333333333333,97.89366842635157,39.765146581840305,46.90306016096024,994050.3069927801,0.001,0.001,0.06,0.06,730592.8596880444,0.028947304160643228,404018.0995058206,0.014360924186996471,791592.7933899424,0.008689577135189974,68071.48314447829,0.003104156114020984,0.028947304160643228,27398.674661941615,27099.393440768523,0.6796680895988059,89784.50703082645,0.7219753059702636,0.07454785596298014,0.07289621972342819,0.34777140725004835,0.2997,0.010816116368703022,0.183,1.0,1289900.0,0.0,23586.6,0.0,1015576.2524956858,334311.275,681264.9774956858,0.9915086230840945,2.76,104.21270098000001,101.790870262,104.21270098000001,104.21270098000001,1202164.25,704888.6000000001,1.7054670057084196,1.0475700208036671,672879.6987329103,1131395.95,1.1525967696459503,981606.0393328513,229010.6,198690.99587217002,0.4,0.5,0.0,2.0,3.0,100.72261904761906,98.2667904804714,47.91225103209495,48.27345023593084,9624.285865837952,-5391.5755800207035,0.3151014176317317,538658.3363664026,292415.7066052227,90143.13880126183,19381.672932330825,1344.872754491018,104713.7904468413,26997.104247104246,54.15057915057915,97893.5,729564.5781142915,84271.90473748707,84292.87077215177,1801483.93562741,395049.10575863847,23115.504413740415,67895.57317636571,838.8745982277052,779765.1760865831,543116.7004833639,2.150771557243597,0.6423945106367321,0.8144440800275213,40.62075435630125,0.8693451914262702,46331.34792007371,1462.6377520702033,283842.1475421662,281986.559173446,2962128.574505821,4361789.57450582,1624211.275,1202682.4423383432,0.11491927000000002,1.7917340836956666,24.419664024275164,0.8968675390081896,11.172898516980549,13.332830067366626,12.03687113713498,0.12397526184224157,-20347.502320083,-3.6435759130754537,230.97913917607832,4.223592963865795,59.86427670079634
2018Q2,556986.7,302714.8,19556.5,92571.4,1670.4,108235.1,27892.2,-44.8,4675.8,106349.6,101673.8,-284.7,558877.6,304177.5,20132.1,93213.6,1764.3,108914.1,28525.7,-30.9,2181.2,102156.5,99975.3,33560.2,11908.5,1.0033948745993397,1.0048319408235078,1.0294326694449416,1.0069373478201693,1.0062733808163895,1.022712442905185,0.9605724892242189,0.9832946147385069,282054.3310336768,239394.58610721407,42661.67446114395,-1072.725,22938.48346036706,31926.6875,410730.1819940439,103379.455,3109.1625,18573.009099008552,22336.400317667456,1058.998476295903,3074.9275,72757.57561580765,30987.92386505229,296776.4581150031,78314.99617219031,26700.986081021365,22807.46633591127,46202.86512987463,132458.0458111235,103891.77507594827,21865.758460367066,74883.405,-5786.865435042069,-14712.540570371144,154.0,89.0,194.0,0.0,0.0,0.0,0.0,0.0,0.0,0.0,0.0,1.0,0.0,0.0,0.0,0.0,1.0,0.0,0.0,0.0,0.0,0.08,0.52,0.18,0.8,0.86,0.45,0.48,0.0,0.0,0.0,0.86,0.45,0.9647004040164244,0.9926432845230376,0.9675119073730654,0.9690614222037649,0.9871741726884025,1.01027998328458,1.0105332455562872,1.01027998328458,1.022712442905185,0.9452469903485965,76.72831592143757,14.917517442152288,1.1058003485187953,18839.74890706463,17037.20651951342,81135.55109293538,84636.59348048658,0.9586344128044522,1.1058003485187953,0.9586344128044522,0.9832946147385069,0.9678213823788027,109.08333333333333,70.1409648785909,6848.333333333333,6685.0,5952.666666666667,2.3666666666666667,11109.333333333332,0.8904512590376465,3543.0,11109.333333333332,103.26666666666667,99.63548407900944,40.21636008072809,47.38285323670234,1008622.1725695857,0.001,0.001,0.03666666666666667,0.03666666666666667,736663.7842550663,0.028947304160643228,405869.23075683793,0.014360924186996471,797677.2478390159,0.008689577135189974,68821.68848169393,0.003104156114020984,0.028947304160643228,27514.42655128962,27103.318579757426,0.6809948337235552,89777.88007042155,0.7230298339431467,0.07724148707986045,0.07289621972342819,0.375882579688886,0.2974,0.010592601135439483,0.183,1.0,1294248.8,0.0,23832.899999999994,0.0,1015234.5200200496,337395.35,677839.1700200497,0.9914027727602067,2.92,106.24270187666667,102.318027191,106.24270187666667,106.24270187666667,1207949.1,706485.9,1.7097993038502255,1.0526109587910062,671174.7527419305,1075677.6,1.1350782078650934,947668.2686236954,229795.8,202449.31001909584,0.4,0.5,0.0,2.0,3.0,100.72261904761906,97.97366724709377,47.55620316867076,48.27345023593084,9662.255794893461,153.9697461155829,1.5780881650777192,539063.6379606074,292029.0898617511,91890.37854889593,18921.14661654135,1650.7297904191616,104886.45993836672,27534.45945945946,-29.826254826254825,99975.3,731588.5003667858,84475.71099002301,84594.77490793585,1788943.6011785078,394264.96050069795,23208.293188709944,68121.40161180244,845.2180423736345,779962.3964416438,545225.7550966656,2.157078016472134,0.9609044888955769,0.8016494997661545,40.36349143327001,-1.2658858022396036,44874.55000584648,2107.138756034112,288550.51522500714,287574.2367532291,2973795.0807568375,4321140.080756838,1631644.15,1211354.7034935982,0.11492848000000001,1.8108550393924772,23.97077184862813,0.8980836105916775,11.230504038293489,13.480166173208183,12.130368892259366,0.1253368556752094,-16779.321015537855,-3.0023248409916334,231.58000964790858,4.264422120335472,60.37016870957075
2018Q3,554216.5,302895.5,19629.5,90366.0,2083.3,108227.7,27681.1,-19.5,3614.2,104796.2,101181.9,-261.5,555387.1,305609.4,20269.5,90661.8,1975.1,108761.5,28401.5,-9.9,-281.8,102297.2,102578.9,33611.8,12046.4,1.0021121709656786,1.008959855791849,1.0326039888942662,1.003273355022907,1.004932193883821,1.0260249773311032,0.9761537154973177,1.013806817227192,281948.2950550475,239080.90621982832,42866.2703937092,-984.045,23121.478559608884,31717.3875,406131.9236146564,98544.775,3178.0175,18643.97005885664,22261.461662032183,1068.8302709335635,3011.6975,72959.52943148118,30868.6636288508,302275.4283183708,78391.43092616844,26754.620893352367,22333.50970086354,45663.80163382928,133120.8829967158,103287.08615603246,22137.43355960889,70328.8075,-4952.410745201458,-9074.970662122068,155.0,90.0,195.0,0.0,0.0,0.0,0.0,0.0,0.0,0.0,0.0,1.0,0.0,0.0,0.0,0.0,1.0,0.0,0.0,0.0,0.0,0.08,0.52,0.18,0.8,0.86,0.45,0.48,0.0,0.0,0.0,0.86,0.45,0.9686634560213604,0.9890313042418247,0.9704924707652878,0.9677698323226319,0.9903715997404471,1.0186376932720433,1.0187623436471365,1.0186376932720433,1.0260249773311032,0.9530667040344717,-147.0279063936482,10.107487057956513,1.2013940751804832,20720.551065166277,17247.089438204086,81858.34893483372,83934.81056179591,0.9752610196762949,1.2013940751804832,0.9752610196762949,1.013806817227192,0.9663004788802689,111.46,76.32587237471485,6848.666666666667,6683.0,5967.666666666667,2.433333333333333,11105.333333333334,0.8929622425058606,3553.0,11105.333333333334,101.93333333333334,97.89586127145262,40.06271120256297,47.24598587751452,1011363.6285405267,0.0013333333333333333,0.0013333333333333333,0.09999999999999999,0.09999999999999999,735401.8628940403,0.028947304160643228,406340.332601606,0.014360924186996471,800407.3463082103,0.008689577135189974,69669.40181834204,0.003104156114020984,0.028947304160643228,27725.911896332716,27110.173625709143,0.6843359233746367,89675.23429900361,0.7230298339431467,0.07669386309493467,0.07289621972342819,0.3721045664231821,0.2974,0.010419591854987366,0.183,1.0,1286380.3,0.0,21283.6,0.0,1014892.9025343856,340479.425,674413.4775343856,0.9933703146768323,2.926666666666667,107.06907392333333,102.634628694,107.06907392333333,107.06907392333333,1213733.95,708083.2,1.7141120563233248,1.0576518967783453,669486.0588411489,1019959.25,1.1163244317342678,913676.3659426861,236809.2,212132.9546036224,0.4,0.5,0.0,2.0,3.0,100.72261904761906,97.73572391551065,48.2614742481375,48.27345023593084,9614.20010343258,-12066.804902133614,-1.989419136938066,535539.6693533466,293403.801843318,89374.80283911673,19050.281954887218,1847.9603293413172,104739.50308166411,27414.57528957529,-9.555984555984557,102578.90000000001,733002.4855262397,84710.0593621848,85297.72250784746,1772640.3891592105,393510.32629335823,23314.629010934103,68394.68270072716,854.5330603107909,780105.1280352164,546168.4793577285,1.4735417634748231,0.7276126212935379,0.8442585550945574,40.92380482916865,-0.5113454996163138,44846.26345771777,2297.986239498663,288228.920420884,287621.41481939505,2978092.457601606,4266893.257601606,1626859.725,1211411.5973139883,0.11494175000000002,1.8248529744973792,22.743461134987186,0.8947890616293754,11.179332515025754,13.635765021253071,12.161905517516681,0.12586049353519593,-16793.219608534455,-3.023696374750954,231.6186854177924,3.832210002717024,61.304885367341086
2018Q4,552790.9,302458.0,19961.7,91898.8,3231.1,108985.8,27276.1,-53.4,-906.5,105076.3,105982.8,-60.7,553492.9,304904.5,20590.4,92801.4,3309.1,109040.3,28062.8,-72.6,-5143.1,101561.3,106704.4,34616.5,12480.1,1.0012699196025114,1.0080887263686198,1.0314953135254012,1.009821673405964,1.0005000651461016,1.0288420998603174,0.9665481178914751,1.0068086519699422,283393.9886941931,240373.20579334444,43016.75473553708,-778.4275,25583.857494281947,30590.077500000003,399265.8261884751,87421.935,3248.705,18747.795323979542,22525.540587647323,1097.7701493741465,2946.595,73267.94855149394,30857.455488824544,306803.97249495663,78481.19710071571,26931.26824024863,22275.877627912887,45899.18836493436,133711.2021596228,103687.91209400754,24805.429994281945,60476.33,-300.32171303220093,-7119.744253915676,156.0,91.0,196.0,0.0,0.0,0.0,0.0,0.0,0.0,0.0,0.0,1.0,0.0,0.0,0.0,0.0,1.0,0.0,0.0,0.0,0.0,0.08,0.52,0.18,0.8,0.86,0.45,0.48,0.0,0.0,0.0,0.86,0.45,0.9678271182494429,0.9954866654238604,0.9694504826366552,0.96350160356905,0.9930908299810013,1.0193063100710404,1.0194206714944043,1.0193063100710404,1.0288420998603174,0.9536922811293418,15.619381529461407,-17.659831867459047,1.251680358476475,20530.9529473259,16402.712408394615,86173.44705267409,89580.08759160539,0.9619710068328786,1.251680358476475,0.9619710068328786,1.0068086519699422,0.9651778166118002,112.85000000000001,77.36216991756076,6881.0,6712.0,5982.666666666667,2.466666666666667,11107.666666666668,0.8913388955105285,3560.0,11107.666666666668,104.66666666666667,97.92591208910929,40.17827152774868,47.369175734487364,1015764.242233359,0.001,0.001,0.06999999999999999,0.06999999999999999,741975.3000000003,0.028947304160643228,405222.5000000002,0.014360924186996471,802646.4,0.008689577135189974,70326.0,0.003104156114020984,0.028947304160643228,27820.80550127163,27115.134734477055,0.6910688467637519,90247.3751092012,0.7230298339431467,0.07619830003280793,0.07289621972342819,0.37706642749462754,0.2974,0.010287955786023319,0.183,1.0,1306996.8,0.0,16993.300000000003,0.0,1014551.4000000004,343563.5,670987.9000000004,0.9965805569602334,3.033333333333333,106.70978172999999,102.805407822,106.70978172999999,106.70978172999999,1219518.8,709680.5,1.7184053951038532,1.0626928347656845,667813.385752694,964240.9,1.056157677797022,912970.5916745822,190728.1,180586.76654969613,0.4,0.5,0.0,2.0,3.0,100.72261904761906,97.08314710520916,48.372463144773164,48.27345023593084,9589.469689113532,16658.223686196394,-1.0289119865611918,533541.513904872,292727.05453149,91484.02996845427,19351.879699248122,3096.0890718562873,105007.99306625577,27087.64478764479,-70.07722007722008,106704.4,734758.7396272041,84873.78359614218,85151.60562198973,1759549.065095232,392849.57933065906,23341.690842442375,68993.98081338144,865.0587984583644,780145.369351597,547056.6098712713,1.0482078134615846,0.957050203149473,0.8423314122215054,41.02925433177257,-0.3361904535519409,41881.5546668673,184.5764015212792,288339.85925459035,287974.1552298473,2956191.4,4239542.5,1650560.3,1217523.8000000005,0.11495908000000002,1.8375198329664235,23.02304457582172,0.8963471844204466,11.239585190639252,13.657314828395785,12.206677045741866,0.12647075839965619,-15833.105255214427,-2.860579648847244,236.1361455585067,3.070192950984557,62.071889269040305
2019Q1,554140.6,301471.1,20470.2,91893.8,1613.6,109313.7,27860.5,-159.9,1811.4,103788.2,101976.8,-133.8,558790.7,304543.1,21162.1,92828.8,1580.5,109737.8,28706.0,-160.3,392.7,98940.3,98547.6,33765.7,12113.3,1.0083915526131815,1.010190031482288,1.0338003536848686,1.0101747887235046,1.0038796600974993,1.0303476247734247,0.9532904511302827,0.9663727436044277,282095.39416738704,238968.7600192968,43123.485170675005,-732.2049999999997,22646.87409574507,32393.435,396635.9382631321,89006.07249999998,3312.9575,18817.70459950216,22902.89833780762,1061.1251246499216,2946.2975,73133.30538982389,31975.398655173856,305068.5846178323,78987.04818014034,26381.560703489868,22091.596047571704,46055.619510029246,134248.50782928953,104412.57886869296,21914.66909574507,60232.43999999998,6449.33189754904,-5945.462780442438,157.0,92.0,197.0,0.0,0.0,0.0,0.0,0.0,0.0,0.0,0.0,1.0,0.0,0.0,0.0,1.0,1.0,0.0,0.0,0.0,0.0,0.08,0.52,0.18,0.8,0.86,0.45,0.48,0.0,0.0,0.0,0.86,0.45,0.9698445002710138,0.9958347680633918,0.9716168737639742,0.9667562212032929,0.9945440393565875,1.011617216882574,1.0118499012508229,1.011617216882574,1.0303476247734247,0.9464981445383366,-51.845541161721485,4.452585201270608,1.070450585013692,16319.825803729796,15245.753547344786,82227.77419627021,86731.04645265522,0.9480777363980815,1.070450585013692,0.9480777363980815,0.9663727436044277,0.9724702472774955,110.18333333333334,63.554043721317896,6893.666666666667,6723.333333333333,5995.333333333333,2.466666666666667,11104.0,0.8917203767972236,3570.0,11104.0,101.60000000000001,96.14701209384276,39.859128214049285,47.05249541321923,1017400.5533721803,0.001,0.001,0.001,0.001,744477.0909921953,0.028245596752919655,405976.00643895863,0.013401075920961347,806762.469025391,0.005268535708600364,69964.58688529352,0.003238560802727053,0.028245596752919655,16915.084879118123,16440.894945312433,1.140143557220325,90568.71955316582,0.7230298339431467,0.07857655648131742,0.07289621972342819,0.3923913519450431,0.2974,0.010767640456489267,0.183,1.0,1319420.3,0.0,22045.099999999995,0.0,1032697.624968628,347532.175,685165.4499686281,0.9955100003347269,2.6533333333333333,105.47022365999999,103.451408598,105.47022365999999,105.47022365999999,1225873.55,712872.425,1.719625429472882,1.0682303855535258,667339.5876401797,988671.625,1.0176018044870505,971570.235666363,201227.0,197746.30814597843,0.4,0.5,0.0,2.0,3.0,100.72261904761906,96.62444325480693,48.93807346534533,48.27345023593084,9612.88343785541,8224.735941176677,0.9766441524272221,538885.2463084997,292380.0883256528,91511.04100946372,19889.191729323305,1478.7612275449103,105679.69953775039,27708.49420849421,-154.72972972972974,98547.6,736978.4905570104,83014.79628077398,83830.14049770638,1838247.5681634936,392702.5222925311,21721.669949527048,69161.12707225191,911.0201080503309,783000.2706152688,547751.0620678962,1.1665039786470959,0.8753006252269399,0.9161754141882064,41.456439826903214,2.8450402319075816,40393.97216656771,-2141.2278312653257,288367.17330252967,285967.46229700634,2987027.906438959,4287473.656438959,1666952.475,1220417.6843164475,0.11498047000000002,1.8359971338901722,24.475721796389198,0.8999476467666385,10.848015342930974,13.230755679699378,11.801111477638337,0.12135190264870772,-16795.056235293287,-3.005607687331462,236.1206619938378,3.9451443984303958,62.19362186951215
2019Q2,556645.5,302155.3,20755.0,91304.8,3213.9,110267.7,28339.4,-29.8,774.3,104258.3,103484.1,-135.0,560867.9,305507.4,21539.0,92458.9,3267.7,111119.4,29300.1,-18.7,-2305.9,98064.2,100370.1,34575.2,12487.6,1.0075854381289349,1.0110939639317928,1.0377740303541316,1.0126400802586502,1.0077239300357221,1.033899800278058,0.9405889027540253,0.9699084207139068,287769.6795875403,243961.21174363175,43809.90428383953,-456.6624999999999,23183.888944896746,31158.915,409847.956032437,95952.455,3084.515,18908.14616107395,23383.291107034453,986.8360739216916,3122.0175,74221.9555349695,29810.99475502753,304281.3481774256,79250.24372079648,25188.89255675589,22392.242972445496,46762.37015340164,134607.5416346274,101762.25746518506,22727.226444896747,68192.135,-5140.350320465979,-13048.428785810887,158.0,93.0,198.0,0.0,0.0,0.0,0.0,0.0,0.0,0.0,0.0,1.0,0.0,0.0,0.0,0.0,1.0,0.0,0.0,0.0,0.0,0.08,0.52,0.18,0.8,0.86,0.45,0.48,0.0,0.0,0.0,0.86,0.45,0.9707123309637027,0.9982650633464611,0.9753515322877176,0.9704583301576677,0.9979727801911756,1.015963226076055,1.0161290322580645,1.015963226076055,1.033899800278058,0.9505643956549915,2.4957877141669087,12.110214048286128,1.1028130445606175,18998.545962760225,17227.349691288448,81371.55403723978,86256.75030871156,0.9433644757774001,1.1028130445606175,0.9433644757774001,0.9699084207139068,0.9713924755569692,109.82,71.918171020445,6900.0,6737.666666666667,6022.0,2.3333333333333335,11101.666666666668,0.8937812299015485,3577.0,11101.666666666668,102.10000000000001,96.4467745598439,40.51165920684685,47.78639647750586,1032722.9057532897,0.002,0.002,0.001,0.001,748329.1646346407,0.028245596752919655,407459.80199023,0.013401075920961347,812603.7378654963,0.005268535708600364,70854.52878064504,0.003238560802727053,0.028245596752919655,17001.827505675472,16501.05954232117,1.137091852292708,91504.47964022975,0.739335069694749,0.07290870471194129,0.07289621972342819,0.37889289246674457,0.2974,0.009831972608592515,0.183,1.0,1331168.1,0.0,19781.699999999997,0.0,1051168.4125770726,351500.85,699667.5625770726,0.9971894688599696,2.3333333333333335,106.94332165666667,104.114072867,106.94332165666667,106.94332165666667,1232228.3,716064.3500000001,1.7208345870032489,1.073767936341367,666870.6763957165,1013102.3500000001,1.0108070514627894,1002270.7583350246,196001.8,193906.2452288555,0.4,0.5,0.0,2.0,3.0,100.72261904761906,96.25253173040407,49.54690988432698,48.27345023593084,9656.336871376585,6568.16099121727,1.8081331705347152,540721.2502526469,293305.87557603687,91146.39195583596,20243.42105263158,3057.3540419161677,107010.20801232665,28281.949806949804,-18.050193050193048,100370.1,738988.2932971617,83265.58903939488,84112.79881580888,1822695.7902608502,392628.6359769359,21762.06113750871,69741.23370026473,906.3382746628114,785959.8557296887,548570.5311302639,1.4720019416826058,0.5663443163396574,0.7208224707832986,42.00416176873797,-0.3197624899405863,40252.3542293881,1213.1912082121646,294145.88801833976,291931.45999069075,3002194.90199023,4335459.40199023,1682668.9500000002,1226643.4954055157,0.11500592000000003,1.8552613930289379,25.16877259468063,0.8999476467666385,11.063157057941787,13.261144322503513,11.942351963766477,0.12294054426269946,-20718.556035131107,-3.694017082298899,237.34075350006657,3.5269802390188487,62.67088025540416
2019Q3,557714.9,304902.1,20895.7,93809.5,130.0,110982.1,28163.4,-47.6,-993.1,104700.9,105693.9,-127.3,561505.7,308252.9,21716.3,94196.4,-44.5,111322.9,29193.1,-34.0,-3097.4,97214.9,100312.3,35289.7,12896.7,1.0067970212020514,1.0109897570400468,1.0392712376230515,1.0041243157675928,1.0030707654657822,1.036561636734201,0.9285010921587111,0.9490831542785346,287110.60118932475,243305.74856541317,43804.71636372137,-543.3775,22843.28642088641,30054.7075,405974.2926102112,93121.835,3127.2625,19007.08194846152,23582.162944150245,989.0603326421776,2919.1100000000006,74242.42230653347,30502.787879221232,306733.83964192093,79619.77863665696,25486.73855323501,22482.60864265732,47053.83191944974,134810.86830930962,103043.35835190598,22299.908920886413,66509.07499999998,-1021.1828389705624,-8149.32391919248,159.0,94.0,199.0,0.0,0.0,0.0,0.0,0.0,0.0,0.0,0.0,1.0,0.0,0.0,0.0,0.0,1.0,0.0,0.0,0.0,0.0,0.08,0.52,0.18,0.8,0.86,0.45,0.48,0.0,0.0,0.0,0.86,0.45,0.9706122859447454,0.9898701851021222,0.9767586819765521,0.9659772394701293,1.000542120399808,1.0096113664855828,1.0098749177090192,1.0096113664855828,1.036561636734201,0.9446214132537265,-175.74947764312577,15.340333908547969,1.006970375902415,17048.489223411816,16930.47743150686,83263.81077658819,88763.42256849313,0.9380419137436793,1.006970375902415,0.9380419137436793,0.9490831542785346,0.9707899220929432,107.32333333333334,66.34270302227421,6913.0,6753.666666666667,6042.666666666667,2.3333333333333335,11104.666666666668,0.8947238537090964,3585.0,11104.666666666668,100.2,96.66147493384469,40.2646318234907,47.5138903115608,1034136.445957476,0.002,0.002,0.001,0.001,744625.9615047523,0.028245596752919655,408008.44592191343,0.013401075920961347,817701.8553670286,0.005268535708600364,70172.38519570316,0.003238560802727053,0.028245596752919655,17124.92723954599,16563.43026175302,1.1440199305737166,92033.20566188672,0.739335069694749,0.07435623774366573,0.07289621972342819,0.393268785548416,0.2974,0.009859811136243289,0.183,1.0,1337627.8,0.0,19295.599999999995,0.0,1069969.567939471,355469.525,714500.042939471,0.9975669333374301,1.7966666666666666,105.95526811999999,104.70734985,105.95526811999999,105.95526811999999,1238583.05,719256.275,1.7220330125030887,1.0793054871292083,666406.5768007115,1037533.0750000001,0.9996364173413355,1037910.441237681,199106.6,199179.01803692806,0.4,0.5,0.0,2.0,3.0,100.72261904761906,95.8661987782457,49.154940315238726,48.27345023593084,9674.888151590383,1535.753461784513,0.7684603576243935,541424.0043210736,295941.7242703533,92859.22712933754,20410.056390977443,-41.63547904191617,107206.18258859783,28178.66795366795,-32.818532818532816,100312.3,741567.5029595618,83492.6613503998,84548.01529087714,1802512.3500625412,392590.9148174656,21841.598964843797,69504.35338299573,917.8667984187714,788859.8481642504,549588.5668472374,1.4786212164820005,0.08481843362284257,0.32558137498125,41.655304609253996,-0.3129925848660722,38741.30183711368,-1787.9981562099272,292039.877140227,290068.27691201353,3019468.6459219134,4377221.895921914,1693097.3250000002,1222806.792622369,0.11503543000000002,1.8542385113926059,26.781058606710435,0.8999476467666385,11.347649099312058,13.207951293935782,12.091769977161547,0.12455598994160019,-19695.78615286176,-3.507673413263973,238.22158884584786,3.436403227963669,63.30648557975459
2019Q4,541536.0,294519.7,20497.7,86665.3,1246.9,111346.4,28063.0,8.5,-698.4,102680.0,103378.4,-113.0,550225.3,299243.4,21649.8,87886.0,1007.4,112658.3,29401.9,14.7,-1636.1,95437.5,97073.6,33912.7,12727.7,1.0160456553211605,1.0160386554787337,1.0562063060733642,1.0140852221131178,1.0117821501189084,1.047710508498735,0.9294653291780288,0.9390124049124383,289842.3043369401,245809.05751028948,44027.08389690902,-150.80000000000007,22469.38732343752,29141.2575,392330.3491603776,76694.45,3169.9775,19142.803320982548,22745.60610929706,924.5792857632532,3089.5575,74717.36459969675,30434.09366993651,311109.14583578915,79520.4788234125,26077.930261709404,22340.03827650089,46010.22367156121,134908.19920134332,102522.24760320711,22318.58732343752,51028.2,1251.0854667178355,-4712.823878367664,160.0,95.0,200.0,0.0,0.0,0.0,0.0,0.0,0.0,0.0,0.0,1.0,0.0,0.0,0.0,0.0,1.0,0.0,0.0,0.0,1.0,0.1,0.52,0.18,0.8,0.86,0.45,0.48,0.0,0.0,0.0,0.86,0.45,0.9658162124322563,0.9961544421543397,0.9779688019197816,0.9654409829378896,1.002593788037067,1.0213121604680315,1.0062541145490456,1.0213121604680315,1.047710508498735,0.94043477022839,-266.0741328875887,5.7944606777607515,0.9950211600697041,15489.403811506332,15566.908959424798,81584.19618849368,87811.4910405752,0.9290833719108121,0.9950211600697041,0.9290833719108121,0.9390124049124383,0.9708861358409262,108.72666666666667,65.74350162282808,6942.0,6782.333333333333,6054.0,2.3000000000000003,11102.333333333332,0.8926131616454515,3591.0,11102.333333333332,95.60000000000001,95.53054865234425,40.60275148832003,47.87616523570203,1040949.4846257636,0.002,0.002,0.001,0.001,752743.1000000001,0.028245596752919655,414512.60000000003,0.013401075920961347,829492.7999999997,0.005268535708600364,71007.60000000002,0.003238560802727053,0.028245596752919655,17232.36569595984,16624.545116537658,1.1380694176471897,92426.51362057254,0.739335069694749,0.07394852657583682,0.07289621972342819,0.40840894724175475,0.2974,0.009524518363007585,0.183,1.0,1332530.8,0.0,19548.899999999998,0.0,1089107.0000000005,359438.2,729668.8000000005,0.997415952886538,1.7933333333333332,105.90137428999999,104.779977339,105.90137428999999,105.90137428999999,1244937.8,722448.2000000001,1.7232208482213671,1.0848430379170497,665947.2151723765,1061963.8,1.082494595937219,981033.8120723425,207136.7,191351.25549579487,0.4,0.5,0.0,2.0,3.0,100.72261904761906,95.63640219742555,50.11607900414501,48.27345023593084,9394.226745707618,-10290.644146296028,-11.603706481573308,525769.7944587518,284451.90114068444,86332.0235756385,20046.11111111111,927.6243093922651,107498.37786259543,28135.78947368421,14.066985645933014,97073.6,742287.8113058965,83784.06661466134,84129.61856167323,1727616.1405373558,392454.19916211703,21871.008640772056,69525.85384615388,909.0301445146736,791719.461885116,552070.4707070936,-1.9081750004851763,0.06708042946963172,0.07594943154623715,42.50237443530444,3.6744781418073194,36377.2074449664,3282.493628028699,293352.5823907193,288719.8826690459,3036066.5000000005,4413383.199999999,1691969.0,1238263.3000000003,0.11506900000000002,1.9222165924809498,29.193109493261733,0.8999476467666385,11.659648205824949,13.138553716691254,12.25121041017147,0.12618586215117977,-20774.576585184117,-3.7756490995932235,242.1791218978844,3.552890061580228,65.32564024227894
2020Q1,544380.8,296927.9,19552.7,90297.5,-1174.6,111324.8,27909.9,27.6,-508.0,98868.7,99376.7,23.0,554403.6,302718.3,20734.8,91633.8,-788.2,112100.1,29323.2,13.0,-1331.4,92276.6,93608.0,33637.5,11637.5,1.0184113767421628,1.019501030384817,1.060457123568612,1.0147988593261166,1.0069643062462272,1.0506379456751904,0.9333247023577735,0.9419511817156335,286919.20540710154,243326.3380414702,43600.45100722935,-34.337499999999864,21548.676887370635,33124.5225,401069.4522944722,89135.17249999999,3213.8900000000003,19053.011246062026,22861.491423011183,866.8929586614427,3670.785,74414.02438886854,30769.689678910425,310498.254596944,79201.5140615117,27306.356408941185,22341.29917226352,46069.68355393615,134756.11612465663,104145.72964178777,21514.339387370637,59511.38499999999,-1820.9669730649912,-5111.950191261014,161.0,96.0,201.0,0.0,0.0,0.0,0.0,0.0,0.0,0.0,0.0,1.0,0.0,0.0,0.0,0.0,1.0,0.0,0.0,0.0,1.0,0.1,0.52,0.18,0.8,0.86,0.45,0.48,0.0,0.0,0.0,0.86,0.45,0.9691074433315752,0.9968554610276195,0.981904744045011,0.9608438036700642,1.0053951633255411,1.018303384872545,1.002633311389072,1.018303384872545,1.0506379456751904,0.937664258630336,407.8991558712912,-15.997607300635256,1.0151854617874034,15244.773966802719,15016.737867740689,78363.22603319728,84359.9621322593,0.928914902905476,1.0151854617874034,0.928914902905476,0.9419511817156335,0.9734894455318298,108.92,67.52412043459444,6935.0,6765.333333333333,6064.0,2.433333333333333,11102.0,0.8963342530547892,3600.0,11102.0,94.56666666666666,95.63292180201239,40.12637500683876,47.3151723956302,1046650.1090945906,0.002,0.002,0.001,0.001,754980.7077175078,0.028144605521608745,415924.722394015,0.013070829103494386,832065.1103008641,0.008506983993034123,70503.44492085832,0.0013830449531616051,0.028144605521608745,28225.92788774821,26940.57915692108,0.7023322639133643,92403.56204958243,0.739335069694749,0.0745147920717649,0.07289621972342819,0.4440746629437238,0.2974,0.00926088538011113,0.183,1.0,1327298.2,0.0,20668.6,0.0,1103883.3796347687,360107.275,743776.1046347687,0.9874858181462071,1.3766666666666667,104.91332075666666,103.035379471,104.91332075666666,104.91332075666666,1249840.875,722459.5750000001,1.7299803591086738,1.0891155941669564,663345.1755436442,1065785.775,1.0256790322364095,1039102.6251907878,154750.8,150876.43905772208,0.4,0.5,0.0,2.0,3.0,100.72261904761906,95.16082872352261,49.4758201507073,48.27345023593084,9443.576551161344,-10001.010350116701,2.101282278555846,529948.963150174,287755.0380228136,90013.55599214147,19198.888888888887,-725.7826887661141,106965.74427480916,28060.47846889952,12.440191387559809,93608.0,743970.7886731933,83565.59053081123,84742.63043445155,1759124.8814638392,392212.67239392025,21672.09342338051,69236.18831894861,392.8268112644721,791961.7920958862,551433.6266233013,-1.2789982842521181,0.10249621693894435,0.08478832320428803,41.95874626722362,0.9313445350069206,34083.89290508103,-844.3308944491713,294061.5279008344,288745.3288684968,2980540.5723940153,4418956.847394015,1687405.475,1241408.8750323812,0.11510663000000002,1.9226433208051985,31.269484913829153,0.8999476467666385,11.617376158902204,12.892456188151076,12.127408170601754,0.12457667852758686,-19073.641400466433,-3.4403891678312397,239.41009762562868,3.728078244802162,64.95399290336499
2020Q2,502967.4,272620.5,19566.2,84120.5,1045.5,112013.5,29892.0,-91.4,-17380.5,81467.4,98847.9,1181.0,513819.8,277178.3,20513.2,84559.8,-80.2,112040.3,31043.1,-100.7,-11334.1,72725.2,84059.3,28698.5,10741.1,1.021576746325905,1.0167184786177121,1.0483997914771392,1.0052222704334854,1.0002392568752874,1.0385086310718585,0.8926908186587519,0.8503903471899757,280508.5491735175,237217.47901411963,43289.59181073003,-924.9675,23146.31736676763,27040.34,355810.90154028515,49453.3625,3304.53,19175.748394612925,24533.185609783734,839.6772265881219,3060.1075,73259.3932296926,30467.81198915141,338195.0144458169,80586.88679237022,24698.69432043711,21232.69163771745,46605.5544740893,135019.11622263657,101772.06078367782,22221.349866767632,26040.6625,-2598.26473701105,30640.126332005544,162.0,97.0,202.0,1.0,0.0,0.0,0.0,0.0,0.0,0.0,0.0,1.0,0.0,0.0,0.0,0.0,1.0,0.0,0.0,0.0,1.0,0.1,0.52,0.18,0.8,0.86,0.45,0.48,0.0,0.0,0.0,0.86,0.45,0.9664624321461142,0.9874482027833845,0.9707405476640177,0.9544267718275642,0.9937881637051279,0.993564563309653,0.9782751810401581,0.993564563309653,1.0385086310718585,0.9148844966018904,-1118.9717509402424,-5.780311120032124,0.628080657206871,10406.737673735679,16569.11027958629,73652.56232626432,82278.78972041371,0.8951585527271169,0.628080657206871,0.8951585527271169,0.8503903471899757,0.9755035775697218,107.57666666666667,32.39435837448869,6857.0,6668.666666666667,5960.333333333333,2.733333333333333,11100.0,0.8937818654403678,3608.0,11100.0,75.3,90.93284024025563,39.79936452336888,47.062560680082356,1088034.3493701273,0.0023333333333333335,0.0023333333333333335,0.001,0.001,747947.8430693843,0.028144605521608745,410949.31543944014,0.013070829103494386,823223.2846908432,0.008506983993034123,68675.43268808241,0.0013830449531616051,0.028144605521608745,28313.458297966492,26948.825153817288,0.7113913668954985,92842.33843759813,0.7444513461922084,0.0723123940056055,0.07289621972342819,0.4028480550381043,0.2974,0.009989105626481804,0.183,1.0,1364136.2,0.0,6623.300000000001,0.0,1118860.2367204311,360776.35,758083.8867204312,0.9972598443061167,0.6866666666666666,101.53597413333334,92.805669483,101.53597413333334,101.53597413333334,1254743.9500000002,722470.9500000001,1.7367396571446923,1.0933881504168632,660763.4715307205,1069607.75,0.963716384044253,1109878.1422718705,171221.0,177667.41630091213,0.4,0.5,0.0,2.0,3.0,100.72261904761906,94.88925781490747,51.755296057768945,48.27345023593084,8725.162872457273,30459.21575765845,-30.4297286017435,490646.49810094136,263477.4714828897,83064.63654223969,18993.703703703704,-73.84898710865562,106908.68320610686,29706.315789473683,-96.36363636363637,84059.3,744062.149306386,83755.05746722867,84994.536780537,1591901.556010675,391977.6775808344,21745.923865322056,69120.25169186626,390.03773471320125,792697.5858074318,548399.5290363815,-8.284494539266365,-1.083565974633582,-0.4905348788473188,43.76786694247548,1.2432577467341215,30318.79598296717,-6913.352641498822,284408.57074704376,278401.57067975326,3029553.8154394403,4460213.56543944,1724912.5499999998,1227572.5911969068,0.11514832000000001,2.163230359204448,35.27870139041458,0.8999476467666385,12.056098420492766,12.934518933430992,12.407466625668057,0.12719037542208564,-25515.136969366198,-4.965775349522575,265.48922404313726,1.289031679978078,70.21456744173736
2020Q3,530361.8,287300.7,18602.3,84468.1,-1630.3,114067.2,29424.4,-29.0,-2102.7,89329.1,91431.8,261.1,540410.8,291462.4,19573.7,84587.6,-1771.9,113997.1,30749.0,-10.9,1823.8,81396.7,79572.8,29449.4,10640.1,1.0189474430473688,1.0144855198751692,1.0522193492202578,1.0014147352669232,0.9993854499803625,1.0450170606707359,0.9112002695650129,0.8702967676453925,282189.75418135093,238883.55203867017,43307.19583374062,-755.2762499999999,21802.33360639735,28240.874375,374184.00653774827,67350.60062499999,3314.631875,19301.257506676404,26475.09782962299,788.6386315021865,3043.84875,73446.52120906427,30370.576281794427,317355.2876520664,81318.89552441087,24953.81845683994,21872.482680316243,49136.21914144143,135552.9704672891,104460.6138800758,21047.057356397352,42706.32062499999,3390.7526035212795,7620.527455765929,163.0,98.0,203.0,0.0,1.0,0.0,0.0,0.0,0.0,0.0,0.0,1.0,0.0,0.0,0.0,0.0,1.0,0.0,0.0,0.0,1.0,0.1,0.52,0.18,0.8,0.86,0.45,0.48,0.0,0.0,0.0,0.86,0.45,0.9643398477900847,0.983707991421339,0.9742771752039424,0.9536120705919489,1.0000163260007042,1.0012536564981194,0.9858459512837394,1.0012536564981194,1.0450170606707359,0.9219646929080288,-139.55616381111622,19.405494759451337,0.6691560866318149,9396.587416919316,14042.444811668483,70176.21258308069,77389.35518833152,0.9067941244929975,0.6691560866318149,0.9067941244929975,0.8702967676453925,0.9741536425513881,106.14666666666666,40.839458411493204,6886.0,6683.333333333333,5973.666666666667,2.966666666666667,11100.0,0.8938154613466335,3614.0,11100.0,85.06666666666666,93.46372790336737,39.989434524636486,47.23895220936626,1121908.6296955517,0.002,0.002,0.02666666666666667,0.02666666666666667,745290.7381478867,0.028144605521608745,411948.90413879626,0.013070829103494386,829022.7144441226,0.008506983993034123,68668.21348422053,0.0013830449531616051,0.028144605521608745,28012.5892222319,26973.86269512246,0.7159940942522199,94754.07361112205,0.7444513461922084,0.07166940450284415,0.07289621972342819,0.4914845970169593,0.2974,0.009910907137893683,0.183,1.0,1395251.4,0.0,20633.1,0.0,1134040.2912201544,361445.425,772594.8662201543,0.9875568340330512,0.65,103.87137339333333,101.360564622,103.87137339333333,103.87137339333333,1259647.0250000001,722482.3250000001,1.7434987423394752,1.0976607066667698,658201.8656693455,1073429.725,1.0286972516480712,1043484.5852657458,179315.7,174313.38492711936,0.4,0.5,0.0,2.0,3.0,100.72261904761906,94.63620329205732,50.542550858025756,48.27345023593084,9200.383735267156,24915.734406835305,21.78622312300958,516653.87934011087,277055.5133079848,83091.94499017681,18123.796296296296,-1631.58379373849,108775.85877862594,29424.88038277512,-10.43062200956938,79572.8,744237.8386305973,83765.34270315433,84202.78797570379,1674713.4745842705,391504.7793447907,21485.793089227715,68582.23491975783,379.9248423417676,793310.2201336513,550053.4818123352,-3.5799576701985996,-0.6225254355092484,-0.8530457050714152,42.78604697426767,-1.029507881025025,22792.49535988269,2145.1466473142405,287932.42658990313,282578.2905237809,3070443.7541387966,4501722.479138796,1756696.825,1225907.8557709034,0.11519407000000002,2.11536469952314,47.095752705048476,0.8986056044549641,12.367281086644585,12.496805163833605,12.419090717520193,0.1274859547308531,-24797.862372658594,-4.588705920136791,258.1834781984372,3.8180399059382224,66.88345699234729
2020Q4,539394.9,292621.5,18628.8,85795.4,-2078.8,115084.2,29487.8,-180.0,76.0,96835.2,96759.2,-39.9,549134.4,295591.8,19523.2,86257.6,-2087.9,114561.8,30796.6,-179.1,4670.4,88358.4,83688.0,29798.6,9765.4,1.018056344247971,1.0101506553687956,1.048011680838272,1.0053872352130768,0.9954607148505182,1.0443844573009855,0.9124615842173094,0.8649100033898586,283653.98134608235,240135.71342774495,43520.801108763175,-809.1750000000001,21746.55129424482,29760.55125,386772.9826403272,78525.50625,3356.71,19443.414841478218,27210.323001210752,813.3748569942535,3145.174375,73746.62568352558,30887.325516533347,310726.0476304495,80467.36003860424,25388.86525794424,21742.118478918685,49765.81633712369,136388.24454703904,106042.00711160128,20937.37629424482,52421.07375,-614.2691494898754,-268.4450984229916,164.0,99.0,204.0,0.0,0.0,1.0,0.0,0.0,0.0,0.0,0.0,1.0,0.0,0.0,0.0,0.0,1.0,0.0,0.0,0.0,0.0,0.1,0.52,0.18,0.8,0.86,0.45,0.48,0.0,0.0,0.0,0.86,0.45,0.9602192541528475,0.9876102507004684,0.9703811859613629,0.9498670943230135,0.9994109639243881,0.9985791893021311,0.9832126398946677,0.9985791893021311,1.0443844573009855,0.9195020159319807,-12.05358127872978,8.889202314177396,0.6748817525516556,9250.50536207677,13706.853574128505,74437.49463792323,83052.3464258715,0.8962720241066582,0.6748817525516556,0.8962720241066582,0.8649100033898586,0.973594355239715,104.48,43.96307029896501,6931.333333333333,6723.0,6022.666666666667,3.0,11095.666666666666,0.8958302345183202,3620.0,11095.666666666666,92.60000000000001,94.05557165753521,39.8719913816269,47.09773876678365,1135570.5848773886,0.002,0.002,0.03,0.03,748752.4999999998,0.028144605521608745,409819.39999999997,0.013070829103494386,829171.8000000002,0.008506983993034123,67868.10000000003,0.0013830449531616051,0.028144605521608745,28209.9318465514,26994.70937674939,0.7235520202756782,95552.12349369818,0.7444513461922084,0.07292759278444386,0.07289621972342819,0.5664421049153648,0.2974,0.009719133651111909,0.183,1.0,1407941.6,0.0,24703.6,0.0,1149426.300000001,362114.5,787311.800000001,0.9847644357374283,0.8633333333333333,105.07500224666666,102.622054318,105.07500224666666,105.07500224666666,1264550.1,722493.7000000001,1.7502576147030762,1.1019332629166767,655660.1241781662,1077251.7,1.1007908057088387,978616.1861211394,194552.5,176738.84900839144,0.4,0.5,0.0,2.0,3.0,100.72261904761906,94.49885703734957,50.0743740501315,48.27345023593084,9357.084286323137,7020.691973714664,6.812783273606791,525151.8298850906,280980.7984790875,84732.41650294696,18077.037037037036,-1922.5598526703498,109314.69465648854,29470.43062200957,-171.38755980861245,83688.0,744740.4082480845,83785.12153005146,83903.65529632347,1728289.616899541,391044.6872807736,21538.054901479987,67964.66492299971,379.8849044078995,793933.492789464,552912.1652605863,-2.4447400708240203,-0.8577175478325588,-0.7401214916709036,42.39195050220353,-0.34981148654055705,19583.74962609792,-740.3301911738121,289247.9414346277,284117.8124068295,3096921.7,4521677.300000001,1770056.1,1226439.9999999998,0.11524388000000002,2.1052675597737176,55.007428126247106,0.8984315517482838,12.310338750152315,12.114598150274055,12.232042510201012,0.12563797688811867,-22678.03210514209,-4.129778084407404,256.3928976221486,4.498643683586386,65.94278194919131
2021Q1,540760.2,287996.8,18901.8,86795.3,1007.2,114900.1,29134.0,-85.9,2611.7,101415.0,98803.4,-500.8,550828.8,292981.4,20118.5,88029.2,1569.7,114607.2,30729.5,-113.7,2907.0,95086.6,92179.6,33198.6,10859.8,1.018619343657318,1.0173078311981245,1.064369530944143,1.014216207559626,0.9974508290245178,1.054764193039061,0.937598974510674,0.9329597969300653,288316.94154758635,244304.87892903844,44015.991921599154,-481.69875,23978.12580309767,26915.350625,385972.392350684,70406.296875,3431.223125,19568.25966898485,27382.31287586846,839.5047095027514,3609.9075,74733.99991863496,31526.1875944842,311805.0383523117,79632.52109798431,26384.3800609041,22032.194164251065,50254.01174962228,137597.39025064747,108164.57940501058,23496.427053097672,47243.673125,2953.7131490462343,-777.7132082374883,165.0,100.0,205.0,0.0,0.0,0.0,0.0,0.0,0.0,0.0,0.0,1.0,0.0,0.0,0.0,0.0,1.0,0.0,0.0,0.0,0.0,0.1,0.52,0.18,0.8,0.86,0.45,0.48,0.0,0.0,0.0,0.86,0.45,0.9670226532301563,0.9962831115516954,0.985527343466799,0.9517660582295017,1.0093437253962307,1.0126201420810697,0.9970375246872943,1.0126201420810697,1.054764193039061,0.9324310700562335,549.7889928959466,-23.095755817944664,0.8802588996763756,,,,,,0.8802588996763756,,0.9329597969300653,0.973829415393646,105.92666666666666,,6931.333333333333,6732.333333333333,6034.333333333333,2.8333333333333335,11091.333333333332,0.896321235827103,3627.0,11091.333333333332,95.36666666666667,94.03878640822505,40.485811014037196,47.779419137312,1146393.1988746002,0.002,0.002,0.10999999999999999,0.10999999999999999,756301.2277492003,0.027847333211191427,414848.62715735676,0.015369537566008395,838450.732197218,0.007934275760907383,69225.19935854584,-0.00015090594687572345,0.027847333211191427,26315.510857471785,25197.149070447922,0.7785908611562046,95281.8300065587,0.7444513461922084,0.0743314331992456,0.07289621972342819,0.5841147124897073,0.2974,0.009107272211017963,0.183,1.0,1405092.3,0.0,25245.8,0.0,1176011.040710726,376955.25,799055.790710726,1.0235541520706848,1.3166666666666667,109.69190694666668,103.870814013,109.69190694666668,109.69190694666668,1268197.225,724301.55,1.750924356022709,1.1051113800600898,655410.4528003472,1114900.75,1.2247332876841075,910321.2603196295,223568.7,182544.8056717346,0.4,0.5,0.0,2.0,3.0,100.72261904761906,94.30406528510011,50.808204744263904,48.27345023593084,9380.768654076923,-7534.576499541895,1.0124678598184227,526608.189434151,278499.42965779465,86472.69155206287,18628.24074074074,1445.3959484346224,109358.01526717556,29406.220095693785,-108.80382775119618,92179.6,745700.1989437614,82956.13721729258,83403.04144085041,1779930.8000533772,389759.9612696237,25194.938654316084,68362.45545765938,-40.96679957262517,794917.7055218519,553506.8473369951,-2.302888825733802,-0.05741549284728728,-0.45756652033992307,43.052247439994744,0.22120559928847228,17509.99018778895,3851.7342068320095,288604.6257574515,283329.2216120955,3144766.427157357,4579994.152157357,1782047.55,1240375.054265103,0.11529775000000002,2.119965927364108,63.67226583470648,0.8942706657888257,12.062881026567064,11.68090802697506,11.910091826730262,0.12230162324595534,-18741.105998167393,-3.4023467905395273,255.0869344522291,4.583238930135824,68.43419407264108
2021Q2,544268.2,289333.1,19220.1,88997.6,858.0,117483.3,28528.5,-8.3,68.6,103899.5,103830.9,-212.5,553868.1,295253.0,20901.8,90749.8,800.8,117949.2,30257.7,-20.4,-2023.8,99671.8,101695.5,39204.5,11596.8,1.0176381791183098,1.0204605003713714,1.0874969433041453,1.0196881713664188,1.0039656700143764,1.0606130711393869,0.9593097175636072,0.9794338679526038,288696.89766492404,244196.38631113543,44498.22538048231,-829.8125,23406.533834553164,29748.571875,399672.3408744772,84567.78125,3497.74375,19703.966362588213,27482.199360573228,880.8317307695542,3122.175,75873.49772088109,31884.31765227116,303146.016781535,82252.53495678375,29088.16068495932,22123.48336327748,50486.514454620265,138844.2781178046,111458.99279185076,22576.721334553164,58650.15000000001,-4405.158446902118,-13200.706176573702,166.0,101.0,206.0,0.0,0.0,0.0,0.0,0.0,0.0,0.0,0.0,1.0,0.0,0.0,0.0,0.0,1.0,0.0,0.0,0.0,0.0,0.1,0.52,0.18,0.8,0.86,0.45,0.48,0.0,0.0,0.0,0.86,0.45,0.9700194870450298,1.0016583215780144,1.0069416141705048,0.9579825095557026,1.0149407379324278,1.0393648140409526,1.023370638578012,1.0393648140409526,1.0606130711393869,0.957057839816715,-90.97501044713738,-11.596911509543087,1.0211600697037593,,,,,,1.0211600697037593,,0.9794338679526038,0.9725964096023606,109.44,,6908.666666666667,6706.0,6008.0,2.9,11088.0,0.8959141067700567,3632.0,11088.0,95.3,94.90631287568966,40.64520411303852,48.052080170593214,1171946.3315533441,0.0016666666666666668,0.0016666666666666668,0.07333333333333333,0.07333333333333333,761894.5204537506,0.027847333211191427,422573.6417904569,0.015369537566008395,843975.1451980935,0.007934275760907383,71264.45320447792,-0.00015090594687572345,0.027847333211191427,26609.997284749737,25228.38513135257,0.7779386386808216,97857.1644148001,0.7444513461922084,0.07657589924174825,0.07289621972342819,0.690882058748742,0.2974,0.008661462215826208,0.183,1.0,1416191.7,0.0,25583.899999999998,0.0,1203210.6520213792,391796.0,811414.6520213792,1.0224025928807199,1.5933333333333335,115.53040510333334,105.773972071,115.53040510333334,115.53040510333334,1271844.35,726109.4000000001,1.7515877772688246,1.1082894972035031,655162.2133315882,1152549.7999999998,1.246584766584767,924565.9267581201,224089.9,179763.06626458524,0.4,0.5,0.0,2.0,3.0,100.72261904761906,94.04213087968405,50.63106838165009,48.27345023593084,9441.623237011283,6188.7372302139875,2.5948655244968104,529353.2971807395,280658.74524714827,89145.1866404715,19353.51851851852,737.3848987108655,112546.94656488548,28954.736842105267,-19.52153110047847,101695.5,747183.8370281226,83063.04766255464,84243.88918866063,1983701.4877861165,388574.5559031643,25504.12623720802,68565.3894010597,-41.78597702744833,795742.734239014,552918.1215018814,-1.5644127340926752,1.4390748552253039,0.6908296811890083,42.82666018885011,-0.38529193269999323,15534.81622535534,7379.5772006111365,292940.18912355555,287862.81326174433,3180760.641790457,4654955.491790457,1807987.7,1255732.6154486854,0.11535568000000003,2.1532515248058663,74.19140228507187,0.8961738419288751,10.99777712573686,10.359247943705126,10.742365452924167,0.11045039182610297,-19642.651079143678,-3.546449250127184,255.69114740495075,4.619132244662583,70.73814144558966
2021Q3,542375.9,286164.6,19017.7,87805.3,2086.3,118260.5,28181.1,-15.7,1368.5,103109.8,101741.2,-492.4,551661.1,292602.2,21431.1,90024.6,2033.4,119406.0,30266.0,-60.5,-4041.8,101326.1,105367.9,38999.0,11731.1,1.017119492219326,1.0224961438277134,1.1269028326243447,1.0252752396495428,1.009686243504805,1.073982207933686,0.9827009653786546,1.0356463261687496,289818.4809933564,245125.3128426333,44695.05350063555,-457.7854166666664,23811.879704365503,28325.341666666664,391272.1221560552,74176.040625,3565.1427083333333,19841.6400410764,27063.68301618412,881.4758953841294,3645.214583333333,75896.64649874202,32638.61471818108,310055.9345033304,82327.00443710867,29758.16927632452,21844.6020764776,49789.76098804585,140197.19983945205,112186.54498255144,23354.09428769884,49774.20520833333,1315.1315997802303,-5691.511081243749,167.0,102.0,207.0,0.0,0.0,0.0,0.0,0.0,0.0,0.0,0.0,1.0,0.0,0.0,0.0,0.0,1.0,0.0,0.0,0.0,0.0,0.1,0.52,0.18,0.8,0.86,0.45,0.48,0.0,0.0,0.0,0.86,0.45,0.9719545093419328,1.0071466008345213,1.043428548726245,0.9634410720465697,1.02773417027147,1.0597576264103634,1.0434496379196843,1.0597576264103634,1.073982207933686,0.9758357517590822,-177.57233597994127,-43.63847933544113,1.1896938013442868,,,,,,1.1896938013442868,,1.0356463261687496,0.9718126804781761,110.09333333333332,,6908.333333333333,6717.0,6016.666666666667,2.766666666666667,11076.666666666666,0.8957371842588457,3636.0,11076.666666666666,90.46666666666665,93.45302891827114,40.74104922592243,48.16927661939441,1174822.2875697822,0.002,0.002,0.036666666666666674,0.036666666666666674,767242.2564268827,0.027847333211191427,436513.44097622955,0.015369537566008395,855399.29918043,0.007934275760907383,73182.00955825907,-0.00015090594687572345,0.027847333211191427,26785.32614941409,25254.569152763095,0.7781282157156413,98609.20716649317,0.7444513461922084,0.07850915199985489,0.07289621972342819,0.5921398675505389,0.2974,0.008365696719628364,0.183,1.0,1421246.9,0.0,23226.1,0.0,1231039.3550920924,406636.75,824402.6050920924,1.023058492174499,1.3233333333333335,118.83140213666667,107.022723075,118.83140213666667,118.83140213666667,1275491.475,727917.2500000001,1.7522479031785547,1.1114676143469164,654915.3934887385,1190198.8499999999,1.2730333910661782,934931.3681420379,232380.1,182540.45937112407,0.4,0.5,0.0,2.0,3.0,100.72261904761906,93.85607865810152,51.54383670273609,48.27345023593084,9408.796803919298,-55.48433964809465,-1.3907114176429418,527087.7772057633,278138.97338403045,88432.8094302554,19843.61111111111,1872.3756906077347,113937.02290076336,28962.67942583732,-57.89473684210527,105367.9,748328.084748384,83228.30911895473,84866.92233142599,2171531.7999342787,387356.76966901566,25979.04584761361,69055.42147985568,-43.0169191576097,796474.3669508232,553816.8820674116,-2.0658420568008102,2.382679577433987,1.9108772163296455,43.59521536915866,-0.20387871038136793,21217.812184249444,5643.631149629466,291935.5658802086,287021.89675198676,3224694.4409762295,4730087.415976229,1827883.65,1276937.7069613712,0.11541767000000003,2.166066537192715,56.09432488442501,0.8980836105916775,9.854010770599167,9.64695395238769,9.771188043314577,0.1005460027389919,-20442.737358592192,-3.7056695421504604,257.63043651256174,4.210211667996892,73.71133291798171
2021Q4,548424.1,294725.1,18940.4,88031.6,2139.2,117100.9,27674.3,29.2,145.1,102348.7,102203.6,-361.7,556798.9,301770.8,21806.7,91285.5,2243.0,117991.7,30080.6,8.3,-8387.8,104056.5,112444.3,41695.5,12985.2,1.0152706637071567,1.0239060059696308,1.1513326012122236,1.0369628633354386,1.0076071148898087,1.0869507087803485,1.0166860937168718,1.1001990145161227,288566.7507949926,244117.66882065384,44453.86253038148,-651.875,23239.701908906147,27318.57395833333,396359.1162455655,81275.11666666667,3578.41875,20008.335804253857,28468.842806195786,890.075037318141,3705.173958333333,75685.9037610254,33151.48965169267,313315.4749451588,85388.61219437052,30306.48855071435,22101.27525226532,51460.19309577924,141613.75030450386,114918.17129818628,22587.826908906147,57885.96458333333,-218.68568751518612,-2360.7704987257603,168.0,103.0,208.0,0.0,0.0,0.0,0.0,0.0,0.0,0.0,0.0,1.0,0.0,0.0,0.0,0.0,1.0,0.0,0.0,0.0,0.0,0.1,0.52,0.18,0.8,0.86,0.45,0.48,0.0,0.0,0.0,0.86,0.45,0.9732946824806376,1.0186275671271499,1.066048704826133,0.9614571706963823,1.0401442189285632,1.0848307563727537,1.068136932192232,1.0848307563727537,1.0869507087803485,0.9989233484095338,-77.66995403259443,-23.438960696386175,1.4774707493154098,,,,,,1.4774707493154098,,1.1001990145161227,0.9696427624618037,113.66666666666667,,6881.0,6694.0,6006.666666666667,2.733333333333333,11059.0,0.8973209839657406,3637.0,11059.0,94.7,94.36543945945584,40.64112133529198,48.041079488622515,1180666.021426994,0.002,0.002,0.07333333333333335,0.07333333333333335,777200.5999999999,0.027847333211191427,444573.7000000001,0.015369537566008395,866379.6000000002,0.007934275760907383,75485.50000000004,-0.00015090594687572345,0.027847333211191427,27147.895701537796,25277.78905552788,0.7855623431448053,97243.6208000194,0.7444513461922084,0.07941840837911791,0.07289621972342819,0.5825675299147098,0.2974,0.007915697259159788,0.183,1.0,1424152.1,0.0,20322.499999999996,0.0,1259511.7000000011,421477.5,838034.2000000011,1.0240020731033288,1.5366666666666668,121.98993982,108.608706713,121.98993982,121.98993982,1279138.6,729725.1000000001,1.752904758243892,1.1146457314903297,654669.9811287358,1227847.9,1.2870482404908636,954003.0135402808,246402.5,191447.7579379816,0.4,0.5,0.0,2.0,3.0,100.72261904761906,93.60224392325712,50.909612421466434,48.27345023593084,9513.71718262614,-1974.4233633767271,4.460522674403455,531775.4593246285,286854.3726235741,89671.4145383104,20191.38888888889,2065.377532228361,112587.49999999999,28785.263157894737,7.942583732057417,112444.3,749497.0432211029,83355.76610912378,85462.60307370313,2363008.2971971366,386138.37524614006,26836.038916606994,69582.74325885983,-44.17440178662932,797073.4946869413,553078.3276585629,-0.8415132949190848,3.140643427372516,2.7616615024032516,43.06780275500487,-0.7270840943713685,22286.09268994518,6988.4825283451755,292436.5435349784,288038.01192006905,3266330.9000000004,4797189.8,1845629.6,1297259.8,0.11548372000000001,2.15283394990664,55.094803610592905,0.8961738419288751,9.145652007439715,8.929721019673465,9.059279612333215,0.09342904379890196,-19518.493453507654,-3.505483479494599,255.77494854964692,3.6498814922227747,75.69653963037642
