period,GDP,CP,IHP,IFP,INP,CG,IG,ING,BF,XGS,MGS,KAISA,GDPV,CPV,IHPV,IFPV,INPV,CGV,IGV,INGV,BFV,XGSV,MGSV,RTRIV,PTRIV,PGDP,PCP,PIHP,PIFP,PCG,PIG,PXGS,PMGS,YWV,YWIV,YOLIV,YIGV,YIEV,YICV,NIV,ENTV,RENTHH,CCAVG,TCIV,TCSTV,SUBV,CSSV,TYPV,YDV,BSSV,TYCV,OITAXV,ITAXV,CCAV,TAXV,YIV,YCV,SDV,OTYDV,TIME,TIME96Q2,TIME70Q1,D202,D203,D204,D954C963,D0703,D091C093,D091,D092,D9203C,D084,D142,D151,D191,D972C,D952,D984,D961,DTCIC2,RTCI,PRTCP,PRTIF,PRTIH,PRTGP,PRTIG,PRTCG,PRTFU,PRTNF,PRTMG,PRTNP,PRTNG,PCPAT,PIFPAT,PIHPAT,PCGAT,PIGAT,CGPI,CGPIAT,PINP,PING,PINPAT,ERRINPV,ERRINGV,PFUEL,FUELV,FUEL,NFMGSV,NFMGS,PNFMGS,PFUELAT,PNFMGSAT,PMGSAT,PGDPAT,FXS,POILD,LF,LE,LW,UR,POP,RLEW,POP65,HH,CUX,LHX,WI,W,M2CD,RCD,RCDX,RGB,RGBX,KFPV,RRFPV,KHPV,RRHPV,KGV,RRKGV,KNPV,RRNPV,RRFP,RKGV,RKG,CCAVGR,CGXRKG,IGVR,ITR,ITREQ,ETT,TT,RTCST,SR,IR,SBGV,OTNGV,BCV,ERRBCV,FASSTV,SBCV,FLIABV,RSBCV,US_RGB,US_WPI,WD_YVI,WD_PX,WD_PI,LANDT,LANDV,PROLA,PLAND,RLAND,SHARETV,PSHARE,RSHARET,SHAREV,RSHARE,REQU,SLRATIO,TINCR,ROR,UREQ,CUXEQ,LHXEQ,WPH,WPHXREQ,ERRPFU,RSBGV,GDPD,GDPVEXCT,CPVEXCT,IFPVEXCT,IHPVEXCT,INPVEXCT,CGVEXCT,IGVEXCT,INGVEXCT,MGSVEXCT,KFP,RFP,RFPV,KFPSTA,KHP,RHPV,KNP,RNPV,KG,GDPPOT,GDPGAP,PIFPATGR,PIFPATSUM,WIPH,PGDPD,YCVAT,INPVA,YLV,YL,NWCV,NWTV,FNWV,KPV,KNGDEQ,MK,PERR,PVDP,UCCDB,UCCDE,UCCPF,UCC,BGV,BGVATGDPV,SBGVATGDPV,BCVATGDPV,SBCVATGDPV
2010Q1,502679.8,288873.2,17455.1,71738.4,-3539.3,95607.5,28371.5,93.5,4534.6,78402.5,73867.8,-454.8,501493.8,286538.8,16561.9,71249.8,-3321.8,96047.9,26935.8,104.5,7376.9,73203.3,65826.4,17293.7,3944.1,0.9976406451979968,0.9919189457519769,0.9488287090878885,0.9931891427743023,1.004606333185158,0.9493964013182242,0.9336857880807372,0.8911379518545292,252819.3,218391.6523310884,34488.53900101402,-2526.24,21587.868393739813,34973.9,353106.3958937398,78510.0125,2418.0625,16786.9020963376,12328.762794111137,758.9933113291004,3264.9675,56429.51445562922,25681.753623508845,293282.985564181,74504.83776269396,13344.379322141254,22249.558448447817,35337.31455388805,124809.97363239218,74363.44749953815,19061.62839373981,46251.5675,4854.683419979934,-8491.652513114677,121.0,56.0,161.0,0.0,0.0,0.0,0.0,0.0,0.0,0.0,0.0,1.0,0.0,0.0,0.0,0.0,1.0,0.0,0.0,0.0,0.0,0.05,0.52,0.18,0.8,0.86,0.45,0.48,0.0,0.0,0.0,0.86,0.45,0.9667825981988079,0.9843301712332035,0.9123352971998928,0.9810608722511308,0.9285050379640335,0.9738403677392392,1.002304147465438,0.9738403677392392,0.9493964013182242,0.9336916277461547,124.91321353948933,15.73143647674604,0.9342793129200898,,,,,,0.9342793129200898,,0.8911379518545292,0.975274648743151,90.7,,6634.0,6301.666666666667,5501.333333333333,5.033333333333333,11098.0,0.872996561756149,3528.9262071242083,11098.0,,101.42710023568758,39.69794940579649,45.956004604944255,769360.527375367,0.079,0.079,1.3399999999999999,1.3399999999999999,,,,,,,,,,,,,,0.718880153188107,,0.07290011539939685,,,0.011530226646590128,0.16058,1.0,1002549.2,-2202.106758566806,20726.5,0.0,587055.7745432206,266166.42500000005,320889.3495432206,,3.716666666666667,93.27225366,85.208202494,93.27225366,93.27225366,1223894.05,729576.775,1.677539762693241,1.066505442513354,684081.6238880701,463471.275,0.5949887890871498,778957.996353296,111266.2,187005.540340866,0.4,0.5,0.0,2.0,3.0,100.72261904761906,101.36168321127153,45.30939413446273,48.27070865174157,8690.15225241056,,,490250.86537527735,279277.5828460039,70614.27155599605,15924.903846153848,-3184.851390220518,93796.77734374999,26343.080684596578,102.20048899755501,65826.4,,,,,,,,,,,,,,39.13939106368004,,,,280186.7696835559,280849.3930476826,,,1268715.625,,0.11676823000000001,1.5305180899955937,,0.8340620295029798,,,,,-50329.8,-10.03597651655913,199.91258117248907,4.132952391435348,53.074718969606415
2010Q2,508716.0,290916.7,17579.9,72562.3,-897.1,97360.1,26909.0,-15.1,4662.2,82197.9,77535.7,-362.0,505194.0,287940.8,16644.9,71914.9,-1245.0,97298.6,25505.8,-22.8,7156.8,76659.5,69502.7,17269.3,4254.4,0.9930766871889227,0.9897706113124478,0.9468142594667774,0.9910780115845279,0.9993683243957227,0.9478538778847225,0.9326211496887391,0.8963961117265982,251561.9,216705.9274520405,34878.04476537383,-2753.6125,20939.16867711159,36694.32,366738.0411771116,93999.375,2663.9375000000005,16769.654445390064,12756.946822173368,773.4039514309353,3061.2875,57097.78039144819,24835.430920121104,292155.32237890206,75744.15463420699,17145.002246373417,22780.354104575592,36310.704878179895,124315.83565418993,78291.13804467442,18185.55617711159,60296.265,-6094.3942094814265,-10851.00962084724,122.0,57.0,162.0,0.0,0.0,0.0,0.0,0.0,0.0,0.0,0.0,1.0,0.0,0.0,0.0,0.0,1.0,0.0,0.0,0.0,0.0,0.05,0.52,0.18,0.8,0.86,0.45,0.48,0.0,0.0,0.0,0.86,0.45,0.9646887049828926,0.9822378707477978,0.9103983264103629,0.9759456292926979,0.9269964575889708,0.9758462181362305,1.0042791310072419,0.9758462181362305,0.9478538778847225,0.9356147824891952,-369.5683577099876,-8.48740644394069,1.003983071944237,,,,,,1.003983071944237,,0.8963961117265982,0.9707297323446912,92.03666666666668,,6623.333333333333,6283.666666666667,5475.0,5.133333333333333,11102.333333333332,0.8713065619861015,3530.3041142754246,11102.333333333332,,101.4513667930464,39.58099131544118,45.94737899543379,781125.211180668,0.068,0.068,1.21,1.21,,,,,,,,,,,,,,0.718880153188107,,0.07290011539939685,,0.4069,0.011127682110636498,0.16058,1.0,1033605.7,1513.6825491757045,20171.699999999997,0.0,587665.7822855444,263072.95,324592.8322855444,0.9694311557139484,3.49,94.51181172999999,86.151007499,94.51181172999999,94.51181172999999,1215776.4,724819.8500000001,1.6773497580122836,1.059431694662861,684159.1144114834,472223.95000000007,0.5947868583934158,793938.1029290534,102251.5,171912.84332709108,0.4,0.5,0.0,2.0,3.0,100.72261904761906,101.35022977587045,45.29005418839077,48.27070865174157,8794.503963034304,20176.246846324044,4.803216679882511,493825.7465194619,280644.0545808967,71273.43904856293,16004.711538461539,-1193.6720997123682,95018.1640625,24944.547677261613,-22.29828850855746,69502.7,,,,,,,,,,,,,,39.01474427267559,-1.8299005883699808,,,282067.16332263773,284033.6169013072,,,1296678.65,,0.11664752,1.5354838675816527,,0.8401062751654284,,,,,-43521.01261470383,-8.614712885486334,204.5957988416331,3.992862148006508,52.07364893486462
2010Q3,517945.5,295312.9,17768.7,73433.9,2306.9,97760.5,26618.4,-146.6,5409.7,84445.6,79035.9,-519.2,511000.9,289980.1,16843.8,72421.5,1986.9,97640.8,25226.4,-132.8,7034.3,76285.3,69251.0,17804.7,4065.1,0.986592025608872,0.9819418657295362,0.9479477958432524,0.9862134518253832,0.9987755790938058,0.9477053466774863,0.9033661907784419,0.8761967662796274,251375.0,216568.1572284848,34990.634279170765,-2723.23,20676.31794808952,37271.0275,363893.1054480896,91673.7,2564.945,16749.9656375313,12844.94559725557,771.8466085817867,2825.5025,57445.978072269056,25046.926167810256,291277.50014709134,75977.15877450061,16868.531401405213,22957.85078216396,36574.64298800132,123953.26088419827,78490.10055721679,17953.087948089516,57293.98999999999,3144.993179710873,-11529.099835419443,123.0,58.0,163.0,0.0,0.0,0.0,0.0,0.0,0.0,0.0,0.0,1.0,0.0,0.0,0.0,0.0,1.0,0.0,0.0,0.0,0.0,0.05,0.52,0.18,0.8,0.86,0.45,0.48,0.0,0.0,0.0,0.86,0.45,0.9570583486642653,0.9774167015117773,0.9114882652338965,0.9753667764587947,0.9268511947946076,0.9731717509402424,1.000987491770902,0.9731717509402424,0.9477053466774863,0.9330505761651414,-258.10991224404506,6.1336038229194685,0.9138660692058752,,,,,,0.9138660692058752,,0.8761967662796274,0.9642640118124023,85.80666666666667,,6642.0,6308.333333333333,5511.333333333333,5.066666666666666,11107.666666666668,0.8736591809775429,3532.0,11107.666666666668,,101.79523419027927,39.29505695448497,45.61056005806218,782759.2443610597,0.05833333333333333,0.05833333333333333,0.9900000000000001,0.9900000000000001,,,,,,,,,,,,,,0.718880153188107,,0.07290011539939685,,0.4069,0.011145638454055345,0.16058,1.0,1039138.7,1513.6825491757045,20773.9,0.0,588276.4238849244,259979.475,328296.9488849244,0.9684994219284042,2.7866666666666666,94.40402407333333,86.873964145,94.40402407333333,94.40402407333333,1207658.75,720062.925,1.677157242889571,1.0523579468123683,684237.6466877052,480976.62500000006,0.5408971415528793,889220.1271745466,99970.7,184823.86450220618,0.4,0.5,0.0,2.0,3.0,100.72261904761906,101.51194201038815,44.806184121356104,48.27070865174157,8954.060325182978,-5242.430688673056,7.257094331611351,499436.2057301806,282631.67641325534,71775.5203171457,16195.961538461537,1904.9856184084374,95352.34375,24671.295843520784,-129.87775061124697,69251.0,,,,,,,,,,,,,,38.602059582704285,-2.6119479648270247,,,282130.2820344213,285964.486546813,,,1299118.175,,0.11653087000000002,1.5112772373947834,,0.850501126808452,,,,,-43101.72275469222,-8.434764548299665,203.35359487625166,4.065335305671673,50.87651998264582
2010Q4,513717.2,290349.4,18347.5,73334.7,2568.8,98271.0,26051.2,-51.3,5303.4,84769.6,79466.2,-457.5,505066.1,285561.8,17394.1,72032.4,2361.6,97492.5,24629.2,-47.8,5642.4,75886.5,70244.1,18266.1,4277.1,0.9831598007619756,0.9835109010041004,0.9480365172366807,0.9822416945866008,0.9920780291235461,0.9454151824100233,0.8952088956418338,0.8839494023874302,250142.2,214964.28661202124,34911.88861544458,-2980.51,20404.49711888036,37122.037500000006,366658.9021188804,96211.56,2574.6275,16718.245386906234,12678.21746970692,782.9991004462911,4520.895,57461.51628874845,24731.906142777163,290513.96036838857,76011.07487957453,16596.621848465413,22199.33550244797,35660.55207260119,123706.49200593884,76989.08006384376,17423.987118880363,61970.67749999999,-2449.95119742048,-10972.426698540688,124.0,59.0,164.0,0.0,0.0,0.0,0.0,0.0,0.0,0.0,0.0,1.0,0.0,0.0,0.0,0.0,1.0,0.0,0.0,0.0,0.0,0.05,0.52,0.18,0.8,0.86,0.45,0.48,0.0,0.0,0.0,0.86,0.45,0.9585876228110141,0.9734803712453924,0.9115735742660391,0.968826200315963,0.9246114253398762,0.9728374425407438,1.000658327847268,0.9728374425407438,0.9454151824100233,0.9327300503746345,-137.42482239866285,0.6997988576341996,0.9248195170525269,,,,,,0.9248195170525269,,0.8839494023874302,0.9608301504603547,82.53666666666668,,6628.333333333333,6300.0,5511.333333333333,5.0,11110.333333333332,0.8748148148148147,3532.847942862287,11110.333333333332,,101.16955649981088,39.004043778641815,45.38687552921254,783770.188912248,0.043333333333333335,0.043333333333333335,1.0733333333333333,1.0733333333333333,692468.1000000001,,387549.7,,717108.6,,62503.0,,,,,,,0.718880153188107,0.06612983407185921,0.07290011539939685,,0.4069,0.011146830843391702,0.16412,1.0,1051188.5,1513.6825491757045,19631.4,0.0,588887.7000000004,256886.0,332001.7000000004,0.9692232434887408,2.8633333333333333,96.03880355666666,87.347091,96.03880355666666,96.03880355666666,1199541.1,715306.0,1.676962167240314,1.0452841989618755,684317.2418662852,489729.3000000001,0.5524114874934548,886529.8986125856,113686.3,205800.02873554835,0.4,0.5,0.0,2.0,3.0,100.72261904761906,101.52227202261227,44.862186906292685,48.27070865174157,8880.962956303489,542.8253350498198,-3.2654400897391627,493594.97457007214,278325.34113060427,71389.89098116948,16725.096153846152,2264.2377756471715,95207.51953125,24087.23716381418,-46.748166259168705,70244.1,704987.4830363838,,,,408791.95363657793,,64248.143900343646,,758511.8298734835,,,,,38.55314298893337,-1.3915477756991759,,,281081.88994804886,285896.44300977595,2524616.5,3384894.6000000006,1308074.5,1142520.8,0.11641828000000001,1.5256841486176596,,0.8465388601032966,,,,,-46027.89865980091,-9.113242535937555,208.1288963959371,3.8868971803888646,50.8618574875645
2011Q1,508272.1,285640.0,18978.1,75030.3,1027.6,98799.4,25607.0,-45.2,3451.7,84031.1,80579.4,-216.8,498645.3,281200.5,18002.4,73478.2,1099.0,98580.6,24280.8,-23.6,2027.3,75723.6,73696.2,18910.0,4236.1,0.9810597512631521,0.9844577090043412,0.9485881094524743,0.9793136906023299,0.9977854116522976,0.9482094739719608,0.9011377930313895,0.9145786640257932,251649.6,216480.30922531476,35272.25617216175,-3082.6675000000005,21054.29769191295,35572.1325,363011.70769191295,90367.0875,2710.76,16822.424030158272,12434.89629627397,817.5222768783821,3687.6625,58155.60794569886,24864.231147291757,289823.0009428337,75950.45557383967,15673.239363475705,22558.601217613817,35811.01979076617,123641.12548305804,76348.49030153363,17971.63019191295,57818.345,-5456.990465737181,-11383.645729928336,125.0,60.0,165.0,0.0,0.0,0.0,0.0,0.0,0.0,0.0,0.0,1.0,0.0,0.0,0.0,0.0,1.0,0.0,0.0,0.0,0.0,0.05,0.52,0.18,0.8,0.86,0.45,0.48,0.0,0.0,0.0,0.86,0.45,0.9595104376260635,0.9705784842441327,0.9121039513966098,0.9743998160666969,0.9273442288234336,0.9821980777267029,1.0108624094799212,0.9821980777267029,0.9482094739719608,0.9417047725088236,89.69325532804021,19.25906822353263,1.0662185710729404,19229.842320607968,18035.55372446467,54466.35767939203,62543.846275535325,0.870850785854165,1.0662185710729404,0.870850785854165,0.9145786640257932,0.9587030011984609,82.32333333333332,97.03004649105198,6625.0,6311.666666666667,5532.666666666667,4.733333333333333,11116.666666666668,0.8765777660417217,3534.86180716022,11116.666666666668,,101.20393478476942,39.12766162645766,45.48432341245933,788009.2015541517,0.04666666666666667,0.04666666666666667,1.2466666666666668,1.2466666666666668,689230.4156111949,0.028306659918867327,386255.88366930786,0.015524208356807179,719537.5895486,0.00800957809013253,63312.96693005855,0.0010488413290246634,0.028306659918867327,22974.94932322245,24301.438934643946,0.6937762618410493,81939.63853856418,0.718880153188107,0.06659723751013982,0.07290011539939685,0.2776328035600457,0.4069,0.011093140173826902,0.16412,1.0,1048261.2,1513.6825491757045,16701.199999999997,0.0,594398.9000009719,259363.65000000002,335035.25000097184,0.9933914265471845,3.4600000000000004,99.11075181666666,87.604071456,99.11075181666666,99.11075181666666,1191960.0250000001,710288.2,1.678135755317349,1.0386780243934135,683838.6711943841,473428.3000000001,0.5921639075737437,799488.6110836514,112884.2,190629.99037296482,0.4,0.5,0.0,2.0,3.0,100.72261904761906,101.46309547562473,44.94323615894078,48.27070865174157,8786.829975368904,-14406.3414927008,-4.239764602002841,487281.9876954442,274074.56140350876,72822.79484638256,17310.0,1053.6912751677853,96270.11718750001,23746.503667481666,-23.08068459657702,73696.2,703789.2171070146,79823.36371747666,78405.83604545686,,407190.30717373744,24065.60916567246,64460.48751856285,262.22291835211416,758838.2201398225,507481.9976330592,0.15569071821776256,-1.397060396090695,,38.66219402404711,-0.8544082039139028,42868.75079515422,2427.4062006268146,280152.3489808491,285560.94429533184,2517053.133669308,3359269.058669308,1307624.85,1138799.2662105614,0.11630975000000002,1.5503687917439335,11.04366913470955,0.8383941767167554,,,,,-45916.16597080301,-9.208181842043436,210.22181498552177,3.349314633066831,52.013655799021876
2011Q2,503906.6,287663.4,18615.1,73671.0,595.4,99271.4,26336.2,-5.1,-2471.8,77703.6,80175.4,231.0,490891.6,282591.6,17658.6,71931.3,687.5,98869.9,24951.1,17.0,-5815.3,70061.3,75876.6,18677.5,4054.1,0.9741718008853228,0.9823689770752899,0.94861698298693,0.9763855519811052,0.9959555320061971,0.9474069911376736,0.9016480574902578,0.946382556245432,252011.4,216314.62478275047,35874.4936686345,-3451.7575,21854.4469061746,34467.795,349674.9544061746,76250.38999999998,2694.55,16786.451679170124,12409.270782971897,847.7153705491585,3793.8825,58944.42095787248,25324.77452756194,289996.25917543384,76317.2911101415,17298.884920768272,22578.842071455478,35835.828224976525,123431.27891469037,78459.48767330675,18402.6894061746,44793.06999999999,366.7209541584598,-10385.478355447762,126.0,61.0,166.0,0.0,0.0,0.0,0.0,0.0,0.0,0.0,0.0,1.0,0.0,0.0,0.0,0.0,1.0,0.0,0.0,0.0,0.0,0.05,0.52,0.18,0.8,0.86,0.45,0.48,0.0,0.0,0.0,0.86,0.45,0.9574746365256237,0.9676764638068437,0.9121317144105096,0.9726128242248019,0.9265594045356221,0.9925616381111573,1.021724818959842,0.9925616381111573,0.9474069911376736,0.9516410720145324,96.52880066861701,21.831775654802136,1.2524271844660197,22268.528884143758,17780.298256331833,53608.07111585625,62395.10174366816,0.8591711467366328,1.2524271844660197,0.8591711467366328,0.946382556245432,0.9515943984541486,81.68666666666667,115.19676056268652,6593.333333333333,6284.666666666667,5511.666666666667,4.666666666666667,11118.666666666666,0.8770022276440013,3535.4977643069346,11118.666666666666,,100.80042457177811,39.24668124271251,45.72326579981856,802616.0739921144,0.04133333333333333,0.04133333333333333,1.16,1.16,685700.9713922219,0.028306659918867327,384685.79135706666,0.015524208356807179,719408.0948604493,0.00800957809013253,64085.77616036533,0.0010488413290246634,0.028306659918867327,23052.77004910096,24311.89592794835,0.6932663622301921,82416.78035111222,0.7271238543971039,0.06782273840051109,0.07290011539939685,0.29149781064218255,0.4069,0.011172289883167649,0.16412,1.0,1076207.4,1216.41583879471,8808.1,0.0,599961.6774511773,261841.30000000002,338120.3774511772,1.0010626971050107,3.2099999999999995,102.97314290999999,87.914906353,102.97314290999999,102.97314290999999,1184378.9500000002,705270.4,1.6793260428907837,1.0320718498249515,683353.9739695643,457127.3000000001,0.5376877324418309,850172.4559048851,110796.7,206061.42434537766,0.4,0.5,0.0,2.0,3.0,100.72261904761906,101.48270368145484,45.360191679807734,48.27070865174157,8711.360740961836,16654.0512588887,-3.4355613853288425,479514.69790407526,275430.4093567251,71289.69276511398,16979.423076923074,659.1562799616491,96552.63671874999,24402.053789731053,16.625916870415647,75876.6,702285.0450838004,79687.68809285658,78039.24392178272,,405522.77500429994,23985.267268500043,64566.04174459173,265.6210255176687,759344.2961578354,506774.0974087502,-0.5658334598023838,-1.4824725633789904,-1.4397664797348426,38.93503565033665,-2.808371404070261,39299.92255434642,2696.3677222896777,278527.290624707,285911.87957974424,2538801.5913570668,3364240.741357067,1338048.7,1134472.538909654,0.11620528000000002,1.5927873816142009,11.631760835351661,0.8424502763897015,13.833582993385592,,,,-45168.59496444501,-9.201337925612297,219.23524460390033,1.7943065230694517,53.33994307500882
2011Q3,516162.3,292170.2,19392.7,75408.1,1848.3,99638.3,25551.2,49.0,2162.6,84967.3,82804.7,-58.1,501094.8,286552.6,18399.6,73821.4,1457.2,99126.0,24288.2,84.1,-2634.3,76069.9,78704.2,18631.3,4070.9,0.9708086003181557,0.9807728508930752,0.9487900086114878,0.9789584938488038,0.9948584028430834,0.9505698362503522,0.8952844211832081,0.9504798640656871,250786.9,215103.947124875,35822.66347750194,-3591.4574999999995,21873.747029996957,35189.7775,356119.2495299969,83924.965,2824.2725,16765.912501299157,12662.832305991622,863.0916909648041,3085.7625,58999.99476107206,25384.8540762269,289791.03361641726,76488.98734072379,17321.149803565168,22716.7729502759,36242.696947232325,123143.57405134468,78948.7008270244,18282.289529996957,51860.2825,3235.4419714261894,-10163.529417004494,127.0,62.0,167.0,0.0,0.0,0.0,0.0,0.0,0.0,0.0,0.0,1.0,0.0,0.0,0.0,0.0,1.0,0.0,0.0,0.0,0.0,0.05,0.52,0.18,0.8,0.86,0.45,0.48,0.0,0.0,0.0,0.86,0.45,0.9559189579854533,0.9702264557470802,0.9122980852033535,0.9715414090264486,0.9296526515895865,0.993564563309653,1.022712310730744,0.993564563309653,0.9505698362503522,0.9526026493860529,-379.20538236523157,37.52207802373274,1.21882001493652,23391.132676798738,19191.621724407785,55313.06732320126,63613.07827559221,0.8695235134443166,1.21882001493652,0.8695235134443166,0.9504798640656871,0.9484370286045345,77.77,113.83037651551415,6577.0,6283.333333333333,5487.333333333333,4.466666666666667,11107.666666666668,0.873315649867374,3532.0,11107.666666666668,,101.68416540352906,39.20008755768588,45.70287328392662,804471.9066248696,0.042,0.042,1.0433333333333332,1.0433333333333332,686502.2073882214,0.028306659918867327,383382.8255425674,0.015524208356807179,722100.4414311787,0.00800957809013253,64447.547342332386,0.0010488413290246634,0.028306659918867327,23048.621257832958,24328.10974949162,0.692719728641413,82785.73841597365,0.7271238543971039,0.06796518737246676,0.07290011539939685,0.31226709266538755,0.4069,0.010966272333176682,0.16412,1.0,1092467.4,1216.41583879471,11926.1,0.0,605576.5150464477,264318.95,341257.56504644774,0.998075647348222,2.4266666666666663,103.09889517333333,88.400660051,103.09889517333333,103.09889517333333,1176797.875,700252.6000000001,1.6805333889513583,1.0254656752564895,682863.0317878294,440826.3000000001,0.5142422899799949,857234.631591947,101364.4,197114.0879991478,0.4,0.5,0.0,2.0,3.0,100.72261904761906,101.3518171119556,44.94590982042957,48.27070865174157,8923.232988384287,5254.571746774698,9.728548901721084,489547.4380896823,279291.0331384015,73162.9335976214,17691.923076923074,1397.1236816874402,96802.734375,23753.740831295843,82.24938875305624,78704.2,701257.726146507,79517.37574917419,77639.61681294639,,404075.5299517026,23887.769507721427,64864.98182629602,268.86324255845864,759650.0687204624,506227.999831152,1.962416178512748,-0.7356377022794744,-1.1090551328292324,38.55082785222467,-1.380947616882624,37213.63595728961,261.3660998583166,278080.8160034248,286442.4727101629,2541786.1755425674,3357793.350542567,1356786.3499999999,1134332.5802731211,0.11610487000000003,1.5585638599038898,11.845827172220957,0.8479617665276938,13.47025286384749,,,,-44021.71301290121,-8.785106732877933,218.01611192133703,2.380008732878489,52.74829233909433
2011Q4,515431.5,293836.2,19057.0,78368.4,718.7,99963.1,24705.1,-19.8,-1452.6,82702.3,84154.9,255.5,500072.7,288268.5,18053.2,76613.7,700.3,99292.8,23422.5,13.9,-6292.2,72422.8,78715.0,17836.6,4086.6,0.9702020540071765,0.981051687981263,0.9473264417274493,0.9776095977460303,0.9932945256799759,0.9480835940757172,0.8757047869285377,0.9353584877410586,252136.0,215873.51367428587,36098.53194688281,-3690.765,20955.896610595995,33881.9825,355886.91661059594,83383.57999999999,2818.07,16821.91613704541,12875.337694728689,884.1966829422382,4159.315,59625.34384361967,25172.272292500948,289038.30061196635,76860.123227647,17398.247373778424,22856.51806351969,36616.05244119062,122783.54283931624,79186.57210747,17265.131610595996,52603.80249999999,2695.503108897188,-9998.08559015597,128.0,63.0,168.0,0.0,0.0,0.0,0.0,0.0,0.0,0.0,0.0,1.0,0.0,0.0,0.0,0.0,1.0,0.0,0.0,0.0,0.0,0.05,0.52,0.18,0.8,0.86,0.45,0.48,0.0,0.0,0.0,0.86,0.45,0.9561907290265721,0.9688895914232214,0.9108908093533166,0.9700141852343515,0.9272211189004569,0.9832010029251985,1.0125082290980911,0.9832010029251985,0.9480835940757172,0.9426663498803438,-6.326560802340282,32.6720551626992,1.1966641772467017,23620.493929597204,19738.61537657415,55094.5060704028,64416.28462342585,0.8552884785653555,1.1966641772467017,0.8552884785653555,0.9353584877410586,0.9477848398298143,77.34333333333333,111.42800925577347,6587.333333333333,6293.333333333333,5516.0,4.466666666666667,11111.0,0.8764830508474577,3533.059928577859,11111.0,,101.27005572806287,39.135879926447764,45.70993473531544,807216.8465322314,0.041666666666666664,0.041666666666666664,1.0333333333333334,1.0333333333333334,685303.9,0.028306659918867327,381362.19999999995,0.015524208356807179,720298.8,0.00800957809013253,63883.500000000015,0.0010488413290246634,0.028306659918867327,23134.87949824879,24337.906186364344,0.6958477204407436,83027.6234599177,0.7271238543971039,0.06734515145700369,0.07290011539939685,0.32153125974113755,0.4069,0.011232886780692857,0.16766,1.0,1098680.4,1216.41583879471,7457.799999999997,0.0,611243.9000000005,266796.60000000003,344447.30000000045,1.002319924470039,2.0466666666666664,102.47013383666666,88.828733536,102.47013383666666,102.47013383666666,1169216.8,695234.8,1.6817581628537581,1.0188595006880274,682365.7231743078,424525.3000000001,0.47539426162376985,892996.2649317215,104063.9,218900.20221227838,0.4,0.5,0.0,2.0,3.0,100.72261904761906,101.31998406998461,45.136673823957224,48.27070865174157,8910.599174043504,-4832.953445083353,-0.5663334962665723,488518.1616707409,280963.45029239764,75930.32705649157,17358.846153846152,671.4285714285714,96965.625,22907.090464547677,13.594132029339853,78715.0,700999.5621769998,79401.05587802948,77730.33807236045,1265926.3017129344,402566.82723284507,23806.859456577095,64975.015088405315,270.38100482764725,759741.8671738713,507341.3743694853,1.5946118411038244,-0.4715842206759617,-0.6036109614777181,38.64506605144767,-0.2499138597579169,35123.56340586852,-2713.2876283780297,278080.48959152633,286621.2130174169,2546137.9000000004,3340581.3,1365477.0,1130549.6,0.11600852000000002,1.5660991742495975,12.086623873962331,0.8484369446103968,12.944966700003535,19.4193034987744,15.534701419511881,0.16390535875527737,-44183.81378033341,-8.835478077554205,219.70413501876826,1.491343158704724,53.351562682785925
2012Q1,522507.6,295085.4,18795.6,78457.8,3439.6,100943.8,26102.7,-2.6,-443.7,85279.3,85723.1,129.1,507391.5,289764.0,17762.7,76730.1,3479.5,100415.3,24797.8,11.0,-5569.1,74562.2,80131.3,17875.0,4167.6,0.9710700858705213,0.9819665764554938,0.9450456489816766,0.9779792448934332,0.9947644134657107,0.950009002900083,0.8743294093642888,0.9347690412502581,253176.6,216804.8951562513,36506.28328289627,-3729.57,21130.499368438745,36208.7375,366596.51436843874,93051.5825,2700.7925,16670.89734312839,13243.7298491378,895.7700211824681,2672.2249999999995,60288.04946251404,24533.79522710931,292402.5268280908,77108.4929226872,18527.54982309311,22678.574031975528,36818.07390229579,122263.20301514024,79879.4189524982,17400.929368438745,59810.2475,-1906.666285874788,-10399.958273411788,129.0,64.0,169.0,0.0,0.0,0.0,0.0,0.0,0.0,0.0,0.0,1.0,0.0,0.0,0.0,0.0,1.0,0.0,0.0,0.0,0.0,0.05,0.52,0.18,0.8,0.86,0.45,0.48,0.0,0.0,0.0,0.86,0.45,0.9570824331924891,0.9692559414206475,0.9086977394054583,0.971449622525108,0.9291041593154847,0.9848725449226912,1.0141540487162608,0.9848725449226912,0.950009002900083,0.9442689788328775,91.9323944839116,13.470023407540216,1.2551655464276827,23439.751772457985,18674.62968464175,56691.54822754202,67048.47031535825,0.845530822118639,1.2551655464276827,0.845530822118639,0.9347690412502581,0.9485755078225652,79.26,115.96460686620061,6573.666666666667,6277.0,5506.333333333333,4.5,11111.0,0.877223726833413,3533.059928577859,11111.0,,102.80563988652978,39.37373239716411,45.979163387614264,811460.3815916051,0.04133333333333333,0.04133333333333333,0.9733333333333333,0.9733333333333333,685730.4905770563,0.02773640976494235,379546.4340808645,0.01403168145635253,721906.6190557256,0.008388427043900915,65087.13123692016,-0.0035183677457667484,0.02773640976494235,24168.695734437504,25492.156899940313,0.657403714865548,84185.16135404383,0.7271238543971039,0.06544519808942709,0.07290011539939685,0.3578897517686662,0.4069,0.011178778095232052,0.16766,1.0,1098934.8,1216.41583879471,8138.299999999999,0.0,631893.4351821918,275238.025,356655.41018219176,1.0240139866849876,2.0366666666666666,103.74562112666666,89.324294536,103.74562112666666,103.74562112666666,1163948.2,692327.2000000001,1.6812111383172579,1.0142684247085128,682587.7481091514,445323.95000000007,0.5142981431506023,865886.7544649009,116940.0,227377.8382391639,0.4,0.5,0.0,2.0,3.0,100.72261904761906,101.25538450761115,44.72435893435719,48.27070865174157,9032.928311504931,-10721.069560579954,5.4913989540802035,495637.91201114975,282421.05263157893,76045.68880079288,17079.51923076923,3336.0498561840845,98061.81640625,24252.127139364304,10.75794621026895,80131.3,701170.8010754132,77772.84440634579,76031.4791356523,1355151.731170943,401617.0377482193,21404.611639575214,66086.85720042004,-899.0625835467605,759894.5029488862,507476.3176463247,2.961967254627837,-0.1362633568490009,-0.3039237887624813,38.29919490858896,0.3578767370197345,33561.08042908879,438.3694024243339,281671.98573306383,290063.497817006,2562986.4590808647,3362991.409080865,1374172.8250000002,1130364.055894841,0.11591623000000001,1.5530116338816988,13.269058811766358,0.8512972457917427,12.374050002165205,18.247348966886914,14.723369588053888,0.15521557816573897,-43901.878242320374,-8.6524662400376,216.58518126535427,1.6039488245270168,54.24569095067616
2012Q2,517817.9,295639.0,19264.0,78309.7,335.7,100711.4,26500.4,54.9,-3119.9,84526.7,87646.6,122.6,500355.4,289137.7,18126.9,76479.1,316.3,99223.5,25078.6,71.1,-8077.9,73621.3,81699.2,18183.1,4561.8,0.9662767548205653,0.9780093289450986,0.9409727990033223,0.976623585583906,0.9852261015138307,0.9463479796531372,0.8709827782227392,0.9321434031668084,251183.5,214492.49440855355,36388.09445496992,-3708.7625,21629.163222614872,35698.3025,360727.2032226149,88509.19999999998,2838.1425000000004,16700.858844888062,12569.13432332706,893.019297191108,3347.9975000000004,60660.10578538777,26145.436645006717,287326.5328009573,76681.14882675702,18125.72962905716,22351.47877285977,35813.632393377935,121984.97829627538,80084.7986674418,17920.40072261487,55924.99999999999,-1201.1164122681948,-11060.039318020106,130.0,65.0,170.0,0.0,0.0,0.0,0.0,0.0,0.0,0.0,0.0,1.0,0.0,0.0,0.0,0.0,1.0,0.0,0.0,0.0,0.0,0.05,0.52,0.18,0.8,0.86,0.45,0.48,0.0,0.0,0.0,0.86,0.45,0.9532254668080883,0.9679123742159624,0.9047815375031945,0.9621348647596003,0.9255236964822858,0.9825323861262012,1.011520737327189,0.9825323861262012,0.9463479796531372,0.94202529829933,-13.536122022565735,19.145495917042766,1.323624595469256,25794.090997206906,19487.46728150839,55905.10900279309,68159.13271849162,0.8202145005819007,1.323624595469256,0.8202145005819007,0.9321434031668084,0.9438778683317639,80.13,123.63039438540599,6564.333333333333,6273.333333333333,5503.666666666667,4.3999999999999995,11105.666666666666,0.8773113708820405,3531.364042853284,11105.666666666666,,101.61524213262926,38.972653577957765,45.63930107201259,821440.5194632341,0.03833333333333334,0.03833333333333334,0.85,0.85,684906.3797869612,0.02773640976494235,377139.7104618367,0.01403168145635253,719361.9531409808,0.008388427043900915,65240.008831187384,-0.0035183677457667484,0.02773640976494235,24222.6440258325,25497.278396192323,0.6648276455773605,83760.10443522895,0.7140158916243324,0.06975054117789672,0.07290011539939685,0.3467920759011135,0.3801,0.010930575785210969,0.16766,1.0,1121780.2,1977.175492201146,5543.399999999999,0.0,653240.5696422501,283679.45,369561.11964225007,1.0256344485831854,1.8233333333333333,104.19473637,89.396103664,104.19473637,104.19473637,1158679.6,689419.6000000001,1.6806594996718978,1.0096773487289983,682811.7921708901,466122.6000000001,0.4932157194452277,945068.418590344,107783.7,218532.57256527795,0.4,0.5,0.0,2.0,3.0,100.72261904761906,101.21835409559527,44.91383390342534,48.27070865174157,8951.85442109173,12484.152755867843,-3.5901487365925044,488756.8556360305,281810.6237816764,75796.92765113975,17429.71153846154,303.2598274209013,96897.94921875,24526.748166259167,69.53545232273838,81699.2,701300.2654215726,77791.84261536215,76078.80749984068,1375107.1132107906,400797.6754070923,21302.698643668777,66399.85587488578,-916.0018528338692,760145.2833498381,508018.05401194404,1.9290349842223478,0.024379058284694874,-0.05594214928215301,38.35315722329358,-1.9744531809602772,35958.98721757137,-624.2189937700041,276757.4088963626,286416.2958652106,2579802.660461837,3407401.560461837,1405459.65,1127286.0990799854,0.11582800000000001,1.5863501811413512,12.962617583740768,0.8572268289418816,11.934731001736804,17.86856418167998,14.308264273714073,0.15159020837095055,-41444.98897652826,-8.283110160603494,224.1966809991458,1.107892510003889,56.695590774077786
2012Q3,515882.5,295510.6,19635.5,77718.1,1407.6,101017.2,25954.4,80.7,-5850.9,81483.3,87334.3,409.1,497575.0,286874.5,18412.4,75586.9,1190.4,99813.9,24516.1,85.5,-8904.6,70983.1,79887.7,17994.3,4025.2,0.9645122678129225,0.9707756676071857,0.9377097603829799,0.9725778164931977,0.9880881671636117,0.9445835773510464,0.8711367850835693,0.9147345315643453,251902.2,215406.50181381783,36598.46669913072,-3695.975,21660.35236269405,35643.2575,357412.4748626941,84602.6675,2692.62,16736.485699592686,12606.038888120534,895.7988352943077,3480.8100000000004,61172.3070156284,26088.36567660171,288736.94897755736,76752.24546458124,18764.447392232112,22154.00162847649,35655.839351891336,121861.88556831818,80508.65242072515,17964.377362694053,51902.64,94.71021709637716,-9960.433657487854,131.0,66.0,171.0,0.0,0.0,0.0,0.0,0.0,0.0,0.0,0.0,1.0,0.0,0.0,0.0,0.0,1.0,0.0,0.0,0.0,0.0,0.05,0.52,0.18,0.8,0.86,0.45,0.48,0.0,0.0,0.0,0.86,0.45,0.9461751146268866,0.9639026922628323,0.9016440003682499,0.9649298507457146,0.923798119658725,0.9755119097367321,1.0039499670836078,0.9755119097367321,0.9445835773510464,0.9352942566986885,-182.73056414542384,9.272105307770559,1.1944236992780684,24239.580618681524,20293.954844777756,55648.11938131847,67040.34515522225,0.8300691061848395,1.1944236992780684,0.8300691061848395,0.9147345315643453,0.9420617519477673,78.60333333333334,106.25503022160825,6562.0,6282.0,5519.333333333333,4.233333333333333,11109.0,0.878594927305529,3532.4239714311434,11109.0,,100.87133000574933,39.02763047719854,45.63996859524097,823540.9311326458,0.03966666666666666,0.03966666666666666,0.7833333333333333,0.7833333333333333,682047.658335365,0.02773640976494235,375161.4387759997,0.01403168145635253,718126.7113668987,0.008388427043900915,65299.34843610424,-0.0035183677457667484,0.02773640976494235,24137.261048324744,25505.693008582024,0.6640968866100652,84078.94868216857,0.7140158916243324,0.06951382818797727,0.07290011539939685,0.34086292958643943,0.3801,0.011213226007186433,0.16766,1.0,1131668.0,1977.175492201146,5064.499999999999,0.0,675308.8702424878,292120.875,383187.99524248776,1.0252936897614544,1.6433333333333333,104.21270098000001,89.518564557,104.21270098000001,104.21270098000001,1153411.0,686512.0,1.680103188290955,1.0050862727494836,683037.8830286863,486921.25000000006,0.48063371866650567,1013081.7524640985,103256.9,214834.90647822447,0.4,0.5,0.0,2.0,3.0,100.72261904761906,101.13122560627964,45.24572898229819,48.27070865174157,8918.39590402119,-325.49870927123993,-1.4950429484960046,485993.1717491941,279604.77582846,74912.68582755204,17704.23076923077,1141.3231064237777,97474.51171875,23976.625916870416,83.61858190709047,79887.7,701278.2388915769,77806.20611998226,75987.37600157753,1365136.9843235218,400082.6850973334,21167.617126966066,66938.54558241837,-918.15337122075,760257.4600976924,508721.3448186626,1.4076773570194947,-0.6517822150477813,-0.3137015783815432,38.69050846754384,-0.7304271778618607,36292.365582382896,-1881.526205505191,277037.03027235117,287230.177901776,2588719.213776,3439282.5637759995,1423788.875,1122508.445547469,0.11574383000000002,1.596373071644504,13.416630252296429,0.8604603313256496,12.099471627695399,17.67895732616764,14.331265907084296,0.1521266082340523,-40853.194837085146,-8.210459696947222,227.43666783901926,1.017836507059237,58.70891322916143
2012Q4,515505.6,296772.0,20083.0,77534.5,-252.3,101713.3,25465.3,2.4,-6352.5,78691.4,85043.8,539.8,497098.5,288884.1,18916.2,75475.0,-370.1,100312.9,24079.2,16.6,-10215.4,69423.7,79639.1,18834.8,4617.4,0.9642931134016779,0.9734210100683353,0.9419011103918737,0.9734376309900754,0.986231889044992,0.9455690684971314,0.8822272827780419,0.9364480420677346,250741.3,214238.08459269447,36597.47252276248,-3630.4175,22863.749847117622,35964.590000000004,353411.2398471176,80441.56999999999,2705.5825,16799.591002953544,12993.655834826131,887.9180117133034,3076.5475,61134.61323444914,25336.541150853587,289724.38127853937,77247.44770217121,19061.52313990177,22292.693069641067,36174.2669161805,121937.18935294016,80572.33120693587,19233.332347117623,47472.01749999999,2869.751383761759,-10621.551885446825,132.0,67.0,172.0,0.0,0.0,0.0,0.0,0.0,0.0,0.0,0.0,1.0,0.0,0.0,0.0,0.0,1.0,0.0,0.0,0.0,0.0,0.05,0.52,0.18,0.8,0.86,0.45,0.48,0.0,0.0,0.0,0.86,0.45,0.9487534211192351,0.9647548374529985,0.9056741446075709,0.9631170791455,0.9247619251805687,0.9745089845382365,1.002633311389072,0.9745089845382365,0.9455690684971314,0.9343326793271683,-124.23138320100293,14.330634235606887,1.243963156584516,22342.69834581658,17960.900391263796,57296.40165418343,67082.8996087362,0.8541133729812973,1.243963156584516,0.8541133729812973,0.9364480420677346,0.9418152533336891,81.16333333333334,112.9668073558221,6558.666666666667,6285.0,5521.0,4.166666666666667,11104.333333333334,0.8784407319013524,3530.940071422141,11104.333333333334,,101.69839394558599,38.80421745928174,45.415921028799126,825914.0278258057,0.037,0.037,0.7600000000000001,0.7600000000000001,682585.0999999999,0.02773640976494235,376279.7,0.01403168145635253,718865.4999999999,0.008388427043900915,65369.20000000002,-0.0035183677457667484,0.02773640976494235,24095.814106310878,25509.456954443616,0.6677570074819008,84679.18136161237,0.7140158916243324,0.06740460329890141,0.07290011539939685,0.3461928237092945,0.3801,0.011149272301084558,0.1712,1.0,1142220.2,1977.175492201146,4002.0,0.0,698122.7000000004,300562.3,397560.40000000043,1.0254720755577635,1.7066666666666668,104.10491332,89.56995258,104.10491332,104.10491332,1148142.4,683604.4,1.679542144550269,1.000495196769969,683266.0488595753,507719.9,0.4943693022381548,1027005.3130350189,121291.8,245346.54447773448,0.4,0.5,0.0,2.0,3.0,100.72261904761906,101.09699731261016,44.65746140799337,48.27070865174157,8911.880188880192,308.0666941919153,-0.29223708887199956,485511.0372589354,281563.45029239764,74801.78394449952,18188.653846153848,-354.8418024928093,97961.81640624999,23549.339853300735,16.23471882640587,79639.1,701210.9232984431,77803.76237253564,75670.21332323633,1366334.6061695195,399489.6023038454,21056.58321444692,67079.11475128647,-918.9884854286942,760246.4208590816,509493.94300689053,1.1799270777647182,-0.42675182051953614,-0.5392670177836587,38.15617528831777,-0.09088714309112592,35160.099895052976,-270.9700969167193,277482.18331686856,287757.09321205417,2623958.4,3474924.5,1442782.5,1124233.9999999998,0.11566372000000003,1.6021436582372834,14.440229166454564,0.8615967912893236,12.314748973448795,17.289124603887796,14.304499225624395,0.15188222079639913,-40976.53322323215,-8.243141595324097,229.77743847547316,0.8050718318401685,60.46332869642536
2013Q1,522589.7,301253.7,20303.4,77475.5,326.8,101507.2,25837.6,-133.5,-4363.2,81215.0,85578.2,382.1,502993.4,293140.6,19221.3,75634.6,195.2,100461.1,24591.7,-102.8,-10148.2,76396.1,86544.3,20573.1,5043.2,0.962501557148945,0.973068878490123,0.9467035077868731,0.9762389400520165,0.98969432710192,0.9517795770505001,0.9406649018038541,1.0112890899785227,252365.0,215443.31057155915,36869.31652908188,-3665.905,22485.04464219526,35127.130000000005,360975.1846421952,86668.45999999999,2863.86,16737.21273736927,13553.472271530269,911.0478900039728,3887.1225,61835.9718635912,26742.47782825032,288528.1844538636,77519.95469356696,20082.247756507568,22103.257993016898,36567.77815455114,122205.88648504596,83392.50373930903,18819.13964219526,54663.91499999999,2661.573218207748,-10390.495190057149,133.0,68.0,173.0,0.0,0.0,0.0,0.0,0.0,0.0,0.0,0.0,1.0,0.0,0.0,0.0,0.0,1.0,0.0,0.0,0.0,0.0,0.05,0.52,0.18,0.8,0.86,0.45,0.48,0.0,0.0,0.0,0.86,0.45,0.9484102129533363,0.9675311596154773,0.9102918344104548,0.9664983663104687,0.9308357721765282,0.9818637693272042,1.0108624094799212,0.9818637693272042,0.9517795770505001,0.9413842467183167,-125.67307981613038,24.26257353624176,1.4324122479462287,26230.881216596652,18312.382663724147,60313.41878340335,67265.81733627585,0.8966429186741907,1.4324122479462287,0.8966429186741907,1.0112890899785227,0.9400292145463963,92.31666666666666,111.92424244585814,6581.666666666667,6303.666666666667,5536.333333333333,4.2,11100.666666666668,0.8782719052403363,3529.774149986496,11100.666666666668,94.16666666666667,99.78117827796491,38.914439864812906,45.58341862845445,834841.4139091901,0.02766666666666667,0.02766666666666667,0.6566666666666667,0.6566666666666667,684712.3036258441,0.027384078716279958,378118.7540577571,0.012915922568123073,724822.383188266,0.006789174759101846,66153.87263401694,-0.003682216557890805,0.027384078716279958,19522.01403115651,20645.783244775983,0.8191259635994981,84595.7029053565,0.7140158916243324,0.07115048821403364,0.07290011539939685,0.3734323206829099,0.3801,0.010526954288196598,0.1712,1.0,1150538.0,1977.175492201146,5381.699999999998,0.0,728224.8335122932,307163.125,421061.7085122932,1.017485226856462,1.95,104.60792239333334,90.114326809,104.60792239333334,104.60792239333334,1144701.075,682214.9,1.6779186074651842,0.997496414447302,683927.1701823663,578569.5,0.6209948846014421,931681.5876371172,146076.9,235230.44009251852,0.4,0.5,0.0,2.0,3.0,100.72261904761906,101.07390928432656,45.6833837955598,48.27070865174157,9034.347627538564,-1469.720740788558,5.496817105381617,491249.5852210369,285712.0857699805,74959.96035678891,18482.01923076923,187.1524448705657,98106.54296875,24050.562347188265,-100.53789731051344,86544.30000000002,701377.7831781232,76808.06048127965,74767.85643583929,1471779.8553255347,399405.6755337186,19439.99787662632,67375.81597429459,-962.8142024643028,761544.3750478877,511511.6231315167,2.1657527155810112,-0.17794905674162678,-0.3023504386305815,38.99977985468081,-0.7431583728366155,32889.097090612646,1991.286930801469,276433.63500172546,287203.3119827441,2664111.679057757,3559090.4540577573,1457701.125,1128984.930317618,0.11558767000000002,1.5975083586783094,17.591528840271444,0.8666594125368048,11.911404932357843,15.72443693314587,13.436617732673055,0.1429382994139899,-39150.08296315442,-7.783418820834312,228.73819020289332,1.069934516039375,61.06702891131375
2013Q2,527317.3,303502.4,20476.0,80132.3,-2386.0,102868.7,26811.4,42.6,-4421.6,83949.7,88371.3,291.5,507662.3,295075.1,19550.3,78410.8,-2283.3,101139.6,25581.3,57.7,-9869.2,80970.9,90840.1,25050.5,5817.7,0.9627264267643029,0.972233168502127,0.9547909747997655,0.9785167778785833,0.9831911942116505,0.9541202622764943,0.9645168475884964,1.0279366717475018,253864.8,216946.6394515583,36898.76972938525,-3414.535,22086.00205429104,36412.725,371951.219554291,96392.835,2750.5,16791.922413082553,12777.543484199374,966.9284481037316,3165.2325,62010.82566982424,27021.909693875423,290943.5277577632,77545.82441282485,20655.47022391499,22524.74292146636,36269.21485376947,122708.57094999938,83946.59477155987,18671.467054291043,63002.22749999999,-868.572858059837,-9933.088345653028,134.0,69.0,174.0,0.0,0.0,0.0,0.0,0.0,0.0,0.0,0.0,1.0,0.0,0.0,0.0,0.0,1.0,0.0,0.0,0.0,0.0,0.05,0.52,0.18,0.8,0.86,0.45,0.48,0.0,0.0,0.0,0.86,0.45,0.9475956808012934,0.9697886797607367,0.9180682449997745,0.9601476505973149,0.933124950881657,0.988549937317175,1.0177748518762344,0.988549937317175,0.9541202622764943,0.9477947625284516,75.38015043877931,17.054476827021347,1.456061737615136,27563.789532081184,18930.371439625593,63276.310467918825,69440.9285603744,0.9112250049033281,1.456061737615136,0.9112250049033281,1.0279366717475018,0.9404070709302742,98.75666666666666,107.12094415939286,6586.0,6318.0,5563.666666666667,4.033333333333333,11102.0,0.8806056769019732,3530.1981214176394,11102.0,97.66666666666667,101.01327069006459,38.993464642901856,45.62904559343358,850014.1245211249,0.012333333333333333,0.012333333333333333,0.7733333333333333,0.7733333333333333,687118.6633660641,0.027384078716279958,381311.0359767575,0.012915922568123073,728067.196080944,0.006789174759101846,66278.7853303609,-0.003682216557890805,0.027384078716279958,19683.783315095287,20681.031396044436,0.8258292190654714,85789.69999273613,0.7412785944676488,0.07161555266580492,0.07290011539939685,0.3935057872748854,0.3801,0.010644290881491011,0.1712,1.0,1157402.8,2374.396384380969,9363.599999999999,0.0,759624.931468359,313763.95,445860.98146835895,1.013868608088943,1.9966666666666668,104.53606395000001,90.681392283,104.53606395000001,104.53606395000001,1141259.75,680825.4,1.6762884434100138,0.994497632124635,684592.2785612785,649419.1000000001,0.7310900766638473,888288.7632170677,155574.5,212797.9916099075,0.4,0.5,0.0,2.0,3.0,100.72261904761906,100.95154912987884,45.17133766852828,48.27070865174157,9116.076719872284,-2911.2806956580735,3.618594090162921,495892.91754386073,287597.5633528265,77711.39742319129,18798.365384615383,-2189.165867689358,98769.140625,25018.38630806846,56.430317848410766,90840.1,702204.2737537235,76826.33769759865,75000.86248198198,1542018.2812883921,399365.98275525635,19535.01019586065,67046.47163322355,-974.3715407263063,763076.9671988767,512433.8413823219,2.9044644236471773,0.19385076529206594,0.007950854275219577,38.602318662212326,0.0934521564926834,32908.49728130726,1818.267907830002,278790.61404912523,289584.46168984147,2688877.6859767577,3643156.635976758,1471166.75,1134708.4846731827,0.11551568000000002,1.6119594872406515,19.734085529602236,0.860947084129918,11.694222257689757,14.823174756595776,12.945803257252166,0.13766169627420874,-39104.32278263248,-7.702821892157933,227.98675418678914,1.8444544729833197,61.805643239610276
2013Q3,532398.9,305097.9,21279.0,81276.1,-477.0,102879.9,28267.6,-84.8,-6154.9,83852.3,90007.3,315.2,512886.0,297226.1,20440.0,79745.3,-706.0,101339.7,27104.6,-58.3,-12205.3,82059.2,94264.6,24060.7,6623.3,0.9633490978287145,0.9741991013376361,0.9605714554255369,0.9811654348572335,0.9850291456348617,0.9588574905545572,0.9786159711778925,1.0472994968185914,252558.5,215500.6198788138,37085.5904583349,-3234.955,22303.54593500889,36838.895,373133.2634350089,98362.3925,2882.2000000000003,16846.7105947576,13185.894464746223,1008.3456812943904,3548.5625,62350.96295778304,27424.151320166133,289647.68444537406,77691.29709023645,21299.15490596404,22388.121877372207,36582.36202341282,123436.542749646,85305.668249543,19068.59093500889,64667.27749999999,719.8942919322872,-9969.43930192216,135.0,70.0,175.0,0.0,0.0,0.0,0.0,0.0,0.0,0.0,0.0,1.0,0.0,0.0,0.0,0.0,1.0,0.0,0.0,0.0,0.0,0.05,0.52,0.18,0.8,0.86,0.45,0.48,0.0,0.0,0.0,0.86,0.45,0.9495117946760585,0.9724137114541463,0.9236263994476316,0.9619425250340445,0.9377579369726721,0.9969076473046383,1.0260039499670837,0.9969076473046383,0.9588574905545572,0.9558079072911202,-230.47505223568754,23.01111519902645,1.4505850136918101,26413.01076430098,18208.52312342492,67851.58923569902,71798.77687657508,0.9450243052515863,1.4505850136918101,0.9450243052515863,1.0472994968185914,0.9408646432919807,98.92999999999999,107.32794926571847,6586.333333333333,6324.666666666667,5574.0,3.933333333333333,11103.666666666666,0.8813112680510171,3530.7280857065684,11103.666666666666,100.39999999999999,100.6115724821915,38.66175455307029,45.31010046645138,854643.8740324387,0.023000000000000003,0.023000000000000003,0.7333333333333334,0.7333333333333334,690047.843451053,0.027384078716279958,383774.762727432,0.012915922568123073,733490.6984550165,0.006789174759101846,66908.75648506702,-0.003682216557890805,0.027384078716279958,19771.901722251197,20722.6515398344,0.8253168467682882,85777.14657446585,0.7412785944676488,0.07251703309628246,0.07290011539939685,0.3925373460835759,0.3801,0.01069697088084382,0.1712,1.0,1166869.8,2374.396384380969,5232.100000000001,0.0,792378.960389531,320364.775,472014.18538953096,1.0168687320515948,2.7100000000000004,104.71571005,91.313627718,104.71571005,104.71571005,1137818.425,679435.9,1.674651611726728,0.9914988498019681,685261.4101727941,720268.7000000001,0.7556311005491334,953201.5019982175,161542.8,213785.27152019466,0.4,0.5,0.0,2.0,3.0,100.72261904761906,100.89742339709207,45.034680751532214,48.27070865174157,9203.925640170752,-290.2090488449103,3.85468104308353,500915.30113754293,289694.0545808966,79033.99405351836,19653.846153846152,-676.8935762224353,98964.55078125,26508.1662591687,-57.01711491442543,94264.6,703294.0816463432,76916.86842952066,75264.44626016548,1634376.4304322596,399527.5526456471,19699.935260186365,67116.30376792648,-976.2113631213804,764963.2043139181,513572.6673087022,3.665738831070154,0.8829749371623589,0.5384128512272124,38.426747141750035,0.258711528883397,34899.55523704373,2261.72488490591,277313.5778122873,287864.0551356952,2711988.037727432,3729096.462727432,1487234.5750000002,1140731.3626635522,0.11544775000000002,1.6052697968242209,20.638334646611174,0.8628986219765088,11.19120875799323,14.058049140636944,12.337944911050716,0.13113411157508925,-39028.83619537964,-7.609651305627302,227.51055790175596,1.0201292294973934,62.46315458016012
2013Q4,531782.2,304572.4,22031.8,81863.8,58.5,103108.8,28750.8,80.1,-9087.6,83531.9,92619.5,403.5,512330.8,298030.5,21356.5,80600.0,99.4,101195.0,27683.5,94.9,-16728.9,81604.5,98333.4,23938.8,6250.6,0.9634222431664693,0.9785210347359117,0.9693488502982054,0.9845621630073366,0.9814390236332883,0.9628775547115211,0.9769261802975869,1.0616921922489324,254049.3,216829.26424920547,37345.23621224482,-3295.935,22678.162926410645,36637.4,374347.4829264106,97723.195,2907.8,16900.388706492122,13623.388323162098,1064.3748776017546,3260.9975000000004,62960.743743082254,28175.25813355709,289472.1575088792,77361.34623598617,21560.844262233808,22299.4509921184,36987.21419288225,124343.49345372614,86723.31658867316,19382.227926410644,64278.55499999999,-2398.093073019001,-10118.049776878266,136.0,71.0,176.0,0.0,0.0,0.0,0.0,0.0,0.0,0.0,0.0,1.0,0.0,0.0,0.0,0.0,1.0,0.0,0.0,0.0,0.0,0.05,0.52,0.18,0.8,0.86,0.45,0.48,0.0,0.0,0.0,0.86,0.45,0.9537242053956254,0.9757801417317509,0.9320662022098128,0.958436546516883,0.9416895400601674,0.9989134977016297,1.0279789335088876,0.9989134977016297,0.9628775547115211,0.9577310620341609,40.96356038445467,17.773507867607165,1.5080906148867315,29305.360101698516,19432.0950030576,69028.03989830147,73187.40499694241,0.9431682937957057,1.5080906148867315,0.9431682937957057,1.0616921922489324,0.9407065905199733,100.39666666666666,111.94618100500553,6615.666666666667,6359.0,5591.333333333333,3.8666666666666667,11104.0,0.8792787125858363,3530.8340785643545,11104.0,101.96666666666665,101.31383883407294,38.77952740834723,45.43626445689758,860891.1750249199,0.02366666666666667,0.02366666666666667,0.6433333333333333,0.6433333333333333,693624.9999999997,0.027384078716279958,387618.6000000001,0.012915922568123073,738486.1000000003,0.006789174759101846,67315.09999999996,-0.003682216557890805,0.027384078716279958,19919.186143947125,20773.875513478884,0.8289261612864487,85888.7911155694,0.7412785944676488,0.07428646975628334,0.07290011539939685,0.37528867022102225,0.3801,0.010824143959242279,0.17474,1.0,1182115.1,2374.396384380969,959.2999999999975,0.0,826545.2999999997,326965.60000000003,499579.69999999966,1.0198554912911384,2.7466666666666666,104.12287793,91.807921012,104.12287793,104.12287793,1134377.1,678046.4,1.6730080714240205,0.9885000674793013,685934.6016323848,791118.3,0.7874996307783194,1004595.1376740382,165932.7,210708.2892673888,0.4,0.5,0.0,2.0,3.0,100.72261904761906,100.68326779647929,44.84704654347464,48.27070865174157,9193.264346651373,6076.395179174337,-0.4633367950234832,500251.0202612105,290478.0701754386,79881.07036669971,20535.096153846152,95.3020134228188,98823.24218749999,27074.327628361858,92.81173594132031,98333.4,704500.9711538458,77036.24196998915,75585.29785225146,1696622.3485685503,399875.23571184423,19827.220475949267,67388.31756191429,-985.4901239887902,766957.4354355485,515654.6644431998,3.1275845384264165,1.1428089138023634,1.0128919254823612,38.27663412483908,0.03037126953030113,38515.3237104175,543.3793393164723,276912.0443593468,287425.42153606814,2740678.4000000004,3822194.7000000007,1509080.7000000002,1148558.6999999995,0.11538388000000002,1.6188792611428513,20.540351833678628,0.8673162060026471,10.719078665746725,13.595199938273659,11.869527174757497,0.12617671965279464,-36675.61928330284,-7.158581776325539,230.7327804613738,0.18724230516689558,63.819235540787325
2014Q1,536082.4,310664.7,22345.1,83958.9,-2350.8,103413.3,28094.8,68.6,-9936.3,88655.3,98591.6,-175.8,516736.5,304618.5,21685.8,82794.4,-2614.4,102079.1,27273.8,111.7,-19212.4,86829.9,106042.3,24896.0,7227.2,0.9639124507724931,0.9805378596280813,0.9704946498337443,0.9861301184269923,0.9870983712926674,0.9707775104289762,0.9794101424280329,1.0755713468490216,254405.2,216543.6092593268,37480.75439210725,-3312.6000000000004,23031.426945084477,36731.085,371021.1669450845,93775.6825,2852.9025,17406.13043232062,14331.854628260624,1092.529704504772,3445.725,63309.9827776764,28992.285148945677,289266.6096791465,77106.27469137793,22203.61968244933,22384.76332394629,37809.14765671168,125557.33059367417,89005.05248810668,19718.826945084475,60166.055,3463.379804529599,-9705.10903069377,137.0,72.0,177.0,0.0,0.0,0.0,0.0,0.0,0.0,0.0,0.0,1.0,0.0,0.0,0.0,0.0,1.0,0.0,0.0,0.0,0.0,0.05,0.52,0.18,0.8,0.86,0.45,0.48,0.0,0.0,0.0,0.86,0.45,0.9556899216647965,0.9773341114241748,0.9331679325324465,0.9639632532154955,0.9494156581212482,1.001587964897618,1.0306122448979593,1.001587964897618,0.9707775104289762,0.9602952683582149,-259.8670121186792,45.10466278457224,1.560368434154842,30298.290316609015,19417.395054533885,75744.00968339099,79174.20494546612,0.9566753431317967,1.560368434154842,0.9566753431317967,1.0755713468490216,0.9411934455432692,102.75333333333333,111.99480671924276,6591.666666666667,6351.333333333333,5585.666666666667,3.6666666666666665,11102.0,0.879447884958539,3530.1981214176394,11102.0,104.96666666666665,100.03688613870753,38.76772857778722,45.54607626663484,867781.4967828619,0.024333333333333332,0.024333333333333332,0.6133333333333333,0.6133333333333333,695730.7763728878,0.028352684271017836,388098.15080859815,0.013914968307189135,745012.5528371499,0.008529943369395443,66121.64771512222,0.010668592220881845,0.028352684271017836,25196.978448342812,26168.413964007963,0.6738518063241119,85779.66698171612,0.7412785944676488,0.0762164578455807,0.07290011539939685,0.3601385485428975,0.3801,0.010302772615312683,0.17474,1.0,1185037.1,2374.396384380969,-1543.6000000000013,0.0,848041.5038497678,333385.875,514655.62884976785,1.0208161806624305,2.763333333333333,105.20075451333332,92.167193411,105.20075451333332,105.20075451333332,1136298.3250000002,678732.4,1.674147756906846,0.9901742294860475,685467.6478020417,809703.425,0.7876521528980546,1027996.2062197265,156041.2,198109.27885598803,0.4,0.5,0.0,2.0,3.0,100.72261904761906,100.57435978559035,45.529282272423295,48.27070865174157,9267.604697538392,-5594.405434671258,3.234557305603738,504557.2411511051,296899.1228070175,82055.89692765115,20851.73076923077,-2506.615532118888,99686.62109375,26673.643031784843,109.24205378973106,106042.3,705516.2025500957,79897.97441500174,78664.52250993895,1672430.5996747587,399897.259480084,21574.802137108094,66016.81532972609,2872.629408831532,767439.031944546,515607.392725631,3.9710461027591064,1.0131923619486793,1.0780006378755214,38.75343393239298,0.20352762643828817,40329.52588918071,727.4421150297172,275940.2917647558,286271.1147092387,2741294.725808598,3852522.8758085985,1518422.975,1149950.5748966082,0.11532407000000001,1.6187464777483123,20.07718680415286,0.8687969765670135,11.066355662791782,13.762647608766464,12.144872441181654,0.12903694239149185,-34065.62173868503,-6.592455098233825,229.33102267790258,-0.29872091481828766,64.51757810799121
2014Q2,526349.8,295354.5,20443.0,82290.8,2515.7,103089.5,27117.8,94.1,-4672.6,89825.6,94498.2,117.1,517978.4,295083.8,20425.4,81535.7,2919.2,103141.7,26948.0,115.4,-12190.8,87806.2,99997.0,25471.6,7599.4,0.9840953677573355,0.9990834742656706,0.9991390696081789,0.9908240046274917,1.0005063561274425,0.9937384301086372,0.9775186583780124,1.058189468159182,257720.3,219700.86318756628,38238.19335272051,-3164.6975,21983.995304378317,35070.97,367676.9903043783,88073.545,2817.4350000000004,17458.894041130727,18300.76753395088,1063.7118965917682,3281.185,64154.1858286286,27050.350492738613,290094.6582314302,76494.20224434831,23072.66614492563,21899.23270351245,41263.71213405511,126522.9536880977,91386.72877171935,18819.297804378315,56066.42249999999,3668.128873468901,-9970.272995929176,138.0,73.0,178.0,0.0,0.0,0.0,0.0,0.0,0.0,0.0,0.0,1.0,0.0,1.0,0.0,0.0,1.0,0.0,0.0,0.0,1.0,0.08,0.52,0.18,0.8,0.86,0.45,0.48,0.0,0.0,0.0,0.86,0.45,0.95918152291251,0.9767586796406661,0.9390404789550553,0.963507661910095,0.9592069788693408,1.0323443376514834,1.033245556287031,1.0323443376514834,0.9937384301086372,0.965891034479307,322.1313497701635,21.889213726777257,1.505352252925069,27097.828450274075,18000.988404953023,72899.17154972593,76497.21159504697,0.9529650823827673,1.505352252925069,0.9529650823827673,1.058189468159182,0.9477815328998295,102.12333333333333,109.6209422839876,6611.333333333333,6371.0,5604.666666666667,3.6333333333333333,11102.0,0.8797153769685555,3530.1981214176394,11102.0,103.10000000000001,100.75896696706617,39.19963063891393,45.98316284049006,877614.90733213,0.018666666666666668,0.018666666666666668,0.5866666666666666,0.5866666666666666,699606.5859889146,0.028352684271017836,399099.5587808284,0.013914968307189135,762865.4368874326,0.008529943369395443,68154.79868627299,0.010668592220881845,0.028352684271017836,25419.659540758475,26184.84592780255,0.6664182078979052,85639.44190271106,0.7316876306915154,0.07104962300222573,0.07290011539939685,0.3660670271464274,0.3464,0.010637438089060354,0.17474,1.0,1204727.5,4156.367652013236,5681.4,0.0,870096.7657208594,339806.15,530290.6157208594,1.014997411033086,2.6233333333333335,106.33252492666666,92.686826576,106.33252492666666,106.33252492666666,1138219.55,679418.4,1.6752851409381906,0.9918483914927936,685002.2703343129,828288.55,0.771637330325855,1073416.8986487756,161462.0,209245.9678328628,0.4,0.5,0.0,2.0,3.0,100.72261904761906,100.44675930272722,45.636794644311905,48.27070865174157,9099.350918866938,12529.618319317067,-7.26201792858708,498864.6202855187,283298.57910906296,80378.25315457412,19196.804511278195,2731.2874251497005,99327.52311248073,26011.58301158301,111.38996138996139,99997.0,706085.6244111055,80013.11255596133,78903.3401605224,1655424.8761641216,399443.45178828685,21601.49387432141,66019.44351370275,2821.699585781771,767672.2704625953,517486.1128597739,1.712835749590052,0.718713264589666,0.8659528132691727,38.90435940230176,8.37541499486496,38856.65373437869,8195.326064623689,278080.93592298107,282575.1904073102,2784513.6087808283,3910141.3087808285,1544533.65,1166860.943456016,0.11526832000000001,1.667360579090426,21.31651777484807,0.8701166964928232,11.145032688940137,13.610456851018176,12.131202353771354,0.12799576624641296,-28643.12672273136,-5.529791729294379,232.58257487184792,1.0968411037989227,65.60237840033484
2014Q3,526843.3,297902.4,19410.0,82786.9,-103.1,103766.2,27877.8,140.8,-4838.1,91195.4,96033.6,-99.7,518271.5,297813.8,19366.5,82312.6,-360.5,104005.0,27785.4,194.3,-12845.6,90919.3,103764.9,27574.9,7805.6,0.9837298870461102,0.9997025871560618,0.997758887171561,0.9942708327042081,1.0023013274071904,0.9966855347265567,0.9969724350131696,1.080506197830759,258539.0,220017.8961754329,38481.745146496425,-3475.7374999999997,23247.32574910559,34194.3625,371857.5232491056,90475.5475,2783.7275,17517.661704740687,18933.824668187823,1070.097057817731,3405.6825,64701.84784390015,27693.09741923382,289644.77812210115,76895.47127016696,23350.5110493526,22092.06036377689,42095.98208978245,127365.771463218,93139.59055836886,19771.58824910559,59352.57249999999,127.20569789397996,-10836.436134037443,139.0,74.0,179.0,0.0,0.0,0.0,0.0,0.0,0.0,0.0,0.0,1.0,0.0,0.0,0.0,0.0,1.0,0.0,0.0,0.0,1.0,0.08,0.52,0.18,0.8,0.86,0.45,0.48,0.0,0.0,0.0,0.86,0.45,0.9597759093280162,0.9801565779812778,0.9377433150108656,0.9652362552072327,0.9620516744464833,1.0370246552444629,1.037195523370639,1.0370246552444629,0.9966855347265567,0.9702700741433972,-253.58275804429587,53.96667671050082,1.5245207866567092,27118.660545345745,17788.317996514343,76646.23945465425,78245.28200348566,0.9795637192698702,1.5245207866567092,0.9795637192698702,1.080506197830759,0.9476227671052818,103.94666666666667,108.3341540385093,6613.666666666667,6376.333333333333,5627.333333333333,3.5666666666666664,11105.0,0.882534371896074,3531.1520571377123,11105.0,101.39999999999999,100.5002802040911,39.09807419300431,45.943430873119304,880225.1796970513,0.017333333333333336,0.017333333333333336,0.5166666666666667,0.5166666666666667,702713.7635887241,0.028352684271017836,397844.09262172837,0.013914968307189135,765547.7001722563,0.008529943369395443,67643.25338489645,0.010668592220881845,0.028352684271017836,26028.795900475652,26192.803973204638,0.6672611458489967,86288.75960784132,0.7316876306915154,0.07261306531668991,0.07290011539939685,0.38095557554585646,0.3464,0.010312707455196612,0.17474,1.0,1206854.6,4156.367652013236,6923.700000000001,0.0,892725.6251977216,346226.42500000005,546499.2001977216,1.0138000739539295,2.4966666666666666,106.27863109999998,93.396997594,106.27863109999998,106.27863109999998,1140140.775,680104.4,1.676420230482261,0.9935225534995397,684538.4612603212,846873.675,0.8293143217733384,1021173.3389447732,167179.6,201587.7401496175,0.4,0.5,0.0,2.0,3.0,100.72261904761906,100.35540338681261,45.714729132913476,48.27070865174157,9107.882373953385,-5022.06425123992,0.37503576518885345,499248.70577687817,285919.5468509984,81144.12460567824,18201.5977443609,-337.2941616766467,100158.89830508475,26819.88416988417,187.54826254826256,103764.9,706762.926633873,80077.69110893023,79342.89858587354,1652881.2877774958,398737.70881613856,22213.830847393576,65228.20170456852,2908.4630203205606,768093.5194692941,518536.62680997077,1.6019453131270214,0.7962522983713111,0.7574827814804885,38.903447944230436,-0.14855499708660455,37121.556826180255,1247.164484593264,277233.888507033,281819.1173793607,2798209.1176217287,3937939.567621728,1553081.0250000001,1168201.109595349,0.11521663000000001,1.6707532955188975,22.813527971508353,0.873596618234488,11.252965622952676,13.518614705934102,12.159225256145247,0.1283129287120045,-28596.657004960052,-5.517698157232272,232.8614635379333,1.3359214234238235,66.8040640861016
2014Q4,529350.2,298451.9,19452.2,83410.3,-1356.1,104018.5,28046.8,8.9,-2461.2,93900.6,96361.8,-221.0,521966.4,298026.7,19404.4,83107.3,-1350.8,104371.1,27784.4,21.8,-9398.5,95648.4,105046.8,30722.5,8387.3,0.9860512001317844,0.9985753148162233,0.9975426943996052,0.9963673551108196,1.003389781625384,0.9906442089650157,1.0186132995955297,1.0901290760446567,258664.0,219976.9845415888,38694.98745197424,-3232.4075,22700.009442248094,34333.975,384146.5394422481,102969.2525,2782.4275,17604.790810984014,19490.212755013454,1079.6575952948988,3102.1275,65231.55669043067,29383.02480195157,288039.7792677297,77007.44712607986,24086.73804770601,22193.330537260408,42763.20088756876,128026.7246337643,96232.96373722634,19467.601942248097,71680.96250000001,-7532.737463581143,-10051.07080821594,140.0,75.0,180.0,0.0,0.0,0.0,0.0,0.0,0.0,0.0,0.0,1.0,0.0,0.0,0.0,0.0,1.0,0.0,0.0,0.0,1.0,0.08,0.52,0.18,0.8,0.86,0.45,0.48,0.0,0.0,0.0,0.86,0.45,0.9586936586177258,0.9822233390288049,0.9375401263154184,0.9662844584219801,0.9562202789237603,1.0229837024655244,1.02402896642528,1.0229837024655244,0.9906442089650157,0.9571329551511268,36.468198913497645,12.98326654021136,1.4700024894199655,26365.726858015616,17935.838236858377,78681.07314198438,78425.96176314162,1.0032528944893686,1.4700024894199655,1.0032528944893686,1.0901290760446567,0.9501798230658225,114.52,87.9560036781647,6617.333333333333,6386.333333333333,5633.666666666667,3.466666666666667,11103.0,0.8821441620126312,3530.516099990997,11103.0,101.56666666666666,100.09348339570903,39.04685838854307,45.913969587598366,890192.2193077113,0.011999999999999999,0.011999999999999999,0.39999999999999997,0.39999999999999997,705006.5000000003,0.028352684271017836,397074.2000000001,0.013914968307189135,761363.0,0.008529943369395443,65677.80000000002,0.010668592220881845,0.028352684271017836,26120.314116161073,26207.176893890857,0.6694851601972447,86473.18397887595,0.7316876306915154,0.076940960289424,0.07290011539939685,0.4016739104326563,0.3464,0.010277872294014655,0.17828,1.0,1220177.3,4156.367652013236,12936.7,0.0,915943.0000000005,352646.7,563296.3000000005,1.0092023594097417,2.28,103.58393964,93.915290437,103.58393964,103.58393964,1142062.0,680790.4,1.6775530324751935,0.995196715506286,684076.2126648115,865458.8,0.8702160282488153,994533.2789854624,177724.1,204229.8627360889,0.4,0.5,0.0,2.0,3.0,100.72261904761906,100.29973276874297,45.871087737133024,48.27070865174157,9151.22078278057,7118.473739597212,1.903336343083347,502977.8793758577,286123.94393241167,81927.54337539432,18237.218045112782,-1263.8473053892214,100511.45993836674,26818.91891891892,21.042471042471043,105046.8,707576.8755205623,80154.50445324299,79695.28588771906,1665816.957711059,398052.33623508085,22143.951760135078,64202.19583333335,2886.633147428983,768553.4252458214,519793.82918163436,1.8384925487497976,0.6603124025068842,0.7282823504390976,39.01039015115044,0.943882306003528,36986.42658550873,-3696.6517239548784,275390.8406336976,279286.5528655023,2828412.7,3977419.0,1572824.0,1167758.5000000005,0.11516900000000002,1.681669751532561,23.39936241202297,0.8794472946995605,11.243181185031663,13.522536711580317,12.154923395651124,0.12792234796601346,-24816.905041610964,-4.754502405061124,233.76548758694048,2.4784545518638748,67.56118784657403
2015Q1,537485.6,300023.4,19968.5,87584.6,23.7,104999.4,26725.5,80.2,-1848.3,95327.1,97175.3,-71.3,534740.5,299198.5,19962.9,87427.5,-182.0,105104.0,26756.7,90.0,-3617.1,95313.5,98930.6,28536.8,8380.7,0.9948927003811824,0.9972505477906056,0.9997195583043293,0.9982063056747419,1.0009961961687401,1.0011674243699837,0.9998573333291372,1.0180632321176266,258824.9,219947.53251195184,38881.79938381472,-3093.9225,22836.297232219997,34729.9975,383138.89973222,101487.595,2808.385,17771.336682559187,19861.91632737745,1081.2766238170734,3311.57,65508.34316065405,28094.09989346971,289873.15848454146,77217.08078732045,24579.356804666702,22194.11134018908,43137.3042913836,128517.74053507,95810.76098952,19742.374732219992,69841.6275,3414.225441326387,-10132.673980875174,141.0,76.0,181.0,0.0,0.0,0.0,0.0,0.0,0.0,0.0,0.0,1.0,0.0,0.0,1.0,0.0,1.0,0.0,0.0,0.0,1.0,0.08,0.52,0.18,0.8,0.86,0.45,0.48,0.0,0.0,0.0,0.86,0.45,0.9574218008742372,0.9840361846162676,0.9395860510379035,0.9639793876817605,0.9663778227509495,1.0066025908900962,1.0069124423963134,1.0066025908900962,1.0011674243699837,0.9418063163268116,-205.8564814040953,9.706372565527303,1.0973363206372915,19985.5797035891,18212.811630970376,78945.0202964109,78962.48836902963,0.9997787801147162,1.0973363206372915,0.9997787801147162,1.0180632321176266,0.9591720403008409,119.07000000000001,56.19878547912093,6622.666666666667,6391.333333333333,5641.666666666667,3.5,11103.0,0.8827057473662252,3530.516099990997,11103.0,101.33333333333333,100.56642120183457,38.986268687495155,45.87738257016248,897726.3993158301,0.015333333333333332,0.015333333333333332,0.33666666666666667,0.33666666666666667,707977.745282038,0.02858078517878543,397401.2769653448,0.013896929159317672,770068.1736237825,0.007890895400122833,64538.03170537529,0.0006586342590197414,0.02858078517878543,24031.34317809488,24258.298752083596,0.7318588473712072,87245.74943611369,0.7316876306915154,0.0734741327698537,0.07290011539939685,0.39761803987786964,0.3464,0.010929647892735648,0.17828,1.0,1232623.5,4156.367652013236,16539.0,0.0,919617.751211789,346665.45,572952.301211789,0.9713140658908761,1.9666666666666668,99.99101769666667,94.730186873,99.99101769666667,99.99101769666667,1144266.85,681470.4500000001,1.6791144062079286,0.9971180293037716,683440.1043533738,892293.9750000001,0.9460775231267036,943151.0137256474,182794.0,193212.49636698037,0.4,0.5,0.0,2.0,3.0,100.72261904761906,100.17110815306518,45.618986955981654,48.27070865174157,9291.862727482268,6181.872192325545,6.1474615481396055,515541.15958432166,287248.94393241167,86186.41561514196,18762.124060150374,-170.28443113772457,101217.25731895224,25826.930501930503,86.87258687258687,98930.6,709249.9228438328,80892.41070691757,80598.5573045896,1687740.729119372,397512.7561167209,22072.448113570958,64114.70851501289,173.03059654818713,769170.2255578004,520945.9357689055,3.17492912324621,0.6857504627896934,0.6730314326482888,38.7666859589749,3.5866292736995202,38694.24390229674,-4244.922855319969,277169.5352331966,278592.3900406568,2840954.6769653447,4013251.0519653447,1579288.95,1169917.0539527582,0.11512543000000001,1.6702333966078908,23.06012173937419,0.8826502300294612,11.381885770609113,13.668896897891122,12.296690221521917,0.12820109120012613,-25057.311230697633,-4.685882447784979,230.50872339013034,3.0929020711915407,64.82872533499894
2015Q2,538243.9,300270.8,20355.0,86423.2,2479.4,105132.8,26492.2,-73.5,-2999.1,92080.2,95079.3,163.0,538358.6,300825.0,20330.4,86494.7,2701.1,104903.5,26520.3,-50.9,-3365.5,93549.2,96914.7,29937.7,8521.3,1.0002131004178587,1.001845667310974,0.9987914517317613,1.0008273241444428,0.9978189489864248,1.0010606895614558,1.0159534840280537,1.0193038863348804,259090.4,219907.4905394734,39150.69867153209,-2560.73,25686.21510191321,36443.045000000006,393278.2351019132,107944.375,2803.715,17849.195140632877,21753.9836739108,1078.9144776197263,3367.1725,66140.99789505705,29027.960260902008,293056.93198709766,77672.72800231054,23737.38509968537,22111.029273431755,44943.92742496228,128763.30252006667,97709.27278554966,23125.48510191321,74619.30499999998,-3843.292546942132,-10666.497961166957,142.0,77.0,182.0,0.0,0.0,0.0,0.0,0.0,0.0,0.0,0.0,1.0,0.0,0.0,0.0,0.0,1.0,0.0,0.0,0.0,0.0,0.08,0.52,0.18,0.8,0.86,0.45,0.48,0.0,0.0,0.0,0.86,0.45,0.9618333979560041,0.9866199961991746,0.9387137704245877,0.9609196350023351,0.966274796873992,1.008942749686586,1.0092165898617513,1.008942749686586,1.0010606895614558,0.9439958361588566,199.52734642707856,22.677960682767,1.0438137913866072,18783.357390055706,17994.931227248686,78131.34260994429,77084.36877275132,1.013582180847579,1.0438137913866072,1.013582180847579,1.0193038863348804,0.9640989380878727,121.36333333333333,59.28987173951348,6613.333333333333,6391.666666666667,5648.0,3.3666666666666667,11106.0,0.8836505867014341,3531.47003571107,11106.0,99.8,100.02161707856389,38.93546220599741,45.872946175637395,911210.774238344,0.015333333333333332,0.015333333333333332,0.39666666666666667,0.39666666666666667,711172.6871252924,0.02858078517878543,396597.41242236795,0.013896929159317672,770540.271798711,0.007890895400122833,65320.739525238656,0.0006586342590197414,0.02858078517878543,24306.109636115583,24277.767179061953,0.7368144734139593,87244.58976029276,0.7164361084628805,0.07557418341373637,0.07290011539939685,0.36953745886926587,0.3211,0.011132619485173316,0.17828,1.0,1236932.4,7023.893108062377,18050.9,0.0,923307.2454768772,340684.2,582623.0454768771,0.9697288120290039,2.1666666666666665,101.10482349666667,95.2603029,101.10482349666667,101.10482349666667,1146471.7,682150.5,1.680672666808864,0.9990393431012572,682806.4427197047,919129.15,1.0461878868436247,878550.7474886139,188845.6,180508.30292993732,0.4,0.5,0.0,2.0,3.0,100.72261904761906,100.02607835540377,45.86303192799374,48.27070865174157,9304.971952187545,-386.3180250692685,0.5643313979016714,518920.3724222752,288810.4838709677,85266.8572555205,19107.51879699248,2527.2267964071857,101024.1718027735,25598.74517374517,-49.131274131274125,96914.7,710584.8031609632,81083.6787314789,80938.23939706718,1700961.9331070546,397077.2995050417,22090.629575239112,64741.77008113655,170.0278347634497,769723.8337630349,521612.4117533828,3.1884763230060043,1.0095959999184596,0.8476732313540765,38.927047315596596,2.139084962484046,43422.235511877116,605.5911951406928,278037.2148463514,277977.9776231644,2845210.1124223676,4039814.8624223676,1577616.5999999999,1173090.8390728992,0.11508592000000002,1.6929328399975252,21.167246208422277,0.8796153969377964,11.20410396847495,13.896557179252131,12.281085252785822,0.12738407613168082,-18780.8721002767,-3.4885431569731966,229.75994067894524,3.352950988430389,63.282020571418386
2015Q3,538726.9,301071.5,20457.3,87618.0,974.3,105623.4,26507.8,-101.1,-3344.6,94396.9,97741.5,-79.8,539897.2,301483.0,20488.8,87828.6,764.5,105507.5,26560.0,-68.9,-2666.2,95574.0,98240.1,30264.6,9174.6,1.0021723437236936,1.001366784966362,1.0015397926412577,1.002403615695405,0.9989027052717485,1.00196923169784,1.0124696891529277,1.005101210846979,261138.3,221703.8619178529,39511.56027004881,-2788.8325,23883.760518550745,36501.46,392107.8405185507,106804.465,2815.79,17930.4836030901,22322.389859232186,1079.88167457157,3303.415,66882.26917851125,28908.890619381284,294104.4877353287,77698.88771579012,23739.753098887035,22134.515132577813,45536.786666381566,128780.08829206704,98185.43038464988,21094.928018550745,73373.1525,-2134.100476999418,-9326.760701119723,143.0,78.0,183.0,0.0,0.0,0.0,0.0,0.0,0.0,0.0,0.0,1.0,0.0,0.0,0.0,0.0,1.0,0.0,0.0,0.0,0.0,0.08,0.52,0.18,0.8,0.86,0.45,0.48,0.0,0.0,0.0,0.86,0.45,0.9613736414807621,0.9881739113716532,0.9412967975951669,0.9619633140136253,0.967151768048108,0.9989134977016297,0.9986833443054642,0.9989134977016297,1.00196923169784,0.9346121797358062,-208.74142081069783,32.3990893246516,0.9930296240975854,18934.726264736157,19067.634847191057,79305.37373526386,78673.86515280894,1.0080269169593783,0.9930296240975854,1.0080269169593783,1.005101210846979,0.9661778555436523,122.20333333333333,58.473524805965084,6629.333333333333,6405.333333333333,5670.0,3.3666666666666667,11104.0,0.8851998334721066,3530.8340785643545,11104.0,99.39999999999999,100.19943799107305,39.10121021478887,46.056137566137565,914916.2756163392,0.013,0.013,0.37999999999999995,0.37999999999999995,713892.0391330222,0.02858078517878543,397284.2642922159,0.013896929159317672,771793.8273361691,0.007890895400122833,64819.958181082875,0.0006586342590197414,0.02858078517878543,24321.010745383384,24295.241036822576,0.7388352399564243,87673.21975876002,0.7164361084628805,0.07488130170467248,0.07290011539939685,0.3446857327381652,0.3211,0.010992269700168974,0.17828,1.0,1241395.7,7023.893108062377,18423.799999999996,0.0,927011.5419442019,334702.95,592308.5919442018,0.9689237129282778,2.22,100.56588520666666,95.738234915,100.56588520666666,100.56588520666666,1148676.5499999998,682830.55,1.6822278235793635,1.0009606568987426,682175.2136748321,945964.325,1.010983203770089,935687.4787557052,167733.0,165910.76822493356,0.4,0.5,0.0,2.0,3.0,100.72261904761906,99.88011681233469,45.964466956631824,48.27070865174157,9313.321886953005,-112.97549556260583,0.35894508047374063,520506.00096567965,289442.20430107525,86581.82176656151,19256.390977443607,715.2881736526946,101605.83590138674,25637.065637065636,-66.5057915057915,98240.1,712180.2315505102,81236.28644181207,81303.49518299026,1695347.7635140426,396673.46940304694,22045.94458080937,64890.461816989344,172.08990750330838,770276.9735038291,523370.1639728447,2.934201657691762,0.8179645548967188,0.9137802774075892,39.02338276415529,0.783530351688593,47430.83530343445,-2620.774556842872,279547.48791789764,278941.53103367914,2823946.464292216,4068023.7892922154,1576098.65,1175996.261606321,0.11505047000000002,1.6982932829534578,19.944078972007965,0.8804566956500055,11.148591024995309,14.175625888422127,12.359404970366036,0.12792059867084826,-18305.10198225061,-3.390479147187763,229.93186480685583,3.412464446935453,61.993829566072954
2015Q4,537938.6,299066.0,20438.5,87447.0,1018.5,106485.0,27195.7,-69.6,-3630.5,93496.7,97127.1,-12.0,539201.5,298865.4,20429.1,87304.4,967.6,106725.6,27084.2,-42.2,-2132.6,90820.9,92953.5,31436.1,9430.9,1.0023476657001376,0.9993292450495878,0.999540083665631,0.9983692979747733,1.0022594731652346,0.9959000871461298,0.971380808092692,0.957029500520452,262760.8,222726.7892759609,39959.04474697368,-2685.985,24111.32696838954,35346.485,387515.0744683895,100229.225,2838.0025,18025.89634773049,22577.22120750525,1037.3851393555954,3121.895,67299.51682057745,28459.46100397532,293947.04445244174,77788.04863818528,24118.888594518838,22112.58176871387,45727.18811557471,128625.69726907472,98305.53771406888,21425.34196838954,67982.4475,2460.635146961082,-10300.638329580368,144.0,79.0,184.0,0.0,0.0,0.0,0.0,0.0,0.0,0.0,0.0,1.0,0.0,0.0,0.0,0.0,1.0,0.0,0.0,0.0,0.0,0.08,0.52,0.18,0.8,0.86,0.45,0.48,0.0,0.0,0.0,0.86,0.45,0.959417477966194,0.9841968631454784,0.9394173718661945,0.9651959487338545,0.9612935204113221,0.9855411617216882,0.9851876234364715,0.9855411617216882,0.9959000871461298,0.9221006378384059,-36.17367321353936,27.11464606537062,0.8658202638785165,15012.459000442603,17339.001668998826,77941.0409995574,79788.09833100118,0.9768504655446072,0.8658202638785165,0.9768504655446072,0.957029500520452,0.9663712811951144,121.45,46.14397386955949,6635.333333333333,6420.333333333333,5693.666666666667,3.266666666666667,11105.333333333332,0.8868179222262604,3531.258049995498,11105.333333333332,99.23333333333333,99.2125237285285,39.118340133943136,46.149663368655226,919832.2774038113,0.013,0.013,0.29,0.29,712523.5000000001,0.02858078517878543,396088.3000000001,0.013896929159317672,767836.7,0.007890895400122833,64152.0,0.0006586342590197414,0.02858078517878543,24360.57744788069,24312.70010816761,0.7397475005788399,88499.74086266012,0.7164361084628805,0.07338207440151144,0.07290011539939685,0.33323157193781217,0.3211,0.011160259047325764,0.18182,1.0,1239981.2,7023.893108062377,19872.6,0.0,930730.6999999995,328721.7,602008.9999999995,0.9672862160312599,2.19,98.33827360333333,96.065228357,98.33827360333333,98.33827360333333,1150881.4,683510.6000000001,1.6837798857837754,1.0028819706962284,681546.403237749,972799.5,0.9967513862595831,975970.0497137354,186399.9,187007.4148574658,0.4,0.5,0.0,2.0,3.0,100.72261904761906,99.83319310617227,46.51596555988518,48.27070865174157,9299.694032759191,-6182.1958741441085,-0.5853058386355287,519848.4140863061,286929.14746543777,86065.06309148265,19200.281954887214,905.314371257485,102778.8906009245,26143.050193050192,-40.73359073359074,92953.5,713687.3113439874,81418.6808260912,81614.38004522395,1658061.1755922695,396270.5512993721,22084.125107922257,65093.17164179105,170.77058050515257,770997.7234767871,525046.8769883879,2.455347051211428,0.20092417256393785,0.5094443637303283,39.42883283664992,0.06997677696534993,47643.36002230255,-3502.3915492501064,280136.35581363254,279480.2296645824,2834701.7,4088472.1,1568702.9,1172763.8000000003,0.11501908000000002,1.7099205697524056,20.41836469016078,0.8850224860513808,11.448324514119815,14.380959605705446,12.621378550754066,0.1306058944047382,-19070.783496576434,-3.5368565362997755,229.96620001984414,3.685560963758446,60.96453737610151
2016Q1,541842.1,299352.3,20434.3,86889.9,1198.7,107757.9,27954.1,2.4,-1746.5,94179.7,95926.2,-1.0,545094.0,297944.1,20356.3,86324.0,1150.4,108021.4,27769.2,-42.4,3571.2,87997.4,84426.3,29323.2,9170.8,1.0060015639242503,0.9952958437266057,0.9961828885746025,0.9934871601877779,1.002445296354142,0.9933855856564869,0.9343563421841437,0.8801172151091152,265462.4,225350.8795371997,40269.11467711391,-2561.0425,22305.28071183893,36868.1525,398761.040711839,110448.985,2889.4675,17753.257739540357,22967.760382228746,994.166983169518,3570.5774999999994,68152.69895832165,28650.820009042924,295710.496866669,77886.81936092085,23223.82264176445,22208.634701021994,46170.56206642026,128154.4696986932,98045.20471722764,19744.23821183893,76686.24999999999,-4269.094976952416,-10008.636738726287,145.0,80.0,185.0,0.0,0.0,0.0,0.0,0.0,0.0,0.0,0.0,1.0,0.0,0.0,0.0,0.0,1.0,0.0,0.0,0.0,0.0,0.08,0.52,0.18,0.8,0.86,0.45,0.48,0.0,0.0,0.0,0.86,0.45,0.9555451648680929,0.9793840301535666,0.9362621133219947,0.9653749001869626,0.9588663954213195,0.9694943585457584,0.969387755102041,0.9694943585457584,0.9933855856564869,0.9070867875615255,-11.732887588800622,-44.784125405575566,0.6537216828478967,12049.143823979131,18431.61109707698,72377.15617602087,77494.58890292302,0.9339639993017742,0.6537216828478967,0.9339639993017742,0.8801172151091152,0.9702321468313467,115.41333333333334,33.47910173078184,6654.666666666667,6440.0,5730.666666666667,3.233333333333333,11107.666666666668,0.8898550724637682,3532.0,11107.666666666668,98.0,100.51076703869633,39.32367604767328,46.32312703583062,925397.6313412018,0.006333333333333333,0.006333333333333333,0.001,0.001,711102.1082241584,0.02752749429061402,394626.1975882613,0.013225370032554806,767615.3738517662,0.006821993337197962,63570.7658130224,-0.0027841893648598015,0.02752749429061402,20952.707405824283,21038.965330213756,0.8417691355706924,90047.94834068419,0.7164361084628805,0.07344755905664181,0.07290011539939685,0.32501720510886756,0.3211,0.011775560259889607,0.18182,1.0,1270586.8,7023.893108062377,23723.600000000002,0.0,942541.7183454648,331045.10000000003,611496.6183454648,0.9890256712593054,1.92,96.59570645666668,96.551285818,96.59570645666668,96.59570645666668,1157911.45,687208.3,1.6849497452228093,1.0090079802034575,681073.2060428606,965873.575,0.879711067252051,1097944.0988699782,176743.9,200911.30665446102,0.4,0.5,0.0,2.0,3.0,100.72261904761906,99.6894588375343,46.08772612191524,48.27070865174157,9367.176373042776,25365.68939477603,2.9025617421765237,525712.6239266052,286044.6428571428,85098.58044164038,19131.860902255637,1076.3473053892217,104026.7719568567,26804.247104247104,-40.92664092664092,84426.3,715763.762955682,78584.09355322113,78455.94631271328,1649220.3343869927,396138.3016254333,20953.657332262315,65571.05284075974,-714.4452645379439,772726.5071442338,527027.1003210845,2.8110508301925337,-0.4727625401819148,-0.1359191838089885,39.1238443464806,1.4581360735989874,49385.311089491726,-4215.99910782089,283413.85289355635,281723.0738568681,2860210.2975882613,4120043.122588261,1601631.9000000001,1169299.071625442,0.11499175000000002,1.7078732555871938,19.557912134029664,0.8999476467666385,11.42655127403165,14.94061581017273,12.832177088488082,0.13225883238765404,-20959.642420896253,-3.8451427498553006,233.09498912114242,4.352203473162427,60.731745350343246
2016Q2,541089.6,297538.7,21021.5,87092.4,2914.8,106851.2,27103.9,-196.5,-1240.1,93544.4,94784.5,3.7,543707.1,296862.1,20877.1,86262.6,2625.0,106409.6,26792.3,-188.6,4067.0,85635.5,81568.5,28692.3,9733.1,1.0048374613003095,0.9977260100954933,0.9931308422329519,0.9904721881587832,0.9958671498307928,0.9885034994963824,0.9154529827547133,0.8605679198603147,265583.2,225092.52823173377,40309.857639779526,-3256.115,22394.700936859725,34537.0975,390006.1259368597,101957.6625,3059.965,17845.120678564173,21049.978354939238,958.2666862090356,3189.455,68283.26292022846,29332.595131038142,293285.8422032044,78141.10908139627,22637.728471337217,22248.978811622543,44257.22385277081,128045.56243497223,96227.54745514617,19138.585936859723,70747.24249999998,3546.8427753972355,-9754.407263784902,146.0,81.0,186.0,0.0,0.0,0.0,0.0,0.0,0.0,0.0,0.0,1.0,0.0,0.0,0.0,0.0,1.0,0.0,0.0,0.0,0.0,0.08,0.52,0.18,0.8,0.86,0.45,0.48,0.0,0.0,0.0,0.86,0.45,0.9578782739012032,0.9764118574120497,0.9333936487151803,0.9590400133193305,0.9541539570428401,0.963811115754283,0.9637919684002633,0.963811115754283,0.9885034994963824,0.9017693822551301,-184.31664020058452,5.640937651039138,0.6437640029873041,11524.874164011753,17902.32773272823,70043.62583598825,76882.17226727177,0.911051597143872,0.6437640029873041,0.911051597143872,0.8605679198603147,0.9690485491428458,108.13333333333333,41.597156109435396,6665.0,6453.666666666667,5742.0,3.1666666666666665,11109.666666666668,0.8897267703114509,3532.6359571467156,11109.666666666668,96.93333333333334,99.0574602430593,39.20106726432145,46.25273423894114,941346.9582806003,0.001,0.001,0.001,0.001,710994.295820615,0.02752749429061402,393433.35254794185,0.013225370032554806,765330.0005882161,0.006821993337197962,64030.31510426226,-0.0027841893648598015,0.02752749429061402,20946.667863789888,21086.140332856867,0.8498083420364285,88932.02204378744,0.7180853960041971,0.07506658696357925,0.07290011539939685,0.3094053048664722,0.2997,0.011747999365061703,0.18182,1.0,1300596.3,7010.074830757363,23026.199999999997,0.0,954502.6190944638,333368.5,621134.1190944638,0.9896293586583821,1.7533333333333332,98.08676906666666,96.90439622,98.08676906666666,98.08676906666666,1164941.5,690906.0,1.6861070825843167,1.0151339897106864,680605.7200359418,958947.65,0.8504568950470591,1127567.6116976365,163564.3,192325.20889956373,0.4,0.5,0.0,2.0,3.0,100.72261904761906,99.57875380539528,46.69283275126363,48.27070865174157,9354.167416705284,24792.141861984164,-0.5555123900486877,524342.0918362828,285005.85637480795,85038.0520504732,19621.33458646616,2456.0254491017963,102474.57627118645,25861.293436293436,-182.04633204633203,81568.5,717833.680057491,78812.73159276378,78299.43689673646,1585706.2708659652,396154.60100236913,20876.30995057937,66434.50574249898,-707.9722003704401,774230.9470610195,528858.3696596584,2.3127610419048223,-1.0346576013511208,-0.7537100707665179,39.57406859426135,-0.4628631468125622,49859.0538232314,-1504.128424095072,280645.5485301296,279294.47232884844,2881868.4525479414,4151287.3025479415,1633964.8,1168457.9634728192,0.11496848000000001,1.739724730027338,19.233169835107994,0.8999476467666385,11.922794333839233,15.394221463822255,13.311365185832443,0.13736530742042563,-20869.43255206334,-3.8383593946195185,239.20899690292808,4.235037578137199,61.31398688742523
2016Q3,542035.8,298579.7,21381.0,87524.4,172.4,107223.0,27215.8,-268.2,205.7,95486.5,95280.9,2.0,543588.9,297239.2,21222.3,86449.0,192.2,106783.8,26950.3,-283.5,5035.7,85827.4,80791.7,28274.2,10039.8,1.002865308896571,0.9955104114579792,0.9925775220990599,0.9877131405642313,0.9959038639097955,0.9902446373062707,0.8988432919836835,0.8479317470762766,268080.6,227479.12319655347,40705.59183303667,-2856.0550000000003,21984.51462367022,34371.75,389154.6146236702,98598.3725,3092.775,17933.251984903,21709.365676531936,937.8361905313124,2995.3125,68826.89028313028,29293.167200173382,294598.4146249131,77976.34230461353,22954.069230859197,22292.14331939221,44939.34518645546,128151.0907742714,97186.58161748805,19128.45962367022,67573.805,2573.5619156030007,-9694.73482006701,147.0,82.0,187.0,0.0,0.0,0.0,0.0,0.0,0.0,0.0,0.0,1.0,0.0,0.0,0.0,0.0,1.0,0.0,0.0,0.0,0.0,0.08,0.52,0.18,0.8,0.86,0.45,0.48,0.0,0.0,0.0,0.86,0.45,0.9557511630740968,0.9736919761082722,0.932873610995357,0.959075369712823,0.9558345919944697,0.9611366485582948,0.9611586570111916,0.9611366485582948,0.9902446373062707,0.8992670738756501,26.500041788549964,-17.9163882744582,0.6671645506596964,11751.769950278447,17614.499959055418,69039.93004972154,77666.40004094457,0.8889291896280079,0.6671645506596964,0.8889291896280079,0.8479317470762766,0.9673274216700841,102.41333333333334,46.40027502681282,6694.0,6489.0,5757.333333333333,3.033333333333333,11109.0,0.8872450814198386,3532.4239714311434,11109.0,98.56666666666666,99.34115068625353,39.51119555289836,46.56332792959704,945095.8413669191,0.001,0.001,0.001,0.001,711108.6363423975,0.02752749429061402,393319.32456578,0.013225370032554806,768185.3458601262,0.006821993337197962,64078.466034161305,-0.0027841893648598015,0.02752749429061402,20884.304659082092,21127.193449210972,0.8523143973880114,89215.98884683581,0.7180853960041971,0.07483054018982252,0.07290011539939685,0.3179354044455014,0.2997,0.011608075959923017,0.18182,1.0,1293133.3,7010.074830757363,23270.100000000002,0.0,966615.3042620631,335691.9,630923.4042620631,0.9895187307739034,1.5633333333333332,98.60774274666666,97.329396885,98.60774274666666,98.60774274666666,1171971.55,694603.7000000001,1.687252097850904,1.0212599992179154,680143.8424416212,952021.7250000001,0.8441669687571329,1127764.719818002,169292.4,200543.73869810282,0.4,0.5,0.0,2.0,3.0,100.72261904761906,99.40953726929085,46.87214473351203,48.27070865174157,9370.52499077377,-12214.83198406668,0.6994774987359357,524326.0928668814,285367.89554531494,85221.80599369085,19945.77067669173,179.82784431137725,102834.93836671802,26013.803088803088,-273.64864864864865,80791.7,719954.6175280979,79040.65011757214,78287.56567544446,1546886.6938822665,396260.55981401366,20813.20668238048,66669.46487815132,-713.0900893676356,775753.0986987166,531390.3716055558,2.0033160108415085,-1.4655249543351252,-1.250091277843123,39.7732412801272,-0.7850632484128598,48254.32149237392,-717.145925536333,282308.6348213099,281502.0445087759,2886040.62456578,4146137.79956578,1628825.2000000002,1168506.426942339,0.11494927000000002,1.743604096568749,19.72925316441258,0.8999476467666385,12.356177012226023,15.578238128381928,13.645001458688386,0.1410587682413715,-19007.327936266724,-3.4966365089991207,237.8880988923799,4.280826926377635,61.75473781749407
2016Q4,542890.9,299233.0,21499.6,88103.5,-1448.6,107189.4,27235.7,-334.2,1418.7,97932.3,96513.5,-6.1,544387.4,298662.3,21459.2,87281.9,-1494.9,106897.4,27091.0,-309.2,4799.5,89810.9,85011.4,28516.1,10057.8,1.0027565391131072,0.9980927905678851,0.9981208952724703,0.9906746043006236,0.9972758500374104,0.9946871202135432,0.9170712829168721,0.880823926186492,269771.3,228655.19959805976,40981.51148399148,-2649.94,21674.263879493315,35736.355,394054.87137949327,101881.455,3105.9975,17999.949119490007,22185.0038988569,912.7521985598944,3276.1425,69566.69094343456,28806.39682960389,297124.63966891007,78048.88011999546,22909.29092065586,22378.249760569342,45476.005857986136,128491.79292383588,97191.6936082459,19024.32387949332,69522.89249999997,-1900.8276613153284,-9733.071557540214,148.0,83.0,188.0,0.0,0.0,0.0,0.0,0.0,0.0,0.0,0.0,1.0,0.0,0.0,0.0,0.0,1.0,0.0,0.0,0.0,0.0,0.08,0.52,0.18,0.8,0.86,0.45,0.48,0.0,0.0,0.0,0.86,0.45,0.9582304056911339,0.9766114001386274,0.9380835481884119,0.9603966198357188,0.9601227029088255,0.9648140409527789,0.9647794601711654,0.9648140409527789,0.9946871202135432,0.9027077478974354,-97.27038027580465,23.224435575366158,0.7786905650983322,12525.374759856433,16085.17596238596,72486.02524014356,80428.32403761405,0.9012499776352905,0.7786905650983322,0.9012499776352905,0.880823926186492,0.9673062983135501,109.38333333333333,46.21002798410883,6700.666666666667,6499.333333333333,5792.0,3.0,11109.333333333334,0.8911683249564059,3532.5299642889295,11109.333333333334,100.43333333333334,98.72618511259294,39.47776236154347,46.57653660220994,954307.7042588625,0.001,0.001,0.0033333333333333327,0.0033333333333333327,715427.4999999999,0.02752749429061402,395649.8999999999,0.013225370032554806,773140.3,0.006821993337197962,64129.00000000005,-0.0027841893648598015,0.02752749429061402,20962.221244763572,21168.72988253327,0.8526311083726866,89140.28237741365,0.7180853960041971,0.0733158866092325,0.07290011539939685,0.3238179662044766,0.2997,0.010736821162336986,0.183,1.0,1277865.6,7010.074830757363,23257.8,0.0,978881.6999999997,338015.30000000005,640866.3999999997,0.9896004342076767,2.1300000000000003,98.94907033,98.140535892,98.94907033,98.94907033,1179001.6,698301.4,1.6883849867693235,1.0273860087251445,679687.4729358086,945095.8,0.9221358467260109,1024898.6668889482,178191.7,193238.0143692051,0.4,0.5,0.0,2.0,3.0,100.72261904761906,99.33792672138124,47.17749049970018,48.27070865174157,9385.30765996206,-19907.10139530428,0.6310284302254402,525141.7868671117,286734.1589861751,86042.88249211355,20168.42105263158,-1398.6714071856288,102944.33744221879,26149.613899613898,-298.4555984555984,85011.4,722161.9459045918,79274.18649402366,78300.15570768667,1562691.0808000858,396394.767281166,20807.174433347856,66467.73085585592,-713.6263345953677,777269.8412280832,533193.6916021632,1.8187027623485543,-0.770726192177448,-1.1181255732562865,39.987124303973445,-0.04338360595343944,48098.55063760666,989.5631046088919,285183.44734695693,284399.4890316934,2888023.9000000004,4135628.1999999997,1615880.9000000001,1175206.4,0.11493412000000003,1.757825935669326,19.649153404241268,0.8998255084518016,12.269975566767172,15.415073175076728,13.528014610090995,0.1398524400562305,-18557.605581217304,-3.4088969695509674,234.7346026010154,4.272288447528359,62.09094846794765
2017Q1,547244.7,301181.4,21289.5,88375.2,-516.0,107489.3,27458.0,-297.0,2379.7,100057.8,97678.1,-115.3,547306.2,300641.4,21449.4,87890.9,-716.6,107142.4,27525.1,-325.0,3698.5,95465.8,91767.3,31285.6,10429.8,1.0001123811706172,0.9982070605953755,1.0075107447333194,0.994519955824711,0.9967727020270855,1.0024437322456115,0.9541065264277248,0.9394869474324337,269826.7,228567.94599171463,41436.33038637135,-2681.695,23842.293375538404,34165.3575,397040.2483755384,102660.93,3075.9575,18171.57896346939,22448.242846763493,947.8962924153732,2763.4825,70030.60464717355,29311.07753690417,297442.5044239487,78099.68783983392,22958.287293344096,22460.841332108987,45856.980471287854,129147.56895245332,98126.34530153612,21160.598375538404,71887.5925,-1119.3152992796386,-9149.85210734594,149.0,84.0,189.0,0.0,0.0,0.0,0.0,0.0,0.0,0.0,0.0,1.0,0.0,0.0,0.0,0.0,1.0,0.0,0.0,0.0,0.0,0.08,0.52,0.18,0.8,0.86,0.45,0.48,0.0,0.0,0.0,0.86,0.45,0.9583401119387245,0.9804021646536978,0.9469085946741723,0.9599120782233104,0.9676097801598565,0.9791893021312159,0.978933508887426,0.9791893021312159,1.0024437322456115,0.9161576554371407,-211.3383201002926,-27.274211523053395,0.9370176748817526,16613.98467828685,17730.705752571277,75153.31532171315,79947.39424742873,0.9400345818541825,0.9370176748817526,0.9400345818541825,0.9394869474324337,0.9646505358036114,113.61333333333333,55.431393553588,6693.333333333333,6499.666666666667,5790.666666666667,2.9,11111.666666666666,0.8909174829478435,3533.2719142934307,11111.666666666666,100.66666666666667,99.41633877417496,39.47178436421505,46.59682822933456,963087.5925339466,0.001,0.001,0.07,0.07,719422.6620880448,0.02889780058217023,399215.61690344726,0.013818496202489927,779768.0160763655,0.008063125283133632,64929.92410434517,-0.0003777107722572337,0.02889780058217023,24935.708401358086,25068.896434493687,0.7272124638220497,89258.88605857205,0.7180853960041971,0.0743982200153743,0.07290011539939685,0.3227536212356812,0.2997,0.010329347081317344,0.183,1.0,1274357.9,7010.074830757363,24554.3,0.0,988011.769105358,336318.275,651693.494105358,0.9768188008057622,2.4433333333333334,100.33234527999998,98.802053805,100.33234527999998,100.33234527999998,1183346.05,699548.875,1.6915845229541682,1.0311717772479403,678401.8826300721,1006124.2,0.9933529356480177,1012856.7238225866,188072.8,189331.2973171111,0.4,0.5,0.0,2.0,3.0,100.72261904761906,99.17440704391113,46.870392536964815,48.27070865174157,9460.574628868599,-7786.208482613342,3.207863679424304,527899.8930706865,288634.2165898618,86643.23738170347,20159.21052631579,-670.4715568862276,103180.27734976888,26568.62934362934,-313.7065637065637,91767.3,723386.854003809,83475.5676031316,82697.12490400235,1621968.0250123942,396239.5626948045,21869.146562662074,66309.87896112069,-96.88885645633664,777867.1171194598,534063.4369464511,2.4681081200603736,0.10395661648389094,-0.3333847878467785,39.70351840644175,-1.0547557016496563,47361.791852954586,3856.587135513492,282750.0631557562,282718.29094326514,2897513.4669034467,4199362.041903447,1610676.1749999998,1183568.2030958373,0.11492303000000001,1.759884732614033,21.24337278293314,0.8963471844204466,12.168504870576689,14.502416914186506,13.102069688020617,0.13582192930734044,-17114.033930452624,-3.1269578035937884,232.84185342683855,4.486391712719498,61.449746960659326
2017Q2,549551.5,302731.2,21499.2,89157.1,56.4,107049.7,27725.6,91.7,1307.6,100033.7,98726.1,-66.9,551250.3,302894.2,21693.7,88859.6,38.6,107075.6,27823.0,119.5,2746.0,94843.0,92097.0,30325.1,10675.6,1.0030912480449967,1.0005384314533818,1.0090468482548187,0.9966631933968243,1.0002419436953116,1.003512998816978,0.9481104867659599,0.9328536222944084,270279.5,228921.84663794885,41322.22151447876,-2190.415,22201.25551434559,35646.865,397382.3980143456,103575.7275,3246.3675,18246.22407124802,21980.56072715752,998.7027280649532,3015.4125,70122.42849320895,30114.3371394899,295952.15826156083,77715.50320606762,24969.79511510176,22299.064421135045,45278.32787635752,129700.0362961672,100362.46013094918,20010.84051434559,71445.19249999998,1554.450313129753,-9654.19982615352,150.0,85.0,190.0,0.0,0.0,0.0,0.0,0.0,0.0,0.0,0.0,1.0,0.0,0.0,0.0,0.0,1.0,0.0,0.0,0.0,0.0,0.08,0.52,0.18,0.8,0.86,0.45,0.48,0.0,0.0,0.0,0.86,0.45,0.960578371211004,0.9825149777176896,0.9483523009913709,0.9632530274415558,0.9686418907499788,0.984203928123694,0.9838709677419356,0.984203928123694,1.003512998816978,0.9208494836486658,-16.909101546176338,27.47785800848311,0.902165795369679,16155.565064054288,17907.534454278717,75941.43493594571,80818.56554572129,0.9396533386005664,0.902165795369679,0.9396533386005664,0.9328536222944084,0.9674318656173203,111.07,53.36049299351322,6728.0,6534.0,5816.333333333333,2.8666666666666667,11107.666666666668,0.8901642689521477,3532.0,11107.666666666668,102.76666666666667,99.42687795859612,39.35844689746384,46.46905266777466,977851.9120986437,0.001,0.001,0.04666666666666667,0.04666666666666667,722353.4164916924,0.02889780058217023,399722.7365700853,0.013818496202489927,781261.4396935358,0.008063125283133632,65296.743674817655,-0.0003777107722572337,0.02889780058217023,25149.468821617178,25088.160075856744,0.7271083461294492,88807.88941981293,0.7220508306903166,0.07618148427398853,0.07290011539939685,0.35705370634398204,0.2997,0.010844031054919849,0.183,1.0,1278309.1,3973.044529562998,22395.5,0.0,997226.9947335817,334621.25,662605.7447335817,0.9783065609503379,2.263333333333333,101.05092967,99.506039853,101.05092967,101.05092967,1187690.5,700796.3500000001,1.6947726682651811,1.034957545770736,677125.6974392268,1067152.6,1.0032518360387215,1063693.6426785788,197268.3,196628.89507274845,0.4,0.5,0.0,2.0,3.0,100.72261904761906,98.99952043606777,46.736912213139746,48.27070865174157,9500.453779007237,-394.39843584860046,1.6861195732001035,531653.6328977968,290797.0430107527,87598.18611987383,20388.815789473683,36.115269461077844,103115.94761171032,26856.17760617761,115.34749034749035,92097.0,724771.8399530435,83617.15620306226,83158.93049325743,1737803.3062496644,396138.9278024301,22066.23794461984,66344.72979527796,-98.09892710422315,778526.4771004957,536606.3186981519,2.4124168595804374,0.6250559391828773,0.36450627783338413,39.58531908630753,1.1914128573802143,45075.27410131253,1342.1261376607608,283405.10257336876,282531.7269248627,2910717.7365700854,4267496.186570086,1612930.35,1187372.8967365955,0.11491600000000002,1.7793635575531024,23.674899848671718,0.8975621091797595,11.520466340646704,13.50852814351301,12.315691061793228,0.12730292953431463,-17382.393743395147,-3.153266990221165,231.8926810561373,4.062673525982661,60.702234538466456
2017Q3,553719.9,301472.5,21324.7,90016.1,2385.6,107431.6,27262.8,86.6,4185.6,102234.9,98049.3,-445.7,557173.5,301625.0,21652.2,89806.9,2297.9,107609.8,27536.1,89.1,6556.4,98417.4,91861.0,31558.8,10433.4,1.0062370884629575,1.0005058504507045,1.0153577776006228,0.9976759712984676,1.00165872983368,1.0100246489722258,0.9626595223353278,0.9368858319233283,273354.6,231893.01264175065,41707.45847096341,-1874.345,23608.443304348853,35218.7025,402493.5633043489,103835.09,3221.69,18319.61003728704,21892.14044043036,1003.4316931710704,3056.7575,70935.70725143042,30091.834149767863,299833.4787436237,77988.56448232701,25177.98085280434,22291.49612167076,45187.068255272185,130227.7271159377,100456.88325784438,21734.09830434885,72186.1625,3447.298824441328,-9309.290141853851,151.0,86.0,191.0,0.0,0.0,0.0,0.0,0.0,0.0,0.0,0.0,1.0,0.0,0.0,0.0,0.0,1.0,0.0,0.0,0.0,0.0,0.08,0.52,0.18,0.8,0.86,0.45,0.48,0.0,0.0,0.0,0.86,0.45,0.9605470914465288,0.9835133786459658,0.9542836255644951,0.964617420872188,0.9749272673477083,0.9878813205181779,0.9874917709019093,0.9878813205181779,1.0100246489722258,0.9242901576704509,-58.78967822816503,1.6318653990052496,0.8583520039830721,14456.148279870942,16841.748155522495,77404.85172012905,81207.55184447751,0.9531730727256611,0.8583520039830721,0.9531730727256611,0.9368858319233283,0.9706395035912031,111.02333333333333,49.52091292746094,6755.666666666667,6567.666666666667,5852.666666666667,2.7999999999999994,11112.333333333334,0.8911333299497538,3533.483900009003,11112.333333333334,102.5,98.89042147477261,39.62177001510718,46.705991570793934,983070.6143621095,0.001,0.001,0.049999999999999996,0.049999999999999996,724643.5374788453,0.02889780058217023,402077.67793060583,0.013818496202489927,786874.6719323163,0.008063125283133632,66139.9497152743,-0.0003777107722572337,0.02889780058217023,25197.63546852132,25109.426084391856,0.7283827600412941,89142.3269255978,0.7220508306903166,0.07573455221856303,0.07290011539939685,0.3591345764125118,0.2997,0.010923370017429272,0.183,1.0,1281578.9,3973.044529562998,27681.799999999996,0.0,1006528.1711429931,332924.22500000003,673603.9461429932,0.9742470778529457,2.2433333333333336,101.55393873999999,100.332751869,101.55393873999999,101.55393873999999,1192034.95,702043.8250000001,1.697949483424343,1.038743314293532,675858.8145305875,1128181.0,1.0465831554356146,1077965.944837343,204195.7,195107.00027940786,0.4,0.5,0.0,2.0,3.0,100.72261904761906,98.76371184878424,47.230046018874376,48.27070865174157,9572.515617674613,-911.8714462936405,3.0340377562430625,537462.4088645707,289578.53302611364,88532.03864353313,20349.81203007519,2149.9812874251497,103630.39291217257,26579.2471042471,86.00386100386099,91861.0,726331.5528545078,83777.2483941426,83497.69991850514,1820661.934423295,395996.0585329338,22094.26846937042,66951.31119655306,-98.65313391719206,779064.8205793977,538667.0696315835,2.794458992771128,1.0086765402903428,0.81686623973661,40.06633749176089,1.2544583253385602,45668.364882939255,984.7431190671919,285534.3255811287,283764.4615319107,2922820.327930606,4336796.752930606,1614503.125,1192861.1651247256,0.11491303000000003,1.7753933249682907,24.703774766007985,0.8973883847102778,11.103838166018017,13.053336902635875,11.883637660665162,0.12243101189162094,-16726.685785173817,-3.0020605404194236,230.01433126306256,4.9682549511058935,59.752343749298916
2017Q4,554307.0,302193.5,20701.9,90438.1,3153.3,107341.1,27318.3,91.6,3328.8,104098.1,100769.3,-259.6,556406.9,302957.2,21052.6,90442.3,3074.9,107604.0,27621.4,102.3,3552.2,100137.6,96585.5,31531.7,11066.0,1.0037883339016105,1.0025271887052503,1.016940474062767,1.0000464406041258,1.0024492016571471,1.0110951267099344,0.9619541567041089,0.9584814025700288,274245.4,231961.2870777116,41957.86480631656,-1863.31,22778.34691798568,35300.19,407382.23691798566,108738.985,3196.0275,18384.48750039134,22459.02568016022,1036.0970586792307,3179.4675,71278.20292697042,31115.63512575507,298617.8319482229,78279.39166268164,25492.75514352978,22307.898567455228,45803.02130629468,130736.23512261295,102411.41157557952,20915.036917985675,76921.60999999999,-3869.425846893224,-9591.658579718962,152.0,87.0,192.0,0.0,0.0,0.0,0.0,0.0,0.0,0.0,0.0,1.0,0.0,0.0,0.0,0.0,1.0,0.0,0.0,0.0,0.0,0.08,0.52,0.18,0.8,0.86,0.45,0.48,0.0,0.0,0.0,0.86,0.45,0.9624877003698639,0.9858501977564332,0.9557711222394426,0.965378661071983,0.9759605470173112,0.997241955704137,0.9967083607636605,0.997241955704137,1.0110951267099344,0.9330482369986312,-69.70305892185524,9.68368639337001,0.9756036843415485,16400.042961148552,16810.148653976456,80185.45703885145,83959.15134602354,0.9550532104401647,0.9756036843415485,0.9550532104401647,0.9584814025700288,0.9680852384122995,112.92999999999999,58.542266743110154,6752.0,6568.333333333333,5863.0,2.7000000000000006,11110.666666666668,0.8926160872874905,3532.9539357200733,11110.666666666668,103.76666666666667,99.06111478628378,39.56358299125219,46.775609756097566,991368.4129348891,0.001,0.001,0.05333333333333334,0.05333333333333334,727985.4999999999,0.02889780058217023,402402.80000000016,0.013818496202489927,788262.6000000003,0.008063125283133632,67560.60000000003,-0.0003777107722572337,0.02889780058217023,25378.676247659765,25126.789008054835,0.7298811713983866,89001.52980532084,0.7220508306903166,0.07804048545160018,0.07290011539939685,0.35774053582491305,0.2997,0.010727252627767426,0.183,1.0,1290204.7,3973.044529562998,24017.9,0.0,1015916.0999999994,331227.2,684688.8999999994,0.9768671084238463,2.3699999999999997,102.88331986333333,101.188160451,102.88331986333333,102.88331986333333,1196379.4,703291.3,1.7011150287228063,1.0425290828163278,674601.1325651483,1189209.4,1.1416796229910986,1041631.4490087662,224099.4,196289.21764661052,0.4,0.5,0.0,2.0,3.0,100.72261904761906,98.45109704271869,47.21894141511743,48.27070865174157,9582.665196765298,4920.030638748329,0.42411334683833946,536616.4242486065,290857.52688172046,89158.4187697161,19786.278195488718,2876.9648203592815,103624.80739599383,26661.58301158301,98.74517374517374,96585.5,727951.69348358,83957.53748371042,83762.41775688829,1834449.213369815,395699.4635018955,22224.43546236018,67747.45046932623,-99.92708593604344,779612.6983273842,539035.0861717241,2.833194762281316,0.946005506027726,0.9773410231590345,39.93856022780217,-0.9734304526928047,46955.67894075342,2529.5365449108185,285431.14360995614,284353.91602980474,2951225.4000000004,4409423.5,1621431.9,1197948.9000000001,0.11491412000000002,1.7884825790309145,25.326210307820087,0.8972147148726631,10.97891410321926,12.971024900826666,11.775758422262221,0.12163968579435173,-14823.077445006871,-2.66407146370882,231.88150614235732,4.316607144879044,59.52967154073754
2018Q1,555011.0,302583.9,20202.5,91277.1,1475.4,108174.7,27510.2,59.8,3967.6,105366.9,101399.3,-240.4,557948.1,304664.0,20660.0,91328.6,1243.1,108699.0,27909.2,63.3,3381.0,101521.6,98140.6,32004.8,12023.6,1.005291967186236,1.0068744569687944,1.0226457121643362,1.0005642159972217,1.0048467894988384,1.014503711350699,0.9635056170391272,0.9678626972770029,277935.8,235105.10874221585,42223.15688678166,-1704.8924999999997,23554.78520161445,29741.15,392735.6477016145,89414.1575,3170.0725,18508.522491836044,22598.831617342523,1058.787989342714,2699.31,71706.16304165089,29798.01308999443,300843.91194622475,78344.52065394429,25466.662197854494,22186.516213838186,45844.13582052342,131146.9638019512,101108.81110837236,21849.892701614448,63208.80500000001,10901.862675910874,-7228.16777768865,153.0,88.0,193.0,0.0,0.0,0.0,0.0,0.0,0.0,0.0,0.0,1.0,0.0,0.0,0.0,0.0,1.0,0.0,0.0,0.0,0.0,0.08,0.52,0.18,0.8,0.86,0.45,0.48,0.0,0.0,0.0,0.86,0.45,0.9666613450161236,0.9863606230256523,0.9611331881243761,0.9676875861891742,0.9792506866319488,1.0025908900961134,1.0029624753127058,1.0025908900961134,1.014503711350699,0.9380528537575911,-236.12259924780574,2.632678061228205,1.0455563853622107,17418.760762796363,16659.800472417377,80721.83923720365,84739.49952758262,0.9525881045701571,1.0455563853622107,0.9525881045701571,0.9678626972770029,0.969655497379913,108.21666666666665,67.22417693876233,6818.0,6648.0,5912.333333333333,2.466666666666667,11107.666666666668,0.889340152426795,3532.0,11107.666666666668,102.23333333333333,97.89366842635157,39.76519852436419,47.009494277499016,994050.3069927801,0.001,0.001,0.06,0.06,730251.1468178829,0.028754117746079555,404023.66314365965,0.014337200009446549,791067.450007768,0.008635293164759805,68023.80905833511,0.003090892357027031,0.028754117746079555,27227.51456726318,26928.736820105634,0.6839997136062849,89755.45172726872,0.7220508306903166,0.07447596212535143,0.07290011539939685,0.34833283612317684,0.2997,0.0107884809074197,0.183,1.0,1289900.0,3973.044529562998,23362.200000000004,0.0,1015574.2274700908,334311.275,681262.9524700908,0.9916779932324399,2.76,104.21270098000001,101.790870262,104.21270098000001,104.21270098000001,1202164.25,704888.6000000001,1.7054670057084196,1.0475700208036671,672879.6987329103,1133540.7249999999,1.1525967696459503,983466.8592279641,229010.6,198690.99587217002,0.4,0.5,0.0,2.0,3.0,100.72261904761906,98.2667904804714,48.02097524097354,48.27070865174157,9594.83570209632,-4380.460756605995,0.5080217280315782,538169.4672563229,292496.15975422424,90032.13722397477,19417.29323308271,1163.0800898203593,104679.31432973806,26939.382239382237,61.100386100386096,98140.6,729839.3597756954,83726.4348315395,83730.32313775439,1807234.9106206878,395076.8661500379,23077.31771184528,67848.02228934478,835.2901687046422,779758.0641223575,543160.936903315,2.181685443773794,0.6077565499928488,0.7768810280102874,40.62080741644775,0.5991834070360185,46229.55696814185,1462.6377520702026,284517.29452229897,283019.5642750924,2962134.1381436596,4363939.91314366,1624211.275,1202298.6190198776,0.11491927000000002,1.7910461360095207,24.519826694016476,0.8968675390081896,11.119697051956654,13.289649276802978,11.987677941895186,0.12362821614776438,-16303.043026424166,-2.9219640727200553,231.18637737094184,4.187163644790618,59.91798789170535
2018Q2,557177.0,303014.1,19570.6,92244.3,1775.5,108265.3,28051.1,-46.7,4585.4,106251.6,101666.1,-282.7,559716.2,304852.3,20151.0,92765.1,1928.5,108953.6,28700.2,-33.3,2398.8,102224.4,99825.5,33592.7,11927.4,1.0045572591833474,1.0060663843695723,1.0296567299929487,1.00564587730624,1.006357530991001,1.0231399125167997,0.9620975119433495,0.9818956367953525,281072.6,239395.43394199584,42631.45723211658,-1078.5575,22869.592765790738,31892.1875,409273.19526579074,102978.7775,3109.3225,18576.299352690665,22329.35479884808,1059.0374696761403,3063.525,72772.37542781097,31022.27848317062,296620.80613646767,78308.21878557454,26656.109481931377,22807.710531172237,46196.102799696455,131910.5300332188,103874.49076479844,21791.03526579074,74517.3725,-2934.8030987060047,-13727.139003916003,154.0,89.0,194.0,0.0,0.0,0.0,0.0,0.0,0.0,0.0,0.0,1.0,0.0,0.0,0.0,0.0,1.0,0.0,0.0,0.0,0.0,0.08,0.52,0.18,0.8,0.86,0.45,0.48,0.0,0.0,0.0,0.86,0.45,0.9658855456697122,0.9913701471867509,0.9677224905948765,0.9691424605075124,0.987586788143629,1.01027998328458,1.0105332455562872,1.01027998328458,1.0231399125167997,0.9452469903485965,134.74788967822838,14.48063391453455,1.1058003485187953,18839.74890706463,17037.20651951342,80985.75109293537,84628.89348048659,0.9569515535685075,1.1058003485187953,0.9569515535685075,0.9818956367953525,0.9689247878537138,109.08333333333333,70.1409648785909,6848.333333333333,6685.0,5952.666666666667,2.3666666666666667,11109.333333333332,0.8904512590376465,3543.0,11109.333333333332,103.26666666666667,99.63548407900944,40.216502510134816,47.2179303393437,1008622.1725695857,0.001,0.001,0.03666666666666667,0.03666666666666667,736046.8476250151,0.028754117746079555,405999.0235482832,0.014337200009446549,798087.3968286018,0.008635293164759805,68815.75706594619,0.003090892357027031,0.028754117746079555,27324.397375664194,26933.757925128528,0.6853461029295927,89806.35396876413,0.7228492742102839,0.07733161633342014,0.07290011539939685,0.37575335792318154,0.2974,0.010608887204934013,0.183,1.0,1294248.8,3394.257062775321,24064.1,0.0,1015232.4699859277,337395.35,677837.1199859277,0.9912298799973167,2.92,106.24270187666667,102.318027191,106.24270187666667,106.24270187666667,1207949.1,706485.9,1.7097993038502255,1.0526109587910062,671174.7527419305,1077872.0499999998,1.1350782078650934,949601.5715316308,229795.8,202449.31001909584,0.4,0.5,0.0,2.0,3.0,100.72261904761906,97.97366724709377,47.39067690171565,48.27070865174157,9632.280751168753,965.7006457027642,1.5610501413485498,539862.6065219687,292676.93932411674,91448.24526813881,18938.909774436088,1804.3600299401198,104924.49922958399,27702.89575289575,-32.14285714285714,99825.5,731914.5478889818,83943.54754685466,83990.90983924414,1799059.0940925875,394305.22010093945,23170.272268159624,68115.5305504671,841.0170860570964,780037.3996410754,545308.4125712207,2.1764907995490037,0.9012757738951925,0.7545161619440206,40.36363438375402,-0.29233616774834625,44763.7825302825,2105.6630145057898,287478.3523745929,286174.18245356943,2973924.873548283,4323464.323548283,1631644.15,1210861.6282392445,0.11492848000000001,1.8102365542181134,24.079110143804854,0.8980836105916775,11.181310852486229,13.42813826412609,12.080041817142174,0.12467471127352346,-13532.39741718913,-2.417724807177125,231.23304274559143,4.299339558154651,60.27971854307593
2018Q3,553131.0,302657.5,19626.7,89736.4,2111.4,108320.4,27673.0,-18.1,3263.0,104417.6,101154.6,-239.3,554857.2,305529.4,20261.5,90306.8,2090.6,108805.5,28402.6,-18.4,-520.9,102033.1,102554.0,33685.9,12145.5,1.0031207797067963,1.009488943773077,1.0323436950684526,1.006356394952327,1.004478380803616,1.0263650489646947,0.977163811464734,1.013834269524075,281856.8,239151.68142053852,42889.7116071238,-972.788125,23159.73903017292,31771.56375,405457.5527801729,97914.24,3177.16,18638.16955215025,22225.2582064734,1069.6218280831138,3044.415625,72995.48434722463,30871.574170435302,302786.46991641086,78442.27852647656,26800.07012788589,22342.0323928232,45636.912427379706,132946.2068744281,103308.55672570092,22186.95090517292,69642.23812499999,-4598.656456980621,-8576.852872578602,155.0,90.0,195.0,0.0,0.0,0.0,0.0,0.0,0.0,0.0,0.0,1.0,0.0,0.0,0.0,0.0,1.0,0.0,0.0,0.0,0.0,0.08,0.52,0.18,0.8,0.86,0.45,0.48,0.0,0.0,0.0,0.86,0.45,0.9691714129925854,0.9920705786201963,0.9702478337109516,0.9673328012361478,0.9906998542130258,1.0186376932720433,1.0187623436471365,1.0186376932720433,1.0263650489646947,0.9530667040344717,-60.151625574592344,0.17720738626097798,1.2013940751804832,20720.551065166277,17247.089438204086,81833.44893483372,83907.51056179592,0.9752815735674257,1.2013940751804832,0.9752815735674257,1.013834269524075,0.9672382857171081,111.46,76.32587237471485,6848.666666666667,6683.0,5967.666666666667,2.433333333333333,11105.333333333334,0.8929622425058606,3553.0,11105.333333333334,101.93333333333334,97.89586127145262,40.07457098037287,47.23065408032173,1011363.6285405267,0.0013333333333333333,0.0013333333333333333,0.09999999999999999,0.09999999999999999,737964.2548637936,0.028754117746079555,406287.8036604198,0.014337200009446549,800790.331193606,0.008635293164759805,69693.2352047248,0.003090892357027031,0.028754117746079555,27566.874570859887,26943.406501510366,0.6886684083157565,89765.32713000044,0.7228492742102839,0.07667914333092445,0.07290011539939685,0.3737363743432169,0.2974,0.01042984016306642,0.183,1.0,1286380.3,3394.257062775321,21019.5,0.0,1014890.8275087986,340479.425,674411.4025087985,0.9935660049849532,2.926666666666667,107.06907392333333,102.634628694,107.06907392333333,107.06907392333333,1213733.95,708083.2,1.7141120563233248,1.0576518967783453,669486.0588411489,1022203.375,1.1163244317342678,915686.6462305713,236809.2,212132.9546036224,0.4,0.5,0.0,2.0,3.0,100.72261904761906,97.73572391551065,48.24581291476379,48.27070865174157,9562.334920814614,-11233.328346077611,-2.9046425103692366,535009.4802169898,293326.9969278034,89024.84227129338,19042.763157894733,1956.0254491017963,104781.87596302002,27415.63706563706,-17.76061776061776,102554.0,733303.0907989135,84182.22836027345,84657.51089296144,1784998.8802451086,393558.66229558334,23283.556817006942,68418.0800151405,850.8083902326479,780219.798015698,546266.4539528791,1.2566296168193907,0.8700644200703721,0.8856700969827823,40.93591951681312,-0.5719851062422884,44510.12554649306,2297.7881869360226,288203.58375881653,287306.96202211664,2978039.92866042,4269084.85366042,1626859.725,1213945.2937289383,0.11494175000000002,1.8284341838380542,22.96563675005269,0.8947890616293754,11.09388394660207,13.523537030086144,12.0657451799957,0.12474428853951108,-13459.313384310442,-2.4257256433385823,231.83988601031044,3.7882720094467555,61.363432789553784
2018Q4,552078.1,301729.8,19938.8,91491.4,3155.3,108877.6,27223.8,-46.9,-209.2,105689.8,105899.0,-82.4,552270.4,304069.4,20563.7,92309.3,3212.3,108996.5,28005.5,-69.5,-4816.9,101864.5,106681.4,34557.2,12391.3,1.0003483202829455,1.0077539573485947,1.0313409031636809,1.0089396380424829,1.001092051992329,1.028713845973009,0.9638063464970129,1.0073881717485529,283584.6,240067.1124322594,42973.46906622183,-836.141875,25283.33445323805,30736.85125,399901.785078238,88230.805,3246.53375,18739.587254422822,22622.865839109483,1096.3499505237692,2890.68375,73152.07738565197,30809.04563720223,305609.3748381809,78450.80587807592,26826.94784468664,22242.527015228487,45961.742804861744,134192.76272195505,103597.73628675062,24447.192578238053,61133.14124999999,-2729.4068550547818,-8485.093720278877,156.0,91.0,196.0,0.0,0.0,0.0,0.0,0.0,0.0,0.0,0.0,1.0,0.0,0.0,0.0,0.0,1.0,0.0,0.0,0.0,0.0,0.08,0.52,0.18,0.8,0.86,0.45,0.48,0.0,0.0,0.0,0.86,0.45,0.9675057194206939,0.9946171510671165,0.9693053601162414,0.964071698759947,0.9929670327924797,1.0193063100710404,1.0194206714944043,1.0193063100710404,1.028713845973009,0.9536922811293418,-3.9172001671540784,-21.253320623865882,1.251680358476475,20530.9529473259,16402.712408394615,86150.44705267409,89496.28759160539,0.9626147561092229,1.251680358476475,0.9626147561092229,1.0073881717485529,0.9643032254183376,112.85000000000001,77.36216991756076,6881.0,6712.0,5982.666666666667,2.466666666666667,11107.666666666668,0.8913388955105285,3560.0,11107.666666666668,104.66666666666667,97.92591208910929,40.127108162289844,47.40103632716737,1015764.242233359,0.001,0.001,0.06999999999999999,0.06999999999999999,741661.9000000004,0.028754117746079555,405214.69999999995,0.014337200009446549,802693.4000000005,0.008635293164759805,70326.50000000003,0.003090892357027031,0.028754117746079555,27660.237093447548,26949.70675526093,0.6945954976376177,90158.45502514168,0.7228492742102839,0.07611928868133887,0.07290011539939685,0.3774588684314013,0.2974,0.010276861294694007,0.183,1.0,1306996.8,3394.257062775321,17348.999999999996,0.0,1014549.2999999999,343563.5,670985.7999999999,0.9963193811197255,3.033333333333333,106.70978172999999,102.805407822,106.70978172999999,106.70978172999999,1219518.8,709680.5,1.7184053951038532,1.0626928347656845,667813.385752694,966534.7,1.056157677797022,915142.4264755984,190728.1,180586.76654969613,0.4,0.5,0.0,2.0,3.0,100.72261904761906,97.08314710520916,48.40499855036736,48.27070865174157,9544.132754531896,17482.94278440718,-0.7614109496665515,532370.6925128275,291925.30721966206,90998.91561514197,19326.785714285714,3005.5202095808386,104965.81278890601,27032.335907335906,-67.08494208494209,106681.40000000001,735090.4573825175,84341.9336655841,84878.04430700553,1775332.3537535039,392900.8330388013,23300.118009912756,68994.47134306333,861.6571521230843,780288.3213268827,547146.9125931296,0.9012547258102431,0.8892784452074747,0.8796714326389234,40.97700731730282,-1.1055336425833402,41788.31576122324,184.6395437412464,288811.1341052217,288710.57035766536,2956183.5999999996,4241828.5,1650560.3,1217203.1000000003,0.11495908000000002,1.8398922946470058,23.129304983783996,0.8963471844204466,11.113647180199688,13.508546911214522,12.071607072605623,0.12518476299162717,-12534.228862371287,-2.269581868296995,236.6588540685867,3.141395953866076,62.20929095602443
2019Q1,554673.7,302532.2,20452.9,91789.3,1600.4,109286.0,27799.2,-165.6,1497.4,103679.0,102181.6,-118.0,558434.6,305050.7,21137.5,92615.3,1410.8,109695.7,28616.1,-150.8,59.3,98826.6,98767.2,33723.9,12094.3,1.0067803827727906,1.0083247336977683,1.033472025971867,1.008998870238688,1.0037488790878977,1.029385737719071,0.9531978510595203,0.9665849820319901,283381.4,239475.1526097223,43150.66449349743,-654.4406249999997,22987.558912349625,32012.501875,395041.9882873497,85699.15375,3314.428125,18843.505755393537,22887.67998555556,1058.0388663336912,2996.910625,73150.82072144846,32037.95319054804,306391.5283421123,78892.84928162454,26385.95630873945,22113.155420430237,46058.87427231949,135892.9997406612,104482.78377160698,22333.118287349625,57314.96812499999,6067.248324669548,-5694.007814865385,157.0,92.0,197.0,0.0,0.0,0.0,0.0,0.0,0.0,0.0,0.0,1.0,0.0,0.0,0.0,1.0,1.0,0.0,0.0,0.0,0.0,0.08,0.52,0.18,0.8,0.86,0.45,0.48,0.0,0.0,0.0,0.86,0.45,0.9680536997866439,0.9946755424277288,0.9713082950863412,0.9666302764713961,0.9936155769489101,1.011617216882574,1.0118499012508229,1.011617216882574,1.029385737719071,0.9464981445383366,-208.19219389887166,19.66627816627812,1.070450585013692,16319.825803729796,15245.753547344786,82447.3741962702,86935.84645265521,0.9483702932733346,1.070450585013692,0.9483702932733346,0.9665849820319901,0.9708929023230727,110.18333333333334,63.554043721317896,6893.666666666667,6723.333333333333,5995.333333333333,2.466666666666667,11104.0,0.8917203767972236,3570.0,11104.0,101.60000000000001,96.14701209384276,39.94359267369993,47.26699655287447,1017400.5533721803,0.001,0.001,0.001,0.001,744087.022049942,0.028006055805159635,405903.70507901564,0.013379295215943554,806200.2509609795,0.005193415784035704,69924.44637683716,0.0032129164898198614,0.028006055805159635,16674.88229320515,16209.446736311023,1.1581596753686751,90512.87242996819,0.7228492742102839,0.07870670388587042,0.07290011539939685,0.3930845931150164,0.2974,0.010712451768741964,0.183,1.0,1319420.3,3394.257062775321,21688.900000000005,0.0,1032695.2395283306,347532.175,685163.0645283307,0.9957691955053433,2.6533333333333333,105.47022365999999,103.451408598,105.47022365999999,105.47022365999999,1225873.55,712872.425,1.719625429472882,1.0682303855535258,667339.5876401797,990958.25,1.0176018044870505,973817.3081360828,201227.0,197746.30814597843,0.4,0.5,0.0,2.0,3.0,100.72261904761906,96.62444325480693,49.161170507035905,48.27070865174157,9589.004577880192,9160.084915967715,1.8806034870790758,538528.7584352773,292867.4155145929,91300.57176656154,19866.071428571428,1319.9850299401198,105639.15639445299,27621.718146718144,-145.55984555984557,98767.2,737450.7980112222,82347.93748518043,83084.09823984295,1850542.2675157017,392757.32180298516,21685.948388560006,69121.44752964778,903.8126860852664,783185.7596428047,547850.5978528308,1.2454311766585076,0.8429897958183463,0.8661341205129105,41.54428910875943,2.5719291408519704,39845.167808734455,-2141.2430548514203,289097.97724462807,287150.9836618176,2986955.605079016,4289687.980079016,1666952.475,1219915.1735057947,0.11498047000000002,1.8342325467607,24.87022403210389,0.8999476467666385,10.78407555698416,13.111266477623026,11.714951925239706,0.12066162907576246,-13053.660336129144,-2.337545047554207,236.2712303284933,3.8838746739546592,62.23328121144356
2019Q2,557509.9,302902.0,20734.8,91926.1,3307.7,110326.6,27818.5,-30.3,652.6,104018.9,103366.4,-128.1,562554.7,306692.5,21531.1,92942.0,3442.5,111125.3,28788.8,-18.9,-1948.4,98114.2,100062.6,34578.0,12540.3,1.009048807922514,1.012513948405755,1.0384040357273763,1.011051268355777,1.007239414610801,1.0348796664090443,0.9432343545259564,0.9680379697851528,286662.4,243999.18414347476,43831.12557643355,-502.39687500000014,22922.067383271067,31173.034375,407966.5673832711,95487.946875,3085.409375,18930.959648657165,23386.023313826103,992.190650681822,3051.56875,74375.7237017821,29800.76452344756,303192.2656390807,79393.13979699979,25299.525275584758,22435.595099062477,46813.8090635704,136908.87286064355,101914.09886260272,22419.67050827107,67711.4625,-4045.280557485065,-12781.887690960488,158.0,93.0,198.0,0.0,0.0,0.0,0.0,0.0,0.0,0.0,0.0,1.0,0.0,0.0,0.0,0.0,1.0,0.0,0.0,0.0,0.0,0.08,0.52,0.18,0.8,0.86,0.45,0.48,0.0,0.0,0.0,0.86,0.45,0.9720756033081365,0.996698805555774,0.9759436426009175,0.9699917320982291,0.9989185969199269,1.015963226076055,1.0161290322580645,1.015963226076055,1.0348796664090443,0.9505643956549915,81.99843710823325,12.456853892194044,1.1028130445606175,18998.545962760225,17227.349691288448,81064.05403723978,86139.05030871155,0.9410836751359155,1.1028130445606175,0.9410836751359155,0.9680379697851528,0.9728272811389238,109.82,71.918171020445,6900.0,6737.666666666667,6022.0,2.3333333333333335,11101.666666666668,0.8937812299015485,3577.0,11101.666666666668,102.10000000000001,96.4467745598439,40.517964819574026,47.60252407837928,1032722.9057532897,0.002,0.002,0.001,0.001,747954.7336564612,0.028006055805159635,407766.94071765034,0.013379295215943554,813490.9385104554,0.005193415784035704,70859.84724848832,0.0032129164898198614,0.028006055805159635,16747.732433737187,16269.63714384374,1.1552129553119541,91531.70439320714,0.7402842201369428,0.07289935198654679,0.07290011539939685,0.3853584392048301,0.2974,0.009915699279069523,0.183,1.0,1331168.1,2850.2354508716016,20089.3,0.0,1051165.7321575938,351500.85,699664.8821575938,0.9969681943837285,2.3333333333333335,106.94332165666667,104.114072867,106.94332165666667,106.94332165666667,1232228.3,716064.3500000001,1.7208345870032489,1.073767936341367,666870.6763957165,1015381.7999999999,1.0108070514627894,1004525.8375775972,196001.8,193906.2452288555,0.4,0.5,0.0,2.0,3.0,100.72261904761906,96.25253173040407,49.356263385296074,48.27070865174157,9638.035809726563,7419.479471308891,2.0453106033331454,542360.8402250333,294443.64439324115,91622.63406940064,20235.996240601504,3220.9019461077846,107015.88983050849,27788.416988416986,-18.243243243243242,100062.6,739779.2348085605,82612.35281064716,83355.7706537029,1847941.8477042986,392686.2056463597,21722.821997989748,69746.46860218518,898.6456272226592,786072.9753568438,548712.029018787,1.603367616515626,0.5375044209415034,0.6902471083799249,42.01069968849314,0.9012591776871359,39306.605938157365,1212.4951687710645,293052.08594677015,290424.09410316055,3002502.04071765,4338045.99071765,1682668.9500000002,1226581.5216225998,0.11500592000000003,1.8523848737991733,25.83234486329194,0.8999476467666385,10.975661142837295,13.07379866533915,11.814916151838037,0.12144926834294666,-17313.28211476462,-3.077617539194788,236.62909580170606,3.57108384304673,62.48296387889035
2019Q3,557576.6,304674.5,20906.4,94052.7,202.9,111159.3,28129.6,-51.1,-1383.9,104286.2,105670.0,-113.8,562300.8,308419.4,21720.5,94866.3,145.8,111568.1,29170.5,-53.3,-3536.5,96893.2,100429.7,35347.2,13139.9,1.0084727371987994,1.0122914782825607,1.0389402288294494,1.008650469364516,1.0036776050227016,1.0370037256128777,0.9291085493574414,0.9504088199110438,287092.7,243349.69865600296,43887.03691639976,-482.8895833333331,22988.591463536144,30054.182291666664,402396.2518802029,89350.371875,3131.971875,19007.11425390527,23381.42410579102,993.2578656297436,3042.0114583333334,74317.3803796555,30515.096381710257,307234.1456590101,79392.4732213729,25552.958932801543,22440.6008589634,46815.28283038416,137479.08257216174,102883.33814489596,22505.70188020281,62743.66770833333,859.4941755846376,-7461.324556199834,159.0,94.0,199.0,0.0,0.0,0.0,0.0,0.0,0.0,0.0,0.0,1.0,0.0,0.0,0.0,0.0,1.0,0.0,0.0,0.0,0.0,0.08,0.52,0.18,0.8,0.86,0.45,0.48,0.0,0.0,0.0,0.86,0.45,0.9718620183204307,0.9943320873072911,0.9764475834863245,0.9665616381189346,1.0009688471166773,1.0096113664855828,1.0098749177090192,1.0096113664855828,1.0370037256128777,0.9446214132537265,-59.05014625992476,-0.3091096211819462,1.006970375902415,17048.489223411816,16930.47743150686,83381.21077658818,88739.52256849314,0.9396175273788613,1.006970375902415,0.9396175273788613,0.9504088199110438,0.9723916515583172,107.32333333333334,66.34270302227421,6913.0,6753.666666666667,6042.666666666667,2.3333333333333335,11104.666666666668,0.8947238537090964,3585.0,11104.666666666668,100.2,96.66147493384469,40.27190511738795,47.51092784642542,1034136.445957476,0.002,0.002,0.001,0.001,748997.7258754808,0.028006055805159635,407949.1699872369,0.013379295215943554,818219.7611010565,0.005193415784035704,70227.03408684718,0.0032129164898198614,0.028006055805159635,16899.186720920872,16329.615190488568,1.1597009175804474,92221.8302798548,0.7402842201369428,0.07440047178423467,0.07290011539939685,0.3995743256515901,0.2974,0.009890080978333536,0.183,1.0,1337627.8,2850.2354508716016,18670.799999999996,0.0,1069966.5827520234,355469.525,714497.0577520233,0.9980113134861552,1.7966666666666666,105.95526811999999,104.70734985,105.95526811999999,105.95526811999999,1238583.05,719256.275,1.7220330125030887,1.0793054871292083,666406.5768007115,1039805.3499999999,0.9996364173413355,1040183.5426979531,199106.6,199179.01803692806,0.4,0.5,0.0,2.0,3.0,100.72261904761906,95.8661987782457,49.15187553153105,48.27070865174157,9639.188895956078,2204.233280695971,0.047855652428739605,542182.8309442712,296101.5745007681,93519.61750788645,20414.003759398496,136.41467065868264,107442.31510015408,28156.853281853284,-51.447876447876446,100429.7,742574.1112750137,82873.19413418735,83789.04804206466,1828644.8776063274,392658.9409737883,21822.537116654392,69558.48202393432,910.6670867631387,789022.9715592216,549825.2875947892,1.409777356570652,0.22795844729516287,0.38273143411833316,41.662829110511844,-0.22836188663682938,37361.97386858168,-1788.1323665541538,291706.8787516738,289256.08793544397,3019409.3699872373,4379434.894987237,1693097.3250000002,1227173.9299495649,0.11503543000000002,1.8546984323902331,27.83057858927496,0.8999476467666385,11.244656367104827,12.972204443575857,11.935675597693239,0.12274555811504127,-17021.86687721593,-3.0271816930041586,237.88474069394886,3.3204292079968574,63.21696945833973
2019Q4,542318.9,293600.2,20506.6,87451.9,1023.3,111171.8,28337.3,20.2,361.2,103667.0,103305.8,-153.5,550097.0,298109.9,21653.8,88543.2,822.5,112448.8,29681.7,26.3,-1189.1,96015.7,97204.8,33928.9,12555.4,1.0143422993371611,1.0153600031607608,1.0559429647040466,1.0124788598075056,1.011486725950286,1.047442769776937,0.9261934849084086,0.9409423285043047,289584.3,245110.98311136564,43854.5932353594,-254.5291666666668,21816.159263625166,29141.265625,392280.04780529183,77671.51354166666,3170.694791666667,19097.900949211344,22931.522507095728,915.9915290693392,3037.566666666667,74411.07815930243,30438.777558071917,309457.0102743705,79505.47474976494,25893.690402030654,22307.401541967654,46154.91557813273,137562.34122718454,102487.3835382353,21561.6300969585,51992.85208333333,-1489.2379439424258,-5740.333646645304,160.0,95.0,200.0,0.0,0.0,0.0,0.0,0.0,0.0,0.0,0.0,1.0,0.0,0.0,0.0,0.0,1.0,0.0,0.0,0.0,1.0,0.1,0.52,0.18,0.8,0.86,0.45,0.48,0.0,0.0,0.0,0.86,0.45,0.9651711056661224,0.9945764831114986,0.9777249673185616,0.9651590896472194,1.002337578733911,1.0213121604680315,1.0062541145490456,1.0213121604680315,1.047442769776937,0.94043477022839,-222.6087338069367,5.141656050505873,0.9950211600697041,15489.403811506332,15566.908959424798,81715.39618849367,87738.89104057521,0.931347492763546,0.9950211600697041,0.931347492763546,0.9409423285043047,0.9693508662798707,108.72666666666667,65.74350162282808,6942.0,6782.333333333333,6054.0,2.3000000000000003,11102.333333333332,0.8926131616454515,3591.0,11102.333333333332,95.60000000000001,95.53054865234425,40.48744352681956,47.83354806739346,1040949.4846257636,0.002,0.002,0.001,0.001,752920.3000000002,0.028006055805159635,414491.5000000001,0.013379295215943554,829584.7000000001,0.005193415784035704,71018.30000000003,0.0032129164898198614,0.028006055805159635,16997.421688448598,16390.897417849665,1.1519210551575867,92290.78015145086,0.7402842201369428,0.07400075482891294,0.07290011539939685,0.41612460240175214,0.2974,0.009423315814335703,0.183,1.0,1332530.8,2850.2354508716016,20184.4,0.0,1089103.7000000002,359438.2,729665.5000000002,0.9969690088060292,1.7933333333333332,105.90137428999999,104.779977339,105.90137428999999,105.90137428999999,1244937.8,722448.2000000001,1.7232208482213671,1.0848430379170497,665947.2151723765,1064228.9,1.082494595937219,983126.2936500808,207136.7,191351.25549579487,0.4,0.5,0.0,2.0,3.0,100.72261904761906,95.63640219742555,50.071467967246576,48.27070865174157,9375.419124380605,-9690.166655579069,-10.945724766785373,525697.2955149466,283374.4296577947,86977.60314341846,20049.814814814814,757.366482504604,107298.47328244275,28403.54066985646,25.167464114832537,97204.8,743640.5142751788,83186.28799933942,83905.8884352255,1757509.795106158,392532.0910833203,21832.28951343353,69536.33056464816,902.5343833950913,792009.5722047592,552372.0204435692,-1.819990888658015,-0.004088804981316132,0.11193482115692337,42.38167172488654,2.328099480275667,34997.92200096505,3285.0499703342766,293381.18465739064,289232.9195470853,3036045.4000000004,4415627.2,1691969.0,1238430.1000000003,0.11506900000000002,1.9194416507072933,30.408345386067616,0.8999476467666385,11.507310106133255,12.841954305569617,12.0411677859078,0.12421887888870241,-18372.66662231628,-3.339895804252028,242.23560572044568,3.6692437879137683,65.34087624546217
2020Q1,544665.7,295965.8,19500.2,89811.3,710.0,111303.9,28066.2,19.4,-718.0,98857.8,99575.8,6.7,553878.2,301134.5,20669.8,91004.8,696.2,112207.0,29444.3,25.1,-1303.5,92174.9,93478.4,33050.7,11635.4,1.016914044706689,1.0174638421060813,1.059978872011569,1.0132889736592166,1.0081138217079546,1.0491017665376858,0.9323988597763656,0.9387662464173021,288498.1,244068.98588016504,43722.25782538954,-53.98124999999982,22289.477642732887,32612.916666666664,399255.4599343996,85026.21145833333,3185.2645833333336,19131.72983303345,22977.19887501748,861.343085318539,3505.9989583333336,74561.64351475655,30589.880687811383,314511.6304985312,79568.79034234493,27160.249630022645,22345.255751121636,46183.79771145765,136992.27364230508,103933.92802929168,22235.496392732886,55908.946875,-3632.032329829002,-3306.12995064538,161.0,96.0,201.0,0.0,0.0,0.0,0.0,0.0,0.0,0.0,0.0,1.0,0.0,0.0,0.0,0.0,1.0,0.0,0.0,0.0,1.0,0.1,0.52,0.18,0.8,0.86,0.45,0.48,0.0,0.0,0.0,0.86,0.45,0.9671709525723206,0.9953722727497215,0.9814619185292305,0.961940669568659,1.0039251354427616,1.018303384872545,1.002633311389072,1.018303384872545,1.0491017665376858,0.937664258630336,-26.795403259506884,4.747425729168899,1.0151854617874034,15244.773966802719,15016.737867740689,78233.62603319727,84559.0621322593,0.9251950537345319,1.0151854617874034,0.9251950537345319,0.9387662464173021,0.9719532645893169,108.92,67.52412043459444,6935.0,6765.333333333333,6064.0,2.433333333333333,11102.0,0.8963342530547892,3600.0,11102.0,94.56666666666666,95.63292180201239,40.24884331796917,47.57554419525066,1046650.1090945906,0.002,0.002,0.001,0.001,754980.1100121718,0.028259032571927467,415695.023500692,0.013334470928384967,831134.1055074624,0.008575788252622563,70926.63020484085,0.0007979284595945324,0.028259032571927467,28457.370899261652,27168.42554111278,0.6985221776094906,92326.1522288006,0.7402842201369428,0.07400455023004163,0.07290011539939685,0.4531183751755276,0.2974,0.00921435417506653,0.183,1.0,1327298.2,2850.2354508716016,20111.799999999996,0.0,1103108.3507500137,359391.97500000003,743716.3757500136,0.9858830391427511,1.3766666666666667,104.91332075666666,103.035379471,104.91332075666666,104.91332075666666,1245206.75,722589.9,1.723255127147501,1.0850774018628209,665933.9681754356,1065768.0999999999,1.0256790322364095,1039085.3927043623,154750.8,150876.43905772208,0.4,0.5,0.0,2.0,3.0,100.72261904761906,95.16082872352261,49.74808183080059,48.27070865174157,9415.98978050396,-9396.446096425887,1.730937276941615,529389.6052248254,286249.5247148289,89395.67779960706,19138.7037037037,641.0681399631676,107067.74809160306,28176.363636363636,24.019138755980865,93478.4,745078.7777604716,84058.24605882868,85107.19712706162,1760618.9682165135,392172.9333263115,22108.099427250716,69651.76710447478,226.67009088808962,792234.015819481,551837.9396435869,-1.2997003519220187,0.07004598909632002,0.03297859205750195,42.08680709483689,1.0141528638639268,32588.25617770958,-844.4581250635085,295528.2828064437,290612.8441678507,2979725.898500692,4413360.048500692,1686690.175,1241601.7637177047,0.11510663000000002,1.9216376377190463,32.70405431294562,0.8999476467666385,11.697342319687744,12.71480435307199,12.104327133041442,0.12453610244476035,-16655.38438570317,-3.0070481896025467,239.63719821433665,3.6310871234867155,64.88646330547041
2020Q2,501370.3,270444.6,19489.7,83572.0,2668.8,111726.9,29096.9,-29.5,-16697.3,81252.8,97950.1,1098.3,512525.0,275163.8,20469.8,84021.3,1487.3,111633.9,30286.1,-25.8,-10511.3,72859.5,83370.9,28363.5,10495.2,1.0222484259638036,1.0174497845399761,1.0502881008943186,1.00537620255588,0.9991676131710447,1.040870333265743,0.8967014059823168,0.8511568645667538,280140.7,237433.68698342916,43594.60752250424,-728.0458333333333,23123.33892731739,27204.141666666663,355218.2139273174,49020.69166666665,3340.4958333333334,19214.982299533145,24538.084271861677,849.7743664471072,3108.9,73301.09346300979,30270.10906092277,334668.43301398924,79913.35858502596,25444.35132357013,21344.252178099738,46732.11081640852,136511.37539843007,102446.5712009014,22395.29309398405,25478.07916666665,-4959.500142155972,27858.09635891177,162.0,97.0,202.0,1.0,0.0,0.0,0.0,0.0,0.0,0.0,0.0,1.0,0.0,0.0,0.0,0.0,1.0,0.0,0.0,0.0,1.0,0.1,0.52,0.18,0.8,0.86,0.45,0.48,0.0,0.0,0.0,0.86,0.45,0.9671575898668975,0.9875994131197249,0.9724889823095542,0.9534042110410732,0.9960481658045388,0.993564563309653,0.9782751810401581,0.993564563309653,1.040870333265743,0.9148844966018904,-1164.3251065608022,4.905674831339418,0.628080657206871,10406.737673735679,16569.11027958629,72964.16232626431,81380.98972041372,0.8965750180347325,0.628080657206871,0.8965750180347325,0.8511568645667538,0.9761008324702564,107.57666666666667,32.39435837448869,6857.0,6668.666666666667,5960.333333333333,2.733333333333333,11100.0,0.8937818654403678,3608.0,11100.0,75.3,90.93284024025563,39.83563899951275,47.0008444717857,1088034.3493701273,0.0023333333333333335,0.0023333333333333335,0.001,0.001,748921.3946910627,0.028259032571927467,411519.6192580207,0.013334470928384967,825112.7035863082,0.008575788252622563,69520.13310275319,0.0007979284595945324,0.028259032571927467,28510.520393459432,27176.12466477081,0.7076428357418408,92495.9100777478,0.7459339320658865,0.07188870245246151,0.07290011539939685,0.4269957900955947,0.2974,0.01019269752931907,0.183,1.0,1364136.2,-30667.890547037696,7357.0,0.0,1117293.0855844258,359345.75,757947.3355844258,0.9947537086769953,0.6866666666666666,101.53597413333334,92.805669483,101.53597413333334,101.53597413333334,1245475.7000000002,722731.6000000001,1.7232893926320643,1.0853117658085922,665920.7268996497,1067307.2999999998,0.963716384044253,1107491.0810595807,171221.0,177667.41630091213,0.4,0.5,0.0,2.0,3.0,100.72261904761906,94.88925781490747,51.687425959206536,48.27070865174157,8667.514075235882,23417.780584526678,-31.795943823890482,489387.96720586217,261562.5475285171,82535.65815324165,18953.51851851852,1369.5211786372006,106520.89694656487,28981.913875598086,-24.688995215311007,83370.9,744916.5723110866,84220.8217975403,85340.03007996538,1604532.7991602945,391815.9397479724,22172.29282377713,69970.42333230501,226.3775071343188,792714.2096532882,548728.1643225775,-8.630478149602972,-0.9129530792379263,-0.4214535450708032,43.80775844487222,2.0982623988257836,28094.90435596989,-6954.848898939123,283686.99772776006,277512.77529265184,3028954.1692580204,4447784.569258021,1723481.95,1229961.1470518366,0.11514832000000001,2.170121264403032,37.9893551683584,0.8999476467666385,12.039228323712365,12.636700195374587,12.278217072377254,0.1257884089833659,-53680.87766189329,-10.473806675165756,266.1599336617726,1.4354421735525096,70.11282376469441
2020Q3,527957.4,284840.4,18576.5,83232.0,181.9,114127.2,29389.0,17.9,-2683.3,88357.1,91040.4,275.9,538980.4,289479.3,19548.5,83713.9,-1.2,114435.1,30736.7,27.4,1040.8,80601.4,79560.6,29077.9,10698.0,1.0208785784610652,1.0162859622441198,1.0523241730142923,1.0057898404459822,1.002697866941448,1.045857293545204,0.9122232395585639,0.8739043325820186,281775.0,238839.4673290481,43550.904932989804,-545.1291666666664,22675.404389859505,28419.14166666667,367773.9127231928,60228.12499999999,3338.7625,19283.562519610783,26097.34775902506,796.2250505676001,3160.3500000000004,73593.60587908888,30140.838369964764,318230.56660499034,80169.87265850119,25323.42919298704,21788.605074125146,48682.1778837178,135959.98028873623,104146.4454466696,22130.27522319284,35449.49583333332,8104.57910435315,8925.592139016546,163.0,98.0,203.0,0.0,1.0,0.0,0.0,0.0,0.0,0.0,0.0,1.0,0.0,0.0,0.0,0.0,1.0,0.0,0.0,0.0,1.0,0.1,0.52,0.18,0.8,0.86,0.45,0.48,0.0,0.0,0.0,0.86,0.45,0.9660512949088591,0.9880057371767997,0.9743742342724928,0.9567727737990915,1.0008203765982813,1.0012536564981194,0.9858459512837394,1.0012536564981194,1.045857293545204,0.9219646929080288,-183.3280401170079,8.67915444554085,0.6691560866318149,9396.587416919316,14042.444811668483,70164.0125830807,76997.95518833151,0.9112451416594702,0.6691560866318149,0.9112451416594702,0.8739043325820186,0.9757935330068459,106.14666666666666,40.839458411493204,6886.0,6683.333333333333,5973.666666666667,2.966666666666667,11100.0,0.8938154613466335,3614.0,11100.0,85.06666666666666,93.46372790336737,39.98205468373106,47.169521790078676,1121908.6296955517,0.002,0.002,0.02666666666666667,0.02666666666666667,748985.4939892105,0.028259032571927467,411706.4755886315,0.013334470928384967,829640.2189322402,0.008575788252622563,70001.94082269748,0.0007979284595945324,0.028259032571927467,28303.967322020417,27192.596827326593,0.7072394789433698,94895.5219887244,0.7459339320658865,0.07116347317795403,0.07290011539939685,0.5164791220837299,0.2974,0.010007780868515321,0.183,1.0,1395251.4,-30667.890547037696,19420.7,0.0,1131660.220182368,359299.525,772360.695182368,0.9863602115789599,0.65,103.87137339333333,101.360564622,103.87137339333333,103.87137339333333,1245744.6500000001,722873.3,1.7233236446829618,1.0855461297543634,665907.4913413135,1068846.5,1.0286972516480712,1039029.2170875404,179315.7,174313.38492711936,0.4,0.5,0.0,2.0,3.0,100.72261904761906,94.63620329205732,50.46826490683904,48.27070865174157,9127.14254439272,17394.63099585849,21.21154763255824,515177.41662310855,275170.4372623574,82233.6935166994,18100.462962962964,-1.1049723756906076,109193.79770992367,29413.110047846887,26.220095693779903,79560.6,744673.950630779,84202.48672123022,84655.17634555235,1680236.0686240366,391235.4064901252,21949.58559782451,69914.29231582432,221.88837086994684,793263.3104464568,550307.6670643318,-4.061412988040201,-0.6362411724661771,-0.7745971258520516,42.77815103316734,-0.5360135434581301,20408.131778596897,2171.5317196988,286629.57007611427,280767.54290230793,3068446.400588631,4480848.550588632,1754550.9249999998,1230693.9104005394,0.11519407000000002,2.124998398915427,52.373559304480615,0.8986056044549641,12.393643179017772,12.266779744387577,12.342897805165695,0.12649087524828986,-54882.276016565855,-10.182610725096099,258.8686712912009,3.603229356763251,66.66281835109403
2020Q4,537791.8,289370.6,18562.0,84243.2,-818.3,114961.0,30023.2,-96.5,1692.1,97786.9,96094.8,-145.6,546104.8,291880.7,19467.6,84605.1,-885.4,114362.7,31351.8,-78.0,5400.3,89138.4,83738.2,29369.4,9369.6,1.0154576548024719,1.0086743435580534,1.0487878461372697,1.0042958956924715,0.9947956263428467,1.0442524447760397,0.9115576830843395,0.8714123969247035,283997.6,239549.08518796737,43481.88965413929,-830.4791666666667,21676.924140553827,28915.225,384736.6824738871,76234.42499999999,3349.579166666667,19381.686092105407,27405.309068000395,803.9056146800252,2884.5666666666666,73489.47312188978,30295.43587102329,309143.5773535422,80429.46408653574,25499.09094694924,21686.803319362083,49896.0180020425,135479.08204486125,105690.54482001504,20846.44497388716,50977.412499999984,-1122.6158541241894,-2090.726880634204,164.0,99.0,204.0,0.0,0.0,1.0,0.0,0.0,0.0,0.0,0.0,1.0,0.0,0.0,0.0,0.0,1.0,0.0,0.0,0.0,0.0,0.1,0.52,0.18,0.8,0.86,0.45,0.48,0.0,0.0,0.0,0.86,0.45,0.9588159159297085,0.9865382079493825,0.9710998575345089,0.9492324678843956,0.9992846361493204,0.9985791893021311,0.9832126398946677,0.9985791893021311,1.0442524447760397,0.9195020159319807,-68.26264939406622,22.77036092088784,0.6748817525516556,9250.50536207677,13706.853574128505,74487.69463792322,82387.9464258715,0.9041091308780645,0.6748817525516556,0.9041091308780645,0.8714123969247035,0.9710533660546332,104.48,43.96307029896501,6931.333333333333,6723.0,6022.666666666667,3.0,11095.666666666666,0.8958302345183202,3620.0,11095.666666666666,92.60000000000001,94.05557165753521,39.77458797674906,47.154793004206326,1135570.5848773886,0.002,0.002,0.03,0.03,747890.1000000001,0.028259032571927467,409718.40000000014,0.013334470928384967,829101.2000000001,0.008575788252622563,69537.90000000002,0.0007979284595945324,0.028259032571927467,28459.275373689263,27211.432715852832,0.7159888838355162,95477.91666221128,0.7459339320658865,0.07158672569360931,0.07290011539939685,0.6041387312907375,0.2974,0.009600225639911357,0.183,1.0,1407941.6,-30667.890547037696,25400.100000000006,0.0,1146212.0999999992,359253.30000000005,786958.7999999991,0.982198000400919,0.8633333333333333,105.07500224666666,102.622054318,105.07500224666666,105.07500224666666,1246013.6,723015.0,1.723357883308092,1.0857804937001347,665894.2614967243,1070385.7,1.1007908057088387,972378.8520478604,194552.5,176738.84900839144,0.4,0.5,0.0,2.0,3.0,100.72261904761906,94.49885703734957,50.13503418585468,48.27070865174157,9297.15620579528,-809.7419710597569,7.450904182799614,522224.53762658016,277453.1368821293,83109.13555992141,18025.555555555555,-815.2854511970534,109124.71374045801,30001.72248803828,-74.64114832535886,83738.2,744690.985204438,84175.06170536437,84662.42188216913,1731802.91225275,390658.9893361278,21959.552119057767,69636.84076832946,223.42616323713045,793966.2522674936,553042.5711036095,-2.757612505882901,-0.8082108614682516,-0.7222260169672143,42.28839108178717,-2.12402288498019,16607.7592421951,-754.709458747087,289557.3800936226,285149.6354616064,3094480.8000000007,4493312.600000001,1767194.9000000001,1227146.4000000004,0.11524388000000002,2.1115431378414256,64.45094033399076,0.8984315517482838,12.327025557570657,11.857417019818278,12.139182142469705,0.12501045325439644,-53999.76788423977,-9.888169429061925,257.8152764817303,4.651140220704891,65.78468088908942
2021Q1,534867.8,287101.7,18723.3,84577.7,-195.0,114245.9,29524.2,-25.3,1012.6,99945.3,98932.7,-97.4,543564.5,291117.5,19902.5,85427.7,-374.3,114513.7,31086.2,-37.6,1928.8,93639.9,91711.1,30489.4,10337.3,1.0162595317945855,1.0139873779918405,1.0629803506860436,1.0100499304190111,1.0023440666142067,1.0529057518916685,0.9369114905853501,0.927004923549039,289475.4,241910.61888131025,43448.20751736235,-667.4277777777777,26737.30915854965,31954.605555555558,401047.992491883,81722.45555555554,3396.7944444444447,19120.151599307213,27660.8814424134,839.2259428163136,4282.75,73720.8159755962,30026.344523555028,318169.94056936033,79563.66712262551,26540.921141496496,22285.867783941816,50785.97516917152,135209.6743984428,107353.24083422303,26069.881380771876,53548.10555555554,-19044.29205949733,-5813.880768219184,165.0,100.0,205.0,0.0,0.0,0.0,0.0,0.0,0.0,0.0,0.0,1.0,0.0,0.0,0.0,0.0,1.0,0.0,0.0,0.0,0.0,0.1,0.52,0.18,0.8,0.86,0.45,0.48,0.0,0.0,0.0,0.86,0.45,0.9638663288895821,0.9921905013939205,0.9842410654500403,0.9564351780669911,1.0075653128149937,1.0126201420810697,0.9970375246872943,1.0126201420810697,1.0529057518916685,0.9324310700562335,-176.83907229419142,-10.96148447714079,0.8802588996763756,,,,,,0.8802588996763756,,0.927004923549039,0.9715253194612787,105.92666666666666,,6931.333333333333,6732.333333333333,6034.333333333333,2.8333333333333335,11091.333333333332,0.896321235827103,3627.0,11091.333333333332,95.36666666666667,94.03878640822505,40.08903809556045,47.97139700602111,1146393.1988746002,0.002,0.002,0.10999999999999999,0.10999999999999999,,,,,,,,,,,,,,0.7459339320658865,0.0708565302070571,0.07290011539939685,0.6326273498167962,0.2974,0.009150756482217677,0.183,1.0,1405092.3,-30667.890547037696,22080.9,0.0,,,,,1.3166666666666667,109.69190694666668,103.870814013,109.69190694666668,109.69190694666668,,,,,,,1.2247332876841075,,223568.7,182544.8056717346,0.4,0.5,0.0,2.0,3.0,100.72261904761906,94.30406528510011,51.0123522838501,48.27070865174157,9246.607118312457,-16021.669609325316,-2.174819325991954,519637.61026455136,276727.6615969582,83917.19056974459,18428.240740740737,-344.659300184162,109268.79770992365,29747.559808612437,-35.980861244019145,91711.1,,,,,,,,,,553492.0601080935,-3.3648649096170047,-0.319656418297783,-0.5639336398830173,42.63032268571905,0.3158682150146892,15195.735319206911,3946.5007581067325,297246.5121790299,292490.7495373059,,,,,0.11529775000000002,2.143320646474886,,0.8942706657888257,,,,,-52689.47843730108,-9.693325895510299,258.49596506026427,4.062241003597549,
2021Q2,537992.3,289058.7,18917.1,86267.9,-177.7,115084.0,28514.8,-20.0,392.8,103043.8,102651.0,-45.0,544693.4,291898.5,20552.9,87863.0,-469.6,115643.5,30347.9,-23.6,-1119.1,99495.9,100615.0,31374.5,10737.1,1.0124557544782704,1.0098243021227176,1.086472027953545,1.0184900756828439,1.0048616662611658,1.0642859146829016,0.9655690104596297,0.9801658045221187,288351.7,,,,,,,,,,,,,,,,,,,,,,,,,,166.0,101.0,206.0,0.0,0.0,0.0,0.0,0.0,0.0,0.0,0.0,1.0,0.0,0.0,0.0,0.0,1.0,0.0,0.0,0.0,0.0,0.1,0.52,0.18,0.8,0.86,0.45,0.48,0.0,0.0,0.0,0.86,0.45,0.9599090324360433,1.000481410297489,1.0059926184755046,0.9588374678064558,1.0184554207491883,1.0393648140409526,1.023370638578012,1.0393648140409526,1.0642859146829016,0.957057839816715,-284.9048725449228,-2.314281706341969,1.0211600697037593,,,,,,1.0211600697037593,,0.9801658045221187,0.9677160022069565,109.44,,6908.666666666667,6706.0,6008.0,2.9,11088.0,0.8959141067700567,3632.0,11088.0,95.3,94.90631287568966,,47.994623834886816,1171946.3315533441,0.0016666666666666668,0.0016666666666666668,0.07333333333333333,0.07333333333333333,,,,,,,,,,,,,,0.7459339320658865,,0.07290011539939685,,0.2974,,0.183,1.0,1416191.7,-30731.58304652681,19518.300000000003,0.0,,,,,1.5933333333333335,115.53040510333334,105.773972071,115.53040510333334,115.53040510333334,,,,,,,1.246584766584767,,224089.9,179763.06626458524,0.4,0.5,0.0,2.0,3.0,100.72261904761906,94.04213087968405,50.57052832486624,48.27070865174157,9300.622379543674,,2.336652159655152,520623.75777412567,277470.05703422055,86309.43025540275,19030.462962962967,-432.4125230202578,110346.85114503816,29041.052631578954,-22.58373205741627,100615.0,,,,,,,,,,,,1.3043747299394668,0.4923591558208419,,-1.4971676810147523,,,,,,,,,0.11535568000000003,2.178370083648677,,0.8961738419288751,,,,,,,259.9979548127442,3.583355333477513,
2021Q3,534176.4,286247.1,18611.3,84189.0,330.0,116361.8,27648.9,-63.6,1077.7,102744.0,101666.3,-225.9,538923.3,289524.1,20887.8,86342.6,-150.4,117732.0,29719.6,-125.6,-5006.8,101075.6,106082.4,31010.8,10592.2,1.0088863903384726,1.0114481509157647,1.1223181615470172,1.0255805390252883,1.0117753420796172,1.0748926720412022,0.9837615821848479,1.043437205839103,288140.6,,,,,,,,,,,,,,,,,,,,,,,,,,167.0,102.0,207.0,0.0,0.0,0.0,0.0,0.0,0.0,0.0,0.0,1.0,0.0,0.0,0.0,0.0,1.0,0.0,0.0,0.0,0.0,0.1,0.52,0.18,0.8,0.86,0.45,0.48,0.0,0.0,0.0,0.86,0.45,0.9614526149389397,1.0074465019894778,1.0391834829139048,0.9654344867171919,1.0286054277906242,1.0597576264103634,1.0434496379196843,1.0597576264103634,1.0748926720412022,0.9758357517590822,-500.12001671542,-57.23682605817953,1.1896938013442868,,,,,,1.1896938013442868,,1.043437205839103,0.9638829306864141,110.09333333333332,,6908.333333333333,6717.0,6016.666666666667,2.766666666666667,11076.666666666666,0.8957371842588457,3636.0,11076.666666666666,90.46666666666665,93.45302891827114,,47.89040443213296,1174822.2875697822,0.002,0.002,0.036666666666666674,0.036666666666666674,,,,,,,,,,,,,,0.7459339320658865,,0.07290011539939685,,0.2974,,0.183,1.0,1421246.9,-30406.034201365914,15411.8,0.0,,,,,1.3233333333333335,118.83140213666667,107.022723075,118.83140213666667,118.83140213666667,,,,,,,1.2730333910661782,,232380.1,182540.45937112407,0.4,0.5,0.0,2.0,3.0,100.72261904761906,93.85607865810152,51.24542776886907,48.27070865174157,9234.65443736662,,-2.8371409776682848,514883.5139355182,275213.02281368815,84815.91355599216,19340.555555555555,-138.48987108655618,112339.69465648854,28439.808612440193,-120.19138755980862,106082.40000000001,,,,,,,,,,,,1.9676773201975084,1.6360260250684875,,-1.4101807902260919,,,,,,,,,0.11541767000000003,2.1993152216567076,,0.8980836105916775,,,,,,,263.71969814628534,2.859739038931885,
2021Q4,540210.6,293173.3,18431.3,84476.4,-411.7,115953.8,26594.9,0.5,2406.3,103700.8,101294.6,-414.2,540745.2,295165.2,21091.0,87218.0,-745.6,116658.3,28902.6,-3.0,-7541.2,105084.9,112626.2,32661.7,11226.1,1.0009896140505203,1.0067942749220342,1.144303440343329,1.0324540344995763,1.0060756956649977,1.086772275887482,1.0133470522888925,1.1118677599793079,287116.0,,,,,,,,,,,,,,,,,,,,,,,,,,168.0,103.0,208.0,0.0,0.0,0.0,0.0,0.0,0.0,0.0,0.0,1.0,0.0,0.0,0.0,0.0,1.0,0.0,0.0,0.0,0.0,0.1,0.52,0.18,0.8,0.86,0.45,0.48,0.0,0.0,0.0,0.86,0.45,0.9570287784429983,1.0141984621803304,1.0595402225401194,0.9599958928101122,1.0399734697487868,1.0848307563727537,1.068136932192232,1.0848307563727537,1.086772275887482,0.9989233484095338,-298.97517760133735,-3.543386137943741,1.4774707493154098,,,,,,1.4774707493154098,,1.1118677599793079,0.9561498035189571,113.66666666666667,,6881.0,6694.0,6006.666666666667,2.733333333333333,11059.0,0.8973209839657406,3637.0,11059.0,94.7,94.36543945945584,,47.799556048834624,1180666.021426994,0.002,0.002,0.07333333333333335,0.07333333333333335,,,,,,,,,,,,,,0.7459339320658865,,0.07290011539939685,,0.2974,,0.183,1.0,1424152.1,-30508.825737214273,13894.4,0.0,,,,,1.5366666666666668,121.98993982,108.608706713,121.98993982,121.98993982,,,,,,,1.2870482404908636,,246402.5,191447.7579379816,0.4,0.5,0.0,2.0,3.0,100.72261904761906,93.60224392325712,50.65366761670381,48.27070865174157,9338.971572691125,,4.518507369475666,516522.2590488579,280575.2851711027,85675.83497053046,19528.7037037037,-686.5561694290976,111315.1717557252,27657.990430622012,-2.870813397129187,112626.20000000001,,,,,,,,,,,,2.803769180764164,2.385723250480836,,-3.130888220348762,,,,,,,,,0.11548372000000001,2.185566187385057,,0.8961738419288751,,,,,,,263.3684219480821,2.569491139264852,
