period,GDP,CP,IHP,IFP,INP,CG,IG,ING,BF,XGS,MGS,KAISA,GDPV,CPV,IHPV,IFPV,INPV,CGV,IGV,INGV,BFV,XGSV,MGSV,RTRIV,PTRIV,PGDP,PCP,PIHP,PIFP,PCG,PIG,PXGS,PMGS,YWV,YWIV,YOLIV,YIGV,YIEV,YICV,NIV,ENTV,RENTHH,CCAVG,TCIV,TCSTV,SUBV,CSSV,TYPV,YDV,BSSV,TYCV,OITAXV,ITAXV,CCAV,TAXV,YIV,YCV,SDV,OTYDV,TIME,TIME96Q2,TIME70Q1,D202,D203,D204,D954C963,D0703,D091C093,D091,D092,D9203C,D084,D142,D151,D191,D972C,D952,D984,D961,DTCIC2,RTCI,PRTCP,PRTIF,PRTIH,PRTGP,PRTIG,PRTCG,PRTFU,PRTNF,PRTMG,PRTNP,PRTNG,PCPAT,PIFPAT,PIHPAT,PCGAT,PIGAT,CGPI,CGPIAT,PINP,PING,PINPAT,ERRINPV,ERRINGV,PFUEL,FUELV,FUEL,NFMGSV,NFMGS,PNFMGS,PFUELAT,PNFMGSAT,PMGSAT,PGDPAT,FXS,POILD,LF,LE,LW,UR,POP,RLEW,POP65,HH,CUX,LHX,WI,W,M2CD,RCD,RCDX,RGB,RGBX,KFPV,RRFPV,KHPV,RRHPV,KGV,RRKGV,KNPV,RRNPV,RRFP,RKGV,RKG,CCAVGR,CGXRKG,IGVR,ITR,ITREQ,ETT,TT,RTCST,SR,IR,SBGV,OTNGV,BCV,ERRBCV,FASSTV,SBCV,FLIABV,RSBCV,US_RGB,US_WPI,WD_YVI,WD_PX,WD_PI,LANDT,LANDV,PROLA,PLAND,RLAND,SHARETV,PSHARE,RSHARET,SHAREV,RSHARE,REQU,SLRATIO,TINCR,ROR,UREQ,CUXEQ,LHXEQ,WPH,WPHXREQ,ERRPFU,RSBGV,GDPD,GDPVEXCT,CPVEXCT,IFPVEXCT,IHPVEXCT,INPVEXCT,CGVEXCT,IGVEXCT,INGVEXCT,MGSVEXCT,KFP,RFP,RFPV,KFPSTA,KHP,RHPV,KNP,RNPV,KG,GDPPOT,GDPGAP,PIFPATGR,PIFPATSUM,WIPH,PGDPD,YCVAT,INPVA,YLV,YL,NWCV,NWTV,FNWV,KPV,KNGDEQ,MK,PERR,PVDP,UCCDB,UCCDE,UCCPF,UCC,BGV,BGVATGDPV,SBGVATGDPV,BCVATGDPV,SBCVATGDPV
2010Q1,520844.0,294510.3,21275.6,76528.3,-3400.0,95152.0,30306.4,91.5,6390.2,71525.1,65134.8,-10.2,505595.4,284942.2,18858.5,74887.5,-3296.9,95529.8,27102.2,103.5,7468.7,73284.5,65815.8,17298.5,3944.1,0.9707232875870703,0.9675118323535714,0.886390983098009,0.9785595655463404,1.0039704893223473,0.894273156824961,1.024598357779297,1.0104552405165903,254039.1,219672.5326327474,34445.73273179412,-2424.26,20859.894306607785,33284.93,349445.9893066078,74262.3825,2448.69,16208.412263296688,12341.61972673173,758.9244758298526,3264.9675,56319.81309461209,25668.672871057595,292047.8434860661,74542.9377175392,13356.89990084172,22311.66546239488,35412.20966495646,132556.72282975598,74437.78243685578,18435.634306607782,43686.32500000001,4799.745698679821,-8690.532572411175,121.0,56.0,161.0,0.0,0.0,0.0,0.0,0.0,0.0,0.0,0.0,1.0,0.0,0.0,0.0,0.0,1.0,0.0,0.0,0.0,0.0,0.05,0.52,0.18,0.8,0.86,0.45,0.48,0.0,0.0,0.0,0.86,0.45,0.9429939886487051,0.9698310857743712,0.8522990222096241,0.9804399309788548,0.8745947744009399,0.9738403677392392,1.002304147465438,0.9738403677392392,0.894273156824961,0.9336916277461547,14.157250313413442,21.674006150516064,0.9342793129200898,,,,,,0.9342793129200898,,1.0104552405165903,0.9489976341910101,90.7,,6634.0,6301.666666666667,5501.333333333333,5.033333333333333,11098.0,0.872996561756149,3529.0321109177116,11098.0,,101.42710023568758,39.93078028952025,46.17773267086767,769360.527375367,0.079,0.079,1.3399999999999999,1.3399999999999999,,,,,,,,,,,,,,0.7186560685990792,,0.07301670033383609,,,0.011531037772538699,0.16058,1.0,1002549.2,-2131.882074839392,20823.100000000002,0.0,586209.2787437969,266167.825,320041.45374379685,,3.716666666666667,93.27225366028924,85.208202494,93.27225366028924,93.27225366028924,1332403.725,729576.775,1.8262693806282417,1.0554437220359612,691251.2337395303,482891.87500000006,0.5949887890871498,811598.2752227444,111266.2,187005.540340866,0.4,0.5,0.0,2.0,3.0,100.72611777291432,101.36168321127153,45.52800244073214,49.53847341117347,13026.854261561833,,,494279.7237825825,277721.44249512674,74219.52428146682,18133.173076923078,-3160.9779482262707,93290.8203125,26505.819070904647,101.22249388753056,65815.8,,,,,,,,,,,,,,39.36894596881162,,,,279878.4817518695,288319.5297061063,,,1268717.025,,0.11676823000000001,1.4771419606933496,,0.8340620295029798,,,,,-50405.0,-9.969434057350995,198.29080723440126,4.118530350553032,52.64443169380101
2010Q2,528053.7,297236.6,21445.1,77157.0,-386.7,97108.3,28575.1,-24.9,6653.8,74983.7,68329.9,289.3,509982.9,287009.7,19048.0,75395.7,-832.7,96955.5,25597.4,-23.2,6832.4,76342.9,69510.5,17274.0,4254.5,0.9657784804840872,0.965593402696707,0.8882215517763965,0.9771725183716319,0.9984264990737146,0.8957938904850727,1.0181266061824104,1.017277941281928,252704.9,217871.74129479128,34843.96805129848,-2654.5625,19969.40951740511,35121.7075,364085.3820174051,91061.525,2711.7575,16278.699312753452,12755.21958184614,773.405109588834,3061.2875,57007.78405453691,24817.072656659428,291055.9315057445,75773.15746470379,17162.376478755967,22641.48752892026,36170.11222035524,131903.508201222,78149.56135577062,17314.84701740511,58943.92750000001,-6095.314938982367,-10688.386265168085,122.0,57.0,162.0,0.0,0.0,0.0,0.0,0.0,0.0,0.0,0.0,1.0,0.0,0.0,0.0,0.0,1.0,0.0,0.0,0.0,0.0,0.05,0.52,0.18,0.8,0.86,0.45,0.48,0.0,0.0,0.0,0.86,0.45,0.9411241741683304,0.968456410675552,0.8540591844003812,0.9750258780016744,0.8760820444841787,0.9758462181362305,1.0042791310072419,0.9758462181362305,0.8957938904850727,0.9356147824891952,-455.34026744671974,-0.8947321269216886,1.003983071944237,,,,,,1.003983071944237,,1.017277941281928,0.9440397889963241,92.03666666666668,,6623.333333333333,6283.666666666667,5475.0,5.133333333333333,11102.333333333332,0.8713065619861015,3530.410059420202,11102.333333333332,,101.4513667930464,39.79392535064681,46.15614611872146,781125.211180668,0.068,0.068,1.21,1.21,,,,,,,,,,,,,,0.7186560685990792,,0.07301670033383609,,0.4069,0.011126450098745282,0.16058,1.0,1033605.7,1394.703710179514,19851.9,0.0,586893.1543717813,263074.25,323818.9043717813,0.9697313151955913,3.49,94.51181173089014,86.151007499,94.51181173089014,94.51181173089014,1324759.85,724819.8500000001,1.8277091197212658,1.0493887405544453,690706.7152417139,491028.95000000007,0.5947868583934158,825554.4705986322,102251.5,171912.84332709108,0.4,0.5,0.0,2.0,3.0,100.72611777291432,101.35022977587045,45.49583468192866,49.53847341117347,13207.176414009748,20054.128529544658,5.5369362035465155,498503.7035267282,279736.5497076023,74723.19127849357,18315.384615384613,-798.3700862895495,94683.10546875,25034.132029339853,-22.68948655256724,69510.5,,,,,,,,,,,,,,39.22463206614416,-2.037576378856382,,,281774.9082535075,291759.35677534516,,,1296679.95,,0.11664752,1.4792533622634745,,0.8401062751654284,,,,,-44009.485881821376,-8.629600302641789,202.67457987316826,3.8926599303623712,51.5849158863954
2010Q3,537192.1,301911.6,21689.2,77836.5,2432.0,97468.0,28164.3,-144.7,7437.3,77043.0,69605.7,397.8,515396.2,288475.0,19326.6,75753.5,2248.0,97344.4,25339.5,-133.5,7042.8,76292.5,69249.7,17810.2,4065.0,0.9594262462162046,0.9554949197049734,0.8910702100584622,0.9732387761525763,0.9987318914925923,0.8997028152661348,0.9902586867074231,0.9948854763331164,252476.6,217717.76687586537,34949.801206164084,-2626.8875,19650.660266597966,35730.805,361241.79276659794,88834.67,2612.24,16249.718951428937,12857.060839744545,771.8467195526267,2825.5025,57343.86317367157,25025.60380832839,289971.92853112763,76005.1228294708,16889.96595235561,23083.372455072884,36712.28001437006,131271.9180319531,78627.84977505406,17023.772766597966,56010.615,2740.911687078944,-11521.792582941183,123.0,58.0,163.0,0.0,0.0,0.0,0.0,0.0,0.0,0.0,0.0,1.0,0.0,0.0,0.0,0.0,1.0,0.0,0.0,0.0,0.0,0.05,0.52,0.18,0.8,0.86,0.45,0.48,0.0,0.0,0.0,0.86,0.45,0.9312815981529955,0.9645577563454671,0.8567982789023675,0.9753241127857347,0.8799049538055108,0.9731717509402424,1.000987491770902,0.9731717509402424,0.8997028152661348,0.9330505761651414,-118.75369828666953,-3.3130026309902973,0.9138660692058752,,,,,,0.9138660692058752,,0.9948854763331164,0.9377244061084212,85.80666666666667,,6642.0,6308.333333333333,5511.333333333333,5.066666666666666,11107.666666666668,0.8736591809775429,3532.1059960386533,11107.666666666668,,101.79523419027927,39.503647068319594,45.81043909519778,782759.2443610597,0.05833333333333333,0.05833333333333333,0.9900000000000001,0.9900000000000001,,,,,,,,,,,,,,0.7186560685990792,,0.07301670033383609,,0.4069,0.011145849289637742,0.16058,1.0,1039138.7,1394.703710179514,20788.0,0.0,587577.8278136046,259980.67500000002,327597.15281360457,0.9684857982109614,2.7866666666666666,94.404024072577,86.873964145,94.404024072577,94.404024072577,1317115.975,720062.925,1.8291678814042536,1.0433337590729297,690155.8765239448,499166.025,0.5408971415528793,922848.3322483975,99970.7,184823.86450220618,0.4,0.5,0.0,2.0,3.0,100.72611777291432,101.51194201038815,45.00253814394422,49.53847341117347,13435.73737465028,-5316.040667350773,6.922326270983444,503738.1429386356,281164.71734892786,75077.79980178396,18583.26923076923,2155.321188878236,95062.89062499999,24781.90709046455,-130.56234718826406,69249.7,,,,,,,,,,,,,,38.80697105571561,-2.630928063213239,,,281843.0608474708,293762.09162403725,,,1299119.375,,0.11653087000000002,1.4571309674156783,,0.850501126808452,,,,,-43396.16266940309,-8.419961705073318,201.61939494315243,4.033401876071263,50.44287773173337
2010Q4,532541.3,297318.1,22350.5,77208.7,2561.7,97984.8,27519.3,-56.2,7211.9,77323.9,70112.0,442.4,510302.6,285352.2,19903.0,74900.0,2476.6,97120.9,24742.2,-46.4,5854.1,76092.1,70238.1,18271.2,4277.1,0.9582404219165723,0.9597538797671585,0.8904946198071632,0.970097929378425,0.9911833263934814,0.8990853691772683,0.9840696084910359,1.0017985508900047,251210.5,216069.47742149484,34865.044812343425,-2873.605,19539.38335007093,35600.052500000005,364597.2383500709,93818.3275,2620.8875,16247.964269515856,12654.77912399241,783.0439437696563,4520.895,57345.2467449793,24710.846477125648,289106.9459496466,76039.55029048647,16617.137408611146,22131.116930873268,35568.93999863534,130658.3062529064,76896.92388437214,16665.778350070927,61120.9075,-2006.7896016126035,-11226.44696880586,124.0,59.0,164.0,0.0,0.0,0.0,0.0,0.0,0.0,0.0,0.0,1.0,0.0,0.0,0.0,0.0,1.0,0.0,0.0,0.0,0.0,0.05,0.52,0.18,0.8,0.86,0.45,0.48,0.0,0.0,0.0,0.86,0.45,0.9354326313520064,0.9614449250529485,0.8562448267376569,0.9679524671811341,0.8793010945498957,0.9728374425407438,1.000658327847268,0.9728374425407438,0.8990853691772683,0.9327300503746345,-15.517676556623428,4.128597747762484,0.9248195170525269,,,,,,0.9248195170525269,,1.0017985508900047,0.9364831659163368,82.53666666666668,,6628.333333333333,6300.0,5511.333333333333,5.0,11110.333333333332,0.8748148148148147,3532.9539643478774,11110.333333333332,,101.16955649981088,39.20457434767658,45.58071247127132,783770.188912248,0.043333333333333335,0.043333333333333335,1.0733333333333333,1.0733333333333333,745676.5000000002,,407448.7,,678979.7000000001,,65062.7,,,,,,,0.7186560685990792,0.06631907982839952,0.07301670033383609,,0.4069,0.011148421494454665,0.16412,1.0,1051188.5,1394.703710179514,19848.200000000004,0.0,588263.2999999999,256887.1,331376.19999999995,0.9690145238679759,2.8633333333333333,96.03880355699272,87.347091,96.03880355699272,96.03880355699272,1309472.1,715306.0,1.830646045189052,1.0372787775914138,689598.6069058095,507303.1,0.5524114874934548,918342.7779568228,113686.3,205800.02873554835,0.4,0.5,0.0,2.0,3.0,100.72611777291432,101.52227202261227,45.053783023509176,49.53847341117347,13319.41599281681,436.9890345170934,-3.463044225706171,498715.96260520176,278121.05263157893,74231.91278493559,19137.5,2374.4966442953023,94844.62890625,24197.750611246945,-45.37897310513448,70238.1,768661.0572169562,,,,457553.24168969505,,66879.31318728522,,755189.3549567137,,,,,38.75135535238791,-0.4943889347655382,,,280794.00956838153,293030.85441414244,2544516.6,3532299.5000000005,1308075.6,1218187.9000000001,0.11641828000000001,1.4717547520018597,,0.8465388601032966,,,,,-46451.24386193181,-9.10268610466257,205.99316954293397,3.889496153850677,50.34015111817969
2011Q1,524866.3,291093.6,23188.2,77800.9,945.9,98672.4,27185.9,-56.7,5708.7,76625.2,70916.5,327.5,501580.4,279390.6,20858.2,75381.7,1046.2,98422.5,24427.2,-21.2,2075.2,75772.5,73697.3,18915.1,4236.1,0.9556346063749949,0.9597964366100801,0.8995178582209917,0.96890524402674,0.9974673768956669,0.8985246028272008,0.9888718071861476,1.0392123130724162,252665.5,217570.55887024663,35220.78082223345,-2970.1725,20123.58055576578,33918.6325,360681.3005557658,87815.37749999999,2759.3925,16353.176433206883,12447.117203872214,817.4720143961283,3687.6625,58036.779872938656,24838.00159824196,287600.81086897064,75979.09879328743,15698.7530172255,22622.67787526625,35887.2670935346,130056.1725014505,76424.02170900206,17153.40805576578,56943.75999999999,-6677.677650750906,-12211.219508901935,125.0,60.0,165.0,0.0,0.0,0.0,0.0,0.0,0.0,0.0,0.0,1.0,0.0,0.0,0.0,0.0,1.0,0.0,0.0,0.0,0.0,0.05,0.52,0.18,0.8,0.86,0.45,0.48,0.0,0.0,0.0,0.86,0.45,0.9354741097564133,0.9602628781236275,0.8649210175201844,0.9740892352496747,0.8787526678016634,0.9821980777267029,1.0108624094799212,0.9821980777267029,0.8985246028272008,0.9417047725088236,117.13883827831182,29.746344980302286,1.0662185710729404,19229.842320607968,18035.55372446467,54467.457679392035,52880.94627553533,1.0300015698582663,1.0662185710729404,1.0300015698582663,1.0392123130724162,0.9338354232177467,82.32333333333332,97.03004649105198,6625.0,6311.666666666667,5532.666666666667,4.733333333333333,11116.666666666668,0.8765777660417217,3534.967889082288,11116.666666666668,,101.20393478476942,39.3247184366032,45.66794192071334,788009.2015541517,0.04666666666666667,0.04666666666666667,1.2466666666666668,1.2466666666666668,743557.2987173756,0.026918554686567397,410650.343256998,0.01492190786742248,679296.8101900904,0.00790826892649793,65981.72997327302,-0.00047872929913361784,0.026918554686567397,21478.21625293155,23888.96203770478,0.6862875832920343,82277.70197578843,0.7186560685990792,0.06681997761626352,0.07301670033383609,0.28574128539370414,0.4069,0.011092292585971648,0.16412,1.0,1048261.2,1394.703710179514,16754.199999999997,0.0,593795.422156394,259365.225,334430.197156394,0.9933417248277551,3.4600000000000004,99.11075181891673,87.604071456,99.11075181891673,99.11075181891673,1302085.7000000002,710288.2,1.8331794052048171,1.0314277510878318,688645.6169623799,492267.675,0.5921639075737437,831303.0711664854,112884.2,190629.99037296482,0.4,0.5,0.0,2.0,3.0,100.72611777291432,101.46309547562473,45.12467031823953,49.53847341117347,13127.456199754997,-14528.676896710973,-5.764811104791309,490138.7433932329,272310.52631578944,74709.31615460853,20055.96153846154,1003.0680728667307,96115.72265625,23889.68215158924,-20.73349633251834,73697.3,767420.037512827,82764.97881651738,80290.13457495272,,456522.72437276086,24319.647848404245,67177.62075648499,-124.58968308296335,756013.5894472875,525465.539068593,-0.11403965132615011,-0.9865849621744999,,38.85690662150157,-1.0877502063065054,41609.00035329363,2526.816335368258,279688.4498221068,292673.0027944969,2541449.168256998,3512630.1432569977,1307626.425,1220189.3719476468,0.11630975000000002,1.5013522520957274,11.83079792401294,0.8383941767167554,,,,,-46405.507586843705,-9.251858243831638,208.99165916371533,3.340282036538907,51.7096012922355
2011Q2,521537.1,294502.8,22638.8,77129.8,117.7,98926.1,27885.6,-11.5,282.3,70898.4,70616.1,65.6,494311.0,281924.6,20301.0,74536.5,147.5,98482.3,25015.8,12.2,-6109.0,69782.5,75891.5,18682.5,4054.2,0.9477964271381653,0.9572900495343337,0.8967348092655087,0.966377457221463,0.995513822944602,0.8970866683879852,0.9842605756970539,1.0747053433990266,253188.1,217486.7511905977,35859.044454966745,-3340.67,20899.0460743774,32713.82,347369.7035743774,73606.665,2730.7875,16253.100904577575,12416.002788584648,847.7468544049677,3793.8825,58875.20011909444,25309.954894580023,287744.4459678786,76365.12940960491,17312.17021779072,22544.148005935665,35807.89764892528,129470.36675883929,78430.02276129603,17558.376074377396,43909.4075,85.21451785805402,-11236.49450242921,126.0,61.0,166.0,0.0,0.0,0.0,0.0,0.0,0.0,0.0,0.0,1.0,0.0,0.0,0.0,0.0,1.0,0.0,0.0,0.0,0.0,0.05,0.52,0.18,0.8,0.86,0.45,0.48,0.0,0.0,0.0,0.86,0.45,0.9330312373628984,0.9577576384751864,0.862245008909143,0.9721814677193379,0.8773463749515749,0.9925616381111573,1.021724818959842,0.9925616381111573,0.8970866683879852,0.9516410720145324,30.67549519431678,22.516496686461828,1.2524271844660197,22268.528884143758,17780.298256331833,53622.97111585624,52835.80174366817,1.0148984087722754,1.2524271844660197,1.0148984087722754,1.0747053433990266,0.9258324307009737,81.68666666666667,115.19676056268652,6593.333333333333,6284.666666666667,5511.666666666667,4.666666666666667,11118.666666666666,0.8770022276440013,3535.6038653142064,11118.666666666666,,100.80042457177811,39.45934403216166,45.9367583912912,802616.0739921144,0.04133333333333333,0.04133333333333333,1.16,1.16,740288.2802752727,0.026918554686567397,408346.3402363262,0.01492190786742248,679100.1974205634,0.00790826892649793,66746.72498082949,-0.00047872929913361784,0.026918554686567397,21488.24742358182,23915.03510974459,0.6826811542818915,82599.7562265876,0.7260586023212622,0.0681332280713047,0.07301670033383609,0.2971801375138251,0.4069,0.011170511248360722,0.16412,1.0,1076207.4,964.6541510317256,8519.3,0.0,599379.5692743212,261843.35000000003,337536.21927432116,1.0013428939827997,3.2099999999999995,102.97314290847032,87.914906353,102.97314290847032,102.97314290847032,1294699.3,705270.4,1.835748813504721,1.0255767245842498,687681.7531968696,477232.25,0.5376877324418309,887563.9543285077,110796.7,206061.42434537766,0.4,0.5,0.0,2.0,3.0,100.72611777291432,101.48270368145484,45.571988993538895,49.53847341117347,13044.189418900092,16540.71481061161,-2.5371794683713316,482855.96099373675,274780.3118908382,73871.65510406344,19520.192307692305,141.4189837008629,96174.12109375,24465.330073349636,11.931540342298288,75891.5,766044.6492654703,82631.35298942654,80061.95123248002,,455370.2343402858,24510.74635122536,67246.9319969371,-126.34954938291446,757006.2306698512,524750.5757286372,-0.6123815536886549,-1.1047241860790253,-1.0456545741267627,39.14600975124207,-3.2808268702457934,38300.99246247286,2810.0247956679063,278081.89439593046,293398.33579620894,2562464.1902363263,3518328.640236326,1338050.75,1215381.3454924284,0.11620528000000002,1.538943392506716,12.460049187174198,0.8424502763897015,12.715312196719166,,,,-45621.94075755337,-9.229400267757216,217.71868317719006,1.7234696375358831,52.971378342784206
2011Q3,534080.6,297439.5,23463.0,78367.5,3337.6,99354.8,27095.8,41.3,4528.4,77497.3,72968.9,452.9,504590.9,284060.8,21011.1,75865.8,2981.1,98758.6,24399.5,84.7,-2570.7,76129.0,78699.7,18636.8,4070.7,0.9447841767703228,0.9550204327266553,0.8954992967651195,0.9680773279739688,0.9939992833763442,0.9004901128588195,0.9823439010133256,1.0785375687450407,251982.0,216319.11076812533,35809.36115728024,-3475.7175,20907.99764271058,33467.3,353616.0901427106,81068.6325,2861.9,16276.223403580276,12662.355554024887,863.0786656043481,3085.7625,58932.09175289099,25365.17625498607,288136.6203522181,76538.0693912934,17341.491263326625,22736.033815156523,36261.46803478576,128895.91557115914,78968.13555309846,17432.28014271058,50734.51000000001,3469.2887513444875,-10461.4786739088,127.0,62.0,167.0,0.0,0.0,0.0,0.0,0.0,0.0,0.0,0.0,1.0,0.0,0.0,0.0,0.0,1.0,0.0,0.0,0.0,0.0,0.05,0.52,0.18,0.8,0.86,0.45,0.48,0.0,0.0,0.0,0.86,0.45,0.930819135211165,0.9594423468522982,0.8610570161203072,0.9707024251722112,0.8806749270012905,0.993564563309653,1.022712310730744,0.993564563309653,0.9004901128588195,0.9526026493860529,-335.0210865022982,47.50975833893076,1.21882001493652,23391.132676798738,19191.621724407785,55308.56732320126,53777.27827559221,1.0284746475967352,1.21882001493652,1.0284746475967352,1.0785375687450407,0.9229530669085734,77.77,113.83037651551415,6577.0,6283.333333333333,5487.333333333333,4.466666666666667,11107.666666666668,0.873315649867374,3532.1059960386533,11107.666666666668,,101.68416540352906,39.42153640531989,45.920665775725915,804471.9066248696,0.042,0.042,1.0433333333333332,1.0433333333333332,740594.3638933143,0.026918554686567397,406951.5884508872,0.01492190786742248,682385.6190106905,0.00790826892649793,67591.42952356805,-0.00047872929913361784,0.026918554686567397,21482.027956958606,23946.435404686832,0.6837962207476284,82980.31796989794,0.7260586023212622,0.06827763136816105,0.07301670033383609,0.318214848268961,0.4069,0.010966733870705328,0.16412,1.0,1092467.4,964.6541510317256,11995.399999999998,0.0,605016.2306048383,264321.47500000003,340694.7556048383,0.9980113109613057,2.4266666666666663,103.09889517650228,88.400660051,103.09889517650228,103.09889517650228,1287312.9,700252.6000000001,1.8383550450223245,1.0197256980806677,686706.8284324096,462196.825,0.5142422899799949,898791.9391421123,101364.4,197114.0879991478,0.4,0.5,0.0,2.0,3.0,100.72611777291432,101.3518171119556,45.160095078217736,49.53847341117347,13357.915498935383,5151.872150492607,9.62040859605194,492931.327746371,276862.3781676413,75189.09811694748,20202.980769230766,2858.197507190796,96443.94531250001,23862.591687041564,82.8361858190709,78699.7,765015.7094818654,82483.25913441963,79709.96222565944,,454440.9916578935,24373.22586802245,68029.22730900839,-127.81445147814736,757793.5718186793,524258.0608250172,1.8736076579395209,-0.5303372928698703,-0.8175307394744478,38.76860890668403,-1.271264706889789,36255.3887246799,272.21845831906086,277690.10138341633,293919.08566110843,2565357.4634508872,3513250.1884508873,1356788.875,1215137.3818677696,0.11610487000000003,1.5062743462782013,12.748362140311896,0.8479617665276938,12.446299197462519,,,,-44432.51139802957,-8.805650557318726,216.5055691650404,2.377252542604315,52.383321815752126
2011Q4,534232.5,300593.3,23087.8,83518.3,-264.1,99697.8,26244.1,-14.6,1184.7,75543.2,74358.5,185.3,505190.5,287462.0,20662.9,80722.2,-177.3,98957.5,23601.1,15.0,-6053.1,72634.7,78687.8,17841.9,4086.6,0.9456379011011123,0.9563153935899437,0.894970503902494,0.9665211097448103,0.9925745603212909,0.8992916503137848,0.9614988509885735,1.0582219921058118,253309.6,217074.86835399308,36079.30685681628,-3573.2975,20263.05445402387,32222.3025,354149.4244540239,81034.42499999999,2855.425,16301.041481795392,12890.341585651282,884.2297226413043,4159.315,59548.873759172224,25152.470954029963,287700.3900299453,76909.38163535969,17415.93066152245,22871.437805002137,36646.00911329473,128366.2325607078,79214.41072884714,16689.75695402387,51927.76499999999,3943.548871973646,-10302.603846236132,128.0,63.0,168.0,0.0,0.0,0.0,0.0,0.0,0.0,0.0,0.0,1.0,0.0,0.0,0.0,0.0,1.0,0.0,0.0,0.0,0.0,0.05,0.52,0.18,0.8,0.86,0.45,0.48,0.0,0.0,0.0,0.86,0.45,0.9320812803020894,0.9579000096578895,0.8605485614447057,0.9693110940637606,0.8795028364926991,0.9832010029251985,1.0125082290980911,0.9832010029251985,0.8992916503137848,0.9426663498803438,82.36338487254494,28.12965809458126,1.1966641772467017,23620.493929597204,19738.61537657415,55067.3060704028,54619.88462342585,1.0081915487383701,1.1966641772467017,1.0081915487383701,1.0582219921058118,0.9238660412219207,77.34333333333333,111.42800925577347,6587.333333333333,6293.333333333333,5516.0,4.466666666666667,11111.0,0.8764830508474577,3533.165956425184,11111.0,,101.27005572806287,39.35367446591608,45.92269760696157,807216.8465322314,0.041666666666666664,0.041666666666666664,1.0333333333333334,1.0333333333333334,739680.7000000004,0.026918554686567397,405808.09999999986,0.01492190786742248,681988.3999999999,0.00790826892649793,66874.10000000003,-0.00047872929913361784,0.026918554686567397,21585.955946845195,23971.341426854156,0.6851093189354488,83274.81060107885,0.7260586023212622,0.06764868386141222,0.07301670033383609,0.32750780908109467,0.4069,0.011237189534353537,0.16766,1.0,1098680.4,964.6541510317256,7702.200000000001,0.0,610705.9000000004,266799.60000000003,343906.30000000034,1.0020905414514656,2.0466666666666664,102.4701338363424,88.828733536,102.4701338363424,102.4701338363424,1279926.5,695234.8,1.8409988970632654,1.0138746715770857,685720.6511713719,447161.4,0.47539426162376985,940611.6903318587,104063.9,218900.20221227838,0.4,0.5,0.0,2.0,3.0,100.72611777291432,101.31998406998461,45.34676837768933,49.53847341117347,13361.71467711989,-4963.573923439384,0.1137656001734744,493559.26486708975,280177.38791423006,80002.18037661051,19868.173076923074,-169.99041227229148,96638.18359375,23081.760391198044,14.66992665036675,78687.8,765302.1672700947,82372.468847083,79742.9195401031,1383863.5413084654,453431.81504919427,24289.976437461475,68016.71255525335,-129.43199073302821,758361.7614619657,525436.4306228964,1.6740501542072346,-0.3687070681520164,-0.4495221805109434,38.86012916946664,0.3614473450255944,34215.63645316387,-2845.647306584461,277739.93942215753,293706.4378434428,2570586.8,3498376.0,1365480.0,1212362.9000000004,0.11600852000000002,1.5109841623866602,13.068919545369196,0.8484369446103968,12.060118214307105,17.803393781119606,14.357428441032106,0.15540595498068885,-44706.295693757536,-8.849393583956456,217.47843635222753,1.5246129925246024,52.81168192988586
2012Q1,542251.3,301308.9,22990.8,82956.4,3761.3,100734.7,27768.5,2.7,2322.7,77864.8,75542.1,405.3,512057.5,288071.0,20445.9,80221.2,3897.2,100135.9,24921.7,15.6,-5651.0,74498.1,80149.1,17879.9,4167.7,0.944317699192238,0.9560653535292186,0.8893078970718723,0.9670284631444952,0.9940556729706843,0.8974809586401858,0.9567622340261582,1.0609858608643392,254376.4,218037.54323182747,36499.98696422833,-3614.3775,20173.157361492656,34729.912500000006,365202.6748614927,91290.2575,2736.8975,16230.63298786852,13219.860608826091,896.1563592578731,2672.2249999999995,60235.53530993835,24496.443329791644,291281.47755906475,77156.30171919195,18567.173482144382,22649.310509143663,36765.32747722764,127799.63771126982,79828.94428916366,16558.779861492658,59537.58249999998,-1325.7150499901036,-10422.315381889814,129.0,64.0,169.0,0.0,0.0,0.0,0.0,0.0,0.0,0.0,0.0,1.0,0.0,0.0,0.0,0.0,1.0,0.0,0.0,0.0,0.0,0.05,0.52,0.18,0.8,0.86,0.45,0.48,0.0,0.0,0.0,0.86,0.45,0.9318375765391994,0.958402837606041,0.8551037471844926,0.9707574931354339,0.8777319888901574,0.9848725449226912,1.0141540487162608,0.9848725449226912,0.8974809586401858,0.9442689788328775,192.7988967822812,13.176801411671498,1.2551655464276827,23439.751772457985,18674.62968464175,56709.348227542025,56867.47031535825,0.9972194633075928,1.2551655464276827,0.9972194633075928,1.0609858608643392,0.9224490104451114,79.26,115.96460686620061,6573.666666666667,6277.0,5506.333333333333,4.5,11111.0,0.877223726833413,3533.165956425184,11111.0,,102.80563988652978,39.59759245084342,46.19705793328894,811460.3815916051,0.04133333333333333,0.04133333333333333,0.9733333333333333,0.9733333333333333,740050.7827394778,0.027123817503225067,402382.7625828453,0.014803092482607527,680771.1632393972,0.00892501676504004,68297.74682150186,-0.005010674571391482,0.027123817503225067,24347.031614251326,27073.565740053356,0.6030860609323065,84407.00988243936,0.7260586023212622,0.06563985312313794,0.07301670033383609,0.3649290344568203,0.4069,0.011181115686362954,0.16766,1.0,1098934.8,964.6541510317256,8061.200000000002,0.0,631391.3954421342,275241.325,356150.0704421342,1.0240870863374607,2.0366666666666666,103.74562112638101,89.324294536,103.74562112638101,103.74562112638101,1274909.275,692327.2000000001,1.841483730525104,1.0099003516851985,685540.1117988809,470633.075,0.5142981431506023,915097.7526710304,116940.0,227377.8382391639,0.4,0.5,0.0,2.0,3.0,100.72611777291432,101.25538450761115,44.93630698109391,49.53847341117347,13562.273268468954,-10849.01303766474,6.003977668898876,500199.1750975753,280770.955165692,79505.64915758176,19659.51923076923,3736.529242569511,97788.96484374999,24373.300733496333,15.256723716381419,80149.1,765283.3509502378,83031.66527942668,80251.85726983112,1445224.581241255,452467.32195646456,24028.859337964965,69346.7872300806,-1340.3374094187652,758535.4950269525,525733.3242691603,3.1418924706365083,-0.19370117912098692,-0.28120412363650166,38.51694566032436,-0.5584386612834051,32723.50248273627,458.890938265204,281530.63557946193,298131.2706732925,2585826.0875828452,3522101.2375828456,1374176.125,1210731.292143825,0.11591623000000001,1.4964655346913969,14.382111916298964,0.8512972457917427,11.954476541174994,16.900272988074544,13.932795119934815,0.15104135797394147,-44413.652150659516,-8.673567353404552,214.6116012361893,1.5742763263891264,53.75203468360487
2012Q2,537320.2,302045.2,23346.0,82713.2,697.5,100610.7,28092.7,45.6,-49.7,77154.1,77203.8,-180.8,504919.7,287897.5,20723.7,79850.5,507.5,99055.3,25142.4,62.2,-8319.3,73403.7,81723.0,18188.5,4561.9,0.9396998288915995,0.9531603217001958,0.8876766897969673,0.9653900465705595,0.9845404117057133,0.894979834618958,0.9513907880462605,1.058535978798971,252389.7,215700.21036955388,36332.51684565626,-3590.4,20908.532796197946,34221.1225,359739.280296198,86910.8275,2865.5425,16183.903286703198,12565.510630613811,892.9928176389122,3347.9975000000004,60548.8047526446,26097.42449359493,286151.12992305664,76689.07522117185,18175.06221446415,22425.118437562443,35883.62188581517,127565.32641635086,80156.10859387425,17318.132796197944,55810.325,-1293.9310983640023,-11411.0713480736,130.0,65.0,170.0,0.0,0.0,0.0,0.0,0.0,0.0,0.0,0.0,1.0,0.0,0.0,0.0,0.0,1.0,0.0,0.0,0.0,0.0,0.05,0.52,0.18,0.8,0.86,0.45,0.48,0.0,0.0,0.0,0.86,0.45,0.9290061615011656,0.9567790352532801,0.8535352786509302,0.9614652458063606,0.8752859018278318,0.9825323861262012,1.011520737327189,0.9825323861262012,0.894979834618958,0.94202529829933,-177.81633932302532,21.388919541375515,1.323624595469256,25794.090997206906,19487.46728150839,55928.909002793094,57716.33271849161,0.9690308855135238,1.323624595469256,0.9690308855135238,1.058535978798971,0.9179213554664954,80.13,123.63039438540599,6564.333333333333,6273.333333333333,5503.666666666667,4.3999999999999995,11105.666666666666,0.8773113708820405,3531.4700198067335,11105.666666666666,,101.61524213262926,39.19209200585438,45.858464054266854,821440.5194632341,0.03833333333333334,0.03833333333333334,0.85,0.85,738720.5617173188,0.027123817503225067,400880.03603636567,0.014803092482607527,679100.6103113474,0.00892501676504004,68603.74396587211,-0.005010674571391482,0.027123817503225067,24303.576180269716,27079.768039973984,0.6070224979206145,84172.67156126417,0.7144259117282756,0.06988916204374104,0.07301670033383609,0.35272673869297727,0.3801,0.010927068483033079,0.16766,1.0,1121780.2,1832.0707653634672,5307.300000000001,0.0,652777.5386456316,283683.05000000005,369094.4886456316,1.0258496793677332,1.8233333333333333,104.19473636935237,89.396103664,104.19473636935237,104.19473636935237,1269892.05,689419.6000000001,1.8419726535189889,1.0059260317933116,685358.1458379593,494104.75,0.4932157194452277,1001802.5186946035,107783.7,218532.57256527795,0.4,0.5,0.0,2.0,3.0,100.72611777291432,101.21835409559527,45.12951314371904,49.53847341117347,13438.941289893433,12364.333158594074,-3.6375016528315136,493217.6863035284,280601.85185185185,79138.25569871161,19926.634615384617,486.57718120805373,96733.69140625,24589.144254278734,60.831295843520785,81723.0,765204.245000807,83029.62379772316,80292.00949657784,1452068.5539798008,451605.9063441853,23826.036991683864,69823.39201698366,-1368.8711331273312,758788.7280169589,526237.5964092795,2.106007565088716,-0.10217649879193229,-0.1479388389564596,38.56910753083721,-1.9560663978186652,35278.04045622855,-655.0104450369953,276653.6684749323,294406.4263598436,2603546.586036366,3570340.0860363655,1405463.25,1208204.3417195566,0.11582800000000001,1.52877282384551,14.006014608806394,0.8572268289418816,11.631100838852616,16.737291237784238,13.673576998425265,0.1489624020292701,-41924.26736562333,-8.303155405824596,222.17002030223813,1.051117633160283,56.1837951658452
2012Q3,535247.9,302514.4,23862.2,82136.1,1037.7,100933.9,27588.7,75.6,-2695.1,74305.3,77000.3,-205.6,502661.3,286085.6,21110.2,78887.5,1011.6,99675.1,24658.1,84.1,-8850.8,71028.9,79879.7,17999.5,4024.6,0.9391186775324106,0.9456925025717783,0.8846711535399083,0.960448572552142,0.9875284716036932,0.8937753500527389,0.9559062408738003,1.0373946595013266,253113.2,216662.388512383,36549.71999197037,-3569.325,20800.47968174843,34267.08500000001,357003.3971817484,83718.59999999999,2716.8025,16207.719717212656,12600.280661150233,895.7581872232556,3480.8100000000004,61073.65028919613,26026.429165033,287237.25522341294,76758.21676707758,18826.831265469234,22115.36249726224,35611.40134563573,127580.57448253404,80464.66177613797,17231.15468174843,52391.95749999998,-78.36300991813187,-10601.646771183994,131.0,66.0,171.0,0.0,0.0,0.0,0.0,0.0,0.0,0.0,0.0,1.0,0.0,0.0,0.0,0.0,1.0,0.0,0.0,0.0,0.0,0.05,0.52,0.18,0.8,0.86,0.45,0.48,0.0,0.0,0.0,0.86,0.45,0.9217275853526103,0.9518816378118355,0.8506453399422195,0.9643832730504815,0.8741079218119696,0.9755119097367321,1.0039499670836078,0.9755119097367321,0.8937753500527389,0.9352942566986885,-0.6887087338069477,16.53058353601294,1.1944236992780684,24239.580618681524,20293.954844777756,55640.11938131847,56706.34515522225,0.9811974167796356,1.1944236992780684,0.9811974167796356,1.0373946595013266,0.9172829861801077,78.60333333333334,106.25503022160825,6562.0,6282.0,5519.333333333333,4.233333333333333,11109.0,0.878594927305529,3532.529980193265,11109.0,,100.87133000574933,39.25517366452163,45.85937915207151,823540.9311326458,0.03966666666666666,0.03966666666666666,0.7833333333333333,0.7833333333333333,734726.8396994529,0.027123817503225067,398886.09636584716,0.014803092482607527,678298.3586801835,0.00892501676504004,68707.74532619561,-0.005010674571391482,0.027123817503225067,24243.937328710792,27088.808474699057,0.6058741025477506,84521.4924763038,0.7144259117282756,0.06961032709037861,0.07301670033383609,0.34543031063182994,0.3801,0.011213840152419897,0.16766,1.0,1131668.0,1832.0707653634672,5124.1,0.0,674888.061567356,292124.775,382763.286567356,1.0252419028912723,1.6433333333333333,104.21270097907123,89.518564557,104.21270097907123,104.21270097907123,1264874.8250000002,686512.0,1.8424657180063861,1.0019517119014247,685174.7363125832,517576.425,0.48063371866650567,1076862.4940338975,103256.9,214834.90647822447,0.4,0.5,0.0,2.0,3.0,100.72611777291432,101.13122560627964,45.463244263218975,49.53847341117347,13387.110895214348,-492.63369828853865,-1.5426927928634957,490973.7920586317,278835.8674463937,78183.84539147672,20298.26923076923,969.8945349952062,97338.96484375,24115.501222493887,82.24938875305624,79879.7,764983.009706712,83021.04117638004,80147.68680760186,1433994.2823877307,450886.29234688054,23737.05699150944,70432.50281253688,-1375.004141568189,758913.7008982842,526905.0192328073,1.583374699929833,-0.7880316170395828,-0.4451040579157575,38.91608612901626,-0.2473774459975739,35946.94308333552,-1978.5365511148066,277038.4223128485,294998.30952226743,2612447.771365847,3605130.121365847,1423792.775,1202320.6813914955,0.11574383000000002,1.5386159032714481,14.398343241596553,0.8604603313256496,11.821073347818452,16.725711767942148,13.78292871586793,0.1502581964728785,-41521.73479315434,-8.260380258666093,225.13529487947451,1.0193941725770417,58.11562875439188
2012Q4,534934.8,304055.0,24346.6,82042.0,-729.7,101655.4,26996.8,8.9,-3280.6,71807.7,75088.3,-159.5,502480.2,288418.1,21611.6,78776.5,-800.9,100186.8,24204.1,16.8,-9932.9,69661.6,79594.5,18840.0,4617.4,0.939329802435736,0.9485721333311407,0.8876639859364347,0.9601972160600668,0.9855531531035243,0.8965544064481716,0.9701132329819784,1.0600120125239219,252015.0,215585.68401921997,36557.73462967409,-3502.3275000000003,21758.675387324576,34621.967500000006,353185.4403873246,79926.72750000001,2730.3925000000004,16307.36540829175,12987.58891556344,887.8908167836219,3076.5475,61049.14059601783,25279.46441980909,288162.1616974635,77253.25544074639,19116.327993438987,22337.37609822064,36212.8558305677,127867.31241866176,80608.64824381578,18256.347887324577,48292.12500000001,2513.738863445935,-11158.131614780576,132.0,67.0,172.0,0.0,0.0,0.0,0.0,0.0,0.0,0.0,0.0,1.0,0.0,0.0,0.0,0.0,1.0,0.0,0.0,0.0,0.0,0.05,0.52,0.18,0.8,0.86,0.45,0.48,0.0,0.0,0.0,0.86,0.45,0.9245342430128076,0.9516325233499177,0.853523063400418,0.9624542510776605,0.876825825377185,0.9745089845382365,1.002633311389072,0.9745089845382365,0.8965544064481716,0.9343326793271683,-89.80079398244868,8.820665782611272,1.243963156584516,22342.69834581658,17960.900391263796,57251.80165418342,57127.3996087362,1.0021776248577607,1.243963156584516,1.0021776248577607,1.0600120125239219,0.9174749742931897,81.16333333333334,112.9668073558221,6558.666666666667,6285.0,5521.0,4.166666666666667,11104.333333333334,0.8784407319013524,3531.0460356521216,11104.333333333334,,101.69839394558599,39.04830357167542,45.64662198877015,825914.0278258057,0.037,0.037,0.7600000000000001,0.7600000000000001,734305.2999999997,0.027123817503225067,399713.7000000002,0.014803092482607527,680385.7999999997,0.00892501676504004,68780.80000000005,-0.005010674571391482,0.027123817503225067,24215.296891679118,27093.27001494307,0.6107202576291026,85108.99115645912,0.7144259117282756,0.06751818248557617,0.07301670033383609,0.34809549305810766,0.3801,0.011155178018375915,0.1712,1.0,1142220.2,1832.0707653634672,4289.700000000001,0.0,697747.4999999994,300566.5,397180.9999999994,1.0252265491689296,1.7066666666666668,104.10491332075809,89.56995258,104.10491332075809,104.10491332075809,1259857.6,683604.4,1.8429629768328,0.9979773920095376,684989.8659763095,541048.1,0.4943693022381548,1094420.9066997417,121291.8,245346.54447773448,0.4,0.5,0.0,2.0,3.0,100.72611777291432,101.09699731261016,44.88430959213918,49.53847341117347,13379.279936099345,173.76459066996904,-0.23398503758723888,490789.2918785326,281109.2592592592,78073.83548067395,20780.384615384613,-767.8811121764143,97838.671875,23671.49144254279,16.43031784841076,79594.5,764744.2501583591,82997.03819341082,79714.38685891703,1425658.7357306061,450298.4308621298,23618.991098119735,70579.95471698118,-1377.0886094544412,758889.5833945485,527650.4807868231,1.3805197717842903,-0.6542944195407424,-0.7211630182901626,38.3961850887914,0.08992469572862272,35208.05698115644,-285.11378529582197,277561.61792491947,295488.99354112503,2647396.6,3643406.1,1442786.7,1202799.8,0.11566372000000003,1.543952698208839,15.367167244973844,0.8615967912893236,12.068118139565145,16.543585550520007,13.858305103947089,0.15104831730830956,-41513.74163731994,-8.261766660123113,227.3164594346205,0.8537052803274637,59.816585807759196
2013Q1,541591.6,308868.2,24362.3,81058.8,128.2,101462.3,27169.9,-97.3,-1319.5,74116.2,75435.7,-41.4,508289.4,292884.8,21918.0,78547.4,71.3,100572.5,24733.7,-96.0,-10342.3,76235.9,86578.2,20577.8,5043.8,0.9385104938850604,0.9482517138378117,0.8996687504874334,0.9690175526901458,0.9912302401975907,0.9103345982134642,1.0285996853589363,1.1477085782991343,253582.7,216740.94241849508,36827.991190260975,-3544.54,21472.08075947686,33613.515,359444.55825947685,84817.46250000001,2890.3725,16463.918355715527,13572.243205309347,910.5969315921664,3887.1225,61737.977391955006,26660.33347067469,287202.2361811132,77528.16799956247,20164.078939546496,22047.65140841704,36530.49154531855,128465.04880156036,83354.90395553975,17927.54075947686,54320.802500000005,3270.4238936442416,-10595.916715296453,133.0,68.0,173.0,0.0,0.0,0.0,0.0,0.0,0.0,0.0,0.0,1.0,0.0,0.0,0.0,0.0,1.0,0.0,0.0,0.0,0.0,0.05,0.52,0.18,0.8,0.86,0.45,0.48,0.0,0.0,0.0,0.86,0.45,0.9242219433117073,0.9603741850249216,0.8650661062379168,0.9679982814429596,0.8903027855388403,0.9818637693272042,1.0108624094799212,0.9818637693272042,0.9103345982134642,0.9413842467183167,-54.574935227747574,-7.424443593829935,1.4324122479462287,26230.881216596652,18312.382663724147,60347.318783403345,57123.31733627585,1.0564393245607273,1.4324122479462287,1.0564393245607273,1.1477085782991343,0.916597468779701,92.31666666666666,111.92424244585814,6581.666666666667,6303.666666666667,5536.333333333333,4.2,11100.666666666668,0.8782719052403363,3529.880079226937,11100.666666666668,94.16666666666667,99.78117827796491,39.148824568335556,45.80336564513216,834841.4139091901,0.02766666666666667,0.02766666666666667,0.6566666666666667,0.6566666666666667,741471.4564426822,0.025930746476652222,405190.0676161073,0.013351270436311957,692488.9653143008,0.0065686425963085715,69403.72724334714,-0.001241009951245986,0.025930746476652222,17876.84459121393,19939.497773521187,0.8329989338135406,84852.7196138794,0.7144259117282756,0.0712259427375017,0.07301670033383609,0.37335357489502363,0.3801,0.010517623738910792,0.1712,1.0,1150538.0,1832.0707653634672,5191.7,0.0,727828.393631473,307167.225,420661.168631473,1.0176426847303341,1.95,104.60792239288601,90.114326809,104.60792239288601,104.60792239288601,1256877.125,682214.9,1.8423478071206008,0.9956164532276867,685218.5877285667,610651.3,0.6209948846014421,983343.5268825432,146076.9,235230.44009251852,0.4,0.5,0.0,2.0,3.0,100.72611777291432,101.07390928432656,45.9038131595677,49.53847341117347,13545.773480132422,-1635.6640509755507,4.9776533513990335,496421.4896723483,285462.76803118904,77846.77898909811,21075.0,68.36049856184084,98215.33203125,24189.43765281174,-93.8875305623472,86578.2,765178.5608880256,79321.55708133566,76164.33828304819,1579972.5488887485,450376.94973464234,21346.742823195476,70685.69939280291,-341.4306290186399,760697.1839511688,529693.9681134153,2.246133164204208,0.20569089964349074,-0.22430175994862583,39.234678567612136,-0.3488906871904527,33026.64942606372,2095.211630707883,276326.0721369328,294430.45542629226,2691187.0926161073,3730423.717616108,1457705.225,1216065.2513021366,0.11558767000000002,1.5414593097625409,18.489653374226055,0.8666594125368048,11.144287354963177,14.904282096883772,12.648285251731416,0.13799171045683262,-39813.85620390239,-7.832910976286814,226.35490726346052,1.021406309082975,60.43156221632794
2013Q2,547324.5,310946.8,24638.9,84413.5,-2004.2,102743.4,28154.1,15.5,-1270.6,76622.3,77893.0,-312.9,513144.8,294619.0,22327.5,81746.6,-2209.5,101046.0,25652.4,27.9,-10065.2,80806.1,90871.3,25056.0,5818.1,0.9375513064004991,0.9474900529608281,0.9061889938268347,0.9684067121965089,0.9834792307827073,0.9111426044519272,1.0546029028102786,1.1666170259201727,255251.9,218295.00755904728,36867.96426172068,-3305.4125,21184.268632768155,34967.82,371158.10863276816,95020.505,2765.005,16469.242975504145,12781.216645038863,966.7133151335336,3165.2325,61928.410104045,26954.63522943592,289356.46104303654,77587.80219589449,20721.023675926877,22489.68315225629,36237.61311242869,129222.35483805876,83913.27201779147,17878.856132768156,63059.5325,-1070.0440832556342,-10752.284452145164,134.0,69.0,174.0,0.0,0.0,0.0,0.0,0.0,0.0,0.0,0.0,1.0,0.0,0.0,0.0,0.0,1.0,0.0,0.0,0.0,0.0,0.05,0.52,0.18,0.8,0.86,0.45,0.48,0.0,0.0,0.0,0.86,0.45,0.9234795837824835,0.9597687930589781,0.871335570987341,0.9604289363112376,0.8910930116889264,0.988549937317175,1.0177748518762344,0.988549937317175,0.9111426044519272,0.9477947625284516,-228.24821562891793,13.777289630995128,1.456061737615136,27563.789532081184,18930.371439625593,63307.51046791882,58962.6285603744,1.0736887417272367,1.456061737615136,1.0736887417272367,1.1666170259201727,0.9158160254422005,98.75666666666666,107.12094415939286,6586.0,6318.0,5563.666666666667,4.033333333333333,11102.0,0.8806056769019732,3530.3040633815494,11102.0,97.66666666666667,101.01327069006459,39.235817067709654,45.87835959499131,850014.1245211249,0.012333333333333333,0.012333333333333333,0.7733333333333333,0.7733333333333333,742225.916120197,0.025930746476652222,408259.50084771775,0.013351270436311957,694963.9634659818,0.0065686425963085715,69410.6859418693,-0.001241009951245986,0.025930746476652222,18194.850060148663,19986.991701574498,0.8378398482008511,85997.50190676114,0.7398370675111728,0.07175139805321214,0.07301670033383609,0.39315993710182257,0.3801,0.01063826879480687,0.1712,1.0,1157402.8,2279.9234037073766,9172.699999999999,0.0,759206.1176516889,313767.95,445438.16765168885,1.0140234688124687,1.9966666666666668,104.53606395401059,90.681392283,104.53606395401059,104.53606395401059,1253896.65,680825.4,1.841730126402452,0.9932555144458356,685448.396810413,680254.5,0.7310900766638473,930466.0557070845,155574.5,212797.9916099075,0.4,0.5,0.0,2.0,3.0,100.72611777291432,100.95154912987884,45.41815078511638,49.53847341117347,13689.159316959012,-3008.2487713674855,4.234112936759007,501248.5482171397,287153.0214424951,81017.44301288405,21468.75,-2118.4084372003836,98677.734375,25087.9217603912,27.286063569682153,90871.30000000002,766440.2846162685,79366.60508702794,76907.6334267571,1688644.3377519418,450523.5702804539,21639.208683400706,70214.64806344829,-344.52286465022377,762738.9610257752,530719.4288033424,3.1287852479978833,0.3124815339318693,0.25908621678768,38.84224003407979,-0.40881268384782676,33082.55620788861,1907.591572582774,278924.4768624136,297503.16058251413,2715830.1508477177,3813581.4008477177,1471170.75,1219896.1029097843,0.11551568000000002,1.5530350359268128,20.562331874397053,0.860947084129918,10.72571988528959,13.784883023177425,11.949385140444726,0.13047800877556145,-39492.19508547013,-7.696111328706855,225.5509166223647,1.7875461273309208,61.14608391237717
2013Q3,552544.4,312525.9,25647.5,85739.0,-507.8,102835.6,29689.6,-71.0,-2822.6,76537.1,79359.7,-491.7,518954.3,296531.7,23399.9,83252.7,-586.7,101369.8,27217.5,-74.9,-12155.7,82095.5,94251.2,24064.9,6621.9,0.9392083242541233,0.9488228015662061,0.9123657276537674,0.9710015278927909,0.9857461812835243,0.9167351530502263,1.0726236034550563,1.1876456186200302,253809.6,216758.87233449376,37054.21059056167,-3146.005,21062.40016334426,35434.04,372802.1351633442,97944.815,2898.325,16554.92214208831,13189.773927178634,1008.7787645447784,3548.5625,62257.27321037912,27340.93375656054,287869.0258512511,77736.52129621762,21383.0808116626,22277.48996401162,36476.04265573503,130174.915292543,85200.05722395817,17916.39516334426,65642.09999999998,492.669388377748,-10575.328641371105,135.0,70.0,175.0,0.0,0.0,0.0,0.0,0.0,0.0,0.0,0.0,1.0,0.0,0.0,0.0,0.0,1.0,0.0,0.0,0.0,0.0,0.05,0.52,0.18,0.8,0.86,0.45,0.48,0.0,0.0,0.0,0.86,0.45,0.92477855903139,0.9623404637193171,0.8772747381286226,0.9626427551596917,0.896562496870637,0.9969076473046383,1.0260039499670837,0.9969076473046383,0.9167351530502263,0.9558079072911202,-80.47029669870471,-9.811804133433938,1.4505850136918101,26413.01076430098,18208.52312342492,67838.18923569901,61151.176876575075,1.1093521449737709,1.4505850136918101,1.1093521449737709,1.1876456186200302,0.9172988229147968,98.92999999999999,107.32794926571847,6586.333333333333,6324.666666666667,5574.0,3.933333333333333,11103.666666666666,0.8813112680510171,3530.8340435748146,11103.666666666666,100.39999999999999,100.6115724821915,38.88749055157764,45.53455328310011,854643.8740324387,0.023000000000000003,0.023000000000000003,0.7333333333333334,0.7333333333333334,745729.8200177863,0.025930746476652222,411404.3035830085,0.013351270436311957,701441.0037188008,0.0065686425963085715,69937.71222565054,-0.001241009951245986,0.025930746476652222,18259.879573288326,20040.6385170322,0.8380124769230465,86041.29487722245,0.7398370675111728,0.07262842106341008,0.07301670033383609,0.39223420412755056,0.3801,0.01070308669327052,0.1712,1.0,1166869.8,2279.9234037073766,5287.300000000001,0.0,791936.5802752675,320368.67500000005,471567.90527526743,1.01682421674999,2.7100000000000004,104.71571005119912,91.313627718,104.71571005119912,104.71571005119912,1250916.175,679435.9,1.8411099192727378,0.9908945756639848,685679.3009939725,749857.7,0.7556311005491334,992359.498510665,161542.8,213785.27152019466,0.4,0.5,0.0,2.0,3.0,100.72611777291432,100.89742339709207,45.257769220493834,49.53847341117347,13819.714486184206,-444.30705026749456,3.8148484125962008,506848.3277281627,289017.2514619883,82510.10901883054,22499.903846153848,-562.5119846596358,98993.9453125,26618.581907090465,-73.2518337408313,94251.2,768000.6659063908,79497.47483951053,76985.88823725507,1788038.5050261728,450920.3832557067,21803.132016046442,70154.65516263488,-344.5574079066787,765151.2013965173,531999.5134793235,3.861824306250054,1.098752774717255,0.7056171543245622,38.65111099268508,0.7069555947762998,35146.26941382136,2368.599166243347,277381.9543292779,295335.9198019908,2739621.4785830085,3899416.6535830093,1487238.475,1227071.8358264454,0.11544775000000002,1.5467424410281576,21.33534262686544,0.8628986219765088,10.30732637766527,13.067040204212002,11.411211908283963,0.1244001586312282,-39645.22820106998,-7.639444976382309,224.85020357283872,1.0188373041710996,61.73350427966394
2013Q4,551765.5,311767.0,26457.9,86853.1,-83.7,103046.7,30002.2,64.2,-5531.3,76197.2,81728.5,-810.5,518893.7,297209.7,24392.0,84645.8,-35.6,101186.0,27775.7,79.3,-16359.1,81912.6,98271.7,23942.1,6249.4,0.9404243288135993,0.9533071171740435,0.9219174613253508,0.9745858236493573,0.9819431384022972,0.9257887754897974,1.075008005543511,1.2024165376826932,255404.3,218261.2552106092,37321.604133107016,-3214.7925,21316.09632269726,35196.8825,374066.8888226973,97378.8525,2924.3725000000004,16687.72611172008,13621.314303311705,1064.4415637032662,3260.9975000000004,62896.90237744951,28092.04533098308,287914.0036399934,77406.18118527535,21641.68669184897,22321.89026224101,37007.64612925598,131259.48484767447,86741.37815208803,18101.30382269726,65364.4025,-2486.622299627692,-10420.508659546673,136.0,71.0,176.0,0.0,0.0,0.0,0.0,0.0,0.0,0.0,0.0,1.0,0.0,0.0,0.0,0.0,1.0,0.0,0.0,0.0,0.0,0.05,0.52,0.18,0.8,0.86,0.45,0.48,0.0,0.0,0.0,0.86,0.45,0.9291492370117382,0.9658927885523859,0.8864590974282219,0.9589288460959934,0.9054168953445452,0.9989134977016297,1.0279789335088876,0.9989134977016297,0.9257887754897974,0.9577310620341609,48.00905975762641,19.864360613555,1.5080906148867315,29305.360101698516,19432.0950030576,68966.33989830148,62296.4049969424,1.1070677337109012,1.5080906148867315,1.1070677337109012,1.2024165376826932,0.9182994839053775,100.39666666666666,111.94618100500553,6615.666666666667,6359.0,5591.333333333333,3.8666666666666667,11104.0,0.8792787125858363,3530.9400396134683,11104.0,101.96666666666665,101.31383883407294,39.035636439240946,45.67860379158221,860891.1750249199,0.02366666666666667,0.02366666666666667,0.6433333333333333,0.6433333333333333,750235.2999999996,0.025930746476652222,416259.10000000003,0.013351270436311957,710659.3000000002,0.0065686425963085715,70156.5,-0.001241009951245986,0.025930746476652222,18430.06102329902,20104.01909643937,0.8453332183476004,86052.10483548528,0.7398370675111728,0.07440565460838243,0.07301670033383609,0.37423820950741654,0.3801,0.010831618499560568,0.17474,1.0,1182115.1,2279.9234037073766,1333.5999999999985,0.0,826078.1000000007,326969.4,499108.70000000065,1.019562852079717,2.7466666666666666,104.12287793047695,91.807921012,104.12287793047695,104.12287793047695,1247935.7,678046.4,1.8404871701995615,0.9885336368821338,685911.308125619,819460.9,0.7874996307783194,1040585.7577229489,165932.7,210708.2892673888,0.4,0.5,0.0,2.0,3.0,100.72611777291432,100.68326779647929,45.08624321934192,49.53847341117347,13800.233380931326,5992.416605904935,-0.5638641890136056,506685.9738867926,289678.0701754386,83890.78295341923,23453.846153846156,-34.13231064237776,98814.453125,27164.498777506113,77.55501222493888,98271.7,769799.110344872,79659.32224607481,77349.32361184283,1886373.4806382784,451514.4982736144,21971.080463197326,70232.80810742972,-347.1735873576415,767625.7466224075,534260.0888108609,3.276571010217535,1.4985054474882342,1.2986291111027446,38.52942193136288,0.5178849156566876,38857.748042197585,567.9780922391102,277018.4159768428,294567.4707568634,2769322.7,3992740.2,1509084.5,1236650.8999999997,0.11538388000000002,1.560248284869061,21.088738830415654,0.8673162060026471,9.726991165366785,12.441740398565942,10.812890858646448,0.11774906823056233,-37011.53357638045,-7.1327775951761305,227.81450227667057,0.2570083236701464,63.01279048097905
2014Q1,557273.0,318145.0,26704.2,89915.8,-2454.7,103014.7,29541.9,65.5,-5942.2,80852.6,86794.8,-1717.1,524017.4,304060.4,24511.9,88242.7,-2710.9,101851.5,27472.8,104.4,-19515.4,86573.8,106089.2,24901.7,7232.1,0.9403244011462963,0.9557289914975876,0.9179042996981749,0.9813925917358239,0.9887084076350269,0.929960496785921,1.0707608660698604,1.2222990317392286,255738.5,217910.29109289052,37493.46022119639,-3216.035,21771.413664249067,35773.5375,373641.013664249,96233.6175,2869.7225,16868.06619908945,14330.3287719633,1090.7032773331937,3445.725,63266.04345995548,28879.505634053385,287826.20354696247,77141.859569348,22316.55987871754,22510.74159576977,37931.77364506626,132600.415882652,89127.83915783718,18555.378664249067,63573.59749999999,959.5218080327032,-10453.558092625695,137.0,72.0,177.0,0.0,0.0,0.0,0.0,0.0,0.0,0.0,0.0,1.0,0.0,0.0,0.0,0.0,1.0,0.0,0.0,0.0,0.0,0.05,0.52,0.18,0.8,0.86,0.45,0.48,0.0,0.0,0.0,0.86,0.45,0.9315097383017423,0.9726388421564163,0.882600288171322,0.965535554331081,0.9094968183725388,1.001587964897618,1.0306122448979593,1.001587964897618,0.929960496785921,0.9602952683582149,-252.30202256581742,43.487587460522185,1.560368434154842,30298.290316609015,19417.395054533885,75790.90968339099,67377.40494546611,1.124871308782738,1.560368434154842,1.124871308782738,1.2222990317392286,0.9182215629025099,102.75333333333333,111.99480671924276,6591.666666666667,6351.333333333333,5585.666666666667,3.6666666666666665,11102.0,0.879447884958539,3530.3040633815494,11102.0,104.96666666666665,100.03688613870753,39.01240516074903,45.784776511308706,867781.4967828619,0.024333333333333332,0.024333333333333332,0.6133333333333333,0.6133333333333333,756894.2379001335,0.027322647582274595,414718.24153739423,0.014131677633472062,714731.9127037816,0.008402059722985744,68918.86727684346,0.010629755201941704,0.027322647582274595,23884.007525180976,25798.54947209196,0.661304961599118,85953.99123204529,0.7398370675111728,0.07627059149315862,0.07301670033383609,0.3593839368193984,0.3801,0.010281001999573883,0.17474,1.0,1185037.1,2279.9234037073766,-1845.800000000001,0.0,847541.8601783171,333388.72500000003,514153.135178317,1.0210440946461656,2.763333333333333,105.20075451360817,92.167193411,105.20075451360817,105.20075451360817,1249939.375,678732.4,1.8415790597295782,0.9901208181246288,685504.6248654539,843825.3,0.7876521528980546,1071317.2012483738,156041.2,198109.27885598803,0.4,0.5,0.0,2.0,3.0,100.72611777291432,100.57435978559035,45.76789450225909,49.53847341117347,13937.981727548646,-5687.660784269863,3.992638176906675,511700.0850233704,296355.1656920078,87455.5996035679,23569.134615384617,-2599.1371045062324,99464.35546875,26868.264058679706,102.10268948655258,106089.2,771245.1105437711,84131.7992044058,81993.65882272818,1829302.4437612477,451809.89093717263,23529.757652796845,68809.60004734913,2982.9856833000927,768561.5842543843,534345.4075374303,4.290781232355526,1.2770706796097868,1.3877880635490105,38.99802029688913,-0.04250322508308539,41262.02177286174,758.147766891565,276508.3479753391,294056.3359179698,2767917.6665373947,4026908.741537394,1518425.8250000002,1240531.3467143711,0.11532407000000001,1.5571927884230206,20.450410904367963,0.8687969765670135,10.278830862813347,12.733192923708023,11.260575687171217,0.12263462482384313,-34438.64313707945,-6.57204190873804,226.14460893855815,-0.3522402118708274,63.62168985228354
2014Q2,549531.3,303775.5,24709.9,88849.3,2259.0,103152.4,28368.9,82.6,-1331.3,82050.3,83381.6,-334.8,527153.5,295907.8,23409.6,87213.4,2427.8,103326.7,27068.0,109.6,-12309.2,87718.2,100027.4,25475.2,7598.7,0.9592783886923274,0.9741002812932577,0.9473773669662766,0.981587924721973,1.001689732861281,0.9541434458156642,1.0690783580315977,1.1996339720034155,259220.7,221114.6686579243,38237.59326034664,-3047.2325,20060.956385081743,34317.942500000005,369675.3238850818,90375.665,2851.9375,17335.845631053246,18251.64485626827,1068.073292335415,3281.185,64111.589895189616,26860.32954738512,288901.81660247763,76524.1602953242,23265.5832256484,21894.54372228003,41214.26187088371,133651.2226489903,91340.17464391724,17013.723885081745,59122.9575,3770.3765950441593,-10250.023135353636,138.0,73.0,178.0,0.0,0.0,0.0,0.0,0.0,0.0,0.0,0.0,1.0,0.0,1.0,0.0,0.0,1.0,0.0,0.0,0.0,1.0,0.08,0.52,0.18,0.8,0.86,0.45,0.48,0.0,0.0,0.0,0.86,0.45,0.9351961225933733,0.9676537112795476,0.8903922621863501,0.9646472774087838,0.920987882061452,1.0323443376514834,1.033245556287031,1.0323443376514834,0.9541434458156642,0.965891034479307,95.73414124529927,30.78775137562613,1.505352252925069,27097.828450274075,18000.988404953023,72929.57154972592,65380.61159504698,1.1154617518942087,1.505352252925069,1.1154617518942087,1.1996339720034155,0.9240014796251204,102.12333333333333,109.6209422839876,6611.333333333333,6371.0,5604.666666666667,3.6333333333333333,11102.0,0.8797153769685555,3530.3040633815494,11102.0,103.10000000000001,100.75896696706617,39.45188568893618,46.2508683240157,877614.90733213,0.018666666666666668,0.018666666666666668,0.5866666666666666,0.5866666666666666,758163.7668452132,0.027322647582274595,427838.01977216854,0.014131677633472062,733923.6167041821,0.008402059722985744,70887.06418775344,0.010629755201941704,0.027322647582274595,24020.880865844025,25830.001326791506,0.6700194040959023,85845.79790322678,0.7297009401516749,0.07086150084928097,0.07301670033383609,0.3612112468860691,0.3464,0.010677807204180207,0.17474,1.0,1204727.5,3990.938725441174,5567.3,0.0,869563.3073368276,339808.05000000005,529755.2573368276,1.0150799940819835,2.6233333333333335,106.33252492589598,92.686826576,106.33252492589598,106.33252492589598,1251943.0499999998,679418.4,1.842668744326029,0.9917079993671236,685099.2433595203,868189.7,0.771637330325855,1125126.6182694554,161462.0,209245.9678328628,0.4,0.5,0.0,2.0,3.0,100.72611777291432,100.44675930272722,45.90248363615434,49.53847341117347,13744.353697588174,12402.331513062789,-5.55684556761225,507767.73430031596,284089.66973886325,85975.35488958991,22001.503759398496,2271.5194610778444,99505.68181818182,26127.413127413125,105.79150579150578,100027.4,772384.9771888312,84289.83341975947,82721.41807679861,1797574.4830225266,451602.5342068343,23442.657992507433,68666.10451801085,2930.3627517918267,769196.3089226864,536386.6742300042,2.4505876826387,0.8215435089776815,1.0493070942937341,39.15471434103858,8.062744101046542,40515.664940404225,8542.022300649374,279090.8833527495,290938.362254988,2813253.969772169,4092506.3197721685,1544535.55,1256888.8508051352,0.11526832000000001,1.597024423053118,21.428494417580154,0.8701166964928232,10.439454839137476,12.76898317344818,11.371266172861757,0.12306545415354996,-29152.27394774847,-5.53013001862806,228.53447809793545,1.0561060488074157,64.46093026035112
2014Q3,550594.7,305910.8,23680.9,90418.6,-313.9,103566.3,29267.0,140.2,-1371.1,83245.7,84616.8,-704.1,528128.8,297684.8,22435.7,89117.4,-485.6,103984.2,28011.6,195.8,-12815.1,90939.0,103754.1,27578.4,7804.2,0.9591970282314742,0.9731098084801191,0.9474175390293443,0.985609155638331,1.0040350963585645,0.9571052721495199,1.0924167854916231,1.2261643077970332,259918.7,221410.9381640948,38491.27236320373,-3351.6675000000005,21703.299559448154,33402.590000000004,373716.0820594482,92378.345,2817.7975,17417.192906677446,18948.791192298173,1072.1731583854807,3405.6825,64654.80164520334,27502.003196677066,288664.8879854263,76917.54221193891,23541.618453912302,22140.610061988085,42161.57441267174,134535.29218689026,93205.1960632611,18351.632059448155,62043.16,895.833840989857,-11120.438944080435,139.0,74.0,179.0,0.0,0.0,0.0,0.0,0.0,0.0,0.0,0.0,1.0,0.0,0.0,0.0,0.0,1.0,0.0,0.0,0.0,1.0,0.08,0.52,0.18,0.8,0.86,0.45,0.48,0.0,0.0,0.0,0.86,0.45,0.9342452078342156,0.9716178584762727,0.8904300178847221,0.9669059094362139,0.9238467877891119,1.0370246552444629,1.037195523370639,1.0370246552444629,0.9571052721495199,0.9702700741433972,-160.07796071876317,61.61384084463734,1.5245207866567092,27118.660545345745,17788.317996514343,76635.43945465426,66828.48200348567,1.1467481701987048,1.5245207866567092,1.1467481701987048,1.2261643077970332,0.9241477549311298,103.94666666666667,108.3341540385093,6613.666666666667,6376.333333333333,5627.333333333333,3.5666666666666664,11105.0,0.882534371896074,3531.2580277294273,11105.0,101.39999999999999,100.5002802040911,39.345623415015076,46.188609169529684,880225.1796970513,0.017333333333333336,0.017333333333333336,0.5166666666666667,0.5166666666666667,762749.1513247155,0.027322647582274595,427418.76122874406,0.014131677633472062,737019.1307382587,0.008402059722985744,70330.11504349162,0.010629755201941704,0.027322647582274595,24665.880238632944,25851.33330507441,0.6710367739012358,86219.1046979173,0.7297009401516749,0.07239416622353179,0.07301670033383609,0.37116806846385453,0.3464,0.010333790745478787,0.17474,1.0,1206854.6,3990.938725441174,6959.100000000001,0.0,892156.9317030241,346227.375,545929.5567030241,1.013771156981125,2.4966666666666666,106.27863109673943,93.396997594,106.27863109673943,106.27863109673943,1253946.7249999999,680104.4,1.843756230661057,0.9932951806096186,684695.1573676186,892554.1,0.8293143217733384,1076255.4999549927,167179.6,201587.7401496175,0.4,0.5,0.0,2.0,3.0,100.72611777291432,100.35540338681261,45.958686956625485,49.53847341117347,13770.950445984514,-5080.663431627029,0.774041442225334,508830.8558819789,285795.6989247312,87852.32649842271,21086.184210526317,-454.3413173652695,100138.86748844376,27038.22393822394,188.996138996139,103754.1,773886.0246592576,84414.41011829455,82860.16564464626,1783068.403249036,451140.85777496424,24184.275899053326,67819.13495288341,3014.0485572005905,770050.2255964179,537620.5615628787,2.413251903797186,0.9640449619150023,0.8927942354463418,39.14976489131561,-0.03392569323450431,39318.36382316701,1297.1622039264464,278082.0273700586,289911.2686814451,2827784.736228744,4127001.561228744,1553081.975,1260498.027596951,0.11521663000000001,1.5986808076740502,22.70069283692046,0.873596618234488,10.597932203474292,12.822548039444682,11.487778537862448,0.12430672992024476,-28831.05372650849,-5.459095153778488,228.5152031095445,1.3176899271541338,65.55737445108086
2014Q4,553755.6,306552.3,23614.4,91121.3,-777.2,103941.3,29269.9,16.8,603.0,85745.1,85142.2,-586.2,533061.6,298168.8,22391.0,89954.6,-721.6,104351.9,27977.7,25.7,-9086.6,95900.7,104987.2,30722.2,8384.4,0.9626297232930917,0.9726523010918529,0.9481926282268446,0.9871961879384952,1.0039503065672644,0.9558522577801769,1.1184394210281403,1.2330806580050786,259828.1,221191.92005158003,38666.02568880026,-3113.4325,21605.439602318165,33724.6925,386346.7921023182,104983.7525,2817.3,17455.752983606533,19503.00709254025,1078.0778945595318,3102.1275,65175.51103856683,29149.851933050915,287437.1171827989,77019.74718702093,24327.109653904223,22166.00799990204,42747.092987001815,135215.44065373283,96224.05457395696,18492.007102318166,74301.99250000001,-5807.798243052908,-10415.499134922458,140.0,75.0,180.0,0.0,0.0,0.0,0.0,0.0,0.0,0.0,0.0,1.0,0.0,0.0,0.0,0.0,1.0,0.0,0.0,0.0,1.0,0.08,0.52,0.18,0.8,0.86,0.45,0.48,0.0,0.0,0.0,0.86,0.45,0.933805972630427,0.97318236192675,0.8911584851756058,0.9668242551687831,0.9226373144596302,1.0229837024655244,1.02402896642528,1.0229837024655244,0.9558522577801769,0.9571329551511268,73.4629335562056,9.641682069293026,1.4700024894199655,26365.726858015616,17935.838236858377,78621.47314198437,67206.36176314161,1.1698516491500246,1.4700024894199655,1.1698516491500246,1.2330806580050786,0.9277446813815451,114.52,87.9560036781647,6617.333333333333,6386.333333333333,5633.666666666667,3.466666666666667,11103.0,0.8821441620126312,3530.622051497509,11103.0,101.56666666666666,100.09348339570903,39.26251465325957,46.120602331223004,890192.2193077113,0.011999999999999999,0.011999999999999999,0.39999999999999997,0.39999999999999997,765592.1000000002,0.027322647582274595,427321.09999999986,0.014131677633472062,736864.3,0.008402059722985744,68460.00000000001,0.010629755201941704,0.027322647582274595,24769.915013783553,25880.031940638994,0.67183335676287,86554.23126819021,0.7297009401516749,0.07658771414403127,0.07301670033383609,0.3890717177641703,0.3464,0.010268660318205761,0.17828,1.0,1220177.3,3990.938725441174,13251.199999999999,0.0,915337.6000000002,352646.7,562690.9000000001,1.008972499647089,2.28,103.58393963891135,93.915290437,103.58393963891135,103.58393963891135,1255950.4,680790.4,1.844841525379911,0.9948823618521135,684292.3606893712,916918.5,0.8702160282488153,1053667.675881777,177724.1,204229.8627360889,0.4,0.5,0.0,2.0,3.0,100.72611777291432,100.29973276874297,46.07752749386298,49.53847341117347,13850.007867468436,7033.624035317221,2.2963533793551036,513743.8126852463,286260.3686635944,88677.64195583596,21044.17293233083,-675.1497005988024,100492.96995377504,27005.50193050193,24.806949806949806,104987.2,775521.7345386453,84578.46048244945,83361.30502129694,1797136.731694391,450669.0806056003,24160.57659273031,66921.88725490197,2990.367624946854,770897.6926112582,539137.2783541653,2.7114284678032927,0.7546979810553512,0.8593714714851768,39.225845001356745,1.4314869460955393,39563.97634760282,-3843.486645181358,276247.1767154032,286971.376460702,2858659.5999999996,4173014.0,1572824.0,1261373.2000000002,0.11516900000000002,1.6075543422183205,23.17559013644381,0.8794472946995605,10.587461394006885,12.888559479253322,11.50790062810546,0.12404167718825986,-25156.30385873093,-4.719211411726324,228.8998682328647,2.485866549006719,66.15496220324256
2015Q1,562438.6,308730.1,24408.4,94895.7,104.3,104724.9,28272.8,101.3,1406.4,86975.2,85568.9,-205.2,545542.4,300120.7,23007.5,94226.9,-24.4,104925.5,26967.5,114.5,-3795.8,95172.2,98968.0,28542.6,8390.7,0.9699590319725567,0.9721135062632378,0.9426058242244473,0.992952262325901,1.0019154947868176,0.9538319515576809,1.0942452561189857,1.1565884334144767,259933.8,221120.920373595,38870.66494555811,-2995.025,21956.173154731885,34260.89,386547.5831547319,104580.83,2840.3275,17478.153334453786,19875.2811379039,1075.7557995292077,3311.57,65394.178262460846,27902.32480610428,289570.80778456473,77233.60019207867,24770.59749255388,22183.507270159786,43134.544207592895,135658.3896657289,95807.46650625105,18961.148154731884,73391.745,3665.452971946332,-10517.152493680653,141.0,76.0,181.0,0.0,0.0,0.0,0.0,0.0,0.0,0.0,0.0,1.0,0.0,0.0,1.0,0.0,1.0,0.0,0.0,0.0,1.0,0.08,0.52,0.18,0.8,0.86,0.45,0.48,0.0,0.0,0.0,0.86,0.45,0.9332886964892835,0.9788567254790034,0.8859077295342549,0.9648646906652713,0.9206872119282633,1.0066025908900962,1.0069124423963134,1.0066025908900962,0.9538319515576809,0.9418063163268116,-129.38865022983703,17.876823307206934,1.0973363206372915,19985.5797035891,18212.811630970376,78982.4202964109,67356.08836902962,1.1726099630917266,1.0973363206372915,1.1726099630917266,1.1565884334144767,0.9352396022048782,119.07000000000001,56.19878547912093,6622.666666666667,6391.333333333333,5641.666666666667,3.5,11103.0,0.8827057473662252,3530.622051497509,11103.0,101.33333333333333,100.56642120183457,39.19425471910103,46.07393796159527,897726.3993158301,0.015333333333333332,0.015333333333333332,0.33666666666666667,0.33666666666666667,771637.3229324342,0.02853748445014287,424219.44368515897,0.014914506287783735,735311.1488072707,0.009162945757937246,67533.94869088118,-0.0026171881118749463,0.02853748445014287,27007.390447441594,28254.77496926376,0.6174084928539446,87280.1619702995,0.7297009401516749,0.0731708213892933,0.07301670033383609,0.38249589584030796,0.3464,0.010869733646524207,0.17828,1.0,1232623.5,3990.938725441174,16356.099999999999,0.0,919018.2896391996,346665.45,572352.8396391997,0.9714437282413247,1.9666666666666668,99.99101769514056,94.730186873,99.99101769514056,99.99101769514056,1258534.625,681470.4500000001,1.846792659901834,0.9969294171112683,683569.4065229299,941384.825,0.9460775231267036,995039.8376327611,182794.0,193212.49636698037,0.4,0.5,0.0,2.0,3.0,100.72611777291432,100.17110815306518,45.81443528663101,49.53847341117347,14067.178796869832,6077.907883246926,6.272081040805727,526014.8525286686,288134.3125960061,92889.29416403786,21623.59022556391,-22.82934131736527,101045.35824345145,26030.405405405403,110.52123552123552,98968.00000000001,777114.2200985005,88525.75776057766,87392.29059560892,1750319.6898383414,450049.67376919853,25493.13293141064,67090.97443427377,-716.6907925558354,770902.1988689423,540541.2032899124,4.051013424473981,0.6392797668661443,0.6969888739607477,38.973500548894975,3.0455359946260314,41505.51597656992,-4424.743500470555,278131.7871235135,286745.91189474356,2867772.843685159,4203427.843685159,1579288.95,1263390.7153084744,0.11512543000000001,1.596132269932807,22.680957045117005,0.8826502300294612,11.280908958892567,13.323474156657614,12.097935037998585,0.12935653077005127,-25473.16846701211,-4.669328812391504,225.94458285918745,2.998135433652819,63.545097502962186
2015Q2,563038.3,308858.9,24727.4,94899.8,2033.0,104609.2,27752.9,-66.1,204.6,84120.1,83915.5,18.7,548781.7,301593.4,23454.8,94099.7,2103.0,104464.6,26639.1,-48.8,-3524.0,93410.7,96934.7,29938.5,8519.1,0.9746791648099249,0.9764763132938697,0.948534823717819,0.9915690022529025,0.9986177124000567,0.9598672571154725,1.1104444716542181,1.1551465462280508,260188.1,220884.65533643495,39158.6429178927,-2500.1275000000005,24609.54706672208,36115.635,396847.7745667221,111423.92,2853.52,17558.814711240582,21821.354533103186,1076.5350370405113,3367.1725,66127.14416477807,28853.64241416145,292741.0526888662,77730.51623883951,23911.859159273798,22189.686306231888,45087.57587637559,136005.32539335729,97853.07744981084,22109.41956672208,78434.62000000001,-4372.503336455091,-10921.959037755849,142.0,77.0,182.0,0.0,0.0,0.0,0.0,0.0,0.0,0.0,0.0,1.0,0.0,0.0,0.0,0.0,1.0,0.0,0.0,0.0,0.0,0.08,0.52,0.18,0.8,0.86,0.45,0.48,0.0,0.0,0.0,0.86,0.45,0.9374772593067106,0.9774931015900064,0.8914800974791532,0.9616888601695461,0.9265127964435063,1.008942749686586,1.0092165898617513,1.008942749686586,0.9598672571154725,0.9439958361588566,51.81938988717093,14.647225695332729,1.0438137913866072,18783.357390055706,17994.931227248686,78151.34260994429,65920.56877275131,1.1855380507919502,1.0438137913866072,1.1855380507919502,1.1551465462280508,0.9396652451302735,121.36333333333333,59.28987173951348,6613.333333333333,6391.666666666667,5648.0,3.3666666666666667,11106.333333333332,0.8836505867014341,3531.6820118840396,11106.333333333332,99.8,100.02161707856389,39.10847297033197,46.06729815864023,911210.774238344,0.015333333333333332,0.015333333333333332,0.39666666666666667,0.39666666666666667,772097.3851548036,0.02853748445014287,426384.6673750283,0.014914506287783735,739843.3061615878,0.009162945757937246,68393.86218031304,-0.0026171881118749463,0.02853748445014287,26950.464686910178,28254.940131642685,0.6223024914427352,87026.08036051343,0.7155078418313412,0.075278227136827,0.07301670033383609,0.3557520204609766,0.3211,0.011105775713346318,0.17828,1.0,1236932.4,6795.806417111715,17895.4,0.0,922713.7798025117,340684.2,582029.5798025117,0.9698409518456483,2.1666666666666665,101.1048234977095,95.2603029,101.1048234977095,101.1048234977095,1261118.85,682150.5,1.8487399041707073,0.9989764723704229,682849.4152433422,965851.15,1.0461878868436247,923210.0296190557,188845.6,180508.30292993732,0.4,0.5,0.0,2.0,3.0,100.72611777291432,100.02607835540377,46.057341906855775,49.53847341117347,14082.177922329009,-388.11461130698626,0.4264998881656201,529067.5221872325,289548.1950844854,92763.89984227129,22043.984962406015,1967.627245508982,100601.50231124808,25713.416988416986,-47.1042471042471,96934.7,778662.2851264545,88707.53988818344,88082.35241733685,1757223.9732128098,449519.25507995277,25308.094240969687,67787.65415734306,-706.9961906469873,770776.6888360317,541165.1339794877,4.041865347027591,1.01682969803815,0.8280547324521471,39.10002068814131,1.9465287426703237,46413.47947751733,633.7033160073058,279053.4646599,286302.89302872197,2874997.367375028,4230971.267375029,1577616.5999999999,1266875.914710145,0.11508592000000002,1.618381510171411,20.80971219724774,0.8796153969377964,11.101327966848459,13.648844052762412,12.12033440121404,0.1289856623305643,-18788.058445227573,-3.4235941987911724,225.39607279178585,3.2609323525183154,62.08009487196823
2015Q3,563857.7,309956.5,24769.9,95400.0,1110.9,105214.7,27750.3,-75.0,67.1,86252.2,86185.1,-336.8,550639.9,302136.2,23593.2,94850.1,981.7,105088.7,26665.5,-54.3,-2621.3,95606.7,98228.0,30269.5,9172.2,0.9765582699322898,0.9747696854235998,0.952494761787492,0.9942358490566038,0.9988024487072624,0.9609085307185868,1.1084552046208676,1.139732970084156,261940.3,222542.53091045332,39529.90379154072,-2739.81,22785.80175478819,36257.915,395206.3342547882,110121.4775,2876.6575,17638.38189517872,22333.944398438096,1075.3894462656338,3303.415,66846.47869884438,28731.917394029984,293420.17945758044,77754.40275321709,23916.788974723568,22131.226561273765,45540.56040597749,136226.90795456467,98189.26677473103,20045.99175478819,76962.1275,-1933.087615330296,-9739.843957550474,143.0,78.0,183.0,0.0,0.0,0.0,0.0,0.0,0.0,0.0,0.0,1.0,0.0,0.0,0.0,0.0,1.0,0.0,0.0,0.0,0.0,0.08,0.52,0.18,0.8,0.86,0.45,0.48,0.0,0.0,0.0,0.86,0.45,0.9358387916893238,0.9801220909469675,0.8952018437852368,0.9618667649338043,0.9275178867940027,0.9989134977016297,0.9986833443054642,0.9989134977016297,0.9609085307185868,0.9346121797358062,-127.99300459674055,17.768139803894016,0.9930296240975854,18934.726264736157,19067.634847191057,79293.27373526385,67117.46515280895,1.181410435491474,0.9930296240975854,1.181410435491474,1.139732970084156,0.9416085661301828,122.20333333333333,58.473524805965084,6629.333333333333,6405.333333333333,5670.0,3.3666666666666667,11104.0,0.8851998334721066,3530.9400396134683,11104.0,99.39999999999999,100.19943799107305,39.2491236173639,46.19758377425044,914916.2756163392,0.013,0.013,0.37999999999999995,0.37999999999999995,775793.5058877583,0.02853748445014287,427677.17014217883,0.014914506287783735,740525.772414516,0.009162945757937246,68136.64799821393,-0.0026171881118749463,0.02853748445014287,27116.576334926354,28250.339965148138,0.6251085866595326,87555.16991173493,0.7155078418313412,0.07456298324788901,0.07301670033383609,0.3319799150479688,0.3211,0.010947891092821127,0.17828,1.0,1241395.7,6795.806417111715,18476.0,0.0,926424.13000474,334702.95,591721.1800047399,0.9688854076590578,2.22,100.56588520614389,95.738234915,100.56588520614389,100.56588520614389,1263703.075,682830.55,1.8506832698097644,1.0010235276295774,682132.3686736336,990317.4750000001,1.010983203770089,979558.7813001999,167733.0,165910.76822493356,0.4,0.5,0.0,2.0,3.0,100.72611777291432,99.88011681233469,46.1056316287585,49.53847341117347,14102.6719750241,-160.64208092616445,0.5821273614955905,530933.2403984627,290069.3164362519,93503.64747634069,22174.06015037594,918.5067365269462,101202.52311248073,25738.89961389961,-52.413127413127405,98228.0,780291.2222727456,88884.25141483566,88134.86849140472,1750580.758317065,449007.3723235829,25437.267210317747,68210.75914479833,-715.9984120941151,770651.6788447448,543012.7671538847,3.838755570218102,0.8752651463232073,0.9460474221806786,39.171001758373805,0.7711686840997931,50617.632884463084,-2744.0732476264393,280374.2216603427,287104.4465987499,2854339.370142179,4257796.370142179,1576098.65,1271607.324028151,0.11505047000000002,1.6226013684238758,19.56467378196926,0.8804566956500055,11.008881519204529,14.009760452360464,12.209233092466903,0.12966357286493618,-18495.768323704844,-3.358958971862527,225.4460129024431,3.3553689080649622,60.78436197594834
2015Q4,562732.1,308221.0,24672.1,95577.9,890.8,105950.6,28344.2,-54.1,-518.9,85297.9,85816.8,-351.5,550692.8,300119.2,23501.4,94742.6,897.8,106252.7,27195.3,-28.8,-1987.3,90958.6,92945.9,31433.6,9428.2,0.9786056277934031,0.9737143153776024,0.9525496410925702,0.9912605319849046,1.0028513288268306,0.9594661341650144,1.0663638846911825,1.0830734774542978,262978.6,223003.50500787384,39931.78339108799,-2644.3550000000005,22948.506608607328,35172.145000000004,391196.9591086073,104792.8125,2896.7975,17650.222012409315,22565.191873928317,1037.004461706333,3121.5025,67196.98301611762,28285.562587194127,292754.4782375251,77831.69486874246,24291.9933237282,22098.377143637917,45700.57347927256,136375.66628100828,98278.12939019488,20304.151608607328,72742.0625,2546.6036311119096,-10693.9226365129,144.0,79.0,184.0,0.0,0.0,0.0,0.0,0.0,0.0,0.0,0.0,1.0,0.0,0.0,0.0,0.0,1.0,0.0,0.0,0.0,0.0,0.08,0.52,0.18,0.8,0.86,0.45,0.48,0.0,0.0,0.0,0.86,0.45,0.9348255715990806,0.9771890102374848,0.8952534220794832,0.9657659175913238,0.9261256121283922,0.9855411617216882,0.9851876234364715,0.9855411617216882,0.9594661341650144,0.9221006378384059,19.87993313832021,23.107117858327275,0.8658202638785165,15012.459000442603,17339.001668998826,77933.4409995574,68477.79833100118,1.1380833335623681,0.8658202638785165,1.1380833335623681,1.0830734774542978,0.943640862536856,121.45,46.14397386955949,6635.333333333333,6420.333333333333,5693.666666666667,3.266666666666667,11105.333333333332,0.8868179222262604,3531.36402376808,11105.333333333332,99.23333333333333,99.2125237285285,39.16694075426623,46.18791639833733,919832.2774038113,0.013,0.013,0.29,0.29,775084.6,0.02853748445014287,427198.2,0.014914506287783735,739437.8000000002,0.009162945757937246,67624.9,-0.0026171881118749463,0.02853748445014287,27141.589939955167,28245.758126070687,0.6231037749697625,88350.56148476251,0.7155078418313412,0.07309758445484964,0.07301670033383609,0.320590642411334,0.3211,0.011157075908741891,0.18182,1.0,1239981.2,6795.806417111715,20018.1,0.0,930149.3999999993,328721.7,601427.6999999993,0.967177537574736,2.19,98.33827360100601,96.065228357,98.33827360100601,98.33827360100601,1266287.3,683510.6000000001,1.8526227683959837,1.0030705828887319,681418.2487852107,1014783.8,0.9967513862595831,1018091.1850126294,186399.9,187007.4148574658,0.4,0.5,0.0,2.0,3.0,100.72611777291432,99.83319310617227,46.55452221407006,49.53847341117347,14074.5195394449,-6261.390485966202,-0.7984993376874888,531017.0042211763,288132.87250384025,93397.6735015773,22087.781954887218,840.0074850299401,102323.47842835131,26250.289575289575,-27.7992277992278,92945.9,781918.1486505541,89070.1944887658,88556.7804431749,1717358.3417341658,448478.6740458015,25514.375372908322,68617.02243046134,-713.3057004957334,770676.289313227,544718.8724869958,3.3068851517411386,0.4117058084367956,0.6434854773800014,39.477819213063526,0.83860141238895,51215.670166475975,-3681.6009580953255,280499.8942654307,286632.21046246425,2865811.6,4276972.2,1568702.9,1269907.7,0.11501908000000002,1.6345829168156774,19.813931882594847,0.8850224860513808,11.221110267437034,14.28679718531584,12.447385034588557,0.1319080757177617,-19387.561943864806,-3.5205766161941474,225.16749810420617,3.635075671953582,59.69239111170511
2016Q1,567461.8,308605.9,24398.7,95113.2,1347.1,107380.1,29282.5,45.0,1300.8,85928.8,84627.9,-11.5,557387.1,299180.2,23281.2,94264.3,1445.9,107722.6,27905.9,11.1,3575.8,87988.9,84413.1,29332.6,9184.6,0.9822460296005827,0.9694571620309268,0.9541983794218545,0.9910748455524575,1.003189604032777,0.9529889865960899,1.0239744998184543,0.9974618299638773,265228.9,225198.96733042164,40234.11367346316,-2521.1625,20970.48660863101,36280.86,401069.204108631,114286.8025,2916.2625,17641.211613881333,22896.74696864208,1002.1065101751236,3570.7675,68070.61019535705,28478.845680217783,293553.7635977007,77943.84074105657,23395.379016770108,22143.14333505984,46041.99681387704,136358.05215136998,97916.22151086494,18449.32410863101,81110.12,-2363.385573878011,-10320.867876412114,145.0,80.0,185.0,0.0,0.0,0.0,0.0,0.0,0.0,0.0,0.0,1.0,0.0,0.0,0.0,0.0,1.0,0.0,0.0,0.0,0.0,0.08,0.52,0.18,0.8,0.86,0.45,0.48,0.0,0.0,0.0,0.86,0.45,0.9307384428100295,0.9770059597323122,0.8968029881784346,0.9660916833905788,0.9198735391854149,0.9694943585457584,0.969387755102041,0.9694943585457584,0.9529889865960899,0.9070867875615255,139.89414960300905,-31.78450439682404,0.6537216828478967,12049.143823979131,18431.61109707698,72363.95617602087,66196.28890292301,1.0931724024913656,0.6537216828478967,1.0931724024913656,0.9974618299638773,0.9474698094078413,115.41333333333334,33.47910173078184,6654.666666666667,6440.0,5730.666666666667,3.233333333333333,11107.666666666668,0.8898550724637682,3532.1059960386533,11107.666666666668,98.0,100.51076703869633,39.29716740293537,46.28238134015822,925397.6313412018,0.006333333333333333,0.006333333333333333,0.001,0.001,777557.0937215561,0.027032293698905974,428049.12701177923,0.013340254859798228,736453.8583421349,0.006765143381860128,67163.8678439576,-0.004187623524241402,0.027032293698905974,20009.610955868855,20854.942392815596,0.8432112497117681,89794.97796228704,0.7155078418313412,0.07325462330047204,0.07301670033383609,0.3103550022221809,0.3211,0.011871457275886368,0.18182,1.0,1270586.8,6795.806417111715,23723.800000000003,0.0,941978.2134001417,331045.2,610933.0134001416,0.9890258233636537,1.92,96.59570645827719,96.551285818,96.59570645827719,96.59570645827719,1273364.2,687208.3,1.8529522999067385,1.0086764435872047,681297.0644541356,1009173.7250000001,0.879711067252051,1147164.9756008538,176743.9,200911.30665446102,0.4,0.5,0.0,2.0,3.0,100.72611777291432,99.6894588375343,46.04718748424201,49.53847341117347,14192.814292962094,25280.2471781994,3.3619550048771485,537652.9234922306,287231.3748079877,92926.16324921136,21880.82706766917,1352.8255988023952,103739.0215716487,26936.196911196912,10.714285714285714,84413.1,784559.4076077276,84548.1641713064,83809.25819479623,1732979.1693223887,448595.529234846,22795.731454588222,69277.21368559937,-1132.7504882578894,772783.1787150231,546766.4526305475,3.785043370873474,-0.18907422286806205,0.11131579278436678,39.09747041111137,1.487995451400839,53317.994410660736,-4444.23428835386,282904.14486548177,288017.6008250407,2893633.327011779,4312219.0520117795,1601632.0,1272770.0885772929,0.11499175000000002,1.6307663905151004,18.9274509695027,0.8999476467666385,10.961925492593464,14.78044737766853,12.48933424662349,0.13181775421877762,-21301.411287202776,-3.8216548763333016,227.954109451044,4.25625207328982,59.3923325459093
2016Q2,565691.4,306362.8,24886.9,94924.1,3133.0,106450.5,28284.6,-214.5,1693.9,85424.6,83730.7,170.2,554635.4,297904.6,23745.3,93492.9,2783.6,106111.5,26919.0,-216.2,3894.7,85479.1,81584.5,28683.3,9727.8,0.9804557750038272,0.9723915566772466,0.9541284772309929,0.9849226908656494,0.9968154212521313,0.9517193101546425,1.0006379895252655,0.9743678244658173,265358.6,224748.07618552644,40290.5283195457,-3191.54,21893.94781603667,33789.880000000005,392682.5403160366,105274.985,3111.57,17556.78730212103,21058.765448064427,951.7177135142432,3193.715,68198.92806218503,29136.22440716745,291068.6602327324,78046.75223654816,22838.6344428963,22195.10134506208,44205.58450664075,136593.8210460302,96180.4433567045,18702.40781603667,74831.65249999998,3302.669131292496,-10685.36735049996,146.0,81.0,186.0,0.0,0.0,0.0,0.0,0.0,0.0,0.0,0.0,1.0,0.0,0.0,0.0,0.0,1.0,0.0,0.0,0.0,0.0,0.08,0.52,0.18,0.8,0.86,0.45,0.48,0.0,0.0,0.0,0.86,0.45,0.9335556419712429,0.9709411384716576,0.8967372906306323,0.9599532176927305,0.9186479827747515,0.963811115754283,0.9637919684002633,0.963811115754283,0.9517193101546425,0.9017693822551301,-236.02022565816878,-12.056207971829167,0.6437640029873041,11524.874164011753,17902.32773272823,70059.62583598825,65828.37226727177,1.0642770498947935,0.6437640029873041,1.0642770498947935,0.9743678244658173,0.9456584722222552,108.13333333333333,41.597156109435396,6665.0,6453.666666666667,5742.0,3.1666666666666665,11109.666666666668,0.8897267703114509,3532.7419722705718,11109.666666666668,96.93333333333334,99.0574602430593,39.141079098837764,46.213618948101704,941346.9582806003,0.001,0.001,0.001,0.001,775214.9137653944,0.027032293698905974,428244.22807580506,0.013340254859798228,737226.8456544435,0.006765143381860128,67745.65686373804,-0.004187623524241402,0.027032293698905974,19928.8637832346,20911.956028387085,0.8422395720258196,88837.62310442851,0.7157582840263912,0.07491271066558589,0.07301670033383609,0.29540777318642686,0.2997,0.01166542313201948,0.18182,1.0,1300596.3,6790.942606664306,22850.2,0.0,953957.4551362663,333368.7,620588.7551362664,0.9897625762282614,1.7533333333333332,98.08676906494206,96.90439622,98.08676906494206,98.08676906494206,1280441.1,690906.0,1.8532783041397818,1.0142823042856777,681177.2196761138,1003563.65,0.8504568950470591,1180028.8243232702,163564.3,192325.20889956373,0.4,0.5,0.0,2.0,3.0,100.72611777291432,99.57875380539528,46.65334527526388,49.53847341117347,14148.534733660903,24738.524210855074,-1.2479430333460495,534950.8650732687,286006.7204301075,92165.71372239749,22317.011278195485,2604.416167664671,102187.5,25983.590733590732,-208.68725868725866,81584.5,787081.9922770357,84833.7613227671,84076.60690059545,1677688.9235660234,448832.87554588716,22841.137787405107,70289.35001514273,-1125.02797184959,774626.3397079264,548769.4637548996,3.083614771367528,-0.6702822871784141,-0.4296782550232381,39.5135096365246,-0.7290452871501077,53838.94233361321,-1589.1437110164113,279860.07976719574,285438.7590976282,2916679.528075805,4346213.978075805,1633965.0,1271204.7987049376,0.11496848000000001,1.664064467447446,18.640107076796088,0.8999476467666385,11.351706077179987,15.062689740698117,12.836099542587238,0.1357371600808797,-21083.903156579705,-3.801398748904182,234.4957245787052,4.119859641126404,60.10591823024639
2016Q3,566980.8,307775.7,25194.9,95281.1,513.2,106785.5,28292.9,-272.6,3228.7,87284.5,84055.8,181.4,555209.9,298614.9,24050.1,93749.2,526.5,106460.0,27005.9,-285.2,5088.6,85879.3,80790.7,28278.3,10033.2,0.9792393322666305,0.9702354669325747,0.9545622328328351,0.9839223098809732,0.9969518333481605,0.9545115559027176,0.9839009216985835,0.9611555657075418,267373.2,226842.22186187736,40677.81699086927,-2782.6675,21142.76454932209,33435.3575,391991.3520493221,102872.6925,3153.5625,17621.014637042208,21646.289926818557,938.984130413578,2988.6,68756.74811950707,29098.39603036925,291969.47284449707,77871.90760832914,23146.866888026936,22357.311756487292,44942.58581371943,136988.13060435117,97187.8487321156,18360.09704932209,72822.69750000001,2521.4315326072974,-9998.612663277774,147.0,82.0,187.0,0.0,0.0,0.0,0.0,0.0,0.0,0.0,0.0,1.0,0.0,0.0,0.0,0.0,1.0,0.0,0.0,0.0,0.0,0.08,0.52,0.18,0.8,0.86,0.45,0.48,0.0,0.0,0.0,0.86,0.45,0.9314856633377252,0.9699549584788774,0.8971449556699578,0.9600845852736523,0.9213432006782989,0.9611366485582948,0.9611586570111916,0.9611366485582948,0.9545115559027176,0.8992670738756501,33.24467195988302,-25.000149860919123,0.6671645506596964,11751.769950278447,17614.499959055418,69038.93004972154,66441.30004094458,1.03909661621877,0.6671645506596964,1.03909661621877,0.9611555657075418,0.9446651586658997,102.41333333333334,46.40027502681282,6694.0,6489.0,5757.333333333333,3.033333333333333,11109.0,0.8872450814198386,3532.529980193265,11109.0,98.56666666666666,99.34115068625353,39.40057118953405,46.44045854562298,945095.8413669191,0.001,0.001,0.001,0.001,776930.2794159121,0.027032293698905974,428735.9525739322,0.013340254859798228,741139.1897947494,0.006765143381860128,67972.20139229856,-0.004187623524241402,0.027032293698905974,19949.781263235105,20961.833021958453,0.8431939435248368,89110.60935070571,0.7157582840263912,0.07477574625497205,0.07301670033383609,0.30292390187260443,0.2997,0.011622428452947902,0.18182,1.0,1293133.3,6790.942606664306,23333.7,0.0,966089.0382222538,335692.2,630396.8382222538,0.9894713420906042,1.5633333333333332,98.60774274678882,97.329396885,98.60774274678882,98.60774274678882,1287518.0,694603.7000000001,1.8536008374271544,1.0198881649841505,681058.6923624068,997953.575,0.8441669687571329,1182175.578925206,169292.4,200543.73869810282,0.4,0.5,0.0,2.0,3.0,100.72611777291432,99.40953726929085,46.74846045652785,49.53847341117347,14180.78397889529,-12232.079413897067,0.9117338534756041,535607.0073925188,286688.6520737327,92418.37539432177,22603.47744360902,492.60853293413174,102523.1124807396,26067.471042471043,-275.2895752895753,80790.7,789625.635696683,85106.5263214115,83823.34891471283,1643526.5011822064,449144.0555966489,22851.5485790752,70720.64257903065,-1134.7732253911015,776459.1064524369,551468.3622936936,2.8129333914617307,-1.03733326307,-0.853807775124207,39.661883235047085,-0.49627643314842157,52543.24930875519,-758.7581243900239,280825.32095845276,286779.04543359246,2921457.5525739323,4343033.027573932,1628825.5,1273638.4333821428,0.11494927000000002,1.6668921440848068,18.992993165226892,0.8999476467666385,11.737324703562168,15.191469624065165,13.118982671763366,0.13887442075550457,-19076.317655588264,-3.4358749106578004,232.9089052626763,4.202680823955048,60.46221438054329
2016Q4,567027.9,308233.6,25283.8,95965.5,-1350.9,106846.6,28297.8,-329.3,3968.6,89240.8,85272.2,112.3,555820.0,299908.5,24291.8,94780.5,-1459.2,106662.4,27181.0,-316.7,4771.6,89828.8,85057.3,28538.3,10062.3,0.9802339532146478,0.972990939339514,0.9607653912782098,0.9876518123700705,0.9982760331166363,0.9605340344479076,1.0065889144875437,0.99747983516316,269070.1,228016.53994456,40970.45821248641,-2573.7375,20597.683787999875,35038.93,398211.4462879998,107727.545,3154.65,17763.526067322346,22208.590129377782,917.7988650531448,3277.49,69523.44928565835,28617.641104382477,294531.0463893221,77939.5675999831,23101.41237192452,22413.915352608,45540.30434703893,137560.10426275342,97259.35782334593,18023.946287999875,76078.46999999999,-3738.2648977921344,-9974.144608619972,148.0,83.0,188.0,0.0,0.0,0.0,0.0,0.0,0.0,0.0,0.0,1.0,0.0,0.0,0.0,0.0,1.0,0.0,0.0,0.0,0.0,0.08,0.52,0.18,0.8,0.86,0.45,0.48,0.0,0.0,0.0,0.86,0.45,0.9341310861554473,0.9736315185036184,0.9029749918028287,0.9613598161754972,0.9271564039072467,0.9648140409527789,0.9647794601711654,0.9648140409527789,0.9605340344479076,0.9027077478974354,-155.83271207689086,-0.39614245630400546,0.7786905650983322,12525.374759856433,16085.17596238596,72531.92524014357,69187.02403761404,1.0483457880875326,0.7786905650983322,1.0483457880875326,0.99747983516316,0.9457229739912226,109.38333333333333,46.21002798410883,6700.666666666667,6499.333333333333,5792.0,3.0,11109.333333333334,0.8911683249564059,3532.6359762319184,11109.333333333334,100.43333333333334,98.72618511259294,39.367496537389506,46.45547306629834,954307.7042588625,0.001,0.001,0.0033333333333333327,0.0033333333333333327,782488.4999999998,0.027032293698905974,431838.4,0.013340254859798228,747565.1000000001,0.006765143381860128,68153.20000000006,-0.004187623524241402,0.027032293698905974,20055.651539508504,21011.428741206928,0.8468820898679341,89052.3973165355,0.7157582840263912,0.0733313816711414,0.07301670033383609,0.30647975923273935,0.2997,0.010790359734592385,0.183,1.0,1277865.6,6790.942606664306,23247.600000000002,0.0,978374.9000000005,338015.7,640359.2000000004,0.9896083376378718,2.1300000000000003,98.94907033144705,98.140535892,98.94907033144705,98.94907033144705,1294594.9,698301.4,1.853919954907723,1.025494025682623,680941.4609072673,992343.5,0.9221358467260109,1076135.911561466,178191.7,193238.0143692051,0.4,0.5,0.0,2.0,3.0,100.72611777291432,99.33792672138124,47.05486494116822,49.53847341117347,14181.961999254012,-19910.43630877832,0.03322863843006798,536251.3119239976,287930.58755760366,93435.035488959,22830.63909774436,-1365.2694610778444,102718.02773497687,26236.486486486487,-305.6949806949807,85057.3,792271.6186003448,85381.56838535226,84008.82998697607,1661914.2422171987,449473.30942622613,22877.787499578488,70638.69005544012,-1138.5679581794545,778280.6992671352,553401.3570651895,2.4623255365825445,-0.3640535962435623,-0.7006934296567812,39.875435774706155,0.40628308738990015,52853.68728624989,1049.6940204686687,283907.5072099422,289632.3946736145,2924212.8000000003,4334658.100000001,1615881.3,1282480.0999999999,0.11493412000000003,1.6829995565630236,18.775293663535226,0.8998255084518016,11.639033346260318,15.015046187373306,12.989438482705513,0.13734929614627367,-18570.945235113468,-3.341179740763821,229.90637256665826,4.182577093303587,60.81387859378936
2017Q1,571064.1,309197.2,24882.2,96479.5,-231.5,107138.4,28531.9,-257.4,5143.3,91317.3,86174.0,180.5,559091.9,301250.7,24224.2,95843.4,-375.3,106942.5,27567.1,-283.7,3923.0,95579.8,91656.7,31260.1,10445.7,0.9790352781763029,0.9742995732173513,0.973555393011872,0.9934068895464839,0.9981715239353958,0.9661852172480626,1.046677902215681,1.063623598765289,269081.1,227904.1493344885,41430.43639853752,-2615.66,22789.73143126641,32890.4875,397027.4864312664,104374.225,3100.5875,17946.519545174193,22487.018238291366,950.655856188572,2764.17,70031.71351875411,29132.78942436312,293932.4975557957,77949.55163968881,23131.893965888023,22429.69472323049,45867.368817710434,138356.50790452326,98132.05220796158,20174.07143126641,74881.82750000001,1419.2068464998738,-9613.87007204222,149.0,84.0,189.0,0.0,0.0,0.0,0.0,0.0,0.0,0.0,0.0,1.0,0.0,0.0,0.0,0.0,1.0,0.0,0.0,0.0,0.0,0.08,0.52,0.18,0.8,0.86,0.45,0.48,0.0,0.0,0.0,0.86,0.45,0.9353874550857827,0.9793048990008714,0.9149956701239398,0.9612591717405583,0.932611213559906,0.9791893021312159,0.978933508887426,0.9791893021312159,0.9661852172480626,0.9161576554371407,-148.61767655662354,-35.003925080348694,0.9370176748817526,16613.98467828685,17730.705752571277,75042.71532171314,68443.29424742873,1.0964217334488153,0.9370176748817526,1.0964217334488153,1.063623598765289,0.9444897528278058,113.61333333333333,55.431393553588,6693.333333333333,6499.666666666667,5790.666666666667,2.9,11111.666666666666,0.8909174829478435,3533.37794850249,11111.666666666666,100.66666666666667,99.41633877417496,39.35715219914031,46.46806930693069,963087.5925339466,0.001,0.001,0.07,0.07,789075.0708674245,0.0278685176669215,438038.9779679709,0.012807131686375317,753528.5554665326,0.0070834919587243195,68925.57616888024,0.0021577470543635013,0.0278685176669215,21181.48549789177,22051.78029955637,0.8153262091914208,89159.00556244064,0.7157582840263912,0.07450852875868635,0.07301670033383609,0.3035254018464462,0.2997,0.010371918868872346,0.183,1.0,1274357.9,6790.942606664306,24737.399999999998,0.0,987497.4154716016,336318.575,651178.8404716016,0.9766831096898754,2.4433333333333334,100.3323452797988,98.802053805,100.3323452797988,100.3323452797988,1298587.125,697870.05,1.8607864386786621,1.0286564071246331,678428.7203836425,1056658.125,0.9933529356480177,1063728.7987785377,188072.8,189331.2973171111,0.4,0.5,0.0,2.0,3.0,100.72611777291432,99.17440704391113,46.74087768659766,49.53847341117347,14282.911591013763,-7783.2084881798255,2.847267303778141,539364.1906578334,289219.1820276498,94482.84700315457,22767.105263157897,-351.14146706586826,102987.76964560863,26609.16988416988,-273.8416988416988,91656.70000000001,794312.0580003806,88317.7423998568,87227.17834565158,1728103.940221476,449937.3955628935,22122.445024134475,70390.45056850907,588.2294661817868,779900.729192246,554367.4618635627,3.011835882342342,0.23530452866316764,-0.06437453379019734,39.58821324987677,-0.48913834678503104,51994.3791550819,4098.594307787087,280756.6361965715,286768.661410803,2934658.3029679707,4403960.702967971,1610676.4749999999,1296039.6250042757,0.11492303000000001,1.6864789653805006,20.32254528606527,0.8963471844204466,11.47910674110795,14.19242048621436,12.564432239150515,0.1330287830178417,-17102.033952718557,-3.0588949603309503,227.93352935358212,4.424567767839241,60.15443525474077
2017Q2,572963.0,311146.2,25159.4,97118.4,-398.2,106828.2,28852.0,-39.0,4165.3,91320.4,87155.1,130.8,561539.6,303444.3,24543.1,96535.9,-434.5,107029.8,27966.4,-27.7,2482.2,94640.0,92157.8,30351.3,10663.7,0.9800625869384235,0.9752466846774924,0.9755041853144351,0.9940021664277829,1.001887142159093,0.9693054207680577,1.0363511329341528,1.0573999685617939,269373.6,227929.9722902928,41259.460801515685,-2131.19,21769.2111351061,34703.1275,399891.1211351061,107384.34,3238.325,17963.47443522399,21912.74611488538,992.6743850641304,3023.2725,70035.28502171351,29907.12306036372,293161.32613243494,77634.45137011449,25181.05147739097,22320.45582614208,45225.87632609159,139169.16106318706,100314.05086384628,19638.0211351061,76176.3725,-35.686024384747725,-10376.655790708375,150.0,85.0,190.0,0.0,0.0,0.0,0.0,0.0,0.0,0.0,0.0,1.0,0.0,0.0,0.0,0.0,1.0,0.0,0.0,0.0,0.0,0.08,0.52,0.18,0.8,0.86,0.45,0.48,0.0,0.0,0.0,0.86,0.45,0.9362967402817707,0.979891725579439,0.916827241836875,0.964837386516846,0.9356229930193607,0.984203928123694,0.9838709677419356,0.984203928123694,0.9693054207680577,0.9208494836486658,-42.58999582114507,10.102911409954249,0.902165795369679,16155.565064054288,17907.534454278717,76002.23493594571,69247.56554572129,1.0975437813155267,0.902165795369679,1.0975437813155267,1.0573999685617939,0.9453889351133983,111.07,53.36049299351322,6728.0,6534.0,5816.333333333333,2.8666666666666667,11108.333333333332,0.8901642689521477,3532.3179881159585,11108.333333333332,102.76666666666667,99.42687795859612,39.1879143143377,46.31330162186945,977851.9120986437,0.001,0.001,0.04666666666666667,0.04666666666666667,791678.3516916909,0.0278685176669215,439430.33489114535,0.012807131686375317,757598.7536872618,0.0070834919587243195,69020.44734757202,0.0021577470543635013,0.0278685176669215,21350.453853265342,22097.682175346028,0.8113809636658877,88898.56134178523,0.720452197648565,0.07625975888877312,0.07301670033383609,0.3373049739951684,0.2997,0.010771463566449398,0.183,1.0,1278309.1,4008.3758420906306,22169.8,0.0,996704.9906565393,334621.45,662083.5406565394,0.978474055439846,2.263333333333333,101.05092966855294,99.506039853,101.05092966855294,101.05092966855294,1302579.35,697438.7,1.8676614159782075,1.0318187885666432,675931.3822622389,1120972.75,1.0032518360387215,1117339.3456483393,197268.3,196628.89507274845,0.4,0.5,0.0,2.0,3.0,100.72611777291432,98.99952043606777,46.580263378234086,49.53847341117347,14330.40506997729,-460.29551188954065,1.3300783572282153,541672.880429378,291325.17281105986,95165.51656151419,23066.823308270676,-406.5306886227545,103071.84129429892,26994.594594594593,-26.737451737451735,92157.8,796455.3583789483,88545.19848572953,87961.4102119846,1849757.9879025598,450464.8380872947,22440.09149840424,70128.19739416604,594.8958357948339,781589.3086484094,557203.7890550711,2.828267010110258,0.9218465211877185,0.5785755249254431,39.413803509606865,0.4197228782334657,49695.39521145134,1424.7177800626937,281768.7707880372,287500.792850631,2947067.884891145,4475912.9848911455,1612930.55,1300129.1339304084,0.11491600000000002,1.7066580426635642,22.556873634474965,0.8975621091797595,10.865883837737359,13.172034238557965,11.788343998065601,0.12469306081577529,-17645.982047558908,-3.1424287882028104,227.64362477730867,3.9480385710998833,59.59000042027313
2017Q3,579559.5,310200.6,24991.4,98542.2,2750.0,107318.2,28322.2,-21.7,7154.7,93617.4,86462.8,302.0,569866.6,302746.6,24473.3,98064.9,2739.0,107633.6,27593.9,-22.3,6637.6,98507.7,91870.1,31518.2,10415.9,0.9832754014039973,0.9759703881939622,0.9792688684907608,0.9951563898512515,1.0029389236867559,0.9742851897098389,1.052237084131796,1.062539034127972,272096.5,230726.0595360828,41631.1798945291,-1816.92,22789.49149750984,34189.9925,404821.4939975098,108249.73,3185.9875,18096.32012807381,21901.148208868373,997.0611533526484,3047.31,70870.82546219407,29903.922098378203,296104.61903725896,77910.36782505563,25364.06511551336,22264.427454862354,45162.636817083374,140041.88890348191,100430.62403097493,20972.57149750984,77562.43,3990.0902819249313,-10106.985224734237,151.0,86.0,191.0,0.0,0.0,0.0,0.0,0.0,0.0,0.0,0.0,1.0,0.0,0.0,0.0,0.0,1.0,0.0,0.0,0.0,0.0,0.08,0.52,0.18,0.8,0.86,0.45,0.48,0.0,0.0,0.0,0.86,0.45,0.9369915401247716,0.9810295641278111,0.9203654779048503,0.9658502731960283,0.9404297197971417,0.9878813205181779,0.9874917709019093,0.9878813205181779,0.9742851897098389,0.9242901576704509,22.326368575010747,-1.1580113832964969,0.8583520039830721,14456.148279870942,16841.748155522495,77413.95172012906,69621.05184447751,1.1119330959414355,0.8583520039830721,1.1119330959414355,1.062539034127972,0.9486454534668192,111.02333333333333,49.52091292746094,6755.666666666667,6567.666666666667,5852.666666666667,2.7999999999999994,11112.333333333334,0.8911333299497538,3533.589940579797,11112.333333333334,102.5,98.89042147477261,39.42238174098692,46.49102973003759,983070.6143621095,0.001,0.001,0.049999999999999996,0.049999999999999996,795025.3428134449,0.0278685176669215,441594.9560536692,0.012807131686375317,762995.3482709579,0.0070834919587243195,69813.60112133936,0.0021577470543635013,0.0278685176669215,21465.77871873314,22145.526331343634,0.814760146093242,89274.90773096272,0.720452197648565,0.07591021323152572,0.07301670033383609,0.33823334576158365,0.2997,0.010852945118734478,0.183,1.0,1281578.9,4008.3758420906306,27739.9,0.0,1005998.4186644375,332924.325,673074.0936644375,0.9742033871409022,2.2433333333333336,101.55393874068083,100.332751869,101.55393874068083,101.55393874068083,1306571.575,697007.35,1.874544902575274,1.0349811700086533,673449.305357094,1185287.375,1.0465831554356146,1132530.5293172363,204195.7,195107.00027940786,0.4,0.5,0.0,2.0,3.0,100.72611777291432,98.76371184878424,47.012672245408176,49.53847341117347,14495.390447818627,-950.7345646044259,4.605183929852364,549796.484688503,290655.3379416282,96672.81151419558,23001.22180451128,2562.687125748503,103653.31278890601,26635.03861003861,-21.525096525096526,91870.1,798894.8781530502,88784.12090359206,88251.60852255672,1952750.7632948125,450943.525585829,22511.36866375562,70670.02854626274,595.7146678202986,783133.4770655733,559519.7337503117,3.5816013343027473,1.141764939920648,1.0318057305541832,39.86471202475737,1.3112690999092746,50409.92598911416,1040.9004611155406,283422.1127644834,288242.8588773717,2957301.231053669,4547957.131053669,1614503.2249999999,1306433.8999884534,0.11491303000000003,1.6962375983175315,23.512975901927696,0.8973883847102778,10.450378463285174,12.659598911634912,11.33406664262507,0.11947631858883412,-16882.13825841696,-2.9624719642135475,224.89103590208654,4.867788356081932,58.421448984727306
2017Q4,580438.6,311514.6,24499.5,99159.2,3400.2,107307.2,28516.7,-17.8,5711.5,94687.3,88975.8,347.5,569668.6,304769.1,23967.5,98814.0,3398.2,107582.2,27709.1,-13.8,3442.2,100102.8,96660.6,31583.8,11081.1,0.9814450658519265,0.9783461192509115,0.9782852711279822,0.9965187294774464,1.002562735771691,0.9716797525660402,1.0571935201447291,1.0863695521703653,272818.3,230674.9964202144,41902.968010185694,-1788.7575,22353.93206823985,34561.205,412179.2020682399,115304.9275,3214.1225,18119.420496482297,22456.415861913378,1035.039621002798,3144.125,71239.21394812634,30914.25370521005,295411.2827573488,78170.15065119012,25702.610886033723,22235.560567456047,45727.01605037222,140934.22133298553,102343.880641616,20565.17456823985,84234.5225,-5525.014451597643,-10338.837308744842,152.0,87.0,192.0,0.0,0.0,0.0,0.0,0.0,0.0,0.0,0.0,1.0,0.0,0.0,0.0,0.0,1.0,0.0,0.0,0.0,0.0,0.08,0.52,0.18,0.8,0.86,0.45,0.48,0.0,0.0,0.0,0.86,0.45,0.9392723879137015,0.9823725645479559,0.9194410442932164,0.9654879966984699,0.9379148190791894,0.997241955704137,0.9967083607636605,0.997241955704137,0.9716797525660402,0.9330482369986312,7.3779022147932665,3.4958995956755174,0.9756036843415485,16400.042961148552,16810.148653976456,80260.55703885146,72165.65134602354,1.1121711720443574,0.9756036843415485,1.1121711720443574,1.0863695521703653,0.9466850893259312,112.92999999999999,58.542266743110154,6752.0,6568.333333333333,5863.0,2.7000000000000006,11110.666666666668,0.8926160872874905,3533.059960386531,11110.666666666668,103.76666666666667,99.06111478628378,39.34419178240054,46.532201944397066,991368.4129348891,0.001,0.001,0.05333333333333334,0.05333333333333334,798630.7,0.0278685176669215,441493.39999999997,0.012807131686375317,762491.9999999998,0.0070834919587243195,71172.60000000003,0.0021577470543635013,0.0278685176669215,21618.68565608557,22189.278749607223,0.8144971321753885,89234.09609340463,0.720452197648565,0.0782320042899765,0.07301670033383609,0.33741630199805284,0.2997,0.010707978442124276,0.183,1.0,1290204.7,4008.3758420906306,23944.9,0.0,1015378.4999999999,331227.2,684151.2999999998,0.9769216322658311,2.3699999999999997,102.88331985987604,101.188160451,102.88331985987604,102.88331985987604,1310563.8,696576.0,1.881436914277839,1.0381435514506634,670982.3502025616,1249602.0,1.1416796229910986,1094529.476427156,224099.4,196289.21764661052,0.4,0.5,0.0,2.0,3.0,100.72611777291432,98.45109704271869,46.973226623571186,49.53847341117347,14517.37766007669,4891.443946815365,0.6067366681073999,549492.5678892185,292597.0622119815,97411.27760252367,22525.845864661656,3179.453592814371,103603.81355932204,26746.23552123552,-13.32046332046332,96660.59999999999,801420.6621272289,89056.0641032855,88624.71124738724,1948382.3494164003,451293.10747053294,22622.25901687385,71369.44007710363,602.5603686963138,784715.3323781716,560106.8266269794,3.6299813547106,0.8977776374548383,1.019771288687743,39.717089664579696,-0.7445871418962778,51823.18097060329,2670.036129880393,283396.1879978538,288753.9994425023,2983600.6999999997,4623091.100000001,1621431.9,1311296.7,0.11491412000000002,1.7079643099802273,24.112800036509473,0.8972147148726631,10.477653734129404,12.666517247731827,11.353199139570375,0.1199258261018371,-14937.424212738726,-2.622125251898863,226.48337998618845,4.203303464505504,58.14384012037876
2018Q1,579414.9,310597.1,23819.6,99681.6,1395.9,108136.5,28739.1,-12.8,6700.8,96277.0,89576.2,357.0,569522.9,305163.6,23388.8,99423.8,1279.8,108690.1,27956.3,-21.5,3642.2,101582.0,97939.8,32029.0,12056.0,0.9829276050719441,0.982506275815196,0.981914053972359,0.9974137654291263,1.0051194555029985,0.972761847100292,1.0551014260934595,1.093368551021365,276751.1,234030.63228209663,42098.83010336172,-1586.5775,22865.890490462105,29157.5875,393302.78799046215,91623.4075,3315.8625,18096.88671050791,22630.195969411958,1073.172971998819,2771.475,71681.66580485406,29664.239297225373,297876.6721584879,78188.77525286331,25595.57335390245,22281.94009470928,45985.309036120045,141898.60114442895,101245.12168724788,21279.312990462106,66114.7875,11080.676828988828,-7740.775982758088,153.0,88.0,193.0,0.0,0.0,0.0,0.0,0.0,0.0,0.0,0.0,1.0,0.0,0.0,0.0,0.0,1.0,0.0,0.0,0.0,0.0,0.08,0.52,0.18,0.8,0.86,0.45,0.48,0.0,0.0,0.0,0.86,0.45,0.9432663938317933,0.983254894941962,0.9228515544852998,0.9679501690129031,0.9389593118728687,1.0025908900961134,1.0029624753127058,1.0025908900961134,0.972761847100292,0.9380528537575911,-119.71662348516475,-9.048648357116262,1.0455563853622107,17418.760762796363,16659.800472417377,80521.03923720364,72916.39952758262,1.1042925838205213,1.0455563853622107,1.1042925838205213,1.093368551021365,0.9482749516015287,108.21666666666665,67.22417693876233,6817.666666666667,6648.0,5912.333333333333,2.466666666666667,11107.333333333334,0.889340152426795,3532.0,11107.333333333334,103.17362210907163,97.89366842635157,39.58346376762079,46.809116536054574,994050.3069927801,0.001,0.001,0.06,0.06,800627.0954081408,0.02949510712216158,442157.72904295544,0.015391644808026073,763106.637663586,0.009463100003685943,71662.20528538032,0.0029641128155415974,0.02949510712216158,28862.152192042,29703.358658881163,0.6061507250196806,90131.78761339957,0.720452197648565,0.07477890629856049,0.07301670033383609,0.3272514216163015,0.2997,0.01095747563297882,0.183,1.0,1289900.0,4008.3758420906306,23615.199999999997,0.0,1015081.4196453728,334311.17500000005,680770.2446453727,0.9914867347850661,2.76,104.21270097907123,101.790870262,104.21270097907123,104.21270097907123,1317369.5,699930.325,1.882143769095874,1.0435345851173248,670730.3571748,1195022.175,1.1525967696459503,1036808.5409150347,229010.6,198690.99587217002,0.4,0.5,0.0,2.0,3.0,100.72611777291432,98.2667904804714,47.81628606682619,49.53847341117347,14491.773850284198,-4391.213870321307,-0.7054665213512358,549444.6362547047,292975.80645161285,98012.42113564668,21981.954887218046,1197.4176646706587,104670.7434514638,26984.845559845562,-20.752895752895753,97939.8,802703.0738478728,94551.9531174251,94222.79219018754,1807225.3967661748,450301.86425603624,27181.23839155111,71477.01619202866,843.854463101664,784474.2677134514,564588.4718545313,2.626059313036911,0.4033468989199016,0.65056226818737,40.435162359249674,0.6042270817188234,51143.71134693929,1540.8349196571921,282751.55765078386,287662.6479832034,2995309.8290429553,4578760.579042955,1624211.175,1314447.0297364767,0.11491927000000002,1.7156105357193612,23.365965111398125,0.8968675390081896,11.509036574720975,13.33368458111118,12.238895777277058,0.12906484302476778,-16346.055481285413,-2.8701313821244785,226.48781989275585,4.146488227251265,58.700216444325605
2018Q2,583110.4,310819.5,23192.9,102389.9,1759.4,108020.7,29151.6,20.2,7310.8,97063.6,89752.9,445.3,571304.9,304624.8,22823.3,102391.1,2023.5,108776.5,28533.3,34.2,2098.1,102076.4,99978.3,33578.7,11907.7,0.9797542626576374,0.9800697832664939,0.9840640885788322,1.0000117199059675,1.0069968070934552,0.9787901864734697,1.051644488768189,1.1139283521758072,279766.5,238032.6992459026,42636.13800030201,-1026.045,22479.304392084072,30979.930000000004,412734.35939208406,108084.04,3131.42,18263.37111428736,22400.566775834297,1074.192658219015,3065.77,72740.08210330174,30840.727726664903,293535.35998513264,78252.11173831174,26846.9964717768,22707.53739658409,46182.29683063741,142708.03582291768,103870.02102907911,21453.259392084077,80534.66999999998,-5583.022045639111,-14361.6763152965,154.0,89.0,194.0,0.0,0.0,0.0,0.0,0.0,0.0,0.0,0.0,1.0,0.0,0.0,0.0,0.0,1.0,0.0,0.0,0.0,0.0,0.08,0.52,0.18,0.8,0.86,0.45,0.48,0.0,0.0,0.0,0.86,0.45,0.9409272112773558,0.9858159699388481,0.9248722637019099,0.9697580961993983,0.9447781722716889,1.01027998328458,1.0105332455562872,1.01027998328458,0.9787901864734697,0.9452469903485965,246.01339740910998,14.428438233235916,1.1058003485187953,18722.049914031926,16930.768686327385,81256.25008596807,72822.13131367261,1.1158180709648076,1.1058003485187953,1.1158180709648076,1.1139283521758072,0.945218425092895,109.08333333333333,70.1409648785909,6848.333333333333,6684.666666666667,5952.666666666667,2.3666666666666667,11109.666666666666,0.8904956617133739,3543.0,11109.666666666666,103.14473811631994,99.63548407900944,39.987574069756285,46.99851607122858,1008622.1725695857,0.001,0.001,0.03666666666666667,0.03666666666666667,804634.1658236829,0.02949510712216158,442011.28227440454,0.015391644808026073,767702.9336235333,0.009463100003685943,72503.62980568409,0.0029641128155415974,0.02949510712216158,28885.41770274819,29694.233782762756,0.6107742613967082,89884.2262935919,0.7245459669503623,0.07754855404334514,0.07301670033383609,0.3531475959524961,0.2974,0.010744258086194853,0.183,1.0,1294248.8,3200.259786946308,23769.099999999995,0.0,1014784.4262107849,337395.15,677389.2762107849,0.9914501811074666,2.92,106.24270187730171,102.318027191,106.24270187730171,106.24270187730171,1324175.2000000002,703284.65,1.8828438812079862,1.0489256187839864,670480.9544220247,1140442.35,1.1350782078650934,1004725.7907849327,229795.8,202449.31001909584,0.4,0.5,0.0,2.0,3.0,100.72611777291432,97.97366724709377,47.17045990759623,49.53847341117347,14584.202178005364,918.7049641295475,2.5511943168876052,551166.6939432881,292458.5253456221,100937.59858044166,21450.469924812027,1893.244760479042,104753.94838212634,27541.795366795366,33.011583011583014,99978.3,804624.7356974414,94703.25260172553,94458.32777587276,1774900.7391229721,449169.20290501544,27222.138858210415,71765.87778168517,849.6594443054744,784338.6092677607,566611.1641496449,2.9119150652664496,0.6045815271994363,0.5039642130596689,40.13386840981948,-1.2913839830856717,49879.82545708051,2218.2888211676373,285417.7319083451,291315.6316708781,3006735.6822744044,4538272.782274405,1631643.9500000002,1319149.0779037715,0.11492848000000001,1.7297276340287975,22.863799934129737,0.8980836105916775,11.661986995568215,13.759142431483175,12.500849169934199,0.1322535494238343,-13720.380143481996,-2.4015862884218206,226.54256947559875,4.160492934683388,59.05693264664805
2018Q3,580388.3,311431.5,23241.8,99640.2,2092.9,107978.7,29008.3,66.8,6568.5,95714.8,89146.3,359.6,567924.8,306535.6,22891.8,99685.2,2072.5,108486.1,28417.9,80.5,-244.9,102286.8,102531.7,33611.2,12050.6,0.9785255836480508,0.9842793680151172,0.984940925401647,1.0004516249465578,1.0046990749101443,0.9796472044208038,1.0686623176353083,1.150150931670748,280390.5,237642.44021767605,42837.107235895215,-924.7625,22642.095940566865,31362.2825,409102.04094056686,103471.8575,3212.7025,18313.307423459224,22334.51981852109,1080.6306898323846,3028.5625,72962.2699345702,30727.04883836757,299109.5276168174,78328.91468458081,26897.278511444525,22303.269859263157,45718.42036761664,143415.5888867739,103342.74771742872,21717.33344056686,75631.925,-5721.987694957352,-9924.946735392556,155.0,90.0,195.0,0.0,0.0,0.0,0.0,0.0,0.0,0.0,0.0,1.0,0.0,0.0,0.0,0.0,1.0,0.0,0.0,0.0,0.0,0.08,0.52,0.18,0.8,0.86,0.45,0.48,0.0,0.0,0.0,0.86,0.45,0.9449686712894749,0.9862496302706604,0.9256963584601945,0.9675453340814179,0.9456054096725904,1.0186376932720433,1.0187623436471365,1.0186376932720433,0.9796472044208038,0.9530667040344717,-59.4068282490598,15.059566744690315,1.2013940751804832,20993.049730225357,17473.908157131213,81538.65026977463,71672.39184286879,1.1376577252861348,1.2013940751804832,1.1376577252861348,1.150150931670748,0.9437725688629328,111.46,76.32587237471485,6848.666666666667,6683.0,5967.333333333333,2.433333333333333,11105.333333333334,0.8929123647064691,3553.0,11105.333333333334,101.93161042074853,97.89586127145262,39.82389233901397,46.987571221092615,1011363.6285405267,0.0013333333333333333,0.0013333333333333333,0.09999999999999999,0.09999999999999999,806166.2133423828,0.02949510712216158,441318.7377432643,0.015391644808026073,768208.3902318354,0.009463100003685943,73404.86639079396,0.0029641128155415974,0.02949510712216158,29059.39853601027,29689.098785011094,0.6139510815875896,89751.04568958165,0.7245459669503623,0.07697627289448454,0.07301670033383609,0.3488097463860192,0.2974,0.010539478910740627,0.183,1.0,1286380.3,3200.259786946308,21315.699999999997,0.0,1014487.5196708015,340479.125,674008.3946708015,0.9933462291914984,2.926666666666667,107.06907392436898,102.634628694,107.06907392436898,107.06907392436898,1330980.9000000001,706638.9750000001,1.8835373466344678,1.0543166524506478,670234.1022097036,1085862.525,1.1163244317342678,972712.3174336123,236809.2,212132.9546036224,0.4,0.5,0.0,2.0,3.0,100.72611777291432,97.73572391551065,47.99750531925157,49.53847341117347,14516.119604364509,-11253.457414093775,-1.867296484507892,547754.5568289906,294293.0107526881,98270.11041009465,21514.84962406015,1939.0905688622754,104474.2873651772,27430.405405405403,77.7027027027027,102531.7,805802.2929249044,94929.97109014793,94931.0836604826,1745969.4285450922,448066.20007519727,27213.12263163114,72061.80065358138,859.6357531212478,784168.4095715077,567504.232311057,2.2703033661044247,0.5321007983577166,0.5683411627785764,40.679852878138995,-0.5016274208407384,49900.042478417214,2420.9278685669683,286392.3784116431,292677.4559577082,3011626.3377432646,4485021.587743265,1626859.425,1320889.8174764412,0.11494175000000002,1.7425637776304703,21.760753519792246,0.8947890616293754,11.636760297077277,14.11816072335464,12.629320467588222,0.13381741411285308,-13539.829656375101,-2.3840884667081097,226.50539296751964,3.7532609951176625,59.951445156119256
2018Q4,580805.2,311606.0,23491.1,101879.0,3796.1,108842.2,28663.7,27.4,2430.8,95965.2,93534.4,69.0,568076.6,307036.5,23141.2,102154.0,3872.3,108837.4,28154.4,27.0,-5146.3,101553.6,106699.8,34624.5,12480.1,0.9780845626037784,0.9853356482224347,0.9851049972117101,1.002699280519047,0.9999558994581146,0.9822318821366397,1.0582336096835103,1.1407546314511026,281828.6,238739.1613779758,42956.18966442096,-708.9224999999999,24903.568407439296,29544.185,402131.3334074393,92454.2625,3273.725,18406.154859712376,22589.039315412545,1096.5461173896854,2958.355,73197.27888213743,30720.19107534522,302173.4541366891,78357.68970591728,27067.84725636846,22365.57854235076,46051.16397515299,144010.06369495334,103839.20230686667,24194.64590743929,66563.90250000001,986.7939224543516,-8543.119019184785,156.0,91.0,196.0,0.0,0.0,0.0,0.0,0.0,0.0,0.0,0.0,1.0,0.0,0.0,0.0,0.0,1.0,0.0,0.0,0.0,0.0,0.08,0.52,0.18,0.8,0.86,0.45,0.48,0.0,0.0,0.0,0.86,0.45,0.9459827651905094,0.9884653790605749,0.9258505612892012,0.9629775611114355,0.9481002723326638,1.0193063100710404,1.0194206714944043,1.0193063100710404,0.9822318821366397,0.9536922811293418,2.911316339323548,0.08684642945607379,1.251680358476475,20759.642096613206,16585.41811895291,85940.1579033868,76948.98188104708,1.1168459387317027,1.251680358476475,1.1168459387317027,1.1407546314511026,0.9430331771088384,112.85000000000001,77.36216991756076,6881.0,6712.0,5982.666666666667,2.466666666666667,11107.666666666668,0.8913388955105285,3560.0,11107.666666666668,104.99331365242871,97.92591208910929,39.90514175027454,47.1075217294406,1015764.242233359,0.001,0.001,0.06999999999999999,0.06999999999999999,809684.4999999998,0.02949510712216158,440383.8000000001,0.015391644808026073,769984.9999999999,0.009463100003685943,74203.40000000005,0.0029641128155415974,0.02949510712216158,29078.531281737814,29682.656318026136,0.6201253155950259,90435.23338308535,0.7245459669503623,0.07655032474017767,0.07301670033383609,0.3532325313607261,0.2974,0.010276927579898794,0.183,1.0,1306996.8,3200.259786946308,16998.1,0.0,1014190.7000000004,343563.10000000003,670627.6000000003,0.9965767357984135,3.033333333333333,106.7097817299919,102.805407822,106.7097817299919,106.7097817299919,1337786.6,709993.3,1.8842242595810412,1.0597076861173091,669989.7616118678,1031282.7,1.056157677797022,976447.6665558997,190728.1,180586.76654969613,0.4,0.5,0.0,2.0,3.0,100.72611777291432,97.08314710520916,48.10526726222814,49.53847341117347,14526.546710257337,17461.842914459558,0.2873248823244072,547718.5730373343,294773.9055299539,100703.86435331231,21749.248120300752,3623.035179640719,104812.59630200309,27176.061776061775,26.06177606177606,106699.8,807504.817975801,95068.89979641391,95111.83528320378,1739234.6289809437,447042.4992731579,27170.485033882935,72797.94039029196,870.3212207682843,783913.6704920011,568319.8671805995,2.1968848073778333,0.620214237703457,0.5761575180305868,40.75033961793708,-0.1802798216591025,46703.933451959914,194.47283511763996,285813.0047484346,292217.0696443323,2991665.1000000006,4460013.0,1650559.9000000001,1324271.7,0.11495908000000002,1.748889717642609,22.081281463386517,0.8963471844204466,11.640662720033626,14.23248549537336,12.677391830169519,0.13443208720435487,-12618.628342161768,-2.221289935575901,230.07404283154776,2.9922197112150015,60.47830521447285
2019Q1,581283.2,310404.0,24163.5,102335.0,1163.3,109146.8,29319.5,-41.6,4564.9,94823.5,90258.6,227.8,572525.5,306481.6,23822.0,102519.9,1089.3,109468.2,28795.8,-42.5,391.2,98993.2,98602.0,33758.3,12111.4,0.9849338497998911,0.9873635649025141,0.9858671136217849,1.0018068109639908,1.0029446580202075,0.9821381674312317,1.043973276666649,1.0924388368532194,281186.1,237171.8553657916,42739.57175682444,-659.8924999999999,21977.79047065248,32159.4725,411549.5079706524,105459.0175,3293.1849999999995,18390.72107446454,22690.182415447496,1034.9899587180128,3061.2325,72989.14153603588,31835.83012116425,300241.1897997888,78847.34748755135,26517.80918174855,22138.057310154392,45863.2296843199,144458.83044370892,104216.86898723272,21317.89797065248,76886.03749999998,-4637.935598681273,-9104.549001214851,157.0,92.0,197.0,0.0,0.0,0.0,0.0,0.0,0.0,0.0,0.0,1.0,0.0,0.0,0.0,1.0,1.0,0.0,0.0,0.0,0.0,0.08,0.52,0.18,0.8,0.86,0.45,0.48,0.0,0.0,0.0,0.86,0.45,0.9479296898065611,0.9875855786316945,0.9265668361107,0.9658557954740057,0.9480098141228105,1.011617216882574,1.0118499012508229,1.011617216882574,0.9821381674312317,0.9464981445383366,-87.51430839949853,-1.643052234860761,1.070450585013692,16182.904999657003,15117.844042702829,82419.09500034299,75140.75595729718,1.096862733816281,1.070450585013692,1.096862733816281,1.0924388368532194,0.9501039006015751,110.18333333333334,63.554043721317896,6892.666666666667,6723.333333333333,5995.666666666667,2.466666666666667,11103.0,0.8917699553792763,3570.0,11103.0,101.20951060195604,96.14701209384276,39.557211658274014,46.89822093734363,1017400.5533721803,0.001,0.001,0.001,0.001,811345.8670023321,0.028737916047071488,440439.2174732059,0.014160276938989746,772126.0611004699,0.00647402257183477,73802.52373438967,0.0015405417608760907,0.028737916047071488,19939.60107989678,20300.29918854024,0.9032736669444765,90810.07431189728,0.7245459669503623,0.07904259551503438,0.07301670033383609,0.367225093277857,0.2974,0.010496642651447362,0.183,1.0,1319420.3,3200.259786946308,22038.1,0.0,1032356.2415726276,347531.95,684824.2915726276,0.995515598153585,2.6533333333333333,105.47022365939101,103.451408598,105.47022365939101,105.47022365939101,1344326.8,713086.5,1.8852226202571498,1.0648884079220757,669634.9539492601,1058251.35,1.0176018044870505,1039946.4164997624,201227.0,197746.30814597843,0.4,0.5,0.0,2.0,3.0,100.72611777291432,96.62444325480693,48.777616606087946,49.53847341117347,14538.501991180274,8897.609535504715,0.3291981545619771,552279.4356741655,294241.1674347158,101064.57018927445,22389.0977443609,1019.1803892215569,105420.06933744221,27795.173745173743,-41.02316602316602,98602.0,809882.5623092068,92824.02266637726,93074.5807424602,1786821.0296229867,446753.1286799517,24943.826269778696,72954.98979527202,457.253745995972,786168.4706948663,568927.2894553823,2.1717908023792707,0.4404436440652619,0.5303289408843594,41.14242429048635,2.801102259656993,47397.45624675917,-2259.283696705537,287367.9483303512,291763.7041195566,3021704.967473206,4509969.617473206,1666952.25,1325587.6082099276,0.11498047000000002,1.7502665712206724,22.327176051190694,0.8999476467666385,11.32857628410883,14.113441960870661,12.442522554813564,0.13095959870215626,-14103.56185798114,-2.4633945314193237,230.45616308793234,3.849278329087525,60.701567004439106
2019Q2,583692.7,310303.6,24432.5,102270.8,2659.0,110300.6,29933.3,-97.4,3745.6,95182.5,91436.9,144.8,574858.6,307006.1,24115.7,102512.1,3017.2,111205.9,29472.5,-108.6,-2362.3,98003.5,100365.8,34598.6,12484.8,0.9848651525023356,0.9893733105255627,0.9870336641768137,1.0023594222397791,1.0082075709470302,0.9846057735030885,1.0296378010663725,1.097650948358923,284829.1,242288.48845816855,43597.87372373353,-292.135,22329.9966562378,31223.450000000004,413023.4766562377,102544.3075,3298.605,18554.44237478164,23290.15067532492,994.7158416094884,3142.8875000000003,74167.41264635406,29770.21903405402,299278.7971010013,78989.85283739016,25222.41557375372,22418.008009862457,46702.87452679686,144880.1015958115,101695.5091346046,22037.8616562378,74933.06499999997,-4491.165278846107,-14155.97071221855,158.0,93.0,198.0,0.0,0.0,0.0,0.0,0.0,0.0,0.0,0.0,1.0,0.0,0.0,0.0,0.0,1.0,0.0,0.0,0.0,0.0,0.08,0.52,0.18,0.8,0.86,0.45,0.48,0.0,0.0,0.0,0.86,0.45,0.9498591690913619,0.9881303452679211,0.927663218211291,0.9709240860429798,0.9503916732655294,1.015963226076055,1.0161290322580645,1.015963226076055,0.9846057735030885,0.9505643956549915,315.75378186376975,-12.699397660799164,1.1028130445606175,18657.487719509165,16918.087622859664,81708.31228049083,74518.81237714033,1.0964789920022393,1.1028130445606175,1.0964789920022393,1.097650948358923,0.9497539600225827,109.82,71.918171020445,6900.333333333333,6737.666666666667,6021.666666666667,2.3333333333333335,11101.666666666666,0.8937317567901846,3577.0,11101.666666666666,102.39375430477573,96.4467745598439,40.23611765150875,47.30070855244948,1032722.9057532897,0.002,0.002,0.001,0.001,814092.1911661682,0.028737916047071488,440745.1815177255,0.014160276938989746,776422.8193378141,0.00647402257183477,74759.70247200021,0.0015405417608760907,0.028737916047071488,19995.04619146526,20358.68969817354,0.9039577436379872,91897.20479701311,0.7382980830516781,0.0736352407624797,0.07301670033383609,0.3367292873039029,0.2974,0.00991090432806283,0.183,1.0,1331168.1,2694.8633273617925,19751.5,0.0,1050847.152822404,351500.80000000005,699346.3528224039,0.9972116952124834,2.3333333333333335,106.94332165633699,104.114072867,106.94332165633699,106.94332165633699,1350867.0,716179.7000000001,1.8862123570383242,1.070069129726842,669283.5818773878,1085220.0,1.0108070514627894,1073617.3619184035,196001.8,193906.2452288555,0.4,0.5,0.0,2.0,3.0,100.72611777291432,96.25253173040407,49.04332858026272,49.53847341117347,14598.766111230103,7178.290473242882,1.6580558323378347,554364.4532612733,294744.7196620583,101056.88091482651,22665.13157894737,2822.9790419161677,107093.5092449923,28448.35907335907,-104.82625482625481,100365.8,812175.9252255778,93097.34833451652,93265.5576442058,1770048.6203891574,446535.10565448354,24946.965176850106,73585.04771943754,454.7834794835046,788562.1232703229,569826.7739947442,2.4333581077718316,0.2347674819283497,0.3376055629968058,41.71846890177005,-0.027899253363822724,48752.87304109826,1279.741322352489,291104.77115698205,295578.303707209,3035595.5815177253,4559501.081517726,1682668.9000000001,1329597.0751558938,0.11500592000000003,1.7692921390884104,22.259611225069108,0.8999476467666385,11.519070140345587,14.241002744628332,12.607843182058685,0.1327485192244832,-18278.038107028657,-3.1795711340195063,231.56444036846628,3.4358884080363414,61.14561041619627
2019Q3,584161.3,312589.6,24540.6,104538.7,-237.5,110864.0,29752.1,-113.8,2431.6,95698.9,93267.3,-204.0,575468.9,309629.2,24296.9,104574.3,-460.1,111160.0,29407.0,-121.6,-3016.8,97237.8,100254.6,35269.9,12907.3,0.9851198632980308,0.9905294354002822,0.9900695174527111,1.0003405437412174,1.002669937941983,0.9884008187657343,1.0160806446051105,1.0749169323010315,285173.3,241562.4594645027,43591.68419104201,-405.9024999999999,22671.79968528461,29968.945,407935.61468528456,96845.44,3347.87,18584.674272274824,23470.91730848066,995.4108514894566,2900.6425,74197.16987136046,30452.33493558985,302870.58544242574,79327.6096023822,25538.82927555909,22542.79420836588,47009.122368336,145244.2936272787,103000.28657948492,22265.89718528461,70527.47249999999,543.1118191007408,-9621.56403829076,159.0,94.0,199.0,0.0,0.0,0.0,0.0,0.0,0.0,0.0,0.0,1.0,0.0,0.0,0.0,0.0,1.0,0.0,0.0,0.0,0.0,0.08,0.52,0.18,0.8,0.86,0.45,0.48,0.0,0.0,0.0,0.86,0.45,0.9509691200079513,0.9861401259278563,0.930516463771345,0.965591234535808,0.9540548443684693,1.0096113664855828,1.0098749177090192,1.0096113664855828,0.9884008187657343,0.9446214132537265,-220.3173004596741,-9.119986824459431,1.006970375902415,17270.874541498986,17151.32337038354,82983.72545850102,76115.97662961646,1.0902274283663642,1.006970375902415,1.0902274283663642,1.0749169323010315,0.950179480235521,107.32333333333334,66.34270302227421,6913.333333333333,6754.0,6042.666666666667,2.3333333333333335,11104.666666666666,0.8946796959826276,3585.0,11104.666666666666,99.99638290638465,96.66147493384469,39.976135171751324,47.19328662842012,1034136.445957476,0.002,0.002,0.001,0.001,815247.8897252345,0.028737916047071488,441914.7518664945,0.014160276938989746,781721.2450829797,0.00647402257183477,74062.82518937168,0.0015405417608760907,0.028737916047071488,20106.315430722392,20420.67594138409,0.9076676270583895,92328.81352535557,0.7382980830516781,0.07510316299308459,0.07301670033383609,0.347449420688386,0.2974,0.009928829714441598,0.183,1.0,1337627.8,2694.8633273617925,19345.800000000003,0.0,1069669.2615649416,355469.65,714199.6115649416,0.9975317268125704,1.7966666666666666,105.95526812180005,104.70734985,105.95526812180005,105.95526812180005,1357407.2,719272.9000000001,1.8871935811845542,1.0752498515316085,668935.595736612,1112188.65,0.9996364173413355,1112593.1695826089,199106.6,199179.01803692806,0.4,0.5,0.0,2.0,3.0,100.72611777291432,95.8661987782457,48.823263519121035,49.53847341117347,14610.486288302258,2202.62692994973,0.3211278811608185,555058.0804077063,297263.0568356375,103089.80678233439,22835.43233082707,-430.48278443113776,107049.30662557781,28385.135135135133,-117.37451737451737,100254.59999999999,814970.3566709924,93360.97421834106,93581.25217723925,1764759.2253205362,446347.19489543495,24964.295319265195,73357.7569032146,460.6817747551513,790894.979284977,570908.2072871051,2.3214051827827418,-0.01110310609435151,0.1118321879169991,41.3568437675,0.10345001853218223,47132.174865455,-1886.544339213122,289820.3497954319,294198.0571025719,3053391.701866495,4604608.051866495,1693097.4500000002,1331225.4667811005,0.11503543000000002,1.7702926331434075,23.597227439109034,0.8999476467666385,11.710711378111258,14.087568403748662,12.66145418836622,0.13325329005450448,-17028.292280200894,-2.9590291117731806,232.44137085427204,3.3617455261266076,61.77043624772772
2019Q4,567319.0,301377.9,24174.3,97794.6,613.9,111473.7,29640.9,-61.0,2453.6,93823.9,91370.3,-148.8,564583.7,301135.9,24296.2,98236.0,370.2,112628.9,29642.7,-68.4,-1657.9,95417.0,97074.9,33917.1,12726.2,0.9951785503394033,0.9991970214139789,1.0050425451822804,1.0045135416474937,1.0103629824792753,1.0000607269010051,1.0169796821492179,1.0624338543268435,287523.2,244021.10076741743,43789.09146149205,-70.43750000000023,21831.7157143591,29591.49,386422.6632143591,73463.8275,3372.4175,18799.294885613635,22665.00473798219,919.7263492687048,3091.9325000000003,74673.35066824085,30402.36897217444,306945.91619418724,79412.78889619856,26101.242163252336,22327.408107392366,45912.13919464326,145609.33364188764,102415.75033007003,21761.2782143591,47546.695,10922.396449110003,-6337.558775955113,160.0,95.0,200.0,0.0,0.0,0.0,0.0,0.0,0.0,0.0,0.0,1.0,0.0,0.0,0.0,0.0,1.0,0.0,0.0,0.0,1.0,0.1,0.52,0.18,0.8,0.86,0.45,0.48,0.0,0.0,0.0,0.86,0.45,0.9498070545760255,0.9867520055476363,0.9305949492428521,0.9640868153428198,0.9569959109100528,1.0213121604680315,1.0062541145490456,1.0213121604680315,1.0000607269010051,0.94043477022839,-256.78353531132456,-7.396295659038692,0.9950211600697041,15730.82072360532,15809.533862077196,81344.07927639468,75560.76613792281,1.076538571987418,0.9950211600697041,1.076538571987418,1.0624338543268435,0.9513173869236514,108.72666666666667,65.74350162282808,6941.333333333333,6782.333333333333,6053.333333333333,2.3000000000000003,11102.0,0.8925148670565686,3591.0,11102.0,94.85503219658209,95.53054865234425,40.311855853648254,47.49832599118943,1040949.4846257636,0.002,0.002,0.001,0.001,819681.5,0.028737916047071488,448319.70000000007,0.014160276938989746,793233.1000000001,0.00647402257183477,74898.30000000005,0.0015405417608760907,0.028737916047071488,20243.52394219996,20481.087791366932,0.9084710972032456,92867.22370226088,0.7382980830516781,0.07470675715389304,0.07301670033383609,0.36137480909812053,0.2974,0.00947439914198938,0.183,1.0,1332530.8,2694.8633273617925,19532.999999999996,0.0,1088828.5000000005,359438.5,729390.0000000005,0.9974276284909274,1.7933333333333332,105.90137429264348,104.779977339,105.90137429264348,105.90137429264348,1363947.4,722366.1000000001,1.8881664020501512,1.080430573336375,668590.9468197757,1139157.3,1.082494595937219,1052344.5606799752,207136.7,191351.25549579487,0.4,0.5,0.0,2.0,3.0,100.72611777291432,95.63640219742555,49.720562334511264,49.53847341117347,14189.242715313985,-9723.48706784705,-11.532636619372113,539700.428632139,286250.85551330796,96499.01768172887,22496.481481481478,340.88397790055245,107470.3244274809,28366.220095693785,-65.45454545454547,97074.9,815998.4569801296,93682.19876345155,93714.10164990393,1718137.3142655368,446070.3700047744,25030.54107941799,73335.36493453362,456.3875005307709,793184.9323371353,573425.5747287325,-1.0649289110659688,-0.1733367247082454,-0.09221991540129845,42.197869082016446,4.084248999993776,43090.16026922061,3464.4789553598116,291451.7592557833,292863.7872634859,3069791.8000000007,4643393.7,1691969.3,1342899.5000000002,0.11506900000000002,1.8348574340463895,26.43659928119837,0.8999476467666385,11.912270620893292,13.744580229057284,12.64519446415889,0.1329229827812843,-18505.948271388206,-3.2778042071331863,236.02006221575297,3.4597173102942924,63.664342417253636
2020Q1,569205.9,301729.8,23033.7,100981.6,-270.4,111890.9,29370.4,-50.5,2410.7,90329.1,87918.4,109.9,567629.7,302199.7,23306.1,101654.7,-154.0,112451.7,29618.7,-73.4,-1373.8,92293.7,93667.5,33650.8,11635.6,0.9972308790193495,1.0015573536322897,1.011826150379661,1.0066655707574448,1.0050120251065995,1.0084540898319396,1.0217493587337856,1.0653913174034104,286590.9,241462.86596271716,43569.6633233368,-39.6099999999999,21285.34227952923,33793.899999999994,403742.2722795293,92292.615,3359.215,19029.69628955673,23165.09585617999,856.3779760870402,3274.5725,74350.90837897788,30701.0732081289,307845.0218311338,79078.57397556072,27387.604072738697,22287.345457630152,46308.81928989718,145860.37459628636,104397.49657076478,21245.73227952923,62111.73999999999,-2991.993665712769,-7851.712836849329,161.0,96.0,201.0,0.0,0.0,0.0,0.0,0.0,0.0,0.0,0.0,1.0,0.0,0.0,0.0,0.0,1.0,0.0,0.0,0.0,1.0,0.1,0.52,0.18,0.8,0.86,0.45,0.48,0.0,0.0,0.0,0.86,0.45,0.9520507163805034,0.988865983062323,0.9368760651663528,0.9589809399872132,0.9650278371597509,1.018303384872545,1.002633311389072,1.018303384872545,1.0084540898319396,0.937664258630336,121.34923526953611,-22.473068463487053,1.0151854617874034,15417.210745145097,15186.595282797416,78250.2892548549,72731.80471720258,1.0758744342878526,1.0151854617874034,1.0758744342878526,1.0653913174034104,0.9535349398954632,108.92,67.52412043459444,6934.333333333333,6765.333333333333,6065.0,2.433333333333333,11102.333333333332,0.8964820654316121,3600.0,11102.333333333332,93.0642246459767,95.63292180201239,39.81250881495749,47.25323990107173,1046650.1090945906,0.002,0.002,0.001,0.001,822921.0661530416,0.02913205174169825,450503.5104588172,0.014775105500132446,800671.5127117499,0.008280821637013103,74792.08097686824,-0.002047876874346266,0.02913205174169825,26274.487270699916,26272.891799400495,0.7206970122697886,92956.10537648463,0.7382980830516781,0.07507957420644829,0.07301670033383609,0.40590273440665936,0.2974,0.009142744026338273,0.183,1.0,1327298.2,2694.8633273617925,20641.4,0.0,1103629.3890228365,360107.425,743521.9640228364,0.9875043296697488,1.3766666666666667,104.91332075810651,103.035379471,104.91332075810651,104.91332075810651,1363964.575,719347.05,1.8961147821486164,1.0804441782562546,665788.2604920554,1142940.05,1.0256790322364095,1114325.2558336037,154750.8,150876.43905772208,0.4,0.5,0.0,2.0,3.0,100.72611777291432,95.16082872352261,49.411059508251256,49.53847341117347,14236.436061702043,-9292.330335345654,1.330397889018364,542757.7136446431,287262.072243346,99857.26915520628,21579.722222222223,-141.80478821362797,107301.24045801527,28343.25358851675,-70.23923444976077,93667.49999999999,817472.1477102386,95086.83707956427,95516.01547885133,1744286.8820856947,445238.05822747084,26495.883461150916,73447.7387465716,-613.5299859913962,793959.309387285,572830.9013102903,-0.6328222346243009,0.12964997245124799,-0.02184337612849871,41.63054737298607,0.8249087278845633,37891.37099080816,-890.5940861502486,294411.3923884539,295228.9169765484,3012006.985458817,4644813.760458817,1687405.625,1348216.657588727,0.11510663000000002,1.8387899863557118,30.1635971492628,0.8999476467666385,12.033138131340541,13.265747194231531,12.526181756496937,0.13136573430513404,-16238.921341382247,-2.8608301047993523,233.8317040140782,3.6364200111445903,63.440553762426454
2020Q2,528202.4,278910.1,23222.4,94292.9,1758.2,111939.5,31435.1,39.7,-12874.8,74308.7,87183.5,-520.8,528805.7,278834.0,23039.6,94137.0,773.4,112033.9,31272.6,53.7,-11338.4,72708.1,84046.6,28707.4,10736.7,1.001142175802306,0.9997271522257531,0.9921282899269669,0.9983466411574997,1.000843312682297,0.994830619275905,0.9784601264724051,0.9640195679228295,277432.7,235112.465725108,43005.93880050283,-845.9375,21184.40400977151,27862.2925,353095.5715097715,51562.99249999999,3456.1650000000004,18808.74256339584,24613.493700828985,836.7650169653512,3056.57,73003.82857326043,30379.66558906781,333354.9988297828,80609.11321224956,24780.40797979625,21336.71893267437,46786.9776504687,146514.88837888444,101947.05121933276,20338.46650977151,27462.1125,3435.5324608753435,29649.9832700899,162.0,97.0,202.0,1.0,0.0,0.0,0.0,0.0,0.0,0.0,0.0,1.0,0.0,0.0,0.0,0.0,1.0,0.0,0.0,0.0,1.0,0.1,0.52,0.18,0.8,0.86,0.45,0.48,0.0,0.0,0.0,0.86,0.45,0.9503109812031874,0.9806941465201372,0.9186373054879322,0.9550031609563903,0.9519910232305312,0.993564563309653,0.9782751810401581,0.993564563309653,0.994830619275905,0.9148844966018904,-973.4852152110321,14.205224414746574,0.628080657206871,9915.613097556634,15787.165205265552,74130.98690244337,71396.33479473444,1.0383024158813068,0.628080657206871,1.0383024158813068,0.9640195679228295,0.9562817973868044,107.57666666666667,32.39435837448869,6857.666666666667,6669.333333333333,5960.666666666667,2.733333333333333,11100.333333333334,0.8937425029988005,3608.0,11100.333333333334,74.92507719790923,90.93284024025563,39.4439882102295,46.54390448495694,1088034.3493701273,0.0023333333333333335,0.0023333333333333335,0.001,0.001,815879.5561489528,0.02913205174169825,440966.51760340773,0.014775105500132446,791132.5328031903,0.008280821637013103,73317.86443304602,-0.002047876874346266,0.02913205174169825,26520.87194641388,26298.541712328843,0.7145983409606527,93146.60572268529,0.7418056881452607,0.07280153402445796,0.07301670033383609,0.38853100946533886,0.2974,0.009955965107040035,0.183,1.0,1364136.2,-32249.14756208464,6632.299999999999,0.0,1118631.4725550597,360776.35,757855.1225550597,0.9972531807695995,0.6866666666666666,101.535974130962,92.805669483,101.535974130962,101.535974130962,1363981.75,716328.0,1.9041301610435444,1.0804577831761344,662985.6447461265,1146722.8,0.963716384044253,1189896.5494264583,171221.0,177667.41630091213,0.4,0.5,0.0,2.0,3.0,100.72611777291432,94.88925781490747,51.184923248830984,49.53847341117347,13210.895556840796,22279.69037964084,-28.814529153685864,505110.3404560238,265051.3307984791,92472.49508840864,21332.96296296296,712.1546961325967,106902.57633587785,29925.93301435407,51.387559808612444,84046.6,817230.7318057468,95258.56361796746,95893.51631401558,1628101.6047550282,444465.2189444859,26624.94758083618,73792.7530233341,-612.659892067047,795243.4489592029,569639.3092207578,-7.274236266707383,-0.7525524120775432,-0.3114512198131476,43.377055094742104,1.568863084866689,31742.581293980274,-7333.883204785831,282520.6115499214,282198.2914899295,3053428.0676034074,4676583.617603407,1724912.5499999998,1330163.9381854064,0.11514832000000001,2.0598814949915547,36.125694674284944,0.8999476467666385,12.207921695411882,12.911171666169693,12.489221683715005,0.13060189703332048,-58233.23848143664,-11.012218378401867,257.9654871344995,1.2542035760960972,68.22474682099683
2020Q3,554765.2,293554.3,22129.2,95114.2,-2243.0,114017.9,31007.8,69.8,797.8,81479.3,80681.4,317.2,554799.7,293432.2,22095.1,94815.0,-2391.9,113908.6,30985.6,109.4,1845.9,81391.4,79545.6,29417.8,10653.1,1.0000621884718075,0.999584063323208,0.9984590495815483,0.9968543077689767,0.9990413785905548,0.9992840511097207,0.9989211983902659,0.9859224059076814,279521.8,236978.0523937044,43031.07843748774,-684.2550000000001,20577.49337850204,29427.56,378233.315878502,75089.13249999999,3462.8225,19007.02643551732,26473.20910065029,784.4772352186202,3086.5175,73377.43612238548,30229.04611695838,313568.05179192143,81376.82356255452,25021.44811119996,21736.00623541657,48993.692571285486,147457.37898223748,104244.18679944382,19893.23837850204,49390.7175,1966.6300679750275,6270.857090208796,163.0,98.0,203.0,0.0,1.0,0.0,0.0,0.0,0.0,0.0,0.0,1.0,0.0,0.0,0.0,0.0,1.0,0.0,0.0,0.0,1.0,0.1,0.52,0.18,0.8,0.86,0.45,0.48,0.0,0.0,0.0,0.86,0.45,0.9501749651361293,0.9792282001659889,0.924499119982915,0.9532837581970942,0.9562526804877711,1.0012536564981194,0.9858459512837394,1.0012536564981194,0.9992840511097207,0.9219646929080288,-146.08804847471856,39.6499732325415,0.6691560866318149,9223.759709305927,13784.167690581064,70321.84029069408,66897.23230941893,1.051192072721863,0.6691560866318149,1.051192072721863,0.9859224059076814,0.9564687663489958,106.14666666666666,40.839458411493204,6886.0,6683.333333333333,5973.0,2.966666666666667,11099.0,0.8937157107231921,3614.0,11099.0,84.97670667550075,93.46372790336737,39.67487902121286,46.79755566716892,1121908.6296955517,0.002,0.002,0.02666666666666667,0.02666666666666667,814631.0088852922,0.02913205174169825,442747.194031311,0.014775105500132446,795839.9408517308,0.008280821637013103,73438.59671074165,-0.002047876874346266,0.02913205174169825,26204.909581526546,26341.07663533717,0.722266015346825,94992.63553864966,0.7418056881452607,0.07202400746707091,0.07301670033383609,0.4819973358994699,0.2974,0.009861981495125061,0.183,1.0,1395251.4,-32249.14756208464,20610.6,0.0,1133837.4855155367,361445.275,772392.2105155367,0.9875720096397672,0.65,103.87137339441301,101.360564622,103.87137339441301,103.87137339441301,1363998.925,713308.9500000001,1.9122133894436624,1.080471388096014,660183.099579323,1150505.55,1.0286972516480712,1118410.2496208483,179315.7,174313.38492711936,0.4,0.5,0.0,2.0,3.0,100.72611777291432,94.55906541569956,50.07028578568272,49.53847341117347,13875.259021484748,16699.702850528367,20.115622344767786,530615.5864573539,278927.94676806085,93138.5068762279,20458.425925925923,-2202.486187845304,108691.41221374046,29651.29186602871,104.68899521531102,79545.6,817201.6738418759,95230.43185548377,95072.98177890039,1693061.7369209372,443430.4984434417,26061.307278465443,73346.64521235593,-600.5838361955582,796410.1298003684,570949.752305316,-2.8346719198962678,-0.7009070597714476,-0.7267297359244954,42.4494934144216,-0.4315020809638871,24153.33303868999,2290.1577015339553,286719.7013232106,286701.8717719408,3092068.5190313114,4713948.344031311,1756696.6749999998,1330816.799627345,0.11519407000000002,2.022312556186927,47.63340728822246,0.8986056044549641,12.594911915921768,12.648804817306596,12.616469076475699,0.13190675451572675,-57661.988597886346,-10.39329844588711,251.4874106817289,3.7149623548823114,65.14878703070677
2020Q4,563927.1,298924.9,22166.9,97025.9,-3496.5,115066.1,31139.5,-51.2,3057.7,88458.4,85400.7,93.7,564104.2,298449.7,22108.7,96726.5,-3462.1,114520.1,31076.0,-28.8,4714.0,88384.7,83670.7,29800.2,9763.1,1.0003140476845322,0.9984103030560518,0.9973744637274494,0.9969142259953271,0.9952549013132451,0.9979607893511456,0.9991668400061499,0.979742554803415,281891.2,238388.86080725197,43291.9580921517,-755.93,19794.057191322143,31684.182500000003,393710.2321913221,89022.2875,3470.4975,19093.92750323682,27222.51836013578,816.0705500651225,3340.8200000000006,73722.07357356294,30861.781764161035,307142.64004611946,80267.46585888627,25677.460907869157,21717.81332395405,49756.40223415496,148717.45785958247,106295.64490618516,19038.127191322143,61096.7225,-4701.972285059688,-1910.410166364978,164.0,99.0,204.0,0.0,0.0,1.0,0.0,0.0,0.0,0.0,0.0,1.0,0.0,0.0,0.0,0.0,1.0,0.0,0.0,0.0,0.0,0.1,0.52,0.18,0.8,0.86,0.45,0.48,0.0,0.0,0.0,0.86,0.45,0.9490592234373115,0.979287058934506,0.9234948738217124,0.9496707073599667,0.9549864012929624,0.9985791893021311,0.9832126398946677,0.9985791893021311,0.9979607893511456,0.9195020159319807,29.432135394901252,22.295592414778657,0.6748817525516556,9784.445939378107,14498.015248425618,73886.2540606219,70902.68475157439,1.0420797790591598,0.6748817525516556,1.0420797790591598,0.979742554803415,0.957031266381367,104.48,43.96307029896501,6931.0,6722.666666666667,6022.333333333333,3.0666666666666664,11096.0,0.895825069416898,3620.0,11096.0,92.5154287836944,94.05557165753521,39.58413585109625,46.80763823545691,1135570.5848773886,0.002,0.002,0.03,0.03,815128.3000000004,0.02913205174169825,441258.9000000001,0.014775105500132446,795973.6,0.008280821637013103,72526.89999999995,-0.002047876874346266,0.02913205174169825,26360.83440721696,26379.72093914922,0.7272617510124338,95881.13795857498,0.7418056881452607,0.07354449853031114,0.07301670033383609,0.5506897593101234,0.2974,0.009753361093729615,0.183,1.0,1407941.6,-32249.14756208464,24751.1,0.0,1149250.2000000004,362114.2,787136.0000000005,0.9847311602012226,0.8633333333333333,105.0750022455762,102.622054318,105.0750022455762,105.0750022455762,1364016.1,710289.9,1.9203653325212706,1.0804849930158937,657380.6249889783,1154288.3,1.1007908057088387,1048599.1470983557,194552.5,176738.84900839144,0.4,0.5,0.0,2.0,3.0,100.72611777291432,94.4583045860411,49.76593880678088,49.53847341117347,14104.407741752244,-1078.3427506968328,6.605965911344132,539695.8666597718,283697.43346007605,95016.20825147348,20471.01851851852,-3187.9373848987107,109274.90458015267,29737.799043062205,-27.559808612440193,83670.7,817651.3873961121,95227.04578305577,94927.49080495271,1727814.1407764168,442420.49104696355,26166.546006800923,72630.09361399393,-601.5728155534783,797600.0745655812,573970.2104594808,-1.7497616211546878,-0.7565169942560583,-0.728712027013753,42.085902146473195,0.10073742038367156,22472.3968714757,-791.7609558153631,289258.9930211623,289168.18042365985,3116157.1,4729619.100000001,1770055.8,1328914.1000000003,0.11524388000000002,2.0136833021101284,51.364716750136374,0.8984315517482838,12.599230469003963,12.53682248487469,12.574267275352256,0.13138825989350217,-55074.171002788076,-9.763120182900266,249.58892346484927,4.387682275721401,64.19278565910341
2021Q1,570638.8,296751.6,22724.4,99363.5,713.4,114981.8,30738.8,33.0,5310.5,92415.3,87104.8,21.8,569484.8,297869.5,22990.2,99798.9,309.0,114694.5,31005.1,-11.6,2829.2,95090.1,92260.9,33238.9,10857.3,0.9979777049860612,1.0037671237492907,1.0116966784601573,1.0043818907345252,0.9975013436909146,1.0086633180215232,1.0289432593953598,1.059194212029647,288078.8,243036.7835975022,43860.78065066358,-294.55500000000006,22153.455781281027,28606.7475,390655.975781281,76929.9375,3455.135,19298.12489343084,27127.63756674553,841.8552119993602,3614.4025,74848.63348436543,31713.07313433889,307451.9992944086,79732.77514532737,26126.06579389871,22140.34774625689,50109.84052500179,150354.22752029792,107948.9794532394,21858.900781281027,52111.5275,4360.758673419303,-4558.072513495514,165.0,100.0,205.0,0.0,0.0,0.0,0.0,0.0,0.0,0.0,0.0,1.0,0.0,0.0,0.0,0.0,1.0,0.0,0.0,0.0,0.0,0.1,0.52,0.18,0.8,0.86,0.45,0.48,0.0,0.0,0.0,0.86,0.45,0.9541512583168161,0.9866226824504177,0.9367561837594048,0.9518142592470559,0.9652280555229887,1.0126201420810697,0.9970375246872943,1.0126201420810697,1.0086633180215232,0.9324310700562335,-413.40320936063506,-44.88588949471027,0.8802588996763756,13239.753349832992,15040.749209920565,79021.14665016701,72064.05079007943,1.096540449555818,0.8802588996763756,1.096540449555818,1.059194212029647,0.9545115343237915,105.92666666666666,55.48752497873807,6930.333333333333,6731.333333333333,6035.333333333333,2.8666666666666667,11092.666666666666,0.8966029513716945,3627.0,11092.666666666666,95.37494406611268,94.03878640822505,40.26899098599948,47.7320446260908,1146393.1988746002,0.002,0.002,0.10999999999999999,0.10999999999999999,823413.605070305,0.02772700537412659,446109.8616301417,0.01615975185126045,805694.4592229989,0.00816242675831863,73337.41195895887,0.0038959432918153625,0.02772700537412659,25988.30484622084,26041.408764284137,0.7429116157089883,95635.33493958747,0.7418056881452607,0.07552290579896001,0.07301670033383609,0.5223612317489894,0.2974,0.009124723604466901,0.183,1.0,1405092.3,-32249.14756208464,25210.8,0.0,1175849.603430733,376955.05,798894.553430733,1.023578611388341,1.3166666666666667,109.69190694332165,103.870814013,109.69190694332165,109.69190694332165,1366498.925,711408.875,1.920834801224542,1.082451725778641,657219.9554564538,1192378.175,1.2247332876841075,973581.9112540912,223568.7,182544.8056717346,0.4,0.5,0.0,2.0,3.0,100.72611777291432,94.3218904923317,50.757827114957266,49.53847341117347,14272.274392318104,-15721.65047947228,4.7606862660085465,544681.3165326873,283145.91254752845,98034.28290766208,21287.22222222222,284.5303867403315,109441.31679389313,29669.952153110047,-11.100478468899523,92260.9,819821.2379836177,90684.09764997625,90404.26701881073,1819371.1202436562,440952.18569773174,28522.537304640606,72423.41813213461,1130.2427581246536,798774.4223745101,574737.8765497202,-0.7132080061136404,-0.2268558783828515,-0.4916864363194549,42.821682971524794,-0.9342436823231974,22695.135035914194,4116.136176576095,289856.61602662306,290443.9794380692,3163134.786630142,4787034.311630142,1782047.35,1342860.8786594057,0.11529775000000002,2.0089646881260093,52.538932820320596,0.8942706657888257,11.928859873241912,12.236202235997686,12.051796818344222,0.12626140580775827,-51489.401917888936,-9.041400563788345,246.730430733182,4.426948708727608,66.19229345541794
2021Q2,574086.9,298655.4,22773.1,100338.2,682.1,118064.9,30198.4,-11.6,3398.6,94695.2,91296.6,-12.1,573351.7,300669.6,23594.5,101302.4,942.0,118182.9,30707.0,-11.7,-2034.8,99632.0,101666.8,39212.6,11591.1,0.9987193576442869,1.0067442276282295,1.036068870729062,1.0096095006687382,1.0009994503023336,1.0168419518914908,1.0521335822723856,1.1135880197071961,286292.1,242756.43238371308,44262.11507183482,-1100.945,22442.06420293316,31504.815,408388.0692029331,96974.1225,3469.2200000000003,19547.159368284712,27619.659854282378,859.94958685689,3207.6525,75607.59780351863,31274.019482853862,303200.325155615,81820.84449567767,29316.521302536858,22122.655287890902,50602.26472903017,152142.31892072983,111192.80551442088,21341.11920293316,69250.035,-6951.700352693151,-11977.88125662331,166.0,101.0,206.0,0.0,0.0,0.0,0.0,0.0,0.0,0.0,0.0,1.0,0.0,0.0,0.0,0.0,1.0,0.0,0.0,0.0,0.0,0.1,0.52,0.18,0.8,0.86,0.45,0.48,0.0,0.0,0.0,0.86,0.45,0.9569812049697998,0.9917578592030827,0.9593230284528351,0.9551521472350512,0.9730544994176946,1.0393648140409526,1.023370638578012,1.0393648140409526,1.0168419518914908,0.957057839816715,233.04926034266623,0.0953666419412933,1.0211600697037593,15395.935266641756,15076.906866430989,86270.86473335825,76219.69313356902,1.1318710583388907,1.0211600697037593,1.1318710583388907,1.1135880197071961,0.9548059729916546,109.44,66.88854129431878,6910.0,6707.0,6008.0,2.9,11087.333333333332,0.8957805278067691,3632.0,11087.333333333332,96.01039190665007,94.90631287568966,40.40553135547821,47.65181424766977,1171946.3315533441,0.0016666666666666668,0.0016666666666666668,0.07333333333333333,0.07333333333333333,830075.2874818209,0.02772700537412659,455372.765027213,0.01615975185126045,813274.346571845,0.00816242675831863,75216.58791037365,0.0038959432918153625,0.02772700537412659,26305.68805196346,26079.750876200837,0.748766449220345,98537.25753987592,0.7404586997529158,0.07567836016474175,0.07301670033383609,0.6169915756037344,0.2974,0.008458509433334087,0.183,1.0,1416191.7,-15375.860878344822,25586.699999999997,0.0,1203064.6502286573,391795.9,811268.7502286573,1.0224010130650858,1.5933333333333335,115.53040510194916,105.773972071,115.53040510194916,115.53040510194916,1368981.75,712527.8500000001,1.9213027953924886,1.084418458541388,657059.8687137762,1230468.05,1.246584766584767,987071.3031181013,224089.9,179763.06626458524,0.4,0.5,0.0,2.0,3.0,100.72611777291432,94.08997315062904,50.20931991118984,49.53847341117347,14358.51498677497,2079.9236297221396,2.417010550281528,548141.6011362628,285807.6045627376,99511.19842829075,21846.75925925926,867.403314917127,112769.94274809159,29384.68899521531,-11.196172248803828,101666.8,822174.600112223,90924.75148557953,91323.17381165319,1988410.667046155,439519.7827985855,28836.098649372903,72367.8412952413,1142.8735926424222,799804.0846554599,574666.9893207675,-0.10094356062683879,1.1281511898692977,0.45064765574322313,42.574124029454445,0.2972622151858739,22200.03028634271,7817.949218767378,292736.14220930514,293111.5132280922,3199978.115027213,4862810.165027213,1807987.6,1360664.6404194077,0.11535568000000003,2.041409291090502,55.42641312327284,0.8961738419288751,11.06944941880787,11.139074111500534,11.097299295884937,0.1162257004018756,-36077.90548111107,-6.29245635464429,247.00226754363857,4.4626535510403125,68.33430510452835
2021Q3,572992.3,295862.6,22570.3,99049.1,2504.2,118731.7,29687.1,-57.8,4657.1,93978.7,89321.5,-12.0,572990.0,299489.6,24226.2,100721.8,2366.9,119737.1,30557.1,-82.8,-4025.9,101318.8,105344.7,38924.8,11745.7,0.9999959859844538,1.0122590689056339,1.0733663265441753,1.016887584036604,1.0084678312531532,1.0293056580130764,1.078103868216947,1.1793879413131216,288322.0,244624.92687980883,44414.0669923281,-577.7750000000001,22002.961132138356,30592.210000000003,396195.5461321384,82647.11249999999,3476.97,19740.5727540066,27226.06615099186,865.1607930567271,3671.400000000001,75926.76232545923,33005.31448455996,307538.0313906091,81574.3807484904,29963.436954898916,21936.973031035504,50028.19997508409,154135.18565307456,112996.95141454296,21425.18613213835,55856.14999999998,3481.6682397030527,-6021.443680000433,167.0,102.0,207.0,0.0,0.0,0.0,0.0,0.0,0.0,0.0,0.0,1.0,0.0,0.0,0.0,0.0,1.0,0.0,0.0,0.0,0.0,0.1,0.52,0.18,0.8,0.86,0.45,0.48,0.0,0.0,0.0,0.86,0.45,0.9622234495300702,0.9989072534740707,0.9938577097631253,0.9622784649362148,0.9849814909216043,1.0597576264103634,1.0434496379196843,1.0597576264103634,1.0293056580130764,0.9758357517590822,-286.94504805683164,-23.30613296684418,1.1896938013442868,17970.2580733951,15104.943854536119,87374.4419266049,74216.55614546388,1.177290438475098,1.1896938013442868,1.177290438475098,1.1793879413131216,0.9557318591896334,110.09333333333332,73.20509708407715,6908.333333333333,6717.666666666667,6015.666666666667,2.766666666666667,11074.666666666666,0.8954994293653551,3636.0,11074.666666666666,90.32024533456523,93.45302891827114,40.664641250037484,47.92851997561922,1174822.2875697822,0.002,0.002,0.036666666666666674,0.036666666666666674,838058.1764198638,0.02772700537412659,470198.66750123474,0.01615975185126045,824162.4850101075,0.00816242675831863,76985.30758835288,0.0038959432918153625,0.02772700537412659,26553.16915324851,26113.36904801706,0.7496090020014714,99156.88348901982,0.7404586997529158,0.07990188042294841,0.07301670033383609,0.5169474378894326,0.2974,0.008212665592637572,0.183,1.0,1421246.9,-15375.860878344822,23153.2,0.0,1230909.5894635494,406636.75,824272.8394635494,1.02310526986117,1.3233333333333335,118.83140213778856,107.022723075,118.83140213778856,118.83140213778856,1371464.575,713646.8250000001,1.9217693219611813,1.0863851913041354,656900.3615957919,1268557.925,1.2730333910661782,996484.4079522298,232380.1,182540.45937112407,0.4,0.5,0.0,2.0,3.0,100.72611777291432,94.03855430904133,51.28621354534678,49.53847341117347,14331.137893682402,-3669.425166761608,-0.7626719926895923,547626.9961803443,284685.9315589353,98940.86444007859,22431.666666666664,2179.465930018416,114252.95801526717,29241.244019138758,-79.23444976076556,105344.7,824140.435556441,91185.75822312794,92062.00782775249,2157133.558155194,438059.8271748404,29434.843530648384,72644.25909263741,1172.158244410643,800697.5173934556,576231.7650435419,-0.5621809209523663,2.0096493651577894,1.5689002775135434,43.51345453511254,0.5113061363617417,28779.599603670562,5956.611738559647,291556.51393847115,291557.68425554835,3244109.242501235,4938104.817501234,1827883.65,1385242.1515094514,0.11541767000000003,2.050328228790827,44.07837296104035,0.8980836105916775,10.05312565637962,10.469578359493429,10.219706737625145,0.10693069022822417,-34898.500667046246,-6.090595065716024,248.04043700588144,4.040768599801043,70.96751252203354
2021Q4,579748.9,304654.9,22618.8,99163.9,2535.8,117891.6,29039.3,-23.3,3841.8,93471.3,89629.4,26.1,579492.5,309689.9,24860.2,101885.1,2656.0,118435.0,30260.2,-41.0,-8253.0,104123.7,112376.7,41686.1,12984.2,0.9995577395662156,1.0165268964983003,1.0990945585088512,1.027441437861964,1.0046093190693823,1.0420430244530687,1.1139643933485466,1.2537928402957066,288296.2,243838.10632445867,44188.279657955536,-826.16,22517.81178254602,30298.2375,405831.611782546,92075.77999999998,3428.7675,19987.256374468176,28591.054123310616,895.6658556882674,3793.690000000001,75633.55628511326,33061.91440148505,312681.78361872013,85315.35663601996,30709.0601327605,21993.20848574651,51479.92846474539,156250.63602153023,115250.90299899096,21691.65178254602,65545.52249999998,-1574.0862688216148,-5050.351613247476,168.0,103.0,208.0,0.0,0.0,0.0,0.0,0.0,0.0,0.0,0.0,1.0,0.0,0.0,0.0,0.0,1.0,0.0,0.0,0.0,0.0,0.1,0.52,0.18,0.8,0.86,0.45,0.48,0.0,0.0,0.0,0.86,0.45,0.9662803198653044,1.0092744969174499,1.0176801467674548,0.958596678501319,0.9971703583282955,1.0848307563727537,1.068136932192232,1.0848307563727537,1.0420430244530687,0.9989233484095338,-94.91383201002918,-16.7203975302435,1.4774707493154098,21454.11810721813,14520.841185626827,90922.58189278186,75108.55881437317,1.2105488818856478,1.4774707493154098,1.2105488818856478,1.2537928402957066,0.9549054708351928,113.66666666666667,80.33119282107155,6880.0,6693.0,6006.666666666667,2.733333333333333,11059.0,0.8974550525424574,3637.0,11059.0,94.47954029081,94.36543945945584,40.59457929929945,47.99603773584906,1180666.021426994,0.002,0.002,0.07333333333333335,0.07333333333333335,848749.3000000003,0.02772700537412659,479903.80000000016,0.01615975185126045,835115.8999999998,0.00816242675831863,79163.70000000003,0.0038959432918153625,0.02772700537412659,26908.663683395516,26142.539365166558,0.7610412726919826,97996.0485701334,0.7404586997529158,0.07957412302448515,0.07301670033383609,0.5154376843813175,0.2974,0.007970209622530892,0.183,1.0,1424152.1,-15375.860878344822,20448.899999999998,0.0,1259399.0000000007,421477.6,837921.4000000007,1.023924608388199,1.5366666666666668,121.98993981855743,108.608706713,121.98993981855743,121.98993981855743,1373947.4,714765.8,1.922234387823256,1.0883519240668824,656741.4309602265,1306647.8,1.2870482404908636,1015228.3021665617,246402.5,191447.7579379816,0.4,0.5,0.0,2.0,3.0,100.72611777291432,93.95670178781145,50.861881225563074,49.53847341117347,14500.127540301482,-5914.995050513702,4.716712598057584,553605.3963206852,294382.03422053234,100083.5952848723,23018.703703703704,2445.6721915285448,113010.49618320611,28957.12918660287,-39.23444976076555,112376.7,826080.4642707326,91403.78514283388,92947.37424569718,2388842.4608107693,436635.589071689,30393.175150453102,72973.31822033902,1199.721570668743,801421.7075521641,576244.3257394661,0.6081750576956493,3.062170352334804,2.5359098587462965,43.018481693969036,-0.17529927094927775,29408.47882467059,7351.676734050074,295214.3234494216,295344.9428319545,3286701.8000000003,5006128.7,1845629.7000000002,1407816.8000000005,0.11548372000000001,2.036512740993547,44.43098902837033,0.8961738419288751,9.231161893062703,9.476204571012598,9.329178964242661,0.09769740826893623,-35280.780202055554,-6.088220331075131,245.75850420842377,3.528760078862107,72.73219239248134
2022Q1,577204.4,301920.7,22672.8,99778.5,3198.6,118491.6,27548.7,-17.0,3799.2,96992.3,93193.1,-188.8,579222.2,310753.7,25343.6,103385.8,3181.7,119899.9,28920.5,-60.8,-12202.2,110467.2,122669.3,45958.2,13217.0,1.0034958153472149,1.0292560264996735,1.11779753713701,1.0361530790701403,1.0118852306830188,1.0497954531429794,1.1389275231126594,1.316291656785749,294026.6,247719.14234661552,44882.22477289872,-257.2874999999999,24558.8508941328,30030.6975,402413.8733941328,80287.60250000001,3334.61,20165.264665078008,28779.417005274205,958.2016505264114,3648.015000000001,76831.45145980146,32468.246526523173,321684.0370426752,87464.11722729843,29602.559784848137,22103.66169000892,51841.28034580953,158624.79281514467,113912.08665718084,24301.5633941328,54055.0125,2731.468444912985,-5096.5305924313725,169.0,104.0,209.0,0.0,0.0,0.0,0.0,0.0,0.0,0.0,0.0,1.0,0.0,0.0,0.0,0.0,1.0,0.0,0.0,0.0,0.0,0.1,0.52,0.18,0.8,0.86,0.45,0.48,0.0,0.0,0.0,0.86,0.45,0.9783802533266858,1.017832101247682,1.0349977195713054,0.9655393422547889,1.004588950376057,1.1078980359381527,1.0908492429229757,1.1078980359381527,1.0497954531429794,1.020163937327949,-362.02265775177557,-42.953477296569346,1.6549663928304708,24002.208976981823,14503.139810549936,98667.09102301818,78689.96018945007,1.2538714060278104,1.6549663928304708,1.2538714060278104,1.316291656785749,0.9583610053216529,116.18,85.44001256035406,6891.0,6705.666666666667,6021.0,2.6999999999999997,11054.333333333332,0.8978973007903762,3625.0,11054.333333333332,93.67078849376237,93.6334108994065,41.14252488733027,48.833516027238,1187062.8636904843,0.002,0.002,0.18666666666666668,0.18666666666666668,856733.1523495645,0.029276519351869312,486752.3962574766,0.015681535261411195,841790.9320448339,0.008044485192386708,81374.07742614993,0.0033191524676872697,0.029276519351869312,26872.30996590679,25788.100237042618,0.7727754553904046,98563.18909566599,0.7404586997529158,0.07735539781612333,0.07301670033383609,0.4877601797462972,0.2974,0.007811258811507129,0.183,1.0,1427204.3,-15375.860878344822,20539.0,0.0,1275308.3654307225,421972.4,853335.9654307225,0.9889912299016603,1.9400000000000002,128.2931824306117,108.925765748,128.2931824306117,128.2931824306117,1381035.825,718179.3500000001,1.9229678839972213,1.0939669141220723,656490.923746402,1285204.425,1.2368663148991021,1039081.1112879576,235904.9,190727.88801693902,0.4,0.5,0.0,2.0,3.0,100.72611777291432,94.20251550013826,52.153943296695104,49.53847341117347,14436.486928777602,-6235.503412446829,-1.7555876345776593,553170.1890600815,295393.25095057033,101557.76031434185,23466.296296296292,2929.7421731123386,114408.30152671755,27675.119617224882,-58.18181818181818,122669.29999999999,826840.328572309,96739.04279369314,99393.70122534216,2363723.986536681,435456.6726852742,30102.513447140915,73449.06732075167,1051.0255608250193,801861.8574929036,579421.2239793328,-0.3825928163466586,3.163257783588689,3.1127140679617464,43.94000441950262,1.5759272826833524,31337.13156691829,6794.17964021286,302221.71674097376,301168.88592744496,3290013.3462574766,5002169.346257477,1849176.7000000002,1424859.626033191,0.11555383000000002,2.0565727906621714,41.012190993152466,0.8903124769992005,9.451242551133026,9.375398681147495,9.420905003138813,0.09830225719562632,-37150.81364978713,-6.413913978053178,246.4001379781369,3.545962154074896,72.85155852106499
2022Q2,582704.7,306695.7,22596.2,102226.8,1880.8,119613.6,26952.0,98.0,3004.5,97706.9,94702.4,-362.9,583011.0,318284.6,25496.1,107086.9,2891.5,119740.0,28680.6,94.8,-19263.4,119215.0,138478.4,46313.7,14467.0,1.00052565218712,1.0377863139261487,1.128335737867429,1.0475423274522924,1.0010567360233285,1.0641362422083704,1.2201287728911674,1.4622480528476576,293162.6,249056.75255736365,44947.157149478655,767.0250000000001,22124.16911857157,30961.1425,416679.4691185716,96892.645,3390.0825,20579.526161956765,28739.877841134414,993.3693631933428,6100.4625,76778.26936179916,34426.905977208065,306959.0593483036,82504.82882561497,33019.01232238072,22723.26375989719,52456.510964224944,160613.19924002246,119902.42926381373,22891.194118571577,69664.53249999999,-8791.0168228189,-10588.505756875731,170.0,105.0,210.0,0.0,0.0,0.0,0.0,0.0,0.0,0.0,0.0,1.0,0.0,0.0,0.0,0.0,1.0,0.0,0.0,0.0,0.0,0.1,0.52,0.18,0.8,0.86,0.45,0.48,0.0,0.0,0.0,0.86,0.45,0.9864888915647801,1.029019968027792,1.044755312840212,0.9552068091825653,1.018312193500833,1.1416631842875051,1.1240947992100068,1.1416631842875051,1.0641362422083704,1.0512552341505572,744.2598829920603,-9.485351736420313,2.2872790639780933,36033.22314392342,15753.750257851583,102445.17685607658,78948.64974214841,1.2976178464187722,2.2872790639780933,1.2976178464187722,1.4622480528476576,0.9551045937366718,129.5533333333333,108.72847452491288,6908.666666666667,6728.666666666667,6049.333333333333,2.6,11025.333333333334,0.8990389378777369,3624.0,11025.333333333334,90.34912932731693,94.83712130828246,41.170942124316234,48.46196826096539,1210651.491719638,0.002,0.002,0.22999999999999998,0.22999999999999998,867564.1028959558,0.029276519351869312,490010.3647532654,0.015681535261411195,853596.1329107536,0.008044485192386708,84298.64655042588,0.0033191524676872697,0.029276519351869312,27087.098751680285,25802.26335576545,0.7967441347519516,99055.79800796867,0.7333519696071563,0.08162893001454352,0.07301670033383609,0.5397320077255046,0.2974,0.007173460721624043,0.183,1.0,1434796.1,-5986.757795011486,12583.299999999996,0.0,1291418.706015793,422467.20000000007,868951.5060157928,0.9937175393461753,2.9299999999999997,138.03539028114614,109.660795448,138.03539028114614,138.03539028114614,1388124.25,721592.9,1.9236944404525045,1.099581904177262,656242.9749513894,1263761.05,1.2195969441871084,1036212.050237899,227980.6,186931.10136640654,0.4,0.5,0.0,2.0,3.0,100.72611777291432,94.22873354937857,51.10021012071044,49.53847341117347,14574.055195849638,3257.356541857096,3.811682655225726,556543.9357619492,302551.9011406844,105193.4184675835,23607.5,2662.523020257827,114255.7251908397,27445.55023923445,90.7177033492823,138478.4,828190.0216919557,96828.02752141275,100328.6588566001,2443029.7880450077,434277.09351774334,30532.099461952053,73838.45578154069,1080.371879579122,802149.2916539623,581802.9440837894,0.15499335735240316,3.757178073148921,3.460217928368805,43.41226468745697,-1.183926475694257,28205.36266065122,10009.94057278084,295423.39598660776,295268.1876179994,3296847.1647532657,4999158.964753266,1857263.3000000003,1441873.114199647,0.11562800000000001,2.077641542482218,44.80570114289116,0.8880878382817078,9.227946251328659,9.084768610673372,9.170675195066543,0.0960174964627482,-17337.773832571802,-2.9738330550490133,246.10103411427917,2.1583297742238132,72.46298954908228
2022Q3,581145.9,306768.1,22905.2,103575.1,2537.5,118922.0,27206.3,-168.0,352.6,99539.2,99186.6,-952.9,581990.8,321186.0,26035.7,109619.4,3177.5,121642.6,29146.4,-544.0,-28272.9,125540.9,153813.9,50086.3,15268.5,1.0014538517780132,1.0469993457598754,1.1366720220735902,1.0583566899766448,1.0228771800003365,1.0713106890683408,1.2612207050086799,1.5507528234660728,295779.8,250830.02464248548,45427.939412606254,988.818125,23725.95686952464,31468.075625,407694.1137445247,83637.586875,3224.095625,20758.042473994523,29024.73695396982,1035.5523070440324,6867.571250000001,77434.82541619519,33529.637623537295,315276.58887120074,82153.65782533343,32896.256564976145,22705.21125967645,52765.5005206903,162352.66781000828,119191.39470920374,24714.774994524643,55731.463125,863.8891747767921,-6886.438408924791,171.0,106.0,211.0,0.0,0.0,0.0,0.0,0.0,0.0,0.0,0.0,1.0,0.0,0.0,0.0,0.0,1.0,0.0,0.0,0.0,0.0,0.1,0.52,0.18,0.8,0.86,0.45,0.48,0.0,0.0,0.0,0.86,0.45,0.9952465263877143,1.0396431139259772,1.0524740945125834,0.9760278435117714,1.0251776928883645,1.1643961554534057,1.1464779460171168,1.1643961554534057,1.0713106890683408,1.0721879884469665,222.84475553698303,-364.0198042365188,2.6352999751058004,39753.80439510764,15085.115459583165,114060.09560489235,84101.48454041684,1.3562197650634602,2.6352999751058004,1.3562197650634602,1.5507528234660728,0.9553417321358314,138.35666666666665,112.02117621782152,6910.0,6733.0,6048.0,2.533333333333333,11016.666666666668,0.8982622902123868,3625.0,11016.666666666668,94.88391618933377,94.67339134162197,41.47321836019932,48.90539021164021,1214410.3911231682,0.002,0.002,0.21333333333333335,0.21333333333333335,878263.8321119834,0.029276519351869312,492398.6610235939,0.015681535261411195,859724.6730949951,0.008044485192386708,86486.21755450768,0.0033191524676872697,0.029276519351869312,27466.965805916454,25811.512395175145,0.7862297160166746,98628.22193958057,0.7333519696071563,0.07904362103168043,0.07301670033383609,0.5368161418335996,0.2974,0.006732501464718289,0.183,1.0,1428796.0,-5986.757795011486,6544.9000000000015,0.0,1307732.5605750512,422962.00000000006,884770.5605750512,0.9972981926170836,3.106666666666667,136.51504536063953,110.224155579,136.51504536063953,136.51504536063953,1395212.675,725006.45,1.9244141552119987,1.1051968942324517,655997.5455807897,1242317.675,1.244846873699333,997968.2652117551,225272.1,180963.7030541395,0.4,0.5,0.0,2.0,3.0,100.72611777291432,94.29967070820852,51.65695399583681,49.53847341117347,14535.067974295926,-10913.11899822747,-1.0700445697451422,555192.9307296367,305309.88593155897,107681.13948919448,24107.129629629628,2925.8747697974213,116071.18320610689,27891.29186602871,-520.5741626794259,153813.9,829837.275494866,96986.08478835842,101597.02898968235,2514415.4014391173,433193.26196252165,30736.45925334117,74275.59525119756,1119.200242882172,802497.9885551685,583701.2395420925,-0.4377820996400761,4.078042311759415,3.917610192454168,43.806625887675516,0.37108477483377617,28369.609573067537,6775.094516296089,298437.0704106009,298003.81703135517,3294435.2110235943,4981687.011023593,1851758.0,1457148.710690085,0.11570623000000002,2.089682455168604,43.79043961815338,0.8889423960777367,8.854831088036768,8.93946602395665,8.888685062404722,0.09304194262018191,-19652.075992909504,-3.3766987369747947,245.50147528105254,1.1245710413291758,72.67503197645048
2022Q4,584042.1,307690.4,22827.1,103444.5,1894.6,120031.9,27597.8,107.2,1398.9,100392.8,98993.9,-950.4,594171.2,325835.9,26005.6,110570.3,2594.3,123179.9,29866.0,131.5,-24012.3,127180.8,151193.1,57500.2,17466.4,1.017343099067687,1.058973240634092,1.1392423917186152,1.0688852476448725,1.0262263614922367,1.0821877106146143,1.266831884358241,1.5272971364902284,298253.4,252708.9252205836,45793.60237913061,1246.12375,27122.27137557894,30582.103125,418982.223250579,88689.90437499998,3237.914375,20951.096517860333,29450.90974606691,1007.7174067141224,7055.684375,78295.8783689783,32369.912476538622,322842.0756635489,83451.77038944911,33331.95220153015,22806.925172739917,53265.55232552094,163865.836639708,118967.41700358973,28368.39512557894,61778.32499999999,5147.172159192036,-5901.67838096217,172.0,107.0,212.0,0.0,0.0,0.0,0.0,0.0,0.0,0.0,0.0,1.0,0.0,0.0,0.0,0.0,1.0,0.0,0.0,0.0,0.0,0.1,0.52,0.18,0.8,0.86,0.45,0.48,0.0,0.0,0.0,0.86,0.45,1.0066285557358288,1.0499855084920162,1.054854066406125,0.9792236273780884,1.0355863259469993,1.1944839114082741,1.176102699144174,1.1944839114082741,1.0821877106146143,1.0998931044275084,331.2307814458841,15.489477422113353,2.4737366193676875,35762.995002976764,14457.074663073126,115430.10499702324,84536.82533692686,1.365441682213275,2.4737366193676875,1.365441682213275,1.5272971364902284,0.9708971330993625,141.39333333333332,101.356430663336,6898.333333333333,6722.666666666667,6047.0,2.533333333333333,11022.666666666666,0.899494248314161,3622.0,11022.666666666666,96.32811582691876,93.64654949170993,41.79079299166258,49.32254010253018,1216618.8718204193,0.002,0.002,0.3033333333333333,0.3033333333333333,888675.0999999997,0.029276519351869312,492274.4999999998,0.015681535261411195,868933.7000000003,0.008044485192386708,89075.10000000002,0.0033191524676872697,0.029276519351869312,27664.169608968765,25822.732743408684,0.7906083386303697,99616.23216683761,0.7333519696071563,0.07576797102566118,0.07301670033383609,0.5442028442851572,0.2974,0.006665101824845991,0.183,1.0,1416080.6,-5986.757795011486,16021.499999999993,0.0,1324252.500000001,423456.8000000001,900795.7000000009,0.9917000226970746,3.83,135.10284739064042,110.571859397,135.10284739064042,135.10284739064042,1402301.1,728420.0,1.9251271244611627,1.1108118842876415,655754.5974286477,1220874.3,1.245403257206536,980304.4057700997,231606.2,185968.84074279462,0.4,0.5,0.0,2.0,3.0,100.72611777291432,94.36146028872534,52.66882802435392,49.53847341117347,14607.504971385908,-18244.3717108298,1.9934408898006188,567044.8004993312,309729.94296577945,108615.22593320237,24079.259259259255,2388.8581952117866,117538.07251908397,28579.904306220094,125.83732057416269,151193.1,831403.6534399379,97178.9882197118,102850.03230749353,2558823.283106883,432106.9015500506,30886.267862052584,74572.03830814443,1148.2437696679287,802941.7553693166,584997.1364787646,-0.1632548980518434,4.033690705443059,4.055866508601237,44.62608950195448,6.346472086143007,27487.910978340828,9020.12363817408,301621.4826689321,296479.60746511567,3291838.1000000006,4954987.3,1839537.4000000001,1470024.6999999997,0.11578852000000002,2.0831013240662264,44.41495393964246,0.8843436385233382,8.84179308332919,9.039510413205946,8.920880015279891,0.09188285464189254,-22115.88684331958,-3.722140494746225,238.3287173797721,2.6964450649913685,71.26848288843352
2023Q1,589145.6,309273.6,22875.2,105402.6,1060.3,120223.4,28806.9,68.1,1995.9,99242.3,97246.5,-560.5,606146.5,329915.7,26305.4,113056.9,648.7,125108.7,31071.8,95.0,-20055.7,121976.6,142032.3,52673.0,19893.1,1.0288568734112586,1.0667438151850013,1.1499527872980346,1.0726196507486532,1.0406351841654786,1.0786235242250988,1.2290787295336767,1.4605389397047708,299447.3,251812.16896378333,45922.50237947337,1413.326875,25963.597786144124,33037.583125,436372.8896611442,105642.33625,3428.6875,21151.33949435825,30591.542553160896,995.531194053597,8959.62,78512.58847188574,32917.640710325824,318275.32015657966,81049.994322738,34783.25520707509,22796.950009930628,54384.02375714512,164970.26265836245,122084.91967454604,27376.924661144123,76511.08187500002,-7841.256076651742,-9792.925895090855,173.0,108.0,213.0,0.0,0.0,0.0,0.0,0.0,0.0,0.0,0.0,1.0,0.0,0.0,0.0,0.0,1.0,0.0,0.0,0.0,0.0,0.1,0.52,0.18,0.8,0.86,0.45,0.48,0.0,0.0,0.0,0.86,0.45,1.0140150334458187,1.0536538808925866,1.064771099350032,0.9929725039746933,1.032175621268037,1.2018386961972418,1.1833443054641213,1.2018386961972418,1.0786235242250988,1.1066654661116406,-625.6095695779354,21.545738000270774,2.0926064227035104,30834.262531548393,14734.859932099676,111198.0374684516,82511.64006790033,1.347664855248844,2.0926064227035104,1.347664855248844,1.4605389397047708,0.9823847270107561,132.27666666666667,87.3235846670272,6908.666666666667,6728.333333333333,6047.333333333333,2.6,11010.0,0.8987862273965816,3619.0,11010.0,92.8042687112114,94.86210371170411,41.640199916842136,49.51724727152464,1217979.0474984595,0.002,0.002,0.4366666666666667,0.4366666666666667,891932.630052218,0.031522903180115025,495406.43885268,0.01624553390885569,864816.3894576398,0.010418796431717448,90568.57609121854,-0.008734754420524848,0.031522903180115025,36212.97333183617,33462.74678287511,0.6074041901462958,99897.98739027718,0.7333519696071563,0.07710770715540304,0.07301670033383609,0.576766593953997,0.2974,0.007009188713085665,0.183,1.0,1440806.0,-5986.757795011486,12724.2,0.0,1360704.6129566818,436662.37500000006,924042.2379566818,1.0236730759784705,3.6466666666666665,134.27934968112817,110.992237951,134.27934968112817,134.27934968112817,1413435.225,733275.725,1.9275630936780297,1.1196316152078727,654925.883692431,1276136.425,1.267607040721795,1006728.7290179047,259433.0,204663.5839544366,0.4,0.5,0.0,2.0,3.0,100.72611777291432,94.32111445937527,52.19918738257456,49.53847341117347,14735.148854629031,19543.03416720013,3.4952959726704633,578767.6394255881,313608.0798479087,111057.85854616895,24356.85185185185,597.329650092081,119378.53053435113,29733.77990430622,90.90909090909092,142032.3,831546.046568957,104833.02748392428,112054.47654351612,2341148.708557666,430805.8942286688,31989.048328859913,75358.34582276981,-3112.196493934772,801777.7936735974,587009.4159694245,0.3639096703496,3.5194193227933517,3.7765550141182054,43.89550546274103,4.526997570091364,27900.117756171563,2213.7192155384937,302104.6482655264,293631.3651323278,3365583.53885268,5062446.46385268,1877468.375,1477907.6449961164,0.11587487000000002,2.067365091920333,45.73946375970819,0.8776016275932073,10.213807075297415,9.559031121903384,9.951896693939803,0.10130345495315136,-20729.463331199106,-3.4198767676129624,237.69930206641465,2.0991954915189646,72.03908213608428
2023Q2,589531.5,306504.3,23587.2,104147.6,1155.0,118499.1,28153.5,-106.2,6701.4,100706.8,94005.4,889.6,617564.1,328963.3,26821.5,113102.8,2152.2,122570.5,30964.4,-196.8,-6814.0,126281.0,133095.0,57375.0,21107.1,1.0475506397876957,1.0732746653146465,1.1371209808709808,1.0859856588149894,1.034358066854516,1.0998419379473245,1.2539471018838846,1.4158229208109323,300049.2,255065.094688083,45638.29146290756,2294.290625,27240.206038218763,32961.603125,437543.8747882188,104208.98125,3141.88125,21273.15691362958,29156.646343336783,949.2250426681024,8193.1375,79244.78989052516,37487.81388071014,316313.96844753856,82773.39046635963,32339.51372941849,22882.120271466272,52987.99165747115,166530.71776602656,122815.3192675998,29534.496663218764,74998.575,4962.553288283467,-9977.827410804515,174.0,109.0,214.0,0.0,0.0,0.0,0.0,0.0,0.0,0.0,0.0,1.0,0.0,0.0,0.0,0.0,1.0,0.0,0.0,0.0,0.0,0.1,0.52,0.18,0.8,0.86,0.45,0.48,0.0,0.0,0.0,0.86,0.45,1.0202230658884472,1.066783554828084,1.05288979710276,0.986982888219958,1.052480323394569,1.2021730045967405,1.1836734693877553,1.2021730045967405,1.0998419379473245,1.1069733007336469,763.6901796907646,-79.99678618999414,1.8473985561364206,25728.68739058554,13926.982515561527,107366.31260941445,80078.41748443847,1.3407646652143046,1.8473985561364206,1.3407646652143046,1.4158229208109323,1.0011466006178333,137.37333333333333,82.89691607238639,6922.666666666667,6746.333333333333,6079.0,2.533333333333333,11017.0,0.9010820692721973,3620.0,11017.0,93.64190450101069,94.56883902602408,41.95839688897565,49.35831551241981,1242146.9804558288,0.0023333333333333335,0.0023333333333333335,0.4066666666666667,0.4066666666666667,902856.1155098623,0.031522903180115025,488625.45951056434,0.01624553390885569,880382.347200547,0.010418796431717448,91923.13334361186,-0.008734754420524848,0.031522903180115025,36041.383650288095,33414.23846302706,0.6155020022496885,97932.5693223583,0.733594230347059,0.087054377351664,0.07301670033383609,0.49057723215328153,0.2974,0.0071319361558894205,0.183,1.0,1454615.8,966.5674911279893,29453.9,0.0,1398160.1271068712,449867.95000000007,948292.1771068712,1.0133789864537792,3.5933333333333333,133.04104913320757,111.554099749,133.04104913320757,133.04104913320757,1424569.35,738131.45,1.9299670133280464,1.1284513461281038,654110.1240497841,1331398.55,1.3744541560935006,968674.3963757409,289598.1,210700.44331132958,0.4,0.5,0.0,2.0,3.0,100.72611777291432,94.4379030063475,52.193001437648036,49.53847341117347,14744.800618035226,11395.247758841153,0.2620065396397925,590207.4571821322,312702.7566539924,111102.94695481336,24834.722222222223,1981.7679558011046,116956.58396946563,29631.004784688997,-188.32535885167468,133095.0,831370.2010531564,104850.98206320261,112465.22376128568,2256700.959986478,429704.0224658421,32192.568404186626,76464.14700057813,-3164.377081493649,800462.6090578405,589393.7966218533,0.02336356082062663,3.669859475386971,3.5946393990901613,44.368099810794185,7.267781111071882,34261.15756912201,101.6846028618224,299051.5898201243,285476.9769227885,3420838.7595105646,5149077.109510565,1904483.75,1483404.7083640385,0.11596528000000003,2.107006971562722,38.86029090855726,0.879111247565034,10.515944625620389,10.54701771086637,10.528373859718782,0.10516315845473032,-9658.20896463557,-1.5639200796541721,235.54086126444201,4.769367260823613,72.84554753101744
2023Q3,582160.1,304318.9,23273.6,103884.1,-2160.9,118692.1,27710.3,-197.5,6944.5,102145.9,95201.4,-305.0,618274.2,329961.7,26902.1,114245.6,-2736.6,123652.0,30874.2,-312.8,-4312.1,132074.0,136386.1,58092.7,22858.6,1.0620346533539484,1.0842629228746554,1.1559062628901415,1.0997409613213187,1.041787953873931,1.1141777606160888,1.2929936492800984,1.4326060331045554,300412.9,254586.1813275258,45773.07268436753,2524.525,26833.058564337047,33002.004166666666,437725.7637726704,103945.71770833334,3403.4197916666667,21457.261872658648,29422.94011617802,915.6653005785688,7957.727083333332,79230.9825443092,32655.558065542413,322445.45941666147,83975.48561434634,32355.81101253251,22932.710017703623,53271.315434460215,168368.18239169873,118282.68451253514,29357.583564337045,74953.27604166667,2100.765484503936,-9891.44831883692,175.0,110.0,215.0,0.0,0.0,0.0,0.0,0.0,0.0,0.0,0.0,1.0,0.0,0.0,0.0,0.0,1.0,0.0,0.0,0.0,0.0,0.1,0.52,0.18,0.8,0.86,0.45,0.48,0.0,0.0,0.0,0.86,0.45,1.030668177637505,1.0802956398048318,1.070283576750131,0.9940724750705447,1.0661988139866878,1.2018386961972418,1.1833443054641213,1.2018386961972418,1.1141777606160888,1.1066654661116406,-139.54676138737977,-92.74989227832248,1.8033358227532987,24682.57810155948,13687.177834616845,111703.52189844052,81514.22216538315,1.370356226571195,1.8033358227532987,1.370356226571195,1.4326060331045554,1.0155086499019497,144.52666666666667,82.55984233288919,6934.0,6753.666666666667,6092.333333333333,2.6,11013.333333333334,0.902077883618775,3621.0,11013.333333333334,92.2843568416808,94.12841850050413,41.78795994871026,49.30999069869235,1244094.299919033,0.0030000000000000005,0.0030000000000000005,0.6699999999999999,0.6699999999999999,914032.1302090716,0.031522903180115025,495353.9785291682,0.01624553390885569,890284.1040487404,0.010418796431717448,92016.12344923965,-0.008734754420524848,0.031522903180115025,36690.09783024036,33359.42789990027,0.6174138622144206,98095.52677905909,0.733594230347059,0.07547835258736867,0.07301670033383609,0.48109252492930404,0.2974,0.006713772888722302,0.183,1.0,1428399.9,966.5674911279893,30922.0,0.0,1436646.6626314986,463073.525,973573.1376314986,1.0121704046709705,4.1499999999999995,134.5360639540106,112.094599688,134.5360639540106,134.5360639540106,1435703.475,742987.175,1.9323395117822861,1.137271077048335,653307.0171171007,1386660.675,1.4901582954041974,930545.8884982925,295415.3,198244.24083742738,0.4,0.5,0.0,2.0,3.0,100.72611777291432,94.44394163525514,52.38586973436536,49.53847341117347,14560.434179132835,-30158.981565907605,-5.001530876636803,591188.617177784,313651.80608365015,112225.54027504913,24909.35185185185,-2519.8895027624308,117988.54961832061,29544.688995215314,-299.3301435406699,136386.1,831134.023698525,104828.80941852565,113842.58365916855,2221534.3985652667,428541.65119810164,31751.925884836266,76562.78978234719,-3211.703981286435,799050.3270828655,591144.7422259031,-1.5198717985839196,3.9102385553576666,3.7900490153723188,44.39462663285526,5.53062086590417,37392.63583918469,-103.1767130240335,305503.84917116136,287659.02148895786,3425229.8785291677,5209191.5535291685,1891473.4249999998,1501402.2321874795,0.11605975000000002,2.13703120485075,37.083790534682855,0.8660034337738817,10.56959997868791,10.927639720931431,10.712815875585319,0.1054921184238034,-15772.326263629868,-2.5510244910154536,231.03016428633123,5.001340829036696,74.89775976419524
2023Q4,584932.5,304266.9,23257.3,105531.3,-627.8,118704.3,27626.1,-173.5,6872.0,104730.7,97858.6,-524.1,624549.8,332133.7,27123.6,117197.9,-697.2,123851.6,30995.2,-293.3,-5761.6,138138.6,143900.3,61002.6,23402.6,1.0677296953067235,1.0915866957595453,1.1662402772462839,1.110551087686781,1.0433623718770086,1.1219535149731594,1.3189886060152374,1.4704921182195534,301730.7,256263.6348259778,46177.7459805461,3081.226041666667,23636.05990912077,33312.075,445712.7442841208,113259.31354166666,3476.8552083333334,21565.70936585392,29365.546442429924,905.5365127608162,8529.648958333333,80030.49293731239,34441.21255248465,317194.9274806713,81887.47046017958,33066.933343990066,23103.68329819296,53374.7662533837,170522.37941188854,120882.9121498584,26717.28595078744,83952.68333333333,1069.6590089403326,-8899.672398831986,176.0,111.0,216.0,0.0,0.0,0.0,0.0,0.0,0.0,0.0,0.0,1.0,0.0,0.0,0.0,0.0,1.0,0.0,0.0,0.0,0.0,0.1,0.52,0.18,0.8,0.86,0.45,0.48,0.0,0.0,0.0,0.86,0.45,1.0376299389349288,1.0909146244467396,1.079852108561374,0.9955747823253899,1.0736397272470426,1.202507312996239,1.184002633311389,1.202507312996239,1.1219535149731594,1.1072811353556526,57.734091099038665,-98.64106515215684,1.9902912621359228,27138.083644283546,13635.232270054657,116762.21635571645,84223.36772994534,1.3863399137648353,1.9902912621359228,1.3863399137648353,1.4704921182195534,1.020821471048356,147.85333333333332,92.7457258820921,6935.333333333333,6759.333333333333,6084.666666666667,2.533333333333333,10996.333333333332,0.9001873952066279,3621.0,10996.333333333332,92.48654479094272,93.80456254349133,42.1162980430554,49.5886983674811,1244902.070677957,0.0030000000000000005,0.0030000000000000005,0.7433333333333333,0.7433333333333333,923220.1000000003,0.031522903180115025,498444.2000000001,0.01624553390885569,894905.6999999998,0.010418796431717448,92697.19999999997,-0.008734754420524848,0.031522903180115025,37102.75538591112,33300.57078629447,0.6206930754463513,98034.86630453597,0.733594230347059,0.07969040640878097,0.07301670033383609,0.45887856003667643,0.2974,0.006292804898675099,0.183,1.0,1448491.2,966.5674911279893,31838.4,0.0,1476192.6000000006,476279.1,999913.5000000006,1.0113286005715831,4.44,132.73726758286176,112.511514182,132.73726758286176,132.73726758286176,1446837.6,747842.9,1.9346812010918337,1.146090807968566,652516.2707879524,1441922.8,1.498433157449551,962287.0348479635,285742.8,190694.39205840605,0.4,0.5,0.0,2.0,3.0,100.72611777291432,94.51762624760501,52.863844809776616,49.53847341117347,14629.774808485874,17471.372169713366,1.90490554058928,597111.6551139925,315716.4448669201,115125.63850687622,25114.44444444444,-641.9889502762431,118179.00763358778,29660.47846889952,-280.66985645933016,143900.3,831317.0913397769,104799.02943499212,115251.78537637941,2199813.4931794396,427394.0882722059,32189.159420328702,77086.59980539336,-3214.9529642312245,797631.7093862919,592625.8938371139,-1.2981872572764146,3.8980648422001134,3.90415169877889,44.89792063528754,2.1449552271349583,41993.136313075614,206.61963284911272,302458.5399703825,283272.5747910347,3456800.1999999997,5311974.9,1924770.2999999998,1514361.5000000005,0.11615828000000002,2.1282832988044893,34.337106646426435,0.8624100574755642,10.586741272733677,11.437348028749936,10.926983975140182,0.10704108686035439,-10479.711321146728,-1.6779624813180194,231.92565268614285,5.09781605886352,76.2595873059282
2024Q1,584381.3,303478.6,22969.1,104770.1,-489.7,119116.1,27351.6,-182.8,7214.9,101578.5,94363.6,153.4,621923.6,332099.2,26805.4,116806.3,-1306.3,123894.6,30612.1,-348.7,-6639.0,135185.3,141824.3,60828.4,24768.4,1.0642428154357437,1.094308461947564,1.167020039966738,1.1148820130934303,1.040116323486078,1.1192069202532942,1.3308456021697503,1.5029555888075485,305735.7,257674.1920654523,46222.41313125769,3087.7854166666666,23521.704092744578,32548.158333333333,445046.8176344112,108890.80833333332,3375.9187500000003,21840.24623721488,29433.346916537437,872.5381658556504,7716.391666666666,80334.48334728312,33226.81160618794,320286.1771729977,85363.56228403506,34906.64104114265,23047.240216904716,53353.1252992978,173104.75746054488,121486.5779466284,26609.489509411243,80153.46979166666,-5804.708727587247,-13321.652583644202,177.0,112.0,217.0,0.0,0.0,0.0,0.0,0.0,0.0,0.0,0.0,1.0,0.0,0.0,0.0,0.0,1.0,0.0,0.0,0.0,0.0,0.1,0.52,0.18,0.8,0.86,0.45,0.48,0.0,0.0,0.0,0.86,0.45,1.0402171691516768,1.0951689716045483,1.0805741110803129,0.9924774079065629,1.0710114069409513,1.2101964061847053,1.1915734035549705,1.2101964061847053,1.1192069202532942,1.114361331661791,-713.6668198913499,-144.1089749776978,1.9133681852128457,26482.099984452092,13840.566697572734,115342.20001554789,80523.03330242727,1.4324125071437297,1.9133681852128457,1.4324125071437297,1.5029555888075485,1.0174569287558701,148.56666666666666,83.40573135544065,6944.666666666667,6766.333333333333,6102.0,2.566666666666667,10993.666666666668,0.9018178235381054,3621.0,10993.666666666668,86.73863023335446,94.97775472232448,42.227825641667046,50.10417895771878,1248223.3340679435,0.006333333333333333,0.006333333333333333,0.7233333333333333,0.7233333333333333,933155.9803792278,0.0246715168856812,499198.6839419823,0.012591050044118923,888426.469379835,0.013376593346207277,92880.83367311767,0.0008845261204757926,0.0246715168856812,47883.158528411856,42678.380066002435,0.4920029328822828,98118.21183686206,0.733594230347059,0.07669675575558121,0.07301670033383609,0.44980521873010176,0.2974,0.006152247293698262,0.183,1.0,1450326.4,966.5674911279893,29421.0,0.0,1520744.77971392,491827.3,1028917.47971392,1.017201993536983,4.16,133.27351118296951,113.011722866,133.27351118296951,133.27351118296951,1462755.4000000001,757162.6000000001,1.9318907193778456,1.1586998556343733,653458.7851359171,1487387.175,1.6818227467407798,884389.9738438083,305285.2,181520.4370327462,0.4,0.5,0.0,2.0,3.0,100.72611777291432,94.48567674153726,52.75359383279021,49.53847341117347,14615.988718852563,-1093.7383626470055,-0.3769323810866747,594582.8027203628,315683.65019011404,114740.9626719057,24819.814814814814,-1202.8545119705338,118220.03816793894,29293.875598086124,-333.6842105263158,141824.3,836999.7626834317,82039.41462537875,91108.96114540118,2744595.6369777056,427755.0229182099,25103.743465603293,76748.56180240697,327.9723787798745,793800.0143697915,594243.6838005217,-1.6596531135924126,3.940107037501995,3.9190859398510542,44.46075374715235,-1.3062781287460834,43198.26872713499,2392.3822190718843,310086.1256638973,291367.8355788905,3503800.183941982,5391494.958941983,1942153.7,1525235.4979943277,0.11626087000000002,2.135974121807018,34.431638554664985,0.8633876407094047,7.429309960246361,10.658450125651129,8.720966026408266,0.08571336810367121,-11715.753450587836,-1.8837930335153443,233.20009081501328,4.7306453718752595,79.08162674643638
2024Q2,583705.1,303464.5,22874.7,105835.4,-1343.2,121426.8,27499.2,-34.6,4845.3,102435.3,97590.0,-863.0,633654.7,334479.9,27140.7,119594.6,-773.0,128185.4,31530.0,-57.7,-6445.3,141575.8,148021.1,65711.6,25347.7,1.0855733485967485,1.1022043764591904,1.1864942491049062,1.1300056502833646,1.055659870802821,1.146578809565369,1.3820997253876348,1.5167650374013733,309585.4,263011.78437616344,47617.98257464137,3280.3875000000007,28384.778770828045,32890.22916666667,447497.3204374947,102175.34583333333,3539.320833333333,22025.707769846827,31332.85886067577,902.7597582329396,7435.604166666668,82416.42867021314,28207.377577637544,338312.2551017415,87812.39748832148,33074.097002213704,23085.278353379985,55320.89697228869,175630.0987568478,116602.37155213991,31665.16627082805,73356.52499999998,3005.888000035484,-9736.744076223986,178.0,113.0,218.0,0.0,0.0,0.0,0.0,0.0,0.0,0.0,0.0,1.0,0.0,0.0,0.0,0.0,1.0,0.0,0.0,0.0,0.0,0.1,0.52,0.18,0.8,0.86,0.45,0.48,0.0,0.0,0.0,0.86,0.45,1.0477227913110174,1.1100251967420085,1.0986057862082463,1.0073090370255926,1.0972046024548987,1.2285833681571248,1.209677419354839,1.2285833681571248,1.146578809565369,1.1312922358721222,877.23318010865,-18.028373189038234,1.9574309185959673,26705.767435240243,13643.274550090302,121315.33256475977,83946.7254499097,1.445146691721139,1.9574309185959673,1.445146691721139,1.5167650374013733,1.037906250239657,155.89333333333335,86.59841456995967,6948.0,6767.666666666667,6108.666666666667,2.566666666666667,10991.666666666666,0.9026252277988475,3624.0,10991.666666666666,88.32724983469795,94.842050954944,43.055514194504546,50.67970097129761,1265043.3101187933,0.033,0.033,0.9966666666666667,0.9966666666666667,952378.4336699161,0.0246715168856812,507923.7282577813,0.012591050044118923,905862.0118832913,0.013376593346207277,94015.35281766165,0.0008845261204757926,0.0246715168856812,47536.47839560289,42473.35996175277,0.49123493144264524,100562.4019310496,0.733594230347059,0.06451890491204265,0.07301670033383609,0.4212482606832296,0.2974,0.006098858596733436,0.183,1.0,1436996.2,3983.7747663940336,33918.600000000006,0.0,1566641.5649469711,507375.5,1059266.0649469711,1.0143720163561478,4.443333333333333,134.34995059732327,113.51218584,134.34995059732327,134.34995059732327,1478673.2000000002,766482.3,1.9291680969019116,1.1713089033001804,654381.0072991203,1532851.55,1.7630053302184452,869453.7241189578,309673.8,175651.08550274765,0.4,0.5,0.0,2.0,3.0,100.72611777291432,94.46481956375007,53.4358973272032,49.53847341117347,14599.076248224757,-17893.939369809203,-0.46284848608267914,605831.1715867639,317946.67300380225,117479.96070726916,25130.277777777774,-711.7863720073665,122314.31297709922,30172.24880382775,-55.215311004784695,148021.1,842808.5589050762,82600.21511342177,92089.49410760205,2851495.113657398,428087.8130180235,25141.74244588722,76523.3807117906,328.62209390176054,790056.4743793532,597182.4685800606,-2.2568258931154195,4.053459740565001,3.9967833890334976,45.39707203818131,8.017167831110488,45202.81921606669,5695.82680993914,319664.2204071375,294465.7961807436,3528451.528257781,5463820.178257781,1944371.7,1554317.514745359,0.11636752000000002,2.1672644458970693,33.91052984268667,0.8501830223470752,7.5752802014358025,10.019143028927802,8.552825332432601,0.0824046037920835,-18254.957479236997,-2.8808998779993265,226.7790643705476,5.35285227111864,80.07129119376847
2024Q3,588580.5,304968.5,23196.2,106807.9,512.9,121531.3,27878.3,-28.7,4562.5,105002.1,100439.6,-848.4,642141.7,338563.6,27569.1,121138.2,391.6,128960.2,32010.0,-23.0,-6467.9,142489.7,148957.6,65930.0,26480.3,1.091000636276601,1.1101592459549101,1.1885179469050964,1.1341689144716824,1.0611274626371971,1.1482048761940291,1.3570176215523309,1.483056483697665,312971.7,264552.75836801424,47891.99761289868,3061.770833333333,29397.01020701526,32766.845833333336,477119.70187368186,127529.8625,3474.520833333333,22184.794985275512,31853.12807498316,924.5632991488789,7580.1875,83420.07438295861,35531.14692842684,333145.8788684523,87815.68582955025,35348.33490227411,23185.92145180438,55963.61282593642,178201.524700991,126843.09465663736,32458.781040348596,98922.37499999996,-22113.25190060929,-10854.141690061197,179.0,114.0,219.0,0.0,0.0,0.0,0.0,0.0,0.0,0.0,0.0,1.0,0.0,0.0,0.0,0.0,1.0,0.0,0.0,0.0,0.0,0.1,0.52,0.18,0.8,0.86,0.45,0.48,0.0,0.0,0.0,0.86,0.45,1.0552844543297624,1.114114847221692,1.1004795804676817,1.0125262048064858,1.098760647075626,1.2382783117425822,1.2192231731402239,1.2382783117425822,1.1482048761940291,1.1402194399102965,-243.51294609277033,9.953479946768631,1.85461787403535,25116.09729259434,13542.464808637778,123841.50270740567,86897.13519136223,1.42515058102532,1.85461787403535,1.42515058102532,1.483056483697665,1.0430308401247912,149.15333333333334,87.47272841403333,6960.666666666667,6785.0,6128.333333333333,2.533333333333333,10985.0,0.9032178825841316,3624.0,10985.0,87.02747016087146,94.38181709413863,43.168793859344184,51.06962741365244,1260733.9822600777,0.10233333333333335,0.10233333333333335,0.9333333333333332,0.9333333333333332,962588.6294786418,0.0246715168856812,509276.1226591088,0.012591050044118923,903014.6638885932,0.013376593346207277,94771.32742037921,0.0008845261204757926,0.0246715168856812,48469.39104295989,42273.05671324335,0.49456595029339306,100624.48553480831,0.733594230347059,0.08045331726964051,0.07301670033383609,0.4525804067409003,0.2974,0.006206889068761035,0.183,1.0,1445789.1,3983.7747663940336,32981.8,0.0,1613923.5365195272,522923.7,1090999.8365195272,1.0143931861116668,3.9466666666666668,133.89993712386598,114.213209552,133.89993712386598,133.89993712386598,1494591.0,775802.0,1.9265108880874244,1.1839179509659876,655283.5856293961,1578315.925,1.733274257864422,910597.914807004,293132.2,169120.49473415132,0.4,0.5,0.0,2.0,3.0,100.72611777291432,94.56710332275509,54.109603932200635,49.53847341117347,14721.015111429131,6706.671245409956,3.3410021601661684,613907.6133960696,321828.51711026614,118996.26719056975,25526.944444444438,360.5893186003683,123053.62595419848,30631.57894736842,-22.00956937799043,148957.6,848717.168312653,83173.4623696929,93986.48243138379,2843762.2504825722,428496.78794103616,25581.17232435674,76534.755169063,332.63614117187655,786457.7852010424,601109.7657471492,-2.0843557135652246,3.1305511353327335,3.592005437948867,45.738464450505994,1.9997866332543863,46035.942240032025,2994.4425568067713,314603.0103514982,288361.8944762348,3546923.1226591086,5550895.847659108,1968712.8,1566636.07955813,0.11647823000000003,2.141990742574852,34.28442751905977,0.8532129434305225,8.05832228671879,9.638545952897159,8.690411753190137,0.08331883793724058,-8344.915018360736,-1.2995441688899407,225.15109982734342,5.136218376722772,81.43431582157024
2024Q4,590926.5,304933.4,23363.8,105955.2,-785.7,121618.9,27788.3,-149.0,8240.4,106689.2,98448.8,-38.9,649473.6,340949.7,27895.9,121144.6,-981.3,129542.2,32244.2,-208.5,-1113.3,145348.5,146461.7,64198.9,26042.0,1.0990767887376856,1.1181120205264494,1.193979575240329,1.143356814955755,1.0651485912140302,1.1603516587916498,1.362354390135084,1.4876941110506172,316580.6,269137.57084474043,48644.12090259577,3703.4041666666662,24663.500171233645,33409.92916666667,428579.4918379004,79674.7625,3413.7375,22300.08628160029,31873.46778578377,943.1879585669884,6288.104166666668,84603.7792441492,39979.76025321695,326453.6765502612,86449.82084102322,35118.05680788328,23292.939323183076,56109.59506753384,180726.8659972939,131207.41212863405,28366.904337900312,50222.05833333333,28502.651263938576,-10066.634131296189,180.0,115.0,220.0,0.0,0.0,0.0,0.0,0.0,0.0,0.0,0.0,1.0,0.0,0.0,0.0,0.0,1.0,0.0,0.0,0.0,0.0,0.1,0.52,0.18,0.8,0.86,0.45,0.48,0.0,0.0,0.0,0.86,0.45,1.0628441259757124,1.1231402897404272,1.1055366437410454,1.0163631595553722,1.1103843624800478,1.2499791057250311,1.230743910467413,1.2499791057250311,1.1603516587916498,1.1509936516805075,0.8085833681570875,-35.607602840044166,1.792382374906647,23780.283839752028,13267.416692261651,122681.41616024799,85181.38330773835,1.4402374250842076,1.792382374906647,1.4402374250842076,1.4876941110506172,1.0511918396324686,152.38,77.18094011270887,6975.333333333333,6803.0,6155.333333333333,2.5,10982.666666666666,0.9047969033269635,3621.0,10982.666666666666,87.86510595067074,94.97128002890992,43.724288559201845,51.43191811978772,1260446.256010818,0.16533333333333333,0.16533333333333333,1.0266666666666666,1.0266666666666666,976731.8,0.0246715168856812,512148.60000000003,0.012591050044118923,908421.5999999996,0.013376593346207277,95336.90000000005,0.0008845261204757926,0.0246715168856812,48317.03977799902,42080.5039063727,0.49752557959883537,100682.77290417085,0.733594230347059,0.08954445527234939,0.07301670033383609,0.4175935462249387,0.2974,0.006439826647970004,0.183,1.0,1443623.6,3983.7747663940336,37043.6,0.0,1662632.4999999986,538471.9,1124160.5999999987,1.012023360195761,4.283333333333333,132.9264349232013,114.738912162,132.9264349232013,132.9264349232013,1510508.8,785121.7000000001,1.92391676347756,1.1965269986317948,656167.141149152,1623780.3,1.7456886991313223,930166.0145981438,300019.0,171862.82992454118,0.4,0.5,0.0,2.0,3.0,100.72611777291432,94.52496041004808,54.15523314430582,49.53847341117347,14779.691029933758,-2199.456875600566,1.5943443590129132,621177.1146225759,324096.6730038023,119002.55402750491,25829.537037037036,-903.5911602209944,123608.96946564884,30855.69377990431,-199.52153110047848,146461.7,854266.8283634599,83756.55979677259,94994.08650458814,2779421.7174534975,428942.5134403264,25649.284586702743,76270.79489836861,335.3108583019565,782884.7342244493,604630.2594926795,-2.2664693467670247,2.95400433466835,3.0422777350005417,46.039485353774175,2.9610074247608686,44066.973050900095,3614.5195795268396,311856.81051032373,283744.33315846685,3579384.8000000003,5628533.199999999,1982095.5,1584217.3000000003,0.11659300000000002,2.133000053324429,36.84801082489675,0.8487539737509527,8.807596237452614,9.280789691692895,8.996873619148726,0.08558736169693185,-135.82750240226414,-0.020913475528838148,222.275947782943,5.703634451038503,82.90897428317334
