period,GDP,CP,IHP,IFP,INP,CG,IG,ING,BF,XGS,MGS,KAISA,GDPV,CPV,IHPV,IFPV,INPV,CGV,IGV,INGV,BFV,XGSV,MGSV,NFIV,RTRIV,PTRIV,GNIV,PGDP,PCP,PIHP,PIFP,PCG,PIG,PXGS,PMGS,YWV,YWIV,YOLIV,YIGV,YIEV,YINPV,YICV,NIV,TAXNETV,ENTV,RENTHH,CCAVG,TPIV,TCIV,TCSTV,SUBV,TINCGV,CSSV,TYPV,YDV,BSSV,TYCV,OITAXV,ITAXV,CCAV,TAXV,YIV,YCV,SDV,OTYDV
1994Q1,465071.2,252340.1,33377.1,75393.7,3963.4,70669.3,47231.9,-489.4,-5582.8,34405.8,39988.6,-11832.0,521932.3,265793.0,31518.2,90299.4,3744.7,73514.6,46425.4,-417.7,11054.6,44988.0,33933.4,4450.5,15710.2,11259.6,526382.8,1.122,1.053,0.9440000000000001,1.198,1.04,0.983,1.308,0.8490000000000001,257726.0,206113.72113331492,29678.813587989127,-4119.4,42414.82123549693,622.5166666666667,35303.09166666667,382807.2795688303,27452.693422468412,82610.09999999999,3553.241666666667,13788.147424726578,31091.24129904762,6308.628412442495,967.3085972555834,3507.583333333334,58145.36406819583,41251.22158024314,34825.251690658406,274470.38650578825,49819.1812459498,23761.08869465276,23765.340898218255,31041.277907916334,125417.08944724295,89627.6182932275,38295.42123549693,51482.76666666666,-9375.26359065628,-34716.234371423605
1994Q2,461500.8,253545.7,34755.7,74417.6,-2837.6,71469.7,48079.7,559.7,-6148.3,34611.7,40760.0,-12341.5,519859.4,268136.3,32867.2,88965.6,-3053.3,75096.9,47385.4,485.4,9975.9,45500.1,35524.2,4147.2,15649.7,11502.6,524006.5,1.126,1.058,0.946,1.195,1.051,0.986,1.315,0.872,263992.3,218159.78063303686,29530.792980825863,-5515.983333333334,39204.841287881296,603.0222222222222,35116.200000000004,385534.0301767702,30106.72344400108,83576.78333333334,3673.0666666666666,13899.12341145692,32554.66963626327,6660.67503125144,976.3274531851558,2478.2055555555553,50281.74049539221,43035.64398129016,28909.28037786347,282592.99727355724,48452.383703878455,21240.939661725435,24970.63588528081,32607.638369717406,124491.73701411739,82757.85840930631,33688.85795454796,52736.67222222222,-16148.600005049433,-32227.803359048907
1994Q3,466138.1,255481.3,37290.9,73966.8,-565.9,71995.3,46324.4,761.8,-6755.6,35232.9,41988.5,-12360.9,522918.9,269655.1,35305.0,87971.7,-627.7,75839.4,45549.5,659.2,8566.7,45053.8,36487.2,4189.9,16017.4,11827.5,527108.7,1.122,1.055,0.9470000000000001,1.189,1.053,0.983,1.2790000000000001,0.8690000000000001,259824.1,229994.48430789643,30340.11263570352,-4890.379166666666,37320.84595722636,582.1708333333333,38767.68333333333,380265.4334572264,28194.5132878705,83675.88333333333,3752.8125,14008.988780482618,33297.3751325019,6985.816632142661,995.9100442717379,5109.808333333333,53639.3888660951,43873.03482003342,31786.855104516748,295500.3207049187,49065.744132203676,21821.472658598257,25315.09240272016,33296.81907913456,123497.39392128764,86905.14684224957,32430.466790559694,49243.183333333334,-4841.03812431515,-13818.162793294527
1994Q4,464398.7,255654.0,35860.3,74798.9,-1347.2,72006.9,45549.7,796.1,-7035.6,35379.0,42414.6,-11884.3,521948.4,270279.4,33848.8,88732.9,-1465.9,76554.6,44706.2,707.8,8584.6,45109.8,36525.2,4207.1,16562.8,12355.8,526155.4,1.124,1.057,0.9440000000000001,1.186,1.063,0.981,1.275,0.861,263914.1,233590.17424323782,30119.024802135445,-5796.9625,37499.95157629775,545.4541666666667,36556.0,380440.5057429644,29432.673741847993,80539.05,3738.9125,14078.668541925505,33374.71901050352,7134.369355765027,1000.1199387186516,3921.8416666666667,52966.497380290435,43611.446245877225,31223.098720420683,298255.2094382373,50259.83071156774,21725.182905073314,25234.733267830183,33369.22256231386,122572.04148816208,86317.50418780785,31702.989076297752,48267.41666666667,-6304.428126773622,-15140.12788333022
1995Q1,468902.1,257638.3,34856.8,75800.8,2075.4,73872.9,43866.6,-111.9,-7973.2,35829.2,43802.4,-11123.7,524171.7,271677.7,32721.7,89534.6,1984.4,77694.1,42900.9,-149.4,7807.7,45054.0,37246.3,4263.8,16862.2,12598.4,528435.5,1.1179999999999999,1.054,0.9390000000000001,1.181,1.052,0.978,1.2570000000000001,0.85,263230.4,232404.14093691375,30173.216902635868,-5177.929166666667,36613.59627471153,517.3041666666668,37713.450000000004,379712.1837747115,29570.70065081824,80887.43333333332,3641.3791666666666,14364.54033158585,33374.84188392962,7353.037896969828,997.474708907685,3759.958333333333,53213.0982666293,43984.97385034412,30596.66037708652,300825.3204818844,51945.990112334206,22743.80698009979,24999.22395821845,33349.73656409596,121550.46400965354,86690.20392128227,31435.667108044865,47332.66666666665,-2416.926015127683,-14096.481677730742
1995Q2,473159.2,260008.9,34180.7,77998.9,1035.9,73792.6,45607.5,191.0,-8751.5,36383.2,45134.6,-10904.6,527601.4,273161.6,31841.8,91525.2,996.9,77970.1,44484.6,219.0,7402.3,44073.6,36671.3,3448.0,15897.1,12449.1,531049.4,1.115,1.051,0.932,1.173,1.057,0.975,1.2109999999999999,0.812,264516.5,233622.5192556098,31256.678995347338,-5900.954166666667,35993.2259727177,475.28437499999995,36664.78854166667,377661.6572227177,29615.09131738259,78965.63541666667,3611.965625,14335.434662880547,33860.973574405914,6923.485798155122,1016.9040972366928,4300.940625,52719.55041128716,46054.63042000757,29699.904430495157,299223.86523924046,53303.65772731531,22988.91065991757,25971.890000598556,33912.279895990374,121177.96601789302,86601.0949864031,30092.271806051034,46388.096875,2598.437488398864,-15499.772151956451
1995Q3,478594.6,261305.8,33485.7,79218.3,2220.9,74692.3,49114.9,149.1,-10942.4,36707.0,47649.5,-10650.0,534038.4,274714.2,31226.2,92816.5,2139.8,78907.1,47800.8,180.2,6253.6,46803.4,40549.8,5015.7,20054.6,15038.9,539054.1,1.1159999999999999,1.051,0.9329999999999999,1.172,1.056,0.973,1.275,0.851,266549.6,235084.3579570747,31720.00582093764,-5243.640625,34680.00709606201,495.3364583333333,36683.084375,382945.2685543953,30472.85766971245,82922.05833333333,3541.907291666667,14494.435431307134,34142.639966229064,7138.465038243946,1006.8878533487585,3679.75,53672.26151426813,46797.54282919969,30401.388253410794,299303.9352748089,54120.65685818298,23278.13833930278,26018.238210125026,34163.59110171773,121281.22063929755,87843.1176944313,29436.366471062007,50276.21770833334,4343.769704589446,-15530.481971825531
1995Q4,479792.4,263004.1,34307.7,80583.4,941.7,75022.1,49435.2,212.5,-13363.6,36598.6,49962.1,-10350.9,535695.9,276855.0,31785.8,93966.6,881.3,79553.5,47985.0,220.7,4447.8,47882.0,43434.1,5279.3,20687.4,15408.1,540975.2,1.117,1.053,0.9259999999999999,1.166,1.06,0.971,1.308,0.8690000000000001,269187.5,236932.7748095053,32081.91532144842,-5636.037499999999,33412.176236857056,534.6583333333333,37428.78229166667,394233.01373685704,30026.485373162213,93247.48854166667,3487.228125,14721.911914366921,34623.11548199087,7393.488309996299,1045.776866707843,4605.4489583333325,54024.50565505165,47575.32725297578,30437.91981324016,299586.3660928476,53799.84738853971,23595.33075738527,26175.488263541964,34614.7534402461,121854.33713384,88648.00401087153,27776.138736857058,59840.59270833333,-5121.4553526098025,-16228.692757999874
1996Q1,484274.9,262932.9,35121.5,81208.2,1746.9,75579.4,51319.6,588.1,-13733.2,37189.6,50922.8,-10488.5,540544.8,276554.3,33318.5,94768.3,1679.5,79721.5,50408.8,488.1,3605.8,48837.2,45231.4,6034.5,12705.6,6671.0,546579.4,1.1159999999999999,1.052,0.9490000000000001,1.167,1.055,0.982,1.3130000000000002,0.888,267657.1,234983.6557343888,32264.508652860095,-5564.70625,32473.193344041196,555.3,35364.659375,392829.48084404116,31099.578389080347,94321.43125,3387.1625000000004,14828.075832774965,34946.594670478604,7589.145784492419,1058.3500137810072,3819.8468749999997,52856.63870992369,47759.950935281166,31208.6319064071,293045.5674728405,52936.89933162264,21936.874306621925,26213.173247136136,34860.669045409566,123073.99602355994,88006.1752584386,26908.487094041197,62899.23437499999,-364.9990380106028,-16417.70173613506
1996Q2,489504.0,265562.5,36628.9,83554.6,3044.8,75573.4,50544.2,163.8,-15370.1,37168.9,52539.0,-10198.2,546533.7,280023.9,34722.5,96949.2,3243.0,80829.4,49514.3,149.7,1101.8,48942.4,47840.6,6773.6,12916.1,6142.5,553307.3,1.117,1.054,0.948,1.16,1.07,0.98,1.317,0.9109999999999999,269168.2,237641.60246223502,31656.051556853494,-5453.63875,31352.952205370948,485.62812499999995,36908.284999999996,399441.0959553709,30953.943623373896,100466.99,3420.964375,15117.753997398477,34689.95293620061,7142.427299805307,1111.6302453177161,3753.54625,54318.32962699468,47361.557958225916,29229.158993997262,299232.6709768146,53903.365362240205,25291.49526702642,26533.65035329703,34787.707898420056,124153.34599750311,89308.36215944373,25899.313455370946,67465.29750000002,-1321.3036012941739,-15509.414638573362
1996Q3,490387.6,265848.0,37936.0,84702.1,1529.5,75985.4,48349.9,211.2,-14182.5,38262.2,52444.7,-9992.1,546676.7,280160.5,36171.0,97993.5,1531.3,81847.1,47409.5,186.5,1377.4,49657.9,48280.5,6471.9,12412.4,5940.6,553148.6,1.115,1.054,0.953,1.157,1.077,0.981,1.298,0.9209999999999999,272169.9,240740.16998085254,31943.49394252582,-6010.953125,31447.59377207284,468.731875,36413.97,396435.5106470728,30837.079009671743,95048.43375,3311.804375,15319.566166979761,34703.63365830699,7369.460051644627,1114.4862557881918,3894.846875,55231.699702410006,47840.466971976646,30019.613033040576,301074.6503865597,54107.54772315927,25238.772194695553,26258.08363751378,34742.0299449466,125262.55520028033,90000.41517268273,25436.64064707284,62414.99999999999,603.3510827002465,-15204.281103655172
1996Q4,495644.8,268198.5,38502.0,84970.6,2383.7,77094.3,47251.2,244.4,-13247.6,39897.4,53145.1,-9752.3,551559.8,283012.4,37020.3,98305.1,2441.8,82180.8,46445.4,232.5,1921.5,52018.9,50097.4,6624.7,12546.5,5921.8,558184.5,1.113,1.055,0.9620000000000001,1.157,1.0659999999999998,0.983,1.304,0.943,273460.9,240464.36596592783,32513.46264307028,-5732.19625,31253.839492180225,448.6275,36998.53625,399339.8494921803,30694.165203420547,96636.914375,3271.7643749999997,15439.671919407498,35250.18691794767,7703.767201059988,1109.2420891275865,4603.95375,54036.913438177275,48999.99967206832,28816.163085865814,302996.30594203115,54923.56215173356,25290.716401978654,26417.81581458312,35230.825104770694,126304.69798997178,89337.70459261516,25521.643242180224,63358.77,1913.081163077266,-15824.369193948514
1997Q1,498914.3,272129.6,38641.5,86394.2,-348.0,77028.5,46927.9,133.8,-12461.9,41124.7,53586.6,-9531.3,553279.6,287355.7,36206.3,99551.5,-512.4,82540.9,45721.4,141.7,2274.6,55132.6,52858.0,7218.4,13365.7,6147.2,560498.1,1.109,1.056,0.937,1.1520000000000001,1.072,0.9740000000000001,1.341,0.986,277481.3,244635.97571956785,32970.171827238664,-5955.02,30574.101252035063,434.8125,36688.920000000006,411257.473752035,31924.606958945384,105421.26500000001,3301.015,15635.126765082177,36188.832623652765,8054.321165233984,1098.398411965661,4189.6425,55284.41283989929,49723.695637916644,29732.519604884954,305290.4626118022,56332.1631860814,25256.775141845905,26961.044950322634,36113.764527522275,127344.84760786346,91103.05927425313,24619.081252035063,72468.1725,-10028.443387420732,-16329.806583512633
1997Q2,495406.7,265224.3,35389.1,86201.4,2532.3,77337.9,47065.6,64.1,-9817.6,42897.0,52714.6,-8590.4,554799.9,283987.0,33587.5,99262.6,2734.9,83200.8,46316.3,99.5,5611.4,56890.7,51279.3,7386.7,13441.6,6054.9,562186.6,1.12,1.071,0.9490000000000001,1.1520000000000001,1.0759999999999998,0.9840000000000001,1.3259999999999998,0.973,278644.4,245674.41046249663,33264.32249231865,-5833.4025,30628.633865135813,479.0825,37772.6775,401848.7388651358,32642.82623053243,94663.9125,3266.1125,15888.196596743212,36496.46521942405,9745.674705955638,1050.4691296266542,3839.225,56213.657125514466,50064.48281957733,32102.308204363046,307023.95435834344,57579.012915938394,24017.388677535513,25700.410604746437,36496.55444032873,128116.9991372478,92616.2513222273,24795.231365135813,60636.43000000001,-436.4674427123391,-15433.978898790432
1997Q3,496175.2,265532.1,33448.6,86353.5,4872.0,77173.2,47494.8,142.2,-10318.7,42292.8,52611.5,-8522.3,554516.5,284474.2,31539.8,99020.1,5050.4,82791.5,46421.5,137.4,5081.5,55287.4,50205.9,6440.0,12660.8,6220.8,560956.5,1.1179999999999999,1.071,0.943,1.147,1.073,0.977,1.307,0.9540000000000001,279888.6,246538.93414537262,33238.34358093496,-5966.76,30652.078600896348,459.6275,37357.31,397640.56110089633,32925.39241460567,89389.365,3217.65,15911.003526967039,37111.49329729824,10030.36142242449,1044.181378599475,4201.757500000001,54968.032093571645,50123.76972280322,31233.153082697023,308923.0529269657,57933.9247293412,23728.93504820968,26032.586232140882,37107.12903316485,128689.43189246129,92069.21716407155,24685.318600896346,55709.33250000001,1721.135473477596,-15551.937597771583
1997Q4,496115.1,265052.5,32273.8,88361.0,3356.4,77567.1,45252.6,438.4,-8127.9,43230.1,51358.1,-8058.6,555032.4,283782.0,30152.5,101166.7,3642.8,83489.6,44015.9,407.7,8375.2,58428.3,50053.1,7603.9,14354.2,6750.3,562636.3,1.119,1.071,0.934,1.145,1.0759999999999998,0.973,1.3519999999999999,0.975,279471.8,245858.42624424442,33346.54299614626,-5584.735000000001,29533.20427691655,410.92249999999996,37566.2275,391827.7617769165,32737.01340708802,84715.305,3281.265,15995.589263662821,37200.25150388514,10209.404214623062,992.4820585323905,4532.5575,56415.179679931396,50159.73268073893,31282.971653482215,307021.2604131711,56887.95299260251,25169.341772021744,25994.073107718476,37195.95938087393,129062.55586177137,93648.27280637789,23948.46927691655,50841.26499999999,9082.58048043825,-14995.220022126858
1998Q1,488270.0,264440.2,31483.0,84946.3,3655.0,77544.9,42643.1,230.0,-8788.5,42129.6,50918.1,-7884.1,545625.8,282595.0,28995.6,96939.3,3672.9,83533.3,41303.9,232.7,8353.1,56882.0,48528.9,7190.6,13534.3,6343.7,552816.4,1.117,1.069,0.9209999999999999,1.141,1.077,0.9690000000000001,1.35,0.953,277786.4,244671.52424136907,33301.790425064006,-5877.615000000001,29939.10459225162,418.78000000000003,40119.9675,391978.9370922516,33851.36607258703,86262.85999999999,3449.4075000000003,16080.120504448769,37086.269222192015,10434.587633655112,957.8095507663708,3242.2500000000005,48359.73177088062,50143.96328185366,27573.009789999123,314358.9198826454,59018.464262449255,20858.01639629976,25737.28154235308,37129.67872677457,129180.08316472628,85560.70491307345,24061.48959225162,50011.07999999999,-2230.0489837524365,-14788.043400202761
1998Q2,485570.7,264389.0,30923.8,83679.4,1531.2,78058.7,42361.9,162.8,-7352.5,41320.2,48672.7,-8183.7,541542.6,282199.9,28316.2,95239.6,1685.9,83247.1,40804.4,136.5,9912.9,56686.5,46773.6,6079.1,12669.4,6590.3,547621.7,1.115,1.067,0.9159999999999999,1.138,1.0659999999999998,0.963,1.3719999999999999,0.961,276007.0,242314.03999422,33976.25506819716,-6757.4975,29946.18658795127,385.1625,36212.0325,384861.1190879513,34485.71704059297,81962.07250000001,3318.195,16089.954753102664,38679.62696195671,12115.025136611055,929.3534749204206,4137.355,48597.75316590074,50505.09848640818,27711.824800052833,307390.43655429623,58763.33330468797,20829.270734630667,25564.87793644688,38609.25654797835,129285.50292670591,87150.35208266185,23188.68908795127,49453.39750000001,-996.8235626356327,-15321.192551881948
1998Q3,486204.1,266676.6,30262.9,82974.0,-725.1,78488.0,44288.8,-80.9,-7358.6,41435.1,48793.8,-8321.6,540266.9,283981.0,27676.5,94068.1,-933.6,83455.7,42475.2,-66.6,9610.7,57148.7,47538.0,6870.9,12775.4,5904.5,547137.7,1.111,1.065,0.915,1.1340000000000001,1.063,0.9590000000000001,1.379,0.9740000000000001,273266.9,239200.99358594354,33845.4895426445,-6269.1025,29301.627271005953,351.27,36761.2425,387009.372271006,35723.144167250335,86811.05500000001,3547.6225,16186.801578436623,38977.11636939896,12495.260320374775,930.8096787797026,3226.6075,45573.390112753885,50155.171847037636,25124.431190410414,308493.9647695828,59852.48614579095,20438.00841396035,25501.686424314055,38927.756423468534,129324.39483107052,84490.1960278393,23032.524771005952,53948.705,-4897.116025544994,-15408.68810976611
1998Q4,490399.7,266106.9,29826.0,80841.3,2413.8,79042.4,48865.5,-572.1,-6961.9,40699.2,47661.1,-9162.1,545929.1,284554.0,27070.8,90849.5,2511.7,85244.9,46470.2,-546.6,9774.5,52150.0,42375.5,6235.6,10889.7,4654.1,552164.7,1.113,1.069,0.9079999999999999,1.124,1.078,0.951,1.281,0.889,272945.0,239094.6633648668,33799.43802165821,-7117.8725,29638.942466017605,322.94,37657.31,379499.3149660176,35708.90384416641,80227.6275,3482.6775000000002,16276.697419806776,39249.03499769246,12837.632673418831,901.7135644144706,3516.5824999999995,46237.02182674049,50074.39899393838,26381.139755609085,308183.11452987784,60443.97064168566,19878.926650013647,25531.76014253129,39271.106380364596,129338.78476671917,85531.17278598732,22521.069966017603,46375.935000000005,7572.07638689864,-16046.56982827792
1999Q1,483241.3,266977.5,29526.4,78638.3,-3838.6,79941.0,49244.6,-83.3,-8279.9,40788.8,49068.7,-8884.8,534642.4,283876.0,26634.3,87857.9,-3887.1,85073.9,46347.3,-74.8,8814.8,50677.0,41862.2,5535.8,10590.2,5054.4,540178.2,1.1059999999999999,1.063,0.902,1.117,1.064,0.941,1.242,0.853,270750.8,237180.8357479464,33456.86071252883,-6734.9475,28675.684428471082,287.3025,34009.4725,369520.5294284711,34041.093436811396,73423.7,3117.9900000000002,15938.362972937977,39243.1789835679,13031.772699247425,917.2253103976858,5163.852500000001,50166.32241660045,49459.21287300505,27397.564126831105,300974.9934191513,60455.38173657083,22422.258006185966,25411.492623512244,39360.49063315736,129285.58671559092,89180.31276617444,21940.73692847108,42819.51999999999,7175.445722780598,-16059.568246054463
1999Q2,485683.3,267447.2,31302.9,79191.8,-3744.9,80740.3,48521.7,-8.8,-8799.9,41172.1,49972.0,-8966.9,535352.8,284186.8,28193.5,88032.4,-3952.9,85635.1,45379.3,-7.4,7886.0,51699.0,43813.0,6683.9,10884.6,4200.7,542036.7,1.102,1.063,0.9009999999999999,1.112,1.061,0.935,1.256,0.877,268947.7,235315.5883993508,33660.24636153166,-6186.1849999999995,28975.913153247846,282.21,38313.23,378782.02565324784,35202.86782453821,83619.08,3143.3075000000003,16004.251521118673,39357.37606852549,12435.847330139772,885.0605433494271,4109.735,44179.46847573576,49640.291887724714,24929.978806459687,308206.9815532006,61259.29089668192,19320.138267223683,25959.196996832972,39280.104870322175,129368.71327917642,83530.22194400555,22789.728153247845,48731.3675,-1284.4088027463295,-14718.881802544754
1999Q3,488378.6,269628.6,31417.1,78753.8,-3331.1,81685.7,46960.4,-9.8,-8342.7,42904.3,51247.0,-8383.3,534864.9,285879.8,28407.5,87309.7,-3428.6,85359.4,43988.7,3.0,7345.4,52189.7,44844.3,6774.8,10639.5,3864.8,541639.7,1.095,1.06,0.904,1.109,1.045,0.937,1.216,0.875,269207.8,235216.3983514295,34000.66099179924,-6612.197499999999,27697.12629061956,272.07250000000005,38761.795,377200.7512906195,35459.40025533827,83804.47249999999,2831.4775,16121.771848021584,39430.29602219062,12796.563648194287,862.6083015261893,3951.0924999999997,45842.50904466111,49988.826942598265,26730.10815352338,305481.63582397875,62060.29129274041,19102.23981468068,25739.350388136732,39398.52233785721,129542.62452246943,85230.87030606128,21084.92879061956,48146.22749999999,-551.1056509460905,-15526.441663259582
1999Q4,488086.8,269800.9,30227.8,79734.8,-3552.0,82022.0,46727.1,-367.2,-8896.9,43893.3,52790.2,-7609.9,533980.8,285407.2,27238.6,88163.9,-3564.8,85761.0,43688.0,-337.5,7624.3,52769.2,45144.9,7072.6,10815.6,3743.0,541053.4,1.094,1.058,0.9009999999999999,1.1059999999999999,1.046,0.935,1.202,0.855,269232.2,235389.06777628997,33894.68495263692,-6346.22,27864.69794655688,287.3525,39299.2,380814.3054465569,35917.21558607445,87057.70749999999,2718.5675,16182.888393987832,39452.09681385636,13066.958114310293,861.1502445618248,3487.5950000000003,44129.18436004198,49956.51221349241,25615.907949259126,307849.6269838013,63426.65156779484,18514.150343303725,25551.07810559724,39479.186464469356,129790.58012293067,83609.24475703221,21518.47794655688,50764.42749999999,-5543.077033956943,-16400.70236779895
2000Q1,497259.3,272071.2,30670.2,83389.0,-1999.0,83102.4,43649.0,173.4,-6556.2,46242.4,52798.6,-7240.7,542388.2,286761.9,27637.2,92587.0,-1993.3,87372.0,41477.1,153.0,8393.3,54637.8,46244.5,6766.8,11220.5,4453.8,549155.0,1.091,1.054,0.9009999999999999,1.11,1.051,0.95,1.182,0.8759999999999999,269366.6,236098.9439893058,33022.92618231765,-6504.79,25726.009095113513,263.65000000000003,40082.5175,376574.3690951135,33761.281408737676,84887.9075,2834.9925,16571.76088284631,39602.01830323737,13216.359403202785,845.0900696904222,5748.1475,45323.49079796878,48826.65065198666,26216.460161734365,306426.3681413565,61579.483863009715,19119.915539025445,25571.885627118907,39633.33510001212,130190.1513640834,84969.71080077192,19221.219095113513,47904.0325,8505.29194079095,-15285.131503045675
2000Q2,500301.0,271400.6,31520.9,82327.7,1684.9,84158.8,43296.1,39.0,-7160.9,47698.1,54859.0,-6966.1,544168.9,285784.7,28244.5,90967.2,1598.0,88218.1,41065.9,39.3,8251.3,55494.9,47243.7,8178.2,12027.0,3848.8,552347.1,1.088,1.053,0.8959999999999999,1.105,1.048,0.948,1.163,0.861,269018.2,236616.88017787103,32787.833095435984,-6738.5,27526.13010506408,295.4,37759.15,384426.7976050641,34305.35347747451,91626.8275,2698.7400000000002,16585.442819450087,38435.42740872293,12087.196059912652,857.2430692521714,4135.43,50222.36336354493,49401.02969529756,29064.92331258125,303171.16632434144,61620.609232843635,21141.00869817274,25477.11242578939,38421.55155495422,130373.13803172047,88627.48356570821,20787.63010506408,56861.8175,3261.0428082612343,-14286.970005687443
2000Q3,500074.0,271786.4,31005.2,85037.4,-1119.8,84817.5,42589.1,-46.0,-7779.3,48492.0,56271.3,-6216.6,542137.5,285275.2,27867.4,93476.6,-1283.4,89248.1,40337.5,-36.5,7252.6,56544.8,49292.2,8126.3,12105.6,3979.3,550263.8,1.084,1.05,0.899,1.099,1.052,0.9470000000000001,1.166,0.8759999999999999,269983.1,236801.65858430238,33223.860558838416,-6586.895,25868.56580575482,278.85499999999996,36700.3925,393371.1833057548,33860.934202580276,101121.59,2705.9675,16648.320214245294,38365.12423263005,12211.769043595514,858.5047742013151,4528.092500000001,48819.17308297959,50133.752619460225,28199.654736290177,302730.9132659664,62951.83203727664,20627.524149239554,25291.947676432577,38362.22149422941,130416.93199394006,87189.40037975914,19281.67080575482,67406.01999999999,-7358.4442939242,-14439.569721314649
2000Q4,505256.9,275115.2,31564.7,87711.0,310.7,85326.0,41285.3,-69.2,-10066.9,48306.5,58373.4,-5920.0,546253.6,287863.8,28241.6,95954.1,286.5,89485.3,38860.6,-68.4,5630.0,57596.4,51966.4,8081.7,12471.1,4389.3,554335.4,1.081,1.046,0.895,1.094,1.0490000000000002,0.941,1.192,0.89,271717.7,237842.60917433383,33850.771879008564,-6158.35,25252.50548864563,262.015,37220.9625,393393.1129886456,34341.83781275746,99565.75,2753.4925,16621.186563321713,38522.00668520601,12466.248644195533,890.2591785287967,4190.02,51541.70016904115,50765.55651272259,30809.857057092227,301590.45800972753,63683.75605050375,20619.384744615898,25168.256597380187,38524.76442010452,130309.25616070555,89954.00622181264,19094.15548864563,65360.295,-3701.8135694556986,-14709.052459607075
2001Q1,508212.3,276417.5,31576.2,87952.0,2230.7,85445.6,42963.8,17.3,-11916.7,46563.8,58480.5,-6474.0,550229.2,288771.6,28283.5,95495.2,2179.7,91177.7,40623.0,23.5,3674.8,56139.3,52464.5,8386.1,12851.6,4465.5,558615.3,1.083,1.045,0.8959999999999999,1.0859999999999999,1.067,0.946,1.206,0.897,272291.2,236824.97366849353,34894.62999165538,-6121.695,25667.25873000997,267.6175,37325.0,400917.92623000994,35499.580771623514,105968.595,2844.9500000000003,16699.885548683873,38472.345499884934,12456.928499905476,900.3037633410156,3083.4925000000003,50892.28502539583,52335.613161142806,30327.849703484986,301478.40421592206,63523.77760538204,20786.5390351283,25115.645886943,38472.87815018949,129999.32735560954,89587.26688880278,19545.56373000997,71756.16249999999,-7691.339235808991,-14665.369254842168
2001Q2,504356.6,279081.1,29953.7,85288.0,2488.4,86184.3,40388.3,-205.8,-12408.6,44790.6,57199.2,-6412.8,542517.7,289864.4,26802.8,92110.0,2456.3,91214.0,38139.8,-174.5,2105.0,53953.7,51848.7,8151.2,12379.0,4227.7,550668.9,1.0759999999999998,1.0390000000000001,0.895,1.08,1.058,0.9440000000000001,1.205,0.9059999999999999,268807.5,233579.7849135643,35482.19964092196,-5098.1224999999995,20867.914449839045,224.80249999999998,36406.9625,387044.2019498391,34244.499311234445,99446.3275,2795.7799999999997,16768.696957845415,38445.18745862226,12402.532798609946,913.0341309053762,4198.3025,49894.77541150917,51588.27015079588,30131.224382856493,291928.6446879372,64369.64290064068,19571.616302000704,25128.822385097825,38444.389314613145,129728.38488223129,88147.22999947035,15769.791949839046,66059.94750000001,-349.7736466835486,-16803.880628890125
2001Q3,498418.6,278528.7,29814.2,83986.7,-2191.2,86281.5,40449.5,-237.4,-11707.7,43836.6,55544.3,-6505.7,534273.4,288052.6,26489.6,90102.8,-2230.4,91705.2,37804.7,-212.4,2561.3,52389.0,49827.7,8026.7,12023.7,3996.9,542300.1,1.072,1.034,0.888,1.073,1.063,0.935,1.195,0.897,265962.2,230720.0478230914,35755.77928531959,-4223.255,20754.45293442444,224.4475,37420.162500000006,375707.03293442447,33818.23263221544,90072.24,2916.9474999999998,16717.85326903743,38120.90474914382,12297.788705006085,900.2334144793748,4314.9175,48763.60033767395,52366.15804807774,29376.02581615807,290997.7734632959,65000.480414260055,19334.766661444846,24923.704956048437,38121.7270755339,129447.09415647456,86832.51955313681,16531.19793442444,55793.4725,3339.163333567092,-16397.33852115285
2001Q4,497330.4,278522.2,30094.0,80930.4,-1347.2,87370.2,39611.8,-27.3,-10836.7,42988.4,53825.1,-6986.9,531827.6,286646.2,26566.8,86241.0,-1226.3,92368.2,36773.2,-29.1,4487.6,51977.8,47490.2,8479.2,11973.4,3494.3,540306.8,1.069,1.0290000000000001,0.883,1.0659999999999998,1.057,0.9279999999999999,1.209,0.882,261649.6,226471.57478352962,34941.79002105981,-4152.5125,20431.48200089428,226.2225,35681.0475,372780.6220008943,34040.128692595514,91713.32,2912.5099999999998,16728.148512226177,38042.72131028612,12156.811873944842,909.7177937453117,4016.38,46268.18467328719,50479.648810532635,27437.32796162636,289354.14221337705,66221.2815682952,18803.979266253704,24976.00933203492,38042.538999725075,129182.56364362786,84283.84622760514,16278.96950089428,59171.00500000001,4317.455355752783,-16712.29208365339
2002Q1,498591.8,280259.6,29732.4,80576.3,-3353.9,87488.2,39855.0,-89.4,-9369.3,44962.1,54331.3,-6507.1,533966.1,287466.6,26234.4,85704.0,-3230.8,94773.5,37100.0,-93.5,6012.0,54786.4,48774.4,8285.0,11461.6,3176.6,542251.1,1.071,1.026,0.882,1.064,1.083,0.9309999999999999,1.219,0.898,262458.5,225308.75081772942,36673.115590153095,-3715.4800000000005,19976.64235412338,232.56250000000003,37386.299999999996,380816.78485412337,34088.65784096916,99106.4275,2758.1325,16713.427633506803,37687.68562384666,12116.445849642903,882.9706181474004,3597.4474999999998,48456.871281798725,53649.711718660175,27160.282259374708,290351.48999054515,68655.98767647703,20995.761741622347,24688.37516281711,37687.79163060741,128923.21607441295,85843.83563160447,16261.162354123382,64710.82250000001,-1579.2450591436937,-17315.946062020434
2002Q2,502170.0,282276.9,29896.4,79438.5,-2390.7,87684.6,38908.2,-24.9,-7737.5,48199.9,55937.4,-5881.5,532360.9,288849.3,26176.2,83882.0,-2507.4,92486.5,35970.3,-26.2,7530.1,57279.1,49749.1,7454.0,10780.0,3326.0,539814.9,1.06,1.023,0.8759999999999999,1.056,1.055,0.924,1.188,0.889,255540.6,220157.56659166617,35436.95899252951,-3899.8374999999996,19769.63132360518,239.14499999999998,38982.0025,381784.0713236052,33364.77577347565,107135.98749999999,2998.545,16631.37045849617,37676.07337265263,12338.01223962445,851.0475155430348,4322.9025,41561.52548135135,50994.96659072281,24448.23030684732,290604.13850434066,69068.56133654548,17081.209230616598,24488.377002559748,37677.436757727235,128712.23716233854,79206.87629519115,15869.79382360518,71391.67499999999,-4035.942743670952,-17313.459758239915
2002Q3,503715.2,282346.7,29876.6,80507.6,-1460.4,88367.2,38800.4,-57.1,-9123.7,48708.9,57832.6,-5542.1,531840.8,288059.0,26200.1,84529.1,-1501.5,93047.6,35718.2,-48.2,5836.4,55945.4,50109.0,7593.7,11061.1,3467.4,539434.5,1.056,1.02,0.877,1.05,1.053,0.9209999999999999,1.149,0.866,257553.8,221403.76287056255,36591.81191602299,-4071.3125,19878.355808931374,247.225,37263.225,375173.6108089313,34727.26202755444,98671.2875,2894.255,16626.77963707798,38172.850932966234,12287.064745583084,853.4716502869238,3417.545,41875.47092212274,52876.77296116437,24782.750067680423,288515.396760215,68604.49236101298,17092.50119741587,25032.99602335989,38173.5324192299,128536.72872755407,80048.78368432619,15807.043308931374,64549.5425,968.1730442847474,-17124.953380884486
2002Q4,504891.6,281368.8,29579.3,80504.6,522.4,88241.2,38328.4,-164.4,-8303.4,50343.7,58647.1,-5185.3,531686.1,286398.2,25872.2,84158.5,348.7,92778.9,35137.4,-158.1,7150.3,59591.7,52441.3,7208.2,10583.7,3375.5,538894.3,1.053,1.018,0.875,1.045,1.051,0.917,1.1840000000000002,0.894,255305.9,220632.37085051788,34610.01433707852,-3794.9525000000003,18732.108643929474,242.34249999999997,36260.134999999995,371544.35364392947,34521.78348507983,98225.845,2833.1099999999997,16624.181443767247,37654.28774455655,12170.693959908698,820.0915559120263,3117.785,41712.273460851065,49511.49141865964,24677.16523777948,288616.5727941077,69902.00634194963,16990.104497390003,24664.131552321935,37654.91706814266,128392.94833183399,79322.18680331214,14937.156143929475,65041.162500000006,4419.865956093825,-17394.920535332232
2003Q1,504311.4,281691.5,29499.1,80207.9,-361.0,88804.5,37448.1,-77.0,-8019.4,51019.6,59038.9,-4882.2,526785.1,285901.1,25773.9,83076.9,-252.5,92560.9,33998.0,-68.6,5795.4,58665.8,52870.4,7801.8,10985.9,3184.1,534586.9,1.045,1.015,0.8740000000000001,1.036,1.042,0.9079999999999999,1.15,0.8959999999999999,259706.2,221715.66147964218,37422.12981331931,-2956.9249999999997,17707.54495355535,231.79500000000002,36321.5225,370501.32995355537,32645.33518380711,92933.57,2879.145,16553.368428303114,37614.91179353092,12222.570778230795,817.0396747452991,4849.555,40807.892464133525,54597.34515236472,24104.355514383897,283572.12675301277,66998.69690347984,16787.87431142386,24573.98917907617,37613.59963205226,128292.62295947359,78505.82945786002,14750.61995355535,59722.9875,3028.9024549187743,-18460.136937273783
2003Q2,508472.4,282589.6,29550.8,81235.3,-776.4,89513.9,37577.4,71.7,-6040.3,51094.7,57135.0,-5249.5,531417.5,286070.5,25811.8,83612.9,-889.7,94216.3,34045.2,73.0,8477.4,58916.3,50438.9,8031.5,10999.5,2968.0,539449.0,1.045,1.012,0.873,1.0290000000000001,1.053,0.9059999999999999,1.153,0.883,255261.8,220565.81121943274,34909.45000814633,-3832.44,18977.29740277829,245.7675,37208.12,374995.67740277824,34185.8336073273,101679.25249999999,2664.0,16530.33089448495,37335.75650018684,12019.48101397184,837.3996725562973,3149.8125,41803.5500953313,52307.9143603461,24078.156396924096,286033.847397653,65862.83279283621,17757.1108553977,24478.20260462588,37335.08329115402,128172.39331010777,79170.35054347581,15144.85740277829,67380.89999999998,2095.6584959600004,-14890.132040691271
2003Q3,509947.8,282805.0,30115.1,79421.6,1641.9,89949.1,36682.6,-98.0,-5606.2,52907.1,58513.4,-4963.3,530989.5,285818.5,26359.4,81470.9,1558.6,93784.2,33159.3,-86.0,8924.6,60545.0,51620.4,9531.0,12391.5,2860.5,540520.5,1.041,1.011,0.875,1.026,1.043,0.904,1.1440000000000001,0.882,252428.9,217872.00984816402,34658.99323092446,-3416.57,18049.14364678435,235.57750000000001,37822.0025,380998.23614678433,33017.79918174975,111066.70500000002,2634.48,16556.6032571656,36715.64032789318,11971.931397114557,837.5018540783531,3709.5924999999997,41239.56344860343,52049.4446801056,23447.51554071958,284371.00732023286,66599.68023519778,17825.131013850765,23907.00759536832,36716.44084656123,128044.47229362153,77989.08740113158,14632.573646784349,76114.76000000001,-1529.056786967034,-15031.758840924129
2003Q4,515104.6,286021.0,29797.7,82467.0,-528.4,90309.8,35926.5,-374.1,-4282.5,55600.9,59883.4,-4232.3,532357.8,288108.6,25999.5,84104.1,-735.4,92517.6,32367.8,-316.1,10311.6,61936.1,51624.5,8474.1,11201.9,2727.8,540831.9,1.033,1.0070000000000001,0.873,1.02,1.024,0.9009999999999999,1.114,0.862,253681.3,218405.34308987283,35500.727237108316,-3193.9350000000004,18315.9759823757,261.5925,40109.435,385313.19598237565,32112.181918941173,113568.11499999999,2680.1475,16520.34926637577,37227.4333259951,12195.111906909136,846.1500256779798,5173.6775,40523.54248283468,54013.06795093713,22798.26866008132,286527.17452621076,66647.04318572521,17713.073483340228,24187.120482354214,37228.38241494133,127916.25723162694,77739.72455836288,15122.0409823757,76400.42,-4452.258128943911,-15415.243030871672
2004Q1,519511.2,286549.2,30295.0,82313.0,2549.0,90814.2,34433.7,-326.6,-3303.7,58354.0,61657.7,-3812.7,534932.7,288233.7,26443.9,83501.4,2510.4,93060.6,30898.3,-325.3,10609.6,64864.9,54255.3,9488.7,12197.6,2708.9,544421.4,1.03,1.006,0.873,1.014,1.025,0.897,1.112,0.88,254500.2,220774.1952443743,33034.1324708849,-3212.4624999999996,17891.539348436465,241.6025,37698.247500000005,380075.6718484364,33659.43001595572,107872.06999999999,2782.7225,16482.2564123709,37294.80906807882,12231.272088700247,858.694477071817,3610.2999999999997,38908.72892118653,49361.23203816422,22391.33870889471,289124.52691514377,66324.6053759788,16580.114088965638,24205.24525133433,37295.21181710639,127749.71276922045,76266.66461496674,14679.076848436465,73198.14749999998,2911.10356523667,-15537.494562212552
2004Q2,519133.1,286475.9,30841.6,81861.4,1246.6,90343.5,34316.0,58.2,-2493.9,60207.5,62701.5,-3516.2,533630.7,288240.7,26893.5,82914.3,854.2,93192.9,30753.2,96.9,10685.0,67346.4,56661.4,10203.3,13113.3,2910.0,543834.0,1.028,1.006,0.872,1.013,1.032,0.8959999999999999,1.119,0.904,256705.1,222728.6759809375,34401.42754553814,-2303.93,17218.601209435816,241.9675,35911.9675,383084.0662094358,33160.28628789731,108565.89,2656.4375,16474.623491206345,37433.45197972349,12504.298328336454,855.4236107191764,4296.195,44194.90122594115,52068.50965517543,24682.263005107085,287878.6360059067,68295.54707187988,19576.45181205631,24071.430792038373,37431.152731094,127704.27822501754,81689.8675482574,14914.671209435815,75552.3275,-89.30216554738581,-13501.807115126518
2004Q3,522010.3,288499.1,30918.5,82602.0,2088.2,90759.4,33781.2,51.6,-3359.1,60766.7,64125.7,-3330.5,535940.7,289668.1,26998.1,83571.3,1899.3,93579.0,30261.1,89.1,9874.6,68712.0,58837.4,10480.1,13617.0,3136.8,546420.8,1.0270000000000001,1.004,0.873,1.012,1.031,0.8959999999999999,1.131,0.9179999999999999,257229.8,223165.16201947772,34063.889796027135,-2551.4224999999997,16522.093951536488,209.445,36615.36,383983.07145153644,34634.36486080648,109758.3725,2814.7825,16464.669636786733,37725.126903231096,12675.032629963825,852.7792576365028,3066.6624999999995,43271.09862364402,52017.79405318011,23487.845137816785,289270.508942488,68131.72257973262,19788.969963366806,24197.75250792751,37725.564395527836,127742.83289769142,81002.37949671142,13970.671451536487,76167.24,35.99375524424249,-13722.82839778415
2004Q4,520019.7,285919.0,31080.3,84283.1,1705.5,90790.0,33463.3,151.1,-4463.1,61550.1,66013.2,-2909.6,533908.4,287186.1,27102.9,84826.7,1356.0,94118.6,29974.9,186.8,9156.4,69567.3,60410.9,10925.3,14240.2,3314.8,544833.7,1.0270000000000001,1.004,0.872,1.006,1.037,0.8959999999999999,1.13,0.915,257193.7,222278.0876763012,34952.522444246904,-1989.73,18063.841079778373,253.1075,36011.79,385396.62607977836,34260.576500811076,109101.26500000001,2774.4424999999997,16437.878864389713,37434.85841486284,12561.849726066052,869.1644583695987,3181.0350000000003,43977.56311564663,53720.10574011386,24026.473487326504,286956.90180909715,67192.98481540714,19935.862671942064,24004.932162698948,37435.946347134595,127896.303161646,81398.28250640316,16074.111079778373,76117.02500000001,-2714.1405885589775,-13758.834858647955
2005Q1,523238.4,288637.6,30574.6,86236.9,731.4,91673.2,32796.9,179.9,-4653.1,60948.9,65602.0,-2939.0,534439.3,288802.0,26655.6,86884.3,939.9,93787.4,29302.9,159.7,7907.6,68319.1,60411.5,10426.8,14361.1,3934.3,544866.1,1.021,1.001,0.872,1.008,1.023,0.893,1.121,0.9209999999999999,258033.3,224050.55276344004,33501.93006039843,-2073.6625000000004,17558.419837323592,213.8,37272.905,390235.8273373236,34596.46356840889,113960.00249999999,2543.9675,16448.66149235821,37397.70916466972,12567.970980446884,871.3302725964498,2831.3424999999997,44392.468574652696,51439.271433075686,24499.394862962865,290245.35398263397,67322.50286017974,19959.491984286356,23959.058144567847,37398.35939761118,128143.25254231408,81857.2462448604,15484.757337323592,79444.86499999999,-8079.9967772487435,-14003.107418830798
2005Q2,528269.3,290606.6,30442.8,89223.3,1587.3,91260.6,30841.0,-18.0,-3257.0,63542.6,66799.6,-2417.4,536910.9,289965.9,26590.6,89785.7,1440.8,94011.5,27554.3,-1.8,7564.0,71540.4,63976.4,11668.7,15814.2,4145.5,548579.7,1.016,0.998,0.873,1.006,1.03,0.893,1.126,0.958,260199.2,226207.52216523385,34076.415315095815,-777.0474999999998,17809.49850482673,270.7825,35485.815,382397.27600482677,34793.48025487165,102052.94,2841.9025,16427.502314785528,37949.20511120146,12975.545408869684,898.230377981481,3129.7325,46611.73459498231,53049.714330534145,24055.934418202498,290033.2518605926,66380.23101883092,22626.53405494533,24076.0770253406,37949.85281219176,128626.64174720872,84632.3212853396,17032.45100482673,69679.81,2735.56193577277,-12735.843914328434
2005Q3,533030.5,293291.1,31042.3,90977.1,285.5,91137.9,31540.9,9.4,-2989.0,65550.4,68539.3,-2264.8,539036.3,291707.0,27078.0,91355.0,265.1,94107.2,28164.7,23.2,6336.1,74484.3,68148.2,12365.5,16553.9,4188.3,551401.8,1.011,0.995,0.872,1.004,1.033,0.893,1.136,0.9940000000000001,261956.1,227790.14422643583,34279.95578941118,-526.1225,18952.269648780653,299.59749999999997,33692.990000000005,382677.42714878067,34450.4118285356,99427.00249999999,2568.58,16409.477604183605,38323.26506965948,13152.635607441734,932.8372446149784,3856.0899999999997,48180.03730263317,53474.227710673746,24954.544860660688,289965.92256238783,66751.00133596844,23235.35836314195,24235.864769939406,38321.33762199612,129321.37912563696,86511.24084579876,18426.147148780652,68602.18999999999,4937.746103586338,-12957.665851026832
2005Q4,534526.4,293767.8,31393.1,89369.6,410.9,91590.0,30848.9,-13.1,-843.7,67844.3,68688.0,-1997.1,539555.9,292140.4,27397.8,89924.4,58.0,94391.7,27630.7,39.0,7973.9,79564.7,71590.8,13272.4,18011.9,4739.5,552828.3,1.0090000000000001,0.9940000000000001,0.873,1.006,1.031,0.8959999999999999,1.173,1.042,263948.5,229681.73465279606,34376.81165600688,-471.3225000000001,16147.215650133536,235.89749999999998,34903.14,386327.85315013357,35232.852390339714,103945.92749999999,2521.635,16433.63359078347,37983.7860335773,13135.192294488174,928.0996982470432,2749.7375,49565.99952511154,53858.337991028515,25777.664369533144,290366.9876442317,66471.36083264727,23823.398905842398,23919.93659257016,37983.228585305376,130167.89857477785,87584.29186068091,15675.893150133536,71800.31999999999,1099.0571897831978,-11467.22647798754
2006Q1,534941.4,293771.4,30926.3,89202.5,118.4,91313.2,31913.4,31.2,-508.0,69399.5,69907.5,-1826.9,538787.4,292965.7,27217.4,89966.9,98.0,93811.1,28484.2,27.5,6216.7,81086.5,74869.8,14020.6,19180.5,5159.9,552807.9,1.0070000000000001,0.997,0.88,1.0090000000000001,1.0270000000000001,0.893,1.168,1.071,264056.4,229405.83349099476,34441.45599503686,-67.70749999999975,18405.979813550744,268.6825,33929.1325,382517.09981355077,35632.681239164674,97178.97750000001,2674.7675,16433.7850416729,38154.46385335893,13246.701433436336,959.9810616358878,2583.6074999999996,49492.386598405705,54059.53426751148,25892.1584744233,290729.78262894426,67659.25324517935,23535.59351352053,23949.421750698908,38156.10424577113,131320.3215078316,87583.85623371496,18338.272313550744,66193.295,3398.081932846515,-13369.290187851177
2006Q2,536427.0,294765.2,30866.8,91046.1,-804.0,91728.1,30605.2,-25.8,-253.1,70573.3,70826.4,-1501.6,539139.5,293573.2,27323.1,91803.4,-926.4,93823.8,27417.5,-39.1,6164.1,81979.7,75815.6,13888.5,19422.7,5534.2,553028.0,1.005,0.996,0.885,1.008,1.023,0.8959999999999999,1.162,1.07,265522.4,230444.82503503433,35089.33376988056,-2.2999999999999545,19904.986035129514,290.8675,35420.9925,386720.9135351295,34836.43819388521,98507.9475,2497.0125,16458.455321430527,38074.40754257526,13088.327332553345,954.973828074295,3214.0649999999996,49664.994072549176,55033.30355404905,24294.85367729644,295540.33208306995,67701.2225233067,25551.034948645836,24030.48576620192,38073.78692682956,132021.91480710742,87919.67555277183,19902.686035129514,65874.83499999999,-574.5502690664725,-13681.111744020833
2006Q3,536355.2,292437.4,30882.8,91012.6,1015.3,91819.6,29162.7,38.8,1110.4,71889.1,70778.7,-1124.3,538339.7,291730.4,27457.6,91772.8,944.4,93683.8,26144.1,23.6,6582.9,84967.6,78384.7,14510.8,20191.7,5681.0,552850.4,1.004,0.998,0.889,1.008,1.02,0.8959999999999999,1.182,1.107,266462.7,230783.76406470063,35264.05339409256,260.2599999999999,20068.107894768516,300.53,35386.635,391804.76289476856,33958.72100330651,102038.195,2674.97,16449.51785228857,37271.50976191661,12947.026501268778,946.2423951618368,3301.6025,55149.537549880995,55359.06240388831,28730.872170664978,291967.9638269553,67836.05493073129,26405.228149624163,23377.126275507744,37270.39517193836,132428.12918497852,92406.4954922275,20328.367894768515,69627.06,-5351.184751685534,-13695.599423991283
2006Q4,543556.3,297058.0,30724.0,92899.0,743.9,91786.1,29504.3,-10.2,1953.3,72757.7,70804.3,-1102.2,546008.2,295637.0,27436.4,93719.9,791.9,93434.4,26483.0,-32.3,8538.0,86824.0,78286.0,15339.2,21649.5,6310.3,561347.4,1.005,0.995,0.893,1.0090000000000001,1.018,0.898,1.193,1.1059999999999999,268033.2,232948.46032031276,35384.046994465774,-183.93250000000012,21395.486949405455,314.8625,34293.177500000005,391783.12444940547,35211.23435957267,99584.4425,2639.065,16465.868154109285,37923.811136572585,13214.306225354332,941.1175210339117,2696.3374999999996,51771.10249848726,55754.15260651182,25774.485982197588,297918.20042637386,68461.59748337734,26160.13245735766,23767.373248773416,37922.79699516166,132566.54913794514,89857.41543471691,21211.554449405456,68245.1925,1771.2669174876646,-12736.622917699511
2007Q1,547460.8,296130.0,30762.4,93678.0,2550.2,92302.1,29861.7,-109.8,3097.9,74493.7,71395.8,-811.8,546779.1,293947.3,27159.0,93997.5,2520.0,93291.3,26396.0,-55.9,9523.9,89887.0,80363.1,16375.0,23088.4,6713.4,563154.1,0.9990000000000001,0.993,0.883,1.003,1.011,0.884,1.207,1.126,266727.7,231317.6900241461,35017.108895097845,-347.895,22707.71652067866,368.63,34751.887500000004,398436.57652067865,34952.32244629476,106592.66749999998,2387.7575,16212.118972904906,37731.67127117668,13118.603739432798,949.308512651589,2809.21,54336.59363335844,55440.20232422816,27068.9303614944,297795.82269337744,68836.13034671984,26747.327639572977,23665.51391224213,37733.42616432652,132238.6048229438,91549.6841653939,22359.82152067866,74597.16749999998,-2445.2975079489406,-12718.478988298506
2007Q2,548320.3,298727.1,30221.7,92733.2,913.4,93192.6,29092.9,127.5,3747.7,76250.2,72502.5,-435.8,547730.0,296493.2,26911.2,93152.9,1021.0,94650.1,25870.3,138.8,9492.3,93289.6,83797.3,17120.0,23385.0,6265.0,564849.9,0.9990000000000001,0.993,0.89,1.005,1.016,0.889,1.2229999999999999,1.156,268209.7,233448.73940983048,35508.686315513536,-587.6400000000001,21403.260506142353,330.66,33856.2575,394708.26050614234,34310.763764776806,102690.20499999999,2662.075,16296.087795755597,37578.96190451667,12857.049497229109,938.904789535717,3230.9275,55829.60097713321,56635.65325921784,28830.92743395612,295850.8217851526,69176.45208415184,27326.13050291081,23783.28850107284,37579.24278783766,132450.17907007373,93736.30072470459,20815.620506142353,71826.68249999998,3343.2451359462575,-11328.267611967633
2007Q3,544726.7,295272.2,27836.6,91624.2,1536.7,93037.7,28836.9,39.1,6265.9,78149.3,71883.4,277.3,541621.0,292976.4,24804.1,91994.4,1342.4,94106.2,25649.9,42.2,10705.4,94263.4,83558.0,15364.6,23407.2,8042.6,556985.5,0.9940000000000001,0.992,0.8909999999999999,1.004,1.011,0.889,1.206,1.162,267295.7,231216.25495735696,35496.417807946535,-890.4749999999999,21827.40285903992,345.5775,34940.377499999995,393337.9678590399,35208.22444887291,102338.97249999999,2420.79,16253.74196535346,37355.42511871642,12688.744605894157,917.6926624529334,2210.7924999999996,53998.72188427092,56536.63624883049,27372.40587672063,296890.17213852954,69436.77491693068,26658.162373295876,23749.0696337577,37355.50690210479,133000.1757845878,91386.0751521213,20936.927859039923,70164.9625,-4497.258045732509,-12701.04101188993
2007Q4,547803.4,296799.1,25122.2,91528.0,2580.3,93907.9,29318.3,69.6,7598.6,80458.4,72859.8,879.5,542389.0,295618.2,22399.3,91992.1,2594.7,95275.0,26262.0,62.0,8185.6,95453.3,87267.7,17181.7,24288.3,7106.6,559570.7,0.99,0.996,0.892,1.005,1.015,0.8959999999999999,1.186,1.198,268771.9,233275.77170541012,35628.663725613966,-765.9800000000001,22719.18801955906,331.8125,34694.7775,386674.77551955904,34603.7775174963,93228.9375,2388.9174999999996,16322.421947665653,37403.01628727987,12827.221547304647,946.479879357342,2776.0575,55764.914615447226,56993.96470618396,29453.11371569432,297662.85580788774,69836.3577027909,26421.70629182624,23627.87526165345,37401.57668831544,133864.81123581898,93276.39669583601,21953.20801955906,61254.89,4405.594056306523,-11912.288992583985
2008Q1,548937.9,297285.0,25597.0,92191.3,1780.6,93693.0,28501.9,84.5,8689.2,82471.9,73782.7,1115.4,542638.5,296566.7,23280.8,93097.8,1730.2,95198.8,25806.7,171.0,6786.6,95337.8,88551.2,16642.9,22806.6,6163.7,559281.4,0.9890000000000001,0.998,0.91,1.01,1.016,0.905,1.156,1.2,268735.3,232499.21820593506,35855.299014825956,-1354.1074999999998,23263.040210992414,386.9825,33992.3075,398518.5452109924,34707.168046150575,104932.605,2554.725,16479.340110853962,37469.84355345818,12986.910197566462,960.7525996887501,2797.075,55578.277278463975,57209.84467198176,28859.867164712803,297421.4506848381,69440.38827083835,26270.391334269654,23523.781464057567,37471.444261312776,135312.02950523066,92601.70276029523,21908.932710992416,73882.00499999999,-9223.543977535795,-11939.873460298055
2008Q2,546331.7,294131.3,26608.7,90938.2,4155.1,92624.0,27652.9,-36.6,9064.2,80801.6,71737.5,1193.8,539213.3,294236.2,24426.0,92134.8,4580.0,94231.3,25172.0,-38.7,4471.7,95272.8,90801.1,13154.3,19182.0,6027.7,552367.7,0.987,1.0,0.9179999999999999,1.013,1.0170000000000001,0.91,1.179,1.266,270653.5,235068.93206539247,36139.791908497245,-1531.1125000000002,21348.22657578143,301.62,33844.229999999996,384552.4640757814,33812.039040711265,91522.3025,2257.9275000000002,16578.119380301134,36525.157365894214,12695.409091812551,970.7257898002505,2697.765,50543.784177400856,57929.53328470907,29049.963167865648,297140.91553004354,69389.86086202855,21470.75115112262,22861.299910079877,36527.43479169268,136062.81456711364,87048.14911068094,19817.114075781432,60237.62000000001,-2077.3484345876495,-11115.405455191678
2008Q3,540261.2,293498.3,27207.5,89774.2,-459.0,92728.3,27751.1,-43.1,8918.2,80848.5,71930.3,885.7,528901.9,294549.5,25055.4,91192.8,-962.1,93610.3,25506.2,-88.4,38.3,98296.8,98258.6,14006.3,19595.5,5589.2,542908.2,0.9790000000000001,1.004,0.9209999999999999,1.016,1.01,0.919,1.216,1.3659999999999999,267657.1,231420.8348361198,35815.46006781217,-1755.4675000000002,22148.48680243631,313.46250000000003,33303.9175,370522.6718024363,34021.45021253856,79813.63500000001,2345.455,16660.923615038224,36682.50971435193,12728.863247219933,936.5343496395208,2688.0899999999997,48046.24879611498,57463.2728647501,27088.997094714294,296162.82921054185,70100.40745365157,20882.323565524403,23016.085351161877,36681.48294802133,136379.4483816489,84652.80360826003,20393.01930243631,49168.63500000001,2012.686867893557,-12494.812586081505
2008Q4,527417.3,289427.6,26906.1,86820.2,7044.0,93025.9,27609.9,55.2,-2616.1,70674.1,73290.2,-855.5,523089.0,288466.1,24572.9,87386.4,6854.5,94333.6,25173.8,100.1,-3798.4,75738.1,79536.5,12496.1,17748.5,5252.3,535585.1,0.992,0.997,0.9129999999999999,1.0070000000000001,1.014,0.912,1.072,1.085,266114.8,230355.1421908721,35894.16587126692,-1579.0925,21523.578829843344,326.73749999999995,31782.7575,354305.2563298433,33716.17977525624,65476.44499999999,2442.7875,16505.521298831747,36198.58689730069,12305.81064152466,874.6380151211735,2472.43,48385.41387548614,57738.55984727362,27846.944355903288,293523.13345430646,70823.18512050106,20549.29040873086,23019.36717907158,36199.81583571742,136209.9581554311,84596.05060035156,19944.486329843345,36463.212499999994,11342.49967900815,-11135.683792860946
2009Q1,504011.6,291223.8,24197.0,81449.3,-3441.7,93545.4,27908.0,-87.9,-8838.0,52657.3,61495.3,-1944.4,500145.1,285944.2,22018.7,81171.1,-4733.3,94369.7,25525.7,-60.2,-4090.8,53499.8,57590.6,11633.7,16115.1,4481.4,511778.9,0.992,0.982,0.91,0.997,1.0090000000000001,0.915,1.016,0.937,260844.3,225528.06747967598,35365.44784285655,-1672.0575,18835.071458371713,276.78499999999997,35389.58500000001,334393.97645837173,32653.225425011096,53552.280000000006,2557.5975,16459.610297832292,35569.17734020758,12069.678174196539,751.0050381567528,2890.03,46924.79229405343,56876.06222459194,27455.764427413284,291134.86849063105,72474.83436651962,19608.252142005662,22744.862284866285,35565.54549721957,135401.3370186176,82629.56206663852,17163.013958371714,20997.0775,9307.971025791077,-12077.09568225505
2009Q2,509676.0,289777.9,22077.9,79043.5,-4297.1,94708.2,30134.3,12.1,-1293.6,57449.6,58743.2,-487.2,502566.3,284440.9,19785.6,77926.4,-4531.4,94773.8,27056.0,23.5,3091.4,58924.9,55833.5,13065.1,17033.4,3968.4,515631.4,0.986,0.982,0.8959999999999999,0.986,1.001,0.898,1.026,0.95,253692.2,219400.98155510024,34178.19116847614,-2210.32,20830.17172996415,299.485,35188.4625,343223.9167299642,32663.496853109904,68213.0925,2399.2875,16239.963638796435,35622.99874948547,12177.090670799076,707.8135018361143,2983.6575,39711.312576397686,54991.98634482317,25517.11155245951,292855.2923572351,73594.41183929775,13799.303521830034,22737.979716332935,35622.88388896812,134700.45639359398,74939.29896325766,18619.85172996415,35723.4025,5067.800487473607,-9940.855814744136
2009Q3,506384.5,289128.3,20731.5,76841.5,-6240.3,95628.8,29571.6,15.3,1112.5,62976.1,61863.6,-404.7,495203.3,281418.3,18448.8,75269.9,-6008.0,95738.6,26458.9,49.9,3826.9,64684.4,60857.5,12451.2,16306.3,3855.1,507654.5,0.978,0.973,0.89,0.98,1.001,0.895,1.0270000000000001,0.9840000000000001,253967.9,219966.9869899,34191.44749760356,-2236.1625,20005.482259169577,276.6025,33337.0025,349893.0497591696,30010.409963171947,75308.8425,2570.3849999999998,16195.298174171545,35093.48701886415,12123.355494295216,726.088789809978,5023.0824999999995,39242.60916462494,55326.34366951263,25750.043817327594,290821.1338400856,74185.04533828067,13462.691738843652,22243.311218698705,35092.7555028039,133958.10341466434,74305.49105897514,17769.31975916958,44818.8275,-6266.326176637784,-9597.908770524431
2009Q4,514485.4,292667.3,20434.5,76311.9,-5015.2,95869.1,29874.7,28.9,4233.2,67520.2,63287.0,81.1,500160.3,283918.6,18090.8,74691.5,-4924.2,95748.5,26774.7,38.5,5822.0,68682.6,62860.6,12383.6,15959.1,3575.6,512543.8,0.972,0.97,0.885,0.9790000000000001,0.9990000000000001,0.8959999999999999,1.0170000000000001,0.993,252911.5,218501.12201816787,34263.97132495405,-2570.92,20404.341719518387,295.475,35453.6275,357109.16171951836,32751.1635215529,83476.955,2591.81,16219.288680771717,35499.22122720404,12249.409366605809,733.6668178583847,2743.3275,38726.0099506385,55504.83458740592,25346.96475927048,291608.0889256855,74653.99450050568,13204.532997014798,22518.967390325743,35502.04357478993,133247.8685232633,74053.5413310752,17833.42171951839,50910.612499999996,-10571.846317571646,-10963.575447662151
2010Q1,520844.0,294510.3,21275.6,76528.3,-3400.0,95152.0,30306.4,91.5,6390.2,71525.1,65134.8,-10.2,505595.4,284942.2,18858.5,74887.5,-3296.9,95529.8,27102.2,103.5,7468.7,73284.5,65815.8,13354.3,17298.5,3944.1,518949.7,0.971,0.968,0.8859999999999999,0.9790000000000001,1.004,0.894,1.025,1.01,254039.1,219672.5326327474,34445.73273179412,-2424.2599999999998,20859.894306607785,260.1825,33284.93,349445.9893066078,32113.78114793481,74262.3825,2448.69,16208.412263296688,35413.49007731091,12341.61972673173,758.9244758298526,3264.9675,38404.443556189006,56319.81309461209,25668.672871057595,292047.84348606615,74542.9377175392,13356.89990084172,22311.665462394878,35412.20966495646,132556.72282975598,74437.78243685578,18435.634306607786,43686.32500000001,4799.745698679821,-8690.532572411175
2010Q2,528053.7,297236.6,21445.1,77157.0,-386.7,97108.3,28575.1,-24.9,6653.8,74983.7,68329.9,289.3,509982.9,287009.7,19048.0,75395.7,-832.7,96955.5,25597.4,-23.2,6832.4,76342.9,69510.5,13019.5,17274.0,4254.5,523002.4,0.966,0.966,0.888,0.977,0.998,0.8959999999999999,1.018,1.0170000000000001,252704.9,217871.74129479128,34843.96805129848,-2654.5625,19969.40951740511,292.35249999999996,35121.7075,364085.3820174051,33086.03669707732,91061.52500000001,2711.7574999999997,16278.699312753453,36168.720181526056,12755.219581846139,773.405109588834,3061.2875,42006.27538865126,57007.78405453691,24817.072656659428,291055.9315057445,75773.15746470379,17162.376478755967,22641.48752892026,36170.11222035524,131903.508201222,78149.56135577062,17314.84701740511,58943.92750000001,-6095.314938982367,-10688.386265168083
2010Q3,537192.1,301911.6,21689.2,77836.5,2432.0,97468.0,28164.3,-144.7,7437.3,77043.0,69605.7,397.8,515396.2,288475.0,19326.6,75753.5,2248.0,97344.4,25339.5,-133.5,7042.8,76292.5,69249.7,13745.2,17810.2,4065.0,529141.4,0.9590000000000001,0.955,0.8909999999999999,0.973,0.9990000000000001,0.9,0.99,0.995,252476.6,217717.76687586537,34949.801206164084,-2626.8875,19650.660266597966,294.51,35730.805,361241.79276659794,33933.049745242024,88834.67,2612.2400000000002,16249.718951428937,36713.3240359016,12857.060839744545,771.8467195526267,2825.5024999999996,41927.017619858794,57343.86317367157,25025.60380832839,289971.92853112763,76005.1228294708,16889.96595235561,23083.372455072884,36712.28001437006,131271.9180319531,78627.84977505406,17023.772766597966,56010.615,2740.911687078944,-11521.792582941183
2010Q4,532541.3,297318.1,22350.5,77208.7,2561.7,97984.8,27519.3,-56.2,7211.9,77323.9,70112.0,442.4,510302.6,285352.2,19903.0,74900.0,2476.6,97120.9,24742.2,-46.4,5854.1,76092.1,70238.1,13994.2,18271.2,4277.1,524296.7,0.958,0.96,0.89,0.97,0.991,0.899,0.9840000000000001,1.002,251210.5,216069.47742149484,34865.044812343425,-2873.605,19539.383350070926,281.745,35600.052500000005,364597.2383500709,31060.188775089617,93818.3275,2620.8875,16247.964269515856,35570.53217157648,12654.77912399241,783.0439437696563,4520.8949999999995,41308.48353547839,57345.246744979304,24710.846477125648,289106.9459496466,76039.55029048647,16617.137408611146,22131.116930873268,35568.93999863534,130658.3062529064,76896.92388437214,16665.778350070927,61120.907499999994,-2006.7896016126033,-11226.44696880586
2011Q1,524866.3,291093.6,23188.2,77800.9,945.9,98672.4,27185.9,-56.7,5708.7,76625.2,70916.5,327.5,501580.4,279390.6,20858.2,75381.7,1046.2,98422.5,24427.2,-21.2,2075.2,75772.5,73697.3,14679.0,18915.1,4236.1,516259.4,0.956,0.96,0.9,0.9690000000000001,0.997,0.899,0.9890000000000001,1.0390000000000001,252665.5,217570.55887024666,35220.78082223345,-2970.1725,20123.58055576578,287.6225,33918.6325,360681.3005557658,32174.26720495954,87815.37749999999,2759.3925,16353.176433206885,35886.342228377755,12447.117203872214,817.4720143961283,3687.6624999999995,40406.95251644349,58036.779872938656,24838.001598241957,287600.81086897064,75979.09879328743,15698.7530172255,22622.677875266254,35887.267093534596,130056.1725014505,76424.02170900206,17153.40805576578,56943.75999999999,-6677.677650750906,-12211.219508901937
2011Q2,521537.1,294502.8,22638.8,77129.8,117.7,98926.1,27885.6,-11.5,282.3,70898.4,70616.1,65.6,494311.0,281924.6,20301.0,74536.5,147.5,98482.3,25015.8,12.2,-6109.0,69782.5,75891.5,14628.3,18682.5,4054.2,508939.3,0.948,0.9570000000000001,0.897,0.966,0.996,0.897,0.9840000000000001,1.075,253188.1,217486.7511905977,35859.044454966745,-3340.67,20899.0460743774,285.775,32713.82,347369.7035743774,32054.28711927429,73606.665,2730.7875,16253.100904577577,35808.33403521765,12416.002788584647,847.7468544049677,3793.8824999999997,42620.62139922126,58875.20011909444,25309.954894580023,287744.4459678786,76365.12940960491,17312.17021779072,22544.148005935665,35807.89764892528,129470.36675883927,78430.02276129603,17558.376074377396,43909.407499999994,85.21451785805402,-11236.49450242921
2011Q3,534080.6,297439.5,23463.0,78367.5,3337.6,99354.8,27095.8,41.3,4528.4,77497.3,72968.9,452.9,504590.9,284060.8,21011.1,75865.8,2981.1,98758.6,24399.5,84.7,-2570.7,76129.0,78699.7,14566.1,18636.8,4070.7,519157.0,0.945,0.955,0.895,0.968,0.9940000000000001,0.9,0.982,1.079,251982.0,216319.11076812533,35809.36115728024,-3475.7175,20907.99764271058,271.27750000000003,33467.299999999996,353616.0901427106,33199.887137630496,81068.6325,2861.8999999999996,16276.223403580276,36260.74972803818,12662.355554024887,863.0786656043481,3085.7625,42687.44418702137,58932.09175289099,25365.17625498607,288136.6203522181,76538.0693912934,17341.491263326625,22736.033815156523,36261.46803478576,128895.91557115914,78968.13555309846,17432.28014271058,50734.51000000001,3469.2887513444875,-10461.478673908801
2011Q4,534232.5,300593.3,23087.8,83518.3,-264.1,99697.8,26244.1,-14.6,1184.7,75543.2,74358.5,185.3,505190.5,287462.0,20662.9,80722.2,-177.3,98957.5,23601.1,15.0,-6053.1,72634.7,78687.8,13755.4,17841.9,4086.6,518945.8,0.946,0.956,0.895,0.9670000000000001,0.993,0.899,0.961,1.058,253309.6,217074.86835399308,36079.30685681628,-3573.2975,20263.05445402387,260.2175,32222.302499999998,354149.4244540239,32493.88326911076,81034.42499999999,2855.425,16301.041481795392,36642.09147133667,12890.341585651282,884.2297226413043,4159.315,42579.36680333529,59548.873759172224,25152.470954029963,287700.3900299453,76909.38163535969,17415.93066152245,22871.437805002137,36646.00911329473,128366.2325607078,79214.41072884714,16689.75695402387,51927.76499999999,3943.548871973646,-10302.603846236132
2012Q1,542251.3,301308.9,22990.8,82956.4,3761.3,100734.7,27768.5,2.7,2322.7,77864.8,75542.1,405.3,512057.5,288071.0,20445.9,80221.2,3897.2,100135.9,24921.7,15.6,-5651.0,74498.1,80149.1,13712.2,17879.9,4167.7,525769.6,0.9440000000000001,0.956,0.889,0.9670000000000001,0.9940000000000001,0.897,0.9570000000000001,1.061,254376.4,218037.54323182747,36499.98696422833,-3614.3774999999996,20173.157361492656,240.34,34729.912500000006,365202.67486149265,34161.95834427928,91290.25749999999,2736.8975,16230.632987868521,36803.254200291645,13219.860608826093,896.1563592578731,2672.2249999999995,43192.72957168326,60235.53530993835,24496.443329791644,291281.47755906475,77156.30171919195,18567.173482144386,22649.310509143666,36765.327477227635,127799.63771126982,79828.94428916366,16558.779861492658,59537.58249999998,-1325.7150499901036,-10422.315381889814
2012Q2,537320.2,302045.2,23346.0,82713.2,697.5,100610.7,28092.7,45.6,-49.7,77154.1,77203.8,-180.8,504919.7,287897.5,20723.7,79850.5,507.5,99055.3,25142.4,62.2,-8319.3,73403.7,81723.0,13626.6,18188.5,4561.9,518546.3,0.94,0.953,0.888,0.965,0.985,0.895,0.951,1.0590000000000002,252389.7,215700.21036955388,36332.51684565626,-3590.4,20908.532796197946,255.0775,34221.1225,359739.280296198,32573.69505112839,86910.8275,2865.5425,16183.903286703198,35829.87175590181,12565.510630613811,892.9928176389122,3347.9975000000004,44319.47170578165,60548.804752644595,26097.424493594932,286151.12992305664,76689.07522117185,18175.06221446415,22425.118437562443,35883.62188581517,127565.32641635086,80156.10859387425,17318.132796197944,55810.325000000004,-1293.9310983640025,-11411.071348073601
2012Q3,535247.9,302514.4,23862.2,82136.1,1037.7,100933.9,27588.7,75.6,-2695.1,74305.3,77000.3,-205.6,502661.3,286085.6,21110.2,78887.5,1011.6,99675.1,24658.1,84.1,-8850.8,71028.9,79879.7,13974.9,17999.5,4024.6,516636.2,0.9390000000000001,0.946,0.885,0.96,0.988,0.894,0.956,1.037,253113.2,216662.388512383,36549.71999197037,-3569.325,20800.47968174843,223.64000000000001,34267.08500000001,357003.3971817484,32051.640046533234,83718.59999999999,2716.8025,16207.719717212656,35597.1721715883,12600.280661150233,895.7581872232556,3480.8100000000004,44822.93040846673,61073.65028919613,26026.429165033,287237.25522341294,76758.21676707758,18826.831265469234,22115.36249726224,35611.40134563573,127580.57448253405,80464.66177613797,17231.15468174843,52391.95749999998,-78.36300991813187,-10601.646771183994
2012Q4,534934.8,304055.0,24346.6,82042.0,-729.7,101655.4,26996.8,8.9,-3280.6,71807.7,75088.3,-159.5,502480.2,288418.1,21611.6,78776.5,-800.9,100186.8,24204.1,16.8,-9932.9,69661.6,79594.5,14222.6,18840.0,4617.4,516702.8,0.9390000000000001,0.9490000000000001,0.888,0.96,0.986,0.897,0.97,1.06,252015.0,215585.68401921995,36557.73462967409,-3502.3275000000003,21758.675387324576,256.9725,34621.967500000006,353185.4403873246,33156.33998969738,79926.72750000001,2730.3925000000004,16307.36540829175,36220.78557354355,12987.588915563441,887.8908167836219,3076.5475,44420.153235832106,61049.14059601783,25279.46441980909,288162.1616974635,77253.25544074639,19116.327993438987,22337.376098220637,36212.8558305677,127867.31241866175,80608.64824381578,18256.347887324577,48292.12500000001,2513.738863445935,-11158.131614780577
2013Q1,541591.6,308868.2,24362.3,81058.8,128.2,101462.3,27169.9,-97.3,-1319.5,74116.2,75435.7,-41.4,508289.4,292884.8,21918.0,78547.4,71.3,100572.5,24733.7,-96.0,-10342.3,76235.9,86578.2,15534.0,20577.8,5043.8,523823.4,0.9390000000000001,0.948,0.9,0.9690000000000001,0.991,0.91,1.0290000000000001,1.148,253582.7,216740.94241849508,36827.991190260975,-3544.54,21472.08075947686,226.4825,33613.515,359444.55825947685,32609.00533760991,84817.46250000001,2890.3725,16463.918355715527,36606.229413659166,13572.243205309349,910.5969315921664,3887.1225000000004,46803.984037761074,61737.977391955006,26660.33347067469,287202.23618111317,77528.16799956247,20164.078939546496,22047.65140841704,36530.49154531855,128465.04880156035,83354.90395553975,17927.54075947686,54320.802500000005,3270.4238936442416,-10595.916715296451
2013Q2,547324.5,310946.8,24638.9,84413.5,-2004.2,102743.4,28154.1,15.5,-1270.6,76622.3,77893.0,-312.9,513144.8,294619.0,22327.5,81746.6,-2209.5,101046.0,25652.4,27.9,-10065.2,80806.1,90871.3,19238.0,25056.0,5818.1,532382.8,0.938,0.9470000000000001,0.9059999999999999,0.968,0.983,0.9109999999999999,1.055,1.167,255251.9,218295.00755904726,36867.96426172068,-3305.4125,21184.268632768155,241.8425,34967.82,371158.10863276816,33130.11044907625,95020.505,2765.005,16469.242975504145,36134.15906472466,12781.216645038865,966.7133151335337,3165.2325,47670.573002607794,61928.410104045,26954.635229435917,289356.46104303654,77587.80219589449,20721.023675926874,22489.683152256286,36237.613112428684,129222.35483805877,83913.27201779147,17878.856132768156,63059.5325,-1070.0440832556342,-10752.284452145163
2013Q3,552544.4,312525.9,25647.5,85739.0,-507.8,102835.6,29689.6,-71.0,-2822.6,76537.1,79359.7,-491.7,518954.3,296531.7,23399.9,83252.7,-586.7,101369.8,27217.5,-74.9,-12155.7,82095.5,94251.2,17442.9,24064.9,6621.9,536397.3,0.9390000000000001,0.9490000000000001,0.912,0.971,0.986,0.917,1.073,1.188,253809.6,216758.87233449376,37054.21059056167,-3146.005,21062.40016334426,233.0,35434.04,372802.1351633442,32812.65023158289,97944.81499999999,2898.325,16554.92214208831,36457.72579210965,13189.773927178634,1008.7787645447785,3548.5625,48712.54804442905,62257.27321037912,27340.93375656054,287869.0258512511,77736.52129621762,21383.080811662596,22277.48996401162,36476.04265573503,130174.91529254301,85200.05722395817,17916.39516334426,65642.09999999998,492.66938837774796,-10575.328641371103
2013Q4,551765.5,311767.0,26457.9,86853.1,-83.7,103046.7,30002.2,64.2,-5531.3,76197.2,81728.5,-810.5,518893.7,297209.7,24392.0,84645.8,-35.6,101186.0,27775.7,79.3,-16359.1,81912.6,98271.7,17692.7,23942.1,6249.4,536586.4,0.94,0.953,0.922,0.975,0.982,0.9259999999999999,1.075,1.202,255404.3,218261.25521060918,37321.604133107016,-3214.7925,21316.09632269726,258.06,35196.8825,374066.8888226973,33768.614153455645,97378.85250000001,2924.3725000000004,16687.72611172008,37018.49660254635,13621.314303311703,1064.4415637032662,3260.9975000000004,49769.540236008805,62896.90237744951,28092.045330983077,287914.0036399934,77406.18118527535,21641.686691848972,22321.89026224101,37007.64612925598,131259.48484767447,86741.37815208803,18101.30382269726,65364.402500000004,-2486.622299627692,-10420.508659546671
2014Q1,557273.0,318145.0,26704.2,89915.8,-2454.7,103014.7,29541.9,65.5,-5942.2,80852.6,86794.8,-1717.1,524017.4,304060.4,24511.9,88242.7,-2710.9,101851.5,27472.8,104.4,-19515.4,86573.8,106089.2,17669.6,24901.7,7232.1,541687.0,0.94,0.956,0.9179999999999999,0.981,0.9890000000000001,0.93,1.071,1.222,255738.5,217910.29109289055,37493.46022119639,-3216.035,21771.413664249067,243.79500000000002,35773.5375,373641.01366424904,34458.8588658762,96233.6175,2869.7225,16868.06619908945,38010.39066426094,14330.328771963299,1090.7032773331935,3445.725,51149.63006823777,63266.04345995548,28879.505634053385,287826.20354696247,77141.859569348,22316.55987871754,22510.74159576977,37931.77364506626,132600.41588265199,89127.83915783718,18555.378664249067,63573.59749999999,959.5218080327031,-10453.558092625695
2014Q2,549531.3,303775.5,24709.9,88849.3,2259.0,103152.4,28368.9,82.6,-1331.3,82050.3,83381.6,-334.8,527153.5,295907.8,23409.6,87213.4,2427.8,103326.7,27068.0,109.6,-12309.2,87718.2,100027.4,17876.5,25475.2,7598.7,545030.0,0.9590000000000001,0.9740000000000001,0.9470000000000001,0.982,1.002,0.9540000000000001,1.069,1.2,259220.7,221114.6686579243,38237.593260346635,-3047.2325,20060.956385081743,213.2975,34317.942500000005,369675.3238850818,37851.65311181978,90375.66500000001,2851.9375,17335.845631053246,41226.39252213942,18251.64485626827,1068.073292335415,3281.185,50016.73871869126,64111.589895189616,26860.32954738512,288901.81660247763,76524.1602953242,23265.5832256484,21894.54372228003,41214.26187088371,133651.2226489903,91340.17464391723,17013.723885081745,59122.957500000004,3770.3765950441593,-10250.023135353636
2014Q3,550594.7,305910.8,23680.9,90418.6,-313.9,103566.3,29267.0,140.2,-1371.1,83245.7,84616.8,-704.1,528128.8,297684.8,22435.7,89117.4,-485.6,103984.2,28011.6,195.8,-12815.1,90939.0,103754.1,19774.3,27578.4,7804.2,547903.0,0.9590000000000001,0.973,0.9470000000000001,0.986,1.004,0.9570000000000001,1.092,1.226,259918.7,221410.93816409478,38491.27236320373,-3351.6675000000005,21703.299559448154,249.60750000000002,33402.590000000004,373716.0820594482,38834.91670849302,92378.345,2817.7975,17417.192906677446,42172.48525878481,18948.791192298173,1072.1731583854807,3405.6825,51057.936329252676,64654.80164520334,27502.003196677062,288664.8879854263,76917.54221193891,23541.618453912302,22140.610061988085,42161.57441267174,134535.29218689026,93205.1960632611,18351.632059448155,62043.159999999996,895.833840989857,-11120.438944080437
2014Q4,553755.6,306552.3,23614.4,91121.3,-777.2,103941.3,29269.9,16.8,603.0,85745.1,85142.2,-586.2,533061.6,298168.8,22391.0,89954.6,-721.6,104351.9,27977.7,25.7,-9086.6,95900.7,104987.2,22337.8,30722.2,8384.4,555399.3,0.963,0.973,0.948,0.987,1.004,0.956,1.1179999999999999,1.2329999999999999,259828.1,221191.92005158003,38666.02568880026,-3113.4325,21605.439602318165,225.6325,33724.6925,386346.7921023182,39647.741054801925,104983.75249999999,2817.3,17455.752983606533,42728.44173321586,19503.00709254025,1078.0778945595318,3102.1275,53438.22419954855,65175.51103856683,29149.851933050915,287437.1171827989,77019.74718702093,24327.109653904226,22166.007999902038,42747.092987001815,135215.44065373283,96224.05457395696,18492.007102318166,74301.99250000001,-5807.798243052908,-10415.499134922458
2015Q1,562438.6,308730.1,24408.4,94895.7,104.3,104724.9,28272.8,101.3,1406.4,86975.2,85568.9,-205.2,545542.4,300120.7,23007.5,94226.9,-24.4,104925.5,26967.5,114.5,-3795.8,95172.2,98968.0,20152.0,28542.6,8390.7,565694.4,0.97,0.972,0.943,0.993,1.002,0.9540000000000001,1.094,1.157,259933.8,221120.920373595,38870.66494555811,-2995.0249999999996,21956.173154731885,231.47750000000002,34260.89,386547.5831547319,39849.06914583826,104580.83,2840.3275,17478.153334453786,43099.479870003,19875.2811379039,1075.7557995292077,3311.57,52901.93471452982,65394.178262460846,27902.324806104276,289570.80778456473,77233.60019207867,24770.597492553876,22183.507270159786,43134.544207592895,135658.3896657289,95807.46650625105,18961.148154731884,73391.745,3665.4529719463317,-10517.152493680653
2015Q2,563038.3,308858.9,24727.4,94899.8,2033.0,104609.2,27752.9,-66.1,204.6,84120.1,83915.5,18.7,548781.7,301593.4,23454.8,94099.7,2103.0,104464.6,26639.1,-48.8,-3524.0,93410.7,96934.7,21419.3,29938.5,8519.1,570201.0,0.975,0.976,0.9490000000000001,0.992,0.9990000000000001,0.96,1.11,1.155,260188.1,220884.65533643498,39158.6429178927,-2500.1275000000005,24609.54706672208,272.815,36115.635,396847.7745667221,41551.84379438152,111423.92,2853.52,17558.814711240582,45162.9188477876,21821.354533103186,1076.5350370405113,3367.1725,52747.82233781255,66127.14416477807,28853.64241416145,292741.0526888662,77730.51623883951,23911.859159273794,22189.686306231888,45087.57587637559,136005.32539335729,97853.07744981084,22109.419566722077,78434.62000000001,-4372.503336455091,-10921.959037755849
2015Q3,563857.7,309956.5,24769.9,95400.0,1110.9,105214.7,27750.3,-75.0,67.1,86252.2,86185.1,-336.8,550639.9,302136.2,23593.2,94850.1,981.7,105088.7,26665.5,-54.3,-2621.3,95606.7,98228.0,21097.4,30269.5,9172.2,571737.2,0.977,0.975,0.9520000000000001,0.9940000000000001,0.9990000000000001,0.961,1.1079999999999999,1.14,261940.3,222542.53091045335,39529.903791540724,-2739.81,22785.80175478819,221.9075,36257.915,395206.3342547882,42372.34749241666,110121.47750000001,2876.6575,17638.38189517872,45568.30765583908,22333.944398438096,1075.3894462656338,3303.415,52650.872045118056,66846.47869884438,28731.917394029984,293420.17945758044,77754.40275321709,23916.788974723568,22131.226561273765,45540.56040597749,136226.90795456467,98189.26677473105,20045.99175478819,76962.1275,-1933.087615330296,-9739.843957550474
2015Q4,562732.1,308221.0,24672.1,95577.9,890.8,105950.6,28344.2,-54.1,-518.9,85297.9,85816.8,-351.5,550692.8,300119.2,23501.4,94742.6,897.8,106252.7,27195.3,-28.8,-1987.3,90958.6,92945.9,22005.5,31433.6,9428.2,572698.2,0.9790000000000001,0.9740000000000001,0.953,0.991,1.003,0.9590000000000001,1.0659999999999998,1.083,262978.6,223003.50500787384,39931.783391087985,-2644.3550000000005,22948.506608607328,224.59750000000003,35172.145000000004,391196.9591086073,42596.67876968796,104792.8125,2896.7975,17650.222012409315,45675.238048634696,22565.191873928314,1037.0044617063327,3121.5024999999996,52530.300533800495,67196.98301611762,28285.562587194127,292754.4782375251,77831.69486874246,24291.9933237282,22098.377143637914,45700.573479272556,136375.66628100828,98278.12939019488,20304.151608607328,72742.0625,2546.6036311119096,-10693.9226365129
2016Q1,567461.8,308605.9,24398.7,95113.2,1347.1,107380.1,29282.5,45.0,1300.8,85928.8,84627.9,-11.5,557387.1,299180.2,23281.2,94264.3,1445.9,107722.6,27905.9,11.1,3575.8,87988.9,84413.1,20148.0,29332.6,9184.6,577535.1,0.982,0.9690000000000001,0.9540000000000001,0.991,1.003,0.953,1.024,0.997,265228.9,225198.96733042164,40234.11367346316,-2521.1625,20970.48660863101,187.91500000000002,36280.86,401069.204108631,42409.67579783062,114286.8025,2916.2625,17641.211613881333,45930.974261898016,22896.746968642077,1002.1065101751237,3570.7675,51846.852132369786,68070.61019535705,28478.845680217786,293553.7635977007,77943.84074105657,23395.379016770108,22143.14333505984,46041.99681387704,136358.05215136998,97916.22151086494,18449.32410863101,81110.12,-2363.385573878011,-10320.867876412114
2016Q2,565691.4,306362.8,24886.9,94924.1,3133.0,106450.5,28284.6,-214.5,1693.9,85424.6,83730.7,170.2,554635.4,297904.6,23745.3,93492.9,2783.6,106111.5,26919.0,-216.2,3894.7,85479.1,81584.5,18955.5,28683.3,9727.8,573591.0,0.98,0.972,0.9540000000000001,0.985,0.997,0.9520000000000001,1.001,0.9740000000000001,265358.6,224748.07618552644,40290.5283195457,-3191.54,21893.94781603667,234.97750000000002,33789.880000000005,392682.5403160366,41070.12528430752,105274.98499999999,3111.5699999999997,17556.78730212103,44280.62868662343,21058.765448064427,951.7177135142433,3193.715,52053.406572888714,68198.92806218503,29136.224407167454,291068.6602327324,78046.75223654816,22838.6344428963,22195.10134506208,44205.58450664075,136593.8210460302,96180.4433567045,18702.40781603667,74831.65249999998,3302.669131292496,-10685.36735049996
2016Q3,566980.8,307775.7,25194.9,95281.1,513.2,106785.5,28292.9,-272.6,3228.7,87284.5,84055.8,181.4,555209.9,298614.9,24050.1,93749.2,526.5,106460.0,27005.9,-285.2,5088.6,85879.3,80790.7,18245.0,28278.3,10033.2,573455.0,0.9790000000000001,0.97,0.955,0.9840000000000001,0.997,0.955,0.9840000000000001,0.961,267373.2,226842.22186187736,40677.81699086927,-2782.6675,21142.76454932209,231.8,33435.3575,391991.3520493221,41986.92635209101,102872.6925,3153.5625,17621.014637042208,44963.01169802388,21646.289926818554,938.9841304135781,2988.6,52214.007850609334,68756.74811950707,29098.39603036925,291969.47284449707,77871.90760832914,23146.866888026936,22357.311756487295,44942.58581371943,136988.13060435117,97187.84873211561,18360.097049322092,72822.69750000001,2521.4315326072974,-9998.612663277774
2016Q4,567027.9,308233.6,25283.8,95965.5,-1350.9,106846.6,28297.8,-329.3,3968.6,89240.8,85272.2,112.3,555820.0,299908.5,24291.8,94780.5,-1459.2,106662.4,27181.0,-316.7,4771.6,89828.8,85057.3,18476.1,28538.3,10062.3,574296.0,0.98,0.973,0.961,0.988,0.998,0.961,1.0070000000000001,0.997,269070.1,228016.53994456,40970.45821248641,-2573.7375,20597.683787999875,235.20499999999998,35038.93,398211.4462879998,42255.809548009056,107727.545,3154.65,17763.526067322346,45515.76247706716,22208.590129377786,917.7988650531448,3277.49,51774.5256200615,69523.44928565835,28617.641104382474,294531.0463893221,77939.5675999831,23101.41237192452,22413.915352607997,45540.304347038924,137560.10426275342,97259.35782334593,18023.946287999875,76078.46999999999,-3738.2648977921344,-9974.144608619972
2017Q1,571064.1,309197.2,24882.2,96479.5,-231.5,107138.4,28531.9,-257.4,5143.3,91317.3,86174.0,180.5,559091.9,301250.7,24224.2,95843.4,-375.3,106942.5,27567.1,-283.7,3923.0,95579.8,91656.7,20814.5,31260.1,10445.7,579906.4,0.9790000000000001,0.9740000000000001,0.9740000000000001,0.993,0.998,0.966,1.047,1.064,269081.1,227904.1493344885,41430.436398537524,-2615.66,22789.73143126641,297.5025,32890.487499999996,397027.4864312664,43116.608880791355,104374.225,3100.5874999999996,17946.519545174193,45854.58247382586,22487.018238291366,950.6558561885719,2764.17,52124.00669771318,70031.71351875411,29132.78942436312,293932.4975557957,77949.55163968881,23131.893965888023,22429.694723230492,45867.368817710434,138356.50790452326,98132.05220796158,20174.07143126641,74881.82750000001,1419.2068464998738,-9613.87007204222
2017Q2,572963.0,311146.2,25159.4,97118.4,-398.2,106828.2,28852.0,-39.0,4165.3,91320.4,87155.1,130.8,561539.6,303444.3,24543.1,96535.9,-434.5,107029.8,27966.4,-27.7,2482.2,94640.0,92157.8,19687.6,30351.3,10663.7,581227.2,0.98,0.975,0.976,0.9940000000000001,1.002,0.9690000000000001,1.036,1.057,269373.6,227929.97229029276,41259.460801515685,-2131.19,21769.2111351061,256.835,34703.1275,399891.1211351061,42220.096756655184,107384.34,3238.325,17963.47443522399,45231.456136777626,21912.74611488538,992.6743850641304,3023.2725,55080.01899209265,70035.28502171351,29907.12306036372,293161.32613243494,77634.45137011449,25181.051477390974,22320.45582614208,45225.87632609159,139169.16106318706,100314.05086384628,19638.0211351061,76176.3725,-35.686024384747725,-10376.655790708377
2017Q3,579559.5,310200.6,24991.4,98542.2,2750.0,107318.2,28322.2,-21.7,7154.7,93617.4,86462.8,302.0,569866.6,302746.6,24473.3,98064.9,2739.0,107633.6,27593.9,-22.3,6637.6,98507.7,91870.1,21102.2,31518.2,10415.9,590968.8,0.983,0.976,0.9790000000000001,0.995,1.003,0.9740000000000001,1.052,1.063,272096.5,230726.0595360828,41631.1798945291,-1816.92,22789.491497509836,316.70500000000004,34189.9925,404821.4939975098,42102.42243883366,108249.73,3185.9875,18096.320128073814,45165.573008884305,21901.148208868373,997.0611533526483,3047.31,55273.00660655481,70870.82546219407,29903.922098378203,296104.61903725896,77910.36782505563,25364.065115513356,22264.427454862354,45162.636817083374,140041.88890348191,100430.62403097493,20972.571497509838,77562.43,3990.0902819249313,-10106.985224734235
2017Q4,580438.6,311514.6,24499.5,99159.2,3400.2,107307.2,28516.7,-17.8,5711.5,94687.3,88975.8,347.5,569668.6,304769.1,23967.5,98814.0,3398.2,107582.2,27709.1,-13.8,3442.2,100102.8,96660.6,20502.7,31583.8,11081.1,590171.3,0.981,0.978,0.978,0.997,1.003,0.972,1.057,1.0859999999999999,272818.3,230674.99642021436,41902.968010185694,-1788.7575,22353.93206823985,276.6775,34561.205,412179.20206823986,42585.74429816927,115304.9275,3214.1225,18119.420496482297,45725.13873641473,22456.415861913378,1035.039621002798,3144.125,56634.45243501335,71239.21394812634,30914.25370521005,295411.28275734873,78170.15065119012,25702.610886033723,22235.560567456047,45727.01605037222,140934.22133298553,102343.880641616,20565.17456823985,84234.5225,-5525.014451597643,-10338.837308744842
2018Q1,579414.9,310597.1,23819.6,99681.6,1395.9,108136.5,28739.1,-12.8,6700.8,96277.0,89576.2,357.0,569522.9,305163.6,23388.8,99423.8,1279.8,108690.1,27956.3,-21.5,3642.2,101582.0,97939.8,19973.0,32029.0,12056.0,589495.9,0.983,0.983,0.982,0.997,1.005,0.973,1.055,1.093,276751.1,234030.63228209666,42098.83010336172,-1586.5774999999999,22865.890490462105,333.105,29157.587499999998,393302.78799046215,43230.356726228565,91623.4075,3315.8625,18096.88671050791,45991.84651756086,22630.195969411954,1073.1729719988193,2771.475,55332.10567662595,71681.66580485406,29664.239297225373,297876.6721584879,78188.77525286331,25595.57335390245,22281.940094709276,45985.309036120045,141898.60114442895,101245.12168724787,21279.312990462106,66114.7875,11080.676828988828,-7740.7759827580885
2018Q2,583110.4,310819.5,23192.9,102389.9,1759.4,108020.7,29151.6,20.2,7310.8,97063.6,89752.9,445.3,571304.9,304624.8,22823.3,102391.1,2023.5,108776.5,28533.3,34.2,2098.1,102076.4,99978.3,21671.0,33578.7,11907.7,592975.9,0.98,0.98,0.9840000000000001,1.0,1.0070000000000001,0.9790000000000001,1.052,1.114,279766.5,238032.6992459026,42636.13800030201,-1026.045,22479.304392084072,299.14,30979.930000000004,412734.35939208406,43101.266714153375,108084.04,3131.42,18263.37111428736,46177.522158518084,22400.566775834297,1074.192658219015,3065.77,57629.02213125947,72740.08210330174,30840.727726664903,293535.35998513264,78252.11173831174,26846.996471776798,22707.537396584095,46182.29683063741,142708.03582291768,103870.02102907911,21453.259392084074,80534.66999999998,-5583.022045639111,-14361.6763152965
2018Q3,580388.3,311431.5,23241.8,99640.2,2092.9,107978.7,29008.3,66.8,6568.5,95714.8,89146.3,359.6,567924.8,306535.6,22891.8,99685.2,2072.5,108486.1,28417.9,80.5,-244.9,102286.8,102531.7,21560.7,33611.2,12050.6,589485.4,0.9790000000000001,0.9840000000000001,0.985,1.0,1.005,0.98,1.069,1.15,280390.5,237642.44021767605,42837.107235895215,-924.7625,22642.095940566862,309.64750000000004,31362.2825,409102.04094056686,42669.0247623952,103471.8575,3212.7025,18313.307423459224,45716.02773591823,22334.519818521094,1080.6306898323846,3028.5625,57648.6418835856,72962.2699345702,30727.048838367566,299109.5276168174,78328.91468458081,26897.278511444525,22303.269859263153,45718.420367616636,143415.5888867739,103342.74771742872,21717.33344056686,75631.925,-5721.987694957352,-9924.946735392557
2018Q4,580805.2,311606.0,23491.1,101879.0,3796.1,108842.2,28663.7,27.4,2430.8,95965.2,93534.4,69.0,568076.6,307036.5,23141.2,102154.0,3872.3,108837.4,28154.4,27.0,-5146.3,101553.6,106699.8,22144.4,34624.5,12480.1,590221.0,0.978,0.985,0.985,1.003,1.0,0.982,1.058,1.141,281828.6,238739.1613779758,42956.189664420956,-708.9224999999999,24903.568407439296,380.1,29544.184999999998,402131.3334074393,43083.921489053326,92454.2625,3273.725,18406.154859712376,46035.90343719718,22589.039315412545,1096.5461173896854,2958.355,57725.49947309723,73197.27888213743,30720.19107534522,302173.4541366891,78357.68970591728,27067.84725636846,22365.57854235076,46051.16397515299,144010.06369495334,103839.20230686667,24194.645907439295,66563.90250000001,986.7939224543516,-8543.119019184785
2019Q1,581283.2,310404.0,24163.5,102335.0,1163.3,109146.8,29319.5,-41.6,4564.9,94823.5,90258.6,227.8,572525.5,306481.6,23822.0,102519.9,1089.3,109468.2,28795.8,-42.5,391.2,98993.2,98602.0,21646.9,33758.3,12111.4,594172.5,0.985,0.987,0.986,1.002,1.003,0.982,1.044,1.092,281186.1,237171.85536579162,42739.57175682444,-659.8924999999999,21977.79047065248,293.3075,32159.4725,411549.5079706524,42785.800669039774,105459.01749999999,3293.1849999999995,18390.72107446454,45882.321869789885,22690.182415447496,1034.9899587180128,3061.2325,58299.49548337902,72989.14153603588,31835.83012116425,300241.18979978876,78847.34748755135,26517.80918174855,22138.057310154392,45863.2296843199,144458.83044370892,104216.86898723271,21317.897970652477,76886.03749999998,-4637.935598681273,-9104.549001214851
2019Q2,583692.7,310303.6,24432.5,102270.8,2659.0,110300.6,29933.3,-97.4,3745.6,95182.5,91436.9,144.8,574858.6,307006.1,24115.7,102512.1,3017.2,111205.9,29472.5,-108.6,-2362.3,98003.5,100365.8,22113.8,34598.6,12484.8,596972.4,0.985,0.9890000000000001,0.987,1.002,1.008,0.985,1.03,1.0979999999999999,284829.1,242288.48845816858,43597.87372373353,-292.135,22329.9966562378,313.60249999999996,31223.450000000004,413023.47665623773,43582.767655080344,102544.3075,3298.6049999999996,18554.442374781636,46701.40384680123,23290.150675324916,994.7158416094884,3142.8875000000003,55003.04564197282,74167.41264635406,29770.21903405402,299278.7971010013,78989.85283739016,25222.41557375372,22418.008009862457,46702.87452679686,144880.1015958115,101695.5091346046,22037.8616562378,74933.06499999997,-4491.165278846107,-14155.97071221855
2019Q3,584161.3,312589.6,24540.6,104538.7,-237.5,110864.0,29752.1,-113.8,2431.6,95698.9,93267.3,-204.0,575468.9,309629.2,24296.9,104574.3,-460.1,111160.0,29407.0,-121.6,-3016.8,97237.8,100254.6,22362.6,35269.9,12907.3,597831.5,0.985,0.991,0.99,1.0,1.003,0.988,1.016,1.075,285173.3,241562.4594645027,43591.68419104201,-405.9024999999999,22671.79968528461,303.1075,29968.945,407935.61468528456,44111.59549413245,96845.43999999999,3347.87,18584.674272274824,47020.03507609437,23470.91730848066,995.4108514894566,2900.6425,55970.010839576455,74197.16987136046,30452.33493558985,302870.58544242574,79327.6096023822,25538.82927555909,22542.794208365878,47009.122368336,145244.2936272787,103000.28657948493,22265.89718528461,70527.47249999999,543.1118191007408,-9621.564038290759
2019Q4,567319.0,301377.9,24174.3,97794.6,613.9,111473.7,29640.9,-61.0,2453.6,93823.9,91370.3,-148.8,564583.7,301135.9,24296.2,98236.0,370.2,112628.9,29642.7,-68.4,-1657.9,95417.0,97074.9,21190.9,33917.1,12726.2,585774.6,0.995,0.9990000000000001,1.005,1.005,1.01,1.0,1.0170000000000001,1.062,287523.2,244021.10076741743,43789.09146149205,-70.43750000000023,21831.7157143591,301.93999999999994,29591.49,386422.6632143591,42772.479919081,73463.8275,3372.4175,18799.294885613635,45870.967791256604,22665.00473798219,919.7263492687048,3091.9325000000003,56531.45321979604,74673.35066824085,30402.368972174438,306945.91619418724,79412.78889619856,26101.242163252336,22327.408107392366,45912.13919464326,145609.33364188764,102415.75033007003,21761.2782143591,47546.695,10922.396449110005,-6337.558775955113
2020Q1,569205.9,301729.8,23033.7,100981.6,-270.4,111890.9,29370.4,-50.5,2410.7,90329.1,87918.4,109.9,567629.7,302199.7,23306.1,101654.7,-154.0,112451.7,29618.7,-73.4,-1373.8,92293.7,93667.5,22015.2,33650.8,11635.6,589644.9,0.997,1.002,1.012,1.0070000000000001,1.005,1.008,1.022,1.065,286590.9,241462.86596271713,43569.6633233368,-39.6099999999999,21285.34227952923,253.81000000000003,33793.899999999994,403742.27227952925,43015.218144387545,92292.61499999999,3359.2149999999997,19029.696289556734,46321.94221772752,23165.09585617999,856.3779760870402,3274.5725,58154.32863775102,74350.90837897788,30701.0732081289,307845.0218311338,79078.57397556072,27387.604072738697,22287.345457630152,46308.81928989718,145860.37459628636,104397.49657076478,21245.73227952923,62111.73999999999,-2991.993665712769,-7851.712836849329
2020Q2,528202.4,278910.1,23222.4,94292.9,1758.2,111939.5,31435.1,39.7,-12874.8,74308.7,87183.5,-520.8,528805.7,278834.0,23039.6,94137.0,773.4,112033.9,31272.6,53.7,-11338.4,72708.1,84046.6,17970.7,28707.4,10736.7,546776.5,1.001,1.0,0.992,0.998,1.001,0.995,0.978,0.9640000000000001,277432.7,235112.46572510796,43005.93880050283,-845.9375,21184.40400977151,305.2475,27862.2925,353095.5715097715,43803.29474058998,51562.99249999999,3456.1650000000004,18808.74256339584,46795.2373968794,24613.493700828985,836.7650169653512,3056.57,55256.504264581614,73003.82857326043,30379.66558906781,333354.99882978277,80609.11321224956,24780.40797979625,21336.71893267437,46786.9776504687,146514.88837888444,101947.05121933276,20338.46650977151,27462.112499999996,3435.5324608753435,29649.9832700899
2020Q3,554765.2,293554.3,22129.2,95114.2,-2243.0,114017.9,31007.8,69.8,797.8,81479.3,80681.4,317.2,554799.7,293432.2,22095.1,94815.0,-2391.9,113908.6,30985.6,109.4,1845.9,81391.4,79545.6,18764.8,29417.8,10653.1,573564.5,1.0,1.0,0.998,0.997,0.9990000000000001,0.9990000000000001,0.9990000000000001,0.986,279521.8,236978.05239370442,43031.07843748774,-684.2550000000001,20577.49337850204,266.32250000000005,29427.56,378233.315878502,45943.86716766659,75089.13249999999,3462.8225,19007.02643551732,48999.0534798657,26473.20910065029,784.4772352186202,3086.5175,55210.6235183309,73377.43612238548,30229.04611695838,313568.05179192143,81376.82356255452,25021.44811119996,21736.006235416575,48993.692571285486,147457.37898223748,104244.18679944382,19893.23837850204,49390.7175,1966.6300679750275,6270.857090208796
2020Q4,563927.1,298924.9,22166.9,97025.9,-3496.5,115066.1,31139.5,-51.2,3057.7,88458.4,85400.7,93.7,564104.2,298449.7,22108.7,96726.5,-3462.1,114520.1,31076.0,-28.8,4714.0,88384.7,83670.7,20037.1,29800.2,9763.1,584141.3,1.0,0.998,0.997,0.997,0.995,0.998,0.9990000000000001,0.98,281891.2,238388.86080725194,43291.958092151704,-755.93,19794.057191322143,288.12,31684.182500000003,393710.23219132214,46424.58239809678,89022.2875,3470.4975,19093.92750323682,49766.300363489514,27222.51836013578,816.0705500651225,3340.8200000000006,56678.990069495594,73722.07357356294,30861.781764161035,307142.64004611946,80267.46585888627,25677.460907869154,21717.813323954055,49756.40223415496,148717.45785958247,106295.64490618515,19038.127191322143,61096.7225,-4701.972285059688,-1910.410166364978
2021Q1,570638.8,296751.6,22724.4,99363.5,713.4,114981.8,30738.8,33.0,5310.5,92415.3,87104.8,21.8,569484.8,297869.5,22990.2,99798.9,309.0,114694.5,31005.1,-11.6,2829.2,95090.1,92260.9,22381.6,33238.9,10857.3,591866.4,0.998,1.004,1.012,1.004,0.998,1.0090000000000001,1.0290000000000001,1.0590000000000002,288078.8,243036.7835975022,43860.78065066358,-294.55500000000006,22153.455781281027,333.2025,28606.747499999998,390655.975781281,46493.643196950434,76929.9375,3455.1349999999998,19298.12489343084,50086.18648135398,27127.637566745532,841.8552119993602,3614.4025,57537.044152882736,74848.63348436543,31713.073134338894,307451.9992944086,79732.77514532737,26126.06579389871,22140.347746256895,50109.84052500179,150354.22752029792,107948.97945323939,21858.900781281027,52111.527500000004,4360.758673419303,-4558.072513495514
2021Q2,574086.9,298655.4,22773.1,100338.2,682.1,118064.9,30198.4,-11.6,3398.6,94695.2,91296.6,-12.1,573351.7,300669.6,23594.5,101302.4,942.0,118182.9,30707.0,-11.7,-2034.8,99632.0,101666.8,27621.6,39212.6,11591.1,600973.3,0.9990000000000001,1.0070000000000001,1.036,1.01,1.001,1.0170000000000001,1.052,1.114,286292.1,242756.43238371308,44262.11507183482,-1100.945,22442.064202933158,311.5075,31504.815000000002,408388.0692029331,47306.56018022659,96974.1225,3469.2200000000003,19547.159368284712,50619.35139491584,27619.659854282378,859.94958685689,3207.6525,60540.87079872349,75607.59780351863,31274.019482853866,303200.325155615,81820.84449567767,29316.521302536858,22122.655287890902,50602.26472903017,152142.31892072983,111192.80551442089,21341.119202933158,69250.035,-6951.700352693151,-11977.88125662331
2021Q3,572992.3,295862.6,22570.3,99049.1,2504.2,118731.7,29687.1,-57.8,4657.1,93978.7,89321.5,-12.0,572990.0,299489.6,24226.2,100721.8,2366.9,119737.1,30557.1,-82.8,-4025.9,101318.8,105344.7,27179.2,38924.8,11745.7,600169.1,1.0,1.012,1.073,1.0170000000000001,1.008,1.0290000000000001,1.078,1.179,288322.0,244624.92687980883,44414.0669923281,-577.7750000000001,22002.961132138353,324.27750000000003,30592.210000000003,396195.54613213835,46411.40251760228,82647.11249999999,3476.97,19740.5727540066,50037.40129283332,27226.06615099186,865.1607930567271,3671.4000000000005,62950.80809065388,75926.76232545923,33005.31448455996,307538.0313906091,81574.3807484904,29963.436954898913,21936.973031035504,50028.19997508409,154135.18565307456,112996.95141454297,21425.18613213835,55856.14999999998,3481.6682397030527,-6021.443680000433
2021Q4,579748.9,304654.9,22618.8,99163.9,2535.8,117891.6,29039.3,-23.3,3841.8,93471.3,89629.4,26.1,579492.5,309689.9,24860.2,101885.1,2656.0,118435.0,30260.2,-41.0,-8253.0,104123.7,112376.7,28701.9,41686.1,12984.2,608194.4,1.0,1.0170000000000001,1.099,1.0270000000000001,1.005,1.042,1.114,1.254,288296.2,243838.10632445867,44188.279657955536,-826.16,22517.81178254602,339.2125,30298.2375,405831.611782546,47678.87905813958,92075.77999999998,3428.7675,19987.256374468176,51491.26043013237,28591.054123310616,895.6658556882674,3793.6900000000005,63787.878302826444,75633.55628511326,33061.91440148505,312681.78361872013,85315.35663601996,30709.0601327605,21993.20848574651,51479.92846474539,156250.63602153023,115250.90299899095,21691.65178254602,65545.52249999998,-1574.0862688216148,-5050.351613247476
2022Q1,577204.4,301920.7,22672.8,99778.5,3198.6,118491.6,27548.7,-17.0,3799.2,96992.3,93193.1,-188.8,579222.2,310753.7,25343.6,103385.8,3181.7,119899.9,28920.5,-60.8,-12202.2,110467.2,122669.3,32741.2,45958.2,13217.0,611963.4,1.003,1.0290000000000001,1.1179999999999999,1.036,1.012,1.05,1.139,1.3159999999999998,294026.6,247719.14234661552,44882.22477289872,-257.2874999999999,24558.8508941328,463.4975,30030.697500000002,402413.8733941328,48225.3482115888,80287.60250000001,3334.61,20165.264665078008,51818.36528413699,28779.417005274205,958.2016505264114,3648.015000000001,61949.78794188007,76831.45145980146,32468.246526523173,321684.0370426752,87464.11722729843,29602.559784848137,22103.661690008918,51841.28034580953,158624.79281514467,113912.08665718084,24301.5633941328,54055.012500000004,2731.4684449129854,-5096.5305924313725
2022Q2,582704.7,306695.7,22596.2,102226.8,1880.8,119613.6,26952.0,98.0,3004.5,97706.9,94702.4,-362.9,583011.0,318284.6,25496.1,107086.9,2891.5,119740.0,28680.6,94.8,-19263.4,119215.0,138478.4,31846.7,46313.7,14467.0,614857.8,1.001,1.038,1.128,1.048,1.001,1.064,1.22,1.462,293162.6,249056.75255736365,44947.157149478655,767.0250000000001,22124.169118571575,342.9475,30961.1425,416679.46911857155,46330.64274645643,96892.64499999999,3390.0825,20579.526161956765,52465.80574107723,28739.877841134414,993.3693631933428,6100.4625,67397.86538849292,76778.26936179916,34426.905977208065,306959.0593483036,82504.82882561497,33019.01232238072,22723.26375989719,52456.510964224944,160613.19924002246,119902.42926381373,22891.194118571577,69664.53249999999,-8791.0168228189,-10588.505756875733
2022Q3,581145.9,306768.1,22905.2,103575.1,2537.5,118922.0,27206.3,-168.0,352.6,99539.2,99186.6,-952.9,581990.8,321186.0,26035.7,109619.4,3177.5,121642.6,29146.4,-544.0,-28272.9,125540.9,153813.9,34817.8,50086.3,15268.5,616808.6,1.001,1.047,1.137,1.058,1.023,1.071,1.261,1.551,295779.8,250830.02464248548,45427.939412606254,988.818125,23725.95686952464,337.85625000000005,31468.075625,407694.11374452466,45885.398186401275,83637.586875,3224.095625,20758.042473994523,52771.58709113519,29024.73695396982,1035.5523070440324,6867.571250000001,66455.36045066008,77434.82541619519,33529.637623537295,315276.58887120074,82153.65782533343,32896.256564976145,22705.21125967645,52765.5005206903,162352.66781000828,119191.39470920374,24714.774994524643,55731.463124999995,863.8891747767921,-6886.438408924791
2022Q4,584042.1,307690.4,22827.1,103444.5,1894.6,120031.9,27597.8,107.2,1398.9,100392.8,98993.9,-950.4,594171.2,325835.9,26005.6,110570.3,2594.3,123179.9,29866.0,131.5,-24012.3,127180.8,151193.1,40033.9,57500.2,17466.4,634205.1,1.0170000000000001,1.0590000000000002,1.139,1.069,1.026,1.082,1.2670000000000001,1.527,298253.4,252708.92522058357,45793.602379130614,1246.12375,27122.27137557894,432.60937499999994,30582.103124999998,418982.223250579,46258.88684778312,88689.90437499998,3237.914375,20951.096517860333,53271.58054850953,29450.90974606691,1007.7174067141223,7055.684375,65537.94599673225,78295.8783689783,32369.912476538626,322842.07566354895,83451.77038944911,33331.95220153015,22806.925172739913,53265.55232552094,163865.836639708,118967.41700358971,28368.39512557894,61778.32499999999,5147.172159192036,-5901.67838096217
2023Q1,589145.6,309273.6,22875.2,105402.6,1060.3,120223.4,28806.9,68.1,1995.9,99242.3,97246.5,-560.5,606146.5,329915.7,26305.4,113056.9,648.7,125108.7,31071.8,95.0,-20055.7,121976.6,142032.3,32779.8,52673.0,19893.1,638926.4,1.0290000000000001,1.067,1.15,1.073,1.041,1.079,1.229,1.4609999999999999,299447.3,251812.16896378333,45922.50237947337,1413.326875,25963.597786144124,477.64125,33037.583125,436372.8896611442,45374.352329942296,105642.33625000001,3428.6875,21151.33949435825,54378.75880645167,30591.542553160896,995.531194053597,8959.62,68065.00396394925,78512.58847188574,32917.640710325824,318275.32015657966,81049.994322738,34783.25520707509,22796.950009930628,54384.02375714512,164970.26265836245,122084.91967454605,27376.924661144123,76511.08187500002,-7841.256076651742,-9792.925895090855
2023Q2,589531.5,306504.3,23587.2,104147.6,1155.0,118499.1,28153.5,-106.2,6701.4,100706.8,94005.4,889.6,617564.1,328963.3,26821.5,113102.8,2152.2,122570.5,30964.4,-196.8,-6814.0,126281.0,133095.0,36267.9,57375.0,21107.1,653831.9,1.048,1.073,1.137,1.0859999999999999,1.034,1.1,1.254,1.416,300049.2,255065.094688083,45638.29146290756,2294.290625,27240.206038218763,609.315625,32961.603125,437543.8747882188,44868.074628278766,104208.98125,3141.88125,21273.15691362958,52987.817121200926,29156.646343336783,949.2250426681023,8193.1375,70018.91296638908,79244.78989052516,37487.81388071014,316313.96844753856,82773.39046635963,32339.51372941849,22882.120271466272,52987.99165747115,166530.71776602656,122815.31926759979,29534.496663218764,74998.575,4962.553288283467,-9977.827410804515
2023Q3,582160.1,304318.9,23273.6,103884.1,-2160.9,118692.1,27710.3,-197.5,6944.5,102145.9,95201.4,-305.0,618274.2,329961.7,26902.1,114245.6,-2736.6,123652.0,30874.2,-312.8,-4312.1,132074.0,136386.1,35234.1,58092.7,22858.6,653508.3,1.062,1.084,1.156,1.1,1.042,1.114,1.2930000000000001,1.433,300412.9,254586.1813275258,45773.07268436753,2524.5249999999996,26833.058564337047,606.1427083333333,33002.004166666666,437725.7637726704,45236.737058133534,103945.71770833334,3403.4197916666667,21457.261872658648,53272.23297163997,29422.94011617802,915.6653005785689,7957.727083333332,65029.506710431604,79230.9825443092,32655.558065542413,322445.45941666147,83975.48561434634,32355.81101253251,22932.710017703626,53271.315434460215,168368.18239169873,118282.68451253514,29357.583564337045,74953.27604166667,2100.765484503936,-9891.44831883692
2023Q4,584932.5,304266.9,23257.3,105531.3,-627.8,118704.3,27626.1,-173.5,6872.0,104730.7,97858.6,-524.1,624549.8,332133.7,27123.6,117197.9,-697.2,123851.6,30995.2,-293.3,-5761.6,138138.6,143900.3,37600.1,61002.6,23402.6,662149.8,1.068,1.092,1.166,1.111,1.043,1.122,1.319,1.47,301730.7,256263.6348259778,46177.745980546104,3081.226041666667,23636.05990912077,528.5895833333333,33312.075,445712.7442841208,44894.86076856263,113259.31354166666,3476.8552083333334,21565.709365853916,53370.240411962914,29365.546442429924,905.5365127608162,8529.648958333333,67598.50708915373,80030.49293731239,34441.21255248465,317194.9274806713,81887.47046017958,33066.933343990066,23103.683298192962,53374.7662533837,170522.37941188854,120882.91214985841,26717.28595078744,83952.68333333333,1069.6590089403326,-8899.672398831986
2024Q1,584381.3,303478.6,22969.1,104770.1,-489.7,119116.1,27351.6,-182.8,7214.9,101578.5,94363.6,153.4,621923.6,332099.2,26805.4,116806.3,-1306.3,123894.6,30612.1,-348.7,-6639.0,135185.3,141824.3,36060.0,60828.4,24768.4,657983.6,1.064,1.094,1.167,1.115,1.04,1.119,1.331,1.5030000000000001,305735.7,257674.1920654523,46222.41313125769,3087.7854166666666,23521.704092744578,434.90104166666674,32548.158333333333,445046.8176344112,45628.34199605803,108890.80833333332,3375.9187500000003,21840.246237214877,53352.39947106465,29433.346916537434,872.5381658556504,7716.391666666666,68383.3966540321,80334.48334728312,33226.81160618794,320286.1771729977,85363.56228403506,34906.64104114265,23047.240216904713,53353.1252992978,173104.75746054488,121486.57794662839,26609.489509411243,80153.46979166666,-5804.708727587247,-13321.652583644202
2024Q2,583705.1,303464.5,22874.7,105835.4,-1343.2,121426.8,27499.2,-34.6,4845.3,102435.3,97590.0,-863.0,633654.7,334479.9,27140.7,119594.6,-773.0,128185.4,31530.0,-57.7,-6445.3,141575.8,148021.1,40363.9,65711.6,25347.7,674018.6,1.0859999999999999,1.102,1.186,1.13,1.056,1.147,1.382,1.517,309585.4,263011.78437616344,47617.98257464137,3280.3875000000007,28384.778770828045,532.0875,32890.22916666667,447497.3204374947,47781.35990973193,102175.34583333333,3539.320833333333,22025.707769846827,55307.80232399321,31332.858860675766,902.7597582329396,7435.604166666668,60979.25516418932,82416.42867021314,28207.377577637544,338312.2551017415,87812.39748832148,33074.097002213704,23085.278353379985,55320.89697228869,175630.0987568478,116602.37155213993,31665.166270828046,73356.52499999998,3005.888000035484,-9736.744076223986
2024Q3,588580.5,304968.5,23196.2,106807.9,512.9,121531.3,27878.3,-28.7,4562.5,105002.1,100439.6,-848.4,642141.7,338563.6,27569.1,121138.2,391.6,128960.2,32010.0,-23.0,-6467.9,142489.7,148957.6,39449.7,65930.0,26480.3,681591.4,1.091,1.11,1.189,1.1340000000000001,1.061,1.148,1.357,1.483,312971.7,264552.75836801424,47891.99761289868,3061.770833333333,29397.01020701526,684.8375,32766.845833333336,477119.70187368186,48436.939131944666,127529.86249999999,3474.5208333333335,22184.794985275512,55945.56519925165,31853.12807498316,924.5632991488789,7580.1875,70909.5665670309,83420.07438295861,35531.14692842684,333145.8788684523,87815.68582955025,35348.33490227411,23185.92145180438,55963.61282593642,178201.524700991,126843.09465663736,32458.781040348593,98922.37499999997,-22113.25190060929,-10854.141690061195
2024Q4,590926.5,304933.4,23363.8,105955.2,-785.7,121618.9,27788.3,-149.0,8240.4,106689.2,98448.8,-38.9,649473.6,340949.7,27895.9,121144.6,-981.3,129542.2,32244.2,-208.5,-1113.3,145348.5,146461.7,38156.9,64198.9,26042.0,687630.5,1.099,1.1179999999999999,1.194,1.143,1.065,1.16,1.3619999999999999,1.4880000000000002,316580.6,269137.57084474043,48644.12090259577,3703.4041666666667,24663.500171233645,543.4875,33409.92916666667,428579.49183790036,49837.412111466896,79674.7625,3413.7375,22300.08628160029,56135.472402472216,31873.467785783774,943.1879585669885,6288.104166666668,75434.96649434936,84603.7792441492,39979.76025321695,326453.6765502612,86449.82084102322,35118.05680788328,23292.939323183073,56109.59506753384,180726.8659972939,131207.41212863405,28366.904337900312,50222.058333333334,28502.651263938576,-10066.634131296189
2025Q1,593896.1,306742.9,23247.9,107180.1,2562.0,121346.6,27570.1,15.9,5436.5,105892.1,100455.7,-205.8,655117.7,346701.9,28147.7,123386.8,2374.1,129919.2,32228.7,-8.5,-7632.1,144212.9,151845.0,40446.5,66971.2,26524.8,695564.1,1.103,1.13,1.2109999999999999,1.151,1.071,1.169,1.3619999999999999,1.5119999999999998,318534.8,263051.1505960313,47339.829133742125,2745.233333333333,33470.465769283444,902.8166666666666,32871.87222222222,461959.0546581723,49303.98111278526,102863.0111111111,3442.7277777777776,22651.531560658845,57221.95644126718,32924.16548030849,960.4536251783379,7913.572222222222,73420.08818725019,82775.54388204482,35974.28326744642,332350.12640040874,85112.23046921154,37419.85307610889,23336.443428666444,57221.06253415327,183113.9533500757,130615.1988777086,36215.699102616774,74336.68333333332,1183.7016798208933,-18889.414910817228
2025Q2,594629.6,307182.8,23381.8,108590.4,1103.7,121970.0,27804.9,-104.4,5403.5,107656.8,102253.3,-703.0,666769.7,349003.0,28468.0,125549.3,2054.8,131108.3,32710.2,-155.1,-1968.8,142964.8,144933.6,39213.4,65450.0,26236.6,705983.1,1.121,1.136,1.218,1.156,1.075,1.176,1.328,1.4169999999999998,321044.3,,,,,,,,,,,,,,,,,,,,,,,,,,,,,
2025Q3,592407.5,308872.9,21525.6,108358.2,578.1,122155.1,27485.4,-51.8,4558.1,106201.5,101643.4,-1074.0,668857.9,352653.0,26480.8,126786.3,622.1,132140.6,32671.3,-52.5,-2443.6,144153.7,146597.3,43413.3,70021.8,26608.4,712271.3,1.129,1.1420000000000001,1.23,1.17,1.082,1.189,1.357,1.442,323988.7,,,,,,,,,,,,,,,,,,,,,,,,,,,,,
2025Q4,593959.0,309356.6,22592.9,109750.3,-1368.3,122689.1,27359.8,-77.4,4866.8,106354.3,101487.4,-1210.8,675000.9,355096.1,27895.6,129506.2,-1968.1,133028.5,32804.4,-84.2,-1277.6,150097.4,151375.0,40110.2,68035.1,27924.9,715111.1,1.136,1.148,1.235,1.18,1.084,1.199,1.411,1.492,327375.0,,,,,,,,,,,,,,,,,,,,,,,,,,,,,
2026Q1,596799.3,310743.1,22806.4,108653.4,-1642.9,123149.7,27731.1,-99.2,6411.7,108156.3,101744.6,-954.0,680104.3,358424.9,28522.4,129774.3,-3704.4,134459.1,33586.9,-95.4,-863.5,157449.8,158313.4,41294.1,69901.9,28607.7,721398.5,1.14,1.153,1.251,1.194,1.092,1.2109999999999999,1.456,1.556,330496.2,,,,,,,,,,,,,,,,,,,,,,,,,,,,,
2026Q2,598950.5,310766.3,22672.2,107633.8,-89.0,125211.3,27603.6,-2319.5,8554.1,108593.3,100039.2,-1082.3,689219.1,362125.5,28742.5,130483.7,677.6,138040.3,33930.5,-4866.0,84.9,163626.1,163541.2,38229.6,69154.4,30924.8,727448.7,1.151,1.165,1.268,1.212,1.102,1.229,1.507,1.635,337499.9,,,,,,,,,,,,,,,,,,,,,,,,,,,,,
