scenario,variable,year,value_repro,value_paper,diff
1,BCVATGDPV,2018,-0.12187287391875712,-0.12,-0.001872873918757123
1,BCVATGDPV,2019,-0.2715161732324044,-0.26,-0.011516173232404392
1,BCVATGDPV,2020,-0.4246252253467528,-0.4,-0.024625225346752766
1,BGVATGDPV,2018,-0.460142045651443,-0.47,0.009857954348556963
1,BGVATGDPV,2019,-0.3326038053339515,-0.34,0.007396194666048517
1,BGVATGDPV,2020,-0.37349502001120993,-0.28,-0.0934950200112099
1,CG,2018,0.04555739697916228,0.04,0.005557396979162278
1,CG,2019,0.163003044456711,0.16,0.003003044456710985
1,CG,2020,0.271846339614773,0.26,0.011846339614772994
1,CGPI,2018,0.03994820849259617,0.04,-5.1791507403829706e-05
1,CGPI,2019,0.17209402955333797,0.17,0.002094029553337956
1,CGPI,2020,0.3387108340152878,0.33,0.008710834015287772
1,CGV,2018,0.05243697866038066,0.05,0.0024369786603806592
1,CGV,2019,0.292388696718332,0.28,0.012388696718331982
1,CGV,2020,0.6177134908260384,0.61,0.007713490826038449
1,CP,2018,0.24841782001372437,0.25,-0.0015821799862756336
1,CP,2019,0.5294717726867793,0.53,-0.0005282273132207749
1,CP,2020,0.5127364519872335,0.53,-0.017263548012766528
1,CPV,2018,0.2700841820540062,0.27,8.418205400617662e-05
1,CPV,2019,0.7437306602493754,0.76,-0.016269339750624612
1,CPV,2020,0.9829585061277957,1.04,-0.05704149387220436
1,CUX,2018,1.8756884467893309,2.0,-0.12431155321066911
1,CUX,2019,1.8907474649762002,2.01,-0.11925253502379962
1,CUX,2020,2.000406446932268,1.85,0.1504064469322679
1,FXS,2018,-0.05890155677830966,-0.06,0.0010984432216903373
1,FXS,2019,-0.24829633881769675,-0.24,-0.008296338817696758
1,FXS,2020,-0.4888424202825037,-0.49,0.0011575797174963043
1,GDP,2018,1.0799500804047402,1.08,-4.99195952599063e-05
1,GDP,2019,1.0980817665404319,1.11,-0.011918233459568217
1,GDP,2020,1.0272352403655205,1.04,-0.012764759634479539
1,GDPD,2018,1.1311801668976655,1.14,-0.008819833102334362
1,GDPD,2019,-0.0622904622094739,-0.06,-0.0022904622094739036
1,GDPD,2020,-0.06110227472501095,-0.06,-0.0011022747250109544
1,GDPGAP,2018,0.961107618945422,0.96,0.0011076189454219953
1,GDPGAP,2019,0.963985298177744,0.99,-0.02601470182225596
1,GDPGAP,2020,0.9222131548057804,0.96,-0.0377868451942196
1,GDPPOT,2018,0.1332737002024409,0.12,0.013273700202440897
1,GDPPOT,2019,0.13787208972540488,0.12,0.017872089725404883
1,GDPPOT,2020,0.06667809073315212,0.05,0.016678090733152115
1,GDPV,2018,1.1759573512781174,1.18,-0.004042648721882536
1,GDPV,2019,1.4137946013206337,1.42,-0.006205398679366203
1,GDPV,2020,1.607660924299592,1.64,-0.03233907570040784
1,IFP,2018,-0.1322356805379371,-0.13,-0.0022356805379371014
1,IFP,2019,-0.6597763503478876,-0.64,-0.019776350347887606
1,IFP,2020,-1.2111223782424378,-1.22,0.008877621757562126
1,IFPV,2018,0.13144397980000555,0.13,0.001443979800005546
1,IFPV,2019,-0.12424506935112267,-0.1,-0.024245069351122667
1,IFPV,2020,-0.3967277646359735,-0.38,-0.016727764635973474
1,IG,2018,20.098571180609742,20.08,0.01857118060974372
1,IG,2019,19.65797855455356,19.74,-0.08202144544643986
1,IG,2020,18.161946323756183,18.13,0.031946323756184114
1,IGV,2018,20.381222537836884,20.36,0.021222537836884214
1,IGV,2019,20.297689655620466,20.4,-0.10231034437953213
1,IGV,2020,19.190068029795306,19.2,-0.009931970204693386
1,IHP,2018,0.20176637710658807,0.2,0.0017663771065880574
1,IHP,2019,0.43171362487440246,0.44,-0.008286375125597545
1,IHP,2020,0.42223357054283484,0.44,-0.017766429457165167
1,IHPV,2018,0.21272782077279007,0.22,-0.007272179227209935
1,IHPV,2019,0.6585604008603252,0.68,-0.02143959913967486
1,IHPV,2020,0.9515326140390079,0.99,-0.038467385960992084
1,KFP,2018,-0.007718309674931145,-0.01,0.002281690325068855
1,KFP,2019,-0.05737841608633165,-0.06,0.002621583913668346
1,KFP,2020,-0.16847579682900682,-0.17,0.0015242031709931936
1,KG,2018,0.4409385468641003,0.44,0.0009385468641002759
1,KG,2019,1.1231704230711181,1.12,0.0031704230711180337
1,KG,2020,1.7513806974327473,1.75,0.0013806974327472687
1,KHP,2018,0.005067670630415355,0.01,-0.004932329369584645
1,KHP,2019,0.023132291254968074,0.02,0.0031322912549680733
1,KHP,2020,0.0440118067764117,0.05,-0.005988193223588303
1,LE,2018,0.25736766295087476,0.24,0.017367662950874774
1,LE,2019,0.29916900165430915,0.26,0.039169001654309143
1,LE,2020,0.24966781753718026,0.21,0.03966781753718027
1,LF,2018,0.22568342688626952,0.21,0.01568342688626953
1,LF,2019,0.25681992196752157,0.22,0.03681992196752157
1,LF,2020,0.2044452814009723,0.17,0.03444528140097228
1,LH,2018,0.29170472567267014,0.29,0.0017047256726701598
1,LH,2019,0.30076861879191896,0.3,0.0007686187919189735
1,LH,2020,0.2677147578562078,0.27,-0.002285242143792221
1,M2CD,2018,0.686601769733991,0.7,-0.013398230266008948
1,M2CD,2019,0.5941008527528824,0.6,-0.005899147247117598
1,M2CD,2020,0.7735186044704523,0.78,-0.00648139552954774
1,MGS,2018,0.4078688519373319,0.39,0.017868851937331898
1,MGS,2019,0.8912456889092368,0.86,0.031245688909236846
1,MGS,2020,0.9218065265971742,0.91,0.011806526597174183
1,MGSV,2018,0.3678125103107277,0.37,-0.002187489689272293
1,MGSV,2019,0.7682480577147044,0.77,-0.0017519422852956268
1,MGSV,2020,0.7489050344096415,0.77,-0.021094965590358505
1,NIV,2018,1.474445379767786,1.47,0.0044453797677859175
1,NIV,2019,1.5589666255820034,1.59,-0.031033374417996695
1,NIV,2020,1.4459756598223905,1.53,-0.08402434017760951
1,PCP,2018,0.021570255485892087,0.02,0.0015702554858920865
1,PCP,2019,0.21311888869508522,0.22,-0.006881111304914783
1,PCP,2020,0.46784469824383557,0.51,-0.04215530175616444
1,PERR,2018,-0.65509439625189,-0.71,0.05490560374810993
1,PERR,2019,-1.5855002770620503,-1.77,0.1844997229379497
1,PERR,2020,-2.776634256934239,-3.3,0.523365743065761
1,PGDP,2018,0.09495949746409771,0.09,0.004959497464097712
1,PGDP,2019,0.312301599476017,0.31,0.002301599476016991
1,PGDP,2020,0.5745328001138195,0.59,-0.015467199886180505
1,PIFP,2018,0.2640819284485618,0.26,0.004081928448561811
1,PIFP,2019,0.5392542292876112,0.55,-0.010745770712388802
1,PIFP,2020,0.8244516168268545,0.85,-0.02554838317314545
1,PIHP,2018,0.010918452565086834,0.01,0.0009184525650868334
1,PIHP,2019,0.225838417669888,0.23,-0.004161582330112018
1,PIHP,2020,0.5270942590727967,0.54,-0.012905740927203313
1,PLAND,2018,0.006721536356182889,0.01,-0.0032784636438171113
1,PLAND,2019,0.10010574386757343,0.1,0.00010574386757342125
1,PLAND,2020,0.3073698620051635,0.31,-0.0026301379948365233
1,PMGS,2018,-0.03982464388094242,-0.03,-0.009824643880942424
1,PMGS,2019,-0.12190233107089166,-0.09,-0.03190233107089166
1,PMGS,2020,-0.171324604025494,-0.14,-0.031324604025493974
1,PSHARE,2018,-1.0991271244675416,-1.07,-0.02912712446754151
1,PSHARE,2019,-4.5248052246674835,-4.48,-0.044805224667483046
1,PSHARE,2020,-6.154097177853729,-6.26,0.10590282214627056
1,PXGS,2018,-0.02352604343890119,-0.02,-0.0035260434389011892
1,PXGS,2019,-0.09922726085393463,-0.1,0.0007727391460653765
1,PXGS,2020,-0.19549465441119074,-0.2,0.004505345588809273
1,RCD,2018,0.12074857817717446,0.12,0.0007485781771744693
1,RCD,2019,0.2281186607225298,0.23,-0.0018813392774702231
1,RCD,2020,0.25335724035432927,0.26,-0.006642759645670737
1,RGB,2018,0.05666172290229844,0.06,-0.003338277097701556
1,RGB,2019,0.10469076228153099,0.11,-0.005309237718469015
1,RGB,2020,0.12617563154381564,0.13,-0.0038243684561843627
1,SBGVATGDPV,2018,-2.3682337193993774,-2.37,0.0017662806006226717
1,SBGVATGDPV,2019,-2.5997644555752473,-2.62,0.020235544424752838
1,SBGVATGDPV,2020,-2.860954445519731,-2.96,0.09904555448026908
1,TAXV,2018,1.1760162636465898,1.16,0.016016263646589923
1,TAXV,2019,2.1476683594419455,2.16,-0.01233164055805469
1,TAXV,2020,2.1268863208173947,2.15,-0.023113679182605207
1,TCIV,2018,1.1225188390183383,1.12,0.0025188390183381593
1,TCIV,2019,1.39238038522978,1.4,-0.007619614770219885
1,TCIV,2020,1.5428973042168392,1.58,-0.03710269578316083
1,TYCV,2018,1.9218132398846732,1.89,0.03181323988467333
1,TYCV,2019,4.228613765823214,4.24,-0.011386234176786303
1,TYCV,2020,3.668959014179557,3.63,0.03895901417955727
1,TYPV,2018,1.208386122463806,1.2,0.00838612246380599
1,TYPV,2019,1.8803413085792753,1.89,-0.009658691420724619
1,TYPV,2020,1.9312565433961593,1.99,-0.05874345660384073
1,UCC,2018,-0.4281961271447976,-0.43,0.001803872855202393
1,UCC,2019,0.020097729064200154,-0.05,0.07009772906420016
1,UCC,2020,-0.20027485542821188,-0.34,0.13972514457178814
1,UR,2018,-0.03083657976230625,-0.03,-0.0008365797623062499
1,UR,2019,-0.04124709724074194,-0.04,-0.001247097240741936
1,UR,2020,-0.0438647410855465,-0.04,-0.0038647410855464984
1,WIPH,2018,0.5817324449011618,0.55,0.03173244490116178
1,WIPH,2019,0.7921146131201651,0.71,0.0821146131201651
1,WIPH,2020,0.9171064755880753,0.87,0.04710647558807535
1,XGS,2018,-0.0006436507258761326,0.0,-0.0006436507258761326
1,XGS,2019,-0.011116555681270346,-0.01,-0.0011165556812703457
1,XGS,2020,-0.043096955192550856,-0.04,-0.0030969551925508557
1,XGSV,2018,-0.024169440479854254,-0.02,-0.0041694404798542535
1,XGSV,2019,-0.11033126675178972,-0.11,-0.0003312667517897244
1,XGSV,2020,-0.23850420771887593,-0.24,0.0014957922811240643
1,YCV,2018,3.8699684817677826,3.78,0.08996848176778283
1,YCV,2019,3.029481272548246,2.96,0.06948127254824588
1,YCV,2020,2.3050982336615897,2.56,-0.25490176633841033
1,YDV,2018,0.9623695124808374,0.96,0.002369512480837388
1,YDV,2019,1.219317378555651,1.25,-0.030682621444348968
1,YDV,2020,1.2348151038171107,1.31,-0.07518489618288937
1,YWV,2018,1.0765090311136205,1.03,0.04650903111362048
1,YWV,2019,1.3255003991324121,1.22,0.10550039913241216
1,YWV,2020,1.3651285908182431,1.28,0.08512859081824309
2,BCVATGDPV,2018,-0.11221063370466566,-0.11,-0.0022106337046656627
2,BCVATGDPV,2019,-0.2035174269324791,-0.2,-0.003517426932479084
2,BCVATGDPV,2020,-0.23875658903688213,-0.23,-0.008756589036882118
2,BGVATGDPV,2018,-0.44807680122527604,-0.46,0.011923198774723975
2,BGVATGDPV,2019,-0.24873598945650854,-0.26,0.011264010543491465
2,BGVATGDPV,2020,-0.16314013472196798,-0.05,-0.11314013472196797
2,CG,2018,0.04555739697773009,0.04,0.0055573969777300905
2,CG,2019,0.16300304445026614,0.16,0.00300304445026614
2,CG,2020,0.2718463395969706,0.26,0.011846339596970568
2,CGPI,2018,0.051085419002863675,0.05,0.0010854190028636718
2,CGPI,2019,0.21498638379344737,0.21,0.004986383793447374
2,CGPI,2020,0.42575340020811203,0.41,0.015753400208112056
2,CGV,2018,0.05575105547399595,0.05,0.005751055473995945
2,CGV,2019,0.30819039941976656,0.3,0.00819039941976657
2,CGV,2020,0.6598036189767009,0.65,0.0098036189767009
2,CP,2018,0.226478658364776,0.23,-0.0035213416352240234
2,CP,2019,0.48273589149716023,0.5,-0.01726410850283977
2,CP,2020,0.5332844966339512,0.57,-0.036715503366048785
2,CPV,2018,0.25534529882024204,0.26,-0.00465470117975797
2,CPV,2019,0.7219807470945971,0.75,-0.02801925290540286
2,CPV,2020,1.063093721475944,1.14,-0.07690627852405596
2,CUX,2018,1.9339096236639874,2.06,-0.1260903763360126
2,CUX,2019,2.1180356138764287,2.23,-0.11196438612357129
2,CUX,2020,2.277928161917253,2.09,0.18792816191725326
2,FXS,2018,0.003735396480705755,0.0,0.003735396480705755
2,FXS,2019,0.021742503509980526,0.02,0.001742503509980526
2,FXS,2020,0.05757435484102791,0.06,-0.0024256451589720895
2,GDP,2018,1.1116512260912537,1.12,-0.008348773908746443
2,GDP,2019,1.2555441328229,1.27,-0.014455867177100012
2,GDP,2020,1.3089102042322387,1.33,-0.021089795767761377
2,GDPD,2018,1.1950578742423086,1.2,-0.0049421257576913735
2,GDPD,2019,0.08179692336479011,0.09,-0.008203076635209888
2,GDPD,2020,0.030526436887711506,0.03,0.0005264368877115067
2,GDPGAP,2018,0.9898524095828395,0.99,-0.00014759041716050358
2,GDPGAP,2019,1.0787503754224228,1.1,-0.021249624577577286
2,GDPGAP,2020,1.0597662169533497,1.1,-0.04023378304665037
2,GDPPOT,2018,0.13653856260819608,0.13,0.006538562608196075
2,GDPPOT,2019,0.18041010052389783,0.16,0.02041010052389783
2,GDPPOT,2020,0.20348081802622486,0.18,0.02348081802622487
2,GDPV,2018,1.2150658922254698,1.22,-0.004934107774530183
2,GDPV,2019,1.5997712976092648,1.61,-0.010228702390735256
2,GDPV,2020,1.954005677468429,1.99,-0.03599432253157109
2,IFP,2018,0.07627406117489133,0.08,-0.003725938825108674
2,IFP,2019,0.2636765366641869,0.27,-0.006323463335813129
2,IFP,2020,0.2865295483320096,0.29,-0.0034704516679903707
2,IFPV,2018,0.3532498032450482,0.35,0.0032498032450481995
2,IFPV,2019,0.8577018676157455,0.87,-0.012298132384254479
2,IFPV,2020,1.2125136080793797,1.24,-0.0274863919206203
2,IG,2018,20.098571180609742,20.08,0.01857118060974372
2,IG,2019,19.65797855455356,19.74,-0.08202144544643986
2,IG,2020,18.161946323756183,18.13,0.031946323756184114
2,IGV,2018,20.397650819043417,20.38,0.017650819043417698
2,IGV,2019,20.364988459269718,20.46,-0.09501154073028317
2,IGV,2020,19.31831214608222,19.32,-0.0016878539177795915
2,IHP,2018,0.23618604139924448,0.24,-0.003813958600755507
2,IHP,2019,0.520078265668189,0.54,-0.019921734331810992
2,IHP,2020,0.5982974171235944,0.63,-0.031702582876405594
2,IHPV,2018,0.25657152731307087,0.26,-0.0034284726869291404
2,IHPV,2019,0.7811807180897024,0.81,-0.0288192819102977
2,IHPV,2020,1.2053508090799803,1.25,-0.04464919092001973
2,KFP,2018,0.0036885211546378027,0.0,0.0036885211546378027
2,KFP,2019,0.027946901830877557,0.03,-0.0020530981691224415
2,KFP,2020,0.056603651382741704,0.06,-0.0033963486172582935
2,KG,2018,0.4409385468483351,0.44,0.0009385468483351089
2,KG,2019,1.1231704230305173,1.12,0.0031704230305171777
2,KG,2020,1.7513806973186052,1.75,0.0013806973186052396
2,KHP,2018,0.005964772496053206,0.01,-0.004035227503946795
2,KHP,2019,0.027355800672973496,0.03,-0.002644199327026503
2,KHP,2020,0.05502630550704435,0.06,-0.004973694492955649
2,LE,2018,0.2602473964260943,0.25,0.01024739642609429
2,LE,2019,0.33482334490595456,0.31,0.02482334490595456
2,LE,2020,0.35861273552102446,0.32,0.038612735521024455
2,LF,2018,0.227735299975651,0.21,0.017735299975651014
2,LF,2019,0.2883184757982382,0.26,0.028318475798238207
2,LF,2020,0.3072006179668074,0.27,0.0372006179668074
2,LH,2018,0.29912558357406693,0.3,-0.0008744164259330556
2,LH,2019,0.33680367709504333,0.34,-0.0031963229049566944
2,LH,2020,0.32915759138070766,0.33,-0.0008424086192923563
2,M2CD,2018,1.1574103441478578,1.16,-0.002589655852142103
2,M2CD,2019,1.5941221964646146,1.61,-0.015877803535385482
2,M2CD,2020,2.0317702322735665,2.07,-0.038229767726433384
2,MGS,2018,0.38697446510319033,0.38,0.00697446510319033
2,MGS,2019,0.8390130713720412,0.84,-0.000986928627958794
2,MGS,2020,0.9649806644707604,0.97,-0.00501933552923961
2,MGSV,2018,0.375852663809223,0.38,-0.004147336190777007
2,MGSV,2019,0.8348538572263475,0.86,-0.025146142773652458
2,MGSV,2020,1.0167541833902838,1.06,-0.04324581660971627
2,NIV,2018,1.5339143196243077,1.54,-0.006085680375692348
2,NIV,2019,1.8698415908339927,1.9,-0.030158409166007205
2,NIV,2020,2.119941854375856,2.19,-0.07005814562414381
2,PCP,2018,0.028756883996483573,0.03,-0.0012431160035164257
2,PCP,2019,0.23807914402578234,0.25,-0.011920855974217659
2,PCP,2020,0.5270050787315794,0.57,-0.04299492126842053
2,PERR,2018,-0.4588967711776979,-0.49,0.031103228822302098
2,PERR,2019,-0.8289924954985173,-0.89,0.061007504501482734
2,PERR,2020,-1.5108059429466758,-1.58,0.06919405705332426
2,PGDP,2018,0.10224368090071545,0.1,0.0022436809007154446
2,PGDP,2019,0.33994351433965786,0.34,-5.6485660342164845e-05
2,PGDP,2020,0.6367565551267662,0.65,-0.013243444873233812
2,PIFP,2018,0.2767118400442026,0.28,-0.003288159955797454
2,PIFP,2019,0.5924494119327328,0.6,-0.007550588067267161
2,PIFP,2020,0.9233342907943809,0.95,-0.02666570920561906
2,PIHP,2018,0.020308594613527298,0.02,0.00030859461352729725
2,PIHP,2019,0.2596958785855641,0.27,-0.01030412141443593
2,PIHP,2020,0.6034431408961816,0.62,-0.016556859103818433
2,PLAND,2018,-0.001400784952002021,0.0,-0.001400784952002021
2,PLAND,2019,-0.009470791865431871,-0.01,0.000529208134568129
2,PLAND,2020,-0.021515466188889998,-0.02,-0.0015154661888899974
2,PMGS,2018,-0.011057210052936584,0.0,-0.011057210052936584
2,PMGS,2019,-0.004127175722964949,0.02,-0.02412717572296495
2,PMGS,2020,0.05127580216974792,0.09,-0.03872419783025208
2,PSHARE,2018,0.2257481850004961,0.23,-0.004251814999503917
2,PSHARE,2019,0.2997517940949157,0.3,-0.00024820590508428664
2,PSHARE,2020,0.37181770476394926,0.38,-0.00818229523605074
2,PXGS,2018,0.0014915693638456462,0.0,0.0014915693638456462
2,PXGS,2019,0.008681452382658383,0.01,-0.0013185476173416168
2,PXGS,2020,0.02298607821501486,0.02,0.0029860782150148597
2,RCD,2018,0.0,0.0,0.0
2,RCD,2019,0.0,0.0,0.0
2,RCD,2020,0.0,0.0,0.0
2,RGB,2018,0.0001397644228512511,0.0,0.0001397644228512511
2,RGB,2019,0.0009311253427051373,0.0,0.0009311253427051373
2,RGB,2020,0.0009559243185999146,0.0,0.0009559243185999146
2,SBGVATGDPV,2018,-2.461875744690097,-2.47,0.008124255309903017
2,SBGVATGDPV,2019,-3.0835565165335836,-3.11,0.02644348346641623
2,SBGVATGDPV,2020,-3.9190599244855733,-4.03,0.11094007551442697
2,TAXV,2018,1.22404654256843,1.21,0.014046542568429965
2,TAXV,2019,2.5166800999726844,2.5,0.01668009997268438
2,TAXV,2020,3.0406223092261655,3.02,0.02062230922616548
2,TCIV,2018,1.1523724478178898,1.15,0.002372447817889922
2,TCIV,2019,1.5419841738597118,1.56,-0.018015826140288294
2,TCIV,2020,1.8438339791553737,1.89,-0.04616602084462618
2,TYCV,2018,2.0857444344827947,2.03,0.05574443448279487
2,TYCV,2019,5.4422378695703655,5.31,0.13223786957036587
2,TYCV,2020,6.620279856409788,6.34,0.2802798564097886
2,TYPV,2018,1.200424321038529,1.2,0.0004243210385290741
2,TYPV,2019,1.9354091313681265,1.97,-0.03459086863187344
2,TYPV,2020,2.19505677173506,2.28,-0.08494322826493983
2,UCC,2018,-1.1468457655653603,-1.08,-0.06684576556536026
2,UCC,2019,-1.6955029642319097,-1.66,-0.035502964231909795
2,UCC,2020,-1.899129046667869,-1.94,0.04087095333213098
2,UR,2018,-0.03164128594813098,-0.03,-0.0016412859481309827
2,UR,2019,-0.04528253020507522,-0.04,-0.005282530205075221
2,UR,2020,-0.049817500448976704,-0.05,0.00018249955102329907
2,WIPH,2018,0.5946570081777292,0.56,0.0346570081777291
2,WIPH,2019,0.8950063271923381,0.84,0.05500632719233811
2,WIPH,2020,1.2324099637399721,1.19,0.04240996373997219
2,XGS,2018,2.8478966737632838e-05,0.0,2.8478966737632838e-05
2,XGS,2019,0.000773917043411787,0.0,0.000773917043411787
2,XGS,2020,0.0038762582597606787,0.0,0.0038762582597606787
2,XGSV,2018,0.0015200491487760148,0.0,0.0015200491487760148
2,XGSV,2019,0.009455450467499293,0.01,-0.0005445495325007068
2,XGSV,2020,0.02686329372101892,0.03,-0.0031367062789810773
2,YCV,2018,4.54961863150663,4.37,0.1796186315066297
2,YCV,2019,5.089694304768794,4.83,0.25969430476879385
2,YCV,2020,6.7814201431076695,7.0,-0.2185798568923305
2,YDV,2018,0.8949756322785829,0.91,-0.015024367721417131
2,YDV,2019,1.206242561984061,1.27,-0.06375743801593892
2,YDV,2020,1.4321106276522944,1.53,-0.09788937234770567
2,YWV,2018,1.0987001901944238,1.05,0.04870019019442373
2,YWV,2019,1.4924515923542325,1.42,0.0724515923542326
2,YWV,2020,1.8294532112596684,1.76,0.06945321125966841
3,BCVATGDPV,2018,-0.11852526791639295,-0.11,-0.00852526791639295
3,BCVATGDPV,2019,-0.2610712242508665,-0.25,-0.011071224250866485
3,BCVATGDPV,2020,-0.40775389314908544,-0.38,-0.02775389314908544
3,BGVATGDPV,2018,-0.4440770184207917,-0.46,0.015922981579208295
3,BGVATGDPV,2019,-0.3107787488773429,-0.32,0.009221251122657093
3,BGVATGDPV,2020,-0.3469134294318015,-0.26,-0.08691342943180147
3,CG,2018,0.04441886186736799,0.04,0.004418861867367986
3,CG,2019,0.15682127106850796,0.15,0.006821271068507967
3,CG,2020,0.2583366739237092,0.25,0.008336673923709181
3,CGPI,2018,0.03894542811383739,0.04,-0.0010545718861626127
3,CGPI,2019,0.16584884298523894,0.16,0.005848842985238939
3,CGPI,2020,0.32251546021737076,0.31,0.012515460217370766
3,CGV,2018,0.05117200985719772,0.05,0.0011720098571977172
3,CGV,2019,0.28237036075248745,0.27,0.01237036075248743
3,CGV,2020,0.5900230482029312,0.58,0.010023048202931206
3,CP,2018,0.24208328382690492,0.24,0.0020832838269049248
3,CP,2019,0.5056512525582813,0.51,-0.004348747441718759
3,CP,2020,0.4763937217924563,0.49,-0.013606278207543676
3,CPV,2018,0.26331496395856635,0.26,0.0033149639585663415
3,CPV,2019,0.7130109993191192,0.73,-0.016989000680880828
3,CPV,2020,0.9259339528439159,0.98,-0.054066047156084096
3,CUX,2018,1.8142825448571043,1.93,-0.11571745514289566
3,CUX,2019,1.7823796151469395,1.89,-0.10762038485306036
3,CUX,2020,1.8490987047057705,1.7,0.14909870470577058
3,FXS,2018,-0.05736677548133229,-0.06,0.0026332245186677095
3,FXS,2019,-0.23933524565522002,-0.24,0.000664754344779972
3,FXS,2020,-0.46617378420974187,-0.47,0.003826215790258103
3,GDP,2018,1.0449131579983173,1.05,-0.005086842001682745
3,GDP,2019,1.0351968882282514,1.04,-0.004803111771748636
3,GDP,2020,0.9443500369206326,0.95,-0.005649963079367382
3,GDPD,2018,1.081400286265402,1.09,-0.008599713734598113
3,GDPD,2019,-0.08607529008979053,-0.08,-0.006075290089790533
3,GDPD,2020,-0.07775228623347685,-0.08,0.002247713766523149
3,GDPGAP,2018,0.9298088443348576,0.93,-0.00019115566514249505
3,GDPGAP,2019,0.9092094682938328,0.93,-0.020790531706167292
3,GDPGAP,2020,0.852002022072508,0.88,-0.027997977927492035
3,GDPPOT,2018,0.12914784096637044,0.12,0.009147840966370446
3,GDPPOT,2019,0.12970296395063974,0.11,0.019702963950639737
3,GDPPOT,2020,0.05692865791991908,0.04,0.016928657919919078
3,GDPV,2018,1.1379943693241412,1.14,-0.002005630675858683
3,GDPV,2019,1.338329054972881,1.35,-0.011670945027119073
3,GDPV,2020,1.4958782880549082,1.52,-0.024121711945091828
3,IFP,2018,-0.12864708525513746,-0.12,-0.008647085255137466
3,IFP,2019,-0.6370596950086016,-0.62,-0.017059695008601605
3,IFP,2020,-1.153359067853038,-1.16,0.00664093214696182
3,IFPV,2018,0.12719432953316456,0.13,-0.0028056704668354415
3,IFPV,2019,-0.12463495139519165,-0.1,-0.024634951395191645
3,IFPV,2020,-0.3822876964132832,-0.37,-0.0122876964132832
3,IG,2018,19.43660686494995,19.41,0.026606864949950904
3,IG,2019,18.532074669840313,18.59,-0.05792533015968715
3,IG,2020,16.752999816692054,16.67,0.08299981669205181
3,IGV,2018,19.709248346720553,19.69,0.01924834672055198
3,IGV,2019,19.13907567108225,19.22,-0.08092432891774948
3,IGV,2020,17.7160969565032,17.67,0.04609695650319878
3,IHP,2018,0.19604734923125422,0.2,-0.003952650768745791
3,IHP,2019,0.41259862606546904,0.42,-0.0074013739345309415
3,IHP,2020,0.39225851048616533,0.41,-0.01774148951383464
3,IHPV,2018,0.2069209999868704,0.21,-0.003079000013129579
3,IHPV,2019,0.632514476043633,0.65,-0.017485523956367044
3,IHPV,2020,0.8988633531037238,0.93,-0.031136646896276265
3,KFP,2018,-0.007524257941321499,-0.01,0.002475742058678501
3,KFP,2019,-0.05556806630240274,-0.05,-0.005568066302402738
3,KFP,2020,-0.16184613748268795,-0.16,-0.0018461374826879429
3,KG,2018,0.4285162807930232,0.43,-0.001483719206976819
3,KG,2019,1.0771759168700379,1.08,-0.002824083129962185
3,KG,2020,1.659679024406635,1.66,-0.00032097559336485837
3,KHP,2018,0.004936562038315717,0.0,0.004936562038315717
3,KHP,2019,0.022295137353772754,0.02,0.0022951373537727533
3,KHP,2020,0.04190943169490313,0.04,0.0019094316949031312
3,LE,2018,0.2494370285233749,0.23,0.019437028523374894
3,LE,2019,0.28254126786069755,0.25,0.032541267860697554
3,LE,2020,0.22667617506849647,0.19,0.036676175068496464
3,LF,2018,0.21871334152570587,0.2,0.018713341525705862
3,LF,2019,0.242351269153529,0.21,0.03235126915352901
3,LF,2020,0.18465046630175563,0.15,0.03465046630175564
3,LH,2018,0.2822932283494006,0.28,0.0022932283494006
3,LH,2019,0.2837217948856441,0.28,0.0037217948856440586
3,LH,2020,0.24605223596532722,0.25,-0.003947764034672785
3,M2CD,2018,0.663489815918783,0.68,-0.016510184081217072
3,M2CD,2019,0.5582184003789181,0.57,-0.011781599621081829
3,M2CD,2020,0.7202406170861209,0.72,0.00024061708612088673
3,MGS,2018,0.39703321585549123,0.38,0.017033215855491224
3,MGS,2019,0.851582703975795,0.83,0.021582703975795092
3,MGS,2020,0.8589493484403132,0.85,0.008949348440313254
3,MGSV,2018,0.3580300255414226,0.36,-0.0019699744585773837
3,MGSV,2019,0.733142508432777,0.74,-0.00685749156722304
3,MGSV,2020,0.6935392424421372,0.71,-0.016460757557862804
3,NIV,2018,1.4263582005797748,1.43,-0.0036417994202251336
3,NIV,2019,1.4691548110398356,1.5,-0.030845188960164416
3,NIV,2020,1.320835473072396,1.4,-0.079164526927604
3,PCP,2018,0.02114024576758411,0.02,0.001140245767584109
3,PCP,2019,0.2063079727326389,0.22,-0.013692027267361101
3,PCP,2020,0.4474297436521779,0.48,-0.03257025634782207
3,PERR,2018,-0.6377957235564695,-0.69,0.05220427644353043
3,PERR,2019,-1.516842290137551,-1.69,0.17315770986244905
3,PERR,2020,-2.5811577980062763,-3.06,0.47884220199372374
3,PGDP,2018,0.09210250466442638,0.09,0.00210250466442638
3,PGDP,2019,0.30004963285025776,0.3,4.963285025777475e-05
3,PGDP,2020,0.5463797309728291,0.56,-0.01362026902717095
3,PIFP,2018,0.25621963179368046,0.25,0.006219631793680458
3,PIFP,2019,0.5158580936210078,0.52,-0.004141906378992255
3,PIFP,2020,0.7801278147679114,0.8,-0.01987218523208867
3,PIHP,2018,0.010832599233756568,0.01,0.0008325992337565678
3,PIHP,2019,0.21898351339382782,0.23,-0.011016486606172188
3,PIHP,2020,0.5046464500639558,0.52,-0.015353549936044208
3,PLAND,2018,0.006583200805485023,0.01,-0.003416799194514977
3,PLAND,2019,0.09712546728347093,0.1,-0.0028745327165290713
3,PLAND,2020,0.29526526720670687,0.29,0.005265267206706892
3,PMGS,2018,-0.03878419559437685,-0.03,-0.008784195594376848
3,PMGS,2019,-0.11743331326736217,-0.09,-0.027433313267362175
3,PMGS,2020,-0.16400396895837333,-0.13,-0.03400396895837332
3,PSHARE,2018,-1.0727516167440916,-1.05,-0.02275161674409154
3,PSHARE,2019,-4.360464995039781,-4.31,-0.05046499503978108
3,PSHARE,2020,-5.8292810190608195,-5.93,0.10071898093918019
3,PXGS,2018,-0.022912868828572908,-0.02,-0.002912868828572907
3,PXGS,2019,-0.09564325808314733,-0.09,-0.0056432580831473345
3,PXGS,2020,-0.18641595959258683,-0.19,0.0035840404074131693
3,RCD,2018,0.11722039735430788,0.11,0.007220397354307878
3,RCD,2019,0.21777493172932455,0.22,-0.002225068270675451
3,RCD,2020,0.23702266717816067,0.24,-0.002977332821839318
3,RGB,2018,0.05498985844299073,0.05,0.004989858442990727
3,RGB,2019,0.09992392753478427,0.1,-7.60724652157374e-05
3,RGB,2020,0.11838182641590539,0.12,-0.0016181735840946065
3,SBGVATGDPV,2018,-2.2913950931662512,-2.3,0.008604906833748593
3,SBGVATGDPV,2019,-2.4553674305310054,-2.47,0.014632569468994827
3,SBGVATGDPV,2020,-2.6458455710255677,-2.73,0.08415442897443226
3,TAXV,2018,1.1424691416486443,1.13,0.012469141648644433
3,TAXV,2019,2.0454000724111854,2.05,-0.004599927588814445
3,TAXV,2020,1.9695824401622708,1.99,-0.020417559837729193
3,TCIV,2018,1.0867234628842315,1.09,-0.003276537115768585
3,TCIV,2019,1.319176566367325,1.33,-0.010823433632675128
3,TCIV,2020,1.4354098244742541,1.47,-0.03459017552574584
3,TYCV,2018,1.8715196060020756,1.84,0.031519606002075484
3,TYCV,2019,4.0308233231791615,4.04,-0.009176676820838559
3,TYCV,2020,3.361950560583582,3.32,0.04195056058358215
3,TYPV,2018,1.1719448219361606,1.16,0.011944821936160643
3,TYPV,2019,1.7880029463715807,1.79,-0.0019970536284192875
3,TYPV,2020,1.7949746963480562,1.85,-0.05502530365194391
3,UCC,2018,-0.41670601564232634,-0.42,0.0032939843576736405
3,UCC,2019,0.031690959635743976,-0.04,0.07169095963574398
3,UCC,2020,-0.17992970223452698,-0.31,0.13007029776547302
3,UR,2018,-0.02990384669779156,-0.03,9.615330220844043e-05
3,UR,2019,-0.03914943650701452,-0.04,0.0008505634929854775
3,UR,2020,-0.04077221478487969,-0.04,-0.0007722147848796893
3,WIPH,2018,0.5636640065350307,0.53,0.033664006535030655
3,WIPH,2019,0.7512207092346401,0.68,0.07122070923464008
3,WIPH,2020,0.8506408852047231,0.81,0.04064088520472309
3,XGS,2018,-0.0006299766800360596,0.0,-0.0006299766800360596
3,XGS,2019,-0.010797875246418287,-0.01,-0.0007978752464182868
3,XGS,2020,-0.04150634397469544,-0.04,-0.0015063439746954357
3,XGSV,2018,-0.02354260428712729,-0.02,-0.0035426042871272885
3,XGSV,2019,-0.10642940522422317,-0.1,-0.006429405224223167
3,XGSV,2020,-0.22784212362146894,-0.23,0.0021578763785310706
3,YCV,2018,3.7353673252615573,3.64,0.09536732526155722
3,YCV,2019,2.817362703905568,2.74,0.07736270390556799
3,YCV,2020,1.9893126361658242,2.2,-0.21068736383417597
3,YDV,2018,0.9322893531356846,0.93,0.0022893531356845687
3,YDV,2019,1.1545603569918128,1.19,-0.03543964300818714
3,YDV,2020,1.1409236942300949,1.22,-0.0790763057699051
3,YWV,2018,1.0426787078508748,1.0,0.0426787078508748
3,YWV,2019,1.2542335572660768,1.15,0.10423355726607686
3,YWV,2020,1.2590131237705582,1.18,0.07901312377055825
4,BCVATGDPV,2018,-0.13246565663852405,-0.13,-0.0024656566385240497
4,BCVATGDPV,2019,-0.32290946695562794,-0.32,-0.0029094669556279373
4,BCVATGDPV,2020,-0.43415318991831586,-0.42,-0.014153189918315878
4,BGVATGDPV,2018,-0.9484370111739863,-0.96,0.011562988826013698
4,BGVATGDPV,2019,-0.866735014269804,-0.89,0.023264985730195975
4,BGVATGDPV,2020,-0.8708025019758084,-0.86,-0.010802501975808454
4,CG,2018,-1.7486012637846216e-13,0.0,-1.7486012637846216e-13
4,CG,2019,1.9484414082171497e-12,0.0,1.9484414082171497e-12
4,CG,2020,2.403632848313464e-12,0.0,2.403632848313464e-12
4,CGPI,2018,0.00022535431425940722,0.0,0.00022535431425940722
4,CGPI,2019,0.031086915115252634,0.04,-0.008913084884747367
4,CGPI,2020,0.09306846386439305,0.1,-0.006931536135606958
4,CGV,2018,0.00022672438340087808,0.0,0.00022672438340087808
4,CGV,2019,0.02118595366074616,0.02,0.0011859536607461592
4,CGV,2020,0.07813083767502782,0.08,-0.0018691623249721817
4,CP,2018,0.5759267665529755,0.58,-0.004073233447024482
4,CP,2019,1.0945238509717403,1.12,-0.025476149028259787
4,CP,2020,1.158005213715424,1.2,-0.04199478628457598
4,CPV,2018,0.5772189313917736,0.58,-0.002781068608226356
4,CPV,2019,1.134391508254834,1.16,-0.025608491745165995
4,CPV,2020,1.2704705572606223,1.33,-0.05952944273937777
4,CUX,2018,0.36443449256345906,0.4,-0.035565507436540966
4,CUX,2019,0.5450638221489057,0.6,-0.05493617785109428
4,CUX,2020,0.6119277131661716,0.59,0.021927713166171592
4,FXS,2018,-0.007803392039962276,-0.01,0.0021966079600377244
4,FXS,2019,-0.051283460325851626,-0.05,-0.0012834603258516236
4,FXS,2020,-0.1151098493125835,-0.12,0.004890150687416495
4,GDP,2018,0.20635560758313076,0.21,-0.00364439241686923
4,GDP,2019,0.31295267968842744,0.33,-0.017047320311572578
4,GDP,2020,0.30029991559557545,0.32,-0.019700084404424556
4,GDPD,2018,0.29073624026446315,0.3,-0.009263759735536836
4,GDPD,2019,0.020950884159810584,0.03,-0.009049115840189415
4,GDPD,2020,-0.023294945238897413,-0.03,0.006705054761102586
4,GDPGAP,2018,0.18599191996263081,0.19,-0.004008080037369188
4,GDPGAP,2019,0.27661232380635287,0.3,-0.023387676193647122
4,GDPGAP,2020,0.27843475484487884,0.3,-0.02156524515512115
4,GDPPOT,2018,0.022957492916986233,0.02,0.0029574929169862325
4,GDPPOT,2019,0.0376273489063772,0.03,0.0076273489063772015
4,GDPPOT,2020,0.010607170307408431,0.01,0.0006071703074084309
4,GDPV,2018,0.22318893034796727,0.22,0.0031889303479672726
4,GDPV,2019,0.3914930320477017,0.4,-0.008506967952298328
4,GDPV,2020,0.4630278166003088,0.49,-0.026972183399691207
4,IFP,2018,-0.018246940001909184,-0.02,0.0017530599980908161
4,IFP,2019,-0.12404710281791465,-0.12,-0.0040471028179146495
4,IFP,2020,-0.2998909470579292,-0.32,0.020109052942070826
4,IFPV,2018,0.025789801953240987,0.03,-0.004210198046759012
4,IFPV,2019,0.003574914364523618,0.01,-0.006425085635476382
4,IFPV,2020,-0.08773810300460039,-0.09,0.0022618969953996093
4,IG,2018,0.0,0.0,0.0
4,IG,2019,0.0,0.0,0.0
4,IG,2020,0.0,0.0,0.0
4,IGV,2018,0.03811990848588964,0.04,-0.0018800915141103589
4,IGV,2019,0.12226406775487364,0.13,-0.007735932245126365
4,IGV,2020,0.22230896775102815,0.24,-0.01769103224897184
4,IHP,2018,0.5158395870338284,0.52,-0.004160412966171645
4,IHP,2019,0.7148655482844823,0.74,-0.025134451715517647
4,IHP,2020,0.684947349730125,0.72,-0.03505265026987492
4,IHPV,2018,0.5129431492143788,0.52,-0.007056850785621238
4,IHPV,2019,0.7526650019595071,0.79,-0.037334998040492895
4,IHPV,2020,0.8153895449719784,0.86,-0.044610455028021634
4,KFP,2018,-0.0008968138858839181,0.0,-0.0008968138858839181
4,KFP,2019,-0.0096429505751644,-0.01,0.00035704942483560063
4,KFP,2020,-0.03553671820994697,-0.04,0.0044632817900530294
4,KG,2018,-2.2593038551121936e-12,0.0,-2.2593038551121936e-12
4,KG,2019,1.3944401189291966e-11,0.0,1.3944401189291966e-11
4,KG,2020,1.3000711618360583e-11,0.0,1.3000711618360583e-11
4,KHP,2018,0.014153765054764067,0.01,0.004153765054764067
4,KHP,2019,0.04777251784673364,0.05,-0.002227482153266361
4,KHP,2020,0.08033195140665361,0.08,0.00033195140665361056
4,LE,2018,0.04424418381161477,0.04,0.004244183811614767
4,LE,2019,0.07879352641813608,0.07,0.008793526418136077
4,LE,2020,0.05019039325711572,0.05,0.00019039325711571464
4,LF,2018,0.03865913415292965,0.04,-0.001340865847070348
4,LF,2019,0.06706720867207805,0.06,0.007067208672078051
4,LF,2020,0.03640911231010402,0.03,0.00640911231010402
4,LH,2018,0.05480041374840705,0.06,-0.005199586251592947
4,LH,2019,0.08415254551012441,0.09,-0.0058474544898755865
4,LH,2020,0.07334487720546679,0.08,-0.006655122794533216
4,M2CD,2018,0.1404964684426635,0.15,-0.009503531557336492
4,M2CD,2019,0.17088368805699972,0.18,-0.009116311943000277
4,M2CD,2020,0.20469141668501556,0.22,-0.015308583314984442
4,MGS,2018,0.6862323949718363,0.66,0.02623239497183627
4,MGS,2019,1.5900512925111354,1.57,0.020051292511135355
4,MGS,2020,1.732647567286233,1.73,0.0026475672862329436
4,MGSV,2018,0.6559710875240266,0.66,-0.0040289124759734785
4,MGSV,2019,1.540735657053377,1.58,-0.039264342946623065
4,MGSV,2020,1.7358452099802635,1.8,-0.06415479001973656
4,NIV,2018,0.2770753030384654,0.28,-0.002924696961534634
4,NIV,2019,0.41618901304669165,0.45,-0.033810986953308364
4,NIV,2020,0.3325362246440311,0.39,-0.057463775355968916
4,PCP,2018,0.001279002010351471,0.0,0.001279002010351471
4,PCP,2019,0.03942672373560829,0.04,-0.0005732762643917075
4,PCP,2020,0.11118162384894936,0.12,-0.008818376151050633
4,PERR,2018,-0.09294421865736702,-0.1,0.0070557813426329885
4,PERR,2019,-0.4092509320255191,-0.47,0.060749067974480875
4,PERR,2020,-0.7672903918741776,-0.97,0.2027096081258224
4,PGDP,2018,0.01678446975474368,0.01,0.00678446975474368
4,PGDP,2019,0.07829483913867619,0.07,0.00829483913867618
4,PGDP,2020,0.16224271870310392,0.16,0.002242718703103913
4,PIFP,2018,0.04404917217196158,0.04,0.004049172171961581
4,PIFP,2019,0.127792669460991,0.13,-0.0022073305390090114
4,PIFP,2020,0.2127996970153867,0.23,-0.017200302984613308
4,PIHP,2018,-0.002879123405982731,0.0,-0.002879123405982731
4,PIHP,2019,0.03752871997328988,0.05,-0.012471280026710121
4,PIHP,2020,0.12956016192742226,0.14,-0.010439838072577756
4,PLAND,2018,0.0002698355476088432,0.0,0.0002698355476088432
4,PLAND,2019,0.016153498994853077,0.02,-0.0038465010051469233
4,PLAND,2020,0.06581626770787996,0.07,-0.004183732292120046
4,PMGS,2018,-0.0299055691288741,-0.01,-0.019905569128874097
4,PMGS,2019,-0.04854377020593603,0.01,-0.058543770205936034
4,PMGS,2020,0.0031452947473337156,0.06,-0.05685470525266628
4,PSHARE,2018,-0.119712067509542,-0.12,0.0002879324904579983
4,PSHARE,2019,-0.9964878533011867,-1.02,0.023512146698813297
4,PSHARE,2020,-1.6634001612278848,-1.78,0.11659983877211522
4,PXGS,2018,-0.003116135466976755,0.0,-0.003116135466976755
4,PXGS,2019,-0.020481683348147484,-0.02,-0.0004816833481474832
4,PXGS,2020,-0.045981290996630064,-0.05,0.0040187090033699385
4,RCD,2018,0.019326844399716776,0.02,-0.0006731556002832241
4,RCD,2019,0.05661629834373486,0.06,-0.0033837016562651354
4,RCD,2020,0.07072537723178689,0.08,-0.009274622768213114
4,RGB,2018,0.009197689773299001,0.01,-0.0008023102267009988
4,RGB,2019,0.025901562906771255,0.03,-0.004098437093228744
4,RGB,2020,0.03405098404156796,0.04,-0.005949015958432044
4,SBGVATGDPV,2018,0.08885905917567527,0.09,-0.0011409408243247265
4,SBGVATGDPV,2019,0.5747305628453034,0.56,0.014730562845303385
4,SBGVATGDPV,2020,1.27270943490457,1.26,0.012709434904569994
4,TAXV,2018,-5.197414558076146,-5.25,0.052585441923853615
4,TAXV,2019,-4.791844501423181,-4.94,0.14815549857681898
4,TAXV,2020,-4.531932285192546,-4.63,0.09806771480745358
4,TCIV,2018,0.311833785356902,0.31,0.0018337853569019846
4,TCIV,2019,0.5975601978969347,0.62,-0.022439802103065287
4,TCIV,2020,0.6557662251760021,0.69,-0.03423377482399781
4,TYCV,2018,0.24939344779941752,0.25,-0.0006065522005824775
4,TYCV,2019,1.1233303646889292,1.14,-0.016669635311070685
4,TYCV,2020,1.0415705703825218,1.11,-0.06842942961747833
4,TYPV,2018,-17.973787183420143,-18.13,0.1562128165798562
4,TYPV,2019,-17.688400295396512,-18.24,0.5515997046034862
4,TYPV,2020,-17.129170987202013,-17.74,0.6108290127979856
4,UCC,2018,-0.06836267027871545,-0.07,0.0016373297212845528
4,UCC,2019,-0.09032140334655492,-0.12,0.029678596653445077
4,UCC,2020,-0.10451500801682834,-0.14,0.035484991983171676
4,UR,2018,-0.005448714942226429,-0.01,0.004551285057773571
4,UR,2019,-0.011442808826371054,-0.01,-0.0014428088263710535
4,UR,2020,-0.013389858363306084,-0.01,-0.003389858363306084
4,WIPH,2018,0.100414729418985,0.1,0.00041472941898498816
4,WIPH,2019,0.1905504763491439,0.18,0.010550476349143911
4,WIPH,2020,0.18061175914790284,0.19,-0.009388240852097163
4,XGS,2018,-4.7260592431208615e-05,0.0,-4.7260592431208615e-05
4,XGS,2019,-0.0017157600526007677,0.0,-0.0017157600526007677
4,XGS,2020,-0.008870734327340313,-0.01,0.0011292656726596875
4,XGSV,2018,-0.0031633929010732587,0.0,-0.0031633929010732587
4,XGSV,2019,-0.022197019834901965,-0.02,-0.002197019834901965
4,XGSV,2020,-0.054847736098162514,-0.06,0.005152263901837484
4,YCV,2018,0.7723509596520239,0.79,-0.017649040347976097
4,YCV,2019,0.8770422419663415,0.91,-0.032957758033658524
4,YCV,2020,0.56444902435549,0.6,-0.03555097564450993
4,YDV,2018,2.0191646668700267,2.04,-0.02083533312997332
4,YDV,2019,2.1334658843430168,2.21,-0.0765341156569832
4,YDV,2020,1.9716945659812801,2.07,-0.09830543401871972
4,YWV,2018,0.1894016578472768,0.18,0.009401657847276812
4,YWV,2019,0.33565393837374224,0.33,0.005653938373742229
4,YWV,2020,0.288662656932015,0.3,-0.011337343067985006
5,BCVATGDPV,2018,-0.03255417965365914,-0.03,-0.0025541796536591443
5,BCVATGDPV,2019,-0.1348522735134725,-0.13,-0.004852273513472505
5,BCVATGDPV,2020,-0.25832453538967354,-0.24,-0.018324535389673546
5,BGVATGDPV,2018,-0.9305226028635254,-0.94,0.009477397136474552
5,BGVATGDPV,2019,-0.8350969271487287,-0.87,0.034903072851271255
5,BGVATGDPV,2020,-0.8840632158802243,-0.85,-0.03406321588022432
5,CG,2018,1.4155343563970746e-12,0.0,1.4155343563970746e-12
5,CG,2019,-8.021361352916756e-13,0.0,-8.021361352916756e-13
5,CG,2020,-7.965850201685498e-13,0.0,-7.965850201685498e-13
5,CGPI,2018,0.007955553499225387,0.01,-0.002044446500774613
5,CGPI,2019,0.04879112721288825,0.05,-0.0012088727871117505
5,CGPI,2020,0.09776810745893427,0.1,-0.002231892541065733
5,CGV,2018,0.0009465731437341418,0.0,0.0009465731437341418
5,CGV,2019,0.03284368501312307,0.03,0.0028436850131230706
5,CGV,2020,0.10869441977209293,0.11,-0.0013055802279070688
5,CP,2018,0.05685268604024296,0.06,-0.0031473139597570365
5,CP,2019,0.25385660366376017,0.26,-0.006143396336239837
5,CP,2020,0.24696143828821238,0.27,-0.023038561711787642
5,CPV,2018,0.06003256666869128,0.06,3.2566668691280665e-05
5,CPV,2019,0.3118557241244879,0.32,-0.008144275875512086
5,CPV,2020,0.3924285997651822,0.44,-0.04757140023481782
5,CUX,2018,0.5453224181465877,0.58,-0.0346775818534123
5,CUX,2019,0.6312421333150797,0.71,-0.07875786668492024
5,CUX,2020,0.35498118975600956,0.33,0.024981189756009547
5,FXS,2018,-0.01579108634836568,-0.02,0.004208913651634321
5,FXS,2019,-0.0998881745249175,-0.1,0.00011182547508251095
5,FXS,2020,-0.21011916292191235,-0.22,0.009880837078087651
5,GDP,2018,0.34319689009753573,0.35,-0.006803109902464244
5,GDP,2019,0.560739009421779,0.59,-0.029260990578220958
5,GDP,2020,0.49410304109390735,0.52,-0.02589695890609267
5,GDPD,2018,0.556764263878438,0.56,-0.0032357361215620273
5,GDPD,2019,-0.01854722557476185,0.02,-0.038547225574761854
5,GDPD,2020,-0.07402260610568501,-0.11,0.03597739389431499
5,GDPGAP,2018,0.2810447274003147,0.28,0.0010447274003146934
5,GDPGAP,2019,0.33347485108932645,0.36,-0.026525148910673535
5,GDPGAP,2020,0.16911798021831176,0.18,-0.010882019781688235
5,GDPPOT,2018,0.06604671296109865,0.06,0.006046712961098655
5,GDPPOT,2019,0.22876069635823226,0.23,-0.0012393036417677472
5,GDPPOT,2020,0.3174392564077755,0.33,-0.012560743592224533
5,GDPV,2018,0.362269552566441,0.36,0.0022695525664410132
5,GDPV,2019,0.6463244385061628,0.68,-0.033675561493837214
5,GDPV,2020,0.6571522495213977,0.69,-0.03284775047860222
5,IFP,2018,1.9467582293823449,1.97,-0.02324177061765509
5,IFP,2019,2.921251456739038,3.08,-0.1587485432609621
5,IFP,2020,2.5878124825900626,2.69,-0.10218751740993737
5,IFPV,2018,2.017139279012264,2.04,-0.02286072098773584
5,IFPV,2019,3.098800918267747,3.27,-0.17119908173225307
5,IFPV,2020,2.8226664030895634,2.94,-0.11733359691043654
5,IG,2018,0.0,0.0,0.0
5,IG,2019,0.0,0.0,0.0
5,IG,2020,0.0,0.0,0.0
5,IGV,2018,0.0604921627826438,0.06,0.0004921627826438013
5,IGV,2019,0.16674189534523487,0.18,-0.013258104654765124
5,IGV,2020,0.2455462236003847,0.27,-0.024453776399615323
5,IHP,2018,0.053233958006909665,0.05,0.0032339580069096624
5,IHP,2019,0.17892159910023464,0.19,-0.011078400899765362
5,IHP,2020,0.17779549240862225,0.2,-0.022204507591377765
5,IHPV,2018,0.05288741414256615,0.05,0.0028874141425661443
5,IHPV,2019,0.23573557807687884,0.25,-0.014264421923121162
5,IHPV,2020,0.3390053142358185,0.37,-0.030994685764181518
5,KFP,2018,0.11982626803534457,0.12,-0.0001737319646554214
5,KFP,2019,0.4388105013127197,0.45,-0.011189498687280308
5,KFP,2020,0.6969334064209298,0.73,-0.03306659357907016
5,KG,2018,1.3156142841808105e-11,0.0,1.3156142841808105e-11
5,KG,2019,2.531308496145357e-12,0.0,2.531308496145357e-12
5,KG,2020,-7.821521208484228e-12,0.0,-7.821521208484228e-12
5,KHP,2018,0.0011790038938197522,0.0,0.0011790038938197522
5,KHP,2019,0.00800879684588196,0.01,-0.00199120315411804
5,KHP,2020,0.017093498881831648,0.02,-0.0029065011181683524
5,LE,2018,0.07795546072751347,0.08,-0.0020445392724865313
5,LE,2019,0.15515322195047698,0.15,0.005153221950476988
5,LE,2020,0.11037887191173712,0.11,0.0003788719117371192
5,LF,2018,0.06947008810572752,0.07,-0.0005299118942724834
5,LF,2019,0.1404168898872793,0.13,0.01041688988727929
5,LF,2020,0.10036931986731057,0.1,0.00036931986731056354
5,LH,2018,0.08592814909768598,0.09,-0.004071850902314017
5,LH,2019,0.11866786532460094,0.12,-0.0013321346753990548
5,LH,2020,0.06894286044132336,0.07,-0.0010571395586766452
5,M2CD,2018,0.2137413930777432,0.22,-0.006258606922256799
5,M2CD,2019,0.266551895226913,0.29,-0.023448104773086953
5,M2CD,2020,0.33578126554714705,0.34,-0.004218734452852979
5,MGS,2018,0.10074005399279828,0.1,0.0007400539927982785
5,MGS,2019,0.4118270971277316,0.41,0.0018270971277316028
5,MGS,2020,0.44600885914390376,0.46,-0.013991140856096262
5,MGSV,2018,0.09033494943555542,0.09,0.0003349494355554261
5,MGSV,2019,0.3619564562807265,0.37,-0.008043543719273516
5,MGSV,2020,0.37302316760147725,0.41,-0.03697683239852273
5,NIV,2018,0.4511329842337153,0.45,0.001132984233715273
5,NIV,2019,0.6553781668662884,0.71,-0.054621833133711606
5,NIV,2020,0.40528816436301573,0.47,-0.06471183563698424
5,PCP,2018,0.0031758825321276385,0.0,0.0031758825321276385
5,PCP,2019,0.05784461259747409,0.06,-0.00215538740252591
5,PCP,2020,0.14511366548090043,0.16,-0.01488633451909957
5,PERR,2018,-2.4999585193354656,-2.8,0.3000414806645342
5,PERR,2019,-3.563453763420748,-4.28,0.7165462365792523
5,PERR,2020,-8.149223030237977,-11.49,3.3407769697620235
5,PGDP,2018,0.01898667646497154,0.02,-0.001013323535028459
5,PGDP,2019,0.08510990714303279,0.09,-0.004890092856967204
5,PGDP,2020,0.16225146389940437,0.17,-0.007748536100595643
5,PIFP,2018,0.06873007507527396,0.07,-0.0012699249247260513
5,PIFP,2019,0.17251980045918103,0.18,-0.007480199540818966
5,PIFP,2020,0.22893663467185577,0.25,-0.021063365328144235
5,PIHP,2018,-0.00034715102839588674,0.0,-0.00034715102839588674
5,PIHP,2019,0.05670509891589903,0.06,-0.003294901084100965
5,PIHP,2020,0.16092883514034484,0.17,-0.009071164859655173
5,PLAND,2018,0.001222624207608547,0.0,0.001222624207608547
5,PLAND,2019,0.0325030746694599,0.03,0.002503074669459898
5,PLAND,2020,0.12532059859728384,0.13,-0.004679401402716166
5,PMGS,2018,-0.010387563725763882,-0.01,-0.0003875637257638818
5,PMGS,2019,-0.04965822403912579,-0.04,-0.009658224039125786
5,PMGS,2020,-0.0726623364785628,-0.06,-0.012662336478562797
5,PSHARE,2018,-0.2730177060715655,-0.27,-0.0030177060715654846
5,PSHARE,2019,-1.9337160316937552,-1.95,0.01628396830624479
5,PSHARE,2020,-2.801462865389942,-2.98,0.17853713461005816
5,PXGS,2018,-0.006306097587169268,-0.01,0.003693902412830732
5,PXGS,2019,-0.0398999288107188,-0.04,0.00010007118928120201
5,PXGS,2020,-0.083957463192183,-0.09,0.006042536807816995
5,RCD,2018,0.03817375223972579,0.04,-0.0018262477602742078
5,RCD,2019,0.10720455216429027,0.11,-0.00279544783570973
5,RCD,2020,0.10155744394659558,0.11,-0.008442556053404424
5,RGB,2018,0.01819168275412584,0.02,-0.0018083172458741616
5,RGB,2019,0.04882407537168443,0.05,-0.001175924628315575
5,RGB,2020,0.049400157578997655,0.05,-0.0005998424210023473
5,SBGVATGDPV,2018,-0.24231536743685922,-0.25,0.007684632563140781
5,SBGVATGDPV,2019,-0.056363473464692504,-0.11,0.0536365265353075
5,SBGVATGDPV,2020,0.7550118224234907,0.71,0.04501182242349078
5,TAXV,2018,-5.148206067758004,-5.21,0.06179393224199625
5,TAXV,2019,-4.706870578500613,-4.95,0.2431294214993871
5,TAXV,2020,-4.643450412737415,-4.66,0.01654958726258471
5,TCIV,2018,0.3481112708522638,0.35,-0.00188872914773619
5,TCIV,2019,0.6524420515045759,0.68,-0.027557948495424145
5,TCIV,2020,0.6553614182576051,0.69,-0.03463858174239487
5,TYCV,2018,-20.824185640312894,-21.04,0.21581435968710494
5,TYCV,2019,-20.648516308127853,-21.64,0.9914836918721477
5,TYCV,2020,-20.876340844300174,-20.79,-0.08634084430017452
5,TYPV,2018,0.32868613047152273,0.33,-0.001313869528477285
5,TYPV,2019,0.7707665308272771,0.8,-0.02923346917272296
5,TYPV,2020,0.6778948223089942,0.74,-0.062105177691005764
5,UCC,2018,0.985939977092487,-0.38,1.365939977092487
5,UCC,2019,1.3123357440756656,-0.23,1.5423357440756655
5,UCC,2020,1.144192757923479,-0.56,1.704192757923479
5,UR,2018,-0.008274105960363598,-0.01,0.0017258940396364022
5,UR,2019,-0.0143698205521402,-0.01,-0.0043698205521402
5,UR,2020,-0.009720542493710127,-0.01,0.0002794575062898732
5,WIPH,2018,0.17927851485914914,0.17,0.009278514859149128
5,WIPH,2019,0.3892370999775241,0.37,0.019237099977524097
5,WIPH,2020,0.3792292417919785,0.38,-0.000770758208021527
5,XGS,2018,-0.00012512822547272595,0.0,-0.00012512822547272595
5,XGS,2019,-0.003424979543475981,0.0,-0.003424979543475981
5,XGS,2020,-0.017125990020841475,-0.02,0.0028740099791585254
5,XGSV,2018,-0.006431210476554039,-0.01,0.0035687895234459612
5,XGSV,2019,-0.04332327302236927,-0.04,-0.0033232730223692677
5,XGSV,2020,-0.10106848273630509,-0.1,-0.001068482736305082
5,YCV,2018,1.2017340361901108,1.2,0.0017340361901108103
5,YCV,2019,0.8103960446896763,0.92,-0.10960395531032374
5,YCV,2020,-0.7571888451920195,-1.04,0.2828111548079806
5,YDV,2018,0.29736941968577235,0.3,-0.0026305803142276374
5,YDV,2019,0.5929668485388229,0.63,-0.03703315146117714
5,YDV,2020,0.49160290025936915,0.55,-0.0583970997406309
5,YWV,2018,0.3259971241272086,0.32,0.005997124127208597
5,YWV,2019,0.6300704307199478,0.62,0.010070430719947843
5,YWV,2020,0.530359411824538,0.53,0.0003594118245380251
6,BCVATGDPV,2018,0.1029550065029966,0.08,0.022955006502996603
6,BCVATGDPV,2019,0.13010345047338534,0.13,0.00010345047338533586
6,BCVATGDPV,2020,0.12734761825915542,0.12,0.0073476182591554196
6,BGVATGDPV,2018,0.3071767489135172,0.32,-0.012823251086482801
6,BGVATGDPV,2019,0.24807988056618158,0.24,0.008079880566181585
6,BGVATGDPV,2020,0.20676973266310583,0.21,-0.0032302673368941603
6,CG,2018,-2.248201624865942e-13,0.0,-2.248201624865942e-13
6,CG,2019,-2.3842039453825237e-12,0.0,-2.3842039453825237e-12
6,CG,2020,9.992007221626409e-13,0.0,9.992007221626409e-13
6,CGPI,2018,0.8533367133882197,0.86,-0.006663286611780284
6,CGPI,2019,0.8203386988755612,0.81,0.010338698875561159
6,CGPI,2020,0.7670483876330569,0.76,0.0070483876330569295
6,CGV,2018,0.45979411389875935,0.49,-0.030205886101240642
6,CGV,2019,0.4332946060980669,0.49,-0.05670539390193308
6,CGV,2020,0.3887054954828273,0.45,-0.06129450451717272
6,CP,2018,-0.4756743663292151,-0.47,-0.005674366329215141
6,CP,2019,-0.5183999776654735,-0.53,0.011600022334526505
6,CP,2020,-0.5152298181730297,-0.52,0.00477018182697031
6,CPV,2018,0.014797160056367886,0.04,-0.025202839943632115
6,CPV,2019,-0.06678960938543699,-0.08,0.013210390614563014
6,CPV,2020,-0.1167626614695827,-0.12,0.0032373385304172997
6,CUX,2018,-0.3460001976180904,-0.42,0.07399980238190956
6,CUX,2019,-0.36465283283821925,-0.37,0.0053471671617807415
6,CUX,2020,-0.3894608829706242,-0.32,-0.0694608829706242
6,FXS,2018,-0.0004451780936803873,-0.01,0.009554821906319613
6,FXS,2019,-0.003573568641074276,-0.01,0.006426431358925724
6,FXS,2020,-0.010418281997889856,-0.01,-0.00041828199788985533
6,GDP,2018,-0.2050634820895736,-0.22,0.014936517910426411
6,GDP,2019,-0.2191322398701928,-0.21,-0.009132239870192821
6,GDP,2020,-0.2234737614871779,-0.19,-0.0334737614871779
6,GDPD,2018,-0.1926276323185758,-0.53,0.3373723676814242
6,GDPD,2019,-0.03148276251420462,-0.01,-0.02148276251420462
6,GDPD,2020,-0.007354207801928858,0.0,-0.007354207801928858
6,GDPGAP,2018,-0.17900938233913066,-0.2,0.02099061766086935
6,GDPGAP,2019,-0.18701471871802644,-0.18,-0.007014718718026447
6,GDPGAP,2020,-0.18262917549206853,-0.16,-0.022629175492068526
6,GDPPOT,2018,-0.029071498955182684,-0.02,-0.009071498955182684
6,GDPPOT,2019,-0.033009884344140095,-0.02,-0.013009884344140094
6,GDPPOT,2020,-0.033644210711639144,-0.02,-0.013644210711639144
6,GDPV,2018,0.2168246514739125,0.23,-0.01317534852608751
6,GDPV,2019,0.1589886938664964,0.2,-0.04101130613350362
6,GDPV,2020,0.09653346143929653,0.16,-0.06346653856070347
6,IFP,2018,-0.005583798502997728,-0.01,0.0044162014970022725
6,IFP,2019,-0.026057101390636328,-0.03,0.003942898609363671
6,IFP,2020,-0.027091973713327944,-0.02,-0.007091973713327943
6,IFPV,2018,0.11960744926745037,0.16,-0.04039255073254963
6,IFPV,2019,0.0465621122730242,0.1,-0.0534378877269758
6,IFPV,2020,-0.012518946739978332,0.06,-0.07251894673997833
6,IG,2018,0.0,0.0,0.0
6,IG,2019,0.0,0.0,0.0
6,IG,2020,0.0,0.0,0.0
6,IGV,2018,0.38741973655103124,0.44,-0.05258026344896877
6,IGV,2019,0.3285455484855704,0.35,-0.021454451514429596
6,IGV,2020,0.25768065308062194,0.26,-0.0023193469193780736
6,IHP,2018,-1.4281516487501922,-1.41,-0.018151648750192262
6,IHP,2019,-1.5131296622792751,-1.5,-0.013129662279275145
6,IHP,2020,-1.5167762164214171,-1.5,-0.016776216421417134
6,IHPV,2018,-0.6900092499629806,-0.62,-0.07000924996298064
6,IHPV,2019,-0.8215148759329327,-0.78,-0.04151487593293268
6,IHPV,2020,-0.8948765989858859,-0.86,-0.03487659898588591
6,KFP,2018,-0.0001764402341702942,0.0,-0.0001764402341702942
6,KFP,2019,-0.0025838588789295347,0.0,-0.0025838588789295347
6,KFP,2020,-0.005316343481759356,-0.01,0.004683656518240644
6,KG,2018,-5.1833537462186996e-11,0.0,-5.1833537462186996e-11
6,KG,2019,-2.6961766153021927e-11,0.0,-2.6961766153021927e-11
6,KG,2020,1.071365218763276e-12,0.0,1.071365218763276e-12
6,KHP,2018,-0.04375311516853775,-0.02,-0.023753115168537748
6,KHP,2019,-0.1172591264243017,-0.1,-0.01725912642430169
6,KHP,2020,-0.18657773523442778,-0.17,-0.016577735234427765
6,LE,2018,-0.05469303663177827,-0.04,-0.014693036631778268
6,LE,2019,-0.06193089976184174,-0.05,-0.011930899761841737
6,LE,2020,-0.06213386013514954,-0.04,-0.022133860135149543
6,LF,2018,-0.04865327087074933,-0.04,-0.008653270870749331
6,LF,2019,-0.05400679923744656,-0.04,-0.014006799237446556
6,LF,2020,-0.053164178501491355,-0.03,-0.023164178501491356
6,LH,2018,-0.056034779411959224,-0.06,0.003965220588040774
6,LH,2019,-0.059246536874554834,-0.05,-0.009246536874554831
6,LH,2020,-0.05662949503715542,-0.05,-0.006629495037155417
6,M2CD,2018,-0.2146895212646105,-0.22,0.005310478735389507
6,M2CD,2019,-0.27750784207407064,-0.24,-0.03750784207407065
6,M2CD,2020,-0.34552855930627124,-0.3,-0.045528559306271255
6,MGS,2018,-0.6208576367358692,-0.48,-0.14085763673586926
6,MGS,2019,-0.7624971573767597,-0.76,-0.0024971573767597066
6,MGS,2020,-0.776982430327397,-0.75,-0.026982430327397
6,MGSV,2018,-0.6012833781237098,-0.48,-0.12128337812370982
6,MGSV,2019,-0.7510951222203521,-0.78,0.028904877779647897
6,MGSV,2020,-0.8034965898306129,-0.8,-0.0034965898306128507
6,NIV,2018,-0.3858810731068113,-0.39,0.004118926893188712
6,NIV,2019,-0.45371383363018436,-0.42,-0.033713833630184376
6,NIV,2020,-0.49121925607748806,-0.44,-0.05121925607748806
6,PCP,2018,0.492815581609668,0.52,-0.027184418390332032
6,PCP,2019,0.4539617189909251,0.46,-0.006038281009074942
6,PCP,2020,0.40053018824376396,0.4,0.0005301882437639405
6,PERR,2018,0.1670431395959051,0.13,0.037043139595905106
6,PERR,2019,0.34701226865414725,0.39,-0.042987731345852764
6,PERR,2020,0.6917102752314195,0.81,-0.11828972476858057
6,PGDP,2018,0.42275532030149887,0.46,-0.03724467969850115
6,PGDP,2019,0.3789505793276471,0.41,-0.03104942067235289
6,PGDP,2020,0.3207229203773754,0.35,-0.029277079622624602
6,PIFP,2018,0.12519743095519287,0.18,-0.054802569044807126
6,PIFP,2019,0.07263806918998972,0.14,-0.0673619308100103
6,PIFP,2020,0.014576908794913801,0.09,-0.0754230912050862
6,PIHP,2018,0.7488343083344562,0.8,-0.051165691665543855
6,PIHP,2019,0.702239370388763,0.74,-0.03776062961123694
6,PIHP,2020,0.631476769488809,0.66,-0.02852323051119099
6,PLAND,2018,-0.0007729241231435591,0.0,-0.0007729241231435591
6,PLAND,2019,-0.002672270183226577,0.0,-0.002672270183226577
6,PLAND,2020,-0.004360606611381046,0.0,-0.004360606611381046
6,PMGS,2018,0.019704616621607496,0.0,0.019704616621607496
6,PMGS,2019,0.0114887165965194,-0.02,0.0314887165965194
6,PMGS,2020,-0.026718963327190814,-0.06,0.03328103667280918
6,PSHARE,2018,0.04114067537315247,-0.09,0.13114067537315247
6,PSHARE,2019,0.038111954198749576,0.06,-0.021888045801250422
6,PSHARE,2020,0.04333084772619178,0.05,-0.006669152273808224
6,PXGS,2018,-0.0001777662460344942,0.0,-0.0001777662460344942
6,PXGS,2019,-0.0014269936838062769,0.0,-0.0014269936838062769
6,PXGS,2020,-0.0041603022806535606,-0.01,0.00583969771934644
6,RCD,2018,-8.333333333332497e-05,0.0,-8.333333333332497e-05
6,RCD,2019,-0.00075,0.0,-0.00075
6,RCD,2020,-0.001083333333333325,0.0,-0.001083333333333325
6,RGB,2018,-6.963545422273253e-05,0.0,-6.963545422273253e-05
6,RGB,2019,0.0,0.0,0.0
6,RGB,2020,-0.0004019686308489208,0.0,-0.0004019686308489208
6,SBGVATGDPV,2018,-0.6961234269981844,-0.75,0.053876573001815586
6,SBGVATGDPV,2019,-0.8408852635192474,-0.96,0.11911473648075255
6,SBGVATGDPV,2020,-0.9275324888132843,-1.09,0.16246751118671576
6,TAXV,2018,2.202010248572872,2.31,-0.10798975142712797
6,TAXV,2019,1.8466182773106798,1.86,-0.013381722689320252
6,TAXV,2020,1.5197792265998156,1.56,-0.040220773400184484
6,TYCV,2018,-0.5602311293127299,-0.27,-0.2902311293127299
6,TYCV,2019,-1.6432349800475088,-1.65,0.006765019952491125
6,TYCV,2020,-1.9616754815346944,-1.88,-0.0816754815346945
6,TYPV,2018,-0.23616658013555503,-0.18,-0.05616658013555503
6,TYPV,2019,-0.3559091042077245,-0.32,-0.035909104207724474
6,TYPV,2020,-0.367931455153811,-0.32,-0.047931455153810976
6,UCC,2018,0.1584826429030517,0.09,0.0684826429030517
6,UCC,2019,0.14102377597064453,0.11,0.031023775970644527
6,UCC,2020,0.24154634101660744,0.2,0.041546341016607424
6,UR,2018,0.005893575176694754,0.01,-0.004106424823305246
6,UR,2019,0.0077425044351451255,0.01,-0.0022574955648548747
6,UR,2020,0.008724260445470255,0.01,-0.0012757395545297447
6,WIPH,2018,-0.1269078942868651,-0.1,-0.026907894286865103
6,WIPH,2019,-0.16816724551905193,-0.11,-0.05816724551905193
6,WIPH,2020,-0.21443658501974217,-0.15,-0.06443658501974217
6,XGS,2018,-3.212343710479182e-06,0.0,-3.212343710479182e-06
6,XGS,2019,-0.0001051257638357006,0.0,-0.0001051257638357006
6,XGS,2020,-0.0006405754553712173,0.0,-0.0006405754553712173
6,XGSV,2018,-0.00018097858367760455,0.0,-0.00018097858367760455
6,XGSV,2019,-0.0015321175639876339,0.0,-0.0015321175639876339
6,XGSV,2020,-0.004800848883329545,-0.01,0.005199151116670455
6,YCV,2018,-1.387588881356741,-1.54,0.15241111864325907
6,YCV,2019,-1.667624518547564,-1.63,-0.0376245185475641
6,YCV,2020,-2.4166564178869976,-2.42,0.0033435821130023413
6,YDV,2018,-0.1833902628998324,-0.16,-0.023390262899832398
6,YDV,2019,-0.22671424387681327,-0.2,-0.02671424387681326
6,YDV,2020,-0.2516721526869353,-0.22,-0.03167215268693532
6,YWV,2018,-0.2252987562281511,-0.19,-0.035298756228151096
6,YWV,2019,-0.2742455948362754,-0.2,-0.07424559483627541
6,YWV,2020,-0.31570113205401096,-0.23,-0.08570113205401095
7,BCVATGDPV,2018,-0.07389130619142481,-0.07,-0.0038913061914248037
7,BCVATGDPV,2019,-0.21062297082174497,-0.18,-0.030622970821744977
7,BCVATGDPV,2020,-0.4077689095461895,-0.36,-0.04776890954618951
7,BGVATGDPV,2018,-0.12679443494408638,-0.13,0.0032055650559136284
7,BGVATGDPV,2019,-0.5455729408886166,-0.55,0.0044270591113834135
7,BGVATGDPV,2020,-0.8616675398442614,-0.95,0.08833246015573859
7,CG,2018,-5.1986193128072955e-12,0.0,-5.1986193128072955e-12
7,CG,2019,-6.736278201913137e-12,0.0,-6.736278201913137e-12
7,CG,2020,-3.833044992518353e-12,0.0,-3.833044992518353e-12
7,CGPI,2018,-0.1062296465129009,-0.1,-0.006229646512900894
7,CGPI,2019,-0.27619083659585486,-0.25,-0.02619083659585486
7,CGPI,2020,-0.47591738612718926,-0.44,-0.035917386127189255
7,CGV,2018,-0.03460073143533304,-0.03,-0.004600731435333044
7,CGV,2019,-0.10434093763856678,-0.1,-0.004340937638566772
7,CGV,2020,-0.2521419183061202,-0.24,-0.012141918306120214
7,CP,2018,0.2267767939450882,0.18,0.04677679394508821
7,CP,2019,0.20954896324799077,0.11,0.09954896324799077
7,CP,2020,0.016704469500603003,-0.09,0.106704469500603
7,CPV,2018,0.16136189528180023,0.12,0.04136189528180023
7,CPV,2019,0.04924598889814724,-0.06,0.10924598889814724
7,CPV,2020,-0.3324517465583515,-0.45,0.11754825344164849
7,CUX,2018,-0.594277240649696,-0.63,0.035722759350304
7,CUX,2019,-1.3710762632414801,-1.31,-0.06107626324148008
7,CUX,2020,-1.0683850766488563,-0.89,-0.17838507664885628
7,FXS,2018,-0.6205634010339606,-0.62,-0.0005634010339605755
7,FXS,2019,-1.7144988189010446,-1.71,-0.004498818901044643
7,FXS,2020,-2.8434062728638967,-2.84,-0.003406272863896831
7,GDP,2018,-0.3128968968996032,-0.33,0.01710310310039681
7,GDP,2019,-0.9808627943185155,-1.01,0.02913720568148448
7,GDP,2020,-1.1738987288147373,-1.2,0.02610127118526262
7,GDPD,2018,-0.5621720050253196,-0.58,0.01782799497468035
7,GDPD,2019,-0.5505257123930978,-0.57,0.019474287606902174
7,GDPD,2020,-0.056724925084913336,-0.04,-0.016724925084913335
7,GDPGAP,2018,-0.2918247599433337,-0.29,-0.001824759943333698
7,GDPGAP,2019,-0.696017479983921,-0.67,-0.02601747998392101
7,GDPGAP,2020,-0.5175721327484122,-0.51,-0.007572132748412175
7,GDPPOT,2018,-0.025236546143256322,-0.03,0.004763453856743677
7,GDPPOT,2019,-0.2907337458370629,-0.34,0.04926625416293712
7,GDPPOT,2020,-0.6382464093837414,-0.67,0.0317535906162586
7,GDPV,2018,-0.3794217280105122,-0.39,0.010578271989487797
7,GDPV,2019,-1.1542340269609346,-1.19,0.03576597303906537
7,GDPV,2020,-1.518824416493167,-1.55,0.031175583506833027
7,IFP,2018,-2.0551863913933848,-2.05,-0.005186391393384948
7,IFP,2019,-5.65396455707862,-5.65,-0.003964557078619535
7,IFP,2020,-6.385137068747163,-6.38,-0.0051370687471630205
7,IFPV,2018,-2.17453003900136,-2.17,-0.0045300390013602865
7,IFPV,2019,-5.979010641471211,-5.97,-0.009010641471211223
7,IFPV,2020,-6.865101990930775,-6.85,-0.015101990930775244
7,IG,2018,0.0,0.0,0.0
7,IG,2019,0.0,0.0,0.0
7,IG,2020,0.0,0.0,0.0
7,IGV,2018,-0.13207906003016856,-0.13,-0.002079060030168556
7,IGV,2019,-0.3646460378655597,-0.36,-0.004646037865559727
7,IGV,2020,-0.5789848032458439,-0.57,-0.008984803245843942
7,IHP,2018,-0.27486959249614085,-0.32,0.04513040750385916
7,IHP,2019,-0.43113381218774227,-0.49,0.05886618781225772
7,IHP,2020,-0.7049084712761999,-0.76,0.055091528723800076
7,IHPV,2018,-0.3633304858632336,-0.4,0.036669514136766446
7,IHPV,2019,-0.6506435977783082,-0.71,0.059356402221691806
7,IHPV,2020,-1.1586024103706376,-1.21,0.05139758962936236
7,KFP,2018,-0.12239227226475691,-0.12,-0.0023922722647569117
7,KFP,2019,-0.634963647014089,-0.64,0.005036352985910986
7,KFP,2020,-1.273735310006202,-1.28,0.006264689993797923
7,KG,2018,2.2551405187698492e-11,0.0,2.2551405187698492e-11
7,KG,2019,-3.6953773374648335e-11,0.0,-3.6953773374648335e-11
7,KG,2020,-1.738331700806839e-11,0.0,-1.738331700806839e-11
7,KHP,2018,-0.008576444528629601,-0.01,0.0014235554713703993
7,KHP,2019,-0.025905578581042477,-0.03,0.004094421418957522
7,KHP,2020,-0.05485359503843157,-0.06,0.005146404961568429
7,LE,2018,-0.010675675015817121,-0.02,0.00932432498418288
7,LE,2019,-0.19350300517516628,-0.28,0.08649699482483375
7,LE,2020,-0.3385506015504941,-0.38,0.0414493984495059
7,LF,2018,-0.0017127345585371545,-0.02,0.018287265441462846
7,LF,2019,-0.1656358379513473,-0.25,0.08436416204865271
7,LF,2020,-0.31138983176405566,-0.36,0.04861016823594433
7,LH,2018,-0.06926747696974767,-0.08,0.010732523030252336
7,LH,2019,-0.2101434857972012,-0.23,0.019856514202798797
7,LH,2020,-0.2097199781050607,-0.22,0.01028002189493929
7,M2CD,2018,-3.8447351690421017,-3.86,0.015264830957898212
7,M2CD,2019,-4.589153567197443,-4.62,0.030846432802556834
7,M2CD,2020,-4.991810430996397,-5.01,0.018189569003602912
7,MGS,2018,0.23157742851765972,0.17,0.06157742851765971
7,MGS,2019,0.23651943906898287,0.08,0.15651943906898286
7,MGS,2020,-0.07537064969159735,-0.22,0.14462935030840265
7,MGSV,2018,-0.05556194842739337,-0.1,0.044438051572606635
7,MGSV,2019,-0.5157666862706495,-0.66,0.14423331372935055
7,MGSV,2020,-1.2363286375006222,-1.39,0.15367136249937774
7,NIV,2018,-0.5361914748402169,-0.56,0.023808525159783156
7,NIV,2019,-1.599491145978904,-1.64,0.04050885402109583
7,NIV,2020,-2.191427256832648,-2.19,-0.001427256832648105
7,PCP,2018,-0.06524656698321529,-0.07,0.004753433016784714
7,PCP,2019,-0.15999914634199364,-0.17,0.010000853658006376
7,PCP,2020,-0.3491074725796628,-0.36,0.010892527420337195
7,PERR,2018,-1.9258628816237406,-2.22,0.29413711837625955
7,PERR,2019,-3.8516426430951842,-4.52,0.6683573569048153
7,PERR,2020,-5.232751525897343,-6.95,1.7172484741026572
7,PGDP,2018,-0.06677014509214041,-0.07,0.0032298549078595973
7,PGDP,2019,-0.175137334707004,-0.18,0.004862665292996005
7,PGDP,2020,-0.34901821482084816,-0.35,0.0009817851791518173
7,PIFP,2018,-0.1223902572492136,-0.12,-0.002390257249213601
7,PIFP,2019,-0.3449087561934655,-0.34,-0.00490875619346548
7,PIFP,2020,-0.512709424195984,-0.51,-0.002709424195983967
7,PIHP,2018,-0.08870434088699142,-0.09,0.0012956591130085793
7,PIHP,2019,-0.22050651062753834,-0.22,-0.0005065106275383424
7,PIHP,2020,-0.4569479539523885,-0.45,-0.006947953952388508
7,PLAND,2018,0.10503171468125294,0.11,-0.004968285318747059
7,PLAND,2019,0.8952650105471749,0.9,-0.0047349894528251335
7,PLAND,2020,1.9502996512849924,1.95,0.00029965128499243043
7,PMGS,2018,-0.28623733248515915,-0.28,-0.006237332485159119
7,PMGS,2019,-0.7506382396395533,-0.74,-0.010638239639553349
7,PMGS,2020,-1.1618721888090378,-1.17,0.008127811190962175
7,PSHARE,2018,-12.442020652088722,-12.44,-0.0020206520887224855
7,PSHARE,2019,-23.914178181805106,-23.92,0.005821818194895911
7,PSHARE,2020,-24.158923681314857,-24.16,0.0010763186851434625
7,PXGS,2018,-0.2483730672927814,-0.25,0.0016269327072185868
7,PXGS,2019,-0.6882956999188228,-0.69,0.001704300081177168
7,PXGS,2020,-1.14539402005161,-1.14,-0.005394020051610049
7,RCD,2018,0.9999999999999999,1.0,-1.1102230246251565e-16
7,RCD,2019,1.0,1.0,0.0
7,RCD,2020,1.0,1.0,0.0
7,RGB,2018,0.45988119912685377,0.46,-0.00011880087314625198
7,RGB,2019,0.46082084103380233,0.46,0.0008208410338023109
7,RGB,2020,0.5383752682714338,0.54,-0.0016247317285662533
7,SBGVATGDPV,2018,0.9396331692935362,0.98,-0.04036683070646374
7,SBGVATGDPV,2019,3.193591007675309,3.29,-0.09640899232469113
7,SBGVATGDPV,2020,5.0520085758934385,5.16,-0.1079914241065616
7,TAXV,2018,-0.5256701338220066,-0.5,-0.025670133822006558
7,TAXV,2019,-2.397307842225191,-2.27,-0.12730784222519098
7,TAXV,2020,-3.666368244471388,-3.51,-0.15636824447138808
7,TCIV,2018,-0.2813807204071789,-0.3,0.018619279592821114
7,TCIV,2019,-0.9519012115132813,-1.01,0.05809878848671868
7,TCIV,2020,-1.3008497496080436,-1.35,0.04915025039195653
7,TYCV,2018,-1.8224415825235263,-1.61,-0.21244158252352618
7,TYCV,2019,-7.753915203725284,-6.95,-0.8039152037252837
7,TYCV,2020,-11.596755894017432,-10.55,-1.0467558940174317
7,TYPV,2018,0.08018389112262603,0.0,0.08018389112262603
7,TYPV,2019,-0.42435751053249426,-0.62,0.19564248946750573
7,TYPV,2020,-0.9508685544550061,-1.14,0.18913144554499384
7,UCC,2018,6.443988493759906,6.04,0.40398849375990586
7,UCC,2019,8.652783723496398,8.28,0.3727837234963989
7,UCC,2020,6.992860637730514,6.54,0.452860637730514
7,UR,2018,0.008738036274295813,0.01,-0.0012619637257041873
7,UR,2019,0.027266108044889492,0.02,0.007266108044889492
7,UR,2020,0.026486679018059456,0.02,0.006486679018059455
7,WIPH,2018,-0.07234521949701644,-0.11,0.037654780502983556
7,WIPH,2019,-0.549346366258302,-0.78,0.230653633741698
7,WIPH,2020,-1.0911432708958198,-1.23,0.13885672910418023
7,XGS,2018,-0.008431533165823013,-0.01,0.0015684668341769872
7,XGS,2019,-0.10534805833259941,-0.11,0.004651941667400586
7,XGS,2020,-0.30302270728474745,-0.3,-0.003022707284747461
7,XGSV,2018,-0.2567734555470019,-0.26,0.0032265444529980813
7,XGSV,2019,-0.7928612187811102,-0.79,-0.0028612187811101197
7,XGSV,2020,-1.4448665270855447,-1.44,-0.004866527085544803
7,YCV,2018,-5.873608215262577,-5.19,-0.6836082152625762
7,YCV,2019,-9.594568423341215,-8.73,-0.8645684233412148
7,YCV,2020,-15.015877388242663,-14.23,-0.7858773882426622
7,YDV,2018,0.5642659379725468,0.39,0.17426593797254675
7,YDV,2019,-0.08078261481806737,-0.28,0.19921738518193266
7,YDV,2020,-0.5311236187888507,-0.71,0.17887638121114924
7,YWV,2018,-0.1444023005995776,-0.2,0.05559769940042242
7,YWV,2019,-0.9014973803267712,-1.22,0.3185026196732288
7,YWV,2020,-1.5487485301272197,-1.73,0.1812514698727803
8,BCVATGDPV,2018,-0.011502796156835138,-0.01,-0.0015027961568351376
8,BCVATGDPV,2019,-0.08132011532267358,-0.07,-0.011320115322673574
8,BCVATGDPV,2020,-0.20582081175085265,-0.18,-0.025820811750852657
8,BGVATGDPV,2018,-0.014951111570963627,-0.01,-0.004951111570963626
8,BGVATGDPV,2019,-0.10385390688234208,-0.1,-0.0038539068823420786
8,BGVATGDPV,2020,-0.21220408315469608,-0.23,0.017795916845303933
8,CG,2018,5.873079800267078e-12,0.0,5.873079800267078e-12
8,CG,2019,1.1018963519404679e-11,0.0,1.1018963519404679e-11
8,CG,2020,9.786615962070755e-12,0.0,9.786615962070755e-12
8,CGPI,2018,-0.01447709297625055,-0.01,-0.004477092976250549
8,CGPI,2019,-0.050322033986041625,-0.05,-0.0003220339860416227
8,CGPI,2020,-0.08929182995479346,-0.08,-0.009291829954793454
8,CGV,2018,-0.004184581085636685,0.0,-0.004184581085636685
8,CGV,2019,-0.01892916467615413,-0.02,0.0010708353238458694
8,CGV,2020,-0.04537310309531695,-0.04,-0.005373103095316946
8,CP,2018,0.02827917724748663,0.02,0.00827917724748663
8,CP,2019,0.05330997545130445,0.03,0.02330997545130445
8,CP,2020,-0.05750161649408503,-0.07,0.012498383505914978
8,CPV,2018,0.018803369691389182,0.01,0.008803369691389182
8,CPV,2019,0.02497703893883374,0.0,0.02497703893883374
8,CPV,2020,-0.1201757275617471,-0.13,0.009824272438252901
8,CUX,2018,-0.07353886266351084,-0.08,0.006461137336489162
8,CUX,2019,-0.27182037150215166,-0.26,-0.01182037150215165
8,CUX,2020,-0.20775762717807622,-0.18,-0.027757627178076227
8,FXS,2018,-0.08027141027592,-0.08,-0.0002714102759199949
8,FXS,2019,-0.3220566609461184,-0.32,-0.002056660946118394
8,FXS,2020,-0.5478836003131898,-0.55,0.002116399686810211
8,GDP,2018,-0.040075829080124525,-0.04,-7.582908012452455e-05
8,GDP,2019,-0.19001535421682703,-0.2,0.009984645783172985
8,GDP,2020,-0.2710553229363921,-0.27,-0.0010553229363921002
8,GDPD,2018,-0.08438656975149827,-0.09,0.005613430248501722
8,GDPD,2019,-0.1577850144637751,-0.16,0.0022149855362249005
8,GDPD,2020,-0.022682592843657423,-0.02,-0.0026825928436574227
8,GDPGAP,2018,-0.036556788324142775,-0.04,0.003443211675857226
8,GDPGAP,2019,-0.13836623398443165,-0.13,-0.008366233984431648
8,GDPGAP,2020,-0.11023351109903912,-0.11,-0.00023351109903911593
8,GDPPOT,2018,-0.004002172004807791,0.0,-0.004002172004807791
8,GDPPOT,2019,-0.05238732176070793,-0.06,0.00761267823929207
8,GDPPOT,2020,-0.15639975145043117,-0.16,0.0036002485495688352
8,GDPV,2018,-0.04940465268704619,-0.05,0.0005953473129538117
8,GDPV,2019,-0.22130769286130836,-0.23,0.008692307138691652
8,GDPV,2020,-0.33586451455260846,-0.34,0.0041354854473915625
8,IFP,2018,-0.26636783973324196,-0.27,0.0036321602667580555
8,IFP,2019,-1.1083646358300254,-1.1,-0.008364635830025335
8,IFP,2020,-1.3762682892671463,-1.37,-0.0062682892671461765
8,IFPV,2018,-0.2825460313426925,-0.28,-0.0025460313426924897
8,IFPV,2019,-1.1705564271470237,-1.16,-0.010556427147023761
8,IFPV,2020,-1.472571049767926,-1.46,-0.012571049767926112
8,IG,2018,0.0,0.0,0.0
8,IG,2019,0.0,0.0,0.0
8,IG,2020,0.0,0.0,0.0
8,IGV,2018,-0.017624033906224468,-0.02,0.0023759660937755327
8,IGV,2019,-0.06627762354144973,-0.07,0.0037223764585502805
8,IGV,2020,-0.1084367871475228,-0.11,0.0015632128524771943
8,IHP,2018,-0.04596275694796759,-0.05,0.004037243052032416
8,IHP,2019,-0.09081220568457338,-0.1,0.009187794315426628
8,IHP,2020,-0.17821354631557262,-0.18,0.0017864536844273693
8,IHPV,2018,-0.05823003114155123,-0.06,0.0017699688584487672
8,IHPV,2019,-0.1298268504440564,-0.14,0.010173149555943617
8,IHPV,2020,-0.2582906256391515,-0.26,0.0017093743608485035
8,KFP,2018,-0.014158691359264508,-0.01,-0.004158691359264508
8,KFP,2019,-0.10602870285601473,-0.11,0.003971297143985267
8,KFP,2020,-0.24671945961823594,-0.25,0.0032805403817640633
8,KG,2018,3.211042542972109e-11,0.0,3.211042542972109e-11
8,KG,2019,6.250000517127319e-11,0.0,6.250000517127319e-11
8,KG,2020,4.092282068768327e-11,0.0,4.092282068768327e-11
8,KHP,2018,-0.001144682645159989,0.0,-0.001144682645159989
8,KHP,2019,-0.004917262612194606,-0.01,0.005082737387805394
8,KHP,2020,-0.011729224515119596,-0.01,-0.001729224515119596
8,LE,2018,-0.003677649029742991,0.0,-0.003677649029742991
8,LE,2019,-0.042745419754516845,-0.06,0.017254580245483153
8,LE,2020,-0.12364215902426201,-0.12,-0.003642159024262015
8,LF,2018,-0.0026299847150024203,0.0,-0.0026299847150024203
8,LF,2019,-0.037582277677966625,-0.05,0.012417722322033378
8,LF,2020,-0.11823366825990667,-0.12,0.0017663317400933298
8,LH,2018,-0.009365209316075651,-0.01,0.0006347906839243491
8,LH,2019,-0.043087813977363276,-0.05,0.0069121860226367265
8,LH,2020,-0.059708519645537694,-0.06,0.00029148035446230347
8,M2CD,2018,-0.6249999999999978,-0.63,0.005000000000002225
8,M2CD,2019,-1.0000000000000009,-1.0,-8.881784197001252e-16
8,M2CD,2020,-1.0000000000000009,-1.0,-8.881784197001252e-16
8,MGS,2018,0.025892391176002283,0.02,0.0058923911760022825
8,MGS,2019,0.06265532916404637,0.03,0.03265532916404637
8,MGS,2020,-0.0915722845637984,-0.1,0.008427715436201605
8,MGSV,2018,-0.011034860806979907,-0.02,0.008965139193020093
8,MGSV,2019,-0.07835942391072048,-0.11,0.03164057608927952
8,MGSV,2020,-0.31679217897747913,-0.33,0.013207821022520883
8,NIV,2018,-0.07425976295070136,-0.08,0.005740237049298644
8,NIV,2019,-0.3670691492367928,-0.36,-0.007069149236792804
8,NIV,2020,-0.6838417085236137,-0.65,-0.03384170852361368
8,PCP,2018,-0.009471999500093586,-0.01,0.0005280004999064138
8,PCP,2019,-0.028319111360344817,-0.03,0.0016808886396551814
8,PCP,2020,-0.06271327767120027,-0.06,-0.002713277671200276
8,PERR,2018,-0.25404637360551785,-0.29,0.03595362639448213
8,PERR,2019,-0.9081899503872259,-1.06,0.1518100496127741
8,PERR,2020,-0.9108128953093573,-1.23,0.3191871046906427
8,PGDP,2018,-0.009334176072775535,-0.01,0.000665823927224465
8,PGDP,2019,-0.0313548241105549,-0.03,-0.001354824110554903
8,PGDP,2020,-0.06498496704348822,-0.06,-0.00498496704348822
8,PIFP,2018,-0.01624089720846933,-0.02,0.003759102791530671
8,PIFP,2019,-0.06291779732603697,-0.06,-0.002917797326036975
8,PIFP,2020,-0.09764421076403906,-0.1,0.0023557892359609423
8,PIHP,2018,-0.012274439678508497,-0.01,-0.0022744396785084973
8,PIHP,2019,-0.039051454947025555,-0.04,0.0009485450529744463
8,PIHP,2020,-0.08022342842922692,-0.08,-0.00022342842922691564
8,PLAND,2018,0.00936695835925816,0.01,-0.0006330416407418406
8,PLAND,2019,0.1406920637855913,0.14,0.0006920637855912792
8,PLAND,2020,0.3671203645164267,0.37,-0.002879635483573284
8,PMGS,2018,-0.03691171426749296,-0.04,0.0030882857325070442
8,PMGS,2019,-0.14093167571554432,-0.14,-0.0009316757155443112
8,PMGS,2020,-0.22543583824453928,-0.23,0.004564161755460733
8,PSHARE,2018,-1.6774900449341295,-1.67,-0.007490044934129525
8,PSHARE,2019,-5.693383269510924,-5.67,-0.023383269510923732
8,PSHARE,2020,-5.417861325226917,-5.4,-0.017861325226916414
8,PXGS,2018,-0.03206493861189763,-0.03,-0.002064938611897632
8,PXGS,2019,-0.12873190418052627,-0.13,0.0012680958194737357
8,PXGS,2020,-0.21914324298653864,-0.22,0.0008567570134613567
8,RCD,2018,0.1630152617358079,0.16,0.003015261735807906
8,RCD,2019,0.22192236537828808,0.22,0.0019223653782880767
8,RCD,2020,0.18707930563297853,0.19,-0.0029206943670214702
8,RGB,2018,0.07661272148747617,0.08,-0.0033872785125238364
8,RGB,2019,0.0991820308659744,0.1,-0.0008179691340256118
8,RGB,2020,0.09879395616341347,0.1,-0.00120604383658654
8,SBGVATGDPV,2018,0.12093360909012318,0.13,-0.00906639090987682
8,SBGVATGDPV,2019,0.5949068360008383,0.61,-0.015093163999161718
8,SBGVATGDPV,2020,1.0888683615850638,1.09,-0.0011316384149362424
8,TAXV,2018,-0.05807115763290238,-0.06,0.0019288423670976163
8,TAXV,2019,-0.45458985462712154,-0.43,-0.024589854627121543
8,TAXV,2020,-0.9025334720619588,-0.85,-0.0525334720619588
8,TCIV,2018,-0.03797708560088486,-0.04,0.0020229143991151374
8,TCIV,2019,-0.1779943963111985,-0.19,0.012005603688801492
8,TCIV,2020,-0.30057158640766635,-0.3,-0.0005715864076663579
8,TYCV,2018,-0.19866057902973577,-0.18,-0.01866057902973578
8,TYCV,2019,-1.4976492729686846,-1.34,-0.15764927296868447
8,TYCV,2020,-2.8221454071401086,-2.55,-0.2721454071401088
8,TYPV,2018,0.011419978848603574,0.0,0.011419978848603574
8,TYPV,2019,-0.07014398967293001,-0.11,0.03985601032706999
8,TYPV,2020,-0.31271026831024284,-0.33,0.01728973168975717
8,UCC,2018,0.9435339212874982,0.87,0.07353392128749825
8,UCC,2019,1.812499721117905,1.71,0.10249972111790506
8,UCC,2020,1.2891110904262704,1.21,0.0791110904262704
8,UR,2018,0.0010219619592963802,0.0,0.0010219619592963802
8,UR,2019,0.0050467922565696766,0.0,0.0050467922565696766
8,UR,2020,0.0052643498953111045,0.0,0.0052643498953111045
8,WIPH,2018,-0.01680276070595843,-0.02,0.00319723929404157
8,WIPH,2019,-0.11990075128095745,-0.16,0.04009924871904255
8,WIPH,2020,-0.35452827953055266,-0.35,-0.004528279530552681
8,XGS,2018,-0.0007847445200437342,0.0,-0.0007847445200437342
8,XGS,2019,-0.01511090497965939,-0.02,0.004889095020340611
8,XGS,2020,-0.055064053585227035,-0.05,-0.005064053585227032
8,XGSV,2018,-0.032849239537241504,-0.03,-0.0028492395372415047
8,XGSV,2019,-0.14382116448256044,-0.14,-0.003821164482560424
8,XGSV,2020,-0.2740834548209198,-0.27,-0.004083454820919763
8,YCV,2018,-0.8946764480990937,-0.8,-0.0946764480990937
8,YCV,2019,-2.2267990364868373,-2.01,-0.21679903648683752
8,YCV,2020,-3.8247950751603392,-3.66,-0.1647950751603391
8,YDV,2018,0.09350087481507785,0.07,0.023500874815077843
8,YDV,2019,-0.021145321427801234,-0.06,0.038854678572198764
8,YDV,2020,-0.2787050375986866,-0.29,0.011294962401313391
8,YWV,2018,-0.028315093355421594,-0.03,0.0016849066445784044
8,YWV,2019,-0.1950275334536039,-0.25,0.05497246654639609
8,YWV,2020,-0.5094178919360343,-0.5,-0.009417891936034262
9,BCVATGDPV,2018,0.18687643435108958,0.19,-0.00312356564891042
9,BCVATGDPV,2019,0.34477135326572916,0.36,-0.015228646734270823
9,BCVATGDPV,2020,0.29727014953995745,0.32,-0.022729850460042555
9,BGVATGDPV,2018,0.041289692624082996,0.05,-0.008710307375917006
9,BGVATGDPV,2019,0.1585353216419978,0.17,-0.011464678358002217
9,BGVATGDPV,2020,0.19205554158019722,0.24,-0.04794445841980277
9,CG,2018,3.4638958368304884e-12,0.0,3.4638958368304884e-12
9,CG,2019,8.637535131583718e-12,0.0,8.637535131583718e-12
9,CG,2020,9.142686607788164e-12,0.0,9.142686607788164e-12
9,CGPI,2018,0.8780061541171835,0.82,0.05800615411718357
9,CGPI,2019,0.8823784703200943,0.82,0.06237847032009436
9,CGPI,2020,0.8852537505636748,0.83,0.055253750563674875
9,CGV,2018,0.09453962766657886,0.09,0.004539627666578866
9,CGV,2019,0.1422823971693632,0.12,0.0222823971693632
9,CGV,2020,0.20126643000173416,0.17,0.03126643000173415
9,CP,2018,0.06209862086124507,0.06,0.0020986208612450707
9,CP,2019,0.22800243454126345,0.23,-0.0019975654587365554
9,CP,2020,0.2610546967439953,0.28,-0.018945303256004742
9,CPV,2018,0.2187004396427994,0.21,0.008700439642799401
9,CPV,2019,0.4044886194425057,0.39,0.014488619442505679
9,CPV,2020,0.5154007742811051,0.51,0.005400774281105081
9,CUX,2018,0.1372104954553921,0.15,-0.012789504544607894
9,CUX,2019,0.6240321716321939,0.67,-0.04596782836780611
9,CUX,2020,0.6598488426923121,0.62,0.03984884269231215
9,FXS,2018,10.000000000000009,10.0,8.881784197001252e-15
9,FXS,2019,10.000000000000009,10.0,8.881784197001252e-15
9,FXS,2020,10.000000000000009,10.0,8.881784197001252e-15
9,GDP,2018,0.1285678928363787,0.12,0.00856789283637871
9,GDP,2019,0.4281963069460104,0.43,-0.0018036930539895857
9,GDP,2020,0.42947167203291614,0.43,-0.0005283279670838525
9,GDPD,2018,0.27833692143022015,0.27,0.008336921430220134
9,GDPD,2019,0.19539110786712588,0.21,-0.014608892132874113
9,GDPD,2020,-0.05667084380955645,-0.05,-0.006670843809556445
9,GDPGAP,2018,0.08216476627434427,0.08,0.002164766274344268
9,GDPGAP,2019,0.32856648750103357,0.34,-0.011433512498966458
9,GDPGAP,2020,0.31483055274628585,0.33,-0.015169447253714163
9,GDPPOT,2018,0.04721020858907132,0.04,0.007210208589071322
9,GDPPOT,2019,0.10071386834389351,0.09,0.010713868343893512
9,GDPPOT,2020,0.10148666056911115,0.09,0.011486660569111157
9,GDPV,2018,0.17328638878817415,0.17,0.0032863887881741383
9,GDPV,2019,0.5175344414287075,0.51,0.007534441428707517
9,GDPV,2020,0.6345307877922535,0.63,0.004530787792253466
9,IFP,2018,0.15105617053949305,0.15,0.0010561705394930565
9,IFP,2019,0.3183551204281321,0.33,-0.011644879571867939
9,IFP,2020,0.13827649718800572,0.14,-0.001723502811994293
9,IFPV,2018,0.16631983048825405,0.17,-0.003680169511745962
9,IFPV,2019,0.4304525550867133,0.44,-0.009547444913286685
9,IFPV,2020,0.3466035861540595,0.35,-0.0033964138459404714
9,IG,2018,0.0,0.0,0.0
9,IG,2019,0.0,0.0,0.0
9,IG,2020,0.0,0.0,0.0
9,IGV,2018,0.12281013482923209,0.12,0.0028101348292320916
9,IGV,2019,0.23145247656594647,0.22,0.011452476565946473
9,IGV,2020,0.3428692483021134,0.33,0.01286924830211339
9,IHP,2018,0.39489775744313005,0.39,0.004897757443130035
9,IHP,2019,0.19883277949025446,0.2,-0.001167220509745548
9,IHP,2020,0.16932685819646687,0.19,-0.020673141803533135
9,IHPV,2018,0.8087106988130532,0.8,0.008710698813053197
9,IHPV,2019,0.6605926475363455,0.66,0.0005926475363454697
9,IHPV,2020,0.6946160967962522,0.72,-0.025383903203747726
9,KFP,2018,0.00826501876456387,0.01,-0.0017349812354361307
9,KFP,2019,0.04179387832572434,0.04,0.001793878325724342
9,KFP,2020,0.061462200351575236,0.06,0.001462200351575238
9,KG,2018,3.907985046680551e-12,0.0,3.907985046680551e-12
9,KG,2019,4.845568390976496e-11,0.0,4.845568390976496e-11
9,KG,2020,4.1522341120980855e-11,0.0,4.1522341120980855e-11
9,KHP,2018,0.010937641953540078,0.01,0.000937641953540078
9,KHP,2019,0.025961129495433166,0.03,-0.004038870504566833
9,KHP,2020,0.0330964488936214,0.03,0.0030964488936214007
9,LE,2018,0.07817061383669777,0.07,0.00817061383669776
9,LE,2019,0.15808137512501874,0.14,0.018081375125018728
9,LE,2020,0.14532869737730048,0.12,0.02532869737730048
9,LF,2018,0.07656081735579745,0.07,0.006560817355797444
9,LF,2019,0.1463650437987407,0.13,0.016365043798740708
9,LF,2020,0.13003124423410228,0.11,0.020031244234102283
9,LH,2018,0.04085323752118786,0.04,0.0008532375211878565
9,LH,2019,0.11848193475826885,0.12,-0.001518065241731148
9,LH,2020,0.10885639821304194,0.11,-0.0011436017869580622
9,M2CD,2018,0.07891584580594635,0.08,-0.001084154194053652
9,M2CD,2019,0.2601524070479033,0.26,0.0001524070479033135
9,M2CD,2020,0.2610821667586305,0.26,0.0010821667586304873
9,MGS,2018,0.024645709614717903,0.04,-0.015354290385282097
9,MGS,2019,0.1351650639246027,0.15,-0.014834936075397293
9,MGS,2020,0.21258801249491865,0.25,-0.037411987505081346
9,MGSV,2018,4.3843265010017065,4.38,0.0043265010017066174
9,MGSV,2019,4.388500714899029,4.38,0.008500714899029482
9,MGSV,2020,4.192178286096643,4.24,-0.047821713903357654
9,NIV,2018,0.5251083755460184,0.52,0.0051083755460183955
9,NIV,2019,0.9155997507668212,0.93,-0.014400249233178841
9,NIV,2020,0.8587227328759883,0.88,-0.02127726712401168
9,PCP,2018,0.15650485813414883,0.15,0.006504858134148833
9,PCP,2019,0.1760790617605812,0.16,0.016079061760581187
9,PCP,2020,0.2536895796747818,0.23,0.023689579674781774
9,PERR,2018,0.18909747125918308,0.21,-0.02090252874081691
9,PERR,2019,-0.06849602364149732,-0.07,0.00150397635850269
9,PERR,2020,-0.47081104811828123,-0.56,0.08918895188171883
9,PGDP,2018,0.04467961713405244,0.04,0.00467961713405244
9,PGDP,2019,0.08895396872846684,0.08,0.008953968728466835
9,PGDP,2020,0.20419206957601466,0.19,0.014192069576014654
9,PIFP,2018,0.015221326105330224,0.02,-0.004778673894669776
9,PIFP,2019,0.11174955563456601,0.11,0.0017495556345660107
9,PIFP,2020,0.20805372555869894,0.22,-0.011946274441301058
9,PIHP,2018,0.4121163427266539,0.41,0.002116342726653897
9,PIHP,2019,0.4608488129000943,0.46,0.0008488129000942535
9,PIHP,2020,0.5244023991562041,0.53,-0.005597600843795902
9,PLAND,2018,-0.001730608429517666,0.0,-0.001730608429517666
9,PLAND,2019,-0.07929774811061552,-0.08,0.0007022518893844837
9,PLAND,2020,-0.11438634519352342,-0.12,0.005613654806476576
9,PMGS,2018,4.358607501604905,4.33,0.028607501604905217
9,PMGS,2019,4.247611337688917,4.22,0.027611337688917104
9,PMGS,2020,3.9711337535214444,3.98,-0.008866246478555606
9,PSHARE,2018,1.5058554548019576,1.52,-0.014144545198042424
9,PSHARE,2019,1.3430153682670587,1.38,-0.0369846317329412
9,PSHARE,2020,0.30099718187669433,0.26,0.04099718187669432
9,PXGS,2018,3.8792196908513876,3.88,-0.0007803091486122682
9,PXGS,2019,3.8792196908513876,3.88,-0.0007803091486122682
9,PXGS,2020,3.879219690851393,3.88,-0.0007803091486069391
9,RCD,2018,0.01374531184010093,0.01,0.0037453118401009292
9,RCD,2019,0.0555420243329152,0.06,-0.0044579756670848
9,RCD,2020,0.08541430045776323,0.09,-0.004585699542236768
9,RGB,2018,0.0070889014057854745,0.01,-0.0029110985942145257
9,RGB,2019,0.02559787792106391,0.03,-0.004402122078936088
9,RGB,2020,0.04025034084849584,0.04,0.00025034084849583776
9,SBGVATGDPV,2018,-0.41983829576352605,-0.42,0.00016170423647393628
9,SBGVATGDPV,2019,-1.3466820902044034,-1.34,-0.006682090204403357
9,SBGVATGDPV,2020,-1.893698036358387,-1.91,0.01630196364161285
9,TAXV,2018,0.25930267392828554,0.26,-0.0006973260717144658
9,TAXV,2019,0.839961406605011,0.83,0.009961406605010992
9,TAXV,2020,1.0399420942847182,1.05,-0.010057905715281867
9,TCIV,2018,0.1845856811470703,0.18,0.0045856811470703085
9,TCIV,2019,0.3257866414742072,0.32,0.00578664147420721
9,TCIV,2020,0.3799303249991781,0.38,-6.967500082188938e-05
9,TYCV,2018,0.31414880348043794,0.31,0.004148803480437946
9,TYCV,2019,1.6683836835454213,1.65,0.018383683545421414
9,TYCV,2020,2.2045805500349624,2.23,-0.025419449965037533
9,TYPV,2018,0.28723515648742537,0.28,0.007235156487425343
9,TYPV,2019,0.8593825106819775,0.84,0.019382510681977494
9,TYPV,2020,0.9425080266164398,0.95,-0.007491973383560113
9,UCC,2018,-0.15767238120475702,-0.19,0.032327618795242985
9,UCC,2019,-0.3607904212012292,-0.4,0.03920957879877085
9,UCC,2020,-0.2275791394376725,-0.28,0.05242086056232753
9,UR,2018,-0.0015692441209484986,0.0,-0.0015692441209484986
9,UR,2019,-0.011426727200033238,-0.01,-0.0014267272000332374
9,UR,2020,-0.0148496187070698,-0.01,-0.0048496187070698
9,WIPH,2018,0.3638820881025129,0.33,0.033882088102512864
9,WIPH,2019,0.54810284194588,0.48,0.06810284194588001
9,WIPH,2020,0.5678109187340297,0.49,0.07781091873402968
9,XGS,2018,0.2273850125641741,0.23,-0.002614987435825916
9,XGS,2019,1.3712534808239252,1.37,0.0012534808239250683
9,XGS,2020,1.8318609045471668,1.83,0.0018609045471666974
9,XGSV,2018,4.115425467596995,4.12,-0.004574532403005094
9,XGSV,2019,5.303667106714927,5.3,0.00366710671492676
9,XGSV,2020,5.782142504316773,5.78,0.002142504316772431
9,YCV,2018,1.0872346765587737,1.08,0.007234676558773634
9,YCV,2019,1.9955016666310388,2.0,-0.004498333368961216
9,YCV,2020,1.7854914044072634,1.78,0.005491404407263367
9,YDV,2018,0.42564225112805,0.41,0.01564225112805001
9,YDV,2019,0.6985093391210562,0.7,-0.0014906608789437836
9,YDV,2020,0.6860969886411272,0.71,-0.02390301135887274
9,YWV,2018,0.458619696166529,0.42,0.038619696166528994
9,YWV,2019,0.7837625975998408,0.7,0.08376259759984084
9,YWV,2020,0.7809407911751554,0.69,0.09094079117515541
10,BCVATGDPV,2018,-0.4392937037749646,-0.44,0.0007062962250354299
10,BCVATGDPV,2019,-0.35438616207513396,-0.35,-0.004386162075133981
10,BCVATGDPV,2020,-0.22532618937515464,-0.22,-0.0053261893751546385
10,BGVATGDPV,2018,-0.0902239044073051,-0.09,-0.0002239044073051033
10,BGVATGDPV,2019,-0.16897300644351587,-0.17,0.0010269935564841404
10,BGVATGDPV,2020,-0.17536939631933146,-0.19,0.014630603680668541
10,CG,2018,-3.375077994860476e-12,0.0,-3.375077994860476e-12
10,CG,2019,-1.6725509865977983e-11,0.0,-1.6725509865977983e-11
10,CG,2020,-1.618427614147322e-11,0.0,-1.618427614147322e-11
10,CGPI,2018,0.5188413698131389,0.48,0.038841369813138904
10,CGPI,2019,0.4775830294580452,0.43,0.04758302945804521
10,CGPI,2020,0.34248015427157386,0.32,0.02248015427157385
10,CGV,2018,0.13397300203147888,0.13,0.003973002031478878
10,CGV,2019,0.1880263906931301,0.16,0.028026390693130093
10,CGV,2020,0.1868013729646456,0.14,0.04680137296464559
10,CP,2018,-0.17121277043611327,-0.16,-0.011212770436113267
10,CP,2019,-0.30931081772416213,-0.3,-0.009310817724162146
10,CP,2020,-0.31717600129974877,-0.3,-0.017176001299748778
10,CPV,2018,0.05608576661674802,0.05,0.00608576661674802
10,CPV,2019,-0.07582331848109969,-0.11,0.03417668151890031
10,CPV,2020,-0.08891849212039338,-0.14,0.051081507879606636
10,CUX,2018,0.14651771798989688,0.13,0.016517717989896874
10,CUX,2019,0.011430411741084057,-0.02,0.03143041174108406
10,CUX,2020,-0.11025337266870328,-0.13,0.01974662733129673
10,FXS,2018,0.045921218140537734,0.05,-0.004078781859462269
10,FXS,2019,0.08544878579183623,0.09,-0.004551214208163762
10,FXS,2020,0.11043853853048846,0.11,0.0004385385304884609
10,GDP,2018,-0.07581657387430718,-0.08,0.004183426125692821
10,GDP,2019,-0.13078159704801307,-0.13,-0.0007815970480130607
10,GDP,2020,-0.1582992126557936,-0.16,0.0017007873442063948
10,GDPD,2018,-0.11151869847418738,-0.12,0.008481301525812612
10,GDPD,2019,-0.044481319963039306,-0.04,-0.0044813199630393055
10,GDPD,2020,0.006642098316195222,0.01,-0.0033579016838047784
10,GDPGAP,2018,0.03492360007582751,0.02,0.01492360007582751
10,GDPGAP,2019,-0.027100467384846783,-0.04,0.012899532615153218
10,GDPGAP,2020,-0.0711727180131087,-0.09,0.018827281986891292
10,GDPPOT,2018,-0.1100394174121,-0.1,-0.010039417412099988
10,GDPPOT,2019,-0.10364695579987149,-0.09,-0.01364695579987149
10,GDPPOT,2020,-0.08404472261447637,-0.07,-0.014044722614476368
10,GDPV,2018,-0.36911050331074613,-0.38,0.010889496689253875
10,GDPV,2019,-0.3584051545077266,-0.38,0.021594845492273418
10,GDPV,2020,-0.25675636005538516,-0.31,0.05324363994461484
10,IFP,2018,-0.005244654703875917,0.0,-0.005244654703875917
10,IFP,2019,-0.020439495472568403,-0.02,-0.00043949547256840263
10,IFP,2020,-0.023277343745398138,-0.02,-0.0032773437453981376
10,IFPV,2018,0.006923077710191405,0.01,-0.003076922289808595
10,IFPV,2019,-0.016503683360219457,-0.02,0.003496316639780544
10,IFPV,2020,-0.04011915874073402,-0.05,0.009880841259265985
10,IG,2018,0.0,0.0,0.0
10,IG,2019,0.0,0.0,0.0
10,IG,2020,0.0,0.0,0.0
10,IGV,2018,0.08233682769754336,0.08,0.002336827697543356
10,IGV,2019,0.08539802325426837,0.07,0.015398023254268367
10,IGV,2020,0.052499039462022834,0.03,0.022499039462022835
10,IHP,2018,0.046596549474897664,0.05,-0.003403450525102339
10,IHP,2019,-0.1755392960964719,-0.17,-0.005539296096471885
10,IHP,2020,-0.22448013424935243,-0.21,-0.014480134249352433
10,IHPV,2018,0.2987190151498065,0.3,-0.0012809848501935117
10,IHPV,2019,0.08758828032808252,0.08,0.007588280328082522
10,IHPV,2020,-0.03346582385970742,-0.03,-0.003465823859707423
10,KFP,2018,-0.00033105379970421733,0.0,-0.00033105379970421733
10,KFP,2019,-0.001970672389234318,0.0,-0.001970672389234318
10,KFP,2020,-0.004516708732399399,0.0,-0.004516708732399399
10,KG,2018,3.1252778143198157e-12,0.0,3.1252778143198157e-12
10,KG,2019,-9.007794510296208e-11,0.0,-9.007794510296208e-11
10,KG,2020,-1.1267098365408401e-10,0.0,-1.1267098365408401e-10
10,KHP,2018,0.0014370281362530157,0.0,0.0014370281362530157
10,KHP,2019,-0.002800683171427787,0.0,-0.002800683171427787
10,KHP,2020,-0.013487817056284657,-0.01,-0.0034878170562846565
10,LE,2018,-0.18133512584347367,-0.17,-0.011335125843473653
10,LE,2019,-0.17150479530604057,-0.15,-0.021504795306040575
10,LE,2020,-0.13983452659553364,-0.12,-0.01983452659553364
10,LF,2018,-0.18400037423264293,-0.17,-0.014000374232642915
10,LF,2019,-0.1724913675580475,-0.15,-0.02249136755804751
10,LF,2020,-0.13797249698007108,-0.12,-0.017972496980071084
10,LH,2018,-0.043339650224530346,-0.04,-0.0033396502245303453
10,LH,2019,-0.05490429164824451,-0.05,-0.004904291648244505
10,LH,2020,-0.05584569080630819,-0.05,-0.0058456908063081875
10,M2CD,2018,-0.0764687388747326,-0.08,0.0035312611252674014
10,M2CD,2019,-0.12896111805509036,-0.13,0.001038881944909642
10,M2CD,2020,-0.1540298018594427,-0.17,0.015970198140557307
10,MGS,2018,-0.059757233979923496,-0.02,-0.03975723397992349
10,MGS,2019,-0.3004521556430245,-0.25,-0.05045215564302452
10,MGS,2020,-0.3320536090631765,-0.25,-0.08205360906317649
10,MGSV,2018,2.4753758667691415,2.47,0.005375866769141258
10,MGSV,2019,2.0129293618287694,2.01,0.002929361828769572
10,MGSV,2020,1.349549585249804,1.43,-0.08045041475019588
10,NIV,2018,-0.5335453462694345,-0.54,0.006454653730565529
10,NIV,2019,-0.5307254993752869,-0.55,0.019274500624713142
10,NIV,2020,-0.401298115332524,-0.45,0.04870188466747599
10,PCP,2018,0.22769073037902654,0.22,0.007690730379026539
10,PCP,2019,0.23421196034659197,0.19,0.04421196034659197
10,PCP,2020,0.22898448162950724,0.15,0.07898448162950725
10,PERR,2018,0.13317613089535207,0.15,-0.01682386910464792
10,PERR,2019,0.30066650241282034,0.37,-0.06933349758717966
10,PERR,2020,0.563110787538954,0.77,-0.20688921246104597
10,PGDP,2018,-0.29352080145510495,-0.3,0.006479198544895037
10,PGDP,2019,-0.22791880884567572,-0.25,0.022081191154324276
10,PGDP,2020,-0.09861403076504016,-0.15,0.05138596923495983
10,PIFP,2018,0.012168326715739086,0.01,0.002168326715739086
10,PIFP,2019,0.003936435394533144,0.0,0.003936435394533144
10,PIFP,2020,-0.016845507006851834,-0.03,0.013154492993148165
10,PIHP,2018,0.2519982204281679,0.25,0.001998220428167885
10,PIHP,2019,0.2635882792634603,0.25,0.01358827926346029
10,PIHP,2020,0.19144235093147555,0.18,0.011442350931475553
10,PLAND,2018,0.00960787647584782,0.01,-0.0003921235241521794
10,PLAND,2019,0.002848022276974449,0.0,0.002848022276974449
10,PLAND,2020,0.005594776444323157,0.0,0.005594776444323157
10,PMGS,2018,2.536730890739886,2.5,0.03673089073988578
10,PMGS,2019,2.3203382119050375,2.26,0.06033821190503774
10,PMGS,2020,1.6872367542525968,1.69,-0.0027632457474031646
10,PSHARE,2018,-0.06933943456439717,-0.06,-0.009339434564397175
10,PSHARE,2019,-0.12542550272660324,-0.09,-0.03542550272660325
10,PSHARE,2020,-0.029755258421801378,-0.03,0.00024474157819862064
10,PXGS,2018,0.018334207083275933,0.02,-0.0016657929167240675
10,PXGS,2019,0.03411202408881153,0.03,0.004112024088811533
10,PXGS,2020,0.04408501819421207,0.04,0.004085018194212066
10,RCD,2018,0.0010960535096678071,0.0,0.0010960535096678071
10,RCD,2019,0.002488003039988386,0.0,0.002488003039988386
10,RCD,2020,-0.0006559697065645629,0.0,-0.0006559697065645629
10,RGB,2018,0.001393051546642184,0.0,0.001393051546642184
10,RGB,2019,0.001107466657103174,0.0,0.001107466657103174
10,RGB,2020,-0.00019319818706800676,0.0,-0.00019319818706800676
10,SBGVATGDPV,2018,0.9002054125335874,0.92,-0.019794587466412605
10,SBGVATGDPV,2019,1.0324558687645293,1.1,-0.06754413123547076
10,SBGVATGDPV,2020,0.9982969694436363,1.15,-0.15170303055636358
10,TAXV,2018,-0.14016135695819887,-0.14,-0.00016135695819885498
10,TAXV,2019,-0.5087752408013207,-0.54,0.031224759198679286
10,TAXV,2020,-0.5470960561194199,-0.62,0.07290394388058008
10,TCIV,2018,0.0668084312750894,0.06,0.006808431275089399
10,TCIV,2019,0.001174361580186245,-0.02,0.021174361580186245
10,TCIV,2020,-0.012128813234185687,-0.05,0.037871186765814316
10,TYCV,2018,-0.38178417599412096,-0.39,0.008215824005879058
10,TYCV,2019,-1.402528389936633,-1.5,0.09747161006336702
10,TYCV,2020,-1.573814314111313,-1.75,0.176185685888687
10,TYPV,2018,-0.20170045992786434,-0.2,-0.0017004599278643284
10,TYPV,2019,-0.39064625369788497,-0.4,0.009353746302115051
10,TYPV,2020,-0.35208247425431716,-0.38,0.027917525745682847
10,UCC,2018,-0.18075761396151024,-0.19,0.009242386038489758
10,UCC,2019,-0.15398785563588702,-0.17,0.016012144364112996
10,UCC,2020,-0.012341238694335566,-0.01,-0.0023412386943355654
10,UR,2018,-0.002613093600575489,0.0,-0.002613093600575489
10,UR,2019,-0.0009626360172236836,0.0,-0.0009626360172236836
10,UR,2020,0.0018066889346866066,0.0,0.0018066889346866066
10,WIPH,2018,-0.2351153158009378,-0.22,-0.015115315800937806
10,WIPH,2019,-0.2017252769138722,-0.2,-0.001725276913872198
10,WIPH,2020,-0.1127653095356812,-0.13,0.017234690464318803
10,XGS,2018,0.0007826539633049023,0.0,0.0007826539633049023
10,XGS,2019,0.007136430091930768,0.01,-0.0028635699080692325
10,XGS,2020,0.015265009272286134,0.02,-0.004734990727713866
10,XGSV,2018,0.01911704673654424,0.02,-0.0008829532634557595
10,XGSV,2019,0.04125098944095518,0.04,0.0012509894409551761
10,XGSV,2020,0.05935678442663961,0.06,-0.0006432155733603895
10,YCV,2018,-1.3052970311935086,-1.38,0.0747029688064913
10,YCV,2019,-1.4617773903186664,-1.57,0.10822260968133368
10,YCV,2020,-1.5731637381446117,-1.94,0.3668362618553882
10,YDV,2018,-0.37055705282800777,-0.37,-0.0005570528280077758
10,YDV,2019,-0.33666623463782797,-0.35,0.013333765362172012
10,YDV,2020,-0.22657110290955074,-0.26,0.03342889709044927
10,YWV,2018,-0.435696755692791,-0.41,-0.025696755692791007
10,YWV,2019,-0.40562620600612664,-0.38,-0.02562620600612664
10,YWV,2020,-0.2922447365445141,-0.28,-0.012244736544514079
11,BCVATGDPV,2018,0.20413809945971773,0.21,-0.005861900540282267
11,BCVATGDPV,2019,0.1224270121244323,0.13,-0.007572987875567705
11,BCVATGDPV,2020,-0.006604106790561226,0.02,-0.026604106790561226
11,BGVATGDPV,2018,0.07771494680533486,0.08,-0.0022850531946651403
11,BGVATGDPV,2019,0.14112515815577553,0.14,0.0011251581557755186
11,BGVATGDPV,2020,0.09925200893516672,0.13,-0.03074799106483328
11,CG,2018,1.6320278461989801e-12,0.0,1.6320278461989801e-12
11,CG,2019,8.93729534823251e-13,0.0,8.93729534823251e-13
11,CG,2020,3.2251978865360797e-12,0.0,3.2251978865360797e-12
11,CGPI,2018,0.012356727386958477,0.01,0.002356727386958477
11,CGPI,2019,0.05612049403028174,0.06,-0.0038795059697182555
11,CGPI,2020,0.10870967252861741,0.11,-0.0012903274713825935
11,CGV,2018,0.0019768185472085475,0.0,0.0019768185472085475
11,CGV,2019,0.04106987796103634,0.04,0.0010698779610363376
11,CGV,2020,0.11398172601781442,0.11,0.0039817260178144215
11,CP,2018,0.07923430619185545,0.08,-0.0007656938081445491
11,CP,2019,0.1965394205770299,0.2,-0.0034605794229701226
11,CP,2020,0.15605272004254878,0.17,-0.013947279957451236
11,CPV,2018,0.08553675300470853,0.08,0.005536753004708531
11,CPV,2019,0.26547428772344395,0.27,-0.004525712276556071
11,CPV,2020,0.3104276310703258,0.34,-0.029572368929674242
11,CUX,2018,0.6138093678828505,0.65,-0.03619063211714957
11,CUX,2019,0.6298579435423557,0.67,-0.04014205645764435
11,CUX,2020,0.5469873220752319,0.5,0.04698732207523193
11,FXS,2018,-0.018824962869226636,-0.02,0.0011750371307733647
11,FXS,2019,-0.08772436136604278,-0.09,0.0022756386339572166
11,FXS,2020,-0.17279626286218486,-0.17,-0.002796262862184845
11,GDP,2018,0.3602736654192973,0.36,0.0002736654192972976
11,GDP,2019,0.4105445723899759,0.41,0.0005445723899759058
11,GDP,2020,0.3405899194205253,0.35,-0.009410080579474678
11,GDPD,2018,0.42965828283530494,0.43,-0.00034171716469505453
11,GDPD,2019,-0.03710268526471211,-0.03,-0.007102685264712111
11,GDPD,2020,-0.059503302578646444,-0.06,0.0004966974213535535
11,GDPGAP,2018,0.31519070074467276,0.31,0.0051907007446727604
11,GDPGAP,2019,0.3231147122726555,0.33,-0.006885287727344536
11,GDPGAP,2020,0.2500819853878615,0.26,-0.009918014612138482
11,GDPPOT,2018,0.049949707786012265,0.05,-5.0292213987737644e-05
11,GDPPOT,2019,0.08897623995565707,0.08,0.008976239955657064
11,GDPPOT,2020,0.08026026780001416,0.08,0.0002602678000141606
11,GDPV,2018,0.374585249745063,0.37,0.004585249745063025
11,GDPV,2019,0.485917052503132,0.49,-0.004082947496867995
11,GDPV,2020,0.49283456544825244,0.51,-0.01716543455174757
11,IFP,2018,0.4747492137975706,0.48,-0.005250786202429358
11,IFP,2019,0.5966368582963177,0.6,-0.0033631417036822375
11,IFP,2020,0.39236720976283945,0.39,0.0023672097628394395
11,IFPV,2018,0.5595723450202095,0.56,-0.00042765497979058154
11,IFPV,2019,0.7766639310231194,0.79,-0.013336068976880666
11,IFPV,2020,0.6515590481115108,0.66,-0.008440951888489256
11,IG,2018,0.0,0.0,0.0
11,IG,2019,0.0,0.0,0.0
11,IG,2020,0.0,0.0,0.0
11,IGV,2018,0.07502716209309424,0.07,0.0050271620930942285
11,IGV,2019,0.1766821607322,0.18,-0.0033178392677999935
11,IGV,2020,0.2749737416712472,0.28,-0.005026258328752808
11,IHP,2018,0.06651309009061412,0.07,-0.0034869099093858824
11,IHP,2019,0.15047461605429135,0.15,0.0004746160542913602
11,IHP,2020,0.12430029288387212,0.14,-0.015699707116127892
11,IHPV,2018,0.06934893508864226,0.07,-0.000651064911357746
11,IHPV,2019,0.22280008779181903,0.23,-0.007199912208180975
11,IHPV,2020,0.2988662145619214,0.31,-0.01113378543807858
11,KFP,2018,0.02914553686532706,0.03,-0.0008544631346729392
11,KFP,2019,0.10050921965777948,0.1,0.000509219657779475
11,KFP,2020,0.1406863752090759,0.14,0.0006863752090758846
11,KG,2018,1.27675647831893e-11,0.0,1.27675647831893e-11
11,KG,2019,5.195843755245733e-12,0.0,5.195843755245733e-12
11,KG,2020,1.2634338020234281e-11,0.0,1.2634338020234281e-11
11,KHP,2018,0.001623288375968146,0.0,0.001623288375968146
11,KHP,2019,0.007903230593081512,0.01,-0.0020967694069184886
11,KHP,2020,0.014615864927236544,0.02,-0.005384135072763457
11,LE,2018,0.08386370762201167,0.08,0.0038637076220116723
11,LE,2019,0.10620394819930712,0.1,0.006203948199307113
11,LE,2020,0.05777987224172554,0.05,0.007779872241725536
11,LF,2018,0.073647792054371,0.07,0.0036477920543709907
11,LF,2019,0.09184035708085236,0.08,0.011840357080852362
11,LF,2020,0.044632270785499584,0.04,0.004632270785499583
11,LH,2018,0.09531496521190119,0.1,-0.004685034788098813
11,LH,2019,0.10232077775673143,0.1,0.0023207777567314236
11,LH,2020,0.06981505572484781,0.07,-0.00018494427515219902
11,M2CD,2018,0.2285971153615507,0.23,-0.0014028846384493143
11,M2CD,2019,0.21361791412154996,0.22,-0.0063820858784500445
11,M2CD,2020,0.2553839127300894,0.26,-0.004616087269910585
11,MGS,2018,0.10214775992037906,0.1,0.00214775992037905
11,MGS,2019,0.3005214391218092,0.29,0.010521439121809195
11,MGS,2020,0.26992161362254796,0.28,-0.010078386377452064
11,MGSV,2018,0.09022844898330384,0.09,0.00022844898330384722
11,MGSV,2019,0.25755330545648714,0.26,-0.002446694543512873
11,MGSV,2020,0.2072748740114594,0.23,-0.022725125988540623
11,NIV,2018,0.4865192577087285,0.49,-0.003480742291271488
11,NIV,2019,0.5282404682583675,0.55,-0.021759531741632587
11,NIV,2020,0.3371250414272553,0.38,-0.042874958572744704
11,PCP,2018,0.006293095234063961,0.01,-0.003706904765936039
11,PCP,2019,0.06879798440104778,0.07,-0.0012020155989522219
11,PCP,2020,0.1541403180238876,0.17,-0.0158596819761124
11,PERR,2018,0.6203775809421295,0.68,-0.05962241905787058
11,PERR,2019,0.33779497783159584,0.39,-0.05220502216840417
11,PERR,2020,0.689149226086669,0.87,-0.18085077391333104
11,PGDP,2018,0.014252829711713932,0.01,0.004252829711713932
11,PGDP,2019,0.07506688141757367,0.07,0.005066881417573665
11,PGDP,2020,0.1517304751014914,0.16,-0.008269524898508601
11,PIFP,2018,0.08436253465911037,0.08,0.004362534659110365
11,PIFP,2019,0.178978283771819,0.18,-0.00102171622818098
11,PIFP,2020,0.25818448100957125,0.26,-0.001815518990428755
11,PIHP,2018,0.0028318111118502687,0.0,0.0028318111118502687
11,PIHP,2019,0.07221322719747625,0.07,0.002213227197476242
11,PIHP,2020,0.17435428721581658,0.18,-0.00564571278418341
11,PLAND,2018,-0.055922058074692194,-0.06,0.004077941925307804
11,PLAND,2019,-0.17876349280273596,-0.18,0.0012365071972640362
11,PLAND,2020,-0.2581932956830013,-0.26,0.0018067043169986974
11,PMGS,2018,-0.011899346470670147,-0.01,-0.0018993464706701466
11,PMGS,2019,-0.04283770762673056,-0.03,-0.01283770762673056
11,PMGS,2020,-0.062479482015398435,-0.05,-0.012479482015398433
11,PSHARE,2018,3.7946039645360417,3.8,-0.005396035463958171
11,PSHARE,2019,2.437927098323067,2.46,-0.022072901676932766
11,PSHARE,2020,1.8417238717156503,1.8,0.041723871715650285
11,PXGS,2018,-0.007517688739505646,-0.01,0.0024823112604943545
11,PXGS,2019,-0.03503949135228446,-0.03,-0.005039491352284459
11,PXGS,2020,-0.06903642937261256,-0.07,0.0009635706273874445
11,RCD,2018,0.04021896599247918,0.04,0.00021896599247917675
11,RCD,2019,0.0837410595141311,0.08,0.0037410595141311037
11,RCD,2020,0.08415741334780047,0.09,-0.005842586652199527
11,RGB,2018,0.018948419689510006,0.02,-0.0010515803104899947
11,RGB,2019,0.038304392949491034,0.04,-0.0016956070505089668
11,RGB,2020,0.041843270278356506,0.04,0.0018432702783565055
11,SBGVATGDPV,2018,-0.9007516621783793,-0.91,0.009248337821620711
11,SBGVATGDPV,2019,-1.2987325291568652,-1.32,0.02126747084313485
11,SBGVATGDPV,2020,-1.5006364787954354,-1.55,0.049363521204564664
11,TAXV,2018,0.3159808674037812,0.31,0.005980867403781176
11,TAXV,2019,0.6850217692482286,0.68,0.005021769248228503
11,TAXV,2020,0.5541917069620927,0.58,-0.025808293037907215
11,TCIV,2018,0.13590826354519803,0.14,-0.004091736454801986
11,TCIV,2019,0.2743965443888219,0.28,-0.005603455611178143
11,TCIV,2020,0.293098839642042,0.31,-0.016901160357958023
11,TYCV,2018,0.5736171085360398,0.57,0.0036171085360398036
11,TYCV,2019,1.4188914058539948,1.41,0.008891405853994838
11,TYCV,2020,0.9109908746930573,0.94,-0.029009125306942662
11,TYPV,2018,0.3903873042430228,0.39,0.0003873042430228013
11,TYPV,2019,0.6563903218702982,0.66,-0.00360967812970181
11,TYPV,2020,0.561679927223252,0.59,-0.028320072776747973
11,UCC,2018,-0.7991708645736922,-0.88,0.08082913542630776
11,UCC,2019,-0.6013785792582299,-0.69,0.08862142074177004
11,UCC,2020,-0.3903839060621056,-0.45,0.05961609393789441
11,UR,2018,-0.009959226758655348,-0.01,4.077324134465175e-05
11,UR,2019,-0.01401237432712521,-0.01,-0.00401237432712521
11,UR,2020,-0.012774144788196717,-0.01,-0.002774144788196717
11,WIPH,2018,0.18975043272050907,0.18,0.009750432720509072
11,WIPH,2019,0.2765606371103235,0.25,0.026560637110323526
11,WIPH,2020,0.24379495196060752,0.24,0.003794951960607529
11,XGS,2018,1.2994037244902834,1.3,-0.0005962755097166372
11,XGS,2019,1.2958839685386192,1.3,-0.004116031461380842
11,XGS,2020,1.2842768637016777,1.28,0.00427686370167768
11,XGSV,2018,1.2917883613528802,1.29,0.0017883613528801856
11,XGSV,2019,1.260390602290662,1.26,0.0003906022906619011
11,XGSV,2020,1.2143541992000795,1.21,0.0043541992000795116
11,YCV,2018,1.2502201738836205,1.23,0.020220173883620518
11,YCV,2019,0.9063861341680801,0.92,-0.013613865831919925
11,YCV,2020,0.08457554596482397,0.03,0.054575545964823974
11,YDV,2018,0.3254304828789911,0.32,0.005430482878991116
11,YDV,2019,0.43228263334575967,0.45,-0.01771736665424034
11,YDV,2020,0.33119609288979057,0.37,-0.038803907110209424
11,YWV,2018,0.3504328563844028,0.34,0.010432856384402778
11,YWV,2019,0.4607497244887071,0.43,0.03074972448870711
11,YWV,2020,0.35251733859296697,0.35,0.002517338592966989
