scenario,variable,year,quarter,value
1,GDP,2022,1,1.00472457
1,GDP,2022,2,1.05713076
1,GDP,2022,3,1.13481683
1,GDP,2022,4,1.13578848
1,GDP,2023,1,1.12999771
1,GDP,2023,2,1.11379311
1,GDP,2023,3,1.07832363
1,GDP,2023,4,1.05544737
1,GDP,2024,1,1.04702225
1,GDP,2024,2,1.02520148
1,GDP,2024,3,1.01135718
1,GDP,2024,4,1.0011942
1,CP,2022,1,0.00252311
1,CP,2022,2,0.14784606
1,CP,2022,3,0.37448929
1,CP,2022,4,0.45072236
1,CP,2023,1,0.4865513
1,CP,2023,2,0.50180487
1,CP,2023,3,0.50428939
1,CP,2023,4,0.52156849
1,CP,2024,1,0.53282735
1,CP,2024,2,0.54843611
1,CP,2024,3,0.55044803
1,CP,2024,4,0.53503943
1,IFP,2022,1,-0.04430256
1,IFP,2022,2,-0.09377463
1,IFP,2022,3,-0.13594245
1,IFP,2022,4,-0.21726314
1,IFP,2023,1,-0.34813124
1,IFP,2023,2,-0.52937379
1,IFP,2023,3,-0.72961375
1,IFP,2023,4,-0.91276443
1,IFP,2024,1,-1.06604527
1,IFP,2024,2,-1.189195
1,IFP,2024,3,-1.27781343
1,IFP,2024,4,-1.34328747
1,IHP,2022,1,0.09956521
1,IHP,2022,2,0.13444072
1,IHP,2022,3,0.24368952
1,IHP,2022,4,0.31022977
1,IHP,2023,1,0.35113004
1,IHP,2023,2,0.41623584
1,IHP,2023,3,0.44131361
1,IHP,2023,4,0.47390575
1,IHP,2024,1,0.47044143
1,IHP,2024,2,0.46287802
1,IHP,2024,3,0.43564216
1,IHP,2024,4,0.45088083
1,IG,2022,1,20.95214656
1,IG,2022,2,21.62009127
1,IG,2022,3,21.36071057
1,IG,2022,4,21.16263253
1,IG,2023,1,20.4515446
1,IG,2023,2,20.9399009
1,IG,2023,3,21.00879817
1,IG,2023,4,21.17318405
1,IG,2024,1,21.36552523
1,IG,2024,2,21.22625749
1,IG,2024,3,21.1124961
1,IG,2024,4,21.2652987
1,CG,2022,1,-0.0
1,CG,2022,2,0.03092902
1,CG,2022,3,0.06144229
1,CG,2022,4,0.09151347
1,CG,2023,1,0.12092545
1,CG,2023,2,0.15490806
1,CG,2023,3,0.18547084
1,CG,2023,4,0.21620972
1,CG,2024,1,0.24930914
1,CG,2024,2,0.27254078
1,CG,2024,3,0.30225992
1,CG,2024,4,0.33199339
1,XGS,2022,1,0.0
1,XGS,2022,2,-0.00014352
1,XGS,2022,3,-0.00062444
1,XGS,2022,4,-0.00175598
1,XGS,2023,1,-0.00393636
1,XGS,2023,2,-0.00748405
1,XGS,2023,3,-0.01258817
1,XGS,2023,4,-0.0193009
1,XGS,2024,1,-0.0275026
1,XGS,2024,2,-0.03693414
1,XGS,2024,3,-0.04736602
1,XGS,2024,4,-0.05852038
1,MGS,2022,1,0.11864462
1,MGS,2022,2,0.23516051
1,MGS,2022,3,0.51872014
1,MGS,2022,4,0.73803067
1,MGS,2023,1,0.81370614
1,MGS,2023,2,0.85701751
1,MGS,2023,3,0.87706142
1,MGS,2023,4,0.90200131
1,MGS,2024,1,0.92178361
1,MGS,2024,2,0.95548404
1,MGS,2024,3,0.98059614
1,MGS,2024,4,0.97819727
1,GDPD,2022,1,4.00125946
1,GDPD,2022,2,0.20951724
1,GDPD,2022,3,0.3066711
1,GDPD,2022,4,0.00386216
1,GDPD,2023,1,-0.0231031
1,GDPD,2023,2,-0.06413612
1,GDPD,2023,3,-0.13856063
1,GDPD,2023,4,-0.09095997
1,GDPD,2024,1,-0.03331706
1,GDPD,2024,2,-0.08627874
1,GDPD,2024,3,-0.05527309
1,GDPD,2024,4,-0.0404053
1,PGDP,2022,1,0.07724397
1,PGDP,2022,2,0.11188335
1,PGDP,2022,3,0.14074378
1,PGDP,2022,4,0.16844511
1,PGDP,2023,1,0.2155943
1,PGDP,2023,2,0.2759466
1,PGDP,2023,3,0.33783123
1,PGDP,2023,4,0.40781585
1,PGDP,2024,1,0.47641958
1,PGDP,2024,2,0.54690735
1,PGDP,2024,3,0.61938488
1,PGDP,2024,4,0.68723513
1,PCP,2022,1,-0.0025991
1,PCP,2022,2,0.00257974
1,PCP,2022,3,0.02400401
1,PCP,2022,4,0.06510332
1,PCP,2023,1,0.12354114
1,PCP,2023,2,0.1896363
1,PCP,2023,3,0.25891706
1,PCP,2023,4,0.32951844
1,PCP,2024,1,0.40074689
1,PCP,2024,2,0.4721529
1,PCP,2024,3,0.54401488
1,PCP,2024,4,0.61612161
1,PIFP,2022,1,0.15498637
1,PIFP,2022,2,0.22957778
1,PIFP,2022,3,0.30596985
1,PIFP,2022,4,0.36820218
1,PIFP,2023,1,0.44503198
1,PIFP,2023,2,0.51558457
1,PIFP,2023,3,0.58699352
1,PIFP,2023,4,0.65931947
1,PIFP,2024,1,0.73676965
1,PIFP,2024,2,0.81117944
1,PIFP,2024,3,0.8914152
1,PIFP,2024,4,0.96534613
1,PIHP,2022,1,-0.01071365
1,PIHP,2022,2,-0.00861458
1,PIHP,2022,3,0.00963228
1,PIHP,2022,4,0.05109947
1,PIHP,2023,1,0.11712103
1,PIHP,2023,2,0.1916656
1,PIHP,2023,3,0.26948798
1,PIHP,2023,4,0.34511324
1,PIHP,2024,1,0.42183134
1,PIHP,2024,2,0.49787832
1,PIHP,2024,3,0.57505484
1,PIHP,2024,4,0.64909056
1,PXGS,2022,1,-0.00601791
1,PXGS,2022,2,-0.01414664
1,PXGS,2022,3,-0.02727812
1,PXGS,2022,4,-0.04397145
1,PXGS,2023,1,-0.06333731
1,PXGS,2023,2,-0.08540557
1,PXGS,2023,3,-0.10884474
1,PXGS,2023,4,-0.13364415
1,PXGS,2024,1,-0.15882765
1,PXGS,2024,2,-0.1846136
1,PXGS,2024,3,-0.21033435
1,PXGS,2024,4,-0.23714802
1,PMGS,2022,1,-0.01009073
1,PMGS,2022,2,-0.038048
1,PMGS,2022,3,-0.09147031
1,PMGS,2022,4,-0.12473327
1,PMGS,2023,1,-0.13229826
1,PMGS,2023,2,-0.13876362
1,PMGS,2023,3,-0.1563844
1,PMGS,2023,4,-0.19884213
1,PMGS,2024,1,-0.21843204
1,PMGS,2024,2,-0.24757253
1,PMGS,2024,3,-0.26567767
1,PMGS,2024,4,-0.28554183
1,CGPI,2022,1,-0.0042118
1,CGPI,2022,2,0.03589773
1,CGPI,2022,3,0.04428538
1,CGPI,2022,4,0.07066534
1,CGPI,2023,1,0.11009599
1,CGPI,2023,2,0.15414139
1,CGPI,2023,3,0.19503314
1,CGPI,2023,4,0.23133033
1,CGPI,2024,1,0.27197197
1,CGPI,2024,2,0.31198834
1,CGPI,2024,3,0.35264802
1,CGPI,2024,4,0.39432033
1,GDPV,2022,1,1.08274462
1,GDPV,2022,2,1.17019686
1,GDPV,2022,3,1.2771578
1,GDPV,2022,4,1.30614677
1,GDPV,2023,1,1.34802822
1,GDPV,2023,2,1.39281318
1,GDPV,2023,3,1.41979778
1,GDPV,2023,4,1.4675675
1,GDPV,2024,1,1.52843005
1,GDPV,2024,2,1.57771573
1,GDPV,2024,3,1.63700625
1,GDPV,2024,4,1.69530989
1,CPV,2022,1,-7.605e-05
1,CPV,2022,2,0.15042962
1,CPV,2022,3,0.39858319
1,CPV,2022,4,0.51611911
1,CPV,2023,1,0.61069353
1,CPV,2023,2,0.69239277
1,CPV,2023,3,0.76451215
1,CPV,2023,4,0.8528056
1,CPV,2024,1,0.93570952
1,CPV,2024,2,1.02317847
1,CPV,2024,3,1.09745742
1,CPV,2024,4,1.15445753
1,IFPV,2022,1,0.11061515
1,IFPV,2022,2,0.13558786
1,IFPV,2022,3,0.16961145
1,IFPV,2022,4,0.15013907
1,IFPV,2023,1,0.09535145
1,IFPV,2023,2,-0.01651858
1,IFPV,2023,3,-0.14690302
1,IFPV,2023,4,-0.25946299
1,IFPV,2024,1,-0.33712992
1,IFPV,2024,2,-0.38766207
1,IFPV,2024,3,-0.39778885
1,IFPV,2024,4,-0.39090871
1,IHPV,2022,1,0.0888409
1,IHPV,2022,2,0.12581456
1,IHPV,2022,3,0.25334527
1,IHPV,2022,4,0.36148777
1,IHPV,2023,1,0.46866232
1,IHPV,2023,2,0.60869922
1,IHPV,2023,3,0.71199087
1,IHPV,2023,4,0.82065451
1,IHPV,2024,1,0.89425724
1,IHPV,2024,2,0.96306092
1,IHPV,2024,3,1.01320218
1,IHPV,2024,4,1.10289801
1,IGV,2022,1,21.11473552
1,IGV,2022,2,21.86350165
1,IGV,2022,3,21.69030118
1,IGV,2022,4,21.57065003
1,IGV,2023,1,20.9596232
1,IGV,2023,2,21.54980042
1,IGV,2023,3,21.72134659
1,IGV,2023,4,21.9898437
1,IGV,2024,1,22.29275051
1,IGV,2024,2,22.25816117
1,IGV,2024,3,22.25565049
1,IGV,2024,4,22.51455133
1,CGV,2022,1,-0.0
1,CGV,2022,2,0.0300051
1,CGV,2022,3,0.06669755
1,CGV,2022,4,0.11482142
1,CGV,2023,1,0.17784272
1,CGV,2023,2,0.25887112
1,CGV,2023,3,0.34346182
1,CGV,2023,4,0.43247432
1,CGV,2024,1,0.52575292
1,CGV,2024,2,0.61031211
1,CGV,2024,3,0.70181024
1,CGV,2024,4,0.79384719
1,XGSV,2022,1,-0.00601791
1,XGSV,2022,2,-0.01429014
1,XGSV,2022,3,-0.02790239
1,XGSV,2022,4,-0.04572666
1,XGSV,2023,1,-0.06727117
1,XGSV,2023,2,-0.09288323
1,XGSV,2023,3,-0.1214192
1,XGSV,2023,4,-0.15291925
1,XGSV,2024,1,-0.18628657
1,XGSV,2024,2,-0.22147955
1,XGSV,2024,3,-0.25760074
1,XGSV,2024,4,-0.29552962
1,MGSV,2022,1,0.10854192
1,MGSV,2022,2,0.19702303
1,MGSV,2022,3,0.42677536
1,MGSV,2022,4,0.61237684
1,MGSV,2023,1,0.68033136
1,MGSV,2023,2,0.71706466
1,MGSV,2023,3,0.71930543
1,MGSV,2023,4,0.70136563
1,MGSV,2024,1,0.7013381
1,MGSV,2024,2,0.70554599
1,MGSV,2024,3,0.71231325
1,MGSV,2024,4,0.68986228
1,NIV,2022,1,1.48810513
1,NIV,2022,2,1.4944838
1,NIV,2022,3,1.61746006
1,NIV,2022,4,1.59071085
1,NIV,2023,1,1.54716304
1,NIV,2023,2,1.5810358
1,NIV,2023,3,1.55529819
1,NIV,2023,4,1.55440041
1,NIV,2024,1,1.51527244
1,NIV,2024,2,1.54184956
1,NIV,2024,3,1.48534699
1,NIV,2024,4,1.70020028
1,YWV,2022,1,0.8136225
1,YWV,2022,2,0.90824442
1,YWV,2022,3,1.0266256
1,YWV,2022,4,1.10704817
1,YWV,2023,1,1.02421818
1,YWV,2023,2,1.11317196
1,YWV,2023,3,1.09591984
1,YWV,2023,4,1.16528269
1,YWV,2024,1,1.17067237
1,YWV,2024,2,1.2407959
1,YWV,2024,3,1.2034809
1,YWV,2024,4,1.42910384
1,YCV,2022,1,6.39274844
1,YCV,2022,2,4.08166057
1,YCV,2022,3,4.94704312
1,YCV,2022,4,3.75962118
1,YCV,2023,1,3.2949613
1,YCV,2023,2,3.10210384
1,YCV,2023,3,2.90464842
1,YCV,2023,4,2.41126494
1,YCV,2024,1,2.13979894
1,YCV,2024,2,2.18690751
1,YCV,2024,3,1.8485722
1,YCV,2024,4,2.39405054
1,YDV,2022,1,0.67923249
1,YDV,2022,2,0.93539273
1,YDV,2022,3,1.01518324
1,YDV,2022,4,1.12112869
1,YDV,2023,1,1.09088741
1,YDV,2023,2,1.18151248
1,YDV,2023,3,1.20816871
1,YDV,2023,4,1.29315959
1,YDV,2024,1,1.3376728
1,YDV,2024,2,1.3738868
1,YDV,2024,3,1.34282672
1,YDV,2024,4,1.56958707
1,TAXV,2022,1,0.50091521
1,TAXV,2022,2,1.07393264
1,TAXV,2022,3,1.59018188
1,TAXV,2022,4,2.08109201
1,TAXV,2023,1,2.49397023
1,TAXV,2023,2,2.30387272
1,TAXV,2023,3,2.30345908
1,TAXV,2023,4,2.23922735
1,TAXV,2024,1,2.23661114
1,TAXV,2024,2,2.17948494
1,TAXV,2024,3,2.17985391
1,TAXV,2024,4,2.1496956
1,TYPV,2022,1,0.75341902
1,TYPV,2022,2,1.04245265
1,TYPV,2022,3,1.34377418
1,TYPV,2022,4,1.63691143
1,TYPV,2023,1,1.75871468
1,TYPV,2023,2,1.81786096
1,TYPV,2023,3,1.84590472
1,TYPV,2023,4,1.87695528
1,TYPV,2024,1,1.93868538
1,TYPV,2024,2,1.97127165
1,TYPV,2024,3,2.01758755
1,TYPV,2024,4,2.07324003
1,TYCV,2022,1,0.15274427
1,TYCV,2022,2,1.71006533
1,TYCV,2022,3,3.00670857
1,TYCV,2022,4,4.25694521
1,TYCV,2023,1,5.39157741
1,TYCV,2023,2,4.72092222
1,TYCV,2023,3,4.52131999
1,TYCV,2023,4,4.13160458
1,TYCV,2024,1,3.85570353
1,TYCV,2024,2,3.60753035
1,TYCV,2024,3,3.43049235
1,TYCV,2024,4,3.18558617
1,TCIV,2022,1,0.97196117
1,TCIV,2022,2,1.06349656
1,TCIV,2022,3,1.19446361
1,TCIV,2022,4,1.26639201
1,TCIV,2023,1,1.31197924
1,TCIV,2023,2,1.38080981
1,TCIV,2023,3,1.41141368
1,TCIV,2023,4,1.45918452
1,TCIV,2024,1,1.50835683
1,TCIV,2024,2,1.56671391
1,TCIV,2024,3,1.62216606
1,TCIV,2024,4,1.68547955
1,WIPH,2022,1,0.42579058
1,WIPH,2022,2,0.47657612
1,WIPH,2022,3,0.53129445
1,WIPH,2022,4,0.58946535
1,WIPH,2023,1,0.55332979
1,WIPH,2023,2,0.62622984
1,WIPH,2023,3,0.6447672
1,WIPH,2023,4,0.71492413
1,WIPH,2024,1,0.76004583
1,WIPH,2024,2,0.82129599
1,WIPH,2024,3,0.82649325
1,WIPH,2024,4,1.00415312
1,LE,2022,1,0.18159062
1,LE,2022,2,0.21256949
1,LE,2022,3,0.250958
1,LE,2022,4,0.27143865
1,LE,2023,1,0.24051382
1,LE,2023,2,0.25069223
1,LE,2023,3,0.22955765
1,LE,2023,4,0.23170092
1,LE,2024,1,0.21547384
1,LE,2024,2,0.2155439
1,LE,2024,3,0.18541137
1,LE,2024,4,0.22718278
1,LF,2022,1,0.16039679
1,LF,2022,2,0.18042601
1,LF,2022,3,0.21171259
1,LF,2022,4,0.2284828
1,LF,2023,1,0.19547331
1,LF,2023,2,0.20418586
1,LF,2023,3,0.18280501
1,LF,2023,4,0.18493042
1,LF,2024,1,0.16851692
1,LF,2024,2,0.16858828
1,LF,2024,3,0.1381765
1,LF,2024,4,0.18049079
1,LH,2022,1,0.25264515
1,LH,2022,2,0.26308317
1,LH,2022,3,0.29519389
1,LH,2022,4,0.30163445
1,LH,2023,1,0.28939039
1,LH,2023,2,0.2898961
1,LH,2023,3,0.27752543
1,LH,2023,4,0.27505656
1,LH,2024,1,0.26201522
1,LH,2024,2,0.26302753
1,LH,2024,3,0.25551133
1,LH,2024,4,0.26474735
1,UR,2022,1,-0.02060761
1,UR,2022,2,-0.03123986
1,UR,2022,3,-0.03809983
1,UR,2022,4,-0.04173651
1,UR,2023,1,-0.04375926
1,UR,2023,2,-0.04520118
1,UR,2023,3,-0.04545234
1,UR,2023,4,-0.04549133
1,UR,2024,1,-0.04567203
1,UR,2024,2,-0.04561144
1,UR,2024,3,-0.04599256
1,UR,2024,4,-0.04550932
1,CUX,2022,1,1.92125338
1,CUX,2022,2,1.9947903
1,CUX,2022,3,2.09093441
1,CUX,2022,4,2.05695636
1,CUX,2023,1,2.11393281
1,CUX,2023,2,2.06690079
1,CUX,2023,3,2.04243073
1,CUX,2023,4,2.00605985
1,CUX,2024,1,2.05615163
1,CUX,2024,2,2.02959391
1,CUX,2024,3,2.08516805
1,CUX,2024,4,2.01807869
1,GDPPOT,2022,1,0.09579655
1,GDPPOT,2022,2,0.10721598
1,GDPPOT,2022,3,0.12474323
1,GDPPOT,2022,4,0.13309608
1,GDPPOT,2023,1,0.11077253
1,GDPPOT,2023,2,0.11171539
1,GDPPOT,2023,3,0.09259039
1,GDPPOT,2023,4,0.08518652
1,GDPPOT,2024,1,0.06451332
1,GDPPOT,2024,2,0.05223558
1,GDPPOT,2024,3,0.02055428
1,GDPPOT,2024,4,0.03153632
1,GDPGAP,2022,1,0.90458397
1,GDPGAP,2022,2,0.95036814
1,GDPGAP,2022,3,1.00439876
1,GDPGAP,2022,4,0.99972486
1,GDPGAP,2023,1,1.02180236
1,GDPGAP,2023,2,1.00119335
1,GDPGAP,2023,3,0.96985337
1,GDPGAP,2023,4,0.95684994
1,GDPGAP,2024,1,0.96557977
1,GDPGAP,2024,2,0.95051125
1,GDPGAP,2024,3,0.96995167
1,GDPGAP,2024,4,0.9473821
1,RCD,2022,1,0.06525749
1,RCD,2022,2,0.09648821
1,RCD,2022,3,0.13408654
1,RCD,2022,4,0.17099536
1,RCD,2023,1,0.19907172
1,RCD,2023,2,0.22755388
1,RCD,2023,3,0.24159352
1,RCD,2023,4,0.25404654
1,RCD,2024,1,0.25892704
1,RCD,2024,2,0.26472746
1,RCD,2024,3,0.26332499
1,RCD,2024,4,0.27359691
1,RGB,2022,1,0.0332885
1,RGB,2022,2,0.04506696
1,RGB,2022,3,0.06216484
1,RGB,2022,4,0.07858613
1,RGB,2023,1,0.09086173
1,RGB,2023,2,0.10427018
1,RGB,2023,3,0.11076249
1,RGB,2023,4,0.11810915
1,RGB,2024,1,0.1226627
1,RGB,2024,2,0.12886408
1,RGB,2024,3,0.13195536
1,RGB,2024,4,0.14190751
1,PERR,2022,1,-0.53245849
1,PERR,2022,2,-1.21451214
1,PERR,2022,3,-1.91042277
1,PERR,2022,4,-2.7016102
1,PERR,2023,1,-2.81478908
1,PERR,2023,2,-2.68277552
1,PERR,2023,3,-2.67282262
1,PERR,2023,4,-2.58385413
1,PERR,2024,1,-2.64700239
1,PERR,2024,2,-2.66209767
1,PERR,2024,3,-2.6276357
1,PERR,2024,4,-2.89414973
1,UCC,2022,1,-0.20402165
1,UCC,2022,2,-1.16909081
1,UCC,2022,3,-1.69161571
1,UCC,2022,4,-2.1429385
1,UCC,2023,1,-1.68000516
1,UCC,2023,2,-0.83425965
1,UCC,2023,3,-0.67040451
1,UCC,2023,4,-0.52664484
1,UCC,2024,1,-0.79136359
1,UCC,2024,2,-0.79103992
1,UCC,2024,3,-0.88823364
1,UCC,2024,4,-0.89619624
1,FXS,2022,1,-0.01506995
1,FXS,2022,2,-0.03542359
1,FXS,2022,3,-0.06829844
1,FXS,2022,4,-0.11008107
1,FXS,2023,1,-0.15853974
1,FXS,2023,2,-0.21374336
1,FXS,2023,3,-0.2723562
1,FXS,2023,4,-0.33434801
1,FXS,2024,1,-0.39727624
1,FXS,2024,2,-0.46168511
1,FXS,2024,3,-0.5259062
1,FXS,2024,4,-0.59282967
1,PSHARE,2022,1,-0.05007076
1,PSHARE,2022,2,-0.55427035
1,PSHARE,2022,3,-1.31709557
1,PSHARE,2022,4,-2.28729657
1,PSHARE,2023,1,-3.29336578
1,PSHARE,2023,2,-4.14789507
1,PSHARE,2023,3,-4.91034766
1,PSHARE,2023,4,-5.52393139
1,PSHARE,2024,1,-5.97261745
1,PSHARE,2024,2,-6.28983064
1,PSHARE,2024,3,-6.47444856
1,PSHARE,2024,4,-6.61662198
1,PLAND,2022,1,-0.00085337
1,PLAND,2022,2,0.00230125
1,PLAND,2022,3,0.00521113
1,PLAND,2022,4,0.01867306
1,PLAND,2023,1,0.04126143
1,PLAND,2023,2,0.07310887
1,PLAND,2023,3,0.11300895
1,PLAND,2023,4,0.1604034
1,PLAND,2024,1,0.21460408
1,PLAND,2024,2,0.27300921
1,PLAND,2024,3,0.33480126
1,PLAND,2024,4,0.39841344
1,M2CD,2022,1,0.76847583
1,M2CD,2022,2,0.72110626
1,M2CD,2022,3,0.69959451
1,M2CD,2022,4,0.63018698
1,M2CD,2023,1,0.60575382
1,M2CD,2023,2,0.57437905
1,M2CD,2023,3,0.57755668
1,M2CD,2023,4,0.59896475
1,M2CD,2024,1,0.66141845
1,M2CD,2024,2,0.70639433
1,M2CD,2024,3,0.78484124
1,M2CD,2024,4,0.82482156
1,BGVATGDPV,2022,1,-0.5884972
1,BGVATGDPV,2022,2,-0.50434487
1,BGVATGDPV,2022,3,-0.39753446
1,BGVATGDPV,2022,4,-0.30387261
1,BGVATGDPV,2023,1,-0.21964838
1,BGVATGDPV,2023,2,-0.29778432
1,BGVATGDPV,2023,3,-0.31585315
1,BGVATGDPV,2023,4,-0.3405388
1,BGVATGDPV,2024,1,-0.34705032
1,BGVATGDPV,2024,2,-0.37776426
1,BGVATGDPV,2024,3,-0.3780637
1,BGVATGDPV,2024,4,-0.39093406
1,SBGVATGDPV,2022,1,-2.47500738
1,SBGVATGDPV,2022,2,-2.54877967
1,SBGVATGDPV,2022,3,-2.68788905
1,SBGVATGDPV,2022,4,-2.58528803
1,SBGVATGDPV,2023,1,-2.61767897
1,SBGVATGDPV,2023,2,-2.62209925
1,SBGVATGDPV,2023,3,-2.53373835
1,SBGVATGDPV,2023,4,-2.57009709
1,SBGVATGDPV,2024,1,-2.62961057
1,SBGVATGDPV,2024,2,-2.552427
1,SBGVATGDPV,2024,3,-2.57007333
1,SBGVATGDPV,2024,4,-2.56384968
1,BCVATGDPV,2022,1,-0.06226733
1,BCVATGDPV,2022,2,-0.07244566
1,BCVATGDPV,2022,3,-0.13064043
1,BCVATGDPV,2022,4,-0.20232247
1,BCVATGDPV,2023,1,-0.21457793
1,BCVATGDPV,2023,2,-0.26051541
1,BCVATGDPV,2023,3,-0.28617739
1,BCVATGDPV,2023,4,-0.30822126
1,BCVATGDPV,2024,1,-0.32023717
1,BCVATGDPV,2024,2,-0.35284136
1,BCVATGDPV,2024,3,-0.36850184
1,BCVATGDPV,2024,4,-0.3843057
1,KFP,2022,1,-0.00133655
1,KFP,2022,2,-0.00418905
1,KFP,2022,3,-0.00830021
1,KFP,2022,4,-0.01480008
1,KFP,2023,1,-0.02536292
1,KFP,2023,2,-0.04114756
1,KFP,2023,3,-0.06266055
1,KFP,2023,4,-0.08963959
1,KFP,2024,1,-0.1201946
1,KFP,2024,2,-0.15375444
1,KFP,2024,3,-0.1891191
1,KFP,2024,4,-0.22490714
1,KHP,2022,1,0.00129601
1,KHP,2022,2,0.00302795
1,KHP,2022,3,0.00620921
1,KHP,2022,4,0.01022436
1,KHP,2023,1,0.01474977
1,KHP,2023,2,0.02025934
1,KHP,2023,3,0.02597608
1,KHP,2023,4,0.03206977
1,KHP,2024,1,0.03795457
1,KHP,2024,2,0.04363097
1,KHP,2024,3,0.04893624
1,KHP,2024,4,0.05440956
1,KG,2022,1,0.17995756
1,KG,2022,2,0.36005323
1,KG,2022,3,0.53804439
1,KG,2022,4,0.71526561
1,KG,2023,1,0.89254073
1,KG,2023,2,1.06881484
1,KG,2023,3,1.24168972
1,KG,2023,4,1.41427234
1,KG,2024,1,1.58613511
1,KG,2024,2,1.75703671
1,KG,2024,3,1.92856445
1,KG,2024,4,2.1001526
1,BCVATGDPV,2022,0,-0.11691897
1,BCVATGDPV,2023,0,-0.267373
1,BCVATGDPV,2024,0,-0.35647152
1,BGVATGDPV,2022,0,-0.44856228
1,BGVATGDPV,2023,0,-0.29345616
1,BGVATGDPV,2024,0,-0.37345308
1,CG,2022,0,0.0459712
1,CG,2023,0,0.16937852
1,CG,2024,0,0.2890258
1,CGPI,2022,0,0.03665916
1,CGPI,2023,0,0.17265021
1,CGPI,2024,0,0.33273217
1,CGV,2022,0,0.05288102
1,CGV,2023,0,0.3031625
1,CGV,2024,0,0.65793062
1,CP,2022,0,0.24389521
1,CP,2023,0,0.50355351
1,CP,2024,0,0.54168773
1,CPV,2022,0,0.26626397
1,CPV,2023,0,0.73010101
1,CPV,2024,0,1.05270074
1,CUX,2022,0,2.01598361
1,CUX,2023,0,2.05733105
1,CUX,2024,0,2.04724807
1,FXS,2022,0,-0.05721826
1,FXS,2023,0,-0.24474683
1,FXS,2024,0,-0.49442431
1,GDP,2022,0,1.08311516
1,GDP,2023,0,1.09439045
1,GDP,2024,0,1.02119378
1,GDPD,2022,0,1.13032749
1,GDPD,2023,0,-0.07918995
1,GDPD,2024,0,-0.05381855
1,GDPGAP,2022,0,0.96476893
1,GDPGAP,2023,0,0.98742475
1,GDPGAP,2024,0,0.9583562
1,GDPPOT,2022,0,0.11521296
1,GDPPOT,2023,0,0.10006621
1,GDPPOT,2024,0,0.04220987
1,GDPV,2022,0,1.20906151
1,GDPV,2023,0,1.40705167
1,GDPV,2024,0,1.60961548
1,IFP,2022,0,-0.12282069
1,IFP,2023,0,-0.6299708
1,IFP,2024,0,-1.21908529
1,IFPV,2022,0,0.14148838
1,IFPV,2023,0,-0.08188329
1,IFPV,2024,0,-0.37837239
1,IG,2022,0,21.27389523
1,IG,2023,0,20.89335693
1,IG,2024,0,21.24239438
1,IGV,2022,0,21.5597971
1,IGV,2023,0,21.55515348
1,IGV,2024,0,22.33027838
1,IHP,2022,0,0.1969813
1,IHP,2023,0,0.42064631
1,IHP,2024,0,0.45496061
1,IHPV,2022,0,0.20737212
1,IHPV,2023,0,0.65250173
1,IHPV,2024,0,0.99335459
1,KFP,2022,0,-0.00715647
1,KFP,2023,0,-0.05470266
1,KFP,2024,0,-0.17199382
1,KG,2022,0,0.4483302
1,KG,2023,0,1.15432941
1,KG,2024,0,1.84297221
1,KHP,2022,0,0.00518938
1,KHP,2023,0,0.02326374
1,KHP,2024,0,0.04623284
1,LE,2022,0,0.22913919
1,LE,2023,0,0.23811615
1,LE,2024,0,0.21090297
1,LF,2022,0,0.19525455
1,LF,2023,0,0.19184865
1,LF,2024,0,0.16394312
1,LH,2022,0,0.27813916
1,LH,2023,0,0.28296712
1,LH,2024,0,0.26132536
1,M2CD,2022,0,0.70484089
1,M2CD,2023,0,0.58916357
1,M2CD,2024,0,0.74436889
1,MGS,2022,0,0.40263899
1,MGS,2023,0,0.8624466
1,MGS,2024,0,0.95901527
1,MGSV,2022,0,0.33617929
1,MGSV,2023,0,0.70451677
1,MGSV,2024,0,0.7022649
1,NIV,2022,0,1.54768996
1,NIV,2023,0,1.55947436
1,NIV,2024,0,1.56066732
1,PCP,2022,0,0.02227199
1,PCP,2023,0,0.22540324
1,PCP,2024,0,0.50825907
1,PERR,2022,0,-1.5897509
1,PERR,2023,0,-2.68856034
1,PERR,2024,0,-2.70772137
1,PGDP,2022,0,0.12457905
1,PGDP,2023,0,0.309297
1,PGDP,2024,0,0.58248674
1,PIFP,2022,0,0.26468404
1,PIFP,2023,0,0.55173239
1,PIFP,2024,0,0.85117761
1,PIHP,2022,0,0.01035088
1,PIHP,2023,0,0.23084696
1,PIHP,2024,0,0.53596377
1,PLAND,2022,0,0.00633302
1,PLAND,2023,0,0.09694566
1,PLAND,2024,0,0.305207
1,PMGS,2022,0,-0.06608558
1,PMGS,2023,0,-0.1565721
1,PMGS,2024,0,-0.25430602
1,PSHARE,2022,0,-1.05218331
1,PSHARE,2023,0,-4.46888497
1,PSHARE,2024,0,-6.33837966
1,PXGS,2022,0,-0.02285353
1,PXGS,2023,0,-0.09780794
1,PXGS,2024,0,-0.1977309
1,RCD,2022,0,0.1167069
1,RCD,2023,0,0.23056642
1,RCD,2024,0,0.2651441
1,RGB,2022,0,0.05477661
1,RGB,2023,0,0.10600089
1,RGB,2024,0,0.13134741
1,SBGVATGDPV,2022,0,-2.57424103
1,SBGVATGDPV,2023,0,-2.58590341
1,SBGVATGDPV,2024,0,-2.57899015
1,TAXV,2022,0,1.31153043
1,TAXV,2023,0,2.33513234
1,TAXV,2024,0,2.1864114
1,TCIV,2022,0,1.12407834
1,TCIV,2023,0,1.39084681
1,TCIV,2024,0,1.59567909
1,TYCV,2022,0,2.28161585
1,TYCV,2023,0,4.69135605
1,TYCV,2024,0,3.5198281
1,TYPV,2022,0,1.19413932
1,TYPV,2023,0,1.82485891
1,TYPV,2024,0,2.00019615
1,UCC,2022,0,-1.30191667
1,UCC,2023,0,-0.92782854
1,UCC,2024,0,-0.84170835
1,UR,2022,0,-0.03292095
1,UR,2023,0,-0.04497603
1,UR,2024,0,-0.04569634
1,WIPH,2022,0,0.50578163
1,WIPH,2023,0,0.63481274
1,WIPH,2024,0,0.85299705
1,XGS,2022,0,-0.00063099
1,XGS,2023,0,-0.01082737
1,XGS,2024,0,-0.04258079
1,XGSV,2022,0,-0.02348428
1,XGSV,2023,0,-0.10862321
1,XGSV,2024,0,-0.24022412
1,YCV,2022,0,4.79526833
1,YCV,2023,0,2.92824463
1,YCV,2024,0,2.1423323
1,YDV,2022,0,0.93773429
1,YDV,2023,0,1.19343205
1,YDV,2024,0,1.40599335
1,YWV,2022,0,0.96388517
1,YWV,2023,0,1.09964817
1,YWV,2024,0,1.26101325
2,GDP,2022,1,1.0130611
2,GDP,2022,2,1.0766098
2,GDP,2022,3,1.17535511
2,GDP,2022,4,1.20430659
2,GDP,2023,1,1.23863699
2,GDP,2023,2,1.26206509
2,GDP,2023,3,1.27042596
2,GDP,2023,4,1.29091216
2,GDP,2024,1,1.31487663
2,GDP,2024,2,1.32566723
2,GDP,2024,3,1.33783525
2,GDP,2024,4,1.34315052
2,CP,2022,1,-1.03e-06
2,CP,2022,2,0.13663624
2,CP,2022,3,0.34723656
2,CP,2022,4,0.41560213
2,CP,2023,1,0.44684789
2,CP,2023,2,0.45917198
2,CP,2023,3,0.46548806
2,CP,2023,4,0.48965019
2,CP,2024,1,0.50994576
2,CP,2024,2,0.53484468
2,CP,2024,3,0.55068166
2,CP,2024,4,0.54576057
2,IFP,2022,1,0.00522475
2,IFP,2022,2,0.03450497
2,IFP,2022,3,0.09896225
2,IFP,2022,4,0.18013964
2,IFP,2023,1,0.2482926
2,IFP,2023,2,0.28369503
2,IFP,2023,3,0.29476712
2,IFP,2023,4,0.30117738
2,IFP,2024,1,0.30638898
2,IFP,2024,2,0.31311287
2,IFP,2024,3,0.32068974
2,IFP,2024,4,0.32968645
2,IHP,2022,1,0.11780122
2,IHP,2022,2,0.16451326
2,IHP,2022,3,0.28511402
2,IHP,2022,4,0.36439908
2,IHP,2023,1,0.42021904
2,IHP,2023,2,0.50046519
2,IHP,2023,3,0.54073573
2,IHP,2023,4,0.5905138
2,IHP,2024,1,0.6042776
2,IHP,2024,2,0.61849164
2,IHP,2024,3,0.60437679
2,IHP,2024,4,0.64563293
2,IG,2022,1,20.95214656
2,IG,2022,2,21.62009127
2,IG,2022,3,21.36071057
2,IG,2022,4,21.16263253
2,IG,2023,1,20.4515446
2,IG,2023,2,20.9399009
2,IG,2023,3,21.00879817
2,IG,2023,4,21.17318405
2,IG,2024,1,21.36552523
2,IG,2024,2,21.22625749
2,IG,2024,3,21.1124961
2,IG,2024,4,21.2652987
2,CG,2022,1,-0.0
2,CG,2022,2,0.03092902
2,CG,2022,3,0.06144229
2,CG,2022,4,0.09151347
2,CG,2023,1,0.12092545
2,CG,2023,2,0.15490806
2,CG,2023,3,0.18547084
2,CG,2023,4,0.21620972
2,CG,2024,1,0.24930914
2,CG,2024,2,0.27254078
2,CG,2024,3,0.30225992
2,CG,2024,4,0.33199339
2,XGS,2022,1,0.0
2,XGS,2022,2,-3.5e-07
2,XGS,2022,3,2.162e-05
2,XGS,2022,4,8.481e-05
2,XGS,2023,1,0.00021869
2,XGS,2023,2,0.00046626
2,XGS,2023,3,0.00086038
2,XGS,2023,4,0.00142424
2,XGS,2024,1,0.00218308
2,XGS,2024,2,0.00315024
2,XGS,2024,3,0.00432379
2,XGS,2024,4,0.00571341
2,MGS,2022,1,0.11766065
2,MGS,2022,2,0.22747663
2,MGS,2022,3,0.49434988
2,MGS,2022,4,0.69943818
2,MGS,2023,1,0.77020718
2,MGS,2023,2,0.81176746
2,MGS,2023,3,0.83655666
2,MGS,2023,4,0.87294078
2,MGS,2024,1,0.90807832
2,MGS,2024,2,0.95753501
2,MGS,2024,3,1.00186848
2,MGS,2024,4,1.01884439
2,GDPD,2022,1,4.03445922
2,GDPD,2022,2,0.25404348
2,GDPD,2022,3,0.38972874
2,GDPD,2022,4,0.11503102
2,GDPD,2023,1,0.13687321
2,GDPD,2023,2,0.09262645
2,GDPD,2023,3,0.0326137
2,GDPD,2023,4,0.08130218
2,GDPD,2024,1,0.09454704
2,GDPD,2024,2,0.04255292
2,GDPD,2024,3,0.0484365
2,GDPD,2024,4,0.02106404
2,PGDP,2022,1,0.07983929
2,PGDP,2022,2,0.11767406
2,PGDP,2022,3,0.15217023
2,PGDP,2022,4,0.18574869
2,PGDP,2023,1,0.24027949
2,PGDP,2023,2,0.30977913
2,PGDP,2023,3,0.38150041
2,PGDP,2023,4,0.46245924
2,PGDP,2024,1,0.54417459
2,PGDP,2024,2,0.62564502
2,PGDP,2024,3,0.71173973
2,PGDP,2024,4,0.79493819
2,PCP,2022,1,2.27e-06
2,PCP,2022,2,0.00797171
2,PCP,2022,3,0.03239323
2,PCP,2022,4,0.07721793
2,PCP,2023,1,0.14008732
2,PCP,2023,2,0.21187909
2,PCP,2023,3,0.28799749
2,PCP,2023,4,0.36696736
2,PCP,2024,1,0.44813963
2,PCP,2024,2,0.53115274
2,PCP,2024,3,0.61583855
2,PCP,2024,4,0.70225378
2,PIFP,2022,1,0.15901637
2,PIFP,2022,2,0.23750877
2,PIFP,2022,3,0.32163326
2,PIFP,2022,4,0.3923631
2,PIFP,2023,1,0.48110223
2,PIFP,2023,2,0.56449369
2,PIFP,2023,3,0.64998446
2,PIFP,2023,4,0.73797772
2,PIFP,2024,1,0.83007697
2,PIFP,2024,2,0.91974592
2,PIFP,2024,3,1.01545691
2,PIFP,2024,4,1.10222737
2,PIHP,2022,1,-0.00789393
2,PIHP,2022,2,-0.00187435
2,PIHP,2022,3,0.0211336
2,PIHP,2022,4,0.06769375
2,PIHP,2023,1,0.13973157
2,PIHP,2023,2,0.22143459
2,PIHP,2023,3,0.30789002
2,PIHP,2023,4,0.39432904
2,PIHP,2024,1,0.48354168
2,PIHP,2024,2,0.57394865
2,PIHP,2024,3,0.6669556
2,PIHP,2024,4,0.7576851
2,PXGS,2022,1,-1.466e-05
2,PXGS,2022,2,0.00093595
2,PXGS,2022,3,0.00172825
2,PXGS,2022,4,0.00296418
2,PXGS,2023,1,0.00475279
2,PXGS,2023,2,0.00706649
2,PXGS,2023,3,0.00978193
2,PXGS,2023,4,0.01286838
2,PXGS,2024,1,0.0164533
2,PXGS,2024,2,0.02048875
2,PXGS,2024,3,0.02497405
2,PXGS,2024,4,0.02994567
2,PMGS,2022,1,-0.00332559
2,PMGS,2022,2,-0.0187212
2,PMGS,2022,3,-0.05297019
2,PMGS,2022,4,-0.06481379
2,PMGS,2023,1,-0.0500693
2,PMGS,2023,2,-0.03270718
2,PMGS,2023,3,-0.0238726
2,PMGS,2023,4,-0.03374396
2,PMGS,2024,1,-0.02311007
2,PMGS,2024,2,-0.02169966
2,PMGS,2024,3,-0.01153222
2,PMGS,2024,4,-0.00016216
2,CGPI,2022,1,-0.00067899
2,CGPI,2022,2,0.04372145
2,CGPI,2022,3,0.05810768
2,CGPI,2022,4,0.09199351
2,CGPI,2023,1,0.13918715
2,CGPI,2023,2,0.19276886
2,CGPI,2023,3,0.24402025
2,CGPI,2023,4,0.29310994
2,CGPI,2024,1,0.34690372
2,CGPI,2024,2,0.40062839
2,CGPI,2024,3,0.45506002
2,CGPI,2024,4,0.51206652
2,GDPV,2022,1,1.09370921
2,GDPV,2022,2,1.19555075
2,GDPV,2022,3,1.32931388
2,GDPV,2022,4,1.39229226
2,GDPV,2023,1,1.48189267
2,GDPV,2023,2,1.57575383
2,GDPV,2023,3,1.65677305
2,GDPV,2023,4,1.75934134
2,GDPV,2024,1,1.86620644
2,GDPV,2024,2,1.95960622
2,GDPV,2024,3,2.05909689
2,GDPV,2024,4,2.14876593
2,CPV,2022,1,1.24e-06
2,CPV,2022,2,0.14461884
2,CPV,2022,3,0.37974228
2,CPV,2022,4,0.49314098
2,CPV,2023,1,0.58756119
2,CPV,2023,2,0.67202396
2,CPV,2023,3,0.75482614
2,CPV,2023,4,0.85841441
2,CPV,2024,1,0.96037065
2,CPV,2024,2,1.06883826
2,CPV,2024,3,1.16991152
2,CPV,2024,4,1.25184698
2,IFPV,2022,1,0.16424943
2,IFPV,2022,2,0.27209569
2,IFPV,2022,3,0.42091381
2,IFPV,2022,4,0.57320954
2,IFPV,2023,1,0.73058937
2,IFPV,2023,2,0.84979016
2,IFPV,2023,3,0.94666752
2,IFPV,2023,4,1.04137772
2,IFPV,2024,1,1.13900922
2,IFPV,2024,2,1.23573863
2,IFPV,2024,3,1.33940311
2,IFPV,2024,4,1.43554772
2,IHPV,2022,1,0.10989799
2,IHPV,2022,2,0.16263583
2,IHPV,2022,3,0.30630788
2,IHPV,2022,4,0.4323395
2,IHPV,2023,1,0.56053779
2,IHPV,2023,2,0.72300799
2,IHPV,2023,3,0.85029062
2,IHPV,2023,4,0.9871714
2,IHPV,2024,1,1.09074121
2,IHPV,2024,2,1.19599011
2,IHPV,2024,3,1.27536332
2,IHPV,2024,4,1.40820989
2,IGV,2022,1,21.11987413
2,IGV,2022,2,21.87420917
2,IGV,2022,3,21.71083769
2,IGV,2022,4,21.60196848
2,IGV,2023,1,21.00543104
2,IGV,2023,2,21.61190108
2,IGV,2023,3,21.80143005
2,IGV,2023,4,22.09041313
2,IGV,2024,1,22.41339498
2,IGV,2024,2,22.39987152
2,IGV,2024,3,22.41920541
2,IGV,2024,4,22.69783333
2,CGV,2022,1,-0.0
2,CGV,2022,2,0.03226357
2,CGV,2022,3,0.07075513
2,CGV,2022,4,0.12153863
2,CGV,2023,1,0.18756621
2,CGV,2023,2,0.27239693
2,CGV,2023,3,0.36184423
2,CGV,2023,4,0.45670771
2,CGV,2024,1,0.55724469
2,CGV,2024,2,0.65039235
2,CGV,2024,3,0.75199586
2,CGV,2024,4,0.85515323
2,XGSV,2022,1,-1.466e-05
2,XGSV,2022,2,0.0009356
2,XGSV,2022,3,0.00174987
2,XGSV,2022,4,0.00304899
2,XGSV,2023,1,0.00497149
2,XGSV,2023,2,0.00753279
2,XGSV,2023,3,0.0106424
2,XGSV,2023,4,0.01429281
2,XGSV,2024,1,0.01863674
2,XGSV,2024,2,0.02363964
2,XGSV,2024,3,0.02929892
2,XGSV,2024,4,0.03566079
2,MGSV,2022,1,0.11433115
2,MGSV,2022,2,0.20871285
2,MGSV,2022,3,0.44111784
2,MGSV,2022,4,0.63417106
2,MGSV,2023,1,0.71975224
2,MGSV,2023,2,0.77879477
2,MGSV,2023,3,0.81248435
2,MGSV,2023,4,0.83890226
2,MGSV,2024,1,0.8847584
2,MGSV,2024,2,0.93562757
2,MGSV,2024,3,0.99022072
2,MGSV,2024,4,1.01868058
2,NIV,2022,1,1.50375626
2,NIV,2022,2,1.53010792
2,NIV,2022,3,1.69443672
2,NIV,2022,4,1.71694915
2,NIV,2023,1,1.73645356
2,NIV,2023,2,1.84162407
2,NIV,2023,3,1.88832798
2,NIV,2023,4,1.95544341
2,NIV,2024,1,1.97253014
2,NIV,2024,2,2.05979815
2,NIV,2024,3,2.02081298
2,NIV,2024,4,2.33378984
2,YWV,2022,1,0.82297785
2,YWV,2022,2,0.92956511
2,YWV,2022,3,1.03666722
2,YWV,2022,4,1.16106343
2,YWV,2023,1,1.11393525
2,YWV,2023,2,1.25836028
2,YWV,2023,3,1.29673529
2,YWV,2023,4,1.41953394
2,YWV,2024,1,1.47872341
2,YWV,2024,2,1.60271998
2,YWV,2024,3,1.5892561
2,YWV,2024,4,1.90375862
2,YCV,2022,1,6.71821311
2,YCV,2022,2,4.53012259
2,YCV,2022,3,5.80703693
2,YCV,2022,4,4.89878005
2,YCV,2023,1,4.51030203
2,YCV,2023,2,4.62421856
2,YCV,2023,3,4.68436125
2,YCV,2023,4,4.22291322
2,YCV,2024,1,4.17675305
2,YCV,2024,2,4.51009586
2,YCV,2024,3,3.70995733
2,YCV,2024,4,5.90442003
2,YDV,2022,1,0.64259174
2,YDV,2022,2,0.87806218
2,YDV,2022,3,0.95692944
2,YDV,2022,4,1.05527744
2,YDV,2023,1,1.03803494
2,YDV,2023,2,1.14935269
2,YDV,2023,3,1.20534701
2,YDV,2023,4,1.32089288
2,YDV,2024,1,1.39791495
2,YDV,2024,2,1.48508511
2,YDV,2024,3,1.4707042
2,YDV,2024,4,1.75215065
2,TAXV,2022,1,0.50326029
2,TAXV,2022,2,1.09933519
2,TAXV,2022,3,1.6586579
2,TAXV,2022,4,2.21834162
2,TAXV,2023,1,2.74146477
2,TAXV,2023,2,2.6232283
2,TAXV,2023,3,2.74668934
2,TAXV,2023,4,2.77948927
2,TAXV,2024,1,2.87820524
2,TAXV,2024,2,2.91327025
2,TAXV,2024,3,2.99138201
2,TAXV,2024,4,2.97136418
2,TYPV,2022,1,0.75152034
2,TYPV,2022,2,1.03722279
2,TYPV,2022,3,1.34277751
2,TYPV,2022,4,1.63926064
2,TYPV,2023,1,1.7832703
2,TYPV,2023,2,1.87113951
2,TYPV,2023,3,1.93709002
2,TYPV,2023,4,2.01480066
2,TYPV,2024,1,2.11867182
2,TYPV,2024,2,2.19799394
2,TYPV,2024,3,2.28690574
2,TYPV,2024,4,2.37645758
2,TYCV,2022,1,0.15401334
2,TYCV,2022,2,1.78621066
2,TYCV,2022,3,3.21723436
2,TYCV,2022,4,4.67365901
2,TYCV,2023,1,6.12240805
2,TYCV,2023,2,5.69700451
2,TYCV,2023,3,5.80892046
2,TYCV,2023,4,5.65798938
2,TYCV,2024,1,5.56522936
2,TYCV,2024,2,5.54367561
2,TYCV,2024,3,5.57634818
2,TYCV,2024,4,5.35404763
2,TCIV,2022,1,0.98188717
2,TCIV,2022,2,1.08586991
2,TCIV,2022,3,1.23163894
2,TCIV,2022,4,1.33197616
2,TCIV,2023,1,1.41597889
2,TCIV,2023,2,1.52843644
2,TCIV,2023,3,1.60642876
2,TCIV,2023,4,1.70371458
2,TCIV,2024,1,1.79533697
2,TCIV,2024,2,1.89502589
2,TCIV,2024,3,1.98749658
2,TCIV,2024,4,2.08123723
2,WIPH,2022,1,0.43207037
2,WIPH,2022,2,0.49055876
2,WIPH,2022,3,0.53436406
2,WIPH,2022,4,0.62073145
2,WIPH,2023,1,0.60600088
2,WIPH,2023,2,0.71337742
2,WIPH,2023,3,0.76810801
2,WIPH,2023,4,0.87233475
2,WIPH,2024,1,0.95922937
2,WIPH,2024,2,1.05564509
2,WIPH,2024,3,1.08231104
2,WIPH,2024,4,1.32572582
2,LE,2022,1,0.18307795
2,LE,2022,2,0.21619839
2,LE,2022,3,0.2498337
2,LE,2022,4,0.28070543
2,LE,2023,1,0.25772006
2,LE,2023,2,0.28104786
2,LE,2023,3,0.27304799
2,LE,2023,4,0.28740089
2,LE,2024,1,0.28412045
2,LE,2024,2,0.29609498
2,LE,2024,3,0.26942831
2,LE,2024,4,0.33212269
2,LF,2022,1,0.16170887
2,LF,2022,2,0.18357697
2,LF,2022,3,0.20940149
2,LF,2022,4,0.23579217
2,LF,2023,1,0.20961021
2,LF,2023,2,0.23036141
2,LF,2023,3,0.22095461
2,LF,2023,4,0.23413625
2,LF,2024,1,0.22984311
2,LF,2024,2,0.24114937
2,LF,2024,3,0.21373174
2,LF,2024,4,0.27715693
2,LH,2022,1,0.25474463
2,LH,2022,2,0.26776802
2,LH,2022,3,0.30375037
2,LH,2022,4,0.31763224
2,LH,2023,1,0.31409052
2,LH,2023,2,0.32403376
2,LH,2023,3,0.32099105
2,LH,2023,4,0.32745626
2,LH,2024,1,0.31852927
2,LH,2024,2,0.32567334
2,LH,2024,3,0.32025695
2,LH,2024,4,0.33276823
2,UR,2022,1,-0.02077775
2,UR,2022,2,-0.03170334
2,UR,2022,3,-0.03925534
2,UR,2022,4,-0.04363558
2,UR,2023,1,-0.04673462
2,UR,2023,2,-0.04925
2,UR,2023,3,-0.05062515
2,UR,2023,4,-0.0517814
2,UR,2024,1,-0.0527594
2,UR,2024,2,-0.05332147
2,UR,2024,3,-0.0541957
2,UR,2024,4,-0.05354084
2,CUX,2022,1,1.93726768
2,CUX,2022,2,2.03078993
2,CUX,2022,3,2.17843537
2,CUX,2022,4,2.18210389
2,CUX,2023,1,2.30497631
2,CUX,2023,2,2.30716437
2,CUX,2023,3,2.33686708
2,CUX,2023,4,2.34946127
2,CUX,2024,1,2.42096539
2,CUX,2024,2,2.41132137
2,CUX,2024,3,2.48286055
2,CUX,2024,4,2.37414088
2,GDPPOT,2022,1,0.09657992
2,GDPPOT,2022,2,0.10969926
2,GDPPOT,2022,3,0.12554289
2,GDPPOT,2022,4,0.14252521
2,GDPPOT,2023,1,0.12910169
2,GDPPOT,2023,2,0.1445359
2,GDPPOT,2023,3,0.14228319
2,GDPPOT,2023,4,0.15354153
2,GDPPOT,2024,1,0.15439532
2,GDPPOT,2024,2,0.16447273
2,GDPPOT,2024,3,0.15142237
2,GDPPOT,2024,4,0.19260505
2,GDPGAP,2022,1,0.91209388
2,GDPGAP,2022,2,0.96734802
2,GDPGAP,2022,3,1.04390578
2,GDPGAP,2022,4,1.05853928
2,GDPGAP,2023,1,1.11213722
2,GDPGAP,2023,2,1.116177
2,GDPGAP,2023,3,1.10941793
2,GDPGAP,2023,4,1.12088441
2,GDPGAP,2024,1,1.13946208
2,GDPGAP,2024,2,1.13312468
2,GDPGAP,2024,3,1.15992742
2,GDPGAP,2024,4,1.12230709
2,RCD,2022,1,0.0
2,RCD,2022,2,0.0
2,RCD,2022,3,0.0
2,RCD,2022,4,0.0
2,RCD,2023,1,0.0
2,RCD,2023,2,0.0
2,RCD,2023,3,0.0
2,RCD,2023,4,0.0
2,RCD,2024,1,0.0
2,RCD,2024,2,0.0
2,RCD,2024,3,0.0
2,RCD,2024,4,0.0
2,RGB,2022,1,-0.0
2,RGB,2022,2,4e-08
2,RGB,2022,3,0.00014466
2,RGB,2022,4,0.00042368
2,RGB,2023,1,0.000749
2,RGB,2023,2,0.00101136
2,RGB,2023,3,0.00110067
2,RGB,2023,4,0.00111718
2,RGB,2024,1,0.00111237
2,RGB,2024,2,0.00109779
2,RGB,2024,3,0.00107814
2,RGB,2024,4,0.00105677
2,PERR,2022,1,-0.45826298
2,PERR,2022,2,-0.95741248
2,PERR,2022,3,-1.40309425
2,PERR,2022,4,-1.88628424
2,PERR,2023,1,-1.6014126
2,PERR,2023,2,-1.42546417
2,PERR,2023,3,-1.25610771
2,PERR,2023,4,-1.10409042
2,PERR,2024,1,-1.06280118
2,PERR,2024,2,-1.04703757
2,PERR,2024,3,-0.91495215
2,PERR,2024,4,-1.10222094
2,UCC,2022,1,-0.576023
2,UCC,2022,2,-1.78484936
2,UCC,2022,3,-2.66160165
2,UCC,2022,4,-3.48526721
2,UCC,2023,1,-3.19438134
2,UCC,2023,2,-2.62470209
2,UCC,2023,3,-2.68625152
2,UCC,2023,4,-2.75700826
2,UCC,2024,1,-3.69022466
2,UCC,2024,2,-3.90971269
2,UCC,2024,3,-4.02191798
2,UCC,2024,4,-3.94286222
2,FXS,2022,1,-3.671e-05
2,FXS,2022,2,0.00234392
2,FXS,2022,3,0.0043281
2,FXS,2022,4,0.00742334
2,FXS,2023,1,0.01190282
2,FXS,2023,2,0.01769753
2,FXS,2023,3,0.02449865
2,FXS,2023,4,0.03222934
2,FXS,2024,1,0.04120902
2,FXS,2024,2,0.05131778
2,FXS,2024,3,0.06255415
2,FXS,2024,4,0.07500967
2,PSHARE,2022,1,0.2029028
2,PSHARE,2022,2,0.22186177
2,PSHARE,2022,3,0.24687813
2,PSHARE,2022,4,0.25903022
2,PSHARE,2023,1,0.27624463
2,PSHARE,2023,2,0.29451797
2,PSHARE,2023,3,0.31069553
2,PSHARE,2023,4,0.33106395
2,PSHARE,2024,1,0.35244077
2,PSHARE,2024,2,0.37158143
2,PSHARE,2024,3,0.39208695
2,PSHARE,2024,4,0.41103826
2,PLAND,2022,1,-4.42e-05
2,PLAND,2022,2,0.00096686
2,PLAND,2022,3,-0.00309113
2,PLAND,2022,4,-0.00416657
2,PLAND,2023,1,-0.00576144
2,PLAND,2023,2,-0.00796871
2,PLAND,2023,3,-0.01091246
2,PLAND,2023,4,-0.01399665
2,PLAND,2024,1,-0.01682734
2,PLAND,2024,2,-0.02016972
2,PLAND,2024,3,-0.02364246
2,PLAND,2024,4,-0.02718784
2,M2CD,2022,1,1.01335029
2,M2CD,2022,2,1.09105527
2,M2CD,2022,3,1.2279531
2,M2CD,2022,4,1.32205315
2,M2CD,2023,1,1.44278605
2,M2CD,2023,2,1.55933243
2,M2CD,2023,3,1.66456739
2,M2CD,2023,4,1.78424299
2,M2CD,2024,1,1.90915894
2,M2CD,2024,2,2.02211137
2,M2CD,2024,3,2.13765729
2,M2CD,2024,4,2.24765023
2,BGVATGDPV,2022,1,-0.58652397
2,BGVATGDPV,2022,2,-0.49677605
2,BGVATGDPV,2022,3,-0.38008342
2,BGVATGDPV,2022,4,-0.26948165
2,BGVATGDPV,2023,1,-0.15975419
2,BGVATGDPV,2023,2,-0.22315219
2,BGVATGDPV,2023,3,-0.21457264
2,BGVATGDPV,2023,4,-0.21787132
2,BGVATGDPV,2024,1,-0.20078607
2,BGVATGDPV,2024,2,-0.21580763
2,BGVATGDPV,2024,3,-0.19609038
2,BGVATGDPV,2024,4,-0.20418583
2,SBGVATGDPV,2022,1,-2.50176685
2,SBGVATGDPV,2022,2,-2.61177562
2,SBGVATGDPV,2022,3,-2.81872317
2,SBGVATGDPV,2022,4,-2.79905418
2,SBGVATGDPV,2023,1,-2.95474239
2,SBGVATGDPV,2023,2,-3.08585688
2,SBGVATGDPV,2023,3,-3.1342215
2,SBGVATGDPV,2023,4,-3.32402539
2,SBGVATGDPV,2024,1,-3.52547591
2,SBGVATGDPV,2024,2,-3.55847883
2,SBGVATGDPV,2024,3,-3.69822363
2,SBGVATGDPV,2024,4,-3.79050718
2,BCVATGDPV,2022,1,-0.06231811
2,BCVATGDPV,2022,2,-0.07000662
2,BCVATGDPV,2022,3,-0.12153402
2,BCVATGDPV,2022,4,-0.18649869
2,BCVATGDPV,2023,1,-0.1925563
2,BCVATGDPV,2023,2,-0.23454193
2,BCVATGDPV,2023,3,-0.25460542
2,BCVATGDPV,2023,4,-0.27378753
2,BCVATGDPV,2024,1,-0.28193424
2,BCVATGDPV,2024,2,-0.31168978
2,BCVATGDPV,2024,3,-0.32387905
2,BCVATGDPV,2024,4,-0.3393407
2,KFP,2022,1,0.00015762
2,KFP,2022,2,0.00121753
2,KFP,2022,3,0.0042675
2,KFP,2022,4,0.00973807
2,KFP,2023,1,0.01729756
2,KFP,2023,2,0.02564062
2,KFP,2023,3,0.0340502
2,KFP,2023,4,0.04252779
2,KFP,2024,1,0.05078489
2,KFP,2024,2,0.05902033
2,KFP,2024,3,0.06725286
2,KFP,2024,4,0.07539031
2,KHP,2022,1,0.00153338
2,KHP,2022,2,0.00365341
2,KHP,2022,3,0.00737399
2,KHP,2022,4,0.01208917
2,KHP,2023,1,0.01750695
2,KHP,2023,2,0.02413456
2,KHP,2023,3,0.03114856
2,KHP,2023,4,0.03875824
2,KHP,2024,1,0.04634989
2,KHP,2024,2,0.05399293
2,KHP,2024,3,0.06144154
2,KHP,2024,4,0.06939652
2,KG,2022,1,0.17995756
2,KG,2022,2,0.36005323
2,KG,2022,3,0.53804439
2,KG,2022,4,0.71526561
2,KG,2023,1,0.89254073
2,KG,2023,2,1.06881484
2,KG,2023,3,1.24168972
2,KG,2023,4,1.41427234
2,KG,2024,1,1.58613511
2,KG,2024,2,1.75703671
2,KG,2024,3,1.92856445
2,KG,2024,4,2.1001526
2,BCVATGDPV,2022,0,-0.11008936
2,BCVATGDPV,2023,0,-0.23887279
2,BCVATGDPV,2024,0,-0.31421094
2,BGVATGDPV,2022,0,-0.43321627
2,BGVATGDPV,2023,0,-0.20383759
2,BGVATGDPV,2024,0,-0.20421748
2,CG,2022,0,0.0459712
2,CG,2023,0,0.16937852
2,CG,2024,0,0.2890258
2,CGPI,2022,0,0.04828591
2,CGPI,2023,0,0.21727155
2,CGPI,2024,0,0.42866466
2,CGV,2022,0,0.05613933
2,CGV,2023,0,0.31962877
2,CGV,2024,0,0.70369653
2,CP,2022,0,0.22486848
2,CP,2023,0,0.46528953
2,CP,2024,0,0.53530817
2,CPV,2022,0,0.25437584
2,CPV,2023,0,0.71820643
2,CPV,2024,0,1.11274185
2,CUX,2022,0,2.08214922
2,CUX,2023,0,2.32461725
2,CUX,2024,0,2.42232205
2,FXS,2022,0,0.00351466
2,FXS,2023,0,0.02158208
2,FXS,2024,0,0.05752265
2,GDP,2022,0,1.11733315
2,GDP,2023,0,1.26551005
2,GDP,2024,0,1.33038241
2,GDPD,2022,0,1.19831561
2,GDPD,2023,0,0.08585389
2,GDPD,2024,0,0.05165013
2,GDPGAP,2022,0,0.99547174
2,GDPGAP,2023,0,1.11465414
2,GDPGAP,2024,0,1.13870532
2,GDPPOT,2022,0,0.11858682
2,GDPPOT,2023,0,0.14236558
2,GDPPOT,2024,0,0.16572387
2,GDPV,2022,0,1.25271653
2,GDPV,2023,0,1.61844022
2,GDPV,2024,0,2.00841887
2,IFP,2022,0,0.0797079
2,IFP,2023,0,0.28198303
2,IFP,2024,0,0.31746951
2,IFPV,2022,0,0.35761712
2,IFPV,2023,0,0.89210619
2,IFPV,2024,0,1.28742467
2,IG,2022,0,21.27389523
2,IG,2023,0,20.89335693
2,IG,2024,0,21.24239438
2,IGV,2022,0,21.57672237
2,IGV,2023,0,21.62729382
2,IGV,2024,0,22.48257631
2,IHP,2022,0,0.23295689
2,IHP,2023,0,0.51298344
2,IHP,2024,0,0.61819474
2,IHPV,2022,0,0.2527953
2,IHPV,2023,0,0.78025195
2,IHPV,2024,0,1.24257613
2,KFP,2022,0,0.00384518
2,KFP,2023,0,0.02987904
2,KFP,2024,0,0.0631121
2,KG,2022,0,0.4483302
2,KG,2023,0,1.15432941
2,KG,2024,0,1.84297221
2,KHP,2022,0,0.00616249
2,KHP,2023,0,0.02788708
2,KHP,2024,0,0.05779522
2,LE,2022,0,0.23245387
2,LE,2023,0,0.2748042
2,LE,2024,0,0.29544161
2,LF,2022,0,0.19761988
2,LF,2023,0,0.22376562
2,LF,2024,0,0.24047029
2,LH,2022,0,0.28597381
2,LH,2023,0,0.3216429
2,LH,2024,0,0.32430695
2,M2CD,2022,0,1.16360295
2,M2CD,2023,0,1.61273221
2,M2CD,2024,0,2.07914446
2,MGS,2022,0,0.38473134
2,MGS,2023,0,0.82286802
2,MGS,2024,0,0.97158155
2,MGSV,2022,0,0.34958322
2,MGSV,2023,0,0.7874834
2,MGSV,2024,0,0.95732182
2,NIV,2022,0,1.61131251
2,NIV,2023,0,1.85546226
2,NIV,2024,0,2.09673278
2,PCP,2022,0,0.02939628
2,PCP,2023,0,0.25173281
2,PCP,2024,0,0.57434618
2,PERR,2022,0,-1.17626349
2,PERR,2023,0,-1.34676872
2,PERR,2024,0,-1.03175296
2,PGDP,2022,0,0.13385807
2,PGDP,2023,0,0.34850456
2,PGDP,2024,0,0.66912438
2,PIFP,2022,0,0.27763037
2,PIFP,2023,0,0.60838952
2,PIFP,2024,0,0.96687679
2,PIHP,2022,0,0.01976477
2,PIHP,2023,0,0.2658463
2,PIHP,2024,0,0.62053276
2,PLAND,2022,0,-0.00158376
2,PLAND,2023,0,-0.00965981
2,PLAND,2024,0,-0.02195684
2,PMGS,2022,0,-0.03495769
2,PMGS,2023,0,-0.03509826
2,PMGS,2024,0,-0.01412603
2,PSHARE,2022,0,0.23266823
2,PSHARE,2023,0,0.30313052
2,PSHARE,2024,0,0.38178685
2,PXGS,2022,0,0.00140343
2,PXGS,2023,0,0.0086174
2,PXGS,2024,0,0.02296544
2,RCD,2022,0,0.0
2,RCD,2023,0,0.0
2,RCD,2024,0,0.0
2,RGB,2022,0,0.00014209
2,RGB,2023,0,0.00099455
2,RGB,2024,0,0.00108627
2,SBGVATGDPV,2022,0,-2.68282995
2,SBGVATGDPV,2023,0,-3.12471154
2,SBGVATGDPV,2024,0,-3.64317139
2,TAXV,2022,0,1.36989875
2,TAXV,2023,0,2.72271792
2,TAXV,2024,0,2.93855542
2,TCIV,2022,0,1.15784304
2,TCIV,2023,0,1.56363967
2,TCIV,2024,0,1.93977417
2,TYCV,2022,0,2.45777934
2,TYCV,2023,0,5.8215806
2,TYCV,2024,0,5.50982519
2,TYPV,2022,0,1.19269532
2,TYPV,2023,0,1.90157512
2,TYPV,2024,0,2.24500727
2,UCC,2022,0,-2.12693531
2,UCC,2023,0,-2.8155858
2,UCC,2024,0,-3.89117939
2,UR,2022,0,-0.033843
2,UR,2023,0,-0.04959779
2,UR,2024,0,-0.05345435
2,WIPH,2022,0,0.51943116
2,WIPH,2023,0,0.73995527
2,WIPH,2024,0,1.10572783
2,XGS,2022,0,2.652e-05
2,XGS,2023,0,0.00074239
2,XGS,2024,0,0.00384263
2,XGSV,2022,0,0.00142995
2,XGSV,2023,0,0.00935987
2,XGSV,2024,0,0.02680902
2,YCV,2022,0,5.48853817
2,YCV,2023,0,4.51044876
2,YCV,2024,0,4.57530657
2,YDV,2022,0,0.8832152
2,YDV,2023,0,1.17840688
2,YDV,2024,0,1.52646373
2,YWV,2022,0,0.9875684
2,YWV,2023,0,1.27214119
2,YWV,2024,0,1.64361453
3,GDP,2022,1,0.95305704
3,GDP,2022,2,0.98394214
3,GDP,2022,3,1.04741588
3,GDP,2022,4,1.04817084
3,GDP,2023,1,1.05064067
3,GDP,2023,2,1.03066892
3,GDP,2023,3,0.99436259
3,GDP,2023,4,0.96707376
3,GDP,2024,1,0.95375654
3,GDP,2024,2,0.92429483
3,GDP,2024,3,0.90901377
3,GDP,2024,4,0.89227381
3,CP,2022,1,0.00239363
3,CP,2022,2,0.14021159
3,CP,2022,3,0.35242407
3,CP,2022,4,0.4190837
3,CP,2023,1,0.44999545
3,CP,2023,2,0.4649138
3,CP,2023,3,0.46772786
3,CP,2023,4,0.48274181
3,CP,2024,1,0.49148146
3,CP,2024,2,0.50358265
3,CP,2024,3,0.50215164
3,CP,2024,4,0.48534807
3,IFP,2022,1,-0.04202816
3,IFP,2022,2,-0.08812437
3,IFP,2022,3,-0.12677101
3,IFP,2022,4,-0.20275434
3,IFP,2023,1,-0.32548079
3,IFP,2023,2,-0.49448796
3,IFP,2023,3,-0.68004975
3,IFP,2023,4,-0.84884606
3,IFP,2024,1,-0.98949885
3,IFP,2024,2,-1.10196164
3,IFP,2024,3,-1.18202384
3,IFP,2024,4,-1.23958413
3,IHP,2022,1,0.0944584
3,IHP,2022,2,0.12565822
3,IHP,2022,3,0.22771965
3,IHP,2022,4,0.28877118
3,IHP,2023,1,0.3261433
3,IHP,2023,2,0.38648694
3,IHP,2023,3,0.40919212
3,IHP,2023,4,0.43842314
3,IHP,2024,1,0.43331964
3,IHP,2024,2,0.42456094
3,IHP,2024,3,0.39760839
3,IHP,2024,4,0.40889407
3,IG,2022,1,19.87523164
3,IG,2022,2,20.10274218
3,IG,2022,3,19.66549728
3,IG,2022,4,19.52077388
3,IG,2023,1,19.04035506
3,IG,2023,2,19.38457087
3,IG,2023,3,19.37293738
3,IG,2023,4,19.40427961
3,IG,2024,1,19.47204735
3,IG,2024,2,19.16113896
3,IG,2024,3,19.02603829
3,IG,2024,4,19.01586243
3,CG,2022,1,-0.0
3,CG,2022,2,0.02933931
3,CG,2022,3,0.05770211
3,CG,2022,4,0.08537346
3,CG,2023,1,0.11248961
3,CG,2023,2,0.14412578
3,CG,2023,3,0.17241199
3,CG,2023,4,0.20075009
3,CG,2024,1,0.23109364
3,CG,2024,2,0.25213584
3,CG,2024,3,0.27891751
3,CG,2024,4,0.30565909
3,XGS,2022,1,0.0
3,XGS,2022,2,-0.00013616
3,XGS,2022,3,-0.00058968
3,XGS,2022,4,-0.0016527
3,XGS,2023,1,-0.00369565
3,XGS,2023,2,-0.00701203
3,XGS,2023,3,-0.01177308
3,XGS,2023,4,-0.01802387
3,XGS,2024,1,-0.0256491
3,XGS,2024,2,-0.03440277
3,XGS,2024,3,-0.0440678
3,XGS,2024,4,-0.05438003
3,MGS,2022,1,0.11264365
3,MGS,2022,2,0.22099378
3,MGS,2022,3,0.48661738
3,MGS,2022,4,0.6882382
3,MGS,2023,1,0.7547597
3,MGS,2023,2,0.7934129
3,MGS,2023,3,0.81254213
3,MGS,2023,4,0.83451759
3,MGS,2024,1,0.85018798
3,MGS,2024,2,0.87729239
3,MGS,2024,3,0.8959786
3,MGS,2024,4,0.8885462
3,GDPD,2022,1,3.79549642
3,GDPD,2022,2,0.12354021
3,GDPD,2022,3,0.25074855
3,GDPD,2022,4,0.00300343
3,GDPD,2023,1,0.00986227
3,GDPD,2023,2,-0.07910817
3,GDPD,2023,3,-0.14194644
3,GDPD,2023,4,-0.10859534
3,GDPD,2024,1,-0.05270895
3,GDPD,2024,2,-0.11659839
3,GDPD,2024,3,-0.06107033
3,GDPD,2024,4,-0.06662112
3,PGDP,2022,1,0.07323721
3,PGDP,2022,2,0.10428941
3,PGDP,2022,3,0.13028787
3,PGDP,2022,4,0.15630342
3,PGDP,2023,1,0.20118771
3,PGDP,2023,2,0.25684135
3,PGDP,2023,3,0.31385559
3,PGDP,2023,4,0.37809922
3,PGDP,2024,1,0.44111135
3,PGDP,2024,2,0.5052627
3,PGDP,2024,3,0.57166118
3,PGDP,2024,4,0.63291128
3,PCP,2022,1,-0.00246572
3,PCP,2022,2,0.00249747
3,PCP,2022,3,0.0227542
3,PCP,2022,4,0.06129906
3,PCP,2023,1,0.11577014
3,PCP,2023,2,0.17711129
3,PCP,2023,3,0.24130812
3,PCP,2023,4,0.30672644
3,PCP,2024,1,0.37265609
3,PCP,2024,2,0.43852861
3,PCP,2024,3,0.50448143
3,PCP,2024,4,0.57030145
3,PIFP,2022,1,0.14701375
3,PIFP,2022,2,0.21484866
3,PIFP,2022,3,0.28453603
3,PIFP,2022,4,0.3416944
3,PIFP,2023,1,0.41413532
3,PIFP,2023,2,0.47905517
3,PIFP,2023,3,0.54468787
3,PIFP,2023,4,0.61037956
3,PIFP,2024,1,0.68074245
3,PIFP,2024,2,0.74729649
3,PIFP,2024,3,0.81969195
3,PIFP,2024,4,0.88542367
3,PIHP,2022,1,-0.0101652
3,PIHP,2022,2,-0.00796704
3,PIHP,2022,3,0.00942098
3,PIHP,2022,4,0.04835745
3,PIHP,2023,1,0.10992752
3,PIHP,2023,2,0.17914857
3,PIHP,2023,3,0.25127768
3,PIHP,2023,4,0.32136151
3,PIHP,2024,1,0.39244421
3,PIHP,2024,2,0.46267231
3,PIHP,2024,3,0.53352022
3,PIHP,2024,4,0.60112376
3,PXGS,2022,1,-0.00570911
3,PXGS,2022,2,-0.01330668
3,PXGS,2022,3,-0.02555425
3,PXGS,2022,4,-0.04108343
3,PXGS,2023,1,-0.05909311
3,PXGS,2023,2,-0.07957396
3,PXGS,2023,3,-0.10130069
3,PXGS,2023,4,-0.12423512
3,PXGS,2024,1,-0.14745119
3,PXGS,2024,2,-0.17112336
3,PXGS,2024,3,-0.19465293
3,PXGS,2024,4,-0.21905727
3,PMGS,2022,1,-0.00957705
3,PMGS,2022,2,-0.03582432
3,PMGS,2022,3,-0.08588896
3,PMGS,2022,4,-0.11651316
3,PMGS,2023,1,-0.12315574
3,PMGS,2023,2,-0.12908294
3,PMGS,2023,3,-0.1454463
3,PMGS,2023,4,-0.18471704
3,PMGS,2024,1,-0.20263348
3,PMGS,2024,2,-0.22922805
3,PMGS,2024,3,-0.2455586
3,PMGS,2024,4,-0.26342073
3,CGPI,2022,1,-0.00399651
3,CGPI,2022,2,0.03416043
3,CGPI,2022,3,0.04141249
3,CGPI,2022,4,0.06586878
3,CGPI,2023,1,0.10264745
3,CGPI,2023,2,0.14383672
3,CGPI,2023,3,0.18149077
3,CGPI,2023,4,0.21500062
3,CGPI,2024,1,0.2523838
3,CGPI,2024,2,0.28910348
3,CGPI,2024,3,0.32601599
3,CGPI,2024,4,0.36392169
3,GDPV,2022,1,1.02699225
3,GDPV,2022,2,1.0892577
3,GDPV,2022,3,1.17906841
3,GDPV,2022,4,1.20611259
3,GDPV,2023,1,1.25394214
3,GDPV,2023,2,1.29015746
3,GDPV,2023,3,1.31133905
3,GDPV,2023,4,1.34882947
3,GDPV,2024,1,1.39907501
3,GDPV,2024,2,1.43422765
3,GDPV,2024,3,1.48587143
3,GDPV,2024,4,1.53083239
3,CPV,2022,1,-7.215e-05
3,CPV,2022,2,0.14271256
3,CPV,2022,3,0.37525846
3,CPV,2022,4,0.48063966
3,CPV,2023,1,0.56628655
3,CPV,2023,2,0.6428485
3,CPV,2023,3,0.71016465
3,CPV,2023,4,0.79094895
3,CPV,2024,1,0.8659691
3,CPV,2024,2,0.94431962
3,CPV,2024,3,1.00916633
3,CPV,2024,4,1.05841747
3,IFPV,2022,1,0.1049238
3,IFPV,2022,2,0.12653495
3,IFPV,2022,3,0.15740431
3,IFPV,2022,4,0.13824726
3,IFPV,2023,1,0.0873066
3,IFPV,2023,2,-0.01780166
3,IFPV,2023,3,-0.13906603
3,IFPV,2023,4,-0.24364769
3,IFPV,2024,1,-0.31549234
3,IFPV,2024,2,-0.36290007
3,IFPV,2024,3,-0.37202085
3,IFPV,2024,4,-0.36513603
3,IHPV,2022,1,0.0842836
3,IHPV,2022,2,0.11768117
3,IHPV,2022,3,0.23716209
3,IHPV,2022,4,0.33726826
3,IHPV,2023,1,0.43642935
3,IHPV,2023,2,0.5663279
3,IHPV,2023,3,0.66149801
3,IHPV,2023,4,0.76119357
3,IHPV,2024,1,0.82746439
3,IHPV,2024,2,0.88919758
3,IHPV,2024,3,0.93324993
3,IHPV,2024,4,1.01247579
3,IGV,2022,1,20.02808389
3,IGV,2022,2,20.32771281
3,IGV,2022,3,19.96784509
3,IGV,2022,4,19.89456908
3,IGV,2023,1,19.50793002
3,IGV,2023,2,19.94432639
3,IGV,2023,3,20.02559419
3,IGV,2023,4,20.14988772
3,IGV,2024,1,20.3162671
3,IGV,2024,2,20.09688233
3,IGV,2024,3,20.06065917
3,IGV,2024,4,20.14233878
3,CGV,2022,1,-0.0
3,CGV,2022,2,0.028463
3,CGV,2022,3,0.06270656
3,CGV,2022,4,0.10739837
3,CGV,2023,1,0.16600662
3,CGV,2023,2,0.24148594
3,CGV,2023,3,0.31992944
3,CGV,2023,4,0.40228605
3,CGV,2024,1,0.48838382
3,CGV,2024,2,0.56615985
3,CGV,2024,3,0.64990289
3,CGV,2024,4,0.73382126
3,XGSV,2022,1,-0.00570911
3,XGSV,2022,2,-0.01344282
3,XGSV,2022,3,-0.02614378
3,XGSV,2022,4,-0.04273545
3,XGSV,2023,1,-0.06278658
3,XGSV,2023,2,-0.08658041
3,XGSV,2023,3,-0.11306184
3,XGSV,2023,4,-0.14223659
3,XGSV,2024,1,-0.17306247
3,XGSV,2024,2,-0.20546726
3,XGSV,2024,3,-0.23863495
3,XGSV,2024,4,-0.27331818
3,MGSV,2022,1,0.10305581
3,MGSV,2022,2,0.18509029
3,MGSV,2022,3,0.40031047
3,MGSV,2022,4,0.57092315
3,MGSV,2023,1,0.63067442
3,MGSV,2023,2,0.6633058
3,MGSV,2023,3,0.66591402
3,MGSV,2023,4,0.64825905
3,MGSV,2024,1,0.64583173
3,MGSV,2024,2,0.64605334
3,MGSV,2024,3,0.64821985
3,MGSV,2024,4,0.62278485
3,NIV,2022,1,1.41147621
3,NIV,2022,2,1.38986004
3,NIV,2022,3,1.49138988
3,NIV,2022,4,1.46724215
3,NIV,2023,1,1.43920055
3,NIV,2023,2,1.46306993
3,NIV,2023,3,1.4341952
3,NIV,2023,4,1.42461367
3,NIV,2024,1,1.38087515
3,NIV,2024,2,1.39203937
3,NIV,2024,3,1.3388767
3,NIV,2024,4,1.52189738
3,YWV,2022,1,0.77174669
3,YWV,2022,2,0.8461915
3,YWV,2022,3,0.94824878
3,YWV,2022,4,1.02379792
3,YWV,2023,1,0.95052902
3,YWV,2023,2,1.03097731
3,YWV,2023,3,1.01180047
3,YWV,2023,4,1.07236182
3,YWV,2024,1,1.0706061
3,YWV,2024,2,1.12777106
3,YWV,2024,3,1.09098
3,YWV,2024,4,1.29012855
3,YCV,2022,1,6.0633979
3,YCV,2022,2,3.77379793
3,YCV,2022,3,4.54043404
3,YCV,2022,4,3.44528514
3,YCV,2023,1,3.07841642
3,YCV,2023,2,2.86127528
3,YCV,2023,3,2.66608624
3,YCV,2023,4,2.1806767
3,YCV,2024,1,1.91764802
3,YCV,2024,2,1.91455089
3,YCV,2024,3,1.63068952
3,YCV,2024,4,2.03007623
3,YDV,2022,1,0.64429508
3,YDV,2022,2,0.8742898
3,YDV,2022,3,0.93874061
3,YDV,2022,4,1.0374654
3,YDV,2023,1,1.01219002
3,YDV,2023,2,1.09563507
3,YDV,2023,3,1.11672064
3,YDV,2023,4,1.19197802
3,YDV,2024,1,1.22623154
3,YDV,2024,2,1.25246783
3,YDV,2024,3,1.22027028
3,YDV,2024,4,1.42106877
3,TAXV,2022,1,0.47511694
3,TAXV,2022,2,1.00925914
3,TAXV,2022,3,1.48304826
3,TAXV,2022,4,1.93405523
3,TAXV,2023,1,2.31564985
3,TAXV,2023,2,2.13103242
3,TAXV,2023,3,2.12835034
3,TAXV,2023,4,2.06591197
3,TAXV,2024,1,2.0571653
3,TAXV,2024,2,1.9909076
3,TAXV,2024,3,1.97961432
3,TAXV,2024,4,1.94076363
3,TYPV,2022,1,0.71455196
3,TYPV,2022,2,0.97446328
3,TYPV,2022,3,1.24779552
3,TYPV,2022,4,1.51856039
3,TYPV,2023,1,1.63263012
3,TYPV,2023,2,1.68295042
3,TYPV,2023,3,1.7065965
3,TYPV,2023,4,1.73032669
3,TYPV,2024,1,1.78065862
3,TYPV,2024,2,1.8000153
3,TYPV,2024,3,1.83564721
3,TYPV,2024,4,1.87632841
3,TYCV,2022,1,0.1448873
3,TYCV,2022,2,1.61885933
3,TYCV,2022,3,2.81637685
3,TYCV,2022,4,3.96329211
3,TYCV,2023,1,5.00479192
3,TYCV,2023,2,4.36072672
3,TYCV,2023,3,4.1735113
3,TYCV,2023,4,3.81349537
3,TYCV,2024,1,3.5495029
3,TYCV,2024,2,3.29344363
3,TYCV,2024,3,3.10255941
3,TYCV,2024,4,2.85768202
3,TCIV,2022,1,0.92196204
3,TCIV,2022,2,0.99041036
3,TCIV,2022,3,1.1042595
3,TCIV,2022,4,1.17064871
3,TCIV,2023,1,1.22000133
3,TCIV,2023,2,1.27900442
3,TCIV,2023,3,1.30401252
3,TCIV,2023,4,1.34210154
3,TCIV,2024,1,1.38172982
3,TCIV,2024,2,1.42563368
3,TCIV,2024,3,1.47327758
3,TCIV,2024,4,1.52274358
3,WIPH,2022,1,0.40395472
3,WIPH,2022,2,0.44420166
3,WIPH,2022,3,0.49067341
3,WIPH,2022,4,0.54571374
3,WIPH,2023,1,0.51374917
3,WIPH,2023,2,0.58077063
3,WIPH,2023,3,0.59613114
3,WIPH,2023,4,0.65956243
3,WIPH,2024,1,0.69731441
3,WIPH,2024,2,0.75022631
3,WIPH,2024,3,0.75373334
3,WIPH,2024,4,0.91258945
3,LE,2022,1,0.17229049
3,LE,2022,2,0.19825163
3,LE,2022,3,0.23225432
3,LE,2022,4,0.25124379
3,LE,2023,1,0.22287315
3,LE,2023,2,0.23193674
3,LE,2023,3,0.21166692
3,LE,2023,4,0.21285238
3,LE,2024,1,0.19602689
3,LE,2024,2,0.19424799
3,LE,2024,3,0.16573199
3,LE,2024,4,0.20209301
3,LF,2022,1,0.15218165
3,LF,2022,2,0.1681505
3,LF,2022,3,0.195806
3,LF,2022,4,0.21147022
3,LF,2023,1,0.18106271
3,LF,2023,2,0.18880913
3,LF,2023,3,0.16841288
3,LF,2023,4,0.16976038
3,LF,2024,1,0.15297002
3,LF,2024,2,0.15147522
3,LF,2024,3,0.12289811
3,LF,2024,4,0.15999981
3,LH,2022,1,0.23962282
3,LH,2022,2,0.24488651
3,LH,2022,3,0.2725025
3,LH,2022,4,0.27843264
3,LH,2023,1,0.26890411
3,LH,2023,2,0.26822058
3,LH,2023,3,0.25590129
3,LH,2023,4,0.25214649
3,LH,2024,1,0.23872701
3,LH,2024,2,0.23735174
3,LH,2024,3,0.22981998
3,LH,2024,4,0.23640074
3,UR,2022,1,-0.01955424
3,UR,2022,2,-0.02925855
3,UR,2022,3,-0.03539023
3,UR,2022,4,-0.03865113
3,UR,2023,1,-0.04062697
3,UR,2023,2,-0.04192376
3,UR,2023,3,-0.0420571
3,UR,2023,4,-0.04191982
3,UR,2024,1,-0.04188522
3,UR,2024,2,-0.04155604
3,UR,2024,3,-0.04171345
3,UR,2024,4,-0.04103461
3,CUX,2022,1,1.82215835
3,CUX,2022,2,1.85569707
3,CUX,2022,3,1.9285487
3,CUX,2022,4,1.89679748
3,CUX,2023,1,1.96651784
3,CUX,2023,2,1.91261318
3,CUX,2023,3,1.88351912
3,CUX,2023,4,1.83770807
3,CUX,2024,1,1.87466956
3,CUX,2024,2,1.83260443
3,CUX,2024,3,1.87940277
3,CUX,2024,4,1.8049281
3,GDPPOT,2022,1,0.09089157
3,GDPPOT,2022,2,0.09991493
3,GDPPOT,2022,3,0.11534501
3,GDPPOT,2022,4,0.12315082
3,GDPPOT,2023,1,0.10255485
3,GDPPOT,2023,2,0.10319882
3,GDPPOT,2023,3,0.08508098
3,GDPPOT,2023,4,0.07780429
3,GDPPOT,2024,1,0.05767133
3,GDPPOT,2024,2,0.04535003
3,GDPPOT,2024,3,0.01576362
3,GDPPOT,2024,4,0.02472004
3,GDPGAP,2022,1,0.85808696
3,GDPGAP,2022,2,0.88451363
3,GDPGAP,2022,3,0.92692127
3,GDPGAP,2022,4,0.92237396
3,GDPGAP,2023,1,0.95056115
3,GDPGAP,2023,2,0.92673041
3,GDPGAP,2023,3,0.89470048
3,GDPGAP,2023,4,0.87704271
3,GDPGAP,2024,1,0.88070539
3,GDPGAP,2024,2,0.85871912
3,GDPGAP,2024,3,0.87449378
3,GDPGAP,2024,4,0.84768138
3,RCD,2022,1,0.06190856
3,RCD,2022,2,0.09030588
3,RCD,2022,3,0.12477474
3,RCD,2022,4,0.15895849
3,RCD,2023,1,0.18517971
3,RCD,2023,2,0.2112675
3,RCD,2023,3,0.22385644
3,RCD,2023,4,0.23485716
3,RCD,2024,1,0.23857959
3,RCD,2024,2,0.24287567
3,RCD,2024,3,0.24069605
3,RCD,2024,4,0.24882499
3,RGB,2022,1,0.03158018
3,RGB,2022,2,0.04212639
3,RGB,2022,3,0.05781306
3,RGB,2022,4,0.07304596
3,RGB,2023,1,0.08453443
3,RGB,2023,2,0.09679961
3,RGB,2023,3,0.10262927
3,RGB,2023,4,0.10920402
3,RGB,2024,1,0.11307094
3,RGB,2024,2,0.11833193
3,RGB,2024,3,0.12082456
3,RGB,2024,4,0.12939765
3,PERR,2022,1,-0.50538418
3,PERR,2022,2,-1.14273549
3,PERR,2022,3,-1.78902231
3,PERR,2022,4,-2.52382853
3,PERR,2023,1,-2.61854125
3,PERR,2023,2,-2.49445362
3,PERR,2023,3,-2.48529517
3,PERR,2023,4,-2.39979946
3,PERR,2024,1,-2.4490395
3,PERR,2024,2,-2.45215453
3,PERR,2024,3,-2.40988556
3,PERR,2024,4,-2.63948353
3,UCC,2022,1,-0.19344422
3,UCC,2022,2,-1.1041928
3,UCC,2022,3,-1.57900655
3,UCC,2022,4,-1.98970124
3,UCC,2023,1,-1.54702905
3,UCC,2023,2,-0.76023567
3,UCC,2023,3,-0.61843904
3,UCC,2023,4,-0.48943144
3,UCC,2024,1,-0.72310577
3,UCC,2024,2,-0.70643278
3,UCC,2024,3,-0.78619019
3,UCC,2024,4,-0.79219504
3,FXS,2022,1,-0.01429668
3,FXS,2022,2,-0.03332051
3,FXS,2022,3,-0.06398307
3,FXS,2022,4,-0.10285324
3,FXS,2023,1,-0.14792081
3,FXS,2023,2,-0.19915741
3,FXS,2023,3,-0.25349353
3,FXS,2023,4,-0.3108307
3,FXS,2024,1,-0.36885182
3,FXS,2024,2,-0.42799193
3,FXS,2024,3,-0.48675488
3,FXS,2024,4,-0.54768047
3,PSHARE,2022,1,-0.04748392
3,PSHARE,2022,2,-0.52496509
3,PSHARE,2022,3,-1.23906697
3,PSHARE,2022,4,-2.14180414
3,PSHARE,2023,1,-3.07452347
3,PSHARE,2023,2,-3.86515631
3,PSHARE,2023,3,-4.57121938
3,PSHARE,2023,4,-5.13785762
3,PSHARE,2024,1,-5.54665779
3,PSHARE,2024,2,-5.82818753
3,PSHARE,2024,3,-5.98138403
3,PSHARE,2024,4,-6.09163935
3,PLAND,2022,1,-0.00080963
3,PLAND,2022,2,0.0022008
3,PLAND,2022,3,0.00490894
3,PLAND,2022,4,0.01759048
3,PLAND,2023,1,0.03873323
3,PLAND,2023,2,0.06844117
3,PLAND,2023,3,0.10552954
3,PLAND,2023,4,0.14958148
3,PLAND,2024,1,0.19988187
3,PLAND,2024,2,0.25399433
3,PLAND,2024,3,0.31108023
3,PLAND,2024,4,0.36969449
3,M2CD,2022,1,0.72903352
3,M2CD,2022,2,0.66981339
3,M2CD,2022,3,0.64337844
3,M2CD,2022,4,0.57960488
3,M2CD,2023,1,0.56438247
3,M2CD,2023,2,0.53148618
3,M2CD,2023,3,0.53244776
3,M2CD,2023,4,0.54809882
3,M2CD,2024,1,0.60314871
3,M2CD,2024,2,0.63892047
3,M2CD,2024,3,0.71128448
3,M2CD,2024,4,0.74452856
3,BGVATGDPV,2022,1,-0.55852771
3,BGVATGDPV,2022,2,-0.46708355
3,BGVATGDPV,2022,3,-0.36235621
3,BGVATGDPV,2022,4,-0.27765516
3,BGVATGDPV,2023,1,-0.20595969
3,BGVATGDPV,2023,2,-0.27634448
3,BGVATGDPV,2023,3,-0.29092967
3,BGVATGDPV,2023,4,-0.31016373
3,BGVATGDPV,2024,1,-0.31377798
3,BGVATGDPV,2024,2,-0.33839019
3,BGVATGDPV,2024,3,-0.33976138
3,BGVATGDPV,2024,4,-0.34851896
3,SBGVATGDPV,2022,1,-2.34885423
3,SBGVATGDPV,2022,2,-2.37218447
3,SBGVATGDPV,2022,3,-2.48062526
3,SBGVATGDPV,2022,4,-2.38737458
3,SBGVATGDPV,2023,1,-2.43789708
3,SBGVATGDPV,2023,2,-2.4298018
3,SBGVATGDPV,2023,3,-2.33982201
3,SBGVATGDPV,2023,4,-2.35974642
3,SBGVATGDPV,2024,1,-2.40307538
3,SBGVATGDPV,2024,2,-2.31256319
3,SBGVATGDPV,2024,3,-2.32506598
3,SBGVATGDPV,2024,4,-2.30414283
3,BCVATGDPV,2022,1,-0.05911551
3,BCVATGDPV,2022,2,-0.0678811
3,BCVATGDPV,2022,3,-0.12248632
3,BCVATGDPV,2022,4,-0.18867864
3,BCVATGDPV,2023,1,-0.19952413
3,BCVATGDPV,2023,2,-0.24174367
3,BCVATGDPV,2023,3,-0.26552818
3,BCVATGDPV,2023,4,-0.28545764
3,BCVATGDPV,2024,1,-0.29586244
3,BCVATGDPV,2024,2,-0.3245893
3,BCVATGDPV,2024,3,-0.33800518
3,BCVATGDPV,2024,4,-0.35088292
3,KFP,2022,1,-0.00126793
3,KFP,2022,2,-0.00394819
3,KFP,2022,3,-0.00778068
3,KFP,2022,4,-0.01384541
3,KFP,2023,1,-0.02372075
3,KFP,2023,2,-0.03846426
3,KFP,2023,3,-0.05851233
3,KFP,2023,4,-0.0835945
3,KFP,2024,1,-0.11194328
3,KFP,2024,2,-0.14302359
3,KFP,2024,3,-0.17571217
3,KFP,2024,4,-0.20870033
3,KHP,2022,1,0.00122953
3,KHP,2022,2,0.0028481
3,KHP,2022,3,0.00582063
3,KHP,2022,4,0.00955752
3,KHP,2023,1,0.01376009
3,KHP,2023,2,0.01887499
3,KHP,2023,3,0.02417441
3,KHP,2023,4,0.0298099
3,KHP,2024,1,0.0352267
3,KHP,2024,2,0.04042768
3,KHP,2024,3,0.04526158
3,KHP,2024,4,0.0502132
3,KG,2022,1,0.17070796
3,KG,2022,2,0.3381357
3,KG,2022,3,0.50194483
3,KG,2022,4,0.66536822
3,KG,2023,1,0.83041594
3,KG,2023,2,0.99356048
3,KG,2023,3,1.15290528
3,KG,2023,4,1.31094008
3,KG,2024,1,1.4673823
3,KG,2024,2,1.62134729
3,KG,2024,3,1.77558736
3,KG,2024,4,1.92857218
3,BCVATGDPV,2022,0,-0.1095404
3,BCVATGDPV,2023,0,-0.2480634
3,BCVATGDPV,2024,0,-0.32733496
3,BGVATGDPV,2022,0,-0.41640566
3,BGVATGDPV,2023,0,-0.27084939
3,BGVATGDPV,2024,0,-0.33511213
3,CG,2022,0,0.04310372
3,CG,2023,0,0.15744437
3,CG,2024,0,0.26695152
3,CGPI,2022,0,0.0343613
3,CGPI,2023,0,0.16074389
3,CGPI,2024,0,0.30785624
3,CGV,2022,0,0.04964198
3,CGV,2023,0,0.28242701
3,CGV,2024,0,0.60956696
3,CP,2022,0,0.22852825
3,CP,2023,0,0.46634473
3,CP,2024,0,0.49564096
3,CPV,2022,0,0.24963463
3,CPV,2023,0,0.67756216
3,CPV,2024,0,0.96946813
3,CUX,2022,0,1.8758004
3,CUX,2023,0,1.90008955
3,CUX,2024,0,1.84790122
3,FXS,2022,0,-0.05361337
3,FXS,2023,0,-0.22785061
3,FXS,2024,0,-0.45781977
3,GDP,2022,0,1.00814647
3,GDP,2023,0,1.01068648
3,GDP,2024,0,0.91983474
3,GDPD,2022,0,1.04319715
3,GDPD,2023,0,-0.07994692
3,GDPD,2024,0,-0.0742497
3,GDPGAP,2022,0,0.89797396
3,GDPGAP,2023,0,0.91225869
3,GDPGAP,2024,0,0.86539992
3,GDPPOT,2022,0,0.10732558
3,GDPPOT,2023,0,0.09215973
3,GDPPOT,2024,0,0.03587626
3,GDPV,2022,0,1.12535774
3,GDPV,2023,0,1.30106703
3,GDPV,2024,0,1.46250162
3,IFP,2022,0,-0.11491947
3,IFP,2023,0,-0.58721614
3,IFP,2024,0,-1.12826712
3,IFPV,2022,0,0.13177758
3,IFPV,2023,0,-0.0783022
3,IFPV,2024,0,-0.35388732
3,IG,2022,0,19.79106124
3,IG,2023,0,19.30053573
3,IG,2024,0,19.16877176
3,IGV,2022,0,20.05455271
3,IGV,2023,0,19.90693458
3,IGV,2024,0,20.15403684
3,IHP,2022,0,0.18415186
3,IHP,2023,0,0.39006138
3,IHP,2024,0,0.41609576
3,IHPV,2022,0,0.19409878
3,IHPV,2023,0,0.60636221
3,IHPV,2024,0,0.91559692
3,KFP,2022,0,-0.00671056
3,KFP,2023,0,-0.05107296
3,KFP,2024,0,-0.15984484
3,KG,2022,0,0.41903918
3,KG,2023,0,1.07195545
3,KG,2024,0,1.69822228
3,KHP,2022,0,0.00486394
3,KHP,2023,0,0.02165485
3,KHP,2024,0,0.04278229
3,LE,2022,0,0.21351006
3,LE,2023,0,0.2198323
3,LE,2024,0,0.18952497
3,LF,2022,0,0.18190209
3,LF,2023,0,0.17701127
3,LF,2024,0,0.14683579
3,LH,2022,0,0.25886112
3,LH,2023,0,0.26129312
3,LH,2024,0,0.23557487
3,M2CD,2022,0,0.65545756
3,M2CD,2023,0,0.54410381
3,M2CD,2024,0,0.67447056
3,MGS,2022,0,0.37712325
3,MGS,2023,0,0.79880808
3,MGS,2024,0,0.87800129
3,MGSV,2022,0,0.31484493
3,MGSV,2023,0,0.65203832
3,MGSV,2024,0,0.64072245
3,NIV,2022,0,1.43999207
3,NIV,2023,0,1.44026984
3,NIV,2024,0,1.40842215
3,PCP,2022,0,0.02102125
3,PCP,2023,0,0.210229
3,PCP,2024,0,0.4714919
3,PERR,2022,0,-1.49024263
3,PERR,2023,0,-2.49952237
3,PERR,2024,0,-2.48764078
3,PGDP,2022,0,0.11602948
3,PGDP,2023,0,0.28749597
3,PGDP,2024,0,0.53773663
3,PIFP,2022,0,0.24702321
3,PIFP,2023,0,0.51206448
3,PIFP,2024,0,0.78328864
3,PIHP,2022,0,0.00991154
3,PIHP,2023,0,0.21542882
3,PIHP,2024,0,0.49744013
3,PLAND,2022,0,0.00597265
3,PLAND,2023,0,0.09057135
3,PLAND,2024,0,0.28366273
3,PMGS,2022,0,-0.06195087
3,PMGS,2023,0,-0.1456005
3,PMGS,2024,0,-0.23521022
3,PSHARE,2022,0,-0.98833003
3,PSHARE,2023,0,-4.1621892
3,PSHARE,2024,0,-5.86196718
3,PXGS,2022,0,-0.02141337
3,PXGS,2023,0,-0.09105072
3,PXGS,2024,0,-0.18307119
3,RCD,2022,0,0.10898692
3,RCD,2023,0,0.2137902
3,RCD,2024,0,0.24274407
3,RGB,2022,0,0.0511414
3,RGB,2023,0,0.09829183
3,RGB,2024,0,0.12040627
3,SBGVATGDPV,2022,0,-2.39725964
3,SBGVATGDPV,2023,0,-2.39181683
3,SBGVATGDPV,2024,0,-2.33621184
3,TAXV,2022,0,1.22536989
3,TAXV,2023,0,2.16023614
3,TAXV,2024,0,1.99211271
3,TCIV,2022,0,1.04682015
3,TCIV,2023,0,1.28627995
3,TCIV,2024,0,1.45084616
3,TYCV,2022,0,2.13585389
3,TYCV,2023,0,4.33813133
3,TYCV,2024,0,3.20079699
3,TYPV,2022,0,1.11384279
3,TYPV,2023,0,1.68812593
3,TYPV,2024,0,1.82316239
3,UCC,2022,0,-1.2165862
3,UCC,2023,0,-0.8537838
3,UCC,2024,0,-0.75198095
3,UR,2022,0,-0.03071354
3,UR,2023,0,-0.04163191
3,UR,2024,0,-0.04154733
3,WIPH,2022,0,0.47113588
3,WIPH,2023,0,0.58755334
3,WIPH,2024,0,0.77846588
3,XGS,2022,0,-0.00059463
3,XGS,2023,0,-0.01012616
3,XGS,2024,0,-0.03962493
3,XGSV,2022,0,-0.02200779
3,XGSV,2023,0,-0.10116636
3,XGSV,2024,0,-0.22262071
3,YCV,2022,0,4.45572875
3,YCV,2023,0,2.69661366
3,YCV,2024,0,1.87324116
3,YDV,2022,0,0.87369772
3,YDV,2023,0,1.10413093
3,YDV,2024,0,1.2800096
3,YWV,2022,0,0.89749622
3,YWV,2023,0,1.01641716
3,YWV,2024,0,1.14487143
4,GDP,2022,1,0.01357691
4,GDP,2022,2,0.17225261
4,GDP,2022,3,0.33392365
4,GDP,2022,4,0.29746313
4,GDP,2023,1,0.30542515
4,GDP,2023,2,0.32136512
4,GDP,2023,3,0.33158701
4,GDP,2023,4,0.32265007
4,GDP,2024,1,0.33391102
4,GDP,2024,2,0.32361198
4,GDP,2024,3,0.3058634
4,GDP,2024,4,0.31041421
4,CP,2022,1,3.594e-05
4,CP,2022,2,0.39165341
4,CP,2022,3,0.90034007
4,CP,2022,4,0.96705842
4,CP,2023,1,0.99715112
4,CP,2023,2,1.04872032
4,CP,2023,3,1.12444432
4,CP,2023,4,1.17118272
4,CP,2024,1,1.20706461
4,CP,2024,2,1.25018473
4,CP,2024,3,1.26198817
4,CP,2024,4,1.28119016
4,IFP,2022,1,-0.0006248
4,IFP,2022,2,-0.00773971
4,IFP,2022,3,-0.02131089
4,IFP,2022,4,-0.03262281
4,IFP,2023,1,-0.05019884
4,IFP,2023,2,-0.08416434
4,IFP,2023,3,-0.13257999
4,IFP,2023,4,-0.19024582
4,IFP,2024,1,-0.24851381
4,IFP,2024,2,-0.29941024
4,IFP,2024,3,-0.34114338
4,IFP,2024,4,-0.37682763
4,IHP,2022,1,0.34575055
4,IHP,2022,2,0.3761198
4,IHP,2022,3,0.63474611
4,IHP,2022,4,0.6544964
4,IHP,2023,1,0.68099176
4,IHP,2023,2,0.70523529
4,IHP,2023,3,0.72980344
4,IHP,2023,4,0.76331205
4,IHP,2024,1,0.75870528
4,IHP,2024,2,0.7506334
4,IHP,2024,3,0.75177439
4,IHP,2024,4,0.75805576
4,IG,2022,1,0.0
4,IG,2022,2,0.0
4,IG,2022,3,0.0
4,IG,2022,4,0.0
4,IG,2023,1,0.0
4,IG,2023,2,0.0
4,IG,2023,3,0.0
4,IG,2023,4,0.0
4,IG,2024,1,0.0
4,IG,2024,2,0.0
4,IG,2024,3,0.0
4,IG,2024,4,0.0
4,CG,2022,1,-0.0
4,CG,2022,2,-0.0
4,CG,2022,3,0.0
4,CG,2022,4,0.0
4,CG,2023,1,0.0
4,CG,2023,2,0.0
4,CG,2023,3,0.0
4,CG,2023,4,0.0
4,CG,2024,1,0.0
4,CG,2024,2,0.0
4,CG,2024,3,0.0
4,CG,2024,4,-0.0
4,XGS,2022,1,0.0
4,XGS,2022,2,-2.04e-06
4,XGS,2022,3,-3.297e-05
4,XGS,2022,4,-0.00015454
4,XGS,2023,1,-0.00044517
4,XGS,2023,2,-0.0010085
4,XGS,2023,3,-0.00194411
4,XGS,2023,4,-0.00331169
4,XGS,2024,1,-0.00513805
4,XGS,2024,2,-0.00741531
4,XGS,2024,3,-0.01009605
4,XGS,2024,4,-0.01311791
4,MGS,2022,1,0.00163314
4,MGS,2022,2,0.31548555
4,MGS,2022,3,0.99925357
4,MGS,2022,4,1.40517378
4,MGS,2023,1,1.46558647
4,MGS,2023,2,1.53436561
4,MGS,2023,3,1.64034914
4,MGS,2023,4,1.74026761
4,MGS,2024,1,1.78784872
4,MGS,2024,2,1.86381424
4,MGS,2024,3,1.91570302
4,MGS,2024,4,1.94206009
4,GDPD,2022,1,0.05406927
4,GDPD,2022,2,0.64066403
4,GDPD,2022,3,0.6438452
4,GDPD,2022,4,-0.14608111
4,GDPD,2023,1,0.03203111
4,GDPD,2023,2,0.06360738
4,GDPD,2023,3,0.04024696
4,GDPD,2023,4,-0.03579932
4,GDPD,2024,1,0.04485666
4,GDPD,2024,2,-0.04101156
4,GDPD,2024,3,-0.0713564
4,GDPD,2024,4,0.01822008
4,PGDP,2022,1,0.00194085
4,PGDP,2022,2,0.00072278
4,PGDP,2022,3,-0.01951762
4,PGDP,2022,4,-0.03472164
4,PGDP,2023,1,-0.01767047
4,PGDP,2023,2,-0.00256272
4,PGDP,2023,3,0.00628577
4,PGDP,2023,4,0.01927457
4,PGDP,2024,1,0.03225896
4,PGDP,2024,2,0.04276865
4,PGDP,2024,3,0.06980402
4,PGDP,2024,4,0.09042703
4,PCP,2022,1,-3.702e-05
4,PCP,2022,2,-0.000347
4,PCP,2022,3,0.00042852
4,PCP,2022,4,0.00536745
4,PCP,2023,1,0.01583635
4,PCP,2023,2,0.0314681
4,PCP,2023,3,0.05028857
4,PCP,2023,4,0.07033269
4,PCP,2024,1,0.09116771
4,PCP,2024,2,0.1129234
4,PCP,2024,3,0.13546337
4,PCP,2024,4,0.15834373
4,PIFP,2022,1,0.00205879
4,PIFP,2022,2,0.02828122
4,PIFP,2022,3,0.06606749
4,PIFP,2022,4,0.08320067
4,PIFP,2023,1,0.1023579
4,PIFP,2023,2,0.12390497
4,PIFP,2023,3,0.14809345
4,PIFP,2023,4,0.17055479
4,PIFP,2024,1,0.19640141
4,PIFP,2024,2,0.22007723
4,PIFP,2024,3,0.24333932
4,PIFP,2024,4,0.26788525
4,PIHP,2022,1,-0.00016203
4,PIHP,2022,2,-0.0038669
4,PIHP,2022,3,-0.01138762
4,PIHP,2022,4,-0.01060204
4,PIHP,2023,1,0.00218118
4,PIHP,2023,2,0.02277399
4,PIHP,2023,3,0.04574039
4,PIHP,2023,4,0.0663431
4,PIHP,2024,1,0.08912041
4,PIHP,2024,2,0.11307864
4,PIHP,2024,3,0.13829062
4,PIHP,2024,4,0.16357034
4,PXGS,2022,1,-8.571e-05
4,PXGS,2022,2,-0.00121105
4,PXGS,2022,3,-0.00380088
4,PXGS,2022,4,-0.0070885
4,PXGS,2023,1,-0.01151976
4,PXGS,2023,2,-0.01690644
4,PXGS,2023,3,-0.023123
4,PXGS,2023,4,-0.03012418
4,PXGS,2024,1,-0.03751188
4,PXGS,2024,2,-0.04525433
4,PXGS,2024,3,-0.0531172
4,PXGS,2024,4,-0.06134998
4,PMGS,2022,1,-0.0001426
4,PMGS,2022,2,-0.03595405
4,PMGS,2022,3,-0.12675075
4,PMGS,2022,4,-0.15379269
4,PMGS,2023,1,-0.12389587
4,PMGS,2023,2,-0.09833963
4,PMGS,2023,3,-0.0950434
4,PMGS,2023,4,-0.13084675
4,PMGS,2024,1,-0.12360669
4,PMGS,2024,2,-0.13584781
4,PMGS,2024,3,-0.13069726
4,PMGS,2024,4,-0.12644128
4,CGPI,2022,1,-5.976e-05
4,CGPI,2022,2,-0.00709674
4,CGPI,2022,3,-0.01819047
4,CGPI,2022,4,-0.0126031
4,CGPI,2023,1,0.0001896
4,CGPI,2023,2,0.01683934
4,CGPI,2023,3,0.03097757
4,CGPI,2023,4,0.03763859
4,CGPI,2024,1,0.05254533
4,CGPI,2024,2,0.06496382
4,CGPI,2024,3,0.08027264
4,CGPI,2024,4,0.09523518
4,GDPV,2022,1,0.01551801
4,GDPV,2022,2,0.17297663
4,GDPV,2022,3,0.31434085
4,GDPV,2022,4,0.2626382
4,GDPV,2023,1,0.28770072
4,GDPV,2023,2,0.31879417
4,GDPV,2023,3,0.33789363
4,GDPV,2023,4,0.34198683
4,GDPV,2024,1,0.3662777
4,GDPV,2024,2,0.36651903
4,GDPV,2024,3,0.37588093
4,GDPV,2024,4,0.40112194
4,CPV,2022,1,-1.08e-06
4,CPV,2022,2,0.39130505
4,CPV,2022,3,0.90077245
4,CPV,2022,4,0.97247778
4,CPV,2023,1,1.01314538
4,CPV,2023,2,1.08051843
4,CPV,2023,3,1.17529835
4,CPV,2023,4,1.24233914
4,CPV,2024,1,1.29933278
4,CPV,2024,2,1.36451988
4,CPV,2024,3,1.39916107
4,CPV,2024,4,1.44156257
4,IFPV,2022,1,0.00143398
4,IFPV,2022,2,0.02053932
4,IFPV,2022,3,0.04474252
4,IFPV,2022,4,0.05055072
4,IFPV,2023,1,0.05210768
4,IFPV,2023,2,0.03963635
4,IFPV,2023,3,0.01531712
4,IFPV,2023,4,-0.0200155
4,IFPV,2024,1,-0.05260048
4,IFPV,2024,2,-0.07999195
4,IFPV,2024,3,-0.09863419
4,IFPV,2024,4,-0.10995184
4,IHPV,2022,1,0.34558796
4,IHPV,2022,2,0.37223835
4,IHPV,2022,3,0.62328621
4,IHPV,2022,4,0.64382497
4,IHPV,2023,1,0.68318779
4,IHPV,2023,2,0.72816989
4,IHPV,2023,3,0.77587764
4,IHPV,2023,4,0.83016156
4,IHPV,2024,1,0.84850186
4,IHPV,2024,2,0.86456084
4,IHPV,2024,3,0.89110464
4,IHPV,2024,4,0.92286605
4,IGV,2022,1,0.00178107
4,IGV,2022,2,0.02405725
4,IGV,2022,3,0.0554986
4,IGV,2022,4,0.07057601
4,IGV,2023,1,0.09050826
4,IGV,2023,2,0.11472442
4,IGV,2023,3,0.14214464
4,IGV,2023,4,0.16764487
4,IGV,2024,1,0.19674643
4,IGV,2024,2,0.22426552
4,IGV,2024,3,0.25177608
4,IGV,2024,4,0.28048503
4,CGV,2022,1,-0.0
4,CGV,2022,2,-1.15e-05
4,CGV,2022,3,-0.00010117
4,CGV,2022,4,0.00088112
4,CGV,2023,1,0.00503999
4,CGV,2023,2,0.01338891
4,CGV,2023,3,0.02585453
4,CGV,2023,4,0.04095469
4,CGV,2024,1,0.05742514
4,CGV,2024,2,0.07489413
4,CGV,2024,3,0.09321845
4,CGV,2024,4,0.1122166
4,XGSV,2022,1,-8.571e-05
4,XGSV,2022,2,-0.0012131
4,XGSV,2022,3,-0.00383385
4,XGSV,2022,4,-0.00724304
4,XGSV,2023,1,-0.01196488
4,XGSV,2023,2,-0.01791477
4,XGSV,2023,3,-0.02506666
4,XGSV,2023,4,-0.03343488
4,XGSV,2024,1,-0.042648
4,XGSV,2024,2,-0.05266628
4,XGSV,2024,3,-0.06320788
4,XGSV,2024,4,-0.07445984
4,MGSV,2022,1,0.00149054
4,MGSV,2022,2,0.27941807
4,MGSV,2022,3,0.87123626
4,MGSV,2022,4,1.24922003
4,MGSV,2023,1,1.3398748
4,MGSV,2023,2,1.43451709
4,MGSV,2023,3,1.5437467
4,MGSV,2023,4,1.60714377
4,MGSV,2024,1,1.66203214
4,MGSV,2024,2,1.72543448
4,MGSV,2024,3,1.78250199
4,MGSV,2024,4,1.81316324
4,NIV,2022,1,0.02135786
4,NIV,2022,2,0.22584357
4,NIV,2022,3,0.40171961
4,NIV,2022,4,0.30639551
4,NIV,2023,1,0.32034323
4,NIV,2023,2,0.35586883
4,NIV,2023,3,0.36304444
4,NIV,2023,4,0.34818042
4,NIV,2024,1,0.36164079
4,NIV,2024,2,0.34649518
4,NIV,2024,3,0.32551473
4,NIV,2024,4,0.3892145
4,YWV,2022,1,0.01209558
4,YWV,2022,2,0.11694625
4,YWV,2022,3,0.21137285
4,YWV,2022,4,0.17425285
4,YWV,2023,1,0.20459349
4,YWV,2023,2,0.23331671
4,YWV,2023,3,0.22609768
4,YWV,2023,4,0.22859061
4,YWV,2024,1,0.23916876
4,YWV,2024,2,0.24140145
4,YWV,2024,3,0.23120384
4,YWV,2024,4,0.28497098
4,YCV,2022,1,0.08950513
4,YCV,2022,2,0.79955243
4,YCV,2022,3,1.55860722
4,YCV,2022,4,0.86534696
4,YCV,2023,1,0.70255894
4,YCV,2023,2,0.73552617
4,YCV,2023,3,0.75993985
4,YCV,2023,4,0.5841091
4,YCV,2024,1,0.59973204
4,YCV,2024,2,0.50649083
4,YCV,2024,3,0.38900529
4,YCV,2024,4,0.60256514
4,YDV,2022,1,1.81074206
4,YDV,2022,2,2.00352382
4,YDV,2022,3,2.04849043
4,YDV,2022,4,2.031205
4,YDV,2023,1,2.12268351
4,YDV,2023,2,2.20521996
4,YDV,2023,3,2.17652511
4,YDV,2023,4,2.23919159
4,YDV,2024,1,2.23223589
4,YDV,2024,2,2.17052375
4,YDV,2024,3,2.2174261
4,YDV,2024,4,2.33062886
4,TAXV,2022,1,-5.07793559
4,TAXV,2022,2,-4.75884882
4,TAXV,2022,3,-4.58432294
4,TAXV,2022,4,-4.55134667
4,TAXV,2023,1,-4.41479153
4,TAXV,2023,2,-4.4249817
4,TAXV,2023,3,-4.58990346
4,TAXV,2023,4,-4.54982652
4,TAXV,2024,1,-4.4896278
4,TAXV,2024,2,-4.79138919
4,TAXV,2024,3,-4.424322
4,TAXV,2024,4,-4.32478125
4,TYPV,2022,1,-17.82937837
4,TYPV,2022,2,-16.80441517
4,TYPV,2022,3,-17.07480524
4,TYPV,2022,4,-18.03780538
4,TYPV,2023,1,-18.03836786
4,TYPV,2023,2,-16.05066904
4,TYPV,2023,3,-18.48869715
4,TYPV,2023,4,-17.67127321
4,TYPV,2024,1,-18.22927182
4,TYPV,2024,2,-21.97043412
4,TYPV,2024,3,-17.57751368
4,TYPV,2024,4,-15.73106593
4,TYCV,2022,1,0.00203153
4,TYCV,2022,2,0.04849623
4,TYCV,2022,3,0.32474087
4,TYCV,2022,4,0.71735816
4,TYCV,2023,1,0.98230069
4,TYCV,2023,2,1.12874388
4,TYCV,2023,3,1.13739746
4,TYCV,2023,4,0.99643953
4,TYCV,2024,1,0.9517137
4,TYCV,2024,2,0.9453968
4,TYCV,2024,3,0.90691644
4,TYCV,2024,4,0.82234446
4,TCIV,2022,1,0.01351128
4,TCIV,2022,2,0.20759533
4,TCIV,2022,3,0.4667407
4,TCIV,2022,4,0.50421389
4,TCIV,2023,1,0.5253882
4,TCIV,2023,2,0.56158402
4,TCIV,2023,3,0.60698721
4,TCIV,2023,4,0.63731681
4,TCIV,2024,1,0.66446922
4,TCIV,2024,2,0.68964873
4,TCIV,2024,3,0.70898832
4,TCIV,2024,4,0.73451584
4,WIPH,2022,1,0.00658686
4,WIPH,2022,2,0.05632509
4,WIPH,2022,3,0.09531808
4,WIPH,2022,4,0.07086708
4,WIPH,2023,1,0.09257949
4,WIPH,2023,2,0.11155094
4,WIPH,2023,3,0.11058063
4,WIPH,2023,4,0.11803368
4,WIPH,2024,1,0.13410719
4,WIPH,2024,2,0.14013576
4,WIPH,2024,3,0.14376839
4,WIPH,2024,4,0.18696837
4,LE,2022,1,0.0027762
4,LE,2022,2,0.02532619
4,LE,2022,3,0.04488997
4,LE,2022,4,0.03876634
4,LE,2023,1,0.04897492
4,LE,2023,2,0.05342662
4,LE,2023,3,0.04679128
4,LE,2023,4,0.04341557
4,LE,2024,1,0.04153686
4,LE,2024,2,0.03689687
4,LE,2024,3,0.02894604
4,LE,2024,4,0.03716704
4,LF,2022,1,0.00249445
4,LF,2022,2,0.02141246
4,LF,2022,3,0.03565051
4,LF,2022,4,0.02764076
4,LF,2023,1,0.03664857
4,LF,2023,2,0.04018305
4,LF,2023,3,0.03262006
4,LF,2023,4,0.02876506
4,LF,2024,1,0.02622924
4,LF,2024,2,0.02137238
4,LF,2024,3,0.01355921
4,LF,2024,4,0.02177076
4,LH,2022,1,0.00345425
4,LH,2022,2,0.04125636
4,LH,2022,3,0.0821867
4,LH,2022,4,0.07387419
4,LH,2023,1,0.07536713
4,LH,2023,2,0.08021368
4,LH,2023,3,0.08085344
4,LH,2023,4,0.0788207
4,LH,2024,1,0.07780536
4,LH,2024,2,0.07650228
4,LH,2024,3,0.07135408
4,LH,2024,4,0.07499571
4,UR,2022,1,-0.00027443
4,UR,2022,2,-0.00380978
4,UR,2022,3,-0.00898954
4,UR,2022,4,-0.01083563
4,UR,2023,1,-0.01199645
4,UR,2023,2,-0.01289548
4,UR,2023,3,-0.01379793
4,UR,2023,4,-0.01427335
4,UR,2024,1,-0.01491029
4,UR,2024,2,-0.01511217
4,UR,2024,3,-0.01499778
4,UR,2024,4,-0.01501902
4,CUX,2022,1,0.02534591
4,CUX,2022,2,0.34028097
4,CUX,2022,3,0.66324283
4,CUX,2022,4,0.59227309
4,CUX,2023,1,0.59614767
4,CUX,2023,2,0.62454205
4,CUX,2023,3,0.66216161
4,CUX,2023,4,0.65137655
4,CUX,2024,1,0.69024665
4,CUX,2024,2,0.68013061
4,CUX,2024,3,0.66305488
4,CUX,2024,4,0.66678236
4,GDPPOT,2022,1,0.00149028
4,GDPPOT,2022,2,0.01278452
4,GDPPOT,2022,3,0.02119399
4,GDPPOT,2022,4,0.01614475
4,GDPPOT,2023,1,0.02112852
4,GDPPOT,2023,2,0.02262354
4,GDPPOT,2023,3,0.01708777
4,GDPPOT,2023,4,0.01319185
4,GDPPOT,2024,1,0.0093727
4,GDPPOT,2024,2,0.00353713
4,GDPPOT,2024,3,-0.00462501
4,GDPPOT,2024,4,-0.00364179
4,GDPGAP,2022,1,0.01204021
4,GDPGAP,2022,2,0.15969483
4,GDPGAP,2022,3,0.31129461
4,GDPGAP,2022,4,0.28081378
4,GDPGAP,2023,1,0.28527094
4,GDPGAP,2023,2,0.2987438
4,GDPGAP,2023,3,0.30966635
4,GDPGAP,2023,4,0.30540058
4,GDPGAP,2024,1,0.31912221
4,GDPGAP,2024,2,0.31284025
4,GDPGAP,2024,3,0.30403079
4,GDPGAP,2024,4,0.30694919
4,RCD,2022,1,0.00092945
4,RCD,2022,2,0.01068083
4,RCD,2022,3,0.02444206
4,RCD,2022,4,0.03230071
4,RCD,2023,1,0.04454938
4,RCD,2023,2,0.05592988
4,RCD,2023,3,0.06386296
4,RCD,2023,4,0.07001205
4,RCD,2024,1,0.07528485
4,RCD,2024,2,0.07892005
4,RCD,2024,3,0.08055609
4,RCD,2024,4,0.08453499
4,RGB,2022,1,0.00047412
4,RGB,2022,2,0.00538925
4,RGB,2022,3,0.01178689
4,RGB,2022,4,0.01490811
4,RGB,2023,1,0.02065354
4,RGB,2023,2,0.02574432
4,RGB,2023,3,0.02921843
4,RGB,2023,4,0.03210471
4,RGB,2024,1,0.03484239
4,RGB,2024,2,0.03706616
4,RGB,2024,3,0.03862143
4,RGB,2024,4,0.04169084
4,PERR,2022,1,-0.00759275
4,PERR,2022,2,-0.10184965
4,PERR,2022,3,-0.2696557
4,PERR,2022,4,-0.44093435
4,PERR,2023,1,-0.58923201
4,PERR,2023,2,-0.61533938
4,PERR,2023,3,-0.62363702
4,PERR,2023,4,-0.6400953
4,PERR,2024,1,-0.70600349
4,PERR,2024,2,-0.74169538
4,PERR,2024,3,-0.74883563
4,PERR,2024,4,-0.84917715
4,UCC,2022,1,-0.00226224
4,UCC,2022,2,-0.06319854
4,UCC,2022,3,-0.29349617
4,UCC,2022,4,-0.5348002
4,UCC,2023,1,-0.56472569
4,UCC,2023,2,-0.4902351
4,UCC,2023,3,-0.34472318
4,UCC,2023,4,-0.23590176
4,UCC,2024,1,-0.34935089
4,UCC,2024,2,-0.38229489
4,UCC,2024,3,-0.37449132
4,UCC,2024,4,-0.34620269
4,FXS,2022,1,-0.00021464
4,FXS,2022,2,-0.00303281
4,FXS,2022,3,-0.00951826
4,FXS,2022,4,-0.01775076
4,FXS,2023,1,-0.02884638
4,FXS,2023,2,-0.04233333
4,FXS,2023,3,-0.05789674
4,FXS,2023,4,-0.07542274
4,FXS,2024,1,-0.0939143
4,FXS,2024,2,-0.11329161
4,FXS,2024,3,-0.13296799
4,FXS,2024,4,-0.15356756
4,PSHARE,2022,1,-0.0006801
4,PSHARE,2022,2,-0.01458496
4,PSHARE,2022,3,-0.10773279
4,PSHARE,2022,4,-0.30546184
4,PSHARE,2023,1,-0.55471175
4,PSHARE,2023,2,-0.8436326
4,PSHARE,2023,3,-1.12549254
4,PSHARE,2023,4,-1.38055637
4,PSHARE,2024,1,-1.60553365
4,PSHARE,2024,2,-1.78717311
4,PSHARE,2024,3,-1.92007394
4,PSHARE,2024,4,-2.0238481
4,PLAND,2022,1,-1.214e-05
4,PLAND,2022,2,-0.00054537
4,PLAND,2022,3,-0.00078247
4,PLAND,2022,4,0.00127154
4,PLAND,2023,1,0.00454239
4,PLAND,2023,2,0.00998122
4,PLAND,2023,3,0.01779406
4,PLAND,2023,4,0.02799537
4,PLAND,2024,1,0.04167475
4,PLAND,2024,2,0.05683359
4,PLAND,2024,3,0.07411037
4,PLAND,2024,4,0.09243856
4,M2CD,2022,1,0.01024103
4,M2CD,2022,2,0.13404637
4,M2CD,2022,3,0.24879514
4,M2CD,2022,4,0.19306349
4,M2CD,2023,1,0.17347764
4,M2CD,2023,2,0.17109933
4,M2CD,2023,3,0.17818269
4,M2CD,2023,4,0.17312377
4,M2CD,2024,1,0.19215039
4,M2CD,2024,2,0.19634861
4,M2CD,2024,3,0.20083053
4,M2CD,2024,4,0.21927255
4,BGVATGDPV,2022,1,-0.99728895
4,BGVATGDPV,2022,2,-0.96943028
4,BGVATGDPV,2022,3,-0.92099219
4,BGVATGDPV,2022,4,-0.89616772
4,BGVATGDPV,2023,1,-0.87295877
4,BGVATGDPV,2023,2,-0.86928001
4,BGVATGDPV,2023,3,-0.86742281
4,BGVATGDPV,2023,4,-0.87471385
4,BGVATGDPV,2024,1,-0.87388907
4,BGVATGDPV,2024,2,-0.87877444
4,BGVATGDPV,2024,3,-0.88065781
4,BGVATGDPV,2024,4,-0.88492395
4,SBGVATGDPV,2022,1,0.21134055
4,SBGVATGDPV,2022,2,0.06623858
4,SBGVATGDPV,2022,3,-0.04503152
4,SBGVATGDPV,2022,4,0.31195717
4,SBGVATGDPV,2023,1,0.45632488
4,SBGVATGDPV,2023,2,0.58689385
4,SBGVATGDPV,2023,3,0.77460656
4,SBGVATGDPV,2023,4,0.9666065
4,SBGVATGDPV,2024,1,1.13319913
4,SBGVATGDPV,2024,2,1.34167278
4,SBGVATGDPV,2024,3,1.51919841
4,SBGVATGDPV,2024,4,1.66829018
4,BCVATGDPV,2022,1,-0.00088802
4,BCVATGDPV,2022,2,-0.0702714
4,BCVATGDPV,2022,3,-0.23389752
4,BCVATGDPV,2022,4,-0.32665991
4,BCVATGDPV,2023,1,-0.32612512
4,BCVATGDPV,2023,2,-0.33513328
4,BCVATGDPV,2023,3,-0.37394003
4,BCVATGDPV,2023,4,-0.40999237
4,BCVATGDPV,2024,1,-0.42492874
4,BCVATGDPV,2024,2,-0.45810216
4,BCVATGDPV,2024,3,-0.4748248
4,BCVATGDPV,2024,4,-0.47921605
4,KFP,2022,1,-1.885e-05
4,KFP,2022,2,-0.0002571
4,KFP,2022,3,-0.00091405
4,KFP,2022,4,-0.00190037
4,KFP,2023,1,-0.00343088
4,KFP,2023,2,-0.0059593
4,KFP,2023,3,-0.0099159
4,KFP,2023,4,-0.01563889
4,KFP,2024,1,-0.02292632
4,KFP,2024,2,-0.03160617
4,KFP,2024,3,-0.04134469
4,KFP,2024,4,-0.05174723
4,KHP,2022,1,0.00450052
4,KHP,2022,2,0.00933453
4,KHP,2022,3,0.01760172
4,KHP,2022,4,0.0260131
4,KHP,2023,1,0.03470772
4,KHP,2023,2,0.04390932
4,KHP,2023,3,0.05322185
4,KHP,2023,4,0.06288201
4,KHP,2024,1,0.07222289
4,KHP,2024,2,0.08128554
4,KHP,2024,3,0.09035958
4,KHP,2024,4,0.09945166
4,KG,2022,1,0.0
4,KG,2022,2,-0.0
4,KG,2022,3,-0.0
4,KG,2022,4,0.0
4,KG,2023,1,0.0
4,KG,2023,2,-0.0
4,KG,2023,3,0.0
4,KG,2023,4,-0.0
4,KG,2024,1,-0.0
4,KG,2024,2,0.0
4,KG,2024,3,0.0
4,KG,2024,4,0.0
4,BCVATGDPV,2022,0,-0.15792921
4,BCVATGDPV,2023,0,-0.3612977
4,BCVATGDPV,2024,0,-0.45926794
4,BGVATGDPV,2022,0,-0.94596978
4,BGVATGDPV,2023,0,-0.87109386
4,BGVATGDPV,2024,0,-0.87956132
4,CG,2022,0,0.0
4,CG,2023,0,0.0
4,CG,2024,0,0.0
4,CGPI,2022,0,-0.00948752
4,CGPI,2023,0,0.02141127
4,CGPI,2024,0,0.07325424
4,CGV,2022,0,0.00019211
4,CGV,2023,0,0.02130953
4,CGV,2024,0,0.08443858
4,CP,2022,0,0.56477196
4,CP,2023,0,1.08537462
4,CP,2024,0,1.25010692
4,CPV,2022,0,0.56613855
4,CPV,2023,0,1.12782533
4,CPV,2024,0,1.37614407
4,CUX,2022,0,0.4052857
4,CUX,2023,0,0.63355697
4,CUX,2024,0,0.67505363
4,FXS,2022,0,-0.00762912
4,FXS,2023,0,-0.0511248
4,FXS,2024,0,-0.12343536
4,GDP,2022,0,0.20430407
4,GDP,2023,0,0.32025684
4,GDP,2024,0,0.31845015
4,GDPD,2022,0,0.29812435
4,GDPD,2023,0,0.02502153
4,GDPD,2024,0,-0.01232281
4,GDPGAP,2022,0,0.19096086
4,GDPGAP,2023,0,0.29977042
4,GDPGAP,2024,0,0.31073561
4,GDPPOT,2022,0,0.01290338
4,GDPPOT,2023,0,0.01850792
4,GDPPOT,2024,0,0.00116076
4,GDPV,2022,0,0.19136842
4,GDPV,2023,0,0.32159383
4,GDPV,2024,0,0.3774499
4,IFP,2022,0,-0.01557455
4,IFP,2023,0,-0.11429724
4,IFP,2024,0,-0.31647376
4,IFPV,2022,0,0.02931664
4,IFPV,2023,0,0.02176141
4,IFPV,2024,0,-0.08529462
4,IG,2022,0,0.0
4,IG,2023,0,0.0
4,IG,2024,0,0.0
4,IGV,2022,0,0.03797823
4,IGV,2023,0,0.12875555
4,IGV,2024,0,0.23831827
4,IHP,2022,0,0.50277822
4,IHP,2023,0,0.71983563
4,IHP,2024,0,0.75479221
4,IHPV,2022,0,0.49623437
4,IHPV,2023,0,0.75434922
4,IHPV,2024,0,0.88175835
4,KFP,2022,0,-0.00077259
4,KFP,2023,0,-0.00873624
4,KFP,2024,0,-0.0369061
4,KG,2022,0,-0.0
4,KG,2023,0,-0.0
4,KG,2024,0,0.0
4,KHP,2022,0,0.01436247
4,KHP,2023,0,0.04868023
4,KHP,2024,0,0.08582992
4,LE,2022,0,0.02793968
4,LE,2023,0,0.0481521
4,LE,2024,0,0.0361367
4,LF,2022,0,0.02179954
4,LF,2023,0,0.03455418
4,LF,2024,0,0.0207329
4,LH,2022,0,0.05019287
4,LH,2023,0,0.07881374
4,LH,2024,0,0.07516436
4,M2CD,2022,0,0.14653651
4,M2CD,2023,0,0.17397086
4,M2CD,2024,0,0.20215052
4,MGS,2022,0,0.68038651
4,MGS,2023,0,1.59514221
4,MGS,2024,0,1.87735652
4,MGSV,2022,0,0.60034123
4,MGSV,2023,0,1.48132059
4,MGSV,2024,0,1.74578296
4,NIV,2022,0,0.23882914
4,NIV,2023,0,0.34685923
4,NIV,2024,0,0.3557163
4,PCP,2022,0,0.00135299
4,PCP,2023,0,0.04198143
4,PCP,2024,0,0.12447455
4,PERR,2022,0,-0.20500811
4,PERR,2023,0,-0.61707593
4,PERR,2024,0,-0.76142791
4,PGDP,2022,0,-0.01289391
4,PGDP,2023,0,0.00133179
4,PGDP,2024,0,0.05881466
4,PIFP,2022,0,0.04490204
4,PIFP,2023,0,0.13622778
4,PIFP,2024,0,0.2319258
4,PIHP,2022,0,-0.00650465
4,PIHP,2023,0,0.03425967
4,PIHP,2024,0,0.126015
4,PLAND,2022,0,-1.711e-05
4,PLAND,2023,0,0.01507826
4,PLAND,2024,0,0.06626432
4,PMGS,2022,0,-0.07916002
4,PMGS,2023,0,-0.11203141
4,PMGS,2024,0,-0.12914826
4,PSHARE,2022,0,-0.10711492
4,PSHARE,2023,0,-0.97609832
4,PSHARE,2024,0,-1.8341572
4,PXGS,2022,0,-0.00304654
4,PXGS,2023,0,-0.02041835
4,PXGS,2024,0,-0.04930835
4,RCD,2022,0,0.01708826
4,RCD,2023,0,0.05858857
4,RCD,2024,0,0.07982399
4,RGB,2022,0,0.00813959
4,RGB,2023,0,0.02693025
4,RGB,2024,0,0.03805521
4,SBGVATGDPV,2022,0,0.13612619
4,SBGVATGDPV,2023,0,0.69610795
4,SBGVATGDPV,2024,0,1.41559013
4,TAXV,2022,0,-4.7431135
4,TAXV,2023,0,-4.4948758
4,TAXV,2024,0,-4.50753006
4,TCIV,2022,0,0.2980153
4,TCIV,2023,0,0.58281906
4,TCIV,2024,0,0.69940553
4,TYCV,2022,0,0.2731567
4,TYCV,2023,0,1.06122039
4,TYCV,2024,0,0.90659285
4,TYPV,2022,0,-17.43660104
4,TYPV,2023,0,-17.56225181
4,TYPV,2024,0,-18.37707139
4,UCC,2022,0,-0.22343929
4,UCC,2023,0,-0.40889643
4,UCC,2024,0,-0.36308495
4,UR,2022,0,-0.00597735
4,UR,2023,0,-0.01324081
4,UR,2024,0,-0.01500982
4,WIPH,2022,0,0.05727428
4,WIPH,2023,0,0.10818619
4,WIPH,2024,0,0.15124493
4,XGS,2022,0,-4.739e-05
4,XGS,2023,0,-0.00167737
4,XGS,2024,0,-0.00894183
4,XGSV,2022,0,-0.00309392
4,XGSV,2023,0,-0.0220953
4,XGSV,2024,0,-0.0582455
4,YCV,2022,0,0.82825293
4,YCV,2023,0,0.69553352
4,YCV,2024,0,0.52444833
4,YDV,2022,0,1.97349033
4,YDV,2023,0,2.18590504
4,YDV,2024,0,2.23770365
4,YWV,2022,0,0.12866688
4,YWV,2023,0,0.22314962
4,YWV,2024,0,0.24918626
5,GDP,2022,1,0.12426729
5,GDP,2022,2,0.244112
5,GDP,2022,3,0.37728892
5,GDP,2022,4,0.50416968
5,GDP,2023,1,0.50335097
5,GDP,2023,2,0.509156
5,GDP,2023,3,0.50870199
5,GDP,2023,4,0.50800924
5,GDP,2024,1,0.49914125
5,GDP,2024,2,0.49108579
5,GDP,2024,3,0.47627689
5,GDP,2024,4,0.4622162
5,CP,2022,1,0.0003092
5,CP,2022,2,0.01829095
5,CP,2022,3,0.06418944
5,CP,2022,4,0.12060498
5,CP,2023,1,0.17944758
5,CP,2023,2,0.21985514
5,CP,2023,3,0.23655724
5,CP,2023,4,0.24947064
5,CP,2024,1,0.25953674
5,CP,2024,2,0.26951434
5,CP,2024,3,0.27541803
5,CP,2024,4,0.27199782
5,IFP,2022,1,0.710365
5,IFP,2022,2,1.3400063
5,IFP,2022,3,1.96815856
5,IFP,2022,4,2.59415599
5,IFP,2023,1,2.46107961
5,IFP,2023,2,2.45619735
5,IFP,2023,3,2.43163844
5,IFP,2023,4,2.38367785
5,IFP,2024,1,2.31331871
5,IFP,2024,2,2.24605851
5,IFP,2024,3,2.16153557
5,IFP,2024,4,2.11942025
5,IHP,2022,1,0.0120329
5,IHP,2022,2,0.02801592
5,IHP,2022,3,0.05706892
5,IHP,2022,4,0.09232731
5,IHP,2023,1,0.12109598
5,IHP,2023,2,0.15403186
5,IHP,2023,3,0.17586399
5,IHP,2023,4,0.19367547
5,IHP,2024,1,0.20433645
5,IHP,2024,2,0.20355098
5,IHP,2024,3,0.1959257
5,IHP,2024,4,0.19553064
5,IG,2022,1,0.0
5,IG,2022,2,0.0
5,IG,2022,3,0.0
5,IG,2022,4,0.0
5,IG,2023,1,0.0
5,IG,2023,2,0.0
5,IG,2023,3,0.0
5,IG,2023,4,0.0
5,IG,2024,1,0.0
5,IG,2024,2,0.0
5,IG,2024,3,0.0
5,IG,2024,4,0.0
5,CG,2022,1,-0.0
5,CG,2022,2,0.0
5,CG,2022,3,-0.0
5,CG,2022,4,-0.0
5,CG,2023,1,0.0
5,CG,2023,2,0.0
5,CG,2023,3,0.0
5,CG,2023,4,0.0
5,CG,2024,1,0.0
5,CG,2024,2,0.0
5,CG,2024,3,0.0
5,CG,2024,4,0.0
5,XGS,2022,1,0.0
5,XGS,2022,2,-1.759e-05
5,XGS,2022,3,-9.784e-05
5,XGS,2022,4,-0.00033108
5,XGS,2023,1,-0.00086182
5,XGS,2023,2,-0.00185946
5,XGS,2023,3,-0.00348714
5,XGS,2023,4,-0.00585711
5,XGS,2024,1,-0.00899506
5,XGS,2024,2,-0.01283075
5,XGS,2024,3,-0.01722581
5,XGS,2024,4,-0.02199532
5,MGS,2022,1,0.01489817
5,MGS,2022,2,0.0426233
5,MGS,2022,3,0.10579185
5,MGS,2022,4,0.19678919
5,MGS,2023,1,0.27931118
5,MGS,2023,2,0.35405064
5,MGS,2023,3,0.39875881
5,MGS,2023,4,0.42506243
5,MGS,2024,1,0.44033183
5,MGS,2024,2,0.46105046
5,MGS,2024,3,0.47683083
5,MGS,2024,4,0.48008327
5,GDPD,2022,1,0.49488753
5,GDPD,2022,2,0.48334632
5,GDPD,2022,3,0.52998886
5,GDPD,2022,4,0.50813519
5,GDPD,2023,1,-0.0032869
5,GDPD,2023,2,0.02311898
5,GDPD,2023,3,-0.00178426
5,GDPD,2023,4,-0.00277009
5,GDPD,2024,1,-0.03525944
5,GDPD,2024,2,-0.0320247
5,GDPD,2024,3,-0.05943848
5,GDPD,2024,4,-0.05619928
5,PGDP,2022,1,0.00781744
5,PGDP,2022,2,0.02008846
5,PGDP,2022,3,0.03615483
5,PGDP,2022,4,0.04963508
5,PGDP,2023,1,0.0583441
5,PGDP,2023,2,0.07060164
5,PGDP,2023,3,0.0877963
5,PGDP,2023,4,0.11144239
5,PGDP,2024,1,0.13416376
5,PGDP,2024,2,0.14880344
5,PGDP,2024,3,0.16789256
5,PGDP,2024,4,0.18207519
5,PCP,2022,1,-0.00031852
5,PCP,2022,2,-5.358e-05
5,PCP,2022,3,0.00263078
5,PCP,2022,4,0.00987213
5,PCP,2023,1,0.02357404
5,PCP,2023,2,0.04302531
5,PCP,2023,3,0.0661139
5,PCP,2023,4,0.09033721
5,PCP,2024,1,0.11379533
5,PCP,2024,2,0.13583477
5,PCP,2024,3,0.15631686
5,PCP,2024,4,0.17491401
5,PIFP,2022,1,0.01923189
5,PIFP,2022,2,0.04435205
5,PIFP,2022,3,0.07606868
5,PIFP,2022,4,0.11178193
5,PIFP,2023,1,0.13355659
5,PIFP,2023,2,0.15351239
5,PIFP,2023,3,0.17179128
5,PIFP,2023,4,0.19072615
5,PIFP,2024,1,0.20693101
5,PIFP,2024,2,0.2216788
5,PIFP,2024,3,0.23459673
5,PIFP,2024,4,0.24332425
5,PIHP,2022,1,-0.00129829
5,PIHP,2022,2,-0.00241001
5,PIHP,2022,3,-0.00170823
5,PIHP,2022,4,0.00383701
5,PIHP,2023,1,0.01795277
5,PIHP,2023,2,0.03903957
5,PIHP,2023,3,0.06443411
5,PIHP,2023,4,0.09036062
5,PIHP,2024,1,0.11551462
5,PIHP,2024,2,0.13904606
5,PIHP,2024,3,0.16096915
5,PIHP,2024,4,0.17979166
5,PXGS,2022,1,-0.00073757
5,PXGS,2022,2,-0.00262757
5,PXGS,2022,3,-0.0064145
5,PXGS,2022,4,-0.01247421
5,PXGS,2023,1,-0.02031351
5,PXGS,2023,2,-0.02978055
5,PXGS,2023,3,-0.04016258
5,PXGS,2023,4,-0.0510839
5,PXGS,2024,1,-0.06203635
5,PXGS,2024,2,-0.07280164
5,PXGS,2024,3,-0.08300657
5,PXGS,2024,4,-0.09288806
5,PMGS,2022,1,-0.00125056
5,PMGS,2022,2,-0.00668769
5,PMGS,2022,3,-0.01884822
5,PMGS,2022,4,-0.03317265
5,PMGS,2023,1,-0.0433356
5,PMGS,2023,2,-0.05099139
5,PMGS,2023,3,-0.06072404
5,PMGS,2023,4,-0.080269
5,PMGS,2024,1,-0.08885913
5,PMGS,2024,2,-0.10138465
5,PMGS,2024,3,-0.10820089
5,PMGS,2024,4,-0.11483352
5,CGPI,2022,1,-0.000519
5,CGPI,2022,2,0.0037751
5,CGPI,2022,3,0.00803878
5,CGPI,2022,4,0.01518898
5,CGPI,2023,1,0.02721183
5,CGPI,2023,2,0.0380155
5,CGPI,2023,3,0.05044736
5,CGPI,2023,4,0.06114165
5,CGPI,2024,1,0.07313072
5,CGPI,2024,2,0.08291671
5,CGPI,2024,3,0.09268039
5,CGPI,2024,4,0.10112681
5,GDPV,2022,1,0.13209445
5,GDPV,2022,2,0.2642495
5,GDPV,2022,3,0.41358016
5,GDPV,2022,4,0.554055
5,GDPV,2023,1,0.56198875
5,GDPV,2023,2,0.58011711
5,GDPV,2023,3,0.59694491
5,GDPV,2023,4,0.62001777
5,GDPV,2024,1,0.63397468
5,GDPV,2024,2,0.64061998
5,GDPV,2024,3,0.64496908
5,GDPV,2024,4,0.64513297
5,CPV,2022,1,-9.32e-06
5,CPV,2022,2,0.01823736
5,CPV,2022,3,0.06682191
5,CPV,2022,4,0.13048902
5,CPV,2023,1,0.20306393
5,CPV,2023,2,0.26297504
5,CPV,2023,3,0.30282754
5,CPV,2023,4,0.34003321
5,CPV,2024,1,0.37362741
5,CPV,2024,2,0.4057152
5,CPV,2024,3,0.43216542
5,CPV,2024,4,0.4473876
5,IFPV,2022,1,0.7297335
5,IFPV,2022,2,1.38495267
5,IFPV,2022,3,2.04572439
5,IFPV,2022,4,2.70883771
5,IFPV,2023,1,2.59792313
5,IFPV,2023,2,2.6134803
5,IFPV,2023,3,2.60760706
5,IFPV,2023,4,2.5789503
5,IFPV,2024,1,2.52503669
5,IFPV,2024,2,2.47271634
5,IFPV,2024,3,2.40120319
5,IFPV,2024,4,2.36790156
5,IHPV,2022,1,0.01073445
5,IHPV,2022,2,0.02560524
5,IHPV,2022,3,0.05535971
5,IHPV,2022,4,0.09616787
5,IHPV,2023,1,0.13907049
5,IHPV,2023,2,0.19313156
5,IHPV,2023,3,0.24041142
5,IHPV,2023,4,0.2842111
5,IHPV,2024,1,0.32008711
5,IHPV,2024,2,0.34288007
5,IHPV,2024,3,0.35721023
5,IHPV,2024,4,0.37567385
5,IGV,2022,1,0.01668968
5,IGV,2022,2,0.03853957
5,IGV,2022,3,0.06660484
5,IGV,2022,4,0.0993981
5,IGV,2023,1,0.12208795
5,IGV,2023,2,0.1451863
5,IGV,2023,3,0.1681662
5,IGV,2023,4,0.19209936
5,IGV,2024,1,0.21353465
5,IGV,2024,2,0.23329742
5,IGV,2024,3,0.25101091
5,IGV,2024,4,0.26420284
5,CGV,2022,1,-0.0
5,CGV,2022,2,-0.00011592
5,CGV,2022,3,0.00047374
5,CGV,2022,4,0.00313244
5,CGV,2023,1,0.00951451
5,CGV,2023,2,0.02096771
5,CGV,2023,3,0.03694476
5,CGV,2023,4,0.05611037
5,CGV,2024,1,0.07654325
5,CGV,2024,2,0.09683327
5,CGV,2024,3,0.11628716
5,CGV,2024,4,0.13457831
5,XGSV,2022,1,-0.00073757
5,XGSV,2022,2,-0.00264516
5,XGSV,2022,3,-0.00651234
5,XGSV,2022,4,-0.01280525
5,XGSV,2023,1,-0.02117515
5,XGSV,2023,2,-0.03163945
5,XGSV,2023,3,-0.04364832
5,XGSV,2023,4,-0.05693802
5,XGSV,2024,1,-0.07102584
5,XGSV,2024,2,-0.08562305
5,XGSV,2024,3,-0.10021809
5,XGSV,2024,4,-0.11486296
5,MGSV,2022,1,0.01364743
5,MGSV,2022,2,0.03593276
5,MGSV,2022,3,0.0869237
5,MGSV,2022,4,0.16355126
5,MGSV,2023,1,0.23585453
5,MGSV,2023,2,0.30287872
5,MGSV,2023,3,0.33779262
5,MGSV,2023,4,0.34445224
5,MGSV,2024,1,0.35108143
5,MGSV,2024,2,0.35919837
5,MGSV,2024,3,0.368114
5,MGSV,2024,4,0.36469845
5,NIV,2022,1,0.18132163
5,NIV,2022,2,0.34035433
5,NIV,2022,3,0.52892623
5,NIV,2022,4,0.68498785
5,NIV,2023,1,0.64205653
5,NIV,2023,2,0.64571292
5,NIV,2023,3,0.63216715
5,NIV,2023,4,0.62669594
5,NIV,2024,1,0.6202303
5,NIV,2024,2,0.6087649
5,NIV,2024,3,0.55962104
5,NIV,2024,4,0.60688497
5,YWV,2022,1,0.09837813
5,YWV,2022,2,0.20212967
5,YWV,2022,3,0.33354469
5,YWV,2022,4,0.45854172
5,YWV,2023,1,0.46851801
5,YWV,2023,2,0.50207828
5,YWV,2023,3,0.51175363
5,YWV,2023,4,0.52400681
5,YWV,2024,1,0.53376807
5,YWV,2024,2,0.54653293
5,YWV,2024,3,0.52790407
5,YWV,2024,4,0.59069225
5,YCV,2022,1,0.78288863
5,YCV,2022,2,1.01448189
5,YCV,2022,3,1.70586102
5,YCV,2022,4,1.86169529
5,YCV,2023,1,1.20752936
5,YCV,2023,2,1.05315902
5,YCV,2023,3,0.86301429
5,YCV,2023,4,0.71386253
5,YCV,2024,1,0.61193781
5,YCV,2024,2,0.51185775
5,YCV,2024,3,0.36278158
5,YCV,2024,4,0.14778896
5,YDV,2022,1,0.08208873
5,YDV,2022,2,0.19717536
5,YDV,2022,3,0.32504842
5,YDV,2022,4,0.45333707
5,YDV,2023,1,0.49590034
5,YDV,2023,2,0.53075071
5,YDV,2023,3,0.55614347
5,YDV,2023,4,0.57902008
5,YDV,2024,1,0.60507786
5,YDV,2024,2,0.60775602
5,YDV,2024,3,0.59286833
5,YDV,2024,4,0.65329997
5,TAXV,2022,1,-5.02753558
5,TAXV,2022,2,-4.69898438
5,TAXV,2022,3,-4.56784567
5,TAXV,2022,4,-4.49168163
5,TAXV,2023,1,-4.2963069
5,TAXV,2023,2,-4.31545036
5,TAXV,2023,3,-4.48419335
5,TAXV,2023,4,-4.44577816
5,TAXV,2024,1,-4.440867
5,TAXV,2024,2,-4.78868318
5,TAXV,2024,3,-4.4351661
5,TAXV,2024,4,-4.3471102
5,TYPV,2022,1,0.09266708
5,TYPV,2022,2,0.20757698
5,TYPV,2022,3,0.35510372
5,TYPV,2022,4,0.52988886
5,TYPV,2023,1,0.61809373
5,TYPV,2023,2,0.68418313
5,TYPV,2023,3,0.72148308
5,TYPV,2023,4,0.73533767
5,TYPV,2024,1,0.73907665
5,TYPV,2024,2,0.73508327
5,TYPV,2024,3,0.72307433
5,TYPV,2024,4,0.71259445
5,TYCV,2022,1,-19.56662546
5,TYCV,2022,2,-17.51442484
5,TYCV,2022,3,-17.31229
5,TYCV,2022,4,-17.12801322
5,TYCV,2023,1,-16.32049135
5,TYCV,2023,2,-17.95138912
5,TYCV,2023,3,-17.96159512
5,TYCV,2023,4,-17.89950522
5,TYCV,2024,1,-17.03312674
5,TYCV,2024,2,-18.50829356
5,TYCV,2024,3,-17.61285863
5,TYCV,2024,4,-18.05201652
5,TCIV,2022,1,0.12172996
5,TCIV,2022,2,0.24409262
5,TCIV,2022,3,0.38414525
5,TCIV,2022,4,0.52883791
5,TCIV,2023,1,0.5512416
5,TCIV,2023,2,0.59049826
5,TCIV,2023,3,0.61617251
5,TCIV,2023,4,0.64207341
5,TCIV,2024,1,0.65410097
5,TCIV,2024,2,0.66710418
5,TCIV,2024,3,0.67277584
5,TCIV,2024,4,0.67698886
5,WIPH,2022,1,0.0511994
5,WIPH,2022,2,0.106925
5,WIPH,2022,3,0.17914128
5,WIPH,2022,4,0.24999436
5,WIPH,2023,1,0.26728484
5,WIPH,2023,2,0.29327111
5,WIPH,2023,3,0.31363111
5,WIPH,2023,4,0.33324383
5,WIPH,2024,1,0.36098311
5,WIPH,2024,2,0.37765635
5,WIPH,2024,3,0.38139586
5,WIPH,2024,4,0.43671725
5,LE,2022,1,0.02193448
5,LE,2022,2,0.04701583
5,LE,2022,3,0.07989876
5,LE,2022,4,0.11145412
5,LE,2023,1,0.11680193
5,LE,2023,2,0.12485872
5,LE,2023,3,0.12320385
5,LE,2023,4,0.12118171
5,LE,2024,1,0.11877917
5,LE,2024,2,0.11658239
5,LE,2024,3,0.10596077
5,LE,2024,4,0.11815548
5,LF,2022,1,0.01929053
5,LF,2022,2,0.04081877
5,LF,2022,3,0.06967373
5,LF,2022,4,0.09722953
5,LF,2023,1,0.10136698
5,LF,2023,2,0.10933873
5,LF,2023,3,0.10820148
5,LF,2023,4,0.10701573
5,LF,2024,1,0.10571953
5,LF,2024,2,0.10482894
5,LF,2024,3,0.09565234
5,LF,2024,4,0.1097121
5,LH,2022,1,0.03108618
5,LH,2022,2,0.05843854
5,LH,2022,3,0.09177368
5,LH,2022,4,0.121042
5,LH,2023,1,0.11229204
5,LH,2023,2,0.10911837
5,LH,2023,3,0.10197073
5,LH,2023,4,0.09595399
5,LH,2024,1,0.08549849
5,LH,2024,2,0.07938828
5,LH,2024,3,0.06958553
5,LH,2024,4,0.06482323
5,UR,2022,1,-0.00257437
5,UR,2022,2,-0.00603093
5,UR,2022,3,-0.00993656
5,UR,2022,4,-0.0138361
5,UR,2023,1,-0.01500646
5,UR,2023,2,-0.01509301
5,UR,2023,3,-0.01459564
5,UR,2023,4,-0.01378703
5,UR,2024,1,-0.01270952
5,UR,2024,2,-0.01140624
5,UR,2024,3,-0.01004788
5,UR,2024,4,-0.00825796
5,CUX,2022,1,0.23801527
5,CUX,2022,2,0.44426973
5,CUX,2022,3,0.64471035
5,CUX,2022,4,0.81818738
5,CUX,2023,1,0.74379164
5,CUX,2023,2,0.67928135
5,CUX,2023,3,0.62256006
5,CUX,2023,4,0.56723642
5,CUX,2024,1,0.50091746
5,CUX,2024,2,0.43501151
5,CUX,2024,3,0.3737599
5,CUX,2024,4,0.27727999
5,GDPPOT,2022,1,0.01152449
5,GDPPOT,2022,2,0.03301346
5,GDPPOT,2022,3,0.06663283
5,GDPPOT,2022,4,0.10703736
5,GDPPOT,2023,1,0.14045949
5,GDPPOT,2023,2,0.17406521
5,GDPPOT,2023,3,0.2009128
5,GDPPOT,2023,4,0.22648996
5,GDPPOT,2024,1,0.25095596
5,GDPPOT,2024,2,0.27362931
5,GDPPOT,2024,3,0.2898331
5,GDPPOT,2024,4,0.3182369
5,GDPGAP,2022,1,0.11229851
5,GDPGAP,2022,2,0.21135595
5,GDPGAP,2022,3,0.30909014
5,GDPGAP,2022,4,0.39606005
5,GDPGAP,2023,1,0.36370122
5,GDPGAP,2023,2,0.33458668
5,GDPGAP,2023,3,0.30250342
5,GDPGAP,2023,4,0.27723672
5,GDPGAP,2024,1,0.2434553
5,GDPGAP,2024,2,0.21196886
5,GDPGAP,2024,3,0.18203005
5,GDPGAP,2024,4,0.14026966
5,RCD,2022,1,0.00799722
5,RCD,2022,2,0.02151689
5,RCD,2022,3,0.04079668
5,RCD,2022,4,0.06357462
5,RCD,2023,1,0.08066746
5,RCD,2023,2,0.09496268
5,RCD,2023,3,0.10344333
5,RCD,2023,4,0.10796281
5,RCD,2024,1,0.10832966
5,RCD,2024,2,0.10592238
5,RCD,2024,3,0.09970266
5,RCD,2024,4,0.09567096
5,RGB,2022,1,0.00407946
5,RGB,2022,2,0.01046708
5,RGB,2022,3,0.01943034
5,RGB,2022,4,0.02980112
5,RGB,2023,1,0.03707138
5,RGB,2023,2,0.04335427
5,RGB,2023,3,0.04701354
5,RGB,2023,4,0.04928916
5,RGB,2024,1,0.05006268
5,RGB,2024,2,0.050085
5,RGB,2024,3,0.04872402
5,RGB,2024,4,0.04901786
5,PERR,2022,1,-6.50292411
5,PERR,2022,2,-7.88665589
5,PERR,2022,3,-7.85348204
5,PERR,2022,4,-8.49117432
5,PERR,2023,1,-9.67206586
5,PERR,2023,2,-6.98705878
5,PERR,2023,3,-6.57167706
5,PERR,2023,4,-5.69961467
5,PERR,2024,1,-5.37956737
5,PERR,2024,2,-5.14453417
5,PERR,2024,3,-5.4429613
5,PERR,2024,4,-5.31912375
5,UCC,2022,1,0.89565991
5,UCC,2022,2,0.98944306
5,UCC,2022,3,0.98064153
5,UCC,2022,4,0.86651696
5,UCC,2023,1,0.78443418
5,UCC,2023,2,0.60174554
5,UCC,2023,3,0.69230604
5,UCC,2023,4,0.81852742
5,UCC,2024,1,1.33347567
5,UCC,2024,2,1.25894775
5,UCC,2024,3,1.48183343
5,UCC,2024,4,0.97006506
5,FXS,2022,1,-0.00184708
5,FXS,2022,2,-0.00658007
5,FXS,2022,3,-0.01606303
5,FXS,2022,4,-0.03123616
5,FXS,2023,1,-0.05086324
5,FXS,2023,2,-0.07456257
5,FXS,2023,3,-0.10054857
5,FXS,2023,4,-0.12787999
5,FXS,2024,1,-0.15528484
5,FXS,2024,2,-0.18221695
5,FXS,2024,3,-0.20774318
5,FXS,2024,4,-0.23245661
5,PSHARE,2022,1,-0.00613158
5,PSHARE,2022,2,-0.08271566
5,PSHARE,2022,3,-0.2675084
5,PSHARE,2022,4,-0.58959559
5,PSHARE,2023,1,-1.03885385
5,PSHARE,2023,2,-1.51971796
5,PSHARE,2023,3,-1.96489361
5,PSHARE,2023,4,-2.31818004
5,PSHARE,2024,1,-2.55612701
5,PSHARE,2024,2,-2.68823361
5,PSHARE,2024,3,-2.71670584
5,PSHARE,2024,4,-2.67306996
5,PLAND,2022,1,-0.00010476
5,PLAND,2022,2,0.00015553
5,PLAND,2022,3,0.00078247
5,PLAND,2022,4,0.00333063
5,PLAND,2023,1,0.00913041
5,PLAND,2023,2,0.0188481
5,PLAND,2023,3,0.03341927
5,PLAND,2023,4,0.05209708
5,PLAND,2024,1,0.0744287
5,PLAND,2024,2,0.09886621
5,PLAND,2024,3,0.12476419
5,PLAND,2024,4,0.15083368
5,M2CD,2022,1,0.09553867
5,M2CD,2022,2,0.1683785
5,M2CD,2022,3,0.23799173
5,M2CD,2022,4,0.29551936
5,M2CD,2023,1,0.25454316
5,M2CD,2023,2,0.23674378
5,M2CD,2023,3,0.23685158
5,M2CD,2023,4,0.25095404
5,M2CD,2024,1,0.26969043
5,M2CD,2024,2,0.29680126
5,M2CD,2024,3,0.32834067
5,M2CD,2024,4,0.35007055
5,BGVATGDPV,2022,1,-0.97746126
5,BGVATGDPV,2022,2,-0.95129013
5,BGVATGDPV,2022,3,-0.90923069
5,BGVATGDPV,2022,4,-0.86301264
5,BGVATGDPV,2023,1,-0.83016079
5,BGVATGDPV,2023,2,-0.8345766
5,BGVATGDPV,2023,3,-0.83226323
5,BGVATGDPV,2023,4,-0.8409825
5,BGVATGDPV,2024,1,-0.85228042
5,BGVATGDPV,2024,2,-0.86352728
5,BGVATGDPV,2024,3,-0.87250857
5,BGVATGDPV,2024,4,-0.88082456
5,SBGVATGDPV,2022,1,-0.0785709
5,SBGVATGDPV,2022,2,-0.16426881
5,SBGVATGDPV,2022,3,-0.29591332
5,SBGVATGDPV,2022,4,-0.39270704
5,SBGVATGDPV,2023,1,-0.21382729
5,SBGVATGDPV,2023,2,-0.05388497
5,SBGVATGDPV,2023,3,0.14384161
5,SBGVATGDPV,2023,4,0.28292704
5,SBGVATGDPV,2024,1,0.46595881
5,SBGVATGDPV,2024,2,0.6760463
5,SBGVATGDPV,2024,3,0.86884635
5,SBGVATGDPV,2024,4,1.08105095
5,BCVATGDPV,2022,1,-0.00775532
5,BCVATGDPV,2022,2,-0.01460123
5,BCVATGDPV,2022,3,-0.02870027
5,BCVATGDPV,2022,4,-0.05942733
5,BCVATGDPV,2023,1,-0.07466346
5,BCVATGDPV,2023,2,-0.10557402
5,BCVATGDPV,2023,3,-0.12431274
5,BCVATGDPV,2023,4,-0.13765938
5,BCVATGDPV,2024,1,-0.14381034
5,BCVATGDPV,2024,2,-0.15864146
5,BCVATGDPV,2024,3,-0.16552089
5,BCVATGDPV,2024,4,-0.17121321
5,KFP,2022,1,0.02143073
5,KFP,2022,2,0.06211999
5,KFP,2022,3,0.12159494
5,KFP,2022,4,0.19850489
5,KFP,2023,1,0.27020304
5,KFP,2023,2,0.33866414
5,KFP,2023,3,0.40406476
5,KFP,2023,4,0.46689011
5,KFP,2024,1,0.52467105
5,KFP,2024,2,0.57871171
5,KFP,2024,3,0.62850983
5,KFP,2024,4,0.67473945
5,KHP,2022,1,0.00015663
5,KHP,2022,2,0.00051902
5,KHP,2022,3,0.00126654
5,KHP,2022,4,0.00246917
5,KHP,2023,1,0.0040439
5,KHP,2023,2,0.00610217
5,KHP,2023,3,0.00840707
5,KHP,2023,4,0.01092748
5,KHP,2024,1,0.01352385
5,KHP,2024,2,0.01606235
5,KHP,2024,3,0.01849653
5,KHP,2024,4,0.02090722
5,KG,2022,1,-0.0
5,KG,2022,2,0.0
5,KG,2022,3,-0.0
5,KG,2022,4,-0.0
5,KG,2023,1,-0.0
5,KG,2023,2,0.0
5,KG,2023,3,0.0
5,KG,2023,4,0.0
5,KG,2024,1,0.0
5,KG,2024,2,0.0
5,KG,2024,3,0.0
5,KG,2024,4,0.0
5,BCVATGDPV,2022,0,-0.02762104
5,BCVATGDPV,2023,0,-0.1105524
5,BCVATGDPV,2024,0,-0.15979648
5,BGVATGDPV,2022,0,-0.92524868
5,BGVATGDPV,2023,0,-0.83449578
5,BGVATGDPV,2024,0,-0.86728521
5,CG,2022,0,0.0
5,CG,2023,0,0.0
5,CG,2024,0,0.0
5,CGPI,2022,0,0.00662097
5,CGPI,2023,0,0.04420408
5,CGPI,2024,0,0.08746366
5,CGV,2022,0,0.00087256
5,CGV,2023,0,0.03088434
5,CGV,2024,0,0.1060605
5,CP,2022,0,0.05084864
5,CP,2023,0,0.22133265
5,CP,2024,0,0.26911673
5,CPV,2022,0,0.05388474
5,CPV,2023,0,0.27722493
5,CPV,2024,0,0.41472391
5,CUX,2022,0,0.53629568
5,CUX,2023,0,0.65321737
5,CUX,2024,0,0.39674221
5,FXS,2022,0,-0.01393159
5,FXS,2023,0,-0.08846359
5,FXS,2024,0,-0.19442539
5,GDP,2022,0,0.31245947
5,GDP,2023,0,0.50730455
5,GDP,2024,0,0.48218003
5,GDPD,2022,0,0.50408947
5,GDPD,2023,0,0.00381944
5,GDPD,2024,0,-0.04573047
5,GDPGAP,2022,0,0.25720117
5,GDPGAP,2023,0,0.31950701
5,GDPGAP,2024,0,0.19443097
5,GDPPOT,2022,0,0.05455203
5,GDPPOT,2023,0,0.18548187
5,GDPPOT,2024,0,0.28316382
5,GDPV,2022,0,0.34099478
5,GDPV,2023,0,0.58976713
5,GDPV,2024,0,0.64117418
5,IFP,2022,0,1.65317146
5,IFP,2023,0,2.43314831
5,IFP,2024,0,2.21008326
5,IFPV,2022,0,1.71731207
5,IFPV,2023,0,2.5994902
5,IFPV,2024,0,2.44171445
5,IG,2022,0,0.0
5,IG,2023,0,0.0
5,IG,2024,0,0.0
5,IGV,2022,0,0.05530805
5,IGV,2023,0,0.15688495
5,IGV,2024,0,0.24051145
5,IHP,2022,0,0.04736126
5,IHP,2023,0,0.16116683
5,IHP,2024,0,0.19983595
5,IHPV,2022,0,0.04696682
5,IHPV,2023,0,0.21420614
5,IHPV,2024,0,0.34896281
5,KFP,2022,0,0.10091264
5,KFP,2023,0,0.36995551
5,KFP,2024,0,0.60165801
5,KG,2022,0,-0.0
5,KG,2023,0,0.0
5,KG,2024,0,0.0
5,KHP,2022,0,0.00110284
5,KHP,2023,0,0.00737016
5,KHP,2024,0,0.01724749
5,LE,2022,0,0.0650758
5,LE,2023,0,0.12151155
5,LE,2024,0,0.11486945
5,LF,2022,0,0.05675314
5,LF,2023,0,0.10648073
5,LF,2024,0,0.10397823
5,LH,2022,0,0.0755851
5,LH,2023,0,0.10483378
5,LH,2024,0,0.07482388
5,M2CD,2022,0,0.19935707
5,M2CD,2023,0,0.24477314
5,M2CD,2024,0,0.31122573
5,MGS,2022,0,0.09002563
5,MGS,2023,0,0.36429576
5,MGS,2024,0,0.4645741
5,MGSV,2022,0,0.07501379
5,MGSV,2023,0,0.30524453
5,MGSV,2024,0,0.36077306
5,NIV,2022,0,0.43389751
5,NIV,2023,0,0.63665813
5,NIV,2024,0,0.59887531
5,PCP,2022,0,0.0030327
5,PCP,2023,0,0.05576262
5,PCP,2024,0,0.14521524
5,PERR,2022,0,-7.68355909
5,PERR,2023,0,-7.23260409
5,PERR,2024,0,-5.32154665
5,PGDP,2022,0,0.02842395
5,PGDP,2023,0,0.08204611
5,PGDP,2024,0,0.15823374
5,PIFP,2022,0,0.06285864
5,PIFP,2023,0,0.1623966
5,PIFP,2024,0,0.2266327
5,PIHP,2022,0,-0.00039488
5,PIHP,2023,0,0.05294677
5,PIHP,2024,0,0.14883037
5,PLAND,2022,0,0.00104097
5,PLAND,2023,0,0.02837372
5,PLAND,2024,0,0.11222319
5,PMGS,2022,0,-0.01498978
5,PMGS,2023,0,-0.05883001
5,PMGS,2024,0,-0.10331955
5,PSHARE,2022,0,-0.23648781
5,PSHARE,2023,0,-1.71041137
5,PSHARE,2024,0,-2.65853411
5,PXGS,2022,0,-0.00556346
5,PXGS,2023,0,-0.03533513
5,PXGS,2024,0,-0.07768316
5,RCD,2022,0,0.03347135
5,RCD,2023,0,0.09675907
5,RCD,2024,0,0.10240641
5,RGB,2022,0,0.0159445
5,RGB,2023,0,0.04418209
5,RGB,2024,0,0.04947239
5,SBGVATGDPV,2022,0,-0.23286502
5,SBGVATGDPV,2023,0,0.0397641
5,SBGVATGDPV,2024,0,0.7729756
5,TAXV,2022,0,-4.69651181
5,TAXV,2023,0,-4.38543219
5,TAXV,2024,0,-4.50295662
5,TCIV,2022,0,0.31970144
5,TCIV,2023,0,0.59999645
5,TCIV,2024,0,0.66774246
5,TYCV,2022,0,-17.88033838
5,TYCV,2023,0,-17.5332452
5,TYCV,2024,0,-17.80157386
5,TYPV,2022,0,0.29630916
5,TYPV,2023,0,0.6897744
5,TYPV,2024,0,0.72745718
5,UCC,2022,0,0.93306536
5,UCC,2023,0,0.72425329
5,UCC,2024,0,1.26108047
5,UR,2022,0,-0.00809449
5,UR,2023,0,-0.01462054
5,UR,2024,0,-0.0106054
5,WIPH,2022,0,0.14681501
5,WIPH,2023,0,0.30185772
5,WIPH,2024,0,0.38918814
5,XGS,2022,0,-0.00011163
5,XGS,2023,0,-0.00301638
5,XGS,2024,0,-0.01526174
5,XGSV,2022,0,-0.00567508
5,XGSV,2023,0,-0.03835024
5,XGSV,2024,0,-0.09293248
5,YCV,2022,0,1.34123171
5,YCV,2023,0,0.9593913
5,YCV,2024,0,0.40859152
5,YDV,2022,0,0.26441239
5,YDV,2023,0,0.54045365
5,YDV,2024,0,0.61475054
5,YWV,2022,0,0.27314855
5,YWV,2023,0,0.50158918
5,YWV,2024,0,0.54972433
6,GDP,2022,1,-0.36034297
6,GDP,2022,2,-0.11918122
6,GDP,2022,3,-0.23225565
6,GDP,2022,4,-0.20206349
6,GDP,2023,1,-0.21871072
6,GDP,2023,2,-0.22802335
6,GDP,2023,3,-0.22450146
6,GDP,2023,4,-0.22415068
6,GDP,2024,1,-0.23071798
6,GDP,2024,2,-0.22627521
6,GDP,2024,3,-0.22151769
6,GDP,2024,4,-0.21983554
6,CP,2022,1,-0.55615906
6,CP,2022,2,-0.31367815
6,CP,2022,3,-0.51266101
6,CP,2022,4,-0.48750174
6,CP,2023,1,-0.50068488
6,CP,2023,2,-0.51267413
6,CP,2023,3,-0.5104095
6,CP,2023,4,-0.51640323
6,CP,2024,1,-0.51884836
6,CP,2024,2,-0.52701276
6,CP,2024,3,-0.53589237
6,CP,2024,4,-0.54557652
6,IFP,2022,1,-0.0050764
6,IFP,2022,2,-0.0002753
6,IFP,2022,3,-0.01596965
6,IFP,2022,4,-0.03143978
6,IFP,2023,1,-0.04587028
6,IFP,2023,2,-0.04598218
6,IFP,2023,3,-0.03650061
6,IFP,2023,4,-0.03106252
6,IFP,2024,1,-0.02669395
6,IFP,2024,2,-0.00930657
6,IFP,2024,3,0.0155804
6,IFP,2024,4,0.0487697
6,IHP,2022,1,-1.37186708
6,IHP,2022,2,-1.32678918
6,IHP,2022,3,-1.4469826
6,IHP,2022,4,-1.45034008
6,IHP,2023,1,-1.45763247
6,IHP,2023,2,-1.49372672
6,IHP,2023,3,-1.49781858
6,IHP,2023,4,-1.51760055
6,IHP,2024,1,-1.51121869
6,IHP,2024,2,-1.5156819
6,IHP,2024,3,-1.5046039
6,IHP,2024,4,-1.51504812
6,IG,2022,1,0.0
6,IG,2022,2,0.0
6,IG,2022,3,0.0
6,IG,2022,4,0.0
6,IG,2023,1,0.0
6,IG,2023,2,0.0
6,IG,2023,3,0.0
6,IG,2023,4,0.0
6,IG,2024,1,0.0
6,IG,2024,2,0.0
6,IG,2024,3,0.0
6,IG,2024,4,0.0
6,CG,2022,1,0.0
6,CG,2022,2,0.0
6,CG,2022,3,0.0
6,CG,2022,4,0.0
6,CG,2023,1,0.0
6,CG,2023,2,0.0
6,CG,2023,3,0.0
6,CG,2023,4,0.0
6,CG,2024,1,0.0
6,CG,2024,2,0.0
6,CG,2024,3,0.0
6,CG,2024,4,0.0
6,XGS,2022,1,-6.005e-05
6,XGS,2022,2,-0.00015957
6,XGS,2022,3,-0.00032241
6,XGS,2022,4,-0.00053551
6,XGS,2023,1,-0.00074588
6,XGS,2023,2,-0.0009152
6,XGS,2023,3,-0.00103704
6,XGS,2023,4,-0.001106
6,XGS,2024,1,-0.00114197
6,XGS,2024,2,-0.00119483
6,XGS,2024,3,-0.00121516
6,XGS,2024,4,-0.00115788
6,MGS,2022,1,0.02567238
6,MGS,2022,2,-0.62130268
6,MGS,2022,3,-0.63257433
6,MGS,2022,4,-0.74935281
6,MGS,2023,1,-0.73884219
6,MGS,2023,2,-0.76131846
6,MGS,2023,3,-0.77257466
6,MGS,2023,4,-0.78108342
6,MGS,2024,1,-0.78178908
6,MGS,2024,2,-0.79737175
6,MGS,2024,3,-0.81568461
6,MGS,2024,4,-0.83067757
6,GDPD,2022,1,-2.77458212
6,GDPD,2022,2,0.97736115
6,GDPD,2022,3,-0.45162601
6,GDPD,2022,4,0.12165304
6,GDPD,2023,1,-0.06730678
6,GDPD,2023,2,-0.03735665
6,GDPD,2023,3,0.01394323
6,GDPD,2023,4,0.00141295
6,GDPD,2024,1,-0.02630341
6,GDPD,2024,2,0.01779158
6,GDPD,2024,3,0.01923253
6,GDPD,2024,4,0.00677045
6,PGDP,2022,1,0.42899284
6,PGDP,2022,2,0.46908969
6,PGDP,2022,3,0.47078657
6,PGDP,2022,4,0.47007237
6,PGDP,2023,1,0.44845008
6,PGDP,2023,2,0.42669429
6,PGDP,2023,3,0.41219212
6,PGDP,2023,4,0.40035461
6,PGDP,2024,1,0.38865345
6,PGDP,2024,2,0.37614277
6,PGDP,2024,3,0.3611347
6,PGDP,2024,4,0.34433659
6,PCP,2022,1,0.4971662
6,PCP,2022,2,0.50042652
6,PCP,2022,3,0.50067532
6,PCP,2022,4,0.49549857
6,PCP,2023,1,0.48415488
6,PCP,2023,2,0.47122368
6,PCP,2023,3,0.45751662
6,PCP,2023,4,0.44323832
6,PCP,2024,1,0.42863209
6,PCP,2024,2,0.41431292
6,PCP,2024,3,0.39983334
6,PCP,2024,4,0.38524814
6,PIFP,2022,1,0.14489393
6,PIFP,2022,2,0.1559243
6,PIFP,2022,3,0.12788034
6,PIFP,2022,4,0.12523158
6,PIFP,2023,1,0.1048957
6,PIFP,2023,2,0.09136197
6,PIFP,2023,3,0.0744681
6,PIFP,2023,4,0.06025572
6,PIFP,2024,1,0.0427634
6,PIFP,2024,2,0.02918826
6,PIFP,2024,3,0.01356276
6,PIFP,2024,4,0.00010389
6,PIHP,2022,1,0.7451058
6,PIHP,2022,2,0.75296346
6,PIHP,2022,3,0.75685178
6,PIHP,2022,4,0.75243776
6,PIHP,2023,1,0.7374412
6,PIHP,2023,2,0.7209072
6,PIHP,2023,3,0.70384108
6,PIHP,2023,4,0.68869842
6,PIHP,2024,1,0.67205186
6,PIHP,2024,2,0.65650108
6,PIHP,2024,3,0.64011888
6,PIHP,2024,4,0.62459442
6,PXGS,2022,1,-0.0018159
6,PXGS,2022,2,-0.00265483
6,PXGS,2022,3,-0.00226826
6,PXGS,2022,4,-0.00224279
6,PXGS,2023,1,-0.00229113
6,PXGS,2023,2,-0.00248004
6,PXGS,2023,3,-0.00270544
6,PXGS,2023,4,-0.00296713
6,PXGS,2024,1,-0.00304549
6,PXGS,2024,2,-0.00159153
6,PXGS,2024,3,0.0007239
6,PXGS,2024,4,0.00422041
6,PMGS,2022,1,-0.00408506
6,PMGS,2022,2,0.06642237
6,PMGS,2022,3,0.0755636
6,PMGS,2022,4,0.07628391
6,PMGS,2023,1,0.05410033
6,PMGS,2023,2,0.03742765
6,PMGS,2023,3,0.03051363
6,PMGS,2023,4,0.04140688
6,PMGS,2024,1,0.03336834
6,PMGS,2024,2,0.03603933
6,PMGS,2024,3,0.03283484
6,PMGS,2024,4,0.03125794
6,CGPI,2022,1,0.86279589
6,CGPI,2022,2,0.85020183
6,CGPI,2022,3,0.8612246
6,CGPI,2022,4,0.85207844
6,CGPI,2023,1,0.84089407
6,CGPI,2023,2,0.82762392
6,CGPI,2023,3,0.81704294
6,CGPI,2023,4,0.80981239
6,CGPI,2024,1,0.79913865
6,CGPI,2024,2,0.7901034
6,CGPI,2024,3,0.78087204
6,CGPI,2024,4,0.77126714
6,GDPV,2022,1,0.06710403
6,GDPV,2022,2,0.3493494
6,GDPV,2022,3,0.23743749
6,GDPV,2022,4,0.26705903
6,GDPV,2023,1,0.22875855
6,GDPV,2023,2,0.19769797
6,GDPV,2023,3,0.18676529
6,GDPV,2023,4,0.17530652
6,GDPV,2024,1,0.15703878
6,GDPV,2024,2,0.14901644
6,GDPV,2024,3,0.13881703
6,GDPV,2024,4,0.12374408
6,CPV,2022,1,-0.06175789
6,CPV,2022,2,0.18517864
6,CPV,2022,3,-0.01455246
6,CPV,2022,4,0.00558127
6,CPV,2023,1,-0.01895409
6,CPV,2023,2,-0.04386629
6,CPV,2023,3,-0.05522808
6,CPV,2023,4,-0.07545381
6,CPV,2024,1,-0.09244022
6,CPV,2024,2,-0.11488332
6,CPV,2024,3,-0.1382017
6,CPV,2024,4,-0.16243021
6,IFPV,2022,1,0.13981017
6,IFPV,2022,2,0.15564857
6,IFPV,2022,3,0.11189028
6,IFPV,2022,4,0.09375243
6,IFPV,2023,1,0.05897731
6,IFPV,2023,2,0.04533778
6,IFPV,2023,3,0.03794031
6,IFPV,2023,4,0.02917448
6,IFPV,2024,1,0.01605804
6,IFPV,2024,2,0.01987897
6,IFPV,2024,3,0.02914527
6,IFPV,2024,4,0.04887364
6,IHPV,2022,1,-0.63698314
6,IHPV,2022,2,-0.58381596
6,IHPV,2022,3,-0.70108233
6,IHPV,2022,4,-0.70881522
6,IHPV,2023,1,-0.73094044
6,IHPV,2023,2,-0.7835879
6,IHPV,2023,3,-0.80451976
6,IHPV,2023,4,-0.83935381
6,IHPV,2024,1,-0.849323
6,IHPV,2024,2,-0.86913129
6,IHPV,2024,3,-0.87411627
6,IHPV,2024,4,-0.89991661
6,IGV,2022,1,0.4031052
6,IGV,2022,2,0.41511859
6,IGV,2022,3,0.39147358
6,IGV,2022,4,0.38834671
6,IGV,2023,1,0.36665581
6,IGV,2023,2,0.35033531
6,IGV,2023,3,0.33079522
6,IGV,2023,4,0.31400514
6,IGV,2024,1,0.29390915
6,IGV,2024,2,0.27752896
6,IGV,2024,3,0.25914058
6,IGV,2024,4,0.24286765
6,CGV,2022,1,0.45782832
6,CGV,2022,2,0.46050157
6,CGV,2022,3,0.46240304
6,CGV,2022,4,0.46263158
6,CGV,2023,1,0.45831887
6,CGV,2023,2,0.44967124
6,CGV,2023,3,0.4396218
6,CGV,2023,4,0.42823547
6,CGV,2024,1,0.41628545
6,CGV,2024,2,0.40387961
6,CGV,2024,3,0.3916035
6,CGV,2024,4,0.37907692
6,XGSV,2022,1,-0.00187595
6,XGSV,2022,2,-0.0028144
6,XGSV,2022,3,-0.00259067
6,XGSV,2022,4,-0.00277829
6,XGSV,2023,1,-0.00303699
6,XGSV,2023,2,-0.00339521
6,XGSV,2023,3,-0.00374246
6,XGSV,2023,4,-0.0040731
6,XGSV,2024,1,-0.00418743
6,XGSV,2024,2,-0.00278634
6,XGSV,2024,3,-0.00049127
6,XGSV,2024,4,0.00306249
6,MGSV,2022,1,0.02158628
6,MGSV,2022,2,-0.55529299
6,MGSV,2022,3,-0.55748872
6,MGSV,2022,4,-0.67364054
6,MGSV,2023,1,-0.68514158
6,MGSV,2023,2,-0.72417575
6,MGSV,2023,3,-0.74229677
6,MGSV,2023,4,-0.73999996
6,MGSV,2024,1,-0.74868161
6,MGSV,2024,2,-0.76161979
6,MGSV,2024,3,-0.7831176
6,MGSV,2024,4,-0.79967929
6,NIV,2022,1,-0.55304552
6,NIV,2022,2,-0.24751199
6,NIV,2022,3,-0.41698968
6,NIV,2022,4,-0.35760406
6,NIV,2023,1,-0.41028785
6,NIV,2023,2,-0.40818818
6,NIV,2023,3,-0.42053125
6,NIV,2023,4,-0.41567348
6,NIV,2024,1,-0.44095901
6,NIV,2024,2,-0.47155526
6,NIV,2024,3,-0.45390852
6,NIV,2024,4,-0.51461766
6,YWV,2022,1,-0.26762521
6,YWV,2022,2,-0.06602722
6,YWV,2022,3,-0.12238458
6,YWV,2022,4,-0.18276145
6,YWV,2023,1,-0.13764779
6,YWV,2023,2,-0.18496122
6,YWV,2023,3,-0.15922654
6,YWV,2023,4,-0.20239922
6,YWV,2024,1,-0.19507577
6,YWV,2024,2,-0.24490768
6,YWV,2024,3,-0.22475846
6,YWV,2024,4,-0.28800005
6,YCV,2022,1,-2.92948386
6,YCV,2022,2,-0.97598068
6,YCV,2022,3,-2.29617089
6,YCV,2022,4,-1.27690463
6,YCV,2023,1,-1.60367367
6,YCV,2023,2,-1.40576006
6,YCV,2023,3,-1.57102372
6,YCV,2023,4,-1.25076731
6,YCV,2024,1,-1.45651271
6,YCV,2024,2,-1.50048321
6,YCV,2024,3,-1.18571485
6,YCV,2024,4,-1.98947394
6,YDV,2022,1,-0.17032751
6,YDV,2022,2,-0.10067342
6,YDV,2022,3,-0.10534031
6,YDV,2022,4,-0.18052654
6,YDV,2023,1,-0.13884659
6,YDV,2023,2,-0.18270021
6,YDV,2023,3,-0.16400195
6,YDV,2023,4,-0.20400573
6,YDV,2024,1,-0.20166322
6,YDV,2024,2,-0.25583317
6,YDV,2024,3,-0.24717499
6,YDV,2024,4,-0.30456631
6,TAXV,2022,1,2.30187675
6,TAXV,2022,2,2.06427567
6,TAXV,2022,3,1.96972386
6,TAXV,2022,4,1.82583306
6,TAXV,2023,1,1.61137501
6,TAXV,2023,2,1.58563641
6,TAXV,2023,3,1.63680627
6,TAXV,2023,4,1.61269402
6,TAXV,2024,1,1.57974507
6,TAXV,2024,2,1.82735139
6,TAXV,2024,3,1.64715307
6,TAXV,2024,4,1.59967463
6,TYPV,2022,1,-0.18611758
6,TYPV,2022,2,-0.09309393
6,TYPV,2022,3,-0.18654725
6,TYPV,2022,4,-0.26570125
6,TYPV,2023,1,-0.27044642
6,TYPV,2023,2,-0.2976526
6,TYPV,2023,3,-0.31201364
6,TYPV,2023,4,-0.31486143
6,TYPV,2024,1,-0.33594855
6,TYPV,2024,2,-0.34586436
6,TYPV,2024,3,-0.36609464
6,TYPV,2024,4,-0.38425758
6,TYCV,2022,1,0.48267863
6,TYCV,2022,2,-0.18685356
6,TYCV,2022,3,-0.49730329
6,TYCV,2022,4,-1.07824169
6,TYCV,2023,1,-1.89868636
6,TYCV,2023,2,-1.63182123
6,TYCV,2023,3,-1.75907091
6,TYCV,2023,4,-1.6308839
6,TYCV,2024,1,-1.62424064
6,TYCV,2024,2,-1.59908948
6,TYCV,2024,3,-1.63076092
6,TYCV,2024,4,-1.53363745
6,TCIV,2022,1,8.75938777
6,TCIV,2022,2,8.89422553
6,TCIV,2022,3,8.77660904
6,TCIV,2022,4,8.78381337
6,TCIV,2023,1,8.76285054
6,TCIV,2023,2,8.74051344
6,TCIV,2023,3,8.73006253
6,TCIV,2023,4,8.71381984
6,TCIV,2024,1,8.69904629
6,TCIV,2024,2,8.68697091
6,TCIV,2024,3,8.67263487
6,TCIV,2024,4,8.65873103
6,WIPH,2022,1,-0.13836409
6,WIPH,2022,2,-0.03065621
6,WIPH,2022,3,-0.04281624
6,WIPH,2022,4,-0.09186341
6,WIPH,2023,1,-0.05954903
6,WIPH,2023,2,-0.09381868
6,WIPH,2023,3,-0.08086941
6,WIPH,2023,4,-0.1151266
6,WIPH,2024,1,-0.11703121
6,WIPH,2024,2,-0.15559038
6,WIPH,2024,3,-0.1481892
6,WIPH,2024,4,-0.19743367
6,LE,2022,1,-0.05660487
6,LE,2022,2,-0.01131484
6,LE,2022,3,-0.02939108
6,LE,2022,4,-0.04764967
6,LE,2023,1,-0.03325685
6,LE,2023,2,-0.04361604
6,LE,2023,3,-0.03301181
6,LE,2023,4,-0.04239911
6,LE,2024,1,-0.03643655
6,LE,2024,2,-0.0470336
6,LE,2024,3,-0.0375177
6,LE,2024,4,-0.05117232
6,LF,2022,1,-0.05243747
6,LF,2022,2,-0.00687783
6,LF,2022,3,-0.02205805
6,LF,2022,4,-0.03962221
6,LF,2023,1,-0.0248695
6,LF,2023,2,-0.03414317
6,LF,2023,3,-0.02342607
6,LF,2023,4,-0.03246864
6,LF,2024,1,-0.02643925
6,LF,2024,2,-0.037045
6,LF,2024,3,-0.02768172
6,LF,2024,4,-0.04156818
6,LH,2022,1,-0.08887251
6,LH,2022,2,-0.0274616
6,LH,2022,3,-0.05669578
6,LH,2022,4,-0.05317365
6,LH,2023,1,-0.05329799
6,LH,2023,2,-0.0571964
6,LH,2023,3,-0.0540882
6,LH,2023,4,-0.05549158
6,LH,2024,1,-0.05352052
6,LH,2024,2,-0.05494398
6,LH,2024,3,-0.05184908
6,LH,2024,4,-0.05414761
6,UR,2022,1,0.00406296
6,UR,2022,2,0.00432133
6,UR,2022,3,0.00714055
6,UR,2022,4,0.00782091
6,UR,2023,1,0.0081679
6,UR,2023,2,0.00923
6,UR,2023,3,0.00933846
6,UR,2023,4,0.00968018
6,UR,2024,1,0.00974282
6,UR,2024,2,0.00972228
6,UR,2024,3,0.00959307
6,UR,2024,4,0.00938298
6,CUX,2022,1,-0.7008401
6,CUX,2022,2,-0.24534581
6,CUX,2022,3,-0.46296035
6,CUX,2022,4,-0.3639187
6,CUX,2023,1,-0.42641751
6,CUX,2023,2,-0.42763618
6,CUX,2023,3,-0.43762548
6,CUX,2023,4,-0.41979402
6,CUX,2024,1,-0.44742151
6,CUX,2024,2,-0.41772715
6,CUX,2024,3,-0.42420833
6,CUX,2024,4,-0.39705645
6,GDPPOT,2022,1,-0.0315322
6,GDPPOT,2022,2,-0.00436545
6,GDPPOT,2022,3,-0.01343073
6,GDPPOT,2022,4,-0.02411824
6,GDPPOT,2023,1,-0.01568307
6,GDPPOT,2023,2,-0.02178307
6,GDPPOT,2023,3,-0.01591592
6,GDPPOT,2023,4,-0.0217179
6,GDPPOT,2024,1,-0.01843857
6,GDPPOT,2024,2,-0.02502906
6,GDPPOT,2024,3,-0.01946119
6,GDPPOT,2024,4,-0.02746922
6,GDPGAP,2022,1,-0.32765608
6,GDPGAP,2022,2,-0.11499875
6,GDPGAP,2022,3,-0.2178962
6,GDPGAP,2022,4,-0.1776976
6,GDPGAP,2023,1,-0.20379844
6,GDPGAP,2023,2,-0.20633342
6,GDPGAP,2023,3,-0.205448
6,GDPGAP,2023,4,-0.19984823
6,GDPGAP,2024,1,-0.20879481
6,GDPGAP,2024,2,-0.19675362
6,GDPGAP,2024,3,-0.19788343
6,GDPGAP,2024,4,-0.18805805
6,RCD,2022,1,-0.001
6,RCD,2022,2,0.00378143
6,RCD,2022,3,-0.001
6,RCD,2022,4,-0.001
6,RCD,2023,1,-0.001
6,RCD,2023,2,-0.00133333
6,RCD,2023,3,-0.002
6,RCD,2023,4,-0.002
6,RCD,2024,1,-0.00533333
6,RCD,2024,2,-0.02284753
6,RCD,2024,3,-0.03184789
6,RCD,2024,4,-0.0417424
6,RGB,2022,1,-0.00187482
6,RGB,2022,2,0.00196604
6,RGB,2022,3,-0.00075075
6,RGB,2022,4,-0.00038244
6,RGB,2023,1,-0.00034964
6,RGB,2023,2,-0.00047875
6,RGB,2023,3,-0.00068293
6,RGB,2023,4,-0.00053861
6,RGB,2024,1,-0.00226937
6,RGB,2024,2,-0.01100922
6,RGB,2024,3,-0.01452475
6,RGB,2024,4,-0.01897492
6,PERR,2022,1,0.01179294
6,PERR,2022,2,0.13838654
6,PERR,2022,3,0.36425588
6,PERR,2022,4,0.74893434
6,PERR,2023,1,0.65194063
6,PERR,2023,2,0.60863018
6,PERR,2023,3,0.52913791
6,PERR,2023,4,0.48343946
6,PERR,2024,1,0.47515075
6,PERR,2024,2,0.50989512
6,PERR,2024,3,0.52752357
6,PERR,2024,4,0.71053924
6,UCC,2022,1,-0.17806742
6,UCC,2022,2,0.25428061
6,UCC,2022,3,0.27879766
6,UCC,2022,4,0.70998919
6,UCC,2023,1,0.59119389
6,UCC,2023,2,0.30723307
6,UCC,2023,3,0.38223381
6,UCC,2023,4,0.37499007
6,UCC,2024,1,0.52591312
6,UCC,2024,2,0.40999248
6,UCC,2024,3,0.34383371
6,UCC,2024,4,0.22967012
6,FXS,2022,1,-0.00454748
6,FXS,2022,2,-0.00664835
6,FXS,2022,3,-0.00568029
6,FXS,2022,4,-0.00561651
6,FXS,2023,1,-0.00573755
6,FXS,2023,2,-0.00621063
6,FXS,2023,3,-0.00677508
6,FXS,2023,4,-0.00743041
6,FXS,2024,1,-0.00762664
6,FXS,2024,2,-0.00398561
6,FXS,2024,3,0.00181286
6,FXS,2024,4,0.0105695
6,PSHARE,2022,1,-0.1275191
6,PSHARE,2022,2,-0.10267872
6,PSHARE,2022,3,-0.10722092
6,PSHARE,2022,4,-0.04350901
6,PSHARE,2023,1,0.03883271
6,PSHARE,2023,2,0.04527741
6,PSHARE,2023,3,0.06605973
6,PSHARE,2023,4,0.07018401
6,PSHARE,2024,1,0.08607982
6,PSHARE,2024,2,0.17769058
6,PSHARE,2024,3,0.34413639
6,PSHARE,2024,4,0.57780027
6,PLAND,2022,1,0.00162385
6,PLAND,2022,2,0.00065453
6,PLAND,2022,3,0.00320127
6,PLAND,2022,4,0.00291002
6,PLAND,2023,1,0.00319055
6,PLAND,2023,2,0.00268973
6,PLAND,2023,3,0.00243752
6,PLAND,2023,4,0.00202501
6,PLAND,2024,1,0.00116717
6,PLAND,2024,2,0.00060892
6,PLAND,2024,3,-0.00102653
6,PLAND,2024,4,-0.00423173
6,M2CD,2022,1,-0.3513539
6,M2CD,2022,2,-0.12370549
6,M2CD,2022,3,-0.22103638
6,M2CD,2022,4,-0.19977225
6,M2CD,2023,1,-0.23309754
6,M2CD,2023,2,-0.2575039
6,M2CD,2023,3,-0.2691037
6,M2CD,2023,4,-0.28648661
6,M2CD,2024,1,-0.29929643
6,M2CD,2024,2,-0.25043804
6,M2CD,2024,3,-0.23161129
6,M2CD,2024,4,-0.21259632
6,BGVATGDPV,2022,1,0.34171811
6,BGVATGDPV,2022,2,0.32625704
6,BGVATGDPV,2022,3,0.30223061
6,BGVATGDPV,2022,4,0.26746852
6,BGVATGDPV,2023,1,0.23142771
6,BGVATGDPV,2023,2,0.22267507
6,BGVATGDPV,2023,3,0.22616183
6,BGVATGDPV,2023,4,0.22507672
6,BGVATGDPV,2024,1,0.22628967
6,BGVATGDPV,2024,2,0.25556064
6,BGVATGDPV,2024,3,0.24706157
6,BGVATGDPV,2024,4,0.24383986
6,SBGVATGDPV,2022,1,-0.26130375
6,SBGVATGDPV,2022,2,-1.03091288
6,SBGVATGDPV,2022,3,-0.8297433
6,SBGVATGDPV,2022,4,-0.94222321
6,SBGVATGDPV,2023,1,-0.89990334
6,SBGVATGDPV,2023,2,-0.87052629
6,SBGVATGDPV,2023,3,-0.8913951
6,SBGVATGDPV,2023,4,-0.91754248
6,SBGVATGDPV,2024,1,-0.93540194
6,SBGVATGDPV,2024,2,-0.95951191
6,SBGVATGDPV,2024,3,-0.98734718
6,SBGVATGDPV,2024,4,-1.00337708
6,BCVATGDPV,2022,1,-0.00740996
6,BCVATGDPV,2022,2,0.12199843
6,BCVATGDPV,2022,3,0.1437011
6,BCVATGDPV,2022,4,0.16359241
6,BCVATGDPV,2023,1,0.15485303
6,BCVATGDPV,2023,2,0.14649301
6,BCVATGDPV,2023,3,0.15442737
6,BCVATGDPV,2023,4,0.16253109
6,BCVATGDPV,2024,1,0.16496281
6,BCVATGDPV,2024,2,0.17341
6,BCVATGDPV,2024,3,0.1798933
6,BCVATGDPV,2024,4,0.1811898
6,KFP,2022,1,-0.00063669
6,KFP,2022,2,-0.00062554
6,KFP,2022,3,-0.00110433
6,KFP,2022,4,-0.00204793
6,KFP,2023,1,-0.0034366
6,KFP,2023,2,-0.00476905
6,KFP,2023,3,-0.00576059
6,KFP,2023,4,-0.00656357
6,KFP,2024,1,-0.00719352
6,KFP,2024,2,-0.00725986
6,KFP,2024,3,-0.00654127
6,KFP,2024,4,-0.0048262
6,KHP,2022,1,0.00340116
6,KHP,2022,2,-0.01390188
6,KHP,2022,3,-0.0328455
6,KHP,2022,4,-0.05156615
6,KHP,2023,1,-0.0702312
6,KHP,2023,2,-0.08976573
6,KHP,2023,3,-0.10888316
6,KHP,2023,4,-0.12804754
6,KHP,2024,1,-0.14661552
6,KHP,2024,2,-0.1649044
6,KHP,2024,3,-0.18303519
6,KHP,2024,4,-0.20117333
6,KG,2022,1,-0.0
6,KG,2022,2,0.0
6,KG,2022,3,0.0
6,KG,2022,4,0.0
6,KG,2023,1,-0.0
6,KG,2023,2,0.0
6,KG,2023,3,0.0
6,KG,2023,4,0.0
6,KG,2024,1,0.0
6,KG,2024,2,0.0
6,KG,2024,3,0.0
6,KG,2024,4,0.0
6,BCVATGDPV,2022,0,0.10547049
6,BCVATGDPV,2023,0,0.15457613
6,BCVATGDPV,2024,0,0.17486398
6,BGVATGDPV,2022,0,0.30941857
6,BGVATGDPV,2023,0,0.22633533
6,BGVATGDPV,2024,0,0.24318793
6,CG,2022,0,0.0
6,CG,2023,0,0.0
6,CG,2024,0,0.0
6,CGPI,2022,0,0.85657519
6,CGPI,2023,0,0.82384333
6,CGPI,2024,0,0.78534531
6,CGV,2022,0,0.46084113
6,CGV,2023,0,0.44396184
6,CGV,2024,0,0.39771137
6,CP,2022,0,-0.46749999
6,CP,2023,0,-0.51004293
6,CP,2024,0,-0.5318325
6,CPV,2022,0,0.02861239
6,CPV,2023,0,-0.04837557
6,CPV,2024,0,-0.12698886
6,CUX,2022,0,-0.44326624
6,CUX,2023,0,-0.4278683
6,CUX,2024,0,-0.42160336
6,FXS,2022,0,-0.00562316
6,FXS,2023,0,-0.00653842
6,FXS,2024,0,0.00019253
6,GDP,2022,0,-0.22846083
6,GDP,2023,0,-0.22384655
6,GDP,2024,0,-0.22458661
6,GDPD,2022,0,-0.53179849
6,GDPD,2023,0,-0.02232681
6,GDPD,2024,0,0.00437279
6,GDPGAP,2022,0,-0.20956216
6,GDPGAP,2023,0,-0.20385702
6,GDPGAP,2024,0,-0.19787248
6,GDPPOT,2022,0,-0.01836165
6,GDPPOT,2023,0,-0.01877499
6,GDPPOT,2024,0,-0.02259951
6,GDPV,2022,0,0.23023749
6,GDPV,2023,0,0.19713209
6,GDPV,2024,0,0.14215408
6,IFP,2022,0,-0.01319028
6,IFP,2023,0,-0.0398539
6,IFP,2024,0,0.00708739
6,IFPV,2022,0,0.12527536
6,IFPV,2023,0,0.04285747
6,IFPV,2024,0,0.02848898
6,IG,2022,0,0.0
6,IG,2023,0,0.0
6,IG,2024,0,0.0
6,IGV,2022,0,0.39951102
6,IGV,2023,0,0.34044787
6,IGV,2024,0,0.26836159
6,IHP,2022,0,-1.39899473
6,IHP,2023,0,-1.49169458
6,IHP,2024,0,-1.51163815
6,IHPV,2022,0,-0.65767416
6,IHPV,2023,0,-0.78960048
6,IHPV,2024,0,-0.87312179
6,KFP,2022,0,-0.00110362
6,KFP,2023,0,-0.00513245
6,KFP,2024,0,-0.00645521
6,KG,2022,0,0.0
6,KG,2023,0,0.0
6,KG,2024,0,0.0
6,KHP,2022,0,-0.02372809
6,KHP,2023,0,-0.09923191
6,KHP,2024,0,-0.17393211
6,LE,2022,0,-0.03624011
6,LE,2023,0,-0.03807095
6,LE,2024,0,-0.04304004
6,LF,2022,0,-0.03024889
6,LF,2023,0,-0.02872685
6,LF,2024,0,-0.03318353
6,LH,2022,0,-0.05655089
6,LH,2023,0,-0.05501854
6,LH,2024,0,-0.0536153
6,M2CD,2022,0,-0.22396701
6,M2CD,2023,0,-0.26154794
6,M2CD,2024,0,-0.24848552
6,MGS,2022,0,-0.49438936
6,MGS,2023,0,-0.76345468
6,MGS,2024,0,-0.80638075
6,MGSV,2022,0,-0.44120899
6,MGSV,2023,0,-0.72290352
6,MGSV,2024,0,-0.77327457
6,NIV,2022,0,-0.39378781
6,NIV,2023,0,-0.41367019
6,NIV,2024,0,-0.47026011
6,PCP,2022,0,0.49844165
6,PCP,2023,0,0.46403338
6,PCP,2024,0,0.40700662
6,PERR,2022,0,0.31584243
6,PERR,2023,0,0.56828705
6,PERR,2024,0,0.55577717
6,PGDP,2022,0,0.45973537
6,PGDP,2023,0,0.42192278
6,PGDP,2024,0,0.36756688
6,PIFP,2022,0,0.13848254
6,PIFP,2023,0,0.08274537
6,PIFP,2024,0,0.02140458
6,PIHP,2022,0,0.7518397
6,PIHP,2023,0,0.71272198
6,PIHP,2024,0,0.64831656
6,PLAND,2022,0,0.00209742
6,PLAND,2023,0,0.0025857
6,PLAND,2024,0,-0.00087054
6,PMGS,2022,0,0.05354621
6,PMGS,2023,0,0.04086212
6,PMGS,2024,0,0.03337511
6,PSHARE,2022,0,-0.09523194
6,PSHARE,2023,0,0.05508846
6,PSHARE,2024,0,0.29642677
6,PXGS,2022,0,-0.00224544
6,PXGS,2023,0,-0.00261093
6,PXGS,2024,0,7.682e-05
6,RCD,2022,0,0.00019536
6,RCD,2023,0,-0.00158333
6,RCD,2024,0,-0.02544279
6,RGB,2022,0,-0.00026049
6,RGB,2023,0,-0.00051248
6,RGB,2024,0,-0.01169457
6,SBGVATGDPV,2022,0,-0.76604579
6,SBGVATGDPV,2023,0,-0.8948418
6,SBGVATGDPV,2024,0,-0.97140953
6,TAXV,2022,0,2.04042733
6,TAXV,2023,0,1.61162793
6,TAXV,2024,0,1.66348104
6,TCIV,2022,0,8.80350893
6,TCIV,2023,0,8.73681159
6,TCIV,2024,0,8.67934577
6,TYCV,2022,0,-0.31992998
6,TYCV,2023,0,-1.7301156
6,TYCV,2024,0,-1.59693212
6,TYPV,2022,0,-0.182865
6,TYPV,2023,0,-0.29874352
6,TYPV,2024,0,-0.35804128
6,UCC,2022,0,0.26625001
6,UCC,2023,0,0.41391271
6,UCC,2024,0,0.37735236
6,UR,2022,0,0.00583644
6,UR,2023,0,0.00910413
6,UR,2024,0,0.00961029
6,WIPH,2022,0,-0.07592498
6,WIPH,2023,0,-0.08734093
6,WIPH,2024,0,-0.15456111
6,XGS,2022,0,-0.00026939
6,XGS,2023,0,-0.00095103
6,XGS,2024,0,-0.00117746
6,XGSV,2022,0,-0.00251483
6,XGSV,2023,0,-0.00356194
6,XGSV,2024,0,-0.00110064
6,YCV,2022,0,-1.86963502
6,YCV,2023,0,-1.45780619
6,YCV,2024,0,-1.53304618
6,YDV,2022,0,-0.13921694
6,YDV,2023,0,-0.17238862
6,YDV,2024,0,-0.25230942
6,YWV,2022,0,-0.15969961
6,YWV,2023,0,-0.17105869
6,YWV,2024,0,-0.23818549
7,GDP,2022,1,-0.12705584
7,GDP,2022,2,-0.23394398
7,GDP,2022,3,-0.42158349
7,GDP,2022,4,-0.61651883
7,GDP,2023,1,-0.8841381
7,GDP,2023,2,-1.03427564
7,GDP,2023,3,-1.18479296
7,GDP,2023,4,-1.26892735
7,GDP,2024,1,-1.2911797
7,GDP,2024,2,-1.3257948
7,GDP,2024,3,-1.35756795
7,GDP,2024,4,-1.35916933
7,CP,2022,1,0.03868665
7,CP,2022,2,0.1538135
7,CP,2022,3,0.3213818
7,CP,2022,4,0.28003147
7,CP,2023,1,0.21525673
7,CP,2023,2,0.17377643
7,CP,2023,3,0.07658576
7,CP,2023,4,0.006752
7,CP,2024,1,-0.03276357
7,CP,2024,2,-0.05813272
7,CP,2024,3,-0.09058529
7,CP,2024,4,-0.1085723
7,IFP,2022,1,-0.75623101
7,IFP,2022,2,-1.59001191
7,IFP,2022,3,-2.3664678
7,IFP,2022,4,-3.52538449
7,IFP,2023,1,-4.69389601
7,IFP,2023,2,-5.56278644
7,IFP,2023,3,-6.09711007
7,IFP,2023,4,-6.33254544
7,IFP,2024,1,-6.37811026
7,IFP,2024,2,-6.4167399
7,IFP,2024,3,-6.44566106
7,IFP,2024,4,-6.46829714
7,IHP,2022,1,-0.27814775
7,IHP,2022,2,-0.32643642
7,IHP,2022,3,-0.30795641
7,IHP,2022,4,-0.31493938
7,IHP,2023,1,-0.39609937
7,IHP,2023,2,-0.44019725
7,IHP,2023,3,-0.52191564
7,IHP,2023,4,-0.61439568
7,IHP,2024,1,-0.68874534
7,IHP,2024,2,-0.76631003
7,IHP,2024,3,-0.7958338
7,IHP,2024,4,-0.86499591
7,IG,2022,1,0.0
7,IG,2022,2,0.0
7,IG,2022,3,0.0
7,IG,2022,4,0.0
7,IG,2023,1,0.0
7,IG,2023,2,0.0
7,IG,2023,3,0.0
7,IG,2023,4,0.0
7,IG,2024,1,0.0
7,IG,2024,2,0.0
7,IG,2024,3,0.0
7,IG,2024,4,0.0
7,CG,2022,1,-0.0
7,CG,2022,2,0.0
7,CG,2022,3,0.0
7,CG,2022,4,0.0
7,CG,2023,1,0.0
7,CG,2023,2,0.0
7,CG,2023,3,0.0
7,CG,2023,4,0.0
7,CG,2024,1,0.0
7,CG,2024,2,0.0
7,CG,2024,3,0.0
7,CG,2024,4,0.0
7,XGS,2022,1,0.0
7,XGS,2022,2,-0.00219394
7,XGS,2022,3,-0.00884941
7,XGS,2022,4,-0.02270459
7,XGS,2023,1,-0.04645233
7,XGS,2023,2,-0.08053446
7,XGS,2023,3,-0.12310203
7,XGS,2023,4,-0.17177101
7,XGS,2024,1,-0.22377803
7,XGS,2024,2,-0.27653312
7,XGS,2024,3,-0.32978769
7,XGS,2024,4,-0.38345289
7,MGS,2022,1,0.01448049
7,MGS,2022,2,0.10990453
7,MGS,2022,3,0.30828719
7,MGS,2022,4,0.367916
7,MGS,2023,1,0.26447519
7,MGS,2023,2,0.17437316
7,MGS,2023,3,0.05894464
7,MGS,2023,4,-0.0674733
7,MGS,2024,1,-0.14806979
7,MGS,2024,2,-0.19647311
7,MGS,2024,3,-0.2410861
7,MGS,2024,4,-0.27839199
7,GDPD,2022,1,-0.50599277
7,GDPD,2022,2,-0.43217593
7,GDPD,2022,3,-0.75030549
7,GDPD,2022,4,-0.78694492
7,GDPD,2023,1,-1.08652982
7,GDPD,2023,2,-0.60630412
7,GDPD,2023,3,-0.60075454
7,GDPD,2023,4,-0.34219457
7,GDPD,2024,1,-0.0900684
7,GDPD,2024,2,-0.14010925
7,GDPD,2024,3,-0.12987603
7,GDPD,2024,4,-0.00651955
7,PGDP,2022,1,-0.03926366
7,PGDP,2022,2,-0.06892562
7,PGDP,2022,3,-0.11542644
7,PGDP,2022,4,-0.13895417
7,PGDP,2023,1,-0.17526855
7,PGDP,2023,2,-0.21685657
7,PGDP,2023,3,-0.26357615
7,PGDP,2023,4,-0.31111207
7,PGDP,2024,1,-0.37018477
7,PGDP,2024,2,-0.41693031
7,PGDP,2024,3,-0.47639147
7,PGDP,2024,4,-0.53780311
7,PCP,2022,1,-0.03985564
7,PCP,2022,2,-0.06352827
7,PCP,2022,3,-0.07513492
7,PCP,2022,4,-0.09037617
7,PCP,2023,1,-0.11354592
7,PCP,2023,2,-0.14628566
7,PCP,2023,3,-0.1886199
7,PCP,2023,4,-0.23897284
7,PCP,2024,1,-0.29551395
7,PCP,2024,2,-0.35522195
7,PCP,2024,3,-0.41538226
7,PCP,2024,4,-0.4740586
7,PIFP,2022,1,-0.06155542
7,PIFP,2022,2,-0.09147125
7,PIFP,2022,3,-0.1581655
7,PIFP,2022,4,-0.20295124
7,PIFP,2023,1,-0.27478624
7,PIFP,2023,2,-0.33264949
7,PIFP,2023,3,-0.39697022
7,PIFP,2023,4,-0.45426571
7,PIFP,2024,1,-0.50411622
7,PIFP,2024,2,-0.55085869
7,PIFP,2024,3,-0.60042257
7,PIFP,2024,4,-0.63405347
7,PIHP,2022,1,-0.04319871
7,PIHP,2022,2,-0.08238052
7,PIHP,2022,3,-0.11146765
7,PIHP,2022,4,-0.1300143
7,PIHP,2023,1,-0.15829177
7,PIHP,2023,2,-0.1961946
7,PIHP,2023,3,-0.24702697
7,PIHP,2023,4,-0.30941224
7,PIHP,2024,1,-0.37926112
7,PIHP,2024,2,-0.45197679
7,PIHP,2024,3,-0.52550697
7,PIHP,2024,4,-0.59329105
7,PXGS,2022,1,-0.09195368
7,PXGS,2022,2,-0.18691766
7,PXGS,2022,3,-0.30151428
7,PXGS,2022,4,-0.4142012
7,PXGS,2023,1,-0.5245147
7,PXGS,2023,2,-0.63378871
7,PXGS,2023,3,-0.74332094
7,PXGS,2023,4,-0.85463485
7,PXGS,2024,1,-0.96882642
7,PXGS,2024,2,-1.08595184
7,PXGS,2024,3,-1.20596138
7,PXGS,2024,4,-1.32862526
7,PMGS,2022,1,-0.10359608
7,PMGS,2022,2,-0.24163871
7,PMGS,2022,3,-0.40760498
7,PMGS,2022,4,-0.53291087
7,PMGS,2023,1,-0.62918517
7,PMGS,2023,2,-0.72069966
7,PMGS,2023,3,-0.82270778
7,PMGS,2023,4,-0.95045832
7,PMGS,2024,1,-1.06979304
7,PMGS,2024,2,-1.18773328
7,PMGS,2024,3,-1.29782552
7,PMGS,2024,4,-1.41759355
7,CGPI,2022,1,-0.05411883
7,CGPI,2022,2,-0.09298062
7,CGPI,2022,3,-0.13474257
7,CGPI,2022,4,-0.17956914
7,CGPI,2023,1,-0.21462493
7,CGPI,2023,2,-0.26146444
7,CGPI,2023,3,-0.31035178
7,CGPI,2023,4,-0.37026622
7,CGPI,2024,1,-0.42870117
7,CGPI,2024,2,-0.48593119
7,CGPI,2024,3,-0.54099692
7,CGPI,2024,4,-0.59805595
7,GDPV,2022,1,-0.16626961
7,GDPV,2022,2,-0.30270835
7,GDPV,2022,3,-0.53652331
7,GDPV,2022,4,-0.75461632
7,GDPV,2023,1,-1.05785704
7,GDPV,2023,2,-1.24888932
7,GDPV,2023,3,-1.44524628
7,GDPV,2023,4,-1.57609163
7,GDPV,2024,1,-1.65658471
7,GDPV,2024,2,-1.73719747
7,GDPV,2024,3,-1.82749208
7,GDPV,2024,4,-1.88966279
7,CPV,2022,1,-0.00118442
7,CPV,2022,2,0.09018751
7,CPV,2022,3,0.24600541
7,CPV,2022,4,0.18940222
7,CPV,2023,1,0.10146639
7,CPV,2023,2,0.02723656
7,CPV,2023,3,-0.11217859
7,CPV,2023,4,-0.23223697
7,CPV,2024,1,-0.3281807
7,CPV,2024,2,-0.41314817
7,CPV,2024,3,-0.50559128
7,CPV,2024,4,-0.5821162
7,IFPV,2022,1,-0.81732093
7,IFPV,2022,2,-1.68002876
7,IFPV,2022,3,-2.52089036
7,IFPV,2022,4,-3.72118092
7,IFPV,2023,1,-4.95578407
7,IFPV,2023,2,-5.87693136
7,IFPV,2023,3,-6.46987658
7,IFPV,2023,4,-6.75804457
7,IFPV,2024,1,-6.85007339
7,IFPV,2024,2,-6.93225143
7,IFPV,2024,3,-7.00738243
7,IFPV,2024,4,-7.06133814
7,IHPV,2022,1,-0.32122631
7,IHPV,2022,2,-0.40854802
7,IHPV,2022,3,-0.41908079
7,IHPV,2022,4,-0.44454421
7,IHPV,2023,1,-0.55376415
7,IHPV,2023,2,-0.63552821
7,IHPV,2023,3,-0.76765334
7,IHPV,2023,4,-0.92190691
7,IHPV,2024,1,-1.06539432
7,IHPV,2024,2,-1.21482328
7,IHPV,2024,3,-1.31715861
7,IHPV,2024,4,-1.45315501
7,IGV,2022,1,-0.06491759
7,IGV,2022,2,-0.10321963
7,IGV,2022,3,-0.17000239
7,IGV,2022,4,-0.2150351
7,IGV,2023,1,-0.28602589
7,IGV,2023,2,-0.34747402
7,IGV,2023,3,-0.41804802
7,IGV,2023,4,-0.4858061
7,IGV,2024,1,-0.54920769
7,IGV,2024,2,-0.61105883
7,IGV,2024,3,-0.67586294
7,IGV,2024,4,-0.72534999
7,CGV,2022,1,-0.0
7,CGV,2022,2,-0.03459244
7,CGV,2022,3,-0.04554871
7,CGV,2022,4,-0.06101799
7,CGV,2023,1,-0.07350693
7,CGV,2023,2,-0.09542559
7,CGV,2023,3,-0.12269747
7,CGV,2023,4,-0.15949236
7,CGV,2024,1,-0.20216469
7,CGV,2024,2,-0.2511978
7,CGV,2024,3,-0.30291544
7,CGV,2024,4,-0.35591491
7,XGSV,2022,1,-0.09195368
7,XGSV,2022,2,-0.1891075
7,XGSV,2022,3,-0.31033701
7,XGSV,2022,4,-0.43681175
7,XGSV,2023,1,-0.57072337
7,XGSV,2023,2,-0.71381275
7,XGSV,2023,3,-0.86550792
7,XGSV,2023,4,-1.02493784
7,XGSV,2024,1,-1.19043644
7,XGSV,2024,2,-1.35948194
7,XGSV,2024,3,-1.53177196
7,XGSV,2024,4,-1.7069835
7,MGSV,2022,1,-0.0891306
7,MGSV,2022,2,-0.13199975
7,MGSV,2022,3,-0.10057438
7,MGSV,2022,4,-0.16695554
7,MGSV,2023,1,-0.36637403
7,MGSV,2023,2,-0.54758321
7,MGSV,2023,3,-0.76424808
7,MGSV,2023,4,-1.01729032
7,MGSV,2024,1,-1.21627879
7,MGSV,2024,2,-1.38187281
7,MGSV,2024,3,-1.53578275
7,MGSV,2024,4,-1.69203908
7,NIV,2022,1,-0.23740267
7,NIV,2022,2,-0.41720865
7,NIV,2022,3,-0.78438803
7,NIV,2022,4,-1.07516179
7,NIV,2023,1,-1.44442505
7,NIV,2023,2,-1.71018838
7,NIV,2023,3,-1.94522949
7,NIV,2023,4,-2.07012248
7,NIV,2024,1,-2.14763136
7,NIV,2024,2,-2.261985
7,NIV,2024,3,-2.23327454
7,NIV,2024,4,-2.548543
7,YWV,2022,1,-0.14207774
7,YWV,2022,2,-0.24389889
7,YWV,2022,3,0.07090669
7,YWV,2022,4,-0.55778794
7,YWV,2023,1,-0.86825319
7,YWV,2023,2,-1.17116291
7,YWV,2023,3,-1.35114985
7,YWV,2023,4,-1.50967758
7,YWV,2024,1,-1.59334194
7,YWV,2024,2,-1.73553727
7,YWV,2024,3,-1.73276568
7,YWV,2024,4,-2.05587123
7,YCV,2022,1,-4.97625021
7,YCV,2022,2,-4.94855269
7,YCV,2022,3,-7.22078902
7,YCV,2022,4,-8.23772765
7,YCV,2023,1,-7.58947669
7,YCV,2023,2,-8.01675025
7,YCV,2023,3,-8.57809152
7,YCV,2023,4,-7.85130281
7,YCV,2024,1,-8.23432425
7,YCV,2024,2,-8.85809548
7,YCV,2024,3,-7.00000696
7,YCV,2024,4,-12.50869998
7,YDV,2022,1,0.56250915
7,YDV,2022,2,0.60257374
7,YDV,2022,3,0.30999559
7,YDV,2022,4,0.28772825
7,YDV,2023,1,0.01950507
7,YDV,2023,2,-0.22004158
7,YDV,2023,3,-0.36833467
7,YDV,2023,4,-0.48858554
7,YDV,2024,1,-0.56740223
7,YDV,2024,2,-0.72163307
7,YDV,2024,3,-0.71613124
7,YDV,2024,4,-0.93704334
7,TAXV,2022,1,-0.03544396
7,TAXV,2022,2,-0.36866196
7,TAXV,2022,3,-0.83019806
7,TAXV,2022,4,-1.40588727
7,TAXV,2023,1,-2.23289621
7,TAXV,2023,2,-2.43704783
7,TAXV,2023,3,-2.9038629
7,TAXV,2023,4,-3.13616946
7,TAXV,2024,1,-3.31304373
7,TAXV,2024,2,-3.4240655
7,TAXV,2024,3,-3.51008608
7,TAXV,2024,4,-3.3567328
7,TYPV,2022,1,0.02959088
7,TYPV,2022,2,0.06924077
7,TYPV,2022,3,-0.01661581
7,TYPV,2022,4,-0.04208112
7,TYPV,2023,1,-0.30484724
7,TYPV,2023,2,-0.54746626
7,TYPV,2023,3,-0.78924164
7,TYPV,2023,4,-0.99850705
7,TYPV,2024,1,-1.12080654
7,TYPV,2024,2,-1.21793131
7,TYPV,2024,3,-1.29514447
7,TYPV,2024,4,-1.34304186
7,TYCV,2022,1,-0.01933395
7,TYCV,2022,2,-1.14992361
7,TYCV,2022,3,-2.61839508
7,TYCV,2022,4,-4.32690173
7,TYCV,2023,1,-6.58331506
7,TYCV,2023,2,-7.30712356
7,TYCV,2023,3,-8.19818492
7,TYCV,2023,4,-8.58017013
7,TYCV,2024,1,-8.53605284
7,TYCV,2024,2,-8.72991685
7,TYCV,2024,3,-8.95359987
7,TYCV,2024,4,-8.51406784
7,TCIV,2022,1,-0.15082027
7,TCIV,2022,2,-0.26494193
7,TCIV,2022,3,-0.34101799
7,TCIV,2022,4,-0.57479735
7,TCIV,2023,1,-0.84085499
7,TCIV,2023,2,-1.04862817
7,TCIV,2023,3,-1.2354604
7,TCIV,2023,4,-1.37682271
7,TCIV,2024,1,-1.45256823
7,TCIV,2024,2,-1.5319832
7,TCIV,2024,3,-1.607399
7,TCIV,2024,4,-1.66449531
7,WIPH,2022,1,-0.09595637
7,WIPH,2022,2,-0.15987509
7,WIPH,2022,3,0.09892008
7,WIPH,2022,4,-0.33037012
7,WIPH,2023,1,-0.52758509
7,WIPH,2023,2,-0.72818922
7,WIPH,2023,3,-0.85737616
7,WIPH,2023,4,-0.97750853
7,WIPH,2024,1,-1.08095896
7,WIPH,2024,2,-1.19022302
7,WIPH,2024,3,-1.22481821
7,WIPH,2024,4,-1.47989777
7,LE,2022,1,-0.02283642
7,LE,2022,2,-0.04153483
7,LE,2022,3,0.05563979
7,LE,2022,4,-0.11347089
7,LE,2023,1,-0.19221459
7,LE,2023,2,-0.26947143
7,LE,2023,3,-0.31071777
7,LE,2023,4,-0.34552931
7,LE,2024,1,-0.36033547
7,LE,2024,2,-0.38663603
7,LE,2024,3,-0.36971387
7,LE,2024,4,-0.44600749
7,LF,2022,1,-0.02013728
7,LF,2022,2,-0.03545938
7,LF,2022,3,0.06940342
7,LF,2022,4,-0.09496787
7,LF,2023,1,-0.16702046
7,LF,2023,2,-0.23990692
7,LF,2023,3,-0.27751696
7,LF,2023,4,-0.31040775
7,LF,2024,1,-0.32565235
7,LF,2024,2,-0.35314904
7,LF,2024,3,-0.33767439
7,LF,2024,4,-0.41774604
7,LH,2022,1,-0.0318237
7,LH,2022,2,-0.05518181
7,LH,2022,3,-0.07983638
7,LH,2022,4,-0.14485405
7,LH,2023,1,-0.20370365
7,LH,2023,2,-0.23807788
7,LH,2023,3,-0.26188886
7,LH,2023,4,-0.27138625
7,LH,2024,1,-0.25544191
7,LH,2024,2,-0.25518119
7,LH,2024,3,-0.24359502
7,LH,2024,4,-0.24415714
7,UR,2022,1,0.00262918
7,UR,2022,2,0.00591733
7,UR,2022,3,0.01342131
7,UR,2022,4,0.01803646
7,UR,2023,1,0.0245604
7,UR,2023,2,0.02884742
7,UR,2023,3,0.03242536
7,UR,2023,4,0.03432316
7,UR,2024,1,0.0338988
7,UR,2024,2,0.03263136
7,UR,2024,3,0.03136934
7,UR,2024,4,0.02780213
7,CUX,2022,1,-0.24250014
7,CUX,2022,2,-0.42945012
7,CUX,2022,3,-0.96458624
7,CUX,2022,4,-1.04375363
7,CUX,2023,1,-1.41629296
7,CUX,2023,2,-1.49408464
7,CUX,2023,3,-1.62037365
7,CUX,2023,4,-1.59745586
7,CUX,2024,1,-1.47898433
7,CUX,2024,2,-1.35825495
7,CUX,2024,3,-1.31368249
7,CUX,2024,4,-1.04061337
7,GDPPOT,2022,1,-0.01203131
7,GDPPOT,2022,2,-0.03036922
7,GDPPOT,2022,3,0.01278808
7,GDPPOT,2022,4,-0.11422463
7,GDPPOT,2023,1,-0.19963291
7,GDPPOT,2023,2,-0.29991151
7,GDPPOT,2023,3,-0.38767402
7,GDPPOT,2023,4,-0.47720681
7,GDPPOT,2024,1,-0.55815993
7,GDPPOT,2024,2,-0.64379621
7,GDPPOT,2024,3,-0.70243825
7,GDPPOT,2024,4,-0.81638336
7,GDPGAP,2022,1,-0.11459824
7,GDPGAP,2022,2,-0.20395222
7,GDPGAP,2022,3,-0.43241467
7,GDPGAP,2022,4,-0.50204764
7,GDPGAP,2023,1,-0.68837038
7,GDPGAP,2023,2,-0.73674529
7,GDPGAP,2023,3,-0.78805885
7,GDPGAP,2023,4,-0.78518951
7,GDPGAP,2024,1,-0.72490028
7,GDPGAP,2024,2,-0.67092647
7,GDPGAP,2024,3,-0.6460123
7,GDPGAP,2024,4,-0.53485032
7,RCD,2022,1,1.0
7,RCD,2022,2,1.0
7,RCD,2022,3,1.0
7,RCD,2022,4,1.0
7,RCD,2023,1,1.0
7,RCD,2023,2,1.0
7,RCD,2023,3,1.0
7,RCD,2023,4,1.0
7,RCD,2024,1,1.0
7,RCD,2024,2,1.0
7,RCD,2024,3,1.0
7,RCD,2024,4,1.0
7,RGB,2022,1,0.51011
7,RGB,2022,2,0.44647458
7,RGB,2022,3,0.44281777
7,RGB,2022,4,0.44008224
7,RGB,2023,1,0.44314511
7,RGB,2023,2,0.45150987
7,RGB,2023,3,0.46501194
7,RGB,2023,4,0.48344707
7,RGB,2024,1,0.50662403
7,RGB,2024,2,0.52830368
7,RGB,2024,3,0.54912218
7,RGB,2024,4,0.56906035
7,PERR,2022,1,-1.12711138
7,PERR,2022,2,-3.27224444
7,PERR,2022,3,-5.31821741
7,PERR,2022,4,-6.93057838
7,PERR,2023,1,-8.43294019
7,PERR,2023,2,-6.90727346
7,PERR,2023,3,-6.53705267
7,PERR,2023,4,-6.11390085
7,PERR,2024,1,-6.11158619
7,PERR,2024,2,-5.97423067
7,PERR,2024,3,-6.22484442
7,PERR,2024,4,-6.43696146
7,UCC,2022,1,5.7182513
7,UCC,2022,2,6.66719674
7,UCC,2022,3,8.10262336
7,UCC,2022,4,9.27954742
7,UCC,2023,1,9.03516296
7,UCC,2023,2,9.14638398
7,UCC,2023,3,9.38170171
7,UCC,2023,4,9.65235919
7,UCC,2024,1,11.97762934
7,UCC,2024,2,12.29481417
7,UCC,2024,3,12.16121421
7,UCC,2024,4,11.33566827
7,FXS,2022,1,-0.23011989
7,FXS,2022,2,-0.46743906
7,FXS,2022,3,-0.75336914
7,FXS,2022,4,-1.03405263
7,FXS,2023,1,-1.30836196
7,FXS,2023,2,-1.57963568
7,FXS,2023,3,-1.85110046
7,FXS,2023,4,-2.12651963
7,FXS,2024,1,-2.40857594
7,FXS,2024,2,-2.69737109
7,FXS,2024,3,-2.99274452
7,FXS,2024,4,-3.29409366
7,PSHARE,2022,1,-3.79955746
7,PSHARE,2022,2,-9.5698013
7,PSHARE,2022,3,-15.67387858
7,PSHARE,2022,4,-20.76317197
7,PSHARE,2023,1,-23.82996547
7,PSHARE,2023,2,-23.90467925
7,PSHARE,2023,3,-23.97974226
7,PSHARE,2023,4,-24.04555544
7,PSHARE,2024,1,-24.10485328
7,PSHARE,2024,2,-24.1652827
7,PSHARE,2024,3,-24.22836384
7,PSHARE,2024,4,-24.28863022
7,PLAND,2022,1,-0.01239863
7,PLAND,2022,2,0.02644489
7,PLAND,2022,3,0.12180065
7,PLAND,2022,4,0.28367372
7,PLAND,2023,1,0.50587358
7,PLAND,2023,2,0.76477644
7,PLAND,2023,3,1.02583735
7,PLAND,2023,4,1.28784163
7,PLAND,2024,1,1.55210468
7,PLAND,2024,2,1.81781986
7,PLAND,2024,3,2.08508105
7,PLAND,2024,4,2.35358903
7,M2CD,2022,1,-3.65162427
7,M2CD,2022,2,-3.76490283
7,M2CD,2022,3,-3.95289545
7,M2CD,2022,4,-4.15536464
7,M2CD,2023,1,-4.43864608
7,M2CD,2023,2,-4.62058118
7,M2CD,2023,3,-4.81408322
7,M2CD,2023,4,-4.95212639
7,M2CD,2024,1,-5.03680532
7,M2CD,2024,2,-5.13535671
7,M2CD,2024,3,-5.23017229
7,M2CD,2024,4,-5.29294643
7,BGVATGDPV,2022,1,-0.02987971
7,BGVATGDPV,2022,2,-0.10307539
7,BGVATGDPV,2022,3,-0.19981074
7,BGVATGDPV,2022,4,-0.35001787
7,BGVATGDPV,2023,1,-0.54617888
7,BGVATGDPV,2023,2,-0.57896048
7,BGVATGDPV,2023,3,-0.67561047
7,BGVATGDPV,2023,4,-0.72703812
7,BGVATGDPV,2024,1,-0.77162596
7,BGVATGDPV,2024,2,-0.77383369
7,BGVATGDPV,2024,3,-0.80917888
7,BGVATGDPV,2024,4,-0.78609497
7,SBGVATGDPV,2022,1,0.41517025
7,SBGVATGDPV,2022,2,0.77551654
7,SBGVATGDPV,2022,3,1.39807918
7,SBGVATGDPV,2022,4,1.96501866
7,SBGVATGDPV,2023,1,2.81912239
7,SBGVATGDPV,2023,2,3.39175462
7,SBGVATGDPV,2023,3,3.96072386
7,SBGVATGDPV,2023,4,4.45674072
7,SBGVATGDPV,2024,1,4.85979787
7,SBGVATGDPV,2024,2,5.10504421
7,SBGVATGDPV,2024,3,5.46976673
7,SBGVATGDPV,2024,4,5.74251009
7,BCVATGDPV,2022,1,0.00092991
7,BCVATGDPV,2022,2,-0.03148251
7,BCVATGDPV,2022,3,-0.10760415
7,BCVATGDPV,2022,4,-0.13921451
7,BCVATGDPV,2023,1,-0.14083231
7,BCVATGDPV,2023,2,-0.13704416
7,BCVATGDPV,2023,3,-0.14267498
7,BCVATGDPV,2023,4,-0.14041994
7,BCVATGDPV,2024,1,-0.15784703
7,BCVATGDPV,2024,2,-0.17755745
7,BCVATGDPV,2024,3,-0.20227661
7,BCVATGDPV,2024,4,-0.2158192
7,KFP,2022,1,-0.02281444
7,KFP,2022,2,-0.0711758
7,KFP,2022,3,-0.1427968
7,KFP,2022,4,-0.24801347
7,KFP,2023,1,-0.3888979
7,KFP,2023,2,-0.55093404
7,KFP,2023,3,-0.72423928
7,KFP,2023,4,-0.90222546
7,KFP,2024,1,-1.07358423
7,KFP,2024,2,-1.24132548
7,KFP,2024,3,-1.40506205
7,KFP,2024,4,-1.56206103
7,KHP,2022,1,-0.00362056
7,KHP,2022,2,-0.00781973
7,KHP,2022,3,-0.01178718
7,KHP,2022,4,-0.01579087
7,KHP,2023,1,-0.02083933
7,KHP,2023,2,-0.02659415
7,KHP,2023,3,-0.03331924
7,KHP,2023,4,-0.04122428
7,KHP,2024,1,-0.04991674
7,KHP,2024,2,-0.05948679
7,KHP,2024,3,-0.06945212
7,KHP,2024,4,-0.08028511
7,KG,2022,1,-0.0
7,KG,2022,2,-0.0
7,KG,2022,3,0.0
7,KG,2022,4,0.0
7,KG,2023,1,0.0
7,KG,2023,2,0.0
7,KG,2023,3,0.0
7,KG,2023,4,0.0
7,KG,2024,1,0.0
7,KG,2024,2,0.0
7,KG,2024,3,0.0
7,KG,2024,4,0.0
7,BCVATGDPV,2022,0,-0.06934282
7,BCVATGDPV,2023,0,-0.14024285
7,BCVATGDPV,2024,0,-0.18837507
7,BGVATGDPV,2022,0,-0.17069593
7,BGVATGDPV,2023,0,-0.63194699
7,BGVATGDPV,2024,0,-0.78518338
7,CG,2022,0,0.0
7,CG,2023,0,0.0
7,CG,2024,0,0.0
7,CGPI,2022,0,-0.11535279
7,CGPI,2023,0,-0.28917684
7,CGPI,2024,0,-0.51342131
7,CGV,2022,0,-0.03528978
7,CGV,2023,0,-0.11278059
7,CGV,2024,0,-0.27804821
7,CP,2022,0,0.19847835
7,CP,2023,0,0.11809273
7,CP,2024,0,-0.07251347
7,CPV,2022,0,0.13110268
7,CPV,2023,0,-0.05392816
7,CPV,2024,0,-0.45725909
7,CUX,2022,0,-0.67007253
7,CUX,2023,0,-1.53205178
7,CUX,2024,0,-1.29788379
7,FXS,2022,0,-0.62124518
7,FXS,2023,0,-1.71640443
7,FXS,2024,0,-2.8481963
7,GDP,2022,0,-0.34977553
7,GDP,2023,0,-1.09303351
7,GDP,2024,0,-1.33342794
7,GDPD,2022,0,-0.61885478
7,GDPD,2023,0,-0.65894576
7,GDPD,2024,0,-0.09164331
7,GDPGAP,2022,0,-0.31325319
7,GDPGAP,2023,0,-0.74959101
7,GDPGAP,2024,0,-0.64417234
7,GDPPOT,2022,0,-0.03595927
7,GDPPOT,2023,0,-0.34110631
7,GDPPOT,2024,0,-0.68019444
7,GDPV,2022,0,-0.4400294
7,GDPV,2023,0,-1.33202107
7,GDPV,2024,0,-1.77773426
7,IFP,2022,0,-2.0595238
7,IFP,2023,0,-5.67158449
7,IFP,2024,0,-6.42720209
7,IFPV,2022,0,-2.18485524
7,IFPV,2023,0,-6.01515914
7,IFPV,2024,0,-6.96276135
7,IG,2022,0,0.0
7,IG,2023,0,0.0
7,IG,2024,0,0.0
7,IGV,2022,0,-0.13829368
7,IGV,2023,0,-0.3843385
7,IGV,2024,0,-0.64036986
7,IHP,2022,0,-0.30686999
7,IHP,2023,0,-0.49315199
7,IHP,2024,0,-0.77897127
7,IHPV,2022,0,-0.39834983
7,IHPV,2023,0,-0.71971315
7,IHPV,2024,0,-1.26263281
7,KFP,2022,0,-0.12120013
7,KFP,2023,0,-0.64157417
7,KFP,2024,0,-1.3205082
7,KG,2022,0,-0.0
7,KG,2023,0,0.0
7,KG,2024,0,0.0
7,KHP,2022,0,-0.00975458
7,KHP,2023,0,-0.03049425
7,KHP,2024,0,-0.06478519
7,LE,2022,0,-0.03055059
7,LE,2023,0,-0.27948327
7,LE,2024,0,-0.39067322
7,LF,2022,0,-0.02029028
7,LF,2023,0,-0.24871302
7,LF,2024,0,-0.35855546
7,LH,2022,0,-0.07792399
7,LH,2023,0,-0.24376416
7,LH,2024,0,-0.24959381
7,M2CD,2022,0,-3.8811968
7,M2CD,2023,0,-4.70635922
7,M2CD,2024,0,-5.17382019
7,MGS,2022,0,0.20014705
7,MGS,2023,0,0.10757992
7,MGS,2024,0,-0.21600525
7,MGSV,2022,0,-0.12216507
7,MGSV,2023,0,-0.67387391
7,MGSV,2024,0,-1.45649336
7,NIV,2022,0,-0.62854028
7,NIV,2023,0,-1.79249135
7,NIV,2024,0,-2.29785848
7,PCP,2022,0,-0.06722375
7,PCP,2023,0,-0.17185608
7,PCP,2024,0,-0.38504419
7,PERR,2022,0,-4.1620379
7,PERR,2023,0,-6.99779179
7,PERR,2024,0,-6.18690568
7,PGDP,2022,0,-0.09064247
7,PGDP,2023,0,-0.24170334
7,PGDP,2024,0,-0.45032742
7,PIFP,2022,0,-0.12853585
7,PIFP,2023,0,-0.36466791
7,PIFP,2024,0,-0.57236274
7,PIHP,2022,0,-0.0917653
7,PIHP,2023,0,-0.2277314
7,PIHP,2024,0,-0.48750898
7,PLAND,2022,0,0.10488016
7,PLAND,2023,0,0.89608225
7,PLAND,2024,0,1.95214865
7,PMGS,2022,0,-0.32143766
7,PMGS,2023,0,-0.78076274
7,PMGS,2024,0,-1.24323635
7,PSHARE,2022,0,-12.45160233
7,PSHARE,2023,0,-23.93998561
7,PSHARE,2024,0,-24.19678251
7,PXGS,2022,0,-0.24864671
7,PXGS,2023,0,-0.6890648
7,PXGS,2024,0,-1.14734122
7,RCD,2022,0,1.0
7,RCD,2023,0,1.0
7,RCD,2024,0,1.0
7,RGB,2022,0,0.45987115
7,RGB,2023,0,0.4607785
7,RGB,2024,0,0.53827756
7,SBGVATGDPV,2022,0,1.13844616
7,SBGVATGDPV,2023,0,3.6570854
7,SBGVATGDPV,2024,0,5.29427973
7,TAXV,2022,0,-0.66004781
7,TAXV,2023,0,-2.6774941
7,TAXV,2024,0,-3.40098202
7,TCIV,2022,0,-0.33289439
7,TCIV,2023,0,-1.12544157
7,TCIV,2024,0,-1.56411143
7,TYCV,2022,0,-2.02863859
7,TYCV,2023,0,-7.66719842
7,TYCV,2024,0,-8.68340935
7,TYPV,2022,0,0.01003368
7,TYPV,2023,0,-0.66001555
7,TYPV,2024,0,-1.24423104
7,UCC,2022,0,7.4419047
7,UCC,2023,0,9.30390196
7,UCC,2024,0,11.94233149
7,UR,2022,0,0.01000107
7,UR,2023,0,0.03003908
7,UR,2024,0,0.03142541
7,WIPH,2022,0,-0.12182038
7,WIPH,2023,0,-0.77266475
7,WIPH,2024,0,-1.24397449
7,XGS,2022,0,-0.00843699
7,XGS,2023,0,-0.10546496
7,XGS,2024,0,-0.30338794
7,XGSV,2022,0,-0.25705249
7,XGSV,2023,0,-0.79374547
7,XGSV,2024,0,-1.44716846
7,YCV,2022,0,-6.34582989
7,YCV,2023,0,-8.00890532
7,YCV,2024,0,-9.15028167
7,YDV,2022,0,0.44070169
7,YDV,2023,0,-0.26436418
7,YDV,2024,0,-0.73555247
7,YWV,2022,0,-0.21821447
7,YWV,2023,0,-1.22506088
7,YWV,2024,0,-1.77937903
8,GDP,2022,1,-0.00858122
8,GDP,2022,2,-0.0242766
8,GDP,2022,3,-0.05248126
8,GDP,2022,4,-0.09232941
8,GDP,2023,1,-0.14130494
8,GDP,2023,2,-0.18823162
8,GDP,2023,3,-0.23251807
8,GDP,2023,4,-0.26806481
8,GDP,2024,1,-0.28017955
8,GDP,2024,2,-0.28630775
8,GDP,2024,3,-0.28422729
8,GDP,2024,4,-0.27495261
8,CP,2022,1,0.00260243
8,CP,2022,2,0.01288206
8,CP,2022,3,0.03443379
8,CP,2022,4,0.05157066
8,CP,2023,1,0.05881846
8,CP,2023,2,0.05531632
8,CP,2023,3,0.03450429
8,CP,2023,4,0.01246114
8,CP,2024,1,-0.00567134
8,CP,2024,2,-0.02083427
8,CP,2024,3,-0.03251295
8,CP,2024,4,-0.03748303
8,IFP,2022,1,-0.05106093
8,IFP,2022,2,-0.15728244
8,IFP,2022,3,-0.31228425
8,IFP,2022,4,-0.54007799
8,IFP,2023,1,-0.78571186
8,IFP,2023,2,-1.02135367
8,IFP,2023,3,-1.22709122
8,IFP,2023,4,-1.35603662
8,IFP,2024,1,-1.40077891
8,IFP,2024,2,-1.3870721
8,IFP,2024,3,-1.3424828
8,IFP,2024,4,-1.29408101
8,IHP,2022,1,-0.01872408
8,IHP,2022,2,-0.03983541
8,IHP,2022,3,-0.05971106
8,IHP,2022,4,-0.07894598
8,IHP,2023,1,-0.08282006
8,IHP,2023,2,-0.08646604
8,IHP,2023,3,-0.09584854
8,IHP,2023,4,-0.11126803
8,IHP,2024,1,-0.12722057
8,IHP,2024,2,-0.14674488
8,IHP,2024,3,-0.1575605
8,IHP,2024,4,-0.17359438
8,IG,2022,1,0.0
8,IG,2022,2,0.0
8,IG,2022,3,0.0
8,IG,2022,4,0.0
8,IG,2023,1,0.0
8,IG,2023,2,0.0
8,IG,2023,3,0.0
8,IG,2023,4,0.0
8,IG,2024,1,0.0
8,IG,2024,2,0.0
8,IG,2024,3,0.0
8,IG,2024,4,0.0
8,CG,2022,1,-0.0
8,CG,2022,2,0.0
8,CG,2022,3,0.0
8,CG,2022,4,-0.0
8,CG,2023,1,-0.0
8,CG,2023,2,-0.0
8,CG,2023,3,-0.0
8,CG,2023,4,-0.0
8,CG,2024,1,-0.0
8,CG,2024,2,-0.0
8,CG,2024,3,-0.0
8,CG,2024,4,-0.0
8,XGS,2022,1,0.0
8,XGS,2022,2,-0.00014761
8,XGS,2022,3,-0.00073871
8,XGS,2022,4,-0.00224138
8,XGS,2023,1,-0.0052843
8,XGS,2023,2,-0.01034289
8,XGS,2023,3,-0.01758329
8,XGS,2023,4,-0.02680452
8,XGS,2024,1,-0.03743686
8,XGS,2024,2,-0.04874084
8,XGS,2024,3,-0.06013885
8,XGS,2024,4,-0.07126798
8,MGS,2022,1,0.00097317
8,MGS,2022,2,0.00831393
8,MGS,2022,3,0.02925091
8,MGS,2022,4,0.05309614
8,MGS,2023,1,0.06513974
8,MGS,2023,2,0.06339836
8,MGS,2023,3,0.04100012
8,MGS,2023,4,0.00708374
8,MGS,2024,1,-0.02339135
8,MGS,2024,2,-0.0476518
8,MGS,2024,3,-0.06673553
8,MGS,2024,4,-0.07790013
8,GDPD,2022,1,-0.03417424
8,GDPD,2022,2,-0.0633852
8,GDPD,2022,3,-0.11254416
8,GDPD,2022,4,-0.16027108
8,GDPD,2023,1,-0.19779657
8,GDPD,2023,2,-0.18809546
8,GDPD,2023,3,-0.17526069
8,GDPD,2023,4,-0.14319705
8,GDPD,2024,1,-0.04854343
8,GDPD,2024,2,-0.0245532
8,GDPD,2024,3,0.00841541
8,GDPD,2024,4,0.03735277
8,PGDP,2022,1,-0.00264623
8,PGDP,2022,2,-0.00717205
8,PGDP,2022,3,-0.01484346
8,PGDP,2022,4,-0.02396032
8,PGDP,2023,1,-0.03211789
8,PGDP,2023,2,-0.04107538
8,PGDP,2023,3,-0.04890943
8,PGDP,2023,4,-0.05800657
8,PGDP,2024,1,-0.06902264
8,PGDP,2024,2,-0.07742965
8,PGDP,2024,3,-0.08877144
8,PGDP,2024,4,-0.10091235
8,PCP,2022,1,-0.00268205
8,PCP,2022,2,-0.00687796
8,PCP,2022,3,-0.01167257
8,PCP,2022,4,-0.01726129
8,PCP,2023,1,-0.02134786
8,PCP,2023,2,-0.0257947
8,PCP,2023,3,-0.03207298
8,PCP,2023,4,-0.0404504
8,PCP,2024,1,-0.05092377
8,PCP,2024,2,-0.06287089
8,PCP,2024,3,-0.07556992
8,PCP,2024,4,-0.08836711
8,PIFP,2022,1,-0.00414779
8,PIFP,2022,2,-0.0102123
8,PIFP,2022,3,-0.0205416
8,PIFP,2022,4,-0.03339855
8,PIFP,2023,1,-0.04668053
8,PIFP,2023,2,-0.06044126
8,PIFP,2023,3,-0.07334393
8,PIFP,2023,4,-0.08711307
8,PIFP,2024,1,-0.09837691
8,PIFP,2024,2,-0.10853001
8,PIFP,2024,3,-0.11795357
8,PIFP,2024,4,-0.12394485
8,PIHP,2022,1,-0.00290694
8,PIHP,2022,2,-0.00840609
8,PIHP,2022,3,-0.01561249
8,PIHP,2022,4,-0.0235608
8,PIHP,2023,1,-0.02984735
8,PIHP,2023,2,-0.03550604
8,PIHP,2023,3,-0.04268031
8,PIHP,2023,4,-0.05300545
8,PIHP,2024,1,-0.06572989
8,PIHP,2024,2,-0.08015434
8,PIHP,2024,3,-0.09555184
8,PIHP,2024,4,-0.11035647
8,PXGS,2022,1,-0.00618946
8,PXGS,2022,2,-0.01859434
8,PXGS,2022,3,-0.03821689
8,PXGS,2022,4,-0.06456777
8,PXGS,2023,1,-0.09068014
8,PXGS,2023,2,-0.11623018
8,PXGS,2023,3,-0.13982524
8,PXGS,2023,4,-0.16190845
8,PXGS,2024,1,-0.18336511
8,PXGS,2024,2,-0.20461901
8,PXGS,2024,3,-0.22614058
8,PXGS,2024,4,-0.2481875
8,PMGS,2022,1,-0.00697463
8,PMGS,2022,2,-0.02368205
8,PMGS,2022,3,-0.0504743
8,PMGS,2022,4,-0.08264044
8,PMGS,2023,1,-0.11040129
8,PMGS,2023,2,-0.1340089
8,PMGS,2023,3,-0.15630778
8,PMGS,2023,4,-0.18156118
8,PMGS,2024,1,-0.20310933
8,PMGS,2024,2,-0.22376438
8,PMGS,2024,3,-0.24299182
8,PMGS,2024,4,-0.26446435
8,CGPI,2022,1,-0.0036423
8,CGPI,2022,2,-0.00992449
8,CGPI,2022,3,-0.01866255
8,CGPI,2022,4,-0.02963539
8,CGPI,2023,1,-0.0381973
8,CGPI,2023,2,-0.04708469
8,CGPI,2023,3,-0.0566091
8,CGPI,2023,4,-0.06767234
8,CGPI,2024,1,-0.07920749
8,CGPI,2024,2,-0.09045282
8,CGPI,2024,3,-0.10143435
8,CGPI,2024,4,-0.11276655
8,GDPV,2022,1,-0.01122723
8,GDPV,2022,2,-0.0314469
8,GDPV,2022,3,-0.06731693
8,GDPV,2022,4,-0.11626761
8,GDPV,2023,1,-0.17337745
8,GDPV,2023,2,-0.22922968
8,GDPV,2023,3,-0.28131378
8,GDPV,2023,4,-0.32591588
8,GDPV,2024,1,-0.34900881
8,GDPV,2024,2,-0.36351571
8,GDPV,2024,3,-0.37274642
8,GDPV,2024,4,-0.3755875
8,CPV,2022,1,-7.969e-05
8,CPV,2022,2,0.00600321
8,CPV,2022,3,0.0227572
8,CPV,2022,4,0.03430047
8,CPV,2023,1,0.03745804
8,CPV,2023,2,0.02950735
8,CPV,2023,3,0.00242025
8,CPV,2023,4,-0.0279943
8,CPV,2024,1,-0.05659221
8,CPV,2024,2,-0.08369206
8,CPV,2024,3,-0.1080583
8,CPV,2024,4,-0.12581702
8,IFPV,2022,1,-0.05520661
8,IFPV,2022,2,-0.16747867
8,IFPV,2022,3,-0.33276169
8,IFPV,2022,4,-0.57329616
8,IFPV,2023,1,-0.83202561
8,IFPV,2023,2,-1.08117761
8,IFPV,2023,3,-1.29953515
8,IFPV,2023,4,-1.44196841
8,IFPV,2024,1,-1.49777778
8,IFPV,2024,2,-1.49409673
8,IFPV,2024,3,-1.45885286
8,IFPV,2024,4,-1.41642191
8,IHPV,2022,1,-0.02163047
8,IHPV,2022,2,-0.04823815
8,IHPV,2022,3,-0.07531423
8,IHPV,2022,4,-0.10248818
8,IHPV,2023,1,-0.11264269
8,IHPV,2023,2,-0.12194137
8,IHPV,2023,3,-0.13848794
8,IHPV,2023,4,-0.1642145
8,IHPV,2024,1,-0.19286684
8,IHPV,2024,2,-0.2267816
8,IHPV,2024,3,-0.25296179
8,IHPV,2024,4,-0.28375928
8,IGV,2022,1,-0.00437352
8,IGV,2022,2,-0.01122875
8,IGV,2022,3,-0.0223159
8,IGV,2022,4,-0.03587164
8,IGV,2023,1,-0.04942866
8,IGV,2023,2,-0.06314817
8,IGV,2023,3,-0.07650856
8,IGV,2023,4,-0.09145799
8,IGV,2024,1,-0.10488572
8,IGV,2024,2,-0.11786385
8,IGV,2024,3,-0.13053693
8,IGV,2024,4,-0.14009907
8,CGV,2022,1,-0.0
8,CGV,2022,2,-0.00232785
8,CGV,2022,3,-0.0053248
8,CGV,2022,4,-0.00922685
8,CGV,2023,1,-0.01379649
8,CGV,2023,2,-0.01719175
8,CGV,2023,3,-0.02152471
8,CGV,2023,4,-0.02704931
8,CGV,2024,1,-0.03438238
8,CGV,2024,2,-0.04338578
8,CGV,2024,3,-0.05369039
8,CGV,2024,4,-0.06469314
8,XGSV,2022,1,-0.00618946
8,XGSV,2022,2,-0.01874193
8,XGSV,2022,3,-0.03895532
8,XGSV,2022,4,-0.06680771
8,XGSV,2023,1,-0.09595965
8,XGSV,2023,2,-0.12656105
8,XGSV,2023,3,-0.15738394
8,XGSV,2023,4,-0.18866958
8,XGSV,2024,1,-0.22073332
8,XGSV,2024,2,-0.25326012
8,XGSV,2024,3,-0.28614343
8,XGSV,2024,4,-0.3192786
8,MGSV,2022,1,-0.00600153
8,MGSV,2022,2,-0.01537009
8,MGSV,2022,3,-0.02123815
8,MGSV,2022,4,-0.02958818
8,MGSV,2023,1,-0.04533347
8,MGSV,2023,2,-0.0706955
8,MGSV,2023,3,-0.11537175
8,MGSV,2023,4,-0.17449029
8,MGSV,2024,1,-0.22645317
8,MGSV,2024,2,-0.27130955
8,MGSV,2024,3,-0.30956519
8,MGSV,2024,4,-0.34215846
8,NIV,2022,1,-0.01602864
8,NIV,2022,2,-0.0440841
8,NIV,2022,3,-0.09848027
8,NIV,2022,4,-0.17029992
8,NIV,2023,1,-0.2453157
8,NIV,2023,2,-0.32710364
8,NIV,2023,3,-0.39345722
8,NIV,2023,4,-0.44398315
8,NIV,2024,1,-0.46708808
8,NIV,2024,2,-0.48602325
8,NIV,2024,3,-0.46579842
8,NIV,2024,4,-0.51623057
8,YWV,2022,1,-0.00958958
8,YWV,2022,2,-0.02619263
8,YWV,2022,3,-0.02225044
8,YWV,2022,4,-0.06208803
8,YWV,2023,1,-0.10584797
8,YWV,2023,2,-0.17203482
8,YWV,2023,3,-0.26484754
8,YWV,2023,4,-0.31841267
8,YWV,2024,1,-0.34798355
8,YWV,2024,2,-0.37295278
8,YWV,2024,3,-0.36477019
8,YWV,2024,4,-0.41780777
8,YCV,2022,1,-0.33506056
8,YCV,2022,2,-0.59027211
8,YCV,2022,3,-1.19986423
8,YCV,2022,4,-1.6094446
8,YCV,2023,1,-1.53796259
8,YCV,2023,2,-1.72760375
8,YCV,2023,3,-1.85262299
8,YCV,2023,4,-1.71589847
8,YCV,2024,1,-1.76026919
8,YCV,2024,2,-1.84274219
8,YCV,2024,3,-1.38875188
8,YCV,2024,4,-2.40808167
8,YDV,2022,1,0.03782238
8,YDV,2022,2,0.07897405
8,YDV,2022,3,0.09283374
8,YDV,2022,4,0.10205118
8,YDV,2023,1,0.05848388
8,YDV,2023,2,-0.00413671
8,YDV,2023,3,-0.0525259
8,YDV,2023,4,-0.10238306
8,YDV,2024,1,-0.13544896
8,YDV,2024,2,-0.17084035
8,YDV,2024,3,-0.17103233
8,YDV,2024,4,-0.20841922
8,TAXV,2022,1,-0.00240136
8,TAXV,2022,2,-0.02717111
8,TAXV,2022,3,-0.08315791
8,TAXV,2022,4,-0.17746704
8,TAXV,2023,1,-0.32706888
8,TAXV,2023,2,-0.41891422
8,TAXV,2023,3,-0.55608651
8,TAXV,2023,4,-0.63814539
8,TAXV,2024,1,-0.69856481
8,TAXV,2024,2,-0.73403766
8,TAXV,2024,3,-0.7496191
8,TAXV,2024,4,-0.70449196
8,TYPV,2022,1,0.00196914
8,TYPV,2022,2,0.0064107
8,TYPV,2022,3,0.00425429
8,TYPV,2022,4,-0.00042812
8,TYPV,2023,1,-0.02638
8,TYPV,2023,2,-0.0688384
8,TYPV,2023,3,-0.12056212
8,TYPV,2023,4,-0.18411493
8,TYPV,2024,1,-0.23119881
8,TYPV,2024,2,-0.26732238
8,TYPV,2024,3,-0.28872643
8,TYPV,2024,4,-0.29602569
8,TYCV,2022,1,-0.00130583
8,TYCV,2022,2,-0.07875866
8,TYCV,2022,3,-0.25419698
8,TYCV,2022,4,-0.53934934
8,TYCV,2023,1,-0.97626738
8,TYCV,2023,2,-1.29330396
8,TYCV,2023,3,-1.61674161
8,TYCV,2023,4,-1.7829931
8,TYCV,2024,1,-1.82171088
8,TYCV,2024,2,-1.88757095
8,TYCV,2024,3,-1.92219133
8,TYCV,2024,4,-1.79184232
8,TCIV,2022,1,-0.01018339
8,TCIV,2022,2,-0.027972
8,TCIV,2022,3,-0.05030923
8,TCIV,2022,4,-0.08743185
8,TCIV,2023,1,-0.13238701
8,TCIV,2023,2,-0.18114999
8,TCIV,2023,3,-0.23456669
8,TCIV,2023,4,-0.28026911
8,TCIV,2024,1,-0.30621637
8,TCIV,2024,2,-0.32355613
8,TCIV,2024,3,-0.33280924
8,TCIV,2024,4,-0.33622546
8,WIPH,2022,1,-0.0064708
8,WIPH,2022,2,-0.01729745
8,WIPH,2022,3,-0.01109739
8,WIPH,2022,4,-0.03502024
8,WIPH,2023,1,-0.06108139
8,WIPH,2023,2,-0.10174023
8,WIPH,2023,3,-0.16528051
8,WIPH,2023,4,-0.20108833
8,WIPH,2024,1,-0.22975972
8,WIPH,2024,2,-0.24864054
8,WIPH,2024,3,-0.25163217
8,WIPH,2024,4,-0.29595463
8,LE,2022,1,-0.00154163
8,LE,2022,2,-0.00442472
8,LE,2022,3,-0.00093546
8,LE,2022,4,-0.00936593
8,LE,2023,1,-0.01975254
8,LE,2023,2,-0.03659783
8,LE,2023,3,-0.06092185
8,LE,2023,4,-0.07399177
8,LE,2024,1,-0.08094899
8,LE,2024,2,-0.08567396
8,LE,2024,3,-0.08069818
8,LE,2024,4,-0.09266304
8,LF,2022,1,-0.00135944
8,LF,2022,2,-0.00383579
8,LF,2022,3,0.00056489
8,LF,2022,4,-0.00668665
8,LF,2023,1,-0.01561046
8,LF,2023,2,-0.03110264
8,LF,2023,3,-0.05438139
8,LF,2023,4,-0.06660001
8,LF,2024,1,-0.07328688
8,LF,2024,2,-0.07813476
8,LF,2024,3,-0.07356394
8,LF,2024,4,-0.08654407
8,LH,2022,1,-0.00214998
8,LH,2022,2,-0.00581765
8,LH,2022,3,-0.0113949
8,LH,2022,4,-0.02104776
8,LH,2023,1,-0.03150152
8,LH,2023,2,-0.0426764
8,LH,2023,3,-0.05325621
8,LH,2023,4,-0.06012929
8,LH,2024,1,-0.05865967
8,LH,2024,2,-0.05803418
8,LH,2024,3,-0.05333291
8,LH,2024,4,-0.05071195
8,UR,2022,1,0.00017744
8,UR,2022,2,0.00057341
8,UR,2022,3,0.00146206
8,UR,2022,4,0.00261035
8,UR,2023,1,0.004033
8,UR,2023,2,0.00535258
8,UR,2023,3,0.00637344
8,UR,2023,4,0.00720605
8,UR,2024,1,0.00746991
8,UR,2024,2,0.00732674
8,UR,2024,3,0.0069664
8,UR,2024,4,0.00599842
8,CUX,2022,1,-0.0163843
8,CUX,2022,2,-0.04510849
8,CUX,2022,3,-0.10904253
8,CUX,2022,4,-0.17416393
8,CUX,2023,1,-0.25168484
8,CUX,2023,2,-0.30581048
8,CUX,2023,3,-0.33671087
8,CUX,2023,4,-0.36212139
8,CUX,2024,1,-0.34576132
8,CUX,2024,2,-0.31656474
8,CUX,2024,3,-0.28835495
8,CUX,2024,4,-0.21609546
8,GDPPOT,2022,1,-0.00081219
8,GDPPOT,2022,2,-0.00291178
8,GDPPOT,2022,3,-0.00221738
8,GDPPOT,2022,4,-0.01039274
8,GDPPOT,2023,1,-0.02228815
8,GDPPOT,2023,2,-0.04115651
8,GDPPOT,2023,3,-0.06723429
8,GDPPOT,2023,4,-0.08888666
8,GDPPOT,2024,1,-0.10865356
8,GDPPOT,2024,2,-0.12717501
8,GDPPOT,2024,3,-0.13946175
8,GDPPOT,2024,4,-0.16122461
8,GDPGAP,2022,1,-0.00773938
8,GDPGAP,2022,2,-0.02139856
8,GDPGAP,2022,3,-0.05004494
8,GDPGAP,2022,4,-0.08181141
8,GDPGAP,2023,1,-0.11947654
8,GDPGAP,2023,2,-0.14717004
8,GDPGAP,2023,3,-0.16288119
8,GDPGAP,2023,4,-0.17700942
8,GDPGAP,2024,1,-0.16886273
8,GDPGAP,2024,2,-0.15573945
8,GDPGAP,2024,3,-0.14194608
8,GDPGAP,2024,4,-0.11132989
8,RCD,2022,1,0.06728165
8,RCD,2022,2,0.13255956
8,RCD,2022,3,0.19439796
8,RCD,2022,4,0.25289632
8,RCD,2023,1,0.2381776
8,RCD,2023,2,0.22353253
8,RCD,2023,3,0.20886563
8,RCD,2023,4,0.19589791
8,RCD,2024,1,0.18884846
8,RCD,2024,2,0.18307601
8,RCD,2024,3,0.17947234
8,RCD,2024,4,0.17798514
8,RGB,2022,1,0.03432104
8,RGB,2022,2,0.06333846
8,RGB,2022,3,0.09048282
8,RGB,2022,4,0.11596551
8,RGB,2023,1,0.10453604
8,RGB,2023,2,0.09838164
8,RGB,2023,3,0.09336912
8,RGB,2023,4,0.09059909
8,RGB,2024,1,0.09196353
8,RGB,2024,2,0.09428755
8,RGB,2024,3,0.09783834
8,RGB,2024,4,0.1021139
8,PERR,2022,1,-0.07696161
8,PERR,2022,2,-0.30957512
8,PERR,2022,3,-0.67003723
8,PERR,2022,4,-1.14765211
8,PERR,2023,1,-1.68493158
8,PERR,2023,2,-1.65680869
8,PERR,2023,3,-1.66538005
8,PERR,2023,4,-1.50964082
8,PERR,2024,1,-1.38758337
8,PERR,2024,2,-1.26374487
8,PERR,2024,3,-1.25573024
8,PERR,2024,4,-1.25303501
8,UCC,2022,1,0.38307794
8,UCC,2022,2,0.82691933
8,UCC,2022,3,1.36254993
8,UCC,2022,4,1.92162077
8,UCC,2023,1,1.87731336
8,UCC,2023,2,1.94723481
8,UCC,2023,3,1.98068243
8,UCC,2023,4,1.96015655
8,UCC,2024,1,2.34027626
8,UCC,2024,2,2.33124351
8,UCC,2024,3,2.24205706
8,UCC,2024,4,2.05193183
8,FXS,2022,1,-0.0154995
8,FXS,2022,2,-0.0465592
8,FXS,2022,3,-0.09567885
8,FXS,2022,4,-0.16161822
8,FXS,2023,1,-0.22693495
8,FXS,2023,2,-0.29082023
8,FXS,2023,3,-0.34979546
8,FXS,2023,4,-0.40497287
8,FXS,2024,1,-0.45856717
8,FXS,2024,2,-0.51163797
8,FXS,2024,3,-0.56535981
8,FXS,2024,4,-0.62037493
8,PSHARE,2022,1,-0.2602903
8,PSHARE,2022,2,-0.92538886
8,PSHARE,2022,3,-2.0226532
8,PSHARE,2022,4,-3.46616694
8,PSHARE,2023,1,-4.81711882
8,PSHARE,2023,2,-5.67962601
8,PSHARE,2023,3,-6.02933704
8,PSHARE,2023,4,-5.94945102
8,PSHARE,2024,1,-5.63232179
8,PSHARE,2024,2,-5.36235556
8,PSHARE,2024,3,-5.15435274
8,PSHARE,2024,4,-5.01415893
8,PLAND,2022,1,-0.00083426
8,PLAND,2022,2,0.00096105
8,PLAND,2022,3,0.00914743
8,PLAND,2022,4,0.02794351
8,PLAND,2023,1,0.06177436
8,PLAND,2023,2,0.10872772
8,PLAND,2023,3,0.16431079
8,PLAND,2023,4,0.22335783
8,PLAND,2024,1,0.28162893
8,PLAND,2024,2,0.33676326
8,PLAND,2024,3,0.38918461
8,PLAND,2024,4,0.4394889
8,M2CD,2022,1,-0.25
8,M2CD,2022,2,-0.5
8,M2CD,2022,3,-0.75
8,M2CD,2022,4,-1.0
8,M2CD,2023,1,-1.0
8,M2CD,2023,2,-1.0
8,M2CD,2023,3,-1.0
8,M2CD,2023,4,-1.0
8,M2CD,2024,1,-1.0
8,M2CD,2024,2,-1.0
8,M2CD,2024,3,-1.0
8,M2CD,2024,4,-1.0
8,BGVATGDPV,2022,1,-0.00201365
8,BGVATGDPV,2022,2,-0.00861353
8,BGVATGDPV,2022,3,-0.0221386
8,BGVATGDPV,2022,4,-0.04515633
8,BGVATGDPV,2023,1,-0.07965994
8,BGVATGDPV,2023,2,-0.09814835
8,BGVATGDPV,2023,3,-0.12868172
8,BGVATGDPV,2023,4,-0.14706667
8,BGVATGDPV,2024,1,-0.16135867
8,BGVATGDPV,2024,2,-0.16377208
8,BGVATGDPV,2024,3,-0.17019127
8,BGVATGDPV,2024,4,-0.16207749
8,SBGVATGDPV,2022,1,0.02799038
8,SBGVATGDPV,2022,2,0.07965635
8,SBGVATGDPV,2022,3,0.17258695
8,SBGVATGDPV,2022,4,0.29469477
8,SBGVATGDPV,2023,1,0.44820437
8,SBGVATGDPV,2023,2,0.59954598
8,SBGVATGDPV,2023,3,0.74046374
8,SBGVATGDPV,2023,4,0.88160764
8,SBGVATGDPV,2024,1,0.97923226
8,SBGVATGDPV,2024,2,1.02520837
8,SBGVATGDPV,2024,3,1.07894158
8,SBGVATGDPV,2024,4,1.11238284
8,BCVATGDPV,2022,1,6.416e-05
8,BCVATGDPV,2022,2,-0.00244162
8,BCVATGDPV,2022,3,-0.01059046
8,BCVATGDPV,2022,4,-0.02110844
8,BCVATGDPV,2023,1,-0.03109103
8,BCVATGDPV,2023,2,-0.03525925
8,BCVATGDPV,2023,3,-0.037225
8,BCVATGDPV,2023,4,-0.0347817
8,BCVATGDPV,2024,1,-0.03546052
8,BCVATGDPV,2024,2,-0.03606407
8,BCVATGDPV,2024,3,-0.03931703
8,BCVATGDPV,2024,4,-0.0413323
8,KFP,2022,1,-0.00154044
8,KFP,2022,2,-0.0063464
8,KFP,2022,3,-0.01589271
8,KFP,2022,4,-0.0321977
8,KFP,2023,1,-0.05607561
8,KFP,2023,2,-0.08630625
8,KFP,2023,3,-0.12195315
8,KFP,2023,4,-0.16111824
8,KFP,2024,1,-0.19991137
8,KFP,2024,2,-0.2371807
8,KFP,2024,3,-0.27195524
8,KFP,2024,4,-0.30364895
8,KHP,2022,1,-0.00024373
8,KHP,2022,2,-0.00075873
8,KHP,2022,3,-0.00153801
8,KHP,2022,4,-0.00256033
8,KHP,2023,1,-0.00362575
8,KHP,2023,2,-0.00476256
8,KHP,2023,3,-0.00599925
8,KHP,2023,4,-0.00743134
8,KHP,2024,1,-0.00903942
8,KHP,2024,2,-0.01087898
8,KHP,2024,3,-0.01286409
8,KHP,2024,4,-0.01505277
8,KG,2022,1,-0.0
8,KG,2022,2,0.0
8,KG,2022,3,0.0
8,KG,2022,4,0.0
8,KG,2023,1,-0.0
8,KG,2023,2,-0.0
8,KG,2023,3,-0.0
8,KG,2023,4,-0.0
8,KG,2024,1,-0.0
8,KG,2024,2,-0.0
8,KG,2024,3,-0.0
8,KG,2024,4,-0.0
8,BCVATGDPV,2022,0,-0.00851909
8,BCVATGDPV,2023,0,-0.03458924
8,BCVATGDPV,2024,0,-0.03804348
8,BGVATGDPV,2022,0,-0.01948053
8,BGVATGDPV,2023,0,-0.11338917
8,BGVATGDPV,2024,0,-0.16434988
8,CG,2022,0,0.0
8,CG,2023,0,-0.0
8,CG,2024,0,-0.0
8,CGPI,2022,0,-0.01546618
8,CGPI,2023,0,-0.05239086
8,CGPI,2024,0,-0.0959653
8,CGV,2022,0,-0.00421988
8,CGV,2023,0,-0.01989057
8,CGV,2024,0,-0.04903792
8,CP,2022,0,0.02537224
8,CP,2023,0,0.04027505
8,CP,2024,0,-0.0241254
8,CPV,2022,0,0.0157453
8,CPV,2023,0,0.01034784
8,CPV,2024,0,-0.0935399
8,CUX,2022,0,-0.08617481
8,CUX,2023,0,-0.31408189
8,CUX,2024,0,-0.29169412
8,FXS,2022,0,-0.07983894
8,FXS,2023,0,-0.31813088
8,FXS,2024,0,-0.53898497
8,GDP,2022,0,-0.04441712
8,GDP,2023,0,-0.20752986
8,GDP,2024,0,-0.2814168
8,GDPD,2022,0,-0.09259367
8,GDPD,2023,0,-0.17608744
8,GDPD,2024,0,-0.00683211
8,GDPGAP,2022,0,-0.04024857
8,GDPGAP,2023,0,-0.1516343
8,GDPGAP,2024,0,-0.14446954
8,GDPPOT,2022,0,-0.00408352
8,GDPPOT,2023,0,-0.0548914
8,GDPPOT,2024,0,-0.13412873
8,GDPV,2022,0,-0.05656467
8,GDPV,2023,0,-0.2524592
8,GDPV,2024,0,-0.36521461
8,IFP,2022,0,-0.2651764
8,IFP,2023,0,-1.09754834
8,IFP,2024,0,-1.35610371
8,IFPV,2022,0,-0.28218578
8,IFPV,2023,0,-1.16367669
8,IFPV,2024,0,-1.46678732
8,IG,2022,0,0.0
8,IG,2023,0,0.0
8,IG,2024,0,0.0
8,IGV,2022,0,-0.01844745
8,IGV,2023,0,-0.07013585
8,IGV,2024,0,-0.12334639
8,IHP,2022,0,-0.04930413
8,IHP,2023,0,-0.09410067
8,IHP,2024,0,-0.15128008
8,IHPV,2022,0,-0.06191776
8,IHPV,2023,0,-0.13432162
8,IHPV,2024,0,-0.23909238
8,KFP,2022,0,-0.01399431
8,KFP,2023,0,-0.10636331
8,KFP,2024,0,-0.25317407
8,KG,2022,0,0.0
8,KG,2023,0,-0.0
8,KG,2024,0,-0.0
8,KHP,2022,0,-0.0012752
8,KHP,2023,0,-0.00545473
8,KHP,2024,0,-0.01195881
8,LE,2022,0,-0.00406693
8,LE,2023,0,-0.047816
8,LE,2024,0,-0.08499604
8,LF,2022,0,-0.00282925
8,LF,2023,0,-0.04192363
8,LF,2024,0,-0.07788241
8,LH,2022,0,-0.01010257
8,LH,2023,0,-0.04689086
8,LH,2024,0,-0.05518468
8,M2CD,2022,0,-0.625
8,M2CD,2023,0,-1.0
8,M2CD,2024,0,-1.0
8,MGS,2022,0,0.02290854
8,MGS,2023,0,0.04415549
8,MGS,2024,0,-0.0539197
8,MGSV,2022,0,-0.01804949
8,MGSV,2023,0,-0.10147275
8,MGSV,2024,0,-0.28737159
8,NIV,2022,0,-0.08222323
8,NIV,2023,0,-0.35246493
8,NIV,2024,0,-0.48378508
8,PCP,2022,0,-0.00962347
8,PCP,2023,0,-0.02991649
8,PCP,2024,0,-0.06943292
8,PERR,2022,0,-0.55105652
8,PERR,2023,0,-1.62919028
8,PERR,2024,0,-1.29002337
8,PGDP,2022,0,-0.01215551
8,PGDP,2023,0,-0.04502732
8,PGDP,2024,0,-0.08403402
8,PIFP,2022,0,-0.01707506
8,PIFP,2023,0,-0.0668947
8,PIFP,2024,0,-0.11220133
8,PIHP,2022,0,-0.01262158
8,PIHP,2023,0,-0.04025979
8,PIHP,2024,0,-0.08794814
8,PLAND,2022,0,0.00930443
8,PLAND,2023,0,0.13954267
8,PLAND,2024,0,0.36176642
8,PMGS,2022,0,-0.04094286
8,PMGS,2023,0,-0.14556979
8,PMGS,2024,0,-0.23358247
8,PSHARE,2022,0,-1.66862482
8,PSHARE,2023,0,-5.61888322
8,PSHARE,2024,0,-5.29079726
8,PXGS,2022,0,-0.03189211
8,PXGS,2023,0,-0.127161
8,PXGS,2024,0,-0.21557805
8,RCD,2022,0,0.16178387
8,RCD,2023,0,0.21661842
8,RCD,2024,0,0.18234549
8,RGB,2022,0,0.07602696
8,RGB,2023,0,0.09672148
8,RGB,2024,0,0.09655083
8,SBGVATGDPV,2022,0,0.14373211
8,SBGVATGDPV,2023,0,0.66745543
8,SBGVATGDPV,2024,0,1.04894126
8,TAXV,2022,0,-0.07254936
8,TAXV,2023,0,-0.48505375
8,TAXV,2024,0,-0.72167838
8,TCIV,2022,0,-0.04397412
8,TCIV,2023,0,-0.2070932
8,TCIV,2024,0,-0.3247018
8,TYCV,2022,0,-0.2184027
8,TYCV,2023,0,-1.41732651
8,TYCV,2024,0,-1.85582887
8,TYPV,2022,0,0.0030515
8,TYPV,2023,0,-0.09997386
8,TYPV,2024,0,-0.27081833
8,UCC,2022,0,1.12354199
8,UCC,2023,0,1.94134679
8,UCC,2024,0,2.24137716
8,UR,2022,0,0.00120581
8,UR,2023,0,0.00574127
8,UR,2024,0,0.00694037
8,WIPH,2022,0,-0.01747147
8,WIPH,2023,0,-0.13229762
8,WIPH,2024,0,-0.25649676
8,XGS,2022,0,-0.00078193
8,XGS,2023,0,-0.01500375
8,XGS,2024,0,-0.05439613
8,XGSV,2022,0,-0.0326736
8,XGSV,2023,0,-0.14214355
8,XGSV,2024,0,-0.26985387
8,YCV,2022,0,-0.93366038
8,YCV,2023,0,-1.70852195
8,YCV,2024,0,-1.84996123
8,YDV,2022,0,0.07792034
8,YDV,2023,0,-0.02514045
8,YDV,2024,0,-0.17143521
8,YWV,2022,0,-0.03003017
8,YWV,2023,0,-0.21528575
8,YWV,2024,0,-0.37587857
9,GDP,2022,1,0.01356741
9,GDP,2022,2,0.0082335
9,GDP,2022,3,0.18898979
9,GDP,2022,4,0.2446019
9,GDP,2023,1,0.32933126
9,GDP,2023,2,0.4009807
9,GDP,2023,3,0.43098749
9,GDP,2023,4,0.47298888
9,GDP,2024,1,0.47274851
9,GDP,2024,2,0.46505726
9,GDP,2024,3,0.46939282
9,GDP,2024,4,0.46939885
9,CP,2022,1,0.00012131
9,CP,2022,2,0.00803292
9,CP,2022,3,0.02286424
9,CP,2022,4,0.05468054
9,CP,2023,1,0.12094068
9,CP,2023,2,0.17627618
9,CP,2023,3,0.25134296
9,CP,2023,4,0.33474607
9,CP,2024,1,0.35933779
9,CP,2024,2,0.37548364
9,CP,2024,3,0.39757195
9,CP,2024,4,0.41731366
9,IFP,2022,1,0.02924279
9,IFP,2022,2,0.10298097
9,IFP,2022,3,0.19949165
9,IFP,2022,4,0.28937708
9,IFP,2023,1,0.3492929
9,IFP,2023,2,0.3520248
9,IFP,2023,3,0.31155967
9,IFP,2023,4,0.26042292
9,IFP,2024,1,0.19964766
9,IFP,2024,2,0.13656013
9,IFP,2024,3,0.08296278
9,IFP,2024,4,0.03479284
9,IHP,2022,1,0.21857669
9,IHP,2022,2,0.40235836
9,IHP,2022,3,0.45924507
9,IHP,2022,4,0.48527285
9,IHP,2023,1,0.28842129
9,IHP,2023,2,0.166538
9,IHP,2023,3,0.14708567
9,IHP,2023,4,0.2068697
9,IHP,2024,1,0.23321501
9,IHP,2024,2,0.27225281
9,IHP,2024,3,0.27735574
9,IHP,2024,4,0.30660151
9,IG,2022,1,0.0
9,IG,2022,2,0.0
9,IG,2022,3,0.0
9,IG,2022,4,0.0
9,IG,2023,1,0.0
9,IG,2023,2,0.0
9,IG,2023,3,0.0
9,IG,2023,4,0.0
9,IG,2024,1,0.0
9,IG,2024,2,0.0
9,IG,2024,3,0.0
9,IG,2024,4,0.0
9,CG,2022,1,-0.0
9,CG,2022,2,0.0
9,CG,2022,3,0.0
9,CG,2022,4,0.0
9,CG,2023,1,-0.0
9,CG,2023,2,0.0
9,CG,2023,3,0.0
9,CG,2023,4,0.0
9,CG,2024,1,0.0
9,CG,2024,2,0.0
9,CG,2024,3,0.0
9,CG,2024,4,0.0
9,XGS,2022,1,0.0
9,XGS,2022,2,0.09080543
9,XGS,2022,3,0.27266372
9,XGS,2022,4,0.5460709
9,XGS,2023,1,0.9117738
9,XGS,2023,2,1.27880681
9,XGS,2023,3,1.55495738
9,XGS,2023,4,1.73947594
9,XGS,2024,1,1.8318609
9,XGS,2024,2,1.8318609
9,XGS,2024,3,1.8318609
9,XGS,2024,4,1.8318609
9,MGS,2022,1,0.00172081
9,MGS,2022,2,0.25709654
9,MGS,2022,3,-0.26899616
9,MGS,2022,4,-0.08605116
9,MGS,2023,1,-0.05029198
9,MGS,2023,2,0.03660591
9,MGS,2023,3,0.1320526
9,MGS,2023,4,0.24935541
9,MGS,2024,1,0.32989781
9,MGS,2024,2,0.35794582
9,MGS,2024,3,0.38681257
9,MGS,2024,4,0.41999586
9,GDPD,2022,1,0.05403145
9,GDPD,2022,2,-0.02153602
9,GDPD,2022,3,0.72103161
9,GDPD,2022,4,0.22313534
9,GDPD,2023,1,0.34104479
9,GDPD,2023,2,0.28584409
9,GDPD,2023,3,0.118053
9,GDPD,2023,4,0.16808125
9,GDPD,2024,1,-0.00095606
9,GDPD,2024,2,-0.03058479
9,GDPD,2024,3,0.01740614
9,GDPD,2024,4,2.409e-05
9,PGDP,2022,1,-0.07966432
9,PGDP,2022,2,-0.24014502
9,PGDP,2022,3,-0.22334064
9,PGDP,2022,4,-0.17019958
9,PGDP,2023,1,-0.08016004
9,PGDP,2023,2,0.06782686
9,PGDP,2023,3,0.11216341
9,PGDP,2023,4,0.11629325
9,PGDP,2024,1,0.13677588
9,PGDP,2024,2,0.16726635
9,PGDP,2024,3,0.20152906
9,PGDP,2024,4,0.26208383
9,PCP,2022,1,0.15717052
9,PCP,2022,2,0.15400101
9,PCP,2022,3,0.15105523
9,PCP,2022,4,0.14939731
9,PCP,2023,1,0.15110027
9,PCP,2023,2,0.15684046
9,PCP,2023,3,0.16769175
9,PCP,2023,4,0.18241029
9,PCP,2024,1,0.20034396
9,PCP,2024,2,0.22046436
9,PCP,2024,3,0.24229171
9,PCP,2024,4,0.26477576
9,PIFP,2022,1,0.00037424
9,PIFP,2022,2,0.00214335
9,PIFP,2022,3,0.02957071
9,PIFP,2022,4,0.04680827
9,PIFP,2023,1,0.07412147
9,PIFP,2023,2,0.0950044
9,PIFP,2023,3,0.1195811
9,PIFP,2023,4,0.14733985
9,PIFP,2024,1,0.17387388
9,PIFP,2024,2,0.19589657
9,PIFP,2024,3,0.22361029
9,PIFP,2024,4,0.24595901
9,PIHP,2022,1,0.29892544
9,PIHP,2022,2,0.49243116
9,PIHP,2022,3,0.49943851
9,PIHP,2022,4,0.49218903
9,PIHP,2023,1,0.48363003
9,PIHP,2023,2,0.47247134
9,PIHP,2023,3,0.47632762
9,PIHP,2023,4,0.49550924
9,PIHP,2024,1,0.51884195
9,PIHP,2024,2,0.53987977
9,PIHP,2024,3,0.56111167
9,PIHP,2024,4,0.58145454
9,PXGS,2022,1,3.87921969
9,PXGS,2022,2,3.87921969
9,PXGS,2022,3,3.87921969
9,PXGS,2022,4,3.87921969
9,PXGS,2023,1,3.87921969
9,PXGS,2023,2,3.87921969
9,PXGS,2023,3,3.87921969
9,PXGS,2023,4,3.87921969
9,PXGS,2024,1,3.87921969
9,PXGS,2024,2,3.87921969
9,PXGS,2024,3,3.87921969
9,PXGS,2024,4,3.87921969
9,PMGS,2022,1,4.3634042
9,PMGS,2022,2,4.8872176
9,PMGS,2022,3,4.75441482
9,PMGS,2022,4,4.72629473
9,PMGS,2023,1,4.55191308
9,PMGS,2023,2,4.39291885
9,PMGS,2023,3,4.31126949
9,PMGS,2023,4,4.35410937
9,PMGS,2024,1,4.33404273
9,PMGS,2024,2,4.29667592
9,PMGS,2024,3,4.22565947
9,PMGS,2024,4,4.18669034
9,CGPI,2022,1,0.8788323
9,CGPI,2022,2,0.98247369
9,CGPI,2022,3,0.95646608
9,CGPI,2022,4,0.95857573
9,CGPI,2023,1,0.92869065
9,CGPI,2023,2,0.90695271
9,CGPI,2023,3,0.90086199
9,CGPI,2023,4,0.92242667
9,CGPI,2024,1,0.93364454
9,CGPI,2024,2,0.94139397
9,CGPI,2024,3,0.94174047
9,CGPI,2024,4,0.95051262
9,GDPV,2022,1,-0.06610772
9,GDPV,2022,2,-0.23193129
9,GDPV,2022,3,-0.03477294
9,GDPV,2022,4,0.07398601
9,GDPV,2023,1,0.24890723
9,GDPV,2023,2,0.46907953
9,GDPV,2023,3,0.54363431
9,GDPV,2023,4,0.58983219
9,GDPV,2024,1,0.610171
9,GDPV,2024,2,0.6331015
9,GDPV,2024,3,0.67186784
9,GDPV,2024,4,0.7327129
9,CPV,2022,1,0.15729202
9,CPV,2022,2,0.1620463
9,CPV,2022,3,0.17395401
9,CPV,2022,4,0.20415954
9,CPV,2023,1,0.27222369
9,CPV,2023,2,0.33339311
9,CPV,2023,3,0.41945619
9,CPV,2023,4,0.51776697
9,CPV,2024,1,0.56040166
9,CPV,2024,2,0.59677581
9,CPV,2024,3,0.64082695
9,CPV,2024,4,0.68319437
9,IFPV,2022,1,0.02961714
9,IFPV,2022,2,0.10512652
9,IFPV,2022,3,0.22912135
9,IFPV,2022,4,0.3363208
9,IFPV,2023,1,0.42367327
9,IFPV,2023,2,0.44736364
9,IFPV,2023,3,0.43151334
9,IFPV,2023,4,0.40814648
9,IFPV,2024,1,0.37386868
9,IFPV,2024,2,0.33272421
9,IFPV,2024,3,0.30675858
9,IFPV,2024,4,0.28083742
9,IHPV,2022,1,0.51815551
9,IHPV,2022,2,0.89677086
9,IHPV,2022,3,0.96097722
9,IHPV,2022,4,0.97985034
9,IHPV,2023,1,0.77344622
9,IHPV,2023,2,0.63979618
9,IHPV,2023,3,0.6241139
9,IHPV,2023,4,0.703404
9,IHPV,2024,1,0.75326698
9,IHPV,2024,2,0.81360242
9,IHPV,2024,3,0.84002369
9,IHPV,2024,4,0.8898388
9,IGV,2022,1,0.07284528
9,IGV,2022,2,0.13220337
9,IGV,2022,3,0.15794281
9,IGV,2022,4,0.17706061
9,IGV,2023,1,0.19984644
9,IGV,2023,2,0.21924402
9,IGV,2023,3,0.24350918
9,IGV,2023,4,0.27583314
9,IGV,2024,1,0.30731634
9,IGV,2024,2,0.33504324
9,IGV,2024,3,0.36754601
9,IGV,2024,4,0.39541234
9,CGV,2022,1,-0.0
9,CGV,2022,2,0.1358848
9,CGV,2022,3,0.0946694
9,CGV,2022,4,0.13986251
9,CGV,2023,1,0.1157455
9,CGV,2023,2,0.13679461
9,CGV,2023,3,0.13101666
9,CGV,2023,4,0.14902341
9,CGV,2024,1,0.15666276
9,CGV,2024,2,0.17614958
9,CGV,2024,3,0.19159322
9,CGV,2024,4,0.2126354
9,XGSV,2022,1,3.87921969
9,XGSV,2022,2,3.97354766
9,XGSV,2022,3,4.16246064
9,XGSV,2022,4,4.44647388
9,XGSV,2023,1,4.82636319
9,XGSV,2023,2,5.20763423
9,XGSV,2023,3,5.49449728
9,XGSV,2023,4,5.68617372
9,XGSV,2024,1,5.7821425
9,XGSV,2024,2,5.7821425
9,XGSV,2024,3,5.7821425
9,XGSV,2024,4,5.7821425
9,MGSV,2022,1,4.3652001
9,MGSV,2022,2,5.156879
9,MGSV,2022,3,4.47262946
9,MGSV,2022,4,4.63617653
9,MGSV,2023,1,4.49933186
9,MGSV,2023,2,4.43113283
9,MGSV,2023,3,4.44901523
9,MGSV,2023,4,4.61432198
9,MGSV,2024,1,4.67823846
9,MGSV,2024,2,4.67000152
9,MGSV,2024,3,4.62881742
9,MGSV,2024,4,4.62427013
9,NIV,2022,1,0.271598
9,NIV,2022,2,0.15685611
9,NIV,2022,3,0.45508346
9,NIV,2022,4,0.63745565
9,NIV,2023,1,0.72962503
9,NIV,2023,2,1.07484672
9,NIV,2023,3,1.14170604
9,NIV,2023,4,1.20350997
9,NIV,2024,1,1.18365492
9,NIV,2024,2,1.26308775
9,NIV,2024,3,1.21538282
9,NIV,2024,4,1.41628178
9,YWV,2022,1,0.22312715
9,YWV,2022,2,0.13818904
9,YWV,2022,3,0.33891427
9,YWV,2022,4,0.47897826
9,YWV,2023,1,0.52054851
9,YWV,2023,2,0.81797155
9,YWV,2023,3,0.82884159
9,YWV,2023,4,0.87937223
9,YWV,2024,1,0.84882476
9,YWV,2024,2,0.93740187
9,YWV,2024,3,0.89437689
9,YWV,2024,4,1.05650597
9,YCV,2022,1,0.84105615
9,YCV,2022,2,-0.04046001
9,YCV,2022,3,1.2424522
9,YCV,2022,4,1.43487567
9,YCV,2023,1,1.5396101
9,YCV,2023,2,2.23938053
9,YCV,2023,3,2.3614888
9,YCV,2023,4,2.32243515
9,YCV,2024,1,2.28893624
9,YCV,2024,2,2.48581086
9,YCV,2024,3,2.02672895
9,YCV,2024,4,3.52917322
9,YDV,2022,1,0.1926013
9,YDV,2022,2,0.21222428
9,YDV,2022,3,0.32794447
9,YDV,2022,4,0.49018129
9,YDV,2023,1,0.54570373
9,YDV,2023,2,0.8223923
9,YDV,2023,3,0.86940718
9,YDV,2023,4,0.91511249
9,YDV,2024,1,0.91707432
9,YDV,2024,2,0.99490046
9,YDV,2024,3,0.97360569
9,YDV,2024,4,1.11109278
9,TAXV,2022,1,0.07747903
9,TAXV,2022,2,0.15966358
9,TAXV,2022,3,0.20626872
9,TAXV,2022,4,0.34484669
9,TAXV,2023,1,0.51522178
9,TAXV,2023,2,0.64549362
9,TAXV,2023,3,0.88795355
9,TAXV,2023,4,1.04415791
9,TAXV,2024,1,1.17620735
9,TAXV,2024,2,1.23272344
9,TAXV,2024,3,1.29786249
9,TAXV,2024,4,1.29513598
9,TYPV,2022,1,0.05077232
9,TYPV,2022,2,0.10311949
9,TYPV,2022,3,0.28109464
9,TYPV,2022,4,0.42838716
9,TYPV,2023,1,0.56910373
9,TYPV,2023,2,0.74128428
9,TYPV,2023,3,0.89102108
9,TYPV,2023,4,1.02303464
9,TYPV,2024,1,1.1211297
9,TYPV,2024,2,1.15235039
9,TYPV,2024,3,1.18932304
9,TYPV,2024,4,1.22384236
9,TYCV,2022,1,0.00048886
9,TYCV,2022,2,0.18805863
9,TYCV,2022,3,0.20346155
9,TYCV,2022,4,0.51547737
9,TYCV,2023,1,0.92908169
9,TYCV,2023,2,1.1699484
9,TYCV,2023,3,1.82121467
9,TYCV,2023,4,2.12296908
9,TYCV,2024,1,2.36247426
9,TYCV,2024,2,2.57233183
9,TYCV,2024,3,2.65486637
9,TYCV,2024,4,2.57306271
9,TCIV,2022,1,0.10354956
9,TCIV,2022,2,0.16035123
9,TCIV,2022,3,0.18323093
9,TCIV,2022,4,0.22523646
9,TCIV,2023,1,0.26165042
9,TCIV,2023,2,0.29569894
9,TCIV,2023,3,0.33369782
9,TCIV,2023,4,0.38480432
9,TCIV,2024,1,0.40385158
9,TCIV,2024,2,0.41932083
9,TCIV,2024,3,0.44127687
9,TCIV,2024,4,0.46427793
9,WIPH,2022,1,0.2127817
9,WIPH,2022,2,0.14913061
9,WIPH,2022,3,0.26373621
9,WIPH,2022,4,0.35460035
9,WIPH,2023,1,0.37250664
9,WIPH,2023,2,0.57071521
9,WIPH,2023,3,0.57759595
9,WIPH,2023,4,0.60808901
9,WIPH,2024,1,0.6005703
9,WIPH,2024,2,0.66192555
9,WIPH,2024,3,0.64214251
9,WIPH,2024,4,0.76103864
9,LE,2022,1,0.01783375
9,LE,2022,2,-0.00476896
9,LE,2022,3,0.04389617
9,LE,2022,4,0.08222128
9,LE,2023,1,0.09330997
9,LE,2023,2,0.17406006
9,LE,2023,3,0.17554935
9,LE,2023,4,0.18563534
9,LE,2024,1,0.17465669
9,LE,2024,2,0.19555828
9,LE,2024,3,0.17806475
9,LE,2024,4,0.21672867
9,LF,2022,1,0.0178412
9,LF,2022,2,-0.00505272
9,LF,2022,3,0.03997725
9,LF,2022,4,0.0759913
9,LF,2023,1,0.08402173
9,LF,2023,2,0.16304941
9,LF,2023,3,0.16307993
9,LF,2023,4,0.17149052
9,LF,2024,1,0.15952434
9,LF,2024,2,0.18038173
9,LF,2024,3,0.1625813
9,LF,2024,4,0.20183501
9,LH,2022,1,0.00579291
9,LH,2022,2,0.00093465
9,LH,2022,3,0.04895
9,LH,2022,4,0.06733721
9,LH,2023,1,0.08577128
9,LH,2023,2,0.113752
9,LH,2023,3,0.11899875
9,LH,2023,4,0.12922176
9,LH,2024,1,0.12306312
9,LH,2024,2,0.12551829
9,LH,2024,3,0.12254155
9,LH,2024,4,0.12936213
9,UR,2022,1,5.38e-06
9,UR,2022,2,-0.00027665
9,UR,2022,3,-0.00380575
9,UR,2022,4,-0.00605672
9,UR,2023,1,-0.0090296
9,UR,2023,2,-0.01069017
9,UR,2023,3,-0.0121242
9,UR,2023,4,-0.01375474
9,UR,2024,1,-0.01471829
9,UR,2024,2,-0.01470417
9,UR,2024,3,-0.01508382
9,UR,2024,4,-0.01455564
9,CUX,2022,1,-0.00049677
9,CUX,2022,2,0.02578844
9,CUX,2022,3,0.33982921
9,CUX,2022,4,0.39117811
9,CUX,2023,1,0.55472586
9,CUX,2023,2,0.56501624
9,CUX,2023,3,0.62138792
9,CUX,2023,4,0.68975608
9,CUX,2024,1,0.70792421
9,CUX,2024,2,0.64888728
9,CUX,2024,3,0.68803928
9,CUX,2024,4,0.61956062
9,GDPPOT,2022,1,0.01065866
9,GDPPOT,2022,2,-0.00266359
9,GDPPOT,2022,3,0.02550591
9,GDPPOT,2022,4,0.04947369
9,GDPPOT,2023,1,0.05776814
9,GDPPOT,2023,2,0.1091818
9,GDPPOT,2023,3,0.11327199
9,GDPPOT,2023,4,0.1217204
9,GDPPOT,2024,1,0.11729156
9,GDPPOT,2024,2,0.13157481
9,GDPPOT,2024,3,0.12192339
9,GDPPOT,2024,4,0.14563438
9,GDPGAP,2022,1,0.00289731
9,GDPGAP,2022,2,0.01091428
9,GDPGAP,2022,3,0.16272667
9,GDPGAP,2022,4,0.19471332
9,GDPGAP,2023,1,0.27239401
9,GDPGAP,2023,2,0.29154875
9,GDPGAP,2023,3,0.31253262
9,GDPGAP,2023,4,0.34628686
9,GDPGAP,2024,1,0.34914808
9,GDPGAP,2024,2,0.32552802
9,GDPGAP,2024,3,0.33981263
9,GDPGAP,2024,4,0.3159663
9,RCD,2022,1,0.00313662
9,RCD,2022,2,-0.001
9,RCD,2022,3,0.01422624
9,RCD,2022,4,0.02649913
9,RCD,2023,1,0.03637072
9,RCD,2023,2,0.05943635
9,RCD,2023,3,0.06632871
9,RCD,2023,4,0.07577244
9,RCD,2024,1,0.08050123
9,RCD,2024,2,0.08954525
9,RCD,2024,3,0.09025102
9,RCD,2024,4,0.09948513
9,RGB,2022,1,0.00160002
9,RGB,2022,2,0.0021434
9,RGB,2022,3,0.00686441
9,RGB,2022,4,0.0124862
9,RGB,2023,1,0.01671263
9,RGB,2023,2,0.02784374
9,RGB,2023,3,0.02995833
9,RGB,2023,4,0.03447542
9,RGB,2024,1,0.03659509
9,RGB,2024,2,0.04147686
9,RGB,2024,3,0.04215709
9,RGB,2024,4,0.04796984
9,PERR,2022,1,0.17598533
9,PERR,2022,2,0.56724538
9,PERR,2022,3,0.71856358
9,PERR,2022,4,0.52742717
9,PERR,2023,1,0.39932845
9,PERR,2023,2,-0.0039019
9,PERR,2023,3,-0.22046934
9,PERR,2023,4,-0.38122148
9,PERR,2024,1,-0.53815578
9,PERR,2024,2,-0.63513697
9,PERR,2024,3,-0.65083073
9,PERR,2024,4,-0.831052
9,UCC,2022,1,-0.03272446
9,UCC,2022,2,-0.13863686
9,UCC,2022,3,-0.26258881
9,UCC,2022,4,-0.40027492
9,UCC,2023,1,-0.48952576
9,UCC,2023,2,-0.49969807
9,UCC,2023,3,-0.48509093
9,UCC,2023,4,-0.40149539
9,UCC,2024,1,-0.50892473
9,UCC,2024,2,-0.43633569
9,UCC,2024,3,-0.4464668
9,UCC,2024,4,-0.32949312
9,FXS,2022,1,10.0
9,FXS,2022,2,10.0
9,FXS,2022,3,10.0
9,FXS,2022,4,10.0
9,FXS,2023,1,10.0
9,FXS,2023,2,10.0
9,FXS,2023,3,10.0
9,FXS,2023,4,10.0
9,FXS,2024,1,10.0
9,FXS,2024,2,10.0
9,FXS,2024,3,10.0
9,FXS,2024,4,10.0
9,PSHARE,2022,1,0.61522067
9,PSHARE,2022,2,1.4394906
9,PSHARE,2022,3,2.07026763
9,PSHARE,2022,4,1.95738135
9,PSHARE,2023,1,1.78220724
9,PSHARE,2023,2,1.50796784
9,PSHARE,2023,3,1.14801691
9,PSHARE,2023,4,0.8086205
9,PSHARE,2024,1,0.50798766
9,PSHARE,2024,2,0.25215454
9,PSHARE,2024,3,0.08418185
9,PSHARE,2024,4,-0.07163599
9,PLAND,2022,1,0.0569578
9,PLAND,2022,2,0.00083303
9,PLAND,2022,3,-0.02116855
9,PLAND,2022,4,-0.03888331
9,PLAND,2023,1,-0.05939746
9,PLAND,2023,2,-0.07581009
9,PLAND,2023,3,-0.08902253
9,PLAND,2023,4,-0.0981346
9,PLAND,2024,1,-0.10646976
9,PLAND,2024,2,-0.11157905
9,PLAND,2024,3,-0.11445398
9,PLAND,2024,4,-0.11480923
9,M2CD,2022,1,0.00230116
9,M2CD,2022,2,0.01184615
9,M2CD,2022,3,0.13813837
9,M2CD,2022,4,0.15230051
9,M2CD,2023,1,0.20875906
9,M2CD,2023,2,0.21079322
9,M2CD,2023,3,0.23532809
9,M2CD,2023,4,0.2666973
9,M2CD,2024,1,0.27616049
9,M2CD,2024,2,0.26487092
9,M2CD,2024,3,0.29682581
9,M2CD,2024,4,0.29428802
9,BGVATGDPV,2022,1,0.00870043
9,BGVATGDPV,2022,2,-0.0070242
9,BGVATGDPV,2022,3,0.02314023
9,BGVATGDPV,2022,4,0.04973227
9,BGVATGDPV,2023,1,0.09874514
9,BGVATGDPV,2023,2,0.12920776
9,BGVATGDPV,2023,3,0.17636644
9,BGVATGDPV,2023,4,0.20509793
9,BGVATGDPV,2024,1,0.22773657
9,BGVATGDPV,2024,2,0.22961416
9,BGVATGDPV,2024,3,0.24550211
9,BGVATGDPV,2024,4,0.2472635
9,SBGVATGDPV,2022,1,0.15976143
9,SBGVATGDPV,2022,2,0.5689198
9,SBGVATGDPV,2022,3,0.07612737
9,SBGVATGDPV,2022,4,-0.19701516
9,SBGVATGDPV,2023,1,-0.633114
9,SBGVATGDPV,2023,2,-1.17223808
9,SBGVATGDPV,2023,3,-1.36219729
9,SBGVATGDPV,2023,4,-1.52060725
9,SBGVATGDPV,2024,1,-1.62967004
9,SBGVATGDPV,2024,2,-1.69092633
9,SBGVATGDPV,2024,3,-1.8224542
9,SBGVATGDPV,2024,4,-1.99460631
9,BCVATGDPV,2022,1,0.08492337
9,BCVATGDPV,2022,2,-0.02752293
9,BCVATGDPV,2022,3,0.11870152
9,BCVATGDPV,2022,4,0.20380175
9,BCVATGDPV,2023,1,0.25260172
9,BCVATGDPV,2023,2,0.45251601
9,BCVATGDPV,2023,3,0.5131069
9,BCVATGDPV,2023,4,0.52967828
9,BCVATGDPV,2024,1,0.50827556
9,BCVATGDPV,2024,2,0.54795716
9,BCVATGDPV,2024,3,0.53803549
9,BCVATGDPV,2024,4,0.55390519
9,KFP,2022,1,0.00088221
9,KFP,2022,2,0.00403283
9,KFP,2022,3,0.01013182
9,KFP,2022,4,0.01881784
9,KFP,2023,1,0.02929018
9,KFP,2023,2,0.03939761
9,KFP,2023,3,0.04790204
9,KFP,2023,4,0.05464664
9,KFP,2024,1,0.05918421
9,KFP,2024,2,0.06161332
9,KFP,2024,3,0.06228501
9,KFP,2024,4,0.06143254
9,KHP,2022,1,0.00284514
9,KHP,2022,2,0.00804199
9,KHP,2022,3,0.01400635
9,KHP,2022,4,0.02023031
9,KHP,2023,1,0.02379045
9,KHP,2023,2,0.02574936
9,KHP,2023,3,0.02739677
9,KHP,2023,4,0.02983835
9,KHP,2024,1,0.03256852
9,KHP,2024,2,0.03577038
9,KHP,2024,3,0.03903986
9,KHP,2024,4,0.04268328
9,KG,2022,1,-0.0
9,KG,2022,2,0.0
9,KG,2022,3,0.0
9,KG,2022,4,0.0
9,KG,2023,1,-0.0
9,KG,2023,2,0.0
9,KG,2023,3,-0.0
9,KG,2023,4,-0.0
9,KG,2024,1,0.0
9,KG,2024,2,0.0
9,KG,2024,3,0.0
9,KG,2024,4,-0.0
9,BCVATGDPV,2022,0,0.09497593
9,BCVATGDPV,2023,0,0.43697573
9,BCVATGDPV,2024,0,0.53704335
9,BGVATGDPV,2022,0,0.01863718
9,BGVATGDPV,2023,0,0.15235432
9,BGVATGDPV,2024,0,0.23752909
9,CG,2022,0,0.0
9,CG,2023,0,0.0
9,CG,2024,0,0.0
9,CGPI,2022,0,0.94408695
9,CGPI,2023,0,0.91473301
9,CGPI,2024,0,0.9418229
9,CGV,2022,0,0.09260417
9,CGV,2023,0,0.13314505
9,CGV,2024,0,0.18426024
9,CP,2022,0,0.02142475
9,CP,2023,0,0.22082647
9,CP,2024,0,0.38742676
9,CPV,2022,0,0.17436297
9,CPV,2023,0,0.38570999
9,CPV,2024,0,0.6202997
9,CUX,2022,0,0.18907475
9,CUX,2023,0,0.60772153
9,CUX,2024,0,0.66610285
9,FXS,2022,0,10.0
9,FXS,2023,0,10.0
9,FXS,2024,0,10.0
9,GDP,2022,0,0.11384815
9,GDP,2023,0,0.40857208
9,GDP,2024,0,0.46914936
9,GDPD,2022,0,0.24416559
9,GDPD,2023,0,0.22825578
9,GDPD,2024,0,-0.00352766
9,GDPGAP,2022,0,0.09281289
9,GDPGAP,2023,0,0.30569056
9,GDPGAP,2024,0,0.33261376
9,GDPPOT,2022,0,0.02074367
9,GDPPOT,2023,0,0.10048558
9,GDPPOT,2024,0,0.12910603
9,GDPV,2022,0,-0.06470649
9,GDPV,2023,0,0.46286331
9,GDPV,2024,0,0.66196331
9,IFP,2022,0,0.15527312
9,IFP,2023,0,0.31832507
9,IFP,2024,0,0.11349085
9,IFPV,2022,0,0.17504645
9,IFPV,2023,0,0.42767418
9,IFPV,2024,0,0.32354722
9,IG,2022,0,0.0
9,IG,2023,0,0.0
9,IG,2024,0,0.0
9,IGV,2022,0,0.13501302
9,IGV,2023,0,0.23460819
9,IGV,2024,0,0.35132948
9,IHP,2022,0,0.39136324
9,IHP,2023,0,0.20222867
9,IHP,2024,0,0.27235627
9,IHPV,2022,0,0.83893848
9,IHPV,2023,0,0.68519008
9,IHPV,2024,0,0.82418297
9,KFP,2022,0,0.00846618
9,KFP,2023,0,0.04280912
9,KFP,2024,0,0.06112877
9,KG,2022,0,0.0
9,KG,2023,0,-0.0
9,KG,2024,0,0.0
9,KHP,2022,0,0.01128095
9,KHP,2023,0,0.02669373
9,KHP,2024,0,0.03751551
9,LE,2022,0,0.03479556
9,LE,2023,0,0.15713868
9,LE,2024,0,0.1912521
9,LF,2022,0,0.03218926
9,LF,2023,0,0.1454104
9,LF,2024,0,0.1760806
9,LH,2022,0,0.03075369
9,LH,2023,0,0.11193595
9,LH,2024,0,0.12512127
9,M2CD,2022,0,0.07614655
9,M2CD,2023,0,0.23039442
9,M2CD,2024,0,0.28303631
9,MGS,2022,0,-0.02405749
9,MGS,2023,0,0.09193049
9,MGS,2024,0,0.37366302
9,MGSV,2022,0,4.65772127
9,MGSV,2023,0,4.49845048
9,MGSV,2024,0,4.65033188
9,NIV,2022,0,0.38024831
9,NIV,2023,0,1.03742194
9,NIV,2024,0,1.26960182
9,PCP,2022,0,0.15290602
9,PCP,2023,0,0.16451069
9,PCP,2024,0,0.23196895
9,PERR,2022,0,0.49730536
9,PERR,2023,0,-0.05156607
9,PERR,2024,0,-0.66379387
9,PGDP,2022,0,-0.17833739
9,PGDP,2023,0,0.05403087
9,PGDP,2024,0,0.19191378
9,PIFP,2022,0,0.01972414
9,PIFP,2023,0,0.1090117
9,PIFP,2024,0,0.20983494
9,PIHP,2022,0,0.44574603
9,PIHP,2023,0,0.48198456
9,PIHP,2024,0,0.55032198
9,PLAND,2022,0,-0.00056526
9,PLAND,2023,0,-0.08059117
9,PLAND,2024,0,-0.111828
9,PMGS,2022,0,4.68283284
9,PMGS,2023,0,4.4025527
9,PMGS,2024,0,4.26076712
9,PSHARE,2022,0,1.52059006
9,PSHARE,2023,0,1.31170312
9,PSHARE,2024,0,0.19317201
9,PXGS,2022,0,3.87921969
9,PXGS,2023,0,3.87921969
9,PXGS,2024,0,3.87921969
9,RCD,2022,0,0.0107155
9,RCD,2023,0,0.05947706
9,RCD,2024,0,0.08994566
9,RGB,2022,0,0.00577351
9,RGB,2023,0,0.02724753
9,RGB,2024,0,0.04204972
9,SBGVATGDPV,2022,0,0.15194836
9,SBGVATGDPV,2023,0,-1.17203916
9,SBGVATGDPV,2024,0,-1.78441422
9,TAXV,2022,0,0.1970645
9,TAXV,2023,0,0.77320672
9,TAXV,2024,0,1.25048231
9,TCIV,2022,0,0.16809205
9,TCIV,2023,0,0.31896288
9,TCIV,2024,0,0.4321818
9,TYCV,2022,0,0.2268716
9,TYCV,2023,0,1.51080346
9,TYCV,2024,0,2.54068379
9,TYPV,2022,0,0.2158434
9,TYPV,2023,0,0.80611093
9,TYPV,2024,0,1.17166137
9,UCC,2022,0,-0.20855626
9,UCC,2023,0,-0.46895254
9,UCC,2024,0,-0.43030508
9,UR,2022,0,-0.00253343
9,UR,2023,0,-0.01139968
9,UR,2024,0,-0.01476548
9,WIPH,2022,0,0.24506222
9,WIPH,2023,0,0.5322267
9,WIPH,2024,0,0.66641925
9,XGS,2022,0,0.22738501
9,XGS,2023,0,1.37125348
9,XGS,2024,0,1.8318609
9,XGSV,2022,0,4.11542547
9,XGSV,2023,0,5.30366711
9,XGSV,2024,0,5.7821425
9,YCV,2022,0,0.869481
9,YCV,2023,0,2.11572865
9,YCV,2024,0,2.58266232
9,YDV,2022,0,0.30573784
9,YDV,2023,0,0.78815392
9,YDV,2024,0,0.99916831
9,YWV,2022,0,0.29480218
9,YWV,2023,0,0.76168347
9,YWV,2024,0,0.93427737
10,GDP,2022,1,0.00248053
10,GDP,2022,2,-0.11799134
10,GDP,2022,3,-0.13052747
10,GDP,2022,4,-0.17372887
10,GDP,2023,1,-0.16435944
10,GDP,2023,2,-0.16750933
10,GDP,2023,3,-0.18435391
10,GDP,2023,4,-0.20258264
10,GDP,2024,1,-0.22443586
10,GDP,2024,2,-0.22722838
10,GDP,2024,3,-0.22031733
10,GDP,2024,4,-0.21149369
10,CP,2022,1,-3.868e-05
10,CP,2022,2,-0.14459464
10,CP,2022,3,-0.40059509
10,CP,2022,4,-0.50007749
10,CP,2023,1,-0.48543927
10,CP,2023,2,-0.45021887
10,CP,2023,3,-0.40835758
10,CP,2023,4,-0.39790411
10,CP,2024,1,-0.43256684
10,CP,2024,2,-0.46671186
10,CP,2024,3,-0.47974916
10,CP,2024,4,-0.4743985
10,IFP,2022,1,-0.00361666
10,IFP,2022,2,-0.00743468
10,IFP,2022,3,-0.01346775
10,IFP,2022,4,-0.02386888
10,IFP,2023,1,-0.03716325
10,IFP,2023,2,-0.05554402
10,IFP,2023,3,-0.07188229
10,IFP,2023,4,-0.08041817
10,IFP,2024,1,-0.08101081
10,IFP,2024,2,-0.06760649
10,IFP,2024,3,-0.04370119
10,IFP,2024,4,-0.01345172
10,IHP,2022,1,0.0034061
10,IHP,2022,2,0.0761715
10,IHP,2022,3,0.02727752
10,IHP,2022,4,-0.0168678
10,IHP,2023,1,-0.13900279
10,IHP,2023,2,-0.2800777
10,IHP,2023,3,-0.32548942
10,IHP,2023,4,-0.31628803
10,IHP,2024,1,-0.30285023
10,IHP,2024,2,-0.28927923
10,IHP,2024,3,-0.27278406
10,IHP,2024,4,-0.28690563
10,IG,2022,1,0.0
10,IG,2022,2,0.0
10,IG,2022,3,0.0
10,IG,2022,4,0.0
10,IG,2023,1,0.0
10,IG,2023,2,0.0
10,IG,2023,3,0.0
10,IG,2023,4,0.0
10,IG,2024,1,0.0
10,IG,2024,2,0.0
10,IG,2024,3,0.0
10,IG,2024,4,0.0
10,CG,2022,1,-0.0
10,CG,2022,2,-0.0
10,CG,2022,3,-0.0
10,CG,2022,4,-0.0
10,CG,2023,1,-0.0
10,CG,2023,2,-0.0
10,CG,2023,3,-0.0
10,CG,2023,4,-0.0
10,CG,2024,1,-0.0
10,CG,2024,2,-0.0
10,CG,2024,3,-0.0
10,CG,2024,4,-0.0
10,XGS,2022,1,0.0
10,XGS,2022,2,0.0002676
10,XGS,2022,3,0.00104978
10,XGS,2022,4,0.00249136
10,XGS,2023,1,0.00470668
10,XGS,2023,2,0.00749477
10,XGS,2023,3,0.01038391
10,XGS,2023,4,0.01304126
10,XGS,2024,1,0.0153097
10,XGS,2024,2,0.01711268
10,XGS,2024,3,0.01871822
10,XGS,2024,4,0.02036714
10,MGS,2022,1,-6.784e-05
10,MGS,2022,2,0.23800733
10,MGS,2022,3,-0.42737456
10,MGS,2022,4,-0.47464453
10,MGS,2023,1,-0.58520142
10,MGS,2023,2,-0.5538018
10,MGS,2023,3,-0.50400503
10,MGS,2023,4,-0.47477469
10,MGS,2024,1,-0.48394855
10,MGS,2024,2,-0.54708912
10,MGS,2024,3,-0.58966642
10,MGS,2024,4,-0.59434172
10,GDPD,2022,1,0.00987858
10,GDPD,2022,2,-0.48646744
10,GDPD,2022,3,-0.05006944
10,GDPD,2022,4,-0.17389378
10,GDPD,2023,1,0.03787101
10,GDPD,2023,2,-0.01262857
10,GDPD,2023,3,-0.0666475
10,GDPD,2023,4,-0.07339746
10,GDPD,2024,1,-0.08750778
10,GDPD,2024,2,-0.01118227
10,GDPD,2024,3,0.0279386
10,GDPD,2024,4,0.0355135
10,PGDP,2022,1,-0.3992593
10,PGDP,2022,2,-0.70560789
10,PGDP,2022,3,-0.69400542
10,PGDP,2022,4,-0.63084516
10,PGDP,2023,1,-0.49617357
10,PGDP,2023,2,-0.37568845
10,PGDP,2023,3,-0.36640901
10,PGDP,2023,4,-0.42304577
10,PGDP,2024,1,-0.41826553
10,PGDP,2024,2,-0.41577269
10,PGDP,2024,3,-0.3842932
10,PGDP,2024,4,-0.35959148
10,PCP,2022,1,0.22530936
10,PCP,2022,2,0.21849249
10,PCP,2022,3,0.21449933
10,PCP,2022,4,0.21191117
10,PCP,2023,1,0.20949192
10,PCP,2023,2,0.20527276
10,PCP,2023,3,0.1991085
10,PCP,2023,4,0.19129508
10,PCP,2024,1,0.1823413
10,PCP,2024,2,0.17255888
10,PCP,2024,3,0.16193612
10,PCP,2024,4,0.15077861
10,PIFP,2022,1,0.02281602
10,PIFP,2022,2,0.0221167
10,PIFP,2022,3,0.02248193
10,PIFP,2022,4,0.01372939
10,PIFP,2023,1,0.00994396
10,PIFP,2023,2,0.00380831
10,PIFP,2023,3,-0.00079483
10,PIFP,2023,4,-0.0057895
10,PIFP,2024,1,-0.01383452
10,PIFP,2024,2,-0.02050525
10,PIFP,2024,3,-0.02840353
10,PIFP,2024,4,-0.03317824
10,PIHP,2022,1,0.1838748
10,PIHP,2022,2,0.35932463
10,PIHP,2022,3,0.38610048
10,PIHP,2022,4,0.37555445
10,PIHP,2023,1,0.35162037
10,PIHP,2023,2,0.31621936
10,PIHP,2023,3,0.29216662
10,PIHP,2023,4,0.2935996
10,PIHP,2024,1,0.29229018
10,PIHP,2024,2,0.28115587
10,PIHP,2024,3,0.26050136
10,PIHP,2024,4,0.24227307
10,PXGS,2022,1,0.0112214
10,PXGS,2022,2,0.0215791
10,PXGS,2022,3,0.02765296
10,PXGS,2022,4,0.03244633
10,PXGS,2023,1,0.03524054
10,PXGS,2023,2,0.03703825
10,PXGS,2023,3,0.03951169
10,PXGS,2023,4,0.0437919
10,PXGS,2024,1,0.04817084
10,PXGS,2024,2,0.05278058
10,PXGS,2024,3,0.05679168
10,PXGS,2024,4,0.06114872
10,PMGS,2022,1,2.54679891
10,PMGS,2022,2,3.67243567
10,PMGS,2022,3,3.44514988
10,PMGS,2022,4,3.36083946
10,PMGS,2023,1,3.01728846
10,PMGS,2023,2,2.66506781
10,PMGS,2023,3,2.48704466
10,PMGS,2023,4,2.61033425
10,PMGS,2024,1,2.57669402
10,PMGS,2024,2,2.50367445
10,PMGS,2024,3,2.3423761
10,PMGS,2024,4,2.25371809
10,CGPI,2022,1,0.51672247
10,CGPI,2022,2,0.75062
10,CGPI,2022,3,0.70530338
10,CGPI,2022,4,0.69002888
10,CGPI,2023,1,0.62085872
10,CGPI,2023,2,0.55016513
10,CGPI,2023,3,0.51291631
10,CGPI,2023,4,0.53577749
10,CGPI,2024,1,0.52659226
10,CGPI,2024,2,0.50797526
10,CGPI,2024,3,0.47181852
10,CGPI,2024,4,0.44956836
10,GDPV,2022,1,-0.39678867
10,GDPV,2022,2,-0.82276668
10,GDPV,2022,3,-0.82362702
10,GDPV,2022,4,-0.80347807
10,GDPV,2023,1,-0.65971749
10,GDPV,2023,2,-0.54256847
10,GDPV,2023,3,-0.55008743
10,GDPV,2023,4,-0.62477139
10,GDPV,2024,1,-0.64176266
10,GDPV,2024,2,-0.64205632
10,GDPV,2024,3,-0.60376387
10,GDPV,2024,4,-0.57032465
10,CPV,2022,1,0.22527059
10,CPV,2022,2,0.07358192
10,CPV,2022,3,-0.18695504
10,CPV,2022,4,-0.28922604
10,CPV,2023,1,-0.2769643
10,CPV,2023,2,-0.24587028
10,CPV,2023,3,-0.21006215
10,CPV,2023,4,-0.2073702
10,CPV,2024,1,-0.25101429
10,CPV,2024,2,-0.29495834
10,CPV,2024,3,-0.31858993
10,CPV,2024,4,-0.32433518
10,IFPV,2022,1,0.01919854
10,IFPV,2022,2,0.01468038
10,IFPV,2022,3,0.00901116
10,IFPV,2022,4,-0.01014277
10,IFPV,2023,1,-0.02722299
10,IFPV,2023,2,-0.05173783
10,IFPV,2023,3,-0.07267655
10,IFPV,2023,4,-0.08620301
10,IFPV,2024,1,-0.09483412
10,IFPV,2024,2,-0.08809788
10,IFPV,2024,3,-0.07209231
10,IFPV,2024,4,-0.04662549
10,IHPV,2022,1,0.18728717
10,IHPV,2022,2,0.43576983
10,IHPV,2022,3,0.41348332
10,IHPV,2022,4,0.3586233
10,IHPV,2023,1,0.21212882
10,IHPV,2023,2,0.035256
10,IHPV,2023,3,-0.03427377
10,IHPV,2023,4,-0.02361705
10,IHPV,2024,1,-0.01144525
10,IHPV,2024,2,-0.00893669
10,IHPV,2024,3,-0.01299331
10,IHPV,2024,4,-0.04532766
10,IGV,2022,1,0.06480735
10,IGV,2022,2,0.12066517
10,IGV,2022,3,0.12468331
10,IGV,2022,4,0.12037825
10,IGV,2023,1,0.11020526
10,IGV,2023,2,0.09931045
10,IGV,2023,3,0.08921001
10,IGV,2023,4,0.08669969
10,IGV,2024,1,0.07941395
10,IGV,2024,2,0.07184223
10,IGV,2024,3,0.06019319
10,IGV,2024,4,0.05219402
10,CGV,2022,1,-0.0
10,CGV,2022,2,0.1928653
10,CGV,2022,3,0.12995748
10,CGV,2022,4,0.19276077
10,CGV,2023,1,0.15464768
10,CGV,2023,2,0.17850167
10,CGV,2023,3,0.15720457
10,CGV,2023,4,0.16315996
10,CGV,2024,1,0.14803072
10,CGV,2024,2,0.14499529
10,CGV,2024,3,0.13233639
10,CGV,2024,4,0.12501071
10,XGSV,2022,1,0.0112214
10,XGSV,2022,2,0.02184675
10,XGSV,2022,3,0.02870303
10,XGSV,2022,4,0.03493851
10,XGSV,2023,1,0.03994888
10,XGSV,2023,2,0.04453579
10,XGSV,2023,3,0.0498997
10,XGSV,2023,4,0.05683887
10,XGSV,2024,1,0.06348791
10,XGSV,2024,2,0.06990229
10,XGSV,2024,3,0.07552053
10,XGSV,2024,4,0.08152832
10,MGSV,2022,1,2.54672933
10,MGSV,2022,2,3.91918367
10,MGSV,2022,3,3.00305162
10,MGSV,2022,4,2.87024289
10,MGSV,2023,1,2.41442983
10,MGSV,2023,2,2.09650682
10,MGSV,2023,3,1.9705048
10,MGSV,2023,4,2.12316635
10,MGSV,2024,1,2.08027559
10,MGSV,2024,2,1.94288799
10,MGSV,2024,3,1.73889747
10,MGSV,2024,4,1.64598159
10,NIV,2022,1,-0.58477119
10,NIV,2022,2,-1.18857506
10,NIV,2022,3,-1.21971722
10,NIV,2022,4,-1.18269439
10,NIV,2023,1,-0.94790269
10,NIV,2023,2,-0.79677231
10,NIV,2023,3,-0.80501044
10,NIV,2023,4,-0.90310338
10,NIV,2024,1,-0.92440912
10,NIV,2024,2,-0.93646134
10,NIV,2024,3,-0.83577968
10,NIV,2024,4,-0.88529168
10,YWV,2022,1,-0.52650932
10,YWV,2022,2,-0.90707238
10,YWV,2022,3,-0.85272582
10,YWV,2022,4,-0.76492416
10,YWV,2023,1,-0.60707588
10,YWV,2023,2,-0.49200267
10,YWV,2023,3,-0.52533462
10,YWV,2023,4,-0.60869363
10,YWV,2024,1,-0.62215762
10,YWV,2024,2,-0.63063053
10,YWV,2024,3,-0.5573696
10,YWV,2024,4,-0.59179577
10,YCV,2022,1,-1.45879072
10,YCV,2022,2,-2.97375995
10,YCV,2022,3,-3.59718769
10,YCV,2022,4,-3.51012309
10,YCV,2023,1,-2.36497856
10,YCV,2023,2,-2.09317597
10,YCV,2023,3,-2.07800867
10,YCV,2023,4,-2.15004397
10,YCV,2024,1,-2.26112187
10,YCV,2024,2,-2.45428498
10,YCV,2024,3,-1.79609631
10,YCV,2024,4,-2.94315915
10,YDV,2022,1,-0.43783803
10,YDV,2022,2,-0.83141136
10,YDV,2022,3,-0.81674226
10,YDV,2022,4,-0.72749422
10,YDV,2023,1,-0.59328278
10,YDV,2023,2,-0.47295196
10,YDV,2023,3,-0.4958149
10,YDV,2023,4,-0.57501906
10,YDV,2024,1,-0.59981573
10,YDV,2024,2,-0.60015239
10,YDV,2024,3,-0.54405192
10,YDV,2024,4,-0.57447646
10,TAXV,2022,1,0.04961789
10,TAXV,2022,2,-0.11817671
10,TAXV,2022,3,-0.48243224
10,TAXV,2022,4,-0.81295511
10,TAXV,2023,1,-1.1273246
10,TAXV,2023,2,-1.12034914
10,TAXV,2023,3,-1.05370327
10,TAXV,2023,4,-0.95712691
10,TAXV,2024,1,-0.91734827
10,TAXV,2024,2,-0.90984247
10,TAXV,2024,3,-0.9516587
10,TAXV,2024,4,-0.91456872
10,TYPV,2022,1,-0.02888934
10,TYPV,2022,2,-0.26402116
10,TYPV,2022,3,-0.48231551
10,TYPV,2022,4,-0.705712
10,TYPV,2023,1,-0.76578748
10,TYPV,2023,2,-0.70353591
10,TYPV,2023,3,-0.63882226
10,TYPV,2023,4,-0.60423763
10,TYPV,2024,1,-0.61606712
10,TYPV,2024,2,-0.64630138
10,TYPV,2024,3,-0.6608511
10,TYPV,2024,4,-0.65271129
10,TYCV,2022,1,0.02205879
10,TYCV,2022,2,-0.29128826
10,TYCV,2022,3,-1.13252948
10,TYCV,2022,4,-1.9585935
10,TYCV,2023,1,-2.89766876
10,TYCV,2023,2,-3.04798404
10,TYCV,2023,3,-2.81259923
10,TYCV,2023,4,-2.48129188
10,TYCV,2024,1,-2.20111376
10,TYCV,2024,2,-2.18839216
10,TYCV,2024,3,-2.28448008
10,TYCV,2024,4,-2.19799615
10,TCIV,2022,1,0.12150305
10,TCIV,2022,2,0.09492873
10,TCIV,2022,3,-0.04343983
10,TCIV,2022,4,-0.08701001
10,TCIV,2023,1,-0.09636478
10,TCIV,2023,2,-0.08908693
10,TCIV,2023,3,-0.08216317
10,TCIV,2023,4,-0.08205706
10,TCIV,2024,1,-0.10717185
10,TCIV,2024,2,-0.12608644
10,TCIV,2024,3,-0.13774476
10,TCIV,2024,4,-0.13914522
10,WIPH,2022,1,-0.31548704
10,WIPH,2022,2,-0.57146114
10,WIPH,2022,3,-0.53633228
10,WIPH,2022,4,-0.4671316
10,WIPH,2023,1,-0.35765835
10,WIPH,2023,2,-0.26728958
10,WIPH,2023,3,-0.29057735
10,WIPH,2023,4,-0.34831091
10,WIPH,2024,1,-0.36226339
10,WIPH,2024,2,-0.36450967
10,WIPH,2024,3,-0.31813561
10,WIPH,2024,4,-0.34439432
10,LE,2022,1,-0.21101095
10,LE,2022,2,-0.30925336
10,LE,2022,3,-0.28961387
10,LE,2022,4,-0.26139716
10,LE,2023,1,-0.21723932
10,LE,2023,2,-0.18501464
10,LE,2023,3,-0.19347954
10,LE,2023,4,-0.21509156
10,LE,2024,1,-0.21654551
10,LE,2024,2,-0.2167089
10,LE,2024,3,-0.19428674
10,LE,2024,4,-0.20163661
10,LF,2022,1,-0.2151166
10,LF,2022,2,-0.31418352
10,LF,2022,3,-0.29434408
10,LF,2022,4,-0.26461618
10,LF,2023,1,-0.21898865
10,LF,2023,2,-0.18549826
10,LF,2023,3,-0.1929919
10,LF,2023,4,-0.21411638
10,LF,2024,1,-0.21468426
10,LF,2024,2,-0.21434067
10,LF,2024,3,-0.19146002
10,LF,2024,4,-0.19896888
10,LH,2022,1,-0.03222677
10,LH,2022,2,-0.07521097
10,LH,2022,3,-0.07386203
10,LH,2022,4,-0.0791497
10,LH,2023,1,-0.07028905
10,LH,2023,2,-0.06586496
10,LH,2023,3,-0.07069729
10,LH,2023,4,-0.07795263
10,LH,2024,1,-0.08214911
10,LH,2024,2,-0.08275839
10,LH,2024,3,-0.07728286
10,LH,2024,4,-0.07667363
10,UR,2022,1,-0.0039812
10,UR,2022,2,-0.00483394
10,UR,2022,3,-0.00470582
10,UR,2022,4,-0.00318033
10,UR,2023,1,-0.00172989
10,UR,2023,2,-0.00049792
10,UR,2023,3,0.0004745
10,UR,2023,4,0.00094304
10,UR,2024,1,0.00181467
10,UR,2024,2,0.00224985
10,UR,2024,3,0.00277914
10,UR,2024,4,0.0026656
10,CUX,2022,1,0.36832465
10,CUX,2022,2,0.2710096
10,CUX,2022,3,0.20786621
10,CUX,2022,4,0.06370017
10,CUX,2023,1,0.0094609
10,CUX,2023,2,-0.05192519
10,CUX,2023,3,-0.07348486
10,CUX,2023,4,-0.07499057
10,CUX,2024,1,-0.12000129
10,CUX,2024,2,-0.12371761
10,CUX,2024,3,-0.14573934
10,CUX,2024,4,-0.11225319
10,GDPPOT,2022,1,-0.12857497
10,GDPPOT,2022,2,-0.18786852
10,GDPPOT,2022,3,-0.17609194
10,GDPPOT,2022,4,-0.15847601
10,GDPPOT,2023,1,-0.13147897
10,GDPPOT,2023,2,-0.11190918
10,GDPPOT,2023,3,-0.11705634
10,GDPPOT,2023,4,-0.13053673
10,GDPPOT,2024,1,-0.13182117
10,GDPPOT,2024,2,-0.13252533
10,GDPPOT,2024,3,-0.11955982
10,GDPPOT,2024,4,-0.12444069
10,GDPGAP,2022,1,0.13072217
10,GDPGAP,2022,2,0.07011721
10,GDPGAP,2022,3,0.04544503
10,GDPGAP,2022,4,-0.01525213
10,GDPGAP,2023,1,-0.03304356
10,GDPGAP,2023,2,-0.05567544
10,GDPGAP,2023,3,-0.06635241
10,GDPGAP,2023,4,-0.07120356
10,GDPGAP,2024,1,-0.09119782
10,GDPGAP,2024,2,-0.09268861
10,GDPGAP,2024,3,-0.09877546
10,GDPGAP,2024,4,-0.08518598
10,RCD,2022,1,-0.001
10,RCD,2022,2,-0.001
10,RCD,2022,3,0.00659373
10,RCD,2022,4,0.01188374
10,RCD,2023,1,0.01726319
10,RCD,2023,2,0.01652545
10,RCD,2023,3,0.00715309
10,RCD,2023,4,-0.002
10,RCD,2024,1,-0.00533333
10,RCD,2024,2,-0.01089239
10,RCD,2024,3,-0.01168231
10,RCD,2024,4,-0.01715414
10,RGB,2022,1,-0.00051011
10,RGB,2022,2,0.00363819
10,RGB,2022,3,0.00275486
10,RGB,2022,4,0.00547603
10,RGB,2023,1,0.00784427
10,RGB,2023,2,0.00709019
10,RGB,2023,3,0.00230325
10,RGB,2023,4,-0.00174989
10,RGB,2024,1,-0.00270922
10,RGB,2024,2,-0.0050434
10,RGB,2024,3,-0.00476671
10,RGB,2024,4,-0.007229
10,PERR,2022,1,0.11309945
10,PERR,2022,2,0.48301769
10,PERR,2022,3,0.83594092
10,PERR,2022,4,1.25395026
10,PERR,2023,1,1.32118704
10,PERR,2023,2,0.97773023
10,PERR,2023,3,0.77319364
10,PERR,2023,4,0.61880823
10,PERR,2024,1,0.64894993
10,PERR,2024,2,0.72507387
10,PERR,2024,3,0.75131047
10,PERR,2024,4,0.90622628
10,UCC,2022,1,-0.13583055
10,UCC,2022,2,-0.33460031
10,UCC,2022,3,-0.42268726
10,UCC,2022,4,-0.45649706
10,UCC,2023,1,-0.20262981
10,UCC,2023,2,-0.04990707
10,UCC,2023,3,-0.0112144
10,UCC,2023,4,-0.03336051
10,UCC,2024,1,-0.06348675
10,UCC,2024,2,-0.10818096
10,UCC,2024,3,-0.09083736
10,UCC,2024,4,-0.11218134
10,FXS,2022,1,0.02810407
10,FXS,2022,2,0.05404919
10,FXS,2022,3,0.06926558
10,FXS,2022,4,0.08127502
10,FXS,2023,1,0.0882761
10,FXS,2023,2,0.09278054
10,FXS,2023,3,0.09897832
10,FXS,2023,4,0.10970396
10,FXS,2024,1,0.12067769
10,FXS,2024,2,0.13223062
10,FXS,2024,3,0.14228387
10,FXS,2024,4,0.15320487
10,PSHARE,2022,1,-0.06835569
10,PSHARE,2022,2,-0.13778423
10,PSHARE,2022,3,-0.15488363
10,PSHARE,2022,4,-0.20773096
10,PSHARE,2023,1,-0.27948163
10,PSHARE,2023,2,-0.36856398
10,PSHARE,2023,3,-0.4265856
10,PSHARE,2023,4,-0.39482738
10,PSHARE,2024,1,-0.27899919
10,PSHARE,2024,2,-0.11195554
10,PSHARE,2024,3,0.04955631
10,PSHARE,2024,4,0.17788515
10,PLAND,2022,1,0.03356698
10,PLAND,2022,2,0.01572122
10,PLAND,2022,3,-0.00102128
10,PLAND,2022,4,0.00234354
10,PLAND,2023,1,0.0007876
10,PLAND,2023,2,0.00335384
10,PLAND,2023,3,0.00910363
10,PLAND,2023,4,0.01712334
10,PLAND,2024,1,0.018817
10,PLAND,2024,2,0.020897
10,PLAND,2024,3,0.0208179
10,PLAND,2024,4,0.02129157
10,M2CD,2022,1,0.00607418
10,M2CD,2022,2,-0.11241746
10,M2CD,2022,3,-0.14783861
10,M2CD,2022,4,-0.20415958
10,M2CD,2023,1,-0.20888828
10,M2CD,2023,2,-0.20745988
10,M2CD,2023,3,-0.19168789
10,M2CD,2023,4,-0.1804554
10,M2CD,2024,1,-0.19518654
10,M2CD,2024,2,-0.18416115
10,M2CD,2024,3,-0.18148159
10,M2CD,2024,4,-0.16095666
10,BGVATGDPV,2022,1,-0.04360775
10,BGVATGDPV,2022,2,-0.13409684
10,BGVATGDPV,2022,3,-0.19819552
10,BGVATGDPV,2022,4,-0.27212964
10,BGVATGDPV,2023,1,-0.3149212
10,BGVATGDPV,2023,2,-0.29316589
10,BGVATGDPV,2023,3,-0.27329524
10,BGVATGDPV,2023,4,-0.25883354
10,BGVATGDPV,2024,1,-0.24937087
10,BGVATGDPV,2024,2,-0.24346298
10,BGVATGDPV,2024,3,-0.24769918
10,BGVATGDPV,2024,4,-0.23699189
10,SBGVATGDPV,2022,1,0.98609682
10,SBGVATGDPV,2022,2,2.07349584
10,SBGVATGDPV,2022,3,2.11326372
10,SBGVATGDPV,2022,4,2.06383869
10,SBGVATGDPV,2023,1,1.78219455
10,SBGVATGDPV,2023,2,1.55573706
10,SBGVATGDPV,2023,3,1.61319801
10,SBGVATGDPV,2023,4,1.85236691
10,SBGVATGDPV,2024,1,1.96154293
10,SBGVATGDPV,2024,2,1.96852767
10,SBGVATGDPV,2024,3,1.92381877
10,SBGVATGDPV,2024,4,1.88390077
10,BCVATGDPV,2022,1,-0.52445465
10,BCVATGDPV,2022,2,-0.91829916
10,BCVATGDPV,2022,3,-0.79353453
10,BCVATGDPV,2022,4,-0.72176777
10,BCVATGDPV,2023,1,-0.56256155
10,BCVATGDPV,2023,2,-0.43759919
10,BCVATGDPV,2023,3,-0.41912896
10,BCVATGDPV,2023,4,-0.47081467
10,BCVATGDPV,2024,1,-0.45888863
10,BCVATGDPV,2024,2,-0.43622044
10,BCVATGDPV,2024,3,-0.38923651
10,BCVATGDPV,2024,4,-0.35383109
10,KFP,2022,1,-0.00010911
10,KFP,2022,2,-0.00033517
10,KFP,2022,3,-0.00074495
10,KFP,2022,4,-0.00146423
10,KFP,2023,1,-0.00259548
10,KFP,2023,2,-0.00425373
10,KFP,2023,3,-0.00636697
10,KFP,2023,4,-0.00871707
10,KFP,2024,1,-0.01097938
10,KFP,2024,2,-0.01275711
10,KFP,2024,3,-0.01373066
10,KFP,2024,4,-0.01372201
10,KHP,2022,1,4.434e-05
10,KHP,2022,2,0.00103459
10,KHP,2022,3,0.00138149
10,KHP,2022,4,0.00114048
10,KHP,2023,1,-0.00071988
10,KHP,2023,2,-0.00455348
10,KHP,2023,3,-0.0089109
10,KHP,2023,4,-0.0130925
10,KHP,2024,1,-0.01698227
10,KHP,2024,2,-0.02061979
10,KHP,2024,3,-0.02403245
10,KHP,2024,4,-0.02761201
10,KG,2022,1,-0.0
10,KG,2022,2,-0.0
10,KG,2022,3,-0.0
10,KG,2022,4,0.0
10,KG,2023,1,0.0
10,KG,2023,2,-0.0
10,KG,2023,3,-0.0
10,KG,2023,4,-0.0
10,KG,2024,1,-0.0
10,KG,2024,2,-0.0
10,KG,2024,3,-0.0
10,KG,2024,4,0.0
10,BCVATGDPV,2022,0,-0.73951403
10,BCVATGDPV,2023,0,-0.47252609
10,BCVATGDPV,2024,0,-0.40954416
10,BGVATGDPV,2022,0,-0.16200744
10,BGVATGDPV,2023,0,-0.28505397
10,BGVATGDPV,2024,0,-0.24438123
10,CG,2022,0,-0.0
10,CG,2023,0,-0.0
10,CG,2024,0,-0.0
10,CGPI,2022,0,0.66566868
10,CGPI,2023,0,0.55492941
10,CGPI,2024,0,0.4889886
10,CGV,2022,0,0.12889589
10,CGV,2023,0,0.16337847
10,CGV,2024,0,0.13759328
10,CP,2022,0,-0.26132647
10,CP,2023,0,-0.43547995
10,CP,2024,0,-0.46335659
10,CPV,2022,0,-0.04433214
10,CPV,2023,0,-0.23506674
10,CPV,2024,0,-0.29722443
10,CUX,2022,0,0.22772516
10,CUX,2023,0,-0.04773493
10,CUX,2024,0,-0.12542786
10,FXS,2022,0,0.05817346
10,FXS,2023,0,0.09743473
10,FXS,2024,0,0.13709926
10,GDP,2022,0,-0.10494179
10,GDP,2023,0,-0.17970133
10,GDP,2024,0,-0.22086882
10,GDPD,2022,0,-0.17513802
10,GDPD,2023,0,-0.02870063
10,GDPD,2024,0,-0.00880949
10,GDPGAP,2022,0,0.05775807
10,GDPGAP,2023,0,-0.05656874
10,GDPGAP,2024,0,-0.09196197
10,GDPPOT,2022,0,-0.16275286
10,GDPPOT,2023,0,-0.12274531
10,GDPPOT,2024,0,-0.12708675
10,GDPV,2022,0,-0.71166511
10,GDPV,2023,0,-0.5942862
10,GDPV,2024,0,-0.61447687
10,IFP,2022,0,-0.01209699
10,IFP,2023,0,-0.06125193
10,IFP,2024,0,-0.05144256
10,IFPV,2022,0,0.00818683
10,IFPV,2023,0,-0.0594601
10,IFPV,2024,0,-0.07541245
10,IG,2022,0,0.0
10,IG,2023,0,0.0
10,IG,2024,0,0.0
10,IGV,2022,0,0.10763352
10,IGV,2023,0,0.09635635
10,IGV,2024,0,0.06591085
10,IHP,2022,0,0.02249683
10,IHP,2023,0,-0.26521449
10,IHP,2024,0,-0.28795479
10,IHPV,2022,0,0.3487909
10,IHPV,2023,0,0.0473735
10,IHPV,2024,0,-0.01967573
10,KFP,2022,0,-0.00066336
10,KFP,2023,0,-0.00548331
10,KFP,2024,0,-0.01279729
10,KG,2022,0,-0.0
10,KG,2023,0,-0.0
10,KG,2024,0,-0.0
10,KHP,2022,0,0.00090023
10,KHP,2023,0,-0.00681919
10,KHP,2024,0,-0.02231163
10,LE,2022,0,-0.26781883
10,LE,2023,0,-0.20270627
10,LE,2024,0,-0.20729444
10,LF,2022,0,-0.2720651
10,LF,2023,0,-0.2028988
10,LF,2024,0,-0.20486346
10,LH,2022,0,-0.06511237
10,LH,2023,0,-0.07120098
10,LH,2024,0,-0.079716
10,M2CD,2022,0,-0.11458537
10,M2CD,2023,0,-0.19712286
10,M2CD,2024,0,-0.18044649
10,MGS,2022,0,-0.1660199
10,MGS,2023,0,-0.52944573
10,MGS,2024,0,-0.55376145
10,MGSV,2022,0,3.08480188
10,MGSV,2023,0,2.15115195
10,MGSV,2024,0,1.85201066
10,NIV,2022,0,-1.04393947
10,NIV,2023,0,-0.86319721
10,NIV,2024,0,-0.89548546
10,PCP,2022,0,0.21755309
10,PCP,2023,0,0.20129206
10,PCP,2024,0,0.16690373
10,PERR,2022,0,0.67150208
10,PERR,2023,0,0.92272978
10,PERR,2024,0,0.75789014
10,PGDP,2022,0,-0.60742945
10,PGDP,2023,0,-0.4153292
10,PGDP,2024,0,-0.39448073
10,PIFP,2022,0,0.02028601
10,PIFP,2023,0,0.00179198
10,PIFP,2024,0,-0.02398038
10,PIHP,2022,0,0.32621359
10,PIHP,2023,0,0.31340149
10,PIHP,2024,0,0.26905512
10,PLAND,2022,0,0.01265262
10,PLAND,2023,0,0.0075921
10,PLAND,2024,0,0.02045587
10,PMGS,2022,0,3.25630598
10,PMGS,2023,0,2.6949338
10,PMGS,2024,0,2.41911566
10,PSHARE,2022,0,-0.14218863
10,PSHARE,2023,0,-0.36736465
10,PSHARE,2024,0,-0.04087832
10,PXGS,2022,0,0.02322495
10,PXGS,2023,0,0.03889559
10,PXGS,2024,0,0.05472296
10,RCD,2022,0,0.00411937
10,RCD,2023,0,0.00973543
10,RCD,2024,0,-0.01126554
10,RGB,2022,0,0.00283974
10,RGB,2023,0,0.00387195
10,RGB,2024,0,-0.00493708
10,SBGVATGDPV,2022,0,1.80917377
10,SBGVATGDPV,2023,0,1.70087413
10,SBGVATGDPV,2024,0,1.93444753
10,TAXV,2022,0,-0.34098654
10,TAXV,2023,0,-1.06462598
10,TAXV,2024,0,-0.92335454
10,TCIV,2022,0,0.02149549
10,TCIV,2023,0,-0.08741799
10,TCIV,2024,0,-0.12753707
10,TYCV,2022,0,-0.84008811
10,TYCV,2023,0,-2.80988598
10,TYCV,2024,0,-2.21799554
10,TYPV,2022,0,-0.3702345
10,TYPV,2023,0,-0.67809582
10,TYPV,2024,0,-0.64398272
10,UCC,2022,0,-0.33740379
10,UCC,2023,0,-0.07427795
10,UCC,2024,0,-0.0936716
10,UR,2022,0,-0.00417532
10,UR,2023,0,-0.00020257
10,UR,2024,0,0.00237731
10,WIPH,2022,0,-0.47260301
10,WIPH,2023,0,-0.31595905
10,WIPH,2024,0,-0.34732575
10,XGS,2022,0,0.00095218
10,XGS,2023,0,0.00890665
10,XGS,2024,0,0.01787693
10,XGSV,2022,0,0.02417742
10,XGSV,2023,0,0.04780581
10,XGSV,2024,0,0.07260976
10,YCV,2022,0,-2.88496536
10,YCV,2023,0,-2.17155179
10,YCV,2024,0,-2.36366558
10,YDV,2022,0,-0.70337147
10,YDV,2023,0,-0.53426717
10,YDV,2024,0,-0.57962412
10,YWV,2022,0,-0.76280792
10,YWV,2023,0,-0.5582767
10,YWV,2024,0,-0.60048838
11,GDP,2022,1,0.25907209
11,GDP,2022,2,0.31049171
11,GDP,2022,3,0.37950302
11,GDP,2022,4,0.42156028
11,GDP,2023,1,0.41828105
11,GDP,2023,2,0.41469558
11,GDP,2023,3,0.4081986
11,GDP,2023,4,0.40578052
11,GDP,2024,1,0.39387317
11,GDP,2024,2,0.38762639
11,GDP,2024,3,0.38569834
11,GDP,2024,4,0.38287335
11,CP,2022,1,0.00071081
11,CP,2022,2,0.0455446
11,CP,2022,3,0.12666266
11,CP,2022,4,0.17122086
11,CP,2023,1,0.1983631
11,CP,2023,2,0.21343958
11,CP,2023,3,0.21880711
11,CP,2023,4,0.23106071
11,CP,2024,1,0.24130617
11,CP,2024,2,0.24953024
11,CP,2024,3,0.25432906
11,CP,2024,4,0.2530417
11,IFP,2022,1,0.19391712
11,IFP,2022,2,0.38549613
11,IFP,2022,3,0.57639702
11,IFP,2022,4,0.75499608
11,IFP,2023,1,0.7114791
11,IFP,2023,2,0.65121509
11,IFP,2023,3,0.58130229
11,IFP,2023,4,0.51306414
11,IFP,2024,1,0.45364818
11,IFP,2024,2,0.40593698
11,IFP,2024,3,0.37319996
11,IFP,2024,4,0.35184618
11,IHP,2022,1,0.03110999
11,IHP,2022,2,0.05098281
11,IHP,2022,3,0.08843566
11,IHP,2022,4,0.11968463
11,IHP,2023,1,0.13612207
11,IHP,2023,2,0.1616948
11,IHP,2023,3,0.17444077
11,IHP,2023,4,0.18900851
11,IHP,2024,1,0.19267937
11,IHP,2024,2,0.19348183
11,IHP,2024,3,0.18408577
11,IHP,2024,4,0.18956518
11,IG,2022,1,0.0
11,IG,2022,2,0.0
11,IG,2022,3,0.0
11,IG,2022,4,0.0
11,IG,2023,1,0.0
11,IG,2023,2,0.0
11,IG,2023,3,0.0
11,IG,2023,4,0.0
11,IG,2024,1,0.0
11,IG,2024,2,0.0
11,IG,2024,3,0.0
11,IG,2024,4,0.0
11,CG,2022,1,-0.0
11,CG,2022,2,0.0
11,CG,2022,3,0.0
11,CG,2022,4,0.0
11,CG,2023,1,-0.0
11,CG,2023,2,0.0
11,CG,2023,3,0.0
11,CG,2023,4,-0.0
11,CG,2024,1,-0.0
11,CG,2024,2,-0.0
11,CG,2024,3,-0.0
11,CG,2024,4,-0.0
11,XGS,2022,1,1.2995989
11,XGS,2022,2,1.29955808
11,XGS,2022,3,1.29941572
11,XGS,2022,4,1.29906876
11,XGS,2023,1,1.29837969
11,XGS,2023,2,1.297226
11,XGS,2023,3,1.29551897
11,XGS,2023,4,1.29321703
11,XGS,2024,1,1.2903431
11,XGS,2024,2,1.28697902
11,XGS,2024,3,1.28321634
11,XGS,2024,4,1.2791746
11,MGS,2022,1,0.00636041
11,MGS,2022,2,0.04686216
11,MGS,2022,3,0.14757549
11,MGS,2022,4,0.24370219
11,MGS,2023,1,0.29409644
11,MGS,2023,2,0.32617259
11,MGS,2023,3,0.3433654
11,MGS,2023,4,0.36030418
11,MGS,2024,1,0.37549485
11,MGS,2024,2,0.39426237
11,MGS,2024,3,0.40839259
11,MGS,2024,4,0.41306304
11,GDPD,2022,1,1.03174013
11,GDPD,2022,2,0.20710187
11,GDPD,2022,3,0.27445465
11,GDPD,2022,4,0.16842821
11,GDPD,2023,1,-0.013176
11,GDPD,2023,2,-0.01429146
11,GDPD,2023,3,-0.02555702
11,GDPD,2023,4,-0.00967888
11,GDPD,2024,1,-0.0473922
11,GDPD,2024,2,-0.0248603
11,GDPD,2024,3,-0.00774656
11,GDPD,2024,4,-0.01130141
11,PGDP,2022,1,0.03906352
11,PGDP,2022,2,0.06482457
11,PGDP,2022,3,0.08418304
11,PGDP,2022,4,0.09189641
11,PGDP,2023,1,0.09597448
11,PGDP,2023,2,0.11366026
11,PGDP,2023,3,0.13850341
11,PGDP,2023,4,0.1660161
11,PGDP,2024,1,0.18940203
11,PGDP,2024,2,0.21373925
11,PGDP,2024,3,0.2311047
11,PGDP,2024,4,0.24940688
11,PCP,2022,1,-0.00073205
11,PCP,2022,2,0.00040619
11,PCP,2022,3,0.00577413
11,PCP,2022,4,0.01686285
11,PCP,2023,1,0.03386209
11,PCP,2023,2,0.05448636
11,PCP,2023,3,0.07708814
11,PCP,2023,4,0.10038307
11,PCP,2024,1,0.12359396
11,PCP,2024,2,0.14632062
11,PCP,2024,3,0.16857229
11,PCP,2024,4,0.19020684
11,PIFP,2022,1,0.03878473
11,PIFP,2022,2,0.06252601
11,PIFP,2022,3,0.0900745
11,PIFP,2022,4,0.11566148
11,PIFP,2023,1,0.13975024
11,PIFP,2023,2,0.16126637
11,PIFP,2023,3,0.18271328
11,PIFP,2023,4,0.20492335
11,PIFP,2024,1,0.22618668
11,PIFP,2024,2,0.24692684
11,PIFP,2024,3,0.26962863
11,PIFP,2024,4,0.28931052
11,PIHP,2022,1,-0.0032434
11,PIHP,2022,2,-0.00331108
11,PIHP,2022,3,0.00038448
11,PIHP,2022,4,0.0108178
11,PIHP,2023,1,0.02966071
11,PIHP,2023,2,0.05266112
11,PIHP,2023,3,0.07780824
11,PIHP,2023,4,0.10264708
11,PIHP,2024,1,0.12762523
11,PIHP,2024,2,0.15175754
11,PIHP,2024,3,0.17572011
11,PIHP,2024,4,0.19772944
11,PXGS,2022,1,-0.00168989
11,PXGS,2022,2,-0.00420252
11,PXGS,2022,3,-0.00846917
11,PXGS,2022,4,-0.01415992
11,PXGS,2023,1,-0.02092083
11,PXGS,2023,2,-0.02879463
11,PXGS,2023,3,-0.03729263
11,PXGS,2023,4,-0.04630122
11,PXGS,2024,1,-0.05536313
11,PXGS,2024,2,-0.06451792
11,PXGS,2024,3,-0.07342764
11,PXGS,2024,4,-0.08253095
11,PMGS,2022,1,-0.0016064
11,PMGS,2022,2,-0.00873974
11,PMGS,2022,3,-0.02660481
11,PMGS,2022,4,-0.04062011
11,PMGS,2023,1,-0.0455696
11,PMGS,2023,2,-0.04872604
11,PMGS,2023,3,-0.05543501
11,PMGS,2023,4,-0.07160785
11,PMGS,2024,1,-0.07872062
11,PMGS,2024,2,-0.08942146
11,PMGS,2024,3,-0.09539275
11,PMGS,2024,4,-0.10176677
11,CGPI,2022,1,-0.00093319
11,CGPI,2022,2,0.00895118
11,CGPI,2022,3,0.01149559
11,CGPI,2022,4,0.01927512
11,CGPI,2023,1,0.0317736
11,CGPI,2023,2,0.04506136
11,CGPI,2023,3,0.05798266
11,CGPI,2023,4,0.06928347
11,CGPI,2024,1,0.08217049
11,CGPI,2024,2,0.09374837
11,CGPI,2024,3,0.10579375
11,CGPI,2024,4,0.11795228
11,GDPV,2022,1,0.29823682
11,GDPV,2022,2,0.37551755
11,GDPV,2022,3,0.46400554
11,GDPV,2022,4,0.51384409
11,GDPV,2023,1,0.51465697
11,GDPV,2023,2,0.52882718
11,GDPV,2023,3,0.54726738
11,GDPV,2023,4,0.57247027
11,GDPV,2024,1,0.5840212
11,GDPV,2024,2,0.60219415
11,GDPV,2024,3,0.61769441
11,GDPV,2024,4,0.63323514
11,CPV,2022,1,-2.124e-05
11,CPV,2022,2,0.04595097
11,CPV,2022,3,0.13244411
11,CPV,2022,4,0.18811258
11,CPV,2023,1,0.23229236
11,CPV,2023,2,0.26804224
11,CPV,2023,3,0.29606392
11,CPV,2023,4,0.33167572
11,CPV,2024,1,0.36519837
11,CPV,2024,2,0.39621598
11,CPV,2024,3,0.42333008
11,CPV,2024,4,0.44372984
11,IFPV,2022,1,0.23277706
11,IFPV,2022,2,0.44826318
11,IFPV,2022,3,0.6669907
11,IFPV,2022,4,0.8715308
11,IFPV,2023,1,0.85222364
11,IFPV,2023,2,0.81353164
11,IFPV,2023,3,0.76507768
11,IFPV,2023,4,0.71903888
11,IFPV,2024,1,0.68086095
11,IFPV,2024,2,0.6538662
11,IFPV,2024,3,0.64383484
11,IFPV,2024,4,0.64217463
11,IHPV,2022,1,0.02786558
11,IHPV,2022,2,0.04767005
11,IHPV,2022,3,0.08882049
11,IHPV,2022,4,0.13051537
11,IHPV,2023,1,0.16582316
11,IHPV,2023,2,0.21444107
11,IHPV,2023,3,0.25238474
11,IHPV,2023,4,0.2918496
11,IHPV,2024,1,0.32055051
11,IHPV,2024,2,0.34553298
11,IHPV,2024,3,0.36012936
11,IHPV,2024,4,0.38766945
11,IGV,2022,1,0.0335055
11,IGV,2022,2,0.05429491
11,IGV,2022,3,0.07939254
11,IGV,2022,4,0.10451985
11,IGV,2023,1,0.13062154
11,IGV,2023,2,0.15575677
11,IGV,2023,3,0.18156784
11,IGV,2023,4,0.20812823
11,IGV,2024,1,0.23394321
11,IGV,2024,2,0.25910716
11,IGV,2024,3,0.28594747
11,IGV,2024,4,0.30961013
11,CGV,2022,1,-0.0
11,CGV,2022,2,-0.00020571
11,CGV,2022,3,0.00137115
11,CGV,2022,4,0.00616049
11,CGV,2023,1,0.01550224
11,CGV,2023,2,0.02940995
11,CGV,2023,3,0.04637107
11,CGV,2023,4,0.0653707
11,CGV,2024,1,0.08522776
11,CGV,2024,2,0.10531596
11,CGV,2024,3,0.12518206
11,CGV,2024,4,0.14472073
11,XGSV,2022,1,1.29788705
11,XGSV,2022,2,1.29530094
11,XGSV,2022,3,1.2908365
11,XGSV,2022,4,1.28472489
11,XGSV,2023,1,1.27718723
11,XGSV,2023,2,1.26805784
11,XGSV,2023,3,1.2577432
11,XGSV,2023,4,1.24631704
11,XGSV,2024,1,1.23426559
11,XGSV,2024,2,1.22163076
11,XGSV,2024,3,1.20884646
11,XGSV,2024,4,1.19558794
11,MGSV,2022,1,0.00475391
11,MGSV,2022,2,0.03811833
11,MGSV,2022,3,0.12093142
11,MGSV,2022,4,0.20298308
11,MGSV,2023,1,0.24839283
11,MGSV,2023,2,0.27728762
11,MGSV,2023,3,0.28774004
11,MGSV,2023,4,0.28843833
11,MGSV,2024,1,0.29647864
11,MGSV,2024,2,0.30448836
11,MGSV,2024,3,0.31261026
11,MGSV,2024,4,0.3108759
11,NIV,2022,1,0.42616077
11,NIV,2022,2,0.50370409
11,NIV,2022,3,0.62115568
11,NIV,2022,4,0.66677995
11,NIV,2023,1,0.63130993
11,NIV,2023,2,0.64392197
11,NIV,2023,3,0.64998566
11,NIV,2023,4,0.66292074
11,NIV,2024,1,0.65991602
11,NIV,2024,2,0.67914388
11,NIV,2024,3,0.65152718
11,NIV,2024,4,0.74162575
11,YWV,2022,1,0.24689261
11,YWV,2022,2,0.31486533
11,YWV,2022,3,0.39992799
11,YWV,2022,4,0.4522384
11,YWV,2023,1,0.42440451
11,YWV,2023,2,0.45746996
11,YWV,2023,3,0.4660515
11,YWV,2023,4,0.49325345
11,YWV,2024,1,0.49335216
11,YWV,2024,2,0.52082316
11,YWV,2024,3,0.50123829
11,YWV,2024,4,0.58214768
11,YCV,2022,1,1.75642144
11,YCV,2022,2,1.28896111
11,YCV,2022,3,1.90339701
11,YCV,2022,4,1.68241483
11,YCV,2023,1,1.32485849
11,YCV,2023,2,1.24833329
11,YCV,2023,3,1.19903427
11,YCV,2023,4,1.08566577
11,YCV,2024,1,1.06876608
11,YCV,2024,2,1.13182098
11,YCV,2024,3,0.93976715
11,YCV,2024,4,1.45786356
11,YDV,2022,1,0.20769272
11,YDV,2022,2,0.33815777
11,YDV,2022,3,0.39568754
11,YDV,2022,4,0.45963519
11,YDV,2023,1,0.45532247
11,YDV,2023,2,0.49009012
11,YDV,2023,3,0.51296858
11,YDV,2023,4,0.54369771
11,YDV,2024,1,0.55802323
11,YDV,2024,2,0.57694466
11,YDV,2024,3,0.56193408
11,YDV,2024,4,0.63660084
11,TAXV,2022,1,0.07679544
11,TAXV,2022,2,0.25615307
11,TAXV,2022,3,0.4402439
11,TAXV,2022,4,0.64316708
11,TAXV,2023,1,0.82225405
11,TAXV,2023,2,0.80317191
11,TAXV,2023,3,0.82557177
11,TAXV,2023,4,0.80636998
11,TAXV,2024,1,0.79825953
11,TAXV,2024,2,0.77963526
11,TAXV,2024,3,0.79447967
11,TAXV,2024,4,0.78569553
11,TYPV,2022,1,0.1980003
11,TYPV,2022,2,0.31295136
11,TYPV,2022,3,0.44727165
11,TYPV,2022,4,0.58590066
11,TYPV,2023,1,0.64767357
11,TYPV,2023,2,0.67951105
11,TYPV,2023,3,0.69793809
11,TYPV,2023,4,0.71201198
11,TYPV,2024,1,0.72618531
11,TYPV,2024,2,0.73709485
11,TYPV,2024,3,0.750008
11,TYPV,2024,4,0.76287376
11,TYCV,2022,1,0.03830636
11,TYCV,2022,2,0.46695232
11,TYCV,2022,3,0.8769146
11,TYCV,2022,4,1.35434739
11,TYCV,2023,1,1.84177419
11,TYCV,2023,2,1.75618137
11,TYCV,2023,3,1.7631052
11,TYCV,2023,4,1.62446623
11,TYCV,2024,1,1.49995295
11,TYCV,2024,2,1.44518918
11,TYCV,2024,3,1.42581447
11,TYCV,2024,4,1.35979487
11,TCIV,2022,1,0.04102533
11,TCIV,2022,2,0.10164726
11,TCIV,2022,3,0.1839106
11,TCIV,2022,4,0.2484359
11,TCIV,2023,1,0.27120526
11,TCIV,2023,2,0.28838641
11,TCIV,2023,3,0.29952887
11,TCIV,2023,4,0.31632857
11,TCIV,2024,1,0.33140098
11,TCIV,2024,2,0.34655684
11,TCIV,2024,3,0.36335861
11,TCIV,2024,4,0.37824679
11,WIPH,2022,1,0.13738006
11,WIPH,2022,2,0.17593837
11,WIPH,2022,3,0.22216023
11,WIPH,2022,4,0.2535536
11,WIPH,2023,1,0.24219507
11,WIPH,2023,2,0.26830191
11,WIPH,2023,3,0.28543684
11,WIPH,2023,4,0.31233478
11,WIPH,2024,1,0.32971414
11,WIPH,2024,2,0.35345125
11,WIPH,2024,3,0.35128706
11,WIPH,2024,4,0.41510258
11,LE,2022,1,0.05741445
11,LE,2022,2,0.07602682
11,LE,2022,3,0.09921471
11,LE,2022,4,0.11225404
11,LE,2023,1,0.10377467
11,LE,2023,2,0.10960698
11,LE,2023,3,0.10699441
11,LE,2023,4,0.10889688
11,LE,2024,1,0.10364664
11,LE,2024,2,0.10512115
11,LE,2024,3,0.09320646
11,LE,2024,4,0.10936143
11,LF,2022,1,0.05212991
11,LF,2022,2,0.06732834
11,LF,2022,3,0.08757442
11,LF,2022,4,0.09842175
11,LF,2023,1,0.08900995
11,LF,2023,2,0.09452088
11,LF,2023,3,0.09204263
11,LF,2023,4,0.09417774
11,LF,2024,1,0.0893731
11,LF,2024,2,0.0913196
11,LF,2024,3,0.07965456
11,LF,2024,4,0.09641796
11,LH,2022,1,0.06664313
11,LH,2022,2,0.07875973
11,LH,2022,3,0.09918177
11,LH,2022,4,0.11006878
11,LH,2023,1,0.10373183
11,LH,2023,2,0.10255846
11,LH,2023,3,0.09831859
11,LH,2023,4,0.0968861
11,LH,2024,1,0.08914294
11,LH,2024,2,0.08808564
11,LH,2024,3,0.08431691
11,LH,2024,4,0.08622364
11,UR,2022,1,-0.0051452
11,UR,2022,2,-0.0084625
11,UR,2022,3,-0.01130755
11,UR,2022,4,-0.01345385
11,UR,2023,1,-0.01435743
11,UR,2023,2,-0.01467486
11,UR,2023,3,-0.01454888
11,UR,2023,4,-0.01432797
11,UR,2024,1,-0.01389347
11,UR,2024,2,-0.01340479
11,UR,2024,3,-0.01320704
11,UR,2024,4,-0.01263984
11,CUX,2022,1,0.47626898
11,CUX,2022,2,0.5558809
11,CUX,2022,3,0.65530981
11,CUX,2022,4,0.70948848
11,CUX,2023,1,0.70068777
11,CUX,2023,2,0.66372117
11,CUX,2023,3,0.63930628
11,CUX,2023,4,0.61718986
11,CUX,2024,1,0.59335961
11,CUX,2024,2,0.56643103
11,CUX,2024,3,0.5763321
11,CUX,2024,4,0.53491808
11,GDPPOT,2022,1,0.03114123
11,GDPPOT,2022,2,0.04257516
11,GDPPOT,2022,3,0.05938574
11,GDPPOT,2022,4,0.07288705
11,GDPPOT,2023,1,0.0762833
11,GDPPOT,2023,2,0.08792048
11,GDPPOT,2023,3,0.09366534
11,GDPPOT,2023,4,0.10104434
11,GDPPOT,2024,1,0.10330641
11,GDPPOT,2024,2,0.10862142
11,GDPPOT,2024,3,0.10508253
11,GDPPOT,2024,4,0.11801664
11,GDPGAP,2022,1,0.22698813
11,GDPGAP,2022,2,0.26821761
11,GDPGAP,2022,3,0.3185267
11,GDPGAP,2022,4,0.34785046
11,GDPGAP,2023,1,0.34298067
11,GDPGAP,2023,2,0.32656433
11,GDPGAP,2023,3,0.30946289
11,GDPGAP,2023,4,0.30047651
11,GDPGAP,2024,1,0.28544947
11,GDPGAP,2024,2,0.27241241
11,GDPGAP,2024,3,0.27447835
11,GDPGAP,2024,4,0.25854869
11,RCD,2022,1,0.01838389
11,RCD,2022,2,0.02932796
11,RCD,2022,3,0.04384669
11,RCD,2022,4,0.05839264
11,RCD,2023,1,0.06916425
11,RCD,2023,2,0.08024577
11,RCD,2023,3,0.08649639
11,RCD,2023,4,0.09094312
11,RCD,2024,1,0.09153669
11,RCD,2024,2,0.09209085
11,RCD,2024,3,0.08937524
11,RCD,2024,4,0.09104672
11,RGB,2022,1,0.00937781
11,RGB,2022,2,0.01379063
11,RGB,2022,3,0.02046959
11,RGB,2022,4,0.02695053
11,RGB,2023,1,0.03158987
11,RGB,2023,2,0.03674405
11,RGB,2023,3,0.03958299
11,RGB,2023,4,0.04205775
11,RGB,2024,1,0.04300443
11,RGB,2024,2,0.04444524
11,RGB,2024,3,0.04447696
11,RGB,2024,4,0.04714227
11,PERR,2022,1,1.54971261
11,PERR,2022,2,1.48488173
11,PERR,2022,3,1.17431508
11,PERR,2022,4,0.86703406
11,PERR,2023,1,0.80932583
11,PERR,2023,2,0.53854866
11,PERR,2023,3,0.45965468
11,PERR,2023,4,0.38315331
11,PERR,2024,1,0.34293989
11,PERR,2024,2,0.30009209
11,PERR,2024,3,0.32264504
11,PERR,2024,4,0.30833055
11,UCC,2022,1,-0.47841407
11,UCC,2022,2,-0.69857276
11,UCC,2022,3,-0.8841049
11,UCC,2022,4,-1.04450271
11,UCC,2023,1,-0.91104632
11,UCC,2023,2,-0.71784366
11,UCC,2023,3,-0.64931352
11,UCC,2023,4,-0.57737787
11,UCC,2024,1,-0.70762813
11,UCC,2024,2,-0.70386998
11,UCC,2024,3,-0.71201634
11,UCC,2024,4,-0.64291337
11,FXS,2022,1,-0.00423193
11,FXS,2022,2,-0.01052402
11,FXS,2022,3,-0.02120795
11,FXS,2022,4,-0.03545684
11,FXS,2023,1,-0.05238369
11,FXS,2023,2,-0.07209462
11,FXS,2023,3,-0.09336555
11,FXS,2023,4,-0.11591152
11,FXS,2024,1,-0.13858788
11,FXS,2024,2,-0.1614935
11,FXS,2024,3,-0.18378291
11,FXS,2024,4,-0.20655356
11,PSHARE,2022,1,4.14331164
11,PSHARE,2022,2,3.99666997
11,PSHARE,2022,3,3.75321953
11,PSHARE,2022,4,3.41591503
11,PSHARE,2023,1,3.03330028
11,PSHARE,2023,2,2.68303951
11,PSHARE,2023,3,2.36365359
11,PSHARE,2023,4,2.10466899
11,PSHARE,2024,1,1.91649753
11,PSHARE,2024,2,1.79551254
11,PSHARE,2024,3,1.74418984
11,PSHARE,2024,4,1.72749119
11,PLAND,2022,1,-0.00022392
11,PLAND,2022,2,-0.03809633
11,PLAND,2022,3,-0.07583925
11,PLAND,2022,4,-0.11052646
11,PLAND,2023,1,-0.14211905
11,PLAND,2023,2,-0.17045625
11,PLAND,2023,3,-0.19559671
11,PLAND,2023,4,-0.21785757
11,PLAND,2024,1,-0.23748178
11,PLAND,2024,2,-0.25555341
11,PLAND,2024,3,-0.27235852
11,PLAND,2024,4,-0.28875252
11,M2CD,2022,1,0.19294696
11,M2CD,2022,2,0.20827764
11,M2CD,2022,3,0.2346725
11,M2CD,2022,4,0.24183624
11,M2CD,2023,1,0.22445125
11,M2CD,2023,2,0.20902745
11,M2CD,2023,3,0.20962065
11,M2CD,2023,4,0.22077888
11,M2CD,2024,1,0.23546822
11,M2CD,2024,2,0.25491056
11,M2CD,2024,3,0.28939199
11,M2CD,2024,4,0.30634167
11,BGVATGDPV,2022,1,0.03859135
11,BGVATGDPV,2022,2,0.07140444
11,BGVATGDPV,2022,3,0.1155492
11,BGVATGDPV,2022,4,0.15688263
11,BGVATGDPV,2023,1,0.18951188
11,BGVATGDPV,2023,2,0.17124707
11,BGVATGDPV,2023,3,0.16999579
11,BGVATGDPV,2023,4,0.16170013
11,BGVATGDPV,2024,1,0.15639201
11,BGVATGDPV,2024,2,0.14595486
11,BGVATGDPV,2024,3,0.14545401
11,BGVATGDPV,2024,4,0.14000329
11,SBGVATGDPV,2022,1,-0.73755073
11,SBGVATGDPV,2022,2,-0.9406094
11,SBGVATGDPV,2022,3,-1.17879908
11,SBGVATGDPV,2022,4,-1.29681829
11,SBGVATGDPV,2023,1,-1.33696312
11,SBGVATGDPV,2023,2,-1.3974644
11,SBGVATGDPV,2023,3,-1.45470049
11,SBGVATGDPV,2023,4,-1.55338397
11,SBGVATGDPV,2024,1,-1.62458768
11,SBGVATGDPV,2024,2,-1.65515377
11,SBGVATGDPV,2024,3,-1.71027553
11,SBGVATGDPV,2024,4,-1.7579544
11,BCVATGDPV,2022,1,0.23512909
11,BCVATGDPV,2022,2,0.24826617
11,BCVATGDPV,2022,3,0.24280494
11,BCVATGDPV,2022,4,0.21153338
11,BCVATGDPV,2023,1,0.18738374
11,BCVATGDPV,2023,2,0.17267296
11,BCVATGDPV,2023,3,0.1738722
11,BCVATGDPV,2023,4,0.17484453
11,BCVATGDPV,2024,1,0.1660173
11,BCVATGDPV,2024,2,0.16199595
11,BCVATGDPV,2024,3,0.15494634
11,BCVATGDPV,2024,4,0.15164444
11,KFP,2022,1,0.00585021
11,KFP,2022,2,0.01756551
11,KFP,2022,3,0.03500298
11,KFP,2022,4,0.05739863
11,KFP,2023,1,0.07812562
11,KFP,2023,2,0.09607367
11,KFP,2023,3,0.11123595
11,KFP,2023,4,0.12398844
11,KFP,2024,1,0.1343046
11,KFP,2024,2,0.14283213
11,KFP,2024,3,0.15007987
11,KFP,2024,4,0.15633616
11,KHP,2022,1,0.00040495
11,KHP,2022,2,0.00106286
11,KHP,2022,3,0.00221783
11,KHP,2022,4,0.00376919
11,KHP,2023,1,0.00552613
11,KHP,2023,2,0.00766923
11,KHP,2023,3,0.00993352
11,KHP,2023,4,0.01236968
11,KHP,2024,1,0.01479019
11,KHP,2024,2,0.01717727
11,KHP,2024,3,0.01943612
11,KHP,2024,4,0.02175279
11,KG,2022,1,-0.0
11,KG,2022,2,0.0
11,KG,2022,3,-0.0
11,KG,2022,4,0.0
11,KG,2023,1,-0.0
11,KG,2023,2,0.0
11,KG,2023,3,0.0
11,KG,2023,4,0.0
11,KG,2024,1,0.0
11,KG,2024,2,0.0
11,KG,2024,3,-0.0
11,KG,2024,4,-0.0
11,BCVATGDPV,2022,0,0.2344334
11,BCVATGDPV,2023,0,0.17719336
11,BCVATGDPV,2024,0,0.15865101
11,BGVATGDPV,2022,0,0.09560691
11,BGVATGDPV,2023,0,0.17311372
11,BGVATGDPV,2024,0,0.14695104
11,CG,2022,0,0.0
11,CG,2023,0,-0.0
11,CG,2024,0,-0.0
11,CGPI,2022,0,0.00969718
11,CGPI,2023,0,0.05102527
11,CGPI,2024,0,0.09991622
11,CGV,2022,0,0.00183148
11,CGV,2023,0,0.03916349
11,CGV,2024,0,0.11511163
11,CP,2022,0,0.08603473
11,CP,2023,0,0.21541763
11,CP,2024,0,0.24955179
11,CPV,2022,0,0.09162161
11,CPV,2023,0,0.28201856
11,CPV,2024,0,0.40711857
11,CUX,2022,0,0.59923704
11,CUX,2023,0,0.65522627
11,CUX,2024,0,0.56776021
11,FXS,2022,0,-0.01785519
11,FXS,2023,0,-0.08343885
11,FXS,2024,0,-0.17260446
11,GDP,2022,0,0.34265678
11,GDP,2023,0,0.41173894
11,GDP,2024,0,0.38751781
11,GDPD,2022,0,0.42043122
11,GDPD,2023,0,-0.01567584
11,GDPD,2024,0,-0.02282512
11,GDPGAP,2022,0,0.29039573
11,GDPGAP,2023,0,0.3198711
11,GDPGAP,2024,0,0.27272223
11,GDPPOT,2022,0,0.0514973
11,GDPPOT,2023,0,0.08972837
11,GDPPOT,2024,0,0.10875675
11,GDPV,2022,0,0.412901
11,GDPV,2023,0,0.54080545
11,GDPV,2024,0,0.60928623
11,IFP,2022,0,0.47770159
11,IFP,2023,0,0.61426515
11,IFP,2024,0,0.39615783
11,IFPV,2022,0,0.55489044
11,IFPV,2023,0,0.78746796
11,IFPV,2024,0,0.65518416
11,IG,2022,0,0.0
11,IG,2023,0,0.0
11,IG,2024,0,0.0
11,IGV,2022,0,0.0679282
11,IGV,2023,0,0.1690186
11,IGV,2024,0,0.27215199
11,IHP,2022,0,0.07255327
11,IHP,2023,0,0.16531654
11,IHP,2024,0,0.18995304
11,IHPV,2022,0,0.07371787
11,IHPV,2023,0,0.23112464
11,IHPV,2024,0,0.35347058
11,KFP,2022,0,0.02895433
11,KFP,2023,0,0.10235592
11,KFP,2024,0,0.14588819
11,KG,2022,0,0.0
11,KG,2023,0,0.0
11,KG,2024,0,-0.0
11,KHP,2022,0,0.00186371
11,KHP,2023,0,0.00887464
11,KHP,2024,0,0.01828909
11,LE,2022,0,0.08622751
11,LE,2023,0,0.10731824
11,LE,2024,0,0.10283392
11,LF,2022,0,0.0763636
11,LF,2023,0,0.0924378
11,LF,2024,0,0.08919131
11,LH,2022,0,0.08866335
11,LH,2023,0,0.10037374
11,LH,2024,0,0.08694228
11,M2CD,2022,0,0.21943333
11,M2CD,2023,0,0.21596956
11,M2CD,2024,0,0.27152811
11,MGS,2022,0,0.11112507
11,MGS,2023,0,0.33098465
11,MGS,2024,0,0.39780321
11,MGSV,2022,0,0.09169669
11,MGSV,2023,0,0.2754647
11,MGSV,2024,0,0.30611329
11,NIV,2022,0,0.55445012
11,NIV,2023,0,0.64703457
11,NIV,2024,0,0.68305321
11,PCP,2022,0,0.00557778
11,PCP,2023,0,0.06645492
11,PCP,2024,0,0.15717343
11,PERR,2022,0,1.26898587
11,PERR,2023,0,0.54767062
11,PERR,2024,0,0.31850189
11,PGDP,2022,0,0.06999189
11,PGDP,2023,0,0.12853856
11,PGDP,2024,0,0.22091322
11,PIFP,2022,0,0.07676168
11,PIFP,2023,0,0.17216331
11,PIFP,2024,0,0.25801317
11,PIHP,2022,0,0.00116195
11,PIHP,2023,0,0.06569429
11,PIHP,2024,0,0.16320808
11,PLAND,2022,0,-0.05617149
11,PLAND,2023,0,-0.18150739
11,PLAND,2024,0,-0.26353656
11,PMGS,2022,0,-0.01939277
11,PMGS,2023,0,-0.05533462
11,PMGS,2024,0,-0.0913254
11,PSHARE,2022,0,3.82727904
11,PSHARE,2023,0,2.54616559
11,PSHARE,2024,0,1.79592278
11,PXGS,2022,0,-0.00713038
11,PXGS,2023,0,-0.03332733
11,PXGS,2024,0,-0.06895991
11,RCD,2022,0,0.03748779
11,RCD,2023,0,0.08171238
11,RCD,2024,0,0.09101238
11,RGB,2022,0,0.01764714
11,RGB,2023,0,0.03749366
11,RGB,2024,0,0.04476722
11,SBGVATGDPV,2022,0,-1.03844438
11,SBGVATGDPV,2023,0,-1.43562799
11,SBGVATGDPV,2024,0,-1.68699284
11,TAXV,2022,0,0.35408987
11,TAXV,2023,0,0.81434193
11,TAXV,2024,0,0.7895175
11,TCIV,2022,0,0.14375477
11,TCIV,2023,0,0.29386228
11,TCIV,2024,0,0.35489081
11,TYCV,2022,0,0.68413017
11,TYCV,2023,0,1.74638175
11,TYCV,2024,0,1.43268787
11,TYPV,2022,0,0.38603099
11,TYPV,2023,0,0.68428368
11,TYPV,2024,0,0.74404048
11,UCC,2022,0,-0.77639861
11,UCC,2023,0,-0.71389534
11,UCC,2024,0,-0.69160695
11,UR,2022,0,-0.00959228
11,UR,2023,0,-0.01447729
11,UR,2024,0,-0.01328628
11,WIPH,2022,0,0.19725806
11,WIPH,2023,0,0.27706715
11,WIPH,2024,0,0.36238876
11,XGS,2022,0,1.29941036
11,XGS,2023,0,1.29608542
11,XGS,2024,0,1.28492826
11,XGSV,2022,0,1.29218734
11,XGSV,2023,0,1.26232633
11,XGSV,2024,0,1.21508269
11,YCV,2022,0,1.6577986
11,YCV,2023,0,1.21447296
11,YCV,2024,0,1.14955444
11,YDV,2022,0,0.35029331
11,YDV,2023,0,0.50051972
11,YDV,2024,0,0.5833757
11,YWV,2022,0,0.35348108
11,YWV,2023,0,0.46029486
11,YWV,2024,0,0.52439032
