scenario,variable,year,quarter,value
1,GDP,2018,1,0.99914208
1,GDP,2018,2,1.05061338
1,GDP,2018,3,1.13697036
1,GDP,2018,4,1.13114331
1,GDP,2019,1,1.12866391
1,GDP,2019,2,1.12351485
1,GDP,2019,3,1.09249255
1,GDP,2019,4,1.08512225
1,GDP,2020,1,1.07251384
1,GDP,2020,2,1.06382127
1,GDP,2020,3,1.06653142
1,GDP,2020,4,1.0534557
1,CP,2018,1,0.00255786
1,CP,2018,2,0.15067357
1,CP,2018,3,0.39760613
1,CP,2018,4,0.47945817
1,CP,2019,1,0.51791359
1,CP,2019,2,0.54851003
1,CP,2019,3,0.55740896
1,CP,2019,4,0.57551398
1,CP,2020,1,0.57209705
1,CP,2020,2,0.57456574
1,CP,2020,3,0.5361331
1,CP,2020,4,0.52395206
1,IFP,2018,1,-0.04546072
1,IFP,2018,2,-0.09893266
1,IFP,2018,3,-0.14688794
1,IFP,2018,4,-0.23548678
1,IFP,2019,1,-0.37469342
1,IFP,2019,2,-0.56079954
1,IFP,2019,3,-0.76294615
1,IFP,2019,4,-0.94400644
1,IFP,2020,1,-1.08941764
1,IFP,2020,2,-1.20044327
1,IFP,2020,3,-1.27921489
1,IFP,2020,4,-1.33111997
1,IHP,2018,1,0.10178956
1,IHP,2018,2,0.1808862
1,IHP,2018,3,0.35418495
1,IHP,2018,4,0.56645981
1,IHP,2019,1,0.75496951
1,IHP,2019,2,1.05408648
1,IHP,2019,3,1.27540059
1,IHP,2019,4,1.5377919
1,IHP,2020,1,1.71158355
1,IHP,2020,2,1.88581602
1,IHP,2020,3,2.03448069
1,IHP,2020,4,2.17869943
1,IG,2018,1,20.17473519
1,IG,2018,2,19.86292873
1,IG,2018,3,19.98811116
1,IG,2018,4,20.27924463
1,IG,2019,1,19.95286555
1,IG,2019,2,20.04097633
1,IG,2019,3,19.82170383
1,IG,2019,4,19.13798774
1,IG,2020,1,19.406464
1,IG,2020,2,17.23105554
1,IG,2020,3,17.96445609
1,IG,2020,4,17.91254097
1,CG,2018,1,0.0
1,CG,2018,2,0.03033887
1,CG,2018,3,0.06079665
1,CG,2018,4,0.09095111
1,CG,2019,1,0.12046479
1,CG,2019,2,0.14856967
1,CG,2019,3,0.1774677
1,CG,2019,4,0.20534641
1,CG,2020,1,0.23349706
1,CG,2020,2,0.26321364
1,CG,2020,3,0.28196703
1,CG,2020,4,0.30915335
1,XGS,2018,1,0.0
1,XGS,2018,2,-0.00056202
1,XGS,2018,3,-0.00191171
1,XGS,2018,4,-0.00484371
1,XGS,2019,1,-0.00981943
1,XGS,2019,2,-0.01715976
1,XGS,2019,3,-0.02703947
1,XGS,2019,4,-0.03931927
1,XGS,2020,1,-0.05363725
1,XGS,2020,2,-0.06946556
1,XGS,2020,3,-0.08633206
1,XGS,2020,4,-0.1037973
1,MGS,2018,1,0.12189679
1,MGS,2018,2,0.26853548
1,MGS,2018,3,0.58847506
1,MGS,2018,4,0.84390848
1,MGS,2019,1,0.95053723
1,MGS,2019,2,1.011928
1,MGS,2019,3,1.05696819
1,MGS,2019,4,1.09936337
1,MGS,2020,1,1.1215765
1,MGS,2020,2,1.1248062
1,MGS,2020,3,1.1190431
1,MGS,2020,4,1.09928028
1,GDPD,2018,1,4.00164416
1,GDPD,2018,2,0.20464401
1,GDPD,2018,3,0.33935427
1,GDPD,2018,4,-0.02300232
1,GDPD,2019,1,-0.00985277
1,GDPD,2019,2,-0.02047048
1,GDPD,2019,3,-0.12272522
1,GDPD,2019,4,-0.02836461
1,GDPD,2020,1,-0.05010813
1,GDPD,2020,2,-0.03166678
1,GDPD,2020,3,0.01129533
1,GDPD,2020,4,-0.05271491
1,PGDP,2018,1,0.04212434
1,PGDP,2018,2,0.07024918
1,PGDP,2018,3,0.10515265
1,PGDP,2018,4,0.15403033
1,PGDP,2019,1,0.20786097
1,PGDP,2019,2,0.27764948
1,PGDP,2019,3,0.35332945
1,PGDP,2019,4,0.42635899
1,PGDP,2020,1,0.49757775
1,PGDP,2020,2,0.57669905
1,PGDP,2020,3,0.63341073
1,PGDP,2020,4,0.70655473
1,PCP,2018,1,-0.00263448
1,PCP,2018,2,0.00235874
1,PCP,2018,3,0.02344731
1,PCP,2018,4,0.06394903
1,PCP,2019,1,0.1213366
1,PCP,2019,2,0.18589157
1,PCP,2019,3,0.25304808
1,PCP,2019,4,0.32122039
1,PCP,2020,1,0.39014751
1,PCP,2020,2,0.45963514
1,PCP,2020,3,0.52977889
1,PCP,2020,4,0.60082825
1,PIFP,2018,1,0.15794644
1,PIFP,2018,2,0.22688216
1,PIFP,2018,3,0.29753564
1,PIFP,2018,4,0.3467562
1,PIFP,2019,1,0.41124912
1,PIFP,2019,2,0.47334137
1,PIFP,2019,3,0.53675389
1,PIFP,2019,4,0.59549484
1,PIFP,2020,1,0.66201816
1,PIFP,2020,2,0.71531598
1,PIFP,2020,3,0.7895716
1,PIFP,2020,4,0.86067947
1,PIHP,2018,1,-0.01058061
1,PIHP,2018,2,-0.00814187
1,PIHP,2018,3,0.01215868
1,PIHP,2018,4,0.05368863
1,PIHP,2019,1,0.1179981
1,PIHP,2019,2,0.18942064
1,PIHP,2019,3,0.26411114
1,PIHP,2019,4,0.33847836
1,PIHP,2020,1,0.41339287
1,PIHP,2020,2,0.48931393
1,PIHP,2020,3,0.56485308
1,PIHP,2020,4,0.63921705
1,PXGS,2018,1,-0.00609008
1,PXGS,2018,2,-0.01462401
1,PXGS,2018,3,-0.02303709
1,PXGS,2018,4,-0.0337816
1,PXGS,2019,1,-0.04430688
1,PXGS,2019,2,-0.05365033
1,PXGS,2019,3,-0.06090969
1,PXGS,2019,4,-0.06609804
1,PXGS,2020,1,-0.06908599
1,PXGS,2020,2,-0.07016864
1,PXGS,2020,3,-0.06890946
1,PXGS,2020,4,-0.06648172
1,PMGS,2018,1,-0.0078209
1,PMGS,2018,2,-0.01712155
1,PMGS,2018,3,-0.03904201
1,PMGS,2018,4,-0.06339812
1,PMGS,2019,1,-0.07169372
1,PMGS,2019,2,-0.09869045
1,PMGS,2019,3,-0.11230677
1,PMGS,2019,4,-0.13250171
1,PMGS,2020,1,-0.15679153
1,PMGS,2020,2,-0.15020282
1,PMGS,2020,3,-0.1732155
1,PMGS,2020,4,-0.19425038
1,CGPI,2018,1,-0.00377579
1,CGPI,2018,2,0.03884535
1,CGPI,2018,3,0.05244757
1,CGPI,2018,4,0.08038554
1,CGPI,2019,1,0.11767213
1,CGPI,2019,2,0.15616309
1,CGPI,2019,3,0.19747223
1,CGPI,2019,4,0.23768536
1,CGPI,2020,1,0.2775277
1,CGPI,2020,2,0.32451562
1,CGPI,2020,3,0.36641516
1,CGPI,2020,4,0.40836702
1,GDPV,2018,1,1.0416873
1,GDPV,2018,2,1.12160061
1,GDPV,2018,3,1.24331857
1,GDPV,2018,4,1.28691594
1,GDPV,2019,1,1.33887092
1,GDPV,2019,2,1.40428377
1,GDPV,2019,3,1.4496821
1,GDPV,2019,4,1.51610776
1,GDPV,2020,1,1.57542818
1,GDPV,2020,2,1.64665537
1,GDPV,2020,3,1.70669768
1,GDPV,2020,4,1.76745367
1,CPV,2018,1,-7.669e-05
1,CPV,2018,2,0.15303586
1,CPV,2018,3,0.42114667
1,CPV,2018,4,0.54371381
1,CPV,2019,1,0.63987861
1,CPV,2019,2,0.73542123
1,CPV,2019,3,0.81186755
1,CPV,2019,4,0.89858304
1,CPV,2020,1,0.96447659
1,CPV,2020,2,1.03684178
1,CPV,2020,3,1.0687523
1,CPV,2020,4,1.12792837
1,IFPV,2018,1,0.11241391
1,IFPV,2018,2,0.12772504
1,IFPV,2018,3,0.15021066
1,IFPV,2018,4,0.11045285
1,IFPV,2019,1,0.03501477
1,IFPV,2019,2,-0.09011267
1,IFPV,2019,3,-0.2302874
1,IFPV,2019,4,-0.3541331
1,IFPV,2020,1,-0.43461162
1,IFPV,2020,2,-0.49371425
1,IFPV,2020,3,-0.49974361
1,IFPV,2020,4,-0.48189718
1,IHPV,2018,1,0.09119818
1,IHPV,2018,2,0.1727296
1,IHPV,2018,3,0.3663867
1,IHPV,2018,4,0.62045257
1,IHPV,2019,1,0.87385846
1,IHPV,2019,2,1.24550378
1,IHPV,2019,3,1.54288021
1,IHPV,2019,4,1.88147536
1,IHPV,2020,1,2.13205198
1,IHPV,2020,2,2.38435751
1,IHPV,2020,3,2.6108256
1,IHPV,2020,4,2.8318431
1,IGV,2018,1,20.33946275
1,IGV,2018,2,20.10008869
1,IGV,2018,3,20.30576779
1,IGV,2018,4,20.66229822
1,IGV,2019,1,20.42343934
1,IGV,2019,2,20.60115435
1,IGV,2019,3,20.4728853
1,IGV,2019,4,19.87228113
1,IGV,2020,1,20.23798734
1,IGV,2020,2,18.12792719
1,IGV,2020,3,18.96982384
1,IGV,2020,4,19.0167035
1,CGV,2018,1,-0.0
1,CGV,2018,2,0.02938343
1,CGV,2018,3,0.06602065
1,CGV,2018,4,0.11416185
1,CGV,2019,1,0.1771946
1,CGV,2019,2,0.2519774
1,CGV,2019,3,0.3341516
1,CGV,2019,4,0.41911781
1,CGV,2020,1,0.50603619
1,CGV,2020,2,0.59568222
1,CGV,2020,3,0.67507207
1,CGV,2020,4,0.76362219
1,XGSV,2018,1,-0.00609008
1,XGSV,2018,2,-0.01518595
1,XGSV,2018,3,-0.02494835
1,XGSV,2018,4,-0.03862367
1,XGSV,2019,1,-0.05412196
1,XGSV,2019,2,-0.07080089
1,XGSV,2019,3,-0.0879327
1,XGSV,2019,4,-0.10539132
1,XGSV,2020,1,-0.12268619
1,XGSV,2020,2,-0.13958546
1,XGSV,2020,3,-0.15518202
1,XGSV,2020,4,-0.17021001
1,MGSV,2018,1,0.11406635
1,MGSV,2018,2,0.25136795
1,MGSV,2018,3,0.5492033
1,MGSV,2018,4,0.77997534
1,MGSV,2019,1,0.87816204
1,MGSV,2019,2,0.91223887
1,MGSV,2019,3,0.94347438
1,MGSV,2019,4,0.96540499
1,MGSV,2020,1,0.96302643
1,MGSV,2020,2,0.9729139
1,MGSV,2020,3,0.94388924
1,MGSV,2020,4,0.90289453
1,NIV,2018,1,1.42397898
1,NIV,2018,2,1.40935976
1,NIV,2018,3,1.51789817
1,NIV,2018,4,1.53196705
1,NIV,2019,1,1.60639858
1,NIV,2019,2,1.59601107
1,NIV,2019,3,1.57719302
1,NIV,2019,4,1.57180854
1,NIV,2020,1,1.52080138
1,NIV,2020,2,1.53888275
1,NIV,2020,3,1.56963219
1,NIV,2020,4,1.57688274
1,YWV,2018,1,0.82725529
1,YWV,2018,2,0.95378879
1,YWV,2018,3,1.06236668
1,YWV,2018,4,1.18540284
1,YWV,2019,1,1.14050586
1,YWV,2019,2,1.19322792
1,YWV,2019,3,1.17272158
1,YWV,2019,4,1.23035007
1,YWV,2020,1,1.21470886
1,YWV,2020,2,1.24979195
1,YWV,2020,3,1.29100396
1,YWV,2020,4,1.35277856
1,YCV,2018,1,5.00786242
1,YCV,2018,2,3.24680677
1,YCV,2018,3,3.48223713
1,YCV,2018,4,2.97910004
1,YCV,2019,1,3.58026052
1,YCV,2019,2,2.85215142
1,YCV,2019,3,2.79722808
1,YCV,2019,4,2.60105796
1,YCV,2020,1,2.213603
1,YCV,2020,2,2.73522882
1,YCV,2020,3,2.38539641
1,YCV,2020,4,1.76107792
1,YDV,2018,1,0.69202542
1,YDV,2018,2,1.02627939
1,YDV,2018,3,1.03730305
1,YDV,2018,4,1.23241998
1,YDV,2019,1,1.16036811
1,YDV,2019,2,1.32036776
1,YDV,2019,3,1.25800987
1,YDV,2019,4,1.36694876
1,YDV,2020,1,1.30918328
1,YDV,2020,2,1.26702451
1,YDV,2020,3,1.33923683
1,YDV,2020,4,1.50968023
1,TAXV,2018,1,0.4799402
1,TAXV,2018,2,0.78648976
1,TAXV,2018,3,1.3669711
1,TAXV,2018,4,1.60901637
1,TAXV,2019,1,2.08315327
1,TAXV,2019,2,1.91323483
1,TAXV,2019,3,2.10018228
1,TAXV,2019,4,1.97987831
1,TAXV,2020,1,2.17341633
1,TAXV,2020,2,1.94816145
1,TAXV,2020,3,2.12517845
1,TAXV,2020,4,2.00985349
1,TYPV,2018,1,0.76352323
1,TYPV,2018,2,0.47126758
1,TYPV,2018,3,1.2929977
1,TYPV,2018,4,1.05111143
1,TYPV,2019,1,1.70762381
1,TYPV,2019,2,1.27441261
1,TYPV,2019,3,1.81247482
1,TYPV,2019,4,1.36242385
1,TYPV,2020,1,1.86888427
1,TYPV,2020,2,1.36493946
1,TYPV,2020,3,1.90713644
1,TYPV,2020,4,1.45351339
1,TYCV,2018,1,0.15564755
1,TYCV,2018,2,1.4151478
1,TYCV,2018,3,2.38354217
1,TYCV,2018,4,3.37035958
1,TYCV,2019,1,4.32004425
1,TYCV,2019,2,4.06394843
1,TYCV,2019,3,4.03413083
1,TYCV,2019,4,3.91076231
1,TYCV,2020,1,3.88341743
1,TYCV,2020,2,3.59014499
1,TYCV,2020,3,3.56861447
1,TYCV,2020,4,3.48355827
1,TCIV,2018,1,0.95978911
1,TCIV,2018,2,1.05814222
1,TCIV,2018,3,1.2128096
1,TCIV,2018,4,1.28627061
1,TCIV,2019,1,1.3461957
1,TCIV,2019,2,1.40787093
1,TCIV,2019,3,1.44608544
1,TCIV,2019,4,1.49569007
1,TCIV,2020,1,1.53823368
1,TCIV,2020,2,1.56651249
1,TCIV,2020,3,1.63757451
1,TCIV,2020,4,1.72718194
1,WIPH,2018,1,0.42544609
1,WIPH,2018,2,0.52568557
1,WIPH,2018,3,0.60708072
1,WIPH,2018,4,0.72270364
1,WIPH,2019,1,0.7296573
1,WIPH,2019,2,0.79347341
1,WIPH,2019,3,0.82465892
1,WIPH,2019,4,0.90408182
1,WIPH,2020,1,0.92498857
1,WIPH,2020,2,0.99945871
1,WIPH,2020,3,1.03865431
1,WIPH,2020,4,1.10949843
1,LE,2018,1,0.18169456
1,LE,2018,2,0.23216787
1,LE,2018,3,0.28294886
1,LE,2018,4,0.32731242
1,LE,2019,1,0.31578929
1,LE,2019,2,0.32367786
1,LE,2019,3,0.30998546
1,LE,2019,4,0.31869065
1,LE,2020,1,0.30010288
1,LE,2020,2,0.3070987
1,LE,2020,3,0.29079762
1,LE,2020,4,0.28168148
1,LF,2018,1,0.16105677
1,LF,2018,2,0.20071169
1,LF,2018,3,0.24417991
1,LF,2018,4,0.28464705
1,LF,2019,1,0.27082237
1,LF,2019,2,0.27628088
1,LF,2019,3,0.26190843
1,LF,2019,4,0.26947886
1,LF,2020,1,0.25027839
1,LF,2020,2,0.25587038
1,LF,2020,3,0.23891199
1,LF,2020,4,0.2293599
1,LH,2018,1,0.26457048
1,LH,2018,2,0.24091542
1,LH,2018,3,0.2255465
1,LH,2018,4,0.19761606
1,LH,2019,1,0.15652376
1,LH,2019,2,0.13182785
1,LH,2019,3,0.09779512
1,LH,2019,4,0.07326648
1,LH,2020,1,0.05522121
1,LH,2020,2,0.00526201
1,LH,2020,3,0.02640064
1,LH,2020,4,0.03714108
1,UR,2018,1,-0.02004787
1,UR,2018,2,-0.03060771
1,UR,2018,3,-0.03777401
1,UR,2018,4,-0.04152953
1,UR,2019,1,-0.04372605
1,UR,2019,2,-0.04610114
1,UR,2019,3,-0.04692068
1,UR,2019,4,-0.04795067
1,UR,2020,1,-0.04845124
1,UR,2020,2,-0.04966032
1,UR,2020,3,-0.05029453
1,UR,2020,4,-0.05061985
1,CUX,2018,1,1.86858392
1,CUX,2018,2,1.96076867
1,CUX,2018,3,2.13072405
1,CUX,2018,4,2.09551478
1,CUX,2019,1,2.17597803
1,CUX,2019,2,2.19971317
1,CUX,2019,3,2.20967753
1,CUX,2019,4,2.23815219
1,CUX,2020,1,2.28781188
1,CUX,2020,2,2.36160511
1,CUX,2020,3,2.3921259
1,CUX,2020,4,2.38843118
1,GDPPOT,2018,1,0.09619059
1,GDPPOT,2018,2,0.11929191
1,GDPPOT,2018,3,0.14399956
1,GDPPOT,2018,4,0.1663934
1,GDPPOT,2019,1,0.15529986
1,GDPPOT,2019,2,0.1540548
1,GDPPOT,2019,3,0.1387918
1,GDPPOT,2019,4,0.13412251
1,GDPPOT,2020,1,0.11225956
1,GDPPOT,2020,2,0.10347252
1,GDPPOT,2020,3,0.08115521
1,GDPPOT,2020,4,0.06275345
1,GDPGAP,2018,1,0.9217644
1,GDPGAP,2018,2,0.95045777
1,GDPGAP,2018,3,1.00400301
1,GDPGAP,2018,4,0.9718277
1,GDPGAP,2019,1,0.98395854
1,GDPGAP,2019,2,0.98348895
1,GDPGAP,2019,3,0.96580535
1,GDPGAP,2019,4,0.93244102
1,GDPGAP,2020,1,0.94671108
1,GDPGAP,2020,2,0.87655906
1,GDPGAP,2020,3,0.94458943
1,GDPGAP,2020,4,0.96277835
1,RCD,2018,1,0.06615562
1,RCD,2018,2,0.10040035
1,RCD,2018,3,0.1386449
1,RCD,2018,4,0.17607065
1,RCD,2019,1,0.2033352
1,RCD,2019,2,0.22739629
1,RCD,2019,3,0.24037672
1,RCD,2019,4,0.25101601
1,RCD,2020,1,0.25450194
1,RCD,2020,2,0.25763931
1,RCD,2020,3,0.25869066
1,RCD,2020,4,0.2613894
1,RGB,2018,1,0.03374665
1,RGB,2018,2,0.04700543
1,RGB,2018,3,0.06423707
1,RGB,2018,4,0.08086423
1,RGB,2019,1,0.09268027
1,RGB,2019,2,0.10389031
1,RGB,2019,3,0.11015471
1,RGB,2019,4,0.11671932
1,RGB,2020,1,0.12077732
1,RGB,2020,2,0.12581081
1,RGB,2020,3,0.13039742
1,RGB,2020,4,0.13636768
1,PERR,2018,1,-0.26513847
1,PERR,2018,2,-0.55576711
1,PERR,2018,3,-0.87899509
1,PERR,2018,4,-1.2743107
1,PERR,2019,1,-1.52100699
1,PERR,2019,2,-1.75901435
1,PERR,2019,3,-2.02810338
1,PERR,2019,4,-2.34016877
1,PERR,2020,1,-2.50624305
1,PERR,2020,2,-3.0054838
1,PERR,2020,3,-3.99742765
1,PERR,2020,4,-4.5265626
1,UCC,2018,1,-0.04538779
1,UCC,2018,2,-0.5860426
1,UCC,2018,3,-0.70837479
1,UCC,2018,4,-0.78536087
1,UCC,2019,1,-0.50545758
1,UCC,2019,2,0.06981369
1,UCC,2019,3,0.16819014
1,UCC,2019,4,0.16056091
1,UCC,2020,1,0.05130518
1,UCC,2020,2,-0.00575452
1,UCC,2020,3,-0.22718478
1,UCC,2020,4,-0.45295764
1,FXS,2018,1,-0.01525065
1,FXS,2018,2,-0.0363513
1,FXS,2018,3,-0.06996706
1,FXS,2018,4,-0.11281114
1,FXS,2019,1,-0.16234153
1,FXS,2019,2,-0.21786421
1,FXS,2019,3,-0.27629854
1,FXS,2019,4,-0.33726134
1,FXS,2020,1,-0.39894779
1,FXS,2020,2,-0.46110938
1,FXS,2020,3,-0.52373297
1,FXS,2020,4,-0.5873492
1,PSHARE,2018,1,-0.06108442
1,PSHARE,2018,2,-0.58360605
1,PSHARE,2018,3,-1.37039282
1,PSHARE,2018,4,-2.36906723
1,PSHARE,2019,1,-3.3982226
1,PSHARE,2019,2,-4.2456578
1,PSHARE,2019,3,-4.97467459
1,PSHARE,2019,4,-5.54028282
1,PSHARE,2020,1,-5.93828145
1,PSHARE,2020,2,-6.20030119
1,PSHARE,2020,3,-6.35494086
1,PSHARE,2020,4,-6.45170827
1,PLAND,2018,1,-0.00083298
1,PLAND,2018,2,0.02807802
1,PLAND,2018,3,0.05652788
1,PLAND,2018,4,0.0951008
1,PLAND,2019,1,0.13995947
1,PLAND,2019,2,0.19113529
1,PLAND,2019,3,0.24835286
1,PLAND,2019,4,0.30975348
1,PLAND,2020,1,0.37506721
1,PLAND,2020,2,0.44320881
1,PLAND,2020,3,0.51225545
1,PLAND,2020,4,0.58226834
1,M2CD,2018,1,0.75965346
1,M2CD,2018,2,0.70035435
1,M2CD,2018,3,0.68468565
1,M2CD,2018,4,0.60575509
1,M2CD,2019,1,0.58592746
1,M2CD,2019,2,0.57904992
1,M2CD,2019,3,0.58747781
1,M2CD,2019,4,0.62758524
1,M2CD,2020,1,0.68798535
1,M2CD,2020,2,0.75326391
1,M2CD,2020,3,0.83739909
1,M2CD,2020,4,0.90043432
1,BGVATGDPV,2018,1,-0.58997777
1,BGVATGDPV,2018,2,-0.54049546
1,BGVATGDPV,2018,3,-0.43261006
1,BGVATGDPV,2018,4,-0.39074599
1,BGVATGDPV,2019,1,-0.31276222
1,BGVATGDPV,2019,2,-0.37727137
1,BGVATGDPV,2019,3,-0.36212184
1,BGVATGDPV,2019,4,-0.3942247
1,BGVATGDPV,2020,1,-0.37015119
1,BGVATGDPV,2020,2,-0.28096172
1,BGVATGDPV,2020,3,-0.27518927
1,BGVATGDPV,2020,4,-0.31057509
1,SBGVATGDPV,2018,1,-2.228386
1,SBGVATGDPV,2018,2,-2.26850345
1,SBGVATGDPV,2018,3,-2.43303337
1,SBGVATGDPV,2018,4,-2.48617179
1,SBGVATGDPV,2019,1,-2.52094126
1,SBGVATGDPV,2019,2,-2.57610568
1,SBGVATGDPV,2019,3,-2.59712509
1,SBGVATGDPV,2019,4,-2.6872504
1,SBGVATGDPV,2020,1,-2.6889971
1,SBGVATGDPV,2020,2,-3.08917178
1,SBGVATGDPV,2020,3,-3.07058169
1,SBGVATGDPV,2020,4,-3.10102562
1,BCVATGDPV,2018,1,-0.06438585
1,BCVATGDPV,2018,2,-0.09555304
1,BCVATGDPV,2018,3,-0.15775045
1,BCVATGDPV,2018,4,-0.20953325
1,BCVATGDPV,2019,1,-0.23621607
1,BCVATGDPV,2019,2,-0.2589167
1,BCVATGDPV,2019,3,-0.3127238
1,BCVATGDPV,2019,4,-0.36918004
1,BCVATGDPV,2020,1,-0.40045223
1,BCVATGDPV,2020,2,-0.40725492
1,BCVATGDPV,2020,3,-0.47143373
1,BCVATGDPV,2020,4,-0.48720842
1,KFP,2018,1,-0.00142138
1,KFP,2018,2,-0.00449376
1,KFP,2018,3,-0.00885005
1,KFP,2018,4,-0.01590201
1,KFP,2019,1,-0.02706656
1,KFP,2019,2,-0.04364718
1,KFP,2019,3,-0.06642336
1,KFP,2019,4,-0.09222423
1,KFP,2020,1,-0.12227449
1,KFP,2020,2,-0.15251436
1,KFP,2020,3,-0.18399711
1,KFP,2020,4,-0.21643919
1,KHP,2018,1,0.00130127
1,KHP,2018,2,0.00352961
1,KHP,2018,3,0.00790139
1,KHP,2018,4,0.01498777
1,KHP,2019,1,0.02462144
1,KHP,2019,2,0.03821101
1,KHP,2019,3,0.05467898
1,KHP,2019,4,0.07404912
1,KHP,2020,1,0.09440509
1,KHP,2020,2,0.11668217
1,KHP,2020,3,0.13944723
1,KHP,2020,4,0.16367079
1,KG,2018,1,0.17794333
1,KG,2018,2,0.35491738
1,KG,2018,3,0.52900594
1,KG,2018,4,0.70127449
1,KG,2019,1,0.87210843
1,KG,2019,2,1.04170119
1,KG,2019,3,1.20908351
1,KG,2019,4,1.36945301
1,KG,2020,1,1.52920075
1,KG,2020,2,1.6732865
1,KG,2020,3,1.82417624
1,KG,2020,4,1.97626841
1,BCVATGDPV,2018,0,-0.13180565
1,BCVATGDPV,2019,0,-0.29425915
1,BCVATGDPV,2020,0,-0.44158732
1,BGVATGDPV,2018,0,-0.48845732
1,BGVATGDPV,2019,0,-0.36159503
1,BGVATGDPV,2020,0,-0.30921932
1,CG,2018,0,0.04552166
1,CG,2019,0,0.16296214
1,CG,2020,0,0.27195777
1,CGPI,2018,0,0.04197567
1,CGPI,2019,0,0.1772482
1,CGPI,2020,0,0.34420637
1,CGV,2018,0,0.05239148
1,CGV,2019,0,0.29561035
1,CGV,2020,0,0.63510317
1,CP,2018,0,0.25757393
1,CP,2019,0,0.54983664
1,CP,2020,0,0.55168699
1,CPV,2018,0,0.27945491
1,CPV,2019,0,0.77143761
1,CPV,2020,0,1.04949976
1,CUX,2018,0,2.01389785
1,CUX,2019,0,2.20588023
1,CUX,2020,0,2.35749352
1,FXS,2018,0,-0.05859504
1,FXS,2019,0,-0.2484414
1,FXS,2020,0,-0.49278484
1,GDP,2018,0,1.07946728
1,GDP,2019,0,1.10744839
1,GDP,2020,0,1.06408056
1,GDPD,2018,0,1.13066003
1,GDPD,2019,0,-0.04535327
1,GDPD,2020,0,-0.03079862
1,GDPGAP,2018,0,0.96201322
1,GDPGAP,2019,0,0.96642346
1,GDPGAP,2020,0,0.93265948
1,GDPPOT,2018,0,0.13146886
1,GDPPOT,2019,0,0.14556724
1,GDPPOT,2020,0,0.08991019
1,GDPV,2018,0,1.1733806
1,GDPV,2019,0,1.42723614
1,GDPV,2020,0,1.67405872
1,IFP,2018,0,-0.13169203
1,IFP,2019,0,-0.66061139
1,IFP,2020,0,-1.22504894
1,IFPV,2018,0,0.12520061
1,IFPV,2019,0,-0.1598796
1,IFPV,2020,0,-0.47749166
1,IG,2018,0,20.07625493
1,IG,2019,0,19.73838336
1,IG,2020,0,18.12862915
1,IGV,2018,0,20.35190436
1,IGV,2019,0,20.34244003
1,IGV,2020,0,19.08811047
1,IHP,2018,0,0.30083013
1,IHP,2019,0,1.15556212
1,IHP,2020,0,1.95264492
1,IHPV,2018,0,0.31269176
1,IHPV,2019,0,1.38592945
1,IHPV,2020,0,2.48976955
1,KFP,2018,0,-0.0076668
1,KFP,2019,0,-0.05734033
1,KFP,2020,0,-0.16880629
1,KG,2018,0,0.44078529
1,KG,2019,0,1.12308653
1,KG,2020,0,1.75073297
1,KHP,2018,0,0.00693001
1,KHP,2019,0,0.04789014
1,KHP,2020,0,0.12855132
1,LE,2018,0,0.25603093
1,LE,2019,0,0.31703581
1,LE,2020,0,0.29492017
1,LF,2018,0,0.22264885
1,LF,2019,0,0.26962263
1,LF,2020,0,0.24360516
1,LH,2018,0,0.23216211
1,LH,2019,0,0.1148533
1,LH,2020,0,0.03100624
1,M2CD,2018,0,0.68761214
1,M2CD,2019,0,0.59501011
1,M2CD,2020,0,0.79477067
1,MGS,2018,0,0.45570395
1,MGS,2019,0,1.0296992
1,MGS,2020,0,1.11617652
1,MGSV,2018,0,0.42365324
1,MGSV,2019,0,0.92482007
1,MGSV,2020,0,0.94568102
1,NIV,2018,0,1.47080099
1,NIV,2019,0,1.5878528
1,NIV,2020,0,1.55154976
1,PCP,2018,0,0.02178015
1,PCP,2019,0,0.22037416
1,PCP,2020,0,0.49509745
1,PERR,2018,0,-0.74355284
1,PERR,2019,0,-1.91207337
1,PERR,2020,0,-3.50892928
1,PGDP,2018,0,0.09288913
1,PGDP,2019,0,0.31629972
1,PGDP,2020,0,0.60356057
1,PIFP,2018,0,0.25728011
1,PIFP,2019,0,0.50420981
1,PIFP,2020,0,0.7568963
1,PIHP,2018,0,0.01178121
1,PIHP,2019,0,0.22750206
1,PIHP,2020,0,0.52669423
1,PLAND,2018,0,0.04471843
1,PLAND,2019,0,0.22230028
1,PLAND,2020,0,0.47819995
1,PMGS,2018,0,-0.03184564
1,PMGS,2019,0,-0.10379816
1,PMGS,2020,0,-0.16861506
1,PSHARE,2018,0,-1.09603763
1,PSHARE,2019,0,-4.53970945
1,PSHARE,2020,0,-6.23630794
1,PXGS,2018,0,-0.01938319
1,PXGS,2019,0,-0.05624124
1,PXGS,2020,0,-0.06866145
1,RCD,2018,0,0.12031788
1,RCD,2019,0,0.23053105
1,RCD,2020,0,0.25805533
1,RGB,2018,0,0.05646334
1,RGB,2019,0,0.10586115
1,RGB,2020,0,0.12833831
1,SBGVATGDPV,2018,0,-2.35402365
1,SBGVATGDPV,2019,0,-2.59535561
1,SBGVATGDPV,2020,0,-2.98744405
1,TAXV,2018,0,1.06060436
1,TAXV,2019,0,2.01911217
1,TAXV,2020,0,2.06415243
1,TCIV,2018,0,1.12925288
1,TCIV,2019,0,1.42396053
1,TCIV,2020,0,1.61737566
1,TYCV,2018,0,1.83117428
1,TYCV,2019,0,4.08222146
1,TYCV,2020,0,3.63143379
1,TYPV,2018,0,0.89472499
1,TYPV,2019,0,1.53923378
1,TYPV,2020,0,1.64861839
1,UCC,2018,0,-0.53129151
1,UCC,2019,0,-0.02672321
1,UCC,2020,0,-0.15864794
1,UR,2018,0,-0.03248978
1,UR,2019,0,-0.04617464
1,UR,2020,0,-0.04975648
1,WIPH,2018,0,0.570229
1,WIPH,2019,0,0.81296786
1,WIPH,2020,0,1.01815001
1,XGS,2018,0,-0.00182936
1,XGS,2019,0,-0.02333448
1,XGS,2020,0,-0.07830804
1,XGSV,2018,0,-0.02121201
1,XGSV,2019,0,-0.07956172
1,XGSV,2020,0,-0.14691592
1,YCV,2018,0,3.67900159
1,YCV,2019,0,2.9576745
1,YCV,2020,0,2.27382654
1,YDV,2018,0,0.99700696
1,YDV,2019,0,1.27642363
1,YDV,2020,0,1.35628121
1,YWV,2018,0,1.0072034
1,YWV,2019,0,1.18420136
1,YWV,2020,0,1.27707083
2,GDP,2018,1,1.00706031
2,GDP,2018,2,1.06933958
2,GDP,2018,3,1.17483834
2,GDP,2018,4,1.19788526
2,GDP,2019,1,1.23271561
2,GDP,2019,2,1.26645431
2,GDP,2019,3,1.27910336
2,GDP,2019,4,1.30379627
2,GDP,2020,1,1.33107484
2,GDP,2020,2,1.35251896
2,GDP,2020,3,1.3634211
2,GDP,2020,4,1.36797611
2,CP,2018,1,-1.02e-06
2,CP,2018,2,0.13955102
2,CP,2018,3,0.37143948
2,CP,2018,4,0.44636619
2,CP,2019,1,0.48147761
2,CP,2019,2,0.51150969
2,CP,2019,3,0.52714776
2,CP,2019,4,0.56276606
2,CP,2020,1,0.58609087
2,CP,2020,2,0.61349906
2,CP,2020,3,0.59406094
2,CP,2020,4,0.60623544
2,IFP,2018,1,0.00474185
2,IFP,2018,2,0.0329369
2,IFP,2018,3,0.09506144
2,IFP,2018,4,0.17282167
2,IFP,2019,1,0.23686919
2,IFP,2019,2,0.26826788
2,IFP,2019,3,0.27602607
2,IFP,2019,4,0.27969845
2,IFP,2020,1,0.28278729
2,IFP,2020,2,0.28704154
2,IFP,2020,3,0.29166174
2,IFP,2020,4,0.29701812
2,IHP,2018,1,0.1205657
2,IHP,2018,2,0.21144964
2,IHP,2018,3,0.39203655
2,IHP,2018,4,0.61109742
2,IHP,2019,1,0.80399511
2,IHP,2019,2,1.10548428
2,IHP,2019,3,1.33528605
2,IHP,2019,4,1.61107749
2,IHP,2020,1,1.80790227
2,IHP,2020,2,2.00775761
2,IHP,2020,3,2.20053257
2,IHP,2020,4,2.38432427
2,IG,2018,1,20.17473519
2,IG,2018,2,19.86292873
2,IG,2018,3,19.98811116
2,IG,2018,4,20.27924463
2,IG,2019,1,19.95286555
2,IG,2019,2,20.04097633
2,IG,2019,3,19.82170383
2,IG,2019,4,19.13798774
2,IG,2020,1,19.406464
2,IG,2020,2,17.23105554
2,IG,2020,3,17.96445609
2,IG,2020,4,17.91254097
2,CG,2018,1,0.0
2,CG,2018,2,0.03033887
2,CG,2018,3,0.06079665
2,CG,2018,4,0.09095111
2,CG,2019,1,0.12046479
2,CG,2019,2,0.14856967
2,CG,2019,3,0.1774677
2,CG,2019,4,0.20534641
2,CG,2020,1,0.23349706
2,CG,2020,2,0.26321364
2,CG,2020,3,0.28196703
2,CG,2020,4,0.30915335
2,XGS,2018,1,0.0
2,XGS,2018,2,-4.7e-07
2,XGS,2018,3,9.323e-05
2,XGS,2018,4,-3.44e-05
2,XGS,2019,1,-0.0004277
2,XGS,2019,2,-0.0012206
2,XGS,2019,3,-0.00260813
2,XGS,2019,4,-0.00471995
2,XGS,2020,1,-0.00758664
2,XGS,2020,2,-0.01119233
2,XGS,2020,3,-0.01545156
2,XGS,2020,4,-0.02023166
2,MGS,2018,1,0.12089437
2,MGS,2018,2,0.26113313
2,MGS,2018,3,0.56627766
2,MGS,2018,4,0.80958446
2,MGS,2019,1,0.91347783
2,MGS,2019,2,0.9796963
2,MGS,2019,3,1.0357432
2,MGS,2019,4,1.10170769
2,MGS,2020,1,1.16400137
2,MGS,2020,2,1.21197647
2,MGS,2020,3,1.24253359
2,MGS,2020,4,1.25915136
2,GDPD,2018,1,4.03335734
2,GDPD,2018,2,0.24759584
2,GDPD,2018,3,0.41449827
2,GDPD,2018,4,0.09094378
2,GDPD,2019,1,0.13831949
2,GDPD,2019,2,0.1339931
2,GDPD,2019,3,0.04996941
2,GDPD,2019,4,0.09485554
2,GDPD,2020,1,0.10817605
2,GDPD,2020,2,0.07792094
2,GDPD,2020,3,0.04530825
2,GDPD,2020,4,0.01830983
2,PGDP,2018,1,0.04447462
2,PGDP,2018,2,0.07563404
2,PGDP,2018,3,0.11421551
2,PGDP,2018,4,0.16762945
2,PGDP,2019,1,0.22736711
2,PGDP,2019,2,0.30280811
2,PGDP,2019,3,0.38603635
2,PGDP,2019,4,0.46760231
2,PGDP,2020,1,0.5482813
2,PGDP,2020,2,0.6350162
2,PGDP,2020,3,0.70596452
2,PGDP,2020,4,0.79440847
2,PCP,2018,1,2.65e-06
2,PCP,2018,2,0.00792165
2,PCP,2018,3,0.03208593
2,PCP,2018,4,0.07631391
2,PCP,2019,1,0.13802111
2,PCP,2019,2,0.20789596
2,PCP,2019,3,0.28144027
2,PCP,2019,4,0.35733492
2,PCP,2020,1,0.43512985
2,PCP,2020,2,0.51457286
2,PCP,2020,3,0.59549061
2,PCP,2020,4,0.67784033
2,PIFP,2018,1,0.16197969
2,PIFP,2018,2,0.23483856
2,PIFP,2018,3,0.31298409
2,PIFP,2018,4,0.37055995
2,PIFP,2019,1,0.44591778
2,PIFP,2019,2,0.51997936
2,PIFP,2019,3,0.59534036
2,PIFP,2019,4,0.66424401
2,PIFP,2020,1,0.74319828
2,PIFP,2020,2,0.80561352
2,PIFP,2020,3,0.88866839
2,PIFP,2020,4,0.97050309
2,PIHP,2018,1,-0.00773209
2,PIHP,2018,2,-0.00142573
2,PIHP,2018,3,0.02347215
2,PIHP,2018,4,0.06980706
2,PIHP,2019,1,0.13953667
2,PIHP,2019,2,0.21784169
2,PIHP,2019,3,0.29972644
2,PIHP,2019,4,0.38285734
2,PIHP,2020,1,0.46833844
2,PIHP,2020,2,0.55468069
2,PIHP,2020,3,0.64217088
2,PIHP,2020,4,0.73014726
2,PXGS,2018,1,-5.09e-06
2,PXGS,2018,2,0.00097286
2,PXGS,2018,3,0.006943
2,PXGS,2018,4,0.01457413
2,PXGS,2019,1,0.02545733
2,PXGS,2019,2,0.04009888
2,PXGS,2019,3,0.05842162
2,PXGS,2019,4,0.08007386
2,PXGS,2020,1,0.10457625
2,PXGS,2020,2,0.13172276
2,PXGS,2020,3,0.16156046
2,PXGS,2020,4,0.19343571
2,PMGS,2018,1,-0.00116224
2,PMGS,2018,2,-6.846e-05
2,PMGS,2018,3,-0.00554097
2,PMGS,2018,4,-0.01017285
2,PMGS,2019,1,-0.00042801
2,PMGS,2019,2,0.00034155
2,PMGS,2019,3,0.00742108
2,PMGS,2019,4,0.01058826
2,PMGS,2020,1,0.01317842
2,PMGS,2020,2,0.02970191
2,PMGS,2020,3,0.03031482
2,PMGS,2020,4,0.03220522
2,CGPI,2018,1,-0.00023558
2,CGPI,2018,2,0.0463706
2,CGPI,2018,3,0.06551852
2,CGPI,2018,4,0.10075539
2,CGPI,2019,1,0.14515851
2,CGPI,2019,2,0.19393545
2,CGPI,2019,3,0.24473299
2,CGPI,2019,4,0.29567996
2,CGPI,2020,1,0.34728053
2,CGPI,2020,2,0.40386161
2,CGPI,2020,3,0.45813734
2,CGPI,2020,4,0.51170466
2,GDPV,2018,1,1.05198282
2,GDPV,2018,2,1.14578241
2,GDPV,2018,3,1.2903957
2,GDPV,2018,4,1.36752272
2,GDPV,2019,1,1.46288551
2,GDPV,2019,2,1.57309734
2,GDPV,2019,3,1.67007751
2,GDPV,2019,4,1.77749517
2,GDPV,2020,1,1.88665418
2,GDPV,2020,2,1.99612388
2,GDPV,2020,3,2.07901088
2,GDPV,2020,4,2.1732519
2,CPV,2018,1,1.63e-06
2,CPV,2018,2,0.14748372
2,CPV,2018,3,0.4036446
2,CPV,2018,4,0.52302075
2,CPV,2019,1,0.62016327
2,CPV,2019,2,0.72046906
2,CPV,2019,3,0.81007164
2,CPV,2019,4,0.92211194
2,CPV,2020,1,1.02377098
2,CPV,2020,2,1.13122881
2,CPV,2020,3,1.19308913
2,CPV,2020,4,1.28818507
2,IFPV,2018,1,0.16672922
2,IFPV,2018,2,0.26785281
2,IFPV,2018,3,0.40834306
2,IFPV,2018,4,0.54402203
2,IFPV,2019,1,0.68384321
2,IFPV,2019,2,0.78964217
2,IFPV,2019,3,0.87300972
2,IFPV,2019,4,0.94580034
2,IFPV,2020,1,1.02808724
2,IFPV,2020,2,1.09496751
2,IFPV,2020,3,1.18292203
2,IFPV,2020,4,1.27040378
2,IHPV,2018,1,0.11282429
2,IHPV,2018,2,0.2100209
2,IHPV,2018,3,0.41560072
2,IHPV,2018,4,0.68133106
2,IHPV,2019,1,0.94465365
2,IHPV,2019,2,1.32573418
2,IHPV,2019,3,1.6390147
2,IHPV,2019,4,2.00010296
2,IHPV,2020,1,2.28470781
2,IHPV,2020,2,2.57357495
2,IHPV,2020,3,2.85683464
2,IHPV,2020,4,3.1318806
2,IGV,2018,1,20.34458021
2,IGV,2018,2,20.11066401
2,IGV,2018,3,20.3258003
2,IGV,2018,4,20.69288265
2,IGV,2019,1,20.46727068
2,IGV,2019,2,20.65999338
2,IGV,2019,3,20.5466849
2,IGV,2019,4,19.9592833
2,IGV,2020,1,20.34185641
2,IGV,2020,2,18.2428703
2,IGV,2020,3,19.09873653
2,IGV,2020,4,19.16136649
2,CGV,2018,1,-0.0
2,CGV,2018,2,0.03167222
2,CGV,2018,3,0.07022072
2,CGV,2018,4,0.12106549
2,CGV,2019,1,0.18713253
2,CGV,2019,2,0.26565254
2,CGV,2019,3,0.35241335
2,CGV,2019,4,0.44304906
2,CGV,2020,1,0.53688162
2,CGV,2020,2,0.6345096
2,CGV,2020,3,0.72302626
2,CGV,2020,4,0.82150593
2,XGSV,2018,1,-5.09e-06
2,XGSV,2018,2,0.00097239
2,XGSV,2018,3,0.00703623
2,XGSV,2018,4,0.01453973
2,XGSV,2019,1,0.02502952
2,XGSV,2019,2,0.03887779
2,XGSV,2019,3,0.05581196
2,XGSV,2019,4,0.07535013
2,XGSV,2020,1,0.09698168
2,XGSV,2020,2,0.12051569
2,XGSV,2020,3,0.14608394
2,XGSV,2020,4,0.17316492
2,MGSV,2018,1,0.11973073
2,MGSV,2018,2,0.2610645
2,MGSV,2018,3,0.56070531
2,MGSV,2018,4,0.79932925
2,MGSV,2019,1,0.91304591
2,MGSV,2019,2,0.98004119
2,MGSV,2019,3,1.04324114
2,MGSV,2019,4,1.11241261
2,MGSV,2020,1,1.17733318
2,MGSV,2020,2,1.24203836
2,MGSV,2020,3,1.27322507
2,MGSV,2020,4,1.29176209
2,NIV,2018,1,1.43843049
2,NIV,2018,2,1.44399393
2,NIV,2018,3,1.59034861
2,NIV,2018,4,1.65540291
2,NIV,2019,1,1.79565163
2,NIV,2019,2,1.85116386
2,NIV,2019,3,1.95174762
2,NIV,2019,4,2.04267649
2,NIV,2020,1,2.08660784
2,NIV,2020,2,2.21206217
2,NIV,2020,3,2.32932788
2,NIV,2020,4,2.34042445
2,YWV,2018,1,0.83643079
2,YWV,2018,2,0.97689707
2,YWV,2018,3,1.07128488
2,YWV,2018,4,1.24204828
2,YWV,2019,1,1.23911378
2,YWV,2019,2,1.34462107
2,YWV,2019,3,1.42801851
2,YWV,2019,4,1.56756046
2,YWV,2020,1,1.62357271
2,YWV,2020,2,1.74372062
2,YWV,2020,3,1.84946039
2,YWV,2020,4,1.91917055
2,YCV,2018,1,5.25952372
2,YCV,2018,2,3.63365813
2,YCV,2018,3,4.11436346
2,YCV,2018,4,4.01614235
2,YCV,2019,1,4.99700148
2,YCV,2019,2,4.31426579
2,YCV,2019,3,4.7144055
2,YCV,2019,4,5.10065527
2,YCV,2020,1,4.83895063
2,YCV,2020,2,8.28374474
2,YCV,2020,3,6.69434921
2,YCV,2020,4,4.92946679
2,YDV,2018,1,0.65642012
2,YDV,2018,2,0.97339267
2,YDV,2018,3,0.98397651
2,YDV,2018,4,1.17642954
2,YDV,2019,1,1.12124097
2,YDV,2019,2,1.30989002
2,YDV,2019,3,1.31461915
2,YDV,2019,4,1.48823366
2,YDV,2020,1,1.48977558
2,YDV,2020,2,1.48259074
2,YDV,2020,3,1.6405151
2,YDV,2020,4,1.83019688
2,TAXV,2018,1,0.48190284
2,TAXV,2018,2,0.80430234
2,TAXV,2018,3,1.41711917
2,TAXV,2018,4,1.70815192
2,TAXV,2019,1,2.26529712
2,TAXV,2019,2,2.18144497
2,TAXV,2019,3,2.47659461
2,TAXV,2019,4,2.47782529
2,TAXV,2020,1,2.81818801
2,TAXV,2020,2,2.67448855
2,TAXV,2020,3,3.0461752
2,TAXV,2020,4,3.11116649
2,TYPV,2018,1,0.76181476
2,TYPV,2018,2,0.46194532
2,TYPV,2018,3,1.28616552
2,TYPV,2018,4,1.03695188
2,TYPV,2019,1,1.71410671
2,TYPV,2019,2,1.2951392
2,TYPV,2019,3,1.87890946
2,TYPV,2019,4,1.46806684
2,TYPV,2020,1,2.05469524
2,TYPV,2020,2,1.58672259
2,TYPV,2020,3,2.21218065
2,TYPV,2020,4,1.79370008
2,TYCV,2018,1,0.15688344
2,TYCV,2018,2,1.47523803
2,TYCV,2018,3,2.55003591
2,TYCV,2018,4,3.70286253
2,TYCV,2019,1,4.92158191
2,TYCV,2019,2,4.94439191
2,TYCV,2019,3,5.23035607
2,TYCV,2019,4,5.46284081
2,TYCV,2020,1,5.7884784
2,TYCV,2020,2,5.79598875
2,TYCV,2020,3,6.45521392
2,TYCV,2020,4,7.02262763
2,TCIV,2018,1,0.96916473
2,TCIV,2018,2,1.07935553
2,TCIV,2018,3,1.24668531
2,TCIV,2018,4,1.34810876
2,TCIV,2019,1,1.44338655
2,TCIV,2019,2,1.54455901
2,TCIV,2019,3,1.62807137
2,TCIV,2019,4,1.71384455
2,TCIV,2020,1,1.80538994
2,TCIV,2020,2,1.86859083
2,TCIV,2020,3,1.96419351
2,TCIV,2020,4,2.09099326
2,WIPH,2018,1,0.43157836
2,WIPH,2018,2,0.5411252
2,WIPH,2018,3,0.610373
2,WIPH,2018,4,0.75753577
2,WIPH,2019,1,0.79184387
2,WIPH,2019,2,0.8905266
2,WIPH,2019,3,0.99619247
2,WIPH,2019,4,1.13830792
2,WIPH,2020,1,1.21316922
2,WIPH,2020,2,1.3554643
2,WIPH,2020,3,1.44754278
2,WIPH,2020,4,1.53309755
2,LE,2018,1,0.18310943
2,LE,2018,2,0.23627078
2,LE,2018,3,0.28175142
2,LE,2018,4,0.33774517
2,LE,2019,1,0.33657909
2,LE,2019,2,0.35790787
2,LE,2019,3,0.37214877
2,LE,2019,4,0.40372305
2,LE,2020,1,0.4039896
2,LE,2020,2,0.43538867
2,LE,2020,3,0.43525587
2,LE,2020,4,0.425727
2,LF,2018,1,0.16230851
2,LF,2018,2,0.20437513
2,LF,2018,3,0.24188127
2,LF,2018,4,0.29323115
2,LF,2019,1,0.2887676
2,LF,2019,2,0.30660067
2,LF,2019,3,0.31928384
2,LF,2019,4,0.34906916
2,LF,2020,1,0.34798956
2,LF,2020,2,0.37747954
2,LF,2020,3,0.3769137
2,LF,2020,4,0.36685892
2,LH,2018,1,0.26666968
2,LH,2018,2,0.24550817
2,LH,2018,3,0.23277835
2,LH,2018,4,0.21175846
2,LH,2019,1,0.17711055
2,LH,2019,2,0.15843839
2,LH,2019,3,0.13142417
2,LH,2019,4,0.10787728
2,LH,2020,1,0.09244652
2,LH,2020,2,0.03738629
2,LH,2020,3,0.05721704
2,LH,2020,4,0.06509676
2,UR,2018,1,-0.02020608
2,UR,2018,2,-0.03103402
2,UR,2018,3,-0.0388465
2,UR,2018,4,-0.04332486
2,UR,2019,1,-0.04648377
2,UR,2019,2,-0.04988792
2,UR,2019,3,-0.0515728
2,UR,2019,4,-0.05321107
2,UR,2020,1,-0.05439478
2,UR,2020,2,-0.05605698
2,UR,2020,3,-0.05650066
2,UR,2020,4,-0.05686925
2,CUX,2018,1,1.88346834
2,CUX,2018,2,1.99379592
2,CUX,2018,3,2.21245984
2,CUX,2018,4,2.21549944
2,CUX,2019,1,2.35334169
2,CUX,2019,2,2.42834716
2,CUX,2019,3,2.47211185
2,CUX,2019,4,2.5150194
2,CUX,2020,1,2.60040098
2,CUX,2020,2,2.68395602
2,CUX,2020,3,2.6749481
2,CUX,2020,4,2.68223855
2,GDPPOT,2018,1,0.09693794
2,GDPPOT,2018,2,0.12211146
2,GDPPOT,2018,3,0.14491552
2,GDPPOT,2018,4,0.17671936
2,GDPPOT,2019,1,0.17617327
2,GDPPOT,2019,2,0.1896707
2,GDPPOT,2019,3,0.20039469
2,GDPPOT,2019,4,0.22138347
2,GDPPOT,2020,1,0.22367414
2,GDPPOT,2020,2,0.24422746
2,GDPPOT,2020,3,0.24660773
2,GDPPOT,2020,4,0.24329183
2,GDPGAP,2018,1,0.92907775
2,GDPGAP,2018,2,0.96666405
2,GDPGAP,2018,3,1.04135604
2,GDPGAP,2018,4,1.02855156
2,GDPGAP,2019,1,1.06781963
2,GDPGAP,2019,2,1.09197725
2,GDPGAP,2019,3,1.0917283
2,GDPGAP,2019,4,1.06036552
2,GDPGAP,2020,1,1.09056849
2,GDPGAP,2020,2,1.01017353
2,GDPGAP,2020,3,1.06881917
2,GDPGAP,2020,4,1.09101549
2,RCD,2018,1,0.0
2,RCD,2018,2,0.0
2,RCD,2018,3,0.0
2,RCD,2018,4,0.0
2,RCD,2019,1,0.0
2,RCD,2019,2,0.0
2,RCD,2019,3,0.0
2,RCD,2019,4,0.0
2,RCD,2020,1,0.0
2,RCD,2020,2,0.0
2,RCD,2020,3,0.0
2,RCD,2020,4,0.0
2,RGB,2018,1,0.0
2,RGB,2018,2,5e-08
2,RGB,2018,3,0.00014374
2,RGB,2018,4,0.00041913
2,RGB,2019,1,0.00073884
2,RGB,2019,2,0.00099194
2,RGB,2019,3,0.00106935
2,RGB,2019,4,0.00107657
2,RGB,2020,1,0.00106553
2,RGB,2020,2,0.00104838
2,RGB,2020,3,0.00102796
2,RGB,2020,4,0.00100561
2,PERR,2018,1,-0.21625352
2,PERR,2018,2,-0.40302601
2,PERR,2018,3,-0.58508798
2,PERR,2018,4,-0.80656656
2,PERR,2019,1,-0.82167866
2,PERR,2019,2,-0.88236954
2,PERR,2019,3,-0.96247654
2,PERR,2019,4,-1.08983292
2,PERR,2020,1,-1.10213214
2,PERR,2020,2,-1.50014627
2,PERR,2020,3,-2.10795826
2,PERR,2020,4,-2.19762179
2,UCC,2018,1,-0.36222368
2,UCC,2018,2,-1.12467114
2,UCC,2018,3,-1.54846244
2,UCC,2018,4,-1.9562441
2,UCC,2019,1,-1.97180991
2,UCC,2019,2,-1.61483708
2,UCC,2019,3,-1.62152936
2,UCC,2019,4,-1.6789732
2,UCC,2020,1,-1.79617694
2,UCC,2020,2,-1.7380849
2,UCC,2020,3,-1.81320168
2,UCC,2020,4,-2.02432056
2,FXS,2018,1,-1.274e-05
2,FXS,2018,2,0.00250048
2,FXS,2018,3,0.00481786
2,FXS,2018,4,0.00819004
2,FXS,2019,1,0.01273642
2,FXS,2019,2,0.01839908
2,FXS,2019,3,0.02517652
2,FXS,2019,4,0.03301108
2,FXS,2020,1,0.04195719
2,FXS,2020,2,0.05223161
2,FXS,2020,3,0.0635626
2,FXS,2020,4,0.07591873
2,PSHARE,2018,1,0.19519616
2,PSHARE,2018,2,0.21268778
2,PSHARE,2018,3,0.23975076
2,PSHARE,2018,4,0.25457142
2,PSHARE,2019,1,0.27290191
2,PSHARE,2019,2,0.29420227
2,PSHARE,2019,3,0.31330597
2,PSHARE,2019,4,0.33455929
2,PSHARE,2020,1,0.35635983
2,PSHARE,2020,2,0.3784601
2,PSHARE,2020,3,0.39593663
2,PSHARE,2020,4,0.41573568
2,PLAND,2018,1,-1.534e-05
2,PLAND,2018,2,0.02774637
2,PLAND,2018,3,0.05209086
2,PLAND,2018,4,0.0819688
2,PLAND,2019,1,0.11236405
2,PLAND,2019,2,0.14383014
2,PLAND,2019,3,0.17683521
2,PLAND,2019,4,0.21104644
2,PLAND,2020,1,0.24688093
2,PLAND,2020,2,0.28449572
2,PLAND,2020,3,0.32314412
2,PLAND,2020,4,0.36274328
2,M2CD,2018,1,1.00734778
2,M2CD,2018,2,1.08368424
2,M2CD,2018,3,1.22687354
2,M2CD,2018,4,1.31408317
2,M2CD,2019,1,1.43352595
2,M2CD,2019,2,1.55762099
2,M2CD,2019,3,1.6636463
2,M2CD,2019,4,1.78346554
2,M2CD,2020,1,1.90734693
2,M2CD,2020,2,2.02649884
2,M2CD,2020,3,2.13599664
2,M2CD,2020,4,2.2401032
2,BGVATGDPV,2018,1,-0.5885092
2,BGVATGDPV,2018,2,-0.53497138
2,BGVATGDPV,2018,3,-0.42045262
2,BGVATGDPV,2018,4,-0.36620714
2,BGVATGDPV,2019,1,-0.26965493
2,BGVATGDPV,2019,2,-0.31463335
2,BGVATGDPV,2019,3,-0.2734242
2,BGVATGDPV,2019,4,-0.27579634
2,BGVATGDPV,2020,1,-0.2203323
2,BGVATGDPV,2020,2,-0.07673375
2,BGVATGDPV,2020,3,-0.03621317
2,BGVATGDPV,2020,4,-0.03518527
2,SBGVATGDPV,2018,1,-2.25199071
2,SBGVATGDPV,2018,2,-2.32472476
2,SBGVATGDPV,2018,3,-2.54385452
2,SBGVATGDPV,2018,4,-2.6822055
2,SBGVATGDPV,2019,1,-2.82631677
2,SBGVATGDPV,2019,2,-2.99882897
2,SBGVATGDPV,2019,3,-3.16122005
2,SBGVATGDPV,2019,4,-3.38486459
2,SBGVATGDPV,2020,1,-3.52941194
2,SBGVATGDPV,2020,2,-4.15827434
2,SBGVATGDPV,2020,3,-4.21314559
2,SBGVATGDPV,2020,4,-4.37805239
2,BCVATGDPV,2018,1,-0.06443169
2,BCVATGDPV,2018,2,-0.09212684
2,BCVATGDPV,2018,3,-0.14554059
2,BCVATGDPV,2018,4,-0.18844346
2,BCVATGDPV,2019,1,-0.20834472
2,BCVATGDPV,2019,2,-0.21862561
2,BCVATGDPV,2019,3,-0.23291548
2,BCVATGDPV,2019,4,-0.25508346
2,BCVATGDPV,2020,1,-0.26170571
2,BCVATGDPV,2020,2,-0.23183054
2,BCVATGDPV,2020,3,-0.26413167
2,BCVATGDPV,2020,4,-0.28779008
2,KFP,2018,1,0.00014826
2,KFP,2018,2,0.00118136
2,KFP,2018,3,0.00405345
2,KFP,2018,4,0.00930479
2,KFP,2019,1,0.01638594
2,KFP,2019,2,0.02421075
2,KFP,2019,3,0.03218433
2,KFP,2019,4,0.03946123
2,KFP,2020,1,0.04679382
2,KFP,2020,2,0.05353215
2,KFP,2020,3,0.06018607
2,KFP,2020,4,0.06688398
2,KHP,2018,1,0.0015413
2,KHP,2018,2,0.0041459
2,KHP,2018,3,0.00898191
2,KHP,2018,4,0.0166209
2,KHP,2019,1,0.02687156
2,KHP,2019,2,0.04110991
2,KHP,2019,3,0.05833642
2,KHP,2019,4,0.07861593
2,KHP,2020,1,0.10011246
2,KHP,2020,2,0.12383497
2,KHP,2020,3,0.14848623
2,KHP,2020,4,0.17504496
2,KG,2018,1,0.17794333
2,KG,2018,2,0.35491738
2,KG,2018,3,0.52900594
2,KG,2018,4,0.70127449
2,KG,2019,1,0.87210843
2,KG,2019,2,1.04170119
2,KG,2019,3,1.20908351
2,KG,2019,4,1.36945301
2,KG,2020,1,1.52920075
2,KG,2020,2,1.6732865
2,KG,2020,3,1.82417624
2,KG,2020,4,1.97626841
2,BCVATGDPV,2018,0,-0.12263564
2,BCVATGDPV,2019,0,-0.22874232
2,BCVATGDPV,2020,0,-0.2613645
2,BGVATGDPV,2018,0,-0.47753508
2,BGVATGDPV,2019,0,-0.28337721
2,BGVATGDPV,2020,0,-0.09211612
2,CG,2018,0,0.04552166
2,CG,2019,0,0.16296214
2,CG,2020,0,0.27195777
2,CGPI,2018,0,0.05310223
2,CGPI,2019,0,0.21987673
2,CGPI,2020,0,0.43024604
2,CGV,2018,0,0.05573961
2,CGV,2019,0,0.31206187
2,CGV,2020,0,0.67898085
2,CP,2018,0,0.23933892
2,CP,2019,0,0.52072528
2,CP,2020,0,0.59997158
2,CPV,2018,0,0.26853767
2,CPV,2019,0,0.76820398
2,CPV,2020,0,1.1590685
2,CUX,2018,0,2.07630589
2,CUX,2019,0,2.44220502
2,CUX,2020,0,2.66038591
2,FXS,2018,0,0.00387391
2,FXS,2019,0,0.02233077
2,FXS,2020,0,0.05841753
2,GDP,2018,0,1.11228087
2,GDP,2019,0,1.27051739
2,GDP,2020,0,1.35374775
2,GDPD,2018,0,1.19659881
2,GDPD,2019,0,0.10428439
2,GDPD,2020,0,0.06242877
2,GDPGAP,2018,0,0.99141235
2,GDPGAP,2019,0,1.07797267
2,GDPGAP,2020,0,1.06514417
2,GDPPOT,2018,0,0.13517107
2,GDPPOT,2019,0,0.19690553
2,GDPPOT,2020,0,0.23945029
2,GDPV,2018,0,1.21392091
2,GDPV,2019,0,1.62088888
2,GDPV,2020,0,2.03376021
2,IFP,2018,0,0.07639047
2,IFP,2019,0,0.2652154
2,IFP,2020,0,0.28962717
2,IFPV,2018,0,0.34673678
2,IFPV,2019,0,0.82307386
2,IFPV,2020,0,1.14409514
2,IG,2018,0,20.07625493
2,IG,2019,0,19.73838336
2,IG,2020,0,18.12862915
2,IGV,2018,0,20.36848179
2,IGV,2019,0,20.40830806
2,IGV,2020,0,19.21120743
2,IHP,2018,0,0.33378733
2,IHP,2019,0,1.21396073
2,IHP,2020,0,2.10012918
2,IHPV,2018,0,0.35494424
2,IHPV,2019,0,1.47737637
2,IHPV,2020,0,2.7117495
2,KFP,2018,0,0.00367197
2,KFP,2019,0,0.02806056
2,KFP,2020,0,0.056849
2,KG,2018,0,0.44078529
2,KG,2019,0,1.12308653
2,KG,2020,0,1.75073297
2,KHP,2018,0,0.0078225
2,KHP,2019,0,0.05123346
2,KHP,2020,0,0.13686965
2,LE,2018,0,0.2597192
2,LE,2019,0,0.3675897
2,LE,2020,0,0.42509029
2,LF,2018,0,0.22544902
2,LF,2019,0,0.31593032
2,LF,2020,0,0.36731043
2,LH,2018,0,0.23917867
2,LH,2019,0,0.1437126
2,LH,2020,0,0.06303665
2,M2CD,2018,0,1.15799718
2,M2CD,2019,0,1.60956469
2,M2CD,2020,0,2.0774864
2,MGS,2018,0,0.43947241
2,MGS,2019,0,1.00765625
2,MGS,2020,0,1.21941569
2,MGSV,2018,0,0.43520745
2,MGSV,2019,0,1.01218521
2,MGSV,2020,0,1.24608968
2,NIV,2018,0,1.53204398
2,NIV,2019,0,1.9103099
2,NIV,2020,0,2.24210558
2,PCP,2018,0,0.02908103
2,PCP,2019,0,0.24617307
2,PCP,2020,0,0.55575841
2,PERR,2018,0,-0.50273352
2,PERR,2019,0,-0.93908942
2,PERR,2020,0,-1.72696462
2,PGDP,2018,0,0.10048841
2,PGDP,2019,0,0.34595347
2,PGDP,2020,0,0.67091762
2,PIFP,2018,0,0.27009057
2,PIFP,2019,0,0.55637038
2,PIFP,2020,0,0.85199582
2,PIHP,2018,0,0.02103035
2,PIHP,2019,0,0.25999054
2,PIHP,2020,0,0.59883432
2,PLAND,2018,0,0.04044767
2,PLAND,2019,0,0.16101896
2,PLAND,2020,0,0.30431601
2,PMGS,2018,0,-0.00423613
2,PMGS,2019,0,0.00448072
2,PMGS,2020,0,0.02635009
2,PSHARE,2018,0,0.22555153
2,PSHARE,2019,0,0.30374236
2,PSHARE,2020,0,0.38662306
2,PXGS,2018,0,0.00562123
2,PXGS,2019,0,0.05101293
2,PXGS,2020,0,0.1478238
2,RCD,2018,0,0.0
2,RCD,2019,0,0.0
2,RCD,2020,0,0.0
2,RGB,2018,0,0.00014073
2,RGB,2019,0,0.00096917
2,RGB,2020,0,0.00103687
2,SBGVATGDPV,2018,0,-2.45069387
2,SBGVATGDPV,2019,0,-3.09280759
2,SBGVATGDPV,2020,0,-4.06972107
2,TAXV,2018,0,1.10286907
2,TAXV,2019,0,2.3502905
2,TAXV,2020,0,2.91250456
2,TCIV,2018,0,1.16082858
2,TCIV,2019,0,1.58246537
2,TCIV,2020,0,1.93229189
2,TYCV,2018,0,1.97125498
2,TYCV,2019,0,5.13979267
2,TYCV,2020,0,6.26557718
2,TYPV,2018,0,0.88671937
2,TYPV,2019,0,1.58905555
2,TYPV,2020,0,1.91182464
2,UCC,2018,0,-1.24790034
2,UCC,2019,0,-1.72178739
2,UCC,2020,0,-1.84294602
2,UR,2018,0,-0.03335287
2,UR,2019,0,-0.05028889
2,UR,2020,0,-0.05595542
2,WIPH,2018,0,0.58515308
2,WIPH,2019,0,0.95421771
2,WIPH,2020,0,1.38731846
2,XGS,2018,0,1.459e-05
2,XGS,2019,0,-0.0022441
2,XGS,2020,0,-0.01361555
2,XGSV,2018,0,0.00563582
2,XGSV,2019,0,0.04876735
2,XGSV,2020,0,0.13418656
2,YCV,2018,0,4.25592191
2,YCV,2019,0,4.78158201
2,YCV,2020,0,6.18662784
2,YDV,2018,0,0.94755471
2,YDV,2019,0,1.30849595
2,YDV,2020,0,1.61076958
2,YWV,2018,0,1.03166525
2,YWV,2019,0,1.39482845
2,YWV,2020,0,1.78398107
3,GDP,2018,1,0.98206419
3,GDP,2018,2,1.02000233
3,GDP,2018,3,1.09601039
3,GDP,2018,4,1.08116634
3,GDP,2019,1,1.0787807
3,GDP,2019,2,1.06595104
3,GDP,2019,3,1.0285233
3,GDP,2019,4,1.01149252
3,GDP,2020,1,0.99493733
3,GDP,2020,2,0.99006561
3,GDP,2020,3,0.98294279
3,GDP,2020,4,0.9619949
3,CP,2018,1,0.00251423
3,CP,2018,2,0.1480723
3,CP,2018,3,0.38890413
3,CP,2018,4,0.4650693
3,CP,2019,1,0.49868929
3,CP,2019,2,0.52569018
3,CP,2019,3,0.53208673
3,CP,2019,4,0.54634127
3,CP,2020,1,0.53854384
3,CP,2020,2,0.53686873
3,CP,2020,3,0.4982356
3,CP,2020,4,0.48473827
3,IFP,2018,1,-0.04468518
3,IFP,2018,2,-0.09667828
3,IFP,2018,3,-0.14277128
3,IFP,2018,4,-0.22847555
3,IFP,2019,1,-0.363426
3,IFP,2019,2,-0.54328521
3,IFP,2019,3,-0.73719232
3,IFP,2019,4,-0.90905305
3,IFP,2020,1,-1.04526489
3,IFP,2020,2,-1.14784654
3,IFP,2020,3,-1.21820406
3,IFP,2020,4,-1.26173161
3,IHP,2018,1,0.10005479
3,IHP,2018,2,0.17652147
3,IHP,2018,3,0.3450832
3,IHP,2018,4,0.55007681
3,IHP,2019,1,0.73068776
3,IHP,2019,2,1.01838061
3,IHP,2019,3,1.22766449
3,IHP,2019,4,1.475941
3,IHP,2020,1,1.6353314
3,IHP,2020,2,1.79677965
3,IHP,2020,3,1.92880599
3,IHP,2020,4,2.05854908
3,IG,2018,1,19.83010098
3,IG,2018,2,19.27229467
3,IG,2018,3,19.2294892
3,IG,2018,4,19.35358974
3,IG,2019,1,19.06454675
3,IG,2019,2,19.00724772
3,IG,2019,3,18.65862063
3,IG,2019,4,17.83998399
3,IG,2020,1,18.0284304
3,IG,2020,2,16.07786405
3,IG,2020,3,16.59270506
3,IG,2020,4,16.38791598
3,CG,2018,1,0.0
3,CG,2018,2,0.0298206
3,CG,2018,3,0.05937105
3,CG,2018,4,0.08837643
3,CG,2019,1,0.11652785
3,CG,2019,2,0.1433571
3,CG,2019,3,0.17074296
3,CG,2019,4,0.19694164
3,CG,2020,1,0.22315513
3,CG,2020,2,0.2507651
3,CG,2020,3,0.2681085
3,CG,2020,4,0.29319135
3,XGS,2018,1,0.0
3,XGS,2018,2,-0.00055244
3,XGS,2018,3,-0.00187208
3,XGS,2018,4,-0.00473254
3,XGS,2019,1,-0.00957124
3,XGS,2019,2,-0.01669002
3,XGS,2019,3,-0.02624312
3,XGS,2019,4,-0.03808042
3,XGS,2020,1,-0.0518322
3,XGS,2020,2,-0.06697184
3,XGS,2020,3,-0.08303639
3,XGS,2020,4,-0.09959041
3,MGS,2018,1,0.11985005
3,MGS,2018,2,0.26247371
3,MGS,2018,3,0.57407147
3,MGS,2018,4,0.81896318
3,MGS,2019,1,0.91694526
3,MGS,2019,2,0.97075349
3,MGS,2019,3,1.00951337
3,MGS,2019,4,1.04456525
3,MGS,2020,1,1.05905944
3,MGS,2020,2,1.05598062
3,MGS,2020,3,1.04430357
3,MGS,2020,4,1.0207039
3,GDPD,2018,1,3.93324584
3,GDPD,2018,2,0.15086325
3,GDPD,2018,3,0.29877692
3,GDPD,2018,4,-0.05862068
3,GDPD,2019,1,-0.00948488
3,GDPD,2019,2,-0.05103053
3,GDPD,2019,3,-0.14814966
3,GDPD,2019,4,-0.06558444
3,GDPD,2020,1,-0.06584134
3,GDPD,2020,2,-0.01776116
3,GDPD,2020,3,-0.02970802
3,GDPD,2020,4,-0.08452157
3,PGDP,2018,1,0.04138866
3,PGDP,2018,2,0.06835368
3,PGDP,2018,3,0.10191732
3,PGDP,2018,4,0.14878638
3,PGDP,2019,1,0.20095118
3,PGDP,2019,2,0.26765348
3,PGDP,2019,3,0.33967979
3,PGDP,2019,4,0.40854815
3,PGDP,2020,1,0.4757373
3,PGDP,2020,2,0.55074346
3,PGDP,2020,3,0.60308237
3,PGDP,2020,4,0.67064924
3,PCP,2018,1,-0.00258955
3,PCP,2018,2,0.00235176
3,PCP,2018,3,0.02304025
3,PCP,2018,4,0.06256612
3,PCP,2019,1,0.11825447
3,PCP,2019,2,0.18051935
3,PCP,2019,3,0.24494987
3,PCP,2019,4,0.31003451
3,PCP,2020,1,0.37548265
3,PCP,2020,2,0.44101594
3,PCP,2020,3,0.50684392
3,PCP,2020,4,0.57327673
3,PIFP,2018,1,0.1552457
3,PIFP,2018,2,0.22099366
3,PIFP,2018,3,0.28830028
3,PIFP,2018,4,0.33404494
3,PIFP,2019,1,0.39587685
3,PIFP,2019,2,0.45402039
3,PIFP,2019,3,0.51323193
3,PIFP,2019,4,0.56710842
3,PIFP,2020,1,0.62885995
3,PIFP,2020,2,0.67915859
3,PIFP,2020,3,0.74745528
3,PIFP,2020,4,0.81205741
3,PIHP,2018,1,-0.0104006
3,PIHP,2018,2,-0.00787348
3,PIHP,2018,3,0.01214367
3,PIHP,2018,4,0.05277679
3,PIHP,2019,1,0.11526781
3,PIHP,2019,2,0.18423339
3,PIHP,2019,3,0.25601082
3,PIHP,2019,4,0.32709067
3,PIHP,2020,1,0.39830983
3,PIHP,2020,2,0.46985145
3,PIHP,2020,3,0.54077197
3,PIHP,2020,4,0.61024196
3,PXGS,2018,1,-0.00598622
3,PXGS,2018,2,-0.0142985
3,PXGS,2018,3,-0.02241008
3,PXGS,2018,4,-0.03274821
3,PXGS,2019,1,-0.04282768
3,PXGS,2019,2,-0.05169727
3,PXGS,2019,3,-0.05844661
3,PXGS,2019,4,-0.06313824
3,PXGS,2020,1,-0.06565489
3,PXGS,2020,2,-0.06637383
3,PXGS,2020,3,-0.06481416
3,PXGS,2020,4,-0.06211516
3,PMGS,2018,1,-0.00768805
3,PMGS,2018,2,-0.01672287
3,PMGS,2018,3,-0.03807165
3,PMGS,2018,4,-0.06159124
3,PMGS,2019,1,-0.06942704
3,PMGS,2019,2,-0.09525591
3,PMGS,2019,3,-0.1081716
3,PMGS,2019,4,-0.12726402
3,PMGS,2020,1,-0.15012673
3,PMGS,2020,2,-0.14402547
3,PMGS,2020,3,-0.16558788
3,PMGS,2020,4,-0.18512537
3,CGPI,2018,1,-0.0037115
3,CGPI,2018,2,0.03823468
3,CGPI,2018,3,0.0511024
3,CGPI,2018,4,0.07807746
3,CGPI,2019,1,0.11390068
3,CGPI,2019,2,0.15104502
3,CGPI,2019,3,0.19033096
3,CGPI,2019,4,0.22843788
3,CGPI,2020,1,0.26584853
3,CGPI,2020,2,0.30992737
3,CGPI,2020,3,0.3493466
3,CGPI,2020,4,0.38820579
3,GDPV,2018,1,1.02385931
3,GDPV,2018,2,1.08905322
3,GDPV,2018,3,1.19904474
3,GDPV,2018,4,1.23156134
3,GDPV,2019,1,1.2818997
3,GDPV,2019,2,1.33645758
3,GDPV,2019,3,1.37169678
3,GDPV,2019,4,1.4241731
3,GDPV,2020,1,1.47540792
3,GDPV,2020,2,1.54626179
3,GDPV,2020,3,1.59195311
3,GDPV,2020,4,1.63909574
3,CPV,2018,1,-7.538e-05
3,CPV,2018,2,0.15042754
3,CPV,2018,3,0.41203398
3,CPV,2018,4,0.52792639
3,CPV,2019,1,0.61753349
3,CPV,2019,2,0.7071585
3,CPV,2019,3,0.77833995
3,CPV,2019,4,0.85806963
3,CPV,2020,1,0.91604864
3,CPV,2020,2,0.98025234
3,CPV,2020,3,1.00760479
3,CPV,2020,4,1.06079389
3,IFPV,2018,1,0.11049115
3,IFPV,2018,2,0.12410173
3,IFPV,2018,3,0.14511739
3,IFPV,2018,4,0.10480618
3,IFPV,2019,1,0.03101213
3,IFPV,2019,2,-0.09173144
3,IFPV,2019,3,-0.22774389
3,IFPV,2019,4,-0.34709995
3,IFPV,2020,1,-0.42297819
3,IFPV,2020,2,-0.47648365
3,IFPV,2020,3,-0.4798543
3,IFPV,2020,4,-0.45992018
3,IHPV,2018,1,0.08964378
3,IHPV,2018,2,0.16863409
3,IHPV,2018,3,0.35726878
3,IHPV,2018,4,0.60314391
3,IHPV,2019,1,0.84679782
3,IHPV,2019,2,1.2044902
3,IHPV,2019,3,1.48681826
3,IHPV,2019,4,1.80785933
3,IHPV,2020,1,2.04015491
3,IHPV,2020,2,2.2750733
3,IHPV,2020,3,2.4800084
3,IHPV,2020,4,2.68135317
3,IGV,2018,1,19.99154759
3,IGV,2018,2,19.50217072
3,IGV,2018,3,19.5354369
3,IGV,2018,4,19.72006927
3,IGV,2019,1,19.51469977
3,IGV,2019,2,19.54074849
3,IGV,2019,3,19.27635111
3,IGV,2019,4,18.53320396
3,IGV,2020,1,18.81105002
3,IGV,2020,2,16.92277976
3,IGV,2020,3,17.5354023
3,IGV,2020,4,17.41861073
3,CGV,2018,1,-0.0
3,CGV,2018,2,0.02888153
3,CGV,2018,3,0.06451878
3,CGV,2018,4,0.11113414
3,CGV,2019,1,0.171962
3,CGV,2019,2,0.24405275
3,CGV,2019,3,0.32281791
3,CGV,2019,4,0.40379672
3,CGV,2020,1,0.48612569
3,CGV,2020,2,0.57064632
3,CGV,2020,3,0.64520545
3,CGV,2020,4,0.72791037
3,XGSV,2018,1,-0.00598622
3,XGSV,2018,2,-0.01485086
3,XGSV,2018,3,-0.02428174
3,XGSV,2018,4,-0.03747921
3,XGSV,2019,1,-0.05239483
3,XGSV,2019,2,-0.06837866
3,XGSV,2019,3,-0.08467439
3,XGSV,2019,4,-0.10119462
3,XGSV,2020,1,-0.11745307
3,XGSV,2020,2,-0.13330121
3,XGSV,2020,3,-0.14779673
3,XGSV,2020,4,-0.1616437
3,MGSV,2018,1,0.11215279
3,MGSV,2018,2,0.24570694
3,MGSV,2018,3,0.53578126
3,MGSV,2018,4,0.75686752
3,MGSV,2019,1,0.84688162
3,MGSV,2019,2,0.87457288
3,MGSV,2019,3,0.90024976
3,MGSV,2019,4,0.91597188
3,MGSV,2020,1,0.90734277
3,MGSV,2020,2,0.91043427
3,MGSV,2020,3,0.87698644
3,MGSV,2020,4,0.83368894
3,NIV,2018,1,1.3996072
3,NIV,2018,2,1.36764933
3,NIV,2018,3,1.46244458
3,NIV,2018,4,1.4634545
3,NIV,2019,1,1.53594993
3,NIV,2019,2,1.51505509
3,NIV,2019,3,1.48442183
3,NIV,2019,4,1.46314699
3,NIV,2020,1,1.40715983
3,NIV,2020,2,1.4261827
3,NIV,2020,3,1.43743943
3,NIV,2020,4,1.43392342
3,YWV,2018,1,0.81310482
3,YWV,2018,2,0.92716966
3,YWV,2018,3,1.02527132
3,YWV,2018,4,1.13705962
3,YWV,2019,1,1.08993969
3,YWV,2019,2,1.13567659
3,YWV,2019,3,1.10605786
3,YWV,2019,4,1.15275963
3,YWV,2020,1,1.12935443
3,YWV,2020,2,1.16405219
3,YWV,2020,3,1.19126323
3,YWV,2020,4,1.24447446
3,YCV,2018,1,4.922103
3,YCV,2018,2,3.13554186
3,YCV,2018,3,3.34088442
3,YCV,2018,4,2.8068756
3,YCV,2019,1,3.41720422
3,YCV,2019,2,2.67815223
3,YCV,2019,3,2.59742503
3,YCV,2019,4,2.33825273
3,YCV,2020,1,1.98207158
3,YCV,2020,2,2.41890335
3,YCV,2020,3,2.0492354
3,YCV,2020,4,1.47866632
3,YDV,2018,1,0.68019561
3,YDV,2018,2,0.99998258
3,YDV,2018,3,1.00116258
3,YDV,2018,4,1.18445731
3,YDV,2019,1,1.10880632
3,YDV,2019,2,1.26024882
3,YDV,2019,3,1.18859004
3,YDV,2019,4,1.28614219
3,YDV,2020,1,1.21985768
3,YDV,2020,2,1.18397387
3,YDV,2020,3,1.23913659
3,YDV,2020,4,1.39395015
3,TAXV,2018,1,0.47172301
3,TAXV,2018,2,0.76697125
3,TAXV,2018,3,1.3294958
3,TAXV,2018,4,1.55364693
3,TAXV,2019,1,2.00921539
3,TAXV,2019,2,1.82678824
3,TAXV,2019,3,2.00092765
3,TAXV,2019,4,1.86643108
3,TAXV,2020,1,2.04531059
3,TAXV,2020,2,1.81456861
3,TAXV,2020,3,1.9734464
3,TAXV,2020,4,1.84173811
3,TYPV,2018,1,0.75042918
3,TYPV,2018,2,0.45354802
3,TYPV,2018,3,1.25864527
3,TYPV,2018,4,1.0070635
3,TYPV,2019,1,1.65131362
3,TYPV,2019,2,1.20701696
3,TYPV,2019,3,1.73542652
3,TYPV,2019,4,1.27394157
3,TYPV,2020,1,1.77127549
3,TYPV,2020,2,1.26605914
3,TYPV,2020,3,1.78798338
3,TYPV,2020,4,1.33195197
3,TYCV,2018,1,0.15298623
3,TYCV,2018,2,1.3888606
3,TYCV,2018,3,2.32295116
3,TYCV,2018,4,3.26835171
3,TYCV,2019,1,4.16822628
3,TYCV,2019,2,3.88837207
3,TYCV,2019,3,3.83483232
3,TYCV,2019,4,3.68960061
3,TYCV,2020,1,3.63596074
3,TYCV,2020,2,3.32242017
3,TYCV,2020,3,3.26806132
3,TYCV,2020,4,3.14104273
3,TCIV,2018,1,0.94337884
3,TCIV,2018,2,1.0277795
3,TCIV,2018,3,1.17070249
3,TCIV,2018,4,1.23280658
3,TCIV,2019,1,1.28988109
3,TCIV,2019,2,1.3409519
3,TCIV,2019,3,1.36945937
3,TCIV,2019,4,1.40641824
3,TCIV,2020,1,1.44128775
3,TCIV,2020,2,1.47046376
3,TCIV,2020,3,1.52694174
3,TCIV,2020,4,1.60123328
3,WIPH,2018,1,0.41819716
3,WIPH,2018,2,0.51156998
3,WIPH,2018,3,0.58655605
3,WIPH,2018,4,0.69487975
3,WIPH,2019,1,0.69871716
3,WIPH,2019,2,0.75797206
3,WIPH,2019,3,0.78167075
3,WIPH,2019,4,0.85271395
3,WIPH,2020,1,0.86669663
3,WIPH,2020,2,0.93700166
3,WIPH,2020,3,0.96680522
3,WIPH,2020,4,1.03059026
3,LE,2018,1,0.17860295
3,LE,2018,2,0.2259865
3,LE,2018,3,0.27370711
3,LE,2018,4,0.31480652
3,LE,2019,1,0.30211654
3,LE,2019,2,0.30834513
3,LE,2019,3,0.29245038
3,LE,2019,4,0.29843737
3,LE,2020,1,0.27798013
3,LE,2020,2,0.28415466
3,LE,2020,3,0.26567478
3,LE,2020,4,0.25593703
3,LF,2018,1,0.15831629
3,LF,2018,2,0.1953263
3,LF,2018,3,0.23616327
3,LF,2018,4,0.27376744
3,LF,2019,1,0.25898396
3,LF,2019,2,0.26308118
3,LF,2019,3,0.24679504
3,LF,2019,4,0.25202575
3,LF,2020,1,0.23124842
3,LF,2020,2,0.23614104
3,LF,2020,3,0.21726854
3,LF,2020,4,0.20742347
3,LH,2018,1,0.26003771
3,LH,2018,2,0.23341684
3,LH,2018,3,0.21647973
3,LH,2018,4,0.18723571
3,LH,2019,1,0.14800828
3,LH,2019,2,0.12261071
3,LH,2019,3,0.08846701
3,LH,2019,4,0.06340156
3,LH,2020,1,0.04592778
3,LH,2020,2,0.00089748
3,LH,2020,3,0.01890763
3,LH,2020,4,0.02777038
3,UR,2018,1,-0.01970731
3,UR,2018,2,-0.02983486
3,UR,2018,3,-0.03658321
3,UR,2018,4,-0.03995087
3,UR,2019,1,-0.04194732
3,UR,2019,2,-0.04403236
3,UR,2019,3,-0.04456341
3,UR,2019,4,-0.04523013
3,UR,2020,1,-0.04545279
3,UR,2020,2,-0.04655367
3,UR,2020,3,-0.04693065
3,UR,2020,4,-0.04694625
3,CUX,2018,1,1.8365521
3,CUX,2018,2,1.90333909
3,CUX,2018,3,2.0537811
3,CUX,2018,4,2.00237807
3,CUX,2019,1,2.08173811
3,CUX,2019,2,2.08906244
3,CUX,2019,3,2.08558291
3,CUX,2019,4,2.0934615
3,CUX,2020,1,2.1339186
3,CUX,2020,2,2.20985804
3,CUX,2020,3,2.22183889
3,CUX,2020,4,2.20018493
3,GDPPOT,2018,1,0.09455437
3,GDPPOT,2018,2,0.11608682
3,GDPPOT,2018,3,0.13925291
3,GDPPOT,2018,4,0.15998874
3,GDPPOT,2019,1,0.14840806
3,GDPPOT,2019,2,0.14648716
3,GDPPOT,2019,3,0.13029207
3,GDPPOT,2019,4,0.12454038
3,GDPPOT,2020,1,0.10212692
3,GDPPOT,2020,2,0.09342448
3,GDPPOT,2020,3,0.07051292
3,GDPPOT,2020,4,0.05256231
3,GDPGAP,2018,1,0.90601581
3,GDPGAP,2018,2,0.92251823
3,GDPGAP,2018,3,0.9674332
3,GDPGAP,2018,4,0.92799507
3,GDPGAP,2019,1,0.94056391
3,GDPGAP,2019,2,0.93283977
3,GDPGAP,2019,3,0.90970902
3,GDPGAP,2019,4,0.86972653
3,GDPGAP,2020,1,0.88030752
3,GDPGAP,2020,2,0.81849204
3,GDPGAP,2020,3,0.87475551
3,GDPGAP,2020,4,0.88388937
3,RCD,2018,1,0.06502738
3,RCD,2018,2,0.09786202
3,RCD,2018,3,0.13447303
3,RCD,2018,4,0.16999393
3,RCD,2019,1,0.19578707
3,RCD,2019,2,0.21811911
3,RCD,2019,3,0.22932955
3,RCD,2019,4,0.23818717
3,RCD,2020,1,0.24015756
3,RCD,2020,2,0.24247416
3,RCD,2020,3,0.24207877
3,RCD,2020,4,0.2435165
3,RGB,2018,1,0.03317112
3,RGB,2018,2,0.0457824
3,RGB,2018,3,0.06227217
3,RGB,2018,4,0.07803332
3,RGB,2019,1,0.08921627
3,RGB,2019,2,0.09962392
3,RGB,2019,3,0.10506494
3,RGB,2019,4,0.11077797
3,RGB,2020,1,0.11408767
3,RGB,2020,2,0.11867416
3,RGB,2020,3,0.12241217
3,RGB,2020,4,0.12763146
3,PERR,2018,1,-0.26064664
3,PERR,2018,2,-0.54321323
3,PERR,2018,3,-0.85588602
3,PERR,2018,4,-1.23605246
3,PERR,2019,1,-1.4672339
3,PERR,2019,2,-1.68990876
3,PERR,2019,3,-1.94001096
3,PERR,2019,4,-2.22821754
3,PERR,2020,1,-2.37034649
3,PERR,2020,2,-2.82327721
3,PERR,2020,3,-3.72156218
3,PERR,2020,4,-4.18221091
3,UCC,2018,1,-0.04459226
3,UCC,2018,2,-0.57535389
3,UCC,2018,3,-0.68877162
3,UCC,2018,4,-0.75887988
3,UCC,2019,1,-0.47622087
3,UCC,2019,2,0.08622766
3,UCC,2019,3,0.17802152
3,UCC,2019,4,0.1673198
3,UCC,2020,1,0.06289155
3,UCC,2020,2,0.00755936
3,UCC,2020,3,-0.2077812
3,UCC,2020,4,-0.41839088
3,FXS,2018,1,-0.01499059
3,FXS,2018,2,-0.03554084
3,FXS,2018,3,-0.06819269
3,FXS,2018,4,-0.1095946
3,FXS,2019,1,-0.15731738
3,FXS,2019,2,-0.21058433
3,FXS,2019,3,-0.26636626
3,FXS,2019,4,-0.32424967
3,FXS,2020,1,-0.38249371
3,FXS,2020,2,-0.44101454
3,FXS,2020,3,-0.49962708
3,FXS,2020,4,-0.55896251
3,PSHARE,2018,1,-0.06003784
3,PSHARE,2018,2,-0.57296563
3,PSHARE,2018,3,-1.33947687
3,PSHARE,2018,4,-2.30711009
3,PSHARE,2019,1,-3.29677123
3,PSHARE,2019,2,-4.10428172
3,PSHARE,2019,3,-4.79244072
3,PSHARE,2019,4,-5.31756545
3,PSHARE,2020,1,-5.67469303
3,PSHARE,2020,2,-5.89712536
3,PSHARE,2020,3,-6.01759541
3,PSHARE,2020,4,-6.0829249
3,PLAND,2018,1,-0.00081878
3,PLAND,2018,2,0.02761048
3,PLAND,2018,3,0.05521488
3,PLAND,2018,4,0.09253756
3,PLAND,2019,1,0.13568092
3,PLAND,2019,2,0.18492534
3,PLAND,2019,3,0.23967328
3,PLAND,2019,4,0.29817822
3,PLAND,2020,1,0.36003092
3,PLAND,2020,2,0.42430714
3,PLAND,2020,3,0.48937337
3,PLAND,2020,4,0.5548532
3,M2CD,2018,1,0.74669494
3,M2CD,2018,2,0.67879588
3,M2CD,2018,3,0.65796641
3,M2CD,2018,4,0.57533607
3,M2CD,2019,1,0.55836024
3,M2CD,2019,2,0.54684809
3,M2CD,2019,3,0.55154985
3,M2CD,2019,4,0.58432064
3,M2CD,2020,1,0.64163046
3,M2CD,2020,2,0.70850137
3,M2CD,2020,3,0.78248417
3,M2CD,2020,4,0.83632339
3,BGVATGDPV,2018,1,-0.57999099
3,BGVATGDPV,2018,2,-0.52381874
3,BGVATGDPV,2018,3,-0.41359498
3,BGVATGDPV,2018,4,-0.36963991
3,BGVATGDPV,2019,1,-0.29574132
3,BGVATGDPV,2019,2,-0.35632108
3,BGVATGDPV,2019,3,-0.3379417
3,BGVATGDPV,2019,4,-0.36597489
3,BGVATGDPV,2020,1,-0.34195232
3,BGVATGDPV,2020,2,-0.26505646
3,BGVATGDPV,2020,3,-0.25502168
3,BGVATGDPV,2020,4,-0.2868238
3,SBGVATGDPV,2018,1,-2.19063273
3,SBGVATGDPV,2018,2,-2.20183317
3,SBGVATGDPV,2018,3,-2.34483881
3,SBGVATGDPV,2018,4,-2.37598595
3,SBGVATGDPV,2019,1,-2.41174084
3,SBGVATGDPV,2019,2,-2.44737512
3,SBGVATGDPV,2019,3,-2.45074298
3,SBGVATGDPV,2019,4,-2.51339813
3,SBGVATGDPV,2020,1,-2.50629473
3,SBGVATGDPV,2020,2,-2.89063406
3,SBGVATGDPV,2020,3,-2.84816105
3,SBGVATGDPV,2020,4,-2.85410646
3,BCVATGDPV,2018,1,-0.06330189
3,BCVATGDPV,2018,2,-0.09312727
3,BCVATGDPV,2018,3,-0.1534975
3,BCVATGDPV,2018,4,-0.20307351
3,BCVATGDPV,2019,1,-0.22795831
3,BCVATGDPV,2019,2,-0.24885412
3,BCVATGDPV,2019,3,-0.30084678
3,BCVATGDPV,2019,4,-0.35490306
3,BCVATGDPV,2020,1,-0.38473973
3,BCVATGDPV,2020,2,-0.3922787
3,BCVATGDPV,2020,3,-0.45334711
3,BCVATGDPV,2020,4,-0.46628354
3,KFP,2018,1,-0.00139713
3,KFP,2018,2,-0.00439924
3,KFP,2018,3,-0.00863249
3,KFP,2018,4,-0.01547306
3,KFP,2019,1,-0.02630034
3,KFP,2019,2,-0.04236067
3,KFP,2019,3,-0.06436211
3,KFP,2019,4,-0.08919596
3,KFP,2020,1,-0.11800694
3,KFP,2020,2,-0.1468913
3,KFP,2020,3,-0.17682638
3,KFP,2020,4,-0.20750887
3,KHP,2018,1,0.00127909
3,KHP,2018,2,0.00345355
3,KHP,2018,3,0.0077128
3,KHP,2018,4,0.01459373
3,KHP,2019,1,0.0239164
3,KHP,2019,2,0.03704395
3,KHP,2019,3,0.05289204
3,KHP,2019,4,0.07147772
3,KHP,2020,1,0.09091778
3,KHP,2020,2,0.11213101
3,KHP,2020,3,0.13369569
3,KHP,2020,4,0.15656034
3,KG,2018,1,0.17490362
3,KG,2018,2,0.34659502
3,KG,2018,3,0.51403063
3,KG,2018,4,0.67835591
3,KG,2019,1,0.8415105
3,KG,2019,2,1.00222826
3,KG,2019,3,1.15959607
3,KG,2019,4,1.30879791
3,KG,2020,1,1.45687807
3,KG,2020,2,1.59104539
3,KG,2020,3,1.72999162
3,KG,2020,4,1.86856104
3,BCVATGDPV,2018,0,-0.12825004
3,BCVATGDPV,2019,0,-0.28314057
3,BCVATGDPV,2020,0,-0.42416227
3,BGVATGDPV,2018,0,-0.47176115
3,BGVATGDPV,2019,0,-0.33899475
3,BGVATGDPV,2020,0,-0.28721356
3,CG,2018,0,0.04439202
3,CG,2019,0,0.15689239
3,CG,2020,0,0.25880502
3,CGPI,2018,0,0.04092576
3,CGPI,2019,0,0.17092864
3,CGPI,2020,0,0.32833207
3,CGV,2018,0,0.05113361
3,CGV,2019,0,0.28565735
3,CGV,2020,0,0.60747196
3,CP,2018,0,0.25113999
3,CP,2019,0,0.52570187
3,CP,2020,0,0.51459661
3,CPV,2018,0,0.27257813
3,CPV,2019,0,0.74027539
3,CPV,2020,0,0.99117492
3,CUX,2018,0,1.94901259
3,CUX,2019,0,2.08746124
3,CUX,2020,0,2.19145012
3,FXS,2018,0,-0.05707968
3,FXS,2019,0,-0.23962941
3,FXS,2020,0,-0.47052446
3,GDP,2018,0,1.04481081
3,GDP,2019,0,1.04618689
3,GDP,2020,0,0.98248515
3,GDPD,2018,0,1.08106633
3,GDPD,2019,0,-0.06856238
3,GDPD,2020,0,-0.04945802
3,GDPGAP,2018,0,0.93099058
3,GDPGAP,2019,0,0.91320981
3,GDPGAP,2020,0,0.86436111
3,GDPPOT,2018,0,0.12747071
3,GDPPOT,2019,0,0.13743192
3,GDPPOT,2020,0,0.07965666
3,GDPV,2018,0,1.13587965
3,GDPV,2019,0,1.35355679
3,GDPV,2020,0,1.56317964
3,IFP,2018,0,-0.12815257
3,IFP,2019,0,-0.63823914
3,IFP,2020,0,-1.16826177
3,IFPV,2018,0,0.12112911
3,IFPV,2019,0,-0.15889079
3,IFPV,2020,0,-0.45980908
3,IG,2018,0,19.42136865
3,IG,2019,0,18.64259977
3,IG,2020,0,16.77172887
3,IGV,2018,0,19.68730612
3,IGV,2019,0,19.21625083
3,IGV,2020,0,17.6719607
3,IHP,2018,0,0.29293407
3,IHP,2019,0,1.11316846
3,IHP,2020,0,1.85486653
3,IHPV,2018,0,0.30467264
3,IHPV,2019,0,1.3364914
3,IHPV,2020,0,2.36914745
3,KFP,2018,0,-0.00747548
3,KFP,2019,0,-0.05555477
3,KFP,2020,0,-0.16230837
3,KG,2018,0,0.4284713
3,KG,2019,0,1.07803319
3,KG,2020,0,1.66161903
3,KHP,2018,0,0.00675979
3,KHP,2019,0,0.04633253
3,KHP,2020,0,0.12332621
3,LE,2018,0,0.24827577
3,LE,2019,0,0.30033735
3,LE,2020,0,0.27093665
3,LF,2018,0,0.21589332
3,LF,2019,0,0.25522148
3,LF,2020,0,0.22302037
3,LH,2018,0,0.2242925
3,LH,2019,0,0.10562189
3,LH,2020,0,0.02337582
3,M2CD,2018,0,0.66469832
3,M2CD,2019,0,0.56026971
3,M2CD,2020,0,0.74223485
3,MGS,2018,0,0.4438396
3,MGS,2019,0,0.98544434
3,MGS,2020,0,1.04501188
3,MGSV,2018,0,0.41262713
3,MGSV,2019,0,0.88441904
3,MGSV,2020,0,0.88211311
3,NIV,2018,0,1.4232889
3,NIV,2019,0,1.49964346
3,NIV,2020,0,1.42617634
3,PCP,2018,0,0.02134214
3,PCP,2019,0,0.21343955
3,PCP,2020,0,0.47415481
3,PERR,2018,0,-0.72394959
3,PERR,2019,0,-1.83134279
3,PERR,2020,0,-3.2743492
3,PGDP,2018,0,0.09011151
3,PGDP,2019,0,0.30420815
3,PGDP,2020,0,0.57505309
3,PIFP,2018,0,0.24964615
3,PIFP,2019,0,0.4825594
3,PIFP,2020,0,0.71688281
3,PIHP,2018,0,0.01166159
3,PIHP,2019,0,0.22065067
3,PIHP,2020,0,0.5047938
3,PLAND,2018,0,0.04363603
3,PLAND,2019,0,0.21461444
3,PLAND,2020,0,0.45714116
3,PMGS,2018,0,-0.03101845
3,PMGS,2019,0,-0.10002964
3,PMGS,2020,0,-0.16121636
3,PSHARE,2018,0,-1.0698976
3,PSHARE,2019,0,-4.37776478
3,PSHARE,2020,0,-5.91808468
3,PXGS,2018,0,-0.01886075
3,PXGS,2019,0,-0.05402745
3,PXGS,2020,0,-0.06473951
3,RCD,2018,0,0.11683909
3,RCD,2019,0,0.22035572
3,RCD,2020,0,0.24205675
3,RGB,2018,0,0.05481475
3,RGB,2019,0,0.10117077
3,RGB,2020,0,0.12070137
3,SBGVATGDPV,2018,0,-2.27832266
3,SBGVATGDPV,2019,0,-2.45581427
3,SBGVATGDPV,2020,0,-2.77479907
3,TAXV,2018,0,1.03045925
3,TAXV,2019,0,1.92584059
3,TAXV,2020,0,1.91876593
3,TCIV,2018,0,1.09366685
3,TCIV,2019,0,1.35167765
3,TCIV,2020,0,1.50998163
3,TYCV,2018,0,1.78328743
3,TYCV,2019,0,3.89525782
3,TYCV,2020,0,3.34187124
3,TYPV,2018,0,0.86742149
3,TYPV,2019,0,1.46692467
3,TYPV,2020,0,1.53931749
3,UCC,2018,0,-0.51689941
3,UCC,2019,0,-0.01116297
3,UCC,2020,0,-0.13893029
3,UR,2018,0,-0.03151906
3,UR,2019,0,-0.0439433
3,UR,2020,0,-0.04647084
3,WIPH,2018,0,0.55280074
3,WIPH,2019,0,0.77276848
3,WIPH,2020,0,0.95027344
3,XGS,2018,0,-0.00178927
3,XGS,2019,0,-0.0226462
3,XGS,2020,0,-0.07535771
3,XGSV,2018,0,-0.02064951
3,XGSV,2019,0,-0.07666063
3,XGSV,2020,0,-0.14004868
3,YCV,2018,0,3.55135122
3,YCV,2019,0,2.75775855
3,YCV,2020,0,1.98221916
3,YDV,2018,0,0.96644952
3,YDV,2019,0,1.21094684
3,YDV,2020,0,1.25922957
3,YWV,2018,0,0.97565135
3,YWV,2019,0,1.12110844
3,YWV,2020,0,1.18228608
4,GDP,2018,1,0.01288459
4,GDP,2018,2,0.17885051
4,GDP,2018,3,0.3538666
4,GDP,2018,4,0.30738961
4,GDP,2019,1,0.33669402
4,GDP,2019,2,0.36222888
4,GDP,2019,3,0.38307093
4,GDP,2019,4,0.39093407
4,GDP,2020,1,0.40612613
4,GDP,2020,2,0.40515733
4,GDP,2020,3,0.42380622
4,GDP,2020,4,0.41072372
4,CP,2018,1,3.329e-05
4,CP,2018,2,0.40278221
4,CP,2018,3,0.91618582
4,CP,2018,4,0.98564022
4,CP,2019,1,1.03440261
4,CP,2019,2,1.08038261
4,CP,2019,3,1.14580455
4,CP,2019,4,1.19231046
4,CP,2020,1,1.20692936
4,CP,2020,2,1.22454416
4,CP,2020,3,1.19408176
4,CP,2020,4,1.19209803
4,IFP,2018,1,-0.00059081
4,IFP,2018,2,-0.00858654
4,IFP,2018,3,-0.02513377
4,IFP,2018,4,-0.03975679
4,IFP,2019,1,-0.06139211
4,IFP,2019,2,-0.10022036
4,IFP,2019,3,-0.15335804
4,IFP,2019,4,-0.21431215
4,IFP,2020,1,-0.273422
4,IFP,2020,2,-0.32421466
4,IFP,2020,3,-0.36788619
4,IFP,2020,4,-0.40639013
4,IHP,2018,1,0.35583375
4,IHP,2018,2,0.45942708
4,IHP,2018,3,0.90627381
4,IHP,2018,4,1.1796629
4,IHP,2019,1,1.55105941
4,IHP,2019,2,2.00532592
4,IHP,2019,3,2.45671524
4,IHP,2019,4,2.90503691
4,IHP,2020,1,3.31811344
4,IHP,2020,2,3.67015507
4,IHP,2020,3,4.07077036
4,IHP,2020,4,4.39135271
4,IG,2018,1,0.0
4,IG,2018,2,0.0
4,IG,2018,3,0.0
4,IG,2018,4,0.0
4,IG,2019,1,0.0
4,IG,2019,2,0.0
4,IG,2019,3,0.0
4,IG,2019,4,0.0
4,IG,2020,1,0.0
4,IG,2020,2,0.0
4,IG,2020,3,0.0
4,IG,2020,4,0.0
4,CG,2018,1,0.0
4,CG,2018,2,-0.0
4,CG,2018,3,0.0
4,CG,2018,4,-0.0
4,CG,2019,1,0.0
4,CG,2019,2,0.0
4,CG,2019,3,-0.0
4,CG,2019,4,0.0
4,CG,2020,1,-0.0
4,CG,2020,2,-0.0
4,CG,2020,3,-0.0
4,CG,2020,4,-0.0
4,XGS,2018,1,0.0
4,XGS,2018,2,-7.32e-06
4,XGS,2018,3,-0.00011868
4,XGS,2018,4,-0.00047236
4,XGS,2019,1,-0.00117546
4,XGS,2019,2,-0.00239689
4,XGS,2019,3,-0.00429752
4,XGS,2019,4,-0.00692486
4,XGS,2020,1,-0.01034198
4,XGS,2020,2,-0.01452725
4,XGS,2020,3,-0.01932834
4,XGS,2020,4,-0.02481003
4,MGS,2018,1,0.00160077
4,MGS,2018,2,0.32453162
4,MGS,2018,3,1.00425017
4,MGS,2018,4,1.43156015
4,MGS,2019,1,1.53435791
4,MGS,2019,2,1.58272926
4,MGS,2019,3,1.68500763
4,MGS,2019,4,1.79219699
4,MGS,2020,1,1.84171753
4,MGS,2020,2,1.83910589
4,MGS,2020,3,1.8604214
4,MGS,2020,4,1.86567068
4,GDPD,2018,1,0.05160383
4,GDPD,2018,2,0.66636863
4,GDPD,2018,3,0.69374001
4,GDPD,2018,4,-0.18489977
4,GDPD,2019,1,0.11740783
4,GDPD,2019,2,0.10231719
4,GDPD,2019,3,0.08307725
4,GDPD,2019,4,0.03047514
4,GDPD,2020,1,0.06079357
4,GDPD,2020,2,-0.00355275
4,GDPD,2020,3,0.07823432
4,GDPD,2020,4,-0.05307979
4,PGDP,2018,1,0.0006343
4,PGDP,2018,2,0.00935554
4,PGDP,2018,3,0.02285726
4,PGDP,2018,4,0.03495344
4,PGDP,2019,1,0.04970508
4,PGDP,2019,2,0.07085607
4,PGDP,2019,3,0.09493483
4,PGDP,2019,4,0.12114647
4,PGDP,2020,1,0.14710339
4,PGDP,2020,2,0.18538679
4,PGDP,2020,3,0.19867355
4,PGDP,2020,4,0.22561808
4,PCP,2018,1,-3.429e-05
4,PCP,2018,2,-0.00039612
4,PCP,2018,3,0.00028154
4,PCP,2018,4,0.0053006
4,PCP,2019,1,0.01585633
4,PCP,2019,2,0.03155258
4,PCP,2019,3,0.05044852
4,PCP,2019,4,0.07087363
4,PCP,2020,1,0.09278648
4,PCP,2020,2,0.11635223
4,PCP,2020,3,0.14142379
4,PCP,2020,4,0.16767123
4,PIFP,2018,1,0.00203136
4,PIFP,2018,2,0.02925847
4,PIFP,2018,3,0.06745714
4,PIFP,2018,4,0.08011583
4,PIFP,2019,1,0.09939289
4,PIFP,2019,2,0.12121088
4,PIFP,2019,3,0.14683784
4,PIFP,2019,4,0.16901209
4,PIFP,2020,1,0.19541704
4,PIFP,2020,2,0.21527231
4,PIFP,2020,3,0.24645653
4,PIFP,2020,4,0.2728019
4,PIHP,2018,1,-0.00013925
4,PIHP,2018,2,-0.00230086
4,PIHP,2018,3,-0.00557548
4,PIHP,2018,4,-0.00314819
4,PIHP,2019,1,0.00928694
4,PIHP,2019,2,0.02666624
4,PIHP,2019,3,0.04893032
4,PIHP,2019,4,0.07237101
4,PIHP,2020,1,0.09589888
4,PIHP,2020,2,0.12871457
4,PIHP,2020,3,0.15885259
4,PIHP,2020,4,0.18563907
4,PXGS,2018,1,-7.927e-05
4,PXGS,2018,2,-0.00120681
4,PXGS,2018,3,-0.00400743
4,PXGS,2018,4,-0.00746785
4,PXGS,2019,1,-0.01142436
4,PXGS,2019,2,-0.01510886
4,PXGS,2019,3,-0.01866958
4,PXGS,2019,4,-0.02123143
4,PXGS,2020,1,-0.02333696
4,PXGS,2020,2,-0.02462195
4,PXGS,2020,3,-0.02317314
4,PXGS,2020,4,-0.02199292
4,PMGS,2018,1,-0.0001021
4,PMGS,2018,2,-0.00927798
4,PMGS,2018,3,-0.04029565
4,PMGS,2018,4,-0.06645622
4,PMGS,2019,1,-0.03850833
4,PMGS,2019,2,-0.05770746
4,PMGS,2019,3,-0.04131647
4,PMGS,2019,4,-0.04686712
4,PMGS,2020,1,-0.06134111
4,PMGS,2020,2,0.0386108
4,PMGS,2020,3,0.01557384
4,PMGS,2020,4,0.00024265
4,CGPI,2018,1,-4.921e-05
4,CGPI,2018,2,-0.00170397
4,CGPI,2018,3,-0.00075283
4,CGPI,2018,4,0.00473916
4,CGPI,2019,1,0.01589043
4,CGPI,2019,2,0.02398299
4,CGPI,2019,3,0.04118049
4,CGPI,2019,4,0.05489069
4,CGPI,2020,1,0.06697779
4,CGPI,2020,2,0.1039162
4,CGPI,2020,3,0.11665807
4,CGPI,2020,4,0.13214285
4,GDPV,2018,1,0.01351898
4,GDPV,2018,2,0.18822279
4,GDPV,2018,3,0.37680474
4,GDPV,2018,4,0.3424505
4,GDPV,2019,1,0.38656646
4,GDPV,2019,2,0.4333416
4,GDPV,2019,3,0.47836943
4,GDPV,2019,4,0.51255413
4,GDPV,2020,1,0.55382695
4,GDPV,2020,2,0.59129523
4,GDPV,2020,3,0.62332176
4,GDPV,2020,4,0.63726847
4,CPV,2018,1,-1e-06
4,CPV,2018,2,0.4023845
4,CPV,2018,3,0.91646994
4,CPV,2018,4,0.99099307
4,CPV,2019,1,1.05042296
4,CPV,2019,2,1.11227608
4,CPV,2019,3,1.19683111
4,CPV,2019,4,1.26402912
4,CPV,2020,1,1.30083571
4,CPV,2020,2,1.34232118
4,CPV,2020,3,1.33719426
4,CPV,2020,4,1.36176807
4,IFPV,2018,1,0.00144053
4,IFPV,2018,2,0.02066942
4,IFPV,2018,3,0.04230641
4,IFPV,2018,4,0.04032719
4,IFPV,2019,1,0.03793976
4,IFPV,2019,2,0.02086905
4,IFPV,2019,3,-0.00674538
4,IFPV,2019,4,-0.04566228
4,IFPV,2020,1,-0.07853927
4,IFPV,2020,2,-0.1096403
4,IFPV,2020,3,-0.12233634
4,IFPV,2020,4,-0.13469687
4,IHPV,2018,1,0.35569401
4,IHPV,2018,2,0.45711565
4,IHPV,2018,3,0.9006478
4,IHPV,2018,4,1.17647757
4,IHPV,2019,1,1.5604904
4,IHPV,2019,2,2.0325269
4,IHPV,2019,3,2.50684764
4,IHPV,2019,4,2.97951033
4,IHPV,2020,1,3.41719435
4,IHPV,2020,2,3.80359367
4,IHPV,2020,3,4.23608948
4,IHPV,2020,4,4.58514385
4,IGV,2018,1,0.00176235
4,IGV,2018,2,0.02530195
4,IGV,2018,3,0.05814596
4,IGV,2018,4,0.06970411
4,IGV,2019,1,0.08973757
4,IGV,2019,2,0.11348844
4,IGV,2019,3,0.14206538
4,IGV,2019,4,0.16804636
4,IGV,2020,1,0.19790552
4,IGV,2020,2,0.22431431
4,IGV,2020,3,0.26024884
4,IGV,2020,4,0.29116592
4,CGV,2018,1,-0.0
4,CGV,2018,2,-1.217e-05
4,CGV,2018,3,-9.87e-05
4,CGV,2018,4,0.00098932
4,CGV,2019,1,0.0054805
4,CGV,2019,2,0.01417307
4,CGV,2019,3,0.0270108
4,CGV,2019,4,0.04249324
4,CGV,2020,1,0.05963744
4,CGV,2020,2,0.07828463
4,CGV,2020,3,0.09839424
4,CGV,2020,4,0.1197324
4,XGSV,2018,1,-7.927e-05
4,XGSV,2018,2,-0.00121413
4,XGSV,2018,3,-0.00412611
4,XGSV,2018,4,-0.00794018
4,XGSV,2019,1,-0.01259968
4,XGSV,2019,2,-0.01750539
4,XGSV,2019,3,-0.0229663
4,XGSV,2019,4,-0.02815482
4,XGSV,2020,1,-0.03367653
4,XGSV,2020,2,-0.03914562
4,XGSV,2020,3,-0.042497
4,XGSV,2020,4,-0.04679749
4,MGSV,2018,1,0.00149867
4,MGSV,2018,2,0.31522353
4,MGSV,2018,3,0.96354985
4,MGSV,2018,4,1.36415256
4,MGSV,2019,1,1.49525872
4,MGSV,2019,2,1.52410845
4,MGSV,2019,3,1.64299497
4,MGSV,2019,4,1.74448992
4,MGSV,2020,1,1.77924669
4,MGSV,2020,2,1.87842679
4,MGSV,2020,3,1.87628497
4,MGSV,2020,4,1.86591786
4,NIV,2018,1,0.01849789
4,NIV,2018,2,0.24354516
4,NIV,2018,3,0.47426749
4,NIV,2018,4,0.40957386
4,NIV,2019,1,0.46768416
4,NIV,2019,2,0.50002546
4,NIV,2019,3,0.51051715
4,NIV,2019,4,0.5002189
4,NIV,2020,1,0.50210696
4,NIV,2020,2,0.50008785
4,NIV,2020,3,0.49886021
4,NIV,2020,4,0.49445613
4,YWV,2018,1,0.01080535
4,YWV,2018,2,0.14275086
4,YWV,2018,3,0.29649322
4,YWV,2018,4,0.28935681
4,YWV,2019,1,0.33766861
4,YWV,2019,2,0.3583398
4,YWV,2019,3,0.34898321
4,YWV,2019,4,0.35641193
4,YWV,2020,1,0.36354729
4,YWV,2020,2,0.36891032
4,YWV,2020,3,0.36488746
4,YWV,2020,4,0.38967804
4,YCV,2018,1,0.06478874
4,YCV,2018,2,0.7466924
4,YCV,2018,3,1.34843297
4,YCV,2018,4,0.94003198
4,YCV,2019,1,1.08952321
4,YCV,2019,2,1.00184476
4,YCV,2019,3,1.09322448
4,YCV,2019,4,1.02964588
4,YCV,2020,1,0.93307515
4,YCV,2020,2,1.21999267
4,YCV,2020,3,1.00071528
4,YCV,2020,4,0.64499935
4,YDV,2018,1,1.86366045
4,YDV,2018,2,2.01466733
4,YDV,2018,3,2.12020564
4,YDV,2018,4,2.11379693
4,YDV,2019,1,2.16220115
4,YDV,2019,2,2.24338757
4,YDV,2019,3,2.20918408
4,YDV,2019,4,2.1759346
4,YDV,2020,1,2.16411005
4,YDV,2020,2,1.91630673
4,YDV,2020,3,2.09658437
4,YDV,2020,4,2.22314184
4,TAXV,2018,1,-5.51216128
4,TAXV,2018,2,-5.28626978
4,TAXV,2018,3,-5.10376357
4,TAXV,2018,4,-4.92710548
4,TAXV,2019,1,-4.80793719
4,TAXV,2019,2,-4.88776234
4,TAXV,2019,3,-4.75904284
4,TAXV,2019,4,-4.65750403
4,TAXV,2020,1,-4.56085483
4,TAXV,2020,2,-4.25004225
4,TAXV,2020,3,-4.36609978
4,TAXV,2020,4,-4.36491071
4,TYPV,2018,1,-18.71451044
4,TYPV,2018,2,-17.91012095
4,TYPV,2018,3,-17.75604333
4,TYPV,2018,4,-17.67587233
4,TYPV,2019,1,-17.04062617
4,TYPV,2019,2,-18.46084877
4,TYPV,2019,3,-17.93466552
4,TYPV,2019,4,-17.60562166
4,TYPV,2020,1,-17.56304104
4,TYPV,2020,2,-16.46224382
4,TYPV,2020,3,-17.30638097
4,TYPV,2020,4,-17.53498001
4,TYCV,2018,1,0.0020022
4,TYCV,2018,2,0.04418848
4,TYCV,2018,3,0.28872063
4,TYCV,2018,4,0.65679833
4,TYCV,2019,1,0.9377096
4,TYCV,2019,2,1.21275734
4,TYCV,2019,3,1.32258315
4,TYCV,2019,4,1.28121184
4,TYCV,2020,1,1.33377087
4,TYCV,2020,2,1.3181374
4,TYCV,2020,3,1.37582867
4,TYCV,2020,4,1.37123061
4,TCIV,2018,1,0.01215008
4,TCIV,2018,2,0.22039642
4,TCIV,2018,3,0.49956349
4,TCIV,2018,4,0.54409283
4,TCIV,2019,1,0.58776909
4,TCIV,2019,2,0.63444083
4,TCIV,2019,3,0.69055482
4,TCIV,2019,4,0.72720154
4,TCIV,2020,1,0.75490798
4,TCIV,2020,2,0.77768032
4,TCIV,2020,3,0.79630869
4,TCIV,2020,4,0.83245604
4,WIPH,2018,1,0.00561064
4,WIPH,2018,2,0.07171967
4,WIPH,2018,3,0.15736917
4,WIPH,2018,4,0.16657815
4,WIPH,2019,1,0.20360038
4,WIPH,2019,2,0.22132624
4,WIPH,2019,3,0.22355025
4,WIPH,2019,4,0.24013979
4,WIPH,2020,1,0.25301806
4,WIPH,2020,2,0.27542803
4,WIPH,2020,3,0.27344419
4,WIPH,2020,4,0.30256456
4,LE,2018,1,0.00239472
4,LE,2018,2,0.03130818
4,LE,2018,3,0.06917351
4,LE,2018,4,0.07634755
4,LE,2019,1,0.09339854
4,LE,2019,2,0.09787245
4,LE,2019,3,0.09356439
4,LE,2019,4,0.09514663
4,LE,2020,1,0.09399617
4,LE,2020,2,0.09684598
4,LE,2020,3,0.08663909
4,LE,2020,4,0.08549217
4,LF,2018,1,0.00212811
4,LF,2018,2,0.02745001
4,LF,2018,3,0.05996584
4,LF,2018,4,0.06553672
4,LF,2019,1,0.08104132
4,LF,2019,2,0.08404155
4,LF,2019,3,0.0782315
4,LF,2019,4,0.07847401
4,LF,2020,1,0.07615891
4,LF,2020,2,0.07801529
4,LF,2020,3,0.06674269
4,LF,2020,4,0.06524766
4,LH,2018,1,0.0034096
4,LH,2018,2,0.04681809
4,LH,2018,3,0.08549383
4,LH,2018,4,0.06237617
4,LH,2019,1,0.0596137
4,LH,2019,2,0.05664209
4,LH,2019,3,0.05030545
4,LH,2019,4,0.04082211
4,LH,2020,1,0.03677426
4,LH,2020,2,0.01548201
4,LH,2020,3,0.02369611
4,LH,2020,4,0.02400386
4,UR,2018,1,-0.00025939
4,UR,2018,2,-0.00376009
4,UR,2018,3,-0.00898817
4,UR,2018,4,-0.01054536
4,UR,2019,1,-0.01203873
4,UR,2019,2,-0.01347794
4,UR,2019,3,-0.01499005
4,UR,2019,4,-0.01627637
4,UR,2020,1,-0.01737758
4,UR,2020,2,-0.01828889
4,UR,2020,3,-0.01931361
4,UR,2020,4,-0.01961953
4,CUX,2018,1,0.02395635
4,CUX,2018,2,0.33634674
4,CUX,2018,3,0.66594152
4,CUX,2018,4,0.57268131
4,CUX,2019,1,0.62685586
4,CUX,2019,2,0.69121002
4,CUX,2019,3,0.76298676
4,CUX,2019,4,0.79942176
4,CUX,2020,1,0.851766
4,CUX,2020,2,0.88468548
4,CUX,2020,3,0.94349103
4,CUX,2020,4,0.92093662
4,GDPPOT,2018,1,0.00127141
4,GDPPOT,2018,2,0.01639139
4,GDPPOT,2018,3,0.03570552
4,GDPPOT,2018,4,0.03872683
4,GDPPOT,2019,1,0.04750203
4,GDPPOT,2019,2,0.04855268
4,GDPPOT,2019,3,0.04387998
4,GDPPOT,2019,4,0.04215925
4,GDPPOT,2020,1,0.03837748
4,GDPPOT,2020,2,0.03638171
4,GDPPOT,2020,3,0.02627358
4,GDPPOT,2020,4,0.02161997
4,GDPGAP,2018,1,0.01186639
4,GDPGAP,2018,2,0.16596783
4,GDPGAP,2018,3,0.3220442
4,GDPGAP,2018,4,0.27097918
4,GDPGAP,2019,1,0.29265466
4,GDPGAP,2019,2,0.31855091
4,GDPGAP,2019,3,0.34382191
4,GDPGAP,2019,4,0.34228284
4,GDPGAP,2020,1,0.36282977
4,GDPGAP,2020,2,0.33682597
4,GDPGAP,2020,3,0.38128702
4,GDPGAP,2020,4,0.378292
4,RCD,2018,1,0.00086104
4,RCD,2018,2,0.01197257
4,RCD,2018,3,0.02890148
4,RCD,2018,4,0.03734181
4,RCD,2019,1,0.04951154
4,RCD,2019,2,0.06000608
4,RCD,2019,3,0.06836601
4,RCD,2019,4,0.07562101
4,RCD,2020,1,0.08203503
4,RCD,2020,2,0.08688967
4,RCD,2020,3,0.0905177
4,RCD,2020,4,0.09504908
4,RGB,2018,1,0.00043922
4,RGB,2018,2,0.00605254
4,RGB,2018,3,0.01397975
4,RGB,2018,4,0.0171924
4,RGB,2019,1,0.0228473
4,RGB,2019,2,0.02748289
4,RGB,2019,3,0.0312492
4,RGB,2019,4,0.03472278
4,RGB,2020,1,0.03805099
4,RGB,2020,2,0.04092461
4,RGB,2020,3,0.04352822
4,RGB,2020,4,0.04685943
4,PERR,2018,1,-0.00346937
4,PERR,2018,2,-0.04964998
4,PERR,2018,3,-0.14006946
4,PERR,2018,4,-0.24370613
4,PERR,2019,1,-0.38248227
4,PERR,2019,2,-0.49087858
4,PERR,2019,3,-0.58095075
4,PERR,2019,4,-0.70806889
4,PERR,2020,1,-0.80751196
4,PERR,2020,2,-1.02500153
4,PERR,2020,3,-1.41896125
4,PERR,2020,4,-1.64759452
4,UCC,2018,1,-0.00052004
4,UCC,2018,2,-0.01697472
4,UCC,2018,3,-0.11381634
4,UCC,2018,4,-0.21679881
4,UCC,2019,1,-0.23725743
4,UCC,2019,2,-0.19786956
4,UCC,2019,3,-0.07934672
4,UCC,2019,4,-0.0317652
4,UCC,2020,1,-0.07496161
4,UCC,2020,2,-0.09050288
4,UCC,2020,3,-0.15001821
4,UCC,2020,4,-0.21933075
4,FXS,2018,1,-0.00019851
4,FXS,2018,2,-0.00301869
4,FXS,2018,3,-0.00971652
4,FXS,2018,4,-0.0187172
4,FXS,2019,1,-0.03086993
4,FXS,2019,2,-0.04565593
4,FXS,2019,3,-0.06220146
4,FXS,2019,4,-0.08056886
4,FXS,2020,1,-0.10053659
4,FXS,2020,2,-0.12040521
4,FXS,2020,3,-0.14187426
4,FXS,2020,4,-0.16452883
4,PSHARE,2018,1,-0.00078964
4,PSHARE,2018,2,-0.01627121
4,PSHARE,2018,3,-0.12063516
4,PSHARE,2018,4,-0.34566511
4,PSHARE,2019,1,-0.62440232
4,PSHARE,2019,2,-0.93498166
4,PSHARE,2019,3,-1.2232962
4,PSHARE,2019,4,-1.4752883
4,PSHARE,2020,1,-1.70540985
4,PSHARE,2020,2,-1.8984622
4,PSHARE,2020,3,-2.05807968
4,PSHARE,2020,4,-2.19728324
4,PLAND,2018,1,-1.085e-05
4,PLAND,2018,2,0.0001276
4,PLAND,2018,3,0.00492412
4,PLAND,2018,4,0.01512828
4,PLAND,2019,1,0.02567325
4,PLAND,2019,2,0.03825879
4,PLAND,2019,3,0.0544615
4,PLAND,2019,4,0.07237582
4,PLAND,2020,1,0.09240602
4,PLAND,2020,2,0.11612283
4,PLAND,2020,3,0.13818112
4,PLAND,2020,4,0.1632055
4,M2CD,2018,1,0.00979437
4,M2CD,2018,2,0.13598959
4,M2CD,2018,3,0.25267866
4,M2CD,2018,4,0.18496663
4,M2CD,2019,1,0.18698331
4,M2CD,2019,2,0.19732248
4,M2CD,2019,3,0.21360181
4,M2CD,2019,4,0.22198914
4,M2CD,2020,1,0.24249509
4,M2CD,2020,2,0.25420457
4,M2CD,2020,3,0.29124716
4,M2CD,2020,4,0.29458131
4,BGVATGDPV,2018,1,-0.99814661
4,BGVATGDPV,2018,2,-0.97191558
4,BGVATGDPV,2018,3,-0.93126148
4,BGVATGDPV,2018,4,-0.90650009
4,BGVATGDPV,2019,1,-0.88012459
4,BGVATGDPV,2019,2,-0.8631159
4,BGVATGDPV,2019,3,-0.85155819
4,BGVATGDPV,2019,4,-0.84997675
4,BGVATGDPV,2020,1,-0.84219893
4,BGVATGDPV,2020,2,-0.79797147
4,BGVATGDPV,2020,3,-0.7966361
4,BGVATGDPV,2020,4,-0.80420625
4,SBGVATGDPV,2018,1,0.21838558
4,SBGVATGDPV,2018,2,0.05811171
4,SBGVATGDPV,2018,3,-0.13930543
4,SBGVATGDPV,2018,4,0.1555622
4,SBGVATGDPV,2019,1,0.26463782
4,SBGVATGDPV,2019,2,0.36343218
4,SBGVATGDPV,2019,3,0.46836705
4,SBGVATGDPV,2019,4,0.61737146
4,SBGVATGDPV,2020,1,0.73405066
4,SBGVATGDPV,2020,2,0.86915491
4,SBGVATGDPV,2020,3,0.92484151
4,SBGVATGDPV,2020,4,1.07923313
4,BCVATGDPV,2018,1,-0.00084746
4,BCVATGDPV,2018,2,-0.06447511
4,BCVATGDPV,2018,3,-0.19302038
4,BCVATGDPV,2018,4,-0.27711102
4,BCVATGDPV,2019,1,-0.28580429
4,BCVATGDPV,2019,2,-0.29939952
4,BCVATGDPV,2019,3,-0.35453428
4,BCVATGDPV,2019,4,-0.40432834
4,BCVATGDPV,2020,1,-0.42558328
4,BCVATGDPV,2020,2,-0.45241568
4,BCVATGDPV,2020,3,-0.47075918
4,BCVATGDPV,2020,4,-0.48234057
4,KFP,2018,1,-1.847e-05
4,KFP,2018,2,-0.00028843
4,KFP,2018,3,-0.00104853
4,KFP,2018,4,-0.00225297
4,KFP,2019,1,-0.00409321
4,KFP,2019,2,-0.00707943
4,KFP,2019,3,-0.01171126
4,KFP,2019,4,-0.01766771
4,KFP,2020,1,-0.02537482
4,KFP,2020,2,-0.03375651
4,KFP,2020,3,-0.04309291
4,KFP,2020,4,-0.05336741
4,KHP,2018,1,0.00454894
4,KHP,2018,2,0.0101932
4,KHP,2018,3,0.02136505
4,KHP,2018,4,0.03606027
4,KHP,2019,1,0.05578373
4,KHP,2019,2,0.08151889
4,KHP,2019,3,0.11313462
4,KHP,2019,4,0.14959815
4,KHP,2020,1,0.18898555
4,KHP,2020,2,0.23227561
4,KHP,2020,3,0.27784012
4,KHP,2020,4,0.32670308
4,KG,2018,1,0.0
4,KG,2018,2,-0.0
4,KG,2018,3,-0.0
4,KG,2018,4,-0.0
4,KG,2019,1,-0.0
4,KG,2019,2,-0.0
4,KG,2019,3,-0.0
4,KG,2019,4,-0.0
4,KG,2020,1,-0.0
4,KG,2020,2,-0.0
4,KG,2020,3,-0.0
4,KG,2020,4,-0.0
4,BCVATGDPV,2018,0,-0.13386349
4,BCVATGDPV,2019,0,-0.33601661
4,BCVATGDPV,2020,0,-0.45777468
4,BGVATGDPV,2018,0,-0.95195594
4,BGVATGDPV,2019,0,-0.86119386
4,BGVATGDPV,2020,0,-0.81025319
4,CG,2018,0,-0.0
4,CG,2019,0,0.0
4,CG,2020,0,-0.0
4,CGPI,2018,0,0.00055829
4,CGPI,2019,0,0.03398615
4,CGPI,2020,0,0.10492373
4,CGV,2018,0,0.00021961
4,CGV,2019,0,0.0222894
4,CGV,2020,0,0.08901218
4,CP,2018,0,0.57616039
4,CP,2019,0,1.11322506
4,CP,2020,0,1.20441333
4,CPV,2018,0,0.57746163
4,CPV,2019,0,1.15588982
4,CPV,2020,0,1.33552981
4,CUX,2018,0,0.39973148
4,CUX,2019,0,0.7201186
4,CUX,2020,0,0.90021978
4,FXS,2018,0,-0.00791273
4,FXS,2019,0,-0.05482404
4,FXS,2020,0,-0.13183622
4,GDP,2018,0,0.21324783
4,GDP,2019,0,0.36823197
4,GDP,2020,0,0.41145335
4,GDPD,2018,0,0.30670317
4,GDPD,2019,0,0.08331935
4,GDPD,2020,0,0.02059883
4,GDPGAP,2018,0,0.1927144
4,GDPGAP,2019,0,0.32432758
4,GDPGAP,2020,0,0.36480869
4,GDPPOT,2018,0,0.02302379
4,GDPPOT,2019,0,0.04552349
4,GDPPOT,2020,0,0.03066319
4,GDPV,2018,0,0.23024925
4,GDPV,2019,0,0.45270791
4,GDPV,2020,0,0.6014281
4,IFP,2018,0,-0.01851698
4,IFP,2019,0,-0.13232067
4,IFP,2020,0,-0.34297825
4,IFPV,2018,0,0.02618589
4,IFPV,2019,0,0.00160029
4,IFPV,2020,0,-0.11130319
4,IG,2018,0,0.0
4,IG,2019,0,0.0
4,IG,2020,0,0.0
4,IGV,2018,0,0.03872859
4,IGV,2019,0,0.12833444
4,IGV,2020,0,0.24340865
4,IHP,2018,0,0.72529939
4,IHP,2019,0,2.22953437
4,IHP,2020,0,3.86259789
4,IHPV,2018,0,0.72248376
4,IHPV,2019,0,2.26984382
4,IHPV,2020,0,4.01050534
4,KFP,2018,0,-0.0009021
4,KFP,2019,0,-0.0101379
4,KFP,2020,0,-0.03889791
4,KG,2018,0,-0.0
4,KG,2019,0,-0.0
4,KG,2020,0,-0.0
4,KHP,2018,0,0.01804187
4,KHP,2019,0,0.10000885
4,KHP,2020,0,0.25645109
4,LE,2018,0,0.04480599
4,LE,2019,0,0.0949955
4,LE,2020,0,0.09074335
4,LF,2018,0,0.03877017
4,LF,2019,0,0.08044709
4,LF,2020,0,0.07154114
4,LH,2018,0,0.04952442
4,LH,2019,0,0.05184584
4,LH,2020,0,0.02498906
4,M2CD,2018,0,0.14585731
4,M2CD,2019,0,0.20497419
4,M2CD,2020,0,0.27063203
4,MGS,2018,0,0.69048568
4,MGS,2019,0,1.64857295
4,MGS,2020,0,1.85172888
4,MGSV,2018,0,0.66110615
4,MGSV,2019,0,1.60171302
4,MGSV,2020,0,1.84996908
4,NIV,2018,0,0.2864711
4,NIV,2019,0,0.49461142
4,NIV,2020,0,0.49887779
4,PCP,2018,0,0.00128793
4,PCP,2019,0,0.04218277
4,PCP,2020,0,0.12955843
4,PERR,2018,0,-0.10922374
4,PERR,2019,0,-0.54059512
4,PERR,2020,0,-1.22476732
4,PGDP,2018,0,0.01695014
4,PGDP,2019,0,0.08416061
4,PGDP,2020,0,0.18919545
4,PIFP,2018,0,0.0447157
4,PIFP,2019,0,0.13411343
4,PIFP,2020,0,0.23248695
4,PIHP,2018,0,-0.00279094
4,PIHP,2019,0,0.03931363
4,PIHP,2020,0,0.14227628
4,PLAND,2018,0,0.00504229
4,PLAND,2019,0,0.04769234
4,PLAND,2020,0,0.12747887
4,PMGS,2018,0,-0.02903299
4,PMGS,2019,0,-0.04609984
4,PMGS,2020,0,-0.00172846
4,PSHARE,2018,0,-0.12084028
4,PSHARE,2019,0,-1.06449212
4,PSHARE,2020,0,-1.96480874
4,PXGS,2018,0,-0.00319034
4,PXGS,2019,0,-0.01660856
4,PXGS,2020,0,-0.02328124
4,RCD,2018,0,0.01976922
4,RCD,2019,0,0.06337616
4,RCD,2020,0,0.08862287
4,RGB,2018,0,0.00941598
4,RGB,2019,0,0.02907554
4,RGB,2020,0,0.04234081
4,SBGVATGDPV,2018,0,0.07318852
4,SBGVATGDPV,2019,0,0.42845213
4,SBGVATGDPV,2020,0,0.90182005
4,TAXV,2018,0,-5.20732503
4,TAXV,2019,0,-4.7780616
4,TAXV,2020,0,-4.3854769
4,TCIV,2018,0,0.3190507
4,TCIV,2019,0,0.65999157
4,TCIV,2020,0,0.79033826
4,TYCV,2018,0,0.24792741
4,TYCV,2019,0,1.18856548
4,TYCV,2020,0,1.34974189
4,TYPV,2018,0,-18.01413677
4,TYPV,2019,0,-17.76044053
4,TYPV,2020,0,-17.21666146
4,UCC,2018,0,-0.08702748
4,UCC,2019,0,-0.13655973
4,UCC,2020,0,-0.13370336
4,UR,2018,0,-0.00588825
4,UR,2019,0,-0.01419577
4,UR,2020,0,-0.0186499
4,WIPH,2018,0,0.10031941
4,WIPH,2019,0,0.22215416
4,WIPH,2020,0,0.27611371
4,XGS,2018,0,-0.00014959
4,XGS,2019,0,-0.00369868
4,XGS,2020,0,-0.0172519
4,XGSV,2018,0,-0.00333992
4,XGSV,2019,0,-0.02030655
4,XGSV,2020,0,-0.04052916
4,YCV,2018,0,0.77498652
4,YCV,2019,0,1.05355958
4,YCV,2020,0,0.94969561
4,YDV,2018,0,2.02808259
4,YDV,2019,0,2.19767685
4,YDV,2020,0,2.10003575
4,YWV,2018,0,0.18485156
4,YWV,2019,0,0.35035089
4,YWV,2020,0,0.37175578
5,GDP,2018,1,0.13357923
5,GDP,2018,2,0.26916905
5,GDP,2018,3,0.40553436
5,GDP,2018,4,0.55461458
5,GDP,2019,1,0.55972365
5,GDP,2019,2,0.57290397
5,GDP,2019,3,0.57852635
5,GDP,2019,4,0.54651548
5,GDP,2020,1,0.53880053
5,GDP,2020,2,0.51258029
5,GDP,2020,3,0.47996338
5,GDP,2020,4,0.46596657
5,CP,2018,1,0.00033878
5,CP,2018,2,0.020163
5,CP,2018,3,0.07346747
5,CP,2018,4,0.13613124
5,CP,2019,1,0.20329756
5,CP,2019,2,0.25888569
5,CP,2019,3,0.28207302
5,CP,2019,4,0.28989119
5,CP,2020,1,0.28136761
5,CP,2020,2,0.26737276
5,CP,2020,3,0.24613851
5,CP,2020,4,0.22414326
5,IFP,2018,1,0.80729434
5,IFP,2018,2,1.57406861
5,IFP,2018,3,2.32628302
5,IFP,2018,4,3.06506629
5,IFP,2019,1,2.97981031
5,IFP,2019,2,2.95961462
5,IFP,2019,3,2.92159781
5,IFP,2019,4,2.8487819
5,IFP,2020,1,2.72397658
5,IFP,2020,2,2.56473701
5,IFP,2020,3,2.49409252
5,IFP,2020,4,2.48768159
5,IHP,2018,1,0.0132965
5,IHP,2018,2,0.03705199
5,IHP,2018,3,0.08066619
5,IHP,2018,4,0.15483429
5,IHP,2019,1,0.23842348
5,IHP,2019,2,0.3525791
5,IHP,2019,3,0.46787064
5,IHP,2019,4,0.58306683
5,IHP,2020,1,0.6923518
5,IHP,2020,2,0.77338417
5,IHP,2020,3,0.85036807
5,IHP,2020,4,0.9051785
5,IG,2018,1,0.0
5,IG,2018,2,0.0
5,IG,2018,3,0.0
5,IG,2018,4,0.0
5,IG,2019,1,0.0
5,IG,2019,2,0.0
5,IG,2019,3,0.0
5,IG,2019,4,0.0
5,IG,2020,1,0.0
5,IG,2020,2,0.0
5,IG,2020,3,0.0
5,IG,2020,4,0.0
5,CG,2018,1,0.0
5,CG,2018,2,0.0
5,CG,2018,3,-0.0
5,CG,2018,4,0.0
5,CG,2019,1,-0.0
5,CG,2019,2,-0.0
5,CG,2019,3,0.0
5,CG,2019,4,-0.0
5,CG,2020,1,0.0
5,CG,2020,2,0.0
5,CG,2020,3,0.0
5,CG,2020,4,0.0
5,XGS,2018,1,0.0
5,XGS,2018,2,-7.444e-05
5,XGS,2018,3,-0.00034738
5,XGS,2018,4,-0.00105532
5,XGS,2019,1,-0.00250033
5,XGS,2019,2,-0.00493698
5,XGS,2019,3,-0.00857381
5,XGS,2019,4,-0.01344017
5,XGS,2020,1,-0.01941181
5,XGS,2020,2,-0.02623744
5,XGS,2020,3,-0.03354182
5,XGS,2020,4,-0.0409548
5,MGS,2018,1,0.01655215
5,MGS,2018,2,0.05182976
5,MGS,2018,3,0.12893519
5,MGS,2018,4,0.24062306
5,MGS,2019,1,0.34777087
5,MGS,2019,2,0.44491329
5,MGS,2019,3,0.51244842
5,MGS,2019,4,0.54403979
5,MGS,2020,1,0.54950283
5,MGS,2020,2,0.53266771
5,MGS,2020,3,0.51322694
5,MGS,2020,4,0.48653031
5,GDPD,2018,1,0.53499554
5,GDPD,2018,2,0.54374957
5,GDPD,2018,3,0.54004666
5,GDPD,2018,4,0.59278186
5,GDPD,2019,1,0.02041912
5,GDPD,2019,2,0.05269588
5,GDPD,2019,3,0.0223641
5,GDPD,2019,4,-0.12382329
5,GDPD,2020,1,-0.03082492
5,GDPD,2020,2,-0.09602658
5,GDPD,2020,3,-0.13668556
5,GDPD,2020,4,-0.0567577
5,PGDP,2018,1,0.00369383
5,PGDP,2018,2,0.01088098
5,PGDP,2018,3,0.02063087
5,PGDP,2018,4,0.03857554
5,PGDP,2019,1,0.05147873
5,PGDP,2019,2,0.0730579
5,PGDP,2019,3,0.09768461
5,PGDP,2019,4,0.12042139
5,PGDP,2020,1,0.14348021
5,PGDP,2020,2,0.1680835
5,PGDP,2020,3,0.17978762
5,PGDP,2020,4,0.19684245
5,PCP,2018,1,-0.00034894
5,PCP,2018,2,-0.0001122
5,PCP,2018,3,0.00276606
5,PCP,2018,4,0.01047864
5,PCP,2019,1,0.02504752
5,PCP,2019,2,0.04579834
5,PCP,2019,3,0.0703607
5,PCP,2019,4,0.09626535
5,PCP,2020,1,0.1211868
5,PCP,2020,2,0.14429181
5,PCP,2020,3,0.16519155
5,PCP,2020,4,0.18339987
5,PIFP,2018,1,0.02118758
5,PIFP,2018,2,0.04880822
5,PIFP,2018,3,0.08078766
5,PIFP,2018,4,0.11744009
5,PIFP,2019,1,0.13668888
5,PIFP,2019,2,0.15583804
5,PIFP,2019,3,0.1733773
5,PIFP,2019,4,0.1843536
5,PIFP,2020,1,0.19732765
5,PIFP,2020,2,0.20404466
5,PIFP,2020,3,0.21171102
5,PIFP,2020,4,0.2180334
5,PIHP,2018,1,-0.00138435
5,PIHP,2018,2,-0.00253329
5,PIHP,2018,3,-0.00122319
5,PIHP,2018,4,0.00483158
5,PIHP,2019,1,0.01975278
5,PIHP,2019,2,0.04208965
5,PIHP,2019,3,0.06916203
5,PIHP,2019,4,0.09827057
5,PIHP,2020,1,0.12556586
5,PIHP,2020,2,0.1516951
5,PIHP,2020,3,0.17458776
5,PIHP,2020,4,0.19325299
5,PXGS,2018,1,-0.00080668
5,PXGS,2018,2,-0.00295765
5,PXGS,2018,3,-0.00649592
5,PXGS,2018,4,-0.01191393
5,PXGS,2019,1,-0.01840431
5,PXGS,2019,2,-0.0250584
5,PXGS,2019,3,-0.03166686
5,PXGS,2019,4,-0.03712581
5,PXGS,2020,1,-0.04136518
5,PXGS,2020,2,-0.04428163
5,PXGS,2020,3,-0.04557771
5,PXGS,2020,4,-0.04602017
5,PMGS,2018,1,-0.00104133
5,PMGS,2018,2,-0.0036468
5,PMGS,2018,3,-0.00965036
5,PMGS,2018,4,-0.01931856
5,PMGS,2019,1,-0.02585831
5,PMGS,2019,2,-0.03979923
5,PMGS,2019,3,-0.04724564
5,PMGS,2019,4,-0.05712094
5,PMGS,2020,1,-0.06855286
5,PMGS,2020,2,-0.06452347
5,PMGS,2020,3,-0.07462434
5,PMGS,2020,4,-0.08264993
5,CGPI,2018,1,-0.00050122
5,CGPI,2018,2,0.00461397
5,CGPI,2018,3,0.01063125
5,CGPI,2018,4,0.01894454
5,CGPI,2019,1,0.03258644
5,CGPI,2019,2,0.04260389
5,CGPI,2019,3,0.05673243
5,CGPI,2019,4,0.07085792
5,CGPI,2020,1,0.08215472
5,CGPI,2020,2,0.09625231
5,CGPI,2020,3,0.10554525
5,CGPI,2020,4,0.1128333
5,GDPV,2018,1,0.13727799
5,GDPV,2018,2,0.28007932
5,GDPV,2018,3,0.42624889
5,GDPV,2018,4,0.59340407
5,GDPV,2019,1,0.61149052
5,GDPV,2019,2,0.64638042
5,GDPV,2019,3,0.67677609
5,GDPV,2019,4,0.667595
5,GDPV,2020,1,0.68305381
5,GDPV,2020,2,0.68152535
5,GDPV,2020,3,0.66061392
5,GDPV,2020,4,0.66372624
5,CPV,2018,1,-1.016e-05
5,CPV,2018,2,0.02005078
5,CPV,2018,3,0.07623556
5,CPV,2018,4,0.14662415
5,CPV,2019,1,0.228396
5,CPV,2019,2,0.3048026
5,CPV,2019,3,0.35263219
5,CPV,2019,4,0.3864356
5,CPV,2020,1,0.40289539
5,CPV,2020,2,0.41205037
5,CPV,2020,3,0.41173666
5,CPV,2020,4,0.40795421
5,IFPV,2018,1,0.82865297
5,IFPV,2018,2,1.62364511
5,IFPV,2018,3,2.40895003
5,IFPV,2018,4,3.186106
5,IFPV,2019,1,3.12057226
5,IFPV,2019,2,3.12006487
5,IFPV,2019,3,3.1000405
5,IFPV,2019,4,3.03838733
5,IFPV,2020,1,2.92667939
5,IFPV,2020,2,2.77401488
5,IFPV,2020,3,2.71108381
5,IFPV,2020,4,2.71113896
5,IHPV,2018,1,0.01191197
5,IHPV,2018,2,0.03451776
5,IHPV,2018,3,0.07944201
5,IHPV,2018,4,0.15967335
5,IHPV,2019,1,0.25822336
5,IHPV,2019,2,0.39481715
5,IHPV,2019,3,0.53735627
5,IHPV,2019,4,0.68191038
5,IHPV,2020,1,0.81878701
5,IHPV,2020,2,0.92625246
5,IHPV,2020,3,1.02644047
5,IHPV,2020,4,1.10018078
5,IGV,2018,1,0.01839799
5,IGV,2018,2,0.04244054
5,IGV,2018,3,0.07086985
5,IGV,2018,4,0.10461733
5,IGV,2019,1,0.12528853
5,IGV,2019,2,0.148037
5,IGV,2019,3,0.17085872
5,IGV,2019,4,0.18863509
5,IGV,2020,1,0.20789412
5,IGV,2020,2,0.22134992
5,IGV,2020,3,0.23483938
5,IGV,2020,4,0.24603448
5,CGV,2018,1,-0.0
5,CGV,2018,2,-0.00012955
5,CGV,2018,3,0.00049064
5,CGV,2018,4,0.00337954
5,CGV,2019,1,0.01028706
5,CGV,2019,2,0.02267892
5,CGV,2019,3,0.03990923
5,CGV,2019,4,0.06048636
5,CGV,2020,1,0.08245331
5,CGV,2020,2,0.10403695
5,CGV,2020,3,0.12447718
5,CGV,2020,4,0.14318631
5,XGSV,2018,1,-0.00080668
5,XGSV,2018,2,-0.00303209
5,XGSV,2018,3,-0.00684327
5,XGSV,2018,4,-0.01296912
5,XGSV,2019,1,-0.02090418
5,XGSV,2019,2,-0.02999414
5,XGSV,2019,3,-0.04023795
5,XGSV,2019,4,-0.05056099
5,XGSV,2020,1,-0.06076896
5,XGSV,2020,2,-0.07050745
5,XGSV,2020,3,-0.07910424
5,XGSV,2020,4,-0.08695613
5,MGSV,2018,1,0.01551065
5,MGSV,2018,2,0.04818106
5,MGSV,2018,3,0.11927238
5,MGSV,2018,4,0.22125801
5,MGSV,2019,1,0.32182263
5,MGSV,2019,2,0.40493699
5,MGSV,2019,3,0.46496067
5,MGSV,2019,4,0.48660809
5,MGSV,2020,1,0.48057327
5,MGSV,2020,2,0.46780054
5,MGSV,2020,3,0.43821961
5,MGSV,2020,4,0.40347826
5,NIV,2018,1,0.18750008
5,NIV,2018,2,0.35583363
5,NIV,2018,3,0.52556762
5,NIV,2018,4,0.71977651
5,NIV,2019,1,0.71516008
5,NIV,2019,2,0.70080727
5,NIV,2019,3,0.66753992
5,NIV,2019,4,0.57315937
5,NIV,2020,1,0.53357581
5,NIV,2020,2,0.45409279
5,NIV,2020,3,0.37441916
5,NIV,2020,4,0.36357212
5,YWV,2018,1,0.10810507
5,YWV,2018,2,0.22999452
5,YWV,2018,3,0.36109172
5,YWV,2018,4,0.52427071
5,YWV,2019,1,0.56827942
5,YWV,2019,2,0.582936
5,YWV,2019,3,0.57849232
5,YWV,2019,4,0.52943189
5,YWV,2020,1,0.51921687
5,YWV,2020,2,0.48393747
5,YWV,2020,3,0.45604084
5,YWV,2020,4,0.46643003
5,YCV,2018,1,0.66286098
5,YCV,2018,2,0.92763996
5,YCV,2018,3,1.28467245
5,YCV,2018,4,1.72247744
5,YCV,2019,1,1.30478379
5,YCV,2019,2,0.98866485
5,YCV,2019,3,0.73892492
5,YCV,2019,4,0.27290438
5,YCV,2020,1,0.1073178
5,YCV,2020,2,-1.09708892
5,YCV,2020,3,-1.07327244
5,YCV,2020,4,-0.69973882
5,YDV,2018,1,0.09038832
5,YDV,2018,2,0.22975212
5,YDV,2018,3,0.35718831
5,YDV,2018,4,0.52383544
5,YDV,2019,1,0.589996
5,YDV,2019,2,0.62493992
5,YDV,2019,3,0.62448032
5,YDV,2019,4,0.58754591
5,YDV,2020,1,0.56973685
5,YDV,2020,2,0.49705611
5,YDV,2020,3,0.48735374
5,YDV,2020,4,0.51005874
5,TAXV,2018,1,-5.4593327
5,TAXV,2018,2,-5.2476697
5,TAXV,2018,3,-5.08982089
5,TAXV,2018,4,-4.89021472
5,TAXV,2019,1,-4.75869362
5,TAXV,2019,2,-4.85072063
5,TAXV,2019,3,-4.75381748
5,TAXV,2019,4,-4.66751426
5,TAXV,2020,1,-4.68393766
5,TAXV,2020,2,-4.42839308
5,TAXV,2020,3,-4.67427718
5,TAXV,2020,4,-4.76057296
5,TYPV,2018,1,0.10152369
5,TYPV,2018,2,0.15401507
5,TYPV,2018,3,0.30887553
5,TYPV,2018,4,0.43969971
5,TYPV,2019,1,0.53855276
5,TYPV,2019,2,0.64628318
5,TYPV,2019,3,0.68782387
5,TYPV,2019,4,0.68759259
5,TYPV,2020,1,0.68127469
5,TYPV,2020,2,0.61595062
5,TYPV,2020,3,0.59440882
5,TYPV,2020,4,0.54540043
5,TYCV,2018,1,-21.90896065
5,TYCV,2018,2,-20.88102001
5,TYCV,2018,3,-20.39664243
5,TYCV,2018,4,-20.02635167
5,TYCV,2019,1,-20.2662353
5,TYCV,2019,2,-21.23288037
5,TYCV,2019,3,-20.97932644
5,TYCV,2019,4,-20.31612271
5,TYCV,2020,1,-19.72135528
5,TYCV,2020,2,-19.69572464
5,TYCV,2020,3,-21.12893717
5,TYCV,2020,4,-21.62986339
5,TCIV,2018,1,0.1292029
5,TCIV,2018,2,0.26676733
5,TCIV,2018,3,0.41212447
5,TCIV,2018,4,0.58058455
5,TCIV,2019,1,0.6155526
5,TCIV,2019,2,0.659679
5,TCIV,2019,3,0.69485972
5,TCIV,2019,4,0.68599336
5,TCIV,2020,1,0.69458704
5,TCIV,2020,2,0.67402581
5,TCIV,2020,3,0.65984724
5,TCIV,2020,4,0.67393064
5,WIPH,2018,1,0.05526132
5,WIPH,2018,2,0.12346103
5,WIPH,2018,3,0.20388567
5,WIPH,2018,4,0.30825121
5,WIPH,2019,1,0.36050375
5,WIPH,2019,2,0.38256961
5,WIPH,2019,3,0.40141579
5,WIPH,2019,4,0.39247169
5,WIPH,2020,1,0.40228496
5,WIPH,2020,2,0.3986273
5,WIPH,2020,3,0.3911931
5,WIPH,2020,4,0.4116165
5,LE,2018,1,0.02370611
5,LE,2018,2,0.05399483
5,LE,2018,3,0.0906026
5,LE,2018,4,0.13596666
5,LE,2019,1,0.15627654
5,LE,2019,2,0.16322468
5,LE,2019,3,0.16120401
5,LE,2019,4,0.1474787
5,LE,2020,1,0.1399945
5,LE,2020,2,0.12795826
5,LE,2020,3,0.11222017
5,LE,2020,4,0.10672003
5,LF,2018,1,0.02092313
5,LF,2018,2,0.04734016
5,LF,2018,3,0.07975394
5,LF,2018,4,0.12068628
5,LF,2019,1,0.13958315
5,LF,2019,2,0.14607031
5,LF,2019,3,0.14423411
5,LF,2019,4,0.13160991
5,LF,2020,1,0.12524863
5,LF,2020,2,0.11471929
5,LF,2020,3,0.10098867
5,LF,2020,4,0.09734277
5,LH,2018,1,0.03520188
5,LH,2018,2,0.0639077
5,LH,2018,3,0.08546985
5,LH,2018,4,0.1085706
5,LH,2019,1,0.08303242
5,LH,2019,2,0.06530297
5,LH,2019,3,0.04616506
5,LH,2019,4,0.01862139
5,LH,2020,1,0.00578934
5,LH,2020,2,-0.01790516
5,LH,2020,3,-0.02366967
5,LH,2020,4,-0.0249966
5,UR,2018,1,-0.00270743
5,UR,2018,2,-0.0064842
5,UR,2018,3,-0.01058925
5,UR,2018,4,-0.01489994
5,UR,2019,1,-0.01625237
5,UR,2019,2,-0.01669817
5,UR,2019,3,-0.01659594
5,UR,2019,4,-0.01548342
5,UR,2020,1,-0.0143506
5,UR,2020,2,-0.01284541
5,UR,2020,3,-0.01091365
5,UR,2020,4,-0.00908105
5,CUX,2018,1,0.25033322
5,CUX,2018,2,0.48046109
5,CUX,2018,3,0.69016348
5,CUX,2018,4,0.8964725
5,CUX,2019,1,0.82572457
5,CUX,2019,2,0.78934694
5,CUX,2019,3,0.75285051
5,CUX,2019,4,0.65345058
5,CUX,2020,1,0.59457256
5,CUX,2020,2,0.51610863
5,CUX,2020,3,0.4111744
5,CUX,2020,4,0.33521144
5,GDPPOT,2018,1,0.01249979
5,GDPPOT,2018,2,0.03844333
5,GDPPOT,2018,3,0.07745421
5,GDPPOT,2018,4,0.12964599
5,GDPPOT,2019,1,0.17752796
5,GDPPOT,2019,2,0.21577535
5,GDPPOT,2019,3,0.24765382
5,GDPPOT,2019,4,0.27216978
5,GDPPOT,2020,1,0.2963204
5,GDPPOT,2020,2,0.31630901
5,GDPPOT,2020,3,0.33001819
5,GDPPOT,2020,4,0.34827033
5,GDPGAP,2018,1,0.12370555
5,GDPGAP,2018,2,0.23565685
5,GDPGAP,2018,3,0.3319458
5,GDPGAP,2018,4,0.42824344
5,GDPGAP,2019,1,0.38626994
5,GDPGAP,2019,2,0.36207344
5,GDPGAP,2019,3,0.33470818
5,GDPGAP,2019,4,0.26862153
5,GDPGAP,2020,1,0.23862152
5,GDPGAP,2020,2,0.17876667
5,GDPGAP,2020,3,0.14338211
5,GDPGAP,2020,4,0.11405342
5,RCD,2018,1,0.00876236
5,RCD,2018,2,0.02440717
5,RCD,2018,3,0.04556893
5,RCD,2018,4,0.07202058
5,RCD,2019,1,0.09240006
5,RCD,2019,2,0.10647013
5,RCD,2019,3,0.11517341
5,RCD,2019,4,0.11655227
5,RCD,2020,1,0.11497794
5,RCD,2020,2,0.10867555
5,RCD,2020,3,0.09921034
5,RCD,2020,4,0.09060982
5,RGB,2018,1,0.00446977
5,RGB,2018,2,0.01189275
5,RGB,2018,3,0.02167935
5,RGB,2018,4,0.03379891
5,RGB,2019,1,0.04250766
5,RGB,2019,2,0.04846809
5,RGB,2019,3,0.05227198
5,RGB,2019,4,0.05299509
5,RGB,2020,1,0.05310275
5,RGB,2020,2,0.05144534
5,RGB,2020,3,0.04890108
5,RGB,2020,4,0.04731427
5,PERR,2018,1,-2.60460608
5,PERR,2018,2,-2.80467556
5,PERR,2018,3,-2.73079675
5,PERR,2018,4,-2.9340665
5,PERR,2019,1,-3.53121666
5,PERR,2019,2,-3.8399165
5,PERR,2019,3,-4.36876937
5,PERR,2019,4,-4.89874621
5,PERR,2020,1,-5.66676573
5,PERR,2020,2,-5.98043085
5,PERR,2020,3,-10.8138865
5,PERR,2020,4,-16.93728787
5,UCC,2018,1,0.41699041
5,UCC,2018,2,0.59212925
5,UCC,2018,3,0.59329195
5,UCC,2018,4,0.60846242
5,UCC,2019,1,0.72369345
5,UCC,2019,2,0.78602009
5,UCC,2019,3,0.86466862
5,UCC,2019,4,0.90242877
5,UCC,2020,1,1.07292024
5,UCC,2020,2,0.57757344
5,UCC,2020,3,0.55688006
5,UCC,2020,4,0.77722483
5,FXS,2018,1,-0.00202015
5,FXS,2018,2,-0.00737092
5,FXS,2018,3,-0.01787793
5,FXS,2018,4,-0.03500936
5,FXS,2019,1,-0.05739653
5,FXS,2019,2,-0.08407411
5,FXS,2019,3,-0.11310912
5,FXS,2019,4,-0.14258263
5,FXS,2020,1,-0.17178689
5,FXS,2020,2,-0.1992514
5,FXS,2020,3,-0.22464582
5,FXS,2020,4,-0.24814513
5,PSHARE,2018,1,-0.00810676
5,PSHARE,2018,2,-0.09557786
5,PSHARE,2018,3,-0.30648328
5,PSHARE,2018,4,-0.66841769
5,PSHARE,2019,1,-1.17913164
5,PSHARE,2019,2,-1.71997687
5,PSHARE,2019,3,-2.21311359
5,PSHARE,2019,4,-2.59333586
5,PSHARE,2020,1,-2.81731168
5,PSHARE,2020,2,-2.90433843
5,PSHARE,2020,3,-2.87139169
5,PSHARE,2020,4,-2.7415929
5,PLAND,2018,1,-0.0001104
5,PLAND,2018,2,0.00358368
5,PLAND,2018,3,0.01092174
5,PLAND,2018,4,0.02307155
5,PLAND,2019,1,0.04159498
5,PLAND,2019,2,0.06281666
5,PLAND,2019,3,0.08836645
5,PLAND,2019,4,0.11696432
5,PLAND,2020,1,0.14687926
5,PLAND,2020,2,0.17821324
5,PLAND,2020,3,0.20874224
5,PLAND,2020,4,0.23786055
5,M2CD,2018,1,0.10209875
5,M2CD,2018,2,0.18314128
5,M2CD,2018,3,0.24962856
5,M2CD,2018,4,0.31700358
5,M2CD,2019,1,0.27159553
5,M2CD,2019,2,0.26376474
5,M2CD,2019,3,0.2710601
5,M2CD,2019,4,0.26722693
5,M2CD,2020,1,0.29562643
5,M2CD,2020,2,0.31948358
5,M2CD,2020,3,0.34481884
5,M2CD,2020,4,0.38180879
5,BGVATGDPV,2018,1,-0.98189408
5,BGVATGDPV,2018,2,-0.95941267
5,BGVATGDPV,2018,3,-0.92487081
5,BGVATGDPV,2018,4,-0.88585392
5,BGVATGDPV,2019,1,-0.85844895
5,BGVATGDPV,2019,2,-0.84323322
5,BGVATGDPV,2019,3,-0.83886547
5,BGVATGDPV,2019,4,-0.84432997
5,BGVATGDPV,2020,1,-0.8607432
5,BGVATGDPV,2020,2,-0.82669553
5,BGVATGDPV,2020,3,-0.85518004
5,BGVATGDPV,2020,4,-0.88036004
5,SBGVATGDPV,2018,1,-0.07045799
5,SBGVATGDPV,2018,2,-0.15893931
5,SBGVATGDPV,2018,3,-0.25979221
5,SBGVATGDPV,2018,4,-0.44483693
5,SBGVATGDPV,2019,1,-0.27727818
5,SBGVATGDPV,2019,2,-0.1541195
5,SBGVATGDPV,2019,3,-0.01853507
5,SBGVATGDPV,2019,4,0.22599334
5,SBGVATGDPV,2020,1,0.41417235
5,SBGVATGDPV,2020,2,0.62727331
5,SBGVATGDPV,2020,3,0.84180144
5,SBGVATGDPV,2020,4,1.04396212
5,BCVATGDPV,2018,1,-0.00864665
5,BCVATGDPV,2018,2,-0.02131608
5,BCVATGDPV,2018,3,-0.04073846
5,BCVATGDPV,2018,4,-0.06708755
5,BCVATGDPV,2019,1,-0.09057982
5,BCVATGDPV,2019,2,-0.11440414
5,BCVATGDPV,2019,3,-0.16342885
5,BCVATGDPV,2019,4,-0.20616268
5,BCVATGDPV,2020,1,-0.23321268
5,BCVATGDPV,2020,2,-0.24988867
5,BCVATGDPV,2020,3,-0.28865211
5,BCVATGDPV,2020,4,-0.28721103
5,KFP,2018,1,0.02524099
5,KFP,2018,2,0.07404127
5,KFP,2018,3,0.14294459
5,KFP,2018,4,0.23386843
5,KFP,2019,1,0.31931416
5,KFP,2019,2,0.40133611
5,KFP,2019,3,0.48113872
5,KFP,2019,4,0.55074725
5,KFP,2020,1,0.61623715
5,KFP,2020,2,0.67088758
5,KFP,2020,3,0.72183236
5,KFP,2020,4,0.7717728
5,KHP,2018,1,0.00016998
5,KHP,2018,2,0.00062762
5,KHP,2018,3,0.0016255
5,KHP,2018,4,0.00356925
5,KHP,2019,1,0.00662677
5,KHP,2019,2,0.01119355
5,KHP,2019,3,0.01727228
5,KHP,2019,4,0.02466182
5,KHP,2020,1,0.03296179
5,KHP,2020,2,0.0421693
5,KHP,2020,3,0.05176296
5,KHP,2020,4,0.06190038
5,KG,2018,1,-0.0
5,KG,2018,2,0.0
5,KG,2018,3,-0.0
5,KG,2018,4,0.0
5,KG,2019,1,-0.0
5,KG,2019,2,-0.0
5,KG,2019,3,0.0
5,KG,2019,4,-0.0
5,KG,2020,1,-0.0
5,KG,2020,2,0.0
5,KG,2020,3,0.0
5,KG,2020,4,0.0
5,BCVATGDPV,2018,0,-0.03444718
5,BCVATGDPV,2019,0,-0.14364387
5,BCVATGDPV,2020,0,-0.26474112
5,BGVATGDPV,2018,0,-0.93800787
5,BGVATGDPV,2019,0,-0.8462194
5,BGVATGDPV,2020,0,-0.8557447
5,CG,2018,0,0.0
5,CG,2019,0,-0.0
5,CG,2020,0,0.0
5,CGPI,2018,0,0.00842213
5,CGPI,2019,0,0.05069517
5,CGPI,2020,0,0.09919639
5,CGV,2018,0,0.00093516
5,CGV,2019,0,0.03334039
5,CGV,2020,0,0.11353844
5,CP,2018,0,0.05752512
5,CP,2019,0,0.25853686
5,CP,2020,0,0.25475554
5,CPV,2018,0,0.06072508
5,CPV,2019,0,0.3180666
5,CPV,2020,0,0.40865916
5,CUX,2018,0,0.57935757
5,CUX,2019,0,0.75534315
5,CUX,2020,0,0.46426676
5,FXS,2018,0,-0.01556959
5,FXS,2019,0,-0.0992906
5,FXS,2020,0,-0.21095731
5,GDP,2018,0,0.34072431
5,GDP,2019,0,0.56441736
5,GDP,2020,0,0.49932769
5,GDPD,2018,0,0.55289341
5,GDPD,2019,0,-0.00708605
5,GDPD,2020,0,-0.08007369
5,GDPGAP,2018,0,0.27988791
5,GDPGAP,2019,0,0.33791827
5,GDPGAP,2020,0,0.16870593
5,GDPPOT,2018,0,0.06451083
5,GDPPOT,2019,0,0.22828173
5,GDPPOT,2020,0,0.32272948
5,GDPV,2018,0,0.35925257
5,GDPV,2019,0,0.65056051
5,GDPV,2020,0,0.67222983
5,IFP,2018,0,1.94317806
5,IFP,2019,0,2.92745116
5,IFP,2020,0,2.56762192
5,IFPV,2018,0,2.01183853
5,IFPV,2019,0,3.09476624
5,IFPV,2020,0,2.78072926
5,IG,2018,0,0.0
5,IG,2019,0,0.0
5,IG,2020,0,0.0
5,IGV,2018,0,0.05908143
5,IGV,2019,0,0.15820483
5,IGV,2020,0,0.22752947
5,IHP,2018,0,0.07146224
5,IHP,2019,0,0.41048501
5,IHP,2020,0,0.80532063
5,IHPV,2018,0,0.07138627
5,IHPV,2019,0,0.46807679
5,IHPV,2020,0,0.96791518
5,KFP,2018,0,0.11902382
5,KFP,2019,0,0.43813406
5,KFP,2020,0,0.69518247
5,KG,2018,0,0.0
5,KG,2019,0,-0.0
5,KG,2020,0,0.0
5,KHP,2018,0,0.00149809
5,KHP,2019,0,0.0149386
5,KHP,2020,0,0.04719861
5,LE,2018,0,0.07606755
5,LE,2019,0,0.15704598
5,LE,2020,0,0.12172324
5,LF,2018,0,0.06717588
5,LF,2019,0,0.14037437
5,LF,2020,0,0.10957484
5,LH,2018,0,0.07328751
5,LH,2019,0,0.05328046
5,LH,2020,0,-0.01519552
5,M2CD,2018,0,0.21296804
5,M2CD,2019,0,0.26841182
5,M2CD,2020,0,0.33543441
5,MGS,2018,0,0.10948504
5,MGS,2019,0,0.46229309
5,MGS,2020,0,0.52048195
5,MGSV,2018,0,0.10105553
5,MGSV,2019,0,0.41958209
5,MGSV,2020,0,0.44751792
5,NIV,2018,0,0.44716946
5,NIV,2019,0,0.66416666
5,NIV,2020,0,0.43141497
5,PCP,2018,0,0.00319589
5,PCP,2019,0,0.05936798
5,PCP,2020,0,0.15351751
5,PERR,2018,0,-2.76853622
5,PERR,2019,0,-4.15966219
5,PERR,2020,0,-9.84959274
5,PGDP,2018,0,0.0184453
5,PGDP,2019,0,0.08566066
5,PGDP,2020,0,0.17204845
5,PIFP,2018,0,0.06705589
5,PIFP,2019,0,0.16256445
5,PIFP,2020,0,0.20777918
5,PIHP,2018,0,-7.731e-05
5,PIHP,2019,0,0.05731876
5,PIHP,2020,0,0.16127543
5,PLAND,2018,0,0.00936664
5,PLAND,2019,0,0.0774356
5,PLAND,2020,0,0.19292382
5,PMGS,2018,0,-0.00841426
5,PMGS,2019,0,-0.04250603
5,PMGS,2020,0,-0.07258765
5,PSHARE,2018,0,-0.2696464
5,PSHARE,2019,0,-1.92638949
5,PSHARE,2020,0,-2.83365868
5,PXGS,2018,0,-0.00554354
5,PXGS,2019,0,-0.02806384
5,PXGS,2020,0,-0.04431117
5,RCD,2018,0,0.03768976
5,RCD,2019,0,0.10764897
5,RCD,2020,0,0.10336842
5,RGB,2018,0,0.0179602
5,RGB,2019,0,0.04906071
5,RGB,2020,0,0.05019086
5,SBGVATGDPV,2018,0,-0.23350661
5,SBGVATGDPV,2019,0,-0.05598485
5,SBGVATGDPV,2020,0,0.73180231
5,TAXV,2018,0,-5.1717595
5,TAXV,2019,0,-4.7576865
5,TAXV,2020,0,-4.63679522
5,TCIV,2018,0,0.34716981
5,TCIV,2019,0,0.66402117
5,TCIV,2020,0,0.67559768
5,TYCV,2018,0,-20.80324369
5,TYCV,2019,0,-20.69864121
5,TYCV,2020,0,-20.54397012
5,TYPV,2018,0,0.2510285
5,TYPV,2019,0,0.6400631
5,TYPV,2020,0,0.60925864
5,UCC,2018,0,0.55271851
5,UCC,2019,0,0.81920273
5,UCC,2020,0,0.74614964
5,UR,2018,0,-0.00867021
5,UR,2019,0,-0.01625747
5,UR,2020,0,-0.01179768
5,WIPH,2018,0,0.17271481
5,WIPH,2019,0,0.38424021
5,WIPH,2020,0,0.40093047
5,XGS,2018,0,-0.00036928
5,XGS,2019,0,-0.00736282
5,XGS,2020,0,-0.03003647
5,XGSV,2018,0,-0.00591279
5,XGSV,2019,0,-0.03542431
5,XGSV,2020,0,-0.07433419
5,YCV,2018,0,1.14941271
5,YCV,2019,0,0.82631949
5,YCV,2020,0,-0.69069559
5,YDV,2018,0,0.30029105
5,YDV,2019,0,0.60674054
5,YDV,2020,0,0.51605136
5,YWV,2018,0,0.3058655
5,YWV,2019,0,0.56478491
5,YWV,2020,0,0.4814063
6,GDP,2018,1,-0.36869739
6,GDP,2018,2,-0.10656734
6,GDP,2018,3,-0.2433847
6,GDP,2018,4,-0.20711875
6,GDP,2019,1,-0.22922679
6,GDP,2019,2,-0.2432143
6,GDP,2019,3,-0.24307938
6,GDP,2019,4,-0.25254362
6,GDP,2020,1,-0.25070125
6,GDP,2020,2,-0.25105452
6,GDP,2020,3,-0.26533109
6,GDP,2020,4,-0.26955955
6,CP,2018,1,-0.55143517
6,CP,2018,2,-0.30807578
6,CP,2018,3,-0.53486219
6,CP,2018,4,-0.51923009
6,CP,2019,1,-0.53569972
6,CP,2019,2,-0.5522177
6,CP,2019,3,-0.55225588
6,CP,2019,4,-0.57404472
6,CP,2020,1,-0.55519233
6,CP,2020,2,-0.54421216
6,CP,2020,3,-0.54838301
6,CP,2020,4,-0.57500023
6,IFP,2018,1,-0.00701076
6,IFP,2018,2,-0.00166039
6,IFP,2018,3,-0.01823342
6,IFP,2018,4,-0.03453677
6,IFP,2019,1,-0.04760365
6,IFP,2019,2,-0.04641602
6,IFP,2019,3,-0.03775264
6,IFP,2019,4,-0.03346832
6,IFP,2020,1,-0.03299178
6,IFP,2020,2,-0.0332899
6,IFP,2020,3,-0.03387999
6,IFP,2020,4,-0.03435311
6,IHP,2018,1,-1.37321128
6,IHP,2018,2,-1.36489732
6,IHP,2018,3,-1.52121001
6,IHP,2018,4,-1.62101061
6,IHP,2019,1,-1.68890371
6,IHP,2019,2,-1.87802141
6,IHP,2019,3,-1.96551707
6,IHP,2019,4,-2.10863516
6,IHP,2020,1,-2.17587071
6,IHP,2020,2,-2.28284676
6,IHP,2020,3,-2.33899519
6,IHP,2020,4,-2.43313931
6,IG,2018,1,0.0
6,IG,2018,2,0.0
6,IG,2018,3,0.0
6,IG,2018,4,0.0
6,IG,2019,1,0.0
6,IG,2019,2,0.0
6,IG,2019,3,0.0
6,IG,2019,4,0.0
6,IG,2020,1,0.0
6,IG,2020,2,0.0
6,IG,2020,3,0.0
6,IG,2020,4,0.0
6,CG,2018,1,0.0
6,CG,2018,2,0.0
6,CG,2018,3,0.0
6,CG,2018,4,0.0
6,CG,2019,1,0.0
6,CG,2019,2,0.0
6,CG,2019,3,0.0
6,CG,2019,4,-0.0
6,CG,2020,1,0.0
6,CG,2020,2,0.0
6,CG,2020,3,0.0
6,CG,2020,4,0.0
6,XGS,2018,1,-0.00022008
6,XGS,2018,2,-0.00041299
6,XGS,2018,3,-0.0008079
6,XGS,2018,4,-0.00112594
6,XGS,2019,1,-0.0014298
6,XGS,2019,2,-0.00163776
6,XGS,2019,3,-0.00167242
6,XGS,2019,4,-0.00149571
6,XGS,2020,1,-0.0011025
6,XGS,2020,2,-0.00052349
6,XGS,2020,3,0.00023042
6,XGS,2020,4,0.00116836
6,MGS,2018,1,0.03856375
6,MGS,2018,2,-0.6146229
6,MGS,2018,3,-0.6379118
6,MGS,2018,4,-0.79227352
6,MGS,2019,1,-0.8043188
6,MGS,2019,2,-0.8189702
6,MGS,2019,3,-0.84019836
6,MGS,2019,4,-0.87052414
6,MGS,2020,1,-0.87328213
6,MGS,2020,2,-0.84149492
6,MGS,2020,3,-0.85256955
6,MGS,2020,4,-0.88966955
6,GDPD,2018,1,-2.81330921
6,GDPD,2018,2,1.05650747
6,GDPD,2018,3,-0.54387498
6,GDPD,2018,4,0.14514094
6,GDPD,2019,1,-0.08903231
6,GDPD,2019,2,-0.05636534
6,GDPD,2019,3,0.00054106
6,GDPD,2019,4,-0.03691075
6,GDPD,2020,1,0.0074201
6,GDPD,2020,2,-0.00130404
6,GDPD,2020,3,-0.06028589
6,GDPD,2020,4,-0.01727477
6,PGDP,2018,1,0.43612589
6,PGDP,2018,2,0.43621482
6,PGDP,2018,3,0.43419522
6,PGDP,2018,4,0.43175878
6,PGDP,2019,1,0.41406428
6,PGDP,2019,2,0.40265967
6,PGDP,2019,3,0.38595472
6,PGDP,2019,4,0.36565217
6,PGDP,2020,1,0.34826963
6,PGDP,2020,2,0.33927793
6,PGDP,2020,3,0.31773201
6,PGDP,2020,4,0.29594848
6,PCP,2018,1,0.50198415
6,PCP,2018,2,0.50513545
6,PCP,2018,3,0.50518175
6,PCP,2018,4,0.50000865
6,PCP,2019,1,0.4890211
6,PCP,2019,2,0.47668108
6,PCP,2019,3,0.46348331
6,PCP,2019,4,0.44473491
6,PCP,2020,1,0.43018476
6,PCP,2020,2,0.41491761
6,PCP,2020,3,0.39912272
6,PCP,2020,4,0.38303816
6,PIFP,2018,1,0.14097754
6,PIFP,2018,2,0.15849266
6,PIFP,2018,3,0.12786942
6,PIFP,2018,4,0.1292867
6,PIFP,2019,1,0.10894249
6,PIFP,2019,2,0.09812436
6,PIFP,2019,3,0.08187902
6,PIFP,2019,4,0.06638188
6,PIFP,2020,1,0.05027317
6,PIFP,2020,2,0.04107302
6,PIFP,2020,3,0.02346457
6,PIFP,2020,4,0.00802776
6,PIHP,2018,1,0.7568692
6,PIHP,2018,2,0.76088041
6,PIHP,2018,3,0.76248097
6,PIHP,2018,4,0.75926406
6,PIHP,2019,1,0.74487566
6,PIHP,2019,2,0.73146906
6,PIHP,2019,3,0.71547147
6,PIHP,2019,4,0.68771524
6,PIHP,2020,1,0.67139143
6,PIHP,2020,2,0.65280048
6,PIHP,2020,3,0.634287
6,PIHP,2020,4,0.61787235
6,PXGS,2018,1,-0.0019246
6,PXGS,2018,2,-0.00107908
6,PXGS,2018,3,-0.00189946
6,PXGS,2018,4,-0.00154549
6,PXGS,2019,1,-0.00224141
6,PXGS,2019,2,-0.00393126
6,PXGS,2019,3,-0.006457
6,PXGS,2019,4,-0.00988871
6,PXGS,2020,1,-0.01396989
6,PXGS,2020,2,-0.01884514
6,PXGS,2020,3,-0.02509494
6,PXGS,2020,4,-0.03141436
6,PMGS,2018,1,-0.00198241
6,PMGS,2018,2,0.0122219
6,PMGS,2018,3,0.02013651
6,PMGS,2018,4,0.02947697
6,PMGS,2019,1,0.01064888
6,PMGS,2019,2,0.01649929
6,PMGS,2019,3,0.00457288
6,PMGS,2019,4,0.00351173
6,PMGS,2020,1,0.00584371
6,PMGS,2020,2,-0.04031616
6,PMGS,2020,3,-0.03386496
6,PMGS,2020,4,-0.03205859
6,CGPI,2018,1,0.8759817
6,CGPI,2018,2,0.85218182
6,CGPI,2018,3,0.86424965
6,CGPI,2018,4,0.85609058
6,CGPI,2019,1,0.84690112
6,CGPI,2019,2,0.83810847
6,CGPI,2019,3,0.82719112
6,CGPI,2019,4,0.80449404
6,CGPI,2020,1,0.79387627
6,CGPI,2020,2,0.77411234
6,CGPI,2020,3,0.76578002
6,CGPI,2020,4,0.75483633
6,GDPV,2018,1,0.06582052
6,GDPV,2018,2,0.32918262
6,GDPV,2018,3,0.18975375
6,GDPV,2018,4,0.22374578
6,GDPV,2019,1,0.18388835
6,GDPV,2019,2,0.15846605
6,GDPV,2019,3,0.14193717
6,GDPV,2019,4,0.11218512
6,GDPV,2020,1,0.09669526
6,GDPV,2020,2,0.08737163
6,GDPV,2020,3,0.05155788
6,GDPV,2020,4,0.02559117
6,CPV,2018,1,-0.05221913
6,CPV,2018,2,0.19550347
6,CPV,2018,3,-0.03238247
6,CPV,2018,4,-0.02181763
6,CPV,2019,1,-0.04929831
6,CPV,2019,2,-0.07816894
6,CPV,2019,3,-0.09133218
6,CPV,2019,4,-0.13186279
6,CPV,2020,1,-0.12739592
6,CPV,2020,2,-0.13155258
6,CPV,2020,3,-0.15144901
6,CPV,2020,4,-0.19416454
6,IFPV,2018,1,0.1339569
6,IFPV,2018,2,0.15682964
6,IFPV,2018,3,0.10961268
6,IFPV,2018,4,0.09470528
6,IFPV,2019,1,0.06128698
6,IFPV,2019,2,0.0516628
6,IFPV,2019,3,0.04409548
6,IFPV,2019,4,0.03289135
6,IFPV,2020,1,0.01726481
6,IFPV,2020,2,0.00776945
6,IFPV,2020,3,-0.01042337
6,IFPV,2020,4,-0.02632812
6,IHPV,2018,1,-0.62673549
6,IHPV,2018,2,-0.61440214
6,IHPV,2018,3,-0.77032798
6,IHPV,2018,4,-0.8740543
6,IHPV,2019,1,-0.95660828
6,IHPV,2019,2,-1.1602895
6,IHPV,2019,3,-1.26410831
6,IHPV,2019,4,-1.43542133
6,IHPV,2020,1,-1.51908788
6,IHPV,2020,2,-1.64494872
6,IHPV,2020,3,-1.71954414
6,IHPV,2020,4,-1.83030065
6,IGV,2018,1,0.40297487
6,IGV,2018,2,0.41982409
6,IGV,2018,3,0.39329621
6,IGV,2018,4,0.39401497
6,IGV,2019,1,0.3724111
6,IGV,2019,2,0.35922998
6,IGV,2019,3,0.34050709
6,IGV,2019,4,0.3190281
6,IGV,2020,1,0.30022782
6,IGV,2020,2,0.28695294
6,IGV,2020,3,0.26615902
6,IGV,2020,4,0.24777042
6,CGV,2018,1,0.46207596
6,CGV,2018,2,0.46469145
6,CGV,2018,3,0.46637515
6,CGV,2018,4,0.46632918
6,CGV,2019,1,0.46179608
6,CGV,2019,2,0.4532723
6,CGV,2019,3,0.44334963
6,CGV,2019,4,0.42788384
6,CGV,2020,1,0.41621687
6,CGV,2020,2,0.40373645
6,CGV,2020,3,0.39049113
6,CGV,2020,4,0.37679044
6,XGSV,2018,1,-0.00214468
6,XGSV,2018,2,-0.00149206
6,XGSV,2018,3,-0.00270734
6,XGSV,2018,4,-0.00267141
6,XGSV,2019,1,-0.00367118
6,XGSV,2019,2,-0.00556896
6,XGSV,2019,3,-0.00812931
6,XGSV,2019,4,-0.01138427
6,XGSV,2020,1,-0.01507224
6,XGSV,2020,2,-0.01936854
6,XGSV,2020,3,-0.02486458
6,XGSV,2020,4,-0.03024636
6,MGSV,2018,1,0.03658057
6,MGSV,2018,2,-0.60247612
6,MGSV,2018,3,-0.61790374
6,MGSV,2018,4,-0.76303009
6,MGSV,2019,1,-0.79375557
6,MGSV,2019,2,-0.80260604
6,MGSV,2019,3,-0.8356639
6,MGSV,2019,4,-0.86704298
6,MGSV,2020,1,-0.86748945
6,MGSV,2020,2,-0.88147183
6,MGSV,2020,3,-0.8861458
6,MGSV,2020,4,-0.92144293
6,NIV,2018,1,-0.56236677
6,NIV,2018,2,-0.26140166
6,NIV,2018,3,-0.45456441
6,NIV,2018,4,-0.4178648
6,NIV,2019,1,-0.47713666
6,NIV,2019,2,-0.49950015
6,NIV,2019,3,-0.52315905
6,NIV,2019,4,-0.42145156
6,NIV,2020,1,-0.42942989
6,NIV,2020,2,-0.53458356
6,NIV,2020,3,-0.59004693
6,NIV,2020,4,-0.6241679
6,YWV,2018,1,-0.28693993
6,YWV,2018,2,-0.12654176
6,YWV,2018,3,-0.18560689
6,YWV,2018,4,-0.27810729
6,YWV,2019,1,-0.19949085
6,YWV,2019,2,-0.29438637
6,YWV,2019,3,-0.26055171
6,YWV,2019,4,-0.22310689
6,YWV,2020,1,-0.20543509
6,YWV,2020,2,-0.31857949
6,YWV,2020,3,-0.33017388
6,YWV,2020,4,-0.38798513
6,YCV,2018,1,-2.45751613
6,YCV,2018,2,-0.7446279
6,YCV,2018,3,-1.80847663
6,YCV,2018,4,-1.18289285
6,YCV,2019,1,-2.01373523
6,YCV,2019,2,-1.47562934
6,YCV,2019,3,-1.83705535
6,YCV,2019,4,-1.53171937
6,YCV,2020,1,-1.64482102
6,YCV,2020,2,-3.26426457
6,YCV,2020,3,-2.82270878
6,YCV,2020,4,-2.02763061
6,YDV,2018,1,-0.1680175
6,YDV,2018,2,-0.19673894
6,YDV,2018,3,-0.12888806
6,YDV,2018,4,-0.30328771
6,YDV,2019,1,-0.15933529
6,YDV,2019,2,-0.32715116
6,YDV,2019,3,-0.22654735
6,YDV,2019,4,-0.26217627
6,YDV,2020,1,-0.17806614
6,YDV,2020,2,-0.30096185
6,YDV,2020,3,-0.28942531
6,YDV,2020,4,-0.41438578
6,TAXV,2018,1,2.46583367
6,TAXV,2018,2,2.45443014
6,TAXV,2018,3,2.13809045
6,TAXV,2018,4,2.23493545
6,TAXV,2019,1,1.83171779
6,TAXV,2019,2,2.18159706
6,TAXV,2019,3,1.88327257
6,TAXV,2019,4,1.49242707
6,TAXV,2020,1,1.23570686
6,TAXV,2020,2,1.6172998
6,TAXV,2020,3,1.46537929
6,TAXV,2020,4,1.66508471
6,TYPV,2018,1,-0.37704512
6,TYPV,2018,2,0.29196354
6,TYPV,2018,3,-0.51187764
6,TYPV,2018,4,0.11913359
6,TYPV,2019,1,-0.62982453
6,TYPV,2019,2,0.05171308
6,TYPV,2019,3,-0.6647898
6,TYPV,2019,4,0.00053063
6,TYPV,2020,1,-0.6349462
6,TYPV,2020,2,-0.0059268
6,TYPV,2020,3,-0.63667089
6,TYPV,2020,4,-0.08345132
6,TYCV,2018,1,0.37979061
6,TYCV,2018,2,-0.17019852
6,TYCV,2018,3,-0.39620915
6,TYCV,2018,4,-0.8909851
6,TYCV,2019,1,-1.62449764
6,TYCV,2019,2,-1.52733538
6,TYCV,2019,3,-1.75693501
6,TYCV,2019,4,-1.7767487
6,TYCV,2020,1,-1.88504666
6,TYCV,2020,2,-1.80538794
6,TYCV,2020,3,-2.08036351
6,TYCV,2020,4,-2.3049721
6,TCIV,2018,1,11.01551783
6,TCIV,2018,2,11.16100351
6,TCIV,2018,3,11.01779565
6,TCIV,2018,4,11.01811886
6,TCIV,2019,1,10.99141652
6,TCIV,2019,2,10.96356764
6,TCIV,2019,3,10.94866166
6,TCIV,2019,4,8.55258252
6,TCIV,2020,1,8.54915918
6,TCIV,2020,2,8.54197586
6,TCIV,2020,3,8.52334788
6,TCIV,2020,4,8.59907771
6,WIPH,2018,1,-0.13613903
6,WIPH,2018,2,-0.07692303
6,WIPH,2018,3,-0.09067686
6,WIPH,2018,4,-0.17182178
6,WIPH,2019,1,-0.11760805
6,WIPH,2019,2,-0.18948267
6,WIPH,2019,3,-0.17472053
6,WIPH,2019,4,-0.15334873
6,WIPH,2020,1,-0.1482321
6,WIPH,2020,2,-0.24060149
6,WIPH,2020,3,-0.25095222
6,WIPH,2020,4,-0.29980203
6,LE,2018,1,-0.05552644
6,LE,2018,2,-0.0292423
6,LE,2018,3,-0.04785302
6,LE,2018,4,-0.07818643
6,LE,2019,1,-0.05600617
6,LE,2019,2,-0.08174195
6,LE,2019,3,-0.07095215
6,LE,2019,4,-0.05997544
6,LE,2020,1,-0.05248216
6,LE,2020,2,-0.08481658
6,LE,2020,3,-0.08183043
6,LE,2020,4,-0.09251363
6,LF,2018,1,-0.05137776
6,LF,2018,2,-0.02533479
6,LF,2018,3,-0.04100479
6,LF,2018,4,-0.07068554
6,LF,2019,1,-0.04793775
6,LF,2019,2,-0.07235336
6,LF,2019,3,-0.06142224
6,LF,2019,4,-0.0491499
6,LF,2020,1,-0.04144855
6,LF,2020,2,-0.07363939
6,LF,2020,3,-0.07055346
6,LF,2020,4,-0.08106504
6,LH,2018,1,-0.11174614
6,LH,2018,2,-0.02677276
6,LH,2018,3,-0.05710136
6,LH,2018,4,-0.04390476
6,LH,2019,1,-0.03739478
6,LH,2019,2,-0.03808602
6,LH,2019,3,-0.02908302
6,LH,2019,4,-0.02245526
6,LH,2020,1,-0.01645283
6,LH,2020,2,-0.0099081
6,LH,2020,3,-0.01498648
6,LH,2020,4,-0.0185942
6,UR,2018,1,0.00403358
6,UR,2018,2,0.00381063
6,UR,2018,3,0.00669121
6,UR,2018,4,0.00732935
6,UR,2019,1,0.00787082
6,UR,2019,2,0.00916035
6,UR,2019,3,0.0093335
6,UR,2019,4,0.01058174
6,UR,2020,1,0.01076267
6,UR,2020,2,0.01086844
6,UR,2020,3,0.01096938
6,UR,2020,4,0.01110889
6,CUX,2018,1,-0.68250058
6,CUX,2018,2,-0.18546793
6,CUX,2018,3,-0.45836116
6,CUX,2018,4,-0.34096305
6,CUX,2019,1,-0.43816325
6,CUX,2019,2,-0.43297319
6,CUX,2019,3,-0.46057315
6,CUX,2019,4,-0.50942452
6,CUX,2020,1,-0.52391274
6,CUX,2020,2,-0.48590878
6,CUX,2020,3,-0.51810957
6,CUX,2020,4,-0.50694949
6,GDPPOT,2018,1,-0.03091607
6,GDPPOT,2018,2,-0.01543601
6,GDPPOT,2018,3,-0.02481074
6,GDPPOT,2018,4,-0.0427621
6,GDPPOT,2019,1,-0.02958461
6,GDPPOT,2019,2,-0.04474162
6,GDPPOT,2019,3,-0.03874267
6,GDPPOT,2019,4,-0.03182564
6,GDPPOT,2020,1,-0.02754755
6,GDPPOT,2020,2,-0.0470998
6,GDPPOT,2020,3,-0.04554449
6,GDPPOT,2020,4,-0.05211253
6,GDPGAP,2018,1,-0.34525738
6,GDPGAP,2018,2,-0.09312918
6,GDPGAP,2018,3,-0.22137555
6,GDPGAP,2018,4,-0.16590887
6,GDPGAP,2019,1,-0.2021884
6,GDPGAP,2019,2,-0.20174519
6,GDPGAP,2019,3,-0.20729771
6,GDPGAP,2019,4,-0.21676992
6,GDPGAP,2020,1,-0.22031406
6,GDPGAP,2020,2,-0.18644027
6,GDPGAP,2020,3,-0.21095623
6,GDPGAP,2020,4,-0.21156093
6,RCD,2018,1,0.0
6,RCD,2018,2,0.00197264
6,RCD,2018,3,-0.00033333
6,RCD,2018,4,0.0
6,RCD,2019,1,0.0
6,RCD,2019,2,-0.001
6,RCD,2019,3,-0.001
6,RCD,2019,4,-0.001
6,RCD,2020,1,-0.001
6,RCD,2020,2,-0.00133333
6,RCD,2020,3,-0.001
6,RCD,2020,4,-0.001
6,RGB,2018,1,-0.00144428
6,RGB,2018,2,0.00097444
6,RGB,2018,3,-0.0003066
6,RGB,2018,4,9.016e-05
6,RGB,2019,1,0.00011374
6,RGB,2019,2,0.0
6,RGB,2019,3,0.0
6,RGB,2019,4,0.0
6,RGB,2020,1,0.0
6,RGB,2020,2,0.0
6,RGB,2020,3,-0.00019136
6,RGB,2020,4,-0.00021328
6,PERR,2018,1,0.00070459
6,PERR,2018,2,0.05080668
6,PERR,2018,3,0.15202405
6,PERR,2018,4,0.33301866
6,PERR,2019,1,0.34363376
6,PERR,2019,2,0.4111082
6,PERR,2019,3,0.44125963
6,PERR,2019,4,0.50499832
6,PERR,2020,1,0.50356694
6,PERR,2020,2,0.69313571
6,PERR,2020,3,1.03069125
6,PERR,2020,4,1.29907872
6,UCC,2018,1,-0.12360215
6,UCC,2018,2,0.1713274
6,UCC,2018,3,0.13345975
6,UCC,2018,4,0.37257946
6,UCC,2019,1,0.31481591
6,UCC,2019,2,0.11590847
6,UCC,2019,3,0.18575999
6,UCC,2019,4,0.20059235
6,UCC,2020,1,0.27425387
6,UCC,2020,2,0.24887014
6,UCC,2020,3,0.28126634
6,UCC,2020,4,0.31859732
6,FXS,2018,1,-0.00496569
6,FXS,2018,2,-0.00734742
6,FXS,2018,3,-0.00682968
6,FXS,2018,4,-0.00708351
6,FXS,2019,1,-0.00757117
6,FXS,2019,2,-0.00824107
6,FXS,2019,3,-0.009231
6,FXS,2019,4,-0.01040226
6,FXS,2020,1,-0.01179707
6,FXS,2020,2,-0.01392625
6,FXS,2020,3,-0.015844
6,FXS,2020,4,-0.01798266
6,PSHARE,2018,1,-0.13882182
6,PSHARE,2018,2,-0.11393129
6,PSHARE,2018,3,-0.12202562
6,PSHARE,2018,4,-0.05817332
6,PSHARE,2019,1,0.02285889
6,PSHARE,2019,2,0.02612722
6,PSHARE,2019,3,0.03580397
6,PSHARE,2019,4,0.03566861
6,PSHARE,2020,1,0.03864582
6,PSHARE,2020,2,0.04166889
6,PSHARE,2020,3,0.03535127
6,PSHARE,2020,4,0.03031119
6,PLAND,2018,1,0.01064353
6,PLAND,2018,2,0.01025224
6,PLAND,2018,3,0.02118787
6,PLAND,2018,4,0.02476116
6,PLAND,2019,1,0.02991375
6,PLAND,2019,2,0.03352901
6,PLAND,2019,3,0.03620898
6,PLAND,2019,4,0.038569
6,PLAND,2020,1,0.0400256
6,PLAND,2020,2,0.04043456
6,PLAND,2020,3,0.04194922
6,PLAND,2020,4,0.04166327
6,M2CD,2018,1,-0.36342226
6,M2CD,2018,2,-0.10504938
6,M2CD,2018,3,-0.23503975
6,M2CD,2018,4,-0.20868593
6,M2CD,2019,1,-0.24682508
6,M2CD,2019,2,-0.27269502
6,M2CD,2019,3,-0.28943754
6,M2CD,2019,4,-0.31602043
6,M2CD,2020,1,-0.3322303
6,M2CD,2020,2,-0.35009749
6,M2CD,2020,3,-0.38457443
6,M2CD,2020,4,-0.40797001
6,BGVATGDPV,2018,1,0.33771815
6,BGVATGDPV,2018,2,0.35633507
6,BGVATGDPV,2018,3,0.29715558
6,BGVATGDPV,2018,4,0.31724233
6,BGVATGDPV,2019,1,0.24685754
6,BGVATGDPV,2019,2,0.29609623
6,BGVATGDPV,2019,3,0.24701138
6,BGVATGDPV,2019,4,0.1807069
6,BGVATGDPV,2020,1,0.13960407
6,BGVATGDPV,2020,2,0.23008317
6,BGVATGDPV,2020,3,0.19350225
6,BGVATGDPV,2020,4,0.23434469
6,SBGVATGDPV,2018,1,-0.24676303
6,SBGVATGDPV,2018,2,-0.93993027
6,SBGVATGDPV,2018,3,-0.69532245
6,SBGVATGDPV,2018,4,-0.86371959
6,SBGVATGDPV,2019,1,-0.82613687
6,SBGVATGDPV,2019,2,-0.83687387
6,SBGVATGDPV,2019,3,-0.86062406
6,SBGVATGDPV,2019,4,-0.85091641
6,SBGVATGDPV,2020,1,-0.84127055
6,SBGVATGDPV,2020,2,-0.94661821
6,SBGVATGDPV,2020,3,-0.85991875
6,SBGVATGDPV,2020,4,-0.84114317
6,BCVATGDPV,2018,1,-0.01047453
6,BCVATGDPV,2018,2,0.09077533
6,BCVATGDPV,2018,3,0.10508326
6,BCVATGDPV,2018,4,0.13834274
6,BCVATGDPV,2019,1,0.131659
6,BCVATGDPV,2019,2,0.13557622
6,BCVATGDPV,2019,3,0.14247402
6,BCVATGDPV,2019,4,0.14706141
6,BCVATGDPV,2020,1,0.14095719
6,BCVATGDPV,2020,2,0.14016529
6,BCVATGDPV,2020,3,0.1264662
6,BCVATGDPV,2020,4,0.13696719
6,KFP,2018,1,-0.0007434
6,KFP,2018,2,-0.00077229
6,KFP,2018,3,-0.00130648
6,KFP,2018,4,-0.00234047
6,KFP,2019,1,-0.00374893
6,KFP,2019,2,-0.0050744
6,KFP,2019,3,-0.00610913
6,KFP,2019,4,-0.00691349
6,KFP,2020,1,-0.00769936
6,KFP,2020,2,-0.0084171
6,KFP,2020,3,-0.0091286
6,KFP,2020,4,-0.00984198
6,KHP,2018,1,0.00423202
6,KHP,2018,2,-0.01275652
6,KHP,2018,3,-0.0315631
6,KHP,2018,4,-0.05172829
6,KHP,2019,1,-0.07304233
6,KHP,2019,2,-0.09686917
6,KHP,2019,3,-0.12174234
6,KHP,2019,4,-0.14769208
6,KHP,2020,1,-0.1729041
6,KHP,2020,2,-0.19914228
6,KHP,2020,3,-0.22454321
6,KHP,2020,4,-0.25077835
6,KG,2018,1,-0.0
6,KG,2018,2,0.0
6,KG,2018,3,0.0
6,KG,2018,4,0.0
6,KG,2019,1,0.0
6,KG,2019,2,0.0
6,KG,2019,3,0.0
6,KG,2019,4,-0.0
6,KG,2020,1,0.0
6,KG,2020,2,-0.0
6,KG,2020,3,0.0
6,KG,2020,4,0.0
6,BCVATGDPV,2018,0,0.0809317
6,BCVATGDPV,2019,0,0.13919266
6,BCVATGDPV,2020,0,0.13613897
6,BGVATGDPV,2018,0,0.32711278
6,BGVATGDPV,2019,0,0.24266801
6,BGVATGDPV,2020,0,0.19938354
6,CG,2018,0,0.0
6,CG,2019,0,0.0
6,CG,2020,0,0.0
6,CGPI,2018,0,0.86212594
6,CGPI,2019,0,0.82917369
6,CGPI,2020,0,0.77215124
6,CGV,2018,0,0.46486793
6,CGV,2019,0,0.44657546
6,CGV,2020,0,0.39680872
6,CP,2018,0,-0.47840081
6,CP,2019,0,-0.5535545
6,CP,2020,0,-0.55569693
6,CPV,2018,0,0.02227106
6,CPV,2019,0,-0.08766555
6,CPV,2020,0,-0.15114051
6,CUX,2018,0,-0.41682318
6,CUX,2019,0,-0.46028353
6,CUX,2020,0,-0.50872015
6,FXS,2018,0,-0.00655657
6,FXS,2019,0,-0.00886138
6,FXS,2020,0,-0.0148875
6,GDP,2018,0,-0.23144205
6,GDP,2019,0,-0.24201602
6,GDP,2020,0,-0.2591616
6,GDPD,2018,0,-0.53888394
6,GDPD,2019,0,-0.04544183
6,GDPD,2020,0,-0.01786115
6,GDPGAP,2018,0,-0.20641775
6,GDPGAP,2019,0,-0.2070003
6,GDPGAP,2020,0,-0.20731787
6,GDPPOT,2018,0,-0.02848123
6,GDPPOT,2019,0,-0.03622363
6,GDPPOT,2020,0,-0.04307609
6,GDPV,2018,0,0.20212567
6,GDPV,2019,0,0.14911917
6,GDPV,2020,0,0.06530399
6,IFP,2018,0,-0.01536033
6,IFP,2019,0,-0.04131016
6,IFP,2020,0,-0.0336287
6,IFPV,2018,0,0.12377612
6,IFPV,2019,0,0.04748415
6,IFPV,2020,0,-0.00292931
6,IG,2018,0,0.0
6,IG,2019,0,0.0
6,IG,2020,0,0.0
6,IGV,2018,0,0.40252753
6,IGV,2019,0,0.34779407
6,IGV,2020,0,0.27527755
6,IHP,2018,0,-1.47008231
6,IHP,2019,0,-1.91026934
6,IHP,2020,0,-2.30771299
6,IHPV,2018,0,-0.72137998
6,IHPV,2019,0,-1.20410686
6,IHPV,2020,0,-1.67847035
6,KFP,2018,0,-0.00129066
6,KFP,2019,0,-0.00546149
6,KFP,2020,0,-0.00877176
6,KG,2018,0,0.0
6,KG,2019,0,-0.0
6,KG,2020,0,0.0
6,KHP,2018,0,-0.02295397
6,KHP,2019,0,-0.10983648
6,KHP,2020,0,-0.21184199
6,LE,2018,0,-0.05270205
6,LE,2019,0,-0.06716893
6,LE,2020,0,-0.0779107
6,LF,2018,0,-0.04710072
6,LF,2019,0,-0.05771581
6,LF,2020,0,-0.06667661
6,LH,2018,0,-0.05988125
6,LH,2019,0,-0.03175477
6,LH,2020,0,-0.0149854
6,M2CD,2018,0,-0.22804933
6,M2CD,2019,0,-0.28124452
6,M2CD,2020,0,-0.36871806
6,MGS,2018,0,-0.50156112
6,MGS,2019,0,-0.83350288
6,MGS,2020,0,-0.86425404
6,MGSV,2018,0,-0.48670734
6,MGSV,2019,0,-0.82476712
6,MGSV,2020,0,-0.8891375
6,NIV,2018,0,-0.42404941
6,NIV,2019,0,-0.48031186
6,NIV,2020,0,-0.54455707
6,PCP,2018,0,0.5030775
6,PCP,2019,0,0.4684801
6,PCP,2020,0,0.40681581
6,PERR,2018,0,0.13413849
6,PERR,2019,0,0.42524998
6,PERR,2020,0,0.88161815
6,PGDP,2018,0,0.43457368
6,PGDP,2019,0,0.39208271
6,PGDP,2020,0,0.32530701
6,PIFP,2018,0,0.13915658
6,PIFP,2019,0,0.08883194
6,PIFP,2020,0,0.03070963
6,PIHP,2018,0,0.75987366
6,PIHP,2019,0,0.71988286
6,PIHP,2020,0,0.64408782
6,PLAND,2018,0,0.0167112
6,PLAND,2019,0,0.03455518
6,PLAND,2020,0,0.04101816
6,PMGS,2018,0,0.01496324
6,PMGS,2019,0,0.00880819
6,PMGS,2020,0,-0.025099
6,PSHARE,2018,0,-0.10823801
6,PSHARE,2019,0,0.03011467
6,PSHARE,2020,0,0.03649429
6,PXGS,2018,0,-0.00161216
6,PXGS,2019,0,-0.00562959
6,PXGS,2020,0,-0.02233108
6,RCD,2018,0,0.00040983
6,RCD,2019,0,-0.00075
6,RCD,2020,0,-0.00108333
6,RGB,2018,0,-0.00017157
6,RGB,2019,0,2.844e-05
6,RGB,2020,0,-0.00010116
6,SBGVATGDPV,2018,0,-0.68643384
6,SBGVATGDPV,2019,0,-0.8436378
6,SBGVATGDPV,2020,0,-0.87223767
6,TAXV,2018,0,2.32332242
6,TAXV,2019,0,1.84725362
6,TAXV,2020,0,1.49586767
6,TCIV,2018,0,11.05310896
6,TCIV,2019,0,10.36405708
6,TCIV,2020,0,8.55339016
6,TYCV,2018,0,-0.26940054
6,TYCV,2019,0,-1.67137918
6,TYCV,2020,0,-2.01894255
6,TYPV,2018,0,-0.11945641
6,TYPV,2019,0,-0.31059265
6,TYPV,2020,0,-0.3402488
6,UCC,2018,0,0.13844112
6,UCC,2019,0,0.20426918
6,UCC,2020,0,0.28074692
6,UR,2018,0,0.0054662
6,UR,2019,0,0.00923661
6,UR,2020,0,0.01092735
6,WIPH,2018,0,-0.11889017
6,WIPH,2019,0,-0.15878999
6,WIPH,2020,0,-0.23489696
6,XGS,2018,0,-0.00064173
6,XGS,2019,0,-0.00155892
6,XGS,2020,0,-5.68e-05
6,XGSV,2018,0,-0.00225387
6,XGSV,2019,0,-0.00718843
6,XGSV,2020,0,-0.02238793
6,YCV,2018,0,-1.54837838
6,YCV,2019,0,-1.71453482
6,YCV,2020,0,-2.43985624
6,YDV,2018,0,-0.19923305
6,YDV,2019,0,-0.24380252
6,YDV,2020,0,-0.29570977
6,YWV,2018,0,-0.21929897
6,YWV,2019,0,-0.24438395
6,YWV,2020,0,-0.3105434
7,GDP,2018,1,-0.11901566
7,GDP,2018,2,-0.2181001
7,GDP,2018,3,-0.38420195
7,GDP,2018,4,-0.58035343
7,GDP,2019,1,-0.81787982
7,GDP,2019,2,-0.96471943
7,GDP,2019,3,-1.11379374
7,GDP,2019,4,-1.13417915
7,GDP,2020,1,-1.18962586
7,GDP,2020,2,-1.21398438
7,GDP,2020,3,-1.17212875
7,GDP,2020,4,-1.18533931
7,CP,2018,1,0.03868664
7,CP,2018,2,0.14864647
7,CP,2018,3,0.30060554
7,CP,2018,4,0.25861579
7,CP,2019,1,0.19863561
7,CP,2019,2,0.1517515
7,CP,2019,3,0.06031388
7,CP,2019,4,-0.01687128
7,CP,2020,1,-0.07989125
7,CP,2020,2,-0.12283541
7,CP,2020,3,-0.13112011
7,CP,2020,4,-0.15776842
7,IFP,2018,1,-0.75614084
7,IFP,2018,2,-1.58815538
7,IFP,2018,3,-2.36190202
7,IFP,2018,4,-3.51733434
7,IFP,2019,1,-4.68183296
7,IFP,2019,2,-5.54702985
7,IFP,2019,3,-6.07704418
7,IFP,2019,4,-6.30717842
7,IFP,2020,1,-6.34542691
7,IFP,2020,2,-6.37310634
7,IFP,2020,3,-6.39031113
7,IFP,2020,4,-6.39996079
7,IHP,2018,1,-0.28249237
7,IHP,2018,2,-0.31022784
7,IHP,2018,3,-0.22836936
7,IHP,2018,4,-0.17361488
7,IHP,2019,1,-0.15322083
7,IHP,2019,2,-0.11066613
7,IHP,2019,3,-0.13184806
7,IHP,2019,4,-0.20346868
7,IHP,2020,1,-0.28487122
7,IHP,2020,2,-0.36950708
7,IHP,2020,3,-0.479054
7,IHP,2020,4,-0.56838008
7,IG,2018,1,0.0
7,IG,2018,2,0.0
7,IG,2018,3,0.0
7,IG,2018,4,0.0
7,IG,2019,1,0.0
7,IG,2019,2,0.0
7,IG,2019,3,0.0
7,IG,2019,4,0.0
7,IG,2020,1,0.0
7,IG,2020,2,0.0
7,IG,2020,3,0.0
7,IG,2020,4,0.0
7,CG,2018,1,0.0
7,CG,2018,2,-0.0
7,CG,2018,3,-0.0
7,CG,2018,4,-0.0
7,CG,2019,1,-0.0
7,CG,2019,2,-0.0
7,CG,2019,3,-0.0
7,CG,2019,4,-0.0
7,CG,2020,1,-0.0
7,CG,2020,2,0.0
7,CG,2020,3,0.0
7,CG,2020,4,0.0
7,XGS,2018,1,0.0
7,XGS,2018,2,-0.00848805
7,XGS,2018,3,-0.02590907
7,XGS,2018,4,-0.05436264
7,XGS,2019,1,-0.09400203
7,XGS,2019,2,-0.14260197
7,XGS,2019,3,-0.1963787
7,XGS,2019,4,-0.25180324
7,XGS,2020,1,-0.30588121
7,XGS,2020,2,-0.35648522
7,XGS,2020,3,-0.40423807
7,XGS,2020,4,-0.44989241
7,MGS,2018,1,0.01454758
7,MGS,2018,2,0.10327324
7,MGS,2018,3,0.27455258
7,MGS,2018,4,0.31889412
7,MGS,2019,1,0.21543749
7,MGS,2019,2,0.09782675
7,MGS,2019,3,-0.02920804
7,MGS,2019,4,-0.16451476
7,MGS,2020,1,-0.28452914
7,MGS,2020,2,-0.38128825
7,MGS,2020,3,-0.42089599
7,MGS,2020,4,-0.44990821
7,GDPD,2018,1,-0.47666728
7,GDPD,2018,2,-0.3983586
7,GDPD,2018,3,-0.66102444
7,GDPD,2018,4,-0.78613272
7,GDPD,2019,1,-0.96014472
7,GDPD,2019,2,-0.59523004
7,GDPD,2019,3,-0.60217791
7,GDPD,2019,4,-0.08020362
7,GDPD,2020,1,-0.22530193
7,GDPD,2020,2,-0.09076886
7,GDPD,2020,3,0.17846733
7,GDPD,2020,4,-0.05446498
7,PGDP,2018,1,-0.0350311
7,PGDP,2018,2,-0.06187824
7,PGDP,2018,3,-0.0828329
7,PGDP,2018,4,-0.10227257
7,PGDP,2019,1,-0.1343723
7,PGDP,2019,2,-0.16217405
7,PGDP,2019,3,-0.20521447
7,PGDP,2019,4,-0.25082304
7,PGDP,2020,1,-0.2975068
7,PGDP,2020,2,-0.33595484
7,PGDP,2020,3,-0.39976097
7,PGDP,2020,4,-0.46124123
7,PCP,2018,1,-0.03985507
7,PCP,2018,2,-0.0634337
7,PCP,2018,3,-0.07467154
7,PCP,2018,4,-0.08906487
7,PCP,2019,1,-0.11075583
7,PCP,2019,2,-0.14105801
7,PCP,2019,3,-0.17991475
7,PCP,2019,4,-0.22563356
7,PCP,2020,1,-0.27584443
7,PCP,2020,2,-0.32756226
7,PCP,2020,3,-0.37813205
7,PCP,2020,4,-0.42544713
7,PIFP,2018,1,-0.0607637
7,PIFP,2018,2,-0.08872258
7,PIFP,2018,3,-0.15305362
7,PIFP,2018,4,-0.1934892
7,PIFP,2019,1,-0.25505923
7,PIFP,2019,2,-0.30749607
7,PIFP,2019,3,-0.36339353
7,PIFP,2019,4,-0.39571118
7,PIFP,2020,1,-0.43734769
7,PIFP,2020,2,-0.46329637
7,PIFP,2020,3,-0.48987625
7,PIFP,2020,4,-0.5187208
7,PIHP,2018,1,-0.04304873
7,PIHP,2018,2,-0.0794326
7,PIHP,2018,3,-0.10542522
7,PIHP,2018,4,-0.12036826
7,PIHP,2019,1,-0.14450875
7,PIHP,2019,2,-0.18208207
7,PIHP,2019,3,-0.22678981
7,PIHP,2019,4,-0.27930553
7,PIHP,2020,1,-0.34012625
7,PIHP,2020,2,-0.39522742
7,PIHP,2020,3,-0.45218174
7,PIHP,2020,4,-0.50799169
7,PXGS,2018,1,-0.09194041
7,PXGS,2018,2,-0.18798201
7,PXGS,2018,3,-0.3021454
7,PXGS,2018,4,-0.41260821
7,PXGS,2019,1,-0.52010735
7,PXGS,2019,2,-0.62503145
7,PXGS,2019,3,-0.73113611
7,PXGS,2019,4,-0.83879632
7,PXGS,2020,1,-0.94991531
7,PXGS,2020,2,-1.06418662
7,PXGS,2020,3,-1.18003079
7,PXGS,2020,4,-1.29846338
7,PMGS,2018,1,-0.10059774
7,PMGS,2018,2,-0.20451336
7,PMGS,2018,3,-0.33667805
7,PMGS,2018,4,-0.45134038
7,PMGS,2019,1,-0.52339705
7,PMGS,2019,2,-0.64990755
7,PMGS,2019,3,-0.72197387
7,PMGS,2019,4,-0.80826592
7,PMGS,2020,1,-0.91652367
7,PMGS,2020,2,-0.92780652
7,PMGS,2020,3,-1.01835831
7,PMGS,2020,4,-1.1048115
7,CGPI,2018,1,-0.05349936
7,CGPI,2018,2,-0.08581646
7,CGPI,2018,3,-0.12129063
7,CGPI,2018,4,-0.16522181
7,CGPI,2019,1,-0.19630644
7,CGPI,2019,2,-0.2499645
7,CGPI,2019,3,-0.29483784
7,CGPI,2019,4,-0.34678368
7,CGPI,2020,1,-0.40030784
7,CGPI,2020,2,-0.43769311
7,CGPI,2020,3,-0.48840957
7,CGPI,2020,4,-0.53347689
7,GDPV,2018,1,-0.15400507
7,GDPV,2018,2,-0.27984338
7,GDPV,2018,3,-0.46671661
7,GDPV,2018,4,-0.68203246
7,GDPV,2019,1,-0.95115311
7,GDPV,2019,2,-1.12532895
7,GDPV,2019,3,-1.31672254
7,GDPV,2019,4,-1.38215741
7,GDPV,2020,1,-1.48359345
7,GDPV,2020,2,-1.54586078
7,GDPV,2020,3,-1.56720401
7,GDPV,2020,4,-1.64111326
7,CPV,2018,1,-0.00118385
7,CPV,2018,2,0.08511848
7,CPV,2018,3,0.22570953
7,CPV,2018,4,0.16932058
7,CPV,2019,1,0.08765978
7,CPV,2019,2,0.01047943
7,CPV,2019,3,-0.11970938
7,CPV,2019,4,-0.24246677
7,CPV,2020,1,-0.35551531
7,CPV,2020,2,-0.44999531
7,CPV,2020,3,-0.50875635
7,CPV,2020,4,-0.58254433
7,IFPV,2018,1,-0.81644508
7,IFPV,2018,2,-1.67546891
7,IFPV,2018,3,-2.51134067
7,IFPV,2018,4,-3.70401788
7,IFPV,2019,1,-4.92495074
7,IFPV,2019,2,-5.83746902
7,IFPV,2019,3,-6.41835413
7,IFPV,2019,4,-6.67793138
7,IFPV,2020,1,-6.75502302
7,IFPV,2020,2,-6.80687634
7,IFPV,2020,3,-6.84888276
7,IFPV,2020,4,-6.88548366
7,IHPV,2018,1,-0.32541949
7,IHPV,2018,2,-0.38941401
7,IHPV,2018,3,-0.33355382
7,IHPV,2018,4,-0.29377416
7,IHPV,2019,1,-0.29750816
7,IHPV,2019,2,-0.2925467
7,IHPV,2019,3,-0.35833886
7,IHPV,2019,4,-0.4822059
7,IHPV,2020,1,-0.62402854
7,IHPV,2020,2,-0.76327411
7,IHPV,2020,3,-0.92906955
7,IHPV,2020,4,-1.07348445
7,IGV,2018,1,-0.06418114
7,IGV,2018,2,-0.1000751
7,IGV,2018,3,-0.16400667
7,IGV,2018,4,-0.20427335
7,IGV,2019,1,-0.26512503
7,IGV,2019,2,-0.32161979
7,IGV,2019,3,-0.3831545
7,IGV,2019,4,-0.42630106
7,IGV,2020,1,-0.4801009
7,IGV,2020,2,-0.51905051
7,IGV,2020,3,-0.55918836
7,IGV,2020,4,-0.60113087
7,CGV,2018,1,-0.0
7,CGV,2018,2,-0.03458109
7,CGV,2018,3,-0.04548411
7,CGV,2018,4,-0.06052159
7,CGV,2019,1,-0.07240538
7,CGV,2019,2,-0.09321919
7,CGV,2019,3,-0.11855069
7,CGV,2019,4,-0.15288227
7,CGV,2020,1,-0.19216232
7,CGV,2020,2,-0.23644566
7,CGV,2020,3,-0.28228333
7,CGV,2020,4,-0.32814399
7,XGSV,2018,1,-0.09194041
7,XGSV,2018,2,-0.1964541
7,XGSV,2018,3,-0.32797619
7,XGSV,2018,4,-0.46674655
7,XGSV,2019,1,-0.61362047
7,XGSV,2019,2,-0.76674211
7,XGSV,2019,3,-0.92607901
7,XGSV,2019,4,-1.08848744
7,XGSV,2020,1,-1.2528909
7,XGSV,2020,2,-1.41687817
7,XGSV,2020,3,-1.57949873
7,XGSV,2020,4,-1.74251411
7,MGSV,2018,1,-0.08606479
7,MGSV,2018,2,-0.10145132
7,MGSV,2018,3,-0.06304983
7,MGSV,2018,4,-0.13388556
7,MGSV,2019,1,-0.30908716
7,MGSV,2019,2,-0.55271658
7,MGSV,2019,3,-0.75097104
7,MGSV,2019,4,-0.97145096
7,MGSV,2020,1,-1.19844504
7,MGSV,2020,2,-1.30555715
7,MGSV,2020,3,-1.43496807
7,MGSV,2020,4,-1.54974907
7,NIV,2018,1,-0.21621122
7,NIV,2018,2,-0.38293186
7,NIV,2018,3,-0.6686973
7,NIV,2018,4,-0.95691404
7,NIV,2019,1,-1.33369686
7,NIV,2019,2,-1.52323018
7,NIV,2019,3,-1.83859682
7,NIV,2019,4,-1.94516377
7,NIV,2020,1,-2.08741002
7,NIV,2020,2,-2.23372466
7,NIV,2020,3,-2.35517181
7,NIV,2020,4,-2.33402286
7,YWV,2018,1,-0.13745426
7,YWV,2018,2,-0.25028601
7,YWV,2018,3,0.1443186
7,YWV,2018,4,-0.53701809
7,YWV,2019,1,-0.87105613
7,YWV,2019,2,-1.10014418
7,YWV,2019,3,-1.36909583
7,YWV,2019,4,-1.53322092
7,YWV,2020,1,-1.62109167
7,YWV,2020,2,-1.78055013
7,YWV,2020,3,-1.84522645
7,YWV,2020,4,-1.87910445
7,YCV,2018,1,-3.79564603
7,YCV,2018,2,-4.08615255
7,YCV,2018,3,-5.01912773
7,YCV,2018,4,-7.04209534
7,YCV,2019,1,-8.33892353
7,YCV,2019,2,-7.25714945
7,YCV,2019,3,-8.46324353
7,YCV,2019,4,-9.44993293
7,YCV,2020,1,-9.23181072
7,YCV,2020,2,-17.85845878
7,YCV,2020,3,-13.30576382
7,YCV,2020,4,-9.6131555
7,YDV,2018,1,0.53920387
7,YDV,2018,2,0.53560352
7,YDV,2018,3,0.29381194
7,YDV,2018,4,0.23745315
7,YDV,2019,1,-0.00745186
7,YDV,2019,2,-0.23898995
7,YDV,2019,3,-0.4202603
7,YDV,2019,4,-0.59480122
7,YDV,2020,1,-0.67405462
7,YDV,2020,2,-0.69582221
7,YDV,2020,3,-0.85840747
7,YDV,2020,4,-0.92394599
7,TAXV,2018,1,-0.02921866
7,TAXV,2018,2,-0.25092065
7,TAXV,2018,3,-0.59307783
7,TAXV,2018,4,-0.96142222
7,TAXV,2019,1,-1.59093316
7,TAXV,2019,2,-1.93598869
7,TAXV,2019,3,-2.36453765
7,TAXV,2019,4,-2.6830567
7,TAXV,2020,1,-3.06635314
7,TAXV,2020,2,-3.02626158
7,TAXV,2020,3,-3.50920969
7,TAXV,2020,4,-3.80373045
7,TYPV,2018,1,0.0263314
7,TYPV,2018,2,0.13167869
7,TYPV,2018,3,0.04004224
7,TYPV,2018,4,0.17129136
7,TYPV,2019,1,-0.16905595
7,TYPV,2019,2,-0.20583784
7,TYPV,2019,3,-0.59581711
7,TYPV,2019,4,-0.58572737
7,TYPV,2020,1,-0.96798145
7,TYPV,2020,2,-0.82877838
7,TYPV,2020,3,-1.14401973
7,TYPV,2020,4,-1.00960793
7,TYCV,2018,1,-0.0185668
7,TYCV,2018,2,-0.89322593
7,TYCV,2018,3,-2.00704119
7,TYCV,2018,4,-3.31493638
7,TYCV,2019,1,-5.1773671
7,TYCV,2019,2,-6.26784113
7,TYCV,2019,3,-7.22585386
7,TYCV,2019,4,-8.18702135
7,TYCV,2020,1,-8.77106162
7,TYCV,2020,2,-8.99500821
7,TYCV,2020,3,-10.63618787
7,TYCV,2020,4,-11.91702931
7,TCIV,2018,1,-0.14049082
7,TCIV,2018,2,-0.24276996
7,TCIV,2018,3,-0.29673216
7,TCIV,2018,4,-0.52293238
7,TCIV,2019,1,-0.7580271
7,TCIV,2019,2,-0.94181343
7,TCIV,2019,3,-1.11857213
7,TCIV,2019,4,-1.18267494
7,TCIV,2020,1,-1.28316723
7,TCIV,2020,2,-1.3324979
7,TCIV,2020,3,-1.35041455
7,TCIV,2020,4,-1.42767678
7,WIPH,2018,1,-0.09244459
7,WIPH,2018,2,-0.1677208
7,WIPH,2018,3,0.13995572
7,WIPH,2018,4,-0.33469797
7,WIPH,2019,1,-0.5613755
7,WIPH,2019,2,-0.72722285
7,WIPH,2019,3,-0.94036603
7,WIPH,2019,4,-1.10361461
7,WIPH,2020,1,-1.19870856
7,WIPH,2020,2,-1.35648734
7,WIPH,2020,3,-1.43850128
7,WIPH,2020,4,-1.50114432
7,LE,2018,1,-0.02143548
7,LE,2018,2,-0.04428367
7,LE,2018,3,0.07199815
7,LE,2018,4,-0.11441714
7,LE,2019,1,-0.20625059
7,LE,2019,2,-0.27045691
7,LE,2019,3,-0.34552714
7,LE,2019,4,-0.39702474
7,LE,2020,1,-0.4174158
7,LE,2020,2,-0.46243555
7,LE,2020,3,-0.46845197
7,LE,2020,4,-0.46289516
7,LF,2018,1,-0.0189583
7,LF,2018,2,-0.03880706
7,LF,2018,3,0.08486356
7,LF,2018,4,-0.09725158
7,LF,2019,1,-0.18349071
7,LF,2019,2,-0.24326784
7,LF,2019,3,-0.31525354
7,LF,2019,4,-0.36631118
7,LF,2020,1,-0.38682088
7,LF,2020,2,-0.43287348
7,LF,2020,3,-0.44241756
7,LF,2020,4,-0.43923914
7,LH,2018,1,-0.0313856
7,LH,2018,2,-0.0510084
7,LH,2018,3,-0.05990034
7,LH,2018,4,-0.11884047
7,LH,2019,1,-0.1553825
7,LH,2019,2,-0.16066312
7,LH,2019,3,-0.16183165
7,LH,2019,4,-0.12454932
7,LH,2020,1,-0.10286915
7,LH,2020,2,-0.06074646
7,LH,2020,3,-0.04215176
7,LH,2020,4,-0.03138761
7,UR,2018,1,0.0024108
7,UR,2018,2,0.00534094
7,UR,2018,3,0.01253136
7,UR,2018,4,0.01677062
7,UR,2019,1,0.02223059
7,UR,2019,2,0.02656703
7,UR,2019,3,0.02975949
7,UR,2019,4,0.03011744
7,UR,2020,1,0.02991107
7,UR,2020,2,0.0288175
7,UR,2020,3,0.02548488
7,UR,2020,4,0.0230212
7,CUX,2018,1,-0.22238009
7,CUX,2018,2,-0.38607783
7,CUX,2018,3,-0.91381536
7,CUX,2018,4,-0.97711673
7,CUX,2019,1,-1.28233376
7,CUX,2019,2,-1.4133488
7,CUX,2019,3,-1.51807357
7,CUX,2019,4,-1.37475489
7,CUX,2020,1,-1.35316277
7,CUX,2020,2,-1.24622448
7,CUX,2020,3,-1.00946827
7,CUX,2020,4,-0.92147724
7,GDPPOT,2018,1,-0.01132688
7,GDPPOT,2018,2,-0.03270234
7,GDPPOT,2018,3,0.02130977
7,GDPPOT,2018,4,-0.11565567
7,GDPPOT,2019,1,-0.20944802
7,GDPPOT,2019,2,-0.30072172
7,GDPPOT,2019,3,-0.40831185
7,GDPPOT,2019,4,-0.50940369
7,GDPPOT,2020,1,-0.58791481
7,GDPPOT,2020,2,-0.6818225
7,GDPPOT,2020,3,-0.74785824
7,GDPPOT,2020,4,-0.80464847
7,GDPGAP,2018,1,-0.11005068
7,GDPGAP,2018,2,-0.18949489
7,GDPGAP,2018,3,-0.41052002
7,GDPGAP,2018,4,-0.46942879
7,GDPGAP,2019,1,-0.61730232
7,GDPGAP,2019,2,-0.67667895
7,GDPGAP,2019,3,-0.71836076
7,GDPGAP,2019,4,-0.61654531
7,GDPGAP,2020,1,-0.59740283
7,GDPGAP,2020,2,-0.48957178
7,GDPGAP,2020,3,-0.41010614
7,GDPGAP,2020,4,-0.37319578
7,RCD,2018,1,1.0
7,RCD,2018,2,1.0
7,RCD,2018,3,1.0
7,RCD,2018,4,1.0
7,RCD,2019,1,1.0
7,RCD,2019,2,1.0
7,RCD,2019,3,1.0
7,RCD,2019,4,1.0
7,RCD,2020,1,1.0
7,RCD,2020,2,1.0
7,RCD,2020,3,1.0
7,RCD,2020,4,1.0
7,RGB,2018,1,0.51011
7,RGB,2018,2,0.44647459
7,RGB,2018,3,0.44281947
7,RGB,2018,4,0.44008871
7,RGB,2019,1,0.44315956
7,RGB,2019,2,0.4515344
7,RGB,2019,3,0.46505186
7,RGB,2019,4,0.48350268
7,RGB,2020,1,0.50669671
7,RGB,2020,2,0.52840234
7,RGB,2020,3,0.5492442
7,RGB,2020,4,0.56920377
7,PERR,2018,1,-0.73232385
7,PERR,2018,2,-1.88851931
7,PERR,2018,3,-2.98149258
7,PERR,2018,4,-3.86932846
7,PERR,2019,1,-4.75754406
7,PERR,2019,2,-4.77177251
7,PERR,2019,3,-4.95201385
7,PERR,2019,4,-5.29341973
7,PERR,2020,1,-5.67701516
7,PERR,2020,2,-6.03336275
7,PERR,2020,3,-7.78215773
7,PERR,2020,4,-9.71011697
7,UCC,2018,1,4.79996359
7,UCC,2018,2,5.70426718
7,UCC,2018,3,7.03953776
7,UCC,2018,4,8.19775012
7,UCC,2019,1,8.85633527
7,UCC,2019,2,8.65463018
7,UCC,2019,3,8.30526047
7,UCC,2019,4,7.96291421
7,UCC,2020,1,7.73858186
7,UCC,2020,2,7.0178194
7,UCC,2020,3,6.31443053
7,UCC,2020,4,6.15606005
7,FXS,2018,1,-0.23008671
7,FXS,2018,2,-0.46703637
7,FXS,2018,3,-0.75242887
7,FXS,2018,4,-1.03272212
7,FXS,2019,1,-1.30649726
7,FXS,2019,2,-1.57772706
7,FXS,2019,3,-1.84880313
7,FXS,2019,4,-2.12348522
7,FXS,2020,1,-2.40479422
7,FXS,2020,2,-2.6919779
7,FXS,2020,3,-2.98606092
7,FXS,2020,4,-3.28573427
7,PSHARE,2018,1,-3.79735318
7,PSHARE,2018,2,-9.5659098
7,PSHARE,2018,3,-15.6627676
7,PSHARE,2018,4,-20.75221676
7,PSHARE,2019,1,-23.81442892
7,PSHARE,2019,2,-23.88665045
7,PSHARE,2019,3,-23.96093177
7,PSHARE,2019,4,-24.0172746
7,PSHARE,2020,1,-24.07946779
7,PSHARE,2020,2,-24.13708711
7,PSHARE,2020,3,-24.19004762
7,PSHARE,2020,4,-24.25174087
7,PLAND,2018,1,-0.0123586
7,PLAND,2018,2,0.0114176
7,PLAND,2018,3,0.06836057
7,PLAND,2018,4,0.16344807
7,PLAND,2019,1,0.2918106
7,PLAND,2019,2,0.4328959
7,PLAND,2019,3,0.56842867
7,PLAND,2019,4,0.69503283
7,PLAND,2020,1,0.81730491
7,PLAND,2020,2,0.9355051
7,PLAND,2020,3,1.04750213
7,PLAND,2020,4,1.15767307
7,M2CD,2018,1,-3.64386563
7,M2CD,2018,2,-3.74950686
7,M2CD,2018,3,-3.91627509
7,M2CD,2018,4,-4.11887182
7,M2CD,2019,1,-4.37129802
7,M2CD,2019,2,-4.54697327
7,M2CD,2019,3,-4.73473114
7,M2CD,2019,4,-4.80568887
7,M2CD,2020,1,-4.91446626
7,M2CD,2020,2,-4.9934648
7,M2CD,2020,3,-5.00610698
7,M2CD,2020,4,-5.06652669
7,BGVATGDPV,2018,1,-0.02184225
7,BGVATGDPV,2018,2,-0.07080111
7,BGVATGDPV,2018,3,-0.13001703
7,BGVATGDPV,2018,4,-0.23514901
7,BGVATGDPV,2019,1,-0.37702263
7,BGVATGDPV,2019,2,-0.45591084
7,BGVATGDPV,2019,3,-0.55644946
7,BGVATGDPV,2019,4,-0.63967274
7,BGVATGDPV,2020,1,-0.71832292
7,BGVATGDPV,2020,2,-0.87564278
7,BGVATGDPV,2020,3,-0.94465702
7,BGVATGDPV,2020,4,-1.00602239
7,SBGVATGDPV,2018,1,0.36092174
7,SBGVATGDPV,2018,2,0.66923596
7,SBGVATGDPV,2018,3,1.13731584
7,SBGVATGDPV,2018,4,1.73061666
7,SBGVATGDPV,2019,1,2.46208724
7,SBGVATGDPV,2019,2,2.99051188
7,SBGVATGDPV,2019,3,3.60115071
7,SBGVATGDPV,2019,4,3.98005661
7,SBGVATGDPV,2020,1,4.3587003
7,SBGVATGDPV,2020,2,5.16780091
7,SBGVATGDPV,2020,3,5.25763638
7,SBGVATGDPV,2020,4,5.63395938
7,BCVATGDPV,2018,1,0.00082095
7,BCVATGDPV,2018,2,-0.03475403
7,BCVATGDPV,2018,3,-0.10178232
7,BCVATGDPV,2018,4,-0.13741799
7,BCVATGDPV,2019,1,-0.14009225
7,BCVATGDPV,2019,2,-0.15675882
7,BCVATGDPV,2019,3,-0.21771245
7,BCVATGDPV,2019,4,-0.26777664
7,BCVATGDPV,2020,1,-0.30251742
7,BCVATGDPV,2020,2,-0.37510774
7,BCVATGDPV,2020,3,-0.4365288
7,BCVATGDPV,2020,4,-0.43802164
7,KFP,2018,1,-0.02364162
7,KFP,2018,2,-0.07293613
7,KFP,2018,3,-0.14296296
7,KFP,2018,4,-0.24795887
7,KFP,2019,1,-0.38592814
7,KFP,2019,2,-0.54625974
7,KFP,2019,3,-0.7213888
7,KFP,2019,4,-0.88561059
7,KFP,2020,1,-1.05014125
7,KFP,2020,2,-1.19943677
7,KFP,2020,3,-1.34448241
7,KFP,2020,4,-1.48745772
7,KHP,2018,1,-0.00361136
7,KHP,2018,2,-0.00741594
7,KHP,2018,3,-0.01017067
7,KHP,2018,4,-0.01224427
7,KHP,2019,1,-0.01407961
7,KHP,2019,2,-0.01535461
7,KHP,2019,3,-0.01690523
7,KHP,2019,4,-0.01934184
7,KHP,2020,1,-0.0226426
7,KHP,2020,2,-0.02695603
7,KHP,2020,3,-0.03232262
7,KHP,2020,4,-0.03869026
7,KG,2018,1,0.0
7,KG,2018,2,-0.0
7,KG,2018,3,-0.0
7,KG,2018,4,-0.0
7,KG,2019,1,-0.0
7,KG,2019,2,-0.0
7,KG,2019,3,-0.0
7,KG,2019,4,-0.0
7,KG,2020,1,-0.0
7,KG,2020,2,0.0
7,KG,2020,3,0.0
7,KG,2020,4,0.0
7,BCVATGDPV,2018,0,-0.06828335
7,BCVATGDPV,2019,0,-0.19558504
7,BCVATGDPV,2020,0,-0.3880439
7,BGVATGDPV,2018,0,-0.11445235
7,BGVATGDPV,2019,0,-0.50726392
7,BGVATGDPV,2020,0,-0.88616127
7,CG,2018,0,-0.0
7,CG,2019,0,-0.0
7,CG,2020,0,0.0
7,CGPI,2018,0,-0.10645706
7,CGPI,2019,0,-0.27197312
7,CGPI,2020,0,-0.46497185
7,CGV,2018,0,-0.0351467
7,CGV,2019,0,-0.10926438
7,CGV,2020,0,-0.25975882
7,CP,2018,0,0.18663861
7,CP,2019,0,0.09845743
7,CP,2020,0,-0.1229038
7,CPV,2018,0,0.11974119
7,CPV,2019,0,-0.06600923
7,CPV,2020,0,-0.47420282
7,CUX,2018,0,-0.6248475
7,CUX,2019,0,-1.39712775
7,CUX,2020,0,-1.13258319
7,FXS,2018,0,-0.62056852
7,FXS,2019,0,-1.71412817
7,FXS,2020,0,-2.84214183
7,GDP,2018,0,-0.32541778
7,GDP,2019,0,-1.00764303
7,GDP,2020,0,-1.19026958
7,GDPD,2018,0,-0.58054576
7,GDPD,2019,0,-0.55943907
7,GDPD,2020,0,-0.04801711
7,GDPGAP,2018,0,-0.2948736
7,GDPGAP,2019,0,-0.65722183
7,GDPGAP,2020,0,-0.46756913
7,GDPPOT,2018,0,-0.03459378
7,GDPPOT,2019,0,-0.35697132
7,GDPPOT,2020,0,-0.705561
7,GDPV,2018,0,-0.39564938
7,GDPV,2019,0,-1.1938405
7,GDPV,2020,0,-1.55944288
7,IFP,2018,0,-2.05588315
7,IFP,2019,0,-5.65327135
7,IFP,2020,0,-6.37720129
7,IFPV,2018,0,-2.17681814
7,IFPV,2019,0,-5.96467632
7,IFPV,2020,0,-6.82406645
7,IG,2018,0,0.0
7,IG,2019,0,0.0
7,IG,2020,0,0.0
7,IGV,2018,0,-0.13313406
7,IGV,2019,0,-0.3490501
7,IGV,2020,0,-0.53986766
7,IHP,2018,0,-0.24867611
7,IHP,2019,0,-0.14980093
7,IHP,2020,0,-0.4254531
7,IHPV,2018,0,-0.33554037
7,IHPV,2019,0,-0.35764991
7,IHPV,2020,0,-0.84746416
7,KFP,2018,0,-0.1218749
7,KFP,2019,0,-0.63479682
7,KFP,2020,0,-1.27037954
7,KG,2018,0,0.0
7,KG,2019,0,-0.0
7,KG,2020,0,0.0
7,KHP,2018,0,-0.00836056
7,KHP,2019,0,-0.01642033
7,KHP,2020,0,-0.03015288
7,LE,2018,0,-0.02703453
7,LE,2019,0,-0.30481485
7,LE,2020,0,-0.45279962
7,LF,2018,0,-0.01753835
7,LF,2019,0,-0.27708082
7,LF,2020,0,-0.42533777
7,LH,2018,0,-0.0652837
7,LH,2019,0,-0.15060665
7,LH,2020,0,-0.05928875
7,M2CD,2018,0,-3.85712985
7,M2CD,2019,0,-4.61467282
7,M2CD,2020,0,-4.99514118
7,MGS,2018,0,0.17781688
7,MGS,2019,0,0.02988536
7,MGS,2020,0,-0.3841554
7,MGSV,2018,0,-0.09611288
7,MGSV,2019,0,-0.64605643
7,MGSV,2020,0,-1.37217983
7,NIV,2018,0,-0.5561886
7,NIV,2019,0,-1.6601719
7,NIV,2020,0,-2.25258233
7,PCP,2018,0,-0.06675629
7,PCP,2019,0,-0.16434053
7,PCP,2020,0,-0.35174647
7,PERR,2018,0,-2.36791605
7,PERR,2019,0,-4.94368754
7,PERR,2020,0,-7.30066315
7,PGDP,2018,0,-0.0705037
7,PGDP,2019,0,-0.18814596
7,PGDP,2020,0,-0.37361596
7,PIFP,2018,0,-0.12400727
7,PIFP,2019,0,-0.330415
7,PIFP,2020,0,-0.47731028
7,PIHP,2018,0,-0.0870687
7,PIHP,2019,0,-0.20817154
7,PIHP,2020,0,-0.42388178
7,PLAND,2018,0,0.05771691
7,PLAND,2019,0,0.497042
7,PLAND,2020,0,0.9894963
7,PMGS,2018,0,-0.27328238
7,PMGS,2019,0,-0.6758861
7,PMGS,2020,0,-0.991875
7,PSHARE,2018,0,-12.44456183
7,PSHARE,2019,0,-23.91982144
7,PSHARE,2020,0,-24.16458585
7,PXGS,2018,0,-0.24866901
7,PXGS,2019,0,-0.67876781
7,PXGS,2020,0,-1.12314903
7,RCD,2018,0,1.0
7,RCD,2019,0,1.0
7,RCD,2020,0,1.0
7,RGB,2018,0,0.45987319
7,RGB,2019,0,0.46081212
7,RGB,2020,0,0.53838675
7,SBGVATGDPV,2018,0,0.97452255
7,SBGVATGDPV,2019,0,3.25845161
7,SBGVATGDPV,2020,0,5.10452424
7,TAXV,2018,0,-0.45865984
7,TAXV,2019,0,-2.14362905
7,TAXV,2020,0,-3.35138872
7,TCIV,2018,0,-0.30073133
7,TCIV,2019,0,-1.0002719
7,TCIV,2020,0,-1.34843912
7,TYCV,2018,0,-1.55844257
7,TYCV,2019,0,-6.71452086
7,TYCV,2020,0,-10.07982175
7,TYPV,2018,0,0.09233592
7,TYPV,2019,0,-0.38910957
7,TYPV,2020,0,-0.98759687
7,UCC,2018,0,6.43537966
7,UCC,2019,0,8.44478503
7,UCC,2020,0,6.80672296
7,UR,2018,0,0.00926343
7,UR,2019,0,0.02716864
7,UR,2020,0,0.02680866
7,WIPH,2018,0,-0.11372691
7,WIPH,2019,0,-0.83314475
7,WIPH,2020,0,-1.37371038
7,XGS,2018,0,-0.02218994
7,XGS,2019,0,-0.17119648
7,XGS,2020,0,-0.37912423
7,XGSV,2018,0,-0.27077931
7,XGSV,2019,0,-0.84873226
7,XGSV,2020,0,-1.49794548
7,YCV,2018,0,-4.98575541
7,YCV,2019,0,-8.37731236
7,YCV,2020,0,-12.50229721
7,YDV,2018,0,0.40151812
7,YDV,2019,0,-0.31537583
7,YDV,2020,0,-0.78805757
7,YWV,2018,0,-0.19510994
7,YWV,2019,0,-1.21837926
7,YWV,2020,0,-1.78149317
8,GDP,2018,1,-0.0080561
8,GDP,2018,2,-0.02270194
8,GDP,2018,3,-0.04766649
8,GDP,2018,4,-0.08759568
8,GDP,2019,1,-0.13234509
8,GDP,2019,2,-0.17853468
8,GDP,2019,3,-0.22308909
8,GDP,2019,4,-0.24816874
8,GDP,2020,1,-0.27282992
8,GDP,2020,2,-0.28141444
8,GDP,2020,3,-0.27044621
8,GDP,2020,4,-0.27001791
8,CP,2018,1,0.00260809
8,CP,2018,2,0.01256648
8,CP,2018,3,0.03234367
8,CP,2018,4,0.04753976
8,CP,2019,1,0.0536045
8,CP,2019,2,0.04826499
8,CP,2019,3,0.02636908
8,CP,2019,4,-0.00581158
8,CP,2020,1,-0.04405947
8,CP,2020,2,-0.07669746
8,CP,2020,3,-0.09618777
8,CP,2020,4,-0.11881603
8,IFP,2018,1,-0.05116573
8,IFP,2018,2,-0.15760374
8,IFP,2018,3,-0.31331349
8,IFP,2018,4,-0.54162896
8,IFP,2019,1,-0.78851706
8,IFP,2019,2,-1.02621549
8,IFP,2019,3,-1.23384473
8,IFP,2019,4,-1.36680189
8,IFP,2020,1,-1.41251761
8,IFP,2020,2,-1.39769806
8,IFP,2020,3,-1.35510576
8,IFP,2020,4,-1.30619892
8,IHP,2018,1,-0.01905988
8,IHP,2018,2,-0.03955591
8,IHP,2018,3,-0.05447581
8,IHP,2018,4,-0.0651845
8,IHP,2019,1,-0.05459026
8,IHP,2019,2,-0.04111689
8,IHP,2019,3,-0.04208862
8,IHP,2019,4,-0.05463744
8,IHP,2020,1,-0.08274226
8,IHP,2020,2,-0.11766433
8,IHP,2020,3,-0.17642161
8,IHP,2020,4,-0.22393846
8,IG,2018,1,0.0
8,IG,2018,2,0.0
8,IG,2018,3,0.0
8,IG,2018,4,0.0
8,IG,2019,1,0.0
8,IG,2019,2,0.0
8,IG,2019,3,0.0
8,IG,2019,4,0.0
8,IG,2020,1,0.0
8,IG,2020,2,0.0
8,IG,2020,3,0.0
8,IG,2020,4,0.0
8,CG,2018,1,0.0
8,CG,2018,2,0.0
8,CG,2018,3,0.0
8,CG,2018,4,0.0
8,CG,2019,1,0.0
8,CG,2019,2,0.0
8,CG,2019,3,0.0
8,CG,2019,4,0.0
8,CG,2020,1,0.0
8,CG,2020,2,0.0
8,CG,2020,3,0.0
8,CG,2020,4,0.0
8,XGS,2018,1,0.0
8,XGS,2018,2,-0.00057235
8,XGS,2018,3,-0.00230384
8,XGS,2018,4,-0.00589832
8,XGS,2019,1,-0.01202835
8,XGS,2019,2,-0.02059805
8,XGS,2019,3,-0.03122054
8,XGS,2019,4,-0.04311375
8,XGS,2020,1,-0.05536041
8,XGS,2020,2,-0.06708644
8,XGS,2020,3,-0.0778028
8,XGS,2020,4,-0.08740534
8,MGS,2018,1,0.00097977
8,MGS,2018,2,0.00790965
8,MGS,2018,3,0.02606365
8,MGS,2018,4,0.04631458
8,MGS,2019,1,0.05548384
8,MGS,2019,2,0.04639429
8,MGS,2019,3,0.0192109
8,MGS,2019,4,-0.02540305
8,MGS,2020,1,-0.08285921
8,MGS,2020,2,-0.13810551
8,MGS,2020,3,-0.17776018
8,MGS,2020,4,-0.21089824
8,GDPD,2018,1,-0.03226533
8,GDPD,2018,2,-0.05881674
8,GDPD,2018,3,-0.09915557
8,GDPD,2018,4,-0.15948874
8,GDPD,2019,1,-0.17999688
8,GDPD,2019,2,-0.18594916
8,GDPD,2019,3,-0.17855775
8,GDPD,2019,4,-0.09779162
8,GDPD,2020,1,-0.09931808
8,GDPD,2020,2,-0.03169501
8,GDPD,2020,3,0.04632983
8,GDPD,2020,4,0.00174983
8,PGDP,2018,1,-0.00236532
8,PGDP,2018,2,-0.00650793
8,PGDP,2018,3,-0.01177034
8,PGDP,2018,4,-0.01837148
8,PGDP,2019,1,-0.02453968
8,PGDP,2019,2,-0.0293123
8,PGDP,2019,3,-0.03624044
8,PGDP,2019,4,-0.04465185
8,PGDP,2020,1,-0.05388229
8,PGDP,2020,2,-0.061888
8,PGDP,2020,3,-0.07493149
8,PGDP,2020,4,-0.08822279
8,PCP,2018,1,-0.00268784
8,PCP,2018,2,-0.00689245
8,PCP,2018,3,-0.01169867
8,PCP,2018,4,-0.01721148
8,PCP,2019,1,-0.02115592
8,PCP,2019,2,-0.02529361
8,PCP,2019,3,-0.03106588
8,PCP,2019,4,-0.0387934
8,PCP,2020,1,-0.04796407
8,PCP,2020,2,-0.05808366
8,PCP,2020,3,-0.06862241
8,PCP,2020,4,-0.07866576
8,PIFP,2018,1,-0.00410327
8,PIFP,2018,2,-0.00996219
8,PIFP,2018,3,-0.0197808
8,PIFP,2018,4,-0.03220496
8,PIFP,2019,1,-0.04407414
8,PIFP,2019,2,-0.05694307
8,PIFP,2019,3,-0.06731359
8,PIFP,2019,4,-0.07536283
8,PIFP,2020,1,-0.08440974
8,PIFP,2020,2,-0.08945228
8,PIFP,2020,3,-0.09347828
8,PIFP,2020,4,-0.09917604
8,PIHP,2018,1,-0.00290314
8,PIHP,2018,2,-0.0081725
8,PIHP,2018,3,-0.01501084
8,PIHP,2018,4,-0.02242883
8,PIHP,2019,1,-0.02786882
8,PIHP,2019,2,-0.03340044
8,PIHP,2019,3,-0.03901086
8,PIHP,2019,4,-0.04725218
8,PIHP,2020,1,-0.05778425
8,PIHP,2020,2,-0.0683281
8,PIHP,2020,3,-0.07982708
8,PIHP,2020,4,-0.09200283
8,PXGS,2018,1,-0.00620201
8,PXGS,2018,2,-0.01871745
8,PXGS,2018,3,-0.03851213
8,PXGS,2018,4,-0.06490691
8,PXGS,2019,1,-0.0909905
8,PXGS,2019,2,-0.11612529
8,PXGS,2019,3,-0.13923462
8,PXGS,2019,4,-0.16096899
8,PXGS,2020,1,-0.18182565
8,PXGS,2020,2,-0.20266357
8,PXGS,2020,3,-0.22393773
8,PXGS,2020,4,-0.24570174
8,PMGS,2018,1,-0.00678733
8,PMGS,2018,2,-0.02051885
8,PMGS,2018,3,-0.04309705
8,PMGS,2018,4,-0.07167517
8,PMGS,2019,1,-0.09306889
8,PMGS,2019,2,-0.12256433
8,PMGS,2019,3,-0.13898259
8,PMGS,2019,4,-0.15636704
8,PMGS,2020,1,-0.17628745
8,PMGS,2020,2,-0.18068769
8,PMGS,2020,3,-0.19763462
8,PMGS,2020,4,-0.2137137
8,CGPI,2018,1,-0.00360841
8,CGPI,2018,2,-0.00932207
8,CGPI,2018,3,-0.01728954
8,CGPI,2018,4,-0.0276383
8,CGPI,2019,1,-0.03522548
8,CGPI,2019,2,-0.04537228
8,CGPI,2019,3,-0.05406538
8,CGPI,2019,4,-0.06337781
8,CGPI,2020,1,-0.07370106
8,CGPI,2020,2,-0.081779
8,CGPI,2020,3,-0.09191576
8,CGPI,2020,4,-0.10056899
8,GDPV,2018,1,-0.01042123
8,GDPV,2018,2,-0.0292084
8,GDPV,2018,3,-0.05943122
8,GDPV,2018,4,-0.10595106
8,GDPV,2019,1,-0.1568523
8,GDPV,2019,2,-0.20779464
8,GDPV,2019,3,-0.25924868
8,GDPV,2019,4,-0.29270977
8,GDPV,2020,1,-0.3265652
8,GDPV,2020,2,-0.34312828
8,GDPV,2020,3,-0.34517505
8,GDPV,2020,4,-0.35800248
8,CPV,2018,1,-7.983e-05
8,CPV,2018,2,0.00567317
8,CPV,2018,3,0.02064122
8,CPV,2018,4,0.0303201
8,CPV,2019,1,0.03243724
8,CPV,2019,2,0.02295917
8,CPV,2019,3,-0.004705
8,CPV,2019,4,-0.04460273
8,CPV,2020,1,-0.09200241
8,CPV,2020,2,-0.13473658
8,CPV,2020,3,-0.16474417
8,CPV,2020,4,-0.19738832
8,IFPV,2018,1,-0.0552669
8,IFPV,2018,2,-0.16755022
8,IFPV,2018,3,-0.33303231
8,IFPV,2018,4,-0.57365948
8,IFPV,2019,1,-0.83224367
8,IFPV,2019,2,-1.0825742
8,IFPV,2019,3,-1.30032778
8,IFPV,2019,4,-1.44113466
8,IFPV,2020,1,-1.49573505
8,IFPV,2020,2,-1.48590006
8,IFPV,2020,3,-1.44731731
8,IFPV,2020,4,-1.40407953
8,IHPV,2018,1,-0.02196247
8,IHPV,2018,2,-0.04772517
8,IHPV,2018,3,-0.06947848
8,IHPV,2018,4,-0.08759871
8,IHPV,2019,1,-0.08244387
8,IHPV,2019,2,-0.0745036
8,IHPV,2019,3,-0.08108306
8,IHPV,2019,4,-0.10186381
8,IHPV,2020,1,-0.14047869
8,IHPV,2020,2,-0.18591204
8,IHPV,2020,3,-0.25610786
8,IHPV,2020,4,-0.31573526
8,IGV,2018,1,-0.00433323
8,IGV,2018,2,-0.01095131
8,IGV,2018,3,-0.02149769
8,IGV,2018,4,-0.03454169
8,IGV,2019,1,-0.04663783
8,IGV,2019,2,-0.05953105
8,IGV,2019,3,-0.07025849
8,IGV,2019,4,-0.07963205
8,IGV,2020,1,-0.09056068
8,IGV,2020,2,-0.09803597
8,IGV,2020,3,-0.1049319
8,IGV,2020,4,-0.11352358
8,CGV,2018,1,-0.0
8,CGV,2018,2,-0.00233214
8,CGV,2018,3,-0.00533861
8,CGV,2018,4,-0.00924824
8,CGV,2019,1,-0.01376162
8,CGV,2019,2,-0.01708154
8,CGV,2019,3,-0.02118247
8,CGV,2019,4,-0.02648578
8,CGV,2020,1,-0.03352949
8,CGV,2020,2,-0.04176929
8,CGV,2020,3,-0.05108327
8,CGV,2020,4,-0.06087431
8,XGSV,2018,1,-0.00620201
8,XGSV,2018,2,-0.0192897
8,XGSV,2018,3,-0.04081508
8,XGSV,2018,4,-0.0708014
8,XGSV,2019,1,-0.1030079
8,XGSV,2019,2,-0.13669942
8,XGSV,2019,3,-0.17041169
8,XGSV,2019,4,-0.20401335
8,XGSV,2020,1,-0.2370854
8,XGSV,2020,2,-0.26961405
8,XGSV,2020,3,-0.3015663
8,XGSV,2020,4,-0.33289233
8,MGSV,2018,1,-0.00580762
8,MGSV,2018,2,-0.01261083
8,MGSV,2018,3,-0.01704463
8,MGSV,2018,4,-0.02539379
8,MGSV,2019,1,-0.03763669
8,MGSV,2019,2,-0.07622691
8,MGSV,2019,3,-0.11979839
8,MGSV,2019,4,-0.18173037
8,MGSV,2020,1,-0.25900059
8,MGSV,2020,2,-0.31854366
8,MGSV,2020,3,-0.37504349
8,MGSV,2020,4,-0.42416123
8,NIV,2018,1,-0.01462948
8,NIV,2018,2,-0.04147138
8,NIV,2018,3,-0.08978346
8,NIV,2018,4,-0.16037744
8,NIV,2019,1,-0.23787514
8,NIV,2019,2,-0.31209011
8,NIV,2019,3,-0.43764393
8,NIV,2019,4,-0.52852366
8,NIV,2020,1,-0.60500919
8,NIV,2020,2,-0.6883026
8,NIV,2020,3,-0.75211003
8,NIV,2020,4,-0.72485478
8,YWV,2018,1,-0.00929761
8,YWV,2018,2,-0.02737938
8,YWV,2018,3,-0.01999457
8,YWV,2018,4,-0.06288508
8,YWV,2019,1,-0.11291758
8,YWV,2019,2,-0.17438085
8,YWV,2019,3,-0.32405769
8,YWV,2019,4,-0.41014125
8,YWV,2020,1,-0.47202868
8,YWV,2020,2,-0.53425128
8,YWV,2020,3,-0.58206513
8,YWV,2020,4,-0.56056047
8,YCV,2018,1,-0.25611894
8,YCV,2018,2,-0.49317822
8,YCV,2018,3,-0.85782328
8,YCV,2018,4,-1.42980265
8,YCV,2019,1,-1.75356027
8,YCV,2019,2,-1.64375196
8,YCV,2019,3,-2.00390629
8,YCV,2019,4,-2.4133238
8,YCV,2020,1,-2.38160778
8,YCV,2020,2,-4.71882688
8,YCV,2020,3,-3.58637841
8,YCV,2020,4,-2.55918892
8,YDV,2018,1,0.03633391
8,YDV,2018,2,0.07094664
8,YDV,2018,3,0.08378024
8,YDV,2018,4,0.0888379
8,YDV,2019,1,0.04267591
8,YDV,2019,2,-0.02029382
8,YDV,2019,3,-0.11311963
8,YDV,2019,4,-0.19837946
8,YDV,2020,1,-0.26464084
8,YDV,2020,2,-0.28799425
8,YDV,2020,3,-0.36951531
8,YDV,2020,4,-0.37253365
8,TAXV,2018,1,-0.00198525
8,TAXV,2018,2,-0.01889342
8,TAXV,2018,3,-0.0588944
8,TAXV,2018,4,-0.12512247
8,TAXV,2019,1,-0.23258182
8,TAXV,2019,2,-0.34425508
8,TAXV,2019,3,-0.46269163
8,TAXV,2019,4,-0.58454168
8,TAXV,2020,1,-0.70208807
8,TAXV,2020,2,-0.74529227
8,TAXV,2020,3,-0.88419024
8,TAXV,2020,4,-1.00191908
8,TYPV,2018,1,0.00175411
8,TYPV,2018,2,0.01037284
8,TYPV,2018,3,0.01222324
8,TYPV,2018,4,0.01912654
8,TYPV,2019,1,0.00192891
8,TYPV,2019,2,-0.02786395
8,TYPV,2019,3,-0.08107946
8,TYPV,2019,4,-0.14936983
8,TYPV,2020,1,-0.23474466
8,TYPV,2020,2,-0.28425601
8,TYPV,2020,3,-0.35353225
8,TYPV,2020,4,-0.38736629
8,TYCV,2018,1,-0.00125681
8,TYCV,2018,2,-0.0615076
8,TYCV,2018,3,-0.19618796
8,TYCV,2018,4,-0.41943781
8,TYCV,2019,1,-0.78350103
8,TYCV,2019,2,-1.13917975
8,TYCV,2019,3,-1.47616323
8,TYCV,2019,4,-1.79316091
8,TYCV,2020,1,-2.02840049
8,TYCV,2020,2,-2.18232591
8,TYCV,2020,3,-2.67589585
8,TYCV,2020,4,-3.09923176
8,TCIV,2018,1,-0.00950667
8,TCIV,2018,2,-0.02582155
8,TCIV,2018,3,-0.04470786
8,TCIV,2018,4,-0.08042971
8,TCIV,2019,1,-0.12071465
8,TCIV,2019,2,-0.16478228
8,TCIV,2019,3,-0.21624436
8,TCIV,2019,4,-0.24945976
8,TCIV,2020,1,-0.28813288
8,TCIV,2020,2,-0.30599528
8,TCIV,2020,3,-0.3124887
8,TCIV,2020,4,-0.33097741
8,WIPH,2018,1,-0.00624736
8,WIPH,2018,2,-0.01835043
8,WIPH,2018,3,-0.01085007
8,WIPH,2018,4,-0.03787004
8,WIPH,2019,1,-0.07046681
8,WIPH,2019,2,-0.11060046
8,WIPH,2019,3,-0.21950824
8,WIPH,2019,4,-0.28792841
8,WIPH,2020,1,-0.33849966
8,WIPH,2020,2,-0.39278616
8,WIPH,2020,3,-0.43683035
8,WIPH,2020,4,-0.43231772
8,LE,2018,1,-0.0014503
8,LE,2018,2,-0.00479106
8,LE,2018,3,-0.00071826
8,LE,2018,4,-0.01029529
8,LE,2019,1,-0.02332983
8,LE,2019,2,-0.04006204
8,LE,2019,3,-0.08207437
8,LE,2019,4,-0.10740525
8,LE,2020,1,-0.12446988
8,LE,2020,2,-0.14303265
8,LE,2020,3,-0.15494104
8,LE,2020,4,-0.14646323
8,LF,2018,1,-0.00128271
8,LF,2018,2,-0.00426282
8,LF,2018,3,0.00063355
8,LF,2018,4,-0.00782503
8,LF,2019,1,-0.01956778
8,LF,2019,2,-0.03500163
8,LF,2019,3,-0.07629966
8,LF,2019,4,-0.10129062
8,LF,2020,1,-0.11811321
8,LF,2020,2,-0.13686785
8,LF,2020,3,-0.14971131
8,LF,2020,4,-0.14174179
8,LH,2018,1,-0.00212506
8,LH,2018,2,-0.00561355
8,LH,2018,3,-0.00949475
8,LH,2018,4,-0.01825391
8,LH,2019,1,-0.02560895
8,LH,2019,2,-0.03250331
8,LH,2019,3,-0.04019528
8,LH,2019,4,-0.03829181
8,LH,2020,1,-0.03632535
8,LH,2020,2,-0.02680189
8,LH,2020,3,-0.02163766
8,LH,2020,4,-0.01509587
8,UR,2018,1,0.00016307
8,UR,2018,2,0.00051488
8,UR,2018,3,0.00131901
8,UR,2018,4,0.00241061
8,UR,2019,1,0.00366899
8,UR,2019,2,0.00493632
8,UR,2019,3,0.00566769
8,UR,2019,4,0.00598004
8,UR,2020,1,0.00619289
8,UR,2020,2,0.00598554
8,UR,2020,3,0.00511865
8,UR,2020,4,0.00457798
8,CUX,2018,1,-0.01505768
8,CUX,2018,2,-0.04034283
8,CUX,2018,3,-0.09879867
8,CUX,2018,4,-0.16311455
8,CUX,2019,1,-0.22959991
8,CUX,2019,2,-0.28777413
8,CUX,2019,3,-0.29662706
8,CUX,2019,4,-0.28900934
8,CUX,2020,1,-0.29242792
8,CUX,2020,2,-0.26297797
8,CUX,2020,3,-0.19154528
8,CUX,2020,4,-0.18128398
8,GDPPOT,2018,1,-0.00076634
8,GDPPOT,2018,2,-0.00319078
8,GDPPOT,2018,3,-0.00224428
8,GDPPOT,2018,4,-0.01107619
8,GDPPOT,2019,1,-0.02467713
8,GDPPOT,2019,2,-0.04337152
8,GDPPOT,2019,3,-0.08018001
8,GDPPOT,2019,4,-0.10974319
8,GDPPOT,2020,1,-0.13452428
8,GDPPOT,2020,2,-0.16093939
8,GDPPOT,2020,3,-0.18217684
8,GDPPOT,2020,4,-0.190077
8,GDPGAP,2018,1,-0.00744885
8,GDPGAP,2018,2,-0.01993645
8,GDPGAP,2018,3,-0.04599403
8,GDPGAP,2018,4,-0.07721767
8,GDPGAP,2019,1,-0.10903579
8,GDPGAP,2019,2,-0.13738991
8,GDPGAP,2019,3,-0.14504007
8,GDPGAP,2019,4,-0.13605553
8,GDPGAP,2020,1,-0.13669197
8,GDPGAP,2020,2,-0.11025492
8,GDPGAP,2020,3,-0.08483894
8,GDPGAP,2020,4,-0.0778845
8,RCD,2018,1,0.06742787
8,RCD,2018,2,0.13299976
8,RCD,2018,3,0.19575133
8,RCD,2018,4,0.2542625
8,RCD,2019,1,0.24079551
8,RCD,2019,2,0.22648639
8,RCD,2019,3,0.21194208
8,RCD,2019,4,0.20219168
8,RCD,2020,1,0.1921161
8,RCD,2020,2,0.18632904
8,RCD,2020,3,0.18603491
8,RCD,2020,4,0.18306122
8,RGB,2018,1,0.03439563
8,RGB,2018,2,0.06355371
8,RGB,2018,3,0.09114476
8,RGB,2018,4,0.11657487
8,RGB,2019,1,0.10578062
8,RGB,2019,2,0.09971927
8,RGB,2019,3,0.09475323
8,RGB,2019,4,0.09362924
8,RGB,2020,1,0.09327345
8,RGB,2020,2,0.09581704
8,RGB,2020,3,0.10111858
8,RGB,2020,4,0.10450877
8,PERR,2018,1,-0.05012738
8,PERR,2018,2,-0.17987444
8,PERR,2018,3,-0.37822779
8,PERR,2018,4,-0.64073385
8,PERR,2019,1,-0.95153777
8,PERR,2019,2,-1.13982418
8,PERR,2019,3,-1.25218812
8,PERR,2019,4,-1.28712127
8,PERR,2020,1,-1.24301218
8,PERR,2020,2,-1.15461661
8,PERR,2020,3,-1.28085348
8,PERR,2020,4,-1.48875956
8,UCC,2018,1,0.32242685
8,UCC,2018,2,0.69374877
8,UCC,2018,3,1.13923941
8,UCC,2018,4,1.62358808
8,UCC,2019,1,1.80057907
8,UCC,2019,2,1.85172971
8,UCC,2019,3,1.77169438
8,UCC,2019,4,1.63305305
8,UCC,2020,1,1.48968956
8,UCC,2020,2,1.29120285
8,UCC,2020,3,1.13918614
8,UCC,2020,4,1.09119794
8,FXS,2018,1,-0.01553094
8,FXS,2018,2,-0.04666012
8,FXS,2018,3,-0.09603883
8,FXS,2018,4,-0.16224848
8,FXS,2019,1,-0.22812912
8,FXS,2019,2,-0.29275399
8,FXS,2019,3,-0.35248358
8,FXS,2019,4,-0.4090722
8,FXS,2020,1,-0.46340036
8,FXS,2020,2,-0.51720754
8,FXS,2020,3,-0.57230419
8,FXS,2020,4,-0.62829054
8,PSHARE,2018,1,-0.26070071
8,PSHARE,2018,2,-0.92754112
8,PSHARE,2018,3,-2.02994961
8,PSHARE,2018,4,-3.48122561
8,PSHARE,2019,1,-4.84380416
8,PSHARE,2019,2,-5.72017091
8,PSHARE,2019,3,-6.08359272
8,PSHARE,2019,4,-6.02369727
8,PSHARE,2020,1,-5.72383642
8,PSHARE,2020,2,-5.46000145
8,PSHARE,2020,3,-5.26241255
8,PSHARE,2020,4,-5.1322124
8,PLAND,2018,1,-0.00083338
8,PLAND,2018,2,-4.293e-05
8,PLAND,2018,3,0.00456908
8,PLAND,2018,4,0.01549226
8,PLAND,2019,1,0.03547429
8,PLAND,2019,2,0.0623102
8,PLAND,2019,3,0.09330628
8,PLAND,2019,4,0.12444101
8,PLAND,2020,1,0.15342636
8,PLAND,2020,2,0.17889629
8,PLAND,2020,3,0.20112565
8,PLAND,2020,4,0.22161452
8,M2CD,2018,1,-0.25
8,M2CD,2018,2,-0.5
8,M2CD,2018,3,-0.75
8,M2CD,2018,4,-1.0
8,M2CD,2019,1,-1.0
8,M2CD,2019,2,-1.0
8,M2CD,2019,3,-1.0
8,M2CD,2019,4,-1.0
8,M2CD,2020,1,-1.0
8,M2CD,2020,2,-1.0
8,M2CD,2020,3,-1.0
8,M2CD,2020,4,-1.0
8,BGVATGDPV,2018,1,-0.00147511
8,BGVATGDPV,2018,2,-0.00623163
8,BGVATGDPV,2018,3,-0.01504628
8,BGVATGDPV,2018,4,-0.03122228
8,BGVATGDPV,2019,1,-0.05514521
8,BGVATGDPV,2019,2,-0.08004678
8,BGVATGDPV,2019,3,-0.11017026
8,BGVATGDPV,2019,4,-0.14053585
8,BGVATGDPV,2020,1,-0.16585848
8,BGVATGDPV,2020,2,-0.21219808
8,BGVATGDPV,2020,3,-0.2336496
8,BGVATGDPV,2020,4,-0.25531841
8,SBGVATGDPV,2018,1,0.02438762
8,SBGVATGDPV,2018,2,0.06923228
8,SBGVATGDPV,2018,3,0.14295639
8,SBGVATGDPV,2018,4,0.26332769
8,SBGVATGDPV,2019,1,0.3962367
8,SBGVATGDPV,2019,2,0.53602285
8,SBGVATGDPV,2019,3,0.68722982
8,SBGVATGDPV,2019,4,0.81427785
8,SBGVATGDPV,2020,1,0.9266169
8,SBGVATGDPV,2020,2,1.11337049
8,SBGVATGDPV,2020,3,1.1335325
8,SBGVATGDPV,2020,4,1.21507625
8,BCVATGDPV,2018,1,5.698e-05
8,BCVATGDPV,2018,2,-0.00346356
8,BCVATGDPV,2018,3,-0.01383054
8,BCVATGDPV,2018,4,-0.02637116
8,BCVATGDPV,2019,1,-0.0365412
8,BCVATGDPV,2019,2,-0.05070924
8,BCVATGDPV,2019,3,-0.09425427
8,BCVATGDPV,2019,4,-0.13035206
8,BCVATGDPV,2020,1,-0.15586204
8,BCVATGDPV,2020,2,-0.19483914
8,BCVATGDPV,2020,3,-0.23042834
8,BCVATGDPV,2020,4,-0.21815375
8,KFP,2018,1,-0.00159976
8,KFP,2018,2,-0.00651511
8,KFP,2018,3,-0.01590106
8,KFP,2018,4,-0.03225945
8,KFP,2019,1,-0.05579199
8,KFP,2019,2,-0.08593856
8,KFP,2019,3,-0.12228634
8,KFP,2019,4,-0.158875
8,KFP,2020,1,-0.19665332
8,KFP,2020,2,-0.23033954
8,KFP,2020,3,-0.26176824
8,KFP,2020,4,-0.29130606
8,KHP,2018,1,-0.00024366
8,KHP,2018,2,-0.00073146
8,KHP,2018,3,-0.00140151
8,KHP,2018,4,-0.00221072
8,KHP,2019,1,-0.00289264
8,KHP,2019,2,-0.00339722
8,KHP,2019,3,-0.00391224
8,KHP,2019,4,-0.00457473
8,KHP,2020,1,-0.00554642
8,KHP,2020,2,-0.00694066
8,KHP,2020,3,-0.00895247
8,KHP,2020,4,-0.01150621
8,KG,2018,1,-0.0
8,KG,2018,2,-0.0
8,KG,2018,3,0.0
8,KG,2018,4,0.0
8,KG,2019,1,0.0
8,KG,2019,2,0.0
8,KG,2019,3,0.0
8,KG,2019,4,0.0
8,KG,2020,1,0.0
8,KG,2020,2,0.0
8,KG,2020,3,0.0
8,KG,2020,4,0.0
8,BCVATGDPV,2018,0,-0.01090207
8,BCVATGDPV,2019,0,-0.07796419
8,BCVATGDPV,2020,0,-0.19982081
8,BGVATGDPV,2018,0,-0.01349382
8,BGVATGDPV,2019,0,-0.09647453
8,BGVATGDPV,2020,0,-0.21675614
8,CG,2018,0,0.0
8,CG,2019,0,0.0
8,CG,2020,0,0.0
8,CGPI,2018,0,-0.01446458
8,CGPI,2019,0,-0.04951024
8,CGPI,2020,0,-0.0869912
8,CGV,2018,0,-0.00422975
8,CGV,2019,0,-0.01962785
8,CGV,2020,0,-0.04681409
8,CP,2018,0,0.0237645
8,CP,2019,0,0.03060675
8,CP,2020,0,-0.08394018
8,CPV,2018,0,0.01413866
8,CPV,2019,0,0.00152217
8,CPV,2020,0,-0.14721787
8,CUX,2018,0,-0.07932843
8,CUX,2019,0,-0.27575261
8,CUX,2020,0,-0.23205879
8,FXS,2018,0,-0.08011959
8,FXS,2019,0,-0.32060972
8,FXS,2020,0,-0.54530066
8,GDP,2018,0,-0.04150505
8,GDP,2019,0,-0.1955344
8,GDP,2020,0,-0.27367712
8,GDPD,2018,0,-0.08743159
8,GDPD,2019,0,-0.16057385
8,GDPD,2020,0,-0.02073336
8,GDPGAP,2018,0,-0.03764925
8,GDPGAP,2019,0,-0.13188033
8,GDPGAP,2020,0,-0.10241758
8,GDPPOT,2018,0,-0.0043194
8,GDPPOT,2019,0,-0.06449296
8,GDPPOT,2020,0,-0.16692938
8,GDPV,2018,0,-0.05125298
8,GDPV,2019,0,-0.22915135
8,GDPV,2020,0,-0.34321775
8,IFP,2018,0,-0.26592798
8,IFP,2019,0,-1.10384479
8,IFP,2020,0,-1.36788009
8,IFPV,2018,0,-0.28237723
8,IFPV,2019,0,-1.16407008
8,IFPV,2020,0,-1.45825799
8,IG,2018,0,0.0
8,IG,2019,0,0.0
8,IG,2020,0,0.0
8,IGV,2018,0,-0.01783098
8,IGV,2019,0,-0.06401485
8,IGV,2020,0,-0.10176303
8,IHP,2018,0,-0.04456903
8,IHP,2019,0,-0.0481083
8,IHP,2020,0,-0.15019166
8,IHPV,2018,0,-0.05669121
8,IHPV,2019,0,-0.08497358
8,IHPV,2020,0,-0.22455846
8,KFP,2018,0,-0.01406884
8,KFP,2019,0,-0.10572297
8,KFP,2020,0,-0.24501679
8,KG,2018,0,0.0
8,KG,2019,0,0.0
8,KG,2020,0,0.0
8,KHP,2018,0,-0.00114684
8,KHP,2019,0,-0.00369421
8,KHP,2020,0,-0.00823644
8,LE,2018,0,-0.00431373
8,LE,2019,0,-0.06321787
8,LE,2020,0,-0.1422267
8,LF,2018,0,-0.00318425
8,LF,2019,0,-0.05803992
8,LF,2020,0,-0.13660854
8,LH,2018,0,-0.00887182
8,LH,2019,0,-0.03414984
8,LH,2020,0,-0.02496519
8,M2CD,2018,0,-0.625
8,M2CD,2019,0,-1.0
8,M2CD,2020,0,-1.0
8,MGS,2018,0,0.02031691
8,MGS,2019,0,0.02392149
8,MGS,2020,0,-0.15240578
8,MGSV,2018,0,-0.01521422
8,MGSV,2019,0,-0.10384809
8,MGSV,2020,0,-0.34418724
8,NIV,2018,0,-0.07656544
8,NIV,2019,0,-0.37903321
8,NIV,2020,0,-0.69256915
8,PCP,2018,0,-0.00962261
8,PCP,2019,0,-0.0290772
8,PCP,2020,0,-0.06333398
8,PERR,2018,0,-0.31224086
8,PERR,2019,0,-1.15766784
8,PERR,2020,0,-1.29181046
8,PGDP,2018,0,-0.00975377
8,PGDP,2019,0,-0.03368607
8,PGDP,2020,0,-0.06973114
8,PIFP,2018,0,-0.0165128
8,PIFP,2019,0,-0.06092341
8,PIFP,2020,0,-0.09162909
8,PIHP,2018,0,-0.01212883
8,PIHP,2019,0,-0.03688308
8,PIHP,2020,0,-0.07448557
8,PLAND,2018,0,0.00479626
8,PLAND,2019,0,0.07888294
8,PLAND,2020,0,0.1887657
8,PMGS,2018,0,-0.0355196
8,PMGS,2019,0,-0.12774571
8,PMGS,2020,0,-0.19208087
8,PSHARE,2018,0,-1.67485426
8,PSHARE,2019,0,-5.66781626
8,PSHARE,2020,0,-5.3946157
8,PXGS,2018,0,-0.03208463
8,PXGS,2019,0,-0.12682985
8,PXGS,2020,0,-0.21353217
8,RCD,2018,0,0.16261036
8,RCD,2019,0,0.22035391
8,RCD,2020,0,0.18688532
8,RGB,2018,0,0.07641724
8,RGB,2019,0,0.09847059
8,RGB,2020,0,0.09867946
8,SBGVATGDPV,2018,0,0.124976
8,SBGVATGDPV,2019,0,0.60844181
8,SBGVATGDPV,2020,0,1.09714903
8,TAXV,2018,0,-0.05122388
8,TAXV,2019,0,-0.40601755
8,TAXV,2020,0,-0.83337241
8,TCIV,2018,0,-0.04011645
8,TCIV,2019,0,-0.18780026
8,TCIV,2020,0,-0.30939857
8,TYCV,2018,0,-0.16959754
8,TYCV,2019,0,-1.29800123
8,TYCV,2020,0,-2.4964635
8,TYPV,2018,0,0.01086918
8,TYPV,2019,0,-0.06409608
8,TYPV,2020,0,-0.3149748
8,UCC,2018,0,0.94475078
8,UCC,2019,0,1.76426405
8,UCC,2020,0,1.25281913
8,UR,2018,0,0.00110189
8,UR,2019,0,0.00506326
8,UR,2020,0,0.00546876
8,WIPH,2018,0,-0.01832947
8,WIPH,2019,0,-0.17212598
8,WIPH,2020,0,-0.40010847
8,XGS,2018,0,-0.00219363
8,XGS,2019,0,-0.02674017
8,XGS,2020,0,-0.07191375
8,XGSV,2018,0,-0.03427705
8,XGSV,2019,0,-0.15353309
8,XGSV,2020,0,-0.28528952
8,YCV,2018,0,-0.75923077
8,YCV,2019,0,-1.95363558
8,YCV,2020,0,-3.3115005
8,YDV,2018,0,0.06997467
8,YDV,2019,0,-0.07227925
8,YDV,2020,0,-0.32367101
8,YWV,2018,0,-0.02988916
8,YWV,2019,0,-0.25537434
8,YWV,2020,0,-0.53722639
9,GDP,2018,1,0.01244656
9,GDP,2018,2,0.05741513
9,GDP,2018,3,0.31663397
9,GDP,2018,4,0.40390677
9,GDP,2019,1,0.49022634
9,GDP,2019,2,0.56304211
9,GDP,2019,3,0.56091593
9,GDP,2019,4,0.56091586
9,GDP,2020,1,0.52429118
9,GDP,2020,2,0.44690451
9,GDP,2020,3,0.41905625
9,GDP,2020,4,0.41048986
9,CP,2018,1,0.00021734
9,CP,2018,2,0.02007668
9,CP,2018,3,0.09936062
9,CP,2018,4,0.19036311
9,CP,2019,1,0.24408192
9,CP,2019,2,0.30406008
9,CP,2019,3,0.35836581
9,CP,2019,4,0.37549466
9,CP,2020,1,0.37623703
9,CP,2020,2,0.37333653
9,CP,2020,3,0.32685277
9,CP,2020,4,0.30280124
9,IFP,2018,1,0.02870703
9,IFP,2018,2,0.09536172
9,IFP,2018,3,0.18618133
9,IFP,2018,4,0.27267156
9,IFP,2019,1,0.32035648
9,IFP,2019,2,0.31682784
9,IFP,2019,3,0.27016926
9,IFP,2019,4,0.20710989
9,IFP,2020,1,0.13484116
9,IFP,2020,2,0.06763759
9,IFP,2020,3,0.00490449
9,IFP,2020,4,-0.04723331
9,IHP,2018,1,0.22235
9,IHP,2018,2,0.41117994
9,IHP,2018,3,0.46700402
9,IHP,2018,4,0.54372838
9,IHP,2019,1,0.41112692
9,IHP,2019,2,0.38233197
9,IHP,2019,3,0.50453819
9,IHP,2019,4,0.65825126
9,IHP,2020,1,0.80806837
9,IHP,2020,2,0.91342002
9,IHP,2020,3,1.03347163
9,IHP,2020,4,1.12535744
9,IG,2018,1,0.0
9,IG,2018,2,0.0
9,IG,2018,3,0.0
9,IG,2018,4,0.0
9,IG,2019,1,0.0
9,IG,2019,2,0.0
9,IG,2019,3,0.0
9,IG,2019,4,0.0
9,IG,2020,1,0.0
9,IG,2020,2,0.0
9,IG,2020,3,0.0
9,IG,2020,4,0.0
9,CG,2018,1,0.0
9,CG,2018,2,-0.0
9,CG,2018,3,0.0
9,CG,2018,4,0.0
9,CG,2019,1,0.0
9,CG,2019,2,-0.0
9,CG,2019,3,-0.0
9,CG,2019,4,-0.0
9,CG,2020,1,-0.0
9,CG,2020,2,-0.0
9,CG,2020,3,-0.0
9,CG,2020,4,-0.0
9,XGS,2018,1,0.0
9,XGS,2018,2,0.3518331
9,XGS,2018,3,0.72135561
9,XGS,2018,4,1.10560272
9,XGS,2019,1,1.50218311
9,XGS,2019,2,1.81663373
9,XGS,2019,3,1.97372967
9,XGS,2019,4,2.00601496
9,XGS,2020,1,1.93970591
9,XGS,2020,2,1.79555114
9,XGS,2020,3,1.6820717
9,XGS,2020,4,1.5925609
9,MGS,2018,1,0.00174001
9,MGS,2018,2,0.26846383
9,MGS,2018,3,-0.23807084
9,MGS,2018,4,0.08882514
9,MGS,2019,1,0.14839907
9,MGS,2019,2,0.24984575
9,MGS,2019,3,0.34143719
9,MGS,2019,4,0.39778314
9,MGS,2020,1,0.41576455
9,MGS,2020,2,0.41925218
9,MGS,2020,3,0.3804813
9,MGS,2020,4,0.32999619
9,GDPD,2018,1,0.04984947
9,GDPD,2018,2,0.18055381
9,GDPD,2018,3,1.02875529
9,GDPD,2018,4,0.34732695
9,GDPD,2019,1,0.34550606
9,GDPD,2019,2,0.29132428
9,GDPD,2019,3,-0.00845815
9,GDPD,2019,4,-2.7e-07
9,GDPD,2020,1,-0.14631197
9,GDPD,2020,2,-0.28345473
9,GDPD,2020,3,-0.11677818
9,GDPD,2020,4,-0.0347582
9,PGDP,2018,1,0.05721141
9,PGDP,2018,2,0.09210452
9,PGDP,2018,3,0.0867086
9,PGDP,2018,4,0.08094617
9,PGDP,2019,1,0.15148017
9,PGDP,2019,2,0.12860533
9,PGDP,2019,3,0.15256081
9,PGDP,2019,4,0.19951018
9,PGDP,2020,1,0.2224916
9,PGDP,2020,2,0.23320465
9,PGDP,2020,3,0.32980237
9,PGDP,2020,4,0.38798713
9,PCP,2018,1,0.15708084
9,PCP,2018,2,0.15239583
9,PCP,2018,3,0.14780073
9,PCP,2018,4,0.14555281
9,PCP,2019,1,0.14824533
9,PCP,2019,2,0.1579213
9,PCP,2019,3,0.17528504
9,PCP,2019,4,0.19782679
9,PCP,2020,1,0.22374929
9,PCP,2020,2,0.25158286
9,PCP,2020,3,0.27876551
9,PCP,2020,4,0.30437513
9,PIFP,2018,1,-0.00178264
9,PIFP,2018,2,0.01750812
9,PIFP,2018,3,0.07598465
9,PIFP,2018,4,0.12505183
9,PIFP,2019,1,0.17338638
9,PIFP,2019,2,0.22510084
9,PIFP,2019,3,0.26908999
9,PIFP,2019,4,0.30952292
9,PIFP,2020,1,0.34742145
9,PIFP,2020,2,0.37429189
9,PIFP,2020,3,0.407078
9,PIFP,2020,4,0.44114046
9,PIHP,2018,1,0.29107488
9,PIHP,2018,2,0.43141916
9,PIHP,2018,3,0.41512714
9,PIHP,2018,4,0.40311492
9,PIHP,2019,1,0.38525234
9,PIHP,2019,2,0.3978304
9,PIHP,2019,3,0.41377547
9,PIHP,2019,4,0.43114815
9,PIHP,2020,1,0.46215757
9,PIHP,2020,2,0.48087303
9,PIHP,2020,3,0.50141584
9,PIHP,2020,4,0.52676968
9,PXGS,2018,1,3.87921969
9,PXGS,2018,2,3.77702361
9,PXGS,2018,3,3.69071869
9,PXGS,2018,4,3.61803068
9,PXGS,2019,1,3.55822191
9,PXGS,2019,2,3.50518898
9,PXGS,2019,3,3.46656224
9,PXGS,2019,4,3.4345974
9,PXGS,2020,1,3.40968333
9,PXGS,2020,2,3.39294641
9,PXGS,2020,3,3.37700562
9,PXGS,2020,4,3.3659558
9,PMGS,2018,1,4.26101319
9,PMGS,2018,2,4.11276111
9,PMGS,2018,3,3.98272979
9,PMGS,2018,4,3.86439233
9,PMGS,2019,1,3.59401777
9,PMGS,2019,2,3.70335865
9,PMGS,2019,3,3.54396933
9,PMGS,2019,4,3.45924353
9,PMGS,2020,1,3.47121129
9,PMGS,2020,2,3.21770037
9,PMGS,2020,3,3.1700699
9,PMGS,2020,4,3.11793963
9,CGPI,2018,1,0.85839454
9,CGPI,2018,2,0.85186184
9,CGPI,2018,3,0.84815213
9,CGPI,2018,4,0.85767727
9,CGPI,2019,1,0.83179177
9,CGPI,2019,2,0.88320985
9,CGPI,2019,3,0.88684021
9,CGPI,2019,4,0.9042126
9,CGPI,2020,1,0.94041034
9,CGPI,2020,2,0.92339269
9,CGPI,2020,3,0.94391827
9,CGPI,2020,4,0.96155375
9,GDPV,2018,1,0.06966509
9,GDPV,2018,2,0.14957254
9,GDPV,2018,3,0.40361712
9,GDPV,2018,4,0.48517989
9,GDPV,2019,1,0.64244911
9,GDPV,2019,2,0.69237154
9,GDPV,2019,3,0.71433248
9,GDPV,2019,4,0.76154512
9,GDPV,2020,1,0.74794928
9,GDPV,2020,2,0.68115136
9,GDPV,2020,3,0.75024068
9,GDPV,2020,4,0.80006964
9,CPV,2018,1,0.15729852
9,CPV,2018,2,0.1725031
9,CPV,2018,3,0.2473082
9,CPV,2018,4,0.336193
9,CPV,2019,1,0.39268909
9,CPV,2019,2,0.46246155
9,CPV,2019,3,0.53427901
9,CPV,2019,4,0.57406427
9,CPV,2020,1,0.60082815
9,CPV,2020,2,0.62585864
9,CPV,2020,3,0.60652944
9,CPV,2020,4,0.60809802
9,IFPV,2018,1,0.02692388
9,IFPV,2018,2,0.11288654
9,IFPV,2018,3,0.26230745
9,IFPV,2018,4,0.39806437
9,IFPV,2019,1,0.49429832
9,IFPV,2019,2,0.54264186
9,IFPV,2019,3,0.53998625
9,IFPV,2019,4,0.51727387
9,IFPV,2020,1,0.48273107
9,IFPV,2020,2,0.44218265
9,IFPV,2020,3,0.41200245
9,IFPV,2020,4,0.39369878
9,IHPV,2018,1,0.51407208
9,IHPV,2018,2,0.84437301
9,IHPV,2018,3,0.88406982
9,IHPV,2018,4,0.94903515
9,IHPV,2019,1,0.79796314
9,IHPV,2019,2,0.7816834
9,IHPV,2019,3,0.92040132
9,IHPV,2019,4,1.09223745
9,IHPV,2020,1,1.27396049
9,IHPV,2020,2,1.39868545
9,IHPV,2020,3,1.54006946
9,IHPV,2020,4,1.65805516
9,IGV,2018,1,0.06903445
9,IGV,2018,2,0.13100123
9,IGV,2018,3,0.17809942
9,IGV,2018,4,0.22349169
9,IGV,2019,1,0.26176813
9,IGV,2019,2,0.31331862
9,IGV,2019,3,0.35694831
9,IGV,2019,4,0.39944495
9,IGV,2020,1,0.44223533
9,IGV,2020,2,0.47309063
9,IGV,2020,3,0.5092326
9,IGV,2020,4,0.54786202
9,CGV,2018,1,-0.0
9,CGV,2018,2,0.13594426
9,CGV,2018,3,0.0941026
9,CGV,2018,4,0.13864829
9,CGV,2019,1,0.11446191
9,CGV,2019,2,0.13689681
9,CGV,2019,3,0.1341586
9,CGV,2019,4,0.15733149
9,CGV,2020,1,0.17105442
9,CGV,2020,2,0.19702406
9,CGV,2020,3,0.21846526
9,CGV,2020,4,0.24397067
9,XGSV,2018,1,3.87921969
9,XGSV,2018,2,4.14214553
9,XGSV,2018,3,4.43869751
9,XGSV,2018,4,4.76363445
9,XGSV,2019,1,5.11385603
9,XGSV,2019,2,5.38549915
9,XGSV,2019,3,5.50871247
9,XGSV,2019,4,5.5095109
9,XGSV,2020,1,5.41552707
9,XGSV,2020,2,5.24941964
9,XGSV,2020,3,5.11588098
9,XGSV,2020,4,5.0121216
9,MGSV,2018,1,4.26282735
9,MGSV,2018,2,4.39226621
9,MGSV,2018,3,3.73517723
9,MGSV,2018,4,3.95665003
9,MGSV,2019,1,3.74775032
9,MGSV,2019,2,3.96245708
9,MGSV,2019,3,3.89750695
9,MGSV,2019,4,3.87078696
9,MGSV,2020,1,3.90140791
9,MGSV,2020,2,3.65044283
9,MGSV,2020,3,3.56261272
9,MGSV,2020,4,3.4582249
9,NIV,2018,1,0.32464585
9,NIV,2018,2,0.53598699
9,NIV,2018,3,0.85317913
9,NIV,2018,4,0.93975556
9,NIV,2019,1,1.14534941
9,NIV,2019,2,1.15758946
9,NIV,2019,3,1.13105035
9,NIV,2019,4,1.12343196
9,NIV,2020,1,1.03129241
9,NIV,2020,2,0.85064027
9,NIV,2020,3,0.90478376
9,NIV,2020,4,0.96807115
9,YWV,2018,1,0.28409406
9,YWV,2018,2,0.45970279
9,YWV,2018,3,0.62764167
9,YWV,2018,4,0.69313752
9,YWV,2019,1,0.84774388
9,YWV,2019,2,0.86180474
9,YWV,2019,3,0.84871832
9,YWV,2019,4,0.85560424
9,YWV,2020,1,0.80465611
9,YWV,2020,2,0.6825758
9,YWV,2020,3,0.75661112
9,YWV,2020,4,0.81839092
9,YCV,2018,1,0.78824638
9,YCV,2018,2,0.79944627
9,YCV,2018,3,1.99726425
9,YCV,2018,4,2.14473503
9,YCV,2019,1,2.69239215
9,YCV,2019,2,2.2954683
9,YCV,2019,3,2.19831407
9,YCV,2019,4,2.25133197
9,YCV,2020,1,1.74082953
9,YCV,2020,2,1.3886716
9,YCV,2020,3,1.32301563
9,YCV,2020,4,1.29371765
9,YDV,2018,1,0.24582282
9,YDV,2018,2,0.49923781
9,YDV,2018,3,0.60639589
9,YDV,2018,4,0.71079884
9,YDV,2019,1,0.84279176
9,YDV,2019,2,0.91247861
9,YDV,2019,3,0.88751653
9,YDV,2019,4,0.90447061
9,YDV,2020,1,0.85938051
9,YDV,2020,2,0.69170544
9,YDV,2020,3,0.78115217
9,YDV,2020,4,0.88121218
9,TAXV,2018,1,0.08370817
9,TAXV,2018,2,0.18453654
9,TAXV,2018,3,0.3490891
9,TAXV,2018,4,0.55489184
9,TAXV,2019,1,0.80820255
9,TAXV,2019,2,0.96122607
9,TAXV,2019,3,1.1496443
9,TAXV,2019,4,1.19562057
9,TAXV,2020,1,1.2619053
9,TAXV,2020,2,1.14542464
9,TAXV,2020,3,1.11585543
9,TAXV,2020,4,1.04011409
9,TYPV,2018,1,0.05544234
9,TYPV,2018,2,0.18893324
9,TYPV,2018,3,0.47977272
9,TYPV,2018,4,0.57247849
9,TYPV,2019,1,0.8437092
9,TYPV,2019,2,0.88322062
9,TYPV,2019,3,1.01866883
9,TYPV,2019,4,0.99862822
9,TYPV,2020,1,1.05525637
9,TYPV,2020,2,0.90008687
9,TYPV,2020,3,0.96249477
9,TYPV,2020,4,0.86501457
9,TYCV,2018,1,-0.00150019
9,TYCV,2018,2,0.17546217
9,TYCV,2018,3,0.42356575
9,TYCV,2018,4,0.96634212
9,TYCV,2019,1,1.56012723
9,TYCV,2019,2,2.04920079
9,TYCV,2019,3,2.52424596
9,TYCV,2019,4,2.62315877
9,TYCV,2020,1,2.68393515
9,TYCV,2020,2,2.47000536
9,TYCV,2020,3,2.32337945
9,TYCV,2020,4,2.10795729
9,TCIV,2018,1,0.10338307
9,TCIV,2018,2,0.16177173
9,TCIV,2018,3,0.21861637
9,TCIV,2018,4,0.29684114
9,TCIV,2019,1,0.33263341
9,TCIV,2019,2,0.38059557
9,TCIV,2019,3,0.42252807
9,TCIV,2019,4,0.44294439
9,TCIV,2020,1,0.46098814
9,TCIV,2020,2,0.47396338
9,TCIV,2020,3,0.47031831
9,TCIV,2020,4,0.48494811
9,WIPH,2018,1,0.25704021
9,WIPH,2018,2,0.37462073
9,WIPH,2018,3,0.45387721
9,WIPH,2018,4,0.49415962
9,WIPH,2019,1,0.60019437
9,WIPH,2019,2,0.60150598
9,WIPH,2019,3,0.61084226
9,WIPH,2019,4,0.63329774
9,WIPH,2020,1,0.61732637
9,WIPH,2020,2,0.56064213
9,WIPH,2020,3,0.62385688
9,WIPH,2020,4,0.6828602
9,LE,2018,1,0.0350538
9,LE,2018,2,0.08366733
9,LE,2018,3,0.11981194
9,LE,2018,4,0.14005622
9,LE,2019,1,0.18924554
9,LE,2019,2,0.19650667
9,LE,2019,3,0.19766412
9,LE,2019,4,0.20301973
9,LE,2020,1,0.18882438
9,LE,2020,2,0.15857059
9,LE,2020,3,0.16932276
9,LE,2020,4,0.17569394
9,LF,2018,1,0.03540336
9,LF,2018,2,0.08399722
9,LF,2018,3,0.11456473
9,LF,2018,4,0.13024841
9,LF,2019,1,0.17575073
9,LF,2019,2,0.17924379
9,LF,2019,3,0.17858149
9,LF,2019,4,0.18252627
9,LF,2020,1,0.16807659
9,LF,2020,2,0.1385821
9,LF,2020,3,0.15081147
9,LF,2020,4,0.15827483
9,LH,2018,1,0.00794072
9,LH,2018,2,0.02409539
9,LH,2018,3,0.08649716
9,LH,2018,4,0.09653555
9,LH,2019,1,0.10490786
9,LH,2019,2,0.10490288
9,LH,2019,3,0.08414248
9,LH,2019,4,0.06569658
9,LH,2020,1,0.04267555
9,LH,2020,2,-0.0019989
9,LH,2020,3,0.00225821
9,LH,2020,4,0.00639905
9,UR,2018,1,0.00035019
9,UR,2018,2,0.00033715
9,UR,2018,3,-0.00513086
9,UR,2018,4,-0.0095683
9,UR,2019,1,-0.01313091
9,UR,2019,2,-0.01679201
9,UR,2019,3,-0.01866038
9,UR,2019,4,-0.01998561
9,UR,2020,1,-0.02018408
9,UR,2020,2,-0.01939424
9,UR,2020,3,-0.01797479
9,UR,2020,4,-0.01685988
9,CUX,2018,1,-0.03233299
9,CUX,2018,2,-0.01567926
9,CUX,2018,3,0.49040408
9,CUX,2018,4,0.66071424
9,CUX,2019,1,0.78533539
9,CUX,2019,2,0.94966574
9,CUX,2019,3,0.96453082
9,CUX,2019,4,0.97666007
9,CUX,2020,1,0.93455454
9,CUX,2020,2,0.84763336
9,CUX,2020,3,0.75408553
9,CUX,2020,4,0.71797171
9,GDPPOT,2018,1,0.02114988
9,GDPPOT,2018,2,0.05053632
9,GDPPOT,2018,3,0.06999032
9,GDPPOT,2018,4,0.08160279
9,GDPPOT,2019,1,0.11207228
9,GDPPOT,2019,2,0.11795333
9,GDPPOT,2019,3,0.1211848
9,GDPPOT,2019,4,0.12652686
9,GDPPOT,2020,1,0.11983668
9,GDPPOT,2020,2,0.10327349
9,GDPPOT,2020,3,0.11076621
9,GDPPOT,2020,4,0.11470032
9,GDPGAP,2018,1,-0.00889131
9,GDPGAP,2018,2,0.00702498
9,GDPGAP,2018,3,0.24956838
9,GDPGAP,2018,4,0.3249436
9,GDPGAP,2019,1,0.3824351
9,GDPGAP,2019,2,0.4516924
9,GDPGAP,2019,3,0.44539061
9,GDPGAP,2019,4,0.42594422
9,GDPGAP,2020,1,0.39871999
9,GDPGAP,2020,2,0.3136501
9,GDPGAP,2020,3,0.29544187
9,GDPGAP,2020,4,0.28730327
9,RCD,2018,1,0.00561934
9,RCD,2018,2,0.01254605
9,RCD,2018,3,0.02494216
9,RCD,2018,4,0.03660388
9,RCD,2019,1,0.05625602
9,RCD,2019,2,0.07075648
9,RCD,2019,3,0.0844094
9,RCD,2019,4,0.09638253
9,RCD,2020,1,0.10192142
9,RCD,2020,2,0.09995998
9,RCD,2020,3,0.10366088
9,RCD,2020,4,0.10349938
9,RGB,2018,1,0.00286648
9,RGB,2018,2,0.00889555
9,RGB,2018,3,0.0114412
9,RGB,2018,4,0.01687831
9,RGB,2019,1,0.02613948
9,RGB,2019,2,0.03237985
9,RGB,2019,3,0.03861307
9,RGB,2019,4,0.04421112
9,RGB,2020,1,0.04684788
9,RGB,2020,2,0.04633699
9,RGB,2020,3,0.04951329
9,RGB,2020,4,0.05067406
9,PERR,2018,1,0.1113026
9,PERR,2018,2,0.25478564
9,PERR,2018,3,0.26432874
9,PERR,2018,4,0.10516451
9,PERR,2019,1,-0.04916114
9,PERR,2019,2,-0.23892221
9,PERR,2019,3,-0.36951673
9,PERR,2019,4,-0.51594617
9,PERR,2020,1,-0.57937009
9,PERR,2020,2,-0.72077785
9,PERR,2020,3,-0.90219096
9,PERR,2020,4,-0.87293117
9,UCC,2018,1,-0.03453879
9,UCC,2018,2,-0.1336558
9,UCC,2018,3,-0.36961807
9,UCC,2018,4,-0.60732694
9,UCC,2019,1,-0.82385395
9,UCC,2019,2,-0.96573206
9,UCC,2019,3,-0.90598441
9,UCC,2019,4,-0.71486897
9,UCC,2020,1,-0.61523218
9,UCC,2020,2,-0.48382357
9,UCC,2020,3,-0.37976756
9,UCC,2020,4,-0.35962968
9,FXS,2018,1,10.0
9,FXS,2018,2,10.0
9,FXS,2018,3,10.0
9,FXS,2018,4,10.0
9,FXS,2019,1,10.0
9,FXS,2019,2,10.0
9,FXS,2019,3,10.0
9,FXS,2019,4,10.0
9,FXS,2020,1,10.0
9,FXS,2020,2,10.0
9,FXS,2020,3,10.0
9,FXS,2020,4,10.0
9,PSHARE,2018,1,0.63111726
9,PSHARE,2018,2,1.44362303
9,PSHARE,2018,3,2.0095285
9,PSHARE,2018,4,1.81840141
9,PSHARE,2019,1,1.54710989
9,PSHARE,2019,2,1.1929707
9,PSHARE,2019,3,0.79785544
9,PSHARE,2019,4,0.40996496
9,PSHARE,2020,1,0.05404719
9,PSHARE,2020,2,-0.20610897
9,PSHARE,2020,3,-0.35877517
9,PSHARE,2020,4,-0.43752036
9,PLAND,2018,1,0.05562021
9,PLAND,2018,2,-0.00441877
9,PLAND,2018,3,-0.00962016
9,PLAND,2018,4,-0.01133681
9,PLAND,2019,1,-0.013001
9,PLAND,2019,2,-0.00168354
9,PLAND,2019,3,0.00468532
9,PLAND,2019,4,0.01787207
9,PLAND,2020,1,0.03483391
9,PLAND,2020,2,0.04854167
9,PLAND,2020,3,0.06772411
9,PLAND,2020,4,0.086482
9,M2CD,2018,1,-0.00773949
9,M2CD,2018,2,0.0121576
9,M2CD,2018,3,0.22650428
9,M2CD,2018,4,0.27531454
9,M2CD,2019,1,0.30176297
9,M2CD,2019,2,0.34255508
9,M2CD,2019,3,0.32064857
9,M2CD,2019,4,0.31207269
9,M2CD,2020,1,0.29304712
9,M2CD,2020,2,0.26111593
9,M2CD,2020,3,0.25657134
9,M2CD,2020,4,0.282212
9,BGVATGDPV,2018,1,0.01840776
9,BGVATGDPV,2018,2,0.01757967
9,BGVATGDPV,2018,3,0.06637432
9,BGVATGDPV,2018,4,0.10008399
9,BGVATGDPV,2019,1,0.1603765
9,BGVATGDPV,2019,2,0.18490593
9,BGVATGDPV,2019,3,0.21957079
9,BGVATGDPV,2019,4,0.22864761
9,BGVATGDPV,2020,1,0.23531487
9,BGVATGDPV,2020,2,0.26222391
9,BGVATGDPV,2020,3,0.25106806
9,BGVATGDPV,2020,4,0.23458198
9,SBGVATGDPV,2018,1,-0.16503747
9,SBGVATGDPV,2018,2,-0.35291401
9,SBGVATGDPV,2018,3,-0.95375597
9,SBGVATGDPV,2018,4,-1.18681489
9,SBGVATGDPV,2019,1,-1.58817883
9,SBGVATGDPV,2019,2,-1.7473442
9,SBGVATGDPV,2019,3,-1.85704573
9,SBGVATGDPV,2019,4,-2.05513852
9,SBGVATGDPV,2020,1,-2.05515178
9,SBGVATGDPV,2020,2,-2.1470958
9,SBGVATGDPV,2020,3,-2.30066669
9,SBGVATGDPV,2020,4,-2.45329695
9,BCVATGDPV,2018,1,0.12415604
9,BCVATGDPV,2018,2,0.23925578
9,BCVATGDPV,2018,3,0.37445873
9,BCVATGDPV,2018,4,0.35758824
9,BCVATGDPV,2019,1,0.4608267
9,BCVATGDPV,2019,2,0.44899935
9,BCVATGDPV,2019,3,0.43473216
9,BCVATGDPV,2019,4,0.41613206
9,BCVATGDPV,2020,1,0.35093726
9,BCVATGDPV,2020,2,0.21663322
9,BCVATGDPV,2020,3,0.24507752
9,BCVATGDPV,2020,4,0.3062195
9,KFP,2018,1,0.00089756
9,KFP,2018,2,0.00387392
9,KFP,2018,3,0.00945129
9,KFP,2018,4,0.01764158
9,KFP,2019,1,0.02706118
9,KFP,2019,2,0.0360629
9,KFP,2019,3,0.04347574
9,KFP,2019,4,0.04828657
9,KFP,2020,1,0.05089488
9,KFP,2020,2,0.05136447
9,KFP,2020,3,0.05006626
9,KFP,2020,4,0.04731451
9,KHP,2018,1,0.0028425
9,KHP,2018,2,0.00790927
9,KHP,2018,3,0.01363301
9,KHP,2018,4,0.02035829
9,KHP,2019,1,0.02544562
9,KHP,2019,2,0.03015674
9,KHP,2019,3,0.03647113
9,KHP,2019,4,0.04459187
9,KHP,2020,1,0.05408254
9,KHP,2020,2,0.06476883
9,KHP,2020,3,0.07626773
9,KHP,2020,4,0.08872949
9,KG,2018,1,0.0
9,KG,2018,2,-0.0
9,KG,2018,3,-0.0
9,KG,2018,4,0.0
9,KG,2019,1,0.0
9,KG,2019,2,0.0
9,KG,2019,3,-0.0
9,KG,2019,4,-0.0
9,KG,2020,1,-0.0
9,KG,2020,2,-0.0
9,KG,2020,3,-0.0
9,KG,2020,4,-0.0
9,BCVATGDPV,2018,0,0.2738647
9,BCVATGDPV,2019,0,0.44017257
9,BCVATGDPV,2020,0,0.27971688
9,BGVATGDPV,2018,0,0.05061144
9,BGVATGDPV,2019,0,0.19837521
9,BGVATGDPV,2020,0,0.2457972
9,CG,2018,0,0.0
9,CG,2019,0,-0.0
9,CG,2020,0,-0.0
9,CGPI,2018,0,0.85402144
9,CGPI,2019,0,0.87651361
9,CGPI,2020,0,0.94231876
9,CGV,2018,0,0.09217379
9,CGV,2019,0,0.13571221
9,CGV,2020,0,0.2076286
9,CP,2018,0,0.07750443
9,CP,2019,0,0.32050061
9,CP,2020,0,0.34480689
9,CPV,2018,0,0.22832571
9,CPV,2019,0,0.49087348
9,CPV,2020,0,0.61032856
9,CUX,2018,0,0.27577652
9,CUX,2019,0,0.91904801
9,CUX,2020,0,0.81356128
9,FXS,2018,0,10.0
9,FXS,2019,0,10.0
9,FXS,2020,0,10.0
9,GDP,2018,0,0.19760061
9,GDP,2019,0,0.54377506
9,GDP,2020,0,0.45018545
9,GDPD,2018,0,0.40162138
9,GDPD,2019,0,0.15709298
9,GDPD,2020,0,-0.14532577
9,GDPGAP,2018,0,0.14316141
9,GDPGAP,2019,0,0.42636558
9,GDPGAP,2020,0,0.3237788
9,GDPPOT,2018,0,0.05581982
9,GDPPOT,2019,0,0.11943432
9,GDPPOT,2020,0,0.11214418
9,GDPV,2018,0,0.27700866
9,GDPV,2019,0,0.70267456
9,GDPV,2020,0,0.74485274
9,IFP,2018,0,0.14573041
9,IFP,2019,0,0.27861587
9,IFP,2020,0,0.04003748
9,IFPV,2018,0,0.20004556
9,IFPV,2019,0,0.52355007
9,IFPV,2020,0,0.43265374
9,IG,2018,0,0.0
9,IG,2019,0,0.0
9,IG,2020,0,0.0
9,IGV,2018,0,0.1504067
9,IGV,2019,0,0.33287
9,IGV,2020,0,0.49310514
9,IHP,2018,0,0.41106558
9,IHP,2019,0,0.48906209
9,IHP,2020,0,0.97007937
9,IHPV,2018,0,0.79788752
9,IHPV,2019,0,0.89807133
9,IHPV,2020,0,1.46769264
9,KFP,2018,0,0.00796609
9,KFP,2019,0,0.0387216
9,KFP,2020,0,0.04991003
9,KG,2018,0,0.0
9,KG,2019,0,0.0
9,KG,2020,0,-0.0
9,KHP,2018,0,0.01118577
9,KHP,2019,0,0.03416634
9,KHP,2020,0,0.07096215
9,LE,2018,0,0.09464732
9,LE,2019,0,0.19660901
9,LE,2020,0,0.17310292
9,LF,2018,0,0.09105343
9,LF,2019,0,0.17902557
9,LF,2020,0,0.15393625
9,LH,2018,0,0.05376721
9,LH,2019,0,0.08991245
9,LH,2020,0,0.01233348
9,M2CD,2018,0,0.12655923
9,M2CD,2019,0,0.31925983
9,M2CD,2020,0,0.2732366
9,MGS,2018,0,0.03023954
9,MGS,2019,0,0.28436629
9,MGS,2020,0,0.38637356
9,MGSV,2018,0,4.0867302
9,MGSV,2019,0,3.86962533
9,MGSV,2020,0,3.64317209
9,NIV,2018,0,0.66339188
9,NIV,2019,0,1.13935529
9,NIV,2020,0,0.9386969
9,PCP,2018,0,0.15070755
9,PCP,2019,0,0.16981961
9,PCP,2020,0,0.2646182
9,PERR,2018,0,0.18389537
9,PERR,2019,0,-0.29338656
9,PERR,2020,0,-0.76881752
9,PGDP,2018,0,0.07924268
9,PGDP,2019,0,0.15803912
9,PGDP,2020,0,0.29337144
9,PIFP,2018,0,0.05419049
9,PIFP,2019,0,0.24427503
9,PIFP,2020,0,0.39248295
9,PIHP,2018,0,0.38518403
9,PIHP,2019,0,0.40700159
9,PIHP,2020,0,0.49280403
9,PLAND,2018,0,0.00756112
9,PLAND,2019,0,0.00196821
9,PLAND,2020,0,0.05939542
9,PMGS,2018,0,4.0552241
9,PMGS,2019,0,3.57514732
9,PMGS,2020,0,3.2442303
9,PSHARE,2018,0,1.47566755
9,PSHARE,2019,0,0.98697525
9,PSHARE,2020,0,-0.23708933
9,PXGS,2018,0,3.74124817
9,PXGS,2019,0,3.49114263
9,PXGS,2020,0,3.38639779
9,RCD,2018,0,0.01992785
9,RCD,2019,0,0.07695111
9,RCD,2020,0,0.10226042
9,RGB,2018,0,0.01002039
9,RGB,2019,0,0.03533588
9,RGB,2020,0,0.04834305
9,SBGVATGDPV,2018,0,-0.66463059
9,SBGVATGDPV,2019,0,-1.81192682
9,SBGVATGDPV,2020,0,-2.23905281
9,TAXV,2018,0,0.29305641
9,TAXV,2019,0,1.02867337
9,TAXV,2020,0,1.14082487
9,TCIV,2018,0,0.19515308
9,TCIV,2019,0,0.39467536
9,TCIV,2020,0,0.47255449
9,TYCV,2018,0,0.39096746
9,TYCV,2019,0,2.18918319
9,TYCV,2020,0,2.39631931
9,TYPV,2018,0,0.3241567
9,TYPV,2019,0,0.93605672
9,TYPV,2020,0,0.94571315
9,UCC,2018,0,-0.2862849
9,UCC,2019,0,-0.85260985
9,UCC,2020,0,-0.45961325
9,UR,2018,0,-0.00350296
9,UR,2019,0,-0.01714223
9,UR,2020,0,-0.01860325
9,WIPH,2018,0,0.39492444
9,WIPH,2019,0,0.61146009
9,WIPH,2020,0,0.62117139
9,XGS,2018,0,0.54469786
9,XGS,2019,0,1.82464037
9,XGS,2020,0,1.75247241
9,XGSV,2018,0,4.30592429
9,XGSV,2019,0,5.37939464
9,XGSV,2020,0,5.19823732
9,YCV,2018,0,1.43242298
9,YCV,2019,0,2.35937662
9,YCV,2020,0,1.4365586
9,YDV,2018,0,0.51556384
9,YDV,2019,0,0.88681438
9,YDV,2020,0,0.80336258
9,YWV,2018,0,0.51614401
9,YWV,2019,0,0.85346779
9,YWV,2020,0,0.76555849
10,GDP,2018,1,0.00248678
10,GDP,2018,2,-0.11419265
10,GDP,2018,3,-0.08074525
10,GDP,2018,4,-0.11785799
10,GDP,2019,1,-0.11907938
10,GDP,2019,2,-0.12640774
10,GDP,2019,3,-0.16070655
10,GDP,2019,4,-0.18251556
10,GDP,2020,1,-0.19460422
10,GDP,2020,2,-0.20554393
10,GDP,2020,3,-0.20453007
10,GDP,2020,4,-0.20108077
10,CP,2018,1,-0.0
10,CP,2018,2,-0.11657353
10,CP,2018,3,-0.27818984
10,CP,2018,4,-0.32296045
10,CP,2019,1,-0.34694634
10,CP,2019,2,-0.33924537
10,CP,2019,3,-0.34223976
10,CP,2019,4,-0.36993938
10,CP,2020,1,-0.37178246
10,CP,2020,2,-0.37444262
10,CP,2020,3,-0.35465071
10,CP,2020,4,-0.32201824
10,IFP,2018,1,-0.0030242
10,IFP,2018,2,-0.004212
10,IFP,2018,3,-0.00487974
10,IFP,2018,4,-0.00772104
10,IFP,2019,1,-0.01271919
10,IFP,2019,2,-0.01742548
10,IFP,2019,3,-0.02031001
10,IFP,2019,4,-0.02367798
10,IFP,2020,1,-0.02679411
10,IFP,2020,2,-0.02543536
10,IFP,2020,3,-0.02360607
10,IFP,2020,4,-0.02225035
10,IHP,2018,1,0.01461341
10,IHP,2018,2,0.07731121
10,IHP,2018,3,-0.0156855
10,IHP,2018,4,-0.09304652
10,IHP,2019,1,-0.33378981
10,IHP,2019,2,-0.57836082
10,IHP,2019,3,-0.75295547
10,IHP,2019,4,-0.92732709
10,IHP,2020,1,-1.04887642
10,IHP,2020,2,-1.18094467
10,IHP,2020,3,-1.32417785
10,IHP,2020,4,-1.39423667
10,IG,2018,1,0.0
10,IG,2018,2,0.0
10,IG,2018,3,0.0
10,IG,2018,4,0.0
10,IG,2019,1,0.0
10,IG,2019,2,0.0
10,IG,2019,3,0.0
10,IG,2019,4,0.0
10,IG,2020,1,0.0
10,IG,2020,2,0.0
10,IG,2020,3,0.0
10,IG,2020,4,0.0
10,CG,2018,1,0.0
10,CG,2018,2,-0.0
10,CG,2018,3,-0.0
10,CG,2018,4,-0.0
10,CG,2019,1,-0.0
10,CG,2019,2,-0.0
10,CG,2019,3,-0.0
10,CG,2019,4,-0.0
10,CG,2020,1,-0.0
10,CG,2020,2,-0.0
10,CG,2020,3,-0.0
10,CG,2020,4,-0.0
10,XGS,2018,1,0.0
10,XGS,2018,2,0.00093254
10,XGS,2018,3,-0.0005471
10,XGS,2018,4,-0.00482733
10,XGS,2019,1,-0.01195265
10,XGS,2019,2,-0.02213992
10,XGS,2019,3,-0.0337182
10,XGS,2019,4,-0.04595576
10,XGS,2020,1,-0.05707645
10,XGS,2020,2,-0.06577714
10,XGS,2020,3,-0.07177152
10,XGS,2020,4,-0.07452966
10,MGS,2018,1,2.333e-05
10,MGS,2018,2,0.26236582
10,MGS,2018,3,-0.33228432
10,MGS,2018,4,-0.2665646
10,MGS,2019,1,-0.41258218
10,MGS,2019,2,-0.42100153
10,MGS,2019,3,-0.44172967
10,MGS,2019,4,-0.49091984
10,MGS,2020,1,-0.523632
10,MGS,2020,2,-0.5242343
10,MGS,2020,3,-0.53264714
10,MGS,2020,4,-0.50893095
10,GDPD,2018,1,0.00995976
10,GDPD,2018,2,-0.46852752
10,GDPD,2018,3,0.13296994
10,GDPD,2018,4,-0.14828812
10,GDPD,2019,1,-0.00491433
10,GDPD,2019,2,-0.02949846
10,GDPD,2019,3,-0.13738533
10,GDPD,2019,4,-0.08498544
10,GDPD,2020,1,-0.04865272
10,GDPD,2020,2,-0.04035899
10,GDPD,2020,3,0.00427929
10,GDPD,2020,4,0.01408304
10,PGDP,2018,1,-0.26884222
10,PGDP,2018,2,-0.30714594
10,PGDP,2018,3,-0.36639614
10,PGDP,2018,4,-0.38085995
10,PGDP,2019,1,-0.25715884
10,PGDP,2019,2,-0.33247195
10,PGDP,2019,3,-0.28160454
10,PGDP,2019,4,-0.24773298
10,PGDP,2020,1,-0.24842197
10,PGDP,2020,2,-0.13525665
10,PGDP,2020,3,-0.09714696
10,PGDP,2020,4,-0.09675763
10,PCP,2018,1,0.22522704
10,PCP,2018,2,0.24127124
10,PCP,2018,3,0.25028955
10,PCP,2018,4,0.25470258
10,PCP,2019,1,0.25537295
10,PCP,2019,2,0.25278792
10,PCP,2019,3,0.24847658
10,PCP,2019,4,0.24198261
10,PCP,2020,1,0.233656
10,PCP,2020,2,0.22375423
10,PCP,2020,3,0.2115514
10,PCP,2020,4,0.19787353
10,PIFP,2018,1,0.01880159
10,PIFP,2018,2,0.00757464
10,PIFP,2018,3,0.01464098
10,PIFP,2018,4,0.01041115
10,PIFP,2019,1,0.0082143
10,PIFP,2019,2,0.00825077
10,PIFP,2019,3,0.00220381
10,PIFP,2019,4,-0.00489042
10,PIFP,2020,1,-0.01108253
10,PIFP,2020,2,-0.01994816
10,PIFP,2020,3,-0.02840473
10,PIFP,2020,4,-0.03607375
10,PIHP,2018,1,0.16544041
10,PIHP,2018,2,0.28670406
10,PIHP,2018,3,0.32949472
10,PIHP,2018,4,0.34932629
10,PIHP,2019,1,0.32447766
10,PIHP,2019,2,0.34547016
10,PIHP,2019,3,0.34122309
10,PIHP,2019,4,0.31854099
10,PIHP,2020,1,0.31746683
10,PIHP,2020,2,0.26673344
10,PIHP,2020,3,0.22892288
10,PIHP,2020,4,0.20972921
10,PXGS,2018,1,0.01010576
10,PXGS,2018,2,0.06838376
10,PXGS,2018,3,0.13178038
10,PXGS,2018,4,0.19319148
10,PXGS,2019,1,0.24697288
10,PXGS,2019,2,0.28836652
10,PXGS,2019,3,0.33372586
10,PXGS,2019,4,0.36702606
10,PXGS,2020,1,0.39407735
10,PXGS,2020,2,0.41716137
10,PXGS,2020,3,0.42320999
10,PXGS,2020,4,0.42655126
10,PMGS,2018,1,2.3097868
10,PMGS,2018,2,2.83327953
10,PMGS,2018,3,3.14253997
10,PMGS,2018,4,3.22820508
10,PMGS,2019,1,2.80569478
10,PMGS,2019,2,3.28554698
10,PMGS,2019,3,2.96479276
10,PMGS,2019,4,2.80953173
10,PMGS,2020,1,2.89615418
10,PMGS,2020,2,2.19032732
10,PMGS,2020,3,2.08881545
10,PMGS,2020,4,1.9652007
10,CGPI,2018,1,0.46900504
10,CGPI,2018,2,0.59414266
10,CGPI,2018,3,0.66784998
10,CGPI,2018,4,0.70526897
10,CGPI,2019,1,0.63712486
10,CGPI,2019,2,0.74640006
10,CGPI,2019,3,0.69913948
10,CGPI,2019,4,0.68002169
10,CGPI,2020,1,0.70660151
10,CGPI,2020,2,0.57444016
10,CGPI,2020,3,0.55670515
10,CGPI,2020,4,0.53449362
10,GDPV,2018,1,-0.26636212
10,GDPV,2018,2,-0.42098786
10,GDPV,2018,3,-0.44684554
10,GDPV,2018,4,-0.49826906
10,GDPV,2019,1,-0.375932
10,GDPV,2019,2,-0.45845942
10,GDPV,2019,3,-0.44185853
10,GDPV,2019,4,-0.42979639
10,GDPV,2020,1,-0.44254276
10,GDPV,2020,2,-0.34052257
10,GDPV,2020,3,-0.30147834
10,GDPV,2020,4,-0.29764383
10,CPV,2018,1,0.22522704
10,CPV,2018,2,0.12441645
10,CPV,2018,3,-0.02859657
10,CPV,2018,4,-0.06908046
10,CPV,2019,1,-0.0924594
10,CPV,2019,2,-0.08731503
10,CPV,2019,3,-0.09461356
10,CPV,2019,4,-0.12885196
10,CPV,2020,1,-0.13899515
10,CPV,2020,2,-0.15152621
10,CPV,2020,3,-0.14384957
10,CPV,2020,4,-0.1247819
10,IFPV,2018,1,0.01577682
10,IFPV,2018,2,0.00336232
10,IFPV,2018,3,0.00976053
10,IFPV,2018,4,0.00268931
10,IFPV,2019,1,-0.00450593
10,IFPV,2019,2,-0.00917615
10,IFPV,2019,3,-0.01810665
10,IFPV,2019,4,-0.02856724
10,IFPV,2020,1,-0.03787368
10,IFPV,2020,2,-0.04537845
10,IFPV,2020,3,-0.0520041
10,IFPV,2020,4,-0.05831607
10,IHPV,2018,1,0.180078
10,IHPV,2018,2,0.36423693
10,IHPV,2018,3,0.31375754
10,IHPV,2018,4,0.25595474
10,IHPV,2019,1,-0.01039522
10,IHPV,2019,2,-0.23488872
10,IHPV,2019,3,-0.41430164
10,IHPV,2019,4,-0.61174002
10,IHPV,2020,1,-0.73473942
10,IHPV,2020,2,-0.9173612
10,IHPV,2020,3,-1.09828631
10,IHPV,2020,4,-1.18743158
10,IGV,2018,1,0.05678446
10,IGV,2018,2,0.0901171
10,IGV,2018,3,0.10493745
10,IGV,2018,4,0.11201459
10,IGV,2019,1,0.10346179
10,IGV,2019,2,0.11152434
10,IGV,2019,3,0.10520841
10,IGV,2019,4,0.0952157
10,IGV,2020,1,0.08975946
10,IGV,2020,2,0.07067012
10,IGV,2020,3,0.05417053
10,IGV,2020,4,0.04295198
10,CGV,2018,1,-0.0
10,CGV,2018,2,0.19313982
10,CGV,2018,3,0.15086479
10,CGV,2018,4,0.21984944
10,CGV,2019,1,0.19188993
10,CGV,2019,2,0.21755235
10,CGV,2019,3,0.19974444
10,CGV,2019,4,0.20683322
10,CGV,2020,1,0.1937164
10,CGV,2020,2,0.19123139
10,CGV,2020,3,0.17940232
10,CGV,2020,4,0.17109305
10,XGSV,2018,1,0.01010576
10,XGSV,2018,2,0.06931694
10,XGSV,2018,3,0.13123256
10,XGSV,2018,4,0.18835482
10,XGSV,2019,1,0.23499071
10,XGSV,2019,2,0.26616276
10,XGSV,2019,3,0.29989514
10,XGSV,2019,4,0.32090163
10,XGSV,2020,1,0.33677597
10,XGSV,2020,2,0.35110984
10,XGSV,2020,3,0.35113472
10,XGSV,2020,4,0.35170369
10,MGSV,2018,1,2.30981067
10,MGSV,2018,2,3.10307891
10,MGSV,2018,3,2.79981348
10,MGSV,2018,4,2.95303524
10,MGSV,2019,1,2.3815368
10,MGSV,2019,2,2.85071325
10,MGSV,2019,3,2.50996672
10,MGSV,2019,4,2.30481934
10,MGSV,2020,1,2.357357
10,MGSV,2020,2,1.65461058
10,MGSV,2020,3,1.5450423
10,MGSV,2020,4,1.44626823
10,NIV,2018,1,-0.39114744
10,NIV,2018,2,-0.60488008
10,NIV,2018,3,-0.6417587
10,NIV,2018,4,-0.72323175
10,NIV,2019,1,-0.5618755
10,NIV,2019,2,-0.66058029
10,NIV,2019,3,-0.65939998
10,NIV,2019,4,-0.64097214
10,NIV,2020,1,-0.64692117
10,NIV,2020,2,-0.52126592
10,NIV,2020,3,-0.46349454
10,NIV,2020,4,-0.43541473
10,YWV,2018,1,-0.37522883
10,YWV,2018,2,-0.44396018
10,YWV,2018,3,-0.47926933
10,YWV,2018,4,-0.4908424
10,YWV,2019,1,-0.37306644
10,YWV,2019,2,-0.45641732
10,YWV,2019,3,-0.44343142
10,YWV,2019,4,-0.41622544
10,YWV,2020,1,-0.43134175
10,YWV,2020,2,-0.30480687
10,YWV,2020,3,-0.27686099
10,YWV,2020,4,-0.27191546
10,YCV,2018,1,-0.75988049
10,YCV,2018,2,-1.44705848
10,YCV,2018,3,-1.4401988
10,YCV,2018,4,-1.9875416
10,YCV,2019,1,-1.52851775
10,YCV,2019,2,-1.65792389
10,YCV,2019,3,-1.73611685
10,YCV,2019,4,-1.99225494
10,YCV,2020,1,-1.85710972
10,YCV,2020,2,-2.86207908
10,YCV,2020,3,-1.87291817
10,YCV,2020,4,-1.31514069
10,YDV,2018,1,-0.3102403
10,YDV,2018,2,-0.39935386
10,YDV,2018,3,-0.45838578
10,YDV,2018,4,-0.44947613
10,YDV,2019,1,-0.35910016
10,YDV,2019,2,-0.41909411
10,YDV,2019,3,-0.42215117
10,YDV,2019,4,-0.38336864
10,YDV,2020,1,-0.40621566
10,YDV,2020,2,-0.25780493
10,YDV,2020,3,-0.26167622
10,YDV,2020,4,-0.25161915
10,TAXV,2018,1,0.05378718
10,TAXV,2018,2,-0.06909743
10,TAXV,2018,3,-0.19150512
10,TAXV,2018,4,-0.38361407
10,TAXV,2019,1,-0.49642981
10,TAXV,2019,2,-0.57830182
10,TAXV,2019,3,-0.57793068
10,TAXV,2019,4,-0.65303694
10,TAXV,2020,1,-0.64530473
10,TAXV,2020,2,-0.67997853
10,TAXV,2020,3,-0.67571408
10,TAXV,2020,4,-0.70656964
10,TYPV,2018,1,-0.00920845
10,TYPV,2018,2,-0.24172563
10,TYPV,2018,3,-0.20064135
10,TYPV,2018,4,-0.48634207
10,TYPV,2019,1,-0.35223308
10,TYPV,2019,2,-0.49954048
10,TYPV,2019,3,-0.38574836
10,TYPV,2019,4,-0.49016467
10,TYPV,2020,1,-0.39352477
10,TYPV,2020,2,-0.47312523
10,TYPV,2020,3,-0.32634976
10,TYPV,2020,4,-0.39768837
10,TYCV,2018,1,0.01821082
10,TYCV,2018,2,-0.153581
10,TYCV,2018,3,-0.52268042
10,TYCV,2018,4,-0.88186391
10,TYCV,2019,1,-1.3921807
10,TYCV,2019,2,-1.57733192
10,TYCV,2019,3,-1.64569836
10,TYCV,2019,4,-1.73793689
10,TYCV,2020,1,-1.74111773
10,TYCV,2020,2,-1.83369662
10,TYCV,2020,3,-2.03445435
10,TYCV,2020,4,-2.11578969
10,TCIV,2018,1,0.12404992
10,TCIV,2018,2,0.11340391
10,TCIV,2018,3,0.02939861
10,TCIV,2018,4,0.01906615
10,TCIV,2019,1,-0.00777993
10,TCIV,2019,2,-0.00832606
10,TCIV,2019,3,-0.02305143
10,TCIV,2019,4,-0.04531426
10,TCIV,2020,1,-0.05794283
10,TCIV,2020,2,-0.06954988
10,TCIV,2020,3,-0.07484704
10,TCIV,2020,4,-0.07232753
10,WIPH,2018,1,-0.20423199
10,WIPH,2018,2,-0.22980877
10,WIPH,2018,3,-0.26818147
10,WIPH,2018,4,-0.27355102
10,WIPH,2019,1,-0.19116336
10,WIPH,2019,2,-0.25126243
10,WIPH,2019,3,-0.24101202
10,WIPH,2019,4,-0.22381009
10,WIPH,2020,1,-0.23744471
10,WIPH,2020,2,-0.14923801
10,WIPH,2020,3,-0.13202436
10,WIPH,2020,4,-0.13385476
10,LE,2018,1,-0.16918406
10,LE,2018,2,-0.18726934
10,LE,2018,3,-0.20187798
10,LE,2018,4,-0.20673204
10,LE,2019,1,-0.17549334
10,LE,2019,2,-0.19997964
10,LE,2019,3,-0.1957814
10,LE,2019,4,-0.18732447
10,LE,2020,1,-0.19167503
10,LE,2020,2,-0.1568573
10,LE,2020,3,-0.14693474
10,LE,2020,4,-0.1430906
10,LF,2018,1,-0.17237761
10,LF,2018,2,-0.18948153
10,LF,2018,3,-0.20467929
10,LF,2018,4,-0.2089433
10,LF,2019,1,-0.17651967
10,LF,2019,2,-0.20088063
10,LF,2019,3,-0.19548619
10,LF,2019,4,-0.18571728
10,LF,2020,1,-0.18899053
10,LF,2020,2,-0.15260545
10,LF,2020,3,-0.14174632
10,LF,2020,4,-0.13738543
10,LH,2018,1,-0.0234
10,LH,2018,2,-0.04975433
10,LH,2018,3,-0.03545808
10,LH,2018,4,-0.0387552
10,LH,2019,1,-0.02813067
10,LH,2019,2,-0.02853007
10,LH,2019,3,-0.03107033
10,LH,2019,4,-0.02899395
10,LH,2020,1,-0.02717457
10,LH,2020,2,-0.01478836
10,LH,2020,3,-0.01267435
10,LH,2020,4,-0.01101965
10,UR,2018,1,-0.00316545
10,UR,2018,2,-0.00219835
10,UR,2018,3,-0.00270968
10,UR,2018,4,-0.00213921
10,UR,2019,1,-0.00101017
10,UR,2019,2,-0.00092046
10,UR,2019,3,0.00034478
10,UR,2019,4,0.00157313
10,UR,2020,1,0.0025988
10,UR,2020,2,0.00412114
10,UR,2020,3,0.00507622
10,UR,2020,4,0.0055335
10,CUX,2018,1,0.29274472
10,CUX,2018,2,0.06333659
10,CUX,2018,3,0.14868589
10,CUX,2018,4,0.06694548
10,CUX,2019,1,0.00183744
10,CUX,2019,2,0.02067044
10,CUX,2019,3,-0.06809667
10,CUX,2019,4,-0.13831079
10,CUX,2020,1,-0.16448458
10,CUX,2020,2,-0.26141142
10,CUX,2020,3,-0.27607312
10,CUX,2020,4,-0.27496215
10,GDPPOT,2018,1,-0.10302104
10,GDPPOT,2018,2,-0.11328508
10,GDPPOT,2018,3,-0.1224242
10,GDPPOT,2018,4,-0.12503107
10,GDPPOT,2019,1,-0.1057369
10,GDPPOT,2019,2,-0.12045384
10,GDPPOT,2019,3,-0.11743393
10,GDPPOT,2019,4,-0.11183285
10,GDPPOT,2020,1,-0.11404522
10,GDPPOT,2020,2,-0.09258443
10,GDPPOT,2020,3,-0.08634113
10,GDPPOT,2020,4,-0.08395405
10,GDPGAP,2018,1,0.10792085
10,GDPGAP,2018,2,-0.00092838
10,GDPGAP,2018,3,0.04225443
10,GDPGAP,2018,4,0.00724679
10,GDPGAP,2019,1,-0.01352294
10,GDPGAP,2019,2,-0.00605666
10,GDPGAP,2019,3,-0.04393426
10,GDPGAP,2019,4,-0.06947398
10,GDPGAP,2020,1,-0.07960277
10,GDPGAP,2020,2,-0.1033062
10,GDPGAP,2020,3,-0.11348679
10,GDPGAP,2020,4,-0.11399252
10,RCD,2018,1,0.0
10,RCD,2018,2,0.0
10,RCD,2018,3,0.00044931
10,RCD,2018,4,0.00149884
10,RCD,2019,1,0.0074352
10,RCD,2019,2,0.00154671
10,RCD,2019,3,0.00041007
10,RCD,2019,4,-0.001
10,RCD,2020,1,-0.001
10,RCD,2020,2,-0.00111093
10,RCD,2020,3,-0.001
10,RCD,2020,4,-0.001
10,RGB,2018,1,0.0
10,RGB,2018,2,0.00408389
10,RGB,2018,3,-3.219e-05
10,RGB,2018,4,0.00073788
10,RGB,2019,1,0.0035919
10,RGB,2019,2,0.00015561
10,RGB,2019,3,0.0
10,RGB,2019,4,0.0
10,RGB,2020,1,0.0
10,RGB,2020,2,0.0
10,RGB,2020,3,-0.00072766
10,RGB,2020,4,-0.00063012
10,PERR,2018,1,0.03217533
10,PERR,2018,2,0.11607549
10,PERR,2018,3,0.19422389
10,PERR,2018,4,0.31213808
10,PERR,2019,1,0.38024843
10,PERR,2019,2,0.40086625
10,PERR,2019,3,0.45279568
10,PERR,2019,4,0.4949343
10,PERR,2020,1,0.56516853
10,PERR,2020,2,0.75031759
10,PERR,2020,3,1.06963254
10,PERR,2020,4,1.15604068
10,UCC,2018,1,-0.07480552
10,UCC,2018,2,-0.15397597
10,UCC,2018,3,-0.20317151
10,UCC,2018,4,-0.28977254
10,UCC,2019,1,-0.18517755
10,UCC,2019,2,-0.16676016
10,UCC,2019,3,-0.16190778
10,UCC,2019,4,-0.08991359
10,UCC,2020,1,-0.06360581
10,UCC,2020,2,-0.0152281
10,UCC,2020,3,0.06614386
10,UCC,2020,4,0.11710707
10,FXS,2018,1,0.02530972
10,FXS,2018,2,0.04380481
10,FXS,2018,3,0.06231589
10,FXS,2018,4,0.07920223
10,FXS,2019,1,0.08967614
10,FXS,2019,2,0.10838715
10,FXS,2019,3,0.1217309
10,FXS,2019,4,0.13471035
10,FXS,2020,1,0.14946763
10,FXS,2020,2,0.15620214
10,FXS,2020,3,0.16513933
10,FXS,2020,4,0.17362297
10,PSHARE,2018,1,-0.04799658
10,PSHARE,2018,2,-0.07339966
10,PSHARE,2018,3,-0.07537702
10,PSHARE,2018,4,-0.08774669
10,PSHARE,2019,1,-0.09364305
10,PSHARE,2019,2,-0.12952982
10,PSHARE,2019,3,-0.13179321
10,PSHARE,2019,4,-0.11369697
10,PSHARE,2020,1,-0.08327446
10,PSHARE,2020,2,-0.0219542
10,PSHARE,2020,3,0.00076478
10,PSHARE,2020,4,0.00877583
10,PLAND,2018,1,0.03046806
10,PLAND,2018,2,0.00088127
10,PLAND,2018,3,-0.01239924
10,PLAND,2018,4,-0.02504465
10,PLAND,2019,1,-0.043053
10,PLAND,2019,2,-0.03905027
10,PLAND,2019,3,-0.05864944
10,PLAND,2019,4,-0.06536222
10,PLAND,2020,1,-0.07046888
10,PLAND,2020,2,-0.08925446
10,PLAND,2020,3,-0.08766989
10,PLAND,2020,4,-0.09300449
10,M2CD,2018,1,0.00248749
10,M2CD,2018,2,-0.11260709
10,M2CD,2018,3,-0.0781259
10,M2CD,2018,4,-0.11561179
10,M2CD,2019,1,-0.13500888
10,M2CD,2019,2,-0.11992551
10,M2CD,2019,3,-0.14952437
10,M2CD,2019,4,-0.16718487
10,M2CD,2020,1,-0.18181196
10,M2CD,2020,2,-0.19665592
10,M2CD,2020,3,-0.20250613
10,M2CD,2020,4,-0.20729618
10,BGVATGDPV,2018,1,-0.02161257
10,BGVATGDPV,2018,2,-0.08841504
10,BGVATGDPV,2018,3,-0.10606023
10,BGVATGDPV,2018,4,-0.15724713
10,BGVATGDPV,2019,1,-0.16452684
10,BGVATGDPV,2019,2,-0.19141119
10,BGVATGDPV,2019,3,-0.18763077
10,BGVATGDPV,2019,4,-0.20673836
10,BGVATGDPV,2020,1,-0.20202377
10,BGVATGDPV,2020,2,-0.23689976
10,BGVATGDPV,2020,3,-0.21981843
10,BGVATGDPV,2020,4,-0.22125711
10,SBGVATGDPV,2018,1,0.62088975
10,SBGVATGDPV,2018,2,1.00057358
10,SBGVATGDPV,2018,3,1.08761167
10,SBGVATGDPV,2018,4,1.26881337
10,SBGVATGDPV,2019,1,1.01318222
10,SBGVATGDPV,2019,2,1.2549748
10,SBGVATGDPV,2019,3,1.26450491
10,SBGVATGDPV,2019,4,1.30702483
10,SBGVATGDPV,2020,1,1.37203495
10,SBGVATGDPV,2020,2,1.29095012
10,SBGVATGDPV,2020,3,1.19269979
10,SBGVATGDPV,2020,4,1.22214027
10,BCVATGDPV,2018,1,-0.39389894
10,BCVATGDPV,2018,2,-0.52609623
10,BCVATGDPV,2018,3,-0.48257705
10,BCVATGDPV,2018,4,-0.52893244
10,BCVATGDPV,2019,1,-0.37429173
10,BCVATGDPV,2019,2,-0.45574637
10,BCVATGDPV,2019,3,-0.40434348
10,BCVATGDPV,2019,4,-0.35917383
10,BCVATGDPV,2020,1,-0.34979446
10,BCVATGDPV,2020,2,-0.23849236
10,BCVATGDPV,2020,3,-0.18837492
10,BCVATGDPV,2020,4,-0.1721491
10,KFP,2018,1,-9.455e-05
10,KFP,2018,2,-0.00022429
10,KFP,2018,3,-0.00036671
10,KFP,2018,4,-0.00059555
10,KFP,2019,1,-0.0009728
10,KFP,2019,2,-0.00148391
10,KFP,2019,3,-0.00208003
10,KFP,2019,4,-0.002715
10,KFP,2020,1,-0.00344062
10,KFP,2020,2,-0.00405752
10,KFP,2020,3,-0.00460375
10,KFP,2020,4,-0.00510282
10,KHP,2018,1,0.00018682
10,KHP,2018,2,0.0011438
10,KHP,2018,3,0.00093398
10,KHP,2018,4,-0.00025834
10,KHP,2019,1,-0.00460052
10,KHP,2019,2,-0.01217451
10,KHP,2019,3,-0.02203489
10,KHP,2019,4,-0.03385842
10,KHP,2020,1,-0.04647598
10,KHP,2020,2,-0.06058366
10,KHP,2020,3,-0.07558304
10,KHP,2020,4,-0.09124686
10,KG,2018,1,-0.0
10,KG,2018,2,-0.0
10,KG,2018,3,0.0
10,KG,2018,4,-0.0
10,KG,2019,1,0.0
10,KG,2019,2,-0.0
10,KG,2019,3,-0.0
10,KG,2019,4,-0.0
10,KG,2020,1,-0.0
10,KG,2020,2,0.0
10,KG,2020,3,-0.0
10,KG,2020,4,-0.0
10,BCVATGDPV,2018,0,-0.48287617
10,BCVATGDPV,2019,0,-0.39838885
10,BCVATGDPV,2020,0,-0.23720271
10,BGVATGDPV,2018,0,-0.09333374
10,BGVATGDPV,2019,0,-0.18757679
10,BGVATGDPV,2020,0,-0.21999977
10,CG,2018,0,-0.0
10,CG,2019,0,-0.0
10,CG,2020,0,-0.0
10,CGPI,2018,0,0.60906666
10,CGPI,2019,0,0.69067152
10,CGPI,2020,0,0.59306011
10,CGV,2018,0,0.14096351
10,CGV,2019,0,0.20400499
10,CGV,2020,0,0.18386079
10,CP,2018,0,-0.17943096
10,CP,2019,0,-0.34959271
10,CP,2020,0,-0.3557235
10,CPV,2018,0,0.06299162
10,CPV,2019,0,-0.10080999
10,CPV,2020,0,-0.13978821
10,CUX,2018,0,0.14292817
10,CUX,2019,0,-0.04597489
10,CUX,2020,0,-0.24423282
10,FXS,2018,0,0.05265816
10,FXS,2019,0,0.11362614
10,FXS,2020,0,0.16110802
10,GDP,2018,0,-0.07757728
10,GDP,2019,0,-0.14717731
10,GDP,2020,0,-0.20143975
10,GDPD,2018,0,-0.11847148
10,GDPD,2019,0,-0.06419589
10,GDPD,2020,0,-0.01766235
10,GDPGAP,2018,0,0.03912343
10,GDPGAP,2019,0,-0.03324696
10,GDPGAP,2020,0,-0.10259707
10,GDPPOT,2018,0,-0.11594035
10,GDPPOT,2019,0,-0.11386438
10,GDPPOT,2020,0,-0.09423121
10,GDPV,2018,0,-0.40811614
10,GDPV,2019,0,-0.42651158
10,GDPV,2020,0,-0.34554688
10,IFP,2018,0,-0.00495924
10,IFP,2019,0,-0.01853316
10,IFP,2020,0,-0.02452147
10,IFPV,2018,0,0.00789725
10,IFPV,2019,0,-0.01508899
10,IFPV,2020,0,-0.04839307
10,IG,2018,0,0.0
10,IG,2019,0,0.0
10,IG,2020,0,0.0
10,IGV,2018,0,0.0909634
10,IGV,2019,0,0.10385256
10,IGV,2020,0,0.06438803
10,IHP,2018,0,-0.00420185
10,IHP,2019,0,-0.6481083
10,IHP,2020,0,-1.2370589
10,IHPV,2018,0,0.2785068
10,IHPV,2019,0,-0.3178314
10,IHPV,2020,0,-0.98445463
10,KFP,2018,0,-0.00032028
10,KFP,2019,0,-0.00181293
10,KFP,2020,0,-0.00430118
10,KG,2018,0,-0.0
10,KG,2019,0,-0.0
10,KG,2020,0,-0.0
10,KHP,2018,0,0.00050156
10,KHP,2019,0,-0.01816708
10,KHP,2020,0,-0.06847238
10,LE,2018,0,-0.19126586
10,LE,2019,0,-0.18964471
10,LE,2020,0,-0.15963942
10,LF,2018,0,-0.19387043
10,LF,2019,0,-0.18965094
10,LF,2020,0,-0.15518193
10,LH,2018,0,-0.0368419
10,LH,2019,0,-0.02918125
10,LH,2020,0,-0.01641423
10,M2CD,2018,0,-0.07596432
10,M2CD,2019,0,-0.14291091
10,M2CD,2020,0,-0.19706755
10,MGS,2018,0,-0.08411494
10,MGS,2019,0,-0.4415583
10,MGS,2020,0,-0.5223611
10,MGSV,2018,0,2.79143457
10,MGSV,2019,0,2.51175903
10,MGSV,2020,0,1.75081953
10,NIV,2018,0,-0.59025449
10,NIV,2019,0,-0.63070698
10,NIV,2020,0,-0.51677409
10,PCP,2018,0,0.2428726
10,PCP,2019,0,0.24965501
10,PCP,2020,0,0.21670879
10,PERR,2018,0,0.1636532
10,PERR,2019,0,0.43221117
10,PERR,2020,0,0.88528983
10,PGDP,2018,0,-0.33081106
10,PGDP,2019,0,-0.27974208
10,PGDP,2020,0,-0.1443958
10,PIFP,2018,0,0.01285709
10,PIFP,2019,0,0.00344461
10,PIFP,2020,0,-0.02387729
10,PIHP,2018,0,0.28274137
10,PIHP,2019,0,0.33242798
10,PIHP,2020,0,0.25571309
10,PLAND,2018,0,-0.00152364
10,PLAND,2019,0,-0.05152873
10,PLAND,2020,0,-0.08509943
10,PMGS,2018,0,2.87845285
10,PMGS,2019,0,2.96639156
10,PMGS,2020,0,2.28512441
10,PSHARE,2018,0,-0.07112999
10,PSHARE,2019,0,-0.11716576
10,PSHARE,2020,0,-0.02392201
10,PXGS,2018,0,0.10086534
10,PXGS,2019,0,0.30902283
10,PXGS,2020,0,0.41524999
10,RCD,2018,0,0.00048704
10,RCD,2019,0,0.00209799
10,RCD,2020,0,-0.00102773
10,RGB,2018,0,0.0011974
10,RGB,2019,0,0.00093688
10,RGB,2020,0,-0.00033945
10,SBGVATGDPV,2018,0,0.99447209
10,SBGVATGDPV,2019,0,1.20992169
10,SBGVATGDPV,2020,0,1.26945628
10,TAXV,2018,0,-0.14760736
10,TAXV,2019,0,-0.57642481
10,TAXV,2020,0,-0.67689174
10,TCIV,2018,0,0.07147965
10,TCIV,2019,0,-0.02111792
10,TCIV,2020,0,-0.06866682
10,TYCV,2018,0,-0.38497863
10,TYCV,2019,0,-1.58828697
10,TYCV,2020,0,-1.9312646
10,TYPV,2018,0,-0.23447938
10,TYPV,2019,0,-0.43192164
10,TYPV,2020,0,-0.39767203
10,UCC,2018,0,-0.18043138
10,UCC,2019,0,-0.15093977
10,UCC,2020,0,0.02610425
10,UR,2018,0,-0.00255317
10,UR,2019,0,-3.18e-06
10,UR,2020,0,0.00433242
10,WIPH,2018,0,-0.24394331
10,WIPH,2019,0,-0.22681198
10,WIPH,2020,0,-0.16314046
10,XGS,2018,0,-0.00111047
10,XGS,2019,0,-0.02844163
10,XGS,2020,0,-0.06728869
10,XGSV,2018,0,0.09975252
10,XGSV,2019,0,0.28048756
10,XGSV,2020,0,0.34768105
10,YCV,2018,0,-1.40866984
10,YCV,2019,0,-1.72870336
10,YCV,2020,0,-1.97681192
10,YDV,2018,0,-0.40436402
10,YDV,2019,0,-0.39592852
10,YDV,2020,0,-0.29432899
10,YWV,2018,0,-0.44732518
10,YWV,2019,0,-0.42228515
10,YWV,2020,0,-0.32123127
11,GDP,2018,1,0.28552553
11,GDP,2018,2,0.32044273
11,GDP,2018,3,0.36547969
11,GDP,2018,4,0.39717712
11,GDP,2019,1,0.3835695
11,GDP,2019,2,0.3755658
11,GDP,2019,3,0.36090828
11,GDP,2019,4,0.34816502
11,GDP,2020,1,0.32739735
11,GDP,2020,2,0.29683932
11,GDP,2020,3,0.29009603
11,GDP,2020,4,0.29386323
11,CP,2018,1,0.0007243
11,CP,2018,2,0.04237256
11,CP,2018,3,0.12028
11,CP,2018,4,0.15554222
11,CP,2019,1,0.17515709
11,CP,2019,2,0.19087685
11,CP,2019,3,0.19117257
11,CP,2019,4,0.18907822
11,CP,2020,1,0.17430188
11,CP,2020,2,0.16130034
11,CP,2020,3,0.13521723
11,CP,2020,4,0.11371617
11,IFP,2018,1,0.19331149
11,IFP,2018,2,0.38422462
11,IFP,2018,3,0.57502122
11,IFP,2018,4,0.75221296
11,IFP,2019,1,0.70571761
11,IFP,2019,2,0.64354959
11,IFP,2019,3,0.5743226
11,IFP,2019,4,0.51087046
11,IFP,2020,1,0.46066656
11,IFP,2020,2,0.42715445
11,IFP,2020,3,0.40951829
11,IFP,2020,4,0.40319248
11,IHP,2018,1,0.02846644
11,IHP,2018,2,0.0574013
11,IHP,2018,3,0.10778081
11,IHP,2018,4,0.18091971
11,IHP,2019,1,0.24110295
11,IHP,2019,2,0.33904339
11,IHP,2019,3,0.41045908
11,IHP,2019,4,0.49034305
11,IHP,2020,1,0.54134804
11,IHP,2020,2,0.58100712
11,IHP,2020,3,0.60943964
11,IHP,2020,4,0.63034732
11,IG,2018,1,0.0
11,IG,2018,2,0.0
11,IG,2018,3,0.0
11,IG,2018,4,0.0
11,IG,2019,1,0.0
11,IG,2019,2,0.0
11,IG,2019,3,0.0
11,IG,2019,4,0.0
11,IG,2020,1,0.0
11,IG,2020,2,0.0
11,IG,2020,3,0.0
11,IG,2020,4,0.0
11,CG,2018,1,0.0
11,CG,2018,2,-0.0
11,CG,2018,3,-0.0
11,CG,2018,4,-0.0
11,CG,2019,1,-0.0
11,CG,2019,2,-0.0
11,CG,2019,3,-0.0
11,CG,2019,4,-0.0
11,CG,2020,1,-0.0
11,CG,2020,2,-0.0
11,CG,2020,3,-0.0
11,CG,2020,4,-0.0
11,XGS,2018,1,1.2995989
11,XGS,2018,2,1.23071819
11,XGS,2018,3,1.17737005
11,XGS,2018,4,1.13566925
11,XGS,2019,1,1.10264453
11,XGS,2019,2,1.07602221
11,XGS,2019,3,1.05407006
11,XGS,2019,4,1.03557143
11,XGS,2020,1,1.01969087
11,XGS,2020,2,1.0058877
11,XGS,2020,3,0.99380651
11,XGS,2020,4,0.98321096
11,MGS,2018,1,0.00656267
11,MGS,2018,2,0.0520366
11,MGS,2018,3,0.15273575
11,MGS,2018,4,0.2451413
11,MGS,2019,1,0.29180244
11,MGS,2019,2,0.32138138
11,MGS,2019,3,0.33824471
11,MGS,2019,4,0.34224884
11,MGS,2020,1,0.3328472
11,MGS,2020,2,0.3146307
11,MGS,2020,3,0.28815132
11,MGS,2020,4,0.25567233
11,GDPD,2018,1,1.14355266
11,GDPD,2018,2,0.13981465
11,GDPD,2018,3,0.17826843
11,GDPD,2018,4,0.12608757
11,GDPD,2019,1,-0.05447004
11,GDPD,2019,2,-0.03205558
11,GDPD,2019,3,-0.0584177
11,GDPD,2019,4,-0.0493999
11,GDPD,2020,1,-0.08314069
11,GDPD,2020,2,-0.11214871
11,GDPD,2020,3,-0.02831949
11,GDPD,2020,4,0.01530511
11,PGDP,2018,1,-0.00148515
11,PGDP,2018,2,0.00497499
11,PGDP,2018,3,0.01870024
11,PGDP,2018,4,0.03138472
11,PGDP,2019,1,0.04515104
11,PGDP,2019,2,0.06329902
11,PGDP,2019,3,0.08300918
11,PGDP,2019,4,0.10156002
11,PGDP,2020,1,0.12364685
11,PGDP,2020,2,0.14310322
11,PGDP,2020,3,0.15754055
11,PGDP,2020,4,0.17384513
11,PCP,2018,1,-0.00074592
11,PCP,2018,2,0.00061962
11,PCP,2018,3,0.00665397
11,PCP,2018,4,0.01856612
11,PCP,2019,1,0.03608125
11,PCP,2019,2,0.0564172
11,PCP,2019,3,0.07779857
11,PCP,2019,4,0.09918045
11,PCP,2020,1,0.11999533
11,PCP,2020,2,0.14009094
11,PCP,2020,3,0.15923569
11,PCP,2020,4,0.17724568
11,PIFP,2018,1,0.0452833
11,PIFP,2018,2,0.06776305
11,PIFP,2018,3,0.09101978
11,PIFP,2018,4,0.1107172
11,PIFP,2019,1,0.12818583
11,PIFP,2019,2,0.14478378
11,PIFP,2019,3,0.16155463
11,PIFP,2019,4,0.17639624
11,PIFP,2020,1,0.19118431
11,PIFP,2020,2,0.2005175
11,PIFP,2020,3,0.21604433
11,PIFP,2020,4,0.23158227
11,PIHP,2018,1,-0.00292833
11,PIHP,2018,2,-0.00241177
11,PIHP,2018,3,0.00309902
11,PIHP,2018,4,0.01496845
11,PIHP,2019,1,0.03440649
11,PIHP,2019,2,0.0569241
11,PIHP,2019,3,0.08100821
11,PIHP,2019,4,0.10480803
11,PIHP,2020,1,0.12774415
11,PIHP,2020,2,0.15009259
11,PIHP,2020,3,0.17086563
11,PIHP,2020,4,0.18928895
11,PXGS,2018,1,-0.00172259
11,PXGS,2018,2,-0.00431785
11,PXGS,2018,3,-0.00715591
11,PXGS,2018,4,-0.01100268
11,PXGS,2019,1,-0.01496968
11,PXGS,2019,2,-0.01857529
11,PXGS,2019,3,-0.02151506
11,PXGS,2019,4,-0.02360204
11,PXGS,2020,1,-0.02474631
11,PXGS,2020,2,-0.0249668
11,PXGS,2020,3,-0.02436054
11,PXGS,2020,4,-0.02348604
11,PMGS,2018,1,-0.00176949
11,PMGS,2018,2,-0.00440457
11,PMGS,2018,3,-0.01105389
11,PMGS,2018,4,-0.01937416
11,PMGS,2019,1,-0.02318712
11,PMGS,2019,2,-0.0325062
11,PMGS,2019,3,-0.03741351
11,PMGS,2019,4,-0.04395621
11,PMGS,2020,1,-0.05137424
11,PMGS,2020,2,-0.05151389
11,PMGS,2020,3,-0.05829107
11,PMGS,2020,4,-0.06444842
11,CGPI,2018,1,-0.00097795
11,CGPI,2018,2,0.01125504
11,CGPI,2018,3,0.01578821
11,CGPI,2018,4,0.02428774
11,CGPI,2019,1,0.0365064
11,CGPI,2019,2,0.04752749
11,CGPI,2019,3,0.05996732
11,CGPI,2019,4,0.07209936
11,CGPI,2020,1,0.08342163
11,CGPI,2020,2,0.09549835
11,CGPI,2020,3,0.10534668
11,CGPI,2020,4,0.11515101
11,GDPV,2018,1,0.28403614
11,GDPV,2018,2,0.32543366
11,GDPV,2018,3,0.38424828
11,GDPV,2018,4,0.4286865
11,GDPV,2019,1,0.42889373
11,GDPV,2019,2,0.43910255
11,GDPV,2019,3,0.44421704
11,GDPV,2019,4,0.45007863
11,GDPV,2020,1,0.45144902
11,GDPV,2020,2,0.44036733
11,GDPV,2020,3,0.44809359
11,GDPV,2020,4,0.46821923
11,CPV,2018,1,-2.163e-05
11,CPV,2018,2,0.04299244
11,CPV,2018,3,0.12694198
11,CPV,2018,4,0.17413722
11,CPV,2019,1,0.21130153
11,CPV,2019,2,0.24740173
11,CPV,2019,3,0.26911987
11,CPV,2019,4,0.2884462
11,CPV,2020,1,0.29450637
11,CPV,2020,2,0.30161724
11,CPV,2020,3,0.29466824
11,CPV,2020,4,0.29116341
11,IFPV,2018,1,0.23868233
11,IFPV,2018,2,0.45224803
11,IFPV,2018,3,0.66656438
11,IFPV,2018,4,0.86376298
11,IFPV,2019,1,0.83480806
11,IFPV,2019,2,0.78926513
11,IFPV,2019,3,0.73680508
11,IFPV,2019,4,0.68816785
11,IFPV,2020,1,0.65273159
11,IFPV,2020,2,0.62852847
11,IFPV,2020,3,0.62644736
11,IFPV,2020,4,0.63570848
11,IHPV,2018,1,0.02553728
11,IHPV,2018,2,0.05498814
11,IHPV,2018,3,0.11088317
11,IHPV,2018,4,0.19591524
11,IHPV,2019,1,0.2755924
11,IHPV,2019,2,0.39616049
11,IHPV,2019,3,0.49179979
11,IHPV,2019,4,0.595665
11,IHPV,2020,1,0.66978374
11,IHPV,2020,2,0.73197176
11,IHPV,2020,3,0.7813466
11,IHPV,2020,4,0.82082944
11,IGV,2018,1,0.03932789
11,IGV,2018,2,0.05911558
11,IGV,2018,3,0.08085557
11,IGV,2018,4,0.1011665
11,IGV,2019,1,0.12164276
11,IGV,2019,2,0.14240905
11,IGV,2019,3,0.16389557
11,IGV,2019,4,0.18371786
11,IGV,2020,1,0.20332351
11,IGV,2020,2,0.21796272
11,IGV,2020,3,0.23769768
11,IGV,2020,4,0.25682421
11,CGV,2018,1,-0.0
11,CGV,2018,2,-0.00027671
11,CGV,2018,3,0.00145165
11,CGV,2018,4,0.00666687
11,CGV,2019,1,0.01660409
11,CGV,2019,2,0.03091631
11,CGV,2019,3,0.04764851
11,CGV,2019,4,0.06567096
11,CGV,2020,1,0.08392441
11,CGV,2020,2,0.1019018
11,CGV,2020,3,0.11933838
11,CGV,2020,4,0.13598814
11,XGSV,2018,1,1.29785393
11,XGSV,2018,2,1.2263472
11,XGSV,2018,3,1.17012989
11,XGSV,2018,4,1.12454161
11,XGSV,2019,1,1.0875098
11,XGSV,2019,2,1.05724704
11,XGSV,2019,3,1.03232822
11,XGSV,2019,4,1.01172498
11,XGSV,2020,1,0.99469222
11,XGSV,2020,2,0.98066976
11,XGSV,2020,3,0.96920388
11,XGSV,2020,4,0.959494
11,MGSV,2018,1,0.00479306
11,MGSV,2018,2,0.04762973
11,MGSV,2018,3,0.14166497
11,MGSV,2018,4,0.22571965
11,MGSV,2019,1,0.26854766
11,MGSV,2019,2,0.28877071
11,MGSV,2019,3,0.30070466
11,MGSV,2019,4,0.2981422
11,MGSV,2020,1,0.28130196
11,MGSV,2020,2,0.26295473
11,MGSV,2020,3,0.22969228
11,MGSV,2020,4,0.19105914
11,NIV,2018,1,0.40112763
11,NIV,2018,2,0.42411776
11,NIV,2018,3,0.48700401
11,NIV,2018,4,0.53266197
11,NIV,2019,1,0.52565819
11,NIV,2019,2,0.50397528
11,NIV,2019,3,0.45815285
11,NIV,2019,4,0.40905631
11,NIV,2020,1,0.36154944
11,NIV,2020,2,0.29131728
11,NIV,2020,3,0.26035936
11,NIV,2020,4,0.28462573
11,YWV,2018,1,0.23134492
11,YWV,2018,2,0.28279607
11,YWV,2018,3,0.33852779
11,YWV,2018,4,0.40125213
11,YWV,2019,1,0.38523489
11,YWV,2019,2,0.38921909
11,YWV,2019,3,0.3547175
11,YWV,2019,4,0.33523182
11,YWV,2020,1,0.30544983
11,YWV,2020,2,0.26718483
11,YWV,2020,3,0.25142019
11,YWV,2020,4,0.28352497
11,YCV,2018,1,1.41782063
11,YCV,2018,2,0.9033179
11,YCV,2018,3,1.1014687
11,YCV,2018,4,1.06747242
11,YCV,2019,1,1.07126894
11,YCV,2019,2,0.78849456
11,YCV,2019,3,0.65166467
11,YCV,2019,4,0.43521643
11,YCV,2020,1,0.27099858
11,YCV,2020,2,-0.28085379
11,YCV,2020,3,-0.23363523
11,YCV,2020,4,-0.0547982
11,YDV,2018,1,0.19342119
11,YDV,2018,2,0.32676333
11,YDV,2018,3,0.33889843
11,YDV,2018,4,0.42374103
11,YDV,2019,1,0.40030376
11,YDV,2019,2,0.43752632
11,YDV,2019,3,0.39419027
11,YDV,2019,4,0.38918089
11,YDV,2020,1,0.35036369
11,YDV,2020,2,0.29383337
11,YDV,2020,3,0.28318617
11,YDV,2020,4,0.33279499
11,TAXV,2018,1,0.08411478
11,TAXV,2018,2,0.18424778
11,TAXV,2018,3,0.35893899
11,TAXV,2018,4,0.45648816
11,TAXV,2019,1,0.60416411
11,TAXV,2019,2,0.56703398
11,TAXV,2019,3,0.61326944
11,TAXV,2019,4,0.55949805
11,TAXV,2020,1,0.56374825
11,TAXV,2020,2,0.46305217
11,TAXV,2020,3,0.44506862
11,TAXV,2020,4,0.35317924
11,TYPV,2018,1,0.2171443
11,TYPV,2018,2,0.15068883
11,TYPV,2018,3,0.39260158
11,TYPV,2018,4,0.35792897
11,TYPV,2019,1,0.53155811
11,TYPV,2019,2,0.43623993
11,TYPV,2019,3,0.56163048
11,TYPV,2019,4,0.43224821
11,TYPV,2020,1,0.52402669
11,TYPV,2020,2,0.36099445
11,TYPV,2020,3,0.46100925
11,TYPV,2020,4,0.3262029
11,TYCV,2018,1,0.04461472
11,TYCV,2018,2,0.40371856
11,TYCV,2018,3,0.67746706
11,TYCV,2018,4,0.99170499
11,TYCV,2019,1,1.31434159
11,TYCV,2019,2,1.25590077
11,TYCV,2019,3,1.24728329
11,TYCV,2019,4,1.14305626
11,TYCV,2020,1,1.00644213
11,TYCV,2020,2,0.81566357
11,TYCV,2020,3,0.62643191
11,TYCV,2020,4,0.39462482
11,TCIV,2018,1,0.03951595
11,TCIV,2018,2,0.0966781
11,TCIV,2018,3,0.17331707
11,TCIV,2018,4,0.23407952
11,TCIV,2019,1,0.2532451
11,TCIV,2019,2,0.27133394
11,TCIV,2019,3,0.28236945
11,TCIV,2019,4,0.2849065
11,TCIV,2020,1,0.29027713
11,TCIV,2020,2,0.29341678
11,TCIV,2020,3,0.29324472
11,TCIV,2020,4,0.30217577
11,WIPH,2018,1,0.11824163
11,WIPH,2018,2,0.15484101
11,WIPH,2018,3,0.19389743
11,WIPH,2018,4,0.24299545
11,WIPH,2019,1,0.24827676
11,WIPH,2019,2,0.26165808
11,WIPH,2019,3,0.25352017
11,WIPH,2019,4,0.25389042
11,WIPH,2020,1,0.24529654
11,WIPH,2020,2,0.23531293
11,WIPH,2020,3,0.22791676
11,WIPH,2020,4,0.25646685
11,LE,2018,1,0.05070495
11,LE,2018,2,0.0685816
11,LE,2018,3,0.08967841
11,LE,2018,4,0.10946187
11,LE,2019,1,0.10743899
11,LE,2019,2,0.10765685
11,LE,2019,3,0.09566488
11,LE,2019,4,0.08793792
11,LE,2020,1,0.07550832
11,LE,2020,2,0.06361354
11,LE,2020,3,0.0506362
11,LE,2020,4,0.05102563
11,LF,2018,1,0.04476189
11,LF,2018,2,0.05916615
11,LF,2018,3,0.0777326
11,LF,2018,4,0.09567324
11,LF,2019,1,0.09314502
11,LF,2019,2,0.09305742
11,LF,2019,3,0.08123889
11,LF,2019,4,0.07367379
11,LF,2020,1,0.06177072
11,LF,2020,2,0.05054121
11,LF,2020,3,0.038121
11,LF,2020,4,0.03887898
11,LH,2018,1,0.07528188
11,LH,2018,2,0.07330691
11,LH,2018,3,0.07266714
11,LH,2018,4,0.07078575
11,LH,2019,1,0.05110579
11,LH,2019,2,0.03892186
11,LH,2019,3,0.02432001
11,LH,2019,4,0.01200757
11,LH,2020,1,0.00176417
11,LH,2020,2,-0.01795908
11,LH,2020,3,-0.01397569
11,LH,2020,4,-0.00753997
11,UR,2018,1,-0.00578032
11,UR,2018,2,-0.00917461
11,UR,2018,3,-0.01165895
11,UR,2018,4,-0.01344727
11,UR,2019,1,-0.01392391
11,UR,2019,2,-0.01422474
11,UR,2019,3,-0.01410518
11,UR,2019,4,-0.01392579
11,UR,2020,1,-0.01338509
11,UR,2020,2,-0.01270017
11,UR,2020,3,-0.01215118
11,UR,2020,4,-0.01177478
11,CUX,2018,1,0.53521641
11,CUX,2018,2,0.59390834
11,CUX,2018,3,0.66555477
11,CUX,2018,4,0.70203859
11,CUX,2019,1,0.67749112
11,CUX,2019,2,0.65477523
11,CUX,2019,3,0.63963838
11,CUX,2019,4,0.62199844
11,CUX,2020,1,0.59136552
11,CUX,2020,2,0.55085818
11,CUX,2020,3,0.53887387
11,CUX,2020,4,0.53068897
11,GDPPOT,2018,1,0.02674014
11,GDPPOT,2018,2,0.03777795
11,GDPPOT,2018,3,0.05366616
11,GDPPOT,2018,4,0.07124503
11,GDPPOT,2019,1,0.07872119
11,GDPPOT,2019,2,0.08679227
11,GDPPOT,2019,3,0.08681037
11,GDPPOT,2019,4,0.08839813
11,GDPPOT,2020,1,0.08602538
11,GDPPOT,2020,2,0.08342077
11,GDPPOT,2020,3,0.07932571
11,GDPPOT,2020,4,0.08280279
11,GDPGAP,2018,1,0.26436059
11,GDPGAP,2018,2,0.28870788
11,GDPGAP,2018,3,0.31556252
11,GDPGAP,2018,4,0.32863543
11,GDPGAP,2019,1,0.30840221
11,GDPGAP,2019,2,0.29314919
11,GDPGAP,2019,3,0.27772098
11,GDPGAP,2019,4,0.2548139
11,GDPGAP,2020,1,0.23803009
11,GDPGAP,2020,2,0.19483698
11,GDPGAP,2020,3,0.20204979
11,GDPGAP,2020,4,0.20507041
11,RCD,2018,1,0.01873321
11,RCD,2018,2,0.03055619
11,RCD,2018,3,0.04479686
11,RCD,2018,4,0.05975871
11,RCD,2019,1,0.06997478
11,RCD,2019,2,0.07771667
11,RCD,2019,3,0.08048817
11,RCD,2019,4,0.08155789
11,RCD,2020,1,0.0799425
11,RCD,2020,2,0.07627413
11,RCD,2020,3,0.07272134
11,RCD,2020,4,0.07165953
11,RGB,2018,1,0.009556
11,RGB,2018,2,0.01439494
11,RGB,2018,3,0.02087976
11,RGB,2018,4,0.02759314
11,RGB,2019,1,0.03192422
11,RGB,2019,2,0.03540827
11,RGB,2019,3,0.0366806
11,RGB,2019,4,0.03766887
11,RGB,2020,1,0.03773741
11,RGB,2020,2,0.03719422
11,RGB,2020,3,0.03706236
11,RGB,2020,4,0.03833603
11,PERR,2018,1,0.9405971
11,PERR,2018,2,0.83521665
11,PERR,2018,3,0.6793025
11,PERR,2018,4,0.54204335
11,PERR,2019,1,0.51478963
11,PERR,2019,2,0.45783668
11,PERR,2019,3,0.45306692
11,PERR,2019,4,0.48429471
11,PERR,2020,1,0.55875506
11,PERR,2020,2,0.69924661
11,PERR,2020,3,1.14776443
11,PERR,2020,4,1.6292915
11,UCC,2018,1,-0.57592785
11,UCC,2018,2,-0.74179614
11,UCC,2018,3,-0.81113395
11,UCC,2018,4,-0.83477503
11,UCC,2019,1,-0.73376384
11,UCC,2019,2,-0.51754549
11,UCC,2019,3,-0.4223646
11,UCC,2019,4,-0.35569067
11,UCC,2020,1,-0.33664848
11,UCC,2020,2,-0.29866313
11,UCC,2020,3,-0.25637557
11,UCC,2020,4,-0.25423315
11,FXS,2018,1,-0.00431381
11,FXS,2018,2,-0.01076188
11,FXS,2018,3,-0.02151489
11,FXS,2018,4,-0.03599223
11,FXS,2019,1,-0.05305212
11,FXS,2019,2,-0.07226937
11,FXS,2019,3,-0.09216635
11,FXS,2019,4,-0.11231609
11,FXS,2020,1,-0.13201915
11,FXS,2020,2,-0.15079729
11,FXS,2020,3,-0.16881593
11,FXS,2020,4,-0.1866102
11,PSHARE,2018,1,4.13916588
11,PSHARE,2018,2,3.97986213
11,PSHARE,2018,3,3.72374651
11,PSHARE,2018,4,3.37712031
11,PSHARE,2019,1,2.98911816
11,PSHARE,2019,2,2.65022699
11,PSHARE,2019,3,2.36550463
11,PSHARE,2019,4,2.16348572
11,PSHARE,2020,1,2.05099892
11,PSHARE,2020,2,2.01379563
11,PSHARE,2020,3,2.04160869
11,PSHARE,2020,4,2.09934132
11,PLAND,2018,1,-0.00022993
11,PLAND,2018,2,-0.01836064
11,PLAND,2018,3,-0.03536939
11,PLAND,2018,4,-0.04811609
11,PLAND,2019,1,-0.05724308
11,PLAND,2019,2,-0.06400969
11,PLAND,2019,3,-0.06802016
11,PLAND,2019,4,-0.07012704
11,PLAND,2020,1,-0.0707735
11,PLAND,2020,2,-0.07056141
11,PLAND,2020,3,-0.07059348
11,PLAND,2020,4,-0.07049076
11,M2CD,2018,1,0.2181327
11,M2CD,2018,2,0.21426933
11,M2CD,2018,3,0.21870789
11,M2CD,2018,4,0.21509671
11,M2CD,2019,1,0.18982084
11,M2CD,2019,2,0.18101748
11,M2CD,2019,3,0.18379082
11,M2CD,2019,4,0.1938248
11,M2CD,2020,1,0.20416648
11,M2CD,2020,2,0.21075555
11,M2CD,2020,3,0.23915456
11,M2CD,2020,4,0.26755464
11,BGVATGDPV,2018,1,0.02788252
11,BGVATGDPV,2018,2,0.04845602
11,BGVATGDPV,2018,3,0.08424184
11,BGVATGDPV,2018,4,0.10449864
11,BGVATGDPV,2019,1,0.12852816
11,BGVATGDPV,2019,2,0.11817345
11,BGVATGDPV,2019,3,0.12121182
11,BGVATGDPV,2019,4,0.10850133
11,BGVATGDPV,2020,1,0.10314499
11,BGVATGDPV,2020,2,0.11446024
11,BGVATGDPV,2020,3,0.10204868
11,BGVATGDPV,2020,4,0.08142042
11,SBGVATGDPV,2018,1,-0.65969467
11,SBGVATGDPV,2018,2,-0.76510669
11,SBGVATGDPV,2018,3,-0.92133032
11,SBGVATGDPV,2018,4,-1.06793989
11,SBGVATGDPV,2019,1,-1.09576956
11,SBGVATGDPV,2019,2,-1.14678216
11,SBGVATGDPV,2019,3,-1.19133245
11,SBGVATGDPV,2019,4,-1.25111275
11,SBGVATGDPV,2020,1,-1.26399873
11,SBGVATGDPV,2020,2,-1.38621044
11,SBGVATGDPV,2020,3,-1.37744477
11,SBGVATGDPV,2020,4,-1.43004625
11,BCVATGDPV,2018,1,0.222707
11,BCVATGDPV,2018,2,0.20148359
11,BCVATGDPV,2018,3,0.17334319
11,BCVATGDPV,2018,4,0.14762551
11,BCVATGDPV,2019,1,0.12344147
11,BCVATGDPV,2019,2,0.10662023
11,BCVATGDPV,2019,3,0.06584608
11,BCVATGDPV,2019,4,0.03202259
11,BCVATGDPV,2020,1,-0.0005395
11,BCVATGDPV,2020,2,-0.04481113
11,BCVATGDPV,2020,3,-0.07110062
11,BCVATGDPV,2020,4,-0.05223247
11,KFP,2018,1,0.00604411
11,KFP,2018,2,0.01795977
11,KFP,2018,3,0.03500208
11,KFP,2018,4,0.05731859
11,KFP,2019,1,0.07749488
11,KFP,2019,2,0.09507959
11,KFP,2019,3,0.11025454
11,KFP,2019,4,0.12203262
11,KFP,2020,1,0.13223729
11,KFP,2020,2,0.14050896
11,KFP,2020,3,0.14802574
11,KFP,2020,4,0.15524218
11,KHP,2018,1,0.00036391
11,KHP,2018,2,0.00107165
11,KHP,2018,3,0.00240204
11,KHP,2018,4,0.00466688
11,KHP,2019,1,0.00774499
11,KHP,2019,2,0.01211833
11,KHP,2019,3,0.01742056
11,KHP,2019,4,0.02359715
11,KHP,2020,1,0.03003324
11,KHP,2020,2,0.03688487
11,KHP,2020,3,0.04368133
11,KHP,2020,4,0.05065013
11,KG,2018,1,0.0
11,KG,2018,2,0.0
11,KG,2018,3,-0.0
11,KG,2018,4,-0.0
11,KG,2019,1,-0.0
11,KG,2019,2,-0.0
11,KG,2019,3,0.0
11,KG,2019,4,-0.0
11,KG,2020,1,0.0
11,KG,2020,2,0.0
11,KG,2020,3,-0.0
11,KG,2020,4,-0.0
11,BCVATGDPV,2018,0,0.18628982
11,BCVATGDPV,2019,0,0.08198259
11,BCVATGDPV,2020,0,-0.04217093
11,BGVATGDPV,2018,0,0.06626976
11,BGVATGDPV,2019,0,0.11910369
11,BGVATGDPV,2020,0,0.10026858
11,CG,2018,0,-0.0
11,CG,2019,0,-0.0
11,CG,2020,0,-0.0
11,CGPI,2018,0,0.01258826
11,CGPI,2019,0,0.05402514
11,CGPI,2020,0,0.09985442
11,CGV,2018,0,0.00196045
11,CGV,2019,0,0.04020997
11,CGV,2020,0,0.11028818
11,CP,2018,0,0.07972977
11,CP,2019,0,0.18657118
11,CP,2020,0,0.14613391
11,CPV,2018,0,0.0860125
11,CPV,2019,0,0.25406733
11,CPV,2020,0,0.29548881
11,CUX,2018,0,0.62417952
11,CUX,2019,0,0.64847579
11,CUX,2020,0,0.55294664
11,FXS,2018,0,-0.0181457
11,FXS,2019,0,-0.08245098
11,FXS,2020,0,-0.15956064
11,GDP,2018,0,0.34215627
11,GDP,2019,0,0.36705215
11,GDP,2020,0,0.30204898
11,GDPD,2018,0,0.39693083
11,GDPD,2019,0,-0.04858581
11,GDPD,2020,0,-0.05207594
11,GDPGAP,2018,0,0.29931661
11,GDPGAP,2019,0,0.28352157
11,GDPGAP,2020,0,0.20999682
11,GDPPOT,2018,0,0.04735732
11,GDPPOT,2019,0,0.08518049
11,GDPPOT,2020,0,0.08289366
11,GDPV,2018,0,0.35560115
11,GDPV,2019,0,0.44057299
11,GDPV,2020,0,0.45203229
11,IFP,2018,0,0.47619257
11,IFP,2019,0,0.60861506
11,IFP,2020,0,0.42513294
11,IFPV,2018,0,0.55531443
11,IFPV,2019,0,0.76226153
11,IFPV,2020,0,0.63585397
11,IG,2018,0,0.0
11,IG,2019,0,0.0
11,IG,2020,0,0.0
11,IGV,2018,0,0.07011638
11,IGV,2019,0,0.15291631
11,IGV,2020,0,0.22895203
11,IHP,2018,0,0.09364206
11,IHP,2019,0,0.37023712
11,IHP,2020,0,0.59053553
11,IHPV,2018,0,0.09683096
11,IHPV,2019,0,0.43980442
11,IHPV,2020,0,0.75098288
11,KFP,2018,0,0.02908114
11,KFP,2019,0,0.10121541
11,KFP,2020,0,0.14400354
11,KG,2018,0,0.0
11,KG,2019,0,-0.0
11,KG,2020,0,-0.0
11,KHP,2018,0,0.00212612
11,KHP,2019,0,0.01522026
11,KHP,2020,0,0.0403124
11,LE,2018,0,0.0796067
11,LE,2019,0,0.09967466
11,LE,2020,0,0.06019592
11,LF,2018,0,0.06933347
11,LF,2019,0,0.08527878
11,LF,2020,0,0.04732798
11,LH,2018,0,0.07301042
11,LH,2019,0,0.03158881
11,LH,2020,0,-0.00942764
11,M2CD,2018,0,0.21655166
11,M2CD,2019,0,0.18711349
11,M2CD,2020,0,0.23040781
11,MGS,2018,0,0.11411908
11,MGS,2019,0,0.32341934
11,MGS,2020,0,0.29782539
11,MGSV,2018,0,0.10495185
11,MGSV,2019,0,0.28904131
11,MGSV,2020,0,0.24125203
11,NIV,2018,0,0.46122784
11,NIV,2019,0,0.47421066
11,NIV,2020,0,0.29946295
11,PCP,2018,0,0.00627345
11,PCP,2019,0,0.06736937
11,PCP,2020,0,0.14914191
11,PERR,2018,0,0.7492899
11,PERR,2019,0,0.47749698
11,PERR,2020,0,1.0087644
11,PGDP,2018,0,0.0133937
11,PGDP,2019,0,0.07325481
11,PGDP,2020,0,0.14953394
11,PIFP,2018,0,0.07869583
11,PIFP,2019,0,0.15273012
11,PIFP,2020,0,0.2098321
11,PIHP,2018,0,0.00318184
11,PIHP,2019,0,0.06928671
11,PIHP,2020,0,0.15949783
11,PLAND,2018,0,-0.02551901
11,PLAND,2019,0,-0.06484999
11,PLAND,2020,0,-0.07060478
11,PMGS,2018,0,-0.00915053
11,PMGS,2019,0,-0.03426576
11,PMGS,2020,0,-0.05640691
11,PSHARE,2018,0,3.80497371
11,PSHARE,2019,0,2.54208388
11,PSHARE,2020,0,2.05143614
11,PXGS,2018,0,-0.00604976
11,PXGS,2019,0,-0.01966552
11,PXGS,2020,0,-0.02438992
11,RCD,2018,0,0.03846124
11,RCD,2019,0,0.07743438
11,RCD,2020,0,0.07514937
11,RGB,2018,0,0.01810596
11,RGB,2019,0,0.03542049
11,RGB,2020,0,0.0375825
11,SBGVATGDPV,2018,0,-0.85351789
11,SBGVATGDPV,2019,0,-1.17124923
11,SBGVATGDPV,2020,0,-1.36442505
11,TAXV,2018,0,0.27094743
11,TAXV,2019,0,0.58599139
11,TAXV,2020,0,0.45626207
11,TCIV,2018,0,0.13589766
11,TCIV,2019,0,0.27296375
11,TCIV,2020,0,0.2947786
11,TYCV,2018,0,0.52937633
11,TYCV,2019,0,1.24014548
11,TYCV,2020,0,0.71079061
11,TYPV,2018,0,0.27959092
11,TYPV,2019,0,0.49041918
11,TYPV,2020,0,0.41805832
11,UCC,2018,0,-0.74090824
11,UCC,2019,0,-0.50734115
11,UCC,2020,0,-0.28648008
11,UR,2018,0,-0.01001529
11,UR,2019,0,-0.0140449
11,UR,2020,0,-0.0125028
11,WIPH,2018,0,0.17749388
11,WIPH,2019,0,0.25433636
11,WIPH,2020,0,0.24124827
11,XGS,2018,0,1.2108391
11,XGS,2019,0,1.06707706
11,XGS,2020,0,1.00064901
11,XGSV,2018,0,1.20471816
11,XGSV,2019,0,1.04720251
11,XGSV,2020,0,0.97601496
11,YCV,2018,0,1.12251991
11,YCV,2019,0,0.73666115
11,YCV,2020,0,-0.07457216
11,YDV,2018,0,0.320706
11,YDV,2019,0,0.40530031
11,YDV,2020,0,0.31504456
11,YWV,2018,0,0.31348023
11,YWV,2019,0,0.36610082
11,YWV,2020,0,0.27689495
