scenario,variable,year,quarter,value
1,GDP,2018,1,0.9994812421169508
1,GDP,2018,2,1.0525418430759492
1,GDP,2018,3,1.1358427996633225
1,GDP,2018,4,1.1319344367627382
1,GDP,2019,1,1.1271434456108675
1,GDP,2019,2,1.1151953549434657
1,GDP,2019,3,1.0812703271389612
1,GDP,2019,4,1.068717938468433
1,GDP,2020,1,1.0448937892349797
1,GDP,2020,2,1.0303988592665014
1,GDP,2020,3,1.0271208219754024
1,GDP,2020,4,1.0065274909851984
1,CP,2018,1,0.0025213601739348945
1,CP,2018,2,0.14776051256111256
1,CP,2018,3,0.38058041926520847
1,CP,2018,4,0.46280898805464155
1,CP,2019,1,0.5038870966721731
1,CP,2019,2,0.5278511791094509
1,CP,2019,3,0.5360148953991617
1,CP,2019,4,0.5501339195663313
1,CP,2020,1,0.5432943790956157
1,CP,2020,2,0.5421194188004241
1,CP,2020,3,0.49718755786289925
1,CP,2020,4,0.4683444521899949
1,IFP,2018,1,-0.044767641601284325
1,IFP,2018,2,-0.09940692011609631
1,IFP,2018,3,-0.1479824320114842
1,IFP,2018,4,-0.2367857284228836
1,IFP,2019,1,-0.3760666307309535
1,IFP,2019,2,-0.5618389602909057
1,IFP,2019,3,-0.7618107558696741
1,IFP,2019,4,-0.9393890545000172
1,IFP,2020,1,-1.0822652285457202
1,IFP,2020,2,-1.1872898635918783
1,IFP,2020,3,-1.2618848969649599
1,IFP,2020,4,-1.3130495238671935
1,IHP,2018,1,0.09977934695475366
1,IHP,2018,2,0.13774302581179843
1,IHP,2018,3,0.24643673638713448
1,IHP,2018,4,0.3231063992726657
1,IHP,2019,1,0.362254999968159
1,IHP,2019,2,0.4359667939461076
1,IHP,2019,3,0.44955922851424024
1,IHP,2019,4,0.47907347706910297
1,IHP,2020,1,0.4597510470208954
1,IHP,2020,2,0.422683738642915
1,IHP,2020,3,0.4177540121558465
1,IHP,2020,4,0.38874548435168244
1,IG,2018,1,20.13705078926069
1,IG,2018,2,19.969263808519955
1,IG,2018,3,20.021476747672608
1,IG,2018,4,20.266493376985718
1,IG,2019,1,19.88982968719155
1,IG,2019,2,19.642106043176643
1,IG,2019,3,19.802825653152656
1,IG,2019,4,19.297152834693378
1,IG,2020,1,19.50493552467045
1,IG,2020,2,16.82615415495785
1,IG,2020,3,18.024557849947676
1,IG,2020,4,18.292137765448757
1,CG,2018,1,0.0
1,CG,2018,2,0.030322418677508622
1,CG,2018,3,0.06084542752411437
1,CG,2018,4,0.09106174171502612
1,CG,2019,1,0.12026828431779268
1,CG,2019,2,0.1484420472201764
1,CG,2019,3,0.17788977422295016
1,CG,2019,4,0.2054120720659247
1,CG,2020,1,0.23281130270040862
1,CG,2020,2,0.2617522826365848
1,CG,2020,3,0.2833148176384359
1,CG,2020,4,0.3095069554836627
1,XGS,2018,1,0.0
1,XGS,2018,2,-0.00014318161014603703
1,XGS,2018,3,-0.0006346239715182556
1,XGS,2018,4,-0.0017967973218402378
1,XGS,2019,1,-0.004041343806138187
1,XGS,2019,2,-0.007695323392986619
1,XGS,2019,3,-0.012937760532616416
1,XGS,2019,4,-0.01979179499334016
1,XGS,2020,1,-0.028098317033087294
1,XGS,2020,2,-0.0375610170932239
1,XGS,2020,3,-0.04790019420366498
1,XGS,2020,4,-0.05882829244022725
1,MGS,2018,1,0.12154914518409665
1,MGS,2018,2,0.23841485972428966
1,MGS,2018,3,0.5221324788272419
1,MGS,2018,4,0.7493789240136994
1,MGS,2019,1,0.8401394802017625
1,MGS,2019,2,0.8767737392123554
1,MGS,2019,3,0.9084011775072343
1,MGS,2019,4,0.9396683587155952
1,MGS,2020,1,0.9531642210471203
1,MGS,2020,2,0.9311884219955768
1,MGS,2020,3,0.917383254187154
1,MGS,2020,4,0.8854902091588457
1,GDPD,2018,1,4.001074348120193
1,GDPD,2018,2,0.21097113000613965
1,GDPD,2018,3,0.3280933019099983
1,GDPD,2018,4,-0.01541811244566893
1,GDPD,2019,1,-0.018995736245999817
1,GDPD,2019,2,-0.04747330776727976
1,GDPD,2019,3,-0.13446130540203682
1,GDPD,2019,4,-0.048231499422579205
1,GDPD,2020,1,-0.09478423341938758
1,GDPD,2020,2,-0.053015001537083606
1,GDPD,2020,3,-0.013685296511965817
1,GDPD,2020,4,-0.08292456743160681
1,PGDP,2018,1,0.04174769328797456
1,PGDP,2018,2,0.07225997933573147
1,PGDP,2018,3,0.1085326876070658
1,PGDP,2018,4,0.157297629625619
1,PGDP,2019,1,0.20843231197513745
1,PGDP,2019,2,0.27714455313860853
1,PGDP,2019,3,0.3494242528773617
1,PGDP,2019,4,0.4142052799129603
1,PGDP,2020,1,0.48220546917685514
1,PGDP,2020,2,0.5495277272921095
1,PGDP,2020,3,0.6022765017889675
1,PGDP,2020,4,0.6641215021973457
1,PCP,2018,1,-0.0025968825807298757
1,PCP,2018,2,0.0024240932714691965
1,PCP,2018,3,0.023357056966455403
1,PCP,2018,4,0.06309675428637362
1,PCP,2019,1,0.11886446592086486
1,PCP,2019,2,0.18074669676546584
1,PCP,2019,3,0.2444599504716649
1,PCP,2019,4,0.30840444162234526
1,PCP,2020,1,0.37229557382225664
1,PCP,2020,2,0.4361445960928023
1,PCP,2020,3,0.4996827784274238
1,PCP,2020,4,0.5632558446328595
1,PIFP,2018,1,0.15866802833495175
1,PIFP,2018,2,0.2300296326841922
1,PIFP,2018,3,0.3057065611817178
1,PIFP,2018,4,0.36192349159338555
1,PIFP,2019,1,0.43441499440233233
1,PIFP,2019,2,0.5034909958651523
1,PIFP,2019,3,0.5760275028689588
1,PIFP,2019,4,0.6430834240140015
1,PIFP,2020,1,0.7156755407482063
1,PIFP,2020,2,0.7800138814247903
1,PIFP,2020,3,0.8623332928500149
1,PIFP,2020,4,0.9397837522844066
1,PIHP,2018,1,-0.010215245267986006
1,PIHP,2018,2,-0.008908040990196486
1,PIHP,2018,3,0.011052741674322242
1,PIHP,2018,4,0.051744354844207585
1,PIHP,2019,1,0.11647988670901999
1,PIHP,2019,2,0.18728695516629923
1,PIHP,2019,3,0.2625556749577873
1,PIHP,2019,4,0.33703115384644544
1,PIHP,2020,1,0.41103991717015287
1,PIHP,2020,2,0.49092385636584357
1,PIHP,2020,3,0.5668851082011761
1,PIHP,2020,4,0.6395281545540143
1,PXGS,2018,1,-0.006003626224315717
1,PXGS,2018,2,-0.014602062695601159
1,PXGS,2018,3,-0.0281212318906654
1,PXGS,2018,4,-0.045377252945022484
1,PXGS,2019,1,-0.06508833075730136
1,PXGS,2019,2,-0.0871888058865955
1,PXGS,2019,3,-0.11026833059301078
1,PXGS,2019,4,-0.13436357617883088
1,PXGS,2020,1,-0.15889771894809224
1,PXGS,2020,2,-0.18297187167181095
1,PXGS,2020,3,-0.20749092284076953
1,PXGS,2020,4,-0.23261810418409024
1,PMGS,2018,1,-0.007801552209618645
1,PMGS,2018,2,-0.020938391805136458
1,PMGS,2018,3,-0.048841618940720366
1,PMGS,2018,4,-0.08171701256829422
1,PMGS,2019,1,-0.08569820117618754
1,PMGS,2019,2,-0.11939285298360192
1,PMGS,2019,3,-0.12896557731364444
1,PMGS,2019,4,-0.15355269281013273
1,PMGS,2020,1,-0.18194164212772534
1,PMGS,2020,2,-0.1362656492441383
1,PMGS,2020,3,-0.1690152040002335
1,PMGS,2020,4,-0.19807592072987878
1,CGPI,2018,1,-0.0037407948306089622
1,CGPI,2018,2,0.03817054295986999
1,CGPI,2018,3,0.04943831486243777
1,CGPI,2018,4,0.07592477097868588
1,CGPI,2019,1,0.11321742965413328
1,CGPI,2019,2,0.1512694528770009
1,CGPI,2019,3,0.19248099932713814
1,CGPI,2019,4,0.23140823635507957
1,CGPI,2020,1,0.2687037348926058
1,CGPI,2020,2,0.32223828458917136
1,CGPI,2020,3,0.36339923857240386
1,CGPI,2020,4,0.40050207800697013
1,GDPV,2018,1,1.041646195768342
1,GDPV,2018,2,1.1255623889299793
1,GDPV,2018,3,1.2456082479878727
1,GDPV,2018,4,1.2910125724262755
1,GDPV,2019,1,1.337925088728964
1,GDPV,2019,2,1.3954306112651471
1,GDPV,2019,3,1.4344728007785301
1,GDPV,2019,4,1.4873499045098937
1,GDPV,2020,1,1.532137793410615
1,GDPV,2020,2,1.5855889139919643
1,GDPV,2020,3,1.6355834311201134
1,GDPV,2020,4,1.6773335586756755
1,CPV,2018,1,-7.558788158723573e-05
1,CPV,2018,2,0.150188187686906
1,CPV,2018,3,0.4040263686183154
1,CPV,2018,4,0.5261977597923906
1,CPV,2019,1,0.6233505053002686
1,CPV,2019,2,0.7095519494457747
1,CPV,2019,3,0.7817851876165793
1,CPV,2019,4,0.860234998634879
1,CPV,2020,1,0.9176126138470408
1,CPV,2020,2,0.9806284394441311
1,CPV,2020,3,0.9993546968950273
1,CPV,2020,4,1.0342382743249834
1,IFPV,2018,1,0.11382935483938983
1,IFPV,2018,2,0.1303940471865328
1,IFPV,2018,3,0.15727173717228204
1,IFPV,2018,4,0.12428078000181753
1,IFPV,2019,1,0.056714673843782926
1,IFPV,2019,2,-0.06117677299672941
1,IFPV,2019,3,-0.1901714924841036
1,IFPV,2019,4,-0.3023466857674406
1,IFPV,2020,1,-0.37433519530826187
1,IFPV,2020,2,-0.4165370079015185
1,IFPV,2020,3,-0.4104332576848502
1,IFPV,2020,4,-0.3856055976492634
1,IHPV,2018,1,0.08955390897698035
1,IHPV,2018,2,0.12882271460616934
1,IHPV,2018,3,0.25751671607339155
1,IHPV,2018,4,0.375017943434619
1,IHPV,2019,1,0.47915684088786215
1,IHPV,2019,2,0.6240702580441404
1,IHPV,2019,3,0.7132952467455933
1,IHPV,2019,4,0.8177192577637049
1,IHPV,2020,1,0.8726807244970658
1,IHPV,2020,2,0.9156826503083249
1,IHPV,2020,3,0.9870073056323925
1,IHPV,2020,4,1.0307597757182485
1,IGV,2018,1,20.302599819178234
1,IGV,2018,2,20.2097456583624
1,IGV,2018,3,20.347553512026685
1,IGV,2018,4,20.66499116178022
1,IGV,2019,1,20.38406807130091
1,IGV,2019,2,20.23127627164247
1,IGV,2019,3,20.494325859949015
1,IGV,2019,4,20.081088419589467
1,IGV,2020,1,20.39156611898052
1,IGV,2020,2,17.785137292208432
1,IGV,2020,3,19.104257605967167
1,IGV,2020,4,19.4793111020251
1,CGV,2018,1,2.220446049250313e-14
1,CGV,2018,2,0.02934219777928071
1,CGV,2018,3,0.06616211687180407
1,CGV,2018,4,0.11424359999041567
1,CGV,2019,1,0.1764369184958925
1,CGV,2019,2,0.24999385434294474
1,CGV,2019,3,0.3306622116737046
1,CGV,2019,4,0.4124618023607862
1,CGV,2020,1,0.4950978304437692
1,CGV,2020,2,0.5797996334629518
1,CGV,2020,3,0.6570668460595286
1,CGV,2020,4,0.7388896533379041
1,XGSV,2018,1,-0.006003626205952628
1,XGSV,2018,2,-0.014745223396972484
1,XGSV,2018,3,-0.02875567739275553
1,XGSV,2018,4,-0.047173234923736374
1,XGSV,2019,1,-0.0691270441159908
1,XGSV,2019,2,-0.09487741981519804
1,XGSV,2019,3,-0.12319182488137459
1,XGSV,2019,4,-0.15412877819459547
1,XGSV,2020,1,-0.1869513883829832
1,XGSV,2020,2,-0.22046416265930624
1,XGSV,2020,3,-0.25529172847981174
1,XGSV,2020,4,-0.29130955135340253
1,MGSV,2018,1,0.11373811025447988
1,MGSV,2018,2,0.21742654768170944
1,MGSV,2018,3,0.4730358419308356
1,MGSV,2018,4,0.6670495413758859
1,MGSV,2019,1,0.7537212946036709
1,MGSV,2019,2,0.756334081047294
1,MGSV,2019,3,0.7782640753706938
1,MGSV,2019,4,0.7846727798371589
1,MGSV,2020,1,0.7694883762834559
1,MGSV,2020,2,0.793653882802503
1,MGSV,2020,3,0.7468175330084037
1,MGSV,2020,4,0.6856603455442034
1,NIV,2018,1,1.4252658412759356
1,NIV,2018,2,1.4137850515180128
1,NIV,2018,3,1.5183380835624094
1,NIV,2018,4,1.5403925427147858
1,NIV,2019,1,1.5977739895055576
1,NIV,2019,2,1.57631094865609
1,NIV,2019,3,1.5373330668409402
1,NIV,2019,4,1.5244484973254258
1,NIV,2020,1,1.4609668262515196
1,NIV,2020,2,1.4536107957077604
1,NIV,2020,3,1.4338992695667185
1,NIV,2020,4,1.4354257477635635
1,YWV,2018,1,0.8033939139355128
1,YWV,2018,2,1.0241418851150819
1,YWV,2018,3,1.1598920652302835
1,YWV,2018,4,1.3186082601736038
1,YWV,2019,1,1.2762673726826712
1,YWV,2019,2,1.3537980461001187
1,YWV,2019,3,1.312631269408726
1,YWV,2019,4,1.3593049083381326
1,YWV,2020,1,1.3785241980410534
1,YWV,2020,2,1.314438826403097
1,YWV,2020,3,1.3458618934323097
1,YWV,2020,4,1.4216894453965123
1,YCV,2018,1,5.288513217295265
1,YCV,2018,2,3.419366300114368
1,YCV,2018,3,3.5634552648938556
1,YCV,2018,4,3.2085391447676415
1,YCV,2019,1,3.7650352680306476
1,YCV,2019,2,2.91023174243763
1,YCV,2019,3,2.7339217902300206
1,YCV,2019,4,2.7087362894946843
1,YCV,2020,1,2.17660350094131
1,YCV,2020,2,3.2335009400319414
1,YCV,2020,3,2.19625736911655
1,YCV,2020,4,1.6140311245565586
1,YDV,2018,1,0.6784101357719008
1,YDV,2018,2,0.9640337301397128
1,YDV,2018,3,1.034901054640014
1,YDV,2018,4,1.1721331293717219
1,YDV,2019,1,1.1383900352603948
1,YDV,2019,2,1.2485707635752963
1,YDV,2019,3,1.2226799771919428
1,YDV,2019,4,1.2676287381949702
1,YDV,2020,1,1.2629344316681834
1,YDV,2020,2,1.1200014076451437
1,YDV,2020,3,1.2252363131206812
1,YDV,2020,4,1.3310882628344345
1,TAXV,2018,1,0.4811722495740911
1,TAXV,2018,2,0.9741748563820485
1,TAXV,2018,3,1.4165676173973019
1,TAXV,2018,4,1.832150331232918
1,TAXV,2019,1,2.1566281095655615
1,TAXV,2019,2,2.121636029622964
1,TAXV,2019,3,2.1529451871551197
1,TAXV,2019,4,2.1594641114241364
1,TAXV,2020,1,2.2047312776090733
1,TAXV,2020,2,2.071568119170375
1,TAXV,2020,3,2.109038747482961
1,TAXV,2020,4,2.1222071390071706
1,TYPV,2018,1,0.7617766468093645
1,TYPV,2018,2,1.0485068466476122
1,TYPV,2018,3,1.362400460776536
1,TYPV,2018,4,1.660860535621711
1,TYPV,2019,1,1.7979212996357186
1,TYPV,2019,2,1.8772177994537564
1,TYPV,2019,3,1.9222499815361394
1,TYPV,2019,4,1.9239761536914868
1,TYPV,2020,1,1.9530568084690891
1,TYPV,2020,2,1.8906564230819711
1,TYPV,2020,3,1.9311263981877547
1,TYPV,2020,4,1.9501865438458221
1,TYCV,2018,1,0.1563083642756702
1,TYCV,2018,2,1.479251707244944
1,TYCV,2018,3,2.5080858896334934
1,TYCV,2018,4,3.5436069983845853
1,TYCV,2019,1,4.5115324628698605
1,TYCV,2019,2,4.2307608706043
1,TYCV,2019,3,4.170855785881988
1,TYCV,2019,4,4.001305943936706
1,TYCV,2020,1,3.943613412517899
1,TYCV,2020,2,3.6001833570631137
1,TYCV,2020,3,3.6201349212812595
1,TYCV,2020,4,3.5119043658559557
1,TCIV,2018,1,0.9601193253792495
1,TCIV,2018,2,1.0558580637244797
1,TCIV,2018,3,1.2029472155528298
1,TCIV,2018,4,1.2711507514167941
1,TCIV,2019,1,1.3288612225623497
1,TCIV,2019,2,1.378925969467204
1,TCIV,2019,3,1.4127650795278335
1,TCIV,2019,4,1.4489692693617329
1,TCIV,2020,1,1.4813355665947991
1,TCIV,2020,2,1.4959891986659146
1,TCIV,2020,3,1.5642928869425088
1,TCIV,2020,4,1.6299715646641344
1,WIPH,2018,1,0.40687954342024657
1,WIPH,2018,2,0.5536020523035479
1,WIPH,2018,3,0.6242525479986938
1,WIPH,2018,4,0.7421956358821591
1,WIPH,2019,1,0.7236522359262754
1,WIPH,2019,2,0.7983468291882678
1,WIPH,2019,3,0.7937962648657315
1,WIPH,2019,4,0.8526631225003856
1,WIPH,2020,1,0.888621082493124
1,WIPH,2020,2,0.8796547397142751
1,WIPH,2020,3,0.9132648661502873
1,WIPH,2020,4,0.9868852139946149
1,LE,2018,1,0.1752001481572174
1,LE,2018,2,0.2396191345793275
1,LE,2018,3,0.2857171726284635
1,LE,2018,4,0.32893419643849064
1,LE,2019,1,0.30644147714966596
1,LE,2019,2,0.31347324860664383
1,LE,2019,3,0.2877209210511156
1,LE,2019,4,0.28904035980981124
1,LE,2020,1,0.27724659471553004
1,LE,2020,2,0.25100590614510754
1,LE,2020,3,0.235587414188565
1,LE,2020,4,0.23483135509951847
1,LF,2018,1,0.154534935634687
1,LF,2018,2,0.20945295557583954
1,LF,2018,3,0.24897556979275315
1,LF,2018,4,0.2897702465417984
1,LF,2019,1,0.26538162708178437
1,LF,2019,2,0.27097423260611375
1,LF,2019,3,0.24497344442846458
1,LF,2019,4,0.24595038375372358
1,LF,2020,1,0.23418014992095948
1,LF,2020,2,0.2053539420426409
1,LF,2020,3,0.18924377302238504
1,LF,2020,4,0.18900326061790373
1,LH,2018,1,0.2627481500325546
1,LH,2018,2,0.282550621701394
1,LH,2018,3,0.30830890651671883
1,LH,2018,4,0.31321122444001315
1,LH,2019,1,0.31044702131830526
1,LH,2019,2,0.3097354628492477
1,LH,2019,3,0.297222441900713
1,LH,2019,4,0.2856695490994099
1,LH,2020,1,0.2815722967123291
1,LH,2020,2,0.25129706477293734
1,LH,2020,3,0.2657979499892882
1,LH,2020,4,0.2721917199502766
1,UR,2018,1,-0.0200776071650699
1,UR,2018,2,-0.02934682771720487
1,UR,2018,3,-0.03579948562227875
1,UR,2018,4,-0.038122398544671476
1,UR,2019,1,-0.039928206807731126
1,UR,2019,2,-0.04133479112001881
1,UR,2019,3,-0.04172980050215225
1,UR,2019,4,-0.04199559053306556
1,UR,2020,1,-0.04188383125925821
1,UR,2020,2,-0.044279950664364076
1,UR,2020,3,-0.04493909123746809
1,UR,2020,4,-0.044356091181095625
1,CUX,2018,1,1.8713815099688613
1,CUX,2018,2,1.8407812368928855
1,CUX,2018,3,1.962051034314749
1,CUX,2018,4,1.8285400059808277
1,CUX,2019,1,1.9258899174957822
1,CUX,2019,2,1.8889870922597751
1,CUX,2019,3,1.886974584104606
1,CUX,2019,4,1.8611382660446374
1,CUX,2020,1,1.879181986048084
1,CUX,2020,2,2.0921130389143228
1,CUX,2020,3,2.065826366652135
1,CUX,2020,4,1.9645043961145303
1,GDPPOT,2018,1,0.0922966550657156
1,GDPPOT,2018,2,0.12451826313257808
1,GDPPOT,2018,3,0.14685883508334108
1,GDPPOT,2018,4,0.1694210475281288
1,GDPPOT,2019,1,0.1519941299238603
1,GDPPOT,2019,2,0.15080586623035241
1,GDPPOT,2019,3,0.12863156234730333
1,GDPPOT,2019,4,0.12005680040010347
1,GDPPOT,2020,1,0.10275755926447694
1,GDPPOT,2020,2,0.07343825123671266
1,GDPPOT,2020,3,0.05168151622938488
1,GDPPOT,2020,4,0.03883503620203399
1,GDPGAP,2018,1,0.9256747874859932
1,GDPGAP,2018,2,0.9464992198055953
1,GDPGAP,2018,3,1.0016363893758498
1,GDPGAP,2018,4,0.9706200791142496
1,GDPGAP,2019,1,0.9848532490491329
1,GDPGAP,2019,2,0.9767884837601135
1,GDPGAP,2019,3,0.9650541576371996
1,GDPGAP,2019,4,0.9292453022645301
1,GDPGAP,2020,1,0.9287854251601682
1,GDPGAP,2020,2,0.8767654500682491
1,GDPGAP,2020,3,0.9398372053237303
1,GDPGAP,2020,4,0.9434645386709737
1,RCD,2018,1,0.0652120706855204
1,RCD,2018,2,0.10215189219057294
1,RCD,2018,3,0.13915578958049743
1,RCD,2018,4,0.17647456025210706
1,RCD,2019,1,0.2018444113130592
1,RCD,2019,2,0.22585643120775234
1,RCD,2019,3,0.2372060258617989
1,RCD,2019,4,0.24756777450750878
1,RCD,2020,1,0.25247216262718075
1,RCD,2020,2,0.2501476697560395
1,RCD,2020,3,0.2529652048788436
1,RCD,2020,4,0.25784392415525326
1,RGB,2018,1,0.033265329410305175
1,RGB,2018,2,0.04795895295806271
1,RGB,2018,3,0.06439171957167414
1,RGB,2018,4,0.08103088966915173
1,RGB,2019,1,0.09187073214634524
1,RGB,2019,2,0.1031655064528993
1,RGB,2019,3,0.10859868272350841
1,RGB,2019,4,0.115128127803371
1,RGB,2020,1,0.1199276092074411
1,RGB,2020,2,0.12208264087725008
1,RGB,2020,3,0.12787935215100568
1,RGB,2020,4,0.1348129239395657
1,PERR,2018,1,-0.23396220427285996
1,PERR,2018,2,-0.4941431089394648
1,PERR,2018,3,-0.7797825299418015
1,PERR,2018,4,-1.1124897418534339
1,PERR,2019,1,-1.3063310255155507
1,PERR,2019,2,-1.4806692685308072
1,PERR,2019,3,-1.6624719575761553
1,PERR,2019,4,-1.8925288566256881
1,PERR,2020,1,-2.018528138061278
1,PERR,2020,2,-2.3577520176421913
1,PERR,2020,3,-3.1633275314078944
1,PERR,2020,4,-3.5669293406255917
1,UCC,2018,1,-0.006772280731626168
1,UCC,2018,2,-0.4901039772614024
1,UCC,2018,3,-0.5785849110674812
1,UCC,2018,4,-0.6373233395186806
1,UCC,2019,1,-0.4180270343893344
1,UCC,2019,2,0.1254674731341554
1,UCC,2019,3,0.19993550819377148
1,UCC,2019,4,0.17301496931820814
1,UCC,2020,1,0.041283403751979364
1,UCC,2020,2,0.0007543794476427834
1,UCC,2020,3,-0.2931089892688199
1,UCC,2020,4,-0.5500282156436498
1,FXS,2018,1,-0.015034171425476472
1,FXS,2018,2,-0.03656385451071831
1,FXS,2018,3,-0.07040896176041533
1,FXS,2018,4,-0.11359923941662853
1,FXS,2019,1,-0.16292058274715027
1,FXS,2019,2,-0.21820331081459088
1,FXS,2019,3,-0.2759154278274112
1,FXS,2019,4,-0.33614603388163466
1,FXS,2020,1,-0.3974512885403292
1,FXS,2020,2,-0.4575851081904614
1,FXS,2020,3,-0.5188077994885187
1,FXS,2020,4,-0.5815254849107054
1,PSHARE,2018,1,-0.05746849584906677
1,PSHARE,2018,2,-0.5837953572318644
1,PSHARE,2018,3,-1.3761067822394946
1,PSHARE,2018,4,-2.3791378625497406
1,PSHARE,2019,1,-3.4056747509782714
1,PSHARE,2019,2,-4.245031934272969
1,PSHARE,2019,3,-4.951325459937539
1,PSHARE,2019,4,-5.4971887534811525
1,PSHARE,2020,1,-5.883573848137347
1,PSHARE,2020,2,-6.125782214205611
1,PSHARE,2020,3,-6.258684598922581
1,PSHARE,2020,4,-6.348348050149378
1,PLAND,2018,1,-0.000822327023242142
1,PLAND,2018,2,0.0024388931266994263
1,PLAND,2018,3,0.005712200998941874
1,PLAND,2018,4,0.019557378322332397
1,PLAND,2019,1,0.042916539260540176
1,PLAND,2019,2,0.07565487628500289
1,PLAND,2019,3,0.11694653978755465
1,PLAND,2019,4,0.164905020137196
1,PLAND,2020,1,0.21846799851483745
1,PLAND,2020,2,0.27713350023945704
1,PLAND,2020,3,0.33636829209005015
1,PLAND,2020,4,0.39750965717630926
1,M2CD,2018,1,0.7634077250766147
1,M2CD,2018,2,0.6960133805146373
1,M2CD,2018,3,0.6818215221320534
1,M2CD,2018,4,0.6051644512126586
1,M2CD,2019,1,0.5897439286419726
1,M2CD,2019,2,0.5761088633305711
1,M2CD,2019,3,0.5873668667075505
1,M2CD,2019,4,0.6231837523314354
1,M2CD,2020,1,0.6671119097954481
1,M2CD,2020,2,0.7458958211999045
1,M2CD,2020,3,0.8171082669846896
1,M2CD,2020,4,0.8639584199017669
1,BGVATGDPV,2018,1,-0.5828554373766082
1,BGVATGDPV,2018,2,-0.4987879816100351
1,BGVATGDPV,2018,3,-0.41702813752456036
1,BGVATGDPV,2018,4,-0.3418966260945684
1,BGVATGDPV,2019,1,-0.2924871256788619
1,BGVATGDPV,2019,2,-0.33271936973334126
1,BGVATGDPV,2019,3,-0.34879530330352937
1,BGVATGDPV,2019,4,-0.3564134226200735
1,BGVATGDPV,2020,1,-0.358816753958239
1,BGVATGDPV,2020,2,-0.35961610430949165
1,BGVATGDPV,2020,3,-0.3827412812344395
1,BGVATGDPV,2020,4,-0.3928059405426696
1,SBGVATGDPV,2018,1,-2.226123850988728
1,SBGVATGDPV,2018,2,-2.2895303767590747
1,SBGVATGDPV,2018,3,-2.446435708596283
1,SBGVATGDPV,2018,4,-2.510844941253424
1,SBGVATGDPV,2019,1,-2.5408292079182786
1,SBGVATGDPV,2019,2,-2.596102992612117
1,SBGVATGDPV,2019,3,-2.600005423124628
1,SBGVATGDPV,2019,4,-2.6621201986459653
1,SBGVATGDPV,2020,1,-2.6301634084186674
1,SBGVATGDPV,2020,2,-2.9748298278139487
1,SBGVATGDPV,2020,3,-2.929713628413424
1,SBGVATGDPV,2020,4,-2.9091109174328835
1,BCVATGDPV,2018,1,-0.06461427652842477
1,BCVATGDPV,2018,2,-0.08934827467638673
1,BCVATGDPV,2018,3,-0.14495103780122598
1,BCVATGDPV,2018,4,-0.188577906668991
1,BCVATGDPV,2019,1,-0.21743606746221156
1,BCVATGDPV,2019,2,-0.23537698589110922
1,BCVATGDPV,2019,3,-0.2890212756638615
1,BCVATGDPV,2019,4,-0.34423036391243533
1,BCVATGDPV,2020,1,-0.37804682878769036
1,BCVATGDPV,2020,2,-0.39093290400760705
1,BCVATGDPV,2020,3,-0.4557339899547368
1,BCVATGDPV,2020,4,-0.47378717863697695
1,KFP,2018,1,-0.0014007825376305405
1,KFP,2018,2,-0.004501079133556463
1,KFP,2018,3,-0.008923245563552396
1,KFP,2018,4,-0.016048131464985183
1,KFP,2019,1,-0.027270802272350014
1,KFP,2019,2,-0.0437827819601222
1,KFP,2019,3,-0.0664907097428058
1,KFP,2019,4,-0.0919693703700486
1,KFP,2020,1,-0.1220180099181456
1,KFP,2020,2,-0.15212678545798441
1,KFP,2020,3,-0.18361509278113086
1,KFP,2020,4,-0.2161432991587664
1,KHP,2018,1,0.0012732472124188376
1,KHP,2018,2,0.0029655553595686612
1,KHP,2018,3,0.0060018273646100795
1,KHP,2018,4,0.010030052585063842
1,KHP,2019,1,0.014620114214602964
1,KHP,2019,2,0.020188385054065172
1,KHP,2019,3,0.025901714115517116
1,KHP,2019,4,0.03181895163568704
1,KHP,2020,1,0.03715230039642581
1,KHP,2020,2,0.0419634067795549
1,KHP,2020,3,0.04642731753299323
1,KHP,2020,4,0.05050420239667286
1,KG,2018,1,0.17787338959429633
1,KG,2018,2,0.3548131442345337
1,KG,2018,3,0.5292751693393161
1,KG,2018,4,0.701792484288255
1,KG,2019,1,0.8724783481931286
1,KG,2019,2,1.0416727361852285
1,KG,2019,3,1.2091225865394462
1,KG,2019,4,1.3694080213666693
1,KG,2020,1,1.5291886964354573
1,KG,2020,2,1.6733978184481302
1,KG,2020,3,1.825016649598954
1,KG,2020,4,1.9779196252484477
1,BCVATGDPV,2018,0,-0.12187287391875712
1,BCVATGDPV,2019,0,-0.2715161732324044
1,BCVATGDPV,2020,0,-0.4246252253467528
1,BGVATGDPV,2018,0,-0.460142045651443
1,BGVATGDPV,2019,0,-0.3326038053339515
1,BGVATGDPV,2020,0,-0.37349502001120993
1,CG,2018,0,0.04555739697916228
1,CG,2019,0,0.163003044456711
1,CG,2020,0,0.271846339614773
1,CGPI,2018,0,0.03994820849259617
1,CGPI,2019,0,0.17209402955333797
1,CGPI,2020,0,0.3387108340152878
1,CGV,2018,0,0.05243697866038066
1,CGV,2019,0,0.292388696718332
1,CGV,2020,0,0.6177134908260384
1,CP,2018,0,0.24841782001372437
1,CP,2019,0,0.5294717726867793
1,CP,2020,0,0.5127364519872335
1,CPV,2018,0,0.2700841820540062
1,CPV,2019,0,0.7437306602493754
1,CPV,2020,0,0.9829585061277957
1,CUX,2018,0,1.8756884467893309
1,CUX,2019,0,1.8907474649762002
1,CUX,2020,0,2.000406446932268
1,FXS,2018,0,-0.05890155677830966
1,FXS,2019,0,-0.24829633881769675
1,FXS,2020,0,-0.4888424202825037
1,GDP,2018,0,1.0799500804047402
1,GDP,2019,0,1.0980817665404319
1,GDP,2020,0,1.0272352403655205
1,GDPD,2018,0,1.1311801668976655
1,GDPD,2019,0,-0.0622904622094739
1,GDPD,2020,0,-0.06110227472501095
1,GDPGAP,2018,0,0.961107618945422
1,GDPGAP,2019,0,0.963985298177744
1,GDPGAP,2020,0,0.9222131548057804
1,GDPPOT,2018,0,0.1332737002024409
1,GDPPOT,2019,0,0.13787208972540488
1,GDPPOT,2020,0,0.06667809073315212
1,GDPV,2018,0,1.1759573512781174
1,GDPV,2019,0,1.4137946013206337
1,GDPV,2020,0,1.607660924299592
1,IFP,2018,0,-0.1322356805379371
1,IFP,2019,0,-0.6597763503478876
1,IFP,2020,0,-1.2111223782424378
1,IFPV,2018,0,0.13144397980000555
1,IFPV,2019,0,-0.12424506935112267
1,IFPV,2020,0,-0.3967277646359735
1,IG,2018,0,20.098571180609742
1,IG,2019,0,19.65797855455356
1,IG,2020,0,18.161946323756183
1,IGV,2018,0,20.381222537836884
1,IGV,2019,0,20.297689655620466
1,IGV,2020,0,19.190068029795306
1,IHP,2018,0,0.20176637710658807
1,IHP,2019,0,0.43171362487440246
1,IHP,2020,0,0.42223357054283484
1,IHPV,2018,0,0.21272782077279007
1,IHPV,2019,0,0.6585604008603252
1,IHPV,2020,0,0.9515326140390079
1,KFP,2018,0,-0.007718309674931145
1,KFP,2019,0,-0.05737841608633165
1,KFP,2020,0,-0.16847579682900682
1,KG,2018,0,0.4409385468641003
1,KG,2019,0,1.1231704230711181
1,KG,2020,0,1.7513806974327473
1,KHP,2018,0,0.005067670630415355
1,KHP,2019,0,0.023132291254968074
1,KHP,2020,0,0.0440118067764117
1,LE,2018,0,0.25736766295087476
1,LE,2019,0,0.29916900165430915
1,LE,2020,0,0.24966781753718026
1,LF,2018,0,0.22568342688626952
1,LF,2019,0,0.25681992196752157
1,LF,2020,0,0.2044452814009723
1,LH,2018,0,0.29170472567267014
1,LH,2019,0,0.30076861879191896
1,LH,2020,0,0.2677147578562078
1,M2CD,2018,0,0.686601769733991
1,M2CD,2019,0,0.5941008527528824
1,M2CD,2020,0,0.7735186044704523
1,MGS,2018,0,0.4078688519373319
1,MGS,2019,0,0.8912456889092368
1,MGS,2020,0,0.9218065265971742
1,MGSV,2018,0,0.3678125103107277
1,MGSV,2019,0,0.7682480577147044
1,MGSV,2020,0,0.7489050344096415
1,NIV,2018,0,1.474445379767786
1,NIV,2019,0,1.5589666255820034
1,NIV,2020,0,1.4459756598223905
1,PCP,2018,0,0.021570255485892087
1,PCP,2019,0,0.21311888869508522
1,PCP,2020,0,0.46784469824383557
1,PERR,2018,0,-0.65509439625189
1,PERR,2019,0,-1.5855002770620503
1,PERR,2020,0,-2.776634256934239
1,PGDP,2018,0,0.09495949746409771
1,PGDP,2019,0,0.312301599476017
1,PGDP,2020,0,0.5745328001138195
1,PIFP,2018,0,0.2640819284485618
1,PIFP,2019,0,0.5392542292876112
1,PIFP,2020,0,0.8244516168268545
1,PIHP,2018,0,0.010918452565086834
1,PIHP,2019,0,0.225838417669888
1,PIHP,2020,0,0.5270942590727967
1,PLAND,2018,0,0.006721536356182889
1,PLAND,2019,0,0.10010574386757343
1,PLAND,2020,0,0.3073698620051635
1,PMGS,2018,0,-0.03982464388094242
1,PMGS,2019,0,-0.12190233107089166
1,PMGS,2020,0,-0.171324604025494
1,PSHARE,2018,0,-1.0991271244675416
1,PSHARE,2019,0,-4.5248052246674835
1,PSHARE,2020,0,-6.154097177853729
1,PXGS,2018,0,-0.02352604343890119
1,PXGS,2019,0,-0.09922726085393463
1,PXGS,2020,0,-0.19549465441119074
1,RCD,2018,0,0.12074857817717446
1,RCD,2019,0,0.2281186607225298
1,RCD,2020,0,0.25335724035432927
1,RGB,2018,0,0.05666172290229844
1,RGB,2019,0,0.10469076228153099
1,RGB,2020,0,0.12617563154381564
1,SBGVATGDPV,2018,0,-2.3682337193993774
1,SBGVATGDPV,2019,0,-2.5997644555752473
1,SBGVATGDPV,2020,0,-2.860954445519731
1,TAXV,2018,0,1.1760162636465898
1,TAXV,2019,0,2.1476683594419455
1,TAXV,2020,0,2.1268863208173947
1,TCIV,2018,0,1.1225188390183383
1,TCIV,2019,0,1.39238038522978
1,TCIV,2020,0,1.5428973042168392
1,TYCV,2018,0,1.9218132398846732
1,TYCV,2019,0,4.228613765823214
1,TYCV,2020,0,3.668959014179557
1,TYPV,2018,0,1.208386122463806
1,TYPV,2019,0,1.8803413085792753
1,TYPV,2020,0,1.9312565433961593
1,UCC,2018,0,-0.4281961271447976
1,UCC,2019,0,0.020097729064200154
1,UCC,2020,0,-0.20027485542821188
1,UR,2018,0,-0.03083657976230625
1,UR,2019,0,-0.04124709724074194
1,UR,2020,0,-0.0438647410855465
1,WIPH,2018,0,0.5817324449011618
1,WIPH,2019,0,0.7921146131201651
1,WIPH,2020,0,0.9171064755880753
1,XGS,2018,0,-0.0006436507258761326
1,XGS,2019,0,-0.011116555681270346
1,XGS,2020,0,-0.043096955192550856
1,XGSV,2018,0,-0.024169440479854254
1,XGSV,2019,0,-0.11033126675178972
1,XGSV,2020,0,-0.23850420771887593
1,YCV,2018,0,3.8699684817677826
1,YCV,2019,0,3.029481272548246
1,YCV,2020,0,2.3050982336615897
1,YDV,2018,0,0.9623695124808374
1,YDV,2019,0,1.219317378555651
1,YDV,2020,0,1.2348151038171107
1,YWV,2018,0,1.0765090311136205
1,YWV,2019,0,1.3255003991324121
1,YWV,2020,0,1.3651285908182431
2,GDP,2018,1,1.007242343713477
2,GDP,2018,2,1.0707199320013627
2,GDP,2018,3,1.172074642565546
2,GDP,2018,4,1.196567986084629
2,GDP,2019,1,1.2278613726375953
2,GDP,2019,2,1.252782000542707
2,GDP,2019,3,1.261854998981704
2,GDP,2019,4,1.2796781591295936
2,GDP,2020,1,1.2964076734682362
2,GDP,2020,2,1.3119933763974467
2,GDP,2020,3,1.3156751305090308
2,GDP,2020,4,1.311564636554241
2,CP,2018,1,-1.0194758370829504e-06
2,CP,2018,2,0.135039402935333
2,CP,2018,3,0.349412262051052
2,CP,2018,4,0.421463987948556
2,CP,2019,1,0.45580339462327757
2,CP,2019,2,0.474357788288593
2,CP,2019,3,0.48594527966872025
2,CP,2019,4,0.5148371034080501
2,CP,2020,1,0.5320715186425851
2,CP,2020,2,0.5548941640506566
2,CP,2020,3,0.5274908498348108
2,CP,2020,4,0.5186814540077522
2,IFP,2018,1,0.004718592425456691
2,IFP,2018,2,0.03298942783418468
2,IFP,2018,3,0.09504224857548316
2,IFP,2018,4,0.17234597586444078
2,IFP,2019,1,0.2357264103664436
2,IFP,2019,2,0.26669554627241077
2,IFP,2019,3,0.27432289001256827
2,IFP,2019,4,0.27796130000532493
2,IFP,2020,1,0.28096218069060264
2,IFP,2020,2,0.28442748264687623
2,IFP,2020,3,0.2880565037346683
2,IFP,2020,4,0.2926720262558913
2,IHP,2018,1,0.11684346282632152
2,IHP,2018,2,0.16788417903454977
2,IHP,2018,3,0.28592218106653355
2,IHP,2018,4,0.3740943426695731
2,IHP,2019,1,0.4250105863604636
2,IHP,2019,2,0.5129306018374136
2,IHP,2019,3,0.5448273703877016
2,IHP,2019,4,0.5975445040871774
2,IHP,2020,1,0.6036343341925265
2,IHP,2020,2,0.585948943012804
2,IHP,2020,3,0.6075133369175534
2,IHP,2020,4,0.5960930543714937
2,IG,2018,1,20.13705078926069
2,IG,2018,2,19.969263808519955
2,IG,2018,3,20.021476747672608
2,IG,2018,4,20.266493376985718
2,IG,2019,1,19.88982968719155
2,IG,2019,2,19.642106043176643
2,IG,2019,3,19.802825653152656
2,IG,2019,4,19.297152834693378
2,IG,2020,1,19.50493552467045
2,IG,2020,2,16.82615415495785
2,IG,2020,3,18.024557849947676
2,IG,2020,4,18.292137765448757
2,CG,2018,1,0.0
2,CG,2018,2,0.030322418673733864
2,CG,2018,3,0.060845427523936735
2,CG,2018,4,0.09106174171324977
2,CG,2019,1,0.12026828431408454
2,CG,2019,2,0.14844204721462528
2,CG,2019,3,0.17788977421502317
2,CG,2019,4,0.20541207205733159
2,CG,2020,1,0.2328113026888845
2,CG,2020,2,0.2617522826212193
2,CG,2020,3,0.28331481761862953
2,CG,2020,4,0.30950695545914897
2,XGS,2018,1,0.0
2,XGS,2018,2,-1.2621231837428581e-07
2,XGS,2018,3,2.3251761871456722e-05
2,XGS,2018,4,9.079031739744892e-05
2,XGS,2019,1,0.00023307555450102768
2,XGS,2019,2,0.0004926130197535628
2,XGS,2019,3,0.0008988351319016985
2,XGS,2019,4,0.0014711444674908591
2,XGS,2020,1,0.00223173794182685
2,XGS,2020,2,0.003190395611873953
2,XGS,2020,3,0.004351670677049668
2,XGS,2020,4,0.005731228808292244
2,MGS,2018,1,0.12055944064210955
2,MGS,2018,2,0.229557560546656
2,MGS,2018,3,0.49412788239691086
2,MGS,2018,4,0.7036529768270849
2,MGS,2019,1,0.7856468191059562
2,MGS,2019,2,0.8183156777438194
2,MGS,2019,3,0.852283851601876
2,MGS,2019,4,0.899805937036513
2,MGS,2020,1,0.9455215388536997
2,MGS,2020,2,0.9604619079095489
2,MGS,2020,3,0.9781556979998385
2,MGS,2020,4,0.9757835131199544
2,GDPD,2018,1,4.032143209820292
2,GDPD,2018,2,0.2523701069343265
2,GDPD,2018,3,0.3991289193384806
2,GDPD,2018,4,0.0965892608761354
2,GDPD,2019,1,0.12399548098695568
2,GDPD,2019,2,0.09891852735381224
2,GDPD,2019,3,0.03591181932228804
2,GDPD,2019,4,0.06836186579610448
2,GDPD,2020,1,0.0664196341384824
2,GDPD,2020,2,0.05686294898390898
2,GDPD,2020,3,0.015328028890039036
2,GDPD,2020,4,-0.01650486446158439
2,PGDP,2018,1,0.044055147893429236
2,PGDP,2018,2,0.07756777708192164
2,PGDP,2018,3,0.11715203367574922
2,PGDP,2018,4,0.1701997649517617
2,PGDP,2019,1,0.2267079528292193
2,PGDP,2019,2,0.30117798253814776
2,PGDP,2019,3,0.37957216592194865
2,PGDP,2019,4,0.45231595606931574
2,PGDP,2020,1,0.52991964387199
2,PGDP,2020,2,0.6026850944543138
2,PGDP,2020,3,0.6693360883761601
2,PGDP,2020,4,0.7450853938046009
2,PCP,2018,1,2.63879917916654e-06
2,PCP,2018,2,0.007958103161098684
2,PCP,2018,3,0.03187809618014903
2,PCP,2018,4,0.07518869784550741
2,PCP,2019,1,0.1350199462426982
2,PCP,2019,2,0.20201168696643013
2,PCP,2019,3,0.27188508944837597
2,PCP,2019,4,0.34339985344562507
2,PCP,2020,1,0.41609732308693914
2,PCP,2020,2,0.4895933684156528
2,PCP,2020,3,0.5637536989433478
2,PCP,2020,4,0.6385759244803779
2,PIFP,2018,1,0.16264337062883438
2,PIFP,2018,2,0.2378733253999732
2,PIFP,2018,3,0.32064677201333325
2,PIFP,2018,4,0.38568389213466947
2,PIFP,2019,1,0.46942166300996124
2,PIFP,2019,2,0.5507253681499513
2,PIFP,2019,3,0.6360231443222286
2,PIFP,2019,4,0.7136274722487901
2,PIFP,2020,1,0.7998386735525109
2,PIFP,2020,2,0.8738920337384881
2,PIFP,2020,3,0.9658828742131087
2,PIFP,2020,4,1.0537235816734158
2,PIHP,2018,1,-0.00740150761342484
2,PIHP,2018,2,-0.002148497826182094
2,PIHP,2018,3,0.02245482154625833
2,PIHP,2018,4,0.0683295623474578
2,PIHP,2019,1,0.13882117407990613
2,PIHP,2019,2,0.21672741700613507
2,PIHP,2019,3,0.29971921931424284
2,PIHP,2019,4,0.3835157039419723
2,PIHP,2020,1,0.46885500165407823
2,PIHP,2020,2,0.5598861684383394
2,PIHP,2020,3,0.6489458600260178
2,PIHP,2020,4,0.7360855334662908
2,PXGS,2018,1,-5.292256177735766e-06
2,PXGS,2018,2,0.0009855676622594345
2,PXGS,2018,3,0.001851729650570455
2,PXGS,2018,4,0.003134272398730431
2,PXGS,2019,1,0.004911345967473224
2,PXGS,2019,2,0.0071311350965608256
2,PXGS,2019,3,0.009801855874158605
2,PXGS,2019,4,0.012881472592440879
2,PXGS,2020,1,0.01635139061615387
2,PXGS,2020,2,0.02054478868280807
2,PXGS,2020,3,0.02510167318539036
2,PXGS,2020,4,0.02994646037570714
2,PMGS,2018,1,-0.001208614392511631
2,PMGS,2018,2,-0.0034069978683604063
2,PMGS,2018,3,-0.014152392377375644
2,PMGS,2018,4,-0.025460835573498652
2,PMGS,2019,1,-0.008966536906473976
2,PMGS,2019,2,-0.013164353669881113
2,PMGS,2019,3,0.0012019412805042151
2,PMGS,2019,4,0.004420246403991079
2,PMGS,2020,1,0.005032325523846026
2,PMGS,2020,2,0.06880447418247115
2,PMGS,2020,3,0.0661219498877097
2,PMGS,2020,4,0.0651444590849648
2,CGPI,2018,1,-0.0002450869368009201
2,CGPI,2018,2,0.04577808876387035
2,CGPI,2018,3,0.06250668654637082
2,CGPI,2018,4,0.09630198763801445
2,CGPI,2019,1,0.14088250722847917
2,CGPI,2019,2,0.18924373327600108
2,CGPI,2019,3,0.2398898049868592
2,CGPI,2019,4,0.28992948968245
2,CGPI,2020,1,0.3384508021325283
2,CGPI,2020,2,0.40235095309670843
2,CGPI,2020,3,0.45685551703489313
2,CGPI,2020,4,0.5053563285683182
2,GDPV,2018,1,1.0517412337110787
2,GDPV,2018,2,1.1491182427333158
2,GDPV,2018,3,1.2905997855212847
2,GDPV,2018,4,1.3688043069362
2,GDPV,2019,1,1.4573529848482814
2,GDPV,2019,2,1.557733086635693
2,GDPV,2019,3,1.646216815254098
2,GDPV,2019,4,1.737782303698987
2,GDPV,2020,1,1.8331972362666038
2,GDPV,2020,2,1.922585659371534
2,GDPV,2020,3,1.9938175073394682
2,GDPV,2020,4,2.0664223068961096
2,CPV,2018,1,1.6193227647676167e-06
2,CPV,2018,2,0.14300825267092865
2,CPV,2018,3,0.38140174420842055
2,CPV,2018,4,0.4969695790788542
2,CPV,2019,1,0.591438766364738
2,CPV,2019,2,0.6773277334257699
2,CPV,2019,3,0.7591515818757166
2,CPV,2019,4,0.860004906712164
2,CPV,2020,1,0.9503827770753759
2,CPV,2020,2,1.0472042574949603
2,CPV,2020,3,1.0942182979554849
2,CPV,2020,4,1.1605695533779548
2,IFPV,2018,1,0.1673696375446232
2,IFPV,2018,2,0.2709412262960731
2,IFPV,2018,3,0.41599377048362474
2,IFPV,2018,4,0.5586945786558717
2,IFPV,2019,1,0.7062546241997758
2,IFPV,2019,2,0.8188896744357743
2,IFPV,2019,3,0.9120907913878096
2,IFPV,2019,4,0.9935723804396224
2,IFPV,2020,1,1.0830480984052482
2,IFPV,2020,2,1.1608051054812663
2,IFPV,2020,3,1.2567216663662562
2,IFPV,2020,4,1.3494795620647482
2,IHPV,2018,1,0.10943330703918619
2,IHPV,2018,2,0.1657320742183055
2,IHPV,2018,3,0.3084412059352726
2,IHPV,2018,4,0.4426795220595192
2,IHPV,2019,1,0.5644217651411765
2,IHPV,2019,2,0.730769680104526
2,IHPV,2019,3,0.8461795420599216
2,IHPV,2019,4,0.9833518850531853
2,IHPV,2020,1,1.0753195056257825
2,IHPV,2020,2,1.1491157585258982
2,IHPV,2020,3,1.260401629588559
2,IHPV,2020,4,1.3365663425796814
2,IGV,2018,1,20.307644014567572
2,IGV,2018,2,20.22022087044988
2,IGV,2018,3,20.367078488239553
2,IGV,2018,4,20.695659902916663
2,IGV,2019,1,20.42845856138278
2,IGV,2019,2,20.290820368097485
2,IGV,2019,3,20.570019716217192
2,IGV,2019,4,20.170655191381414
2,IGV,2020,1,20.499445782561644
2,IGV,2020,2,17.904340560191855
2,IGV,2020,3,19.23916805677348
2,IGV,2020,4,19.63029418480191
2,CGV,2018,1,2.220446049250313e-14
2,CGV,2018,2,0.03159769190541617
2,CGV,2018,3,0.07035092124207942
2,CGV,2018,4,0.12105560874846599
2,CGV,2019,1,0.18613835816372326
2,CGV,2019,2,0.26315188087990826
2,CGV,2019,3,0.34817276555556553
2,CGV,2019,4,0.4352985930798692
2,CGV,2020,1,0.5246103201042018
2,CGV,2020,2,0.6170466726443058
2,CGV,2020,3,0.7030254812630643
2,CGV,2020,4,0.7945320018952318
2,XGSV,2018,1,-5.292256066713463e-06
2,XGSV,2018,2,0.0009854414489751662
2,XGSV,2018,3,0.0018749818420982223
2,XGSV,2018,4,0.0032250655600973843
2,XGSV,2019,1,0.0051444329667305055
2,XGSV,2019,2,0.00762378324119517
2,XGSV,2019,3,0.010700779103545166
2,XGSV,2019,4,0.014352806558526332
2,XGSV,2020,1,0.018583493470081258
2,XGSV,2020,2,0.02373583974646376
2,XGSV,2020,3,0.029454436194686906
2,XGSV,2020,4,0.03567940547284376
2,MGSV,2018,1,0.11934936915085625
2,MGSV,2018,2,0.22614274165710935
2,MGSV,2018,3,0.4799055591027779
2,MGSV,2018,4,0.6780129853261485
2,MGSV,2019,1,0.7766098368874985
2,MGSV,2019,2,0.8050435981039827
2,MGSV,2019,3,0.8534960368338229
2,MGSV,2019,4,0.904265957080086
2,MGSV,2020,1,0.9506014460992862
2,MGSV,2020,2,1.029927222857463
2,MGSV,2020,3,1.044924423508009
2,MGSV,2020,4,1.041563641096377
2,NIV,2018,1,1.4394506047555433
2,NIV,2018,2,1.4475701364284665
2,NIV,2018,3,1.5878700180324223
2,NIV,2018,4,1.6607665192807985
2,NIV,2019,1,1.780484546831862
2,NIV,2019,2,1.8221074159866735
2,NIV,2019,3,1.8945620120693896
2,NIV,2019,4,1.9822123884480458
2,NIV,2020,1,2.0140480901903457
2,NIV,2020,2,2.1184312496686397
2,NIV,2020,3,2.1604973341703193
2,NIV,2020,4,2.1867907434741207
2,YWV,2018,1,0.8121538814486406
2,YWV,2018,2,1.0494961629120558
2,YWV,2018,3,1.1742491275503752
2,YWV,2018,4,1.3589015888666234
2,YWV,2019,1,1.342577524416555
2,YWV,2019,2,1.4672107659396083
2,YWV,2019,3,1.5141328092959538
2,YWV,2019,4,1.645885269764813
2,YWV,2020,1,1.729989132524179
2,YWV,2020,2,1.7615276691985038
2,YWV,2020,3,1.8564469469369405
2,YWV,2020,4,1.9698490963790505
2,YCV,2018,1,5.58252402736632
2,YCV,2018,2,3.8817877291550174
2,YCV,2018,3,4.276776201926724
2,YCV,2018,4,4.4573865675784585
2,YCV,2019,1,5.409372245125743
2,YCV,2019,2,4.586811490903875
2,YCV,2019,3,4.761397170800885
2,YCV,2019,4,5.601196312244672
2,YCV,2020,1,5.113343616925237
2,YCV,2020,2,10.210658903483383
2,YCV,2020,3,6.58753038833233
2,YCV,2020,4,5.214147663689728
2,YDV,2018,1,0.6357594214845275
2,YDV,2018,2,0.8963373796516683
2,YDV,2018,3,0.9610610108752304
2,YDV,2018,4,1.0867447171029054
2,YDV,2019,1,1.059117503322593
2,YDV,2019,2,1.1966776670904622
2,YDV,2019,3,1.2291232360584603
2,YDV,2019,4,1.3400518414647289
2,YDV,2020,1,1.3914087715623857
2,YDV,2020,2,1.2849845856298003
2,YDV,2020,3,1.458011482608712
2,YDV,2020,4,1.5940376708082793
2,TAXV,2018,1,0.4826855374656658
2,TAXV,2018,2,0.9941925837377852
2,TAXV,2018,3,1.472849316514524
2,TAXV,2018,4,1.9464587325557448
2,TAXV,2019,1,2.3620370178624173
2,TAXV,2019,2,2.4251920811328542
2,TAXV,2019,3,2.5702641643462476
2,TAXV,2019,4,2.7092271365492193
2,TAXV,2020,1,2.909237260395514
2,TAXV,2020,2,2.845150859186396
2,TAXV,2020,3,3.0910627572285465
2,TAXV,2020,4,3.3170383600942044
2,TYPV,2018,1,0.7586482909374359
2,TYPV,2018,2,1.0391574685316929
2,TYPV,2018,3,1.3523483583016471
2,TYPV,2018,4,1.6515431663833402
2,TYPV,2019,1,1.8039001900962637
2,TYPV,2019,2,1.907266669331098
2,TYPV,2019,3,1.9918183311796067
2,TYPV,2019,4,2.0386513348655377
2,TYPV,2020,1,2.136184226106641
2,TYPV,2020,2,2.12840675182282
2,TYPV,2020,3,2.223167613502186
2,TYPV,2020,4,2.2924684955085928
2,TYCV,2018,1,0.15752623488130002
2,TYCV,2018,2,1.548712935038088
2,TYCV,2018,3,2.704298251434367
2,TYCV,2018,4,3.9324403165774235
2,TYCV,2019,1,5.211282719325472
2,TYCV,2019,2,5.2534644173973355
2,TYCV,2019,3,5.54674578045129
2,TYCV,2019,4,5.757458561107365
2,TYCV,2020,1,6.07792687912958
2,TYCV,2020,2,6.054629157894498
2,TYCV,2020,3,6.857518559344111
2,TYCV,2020,4,7.491044829270965
2,TCIV,2018,1,0.9693212486677538
2,TCIV,2018,2,1.0764269349547106
2,TCIV,2018,3,1.2344981795115118
2,TCIV,2018,4,1.3292434281375831
2,TCIV,2019,1,1.4208517991030511
2,TCIV,2019,2,1.5075913071021185
2,TCIV,2019,3,1.5845797832720443
2,TCIV,2019,4,1.654913805961633
2,TCIV,2020,1,1.7370120237811149
2,TCIV,2020,2,1.7845230053703975
2,TCIV,2020,3,1.8766317549881784
2,TCIV,2020,4,1.9771691324818041
2,WIPH,2018,1,0.41271074026734134
2,WIPH,2018,2,0.5706696771510478
2,WIPH,2018,3,0.631112791593913
2,WIPH,2018,4,0.7641348236986145
2,WIPH,2019,1,0.7594887320513166
2,WIPH,2019,2,0.8638154709821544
2,WIPH,2019,3,0.9184776972599007
2,WIPH,2019,4,1.0382434084759806
2,WIPH,2020,1,1.118302503589752
2,WIPH,2020,2,1.1806444518192238
2,WIPH,2020,3,1.2631278872422547
2,WIPH,2020,4,1.367565012308658
2,LE,2018,1,0.1765195642157602
2,LE,2018,2,0.24429614931127386
2,LE,2018,3,0.28583566830486795
2,LE,2018,4,0.33433820387247515
2,LE,2019,1,0.31707594614722723
2,LE,2019,2,0.3351669677449154
2,LE,2019,3,0.3317310615152502
2,LE,2019,4,0.3553194042164254
2,LE,2020,1,0.35857466726019194
2,LE,2020,2,0.3571259758774259
2,LE,2020,3,0.35633517768995926
2,LE,2020,4,0.36241512125652076
2,LF,2018,1,0.15569401159913898
2,LF,2018,2,0.21372904089438371
2,LF,2018,3,0.2481008720319311
2,LF,2018,4,0.29341727537715023
2,LF,2019,1,0.27319734475066415
2,LF,2019,2,0.2888244131982409
2,LF,2019,3,0.28424030223186403
2,LF,2019,4,0.30701184301218376
2,LF,2020,1,0.3095943677105195
2,LF,2020,2,0.3048485856605998
2,LF,2020,3,0.3036894656458955
2,LF,2020,4,0.3106700528502149
2,LH,2018,1,0.2647886381281106
2,LH,2018,2,0.287363562250631
2,LH,2018,3,0.31635428349674477
2,LH,2018,4,0.3279958504207814
2,LH,2019,1,0.33334248137586453
2,LH,2019,2,0.34115230939353314
2,LH,2019,3,0.33929219864961
2,LH,2019,4,0.33342771896116563
2,LH,2020,1,0.3379234178157775
2,LH,2020,2,0.3121438210808458
2,LH,2020,3,0.3293948245281175
2,LH,2020,4,0.3371683020980898
2,UR,2018,1,-0.020233164573678852
2,UR,2018,2,-0.029735325389023792
2,UR,2018,3,-0.03676644249045058
2,UR,2018,4,-0.0398302113393707
2,UR,2019,1,-0.04266638096101261
2,UR,2019,2,-0.045066299235766216
2,UR,2019,3,-0.046345442655805424
2,UR,2019,4,-0.04705199796771664
2,UR,2020,1,-0.04759378776770218
2,UR,2020,2,-0.05064675383364525
2,UR,2020,3,-0.05101269696631272
2,UR,2020,4,-0.05001676322824666
2,CUX,2018,1,1.8860164909107802
2,CUX,2018,2,1.8703311845798876
2,CUX,2018,3,2.0351092053922715
2,CUX,2018,4,1.9441816137730106
2,CUX,2019,1,2.1035737230135743
2,CUX,2019,2,2.110410400224283
2,CUX,2019,3,2.143614012672179
2,CUX,2019,4,2.1145443195956792
2,CUX,2020,1,2.171372013972017
2,CUX,2020,2,2.414416484881121
2,CUX,2020,3,2.3286517557162156
2,CUX,2020,4,2.1972723930996585
2,GDPPOT,2018,1,0.09298870147629312
2,GDPPOT,2018,2,0.1276949132794858
2,GDPPOT,2018,3,0.14862981469105918
2,GDPPOT,2018,4,0.17684082098594622
2,GDPPOT,2019,1,0.16689558674782834
2,GDPPOT,2019,2,0.17906718132385535
2,GDPPOT,2019,3,0.17944864427643648
2,GDPPOT,2019,4,0.19622898974747116
2,GDPPOT,2020,1,0.20066450248537038
2,GDPPOT,2020,2,0.20078971779395882
2,GDPPOT,2020,3,0.20280852879164257
2,GDPPOT,2020,4,0.20966052303392768
2,GDPGAP,2018,1,0.932881473856054
2,GDPGAP,2018,2,0.9617688020258415
2,GDPGAP,2018,3,1.0365197931570034
2,GDPGAP,2018,4,1.028239569292459
2,GDPGAP,2019,1,1.0713642919308113
2,GDPGAP,2019,2,1.0872125939254655
2,GDPGAP,2019,3,1.0959567433573416
2,GDPGAP,2019,4,1.0604678724760732
2,GDPGAP,2020,1,1.079160147956356
2,GDPGAP,2020,2,1.016788688312861
2,GDPGAP,2020,3,1.070631429545228
2,GDPGAP,2020,4,1.072484601998954
2,RCD,2018,1,0.0
2,RCD,2018,2,0.0
2,RCD,2018,3,0.0
2,RCD,2018,4,0.0
2,RCD,2019,1,0.0
2,RCD,2019,2,0.0
2,RCD,2019,3,0.0
2,RCD,2019,4,0.0
2,RCD,2020,1,0.0
2,RCD,2020,2,0.0
2,RCD,2020,3,0.0
2,RCD,2020,4,0.0
2,RGB,2018,1,0.0
2,RGB,2018,2,4.790146125588368e-08
2,RGB,2018,3,0.00014440133373139208
2,RGB,2018,4,0.0004146084562123564
2,RGB,2019,1,0.000722779778546582
2,RGB,2019,2,0.0009602985963929203
2,RGB,2019,3,0.0010223978198904914
2,RGB,2019,4,0.0010190251759905553
2,RGB,2020,1,0.0009989592709434558
2,RGB,2020,2,0.0009729587050403502
2,RGB,2020,3,0.0009417443538287384
2,RGB,2020,4,0.0009100349445871139
2,PERR,2018,1,-0.19550728203399714
2,PERR,2018,2,-0.3703382386750711
2,PERR,2018,3,-0.5382785521317714
2,PERR,2018,4,-0.7314630118699519
2,PERR,2019,1,-0.7443866141868156
2,PERR,2019,2,-0.7891799675631468
2,PERR,2019,3,-0.8406240404064533
2,PERR,2019,4,-0.9417793598376534
2,PERR,2020,1,-0.949093884941373
2,PERR,2020,2,-1.2953390806947098
2,PERR,2020,3,-1.8602962329163617
2,PERR,2020,4,-1.9384945732342587
2,UCC,2018,1,-0.3158157149412921
2,UCC,2018,2,-1.0355003883948832
2,UCC,2018,3,-1.420207553185171
2,UCC,2018,4,-1.8158594057400945
2,UCC,2019,1,-1.9014983279974196
2,UCC,2019,2,-1.583944996326403
2,UCC,2019,3,-1.6071644363214288
2,UCC,2019,4,-1.6894040962823875
2,UCC,2020,1,-1.8576159629285938
2,UCC,2020,2,-1.7381004654045684
2,UCC,2020,3,-1.8733222568943608
2,UCC,2020,4,-2.127477501443953
2,FXS,2018,1,-1.3253369968158069e-05
2,FXS,2018,2,0.002468170333025377
2,FXS,2018,3,0.0046373416440648185
2,FXS,2018,4,0.007849327315700982
2,FXS,2019,1,0.012299912843216632
2,FXS,2019,2,0.017859422889143772
2,FXS,2019,3,0.02454854706386289
2,FXS,2019,4,0.03226213124369881
2,FXS,2020,1,0.04095373984629447
2,FXS,2020,2,0.051458159541861725
2,FXS,2020,3,0.06287386022392205
2,FXS,2020,4,0.07501165975203339
2,PSHARE,2018,1,0.19515149371247542
2,PSHARE,2018,2,0.21330143432736204
2,PSHARE,2018,3,0.2397733647134359
2,PSHARE,2018,4,0.254766447248711
2,PSHARE,2019,1,0.2718111660716227
2,PSHARE,2019,2,0.29127699996631673
2,PSHARE,2019,3,0.3087988799979513
2,PSHARE,2019,4,0.3271201303437721
2,PSHARE,2020,1,0.3463694637928505
2,PSHARE,2020,2,0.3647780883104579
2,PSHARE,2020,3,0.38013499379736526
2,PSHARE,2020,4,0.3959882731551234
2,PLAND,2018,1,-1.5954106646898225e-05
2,PLAND,2018,2,0.0011464248649506459
2,PLAND,2018,3,-0.002783631635661088
2,PLAND,2018,4,-0.003949978930650744
2,PLAND,2019,1,-0.005669097112837029
2,PLAND,2019,2,-0.008001638101984287
2,PLAND,2019,3,-0.010616344640157482
2,PLAND,2019,4,-0.013596087606748686
2,PLAND,2020,1,-0.016765287814135554
2,PLAND,2020,2,-0.01906047111197573
2,PLAND,2020,3,-0.02312409322432485
2,PLAND,2020,4,-0.02711201260512386
2,M2CD,2018,1,1.007529864378509
2,M2CD,2018,2,1.0851291752148162
2,M2CD,2018,3,1.2242112681936534
2,M2CD,2018,4,1.3127710688044525
2,M2CD,2019,1,1.428447851032133
2,M2CD,2019,2,1.5434822424876815
2,M2CD,2019,3,1.6458001158137225
2,M2CD,2019,4,1.7587585765249214
2,M2CD,2020,1,1.8721251486182755
2,M2CD,2020,2,1.9852603173191152
2,M2CD,2020,3,2.0873082109110097
2,M2CD,2020,4,2.1823872522458654
2,BGVATGDPV,2018,1,-0.5814271138946543
2,BGVATGDPV,2018,2,-0.49264011005135666
2,BGVATGDPV,2018,3,-0.4033398328866906
2,BGVATGDPV,2018,4,-0.3149001480684026
2,BGVATGDPV,2019,1,-0.2458148069592987
2,BGVATGDPV,2019,2,-0.26464753391900286
2,BGVATGDPV,2019,3,-0.2543122011323864
2,BGVATGDPV,2019,4,-0.23016941581534622
2,BGVATGDPV,2020,1,-0.19965536692138075
2,BGVATGDPV,2020,2,-0.17058530541876316
2,BGVATGDPV,2020,3,-0.15687895141071806
2,BGVATGDPV,2020,4,-0.12544091513700995
2,SBGVATGDPV,2018,1,-2.2492281814008948
2,SBGVATGDPV,2018,2,-2.344509147891955
2,SBGVATGDPV,2018,3,-2.552856202738184
2,SBGVATGDPV,2018,4,-2.700909446729355
2,SBGVATGDPV,2019,1,-2.837176405260948
2,SBGVATGDPV,2019,2,-3.007931794213306
2,SBGVATGDPV,2019,3,-3.149044857206235
2,SBGVATGDPV,2019,4,-3.340073009453846
2,SBGVATGDPV,2020,1,-3.4548173774603583
2,SBGVATGDPV,2020,2,-4.020001330427306
2,SBGVATGDPV,2020,3,-4.046696592686942
2,SBGVATGDPV,2020,4,-4.154724397367687
2,BCVATGDPV,2018,1,-0.06466376533008944
2,BCVATGDPV,2018,2,-0.08582442483798314
2,BCVATGDPV,2018,3,-0.13216304732584883
2,BCVATGDPV,2018,4,-0.16619129732474125
2,BCVATGDPV,2019,1,-0.18816767693817216
2,BCVATGDPV,2019,2,-0.1927168544915827
2,BCVATGDPV,2019,3,-0.2075886734007666
2,BCVATGDPV,2019,4,-0.22559650289939492
2,BCVATGDPV,2020,1,-0.23575059325370162
2,BCVATGDPV,2020,2,-0.20831842762778585
2,BCVATGDPV,2020,3,-0.24718450946747428
2,BCVATGDPV,2020,4,-0.26377282579856676
2,KFP,2018,1,0.00014764507516584757
2,KFP,2018,2,0.001186552127507845
2,KFP,2018,3,0.004079231223963475
2,KFP,2018,4,0.009340656191914043
2,KFP,2019,1,0.016397662428535575
2,KFP,2019,2,0.024128975099912964
2,KFP,2019,3,0.03204145979160966
2,KFP,2019,4,0.03921951000345203
2,KFP,2020,1,0.04655473039720803
2,KFP,2020,2,0.05327795065295238
2,KFP,2020,3,0.05993956380569987
2,KFP,2020,4,0.06664236067510654
2,KHP,2018,1,0.001490996057484928
2,KHP,2018,2,0.003554372599223754
2,KHP,2018,3,0.007075715322613085
2,KHP,2018,4,0.011738006004891055
2,KHP,2019,1,0.017123617182335238
2,KHP,2019,2,0.02367591178285
2,KHP,2019,3,0.030610499493644028
2,KHP,2019,4,0.03801317423306472
2,KHP,2020,1,0.04506255179819174
2,KHP,2020,2,0.05181235664295514
2,KHP,2020,3,0.058413372064514135
2,KHP,2020,4,0.06481694152251638
2,KG,2018,1,0.1778733896080409
2,KG,2018,2,0.3548131441433622
2,KG,2018,3,0.5292751693504405
2,KG,2018,4,0.7017924842914969
2,KG,2019,1,0.8724783481842691
2,KG,2019,2,1.041672736160093
2,KG,2019,3,1.2091225864905075
2,KG,2019,4,1.3694080212871995
2,KG,2020,1,1.529188696340933
2,KG,2020,2,1.6733978183622877
2,KG,2020,3,1.8250166494766074
2,KG,2020,4,1.977919625094593
2,BCVATGDPV,2018,0,-0.11221063370466566
2,BCVATGDPV,2019,0,-0.2035174269324791
2,BCVATGDPV,2020,0,-0.23875658903688213
2,BGVATGDPV,2018,0,-0.44807680122527604
2,BGVATGDPV,2019,0,-0.24873598945650854
2,BGVATGDPV,2020,0,-0.16314013472196798
2,CG,2018,0,0.04555739697773009
2,CG,2019,0,0.16300304445026614
2,CG,2020,0,0.2718463395969706
2,CGPI,2018,0,0.051085419002863675
2,CGPI,2019,0,0.21498638379344737
2,CGPI,2020,0,0.42575340020811203
2,CGV,2018,0,0.05575105547399595
2,CGV,2019,0,0.30819039941976656
2,CGV,2020,0,0.6598036189767009
2,CP,2018,0,0.226478658364776
2,CP,2019,0,0.48273589149716023
2,CP,2020,0,0.5332844966339512
2,CPV,2018,0,0.25534529882024204
2,CPV,2019,0,0.7219807470945971
2,CPV,2020,0,1.063093721475944
2,CUX,2018,0,1.9339096236639874
2,CUX,2019,0,2.1180356138764287
2,CUX,2020,0,2.277928161917253
2,FXS,2018,0,0.003735396480705755
2,FXS,2019,0,0.021742503509980526
2,FXS,2020,0,0.05757435484102791
2,GDP,2018,0,1.1116512260912537
2,GDP,2019,0,1.2555441328229
2,GDP,2020,0,1.3089102042322387
2,GDPD,2018,0,1.1950578742423086
2,GDPD,2019,0,0.08179692336479011
2,GDPD,2020,0,0.030526436887711506
2,GDPGAP,2018,0,0.9898524095828395
2,GDPGAP,2019,0,1.0787503754224228
2,GDPGAP,2020,0,1.0597662169533497
2,GDPPOT,2018,0,0.13653856260819608
2,GDPPOT,2019,0,0.18041010052389783
2,GDPPOT,2020,0,0.20348081802622486
2,GDPV,2018,0,1.2150658922254698
2,GDPV,2019,0,1.5997712976092648
2,GDPV,2020,0,1.954005677468429
2,IFP,2018,0,0.07627406117489133
2,IFP,2019,0,0.2636765366641869
2,IFP,2020,0,0.2865295483320096
2,IFPV,2018,0,0.3532498032450482
2,IFPV,2019,0,0.8577018676157455
2,IFPV,2020,0,1.2125136080793797
2,IG,2018,0,20.098571180609742
2,IG,2019,0,19.65797855455356
2,IG,2020,0,18.161946323756183
2,IGV,2018,0,20.397650819043417
2,IGV,2019,0,20.364988459269718
2,IGV,2020,0,19.31831214608222
2,IHP,2018,0,0.23618604139924448
2,IHP,2019,0,0.520078265668189
2,IHP,2020,0,0.5982974171235944
2,IHPV,2018,0,0.25657152731307087
2,IHPV,2019,0,0.7811807180897024
2,IHPV,2020,0,1.2053508090799803
2,KFP,2018,0,0.0036885211546378027
2,KFP,2019,0,0.027946901830877557
2,KFP,2020,0,0.056603651382741704
2,KG,2018,0,0.4409385468483351
2,KG,2019,0,1.1231704230305173
2,KG,2020,0,1.7513806973186052
2,KHP,2018,0,0.005964772496053206
2,KHP,2019,0,0.027355800672973496
2,KHP,2020,0,0.05502630550704435
2,LE,2018,0,0.2602473964260943
2,LE,2019,0,0.33482334490595456
2,LE,2020,0,0.35861273552102446
2,LF,2018,0,0.227735299975651
2,LF,2019,0,0.2883184757982382
2,LF,2020,0,0.3072006179668074
2,LH,2018,0,0.29912558357406693
2,LH,2019,0,0.33680367709504333
2,LH,2020,0,0.32915759138070766
2,M2CD,2018,0,1.1574103441478578
2,M2CD,2019,0,1.5941221964646146
2,M2CD,2020,0,2.0317702322735665
2,MGS,2018,0,0.38697446510319033
2,MGS,2019,0,0.8390130713720412
2,MGS,2020,0,0.9649806644707604
2,MGSV,2018,0,0.375852663809223
2,MGSV,2019,0,0.8348538572263475
2,MGSV,2020,0,1.0167541833902838
2,NIV,2018,0,1.5339143196243077
2,NIV,2019,0,1.8698415908339927
2,NIV,2020,0,2.119941854375856
2,PCP,2018,0,0.028756883996483573
2,PCP,2019,0,0.23807914402578234
2,PCP,2020,0,0.5270050787315794
2,PERR,2018,0,-0.4588967711776979
2,PERR,2019,0,-0.8289924954985173
2,PERR,2020,0,-1.5108059429466758
2,PGDP,2018,0,0.10224368090071545
2,PGDP,2019,0,0.33994351433965786
2,PGDP,2020,0,0.6367565551267662
2,PIFP,2018,0,0.2767118400442026
2,PIFP,2019,0,0.5924494119327328
2,PIFP,2020,0,0.9233342907943809
2,PIHP,2018,0,0.020308594613527298
2,PIHP,2019,0,0.2596958785855641
2,PIHP,2020,0,0.6034431408961816
2,PLAND,2018,0,-0.001400784952002021
2,PLAND,2019,0,-0.009470791865431871
2,PLAND,2020,0,-0.021515466188889998
2,PMGS,2018,0,-0.011057210052936584
2,PMGS,2019,0,-0.004127175722964949
2,PMGS,2020,0,0.05127580216974792
2,PSHARE,2018,0,0.2257481850004961
2,PSHARE,2019,0,0.2997517940949157
2,PSHARE,2020,0,0.37181770476394926
2,PXGS,2018,0,0.0014915693638456462
2,PXGS,2019,0,0.008681452382658383
2,PXGS,2020,0,0.02298607821501486
2,RCD,2018,0,0.0
2,RCD,2019,0,0.0
2,RCD,2020,0,0.0
2,RGB,2018,0,0.0001397644228512511
2,RGB,2019,0,0.0009311253427051373
2,RGB,2020,0,0.0009559243185999146
2,SBGVATGDPV,2018,0,-2.461875744690097
2,SBGVATGDPV,2019,0,-3.0835565165335836
2,SBGVATGDPV,2020,0,-3.9190599244855733
2,TAXV,2018,0,1.22404654256843
2,TAXV,2019,0,2.5166800999726844
2,TAXV,2020,0,3.0406223092261655
2,TCIV,2018,0,1.1523724478178898
2,TCIV,2019,0,1.5419841738597118
2,TCIV,2020,0,1.8438339791553737
2,TYCV,2018,0,2.0857444344827947
2,TYCV,2019,0,5.4422378695703655
2,TYCV,2020,0,6.620279856409788
2,TYPV,2018,0,1.200424321038529
2,TYPV,2019,0,1.9354091313681265
2,TYPV,2020,0,2.19505677173506
2,UCC,2018,0,-1.1468457655653603
2,UCC,2019,0,-1.6955029642319097
2,UCC,2020,0,-1.899129046667869
2,UR,2018,0,-0.03164128594813098
2,UR,2019,0,-0.04528253020507522
2,UR,2020,0,-0.049817500448976704
2,WIPH,2018,0,0.5946570081777292
2,WIPH,2019,0,0.8950063271923381
2,WIPH,2020,0,1.2324099637399721
2,XGS,2018,0,2.8478966737632838e-05
2,XGS,2019,0,0.000773917043411787
2,XGS,2020,0,0.0038762582597606787
2,XGSV,2018,0,0.0015200491487760148
2,XGSV,2019,0,0.009455450467499293
2,XGSV,2020,0,0.02686329372101892
2,YCV,2018,0,4.54961863150663
2,YCV,2019,0,5.089694304768794
2,YCV,2020,0,6.7814201431076695
2,YDV,2018,0,0.8949756322785829
2,YDV,2019,0,1.206242561984061
2,YDV,2020,0,1.4321106276522944
2,YWV,2018,0,1.0987001901944238
2,YWV,2019,0,1.4924515923542325
2,YWV,2020,0,1.8294532112596684
3,GDP,2018,1,0.9829578619386048
3,GDP,2018,2,1.0211093155195528
3,GDP,2018,3,1.093805185072183
3,GDP,2018,4,1.0817802694629286
3,GDP,2019,1,1.0766280872539724
3,GDP,2019,2,1.0554122736145866
3,GDP,2019,3,1.0143394267885464
3,GDP,2019,4,0.9944077652559002
3,GDP,2020,1,0.9657463830608615
3,GDP,2020,2,0.9547444850483755
3,GDP,2020,3,0.9405054646579147
3,GDP,2020,4,0.9164038149153786
3,CP,2018,1,0.0024797649917251974
3,CP,2018,2,0.1452874030662299
3,CP,2018,3,0.37211121877767095
3,CP,2018,4,0.4484547484719936
3,CP,2019,1,0.484857177128184
3,CP,2019,2,0.5057559168867298
3,CP,2019,3,0.5111317195987786
3,CP,2019,4,0.5208601966194326
3,CP,2020,1,0.5099669975051624
3,CP,2020,2,0.504903557426517
3,CP,2020,3,0.4601932533043751
3,CP,2020,4,0.4305110789337707
3,IFP,2018,1,-0.0440288636852193
3,IFP,2018,2,-0.0971312943436553
3,IFP,2018,3,-0.14376363612235155
3,IFP,2018,4,-0.2296645468693237
3,IFP,2019,1,-0.3646818652997985
3,IFP,2019,2,-0.5440341015901629
3,IFP,2019,3,-0.7355944210442611
3,IFP,2019,4,-0.9039283921001839
3,IFP,2020,1,-1.0374317569835756
3,IFP,2020,2,-1.133900001274868
3,IFP,2020,3,-1.1998200659959268
3,IFP,2020,4,-1.242284447157782
3,IHP,2018,1,0.0981344037705556
3,IHP,2018,2,0.13400434675356898
3,IHP,2018,3,0.23960948746148958
3,IHP,2018,4,0.3124411589394027
3,IHP,2019,1,0.34888503231071955
3,IHP,2019,2,0.4182637033437464
3,IHP,2019,3,0.42883850777037935
3,IHP,2019,4,0.45440726083703087
3,IHP,2020,1,0.4320660138536603
3,IHP,2020,2,0.3949623141649372
3,IHP,2020,3,0.38572533538197007
3,IHP,2020,4,0.3562803785440938
3,IG,2018,1,19.804342083437753
3,IG,2018,2,19.35906852452227
3,IG,2018,3,19.240965467581074
3,IG,2018,4,19.342051384258706
3,IG,2019,1,18.993278561894257
3,IG,2019,2,18.581518480259128
3,IG,2019,3,18.57914586796101
3,IG,2019,4,17.974355769246863
3,IG,2020,1,18.073202569253578
3,IG,2020,2,15.649651375216811
3,IG,2020,3,16.564822092869512
3,IG,2020,4,16.724323229428318
3,CG,2018,1,0.0
3,CG,2018,2,0.029821425117804168
3,CG,2018,3,0.0594104546614016
3,CG,2018,4,0.08844356769026618
3,CG,2019,1,0.11629846388934162
3,CG,2019,2,0.1431789964855934
3,CG,2019,3,0.171022042863056
3,CG,2019,4,0.19678558103604082
3,CG,2020,1,0.22226222370804738
3,CG,2020,2,0.24906551636725283
3,CG,2020,3,0.26900681639510093
3,CG,2020,4,0.2930121392244356
3,XGS,2018,1,0.0
3,XGS,2018,2,-0.00014081961464684767
3,XGS,2018,3,-0.0006221200739009447
3,XGS,2018,4,-0.0017569670315964458
3,XGS,2019,1,-0.003943003599449213
3,XGS,2019,2,-0.007492243639850571
3,XGS,2019,3,-0.012569466491763048
3,XGS,2019,4,-0.019186787254610316
3,XGS,2020,1,-0.027178517685277903
3,XGS,2020,2,-0.03624584044347179
3,XGS,2020,3,-0.04611108154012333
3,XGS,2020,4,-0.05648993622990872
3,MGS,2018,1,0.11957515138576458
3,MGS,2018,2,0.23283568223277928
3,MGS,2018,3,0.5090884677303897
3,MGS,2018,4,0.7266335620730313
3,MGS,2019,1,0.8096448839580717
3,MGS,2019,2,0.8400369850788181
3,MGS,2019,3,0.866143662416663
3,MGS,2019,4,0.8905052844496275
3,MGS,2020,1,0.896730498041376
3,MGS,2020,2,0.8704647594969472
3,MGS,2020,3,0.8515061869291962
3,MGS,2020,4,0.8170959492937335
3,GDPD,2018,1,3.934928761961712
3,GDPD,2018,2,0.15171656801949052
3,GDPD,2018,3,0.2864126662382567
3,GDPD,2018,4,-0.04745685115785103
3,GDPD,2019,1,-0.0204379535857514
3,GDPD,2019,2,-0.08433884900076927
3,GDPD,2019,3,-0.1628878772202803
3,GDPD,2019,4,-0.07663648055236116
3,GDPD,2020,1,-0.114113036396152
3,GDPD,2020,2,-0.04027083022318223
3,GDPD,2020,3,-0.05949024644072054
3,GDPD,2020,4,-0.09713503187385264
3,PGDP,2018,1,0.04104222361289711
3,PGDP,2018,2,0.07028829846720264
3,PGDP,2018,3,0.1051420906030387
3,PGDP,2018,4,0.15193740597456706
3,PGDP,2019,1,0.20140476711278943
3,PGDP,2019,2,0.26688632566838066
3,PGDP,2019,3,0.3354454106790694
3,PGDP,2019,4,0.39646202794079155
3,PGDP,2020,1,0.46028389743342224
3,PGDP,2020,2,0.5239583815153992
3,PGDP,2020,3,0.5721467309207418
3,PGDP,2020,4,0.6291299140217532
3,PCP,2018,1,-0.0025540425889203355
3,PCP,2018,2,0.0024213249883109356
3,PCP,2018,3,0.0229620206356973
3,PCP,2018,4,0.06173168003524854
3,PCP,2019,1,0.11581663586803792
3,PCP,2019,2,0.17545759702470853
3,PCP,2019,3,0.2365143683129789
3,PCP,2019,4,0.29744328972483025
3,PCP,2020,1,0.35794309717838146
3,PCP,2020,2,0.41794602082296795
3,PCP,2020,3,0.4773361300843382
3,PCP,2020,4,0.5364937265230241
3,PIFP,2018,1,0.15604394283783574
3,PIFP,2018,2,0.2240068990284172
3,PIFP,2018,3,0.296105962581672
3,PIFP,2018,4,0.3487217227267969
3,PIFP,2019,1,0.4181673076561587
3,PIFP,2019,2,0.48270649349964057
3,PIFP,2019,3,0.5503139162906123
3,PIFP,2019,4,0.6122446570376194
3,PIFP,2020,1,0.679417760515344
3,PIFP,2020,2,0.7398478446549062
3,PIFP,2020,3,0.8151942023577385
3,PIFP,2020,4,0.8860514515436568
3,PIHP,2018,1,-0.010047118729838989
3,PIHP,2018,2,-0.00861319388806292
3,PIHP,2018,3,0.011089480258341666
3,PIHP,2018,4,0.050901229294586514
3,PIHP,2019,1,0.11378170050591052
3,PIHP,2019,2,0.1821548068949852
3,PIHP,2019,3,0.25444881429166344
3,PIHP,2019,4,0.32554873188275213
3,PIHP,2020,1,0.3957943736391467
3,PIHP,2020,2,0.4709408043255481
3,PIHP,2020,3,0.5420989953669686
3,PIHP,2020,4,0.6097516269241599
3,PXGS,2018,1,-0.005904590265304321
3,PXGS,2018,2,-0.014275884589431964
3,PXGS,2018,3,-0.027400839349578376
3,PXGS,2018,4,-0.04407016110997697
3,PXGS,2019,1,-0.06305177536034545
3,PXGS,2019,2,-0.08422944716499625
3,PXGS,2019,3,-0.10622617203638329
3,PXGS,2019,4,-0.12906563777086433
3,PXGS,2020,1,-0.15217959909546996
3,PXGS,2020,2,-0.174786522842163
3,PXGS,2020,3,-0.19766454379482878
3,PXGS,2020,4,-0.22103317263788558
3,PMGS,2018,1,-0.007673381478523478
3,PMGS,2018,2,-0.02047418398015699
3,PMGS,2018,3,-0.0476287711118073
3,PMGS,2018,4,-0.07936044580701962
3,PMGS,2019,1,-0.08296024971499172
3,PMGS,2019,2,-0.11519955147976102
3,PMGS,2019,3,-0.12416699537223241
3,PMGS,2019,4,-0.14740645650246353
3,PMGS,2020,1,-0.17408567123623486
3,PMGS,2020,2,-0.1310462977796245
3,PMGS,2020,3,-0.16186700873619397
3,PMGS,2020,4,-0.18901689808143995
3,CGPI,2018,1,-0.00367919199094624
3,CGPI,2018,2,0.03759844478345986
3,CGPI,2018,3,0.04814923421190276
3,CGPI,2018,4,0.07371322545093317
3,CGPI,2019,1,0.1095938742353475
3,CGPI,2019,2,0.14626680394249636
3,CGPI,2019,3,0.18537541345238218
3,CGPI,2019,4,0.22215928031072973
3,CGPI,2020,1,0.2571780071794594
3,CGPI,2020,2,0.3072573406943002
3,CGPI,2020,3,0.34577723503999014
3,CGPI,2020,4,0.3798492579557333
3,GDPV,2018,1,1.0244035133152307
3,GDPV,2018,2,1.092115334350141
3,GDPV,2018,3,1.2000973253139424
3,GDPV,2018,4,1.2353613043172507
3,GDPV,2019,1,1.2802012346585512
3,GDPV,2019,2,1.3251153503206492
3,GDPV,2019,3,1.3531873925235027
3,GDPV,2019,4,1.394812242388821
3,GDPV,2020,1,1.430475455585567
3,GDPV,2020,2,1.4837053303152548
3,GDPV,2020,3,1.5180332668488283
3,GDPV,2020,4,1.5512990994699827
3,CPV,2018,1,-7.434092872404818e-05
3,CPV,2018,2,0.1477122459378144
3,CPV,2018,3,0.39515868366797324
3,CPV,2018,4,0.5104632671572018
3,CPV,2019,1,0.6012353582671048
3,CPV,2019,2,0.6821009010893553
3,CPV,2019,3,0.7488549878686079
3,CPV,2019,4,0.8198527500514086
3,CPV,2020,1,0.8697354863523632
3,CPV,2020,2,0.9249598025799832
3,CPV,2020,3,0.9397260520577877
3,CPV,2020,4,0.9693144703855294
3,IFPV,2018,1,0.11194637479194913
3,IFPV,2018,2,0.1266580238994619
3,IFPV,2018,3,0.1519166337544231
3,IFPV,2018,4,0.11825628568682411
3,IFPV,2019,1,0.051960462014299935
3,IFPV,2019,2,-0.063953696031116
3,IFPV,2019,3,-0.18932858322562307
3,IFPV,2019,4,-0.29721798833832747
3,IFPV,2020,1,-0.36506249207294283
3,IFPV,2020,2,-0.40244129133278905
3,IFPV,2020,3,-0.39440672725051806
3,IFPV,2020,4,-0.36724027499688283
3,IHPV,2018,1,0.08807742534997498
3,IHPV,2018,2,0.12537961079936988
3,IHPV,2018,3,0.25072553916956064
3,IHPV,2018,4,0.36350142462857615
3,IHPV,2019,1,0.4630637001424409
3,IHPV,2019,2,0.6011803976844421
3,IHPV,2019,3,0.684378496565663
3,IHPV,2019,4,0.7814353097819859
3,IHPV,2020,1,0.829570480452535
3,IHPV,2020,2,0.8677631571773592
3,IHPV,2020,3,0.9299153439049412
3,IHPV,2020,4,0.9682044308800597
3,IGV,2018,1,19.96670242053702
3,IGV,2018,2,19.592073113017385
3,IGV,2018,3,19.554850976180838
3,IGV,2018,4,19.723366877146976
3,IGV,2019,1,19.465989688566854
3,IGV,2019,2,19.14218381507229
3,IGV,2019,3,19.234192326268882
3,IGV,2019,4,18.713936854420975
3,IGV,2020,1,18.90665411687675
3,IGV,2020,2,16.551819889121887
3,IGV,2020,3,17.574906501024422
3,IGV,2020,4,17.831007318989744
3,CGV,2018,1,2.220446049250313e-14
3,CGV,2018,2,0.028857440093776887
3,CGV,2018,3,0.06465328412714744
3,CGV,2018,4,0.11117731520784435
3,CGV,2019,1,0.1711782388011951
3,CGV,2019,2,0.24203982429258364
3,CGV,2019,3,0.31923901918715636
3,CGV,2019,4,0.3970243607290147
3,CGV,2020,1,0.4751419491903608
3,CGV,2020,2,0.5547570744333763
3,CGV,2020,3,0.6270779491701184
3,CGV,2020,4,0.7031152200178692
3,XGSV,2018,1,-0.005904590253180686
3,XGSV,2018,2,-0.014416684087614762
3,XGSV,2018,3,-0.02802278896057997
3,XGSV,2018,4,-0.04582635384713374
3,XGSV,2019,1,-0.06699229282900454
3,XGSV,2019,2,-0.09171538013349467
3,XGSV,2019,3,-0.1187822864698651
3,XGSV,2019,4,-0.14822766146452837
3,XGSV,2020,1,-0.17931675661124746
3,XGSV,2020,2,-0.21096901043091698
3,XGSV,2020,3,-0.24368448006741872
3,XGSV,2020,4,-0.2773982473762926
3,MGSV,2018,1,0.1118925944497251
3,MGSV,2018,2,0.2123138270466729
3,MGSV,2018,3,0.4612172240375356
3,MGSV,2018,4,0.6466964566317568
3,MGSV,2019,1,0.7260129508255275
3,MGSV,2019,2,0.7238697147599948
3,MGSV,2019,3,0.7409012024832018
3,MGSV,2019,4,0.7417861656623836
3,MGSV,2020,1,0.7210837474984411
3,MGSV,2020,2,0.7382777498765147
3,MGSV,2020,3,0.6882608705990112
3,MGSV,2020,4,0.6265346017945816
3,NIV,2018,1,1.4016719644284859
3,NIV,2018,2,1.3708982804538472
3,NIV,2018,3,1.4614254807998162
3,NIV,2018,4,1.47143707663695
3,NIV,2019,1,1.5265748378070265
3,NIV,2019,2,1.4926158470504713
3,NIV,2019,3,1.4416717641264176
3,NIV,2019,4,1.4157567951754269
3,NIV,2020,1,1.345685822564091
3,NIV,2020,2,1.3392030454299153
3,NIV,2020,3,1.3012607794976372
3,NIV,2020,4,1.29719224479794
3,YWV,2018,1,0.7901011695641502
3,YWV,2018,2,0.9955815671515822
3,YWV,2018,3,1.1192536389659447
3,YWV,2018,4,1.2657784557218221
3,YWV,2019,1,1.2205106235305463
3,YWV,2019,2,1.2872881311274842
3,YWV,2019,3,1.2366004866464442
3,YWV,2019,4,1.2725349877598324
3,YWV,2020,1,1.2801638391017889
3,YWV,2020,2,1.2192480624807933
3,YWV,2020,3,1.2355562354938288
3,YWV,2020,4,1.3010843580058218
3,YCV,2018,1,5.2009229963107195
3,YCV,2018,2,3.2995698800448503
3,YCV,2018,3,3.4155758802450364
3,YCV,2018,4,3.0254005444456222
3,YCV,2019,1,3.58735666290777
3,YCV,2019,2,2.7221215286231226
3,YCV,2019,3,2.52610179178423
3,YCV,2019,4,2.43387083230715
3,YCV,2020,1,1.9313385433462615
3,YCV,2020,2,2.835323428750347
3,YCV,2020,3,1.850385926596343
3,YCV,2020,4,1.3402026459703453
3,YDV,2018,1,0.6671926500409597
3,YDV,2018,2,0.9381096064039252
3,YDV,2018,3,0.9984739713833068
3,YDV,2018,4,1.1253811847145467
3,YDV,2019,1,1.0887320746033158
3,YDV,2019,2,1.1882360494655408
3,YDV,2019,3,1.1530848476238864
3,YDV,2019,4,1.1881884562745082
3,YDV,2020,1,1.174414586303918
3,YDV,2020,2,1.0406635254571084
3,YDV,2020,3,1.1278888683483146
3,YDV,2020,4,1.2207277968110386
3,TAXV,2018,1,0.4732041322016656
3,TAXV,2018,2,0.9512944529731504
3,TAXV,2018,3,1.3752105232814893
3,TAXV,2018,4,1.770167458138272
3,TAXV,2019,1,2.0760315272881913
3,TAXV,2019,2,2.0266920666309307
3,TAXV,2019,3,2.043455968900809
3,TAXV,2019,4,2.0354207268248103
3,TAXV,2020,1,2.064370478425581
3,TAXV,2020,2,1.9274945945431332
3,TAXV,2020,3,1.9463460001692523
3,TAXV,2020,4,1.9401186875111165
3,TYPV,2018,1,0.7491408601622673
3,TYPV,2018,2,1.020294005285205
3,TYPV,2018,3,1.3184106550527153
3,TYPV,2018,4,1.5999337672444547
3,TYPV,2019,1,1.7262853265227474
3,TYPV,2019,2,1.790802381188672
3,TYPV,2019,3,1.8224672229250949
3,TYPV,2019,4,1.8124568548498088
3,TYPV,2020,1,1.8283233804101906
3,TYPV,2020,2,1.7646961608989598
3,TYPV,2020,3,1.7894856171957851
3,TYPV,2020,4,1.7973936268872892
3,TYCV,2018,1,0.15372340791601768
3,TYCV,2018,2,1.4524867153749899
3,TYCV,2018,3,2.444311292252954
3,TYCV,2018,4,3.4355570084643405
3,TYCV,2019,1,4.352572529537646
3,TYCV,2019,2,4.044731462179407
3,TYCV,2019,3,3.959273309139455
3,TYCV,2019,4,3.7667159918601367
3,TYCV,2020,1,3.683122068635769
3,TYCV,2020,2,3.319428455763229
3,TYCV,2020,3,3.300143769133146
3,TYCV,2020,4,3.145107948802184
3,TCIV,2018,1,0.9442416959915656
3,TCIV,2018,2,1.0247865786638277
3,TCIV,2018,3,1.1599752986709122
3,TCIV,2018,4,1.2178902782106205
3,TCIV,2019,1,1.2723374988037772
3,TCIV,2019,2,1.310502550924797
3,TCIV,2019,3,1.333895226733972
3,TCIV,2019,4,1.3599709890067535
3,TCIV,2020,1,1.3836341557733833
3,TCIV,2020,2,1.3994056787506537
3,TCIV,2020,3,1.4515769327053896
3,TCIV,2020,4,1.50702253066759
3,WIPH,2018,1,0.40017353155141766
3,WIPH,2018,2,0.5385376289996247
3,WIPH,2018,3,0.6025975603688449
3,WIPH,2018,4,0.7133473052202355
3,WIPH,2019,1,0.6926817263233964
3,WIPH,2019,2,0.7608602880971427
3,WIPH,2019,3,0.7499751663845755
3,WIPH,2019,4,0.8013656561334459
3,WIPH,2020,1,0.82911828379304
3,WIPH,2020,2,0.8198877449079767
3,WIPH,2020,3,0.8438830192122326
3,WIPH,2020,4,0.9096744929056433
3,LE,2018,1,0.17231643274784325
3,LE,2018,2,0.23313727768294878
3,LE,2018,3,0.2761251028867706
3,LE,2018,4,0.31616930077593697
3,LE,2019,1,0.2929419035041736
3,LE,2019,2,0.29779984166957707
3,LE,2019,3,0.2702294540958494
3,LE,2019,4,0.26919387217319013
3,LE,2020,1,0.25505290350680276
3,LE,2020,2,0.229715084830584
3,LE,2020,3,0.21194939831727932
3,LE,2020,4,0.20998731361931977
3,LF,2018,1,0.15199126404643604
3,LF,2018,2,0.20374931555404707
3,LF,2018,3,0.24058001213549396
3,LF,2018,4,0.2785327743668464
3,LF,2019,1,0.2536056074067705
3,LF,2019,2,0.25731612021260286
3,LF,2019,3,0.22978621997027382
3,LF,2019,4,0.22869712902446881
3,LF,2020,1,0.2148352631589967
3,LF,2020,2,0.1871257989920494
3,LF,2020,3,0.16896382919091568
3,LF,2020,4,0.16767697386506075
3,LH,2018,1,0.2583938705362998
3,LH,2018,2,0.27418832662655657
3,LH,2018,3,0.29701772592320985
3,LH,2018,4,0.2995729903115363
3,LH,2019,1,0.2965662076708009
3,LH,2019,2,0.29332354818472073
3,LH,2019,3,0.27896449900846054
3,LH,2019,4,0.2660329246785942
3,LH,2020,1,0.26036629024583924
3,LH,2020,2,0.23261069385114297
3,LH,2020,3,0.24326946719306353
3,LH,2020,4,0.24796249257126313
3,UR,2018,1,-0.019747734086363433
3,UR,2018,2,-0.02859143048864876
3,UR,2018,3,-0.03463651363304843
3,UR,2018,4,-0.03663970858310561
3,UR,2019,1,-0.03825667524409493
3,UR,2019,2,-0.03938022376260086
3,UR,2019,3,-0.039485833040437956
3,UR,2019,4,-0.039475013980924345
3,UR,2020,1,-0.039121313186562645
3,UR,2020,2,-0.041317422062707276
3,UR,2020,3,-0.041689691720955935
3,UR,2020,4,-0.040960432169292904
3,CUX,2018,1,1.8403537100230904
3,CUX,2018,2,1.7845796669562208
3,CUX,2018,3,1.887697608120642
3,CUX,2018,4,1.7444991943284638
3,CUX,2019,1,1.839300574586411
3,CUX,2019,2,1.7862452429742826
3,CUX,2019,3,1.7706679261224378
3,CUX,2019,4,1.7333047169046267
3,CUX,2020,1,1.7420758085477939
3,CUX,2020,2,1.9473616770086188
3,CUX,2020,3,1.9041146725010893
3,CUX,2020,4,1.80284266076558
3,GDPPOT,2018,1,0.09077790051839063
3,GDPPOT,2018,2,0.12112284674581364
3,GDPPOT,2018,3,0.14188606376777102
3,GDPPOT,2018,4,0.16280455283350648
3,GDPPOT,2019,1,0.14514274954120499
3,GDPPOT,2019,2,0.14296944104812415
3,GDPPOT,2019,3,0.12009432053086133
3,GDPPOT,2019,4,0.11060534468236849
3,GDPPOT,2020,1,0.09245145121876686
3,GDPPOT,2020,2,0.06430969634796391
3,GDPPOT,2020,3,0.04188867715322342
3,GDPPOT,2020,4,0.029064806959722134
3,GDPGAP,2018,1,0.9103781518278469
3,GDPGAP,2018,2,0.9179350582743528
3,GDPGAP,2018,3,0.9641452367629499
3,GDPGAP,2018,4,0.9267769304742803
3,GDPGAP,2019,1,0.9408191221376596
3,GDPGAP,2019,2,0.9242462769135618
3,GDPGAP,2019,3,0.9059767219543375
3,GDPGAP,2019,4,0.8657957521697719
3,GDPGAP,2020,1,0.8610083072473165
3,GDPGAP,2020,2,0.8158890478566354
3,GDPGAP,2020,3,0.8659033487621959
3,GDPGAP,2020,4,0.8652073844238839
3,RCD,2018,1,0.0641362738387114
3,RCD,2018,2,0.0995410514101398
3,RCD,2018,3,0.13488389487765737
3,RCD,2018,4,0.17032036929072294
3,RCD,2019,1,0.19426977618041663
3,RCD,2019,2,0.21637769734143023
3,RCD,2019,3,0.22592441312783454
3,RCD,2019,4,0.2345278402676168
3,RCD,2020,1,0.23776196987632206
3,RCD,2020,2,0.23483728220019418
3,RCD,2020,3,0.2359823498024829
3,RCD,2020,4,0.23950906683364354
3,RGB,2018,1,0.032716554648423685
3,RGB,2018,2,0.046695594971780885
3,RGB,2018,3,0.062380258121298326
3,RGB,2018,4,0.07816702603046002
3,RGB,2019,1,0.08839895171785236
3,RGB,2019,2,0.09879906640580742
3,RGB,2019,3,0.10340295250689088
3,RGB,2019,4,0.10909473950858642
3,RGB,2020,1,0.1130650082454699
3,RGB,2020,2,0.11489342784822584
3,RGB,2020,3,0.1197106182952506
3,RGB,2020,4,0.1258582512746752
3,PERR,2018,1,-0.23013104823336406
3,PERR,2018,2,-0.48302589581523137
3,PERR,2018,3,-0.7591247896481867
3,PERR,2018,4,-1.078901160529096
3,PERR,2019,1,-1.259344163471642
3,PERR,2019,2,-1.4211795082156904
3,PERR,2019,3,-1.5880000047034848
3,PERR,2019,4,-1.7988454841593864
3,PERR,2020,1,-1.9045643204081593
3,PERR,2020,2,-2.2084053139930475
3,PERR,2020,3,-2.9328484036194666
3,PERR,2020,4,-3.278813154004432
3,UCC,2018,1,-0.006644331820881977
3,UCC,2018,2,-0.4818896887276214
3,UCC,2018,3,-0.5625473529870528
3,UCC,2018,4,-0.6157426890337492
3,UCC,2019,1,-0.39338706722904515
3,UCC,2019,2,0.13727205083651217
3,UCC,2019,3,0.20573307622626658
3,UCC,2019,4,0.1771457787092423
3,UCC,2020,1,0.05120727217911014
3,UCC,2020,2,0.010775546675367842
3,UCC,2020,3,-0.27212819261857035
3,UCC,2020,4,-0.5095734351740155
3,FXS,2018,1,-0.014786178381442916
3,FXS,2018,2,-0.03574718576213609
3,FXS,2018,3,-0.06860563975692457
3,FXS,2018,4,-0.11032809802482557
3,FXS,2019,1,-0.15782536225524835
3,FXS,2019,2,-0.21080175717752558
3,FXS,2019,3,-0.26580914988261206
3,FXS,2019,4,-0.3229047133054941
3,FXS,2020,1,-0.3806664845276142
3,FXS,2020,2,-0.4371417151308288
3,FXS,2020,3,-0.4942746006098786
3,FXS,2020,4,-0.5526123365706459
3,PSHARE,2018,1,-0.056515373454313345
3,PSHARE,2018,2,-0.573363627017609
3,PSHARE,2018,3,-1.3449561667859156
3,PSHARE,2018,4,-2.316171299718528
3,PSHARE,2019,1,-3.3028955600927
3,PSHARE,2019,2,-4.10181677525181
3,PSHARE,2019,3,-4.766580541164056
3,PSHARE,2019,4,-5.270567103650558
3,PSHARE,2020,1,-5.614746472237964
3,PSHARE,2020,2,-5.816487832400252
3,PSHARE,2020,3,-5.914809855697145
3,PSHARE,2020,4,-5.971079915907918
3,PLAND,2018,1,-0.0008087682378810079
3,PLAND,2018,2,0.0024105867678425597
3,PLAND,2018,3,0.00559196365297332
3,PLAND,2018,4,0.019139021039005222
3,PLAND,2019,1,0.04186503468253111
3,PLAND,2019,2,0.07361133159191624
3,PLAND,2019,3,0.11345045777331197
3,PLAND,2019,4,0.1595750450861244
3,PLAND,2020,1,0.21086352664465569
3,PLAND,2020,2,0.2667415952614327
3,PLAND,2020,3,0.32291034113896
3,PLAND,2020,4,0.3805456057817791
3,M2CD,2018,1,0.7508123437145908
3,M2CD,2018,2,0.6739060246072626
3,M2CD,2018,3,0.6543996115224937
3,M2CD,2018,4,0.5748412838307848
3,M2CD,2019,1,0.561604133679805
3,M2CD,2019,2,0.5423423300577435
3,M2CD,2019,3,0.5491878027924724
3,M2CD,2019,4,0.5797393349856517
3,M2CD,2020,1,0.6200966063851121
3,M2CD,2020,2,0.6991804975193361
3,M2CD,2020,3,0.7597660830874764
3,M2CD,2020,4,0.8019192813525589
3,BGVATGDPV,2018,1,-0.5733127856969675
3,BGVATGDPV,2018,2,-0.4823659505413964
3,BGVATGDPV,2018,3,-0.3982626506580642
3,BGVATGDPV,2018,4,-0.32236668678673874
3,BGVATGDPV,2019,1,-0.27660386073917786
3,BGVATGDPV,2019,2,-0.3119922630290133
3,BGVATGDPV,2019,3,-0.3245263530558029
3,BGVATGDPV,2019,4,-0.3299925186853776
3,BGVATGDPV,2020,1,-0.3316050996591562
3,BGVATGDPV,2020,2,-0.3375684260913223
3,BGVATGDPV,2020,3,-0.35453181182363736
3,BGVATGDPV,2020,4,-0.36394838015309006
3,SBGVATGDPV,2018,1,-2.189645891952381
3,SBGVATGDPV,2018,2,-2.2206297722109696
3,SBGVATGDPV,2018,3,-2.3554530851696143
3,SBGVATGDPV,2018,4,-2.39985162333204
3,SBGVATGDPV,2019,1,-2.42939042236884
3,SBGVATGDPV,2019,2,-2.4606908507665253
3,SBGVATGDPV,2019,3,-2.4453325986090135
3,SBGVATGDPV,2019,4,-2.4860558503796426
3,SBGVATGDPV,2020,1,-2.4427803656192566
3,SBGVATGDPV,2020,2,-2.771991808504424
3,SBGVATGDPV,2020,3,-2.7003465240335345
3,SBGVATGDPV,2020,4,-2.6682635859450556
3,BCVATGDPV,2018,1,-0.06356207876712094
3,BCVATGDPV,2018,2,-0.08699013420154511
3,BCVATGDPV,2018,3,-0.14091528469631953
3,BCVATGDPV,2018,4,-0.18263357400058622
3,BCVATGDPV,2019,1,-0.2096704711078763
3,BCVATGDPV,2019,2,-0.22599598223666462
3,BCVATGDPV,2019,3,-0.2777885992639
3,BCVATGDPV,2019,4,-0.33082984439502505
3,BCVATGDPV,2020,1,-0.3629438427551701
3,BCVATGDPV,2020,2,-0.37658644323841206
3,BCVATGDPV,2020,3,-0.43784301720501073
3,BCVATGDPV,2020,4,-0.4536422693977489
3,KFP,2018,1,-0.0013776661248687816
3,KFP,2018,2,-0.004406707523918474
3,KFP,2018,3,-0.008701757148266154
3,KFP,2018,4,-0.015610900968232588
3,KFP,2019,1,-0.02649230992191054
3,KFP,2019,2,-0.042478371612075794
3,KFP,2019,3,-0.06439844961573238
3,KFP,2019,4,-0.08890313405989225
3,KFP,2020,1,-0.11768442649474631
3,KFP,2020,2,-0.1464066785061724
3,KFP,2020,3,-0.17629625907295
3,KFP,2020,4,-0.2069971858568831
3,KHP,2018,1,0.0012522567011341579
3,KHP,2018,2,0.0028984632558071155
3,KHP,2018,3,0.00585043092746762
3,KHP,2018,4,0.009745097268853975
3,KHP,2019,1,0.014164639991731676
3,KHP,2019,2,0.019504976438966537
3,KHP,2019,3,0.024951683397711477
3,KHP,2019,4,0.030559249586681325
3,KHP,2020,1,0.035563257527759795
3,KHP,2020,2,0.040048253883506746
3,KHP,2020,3,0.04415445456857903
3,KHP,2020,4,0.04787176079976696
3,KG,2018,1,0.174934527048487
3,KG,2018,2,0.3464452642191418
3,KG,2018,3,0.5140576425042731
3,KG,2018,4,0.6786276894001908
3,KG,2019,1,0.8415444053187615
3,KG,2019,2,1.0014572232645458
3,KG,2019,3,1.158344241126552
3,KG,2019,4,1.3073577977702922
3,KG,2020,1,1.4550710636407338
3,KG,2020,2,1.5888876673054497
3,KG,2020,3,1.727754491957123
3,KG,2020,4,1.8670028747232337
3,BCVATGDPV,2018,0,-0.11852526791639295
3,BCVATGDPV,2019,0,-0.2610712242508665
3,BCVATGDPV,2020,0,-0.40775389314908544
3,BGVATGDPV,2018,0,-0.4440770184207917
3,BGVATGDPV,2019,0,-0.3107787488773429
3,BGVATGDPV,2020,0,-0.3469134294318015
3,CG,2018,0,0.04441886186736799
3,CG,2019,0,0.15682127106850796
3,CG,2020,0,0.2583366739237092
3,CGPI,2018,0,0.03894542811383739
3,CGPI,2019,0,0.16584884298523894
3,CGPI,2020,0,0.32251546021737076
3,CGV,2018,0,0.05117200985719772
3,CGV,2019,0,0.28237036075248745
3,CGV,2020,0,0.5900230482029312
3,CP,2018,0,0.24208328382690492
3,CP,2019,0,0.5056512525582813
3,CP,2020,0,0.4763937217924563
3,CPV,2018,0,0.26331496395856635
3,CPV,2019,0,0.7130109993191192
3,CPV,2020,0,0.9259339528439159
3,CUX,2018,0,1.8142825448571043
3,CUX,2019,0,1.7823796151469395
3,CUX,2020,0,1.8490987047057705
3,FXS,2018,0,-0.05736677548133229
3,FXS,2019,0,-0.23933524565522002
3,FXS,2020,0,-0.46617378420974187
3,GDP,2018,0,1.0449131579983173
3,GDP,2019,0,1.0351968882282514
3,GDP,2020,0,0.9443500369206326
3,GDPD,2018,0,1.081400286265402
3,GDPD,2019,0,-0.08607529008979053
3,GDPD,2020,0,-0.07775228623347685
3,GDPGAP,2018,0,0.9298088443348576
3,GDPGAP,2019,0,0.9092094682938328
3,GDPGAP,2020,0,0.852002022072508
3,GDPPOT,2018,0,0.12914784096637044
3,GDPPOT,2019,0,0.12970296395063974
3,GDPPOT,2020,0,0.05692865791991908
3,GDPV,2018,0,1.1379943693241412
3,GDPV,2019,0,1.338329054972881
3,GDPV,2020,0,1.4958782880549082
3,IFP,2018,0,-0.12864708525513746
3,IFP,2019,0,-0.6370596950086016
3,IFP,2020,0,-1.153359067853038
3,IFPV,2018,0,0.12719432953316456
3,IFPV,2019,0,-0.12463495139519165
3,IFPV,2020,0,-0.3822876964132832
3,IG,2018,0,19.43660686494995
3,IG,2019,0,18.532074669840313
3,IG,2020,0,16.752999816692054
3,IGV,2018,0,19.709248346720553
3,IGV,2019,0,19.13907567108225
3,IGV,2020,0,17.7160969565032
3,IHP,2018,0,0.19604734923125422
3,IHP,2019,0,0.41259862606546904
3,IHP,2020,0,0.39225851048616533
3,IHPV,2018,0,0.2069209999868704
3,IHPV,2019,0,0.632514476043633
3,IHPV,2020,0,0.8988633531037238
3,KFP,2018,0,-0.007524257941321499
3,KFP,2019,0,-0.05556806630240274
3,KFP,2020,0,-0.16184613748268795
3,KG,2018,0,0.4285162807930232
3,KG,2019,0,1.0771759168700379
3,KG,2020,0,1.659679024406635
3,KHP,2018,0,0.004936562038315717
3,KHP,2019,0,0.022295137353772754
3,KHP,2020,0,0.04190943169490313
3,LE,2018,0,0.2494370285233749
3,LE,2019,0,0.28254126786069755
3,LE,2020,0,0.22667617506849647
3,LF,2018,0,0.21871334152570587
3,LF,2019,0,0.242351269153529
3,LF,2020,0,0.18465046630175563
3,LH,2018,0,0.2822932283494006
3,LH,2019,0,0.2837217948856441
3,LH,2020,0,0.24605223596532722
3,M2CD,2018,0,0.663489815918783
3,M2CD,2019,0,0.5582184003789181
3,M2CD,2020,0,0.7202406170861209
3,MGS,2018,0,0.39703321585549123
3,MGS,2019,0,0.851582703975795
3,MGS,2020,0,0.8589493484403132
3,MGSV,2018,0,0.3580300255414226
3,MGSV,2019,0,0.733142508432777
3,MGSV,2020,0,0.6935392424421372
3,NIV,2018,0,1.4263582005797748
3,NIV,2019,0,1.4691548110398356
3,NIV,2020,0,1.320835473072396
3,PCP,2018,0,0.02114024576758411
3,PCP,2019,0,0.2063079727326389
3,PCP,2020,0,0.4474297436521779
3,PERR,2018,0,-0.6377957235564695
3,PERR,2019,0,-1.516842290137551
3,PERR,2020,0,-2.5811577980062763
3,PGDP,2018,0,0.09210250466442638
3,PGDP,2019,0,0.30004963285025776
3,PGDP,2020,0,0.5463797309728291
3,PIFP,2018,0,0.25621963179368046
3,PIFP,2019,0,0.5158580936210078
3,PIFP,2020,0,0.7801278147679114
3,PIHP,2018,0,0.010832599233756568
3,PIHP,2019,0,0.21898351339382782
3,PIHP,2020,0,0.5046464500639558
3,PLAND,2018,0,0.006583200805485023
3,PLAND,2019,0,0.09712546728347093
3,PLAND,2020,0,0.29526526720670687
3,PMGS,2018,0,-0.03878419559437685
3,PMGS,2019,0,-0.11743331326736217
3,PMGS,2020,0,-0.16400396895837333
3,PSHARE,2018,0,-1.0727516167440916
3,PSHARE,2019,0,-4.360464995039781
3,PSHARE,2020,0,-5.8292810190608195
3,PXGS,2018,0,-0.022912868828572908
3,PXGS,2019,0,-0.09564325808314733
3,PXGS,2020,0,-0.18641595959258683
3,RCD,2018,0,0.11722039735430788
3,RCD,2019,0,0.21777493172932455
3,RCD,2020,0,0.23702266717816067
3,RGB,2018,0,0.05498985844299073
3,RGB,2019,0,0.09992392753478427
3,RGB,2020,0,0.11838182641590539
3,SBGVATGDPV,2018,0,-2.2913950931662512
3,SBGVATGDPV,2019,0,-2.4553674305310054
3,SBGVATGDPV,2020,0,-2.6458455710255677
3,TAXV,2018,0,1.1424691416486443
3,TAXV,2019,0,2.0454000724111854
3,TAXV,2020,0,1.9695824401622708
3,TCIV,2018,0,1.0867234628842315
3,TCIV,2019,0,1.319176566367325
3,TCIV,2020,0,1.4354098244742541
3,TYCV,2018,0,1.8715196060020756
3,TYCV,2019,0,4.0308233231791615
3,TYCV,2020,0,3.361950560583582
3,TYPV,2018,0,1.1719448219361606
3,TYPV,2019,0,1.7880029463715807
3,TYPV,2020,0,1.7949746963480562
3,UCC,2018,0,-0.41670601564232634
3,UCC,2019,0,0.031690959635743976
3,UCC,2020,0,-0.17992970223452698
3,UR,2018,0,-0.02990384669779156
3,UR,2019,0,-0.03914943650701452
3,UR,2020,0,-0.04077221478487969
3,WIPH,2018,0,0.5636640065350307
3,WIPH,2019,0,0.7512207092346401
3,WIPH,2020,0,0.8506408852047231
3,XGS,2018,0,-0.0006299766800360596
3,XGS,2019,0,-0.010797875246418287
3,XGS,2020,0,-0.04150634397469544
3,XGSV,2018,0,-0.02354260428712729
3,XGSV,2019,0,-0.10642940522422317
3,XGSV,2020,0,-0.22784212362146894
3,YCV,2018,0,3.7353673252615573
3,YCV,2019,0,2.817362703905568
3,YCV,2020,0,1.9893126361658242
3,YDV,2018,0,0.9322893531356846
3,YDV,2019,0,1.1545603569918128
3,YDV,2020,0,1.1409236942300949
3,YWV,2018,0,1.0426787078508748
3,YWV,2019,0,1.2542335572660768
3,YWV,2020,0,1.2590131237705582
4,GDP,2018,1,0.012937305703464297
4,GDP,2018,2,0.1766487745680667
4,GDP,2018,3,0.3449268682958362
4,GDP,2018,4,0.29090948176515585
4,GDP,2019,1,0.30634503581694617
4,GDP,2019,2,0.3146689991832874
4,GDP,2019,3,0.31917837108412783
4,GDP,2019,4,0.31161831266934836
4,GDP,2020,1,0.3153641972029275
4,GDP,2020,2,0.29170063278907143
4,GDP,2020,3,0.30822742102312173
4,GDP,2020,4,0.2859074113671811
4,CP,2018,1,3.2918917125535074e-05
4,CP,2018,2,0.40477458106884523
4,CP,2018,3,0.9169115111626214
4,CP,2018,4,0.9819880550633098
4,CP,2019,1,1.0258536690639586
4,CP,2019,2,1.0687627952983947
4,CP,2019,3,1.124766471350691
4,CP,2019,4,1.158712468173917
4,CP,2020,1,1.170341398813024
4,CP,2020,2,1.185533396033267
4,CP,2020,3,1.1455907907269136
4,CP,2020,4,1.1305552692884913
4,IFP,2018,1,-0.0005836591649321932
4,IFP,2018,2,-0.008585016980677818
4,IFP,2018,3,-0.024900211919876014
4,IFP,2018,4,-0.03891887194215071
4,IFP,2019,1,-0.058888848921734294
4,IFP,2019,2,-0.09515437901435053
4,IFP,2019,3,-0.14391653724149522
4,IFP,2019,4,-0.19822864609407853
4,IFP,2020,1,-0.24895444970964853
4,IFP,2020,2,-0.2879819151298868
4,IFP,2020,3,-0.31872584281934513
4,IFP,2020,4,-0.34390158057283626
4,IHP,2018,1,0.35767624515699037
4,IHP,2018,2,0.3774083763768088
4,IHP,2018,3,0.6588625947204108
4,IHP,2018,4,0.6694111318811036
4,IHP,2019,1,0.6996707134363289
4,IHP,2019,2,0.7078145803958158
4,IHP,2019,3,0.7253959757159034
4,IHP,2019,4,0.7265809235898812
4,IHP,2020,1,0.7256610232501126
4,IHP,2020,2,0.6596617107057945
4,IHP,2020,3,0.6957117851854155
4,IHP,2020,4,0.6587548797791776
4,IG,2018,1,0.0
4,IG,2018,2,0.0
4,IG,2018,3,0.0
4,IG,2018,4,0.0
4,IG,2019,1,0.0
4,IG,2019,2,0.0
4,IG,2019,3,0.0
4,IG,2019,4,0.0
4,IG,2020,1,0.0
4,IG,2020,2,0.0
4,IG,2020,3,0.0
4,IG,2020,4,0.0
4,CG,2018,1,0.0
4,CG,2018,2,-1.8540724511240114e-12
4,CG,2018,3,2.220446049250313e-13
4,CG,2018,4,9.325873406851315e-13
4,CG,2019,1,2.0872192862952943e-12
4,CG,2019,2,1.2878587085651816e-12
4,CG,2019,3,2.220446049250313e-12
4,CG,2019,4,2.19824158875781e-12
4,CG,2020,1,2.042810365310288e-12
4,CG,2020,2,2.7977620220553945e-12
4,CG,2020,3,2.708944180085382e-12
4,CG,2020,4,2.065014825802791e-12
4,XGS,2018,1,0.0
4,XGS,2018,2,-1.869437504797844e-06
4,XGS,2018,3,-3.246198868600558e-05
4,XGS,2018,4,-0.00015471094353403103
4,XGS,2019,1,-0.00045197888935977204
4,XGS,2019,2,-0.00103100417434554
4,XGS,2019,3,-0.0019927775390171654
4,XGS,2019,4,-0.0033872796076805933
4,XGS,2020,1,-0.005219001226219877
4,XGS,2020,2,-0.007455977033754557
4,XGS,2020,3,-0.010009852837100652
4,XGS,2020,4,-0.012798106212286164
4,MGS,2018,1,0.001602129687805487
4,MGS,2018,2,0.3252164634606647
4,MGS,2018,3,1.0044405193182282
4,MGS,2018,4,1.4136704674206468
4,MGS,2019,1,1.4966999196409647
4,MGS,2019,2,1.5372998072110011
4,MGS,2019,3,1.6245252000703037
4,MGS,2019,4,1.7016802431222722
4,MGS,2020,1,1.745794258546618
4,MGS,2020,2,1.734023166173193
4,MGS,2020,3,1.7314817666056248
4,MGS,2020,4,1.7192910778194959
4,GDPD,2018,1,0.05178998840249521
4,GDPD,2018,2,0.6573443441584739
4,GDPD,2018,3,0.6685835736372832
4,GDPD,2018,4,-0.21477294514039968
4,GDPD,2019,1,0.06171343638670446
4,GDPD,2019,2,0.033344213484826746
4,GDPD,2019,3,0.01801545129979376
4,GDPD,2019,4,-0.029269564532082626
4,GDPD,2020,1,0.01501545883851696
4,GDPD,2020,2,-0.08717856923314571
4,GDPD,2020,3,0.069504969446335
4,GDPD,2020,4,-0.0905216400072959
4,PGDP,2018,1,0.0006238582241691049
4,PGDP,2018,2,0.00907854123692875
4,PGDP,2018,3,0.022601874951755363
4,PGDP,2018,4,0.034833604606121504
4,PGDP,2019,1,0.048787688046569855
4,PGDP,2019,2,0.06643230452383353
4,PGDP,2019,3,0.0882893222315273
4,PGDP,2019,4,0.10967004175277406
4,PGDP,2020,1,0.12985682508317442
4,PGDP,2020,2,0.16195843770729912
4,PGDP,2020,3,0.1686339774736867
4,PGDP,2020,4,0.18852163454825543
4,PCP,2018,1,-3.390594107699485e-05
4,PCP,2018,2,-0.0003939941041641859
4,PCP,2018,3,0.00029873145148684443
4,PCP,2018,4,0.00524517663516022
4,PCP,2019,1,0.01542853630618346
4,PCP,2019,2,0.03012626539007357
4,PCP,2019,3,0.047247464557442775
4,PCP,2019,4,0.06490462868873337
4,PCP,2020,1,0.08295301698149071
4,PCP,2020,2,0.10162755420948244
4,PCP,2020,3,0.12053615075688917
4,PCP,2020,4,0.13960977344793513
4,PIFP,2018,1,0.0020487186708884053
4,PIFP,2018,2,0.028837156961891708
4,PIFP,2018,3,0.06648337030299434
4,PIFP,2018,4,0.07882744275207187
4,PIFP,2019,1,0.09700379259918179
4,PIFP,2019,2,0.1162889213478957
4,PIFP,2019,3,0.1392852419824564
4,PIFP,2019,4,0.15859272191443008
4,PIFP,2020,1,0.18157621651244682
4,PIFP,2020,2,0.198076128882696
4,PIFP,2020,3,0.22525388905252353
4,PIFP,2020,4,0.24629255361388047
4,PIHP,2018,1,-0.00013480491257711336
4,PIHP,2018,2,-0.002336656343471244
4,PIHP,2018,3,-0.0056094297493869405
4,PIHP,2018,4,-0.0034356026184956256
4,PIHP,2019,1,0.008918418141612428
4,PIHP,2019,2,0.02565514908940969
4,PIHP,2019,3,0.046985526874010475
4,PIHP,2019,4,0.06855578578812693
4,PIHP,2020,1,0.089224263797405
4,PIHP,2020,2,0.11913201200228762
4,PIHP,2020,3,0.14454904115315248
4,PIHP,2020,4,0.16533533075684392
4,PXGS,2018,1,-7.838805823334738e-05
4,PXGS,2018,2,-0.0012043926910454417
4,PXGS,2018,3,-0.003843209994291996
4,PXGS,2018,4,-0.0073385511243362345
4,PXGS,2019,1,-0.011892296484350418
4,PXGS,2019,2,-0.0173308700052055
4,PXGS,2019,3,-0.02319086822081262
4,PXGS,2019,4,-0.029512698682221394
4,PXGS,2020,1,-0.036220768872563536
4,PXGS,2020,2,-0.04242944489034617
4,PXGS,2020,3,-0.04914120781346343
4,PXGS,2020,4,-0.056133742410147125
4,PMGS,2018,1,-0.00010218783389470687
4,PMGS,2018,2,-0.009283768316603602
4,PMGS,2018,3,-0.040470891868960024
4,PMGS,2018,4,-0.06976542849603806
4,PMGS,2019,1,-0.04123372667442782
4,PMGS,2019,2,-0.06014078030086578
4,PMGS,2019,3,-0.0432859287851195
4,PMGS,2019,4,-0.04951464506333103
4,PMGS,2020,1,-0.06164305434249728
4,PMGS,2020,2,0.04482946682473621
4,PMGS,2020,3,0.02311397184713293
4,PMGS,2020,4,0.006280794659963007
4,CGPI,2018,1,-4.890811291513586e-05
4,CGPI,2018,2,-0.001700628509992974
4,CGPI,2018,3,-0.001005398517706091
4,CGPI,2018,4,0.0036563523976518297
4,CGPI,2019,1,0.014552417460955702
4,CGPI,2019,2,0.022196474805835642
4,CGPI,2019,3,0.03797970164896025
4,CGPI,2019,4,0.04961906654525894
4,CGPI,2020,1,0.05940438814258098
4,CGPI,2020,2,0.09474342161464033
4,CGPI,2020,3,0.10378747432873148
4,CGPI,2020,4,0.1143385713716194
4,GDPV,2018,1,0.013561244638071734
4,GDPV,2018,2,0.1857433529368624
4,GDPV,2018,3,0.3676067031870289
4,GDPV,2018,4,0.32584442062990604
4,GDPV,2019,1,0.3552821825239416
4,GDPV,2019,2,0.3813103455749145
4,GDPV,2019,3,0.40774949373620917
4,GDPV,2019,4,0.4216301063557415
4,GDPV,2020,1,0.44563054422002146
4,GDPV,2020,2,0.4541315042840388
4,GDPV,2020,3,0.4773811746565437
4,GDPV,2020,4,0.47496804324063113
4,CPV,2018,1,-9.87036641308947e-07
4,CPV,2018,2,0.40437899217748985
4,CPV,2018,3,0.9172129817182961
4,CPV,2018,4,0.9872847387079497
4,CPV,2019,1,1.041440479573441
4,CPV,2019,2,1.0992110390057652
4,CPV,2019,3,1.172545359548205
4,CPV,2019,4,1.2243691548919244
4,CPV,2020,1,1.2542652492945727
4,CPV,2020,2,1.2883657788372638
4,CPV,2020,3,1.2675077925253353
4,CPV,2020,4,1.2717434083853174
4,IFPV,2018,1,0.001465047535353925
4,IFPV,2018,2,0.02024966432143671
4,IFPV,2018,3,0.04156660388880962
4,IFPV,2018,4,0.039877892067363696
4,IFPV,2019,1,0.03805781925203533
4,IFPV,2019,2,0.021023888339866126
4,IFPV,2019,3,-0.004831749755940251
4,IFPV,2019,4,-0.03995030037786673
4,IFPV,2020,1,-0.06783027526211516
4,IFPV,2020,2,-0.09047620967703729
4,IFPV,2020,3,-0.0941898961289378
4,IFPV,2020,4,-0.0984560309503113
4,IHPV,2018,1,0.35754095808202546
4,IHPV,2018,2,0.3750629012915452
4,IHPV,2018,3,0.6532162065328473
4,IHPV,2018,4,0.6659525309510972
4,IHPV,2019,1,0.7086515311509389
4,IHPV,2019,2,0.7336513203670458
4,IHPV,2019,3,0.7727223337103739
4,IHPV,2019,4,0.7956348226096699
4,IHPV,2020,1,0.815532752750836
4,IHPV,2020,2,0.7795795909769643
4,IHPV,2020,3,0.8412664710585549
4,IHPV,2020,4,0.8251793651015582
4,IGV,2018,1,0.001778776937433335
4,IGV,2018,2,0.02492067079558069
4,IGV,2018,3,0.05727866536504589
4,IGV,2018,4,0.06850152084549865
4,IGV,2019,1,0.0875403946632769
4,IGV,2019,2,0.10887925567955037
4,IGV,2019,3,0.1348617154377285
4,IGV,2019,4,0.15777490523893878
4,IGV,2020,1,0.18378386696531468
4,IGV,2020,2,0.20633277263590877
4,IGV,2020,3,0.2373334574548469
4,IGV,2020,4,0.26178577394804226
4,CGV,2018,1,2.220446049250313e-14
4,CGV,2018,2,-1.2550305683589613e-05
4,CGV,2018,3,-9.110250229760197e-05
4,CGV,2018,4,0.0010105503415624995
4,CGV,2019,1,0.005429723277372567
4,CGV,2019,2,0.013771079084068383
4,CGV,2019,3,0.02577594459176602
4,CGV,2019,4,0.03976706768977767
4,CGV,2020,1,0.05457952134357846
4,CGV,2020,2,0.0699991171017933
4,CGV,2020,3,0.08592699792204783
4,CGV,2020,4,0.10201771433269169
4,XGSV,2018,1,-7.838806713733604e-05
4,XGSV,2018,2,-0.0012062620987074446
4,XGSV,2018,3,-0.0038756707306686344
4,XGSV,2018,4,-0.0074932507077796195
4,XGSV,2019,1,-0.012344221632187846
4,XGSV,2019,2,-0.018361695492163932
4,XGSV,2019,3,-0.025183183616928062
4,XGSV,2019,4,-0.03289897859832802
4,XGSV,2020,1,-0.04143787973253099
4,XGSV,2020,2,-0.049882258395106405
4,XGSV,2020,3,-0.059146141692845156
4,XGSV,2020,4,-0.0689246645721675
4,MGSV,2018,1,0.0014999402167426013
4,MGSV,2018,2,0.3159025028010687
4,MGSV,2018,3,0.9635631214128138
4,MGSV,2018,4,1.3429187856654812
4,MGSV,2019,1,1.4548490478125453
4,MGSV,2019,2,1.4762344828105345
4,MGSV,2019,3,1.580536080463979
4,MGSV,2019,4,1.6513230171264492
4,MGSV,2020,1,1.683075043300608
4,MGSV,2020,2,1.7796299863379383
4,MGSV,2020,3,1.7549959526608427
4,MGSV,2020,4,1.7256798576216648
4,NIV,2018,1,0.018573381003927913
4,NIV,2018,2,0.2398913511805434
4,NIV,2018,3,0.46061832555419624
4,NIV,2018,4,0.38921815441519403
4,NIV,2019,1,0.4263936386369682
4,NIV,2019,2,0.4323251019042518
4,NIV,2019,3,0.4181771508414256
4,NIV,2019,4,0.387860160804121
4,NIV,2020,1,0.3744784087634567
4,NIV,2020,2,0.33314541866071856
4,NIV,2020,3,0.3201059744726953
4,NIV,2020,4,0.3024150966792538
4,YWV,2018,1,0.010524040908022059
4,YWV,2018,2,0.14402678032814364
4,YWV,2018,3,0.30205196567432147
4,YWV,2018,4,0.30100384447862005
4,YWV,2019,1,0.336384711829929
4,YWV,2019,2,0.35730904786730466
4,YWV,2019,3,0.32965983305464075
4,YWV,2019,4,0.31926216074309455
4,YWV,2020,1,0.32011391919199994
4,YWV,2020,2,0.2810307178613636
4,YWV,2020,3,0.2692296622050616
4,YWV,2020,4,0.2842763284696348
4,YCV,2018,1,0.0686633856546548
4,YCV,2018,2,0.7541477790030227
4,YCV,2018,3,1.3195824482401086
4,YCV,2018,4,0.9470102257103097
4,YCV,2019,1,1.040734297293744
4,YCV,2019,2,0.8417216428896923
4,YCV,2019,3,0.8459274926228888
4,YCV,2019,4,0.779785535059041
4,YCV,2020,1,0.6675045755996756
4,YCV,2020,2,0.7371367286638897
4,YCV,2020,3,0.5686460571987295
4,YCV,2020,4,0.2845087359596654
4,YDV,2018,1,1.8733369268637556
4,YDV,2018,2,2.0069546837680807
4,YDV,2018,3,2.1130852944905687
4,YDV,2018,4,2.0832817623577027
4,YDV,2019,1,2.1445615342883695
4,YDV,2019,2,2.166111126357584
4,YDV,2019,3,2.1427118984569837
4,YDV,2019,4,2.080478978269129
4,YDV,2020,1,2.089071474774773
4,YDV,2020,2,1.7698947248906194
4,YDV,2020,3,1.968855840923256
4,YDV,2020,4,2.058956223336472
4,TAXV,2018,1,-5.5070593177427245
4,TAXV,2018,2,-5.2902491993717105
4,TAXV,2018,3,-5.082209191569575
4,TAXV,2018,4,-4.910140523620576
4,TAXV,2019,1,-4.798800831784322
4,TAXV,2019,2,-4.884340227869666
4,TAXV,2019,3,-4.780495114677907
4,TAXV,2019,4,-4.70374183136083
4,TAXV,2020,1,-4.636219357129445
4,TAXV,2020,2,-4.4186609458741755
4,TAXV,2020,3,-4.527308971959709
4,TAXV,2020,4,-4.545539865806858
4,TYPV,2018,1,-18.68700490027493
4,TYPV,2018,2,-17.87354203251613
4,TYPV,2018,3,-17.725959111684187
4,TYPV,2018,4,-17.608642689205322
4,TYPV,2019,1,-16.88961734309111
4,TYPV,2019,2,-18.42923463715148
4,TYPV,2019,3,-17.94887385529472
4,TYPV,2019,4,-17.48587534604874
4,TYPV,2020,1,-17.422873475906155
4,TYPV,2020,2,-16.43758384634806
4,TYPV,2020,3,-17.29912413617436
4,TYPV,2020,4,-17.357102490379482
4,TYCV,2018,1,0.0020186262991606085
4,TYCV,2018,2,0.04462527611419631
4,TYCV,2018,3,0.2904218028979111
4,TYCV,2018,4,0.6605080858864021
4,TYCV,2019,1,0.9291985382553491
4,TYCV,2019,2,1.186900336339014
4,TYCV,2019,3,1.2435429443927948
4,TYCV,2019,4,1.133679639768559
4,TYCV,2020,1,1.1181338103763538
4,TYCV,2020,2,1.0423254240892188
4,TYCV,2020,3,1.0356542547195646
4,TYCV,2020,4,0.9701687923449498
4,TCIV,2018,1,0.012192761729790114
4,TCIV,2018,2,0.2183799561106925
4,TCIV,2018,3,0.49150105168715985
4,TCIV,2018,4,0.5252613718999655
4,TCIV,2019,1,0.5537070432678703
4,TCIV,2019,2,0.5824143440047447
4,TCIV,2019,3,0.6197555121276954
4,TCIV,2019,4,0.6343638921874284
4,TCIV,2020,1,0.6481190975044182
4,TCIV,2020,2,0.6486425687512787
4,TCIV,2020,3,0.6561364011125503
4,TCIV,2020,4,0.6701668333357613
4,WIPH,2018,1,0.005380606820937217
4,WIPH,2018,2,0.07377863045523458
4,WIPH,2018,3,0.1583805569701724
4,WIPH,2018,4,0.16411912342959578
4,WIPH,2019,1,0.1857894514392333
4,WIPH,2019,2,0.2030812545547045
4,WIPH,2019,3,0.1867675634117827
4,WIPH,2019,4,0.18656363599085513
4,WIPH,2020,1,0.19101101323326652
4,WIPH,2020,2,0.17637314943448335
4,WIPH,2020,3,0.16796908506158115
4,WIPH,2020,4,0.18709378886228034
4,LE,2018,1,0.002315474726977129
4,LE,2018,2,0.031784522728361964
4,LE,2018,3,0.06886108488339815
4,LE,2018,4,0.07401565290772183
4,LE,2019,1,0.08432186127329544
4,LE,2019,2,0.08653324000722495
4,LE,2019,3,0.07486950084301114
4,LE,2019,4,0.0694495035490128
4,LE,2020,1,0.06504557155413426
4,LE,2020,2,0.053008739180882
4,LE,2020,3,0.0421818171763233
4,LE,2020,4,0.040525445117123304
4,LF,2018,1,0.0020474238578094273
4,LF,2018,2,0.02807739666987885
4,LF,2018,3,0.06017507556679291
4,LF,2018,4,0.06433664051723742
4,LF,2019,1,0.07356583054523025
4,LF,2019,2,0.0751176427037814
4,LF,2019,3,0.06273418954583221
4,LF,2019,4,0.05685117189346833
4,LF,2020,1,0.05195273345766083
4,LF,2020,2,0.039352812079940236
4,LF,2020,3,0.027837482068715502
4,LF,2020,4,0.026493421634099512
4,LH,2018,1,0.003398073731486484
4,LH,2018,2,0.04612962461991721
4,LH,2018,3,0.09084464600603859
4,LH,2018,4,0.07882931063618592
4,LH,2019,1,0.08419597213804586
4,LH,2019,2,0.08665195099777367
4,LH,2019,3,0.08557990737612098
4,LH,2019,4,0.08018235152855713
4,LH,2020,1,0.08099812628470371
4,LH,2020,2,0.0668599435988737
4,LH,2020,3,0.07359812527107934
4,LH,2020,4,0.07192331366721039
4,UR,2018,1,-0.0002608146082443419
4,UR,2018,2,-0.0036125465628780162
4,UR,2018,3,-0.008479443275045462
4,UR,2018,4,-0.009442055322737897
4,UR,2019,1,-0.01047946421671675
4,UR,2019,2,-0.01112415576375847
4,UR,2019,3,-0.01186604555361015
4,UR,2019,4,-0.012301569771398846
4,UR,2020,1,-0.012759034959220816
4,UR,2020,2,-0.013270418270241446
4,UR,2020,3,-0.013924821620313832
4,UR,2020,4,-0.013605158603448242
4,CUX,2018,1,0.024088085241658064
4,CUX,2018,2,0.3226136409478775
4,CUX,2018,3,0.6247058514352366
4,CUX,2018,4,0.4863303926290641
4,CUX,2019,1,0.5192678266372264
4,CUX,2019,2,0.5325338434342575
4,CUX,2019,3,0.5682142727831518
4,CUX,2019,4,0.5602393457409871
4,CUX,2020,1,0.5886301750908318
4,CUX,2020,2,0.6130244072995339
4,CUX,2020,3,0.655385588688473
4,CUX,2020,4,0.5906706815858476
4,GDPPOT,2018,1,0.0012232078687279824
4,GDPPOT,2018,2,0.016766258910938525
4,GDPPOT,2018,3,0.0358301571630415
4,GDPPOT,2018,4,0.038010347725236926
4,GDPPOT,2019,1,0.04304576966587259
4,GDPPOT,2019,2,0.04326129059848416
4,GDPPOT,2019,3,0.03473115117758052
4,GDPPOT,2019,4,0.02947118418357153
4,GDPPOT,2020,1,0.02434636210428831
4,GDPPOT,2020,2,0.01398147795390603
4,GDPPOT,2020,3,0.00409491922244154
4,GDPPOT,2020,4,5.921948997844595e-06
4,GDPGAP,2018,1,0.011963739857422606
4,GDPGAP,2018,2,0.163241227864662
4,GDPGAP,2018,3,0.3133985476652581
4,GDPGAP,2018,4,0.25536416446318055
4,GDPGAP,2019,1,0.26620900741978337
4,GDPGAP,2019,2,0.27519266142865373
4,GDPGAP,2019,3,0.28842480070794885
4,GDPGAP,2019,4,0.2766228256690255
4,GDPGAP,2020,1,0.2871187876903274
4,GDPGAP,2020,2,0.2545970142416838
4,GDPGAP,2020,3,0.29317155096692815
4,GDPGAP,2020,4,0.278851666480576
4,RCD,2018,1,0.0008514191139266459
4,RCD,2018,2,0.011972054799182896
4,RCD,2018,3,0.02844862820733207
4,RCD,2018,4,0.0360352754784255
4,RCD,2019,1,0.04615877686295918
4,RCD,2019,2,0.054999524384299336
4,RCD,2019,3,0.06045758545700991
4,RCD,2019,4,0.06484930667067101
4,RCD,2020,1,0.0688219327394981
4,RCD,2020,2,0.06912234753544388
4,RCD,2020,3,0.07115923402417595
4,RCD,2020,4,0.0737979946280296
4,RGB,2018,1,0.0004343173985643656
4,RGB,2018,2,0.006052885103352272
4,RGB,2018,3,0.013748846207457532
4,RGB,2018,4,0.016554710383821836
4,RGB,2019,1,0.021219666159964956
4,RGB,2019,2,0.025139867328390214
4,RGB,2019,3,0.02752868005833172
4,RGB,2019,4,0.029718038080398128
4,RGB,2020,1,0.031962184519047615
4,RGB,2020,2,0.03262739353119643
4,RGB,2020,3,0.03463247255329607
4,RGB,2020,4,0.036981885562731714
4,PERR,2018,1,-0.003074081565564768
4,PERR,2018,2,-0.04279916887480084
4,PERR,2018,3,-0.12065139143044945
4,PERR,2018,4,-0.205252232758653
4,PERR,2019,1,-0.3152654907935819
4,PERR,2019,2,-0.38720065334022635
4,PERR,2019,3,-0.4318843045350569
4,PERR,2019,4,-0.5026532794332113
4,PERR,2020,1,-0.5530885916812665
4,PERR,2020,2,-0.6572423573405537
4,PERR,2020,3,-0.8805604001974032
4,PERR,2020,4,-0.978270218277487
4,UCC,2018,1,-2.7117479095561947e-05
4,UCC,2018,2,-0.008684811176773444
4,UCC,2018,3,-0.08775306351518353
4,UCC,2018,4,-0.17698568894380928
4,UCC,2019,1,-0.19163937948565302
4,UCC,2019,2,-0.1460496956130597
4,UCC,2019,3,-0.03327246284140495
4,UCC,2019,4,0.009675924553897985
4,UCC,2020,1,-0.038808820868696525
4,UCC,2020,2,-0.05631986735826766
4,UCC,2020,3,-0.12631187010060385
4,UCC,2020,4,-0.1966194737397453
4,FXS,2018,1,-0.0001963066979193684
4,FXS,2018,2,-0.0030161271101669662
4,FXS,2018,3,-0.009624252842987957
4,FXS,2018,4,-0.01837688150877481
4,FXS,2019,1,-0.029779153174425144
4,FXS,2019,2,-0.04339595138027619
4,FXS,2019,3,-0.05806664231048364
4,FXS,2019,4,-0.07389209443822153
4,FXS,2020,1,-0.09068277523424095
4,FXS,2020,2,-0.1062219337516046
4,FXS,2020,3,-0.12301859191439224
4,FXS,2020,4,-0.1405160963500962
4,PSHARE,2018,1,-0.0007447969391005671
4,PSHARE,2018,2,-0.01667105978908623
4,PSHARE,2018,3,-0.12053381036734034
4,PSHARE,2018,4,-0.34089860294264085
4,PSHARE,2019,1,-0.606221386825756
4,PSHARE,2019,2,-0.8932835178756537
4,PSHARE,2019,3,-1.143050788774358
4,PSHARE,2019,4,-1.3433957197289792
4,PSHARE,2020,1,-1.5125901475842363
4,PSHARE,2020,2,-1.6356338687133376
4,PSHARE,2020,3,-1.7183327391912528
4,PSHARE,2020,4,-1.7870438894227125
4,PLAND,2018,1,-1.074082750518457e-05
4,PLAND,2018,2,-0.00020578950519212214
4,PLAND,2018,3,-2.8773271454340943e-05
4,PLAND,2018,4,0.0013246457945870205
4,PLAND,2019,1,0.0048882973299191335
4,PLAND,2019,2,0.01037639235106358
4,PLAND,2019,3,0.01937645535963206
4,PLAND,2019,4,0.029972850938797535
4,PLAND,2020,1,0.04265088942221329
4,PLAND,2020,2,0.05876385800092088
4,PLAND,2020,3,0.07266993589032378
4,PLAND,2020,4,0.0891803875180619
4,M2CD,2018,1,0.009881659512367413
4,M2CD,2018,2,0.13379166509110973
4,M2CD,2018,3,0.24534090905299344
4,M2CD,2018,4,0.17297164011418342
4,M2CD,2019,1,0.16797676085946733
4,M2CD,2019,2,0.1660223917714143
4,M2CD,2019,3,0.1745627091404245
4,M2CD,2019,4,0.17497289045669273
4,M2CD,2020,1,0.1888179771035503
4,M2CD,2020,2,0.18909592728051372
4,M2CD,2020,3,0.22354901603278687
4,M2CD,2020,4,0.21730274632321134
4,BGVATGDPV,2018,1,-0.9980539251688434
4,BGVATGDPV,2018,2,-0.9704992000909685
4,BGVATGDPV,2018,3,-0.924654376214435
4,BGVATGDPV,2018,4,-0.9005405432216982
4,BGVATGDPV,2019,1,-0.8795932117754215
4,BGVATGDPV,2019,2,-0.8636898449577752
4,BGVATGDPV,2019,3,-0.8603974963129546
4,BGVATGDPV,2019,4,-0.8632595040330648
4,BGVATGDPV,2020,1,-0.863802910123399
4,BGVATGDPV,2020,2,-0.8659719814073101
4,BGVATGDPV,2020,3,-0.8728671898268141
4,BGVATGDPV,2020,4,-0.8805679265457105
4,SBGVATGDPV,2018,1,0.21831698579907766
4,SBGVATGDPV,2018,2,0.0637143444804451
4,SBGVATGDPV,2018,3,-0.11911232538949434
4,SBGVATGDPV,2018,4,0.19251723181267266
4,SBGVATGDPV,2019,1,0.3366190064629109
4,SBGVATGDPV,2019,2,0.4858265677829081
4,SBGVATGDPV,2019,3,0.6367302461900977
4,SBGVATGDPV,2019,4,0.8397464309452971
4,SBGVATGDPV,2020,1,0.9996915632899004
4,SBGVATGDPV,2020,2,1.2464299612487935
4,SBGVATGDPV,2020,3,1.3227349559325035
4,SBGVATGDPV,2020,4,1.5219812591470827
4,BCVATGDPV,2018,1,-0.0008532762712212261
4,BCVATGDPV,2018,2,-0.06459351934163937
4,BCVATGDPV,2018,3,-0.1926750455302253
4,BCVATGDPV,2018,4,-0.2717407854110103
4,BCVATGDPV,2019,1,-0.27695592786034595
4,BCVATGDPV,2019,2,-0.2905170984285519
4,BCVATGDPV,2019,3,-0.340504267440239
4,BCVATGDPV,2019,4,-0.38366057409337495
4,BCVATGDPV,2020,1,-0.4044916293572669
4,BCVATGDPV,2020,2,-0.435312642361775
4,BCVATGDPV,2020,3,-0.44338948822001933
4,BCVATGDPV,2020,4,-0.4534189997342022
4,KFP,2018,1,-1.82627329703422e-05
4,KFP,2018,2,-0.0002892608570892463
4,KFP,2018,3,-0.0010477825687971176
4,KFP,2018,4,-0.002231949384678966
4,KFP,2019,1,-0.003998085660839035
4,KFP,2019,2,-0.006813761908774918
4,KFP,2019,3,-0.011149693145118267
4,KFP,2019,4,-0.01661026158592538
4,KFP,2020,1,-0.02366030294610466
4,KFP,2020,2,-0.031131072086820755
4,KFP,2020,3,-0.03929129405851883
4,KFP,2020,4,-0.04806420374834364
4,KHP,2018,1,0.004564173797194648
4,KHP,2018,2,0.009187668389465387
4,KHP,2018,3,0.01728961204465751
4,KHP,2018,4,0.025573605987738723
4,KHP,2019,1,0.034358183258853536
4,KHP,2019,2,0.04325818840626994
4,KHP,2019,3,0.05233490543110619
4,KHP,2019,4,0.0611387942907049
4,KHP,2020,1,0.06942078305569588
4,KHP,2020,2,0.07678649078493027
4,KHP,2020,3,0.08413853002606775
4,KHP,2020,4,0.09098200175992055
4,KG,2018,1,2.0339285811132868e-11
4,KG,2018,2,-2.716715741257758e-11
4,KG,2018,3,-1.6431300764452317e-12
4,KG,2018,4,-5.662137425588298e-13
4,KG,2019,1,3.597122599785507e-12
4,KG,2019,2,2.2426505097428162e-12
4,KG,2019,3,1.3256062914024369e-11
4,KG,2019,4,3.668176873361517e-11
4,KG,2020,1,6.150635556423367e-12
4,KG,2020,2,1.5587531265737198e-11
4,KG,2020,3,1.716404796070492e-11
4,KG,2020,4,1.3100631690576847e-11
4,BCVATGDPV,2018,0,-0.13246565663852405
4,BCVATGDPV,2019,0,-0.32290946695562794
4,BCVATGDPV,2020,0,-0.43415318991831586
4,BGVATGDPV,2018,0,-0.9484370111739863
4,BGVATGDPV,2019,0,-0.866735014269804
4,BGVATGDPV,2020,0,-0.8708025019758084
4,CG,2018,0,-1.7486012637846216e-13
4,CG,2019,0,1.9484414082171497e-12
4,CG,2020,0,2.403632848313464e-12
4,CGPI,2018,0,0.00022535431425940722
4,CGPI,2019,0,0.031086915115252634
4,CGPI,2020,0,0.09306846386439305
4,CGV,2018,0,0.00022672438340087808
4,CGV,2019,0,0.02118595366074616
4,CGV,2020,0,0.07813083767502782
4,CP,2018,0,0.5759267665529755
4,CP,2019,0,1.0945238509717403
4,CP,2020,0,1.158005213715424
4,CPV,2018,0,0.5772189313917736
4,CPV,2019,0,1.134391508254834
4,CPV,2020,0,1.2704705572606223
4,CUX,2018,0,0.36443449256345906
4,CUX,2019,0,0.5450638221489057
4,CUX,2020,0,0.6119277131661716
4,FXS,2018,0,-0.007803392039962276
4,FXS,2019,0,-0.051283460325851626
4,FXS,2020,0,-0.1151098493125835
4,GDP,2018,0,0.20635560758313076
4,GDP,2019,0,0.31295267968842744
4,GDP,2020,0,0.30029991559557545
4,GDPD,2018,0,0.29073624026446315
4,GDPD,2019,0,0.020950884159810584
4,GDPD,2020,0,-0.023294945238897413
4,GDPGAP,2018,0,0.18599191996263081
4,GDPGAP,2019,0,0.27661232380635287
4,GDPGAP,2020,0,0.27843475484487884
4,GDPPOT,2018,0,0.022957492916986233
4,GDPPOT,2019,0,0.0376273489063772
4,GDPPOT,2020,0,0.010607170307408431
4,GDPV,2018,0,0.22318893034796727
4,GDPV,2019,0,0.3914930320477017
4,GDPV,2020,0,0.4630278166003088
4,IFP,2018,0,-0.018246940001909184
4,IFP,2019,0,-0.12404710281791465
4,IFP,2020,0,-0.2998909470579292
4,IFPV,2018,0,0.025789801953240987
4,IFPV,2019,0,0.003574914364523618
4,IFPV,2020,0,-0.08773810300460039
4,IG,2018,0,0.0
4,IG,2019,0,0.0
4,IG,2020,0,0.0
4,IGV,2018,0,0.03811990848588964
4,IGV,2019,0,0.12226406775487364
4,IGV,2020,0,0.22230896775102815
4,IHP,2018,0,0.5158395870338284
4,IHP,2019,0,0.7148655482844823
4,IHP,2020,0,0.684947349730125
4,IHPV,2018,0,0.5129431492143788
4,IHPV,2019,0,0.7526650019595071
4,IHPV,2020,0,0.8153895449719784
4,KFP,2018,0,-0.0008968138858839181
4,KFP,2019,0,-0.0096429505751644
4,KFP,2020,0,-0.03553671820994697
4,KG,2018,0,-2.2593038551121936e-12
4,KG,2019,0,1.3944401189291966e-11
4,KG,2020,0,1.3000711618360583e-11
4,KHP,2018,0,0.014153765054764067
4,KHP,2019,0,0.04777251784673364
4,KHP,2020,0,0.08033195140665361
4,LE,2018,0,0.04424418381161477
4,LE,2019,0,0.07879352641813608
4,LE,2020,0,0.05019039325711572
4,LF,2018,0,0.03865913415292965
4,LF,2019,0,0.06706720867207805
4,LF,2020,0,0.03640911231010402
4,LH,2018,0,0.05480041374840705
4,LH,2019,0,0.08415254551012441
4,LH,2020,0,0.07334487720546679
4,M2CD,2018,0,0.1404964684426635
4,M2CD,2019,0,0.17088368805699972
4,M2CD,2020,0,0.20469141668501556
4,MGS,2018,0,0.6862323949718363
4,MGS,2019,0,1.5900512925111354
4,MGS,2020,0,1.732647567286233
4,MGSV,2018,0,0.6559710875240266
4,MGSV,2019,0,1.540735657053377
4,MGSV,2020,0,1.7358452099802635
4,NIV,2018,0,0.2770753030384654
4,NIV,2019,0,0.41618901304669165
4,NIV,2020,0,0.3325362246440311
4,PCP,2018,0,0.001279002010351471
4,PCP,2019,0,0.03942672373560829
4,PCP,2020,0,0.11118162384894936
4,PERR,2018,0,-0.09294421865736702
4,PERR,2019,0,-0.4092509320255191
4,PERR,2020,0,-0.7672903918741776
4,PGDP,2018,0,0.01678446975474368
4,PGDP,2019,0,0.07829483913867619
4,PGDP,2020,0,0.16224271870310392
4,PIFP,2018,0,0.04404917217196158
4,PIFP,2019,0,0.127792669460991
4,PIFP,2020,0,0.2127996970153867
4,PIHP,2018,0,-0.002879123405982731
4,PIHP,2019,0,0.03752871997328988
4,PIHP,2020,0,0.12956016192742226
4,PLAND,2018,0,0.0002698355476088432
4,PLAND,2019,0,0.016153498994853077
4,PLAND,2020,0,0.06581626770787996
4,PMGS,2018,0,-0.0299055691288741
4,PMGS,2019,0,-0.04854377020593603
4,PMGS,2020,0,0.0031452947473337156
4,PSHARE,2018,0,-0.119712067509542
4,PSHARE,2019,0,-0.9964878533011867
4,PSHARE,2020,0,-1.6634001612278848
4,PXGS,2018,0,-0.003116135466976755
4,PXGS,2019,0,-0.020481683348147484
4,PXGS,2020,0,-0.045981290996630064
4,RCD,2018,0,0.019326844399716776
4,RCD,2019,0,0.05661629834373486
4,RCD,2020,0,0.07072537723178689
4,RGB,2018,0,0.009197689773299001
4,RGB,2019,0,0.025901562906771255
4,RGB,2020,0,0.03405098404156796
4,SBGVATGDPV,2018,0,0.08885905917567527
4,SBGVATGDPV,2019,0,0.5747305628453034
4,SBGVATGDPV,2020,0,1.27270943490457
4,TAXV,2018,0,-5.197414558076146
4,TAXV,2019,0,-4.791844501423181
4,TAXV,2020,0,-4.531932285192546
4,TCIV,2018,0,0.311833785356902
4,TCIV,2019,0,0.5975601978969347
4,TCIV,2020,0,0.6557662251760021
4,TYCV,2018,0,0.24939344779941752
4,TYCV,2019,0,1.1233303646889292
4,TYCV,2020,0,1.0415705703825218
4,TYPV,2018,0,-17.973787183420143
4,TYPV,2019,0,-17.688400295396512
4,TYPV,2020,0,-17.129170987202013
4,UCC,2018,0,-0.06836267027871545
4,UCC,2019,0,-0.09032140334655492
4,UCC,2020,0,-0.10451500801682834
4,UR,2018,0,-0.005448714942226429
4,UR,2019,0,-0.011442808826371054
4,UR,2020,0,-0.013389858363306084
4,WIPH,2018,0,0.100414729418985
4,WIPH,2019,0,0.1905504763491439
4,WIPH,2020,0,0.18061175914790284
4,XGS,2018,0,-4.7260592431208615e-05
4,XGS,2019,0,-0.0017157600526007677
4,XGS,2020,0,-0.008870734327340313
4,XGSV,2018,0,-0.0031633929010732587
4,XGSV,2019,0,-0.022197019834901965
4,XGSV,2020,0,-0.054847736098162514
4,YCV,2018,0,0.7723509596520239
4,YCV,2019,0,0.8770422419663415
4,YCV,2020,0,0.56444902435549
4,YDV,2018,0,2.0191646668700267
4,YDV,2019,0,2.1334658843430168
4,YDV,2020,0,1.9716945659812801
4,YWV,2018,0,0.1894016578472768
4,YWV,2019,0,0.33565393837374224
4,YWV,2020,0,0.288662656932015
5,GDP,2018,1,0.13430656666686414
5,GDP,2018,2,0.27110923507061013
5,GDP,2018,3,0.4090210074780387
5,GDP,2018,4,0.55835075117463
5,GDP,2019,1,0.5614580510410638
5,GDP,2019,2,0.5686143257190412
5,GDP,2019,3,0.5742737665795472
5,GDP,2019,4,0.5386098943474638
5,GDP,2020,1,0.5302191838240988
5,GDP,2020,2,0.5062594996624092
5,GDP,2020,3,0.47564315224244424
5,GDP,2020,4,0.4642903286466771
5,CP,2018,1,0.00033568821611318356
5,CP,2018,2,0.01988732362547818
5,CP,2018,3,0.07234835233722592
5,CP,2018,4,0.13483937998215456
5,CP,2019,1,0.20168373653919325
5,CP,2019,2,0.25323400636168003
5,CP,2019,3,0.2754666783267634
5,CP,2019,4,0.285041993427404
5,CP,2020,1,0.27524286395874675
5,CP,2020,2,0.2625712330035057
5,CP,2020,3,0.23770994053533556
5,CP,2020,4,0.21232171565526148
5,IFP,2018,1,0.8108761378377238
5,IFP,2018,2,1.577717687702207
5,IFP,2018,3,2.3307207155629728
5,IFP,2018,4,3.067718376426476
5,IFP,2019,1,2.9755078260988554
5,IFP,2019,2,2.9541275673107936
5,IFP,2019,3,2.9161466835099015
5,IFP,2019,4,2.8392237500366013
5,IFP,2020,1,2.7056335762173367
5,IFP,2020,2,2.579863838823493
5,IFP,2020,3,2.5284466135441663
5,IFP,2020,4,2.5373059017752553
5,IHP,2018,1,0.01310084323247196
5,IHP,2018,2,0.03213146540952394
5,IHP,2018,3,0.06199925707810472
5,IHP,2018,4,0.10570426630753804
5,IHP,2019,1,0.13614346532202504
5,IHP,2019,2,0.1772378162794075
5,IHP,2019,3,0.1952541259980567
5,IHP,2019,4,0.20705098880144934
5,IHP,2020,1,0.2062057202378842
5,IHP,2020,2,0.18293686457888647
5,IHP,2020,3,0.1724697858241253
5,IHP,2020,4,0.149569598993593
5,IG,2018,1,0.0
5,IG,2018,2,0.0
5,IG,2018,3,0.0
5,IG,2018,4,0.0
5,IG,2019,1,0.0
5,IG,2019,2,0.0
5,IG,2019,3,0.0
5,IG,2019,4,0.0
5,IG,2020,1,0.0
5,IG,2020,2,0.0
5,IG,2020,3,0.0
5,IG,2020,4,0.0
5,CG,2018,1,0.0
5,CG,2018,2,7.993605777301127e-13
5,CG,2018,3,2.398081733190338e-12
5,CG,2018,4,2.4646951146678475e-12
5,CG,2019,1,1.1102230246251565e-13
5,CG,2019,2,-1.1102230246251565e-14
5,CG,2019,3,-1.7319479184152442e-12
5,CG,2019,4,-1.5765166949677223e-12
5,CG,2020,1,-2.475797344914099e-12
5,CG,2020,2,-1.7430501486614958e-12
5,CG,2020,3,-3.4416913763379853e-13
5,CG,2020,4,1.3766765505351941e-12
5,XGS,2018,1,0.0
5,XGS,2018,2,-1.906379312188733e-05
5,XGS,2018,3,-0.00010927933803417389
5,XGS,2018,4,-0.0003721697707348426
5,XGS,2019,1,-0.0009737607586934871
5,XGS,2019,2,-0.002108979572412739
5,XGS,2019,3,-0.003962238167742882
5,XGS,2019,4,-0.006654939675054816
5,XGS,2020,1,-0.01019879828945136
5,XGS,2020,2,-0.014490302629721619
5,XGS,2020,3,-0.019332310467534697
5,XGS,2020,4,-0.024482548696658224
5,MGS,2018,1,0.016588710842779797
5,MGS,2018,2,0.048056085802650195
5,MGS,2018,3,0.11786091758467787
5,MGS,2018,4,0.22045450174108527
5,MGS,2019,1,0.31562984640367553
5,MGS,2019,2,0.3969951662762927
5,MGS,2019,3,0.45448745286365
5,MGS,2019,4,0.48019592296730806
5,MGS,2020,1,0.4836283112183093
5,MGS,2020,2,0.45683939474951973
5,MGS,2020,3,0.4356568250221349
5,MGS,2020,4,0.40791090558565113
5,GDPD,2018,1,0.537649468578979
5,GDPD,2018,2,0.5486326906360381
5,GDPD,2018,3,0.5474193420504312
5,GDPD,2018,4,0.5933555542483036
5,GDPD,2019,1,0.012390365028117079
5,GDPD,2019,2,0.028593950622572972
5,GDPD,2019,3,0.022553014335741195
5,GDPD,2019,4,-0.13772623228547864
5,GDPD,2020,1,-0.03355840570894575
5,GDPD,2020,2,-0.08808084820229567
5,GDPD,2020,3,-0.12848506753840638
5,GDPD,2020,4,-0.04596610297309223
5,PGDP,2018,1,0.0036870262326571535
5,PGDP,2018,2,0.011745613547797795
5,PGDP,2018,3,0.020580018051652438
5,PGDP,2018,4,0.03993404802777878
5,PGDP,2019,1,0.05225978709750834
5,PGDP,2019,2,0.07491087823519038
5,PGDP,2019,3,0.09541661747056729
5,PGDP,2019,4,0.11785234576886516
5,PGDP,2020,1,0.13928890525802817
5,PGDP,2020,2,0.15928636538955487
5,PGDP,2020,3,0.16757016030879424
5,PGDP,2020,4,0.1828604246412402
5,PCP,2018,1,-0.0003457485366231694
5,PCP,2018,2,-0.0001100234764295216
5,PCP,2018,3,0.002765993546383072
5,PCP,2018,4,0.010393308595180173
5,PCP,2019,1,0.024748043048217205
5,PCP,2019,2,0.04494898973976813
5,PCP,2019,3,0.06858663701156953
5,PCP,2019,4,0.09309478059034149
5,PCP,2020,1,0.11617802473311567
5,PCP,2020,2,0.13716737835631765
5,PCP,2020,3,0.15568707447484176
5,PCP,2020,4,0.17142218435932666
5,PIFP,2018,1,0.021390153314349014
5,PIFP,2018,2,0.04941859800093873
5,PIFP,2018,3,0.0828771823445873
5,PIFP,2018,4,0.12123436664122078
5,PIFP,2019,1,0.14325802170229718
5,PIFP,2019,2,0.16389775422063213
5,PIFP,2019,3,0.18484612756619612
5,PIFP,2019,4,0.19807729834759868
5,PIFP,2020,1,0.21342340528562875
5,PIFP,2020,2,0.22418039996867645
5,PIFP,2020,3,0.23483731512945472
5,PIFP,2020,4,0.24330541830366315
5,PIHP,2018,1,-0.0013431276018049942
5,PIHP,2018,2,-0.002704480795145958
5,PIHP,2018,3,-0.0015168655751351956
5,PIHP,2018,4,0.004175869858502601
5,PIHP,2019,1,0.019333209375616
5,PIHP,2019,2,0.04127891110892179
5,PIHP,2019,3,0.06864879026489135
5,PIHP,2019,4,0.097559484914167
5,PIHP,2020,1,0.12432407430291725
5,PIHP,2020,2,0.15191852487994595
5,PIHP,2020,3,0.17484975307791029
5,PIHP,2020,4,0.19262298830060587
5,PXGS,2018,1,-0.0007993679914441998
5,PXGS,2018,2,-0.002983448823490331
5,PXGS,2018,3,-0.00724025791546401
5,PXGS,2018,4,-0.014201315618278532
5,PXGS,2019,1,-0.02317299964408326
5,PXGS,2019,2,-0.03388714402736692
5,PXGS,2019,3,-0.04541632985084476
5,PXGS,2019,4,-0.05712324172058025
5,PXGS,2020,1,-0.06871389880099832
5,PXGS,2020,2,-0.07933320997484117
5,PXGS,2020,3,-0.08923370754763127
5,PXGS,2020,4,-0.09854903644526125
5,PMGS,2018,1,-0.0010443609880228522
5,PMGS,2018,2,-0.0041941921585575415
5,PMGS,2018,3,-0.011770975712277476
5,PMGS,2018,4,-0.024540726044197658
5,PMGS,2019,1,-0.030705410218567764
5,PMGS,2019,2,-0.04777039694442431
5,PMGS,2019,3,-0.05400483499062858
5,PMGS,2019,4,-0.0661522540028825
5,PMGS,2020,1,-0.07964149752687222
5,PMGS,2020,2,-0.05673605095654066
5,PMGS,2020,3,-0.07124401925296953
5,PMGS,2020,4,-0.08302777817786877
5,CGPI,2018,1,-0.0004992053646124539
5,CGPI,2018,2,0.004537980524066398
5,CGPI,2018,3,0.010000346988814357
5,CGPI,2018,4,0.017783091848633248
5,CGPI,2019,1,0.030955267925381058
5,CGPI,2019,2,0.04095396678325258
5,CGPI,2019,3,0.05479305282896085
5,CGPI,2019,4,0.06846222131395852
5,CGPI,2020,1,0.07844912853258723
5,CGPI,2020,2,0.09611890156344671
5,CGPI,2020,3,0.1055020588713651
5,CGPI,2020,4,0.11100234086833805
5,GDPV,2018,1,0.13799854481788554
5,GDPV,2018,2,0.2828866920614681
5,GDPV,2018,3,0.42968520212687267
5,GDPV,2018,4,0.5985077712595377
5,GDPV,2019,1,0.6140112549206656
5,GDPV,2019,2,0.643951157939382
5,GDPV,2019,3,0.6702383366532283
5,GDPV,2019,4,0.6570970045113755
5,GDPV,2020,1,0.670246625578752
5,GDPV,2020,2,0.6663522674084321
5,GDPV,2020,3,0.6440103485439552
5,GDPV,2020,4,0.6479997565544515
5,CPV,2018,1,-1.0061480015810531e-05
5,CPV,2018,2,0.01977727827051634
5,CPV,2018,3,0.07511634703498693
5,CPV,2018,4,0.14524670284927765
5,CPV,2019,1,0.2264816923651214
5,CPV,2019,2,0.2982968222285276
5,CPV,2019,3,0.34424224866969055
5,CPV,2019,4,0.37840213323461214
5,CPV,2020,1,0.39174066041491873
5,CPV,2020,2,0.4000987734394501
5,CPV,2020,3,0.393767098665343
5,CPV,2020,4,0.3841078665410169
5,IFPV,2018,1,0.8324397388084659
5,IFPV,2018,2,1.6279159716793945
5,IFPV,2018,3,2.415529533566052
5,IFPV,2018,4,3.1926718719951452
5,IFPV,2019,1,3.1230285014473003
5,IFPV,2019,2,3.1228670702598604
5,IFPV,2019,3,3.1063831952960808
5,IFPV,2019,4,3.0429249060677455
5,IFPV,2020,1,2.924831436821962
5,IFPV,2020,2,2.8098277878740863
5,IFPV,2020,3,2.769221664828536
5,IFPV,2020,4,2.7867847228336684
5,IHPV,2018,1,0.011757539662982097
5,IHPV,2018,2,0.0294261156109199
5,IHPV,2018,3,0.06048145105583824
5,IHPV,2018,4,0.10988455024052435
5,IHPV,2019,1,0.15550299559983216
5,IHPV,2019,2,0.21858988922729417
5,IHPV,2019,3,0.2640369558569722
5,IHPV,2019,4,0.30481247162341685
5,IHPV,2020,1,0.3307861578894844
5,IHPV,2020,2,0.33513330444427947
5,IHPV,2020,3,0.3476211018915043
5,IHPV,2020,4,0.34248069271800574
5,IGV,2018,1,0.01858711589244333
5,IGV,2018,2,0.042937813561527705
5,IGV,2018,3,0.07264314933945748
5,IGV,2018,4,0.10780057233714668
5,IGV,2019,1,0.13096172125792727
5,IGV,2019,2,0.154893826098923
5,IGV,2019,3,0.18074159992254035
5,IGV,2019,4,0.20037043410154887
5,IGV,2020,1,0.22147354224766325
5,IGV,2020,2,0.2387018065695301
5,IGV,2020,3,0.254666457992081
5,IGV,2020,4,0.26734308759226444
5,CGV,2018,1,2.220446049250313e-14
5,CGV,2018,2,-0.00013348641059174327
5,CGV,2018,3,0.0005089535242364107
5,CGV,2018,4,0.0034108254612696953
5,CGV,2019,1,0.010289828550713587
5,CGV,2019,2,0.022512446204969727
5,CGV,2019,3,0.039361751599753525
5,CGV,2019,4,0.05921071369705544
5,CGV,2020,1,0.08008689114971101
5,CGV,2020,2,0.1002207226200369
5,CGV,2020,3,0.11888679419265191
5,CGV,2020,4,0.1355832711259719
5,XGSV,2018,1,-0.0007993679860485159
5,XGSV,2018,2,-0.0030025120371535152
5,XGSV,2018,3,-0.007349529339528704
5,XGSV,2018,4,-0.01457343254348542
5,XGSV,2019,1,-0.024146534754254656
5,XGSV,2019,2,-0.03599540893155506
5,XGSV,2019,3,-0.04937676851366479
5,XGSV,2019,4,-0.06377437989000256
5,XGSV,2020,1,-0.07890568909544315
5,XGSV,2020,2,-0.09381201697282737
5,XGSV,2020,3,-0.10854876706575256
5,XGSV,2020,4,-0.12300745781119726
5,MGSV,2018,1,0.015544176608739413
5,MGSV,2018,2,0.04385987807951075
5,MGSV,2018,3,0.10607606849242224
5,MGSV,2018,4,0.1958596745615493
5,MGSV,2019,1,0.2848275207459894
5,MGSV,2019,2,0.349035123165109
5,MGSV,2019,3,0.4002371726740561
5,MGSV,2019,4,0.41372600853775143
5,MGSV,2020,1,0.4036016448619062
5,MGSV,2020,2,0.3998441511611883
5,MGSV,2020,3,0.3641024263368875
5,MGSV,2020,4,0.32454444804592697
5,NIV,2018,1,0.188660706312338
5,NIV,2018,2,0.3591692874258978
5,NIV,2018,3,0.5289421619419032
5,NIV,2018,4,0.7277597812547221
5,NIV,2019,1,0.7138933153094884
5,NIV,2019,2,0.6964542886924274
5,NIV,2019,3,0.6537607155986169
5,NIV,2019,4,0.5574043478646207
5,NIV,2020,1,0.5180970756079706
5,NIV,2020,2,0.4334829144217789
5,NIV,2020,3,0.3384207854834509
5,NIV,2020,4,0.3311518819388626
5,YWV,2018,1,0.1055221973727205
5,YWV,2018,2,0.2432523180557089
5,YWV,2018,3,0.3856404858865625
5,YWV,2018,4,0.5695734951938425
5,YWV,2019,1,0.6163024551947061
5,YWV,2019,2,0.6569805917037375
5,YWV,2019,3,0.6448010322324116
5,YWV,2019,4,0.6021976437489363
5,YWV,2020,1,0.5996133312559326
5,YWV,2020,2,0.5266574565343518
5,YWV,2020,3,0.4894856770093048
5,YWV,2020,4,0.505681182498563
5,YCV,2018,1,0.7035813529897128
5,YCV,2018,2,0.9676920515816922
5,YCV,2018,3,1.3092210110068558
5,YCV,2018,4,1.8264417291821822
5,YCV,2019,1,1.387029802256845
5,YCV,2019,2,0.9702771148627276
5,YCV,2019,3,0.7017052462040319
5,YCV,2019,4,0.1825720154351007
5,YCV,2020,1,0.060650295073583216
5,YCV,2020,2,-1.215501865365709
5,YCV,2020,3,-1.0358147618153013
5,YCV,2020,4,-0.8380890486606507
5,YDV,2018,1,0.08907095893722072
5,YDV,2018,2,0.22617034811658332
5,YDV,2018,3,0.3555501663314864
5,YDV,2018,4,0.518686205357799
5,YDV,2019,1,0.5702464575680022
5,YDV,2019,2,0.6178260623971532
5,YDV,2019,3,0.6093205586330308
5,YDV,2019,4,0.5744743155571053
5,YDV,2020,1,0.5581725567279872
5,YDV,2020,2,0.4633763719969597
5,YDV,2020,3,0.4603297531615036
5,YDV,2020,4,0.48453291915102614
5,TAXV,2018,1,-5.453789810535492
5,TAXV,2018,2,-5.22730484011894
5,TAXV,2018,3,-5.06507418356803
5,TAXV,2018,4,-4.846655436809555
5,TAXV,2019,1,-4.695502195353473
5,TAXV,2019,2,-4.803359072303892
5,TAXV,2019,3,-4.696236485048932
5,TAXV,2019,4,-4.6323845612961545
5,TAXV,2020,1,-4.645173988451667
5,TAXV,2020,2,-4.474167858093159
5,TAXV,2020,3,-4.672705042868319
5,TAXV,2020,4,-4.781754761536517
5,TYPV,2018,1,0.10181441795227286
5,TYPV,2018,2,0.23288465109017054
5,TYPV,2018,3,0.39056208970080775
5,TYPV,2018,4,0.5894833631428398
5,TYPV,2019,1,0.6912173129669075
5,TYPV,2019,2,0.7720959194800425
5,TYPV,2019,3,0.8243169554282836
5,TYPV,2019,4,0.7954359354338747
5,TYPV,2020,1,0.7723116288819387
5,TYPV,2020,2,0.7018372316285992
5,TYPV,2020,3,0.641180983446632
5,TYPV,2020,4,0.596249445278807
5,TYCV,2018,1,-21.992078833954643
5,TYCV,2018,2,-20.89824388992031
5,TYCV,2018,3,-20.42191574719132
5,TYCV,2018,4,-19.984504090185307
5,TYCV,2019,1,-20.171122419998234
5,TYCV,2019,2,-21.215391481660227
5,TYCV,2019,3,-21.007150812431853
5,TYCV,2019,4,-20.2004005184211
5,TYCV,2020,1,-19.464311526892907
5,TYCV,2020,2,-20.506619420727944
5,TYCV,2020,3,-21.616752205282474
5,TYCV,2020,4,-21.917680224297374
5,TCIV,2018,1,0.12992965185285588
5,TCIV,2018,2,0.26856560073036384
5,TCIV,2018,3,0.4131907169003135
5,TCIV,2018,4,0.5807591139255219
5,TCIV,2019,1,0.6128746401271368
5,TCIV,2019,2,0.6495255380150278
5,TCIV,2019,3,0.6804577765038955
5,TCIV,2019,4,0.6669102513722436
5,TCIV,2020,1,0.6747225155326442
5,TCIV,2020,2,0.6533662401565277
5,TCIV,2020,3,0.6403916181970226
5,TCIV,2020,4,0.6529652991442259
5,WIPH,2018,1,0.053097931732426495
5,WIPH,2018,2,0.13056322258997444
5,WIPH,2018,3,0.2111704112929269
5,WIPH,2018,4,0.3222824938212687
5,WIPH,2019,1,0.36193317402373193
5,WIPH,2019,2,0.39943857271140804
5,WIPH,2019,3,0.40253383872541626
5,WIPH,2019,4,0.39304281444954015
5,WIPH,2020,1,0.40489280971272024
5,WIPH,2020,2,0.37017748070520273
5,WIPH,2020,3,0.35835375892343535
5,WIPH,2020,4,0.3834929178265556
5,LE,2018,1,0.022969940281192258
5,LE,2018,2,0.05614309115158367
5,LE,2018,3,0.09263147043689912
5,LE,2018,4,0.14007734104037883
5,LE,2019,1,0.15489501463978872
5,LE,2019,2,0.16506544004624146
5,LE,2019,3,0.15737398479274134
5,LE,2019,4,0.1432784483231364
5,LE,2020,1,0.1368088562230696
5,LE,2020,2,0.11239137947187672
5,LE,2020,3,0.09639627903414993
5,LE,2020,4,0.09591897291785223
5,LF,2018,1,0.020169291461957783
5,LF,2018,2,0.04969625217756679
5,LF,2018,3,0.0821852527539857
5,LF,2018,4,0.12582955602939982
5,LF,2019,1,0.13944560295768849
5,LF,2019,2,0.1497063124280551
5,LF,2019,3,0.1425066426257171
5,LF,2019,4,0.1300090015376565
5,LF,2020,1,0.12487369168800999
5,LF,2020,2,0.10116414869074664
5,LF,2020,3,0.08696172667488344
5,LF,2020,4,0.0884777124156022
5,LH,2018,1,0.03513767592935313
5,LH,2018,2,0.0694170698405161
5,LH,2018,3,0.10221319058636436
5,LH,2018,4,0.13694466003451033
5,LH,2019,1,0.13180661169300834
5,LH,2019,2,0.12678143554036847
5,LH,2019,3,0.11868762933353594
5,LH,2019,4,0.09739578473149102
5,LH,2020,1,0.08926046542341304
5,LH,2020,2,0.07231806072072189
5,LH,2020,3,0.06094225478590065
5,LH,2020,4,0.05325066083525787
5,UR,2018,1,-0.00272487596990878
5,UR,2018,2,-0.006280844758279613
5,UR,2018,3,-0.0101969580633674
5,UR,2018,4,-0.013893745049898598
5,UR,2019,1,-0.015040846320158341
5,UR,2019,2,-0.01494647545312544
5,UR,2019,3,-0.014544557474771125
5,UR,2019,4,-0.012947402960505894
5,UR,2020,1,-0.011612191142694517
5,UR,2020,2,-0.010894438145094831
5,UR,2020,3,-0.009169337011292189
5,UR,2020,4,-0.007206203675758971
5,CUX,2018,1,0.25194823895833274
5,CUX,2018,2,0.4608198292675558
5,CUX,2018,3,0.6574345777376811
5,CUX,2018,4,0.811087026622781
5,CUX,2019,1,0.7439286597808348
5,CUX,2019,2,0.6640198721734825
5,CUX,2019,3,0.624764975619585
5,CUX,2019,4,0.49225502568641666
5,CUX,2020,1,0.43832762628750466
5,CUX,2020,2,0.43972633161248886
5,CUX,2020,3,0.32197280493810876
5,CUX,2020,4,0.21989799618593597
5,GDPPOT,2018,1,0.012049452348672496
5,GDPPOT,2018,2,0.03990371863191733
5,GDPPOT,2018,3,0.0790828689040124
5,GDPPOT,2018,4,0.1331508119597924
5,GDPPOT,2019,1,0.17807668846614444
5,GDPPOT,2019,2,0.21856735982888065
5,GDPPOT,2019,3,0.24696360951230734
5,GDPPOT,2019,4,0.27143512762559663
5,GDPPOT,2020,1,0.2959995922999781
5,GDPPOT,2020,2,0.3080589193181549
5,GDPPOT,2020,3,0.32182795654571716
5,GDPPOT,2020,4,0.3438705574672518
5,GDPGAP,2018,1,0.12484904948017794
5,GDPGAP,2018,2,0.2360079406908122
5,GDPGAP,2018,3,0.33438545555605503
5,GDPGAP,2018,4,0.4289364638742137
5,GDPGAP,2019,1,0.3870956667718859
5,GDPGAP,2019,2,0.3543077387339899
5,GDPGAP,2019,3,0.33118447680188234
5,GDPGAP,2019,4,0.26131152204954766
5,GDPGAP,2020,1,0.23045563731802265
5,GDPGAP,2020,2,0.18116624515146817
5,GDPGAP,2020,3,0.14780209137588285
5,GDPGAP,2020,4,0.11704794702787336
5,RCD,2018,1,0.008682330649809368
5,RCD,2018,2,0.024913065256497002
5,RCD,2018,3,0.04609852291874078
5,RCD,2018,4,0.07300109013385603
5,RCD,2019,1,0.09235121808700245
5,RCD,2019,2,0.1067408141771255
5,RCD,2019,3,0.11421866898433633
5,RCD,2019,4,0.11550750740869681
5,RCD,2020,1,0.11382809354715917
5,RCD,2020,2,0.10546056881678478
5,RCD,2020,3,0.09688711339002515
5,RCD,2020,4,0.0900540000324132
5,RGB,2018,1,0.004428943688732687
5,RGB,2018,2,0.012155906528863863
5,RGB,2018,3,0.021917970773853657
5,RGB,2018,4,0.03426391002505315
5,RGB,2019,1,0.04241563263462092
5,RGB,2019,2,0.048600946561231935
5,RGB,2019,3,0.051760714020975145
5,RGB,2019,4,0.052519008269909725
5,RGB,2020,1,0.05258538187330897
5,RGB,2020,2,0.049889578466762424
5,RGB,2020,3,0.04793256720356083
5,RGB,2020,4,0.0471931027723584
5,PERR,2018,1,-2.3386391865230074
5,PERR,2018,2,-2.504979293954271
5,PERR,2018,3,-2.497732315674181
5,PERR,2018,4,-2.658483281190403
5,PERR,2019,1,-3.1322776508765955
5,PERR,2019,2,-3.323880874471765
5,PERR,2019,3,-3.708772856323126
5,PERR,2019,4,-4.088883672011505
5,PERR,2020,1,-4.773443559657153
5,PERR,2020,2,-4.707873642570203
5,PERR,2020,3,-8.824364764768987
5,PERR,2020,4,-14.29121015395556
5,UCC,2018,1,0.8120802289304896
5,UCC,2018,2,0.9931223083524454
5,UCC,2018,3,1.0418126607731448
5,UCC,2018,4,1.0967447103138683
5,UCC,2019,1,1.2433467330699166
5,UCC,2019,2,1.2894512995869745
5,UCC,2019,3,1.3606727249625195
5,UCC,2019,4,1.3558722186832517
5,UCC,2020,1,1.5803465098483738
5,UCC,2020,2,0.8682855665464118
5,UCC,2020,3,0.8906890635564713
5,UCC,2020,4,1.237449891742659
5,FXS,2018,1,-0.0020018411162281424
5,FXS,2018,2,-0.007471267898773171
5,FXS,2018,3,-0.01813075331129621
5,FXS,2018,4,-0.035560483067165194
5,FXS,2019,1,-0.058021909707806074
5,FXS,2019,2,-0.08484177191809827
5,FXS,2019,3,-0.1136970326837794
5,FXS,2019,4,-0.14299198378998623
5,FXS,2020,1,-0.17199093822124478
5,FXS,2020,2,-0.19855521704287282
5,FXS,2020,3,-0.22331755364950467
5,FXS,2020,4,-0.24661294277402712
5,PSHARE,2018,1,-0.007665180750993095
5,PSHARE,2018,2,-0.09650644099423733
5,PSHARE,2018,3,-0.3104314852715895
5,PSHARE,2018,4,-0.6774677172694421
5,PSHARE,2019,1,-1.1908889701582992
5,PSHARE,2019,2,-1.7330124750956855
5,PSHARE,2019,3,-2.2200152478270785
5,PSHARE,2019,4,-2.5909474336939575
5,PSHARE,2020,1,-2.8042447593744857
5,PSHARE,2020,2,-2.8766175983263476
5,PSHARE,2020,3,-2.8290194124772627
5,PSHARE,2020,4,-2.695969691381672
5,PLAND,2018,1,-0.0001095597259359593
5,PLAND,2018,2,0.00018912246964042367
5,PLAND,2018,3,0.0009628227307212356
5,PLAND,2018,4,0.003848111356008488
5,PLAND,2019,1,0.010504940971434173
5,PLAND,2019,2,0.021556149819002002
5,PLAND,2019,3,0.03833729381814699
5,PLAND,2019,4,0.059613914069256424
5,PLAND,2020,1,0.08429652808836785
5,PLAND,2020,2,0.11184542233131367
5,PLAND,2020,3,0.1390594073026552
5,PLAND,2020,4,0.16608103666679863
5,M2CD,2018,1,0.10311389326027598
5,M2CD,2018,2,0.18327822975492403
5,M2CD,2018,3,0.2512539914075962
5,M2CD,2018,4,0.3173194578881766
5,M2CD,2019,1,0.2737035803175525
5,M2CD,2019,2,0.2588073072471442
5,M2CD,2019,3,0.2705160453851496
5,M2CD,2019,4,0.2631806479578058
5,M2CD,2020,1,0.2909224208701655
5,M2CD,2020,2,0.3239464247219326
5,M2CD,2020,3,0.3476302552292587
5,M2CD,2020,4,0.38062596136723137
5,BGVATGDPV,2018,1,-0.9809148730805299
5,BGVATGDPV,2018,2,-0.9525221300122202
5,BGVATGDPV,2018,3,-0.9167057414349591
5,BGVATGDPV,2018,4,-0.8719476669263924
5,BGVATGDPV,2019,1,-0.844584235258202
5,BGVATGDPV,2019,2,-0.8310257919930435
5,BGVATGDPV,2019,3,-0.8284976049590802
5,BGVATGDPV,2019,4,-0.8362800763845892
5,BGVATGDPV,2020,1,-0.8545724036269182
5,BGVATGDPV,2020,2,-0.8668806273797491
5,BGVATGDPV,2020,3,-0.8950114389726487
5,BGVATGDPV,2020,4,-0.9197883935415812
5,SBGVATGDPV,2018,1,-0.07183076739454464
5,SBGVATGDPV,2018,2,-0.16703645650318322
5,SBGVATGDPV,2018,3,-0.2699720196486908
5,SBGVATGDPV,2018,4,-0.46042222620101825
5,SBGVATGDPV,2019,1,-0.2900263256259734
5,SBGVATGDPV,2019,2,-0.1584752405212555
5,SBGVATGDPV,2019,3,-0.014822595085774992
5,SBGVATGDPV,2019,4,0.2378702673742339
5,SBGVATGDPV,2020,1,0.43022867269840503
5,SBGVATGDPV,2020,2,0.6517545280092918
5,SBGVATGDPV,2020,3,0.8701193167691486
5,SBGVATGDPV,2020,4,1.0679447722171176
5,BCVATGDPV,2018,1,-0.008721654332148887
5,BCVATGDPV,2018,2,-0.020583692844827972
5,BCVATGDPV,2018,3,-0.038690097326034234
5,BCVATGDPV,2018,4,-0.06222127411162548
5,BCVATGDPV,2019,1,-0.08502760058031944
5,BCVATGDPV,2019,2,-0.10561343219798225
5,BCVATGDPV,2019,3,-0.15322996259371147
5,BCVATGDPV,2019,4,-0.19553809868187688
5,BCVATGDPV,2020,1,-0.22330584877858195
5,BCVATGDPV,2020,2,-0.2443041699175852
5,BCVATGDPV,2020,3,-0.28102732004041986
5,BCVATGDPV,2020,4,-0.28466080282210715
5,KFP,2018,1,0.025372369203147116
5,KFP,2018,2,0.07447879287674208
5,KFP,2018,3,0.14401728749886544
5,KFP,2018,4,0.23543662256262365
5,KFP,2019,1,0.3208514475489421
5,KFP,2019,2,0.4021892548060402
5,KFP,2019,3,0.4816941847222367
5,KFP,2019,4,0.5505071181736598
5,KFP,2020,1,0.6159003212060421
5,KFP,2020,2,0.6714096604585329
5,KFP,2020,3,0.7241012782833955
5,KFP,2020,4,0.7763223657357488
5,KHP,2018,1,0.00016717499817797687
5,KHP,2018,2,0.0005635516159063769
5,KHP,2018,3,0.001329701890728785
5,KHP,2018,4,0.00265558707046587
5,KHP,2019,1,0.004395150360769762
5,KHP,2019,2,0.006679337758996873
5,KHP,2019,3,0.009188566867068815
5,KHP,2019,4,0.011772132396692392
5,KHP,2020,1,0.014195372314662613
5,KHP,2020,2,0.01630112346793222
5,KHP,2020,3,0.018156207020947335
5,KHP,2020,4,0.019721292723784423
5,KG,2018,1,-2.1538326677728037e-12
5,KG,2018,2,1.9317880628477724e-12
5,KG,2018,3,1.6142642778049776e-11
5,KG,2018,4,3.6703973194107675e-11
5,KG,2019,1,1.2212453270876722e-12
5,KG,2019,2,1.723066134218243e-11
5,KG,2019,3,-8.748557434046234e-12
5,KG,2019,4,4.218847493575595e-13
5,KG,2020,1,-1.2867484855405564e-11
5,KG,2020,2,-7.105427357601002e-12
5,KG,2020,3,-7.982503547054876e-12
5,KG,2020,4,-3.3306690738754696e-12
5,BCVATGDPV,2018,0,-0.03255417965365914
5,BCVATGDPV,2019,0,-0.1348522735134725
5,BCVATGDPV,2020,0,-0.25832453538967354
5,BGVATGDPV,2018,0,-0.9305226028635254
5,BGVATGDPV,2019,0,-0.8350969271487287
5,BGVATGDPV,2020,0,-0.8840632158802243
5,CG,2018,0,1.4155343563970746e-12
5,CG,2019,0,-8.021361352916756e-13
5,CG,2020,0,-7.965850201685498e-13
5,CGPI,2018,0,0.007955553499225387
5,CGPI,2019,0,0.04879112721288825
5,CGPI,2020,0,0.09776810745893427
5,CGV,2018,0,0.0009465731437341418
5,CGV,2019,0,0.03284368501312307
5,CGV,2020,0,0.10869441977209293
5,CP,2018,0,0.05685268604024296
5,CP,2019,0,0.25385660366376017
5,CP,2020,0,0.24696143828821238
5,CPV,2018,0,0.06003256666869128
5,CPV,2019,0,0.3118557241244879
5,CPV,2020,0,0.3924285997651822
5,CUX,2018,0,0.5453224181465877
5,CUX,2019,0,0.6312421333150797
5,CUX,2020,0,0.35498118975600956
5,FXS,2018,0,-0.01579108634836568
5,FXS,2019,0,-0.0998881745249175
5,FXS,2020,0,-0.21011916292191235
5,GDP,2018,0,0.34319689009753573
5,GDP,2019,0,0.560739009421779
5,GDP,2020,0,0.49410304109390735
5,GDPD,2018,0,0.556764263878438
5,GDPD,2019,0,-0.01854722557476185
5,GDPD,2020,0,-0.07402260610568501
5,GDPGAP,2018,0,0.2810447274003147
5,GDPGAP,2019,0,0.33347485108932645
5,GDPGAP,2020,0,0.16911798021831176
5,GDPPOT,2018,0,0.06604671296109865
5,GDPPOT,2019,0,0.22876069635823226
5,GDPPOT,2020,0,0.3174392564077755
5,GDPV,2018,0,0.362269552566441
5,GDPV,2019,0,0.6463244385061628
5,GDPV,2020,0,0.6571522495213977
5,IFP,2018,0,1.9467582293823449
5,IFP,2019,0,2.921251456739038
5,IFP,2020,0,2.5878124825900626
5,IFPV,2018,0,2.017139279012264
5,IFPV,2019,0,3.098800918267747
5,IFPV,2020,0,2.8226664030895634
5,IG,2018,0,0.0
5,IG,2019,0,0.0
5,IG,2020,0,0.0
5,IGV,2018,0,0.0604921627826438
5,IGV,2019,0,0.16674189534523487
5,IGV,2020,0,0.2455462236003847
5,IHP,2018,0,0.053233958006909665
5,IHP,2019,0,0.17892159910023464
5,IHP,2020,0,0.17779549240862225
5,IHPV,2018,0,0.05288741414256615
5,IHPV,2019,0,0.23573557807687884
5,IHPV,2020,0,0.3390053142358185
5,KFP,2018,0,0.11982626803534457
5,KFP,2019,0,0.4388105013127197
5,KFP,2020,0,0.6969334064209298
5,KG,2018,0,1.3156142841808105e-11
5,KG,2019,0,2.531308496145357e-12
5,KG,2020,0,-7.821521208484228e-12
5,KHP,2018,0,0.0011790038938197522
5,KHP,2019,0,0.00800879684588196
5,KHP,2020,0,0.017093498881831648
5,LE,2018,0,0.07795546072751347
5,LE,2019,0,0.15515322195047698
5,LE,2020,0,0.11037887191173712
5,LF,2018,0,0.06947008810572752
5,LF,2019,0,0.1404168898872793
5,LF,2020,0,0.10036931986731057
5,LH,2018,0,0.08592814909768598
5,LH,2019,0,0.11866786532460094
5,LH,2020,0,0.06894286044132336
5,M2CD,2018,0,0.2137413930777432
5,M2CD,2019,0,0.266551895226913
5,M2CD,2020,0,0.33578126554714705
5,MGS,2018,0,0.10074005399279828
5,MGS,2019,0,0.4118270971277316
5,MGS,2020,0,0.44600885914390376
5,MGSV,2018,0,0.09033494943555542
5,MGSV,2019,0,0.3619564562807265
5,MGSV,2020,0,0.37302316760147725
5,NIV,2018,0,0.4511329842337153
5,NIV,2019,0,0.6553781668662884
5,NIV,2020,0,0.40528816436301573
5,PCP,2018,0,0.0031758825321276385
5,PCP,2019,0,0.05784461259747409
5,PCP,2020,0,0.14511366548090043
5,PERR,2018,0,-2.4999585193354656
5,PERR,2019,0,-3.563453763420748
5,PERR,2020,0,-8.149223030237977
5,PGDP,2018,0,0.01898667646497154
5,PGDP,2019,0,0.08510990714303279
5,PGDP,2020,0,0.16225146389940437
5,PIFP,2018,0,0.06873007507527396
5,PIFP,2019,0,0.17251980045918103
5,PIFP,2020,0,0.22893663467185577
5,PIHP,2018,0,-0.00034715102839588674
5,PIHP,2019,0,0.05670509891589903
5,PIHP,2020,0,0.16092883514034484
5,PLAND,2018,0,0.001222624207608547
5,PLAND,2019,0,0.0325030746694599
5,PLAND,2020,0,0.12532059859728384
5,PMGS,2018,0,-0.010387563725763882
5,PMGS,2019,0,-0.04965822403912579
5,PMGS,2020,0,-0.0726623364785628
5,PSHARE,2018,0,-0.2730177060715655
5,PSHARE,2019,0,-1.9337160316937552
5,PSHARE,2020,0,-2.801462865389942
5,PXGS,2018,0,-0.006306097587169268
5,PXGS,2019,0,-0.0398999288107188
5,PXGS,2020,0,-0.083957463192183
5,RCD,2018,0,0.03817375223972579
5,RCD,2019,0,0.10720455216429027
5,RCD,2020,0,0.10155744394659558
5,RGB,2018,0,0.01819168275412584
5,RGB,2019,0,0.04882407537168443
5,RGB,2020,0,0.049400157578997655
5,SBGVATGDPV,2018,0,-0.24231536743685922
5,SBGVATGDPV,2019,0,-0.056363473464692504
5,SBGVATGDPV,2020,0,0.7550118224234907
5,TAXV,2018,0,-5.148206067758004
5,TAXV,2019,0,-4.706870578500613
5,TAXV,2020,0,-4.643450412737415
5,TCIV,2018,0,0.3481112708522638
5,TCIV,2019,0,0.6524420515045759
5,TCIV,2020,0,0.6553614182576051
5,TYCV,2018,0,-20.824185640312894
5,TYCV,2019,0,-20.648516308127853
5,TYCV,2020,0,-20.876340844300174
5,TYPV,2018,0,0.32868613047152273
5,TYPV,2019,0,0.7707665308272771
5,TYPV,2020,0,0.6778948223089942
5,UCC,2018,0,0.985939977092487
5,UCC,2019,0,1.3123357440756656
5,UCC,2020,0,1.144192757923479
5,UR,2018,0,-0.008274105960363598
5,UR,2019,0,-0.0143698205521402
5,UR,2020,0,-0.009720542493710127
5,WIPH,2018,0,0.17927851485914914
5,WIPH,2019,0,0.3892370999775241
5,WIPH,2020,0,0.3792292417919785
5,XGS,2018,0,-0.00012512822547272595
5,XGS,2019,0,-0.003424979543475981
5,XGS,2020,0,-0.017125990020841475
5,XGSV,2018,0,-0.006431210476554039
5,XGSV,2019,0,-0.04332327302236927
5,XGSV,2020,0,-0.10106848273630509
5,YCV,2018,0,1.2017340361901108
5,YCV,2019,0,0.8103960446896763
5,YCV,2020,0,-0.7571888451920195
5,YDV,2018,0,0.29736941968577235
5,YDV,2019,0,0.5929668485388229
5,YDV,2020,0,0.49160290025936915
5,YWV,2018,0,0.3259971241272086
5,YWV,2019,0,0.6300704307199478
5,YWV,2020,0,0.530359411824538
6,GDP,2018,1,-0.28355498430790993
6,GDP,2018,2,-0.11965060902938696
6,GDP,2018,3,-0.22314812305448406
6,GDP,2018,4,-0.1939002119665134
6,GDP,2019,1,-0.21232315005839109
6,GDP,2019,2,-0.21740336281643735
6,GDP,2019,3,-0.22144571811226754
6,GDP,2019,4,-0.22535672849367527
6,GDP,2020,1,-0.22152112968589766
6,GDP,2020,2,-0.21182068856425706
6,GDP,2020,3,-0.22956523633438364
6,GDP,2020,4,-0.23098799136417325
6,CP,2018,1,-0.5732155256761073
6,CP,2018,2,-0.34321063864044543
6,CP,2018,3,-0.49999645332095
6,CP,2018,4,-0.4862748476793577
6,CP,2019,1,-0.5025418990612041
6,CP,2019,2,-0.5105414051367663
6,CP,2019,3,-0.5220608840729946
6,CP,2019,4,-0.5384557223909292
6,CP,2020,1,-0.5212958619339347
6,CP,2020,2,-0.5001510984362523
6,CP,2020,3,-0.5085807811989973
6,CP,2020,4,-0.5308915311229345
6,IFP,2018,1,0.0027629143153129476
6,IFP,2018,2,-0.00012456890408074628
6,IFP,2018,3,-0.008273857105878246
6,IFP,2018,4,-0.016699682317344866
6,IFP,2019,1,-0.025055024375308932
6,IFP,2019,2,-0.02652079409578567
6,IFP,2019,3,-0.026098402722285474
6,IFP,2019,4,-0.026554184369165235
6,IFP,2020,1,-0.02645172652321337
6,IFP,2020,2,-0.026926163705387474
6,IFP,2020,3,-0.027404435457822895
6,IFP,2020,4,-0.027585569166888035
6,IHP,2018,1,-1.3812270907193724
6,IHP,2018,2,-1.369328096363065
6,IHP,2018,3,-1.4807184388242578
6,IHP,2018,4,-1.4813329690940735
6,IHP,2019,1,-1.496383979452387
6,IHP,2019,2,-1.5181409203110396
6,IHP,2019,3,-1.521228310026712
6,IHP,2019,4,-1.5167654393269614
6,IHP,2020,1,-1.513763106275201
6,IHP,2020,2,-1.5092016126460606
6,IHP,2020,3,-1.5175269709286177
6,IHP,2020,4,-1.5266131758357893
6,IG,2018,1,0.0
6,IG,2018,2,0.0
6,IG,2018,3,0.0
6,IG,2018,4,0.0
6,IG,2019,1,0.0
6,IG,2019,2,0.0
6,IG,2019,3,0.0
6,IG,2019,4,0.0
6,IG,2020,1,0.0
6,IG,2020,2,0.0
6,IG,2020,3,0.0
6,IG,2020,4,0.0
6,CG,2018,1,0.0
6,CG,2018,2,2.220446049250313e-14
6,CG,2018,3,-5.218048215738236e-13
6,CG,2018,4,-3.9968028886505635e-13
6,CG,2019,1,-1.4654943925052066e-12
6,CG,2019,2,-2.1094237467877974e-12
6,CG,2019,3,-2.6645352591003757e-12
6,CG,2019,4,-3.297362383136715e-12
6,CG,2020,1,8.881784197001252e-13
6,CG,2020,2,7.771561172376096e-13
6,CG,2020,3,7.327471962526033e-13
6,CG,2020,4,1.5987211554602254e-12
6,XGS,2018,1,0.0
6,XGS,2018,2,7.931119760939964e-07
6,XGS,2018,3,-2.9038126347913362e-06
6,XGS,2018,4,-1.0738674183219388e-05
6,XGS,2019,1,-2.7696521809339458e-05
6,XGS,2019,2,-6.270773142968977e-05
6,XGS,2019,3,-0.00012076213070644215
6,XGS,2019,4,-0.00020933667139733103
6,XGS,2020,1,-0.00033762915370161295
6,XGS,2020,2,-0.0005083154338558771
6,XGS,2020,3,-0.0007256930776189385
6,XGS,2020,4,-0.0009906641563084406
6,MGS,2018,1,-0.4651523407237179
6,MGS,2018,2,-0.6542840549985995
6,MGS,2018,3,-0.6311702172970168
6,MGS,2018,4,-0.7328239339241427
6,MGS,2019,1,-0.7396860129085248
6,MGS,2019,2,-0.7464670968767462
6,MGS,2019,3,-0.7682792815450923
6,MGS,2019,4,-0.7955562381766756
6,MGS,2020,1,-0.7983224989670079
6,MGS,2020,2,-0.7564765419130204
6,MGS,2020,3,-0.7583026076472543
6,MGS,2020,4,-0.7948280727823054
6,GDPD,2018,1,-1.1351134229978086
6,GDPD,2018,2,0.6600757343771222
6,GDPD,2018,3,-0.4124245252023919
6,GDPD,2018,4,0.11695168454877514
6,GDPD,2019,1,-0.07401519454998684
6,GDPD,2019,2,-0.02045614117885952
6,GDPD,2019,3,-0.016235782238113727
6,GDPD,2019,4,-0.015223932089858394
6,GDPD,2020,1,0.015457827236020627
6,GDPD,2020,2,0.03592953815257971
6,GDPD,2020,3,-0.07500292954916787
6,GDPD,2020,4,-0.0058012670471478955
6,PGDP,2018,1,0.4271088606778717
6,PGDP,2018,2,0.4262815037570977
6,PGDP,2018,3,0.42205390433029955
6,PGDP,2018,4,0.41557701244072653
6,PGDP,2019,1,0.39791916484597234
6,PGDP,2019,2,0.3888477797288292
6,PGDP,2019,3,0.3730636119484876
6,PGDP,2019,4,0.3559717607872992
6,PGDP,2020,1,0.3385412124766507
6,PGDP,2020,2,0.3340144595304073
6,PGDP,2020,3,0.3138370027597537
6,PGDP,2020,4,0.2964990067426898
6,PCP,2018,1,0.49923251737016283
6,PCP,2018,2,0.49701182406782785
6,PCP,2018,3,0.49176400579356017
6,PCP,2018,4,0.4832539792071211
6,PCP,2019,1,0.4724188041298927
6,PCP,2019,2,0.461273346700275
6,PCP,2019,3,0.4495537501438829
6,PCP,2019,4,0.4326009749896498
6,PCP,2020,1,0.4201443028583274
6,PCP,2020,2,0.4072048915730653
6,PCP,2020,3,0.3940030299596886
6,PCP,2020,4,0.3807685285839746
6,PIFP,2018,1,0.13244068913336182
6,PIFP,2018,2,0.14038593907350627
6,PIFP,2018,3,0.11692663129407865
6,PIFP,2018,4,0.11103646431982472
6,PIFP,2019,1,0.09359938317403671
6,PIFP,2019,2,0.08164428131536283
6,PIFP,2019,3,0.06608455486385445
6,PIFP,2019,4,0.04922405740670488
6,PIFP,2020,1,0.03376500648439862
6,PIFP,2020,2,0.02435978069827982
6,PIFP,2020,3,0.0075935292094042595
6,PIFP,2020,4,-0.0074106812124274946
6,PIHP,2018,1,0.7548678327294445
6,PIHP,2018,2,0.7526597556896331
6,PIHP,2018,3,0.7480711731985945
6,PIHP,2018,4,0.7397384717201527
6,PIHP,2019,1,0.7258766662526339
6,PIHP,2019,2,0.7130561850121842
6,PIHP,2019,3,0.698568160886559
6,PIHP,2019,4,0.6714564694036751
6,PIHP,2020,1,0.6568619247977026
6,PIHP,2020,2,0.6389912259650243
6,PIHP,2020,3,0.6224423385688072
6,PIHP,2020,4,0.6076115886237021
6,PXGS,2018,1,3.3256283438198864e-05
6,PXGS,2018,2,-0.00018827324483883245
6,PXGS,2018,3,-0.00017350926628800778
6,PXGS,2018,4,-0.00038253875644933544
6,PXGS,2019,1,-0.0007237439689444791
6,PXGS,2019,2,-0.0011212451139330781
6,PXGS,2019,3,-0.0016415248363932378
6,PXGS,2019,4,-0.0022214608159543126
6,PXGS,2020,1,-0.0028838903933015025
6,PXGS,2020,2,-0.0038360398473935575
6,PXGS,2020,3,-0.004570109245904952
6,PXGS,2020,4,-0.00535116963601423
6,PMGS,2018,1,0.00751891223373935
6,PMGS,2018,2,0.0162281647074769
6,PMGS,2018,3,0.022917977475134244
6,PMGS,2018,4,0.03215341207007949
6,PMGS,2019,1,0.013549921000910459
6,PMGS,2019,2,0.019082721719110296
6,PMGS,2019,3,0.007087044985842894
6,PMGS,2019,4,0.006235178680213949
6,PMGS,2020,1,0.007747449963568798
6,PMGS,2020,2,-0.042921790547201244
6,PMGS,2020,3,-0.03704838939031507
6,PMGS,2020,4,-0.03465312333481574
6,CGPI,2018,1,0.861871256993263
6,CGPI,2018,2,0.8505954169039764
6,CGPI,2018,3,0.8547339296696155
6,CGPI,2018,4,0.846146249986024
6,CGPI,2019,1,0.8365579963847791
6,CGPI,2019,2,0.8289014257538474
6,CGPI,2019,3,0.8187395444265944
6,CGPI,2019,4,0.797155828937024
6,CGPI,2020,1,0.7873313058767373
6,CGPI,2020,2,0.7680576517622217
6,CGPI,2020,3,0.7607489848433957
6,CGPI,2020,4,0.752055608049873
6,GDPV,2018,1,0.14234278790707933
6,GDPV,2018,2,0.30612084631231884
6,GDPV,2018,3,0.19796397591005377
6,GDPV,2018,4,0.22087099576619806
6,GDPV,2019,1,0.18475114028209116
6,GDPV,2019,2,0.17059904876302046
6,GDPV,2019,3,0.15079176044172637
6,GDPV,2019,4,0.12981282597914756
6,GDPV,2020,1,0.11627014247244105
6,GDPV,2020,2,0.12148625923804612
6,GDPV,2020,3,0.0835513057682924
6,GDPV,2020,4,0.06482613827840655
6,CPV,2018,1,-0.0768446866049377
6,CPV,2018,2,0.15209538796923106
6,CPV,2018,3,-0.010691250115124618
6,CPV,2018,4,-0.005370811023697186
6,CPV,2019,1,-0.03249719736128087
6,CPV,2019,2,-0.05162304986242594
6,CPV,2019,3,-0.07485407821162804
6,CPV,2019,4,-0.1081841121064131
6,CPV,2020,1,-0.1033417539406889
6,CPV,2020,2,-0.09498284660079959
6,CPV,2020,3,-0.11658157492646648
6,CPV,2020,4,-0.15214447041037582
6,IFPV,2018,1,0.13520726267410854
6,IFPV,2018,2,0.14026119528400827
6,IFPV,2018,3,0.10864309984546239
6,IFPV,2018,4,0.09431823926622229
6,IFPV,2019,1,0.06852090745206318
6,IFPV,2019,2,0.05510183451054029
6,IFPV,2019,3,0.03996890513038309
6,IFPV,2019,4,0.022656801999110243
6,IFPV,2020,1,0.007304348537817695
6,IFPV,2020,2,-0.0025729421767040073
6,IFPV,2020,3,-0.019812987223433165
6,IFPV,2020,4,-0.03499420609759385
6,IHPV,2018,1,-0.6367856970034058
6,IHPV,2018,2,-0.6269747221619215
6,IHPV,2018,3,-0.7437240934183964
6,IHPV,2018,4,-0.7525524872681988
6,IHPV,2019,1,-0.7813692153662899
6,IHPV,2019,2,-0.815909933051373
6,IHPV,2019,3,-0.8332869657917352
6,IHPV,2019,4,-0.8554933895223327
6,IHPV,2020,1,-0.8668445149708992
6,IHPV,2020,2,-0.8798540525142617
6,IHPV,2020,3,-0.9045303626643908
6,IHPV,2020,4,-0.9282774657939918
6,IGV,2018,1,0.3951894171429604
6,IGV,2018,2,0.401864913000205
6,IGV,2018,3,0.3799685478650172
6,IGV,2018,4,0.3726560681959423
6,IGV,2019,1,0.35357816993744073
6,IGV,2019,2,0.3394989311828356
6,IGV,2019,3,0.32178216292679807
6,IGV,2019,4,0.29932292989520715
6,IGV,2020,1,0.28162607369117687
6,IGV,2020,2,0.26846945234026975
6,IGV,2020,3,0.2490462723981013
6,IGV,2020,4,0.23158081389293983
6,CGV,2018,1,0.46224961479199855
6,CGV,2018,2,0.46182488409427513
6,CGV,2018,3,0.4597538286122749
6,CGV,2018,4,0.45534812809648884
6,CGV,2019,1,0.44828618676076015
6,CGV,2019,2,0.43941388431960604
6,CGV,2019,3,0.4299738304949008
6,CGV,2019,4,0.4155045228170007
6,CGV,2020,1,0.40530317912854663
6,CGV,2020,2,0.3945000050436187
6,CGV,2020,3,0.38329232070013486
6,CGV,2020,4,0.37172647705900896
6,XGSV,2018,1,3.32562833049721e-05
6,XGSV,2018,2,-0.00018748015451208744
6,XGSV,2018,3,-0.0001764130740378178
6,XGSV,2018,4,-0.00039327738946548507
6,XGSV,2019,1,-0.0007514402900699046
6,XGSV,2019,2,-0.0011839521417478238
6,XGSV,2019,3,-0.0017622849840415178
6,XGSV,2019,4,-0.0024307928400912893
6,XGSV,2020,1,-0.0032215098088483884
6,XGSV,2020,2,-0.004344335785144704
6,XGSV,2020,3,-0.005295769161128838
6,XGSV,2020,4,-0.006341780778196249
6,MGSV,2018,1,-0.45766840288621324
6,MGSV,2018,2,-0.6381620685852241
6,MGSV,2018,3,-0.6083968912701243
6,MGSV,2018,4,-0.7009061497532776
6,MGSV,2019,1,-0.7262363187780174
6,MGSV,2019,2,-0.7275268213964403
6,MGSV,2019,3,-0.7612466848575417
6,MGSV,2019,4,-0.7893706638494091
6,MGSV,2020,1,-0.7906368986395962
6,MGSV,2020,2,-0.7990736391833675
6,MGSV,2020,3,-0.7950700581347281
6,MGSV,2020,4,-0.8292057633647598
6,NIV,2018,1,-0.43537497760407495
6,NIV,2018,2,-0.27471046304298197
6,NIV,2018,3,-0.426300101033561
6,NIV,2018,4,-0.4071387507466273
6,NIV,2019,1,-0.4650225356352622
6,NIV,2019,2,-0.4699578971357199
6,NIV,2019,3,-0.4981360987119654
6,NIV,2019,4,-0.38173880303778995
6,NIV,2020,1,-0.3875081370282585
6,NIV,2020,2,-0.47687260560254074
6,NIV,2020,3,-0.541693326808157
6,NIV,2020,4,-0.5588029548709961
6,YWV,2018,1,-0.25598083585222087
6,YWV,2018,2,-0.15715611654451012
6,YWV,2018,3,-0.2278359015820297
6,YWV,2018,4,-0.2602221709338437
6,YWV,2019,1,-0.251306112795302
6,YWV,2019,2,-0.3111863060242359
6,YWV,2019,3,-0.31265614652927765
6,YWV,2019,4,-0.2218338139962861
6,YWV,2020,1,-0.22736719035638675
6,YWV,2020,2,-0.29913652918789335
6,YWV,2020,3,-0.3482105947885339
6,YWV,2020,4,-0.38809021388322984
6,YCV,2018,1,-1.6414602346666474
6,YCV,2018,2,-0.9029000213650162
6,YCV,2018,3,-1.5429321468351187
6,YCV,2018,4,-1.463063122560182
6,YCV,2019,1,-1.9388356911186566
6,YCV,2019,2,-1.4868429278521167
6,YCV,2019,3,-1.6370784314854392
6,YCV,2019,4,-1.607741023734044
6,YCV,2020,1,-1.5399329201257639
6,YCV,2020,2,-3.5807513629847576
6,YCV,2020,3,-2.5388062265056077
6,YCV,2020,4,-2.007135161931861
6,YDV,2018,1,-0.202371047180816
6,YDV,2018,2,-0.13611031864073642
6,YDV,2018,3,-0.18305933983768785
6,YDV,2018,4,-0.21202034594008934
6,YDV,2019,1,-0.20239522019954714
6,YDV,2019,2,-0.2612979306815033
6,YDV,2019,3,-0.26052492561775553
6,YDV,2019,4,-0.1826388990084471
6,YDV,2020,1,-0.18028570617774076
6,YDV,2020,2,-0.22135674450384224
6,YDV,2020,3,-0.28116453921733786
6,YDV,2020,4,-0.32388162084882044
6,TAXV,2018,1,2.397771360640455
6,TAXV,2018,2,2.225490761647131
6,TAXV,2018,3,2.140512304429598
6,TAXV,2018,4,2.0442665675743044
6,TAXV,2019,1,1.9438035311295954
6,TAXV,2019,2,2.075241540638917
6,TAXV,2019,3,2.003255118752212
6,TAXV,2019,4,1.3641729187219953
6,TAXV,2020,1,1.3042661952895829
6,TAXV,2020,2,1.5730068942536146
6,TAXV,2020,3,1.61443344331631
6,TAXV,2020,4,1.587410373539755
6,TYPV,2018,1,-0.21540023792483431
6,TYPV,2018,2,-0.15985880522938478
6,TYPV,2018,3,-0.2656690776198123
6,TYPV,2018,4,-0.3037381997681887
6,TYPV,2019,1,-0.31862677386406135
6,TYPV,2019,2,-0.35153073743046104
6,TYPV,2019,3,-0.37533133029611365
6,TYPV,2019,4,-0.3781475752402619
6,TYPV,2020,1,-0.37285397086465055
6,TYPV,2020,2,-0.34336969399040296
6,TYPV,2020,3,-0.36068169887892854
6,TYPV,2020,4,-0.3948204568812619
6,TYCV,2018,1,-0.04351236214339416
6,TYCV,2018,2,-0.42087376641769536
6,TYCV,2018,3,-0.6822070514006295
6,TYCV,2018,4,-1.0943313372892005
6,TYCV,2019,1,-1.4865376946126552
6,TYCV,2019,2,-1.5613365973790594
6,TYCV,2019,3,-1.7421814419282255
6,TYCV,2019,4,-1.782884186270095
6,TYCV,2020,1,-1.8312064985802734
6,TYCV,2020,2,-1.7422545407716372
6,TYCV,2020,3,-2.012374910255166
6,TYCV,2020,4,-2.2608659765317007
6,TCIV,2018,1,11.001531699476818
6,TCIV,2018,2,11.132352857552409
6,TCIV,2018,3,11.02879278603024
6,TCIV,2018,4,11.028341075751946
6,TCIV,2019,1,11.005114472902466
6,TCIV,2019,2,10.98840264878509
6,TCIV,2019,3,10.96924990444441
6,TCIV,2019,4,8.580862019507073
6,TCIV,2020,1,8.579729159165561
6,TCIV,2020,2,8.584769934982518
6,TCIV,2020,3,8.565260203590942
6,TCIV,2020,4,8.648571234982905
6,WIPH,2018,1,-0.13688906087121477
6,WIPH,2018,2,-0.09248960869753242
6,WIPH,2018,3,-0.12331600824214695
6,WIPH,2018,4,-0.1549368993365663
6,WIPH,2019,1,-0.1471456800287374
6,WIPH,2019,2,-0.1933226411054756
6,WIPH,2019,3,-0.1974677689092541
6,WIPH,2019,4,-0.13473289203274064
6,WIPH,2020,1,-0.14305481459297997
6,WIPH,2020,2,-0.20333609831738597
6,WIPH,2020,3,-0.23915301446905124
6,WIPH,2020,4,-0.2722024126995515
6,LE,2018,1,-0.057764817284000625
6,LE,2018,2,-0.039436264505443575
6,LE,2018,3,-0.05660703558597602
6,LE,2018,4,-0.06496402915169286
6,LE,2019,1,-0.059737887250155275
6,LE,2019,2,-0.07362054281613295
6,LE,2019,3,-0.07101169361445336
6,LE,2019,4,-0.04335347536662537
6,LE,2020,1,-0.041847490213153815
6,LE,2020,2,-0.06131351481898362
6,LE,2020,3,-0.06951729188927613
6,LE,2020,4,-0.07585714361918461
6,LF,2018,1,-0.05201085741965983
6,LF,2018,2,-0.03460063538029967
6,LF,2018,3,-0.04983734163358511
6,LF,2018,4,-0.05816424904945272
6,LF,2019,1,-0.05241108397430194
6,LF,2019,2,-0.0658382426687476
6,LF,2019,3,-0.06315931003424424
6,LF,2019,4,-0.03461856027249244
6,LF,2020,1,-0.032901739100288374
6,LF,2020,2,-0.05229769950584329
6,LF,2020,3,-0.060462934077032404
6,LF,2020,4,-0.06699434132280135
6,LH,2018,1,-0.07541567579056885
6,LH,2018,2,-0.03374542894981625
6,LH,2018,3,-0.06039991514625864
6,LH,2018,4,-0.054578097761193156
6,LH,2019,1,-0.058278036441761216
6,LH,2019,2,-0.06138979448847559
6,LH,2019,3,-0.06143826057849466
6,LH,2019,4,-0.055880055989487865
6,LH,2020,1,-0.05486963629109942
6,LH,2020,2,-0.05116571322624219
6,LH,2020,3,-0.058915416764959705
6,LH,2020,4,-0.06156721386632036
6,UR,2018,1,0.005599498842216999
6,UR,2018,2,0.004715584183637489
6,UR,2018,3,0.006616397169198596
6,UR,2018,4,0.006642820511725933
6,UR,2019,1,0.007147312267494321
6,UR,2019,2,0.007591485052445446
6,UR,2019,3,0.007694257163296747
6,UR,2019,4,0.008536963257343988
6,UR,2020,1,0.008725420649934978
6,UR,2020,2,0.008765842300209492
6,UR,2020,3,0.008807404856089107
6,UR,2020,4,0.008598373975647444
6,CUX,2018,1,-0.5157566741492037
6,CUX,2018,2,-0.18817890271198845
6,CUX,2018,3,-0.3832115168831085
6,CUX,2018,4,-0.29685369672806106
6,CUX,2019,1,-0.3555454447089046
6,CUX,2019,2,-0.34066334051782166
6,CUX,2019,3,-0.35553973961073293
6,CUX,2019,4,-0.40686280651541784
6,CUX,2020,1,-0.4062043489941214
6,CUX,2020,2,-0.38515044266310694
6,CUX,2020,3,-0.39647662453953236
6,CUX,2020,4,-0.3700121156857361
6,GDPPOT,2018,1,-0.031076620439696168
6,GDPPOT,2018,2,-0.020638448681864485
6,GDPPOT,2018,3,-0.029745703651828936
6,GDPPOT,2018,4,-0.03482522304734115
6,GDPPOT,2019,1,-0.03159519349555939
6,GDPPOT,2019,2,-0.03992458227820572
6,GDPPOT,2019,3,-0.03863525594356432
6,GDPPOT,2019,4,-0.021884505659230946
6,GDPPOT,2020,1,-0.021135598378574372
6,GDPPOT,2020,2,-0.03300352315156463
6,GDPPOT,2020,3,-0.03813942918833302
6,GDPPOT,2020,4,-0.04229829212808456
6,GDPGAP,2018,1,-0.2579423063376405
6,GDPGAP,2018,2,-0.1011299671086534
6,GDPGAP,2018,3,-0.19622271561937543
6,GDPGAP,2018,4,-0.16074254029085333
6,GDPGAP,2019,1,-0.18286162663065397
6,GDPGAP,2019,2,-0.18010359079202187
6,GDPGAP,2019,3,-0.18550285021156698
6,GDPGAP,2019,4,-0.19959080723786293
6,GDPGAP,2020,1,-0.19779070972817325
6,GDPGAP,2020,2,-0.16400638277361246
6,GDPGAP,2020,3,-0.18460477475137615
6,GDPGAP,2020,4,-0.18411483471511225
6,RCD,2018,1,0.0
6,RCD,2018,2,0.0
6,RCD,2018,3,-0.0003333333333332999
6,RCD,2018,4,0.0
6,RCD,2019,1,0.0
6,RCD,2019,2,-0.001
6,RCD,2019,3,-0.001
6,RCD,2019,4,-0.001
6,RCD,2020,1,-0.001
6,RCD,2020,2,-0.0013333333333333001
6,RCD,2020,3,-0.001
6,RCD,2020,4,-0.001
6,RGB,2018,1,0.0
6,RGB,2018,2,1.0232906307028333e-08
6,RGB,2018,3,-0.00021014993384210756
6,RGB,2018,4,-6.840211595512957e-05
6,RGB,2019,1,0.0
6,RGB,2019,2,0.0
6,RGB,2019,3,0.0
6,RGB,2019,4,0.0
6,RGB,2020,1,0.0
6,RGB,2020,2,0.0
6,RGB,2020,3,-0.0008391570099139621
6,RGB,2020,4,-0.000768717513481721
6,PERR,2018,1,0.07613637320917732
6,PERR,2018,2,0.1282521760232811
6,PERR,2018,3,0.1948788075589114
6,PERR,2018,4,0.2689052015922506
6,PERR,2019,1,0.29443364556207996
6,PERR,2019,2,0.3373409574098254
6,PERR,2019,3,0.36039677468496123
6,PERR,2019,4,0.3958776969597224
6,PERR,2020,1,0.3941106273950581
6,PERR,2020,2,0.5310534521061108
6,PERR,2020,3,0.8166939459554428
6,PERR,2020,4,1.0249830754690663
6,UCC,2018,1,0.07022563978267282
6,UCC,2018,2,0.18355479456457768
6,UCC,2018,3,0.1604867569330315
6,UCC,2018,4,0.21966338033192478
6,UCC,2019,1,0.1483053369745635
6,UCC,2019,2,0.09520180652418109
6,UCC,2019,3,0.14936856148504152
6,UCC,2019,4,0.171219398898792
6,UCC,2020,1,0.23947395180106135
6,UCC,2020,2,0.20542390817808176
6,UCC,2020,3,0.24068216422721278
6,UCC,2020,4,0.28060533986007385
6,FXS,2018,1,8.328356086995115e-05
6,FXS,2018,2,-0.0004714910519787452
6,FXS,2018,3,-0.000434517797243128
6,FXS,2018,4,-0.0009579870863696271
6,FXS,2019,1,-0.0018124584380330155
6,FXS,2019,2,-0.0028079047001861035
6,FXS,2019,3,-0.004110811462676445
6,FXS,2019,4,-0.005563099963401541
6,FXS,2020,1,-0.0072219552509689144
6,FXS,2020,2,-0.009606297725228696
6,FXS,2020,3,-0.01144450772557759
6,FXS,2020,4,-0.01340036728978422
6,PSHARE,2018,1,0.026514950941747273
6,PSHARE,2018,2,0.05694874354551516
6,PSHARE,2018,3,0.03807035313867502
6,PSHARE,2018,4,0.04302865386667243
6,PSHARE,2019,1,0.03646269206678543
6,PSHARE,2019,2,0.03722471182008302
6,PSHARE,2019,3,0.038665202026555434
6,PSHARE,2019,4,0.04009521088157442
6,PSHARE,2020,1,0.04337195975139263
6,PSHARE,2020,2,0.049043658860692396
6,PSHARE,2020,3,0.0422976336445835
6,PSHARE,2020,4,0.03861013864809859
6,PLAND,2018,1,0.00010025487438003466
6,PLAND,2018,2,-0.0009730460020729303
6,PLAND,2018,3,-0.0005134258771244404
6,PLAND,2018,4,-0.0017054794877569002
6,PLAND,2019,1,-0.002186315070074052
6,PLAND,2019,2,-0.002397339837056922
6,PLAND,2019,3,-0.0029210332789353366
6,PLAND,2019,4,-0.003184392546839998
6,PLAND,2020,1,-0.0036072405145581854
6,PLAND,2020,2,-0.0046628749315380524
6,PLAND,2020,3,-0.004340233436173069
6,PLAND,2020,4,-0.004832077563254877
6,M2CD,2018,1,-0.2836354073301517
6,M2CD,2018,2,-0.12356038787773027
6,M2CD,2018,3,-0.23374562589810743
6,M2CD,2018,4,-0.21781666395245258
6,M2CD,2019,1,-0.2509440662312623
6,M2CD,2019,2,-0.2668533634148873
6,M2CD,2019,3,-0.28636294346984226
6,M2CD,2019,4,-0.3058709951802907
6,M2CD,2020,1,-0.3183486443758543
6,M2CD,2020,2,-0.3243697317447225
6,M2CD,2020,3,-0.36042971521879075
6,M2CD,2020,4,-0.3789661458857174
6,BGVATGDPV,2018,1,0.32845862519295954
6,BGVATGDPV,2018,2,0.31472475793841204
6,BGVATGDPV,2018,3,0.29917133463391155
6,BGVATGDPV,2018,4,0.2863522778887857
6,BGVATGDPV,2019,1,0.2719914904192149
6,BGVATGDPV,2019,2,0.2825421691114598
6,BGVATGDPV,2019,3,0.2743258292785944
6,BGVATGDPV,2019,4,0.16346003345545723
6,BGVATGDPV,2020,1,0.15865947478719278
6,BGVATGDPV,2020,2,0.22045757773645924
6,BGVATGDPV,2020,3,0.2257005612263061
6,BGVATGDPV,2020,4,0.2222613169024652
6,SBGVATGDPV,2018,1,-0.4091410996728655
6,SBGVATGDPV,2018,2,-0.8637265645970729
6,SBGVATGDPV,2018,3,-0.6890357679339161
6,SBGVATGDPV,2018,4,-0.8225902757888832
6,SBGVATGDPV,2019,1,-0.8015188177222967
6,SBGVATGDPV,2019,2,-0.838028514392164
6,SBGVATGDPV,2019,3,-0.8593414708462319
6,SBGVATGDPV,2019,4,-0.8646522511162971
6,SBGVATGDPV,2020,1,-0.8633224185316237
6,SBGVATGDPV,2020,2,-1.0072185506319897
6,SBGVATGDPV,2020,3,-0.9226162387699901
6,SBGVATGDPV,2020,4,-0.9169727473195337
6,BCVATGDPV,2018,1,0.07411719890808399
6,BCVATGDPV,2018,2,0.10141240223184056
6,BCVATGDPV,2018,3,0.10621115696511563
6,BCVATGDPV,2018,4,0.13007926790694624
6,BCVATGDPV,2019,1,0.12277353531209423
6,BCVATGDPV,2019,2,0.1264660521649641
6,BCVATGDPV,2019,3,0.1335191916186118
6,BCVATGDPV,2019,4,0.13765502279787123
6,BCVATGDPV,2020,1,0.13248520807122377
6,BCVATGDPV,2020,2,0.13245333170297702
6,BCVATGDPV,2020,3,0.11734537991603666
6,BCVATGDPV,2020,4,0.1271065533463842
6,KFP,2018,1,8.645177558275208e-05
6,KFP,2018,2,7.977640696932298e-05
6,KFP,2018,3,-0.00017768671537465863
6,KFP,2018,4,-0.0006943024038585932
6,KFP,2019,1,-0.0014536866131398263
6,KFP,2019,2,-0.0022279706093142337
6,KFP,2019,3,-0.002982882768942652
6,KFP,2019,4,-0.003670895524321427
6,KFP,2020,1,-0.004362136401536709
6,KFP,2020,2,-0.004999884625411788
6,KFP,2020,3,-0.005635591970298837
6,KFP,2020,4,-0.006267760929790089
6,KHP,2018,1,-0.017625326205572556
6,KHP,2018,2,-0.03438726162937611
6,KHP,2018,3,-0.05242411856826168
6,KHP,2018,4,-0.07057575427094065
6,KHP,2019,1,-0.08915634509633064
6,KHP,2019,2,-0.10804096795695717
6,KHP,2019,3,-0.12684523572620288
6,KHP,2019,4,-0.1449939569177161
6,KHP,2020,1,-0.16205302615646122
6,KHP,2020,2,-0.1788643015087854
6,KHP,2020,3,-0.19476589830141888
6,KHP,2020,4,-0.2106277149710456
6,KG,2018,1,-4.54081217071689e-12
6,KG,2018,2,-2.113198505071523e-10
6,KG,2018,3,-7.704947790898586e-12
6,KG,2018,4,1.623146062001979e-11
6,KG,2019,1,4.063416270128073e-12
6,KG,2019,2,-1.4210854715202004e-12
6,KG,2019,3,1.2434497875801753e-12
6,KG,2019,4,-1.1173284519827575e-10
6,KG,2020,1,1.5942802633617248e-11
6,KG,2020,2,-2.1027624086400465e-11
6,KG,2020,3,-1.7341683644644945e-11
6,KG,2020,4,2.6711965972481266e-11
6,BCVATGDPV,2018,0,0.1029550065029966
6,BCVATGDPV,2019,0,0.13010345047338534
6,BCVATGDPV,2020,0,0.12734761825915542
6,BGVATGDPV,2018,0,0.3071767489135172
6,BGVATGDPV,2019,0,0.24807988056618158
6,BGVATGDPV,2020,0,0.20676973266310583
6,CG,2018,0,-2.248201624865942e-13
6,CG,2019,0,-2.3842039453825237e-12
6,CG,2020,0,9.992007221626409e-13
6,CGPI,2018,0,0.8533367133882197
6,CGPI,2019,0,0.8203386988755612
6,CGPI,2020,0,0.7670483876330569
6,CGV,2018,0,0.45979411389875935
6,CGV,2019,0,0.4332946060980669
6,CGV,2020,0,0.3887054954828273
6,CP,2018,0,-0.4756743663292151
6,CP,2019,0,-0.5183999776654735
6,CP,2020,0,-0.5152298181730297
6,CPV,2018,0,0.014797160056367886
6,CPV,2019,0,-0.06678960938543699
6,CPV,2020,0,-0.1167626614695827
6,CUX,2018,0,-0.3460001976180904
6,CUX,2019,0,-0.36465283283821925
6,CUX,2020,0,-0.3894608829706242
6,FXS,2018,0,-0.0004451780936803873
6,FXS,2019,0,-0.003573568641074276
6,FXS,2020,0,-0.010418281997889856
6,GDP,2018,0,-0.2050634820895736
6,GDP,2019,0,-0.2191322398701928
6,GDP,2020,0,-0.2234737614871779
6,GDPD,2018,0,-0.1926276323185758
6,GDPD,2019,0,-0.03148276251420462
6,GDPD,2020,0,-0.007354207801928858
6,GDPGAP,2018,0,-0.17900938233913066
6,GDPGAP,2019,0,-0.18701471871802644
6,GDPGAP,2020,0,-0.18262917549206853
6,GDPPOT,2018,0,-0.029071498955182684
6,GDPPOT,2019,0,-0.033009884344140095
6,GDPPOT,2020,0,-0.033644210711639144
6,GDPV,2018,0,0.2168246514739125
6,GDPV,2019,0,0.1589886938664964
6,GDPV,2020,0,0.09653346143929653
6,IFP,2018,0,-0.005583798502997728
6,IFP,2019,0,-0.026057101390636328
6,IFP,2020,0,-0.027091973713327944
6,IFPV,2018,0,0.11960744926745037
6,IFPV,2019,0,0.0465621122730242
6,IFPV,2020,0,-0.012518946739978332
6,IG,2018,0,0.0
6,IG,2019,0,0.0
6,IG,2020,0,0.0
6,IGV,2018,0,0.38741973655103124
6,IGV,2019,0,0.3285455484855704
6,IGV,2020,0,0.25768065308062194
6,IHP,2018,0,-1.4281516487501922
6,IHP,2019,0,-1.5131296622792751
6,IHP,2020,0,-1.5167762164214171
6,IHPV,2018,0,-0.6900092499629806
6,IHPV,2019,0,-0.8215148759329327
6,IHPV,2020,0,-0.8948765989858859
6,KFP,2018,0,-0.0001764402341702942
6,KFP,2019,0,-0.0025838588789295347
6,KFP,2020,0,-0.005316343481759356
6,KG,2018,0,-5.1833537462186996e-11
6,KG,2019,0,-2.6961766153021927e-11
6,KG,2020,0,1.071365218763276e-12
6,KHP,2018,0,-0.04375311516853775
6,KHP,2019,0,-0.1172591264243017
6,KHP,2020,0,-0.18657773523442778
6,LE,2018,0,-0.05469303663177827
6,LE,2019,0,-0.06193089976184174
6,LE,2020,0,-0.06213386013514954
6,LF,2018,0,-0.04865327087074933
6,LF,2019,0,-0.05400679923744656
6,LF,2020,0,-0.053164178501491355
6,LH,2018,0,-0.056034779411959224
6,LH,2019,0,-0.059246536874554834
6,LH,2020,0,-0.05662949503715542
6,M2CD,2018,0,-0.2146895212646105
6,M2CD,2019,0,-0.27750784207407064
6,M2CD,2020,0,-0.34552855930627124
6,MGS,2018,0,-0.6208576367358692
6,MGS,2019,0,-0.7624971573767597
6,MGS,2020,0,-0.776982430327397
6,MGSV,2018,0,-0.6012833781237098
6,MGSV,2019,0,-0.7510951222203521
6,MGSV,2020,0,-0.8034965898306129
6,NIV,2018,0,-0.3858810731068113
6,NIV,2019,0,-0.45371383363018436
6,NIV,2020,0,-0.49121925607748806
6,PCP,2018,0,0.492815581609668
6,PCP,2019,0,0.4539617189909251
6,PCP,2020,0,0.40053018824376396
6,PERR,2018,0,0.1670431395959051
6,PERR,2019,0,0.34701226865414725
6,PERR,2020,0,0.6917102752314195
6,PGDP,2018,0,0.42275532030149887
6,PGDP,2019,0,0.3789505793276471
6,PGDP,2020,0,0.3207229203773754
6,PIFP,2018,0,0.12519743095519287
6,PIFP,2019,0,0.07263806918998972
6,PIFP,2020,0,0.014576908794913801
6,PIHP,2018,0,0.7488343083344562
6,PIHP,2019,0,0.702239370388763
6,PIHP,2020,0,0.631476769488809
6,PLAND,2018,0,-0.0007729241231435591
6,PLAND,2019,0,-0.002672270183226577
6,PLAND,2020,0,-0.004360606611381046
6,PMGS,2018,0,0.019704616621607496
6,PMGS,2019,0,0.0114887165965194
6,PMGS,2020,0,-0.026718963327190814
6,PSHARE,2018,0,0.04114067537315247
6,PSHARE,2019,0,0.038111954198749576
6,PSHARE,2020,0,0.04333084772619178
6,PXGS,2018,0,-0.0001777662460344942
6,PXGS,2019,0,-0.0014269936838062769
6,PXGS,2020,0,-0.0041603022806535606
6,RCD,2018,0,-8.333333333332497e-05
6,RCD,2019,0,-0.00075
6,RCD,2020,0,-0.001083333333333325
6,RGB,2018,0,-6.963545422273253e-05
6,RGB,2019,0,0.0
6,RGB,2020,0,-0.0004019686308489208
6,SBGVATGDPV,2018,0,-0.6961234269981844
6,SBGVATGDPV,2019,0,-0.8408852635192474
6,SBGVATGDPV,2020,0,-0.9275324888132843
6,TAXV,2018,0,2.202010248572872
6,TAXV,2019,0,1.8466182773106798
6,TAXV,2020,0,1.5197792265998156
6,TCIV,2018,0,11.047754604702853
6,TCIV,2019,0,10.38590726140976
6,TCIV,2020,0,8.594582633180481
6,TYCV,2018,0,-0.5602311293127299
6,TYCV,2019,0,-1.6432349800475088
6,TYCV,2020,0,-1.9616754815346944
6,TYPV,2018,0,-0.23616658013555503
6,TYPV,2019,0,-0.3559091042077245
6,TYPV,2020,0,-0.367931455153811
6,UCC,2018,0,0.1584826429030517
6,UCC,2019,0,0.14102377597064453
6,UCC,2020,0,0.24154634101660744
6,UR,2018,0,0.005893575176694754
6,UR,2019,0,0.0077425044351451255
6,UR,2020,0,0.008724260445470255
6,WIPH,2018,0,-0.1269078942868651
6,WIPH,2019,0,-0.16816724551905193
6,WIPH,2020,0,-0.21443658501974217
6,XGS,2018,0,-3.212343710479182e-06
6,XGS,2019,0,-0.0001051257638357006
6,XGS,2020,0,-0.0006405754553712173
6,XGSV,2018,0,-0.00018097858367760455
6,XGSV,2019,0,-0.0015321175639876339
6,XGSV,2020,0,-0.004800848883329545
6,YCV,2018,0,-1.387588881356741
6,YCV,2019,0,-1.667624518547564
6,YCV,2020,0,-2.4166564178869976
6,YDV,2018,0,-0.1833902628998324
6,YDV,2019,0,-0.22671424387681327
6,YDV,2020,0,-0.2516721526869353
6,YWV,2018,0,-0.2252987562281511
6,YWV,2019,0,-0.2742455948362754
6,YWV,2020,0,-0.31570113205401096
7,GDP,2018,1,-0.11834178709384524
7,GDP,2018,2,-0.20806163184577953
7,GDP,2018,3,-0.363327370531874
7,GDP,2018,4,-0.561856798126914
7,GDP,2019,1,-0.7946427851587501
7,GDP,2019,2,-0.9324845377920776
7,GDP,2019,3,-1.0890015936948494
7,GDP,2019,4,-1.107322260628385
7,GDP,2020,1,-1.1706763220156957
7,GDP,2020,2,-1.201506575363498
7,GDP,2020,3,-1.1556676173773872
7,GDP,2020,4,-1.1677444005023685
7,CP,2018,1,0.03868663808070938
7,CP,2018,2,0.1737092631407089
7,CP,2018,3,0.36297332705550467
7,CP,2018,4,0.3317379475034299
7,CP,2019,1,0.2897236513030865
7,CP,2019,2,0.26571500044472174
7,CP,2019,3,0.17879124993380735
7,CP,2019,4,0.10396595131034747
7,CP,2020,1,0.049163303620725074
7,CP,2020,2,0.010221661030151985
7,CP,2020,3,0.007683169690420044
7,CP,2020,4,-0.0002502563388850909
7,IFP,2018,1,-0.7561333744763532
7,IFP,2018,2,-1.5880414409396248
7,IFP,2018,3,-2.36133955258363
7,IFP,2018,4,-3.5152311975739314
7,IFP,2019,1,-4.678862586499366
7,IFP,2019,2,-5.545712951953263
7,IFP,2019,3,-6.078881064989384
7,IFP,2019,4,-6.312401624872466
7,IFP,2020,1,-6.352403960013109
7,IFP,2020,2,-6.380561752304681
7,IFP,2020,3,-6.398558512718234
7,IFP,2020,4,-6.409024049952627
7,IHP,2018,1,-0.2604415927027093
7,IHP,2018,2,-0.30854641799328286
7,IHP,2018,3,-0.2636514582096239
7,IHP,2018,4,-0.26683890107894737
7,IHP,2019,1,-0.33275158113825754
7,IHP,2019,2,-0.3756085368374573
7,IHP,2019,3,-0.45946954335880363
7,IHP,2019,4,-0.5567055874164506
7,IHP,2020,1,-0.6377127169936769
7,IHP,2020,2,-0.6841340842357324
7,IHP,2020,3,-0.7382740360209583
7,IHP,2020,4,-0.7595130478544321
7,IG,2018,1,0.0
7,IG,2018,2,0.0
7,IG,2018,3,0.0
7,IG,2018,4,0.0
7,IG,2019,1,0.0
7,IG,2019,2,0.0
7,IG,2019,3,0.0
7,IG,2019,4,0.0
7,IG,2020,1,0.0
7,IG,2020,2,0.0
7,IG,2020,3,0.0
7,IG,2020,4,0.0
7,CG,2018,1,0.0
7,CG,2018,2,-4.862776847858186e-12
7,CG,2018,3,-8.026912468039882e-12
7,CG,2018,4,-7.904787935331115e-12
7,CG,2019,1,-7.80486786311485e-12
7,CG,2019,2,-7.149836278586008e-12
7,CG,2019,3,-6.394884621840902e-12
7,CG,2019,4,-5.595524044110789e-12
7,CG,2020,1,-5.295763827461997e-12
7,CG,2020,2,-4.4075854077618715e-12
7,CG,2020,3,-2.9309887850104133e-12
7,CG,2020,4,-2.6978419498391304e-12
7,XGS,2018,1,0.0
7,XGS,2018,2,-0.002193671730887914
7,XGS,2018,3,-0.008845198513640629
7,XGS,2018,4,-0.02268726241876351
7,XGS,2019,1,-0.04640882147634029
7,XGS,2019,2,-0.08044875195633017
7,XGS,2019,3,-0.12296251618381104
7,XGS,2019,4,-0.17157214371391616
7,XGS,2020,1,-0.2235186318780502
7,XGS,2020,2,-0.27621192527159666
7,XGS,2020,3,-0.3293938018457121
7,XGS,2020,4,-0.38296647014363083
7,MGS,2018,1,0.014577900293666346
7,MGS,2018,2,0.12642363293164927
7,MGS,2018,3,0.3504337099284438
7,MGS,2018,4,0.4348744709168795
7,MGS,2019,1,0.36235391470833545
7,MGS,2019,2,0.294747356750924
7,MGS,2019,3,0.2025670441244687
7,MGS,2019,4,0.08640944069220335
7,MGS,2020,1,-0.009715986317437864
7,MGS,2020,2,-0.07631565885553027
7,MGS,2020,3,-0.10426479786052045
7,MGS,2020,4,-0.1111861557329008
7,GDPD,2018,1,-0.47374004505952894
7,GDPD,2018,2,-0.3607221222285495
7,GDPD,2018,3,-0.6192625161211915
7,GDPD,2018,4,-0.7949633366920086
7,GDPD,2019,1,-0.938691541092769
7,GDPD,2019,2,-0.5582958305209347
7,GDPD,2019,3,-0.6331752565014335
7,GDPD,2019,4,-0.07194022145725398
7,GDPD,2020,1,-0.25759995485594533
7,GDPD,2020,2,-0.11528911334274383
7,GDPD,2020,3,0.19569368208238913
7,GDPD,2020,4,-0.04970431422335331
7,PGDP,2018,1,-0.03488612866582308
7,PGDP,2018,2,-0.05990978895005217
7,PGDP,2018,3,-0.07690110196397759
7,PGDP,2018,4,-0.0953835607887088
7,PGDP,2019,1,-0.12448471540167372
7,PGDP,2019,2,-0.15389988925254006
7,PGDP,2019,3,-0.1889521835150454
7,PGDP,2019,4,-0.2332125506587568
7,PGDP,2020,1,-0.28174116987140785
7,PGDP,2020,2,-0.3095216321284844
7,PGDP,2020,3,-0.3744021541915665
7,PGDP,2020,4,-0.4304079030919339
7,PCP,2018,1,-0.03985515290746422
7,PCP,2018,2,-0.06226190235661955
7,PCP,2018,3,-0.07275067081087272
7,PCP,2018,4,-0.08611854185790468
7,PCP,2019,1,-0.10670376476127341
7,PCP,2019,2,-0.1363722885289187
7,PCP,2019,3,-0.17526445796809398
7,PCP,2019,4,-0.22165607410968846
7,PCP,2020,1,-0.27252516529647774
7,PCP,2020,2,-0.3246539239975088
7,PCP,2020,3,-0.37571026524869655
7,PCP,2020,4,-0.42354053577596806
7,PIFP,2018,1,-0.06075774555514002
7,PIFP,2018,2,-0.08576140390165188
7,PIFP,2018,3,-0.14677398689222354
7,PIFP,2018,4,-0.19626789264783895
7,PIFP,2019,1,-0.2636269866160945
7,PIFP,2019,2,-0.31857828816788114
7,PIFP,2019,3,-0.38046462906782264
7,PIFP,2019,4,-0.4169651209220637
7,PIFP,2020,1,-0.4658033203572498
7,PIFP,2020,2,-0.49760466092308997
7,PIFP,2020,3,-0.5284505956806851
7,PIFP,2020,4,-0.558979119822911
7,PIHP,2018,1,-0.043138887351035216
7,PIHP,2018,2,-0.07945399096992434
7,PIHP,2018,3,-0.10601792793045739
7,PIHP,2018,4,-0.12620655729654873
7,PIHP,2019,1,-0.15309301757746585
7,PIHP,2019,2,-0.19171082895399483
7,PIHP,2019,3,-0.23998049486495532
7,PIHP,2019,4,-0.2972417011137374
7,PIHP,2020,1,-0.36308443242369925
7,PIHP,2020,2,-0.4247497659193078
7,PIHP,2020,3,-0.48894895655257065
7,PIHP,2020,4,-0.5510086609139764
7,PXGS,2018,1,-0.09194239357328549
7,PXGS,2018,2,-0.18676376847245324
7,PXGS,2018,3,-0.30113094556430964
7,PXGS,2018,4,-0.4136551615610773
7,PXGS,2019,1,-0.5238335646985837
7,PXGS,2019,2,-0.6331387797309795
7,PXGS,2019,3,-0.7425521813571812
7,PXGS,2019,4,-0.8536582738885468
7,PXGS,2020,1,-0.9675500415254001
7,PXGS,2020,2,-1.0841825519985027
7,PXGS,2020,3,-1.2038739866648496
7,PXGS,2020,4,-1.3259695000176874
7,PMGS,2018,1,-0.10104542058445576
7,PMGS,2018,2,-0.2106459677591377
7,PMGS,2018,3,-0.35111574973349935
7,PMGS,2018,4,-0.4821421918635438
7,PMGS,2019,1,-0.573586415128835
7,PMGS,2019,2,-0.7108121295235525
7,PMGS,2019,3,-0.8035482489021084
7,PMGS,2019,4,-0.9146061650037174
7,PMGS,2020,1,-1.0319183034591228
7,PMGS,2020,2,-1.089158500484766
7,PMGS,2020,3,-1.2089514061647932
7,PMGS,2020,4,-1.317460545127469
7,CGPI,2018,1,-0.05359115145467941
7,CGPI,2018,2,-0.08610832241102706
7,CGPI,2018,3,-0.12063237966721818
7,CGPI,2018,4,-0.16458673251867895
7,CGPI,2019,1,-0.19952377399256038
7,CGPI,2019,2,-0.25353965589174354
7,CGPI,2019,3,-0.29850936306556886
7,CGPI,2019,4,-0.35319055343354666
7,CGPI,2020,1,-0.40412911250159445
7,CGPI,2020,2,-0.44805189521082145
7,CGPI,2020,3,-0.5038414983901118
7,CGPI,2020,4,-0.5476470384062293
7,GDPV,2018,1,-0.15318663089154416
7,GDPV,2018,2,-0.2678467715112931
7,GDPV,2018,3,-0.43994906974417214
7,GDPV,2018,4,-0.6567044398950395
7,GDPV,2019,1,-0.9181382917508585
7,GDPV,2019,2,-1.0849493343736527
7,GDPV,2019,3,-1.2758960849200918
7,GDPV,2019,4,-1.3379523967991358
7,GDPV,2020,1,-1.44911921472205
7,GDPV,2020,2,-1.5073092847297853
7,GDPV,2020,3,-1.5257429271142042
7,GDPV,2020,4,-1.5931262394066281
7,CPV,2018,1,-0.0011839334434715632
7,CPV,2018,2,0.11133920609385228
7,CPV,2018,3,0.289958590714412
7,CPV,2018,4,0.2453337177624082
7,CPV,2019,1,0.1827107404985151
7,CPV,2019,2,0.12898035028883204
7,CPV,2019,3,0.003213434450732855
7,CPV,2019,4,-0.11792056964549102
7,CPV,2020,1,-0.22349584405014777
7,CPV,2020,2,-0.31446544798987563
7,CPV,2020,3,-0.3680559620156454
7,CPV,2020,4,-0.4237897321777373
7,IFPV,2018,1,-0.8164317104735863
7,IFPV,2018,2,-1.6724409182314104
7,IFPV,2018,3,-2.504647707271712
7,IFPV,2018,4,-3.704599820028731
7,IFPV,2019,1,-4.930154828668454
7,IFPV,2019,2,-5.846623802728779
7,IFPV,2019,3,-6.436217701758363
7,IFPV,2019,4,-6.703046232729248
7,IFPV,2020,1,-6.788617571797961
7,IFPV,2020,2,-6.846416440550273
7,IFPV,2020,3,-6.893195887826908
7,IFPV,2020,4,-6.932178063547956
7,IHPV,2018,1,-0.3034681284418861
7,IHPV,2018,2,-0.3877552565061282
7,IHPV,2018,3,-0.3693898683204577
7,IHPV,2018,4,-0.3927086901844623
7,IHPV,2019,1,-0.4853351792756144
7,IHPV,2019,2,-0.5665992835473865
7,IHPV,2019,3,-0.6983474009355839
7,IHPV,2019,4,-0.8522925273546478
7,IHPV,2020,1,-0.9984817138134816
7,IHPV,2020,2,-1.105977992220375
7,IHPV,2020,3,-1.2236132093592422
7,IHPV,2020,4,-1.306336726089452
7,IGV,2018,1,-0.0641977664896709
7,IGV,2018,2,-0.09746217734460938
7,IGV,2018,3,-0.15854804212248608
7,IGV,2018,4,-0.20810825416390788
7,IGV,2019,1,-0.27465925960791227
7,IGV,2019,2,-0.3335632089483842
7,IGV,2019,3,-0.4011942614494224
7,IGV,2019,4,-0.44916742145652
7,IGV,2020,1,-0.5105741262904862
7,IGV,2020,2,-0.5563109831986268
7,IGV,2020,3,-0.6020161203488139
7,IGV,2020,4,-0.6470379831454487
7,CGV,2018,1,2.220446049250313e-14
7,CGV,2018,2,-0.03457099390865581
7,CGV,2018,3,-0.04454322412761336
7,CGV,2018,4,-0.05928870770508521
7,CGV,2019,1,-0.06946498814264235
7,CGV,2019,2,-0.08883472777104773
7,CGV,2019,3,-0.1127804526162679
7,CGV,2019,4,-0.14628358202430913
7,CGV,2020,1,-0.1851907409624376
7,CGV,2020,2,-0.22903720487510437
7,CGV,2020,3,-0.2744215284199325
7,CGV,2020,4,-0.31991819896700635
7,XGSV,2018,1,-0.09194239357316336
7,XGSV,2018,2,-0.18895334321922252
7,XGSV,2018,3,-0.3099495084480153
7,XGSV,2018,4,-0.43624857694760655
7,XGSV,2019,1,-0.5699992811899812
7,XGSV,2019,2,-0.7130781794393304
7,XGSV,2019,3,-0.8646016366932185
7,XGSV,2019,4,-1.0237657778019105
7,XGSV,2020,1,-1.1889060187859624
7,XGSV,2020,2,-1.3573998357699346
7,XGSV,2020,3,-1.529302302216362
7,XGSV,2020,4,-1.7038579515699204
7,MGSV,2018,1,-0.08648225059144643
7,MGSV,2018,2,-0.08448864111255672
7,MGSV,2018,3,-0.0019124677529736012
7,MGSV,2018,4,-0.049364434252596734
7,MGSV,2019,1,-0.21331091324995333
7,MGSV,2019,2,-0.4181598727358571
7,MGSV,2019,3,-0.602608928713555
7,MGSV,2019,4,-0.8289870303832325
7,MGSV,2020,1,-1.0415340287354136
7,MGSV,2020,2,-1.1646429608546782
7,MGSV,2020,3,-1.3119556932854493
7,MGSV,2020,4,-1.4271818671269476
7,NIV,2018,1,-0.21528509800537998
7,NIV,2018,2,-0.3672598819153716
7,NIV,2018,3,-0.6335064350046271
7,NIV,2018,4,-0.9287144844354889
7,NIV,2019,1,-1.284193291894209
7,NIV,2019,2,-1.4660853770340099
7,NIV,2019,3,-1.7607045749436279
7,NIV,2019,4,-1.8869813400437696
7,NIV,2020,1,-2.043951037937708
7,NIV,2020,2,-2.1999153319698928
7,NIV,2020,3,-2.2431217810366166
7,NIV,2020,4,-2.2787208763863753
7,YWV,2018,1,-0.1331041814556122
7,YWV,2018,2,-0.28394938500908573
7,YWV,2018,3,0.0974754506937181
7,YWV,2018,4,-0.25803108662733054
7,YWV,2019,1,-0.5064502045638575
7,YWV,2019,2,-0.7853550670618881
7,YWV,2019,3,-1.053117958687766
7,YWV,2019,4,-1.2610662909935733
7,YWV,2020,1,-1.3399249084633191
7,YWV,2020,2,-1.537168148835355
7,YWV,2020,3,-1.6195847323223433
7,YWV,2020,4,-1.6983163308878613
7,YCV,2018,1,-4.4997249115848685
7,YCV,2018,2,-4.816561676136388
7,YCV,2018,3,-5.583227832129523
7,YCV,2018,4,-8.594918441199528
7,YCV,2019,1,-9.708804702537721
7,YCV,2019,2,-8.36762221601185
7,YCV,2019,3,-9.065182777991875
7,YCV,2019,4,-11.236663996823415
7,YCV,2020,1,-10.670670542128914
7,YCV,2020,2,-23.743882276705186
7,YCV,2020,3,-14.224574494003562
7,YCV,2020,4,-11.42438224013299
7,YDV,2018,1,0.6550362662822717
7,YDV,2018,2,0.6866902516180051
7,YDV,2018,3,0.45217228315179714
7,YDV,2018,4,0.46316495083811304
7,YDV,2019,1,0.23023971165645474
7,YDV,2019,2,-0.01132587843180044
7,YDV,2019,3,-0.18974891766747604
7,YDV,2019,4,-0.3522953748294477
7,YDV,2020,1,-0.4496179275445433
7,YDV,2020,2,-0.44499013169377877
7,YDV,2020,3,-0.573855398391987
7,YDV,2020,4,-0.6560310175250939
7,TAXV,2018,1,-0.022800278810075625
7,TAXV,2018,2,-0.29077454467097974
7,TAXV,2018,3,-0.6650743319736474
7,TAXV,2018,4,-1.1240313798333235
7,TAXV,2019,1,-1.7847146573532258
7,TAXV,2019,2,-2.2035773906952216
7,TAXV,2019,3,-2.6003944825660708
7,TAXV,2019,4,-3.0005448382862454
7,TAXV,2020,1,-3.351694530988969
7,TAXV,2020,2,-3.2778217479953464
7,TAXV,2020,3,-3.78789012538987
7,TAXV,2020,4,-4.248066573511366
7,TYPV,2018,1,0.04832641545977623
7,TYPV,2018,2,0.12085815626816654
7,TYPV,2018,3,0.07829913902284158
7,TYPV,2018,4,0.07325185373971976
7,TYPV,2019,1,-0.13124685486187726
7,TYPV,2019,2,-0.3243858250654097
7,TYPV,2019,3,-0.546462901788447
7,TYPV,2019,4,-0.6953344604142431
7,TYPV,2020,1,-0.8693833548770624
7,TYPV,2020,2,-0.9286181329860921
7,TYPV,2020,3,-0.9777798698783036
7,TYPV,2020,4,-1.0276928600785662
7,TYCV,2018,1,-0.018561033026343043
7,TYCV,2018,2,-1.0485445366891666
7,TYCV,2018,3,-2.3612271529053874
7,TYCV,2018,4,-3.861433607473208
7,TYCV,2019,1,-6.033168195724148
7,TYCV,2019,2,-7.28126674670272
7,TYCV,2019,3,-8.343209013635299
7,TYCV,2019,4,-9.358016858838969
7,TYCV,2020,1,-9.959391382015326
7,TYCV,2020,2,-10.20354012748551
7,TYCV,2020,3,-12.293171731080477
7,TYCV,2020,4,-13.930920335488416
7,TCIV,2018,1,-0.13987863269168122
7,TCIV,2018,2,-0.23053343345450505
7,TCIV,2018,3,-0.2653944076663306
7,TCIV,2018,4,-0.48971640781619863
7,TCIV,2019,1,-0.7198213915082796
7,TCIV,2019,2,-0.8909862683087355
7,TCIV,2019,3,-1.0665907474224579
7,TCIV,2019,4,-1.1302064388136523
7,TCIV,2020,1,-1.2392871915080872
7,TCIV,2020,2,-1.285732210183843
7,TCIV,2020,3,-1.3042504251574383
7,TCIV,2020,4,-1.3741291715828052
7,WIPH,2018,1,-0.08915709445074249
7,WIPH,2018,2,-0.1918845703345884
7,WIPH,2018,3,0.11098578457353625
7,WIPH,2018,4,-0.11932499777627115
7,WIPH,2019,1,-0.2668717034105206
7,WIPH,2019,2,-0.4597712735038617
7,WIPH,2019,3,-0.6472175580725992
7,WIPH,2019,4,-0.8235249300462266
7,WIPH,2020,1,-0.8942394800818598
7,WIPH,2020,2,-1.06812599846563
7,WIPH,2020,3,-1.1585951302367947
7,WIPH,2020,4,-1.243612474798994
7,LE,2018,1,-0.020268799103917434
7,LE,2018,2,-0.05326970661698738
7,LE,2018,3,0.06127278453196272
7,LE,2018,4,-0.030436978874326392
7,LE,2019,1,-0.09194312726937826
7,LE,2019,2,-0.16423066804308606
7,LE,2019,3,-0.23098753878466605
7,LE,2019,4,-0.28685068660353474
7,LE,2020,1,-0.2970081059716523
7,LE,2020,2,-0.3437540097020797
7,LE,2020,3,-0.3530616427085187
7,LE,2020,4,-0.36037864781972573
7,LF,2018,1,-0.017798160994741963
7,LF,2018,2,-0.04838923483007074
7,LF,2018,3,0.0728458686846567
7,LF,2018,4,-0.013509411093992618
7,LF,2019,1,-0.0684632068316815
7,LF,2019,2,-0.136736407473792
7,LF,2019,3,-0.20044050448335682
7,LF,2019,4,-0.2569032330165588
7,LF,2020,1,-0.2672181273978502
7,LF,2020,2,-0.31371034136424836
7,LF,2020,3,-0.3267981293877953
7,LF,2020,4,-0.33783272890632876
7,LH,2018,1,-0.03094187431657014
7,LH,2018,2,-0.05426207294915164
7,LH,2018,3,-0.06945909127114014
7,LH,2018,4,-0.12240686934212874
7,LH,2019,1,-0.17598839865076155
7,LH,2019,2,-0.20581760296348728
7,LH,2019,3,-0.23542947741048703
7,LH,2019,4,-0.223338464164069
7,LH,2020,1,-0.22587354227457945
7,LH,2020,2,-0.21598365574757583
7,LH,2020,3,-0.20316070125266927
7,LH,2020,4,-0.1938620131454183
7,UR,2018,1,0.0024047052058291385
7,UR,2018,2,0.0047574987548726355
7,UR,2018,3,0.011274453949529306
7,UR,2018,4,0.01651548718695217
7,UR,2019,1,0.022912573850875972
7,UR,2019,2,0.026857716704844936
7,UR,2019,3,0.029960147036261375
7,UR,2019,4,0.029333994587575685
7,UR,2020,1,0.02910367230083777
7,UR,2020,2,0.02926874067321572
7,UR,2020,3,0.025651148618230035
7,UR,2020,4,0.0219231544799543
7,CUX,2018,1,-0.22181851205936853
7,CUX,2018,2,-0.3326606460817394
7,CUX,2018,3,-0.8197044431875633
7,CUX,2018,4,-1.0029253612701128
7,CUX,2019,1,-1.3408123652166148
7,CUX,2019,2,-1.390641160457473
7,CUX,2019,3,-1.4892828462219176
7,CUX,2019,4,-1.2635686810699154
7,CUX,2020,1,-1.269512395278105
7,CUX,2020,2,-1.2811335390911283
7,CUX,2020,3,-0.9595386562008867
7,CUX,2020,4,-0.7633557160253046
7,GDPPOT,2018,1,-0.01063371426643922
7,GDPPOT,2018,2,-0.03843475413697339
7,GDPPOT,2018,3,0.014049487808720507
7,GDPPOT,2018,4,-0.06592720397833318
7,GDPPOT,2019,1,-0.1412168686448112
7,GDPPOT,2019,2,-0.23763060871999642
7,GDPPOT,2019,3,-0.33990247337716273
7,GDPPOT,2019,4,-0.4441850326062813
7,GDPPOT,2020,1,-0.5162420769566856
7,GDPPOT,2020,2,-0.6110026318270845
7,GDPPOT,2020,3,-0.6797351880968527
7,GDPPOT,2020,4,-0.746005740654343
7,GDPGAP,2018,1,-0.11001651049497685
7,GDPGAP,2018,2,-0.17328593295432482
7,GDPGAP,2018,3,-0.3827123075246208
7,GDPGAP,2018,4,-0.5012842887994121
7,GDPGAP,2019,1,-0.6618660256803368
7,GDPGAP,2019,2,-0.7065278296111857
7,GDPGAP,2019,3,-0.762429507983658
7,GDPGAP,2019,4,-0.6532465566605037
7,GDPGAP,2020,1,-0.6491746655080768
7,GDPGAP,2020,2,-0.5447442824206377
7,GDPGAP,2020,3,-0.46193854582788774
7,GDPGAP,2020,4,-0.41443103723704633
7,RCD,2018,1,0.9999999999999999
7,RCD,2018,2,0.9999999999999999
7,RCD,2018,3,1.0
7,RCD,2018,4,0.9999999999999999
7,RCD,2019,1,0.9999999999999999
7,RCD,2019,2,1.0
7,RCD,2019,3,1.0
7,RCD,2019,4,1.0
7,RCD,2020,1,1.0
7,RCD,2020,2,1.0
7,RCD,2020,3,1.0
7,RCD,2020,4,1.0
7,RGB,2018,1,0.5101099999999998
7,RGB,2018,2,0.44647459322258587
7,RGB,2018,3,0.4428407580911764
7,RGB,2018,4,0.440099445193653
7,RGB,2019,1,0.44317572157371177
7,RGB,2019,2,0.45155077449883846
7,RGB,2019,3,0.46505886286748677
7,RGB,2019,4,0.48349800519517233
7,RGB,2020,1,0.5066816876222918
7,RGB,2020,2,0.5283891997796355
7,RGB,2020,3,0.5492360181425157
7,RGB,2020,4,0.5691941675412919
7,PERR,2018,1,-0.5843211482804875
7,PERR,2018,2,-1.533129925302248
7,PERR,2018,3,-2.4490313955915397
7,PERR,2018,4,-3.1369690573206874
7,PERR,2019,1,-3.819356992626968
7,PERR,2019,2,-3.7506363365039412
7,PERR,2019,3,-3.8070202594238864
7,PERR,2019,4,-4.029556983825941
7,PERR,2020,1,-4.344522808749211
7,PERR,2020,2,-4.27195213435483
7,PERR,2020,3,-5.412938795922699
7,PERR,2020,4,-6.901592364562632
7,UCC,2018,1,4.747513168666817
7,UCC,2018,2,5.712858789258446
7,UCC,2018,3,7.058101886670198
7,UCC,2018,4,8.257480130444161
7,UCC,2019,1,9.056555256992226
7,UCC,2019,2,8.863523038818721
7,UCC,2019,3,8.505036127983633
7,UCC,2019,4,8.186020470191014
7,UCC,2020,1,8.04110070476085
7,UCC,2020,2,7.202211308977913
7,UCC,2020,3,6.430948345942289
7,UCC,2020,4,6.297182191241002
7,FXS,2018,1,-0.23009166055297792
7,FXS,2018,2,-0.46705474019943516
7,FXS,2018,3,-0.7524135011703237
7,FXS,2018,4,-1.0326937022131055
7,FXS,2019,1,-1.3066696350409468
7,FXS,2019,2,-1.5780235542621868
7,FXS,2019,3,-1.8491967326536018
7,FXS,2019,4,-2.124105353647443
7,FXS,2020,1,-2.405425945642381
7,FXS,2020,2,-2.693012406353057
7,FXS,2020,3,-2.987611535193757
7,FXS,2020,4,-3.287575204266391
7,PSHARE,2018,1,-3.7972065558101398
7,PSHARE,2018,2,-9.563884089304898
7,PSHARE,2018,3,-15.658542414314347
7,PSHARE,2018,4,-20.748449548925507
7,PSHARE,2019,1,-23.8097036913694
7,PSHARE,2019,2,-23.880884823594194
7,PSHARE,2019,3,-23.955120416745913
7,PSHARE,2019,4,-24.01100379551091
7,PSHARE,2020,1,-24.074614029945607
7,PSHARE,2020,2,-24.13168247823775
7,PSHARE,2020,3,-24.184284101931695
7,PSHARE,2020,4,-24.24511411514437
7,PLAND,2018,1,-0.012364574098833181
7,PLAND,2018,2,0.02683429315604169
7,PLAND,2018,3,0.12218584359364737
7,PLAND,2018,4,0.2834712960741559
7,PLAND,2019,1,0.5054457645852883
7,PLAND,2019,2,0.7636109882061648
7,PLAND,2019,3,1.0251033234844886
7,PLAND,2019,4,1.2868999659127578
7,PLAND,2020,1,1.5508383710484352
7,PLAND,2020,2,1.8165676205964765
7,PLAND,2020,3,2.082460224660898
7,PLAND,2020,4,2.3513323888341597
7,M2CD,2018,1,-3.643215353808227
7,M2CD,2018,2,-3.7398211903171275
7,M2CD,2018,3,-3.8959027371981647
7,M2CD,2018,4,-4.100001394844888
7,M2CD,2019,1,-4.347242369075255
7,M2CD,2019,2,-4.5146601556595005
7,M2CD,2019,3,-4.711368679844985
7,M2CD,2019,4,-4.783343064210033
7,M2CD,2020,1,-4.902996681983607
7,M2CD,2020,2,-4.9916851850717485
7,M2CD,2020,3,-5.004465882211573
7,M2CD,2020,4,-5.068093974718657
7,BGVATGDPV,2018,1,-0.02155750255751565
7,BGVATGDPV,2018,2,-0.08090246080585084
7,BGVATGDPV,2018,3,-0.14724738907903046
7,BGVATGDPV,2018,4,-0.25747038733394856
7,BGVATGDPV,2019,1,-0.40379376480915763
7,BGVATGDPV,2019,2,-0.49687903145178103
7,BGVATGDPV,2019,3,-0.5910917790692429
7,BGVATGDPV,2019,4,-0.6905271882242849
7,BGVATGDPV,2020,1,-0.7638432702931284
7,BGVATGDPV,2020,2,-0.8125004554764921
7,BGVATGDPV,2020,3,-0.8901532901203622
7,BGVATGDPV,2020,4,-0.9801731434870629
7,SBGVATGDPV,2018,1,0.3583707637503153
7,SBGVATGDPV,2018,2,0.6441137151464602
7,SBGVATGDPV,2018,3,1.079298690515543
7,SBGVATGDPV,2018,4,1.6767495077618264
7,SBGVATGDPV,2019,1,2.3972220668626107
7,SBGVATGDPV,2019,2,2.925969736789483
7,SBGVATGDPV,2019,3,3.5380741645551836
7,SBGVATGDPV,2019,4,3.913098062493958
7,SBGVATGDPV,2020,1,4.323713850177569
7,SBGVATGDPV,2020,2,5.114316833304372
7,SBGVATGDPV,2020,3,5.204776271167191
7,SBGVATGDPV,2020,4,5.565227348924623
7,BCVATGDPV,2018,1,0.0008857068661649592
7,BCVATGDPV,2018,2,-0.03701027110837085
7,BCVATGDPV,2018,3,-0.11020813061884072
7,BCVATGDPV,2018,4,-0.14923252990465263
7,BCVATGDPV,2019,1,-0.1503439984664734
7,BCVATGDPV,2019,2,-0.17339180628826023
7,BCVATGDPV,2019,3,-0.23189871358761627
7,BCVATGDPV,2019,4,-0.28685736494463
7,BCVATGDPV,2020,1,-0.3202175999214716
7,BCVATGDPV,2020,2,-0.39804748243950616
7,BCVATGDPV,2020,3,-0.4464743794529502
7,BCVATGDPV,2020,4,-0.46633617637083
7,KFP,2018,1,-0.023659464431502464
7,KFP,2018,2,-0.07314665211789473
7,KFP,2018,3,-0.1436698917162582
7,KFP,2018,4,-0.24909308079337222
7,KFP,2019,1,-0.3871799986001956
7,KFP,2019,2,-0.5465190652238605
7,KFP,2019,3,-0.721482271858942
7,KFP,2019,4,-0.884673252373358
7,KFP,2020,1,-1.050581114984006
7,KFP,2020,2,-1.2012273468272716
7,KFP,2020,3,-1.348696564954055
7,KFP,2020,4,-1.4944362132594757
7,KHP,2018,1,-0.003323398490828744
7,KHP,2018,2,-0.007108349334306041
7,KHP,2018,3,-0.010307638285866894
7,KHP,2018,4,-0.013566392003516725
7,KHP,2019,1,-0.01772589206239239
7,KHP,2019,2,-0.022455459401293787
7,KHP,2019,3,-0.02827049156924888
7,KHP,2019,4,-0.03517047129123485
7,KHP,2020,1,-0.04267999902728414
7,KHP,2020,2,-0.05068480366238193
7,KHP,2020,3,-0.05885248248280739
7,KHP,2020,4,-0.06719709498125281
7,KG,2018,1,1.2423395645555502e-10
7,KG,2018,2,5.009326287108706e-11
7,KG,2018,3,-4.14890344302421e-11
7,KG,2018,4,-4.263256414560601e-11
7,KG,2019,1,-4.397593400540245e-11
7,KG,2019,2,-4.00679489587219e-11
7,KG,2019,3,-3.5427216715788745e-11
7,KG,2019,4,-2.8343993818680246e-11
7,KG,2020,1,-2.886579864025407e-11
7,KG,2020,2,-1.5210055437364645e-11
7,KG,2020,3,-1.1390888232654106e-11
7,KG,2020,4,-1.4066525722000733e-11
7,BCVATGDPV,2018,0,-0.07389130619142481
7,BCVATGDPV,2019,0,-0.21062297082174497
7,BCVATGDPV,2020,0,-0.4077689095461895
7,BGVATGDPV,2018,0,-0.12679443494408638
7,BGVATGDPV,2019,0,-0.5455729408886166
7,BGVATGDPV,2020,0,-0.8616675398442614
7,CG,2018,0,-5.1986193128072955e-12
7,CG,2019,0,-6.736278201913137e-12
7,CG,2020,0,-3.833044992518353e-12
7,CGPI,2018,0,-0.1062296465129009
7,CGPI,2019,0,-0.27619083659585486
7,CGPI,2020,0,-0.47591738612718926
7,CGV,2018,0,-0.03460073143533304
7,CGV,2019,0,-0.10434093763856678
7,CGV,2020,0,-0.2521419183061202
7,CP,2018,0,0.2267767939450882
7,CP,2019,0,0.20954896324799077
7,CP,2020,0,0.016704469500603003
7,CPV,2018,0,0.16136189528180023
7,CPV,2019,0,0.04924598889814724
7,CPV,2020,0,-0.3324517465583515
7,CUX,2018,0,-0.594277240649696
7,CUX,2019,0,-1.3710762632414801
7,CUX,2020,0,-1.0683850766488563
7,FXS,2018,0,-0.6205634010339606
7,FXS,2019,0,-1.7144988189010446
7,FXS,2020,0,-2.8434062728638967
7,GDP,2018,0,-0.3128968968996032
7,GDP,2019,0,-0.9808627943185155
7,GDP,2020,0,-1.1738987288147373
7,GDPD,2018,0,-0.5621720050253196
7,GDPD,2019,0,-0.5505257123930978
7,GDPD,2020,0,-0.056724925084913336
7,GDPGAP,2018,0,-0.2918247599433337
7,GDPGAP,2019,0,-0.696017479983921
7,GDPGAP,2020,0,-0.5175721327484122
7,GDPPOT,2018,0,-0.025236546143256322
7,GDPPOT,2019,0,-0.2907337458370629
7,GDPPOT,2020,0,-0.6382464093837414
7,GDPV,2018,0,-0.3794217280105122
7,GDPV,2019,0,-1.1542340269609346
7,GDPV,2020,0,-1.518824416493167
7,IFP,2018,0,-2.0551863913933848
7,IFP,2019,0,-5.65396455707862
7,IFP,2020,0,-6.385137068747163
7,IFPV,2018,0,-2.17453003900136
7,IFPV,2019,0,-5.979010641471211
7,IFPV,2020,0,-6.865101990930775
7,IG,2018,0,0.0
7,IG,2019,0,0.0
7,IG,2020,0,0.0
7,IGV,2018,0,-0.13207906003016856
7,IGV,2019,0,-0.3646460378655597
7,IGV,2020,0,-0.5789848032458439
7,IHP,2018,0,-0.27486959249614085
7,IHP,2019,0,-0.43113381218774227
7,IHP,2020,0,-0.7049084712761999
7,IHPV,2018,0,-0.3633304858632336
7,IHPV,2019,0,-0.6506435977783082
7,IHPV,2020,0,-1.1586024103706376
7,KFP,2018,0,-0.12239227226475691
7,KFP,2019,0,-0.634963647014089
7,KFP,2020,0,-1.273735310006202
7,KG,2018,0,2.2551405187698492e-11
7,KG,2019,0,-3.6953773374648335e-11
7,KG,2020,0,-1.738331700806839e-11
7,KHP,2018,0,-0.008576444528629601
7,KHP,2019,0,-0.025905578581042477
7,KHP,2020,0,-0.05485359503843157
7,LE,2018,0,-0.010675675015817121
7,LE,2019,0,-0.19350300517516628
7,LE,2020,0,-0.3385506015504941
7,LF,2018,0,-0.0017127345585371545
7,LF,2019,0,-0.1656358379513473
7,LF,2020,0,-0.31138983176405566
7,LH,2018,0,-0.06926747696974767
7,LH,2019,0,-0.2101434857972012
7,LH,2020,0,-0.2097199781050607
7,M2CD,2018,0,-3.8447351690421017
7,M2CD,2019,0,-4.589153567197443
7,M2CD,2020,0,-4.991810430996397
7,MGS,2018,0,0.23157742851765972
7,MGS,2019,0,0.23651943906898287
7,MGS,2020,0,-0.07537064969159735
7,MGSV,2018,0,-0.05556194842739337
7,MGSV,2019,0,-0.5157666862706495
7,MGSV,2020,0,-1.2363286375006222
7,NIV,2018,0,-0.5361914748402169
7,NIV,2019,0,-1.599491145978904
7,NIV,2020,0,-2.191427256832648
7,PCP,2018,0,-0.06524656698321529
7,PCP,2019,0,-0.15999914634199364
7,PCP,2020,0,-0.3491074725796628
7,PERR,2018,0,-1.9258628816237406
7,PERR,2019,0,-3.8516426430951842
7,PERR,2020,0,-5.232751525897343
7,PGDP,2018,0,-0.06677014509214041
7,PGDP,2019,0,-0.175137334707004
7,PGDP,2020,0,-0.34901821482084816
7,PIFP,2018,0,-0.1223902572492136
7,PIFP,2019,0,-0.3449087561934655
7,PIFP,2020,0,-0.512709424195984
7,PIHP,2018,0,-0.08870434088699142
7,PIHP,2019,0,-0.22050651062753834
7,PIHP,2020,0,-0.4569479539523885
7,PLAND,2018,0,0.10503171468125294
7,PLAND,2019,0,0.8952650105471749
7,PLAND,2020,0,1.9502996512849924
7,PMGS,2018,0,-0.28623733248515915
7,PMGS,2019,0,-0.7506382396395533
7,PMGS,2020,0,-1.1618721888090378
7,PSHARE,2018,0,-12.442020652088722
7,PSHARE,2019,0,-23.914178181805106
7,PSHARE,2020,0,-24.158923681314857
7,PXGS,2018,0,-0.2483730672927814
7,PXGS,2019,0,-0.6882956999188228
7,PXGS,2020,0,-1.14539402005161
7,RCD,2018,0,0.9999999999999999
7,RCD,2019,0,1.0
7,RCD,2020,0,1.0
7,RGB,2018,0,0.45988119912685377
7,RGB,2019,0,0.46082084103380233
7,RGB,2020,0,0.5383752682714338
7,SBGVATGDPV,2018,0,0.9396331692935362
7,SBGVATGDPV,2019,0,3.193591007675309
7,SBGVATGDPV,2020,0,5.0520085758934385
7,TAXV,2018,0,-0.5256701338220066
7,TAXV,2019,0,-2.397307842225191
7,TAXV,2020,0,-3.666368244471388
7,TCIV,2018,0,-0.2813807204071789
7,TCIV,2019,0,-0.9519012115132813
7,TCIV,2020,0,-1.3008497496080436
7,TYCV,2018,0,-1.8224415825235263
7,TYCV,2019,0,-7.753915203725284
7,TYCV,2020,0,-11.596755894017432
7,TYPV,2018,0,0.08018389112262603
7,TYPV,2019,0,-0.42435751053249426
7,TYPV,2020,0,-0.9508685544550061
7,UCC,2018,0,6.443988493759906
7,UCC,2019,0,8.652783723496398
7,UCC,2020,0,6.992860637730514
7,UR,2018,0,0.008738036274295813
7,UR,2019,0,0.027266108044889492
7,UR,2020,0,0.026486679018059456
7,WIPH,2018,0,-0.07234521949701644
7,WIPH,2019,0,-0.549346366258302
7,WIPH,2020,0,-1.0911432708958198
7,XGS,2018,0,-0.008431533165823013
7,XGS,2019,0,-0.10534805833259941
7,XGS,2020,0,-0.30302270728474745
7,XGSV,2018,0,-0.2567734555470019
7,XGSV,2019,0,-0.7928612187811102
7,XGSV,2020,0,-1.4448665270855447
7,YCV,2018,0,-5.873608215262577
7,YCV,2019,0,-9.594568423341215
7,YCV,2020,0,-15.015877388242663
7,YDV,2018,0,0.5642659379725468
7,YDV,2019,0,-0.08078261481806737
7,YDV,2020,0,-0.5311236187888507
7,YWV,2018,0,-0.1444023005995776
7,YWV,2019,0,-0.9014973803267712
7,YWV,2020,0,-1.5487485301272197
8,GDP,2018,1,-0.008011706391619633
8,GDP,2018,2,-0.02202913383476668
8,GDP,2018,3,-0.04574385999193131
8,GDP,2018,4,-0.08451861610218048
8,GDP,2019,1,-0.12796122970004653
8,GDP,2019,2,-0.17206682346987412
8,GDP,2019,3,-0.21762873177930686
8,GDP,2019,4,-0.2424046319180806
8,GDP,2020,1,-0.269481483080114
8,GDP,2020,2,-0.2801936418330375
8,GDP,2020,3,-0.26815288338293275
8,GDP,2020,4,-0.2663932834494842
8,CP,2018,1,0.0026085651337881544
8,CP,2018,2,0.014272112793012326
8,CP,2018,3,0.038136048472114936
8,CP,2018,4,0.05809998259103111
8,CP,2019,1,0.06984585930120968
8,CP,2019,2,0.07081882306181342
8,CP,2019,3,0.05172964847797168
8,CP,2019,4,0.020845570964223015
8,CP,2020,1,-0.01687096947340372
8,CP,2020,2,-0.05176048849705461
8,CP,2020,3,-0.07134302498432721
8,CP,2020,4,-0.09003198302155457
8,IFP,2018,1,-0.051174595040759385
8,IFP,2018,2,-0.15774835844967194
8,IFP,2018,3,-0.31384145854087553
8,IFP,2018,4,-0.542706946901661
8,IFP,2019,1,-0.7904595595038422
8,IFP,2019,2,-1.0297898728195864
8,IFP,2019,3,-1.2391442293915866
8,IFP,2019,4,-1.374064881605086
8,IFP,2020,1,-1.421241941668605
8,IFP,2020,2,-1.4066419675745623
8,IFP,2020,3,-1.3636307981572782
8,IFP,2020,4,-1.3135584496681396
8,IHP,2018,1,-0.017564020508542555
8,IHP,2018,2,-0.03812763622159654
8,IHP,2018,3,-0.05547476856898603
8,IHP,2018,4,-0.07268460249274522
8,IHP,2019,1,-0.07388561518834047
8,IHP,2019,2,-0.07795842223419225
8,IHP,2019,3,-0.09315268544821675
8,IHP,2019,4,-0.11825209986754404
8,IHP,2020,1,-0.14465426046156304
8,IHP,2020,2,-0.16628211605873577
8,IHP,2020,3,-0.19531852835404928
8,IHP,2020,4,-0.2065992803879424
8,IG,2018,1,0.0
8,IG,2018,2,0.0
8,IG,2018,3,0.0
8,IG,2018,4,0.0
8,IG,2019,1,0.0
8,IG,2019,2,0.0
8,IG,2019,3,0.0
8,IG,2019,4,0.0
8,IG,2020,1,0.0
8,IG,2020,2,0.0
8,IG,2020,3,0.0
8,IG,2020,4,0.0
8,CG,2018,1,0.0
8,CG,2018,2,2.90878432451791e-12
8,CG,2018,3,7.549516567451064e-12
8,CG,2018,4,1.3034018309099338e-11
8,CG,2019,1,1.1257661469699087e-11
8,CG,2019,2,1.1457501614131615e-11
8,CG,2019,3,1.0769163338864018e-11
8,CG,2019,4,1.0591527654923993e-11
8,CG,2020,1,1.1368683772161603e-11
8,CG,2020,2,1.0613732115416497e-11
8,CG,2020,3,8.282263763703668e-12
8,CG,2020,4,8.881784197001252e-12
8,XGS,2018,1,0.0
8,XGS,2018,2,-0.00014794334410872523
8,XGS,2018,3,-0.0007407848568230513
8,XGS,2018,4,-0.0022502498792431602
8,XGS,2019,1,-0.005309661424612866
8,XGS,2019,2,-0.010402727852265592
8,XGS,2019,3,-0.017705986616856073
8,XGS,2019,4,-0.027025244024903028
8,XGS,2020,1,-0.0378007725853613
8,XGS,2020,2,-0.04928914333992562
8,XGS,2020,3,-0.060900931589202845
8,XGS,2020,4,-0.07226536682641838
8,MGS,2018,1,0.0009820172718999487
8,MGS,2018,2,0.009483735885007505
8,MGS,2018,3,0.0327184797518143
8,MGS,2018,4,0.06038533179528738
8,MGS,2019,1,0.07870929810915861
8,MGS,2019,2,0.08171148011373308
8,MGS,2019,3,0.06429679673360944
8,MGS,2019,4,0.025903741699684346
8,MGS,2020,1,-0.02629889057154111
8,MGS,2020,2,-0.07786500219825188
8,MGS,2020,3,-0.11665774082618707
8,MGS,2020,4,-0.14546750465921354
8,GDPD,2018,1,-0.03207207055420924
8,GDPD,2018,2,-0.05629542735593196
8,GDPD,2018,3,-0.09440791660384962
8,GDPD,2018,4,-0.15477086449200228
8,GDPD,2019,1,-0.17434208564960896
8,GDPD,2019,2,-0.17744692622066882
8,GDPD,2019,3,-0.1829124901544107
8,GDPD,2019,4,-0.09643855583041194
8,GDPD,2020,1,-0.10914092839201683
8,GDPD,2020,2,-0.03969592729004745
8,GDPD,2020,3,0.05092896000862979
8,GDPD,2020,4,0.007177524298804805
8,PGDP,2018,1,-0.0023559472467016285
8,PGDP,2018,2,-0.006399826809222464
8,PGDP,2018,3,-0.011205541274261765
8,PGDP,2018,4,-0.017375388960916283
8,PGDP,2019,1,-0.022893800766665695
8,PGDP,2019,2,-0.027900222678611808
8,PGDP,2019,3,-0.03332056503416725
8,PGDP,2019,4,-0.041304707962774856
8,PGDP,2020,1,-0.05085393305278574
8,PGDP,2020,2,-0.056783695662987466
8,PGDP,2020,3,-0.07004630710023552
8,PGDP,2020,4,-0.08225593235794415
8,PCP,2018,1,-0.0026883404302346925
8,PCP,2018,2,-0.0068211308347776445
8,PCP,2018,3,-0.01151748454167878
8,PCP,2018,4,-0.01686104219368323
8,PCP,2019,1,-0.020577756874551323
8,PCP,2019,2,-0.02456243607799058
8,PCP,2019,3,-0.030208700112110964
8,PCP,2019,4,-0.0379275523767264
8,PCP,2020,1,-0.047156721549679315
8,PCP,2020,2,-0.057376304845790926
8,PCP,2020,3,-0.06807501950634176
8,PCP,2020,4,-0.0782450647829891
8,PIFP,2018,1,-0.004103570461566619
8,PIFP,2018,2,-0.009765641077708054
8,PIFP,2018,3,-0.019214575617321206
8,PIFP,2018,4,-0.03187980167728144
8,PIFP,2019,1,-0.044498252110092285
8,PIFP,2019,2,-0.05800114720286853
8,PIFP,2019,3,-0.07020702808763213
8,PIFP,2019,4,-0.07896476190355495
8,PIFP,2020,1,-0.08942089662198338
8,PIFP,2020,2,-0.09543569175827216
8,PIFP,2020,3,-0.10029389170430614
8,PIFP,2020,4,-0.10542636297159458
8,PIHP,2018,1,-0.0029097647829989803
8,PIHP,2018,2,-0.008180204716323747
8,PIHP,2018,3,-0.015072102617164074
8,PIHP,2018,4,-0.02293568659754719
8,PIHP,2019,1,-0.02906547969391271
8,PIHP,2019,2,-0.03509541417283657
8,PIHP,2019,3,-0.04159191615996649
8,PIHP,2019,4,-0.05045300976138645
8,PIHP,2020,1,-0.06175623688220444
8,PIHP,2020,2,-0.07335514698859624
8,PIHP,2020,3,-0.08632459894650779
8,PIHP,2020,4,-0.0994577308995992
8,PXGS,2018,1,-0.0062032803961775684
8,PXGS,2018,2,-0.018653558968073636
8,PXGS,2018,3,-0.03842873686111803
8,PXGS,2018,4,-0.06497417822222129
8,PXGS,2019,1,-0.09144751443544985
8,PXGS,2019,2,-0.11749237138219959
8,PXGS,2019,3,-0.1415690902684119
8,PXGS,2019,4,-0.16441864063604372
8,PXGS,2020,1,-0.18626477298571142
8,PXGS,2020,2,-0.20786460254363925
8,PXGS,2020,3,-0.22998790488023557
8,PXGS,2020,4,-0.2524556915365683
8,PMGS,2018,1,-0.0068188070056485195
8,PMGS,2018,2,-0.020956034111496713
8,PMGS,2018,3,-0.04441643513103388
8,PMGS,2018,4,-0.07545558082179271
8,PMGS,2019,1,-0.10057463463155614
8,PMGS,2019,2,-0.1328607491510314
8,PMGS,2019,3,-0.15374539241497232
8,PMGS,2019,4,-0.17654592666461744
8,PMGS,2020,1,-0.19867743717449926
8,PMGS,2020,2,-0.21216367039967876
8,PMGS,2020,3,-0.23526444745919362
8,PMGS,2020,4,-0.25563779794478547
8,CGPI,2018,1,-0.0036152633326236305
8,CGPI,2018,2,-0.009352715391131028
8,CGPI,2018,3,-0.017262487006719507
8,CGPI,2018,4,-0.027677906174528033
8,CGPI,2019,1,-0.03555127337259156
8,CGPI,2019,2,-0.04595743152993048
8,CGPI,2019,3,-0.054846516283812985
8,CGPI,2019,4,-0.06493291475783147
8,CGPI,2020,1,-0.07463644767007338
8,CGPI,2020,2,-0.08394678612028139
8,CGPI,2020,3,-0.09514360244745612
8,CGPI,2020,4,-0.10344048358136293
8,GDPV,2018,1,-0.010367464886751332
8,GDPV,2018,2,-0.02842755081755577
8,GDPV,2018,3,-0.056944275419068546
8,GDPV,2018,4,-0.10187931962480912
8,GDPV,2019,1,-0.15082573527772647
8,GDPV,2019,2,-0.1999190391215766
8,GDPV,2019,3,-0.25087678169037897
8,GDPV,2019,4,-0.2836092153555514
8,GDPV,2020,1,-0.32019837419988706
8,GDPV,2020,2,-0.33681823319118287
8,GDPV,2020,3,-0.33801135929095727
8,GDPV,2020,4,-0.34843009152840665
8,CPV,2018,1,-7.984542416128448e-05
8,CPV,2018,2,0.007450008437981381
8,CPV,2018,3,0.026614171616312632
8,CPV,2018,4,0.041229144135424
8,CPV,2019,1,0.04925372971549269
8,CPV,2019,2,0.04623899215581151
8,CPV,2019,3,0.021505321511527953
8,CPV,2019,4,-0.01708988762749719
8,CPV,2020,1,-0.06401973522685012
8,CPV,2020,2,-0.10910709508658023
8,CPV,2020,3,-0.13936947771270303
8,CPV,2020,4,-0.16820660222085504
8,IFPV,2018,1,-0.05527606549845521
8,IFPV,2018,2,-0.16749859436003822
8,IFPV,2018,3,-0.3329957308193743
8,IFPV,2018,4,-0.5744137346929024
8,IFPV,2019,1,-0.8346060709218284
8,IFPV,2019,2,-1.0871937300868106
8,IFPV,2019,3,-1.308481291142194
8,IFPV,2019,4,-1.4519446164372618
8,IFPV,2020,1,-1.5093919510086429
8,IFPV,2020,2,-1.5007352208554314
8,IFPV,2020,3,-1.4625570514582575
8,IFPV,2020,4,-1.417599975749373
8,IHPV,2018,1,-0.02047327421600409
8,IHPV,2018,2,-0.046304722013212896
8,IHPV,2018,3,-0.07053850996560085
8,IHPV,2018,4,-0.09560361837138709
8,IHPV,2019,1,-0.10292961968063619
8,IHPV,2019,2,-0.11302647657495113
8,IHPV,2019,3,-0.1347058576216309
8,IHPV,2019,4,-0.16864544789900737
8,IHPV,2020,1,-0.20632116431295033
8,IHPV,2020,2,-0.23951528655336007
8,IHPV,2020,3,-0.2814745193756574
8,IHPV,2020,4,-0.30585153231463824
8,IGV,2018,1,-0.004335106565278579
8,IGV,2018,2,-0.010779416826212085
8,IGV,2018,3,-0.021008985241510736
8,IGV,2018,4,-0.03437262699189647
8,IGV,2019,1,-0.04729182975625745
8,IGV,2019,2,-0.06085554434382967
8,IGV,2019,3,-0.07341332610917295
8,IGV,2019,4,-0.08354979395653883
8,IGV,2020,1,-0.09591049385776484
8,IGV,2020,2,-0.10449961741285652
8,IGV,2020,3,-0.1124979040066254
8,IGV,2020,4,-0.12083913331284446
8,CGV,2018,1,2.220446049250313e-14
8,CGV,2018,2,-0.0023318852857445727
8,CGV,2018,3,-0.005282166314923842
8,CGV,2018,4,-0.00912427274190053
8,CGV,2019,1,-0.013461907028766706
8,CGV,2019,2,-0.016515179439857697
8,CGV,2019,3,-0.020378366860607233
8,CGV,2019,4,-0.025361205375384888
8,CGV,2020,1,-0.03224428993582329
8,CGV,2020,2,-0.04031519431280106
8,CGV,2020,3,-0.049583482312276494
8,CGV,2020,4,-0.05934944582036694
8,XGSV,2018,1,-0.006203280391203769
8,XGSV,2018,2,-0.018801474706242605
8,XGSV,2018,3,-0.0391692370300567
8,XGSV,2018,4,-0.06722296602146294
8,XGSV,2019,1,-0.09675232030545988
8,XGSV,2019,2,-0.12788287682427013
8,XGSV,2019,3,-0.1592500106810113
8,XGSV,2019,4,-0.19139945011950044
8,XGSV,2020,1,-0.2239951360497483
8,XGSV,2020,2,-0.2570512912061562
8,XGSV,2020,3,-0.2907487716913404
8,XGSV,2020,4,-0.3245386203364342
8,MGSV,2018,1,-0.005836856695606851
8,MGSV,2018,2,-0.011474285641421833
8,MGSV,2018,3,-0.011712487761539325
8,MGSV,2018,4,-0.015115813129351618
8,MGSV,2019,1,-0.02194449811138144
8,MGSV,2019,2,-0.05125783152192254
8,MGSV,2019,3,-0.08954744904381418
8,MGSV,2019,4,-0.15068791696576378
8,MGSV,2020,1,-0.22492407778424983
8,MGSV,2020,2,-0.28986347135131485
8,MGSV,2020,3,-0.3516477340959945
8,MGSV,2020,4,-0.40073343267835737
8,NIV,2018,1,-0.01456908807276891
8,NIV,2018,2,-0.040426447443664415
8,NIV,2018,3,-0.08633748108265449
8,NIV,2018,4,-0.15570603520371762
8,NIV,2019,1,-0.2293516619161995
8,NIV,2019,2,-0.3009421607796936
8,NIV,2019,3,-0.41991214000061117
8,NIV,2019,4,-0.5180706342506669
8,NIV,2020,1,-0.5971773647769241
8,NIV,2020,2,-0.6886583570700933
8,NIV,2020,3,-0.7270360305876022
8,NIV,2020,4,-0.7224950816598352
8,YWV,2018,1,-0.009004820215774423
8,YWV,2018,2,-0.029777869971403526
8,YWV,2018,3,-0.025499054028876866
8,YWV,2018,4,-0.04897862920563156
8,YWV,2019,1,-0.07166183825788597
8,YWV,2019,2,-0.11968405155882156
8,YWV,2019,3,-0.24231128574081495
8,YWV,2019,4,-0.34645295825689315
8,YWV,2020,1,-0.4154496649820594
8,YWV,2020,2,-0.5010877759540122
8,YWV,2020,3,-0.554255432208739
8,YWV,2020,4,-0.5668786945993265
8,YCV,2018,1,-0.30365760313719736
8,YCV,2018,2,-0.5837791786628355
8,YCV,2018,3,-0.9712829806372558
8,YCV,2018,4,-1.7199860299590863
8,YCV,2019,1,-2.0494700780305686
8,YCV,2019,2,-1.8974737891969795
8,YCV,2019,3,-2.148286980428482
8,YCV,2019,4,-2.811965298291319
8,YCV,2020,1,-2.6743406539495584
8,YCV,2020,2,-6.011061975812682
8,YCV,2020,3,-3.6943918886869764
8,YCV,2020,4,-2.919385782192141
8,YDV,2018,1,0.044153152129244866
8,YDV,2018,2,0.08828234322160178
8,YDV,2018,3,0.11174091753589632
8,YDV,2018,4,0.12982708637356843
8,YDV,2019,1,0.09580596631806326
8,YDV,2019,2,0.029000953822788667
8,YDV,2019,3,-0.05704371774742922
8,YDV,2019,4,-0.15234448810462764
8,YDV,2020,1,-0.2219683733018729
8,YDV,2020,2,-0.24659294317018743
8,YDV,2020,3,-0.31289764246333895
8,YDV,2020,4,-0.33336119145934706
8,TAXV,2018,1,-0.0015523041953180439
8,TAXV,2018,2,-0.021169309328250563
8,TAXV,2018,3,-0.0662194092671986
8,TAXV,2018,4,-0.14334360774084232
8,TAXV,2019,1,-0.2638191326366335
8,TAXV,2019,2,-0.38951556560710143
8,TAXV,2019,3,-0.5172738343439343
8,TAXV,2019,4,-0.647750885920817
8,TAXV,2020,1,-0.7736539947195364
8,TAXV,2020,2,-0.7967045974240694
8,TAXV,2020,3,-0.9495712168409387
8,TAXV,2020,4,-1.0902040792632905
8,TYPV,2018,1,0.0032391609070314686
8,TYPV,2018,2,0.011006175647820804
8,TYPV,2018,3,0.015374185937955254
8,TYPV,2018,4,0.016060392901606768
8,TYPV,2019,1,-0.0007435193394300654
8,TYPV,2019,2,-0.03616065664400203
8,TYPV,2019,3,-0.09002552110726203
8,TYPV,2019,4,-0.1536462616010259
8,TYPV,2020,1,-0.23545339446866542
8,TYPV,2020,2,-0.2932922456052034
8,TYPV,2020,3,-0.3420602534678685
8,TYPV,2020,4,-0.38003517969923406
8,TYCV,2018,1,-0.001256607981825475
8,TYCV,2018,2,-0.0719931340885549
8,TYCV,2018,3,-0.23087967765356154
8,TYCV,2018,4,-0.4905128963950012
8,TYCV,2019,1,-0.9112944429709224
8,TYCV,2019,2,-1.3255688638401875
8,TYCV,2019,3,-1.7070902803405952
8,TYCV,2019,4,-2.0466435047230336
8,TYCV,2020,1,-2.2953401529223982
8,TYCV,2020,2,-2.448795887357369
8,TYCV,2020,3,-3.029632924595549
8,TYCV,2020,4,-3.5148126636851185
8,TCIV,2018,1,-0.009466729390295026
8,TCIV,2018,2,-0.025021048671924895
8,TCIV,2018,3,-0.041864797288126976
8,TCIV,2018,4,-0.07555576705319256
8,TCIV,2019,1,-0.11374110398858495
8,TCIV,2019,2,-0.15476653857567912
8,TCIV,2019,3,-0.20528453144530445
8,TCIV,2019,4,-0.23818541123522552
8,TCIV,2020,1,-0.279436530568844
8,TCIV,2020,2,-0.297810715724911
8,TCIV,2020,3,-0.3045699878183816
8,TCIV,2020,4,-0.32046911151852875
8,WIPH,2018,1,-0.0060261140865436325
8,WIPH,2018,2,-0.020138156189930534
8,WIPH,2018,3,-0.01442379940141958
8,WIPH,2018,4,-0.026622973145939977
8,WIPH,2019,1,-0.036867748007018974
8,WIPH,2019,2,-0.06578683396228913
8,WIPH,2019,3,-0.1501987741213462
8,WIPH,2019,4,-0.22674964903317552
8,WIPH,2020,1,-0.27694304002185977
8,WIPH,2020,2,-0.3446260906132981
8,WIPH,2020,3,-0.3901934131647522
8,WIPH,2020,4,-0.4063505743223006
8,LE,2018,1,-0.0013716831993915157
8,LE,2018,2,-0.005437201962121829
8,LE,2018,3,-0.002048045415614652
8,LE,2018,4,-0.0058536655418439665
8,LE,2019,1,-0.010265000825981918
8,LE,2019,2,-0.022148042448111305
8,LE,2019,3,-0.054978534853478145
8,LE,2019,4,-0.08359010089049601
8,LE,2020,1,-0.10054096758373987
8,LE,2020,2,-0.12296258169414154
8,LE,2020,3,-0.13525941732397406
8,LE,2020,4,-0.13580566949519257
8,LF,2018,1,-0.0012045140140748423
8,LF,2018,2,-0.004953393517004301
8,LF,2018,3,-0.0008217189818360282
8,LF,2018,4,-0.0035403123470945097
8,LF,2019,1,-0.006552082015798266
8,LF,2019,2,-0.01712848487241958
8,LF,2019,3,-0.04909514203701448
8,LF,2019,4,-0.07755340178663417
8,LF,2020,1,-0.09433263589242458
8,LF,2020,2,-0.11675238955963785
8,LF,2020,3,-0.13014070011465595
8,LF,2020,4,-0.1317089474729083
8,LH,2018,1,-0.0020953701881487596
8,LH,2018,2,-0.005803950392113677
8,LH,2018,3,-0.010407809518508948
8,LH,2018,4,-0.01915370716553122
8,LH,2019,1,-0.028440424150943944
8,LH,2019,2,-0.0382789578369791
8,LH,2019,3,-0.050464900198576856
8,LH,2019,4,-0.055166973722953205
8,LH,2020,1,-0.06082948958107126
8,LH,2020,2,-0.061693829540643286
8,LH,2020,3,-0.059907659391900125
8,LH,2020,4,-0.056403100068536105
8,UR,2018,1,0.00016268094402960287
8,UR,2018,2,0.0004713843779633464
8,UR,2018,3,0.0011967899828393413
8,UR,2018,4,0.0022569925323532303
8,UR,2019,1,0.0036211395774254918
8,UR,2019,2,0.004898993874040691
8,UR,2019,3,0.005764611046806145
8,UR,2019,4,0.005902424528006378
8,UR,2020,1,0.006049703813181484
8,UR,2020,2,0.00603119385643236
8,UR,2020,3,0.005005157517261605
8,UR,2020,4,0.00397134439436897
8,CUX,2018,1,-0.01502180535100095
8,CUX,2018,2,-0.03634468040996097
8,CUX,2018,3,-0.08912862859338233
8,CUX,2018,4,-0.1536603362996991
8,CUX,2019,1,-0.23032752563250103
8,CUX,2019,2,-0.2835524510445775
8,CUX,2019,3,-0.30224909353494533
8,CUX,2019,4,-0.2711524157965828
8,CUX,2020,1,-0.27516920413315216
8,CUX,2020,2,-0.2651631728331938
8,CUX,2020,3,-0.1708683832331026
8,CUX,2020,4,-0.11982974851285633
8,GDPPOT,2018,1,-0.0007196265973119509
8,GDPPOT,2018,2,-0.0036039707692836487
8,GDPPOT,2018,3,-0.0031240182348679646
8,GDPPOT,2018,4,-0.008561072417767601
8,GDPPOT,2019,1,-0.016990761582436065
8,GDPPOT,2019,2,-0.03282226689118595
8,GDPPOT,2019,3,-0.06402744417812745
8,GDPPOT,2019,4,-0.09570881439108225
8,GDPPOT,2020,1,-0.12044036453694451
8,GDPPOT,2020,2,-0.14925365651942135
8,GDPPOT,2020,3,-0.17101481574466337
8,GDPPOT,2020,4,-0.18489016900069544
8,GDPGAP,2018,1,-0.0074476277952513215
8,GDPGAP,2018,2,-0.01881605963573696
8,GDPGAP,2018,3,-0.043229834862414496
8,GDPGAP,2018,4,-0.07673363100316832
8,GDPGAP,2019,1,-0.11226418216520018
8,GDPGAP,2019,2,-0.14129386525520182
8,GDPGAP,2019,3,-0.15590309252944667
8,GDPGAP,2019,4,-0.14400379598787794
8,GDPGAP,2020,1,-0.14725742783942453
8,GDPGAP,2020,2,-0.1202345162274785
8,GDPGAP,2020,3,-0.09380145549418639
8,GDPGAP,2020,4,-0.07964064483506705
8,RCD,2018,1,0.06744022633915044
8,RCD,2018,2,0.13318707736807045
8,RCD,2018,3,0.19629101989776163
8,RCD,2018,4,0.25514272333824917
8,RCD,2019,1,0.24206946599321202
8,RCD,2019,2,0.22835730703459822
8,RCD,2019,3,0.21351037574669426
8,RCD,2019,4,0.20375231273864786
8,RCD,2020,1,0.19284599019521606
8,RCD,2020,2,0.1862606401291076
8,RCD,2020,3,0.18602743581330242
8,RCD,2020,4,0.18318315639428806
8,RGB,2018,1,0.03440193385830051
8,RGB,2018,2,0.06364847379516622
8,RGB,2018,3,0.09140952755486334
8,RGB,2018,4,0.11699095074157459
8,RGB,2019,1,0.1063751690679006
8,RGB,2019,2,0.10059265343380226
8,RGB,2019,3,0.09543325200644324
8,RGB,2019,4,0.09432704895575146
8,RGB,2020,1,0.0935577466301705
8,RGB,2020,2,0.09576706314802687
8,RGB,2020,3,0.1011807769593931
8,RGB,2020,4,0.10467023791606336
8,PERR,2018,1,-0.03999527943267012
8,PERR,2018,2,-0.14565887554650914
8,PERR,2018,3,-0.3097765060288147
8,PERR,2018,4,-0.5207548334140775
8,PERR,2019,1,-0.7654836300705306
8,PERR,2019,2,-0.9033192070772564
8,PERR,2019,3,-0.9743356898186661
8,PERR,2019,4,-0.9896212745824506
8,PERR,2020,1,-0.9562682207951276
8,PERR,2020,2,-0.8121717463566291
8,PERR,2020,3,-0.861495502022045
8,PERR,2020,4,-1.0133161120636274
8,UCC,2018,1,0.3189866546198683
8,UCC,2018,2,0.6918046032641234
8,UCC,2018,3,1.1360141646047817
8,UCC,2018,4,1.6273302626612196
8,UCC,2019,1,1.8325998751381523
8,UCC,2019,2,1.9012980851707884
8,UCC,2019,3,1.8236510167602304
8,UCC,2019,4,1.692449907402449
8,UCC,2020,1,1.5602332341962066
8,UCC,2020,2,1.3288688391688952
8,UCC,2020,3,1.1577587461180094
8,UCC,2020,4,1.1095835422219702
8,FXS,2018,1,-0.015534118432070088
8,FXS,2018,2,-0.04670745807354715
8,FXS,2018,3,-0.09620907382759114
8,FXS,2018,4,-0.1626349907704716
8,FXS,2019,1,-0.22885404634676032
8,FXS,2019,2,-0.2939755731565019
8,FXS,2019,3,-0.3541533284777021
8,FXS,2019,4,-0.4112436958035093
8,FXS,2020,1,-0.46580861283140873
8,FXS,2020,2,-0.5197406817031403
8,FXS,2020,3,-0.5749615955985776
8,FXS,2020,4,-0.6310235111196327
8,PSHARE,2018,1,-0.2607381108243101
8,PSHARE,2018,2,-0.9281855988406362
8,PSHARE,2018,3,-2.032741591978693
8,PSHARE,2018,4,-3.488294878092879
8,PSHARE,2019,1,-4.857265846419889
8,PSHARE,2019,2,-5.742559059695063
8,PSHARE,2019,3,-6.114013741263902
8,PSHARE,2019,4,-6.059694430664841
8,PSHARE,2020,1,-5.760375339869295
8,PSHARE,2020,2,-5.489375431398191
8,PSHARE,2020,3,-5.280759589142148
8,PSHARE,2020,4,-5.140934940498032
8,PLAND,2018,1,-0.0008339320109129744
8,PLAND,2018,2,0.0009952735213536457
8,PLAND,2018,3,0.009216020954094795
8,PLAND,2018,4,0.028090470972497172
8,PLAND,2019,1,0.062133665414632056
8,PLAND,2019,2,0.10933697109694052
8,PLAND,2019,3,0.16569809054916007
8,PLAND,2019,4,0.22559952808163253
8,PLAND,2020,1,0.2850743843984205
8,PLAND,2020,2,0.3415145172421141
8,PLAND,2020,3,0.39504412565243285
8,PLAND,2020,4,0.4468484307727394
8,M2CD,2018,1,-0.24999999999999467
8,M2CD,2018,2,-0.5000000000000004
8,M2CD,2018,3,-0.7499999999999951
8,M2CD,2018,4,-1.0000000000000009
8,M2CD,2019,1,-1.0000000000000009
8,M2CD,2019,2,-1.0000000000000009
8,M2CD,2019,3,-1.0000000000000009
8,M2CD,2019,4,-1.0000000000000009
8,M2CD,2020,1,-1.0000000000000009
8,M2CD,2020,2,-0.9999999999999898
8,M2CD,2020,3,-1.000000000000012
8,M2CD,2020,4,-1.0000000000000009
8,BGVATGDPV,2018,1,-0.0014563343785995997
8,BGVATGDPV,2018,2,-0.006912035031972241
8,BGVATGDPV,2018,3,-0.016893400993942098
8,BGVATGDPV,2018,4,-0.03454267587934057
8,BGVATGDPV,2019,1,-0.06014061349780464
8,BGVATGDPV,2019,2,-0.08703970968573049
8,BGVATGDPV,2019,3,-0.11777073724242815
8,BGVATGDPV,2019,4,-0.15046456710340506
8,BGVATGDPV,2020,1,-0.17788280697045789
8,BGVATGDPV,2020,2,-0.1982283504183
8,BGVATGDPV,2020,3,-0.2230954616220462
8,BGVATGDPV,2020,4,-0.24960971360798023
8,SBGVATGDPV,2018,1,0.02421926654847084
8,SBGVATGDPV,2018,2,0.06763133816372147
8,SBGVATGDPV,2018,3,0.13754980675975048
8,SBGVATGDPV,2018,4,0.25433402488854995
8,SBGVATGDPV,2019,1,0.38400219320178053
8,SBGVATGDPV,2019,2,0.5225612961691581
8,SBGVATGDPV,2019,3,0.6734627234418156
8,SBGVATGDPV,2019,4,0.7996011311905988
8,SBGVATGDPV,2020,1,0.9208049178727435
8,SBGVATGDPV,2020,2,1.1063415234719969
8,SBGVATGDPV,2020,3,1.1263436699949239
8,SBGVATGDPV,2020,4,1.201983335000591
8,BCVATGDPV,2018,1,6.134675609015261e-05
8,BCVATGDPV,2018,2,-0.003619174013953952
8,BCVATGDPV,2018,3,-0.014518308731977125
8,BCVATGDPV,2018,4,-0.027935048637499627
8,BCVATGDPV,2019,1,-0.038452039786940784
8,BCVATGDPV,2019,2,-0.05408836964648511
8,BCVATGDPV,2019,3,-0.09671391683518804
8,BCVATGDPV,2019,4,-0.13602613502208039
8,BCVATGDPV,2020,1,-0.15998577042408835
8,BCVATGDPV,2020,2,-0.2025207088909271
8,BCVATGDPV,2020,3,-0.23113927881436824
8,BCVATGDPV,2020,4,-0.2296374888740269
8,KFP,2018,1,-0.0016012565417056202
8,KFP,2018,2,-0.006540766874929549
8,KFP,2018,3,-0.01601192653911676
8,KFP,2018,4,-0.0324808154813061
8,KFP,2019,1,-0.056108895542306136
8,KFP,2019,2,-0.08618438783987159
8,KFP,2019,3,-0.12264721348458352
8,KFP,2019,4,-0.1591743145572977
8,KFP,2020,1,-0.19746935022647572
8,KFP,2020,2,-0.2316453277486974
8,KFP,2020,3,-0.26376431476873297
8,KFP,2020,4,-0.29399884572903767
8,KHP,2018,1,-0.0002241279450365674
8,KHP,2018,2,-0.0006941544709482272
8,KHP,2018,3,-0.001377310663008835
8,KHP,2018,4,-0.0022831375016463262
8,KHP,2019,1,-0.003216233773295496
8,KHP,2019,2,-0.00420398274304512
8,KHP,2019,3,-0.005387559168623657
8,KHP,2019,4,-0.006861274763814151
8,KHP,2020,1,-0.00857859874577871
8,KHP,2020,2,-0.010546605302819145
8,KHP,2020,3,-0.012741458932918892
8,KHP,2020,4,-0.015050235078961638
8,KG,2018,1,-2.3936408410918375e-11
8,KG,2018,2,-3.4305891460917337e-12
8,KG,2018,3,5.395683899678261e-11
8,KG,2018,4,1.0185186027911186e-10
8,KG,2019,1,5.95967719618784e-11
8,KG,2019,2,6.987743716990735e-11
8,KG,2019,3,6.430411758628907e-11
8,KG,2019,4,5.622169396701793e-11
8,KG,2020,1,7.045475314271243e-11
8,KG,2020,2,4.942712905631197e-11
8,KG,2020,3,3.97015753605956e-11
8,KG,2020,4,4.107825191113079e-12
8,BCVATGDPV,2018,0,-0.011502796156835138
8,BCVATGDPV,2019,0,-0.08132011532267358
8,BCVATGDPV,2020,0,-0.20582081175085265
8,BGVATGDPV,2018,0,-0.014951111570963627
8,BGVATGDPV,2019,0,-0.10385390688234208
8,BGVATGDPV,2020,0,-0.21220408315469608
8,CG,2018,0,5.873079800267078e-12
8,CG,2019,0,1.1018963519404679e-11
8,CG,2020,0,9.786615962070755e-12
8,CGPI,2018,0,-0.01447709297625055
8,CGPI,2019,0,-0.050322033986041625
8,CGPI,2020,0,-0.08929182995479346
8,CGV,2018,0,-0.004184581085636685
8,CGV,2019,0,-0.01892916467615413
8,CGV,2020,0,-0.04537310309531695
8,CP,2018,0,0.02827917724748663
8,CP,2019,0,0.05330997545130445
8,CP,2020,0,-0.05750161649408503
8,CPV,2018,0,0.018803369691389182
8,CPV,2019,0,0.02497703893883374
8,CPV,2020,0,-0.1201757275617471
8,CUX,2018,0,-0.07353886266351084
8,CUX,2019,0,-0.27182037150215166
8,CUX,2020,0,-0.20775762717807622
8,FXS,2018,0,-0.08027141027592
8,FXS,2019,0,-0.3220566609461184
8,FXS,2020,0,-0.5478836003131898
8,GDP,2018,0,-0.040075829080124525
8,GDP,2019,0,-0.19001535421682703
8,GDP,2020,0,-0.2710553229363921
8,GDPD,2018,0,-0.08438656975149827
8,GDPD,2019,0,-0.1577850144637751
8,GDPD,2020,0,-0.022682592843657423
8,GDPGAP,2018,0,-0.036556788324142775
8,GDPGAP,2019,0,-0.13836623398443165
8,GDPGAP,2020,0,-0.11023351109903912
8,GDPPOT,2018,0,-0.004002172004807791
8,GDPPOT,2019,0,-0.05238732176070793
8,GDPPOT,2020,0,-0.15639975145043117
8,GDPV,2018,0,-0.04940465268704619
8,GDPV,2019,0,-0.22130769286130836
8,GDPV,2020,0,-0.33586451455260846
8,IFP,2018,0,-0.26636783973324196
8,IFP,2019,0,-1.1083646358300254
8,IFP,2020,0,-1.3762682892671463
8,IFPV,2018,0,-0.2825460313426925
8,IFPV,2019,0,-1.1705564271470237
8,IFPV,2020,0,-1.472571049767926
8,IG,2018,0,0.0
8,IG,2019,0,0.0
8,IG,2020,0,0.0
8,IGV,2018,0,-0.017624033906224468
8,IGV,2019,0,-0.06627762354144973
8,IGV,2020,0,-0.1084367871475228
8,IHP,2018,0,-0.04596275694796759
8,IHP,2019,0,-0.09081220568457338
8,IHP,2020,0,-0.17821354631557262
8,IHPV,2018,0,-0.05823003114155123
8,IHPV,2019,0,-0.1298268504440564
8,IHPV,2020,0,-0.2582906256391515
8,KFP,2018,0,-0.014158691359264508
8,KFP,2019,0,-0.10602870285601473
8,KFP,2020,0,-0.24671945961823594
8,KG,2018,0,3.211042542972109e-11
8,KG,2019,0,6.250000517127319e-11
8,KG,2020,0,4.092282068768327e-11
8,KHP,2018,0,-0.001144682645159989
8,KHP,2019,0,-0.004917262612194606
8,KHP,2020,0,-0.011729224515119596
8,LE,2018,0,-0.003677649029742991
8,LE,2019,0,-0.042745419754516845
8,LE,2020,0,-0.12364215902426201
8,LF,2018,0,-0.0026299847150024203
8,LF,2019,0,-0.037582277677966625
8,LF,2020,0,-0.11823366825990667
8,LH,2018,0,-0.009365209316075651
8,LH,2019,0,-0.043087813977363276
8,LH,2020,0,-0.059708519645537694
8,M2CD,2018,0,-0.6249999999999978
8,M2CD,2019,0,-1.0000000000000009
8,M2CD,2020,0,-1.0000000000000009
8,MGS,2018,0,0.025892391176002283
8,MGS,2019,0,0.06265532916404637
8,MGS,2020,0,-0.0915722845637984
8,MGSV,2018,0,-0.011034860806979907
8,MGSV,2019,0,-0.07835942391072048
8,MGSV,2020,0,-0.31679217897747913
8,NIV,2018,0,-0.07425976295070136
8,NIV,2019,0,-0.3670691492367928
8,NIV,2020,0,-0.6838417085236137
8,PCP,2018,0,-0.009471999500093586
8,PCP,2019,0,-0.028319111360344817
8,PCP,2020,0,-0.06271327767120027
8,PERR,2018,0,-0.25404637360551785
8,PERR,2019,0,-0.9081899503872259
8,PERR,2020,0,-0.9108128953093573
8,PGDP,2018,0,-0.009334176072775535
8,PGDP,2019,0,-0.0313548241105549
8,PGDP,2020,0,-0.06498496704348822
8,PIFP,2018,0,-0.01624089720846933
8,PIFP,2019,0,-0.06291779732603697
8,PIFP,2020,0,-0.09764421076403906
8,PIHP,2018,0,-0.012274439678508497
8,PIHP,2019,0,-0.039051454947025555
8,PIHP,2020,0,-0.08022342842922692
8,PLAND,2018,0,0.00936695835925816
8,PLAND,2019,0,0.1406920637855913
8,PLAND,2020,0,0.3671203645164267
8,PMGS,2018,0,-0.03691171426749296
8,PMGS,2019,0,-0.14093167571554432
8,PMGS,2020,0,-0.22543583824453928
8,PSHARE,2018,0,-1.6774900449341295
8,PSHARE,2019,0,-5.693383269510924
8,PSHARE,2020,0,-5.417861325226917
8,PXGS,2018,0,-0.03206493861189763
8,PXGS,2019,0,-0.12873190418052627
8,PXGS,2020,0,-0.21914324298653864
8,RCD,2018,0,0.1630152617358079
8,RCD,2019,0,0.22192236537828808
8,RCD,2020,0,0.18707930563297853
8,RGB,2018,0,0.07661272148747617
8,RGB,2019,0,0.0991820308659744
8,RGB,2020,0,0.09879395616341347
8,SBGVATGDPV,2018,0,0.12093360909012318
8,SBGVATGDPV,2019,0,0.5949068360008383
8,SBGVATGDPV,2020,0,1.0888683615850638
8,TAXV,2018,0,-0.05807115763290238
8,TAXV,2019,0,-0.45458985462712154
8,TAXV,2020,0,-0.9025334720619588
8,TCIV,2018,0,-0.03797708560088486
8,TCIV,2019,0,-0.1779943963111985
8,TCIV,2020,0,-0.30057158640766635
8,TYCV,2018,0,-0.19866057902973577
8,TYCV,2019,0,-1.4976492729686846
8,TYCV,2020,0,-2.8221454071401086
8,TYPV,2018,0,0.011419978848603574
8,TYPV,2019,0,-0.07014398967293001
8,TYPV,2020,0,-0.31271026831024284
8,UCC,2018,0,0.9435339212874982
8,UCC,2019,0,1.812499721117905
8,UCC,2020,0,1.2891110904262704
8,UR,2018,0,0.0010219619592963802
8,UR,2019,0,0.0050467922565696766
8,UR,2020,0,0.0052643498953111045
8,WIPH,2018,0,-0.01680276070595843
8,WIPH,2019,0,-0.11990075128095745
8,WIPH,2020,0,-0.35452827953055266
8,XGS,2018,0,-0.0007847445200437342
8,XGS,2019,0,-0.01511090497965939
8,XGS,2020,0,-0.055064053585227035
8,XGSV,2018,0,-0.032849239537241504
8,XGSV,2019,0,-0.14382116448256044
8,XGSV,2020,0,-0.2740834548209198
8,YCV,2018,0,-0.8946764480990937
8,YCV,2019,0,-2.2267990364868373
8,YCV,2020,0,-3.8247950751603392
8,YDV,2018,0,0.09350087481507785
8,YDV,2019,0,-0.021145321427801234
8,YDV,2020,0,-0.2787050375986866
8,YWV,2018,0,-0.028315093355421594
8,YWV,2019,0,-0.1950275334536039
8,YWV,2020,0,-0.5094178919360343
9,GDP,2018,1,0.012501365473527315
9,GDP,2018,2,0.00611881686520821
9,GDP,2018,3,0.2159425202722387
9,GDP,2018,4,0.2797088687345406
9,GDP,2019,1,0.354833011887945
9,GDP,2019,2,0.4301576022988307
9,GDP,2019,3,0.4518877653333808
9,GDP,2019,4,0.4759068482638851
9,GDP,2020,1,0.4718725395158163
9,GDP,2020,2,0.41995856635774764
9,GDP,2020,3,0.4105858972530685
9,GDP,2020,4,0.4154696850050321
9,CP,2018,1,0.00020519476280345117
9,CP,2018,2,0.018572662069482604
9,CP,2018,3,0.08244700829675988
9,CP,2018,4,0.14716961831593434
9,CP,2019,1,0.1727561982055148
9,CP,2019,2,0.2084129157230441
9,CP,2019,3,0.2554116193165701
9,CP,2019,4,0.27542900491992484
9,CP,2020,1,0.2806665848402279
9,CP,2020,2,0.2871206525006942
9,CP,2020,3,0.24839606129072322
9,CP,2020,4,0.22803548834433585
9,IFP,2018,1,0.02892372310709934
9,IFP,2018,2,0.09791127435725411
9,IFP,2018,3,0.1928715906786449
9,IFP,2018,4,0.28451809401497385
9,IFP,2019,1,0.33964425989567726
9,IFP,2019,2,0.34656836791160384
9,IFP,2019,3,0.3153491701205047
9,IFP,2019,4,0.27185868378474254
9,IFP,2020,1,0.21690359402835035
9,IFP,2020,2,0.16549830534984267
9,IFP,2020,3,0.11157031635431469
9,IFP,2020,4,0.05913377301951517
9,IHP,2018,1,0.22230125677398238
9,IHP,2018,2,0.4098951798274797
9,IHP,2018,3,0.45704626340530297
9,IHP,2018,4,0.49034832976575515
9,IHP,2019,1,0.30031806452988086
9,IHP,2019,2,0.1639256901494024
9,IHP,2019,3,0.15859493987451234
9,IHP,2019,4,0.17249242340722226
9,IHP,2020,1,0.18796862399854675
9,IHP,2020,2,0.1533669417041139
9,IHP,2020,3,0.17406819536915918
9,IHP,2020,4,0.16190367171404763
9,IG,2018,1,0.0
9,IG,2018,2,0.0
9,IG,2018,3,0.0
9,IG,2018,4,0.0
9,IG,2019,1,0.0
9,IG,2019,2,0.0
9,IG,2019,3,0.0
9,IG,2019,4,0.0
9,IG,2020,1,0.0
9,IG,2020,2,0.0
9,IG,2020,3,0.0
9,IG,2020,4,0.0
9,CG,2018,1,0.0
9,CG,2018,2,2.0872192862952943e-12
9,CG,2018,3,4.5075054799781356e-12
9,CG,2018,4,7.260858581048524e-12
9,CG,2019,1,5.795364188543317e-12
9,CG,2019,2,8.326672684688674e-12
9,CG,2019,3,1.0835776720341528e-11
9,CG,2019,4,9.592326932761353e-12
9,CG,2020,1,5.839773109528323e-12
9,CG,2020,2,5.0182080713057076e-12
9,CG,2020,3,1.0302869668521453e-11
9,CG,2020,4,1.5409895581797173e-11
9,XGS,2018,1,0.0
9,XGS,2018,2,0.09080542642820877
9,XGS,2018,3,0.27266372292349406
9,XGS,2018,4,0.5460709009049936
9,XGS,2019,1,0.9117737950072646
9,XGS,2019,2,1.2788068117642881
9,XGS,2019,3,1.5549573769497727
9,XGS,2019,4,1.7394759395743753
9,XGS,2020,1,1.8318609045471668
9,XGS,2020,2,1.8318609045471668
9,XGS,2020,3,1.8318609045471668
9,XGS,2020,4,1.8318609045471668
9,MGS,2018,1,0.0017288110815583124
9,MGS,2018,2,0.2679049098835762
9,MGS,2018,3,-0.2104188299812071
9,MGS,2018,4,0.03936794747494421
9,MGS,2019,1,0.05415045533563312
9,MGS,2019,2,0.10955053984467167
9,MGS,2019,3,0.16625110864960657
9,MGS,2019,4,0.21070815186849945
9,MGS,2020,1,0.2262443938831904
9,MGS,2020,2,0.24402601273416646
9,MGS,2020,3,0.21397256414961152
9,MGS,2020,4,0.16610907921270623
9,GDPD,2018,1,0.05004485393279079
9,GDPD,2018,2,-0.025627712793448554
9,GDPD,2018,3,0.8350694444280045
9,GDPD,2018,4,0.2538611001535338
9,GDPD,2019,1,0.30039005062889257
9,GDPD,2019,2,0.30159018906983426
9,GDPD,2019,3,0.08671463022426762
9,GDPD,2019,4,0.09286956154550907
9,GDPD,2020,1,-0.01614517125205861
9,GDPD,2020,2,-0.19095753515835057
9,GDPD,2020,3,-0.03936730048849668
9,GDPD,2020,4,0.019786631660680065
9,PGDP,2018,1,0.05573273424133163
9,PGDP,2018,2,0.06104430842621689
9,PGDP,2018,3,0.04460492650042447
9,PGDP,2018,4,0.01733649936823678
9,PGDP,2019,1,0.08873613333149066
9,PGDP,2019,2,0.0630336332823278
9,PGDP,2019,3,0.08499677629516533
9,PGDP,2019,4,0.11904933200488355
9,PGDP,2020,1,0.14350775780818115
9,PGDP,2020,2,0.1316235429673629
9,PGDP,2020,3,0.2475692426274989
9,PGDP,2020,4,0.2940677349010157
9,PCP,2018,1,0.15709218189550178
9,PCP,2018,2,0.1568062349876609
9,PCP,2018,3,0.1559735693061448
9,PCP,2018,4,0.15614744634728783
9,PCP,2019,1,0.15917374856311284
9,PCP,2019,2,0.16694318517265216
9,PCP,2019,3,0.18030185919195585
9,PCP,2019,4,0.1978974541146039
9,PCP,2020,1,0.21860555156558714
9,PCP,2020,2,0.2418063251789837
9,PCP,2020,3,0.26549438786056534
9,PCP,2020,4,0.28885205409399095
9,PIFP,2018,1,-0.001525511287270298
9,PIFP,2018,2,-0.007652034184690848
9,PIFP,2018,3,0.024084614923025605
9,PIFP,2018,4,0.04597823497025644
9,PIFP,2019,1,0.07027554433269856
9,PIFP,2019,2,0.09897037340138581
9,PIFP,2019,3,0.12585619844787121
9,PIFP,2019,4,0.15189610635630846
9,PIFP,2020,1,0.17695737051144356
9,PIFP,2020,2,0.19555241293207626
9,PIFP,2020,3,0.21769128971540486
9,PIFP,2020,4,0.2420138290758711
9,PIHP,2018,1,0.29248868396420935
9,PIHP,2018,2,0.4502516369069065
9,PIHP,2018,3,0.45216075397127575
9,PIHP,2018,4,0.4535642960642239
9,PIHP,2019,1,0.4444516399472631
9,PIHP,2019,2,0.4545691380628991
9,PIHP,2019,3,0.4653935353570393
9,PIHP,2019,4,0.47898093823317556
9,PIHP,2020,1,0.500724095320626
9,PIHP,2020,2,0.5126797777742942
9,PIHP,2020,3,0.5302581498019654
9,PIHP,2020,4,0.5539475737279309
9,PXGS,2018,1,3.8792196908513876
9,PXGS,2018,2,3.8792196908513876
9,PXGS,2018,3,3.8792196908513876
9,PXGS,2018,4,3.8792196908513876
9,PXGS,2019,1,3.8792196908513876
9,PXGS,2019,2,3.8792196908513876
9,PXGS,2019,3,3.8792196908513876
9,PXGS,2019,4,3.8792196908513876
9,PXGS,2020,1,3.8792196908513876
9,PXGS,2020,2,3.8792196908513876
9,PXGS,2020,3,3.8792196908513876
9,PXGS,2020,4,3.87921969085141
9,PMGS,2018,1,4.279968185212657
9,PMGS,2018,2,4.370580394481394
9,PMGS,2018,3,4.382884811204724
9,PMGS,2018,4,4.400996615520847
9,PMGS,2019,1,4.233815617112491
9,PMGS,2019,2,4.346926878618085
9,PMGS,2019,3,4.2229273077992735
9,PMGS,2019,4,4.186775547225818
9,PMGS,2020,1,4.170820966448585
9,PMGS,2020,2,3.9239567332822745
9,PMGS,2020,3,3.9171038270552794
9,PMGS,2020,4,3.8726534872996377
9,CGPI,2018,1,0.8621604314353881
9,CGPI,2018,2,0.8791915586203736
9,CGPI,2018,3,0.8791330313307366
9,CGPI,2018,4,0.8915395950822358
9,CGPI,2019,1,0.8634004949895857
9,CGPI,2019,2,0.8940924074785528
9,CGPI,2019,3,0.8824535154417168
9,CGPI,2019,4,0.889567463370522
9,CGPI,2020,1,0.9010659735959825
9,CGPI,2020,2,0.8680818834792658
9,CGPI,2020,3,0.8834558851958052
9,CGPI,2020,4,0.8884112599836458
9,GDPV,2018,1,0.06824106706766475
9,GDPV,2018,2,0.06716686048087173
9,GDPV,2018,3,0.2606437677751261
9,GDPV,2018,4,0.297093859829034
9,GDPV,2019,1,0.4438840103139663
9,GDPV,2019,2,0.49346237954672745
9,GDPV,2019,3,0.5372686316615694
9,GDPV,2019,4,0.595522744192567
9,GDPV,2020,1,0.6160574710251998
9,GDPV,2020,2,0.5521348736691412
9,GDPV,2020,3,0.6591716242767331
9,GDPV,2020,4,0.7107591821979398
9,CPV,2018,1,0.1572976990063646
9,CPV,2018,2,0.1754080201529673
9,CPV,2018,3,0.23854917314913848
9,CPV,2018,4,0.3035468662627272
9,CPV,2019,1,0.3322049292895146
9,CPV,2019,2,0.3757040320597982
9,CPV,2019,3,0.4361739904058304
9,CPV,2019,4,0.4738715260148796
9,CPV,2020,1,0.49988568914112186
9,CPV,2020,2,0.5296212535914169
9,CPV,2020,3,0.5145499267685594
9,CPV,2020,4,0.5175462276233223
9,IFPV,2018,1,0.027397770597725746
9,IFPV,2018,2,0.09025174798280577
9,IFPV,2018,3,0.21700265799806662
9,IFPV,2018,4,0.33062714537441806
9,IFPV,2019,1,0.4101584910965572
9,IFPV,2019,2,0.44588174133608494
9,IFPV,2019,3,0.4416022550389309
9,IFPV,2019,4,0.4241677328752802
9,IFPV,2020,1,0.3942447914312863
9,IFPV,2020,2,0.3613743542415726
9,IFPV,2020,3,0.3295044849586315
9,IFPV,2020,4,0.3012907139847476
9,IHPV,2018,1,0.5154401467633685
9,IHPV,2018,2,0.8619923764967785
9,IHPV,2018,3,0.9112736012140799
9,IHPV,2018,4,0.9461366707779861
9,IHPV,2019,1,0.7461044730465494
9,IHPV,2019,2,0.6192399838154339
9,IHPV,2019,3,0.6247265658275047
9,IHPV,2019,4,0.652299567455894
9,IHPV,2020,1,0.6896339235102689
9,IHPV,2020,2,0.6668330007957968
9,IHPV,2020,3,0.7052493559867479
9,IHPV,2020,4,0.7167481068921955
9,IGV,2018,1,0.06960455967861545
9,IGV,2018,2,0.11329420930688006
9,IGV,2018,3,0.14159737070964518
9,IGV,2018,4,0.16674439962178766
9,IGV,2019,1,0.18662283923251977
9,IGV,2019,2,0.21793082430616728
9,IGV,2019,3,0.2459027135698122
9,IGV,2019,4,0.27535352915528666
9,IGV,2020,1,0.3051442578461572
9,IGV,2020,2,0.32761296272731943
9,IGV,2020,3,0.35421388003959997
9,IGV,2020,4,0.38450589259537704
9,CGV,2018,1,2.220446049250313e-14
9,CGV,2018,2,0.13593471676327518
9,CGV,2018,3,0.09780661723273187
9,CGV,2018,4,0.1444171766702862
9,CGV,2019,1,0.1225012214168375
9,CGV,2019,2,0.14487587855640527
9,CGV,2019,3,0.14093971097899338
9,CGV,2019,4,0.16081277772521663
9,CGV,2020,1,0.17070880412251022
9,CGV,2020,2,0.19234558968235227
9,CGV,2020,3,0.20981792191174797
9,CGV,2020,4,0.2321934042903262
9,XGSV,2018,1,3.8792196908513876
9,XGSV,2018,2,3.9735476592619445
9,XGSV,2018,3,4.162460638604326
9,XGSV,2018,4,4.446473881670321
9,XGSV,2019,1,4.8263631944506
9,XGSV,2019,2,5.207634228265601
9,XGSV,2019,3,5.4944972805521575
9,XGSV,2019,4,5.686173723591348
9,XGSV,2020,1,5.782142504316745
9,XGSV,2020,2,5.782142504316767
9,XGSV,2020,3,5.7821425043167896
9,XGSV,2020,4,5.7821425043167896
9,MGSV,2018,1,4.281770988858491
9,MGSV,2018,2,4.6501943038322
9,MGSV,2018,3,4.163243566284369
9,MGSV,2018,4,4.442097145031765
9,MGSV,2019,1,4.290258702882821
9,MGSV,2019,2,4.461239500324954
9,MGSV,2019,3,4.396199079915575
9,MGSV,2019,4,4.406305576472769
9,MGSV,2020,1,4.406501608947266
9,MGSV,2020,2,4.177558221174071
9,MGSV,2020,3,4.139457918704026
9,MGSV,2020,4,4.045195395561207
9,NIV,2018,1,0.3227149024443321
9,NIV,2018,2,0.42278265345641053
9,NIV,2018,3,0.6616367068653872
9,NIV,2018,4,0.6932992394179438
9,NIV,2019,1,0.885741971679832
9,NIV,2019,2,0.9130888639792278
9,NIV,2019,3,0.9222054246143863
9,NIV,2019,4,0.9413627427938387
9,NIV,2020,1,0.922282302132249
9,NIV,2020,2,0.746010263074881
9,NIV,2020,3,0.8507063610998511
9,NIV,2020,4,0.9158920051969721
9,YWV,2018,1,0.27642150626843165
9,YWV,2018,2,0.4118893447454308
9,YWV,2018,3,0.5543698072529635
9,YWV,2018,4,0.59179812639929
9,YWV,2019,1,0.7377439711490519
9,YWV,2019,2,0.789396295719258
9,YWV,2019,3,0.7956099652610238
9,YWV,2019,4,0.8123001582700295
9,YWV,2020,1,0.8339203476710244
9,YWV,2020,2,0.6608285076687759
9,YWV,2020,3,0.7787551677452598
9,YWV,2020,4,0.8502591416155614
9,YCV,2018,1,0.8424960368801582
9,YCV,2018,2,0.4900430450925253
9,YCV,2018,3,1.4541848568341287
9,YCV,2018,4,1.5622147674282827
9,YCV,2019,1,2.186411666719845
9,YCV,2019,2,1.8512066372150082
9,YCV,2019,3,1.829552234356857
9,YCV,2019,4,2.1148361282324446
9,YCV,2020,1,1.8049074482047844
9,YCV,2020,2,2.0325960031020385
9,YCV,2020,3,1.7210271138263122
9,YCV,2020,4,1.5834350524959184
9,YDV,2018,1,0.23975902246076153
9,YDV,2018,2,0.4336613793378019
9,YDV,2018,3,0.49872637361971783
9,YDV,2018,4,0.5304222290939187
9,YDV,2019,1,0.64339161711926
9,YDV,2019,2,0.7107868460190847
9,YDV,2019,3,0.7116378503436938
9,YDV,2019,4,0.7282210430021863
9,YDV,2020,1,0.7360732800437697
9,YDV,2020,2,0.5478939497172597
9,YDV,2020,3,0.6845940324936128
9,YDV,2020,4,0.7758266923098667
9,TAXV,2018,1,0.08384146611708498
9,TAXV,2018,2,0.17242044178924498
9,TAXV,2018,3,0.2962026387949068
9,TAXV,2018,4,0.4847461490119054
9,TAXV,2019,1,0.6463558366416322
9,TAXV,2019,2,0.778365803830261
9,TAXV,2019,3,0.9267462496161505
9,TAXV,2019,4,1.0083777363320001
9,TAXV,2020,1,1.08627924159852
9,TAXV,2020,2,1.0210194435751774
9,TAXV,2020,3,1.0180229832005727
9,TAXV,2020,4,1.0344467087646025
9,TYPV,2018,1,0.054624512876411124
9,TYPV,2018,2,0.1378418924798952
9,TYPV,2018,3,0.3878496630627115
9,TYPV,2018,4,0.5686245575306836
9,TYPV,2019,1,0.7115169803213917
9,TYPV,2019,2,0.8384820101248192
9,TYPV,2019,3,0.913430475178223
9,TYPV,2019,4,0.9741005771034761
9,TYPV,2020,1,0.9981041961693249
9,TYPV,2020,2,0.929460083105127
9,TYPV,2020,3,0.916403927538334
9,TYPV,2020,4,0.9260638996529735
9,TYCV,2018,1,-0.0012637997215514396
9,TYCV,2018,2,0.18031125691964078
9,TYCV,2018,3,0.3358931489859218
9,TYCV,2018,4,0.7416546077377406
9,TYCV,2019,1,1.1612889754403666
9,TYCV,2019,2,1.5069371880552351
9,TYCV,2019,3,1.9306702074495252
9,TYCV,2019,4,2.0746383632365584
9,TYCV,2020,1,2.2332841200938924
9,TYCV,2020,2,2.163313865222216
9,TYCV,2020,3,2.2092625938339605
9,TYCV,2020,4,2.2124616209897807
9,TCIV,2018,1,0.10346975496571265
9,TCIV,2018,2,0.1593529238853586
9,TCIV,2018,3,0.20714619270774115
9,TCIV,2018,4,0.2683738530294688
9,TCIV,2019,1,0.28554851138413717
9,TCIV,2019,2,0.3135717414935124
9,TCIV,2019,3,0.34424966490766984
9,TCIV,2019,4,0.35977664811150945
9,TCIV,2020,1,0.3728086222037019
9,TCIV,2020,2,0.3825900109762914
9,TCIV,2020,3,0.3780098353810768
9,TCIV,2020,4,0.3863128314356423
9,WIPH,2018,1,0.25078604416852723
9,WIPH,2018,2,0.3511027754956819
9,WIPH,2018,3,0.41870193850706006
9,WIPH,2018,4,0.4349375942387823
9,WIPH,2019,1,0.5252748010268871
9,WIPH,2019,2,0.5491969424739951
9,WIPH,2019,3,0.5523435441767033
9,WIPH,2019,4,0.5655960801059345
9,WIPH,2020,1,0.5865060734560501
9,WIPH,2020,2,0.4808997674921933
9,WIPH,2020,3,0.5725473728325214
9,WIPH,2020,4,0.6312904611553538
9,LE,2018,1,0.03289556146859329
9,LE,2018,2,0.07127785721878777
9,LE,2018,3,0.10036318383612741
9,LE,2018,4,0.1081458528232826
9,LE,2019,1,0.1484399671572989
9,LE,2019,2,0.16017565442556503
9,LE,2019,3,0.16027234504876198
9,LE,2019,4,0.16343753386844906
9,LE,2020,1,0.1658263499855206
9,LE,2020,2,0.11792115032429606
9,LE,2020,3,0.1430069008032886
9,LE,2020,4,0.15456038839609665
9,LF,2018,1,0.03320502860881813
9,LF,2018,2,0.07261905920845635
9,LF,2018,3,0.09781889594968618
9,LF,2018,4,0.10260028565622914
9,LF,2019,1,0.1401814856138328
9,LF,2019,2,0.14898361837236695
9,LF,2019,3,0.14733230015901988
9,LF,2019,4,0.1489627710497432
9,LF,2020,1,0.1506231448627382
9,LF,2020,2,0.10189903226440755
9,LF,2020,3,0.12767372670901
9,LF,2020,4,0.13992907310025338
9,LH,2018,1,0.007634992605054514
9,LH,2018,2,0.011361838554835302
9,LH,2018,3,0.06458445237029764
9,LH,2018,4,0.07983166655456397
9,LH,2019,1,0.10276497431416232
9,LH,2019,2,0.12117631579433574
9,LH,2019,3,0.12454498675147363
9,LH,2019,4,0.1254414621731037
9,LH,2020,1,0.12475639622480106
9,LH,2020,2,0.09725693253141987
9,LH,2020,3,0.10436433016505209
9,LH,2020,4,0.10904793393089474
9,UR,2018,1,0.00031052452987001544
9,UR,2018,2,0.0013215741730387975
9,UR,2018,3,-0.0024943601237419344
9,UR,2018,4,-0.005414715062960873
9,UR,2019,1,-0.008037270623908466
9,UR,2019,2,-0.010883721765522658
9,UR,2019,3,-0.012665123556687252
9,UR,2019,4,-0.014120792854014574
9,UR,2020,1,-0.014789105613449482
9,UR,2020,2,-0.015552705593985028
9,UR,2020,3,-0.014892877897724865
9,UR,2020,4,-0.014163785723119826
9,CUX,2018,1,-0.028671585605932748
9,CUX,2018,2,-0.1082798475088742
9,CUX,2018,3,0.29012878106184914
9,CUX,2018,4,0.3956646338745262
9,CUX,2019,1,0.4969348941876284
9,CUX,2019,2,0.6274785892556034
9,CUX,2019,3,0.6704117552079003
9,CUX,2019,4,0.7013034478776436
9,CUX,2020,1,0.6945064298392811
9,CUX,2020,2,0.7260532918882401
9,CUX,2020,3,0.6305379904487651
9,CUX,2020,4,0.5882976585929622
9,GDPPOT,2018,1,0.01983668662264293
9,GDPPOT,2018,2,0.043743675346297195
9,GDPPOT,2018,3,0.060029985019660614
9,GDPPOT,2018,4,0.06523048736768455
9,GDPPOT,2019,1,0.09113356497012504
9,GDPPOT,2019,2,0.10042407322010671
9,GDPPOT,2019,3,0.10339692570104919
9,GDPPOT,2019,4,0.1079009094842931
9,GDPPOT,2020,1,0.11153627469351335
9,GDPPOT,2020,2,0.08443088131016019
9,GDPPOT,2020,3,0.10104400424859605
9,GDPPOT,2020,4,0.10893548202417502
9,GDPGAP,2018,1,-0.007490251804533443
9,GDPGAP,2018,2,-0.03840489913746037
9,GDPGAP,2018,3,0.15804420668771169
9,GDPGAP,2018,4,0.2165100093516592
9,GDPGAP,2019,1,0.2664855187436024
9,GDPGAP,2019,2,0.3341409508568396
9,GDPGAP,2019,3,0.35312158785141756
9,GDPGAP,2019,4,0.36051789255227473
9,GDPGAP,2020,1,0.35519886916464194
9,GDPGAP,2020,2,0.30737604932215845
9,GDPGAP,2020,3,0.29809699695946756
9,GDPGAP,2020,4,0.29865029553887545
9,RCD,2018,1,0.005305387316105471
9,RCD,2018,2,0.00886895189790321
9,RCD,2018,3,0.01725389623499229
9,RCD,2018,4,0.023553011911402744
9,RCD,2019,1,0.03831263261704828
9,RCD,2019,2,0.05022897810433402
9,RCD,2019,3,0.061309204189910815
9,RCD,2019,4,0.07231728242036767
9,RCD,2020,1,0.08151852448130248
9,RCD,2020,2,0.07859603240307655
9,RCD,2020,3,0.08859389686602392
9,RCD,2020,4,0.09294874808064996
9,RGB,2018,1,0.002706331123995376
9,RGB,2018,2,0.00703978726652104
9,RGB,2018,3,0.007831652819777435
9,RGB,2018,4,0.010777834412848047
9,RGB,2019,1,0.017880644827204036
9,RGB,2019,2,0.023093667243334053
9,RGB,2019,3,0.02813007965348682
9,RGB,2019,4,0.03328711996023074
9,RGB,2020,1,0.03767480029717789
9,RGB,2020,2,0.03617246401155415
9,RGB,2020,3,0.04225457967760955
9,RGB,2020,4,0.04489951940764175
9,PERR,2018,1,0.09131088370395446
9,PERR,2018,2,0.22896475645188374
9,PERR,2018,3,0.2656873656872243
9,PERR,2018,4,0.17042687919366983
9,PERR,2019,1,0.08982861314834167
9,PERR,2019,2,-0.03309375925901037
9,PERR,2019,3,-0.11381812522069268
9,PERR,2019,4,-0.2169008232346279
9,PERR,2020,1,-0.2762948511856571
9,PERR,2020,2,-0.3979533395997592
9,PERR,2020,3,-0.5788455383960667
9,PERR,2020,4,-0.6301504632916419
9,UCC,2018,1,-0.0452354265616739
9,UCC,2018,2,-0.10789883501677311
9,UCC,2018,3,-0.19768036768219588
9,UCC,2018,4,-0.2798748955583852
9,UCC,2019,1,-0.32447591051837366
9,UCC,2019,2,-0.4035957127859091
9,UCC,2019,3,-0.406841520505985
9,UCC,2019,4,-0.30824854099464893
9,UCC,2020,1,-0.28922326184758207
9,UCC,2020,2,-0.24011482334436174
9,UCC,2020,3,-0.18761880174699153
9,UCC,2020,4,-0.19335967081175465
9,FXS,2018,1,10.000000000000009
9,FXS,2018,2,10.000000000000009
9,FXS,2018,3,10.000000000000009
9,FXS,2018,4,10.000000000000009
9,FXS,2019,1,10.000000000000009
9,FXS,2019,2,10.000000000000009
9,FXS,2019,3,10.000000000000009
9,FXS,2019,4,10.000000000000009
9,FXS,2020,1,10.000000000000009
9,FXS,2020,2,10.000000000000009
9,FXS,2020,3,10.000000000000009
9,FXS,2020,4,10.000000000000009
9,PSHARE,2018,1,0.6320595442530497
9,PSHARE,2018,2,1.4442888047944802
9,PSHARE,2018,3,2.0376363330806058
9,PSHARE,2018,4,1.9094371370796948
9,PSHARE,2019,1,1.7386789568506922
9,PSHARE,2019,2,1.499699346625949
9,PSHARE,2019,3,1.2163034243181547
9,PSHARE,2019,4,0.9173797452734389
9,PSHARE,2020,1,0.6104418142049983
9,PSHARE,2020,2,0.36294929083959815
9,PSHARE,2020,3,0.1887253456235305
9,PSHARE,2020,4,0.04187227683865036
9,PLAND,2018,1,0.05586632147538406
9,PLAND,2018,2,-0.004992082136512366
9,PLAND,2018,3,-0.019708136898155537
9,PLAND,2018,4,-0.03808853615878682
9,PLAND,2019,1,-0.058767997825504015
9,PLAND,2019,2,-0.07139051644037275
9,PLAND,2019,3,-0.08832653640042931
9,PLAND,2019,4,-0.09870594177615599
9,PLAND,2020,1,-0.10706608732187206
9,PLAND,2020,2,-0.11571185864791556
9,PLAND,2020,3,-0.11613165650707913
9,PLAND,2020,4,-0.11863577829722693
9,M2CD,2018,1,-0.00655680455169394
9,M2CD,2018,2,-0.025899601447409992
9,M2CD,2018,3,0.1529399609990323
9,M2CD,2018,4,0.19517982822385704
9,M2CD,2019,1,0.22311471235052505
9,M2CD,2019,2,0.2681325118454536
9,M2CD,2019,3,0.2700304791443786
9,M2CD,2019,4,0.279331924851256
9,M2CD,2020,1,0.2708063260160376
9,M2CD,2020,2,0.2604412143472956
9,M2CD,2020,3,0.24661116830708707
9,M2CD,2020,4,0.2664699583641017
9,BGVATGDPV,2018,1,0.018551390557187464
9,BGVATGDPV,2018,2,0.01283852297147936
9,BGVATGDPV,2018,3,0.052602940287421074
9,BGVATGDPV,2018,4,0.08116591668024409
9,BGVATGDPV,2019,1,0.12432556453688326
9,BGVATGDPV,2019,2,0.14572268551746692
9,BGVATGDPV,2019,3,0.1739687004185675
9,BGVATGDPV,2019,4,0.1901243360950735
9,BGVATGDPV,2020,1,0.20324476198776065
9,BGVATGDPV,2020,2,0.19023580211371716
9,BGVATGDPV,2020,3,0.18734851253871287
9,BGVATGDPV,2020,4,0.1873930896805982
9,SBGVATGDPV,2018,1,-0.16153486726136634
9,SBGVATGDPV,2018,2,-0.16215268148067707
9,SBGVATGDPV,2018,3,-0.6200417000982839
9,SBGVATGDPV,2018,4,-0.7356239342137769
9,SBGVATGDPV,2019,1,-1.10710927248752
9,SBGVATGDPV,2019,2,-1.2606206286442045
9,SBGVATGDPV,2019,3,-1.4068649715872823
9,SBGVATGDPV,2019,4,-1.612133488098607
9,SBGVATGDPV,2020,1,-1.6885468931297964
9,SBGVATGDPV,2020,2,-1.7389220153114024
9,SBGVATGDPV,2020,3,-1.9970376954356652
9,SBGVATGDPV,2020,4,-2.150285541556684
9,BCVATGDPV,2018,1,0.12250057086876875
9,BCVATGDPV,2018,2,0.1645994095779315
9,BCVATGDPV,2018,3,0.252086083782177
9,BCVATGDPV,2018,4,0.20831967317548106
9,BCVATGDPV,2019,1,0.324670873799374
9,BCVATGDPV,2019,2,0.33656992754078807
9,BCVATGDPV,2019,3,0.36009302215801275
9,BCVATGDPV,2019,4,0.35775158956474185
9,BCVATGDPV,2020,1,0.34598812845488336
9,BCVATGDPV,2020,2,0.21090183757070236
9,BCVATGDPV,2020,3,0.288436233306963
9,BCVATGDPV,2020,4,0.3437543988272811
9,KFP,2018,1,0.0009050252503195466
9,KFP,2018,2,0.003973691680903002
9,KFP,2018,3,0.009795618576680098
9,KFP,2018,4,0.01838573955035283
9,KFP,2019,1,0.028400165541886402
9,KFP,2019,2,0.038227886883568374
9,KFP,2019,3,0.04699196059509969
9,KFP,2019,4,0.053555500282342905
9,KFP,2020,1,0.05851198671515956
9,KFP,2020,2,0.06153584117507549
9,KFP,2020,3,0.0629555207567023
9,KFP,2020,4,0.0628454527593636
9,KHP,2018,1,0.002836703822217679
9,KHP,2018,2,0.007884476185870959
9,KHP,2018,3,0.013485867504892113
9,KHP,2018,4,0.019543520301179562
9,KHP,2019,1,0.023202467437344332
9,KHP,2019,2,0.02506218309474839
9,KHP,2019,3,0.026839007467605036
9,KHP,2019,4,0.028740859982034905
9,KHP,2020,1,0.03072532716175136
9,KHP,2020,2,0.03225579082029029
9,KHP,2020,3,0.0339403404306049
9,KHP,2020,4,0.035464337161839055
9,KG,2018,1,-2.439159985101469e-11
9,KG,2018,2,-1.52433621281034e-11
9,KG,2018,3,-4.9960036108132044e-12
9,KG,2018,4,6.02629057766535e-11
9,KG,2019,1,3.708144902248023e-12
9,KG,2019,2,1.9761969838327786e-11
9,KG,2019,3,7.773781618425346e-11
9,KG,2019,4,9.261480471423056e-11
9,KG,2020,1,4.5563552930616424e-11
9,KG,2020,2,-2.2515322939398175e-11
9,KG,2020,3,1.9761969838327786e-11
9,KG,2020,4,1.2327916465437738e-10
9,BCVATGDPV,2018,0,0.18687643435108958
9,BCVATGDPV,2019,0,0.34477135326572916
9,BCVATGDPV,2020,0,0.29727014953995745
9,BGVATGDPV,2018,0,0.041289692624082996
9,BGVATGDPV,2019,0,0.1585353216419978
9,BGVATGDPV,2020,0,0.19205554158019722
9,CG,2018,0,3.4638958368304884e-12
9,CG,2019,0,8.637535131583718e-12
9,CG,2020,0,9.142686607788164e-12
9,CGPI,2018,0,0.8780061541171835
9,CGPI,2019,0,0.8823784703200943
9,CGPI,2020,0,0.8852537505636748
9,CGV,2018,0,0.09453962766657886
9,CGV,2019,0,0.1422823971693632
9,CGV,2020,0,0.20126643000173416
9,CP,2018,0,0.06209862086124507
9,CP,2019,0,0.22800243454126345
9,CP,2020,0,0.2610546967439953
9,CPV,2018,0,0.2187004396427994
9,CPV,2019,0,0.4044886194425057
9,CPV,2020,0,0.5154007742811051
9,CUX,2018,0,0.1372104954553921
9,CUX,2019,0,0.6240321716321939
9,CUX,2020,0,0.6598488426923121
9,FXS,2018,0,10.000000000000009
9,FXS,2019,0,10.000000000000009
9,FXS,2020,0,10.000000000000009
9,GDP,2018,0,0.1285678928363787
9,GDP,2019,0,0.4281963069460104
9,GDP,2020,0,0.42947167203291614
9,GDPD,2018,0,0.27833692143022015
9,GDPD,2019,0,0.19539110786712588
9,GDPD,2020,0,-0.05667084380955645
9,GDPGAP,2018,0,0.08216476627434427
9,GDPGAP,2019,0,0.32856648750103357
9,GDPGAP,2020,0,0.31483055274628585
9,GDPPOT,2018,0,0.04721020858907132
9,GDPPOT,2019,0,0.10071386834389351
9,GDPPOT,2020,0,0.10148666056911115
9,GDPV,2018,0,0.17328638878817415
9,GDPV,2019,0,0.5175344414287075
9,GDPV,2020,0,0.6345307877922535
9,IFP,2018,0,0.15105617053949305
9,IFP,2019,0,0.3183551204281321
9,IFP,2020,0,0.13827649718800572
9,IFPV,2018,0,0.16631983048825405
9,IFPV,2019,0,0.4304525550867133
9,IFPV,2020,0,0.3466035861540595
9,IG,2018,0,0.0
9,IG,2019,0,0.0
9,IG,2020,0,0.0
9,IGV,2018,0,0.12281013482923209
9,IGV,2019,0,0.23145247656594647
9,IGV,2020,0,0.3428692483021134
9,IHP,2018,0,0.39489775744313005
9,IHP,2019,0,0.19883277949025446
9,IHP,2020,0,0.16932685819646687
9,IHPV,2018,0,0.8087106988130532
9,IHPV,2019,0,0.6605926475363455
9,IHPV,2020,0,0.6946160967962522
9,KFP,2018,0,0.00826501876456387
9,KFP,2019,0,0.04179387832572434
9,KFP,2020,0,0.061462200351575236
9,KG,2018,0,3.907985046680551e-12
9,KG,2019,0,4.845568390976496e-11
9,KG,2020,0,4.1522341120980855e-11
9,KHP,2018,0,0.010937641953540078
9,KHP,2019,0,0.025961129495433166
9,KHP,2020,0,0.0330964488936214
9,LE,2018,0,0.07817061383669777
9,LE,2019,0,0.15808137512501874
9,LE,2020,0,0.14532869737730048
9,LF,2018,0,0.07656081735579745
9,LF,2019,0,0.1463650437987407
9,LF,2020,0,0.13003124423410228
9,LH,2018,0,0.04085323752118786
9,LH,2019,0,0.11848193475826885
9,LH,2020,0,0.10885639821304194
9,M2CD,2018,0,0.07891584580594635
9,M2CD,2019,0,0.2601524070479033
9,M2CD,2020,0,0.2610821667586305
9,MGS,2018,0,0.024645709614717903
9,MGS,2019,0,0.1351650639246027
9,MGS,2020,0,0.21258801249491865
9,MGSV,2018,0,4.3843265010017065
9,MGSV,2019,0,4.388500714899029
9,MGSV,2020,0,4.192178286096643
9,NIV,2018,0,0.5251083755460184
9,NIV,2019,0,0.9155997507668212
9,NIV,2020,0,0.8587227328759883
9,PCP,2018,0,0.15650485813414883
9,PCP,2019,0,0.1760790617605812
9,PCP,2020,0,0.2536895796747818
9,PERR,2018,0,0.18909747125918308
9,PERR,2019,0,-0.06849602364149732
9,PERR,2020,0,-0.47081104811828123
9,PGDP,2018,0,0.04467961713405244
9,PGDP,2019,0,0.08895396872846684
9,PGDP,2020,0,0.20419206957601466
9,PIFP,2018,0,0.015221326105330224
9,PIFP,2019,0,0.11174955563456601
9,PIFP,2020,0,0.20805372555869894
9,PIHP,2018,0,0.4121163427266539
9,PIHP,2019,0,0.4608488129000943
9,PIHP,2020,0,0.5244023991562041
9,PLAND,2018,0,-0.001730608429517666
9,PLAND,2019,0,-0.07929774811061552
9,PLAND,2020,0,-0.11438634519352342
9,PMGS,2018,0,4.358607501604905
9,PMGS,2019,0,4.247611337688917
9,PMGS,2020,0,3.9711337535214444
9,PSHARE,2018,0,1.5058554548019576
9,PSHARE,2019,0,1.3430153682670587
9,PSHARE,2020,0,0.30099718187669433
9,PXGS,2018,0,3.8792196908513876
9,PXGS,2019,0,3.8792196908513876
9,PXGS,2020,0,3.879219690851393
9,RCD,2018,0,0.01374531184010093
9,RCD,2019,0,0.0555420243329152
9,RCD,2020,0,0.08541430045776323
9,RGB,2018,0,0.0070889014057854745
9,RGB,2019,0,0.02559787792106391
9,RGB,2020,0,0.04025034084849584
9,SBGVATGDPV,2018,0,-0.41983829576352605
9,SBGVATGDPV,2019,0,-1.3466820902044034
9,SBGVATGDPV,2020,0,-1.893698036358387
9,TAXV,2018,0,0.25930267392828554
9,TAXV,2019,0,0.839961406605011
9,TAXV,2020,0,1.0399420942847182
9,TCIV,2018,0,0.1845856811470703
9,TCIV,2019,0,0.3257866414742072
9,TCIV,2020,0,0.3799303249991781
9,TYCV,2018,0,0.31414880348043794
9,TYCV,2019,0,1.6683836835454213
9,TYCV,2020,0,2.2045805500349624
9,TYPV,2018,0,0.28723515648742537
9,TYPV,2019,0,0.8593825106819775
9,TYPV,2020,0,0.9425080266164398
9,UCC,2018,0,-0.15767238120475702
9,UCC,2019,0,-0.3607904212012292
9,UCC,2020,0,-0.2275791394376725
9,UR,2018,0,-0.0015692441209484986
9,UR,2019,0,-0.011426727200033238
9,UR,2020,0,-0.0148496187070698
9,WIPH,2018,0,0.3638820881025129
9,WIPH,2019,0,0.54810284194588
9,WIPH,2020,0,0.5678109187340297
9,XGS,2018,0,0.2273850125641741
9,XGS,2019,0,1.3712534808239252
9,XGS,2020,0,1.8318609045471668
9,XGSV,2018,0,4.115425467596995
9,XGSV,2019,0,5.303667106714927
9,XGSV,2020,0,5.782142504316773
9,YCV,2018,0,1.0872346765587737
9,YCV,2019,0,1.9955016666310388
9,YCV,2020,0,1.7854914044072634
9,YDV,2018,0,0.42564225112805
9,YDV,2019,0,0.6985093391210562
9,YDV,2020,0,0.6860969886411272
9,YWV,2018,0,0.458619696166529
9,YWV,2019,0,0.7837625975998408
9,YWV,2020,0,0.7809407911751554
10,GDP,2018,1,0.0025505561847882774
10,GDP,2018,2,-0.11424692438161133
10,GDP,2018,3,-0.0805823871268263
10,GDP,2018,4,-0.11098754017357937
10,GDP,2019,1,-0.10913356885436931
10,GDP,2019,2,-0.11560955719068788
10,GDP,2019,3,-0.1426671096011689
10,GDP,2019,4,-0.15571615254582616
10,GDP,2020,1,-0.15935796903872035
10,GDP,2020,2,-0.16586380150218627
10,GDP,2020,3,-0.15784595060378548
10,GDP,2020,4,-0.15012912947848234
10,CP,2018,1,-2.5944024706348046e-09
10,CP,2018,2,-0.1167938382213407
10,CP,2018,3,-0.27208084429752866
10,CP,2018,4,-0.29597639663118125
10,CP,2019,1,-0.3065267736012678
10,CP,2019,2,-0.3015855946007395
10,CP,2019,3,-0.3031309582193664
10,CP,2019,4,-0.3259999444752748
10,CP,2020,1,-0.3315390991244338
10,CP,2020,2,-0.3361462752195288
10,CP,2020,3,-0.3139523811671818
10,CP,2020,4,-0.28706624968785066
10,IFP,2018,1,-0.00308186230131291
10,IFP,2018,2,-0.003975397502253841
10,IFP,2018,3,-0.005278026307786732
10,IFP,2018,4,-0.008643332704150186
10,IFP,2019,1,-0.013445431209957448
10,IFP,2019,2,-0.019347390205559645
10,IFP,2019,3,-0.023259155930965836
10,IFP,2019,4,-0.025706004543790684
10,IFP,2020,1,-0.027253033556351447
10,IFP,2020,2,-0.025690417132839816
10,IFP,2020,3,-0.021941185612983638
10,IFP,2020,4,-0.01822473867941765
10,IHP,2018,1,0.01655792344592566
10,IHP,2018,2,0.09469739405434385
10,IHP,2018,3,0.040177532608454136
10,IHP,2018,4,0.034953347790867006
10,IHP,2019,1,-0.08612217491938967
10,IHP,2019,2,-0.18836811846295598
10,IHP,2019,3,-0.20172459757128447
10,IHP,2019,4,-0.22594229343225747
10,IHP,2020,1,-0.21453300795232222
10,IHP,2020,2,-0.22363005475456443
10,IHP,2020,3,-0.24022547271527195
10,IHP,2020,4,-0.2195320015752511
10,IG,2018,1,0.0
10,IG,2018,2,0.0
10,IG,2018,3,0.0
10,IG,2018,4,0.0
10,IG,2019,1,0.0
10,IG,2019,2,0.0
10,IG,2019,3,0.0
10,IG,2019,4,0.0
10,IG,2020,1,0.0
10,IG,2020,2,0.0
10,IG,2020,3,0.0
10,IG,2020,4,0.0
10,CG,2018,1,0.0
10,CG,2018,2,-2.6978419498391304e-12
10,CG,2018,3,-3.2085445411667024e-12
10,CG,2018,4,-7.59392548843607e-12
10,CG,2019,1,-1.2312373343092986e-11
10,CG,2019,2,-1.5931700403370996e-11
10,CG,2019,3,-1.9395596240201485e-11
10,CG,2019,4,-1.9262369477246466e-11
10,CG,2020,1,-1.8174350913113813e-11
10,CG,2020,2,-1.7208456881689926e-11
10,CG,2020,3,-1.4854784069484595e-11
10,CG,2020,4,-1.4499512701604544e-11
10,XGS,2018,1,0.0
10,XGS,2018,2,0.00024551617778811874
10,XGS,2018,3,0.0008756236071327805
10,XGS,2018,4,0.00200947606829871
10,XGS,2019,1,0.0037583229047788436
10,XGS,2019,2,0.0059371789771001104
10,XGS,2019,3,0.008272574099632557
10,XGS,2019,4,0.01057764438621156
10,XGS,2020,1,0.01269757342730049
10,XGS,2020,2,0.0145370835614278
10,XGS,2020,3,0.016185157308012954
10,XGS,2020,4,0.017640222792403293
10,MGS,2018,1,3.100505923114838e-05
10,MGS,2018,2,0.2642396165529304
10,MGS,2018,3,-0.2995800006695526
10,MGS,2018,4,-0.20371955686230292
10,MGS,2019,1,-0.3010548309481442
10,MGS,2019,2,-0.28519519894850687
10,MGS,2019,3,-0.29356687726003194
10,MGS,2019,4,-0.32199171541541505
10,MGS,2020,1,-0.3498118920224891
10,MGS,2020,2,-0.33273596805205585
10,MGS,2020,3,-0.3316936832322037
10,MGS,2020,4,-0.3139728929459573
10,GDPD,2018,1,0.01021026158531324
10,GDPD,2018,2,-0.4690211268671183
10,GDPD,2018,3,0.13414167292893597
10,GDPD,2018,4,-0.12140560154388047
10,GDPD,2019,1,0.007442251881715212
10,GDPD,2019,2,-0.026049476629808055
10,GDPD,2019,3,-0.10856364616166492
10,GDPD,2019,4,-0.050754408942399465
10,GDPD,2020,1,-0.01466662908585814
10,GDPD,2020,2,-0.024081999243552588
10,GDPD,2020,3,0.033874375830826864
10,GDPD,2020,4,0.03144264576336475
10,PGDP,2018,1,-0.2750598593621256
10,PGDP,2018,2,-0.2782315276121827
10,PGDP,2018,3,-0.303793574914879
10,PGDP,2018,4,-0.31699824393123244
10,PGDP,2019,1,-0.2208072278172435
10,PGDP,2019,2,-0.26621298740467925
10,PGDP,2019,3,-0.2221877816395934
10,PGDP,2019,4,-0.20246723852118675
10,PGDP,2020,1,-0.18612043661243582
10,PGDP,2020,2,-0.0842987399468087
10,PGDP,2020,3,-0.06348509677533976
10,PGDP,2020,4,-0.06055184972557637
10,PCP,2018,1,0.22523489075139125
10,PCP,2018,2,0.2263987742052498
10,PCP,2018,3,0.22833016278327456
10,PCP,2018,4,0.23079909377619057
10,PCP,2019,1,0.2329196264715394
10,PCP,2019,2,0.23428642777945097
10,PCP,2019,3,0.23491504611683478
10,PCP,2019,4,0.23472674101854274
10,PCP,2020,1,0.233512441191297
10,PCP,2020,2,0.23114750063806255
10,PCP,2020,3,0.22779125729395222
10,PCP,2020,4,0.2234867273947172
10,PIFP,2018,1,0.018836705146130228
10,PIFP,2018,2,0.0073896893784342055
10,PIFP,2018,3,0.012995068277721344
10,PIFP,2018,4,0.009451844060670567
10,PIFP,2019,1,0.008241410083775769
10,PIFP,2019,2,0.007620659843765587
10,PIFP,2019,3,0.0024319653255888696
10,PIFP,2019,4,-0.002548293674997648
10,PIFP,2020,1,-0.007031328332807174
10,PIFP,2020,2,-0.01470155722513855
10,PIFP,2020,3,-0.02032699332823462
10,PIFP,2020,4,-0.02532214914122699
10,PIHP,2018,1,0.16847717817487506
10,PIHP,2018,2,0.2693721814059691
10,PIHP,2018,3,0.2816132045005304
10,PIHP,2018,4,0.288530317631297
10,PIHP,2019,1,0.2662314649247266
10,PIHP,2019,2,0.2742005627024202
10,PIHP,2019,3,0.2648662278545766
10,PIHP,2019,4,0.24905486157211776
10,PIHP,2020,1,0.242504729597659
10,PIHP,2020,2,0.19591650477059908
10,PIHP,2020,3,0.16984725380897459
10,PIHP,2020,4,0.15750091554866952
10,PXGS,2018,1,0.010295348844846508
10,PXGS,2018,2,0.01612760586202633
10,PXGS,2018,3,0.02112441628292494
10,PXGS,2018,4,0.025789457343305955
10,PXGS,2019,1,0.028327395916738496
10,PXGS,2019,2,0.032987934010964004
10,PXGS,2019,3,0.03598124854187201
10,PXGS,2019,4,0.039151517885671616
10,PXGS,2020,1,0.042359976746886296
10,PXGS,2020,2,0.04299299586749683
10,PXGS,2020,3,0.044748168867903004
10,PXGS,2020,4,0.046238931294562136
10,PMGS,2018,1,2.353623743975075
10,PMGS,2018,2,2.5588306581041387
10,PMGS,2018,3,2.597209597020833
10,PMGS,2018,4,2.6372595638594953
10,PMGS,2019,1,2.276948653894828
10,PMGS,2019,2,2.546828507728116
10,PMGS,2019,3,2.267535283749811
10,PMGS,2019,4,2.190040402247395
10,PMGS,2020,1,2.158798290052011
10,PMGS,2020,2,1.5688765096869783
10,PMGS,2020,3,1.5592667381136183
10,PMGS,2020,4,1.4620054791577797
10,CGPI,2018,1,0.47782306867643065
10,CGPI,2018,2,0.526025743624281
10,CGPI,2018,3,0.5301292076927089
10,CGPI,2018,4,0.541387459259135
10,CGPI,2019,1,0.46920294540999663
10,CGPI,2019,2,0.5231028712288976
10,CGPI,2019,3,0.46751446614443637
10,CGPI,2019,4,0.4505118350488502
10,CGPI,2020,1,0.4422159164324313
10,CGPI,2020,2,0.32101676638274235
10,CGPI,2020,3,0.3145461185201981
10,CGPI,2020,4,0.2921418157509237
10,GDPV,2018,1,-0.2725163187335955
10,GDPV,2018,2,-0.3921605810308204
10,GDPV,2018,3,-0.3841311579270812
10,GDPV,2018,4,-0.4276339555514874
10,GDPV,2019,1,-0.3296998218636049
10,GDPV,2019,2,-0.38151477693945113
10,GDPV,2019,3,-0.3645379023548112
10,GDPV,2019,4,-0.3578681168730391
10,GDPV,2020,1,-0.34518180790340525
10,GDPV,2020,2,-0.25002272035431483
10,GDPV,2020,3,-0.22123083872462868
10,GDPV,2020,4,-0.21059007323919188
10,CPV,2018,1,0.22523488815089365
10,CPV,2018,2,0.10934051616606766
10,CPV,2018,3,-0.044371924151043185
10,CPV,2018,4,-0.06586041369892603
10,CPV,2019,1,-0.07432110814824533
10,CPV,2019,2,-0.06800574093992484
10,CPV,2019,3,-0.06892801233314705
10,CPV,2019,4,-0.09203841250308153
10,CPV,2020,1,-0.09880084297784197
10,CPV,2020,2,-0.10577576829324808
10,CPV,2020,3,-0.08687627995007663
10,CPV,2020,4,-0.06422107726040682
10,IFPV,2018,1,0.015754262307865474
10,IFPV,2018,2,0.003413998106949201
10,IFPV,2018,3,0.007716356057008156
10,IFPV,2018,4,0.0008076943689427907
10,IFPV,2019,1,-0.005205129246244056
10,IFPV,2019,2,-0.011728204785088625
10,IFPV,2019,3,-0.020827756261376784
10,IFPV,2019,4,-0.02825364314816836
10,IFPV,2020,1,-0.034282445632949354
10,IFPV,2020,2,-0.04038819745061373
10,IFPV,2020,3,-0.042263718956125906
10,IFPV,2020,4,-0.04354227292324708
10,IHPV,2018,1,0.18506299793459302
10,IHPV,2018,2,0.3643246638825426
10,IHPV,2018,3,0.3219038823493836
10,IHPV,2018,4,0.3235845164327067
10,IHPV,2019,1,0.17988000568334161
10,IHPV,2019,2,0.08531593780234381
10,IHPV,2019,3,0.06260732995289064
10,IHPV,2019,4,0.022549847873754025
10,IHPV,2020,1,0.027451468955108638
10,IHPV,2020,2,-0.028151678180765582
10,IHPV,2020,3,-0.07078623527498884
10,IHPV,2020,4,-0.0623768509381839
10,IGV,2018,1,0.057552211616962445
10,IGV,2018,2,0.08577133000595705
10,IGV,2018,3,0.09093332296090662
10,IGV,2018,4,0.09509044620634732
10,IGV,2019,1,0.0874299360261066
10,IGV,2019,2,0.09159848249760127
10,IGV,2019,3,0.08456863333590192
10,IGV,2019,4,0.0779950411574637
10,IGV,2020,1,0.07265939244729402
10,IGV,2020,2,0.05559144073481459
10,IGV,2020,3,0.044414816515403466
10,IGV,2020,4,0.037330508150579256
10,CGV,2018,1,2.220446049250313e-14
10,CGV,2018,2,0.1931467749212601
10,CGV,2018,3,0.13806492513805946
10,CGV,2018,4,0.20468030806657378
10,CGV,2019,1,0.17247940760887204
10,CGV,2019,2,0.20002342785425675
10,CGV,2019,3,0.1840905283918337
10,CGV,2019,4,0.1955121989175579
10,CGV,2020,1,0.18716687849764657
10,CGV,2020,2,0.1907159467018582
10,CGV,2020,3,0.1850409266028752
10,CGV,2020,4,0.18428174005620246
10,XGSV,2018,1,0.010295348838651464
10,XGSV,2018,2,0.016373161635829803
10,XGSV,2018,3,0.022000224845020178
10,XGSV,2018,4,0.02779945162667552
10,XGSV,2019,1,0.032086783441220845
10,XGSV,2019,2,0.03892707152635122
10,XGSV,2019,3,0.04425679921544745
10,XGSV,2019,4,0.04973330358080119
10,XGSV,2020,1,0.05506292886372499
10,XGSV,2020,2,0.057536329367846584
10,XGSV,2020,3,0.06094056873753306
10,XGSV,2020,4,0.0638873107374538
10,MGSV,2018,1,2.3536554787767505
10,MGSV,2018,2,2.8298317189763056
10,MGSV,2018,3,2.2898488758231306
10,MGSV,2018,4,2.42816739350038
10,MGSV,2019,1,1.9690389590259372
10,MGSV,2019,2,2.2543698761501307
10,MGSV,2019,3,1.9673116739665097
10,MGSV,2019,4,1.860996938172499
10,MGSV,2020,1,1.8014346648861146
10,MGSV,2020,2,1.2309203251928746
10,MGSV,2020,3,1.2224010656063378
10,MGSV,2020,4,1.1434422853138893
10,NIV,2018,1,-0.40056879008185664
10,NIV,2018,2,-0.5629826453830145
10,NIV,2018,3,-0.5493786744647955
10,NIV,2018,4,-0.6212512751480714
10,NIV,2019,1,-0.4942326185431334
10,NIV,2019,2,-0.5461933296601607
10,NIV,2019,3,-0.5398376036683694
10,NIV,2019,4,-0.5426384456294842
10,NIV,2020,1,-0.5179911133100457
10,NIV,2020,2,-0.40182438445104385
10,NIV,2020,3,-0.35599510852860616
10,NIV,2020,4,-0.3293818550404004
10,YWV,2018,1,-0.3762784914893458
10,YWV,2018,2,-0.44371489832608635
10,YWV,2018,3,-0.4528565124488182
10,YWV,2018,4,-0.4699371205069136
10,YWV,2019,1,-0.37695807077479104
10,YWV,2019,2,-0.4282366612383903
10,YWV,2019,3,-0.4133544578287518
10,YWV,2019,4,-0.4039556341825734
10,YWV,2020,1,-0.39743797270064274
10,YWV,2020,2,-0.27248212198525135
10,YWV,2020,3,-0.254265546112209
10,YWV,2020,4,-0.24479330537995336
10,YCV,2018,1,-0.8491197901970837
10,YCV,2018,2,-1.3670837815853654
10,YCV,2018,3,-1.2255034647633334
10,YCV,2018,4,-1.779481088228252
10,YCV,2019,1,-1.3950776479818905
10,YCV,2019,2,-1.3741904874583488
10,YCV,2019,3,-1.35796650121085
10,YCV,2019,4,-1.7198749246235767
10,YCV,2020,1,-1.4689535736334247
10,YCV,2020,2,-2.4725727122641983
10,YCV,2020,3,-1.3466597392561952
10,YCV,2020,4,-1.0044689274246288
10,YDV,2018,1,-0.311350017696832
10,YDV,2018,2,-0.3851027992643252
10,YDV,2018,3,-0.39121838394673425
10,YDV,2018,4,-0.3945570104041396
10,YDV,2019,1,-0.30656529525010523
10,YDV,2019,2,-0.35736637130434623
10,YDV,2019,3,-0.34694416620183466
10,YDV,2019,4,-0.33578910579502574
10,YDV,2020,1,-0.32680679256968936
10,YDV,2020,2,-0.1950212050383926
10,YDV,2020,3,-0.19306433254033806
10,YDV,2020,4,-0.19139208148978293
10,TAXV,2018,1,0.05444967709435922
10,TAXV,2018,2,-0.05879621222254494
10,TAXV,2018,3,-0.2144147762653703
10,TAXV,2018,4,-0.34188411643923944
10,TAXV,2019,1,-0.47665496234949867
10,TAXV,2019,2,-0.49899697939503884
10,TAXV,2019,3,-0.5154187145823386
10,TAXV,2019,4,-0.5440303068784069
10,TAXV,2020,1,-0.5611941202378845
10,TAXV,2020,2,-0.5347460948746829
10,TAXV,2020,3,-0.5491334971373996
10,TAXV,2020,4,-0.5433105122277126
10,TYPV,2018,1,-0.009117438263206434
10,TYPV,2018,2,-0.1724435262796309
10,TYPV,2018,3,-0.2525117797240406
10,TYPV,2018,4,-0.37272909544457944
10,TYPV,2019,1,-0.38823374302241476
10,TYPV,2019,2,-0.38521318092995527
10,TYPV,2019,3,-0.3968881059645213
10,TYPV,2019,4,-0.39224998487464857
10,TYPV,2020,1,-0.40043541937585525
10,TYPV,2020,2,-0.3736804067245525
10,TYPV,2020,3,-0.3365898492677877
10,TYPV,2020,4,-0.2976242216490732
10,TYCV,2018,1,0.018244833103864266
10,TYCV,2018,2,-0.17422495073513566
10,TYCV,2018,3,-0.5272154454345923
10,TYCV,2018,4,-0.8439411409106201
10,TYCV,2019,1,-1.2857525874675368
10,TYCV,2019,2,-1.4182408256553702
10,TYCV,2019,3,-1.4292680338057862
10,TYCV,2019,4,-1.4768521128178391
10,TYCV,2020,1,-1.4619614717821028
10,TYCV,2020,2,-1.4904834076548412
10,TYCV,2020,3,-1.6484566299243997
10,TYCV,2020,4,-1.6943557470839088
10,TCIV,2018,1,0.12419788937463316
10,TCIV,2018,2,0.10559080618044447
10,TCIV,2018,3,0.01843637014067312
10,TCIV,2018,4,0.01900865940460683
10,TCIV,2019,1,0.003444079135128675
10,TCIV,2019,2,0.007977309936602062
10,TCIV,2019,3,0.0017876952073558883
10,TCIV,2019,4,-0.008511637958341645
10,TCIV,2020,1,-0.015177483744366338
10,TCIV,2020,2,-0.017499245421870313
10,TCIV,2020,3,-0.013006468531340243
10,TCIV,2020,4,-0.0028320552391658538
10,WIPH,2018,1,-0.20416553423352468
10,WIPH,2018,2,-0.23369052054925676
10,WIPH,2018,3,-0.24812979016114456
10,WIPH,2018,4,-0.2544754182598252
10,WIPH,2019,1,-0.18554968840353014
10,WIPH,2019,2,-0.22119925568747645
10,WIPH,2019,3,-0.20457267145144176
10,WIPH,2019,4,-0.1955794921130405
10,WIPH,2020,1,-0.18915839288722314
10,WIPH,2020,2,-0.09731942890763845
10,WIPH,2020,3,-0.08495729774365968
10,WIPH,2020,4,-0.07962611860420354
10,LE,2018,1,-0.1694851712095602
10,LE,2018,2,-0.18197133326279813
10,LE,2018,3,-0.18463171021975144
10,LE,2018,4,-0.1892522886817849
10,LE,2019,1,-0.16341443805807376
10,LE,2019,2,-0.17836445609892282
10,LE,2019,3,-0.17360417157761265
10,LE,2019,4,-0.17063611548955304
10,LE,2020,1,-0.16927040923330194
10,LE,2020,2,-0.1342860127811374
10,LE,2020,3,-0.1291754096550468
10,LE,2020,4,-0.1266062747126484
10,LF,2018,1,-0.17268556610776642
10,LF,2018,2,-0.18420477777983946
10,LF,2018,3,-0.18741723384596565
10,LF,2018,4,-0.19169391919700018
10,LF,2019,1,-0.1650576587669983
10,LF,2019,2,-0.17995246161663925
10,LF,2019,3,-0.17432308547062902
10,LF,2019,4,-0.17063226437792345
10,LF,2020,1,-0.16864518102830406
10,LF,2020,2,-0.13231865651529562
10,LF,2020,3,-0.12677157354926694
10,LF,2020,4,-0.1241545768274177
10,LH,2018,1,-0.023429971319399723
10,LH,2018,2,-0.052484190585710966
10,LH,2018,3,-0.045193316043290466
10,LH,2018,4,-0.05225112294972023
10,LH,2019,1,-0.04892879707230069
10,LH,2019,2,-0.0524417962000201
10,LH,2019,3,-0.05816188705438652
10,LH,2019,4,-0.060084686266270726
10,LH,2020,1,-0.06093570541781945
10,LH,2020,2,-0.05609447799976852
10,LH,2020,3,-0.054257256813461385
10,LH,2020,4,-0.0520953229941834
10,UR,2018,1,-0.003172238559634888
10,UR,2018,2,-0.002218048993565258
10,UR,2018,3,-0.0026962623795614427
10,UR,2018,4,-0.0023658244695403674
10,UR,2019,1,-0.0016122129297180265
10,UR,2019,2,-0.0015882767603354608
10,UR,2019,3,-0.0006538069311341488
10,UR,2019,4,3.752552292901612e-06
10,UR,2020,1,0.000588673645814719
10,UR,2020,2,0.001898298531847864
10,UR,2020,3,0.002365873838661159
10,UR,2020,4,0.0023739097224226846
10,CUX,2018,1,0.29337302388352526
10,CUX,2018,2,0.06485722561506702
10,CUX,2018,3,0.1404670409867581
10,CUX,2018,4,0.08737358147423713
10,CUX,2019,1,0.04265613144427416
10,CUX,2019,2,0.05516695877654243
10,CUX,2019,3,-0.01162874481709375
10,CUX,2019,4,-0.04047269843938661
10,CUX,2020,1,-0.053738854470020136
10,CUX,2020,2,-0.14971195153526962
10,CUX,2020,3,-0.13075118032566113
10,CUX,2020,4,-0.10681150434386222
10,GDPPOT,2018,1,-0.10320515332501445
10,GDPPOT,2018,2,-0.11013091785895268
10,GDPPOT,2018,3,-0.11210094559707118
10,GDPPOT,2018,4,-0.11472065286736166
10,GDPPOT,2019,1,-0.09889964177652866
10,GDPPOT,2019,2,-0.10796515823577879
10,GDPPOT,2019,3,-0.10482705085734789
10,GDPPOT,2019,4,-0.10289597232983061
10,GDPPOT,2020,1,-0.10198295117773704
10,GDPPOT,2020,2,-0.08056354945423783
10,GDPPOT,2020,3,-0.07749779325906259
10,GDPPOT,2020,4,-0.07613459656686805
10,GDPGAP,2018,1,0.10812240454368638
10,GDPGAP,2018,2,-0.004207811720671195
10,GDPGAP,2018,3,0.03200454399717545
10,GDPGAP,2018,4,0.0037752634831194065
10,GDPGAP,2019,1,-0.010361724689562202
10,GDPGAP,2019,2,-0.0077627391910568555
10,GDPGAP,2019,3,-0.03842280050062463
10,GDPGAP,2019,4,-0.05185460515814344
10,GDPGAP,2020,1,-0.056677892618355985
10,GDPGAP,2020,2,-0.078272377633402
10,GDPGAP,2020,3,-0.07751565019910789
10,GDPGAP,2020,4,-0.07222495160156894
10,RCD,2018,1,0.0
10,RCD,2018,2,0.0
10,RCD,2018,3,0.0020192176921584567
10,RCD,2018,4,0.002364996346512772
10,RCD,2019,1,0.00702854485809943
10,RCD,2019,2,0.0026055387072831965
10,RCD,2019,3,0.001317928594570918
10,RCD,2019,4,-0.001
10,RCD,2020,1,-0.001
10,RCD,2020,2,0.0003761211737417485
10,RCD,2020,3,-0.001
10,RCD,2020,4,-0.001
10,RGB,2018,1,0.0
10,RGB,2018,2,0.004084035051753636
10,RGB,2018,3,0.000499129522932823
10,RGB,2018,4,0.000989041611882277
10,RGB,2019,1,0.0033138449653099264
10,RGB,2019,2,0.0007582213023042848
10,RGB,2019,3,0.00035780036079848454
10,RGB,2019,4,0.0
10,RGB,2020,1,0.0
10,RGB,2020,2,0.00013866767887504004
10,RGB,2020,3,-0.000520178523831797
10,RGB,2020,4,-0.0003912819033152701
10,PERR,2018,1,0.03115351465869054
10,PERR,2018,2,0.10014307183893578
10,PERR,2018,3,0.15873116583222924
10,PERR,2018,4,0.24267677125155274
10,PERR,2019,1,0.2830900054578791
10,PERR,2019,2,0.2829434666262074
10,PERR,2019,3,0.30658052220990584
10,PERR,2019,4,0.330052015357289
10,PERR,2020,1,0.36920166734333293
10,PERR,2020,2,0.4737444487475706
10,PERR,2020,3,0.6825470188030138
10,PERR,2020,4,0.7269500152618988
10,UCC,2018,1,-0.07884375810066624
10,UCC,2018,2,-0.16218603724436065
10,UCC,2018,3,-0.19947270387992155
10,UCC,2018,4,-0.28252795662109254
10,UCC,2019,1,-0.1882298502148383
10,UCC,2019,2,-0.16028224260640211
10,UCC,2019,3,-0.16046825786274477
10,UCC,2019,4,-0.1069710718595629
10,UCC,2020,1,-0.08432468678165606
10,UCC,2020,2,-0.048532799377176694
10,UCC,2020,3,0.019204400735017835
10,UCC,2020,4,0.06428813064647265
10,FXS,2018,1,0.025784585793031667
10,FXS,2018,2,0.040393179926945244
10,FXS,2018,3,0.052910172933473554
10,FXS,2018,4,0.06459693390870047
10,FXS,2019,1,0.07095526765703575
10,FXS,2019,2,0.08263201231257788
10,FXS,2019,3,0.09013204348380377
10,FXS,2019,4,0.09807581971392754
10,FXS,2020,1,0.10611567337874828
10,FXS,2020,2,0.1077019577389482
10,FXS,2020,3,0.1121003295521783
10,FXS,2020,4,0.11583619345207907
10,PSHARE,2018,1,-0.04911416666648627
10,PSHARE,2018,2,-0.06819543537405215
10,PSHARE,2018,3,-0.07055503763558901
10,PSHARE,2018,4,-0.08949309858146126
10,PSHARE,2019,1,-0.10273362558101962
10,PSHARE,2019,2,-0.1366309343802774
10,PSHARE,2019,3,-0.14144145331902447
10,PSHARE,2019,4,-0.12089599762609149
10,PSHARE,2020,1,-0.0845135876141212
10,PSHARE,2020,2,-0.029892088829963637
10,PSHARE,2020,3,-0.007583870639171764
10,PSHARE,2020,4,0.0029685133960510868
10,PLAND,2018,1,0.031039716267033945
10,PLAND,2018,2,0.0035221705095622724
10,PLAND,2018,3,0.0013745839520185044
10,PLAND,2018,4,0.002495035174776561
10,PLAND,2019,1,-0.002107529543438069
10,PLAND,2019,2,0.007088873112337524
10,PLAND,2019,3,0.0012916471629820236
10,PLAND,2019,4,0.005119098376016318
10,PLAND,2020,1,0.0068749671533030465
10,PLAND,2020,2,0.0003320986103894086
10,PLAND,2020,3,0.00806833249999972
10,PLAND,2020,4,0.007103707513600455
10,M2CD,2018,1,0.002551280621410079
10,M2CD,2018,2,-0.11265757744651772
10,M2CD,2018,3,-0.08363799030023378
10,M2CD,2018,4,-0.11213066837358898
10,M2CD,2019,1,-0.12426961619410593
10,M2CD,2019,2,-0.11394692630698477
10,M2CD,2019,3,-0.1360097422590245
10,M2CD,2019,4,-0.14161818746024624
10,M2CD,2020,1,-0.14737523198105063
10,M2CD,2020,2,-0.16219468964357997
10,M2CD,2020,3,-0.15413955489835818
10,M2CD,2020,4,-0.15240973091478205
10,BGVATGDPV,2018,1,-0.023592891560594076
10,BGVATGDPV,2018,2,-0.08744267999921629
10,BGVATGDPV,2018,3,-0.10560233057328228
10,BGVATGDPV,2018,4,-0.14425771549612776
10,BGVATGDPV,2019,1,-0.15583077318027172
10,BGVATGDPV,2019,2,-0.17035230392572664
10,BGVATGDPV,2019,3,-0.16901314021238267
10,BGVATGDPV,2019,4,-0.18069580845568245
10,BGVATGDPV,2020,1,-0.18004416182507832
10,BGVATGDPV,2020,2,-0.17959910893936648
10,BGVATGDPV,2020,3,-0.1728443735279832
10,BGVATGDPV,2020,4,-0.16898994098489784
10,SBGVATGDPV,2018,1,0.6345972719433348
10,SBGVATGDPV,2018,2,0.9340081545584837
10,SBGVATGDPV,2018,3,0.9390185683967616
10,SBGVATGDPV,2018,4,1.0931976552357696
10,SBGVATGDPV,2019,1,0.8958606772290523
10,SBGVATGDPV,2019,2,1.0623741783704759
10,SBGVATGDPV,2019,3,1.0638283565314737
10,SBGVATGDPV,2019,4,1.1077602629271155
10,SBGVATGDPV,2020,1,1.1074762193125878
10,SBGVATGDPV,2020,2,1.007117072326082
10,SBGVATGDPV,2020,3,0.9378761277898775
10,SBGVATGDPV,2020,4,0.940718458345998
10,BCVATGDPV,2018,1,-0.3998416223302135
10,BCVATGDPV,2018,2,-0.48973002220877815
10,BCVATGDPV,2018,3,-0.4097381449962989
10,BCVATGDPV,2018,4,-0.45786502556456776
10,BCVATGDPV,2019,1,-0.3371505023264554
10,BCVATGDPV,2019,2,-0.39374422179594193
10,BCVATGDPV,2019,3,-0.35298934479439037
10,BCVATGDPV,2019,4,-0.33366057938374816
10,BCVATGDPV,2020,1,-0.3100996078804079
10,BCVATGDPV,2020,2,-0.21872032522548257
10,BCVATGDPV,2020,3,-0.19098611642242558
10,BCVATGDPV,2020,4,-0.1814987079723025
10,KFP,2018,1,-9.643167950823539e-05
10,KFP,2018,2,-0.00021913771521830938
10,KFP,2018,3,-0.000375055166967897
10,KFP,2018,4,-0.0006335906371224276
10,KFP,2019,1,-0.0010329675302900299
10,KFP,2019,2,-0.0015986715872440271
10,KFP,2019,3,-0.002283693249716112
10,KFP,2019,4,-0.002967357189687103
10,KFP,2020,1,-0.0037042597315739556
10,KFP,2020,2,-0.0043256750788756015
10,KFP,2020,3,-0.004825498059823907
10,KFP,2020,4,-0.005211402059324133
10,KHP,2018,1,0.00021128951399607132
10,KHP,2018,2,0.001382974605013132
10,KHP,2018,3,0.001866772438141595
10,KHP,2018,4,0.0022870759878612645
10,KHP,2019,1,0.001134960235749105
10,KHP,2019,2,-0.001369401416517757
10,KHP,2019,3,-0.004035383938827408
10,KHP,2019,4,-0.006932907566115087
10,KHP,2020,1,-0.009520242683325186
10,KHP,2020,2,-0.012192152107126653
10,KHP,2020,3,-0.014900895694636151
10,KHP,2020,4,-0.017337977740050636
10,KG,2018,1,-9.059419880941277e-12
10,KG,2018,2,-6.061817714453355e-12
10,KG,2018,3,2.55351295663786e-11
10,KG,2018,4,2.0872192862952943e-12
10,KG,2019,1,-3.808064974464287e-11
10,KG,2019,2,-6.022959908591474e-11
10,KG,2019,3,-1.124322857037896e-10
10,KG,2019,4,-1.495692458775011e-10
10,KG,2020,1,-1.3933298959045715e-10
10,KG,2020,2,-1.1033396418724806e-10
10,KG,2020,3,-1.0189626920009687e-10
10,KG,2020,4,-9.912071163853398e-11
10,BCVATGDPV,2018,0,-0.4392937037749646
10,BCVATGDPV,2019,0,-0.35438616207513396
10,BCVATGDPV,2020,0,-0.22532618937515464
10,BGVATGDPV,2018,0,-0.0902239044073051
10,BGVATGDPV,2019,0,-0.16897300644351587
10,BGVATGDPV,2020,0,-0.17536939631933146
10,CG,2018,0,-3.375077994860476e-12
10,CG,2019,0,-1.6725509865977983e-11
10,CG,2020,0,-1.618427614147322e-11
10,CGPI,2018,0,0.5188413698131389
10,CGPI,2019,0,0.4775830294580452
10,CGPI,2020,0,0.34248015427157386
10,CGV,2018,0,0.13397300203147888
10,CGV,2019,0,0.1880263906931301
10,CGV,2020,0,0.1868013729646456
10,CP,2018,0,-0.17121277043611327
10,CP,2019,0,-0.30931081772416213
10,CP,2020,0,-0.31717600129974877
10,CPV,2018,0,0.05608576661674802
10,CPV,2019,0,-0.07582331848109969
10,CPV,2020,0,-0.08891849212039338
10,CUX,2018,0,0.14651771798989688
10,CUX,2019,0,0.011430411741084057
10,CUX,2020,0,-0.11025337266870328
10,FXS,2018,0,0.045921218140537734
10,FXS,2019,0,0.08544878579183623
10,FXS,2020,0,0.11043853853048846
10,GDP,2018,0,-0.07581657387430718
10,GDP,2019,0,-0.13078159704801307
10,GDP,2020,0,-0.1582992126557936
10,GDPD,2018,0,-0.11151869847418738
10,GDPD,2019,0,-0.044481319963039306
10,GDPD,2020,0,0.006642098316195222
10,GDPGAP,2018,0,0.03492360007582751
10,GDPGAP,2019,0,-0.027100467384846783
10,GDPGAP,2020,0,-0.0711727180131087
10,GDPPOT,2018,0,-0.1100394174121
10,GDPPOT,2019,0,-0.10364695579987149
10,GDPPOT,2020,0,-0.08404472261447637
10,GDPV,2018,0,-0.36911050331074613
10,GDPV,2019,0,-0.3584051545077266
10,GDPV,2020,0,-0.25675636005538516
10,IFP,2018,0,-0.005244654703875917
10,IFP,2019,0,-0.020439495472568403
10,IFP,2020,0,-0.023277343745398138
10,IFPV,2018,0,0.006923077710191405
10,IFPV,2019,0,-0.016503683360219457
10,IFPV,2020,0,-0.04011915874073402
10,IG,2018,0,0.0
10,IG,2019,0,0.0
10,IG,2020,0,0.0
10,IGV,2018,0,0.08233682769754336
10,IGV,2019,0,0.08539802325426837
10,IGV,2020,0,0.052499039462022834
10,IHP,2018,0,0.046596549474897664
10,IHP,2019,0,-0.1755392960964719
10,IHP,2020,0,-0.22448013424935243
10,IHPV,2018,0,0.2987190151498065
10,IHPV,2019,0,0.08758828032808252
10,IHPV,2020,0,-0.03346582385970742
10,KFP,2018,0,-0.00033105379970421733
10,KFP,2019,0,-0.001970672389234318
10,KFP,2020,0,-0.004516708732399399
10,KG,2018,0,3.1252778143198157e-12
10,KG,2019,0,-9.007794510296208e-11
10,KG,2020,0,-1.1267098365408401e-10
10,KHP,2018,0,0.0014370281362530157
10,KHP,2019,0,-0.002800683171427787
10,KHP,2020,0,-0.013487817056284657
10,LE,2018,0,-0.18133512584347367
10,LE,2019,0,-0.17150479530604057
10,LE,2020,0,-0.13983452659553364
10,LF,2018,0,-0.18400037423264293
10,LF,2019,0,-0.1724913675580475
10,LF,2020,0,-0.13797249698007108
10,LH,2018,0,-0.043339650224530346
10,LH,2019,0,-0.05490429164824451
10,LH,2020,0,-0.05584569080630819
10,M2CD,2018,0,-0.0764687388747326
10,M2CD,2019,0,-0.12896111805509036
10,M2CD,2020,0,-0.1540298018594427
10,MGS,2018,0,-0.059757233979923496
10,MGS,2019,0,-0.3004521556430245
10,MGS,2020,0,-0.3320536090631765
10,MGSV,2018,0,2.4753758667691415
10,MGSV,2019,0,2.0129293618287694
10,MGSV,2020,0,1.349549585249804
10,NIV,2018,0,-0.5335453462694345
10,NIV,2019,0,-0.5307254993752869
10,NIV,2020,0,-0.401298115332524
10,PCP,2018,0,0.22769073037902654
10,PCP,2019,0,0.23421196034659197
10,PCP,2020,0,0.22898448162950724
10,PERR,2018,0,0.13317613089535207
10,PERR,2019,0,0.30066650241282034
10,PERR,2020,0,0.563110787538954
10,PGDP,2018,0,-0.29352080145510495
10,PGDP,2019,0,-0.22791880884567572
10,PGDP,2020,0,-0.09861403076504016
10,PIFP,2018,0,0.012168326715739086
10,PIFP,2019,0,0.003936435394533144
10,PIFP,2020,0,-0.016845507006851834
10,PIHP,2018,0,0.2519982204281679
10,PIHP,2019,0,0.2635882792634603
10,PIHP,2020,0,0.19144235093147555
10,PLAND,2018,0,0.00960787647584782
10,PLAND,2019,0,0.002848022276974449
10,PLAND,2020,0,0.005594776444323157
10,PMGS,2018,0,2.536730890739886
10,PMGS,2019,0,2.3203382119050375
10,PMGS,2020,0,1.6872367542525968
10,PSHARE,2018,0,-0.06933943456439717
10,PSHARE,2019,0,-0.12542550272660324
10,PSHARE,2020,0,-0.029755258421801378
10,PXGS,2018,0,0.018334207083275933
10,PXGS,2019,0,0.03411202408881153
10,PXGS,2020,0,0.04408501819421207
10,RCD,2018,0,0.0010960535096678071
10,RCD,2019,0,0.002488003039988386
10,RCD,2020,0,-0.0006559697065645629
10,RGB,2018,0,0.001393051546642184
10,RGB,2019,0,0.001107466657103174
10,RGB,2020,0,-0.00019319818706800676
10,SBGVATGDPV,2018,0,0.9002054125335874
10,SBGVATGDPV,2019,0,1.0324558687645293
10,SBGVATGDPV,2020,0,0.9982969694436363
10,TAXV,2018,0,-0.14016135695819887
10,TAXV,2019,0,-0.5087752408013207
10,TAXV,2020,0,-0.5470960561194199
10,TCIV,2018,0,0.0668084312750894
10,TCIV,2019,0,0.001174361580186245
10,TCIV,2020,0,-0.012128813234185687
10,TYCV,2018,0,-0.38178417599412096
10,TYCV,2019,0,-1.402528389936633
10,TYCV,2020,0,-1.573814314111313
10,TYPV,2018,0,-0.20170045992786434
10,TYPV,2019,0,-0.39064625369788497
10,TYPV,2020,0,-0.35208247425431716
10,UCC,2018,0,-0.18075761396151024
10,UCC,2019,0,-0.15398785563588702
10,UCC,2020,0,-0.012341238694335566
10,UR,2018,0,-0.002613093600575489
10,UR,2019,0,-0.0009626360172236836
10,UR,2020,0,0.0018066889346866066
10,WIPH,2018,0,-0.2351153158009378
10,WIPH,2019,0,-0.2017252769138722
10,WIPH,2020,0,-0.1127653095356812
10,XGS,2018,0,0.0007826539633049023
10,XGS,2019,0,0.007136430091930768
10,XGS,2020,0,0.015265009272286134
10,XGSV,2018,0,0.01911704673654424
10,XGSV,2019,0,0.04125098944095518
10,XGSV,2020,0,0.05935678442663961
10,YCV,2018,0,-1.3052970311935086
10,YCV,2019,0,-1.4617773903186664
10,YCV,2020,0,-1.5731637381446117
10,YDV,2018,0,-0.37055705282800777
10,YDV,2019,0,-0.33666623463782797
10,YDV,2020,0,-0.22657110290955074
10,YWV,2018,0,-0.435696755692791
10,YWV,2019,0,-0.40562620600612664
10,YWV,2020,0,-0.2922447365445141
11,GDP,2018,1,0.28580785732283953
11,GDP,2018,2,0.3349513454690367
11,GDP,2018,3,0.39023991262765456
11,GDP,2018,4,0.43009554625765833
11,GDP,2019,1,0.4243284921550794
11,GDP,2019,2,0.4186458999769549
11,GDP,2019,3,0.4067157505701857
11,GDP,2019,4,0.3924881468576835
11,GDP,2020,1,0.370739780848095
11,GDP,2020,2,0.33307686536387937
11,GDP,2020,3,0.32830645048880225
11,GDP,2020,4,0.3302365809813246
11,CP,2018,1,0.0007139903856812069
11,CP,2018,2,0.04154424919353694
11,CP,2018,3,0.11731149797571394
11,CP,2018,4,0.15736748721248972
11,CP,2019,1,0.1825060690413105
11,CP,2019,2,0.1992247588977758
11,CP,2019,3,0.20238479850613889
11,CP,2019,4,0.20204205586289437
11,CP,2020,1,0.18757123253214658
11,CP,2020,2,0.1744357837562438
11,CP,2020,3,0.144342236179007
11,CP,2020,4,0.11786162770279773
11,IFP,2018,1,0.19350553413515215
11,IFP,2018,2,0.38359627661914697
11,IFP,2018,3,0.5731313179331066
11,IFP,2018,4,0.7487637265028768
11,IFP,2019,1,0.6999854559174512
11,IFP,2019,2,0.6342866066668673
11,IFP,2019,3,0.5605315017944257
11,IFP,2019,4,0.49174386880652676
11,IFP,2020,1,0.4352995892886069
11,IFP,2020,2,0.3970301599146575
11,IFP,2020,3,0.37436522308706977
11,IFP,2020,4,0.36277386676102363
11,IHP,2018,1,0.02787869252780517
11,IHP,2018,2,0.0465269335781171
11,IHP,2018,3,0.07887314210992535
11,IHP,2018,4,0.11277359214660887
11,IHP,2019,1,0.1263856959109022
11,IHP,2019,2,0.15486027131119684
11,IHP,2019,3,0.15714510021556105
11,IHP,2019,4,0.16350739677950532
11,IHP,2020,1,0.1517806453444015
11,IHP,2020,2,0.12822582600897636
11,IHP,2020,3,0.11784817745967846
11,IHP,2020,4,0.09934652272243216
11,IG,2018,1,0.0
11,IG,2018,2,0.0
11,IG,2018,3,0.0
11,IG,2018,4,0.0
11,IG,2019,1,0.0
11,IG,2019,2,0.0
11,IG,2019,3,0.0
11,IG,2019,4,0.0
11,IG,2020,1,0.0
11,IG,2020,2,0.0
11,IG,2020,3,0.0
11,IG,2020,4,0.0
11,CG,2018,1,0.0
11,CG,2018,2,1.5543122344752192e-12
11,CG,2018,3,3.064215547965432e-12
11,CG,2018,4,1.9095836023552692e-12
11,CG,2019,1,5.773159728050814e-13
11,CG,2019,2,1.7985612998927536e-12
11,CG,2019,3,6.217248937900877e-13
11,CG,2019,4,5.773159728050814e-13
11,CG,2020,1,2.7533531010703882e-12
11,CG,2020,2,2.8199664825478976e-12
11,CG,2020,3,2.90878432451791e-12
11,CG,2020,4,4.418687638008123e-12
11,XGS,2018,1,1.2995989006426845
11,XGS,2018,2,1.299557876952151
11,XGS,2018,3,1.2994104049463662
11,XGS,2018,4,1.299047715419932
11,XGS,2019,1,1.2983212202651417
11,XGS,2019,2,1.2970965020661973
11,XGS,2019,3,1.2952801108790046
11,XGS,2019,4,1.2928380409441331
11,XGS,2020,1,1.2898143453988764
11,XGS,2020,2,1.2863208005220672
11,XGS,2020,3,1.282493233908344
11,XGS,2020,4,1.2784790749774233
11,MGS,2018,1,0.006581509240199956
11,MGS,2018,2,0.04359867971770459
11,MGS,2018,3,0.13490255435708587
11,MGS,2018,4,0.2235082963665258
11,MGS,2019,1,0.27106389659738994
11,MGS,2019,2,0.2973153481672819
11,MGS,2019,3,0.314348341346804
11,MGS,2019,4,0.31935817037576086
11,MGS,2020,1,0.311092293772286
11,MGS,2020,2,0.2864733986217338
11,MGS,2020,3,0.25881256235784633
11,MGS,2020,4,0.22330819973832572
11,GDPD,2018,1,1.144132013932859
11,GDPD,2018,2,0.19678704734359198
11,GDPD,2018,3,0.21931973288314555
11,GDPD,2018,4,0.1583943371816231
11,GDPD,2019,1,-0.023025508292200403
11,GDPD,2019,2,-0.022736639527326963
11,GDPD,2019,3,-0.04761294644604597
11,GDPD,2019,4,-0.055035646793275106
11,GDPD,2020,1,-0.087108567792332
11,GDPD,2020,2,-0.1386768088705992
11,GDPD,2020,3,-0.02005415694091539
11,GDPD,2020,4,0.007826323289260806
11,PGDP,2018,1,-0.0018763668536259104
11,PGDP,2018,2,0.005294266974975592
11,PGDP,2018,3,0.019708293826758982
11,PGDP,2018,4,0.033885124898747065
11,PGDP,2019,1,0.0463643684122772
11,PGDP,2019,2,0.06522935338211244
11,PGDP,2019,3,0.08473125402286286
11,PGDP,2019,4,0.10394254985304219
11,PGDP,2020,1,0.12688675441343555
11,PGDP,2020,2,0.14411370879607865
11,PGDP,2020,3,0.1596194180671251
11,PGDP,2020,4,0.1763020191293263
11,PCP,2018,1,-0.0007352985708419801
11,PCP,2018,2,0.0006028642107969162
11,PCP,2018,3,0.006641816329544525
11,PCP,2018,4,0.018662998966756383
11,PCP,2019,1,0.03649173796025362
11,PCP,2019,2,0.05735958116634965
11,PCP,2019,3,0.0795172509916231
11,PCP,2019,4,0.10182336748596477
11,PCP,2020,1,0.1236128765020883
11,PCP,2020,2,0.1447431316099701
11,PCP,2020,3,0.1647454896978262
11,PCP,2020,4,0.18345977428566584
11,PIFP,2018,1,0.04552425993624709
11,PIFP,2018,2,0.0708971833497607
11,PIFP,2018,3,0.09830040515308447
11,PIFP,2018,4,0.12272829019734921
11,PIFP,2019,1,0.1459959931686905
11,PIFP,2019,2,0.16791248864127528
11,PIFP,2019,3,0.19091428484709905
11,PIFP,2019,4,0.21109036843021123
11,PIFP,2020,1,0.23124205951932097
11,PIFP,2020,2,0.24586326558395655
11,PIFP,2020,3,0.2673751950310166
11,PIFP,2020,4,0.2882574039039909
11,PIHP,2018,1,-0.0028214495672806983
11,PIHP,2018,2,-0.0027696438055890837
11,PIHP,2018,3,0.0025623240391459134
11,PIHP,2018,4,0.014356013781124943
11,PIHP,2019,1,0.03469716322728189
11,PIHP,2019,2,0.0583827303262785
11,PIHP,2019,3,0.08470334174934813
11,PIHP,2019,4,0.11106967348699648
11,PIHP,2020,1,0.1366283174807359
11,PIHP,2020,2,0.16368730612255078
11,PIHP,2020,3,0.18791057570117786
11,PIHP,2020,4,0.2091909495588018
11,PXGS,2018,1,-0.001698097153290945
11,PXGS,2018,2,-0.004406170292547973
11,PXGS,2018,3,-0.008908242263250266
11,PXGS,2018,4,-0.0150582452489334
11,PXGS,2019,1,-0.02231945505554167
11,PXGS,2019,2,-0.03059265788337706
11,PXGS,2019,3,-0.039209203371270984
11,PXGS,2019,4,-0.048036649098948114
11,PXGS,2020,1,-0.05682009271797961
11,PXGS,2020,2,-0.06503362287882952
11,PXGS,2020,3,-0.07311251082149361
11,PXGS,2020,4,-0.0811794910721475
11,PMGS,2018,1,-0.0017459274424314053
11,PMGS,2018,2,-0.0055871337656387965
11,PMGS,2018,3,-0.014318558946591065
11,PMGS,2018,4,-0.02594576572801932
11,PMGS,2019,1,-0.029074237648663015
11,PMGS,2019,2,-0.04165563756879376
11,PMGS,2019,3,-0.04581898487234781
11,PMGS,2019,4,-0.05480197041711765
11,PMGS,2020,1,-0.0647729354367077
11,PMGS,2020,2,-0.05063252982686617
11,PMGS,2020,3,-0.06224779841763617
11,PMGS,2020,4,-0.0722646643803837
11,CGPI,2018,1,-0.0009643585665797261
11,CGPI,2018,2,0.011021311784009669
11,CGPI,2018,3,0.015381159360794427
11,CGPI,2018,4,0.023988796969609538
11,CGPI,2019,1,0.03684025171140082
11,CGPI,2019,2,0.04892910052094468
11,CGPI,2019,3,0.06271020953179107
11,CGPI,2019,4,0.0760024143569904
11,CGPI,2020,1,0.08804893542464498
11,CGPI,2020,2,0.10473044581933433
11,CGPI,2020,3,0.1159305678615219
11,CGPI,2020,4,0.12612874100896843
11,GDPV,2018,1,0.28392612766530156
11,GDPV,2018,2,0.34026334566248373
11,GDPV,2018,3,0.4100251160830348
11,GDPV,2018,4,0.46412640956943196
11,GDPV,2019,1,0.4708895977927119
11,GDPV,2019,2,0.48414833337255825
11,GDPV,2019,3,0.4917916199488337
11,GDPV,2019,4,0.49683865889842416
11,GDPV,2020,1,0.4980969549367664
11,GDPV,2020,2,0.4776705835837891
11,GDPV,2020,3,0.488449909401667
11,GDPV,2020,4,0.5071208138707872
11,CPV,2018,1,-2.1313432807534838e-05
11,CPV,2018,2,0.04214736386207729
11,CPV,2018,3,0.12396110591879062
11,CPV,2018,4,0.17605985567077376
11,CPV,2019,1,0.21906440664059001
11,CPV,2019,2,0.25669861455066556
11,CPV,2019,3,0.282062980326403
11,CPV,2019,4,0.30407114937611723
11,CPV,2020,1,0.31141597123069964
11,CPV,2020,2,0.31943139918262364
11,CPV,2020,3,0.30932552320179774
11,CPV,2020,4,0.3015376306661821
11,IFPV,2018,1,0.23911788604789042
11,IFPV,2018,2,0.454765418938452
11,IFPV,2018,3,0.6719951134853019
11,IFPV,2018,4,0.8724109616091935
11,IFPV,2019,1,0.8470033998172921
11,IFPV,2019,2,0.8032641417256681
11,IFPV,2019,3,0.7525159213497945
11,IFPV,2019,4,0.7038722611997228
11,IFPV,2020,1,0.6675482445442027
11,IFPV,2020,2,0.6438695768163027
11,IFPV,2020,3,0.6427413778753888
11,IFPV,2020,4,0.6520769932101489
11,IHPV,2018,1,0.025056456363636848
11,IHPV,2018,2,0.043756001127603916
11,IHPV,2018,3,0.08143748713813626
11,IHPV,2018,4,0.12714579572519202
11,IHPV,2019,1,0.1611267113731607
11,IHPV,2019,2,0.21333341329579092
11,IHPV,2019,3,0.2419815491148558
11,IHPV,2019,4,0.2747586773834687
11,IHPV,2020,1,0.2886163381655926
11,IHPV,2020,2,0.2921230215306547
11,IHPV,2020,3,0.3059802023435365
11,IHPV,2020,4,0.3087452962079018
11,IGV,2018,1,0.03956690855759781
11,IGV,2018,2,0.06179885579475908
11,IGV,2018,3,0.08714830490854641
11,IGV,2018,4,0.11159457911147364
11,IGV,2019,1,0.1373780965995719
11,IGV,2019,2,0.1630835669536479
11,IGV,2019,3,0.19057592477862428
11,IGV,2019,4,0.21569105459695592
11,IGV,2020,1,0.240630821726473
11,IGV,2020,2,0.26104283743810797
11,IGV,2020,3,0.2868652580503728
11,IGV,2020,4,0.31135604947003515
11,CGV,2018,1,2.220446049250313e-14
11,CGV,2018,2,-0.00028412591736026727
11,CGV,2018,3,0.0014649679915823555
11,CGV,2018,4,0.0067264321145898975
11,CGV,2019,1,0.016824075125443372
11,CGV,2019,2,0.03143349848135912
11,CGV,2019,3,0.048668554058073354
11,CGV,2019,4,0.0673533841792695
11,CGV,2020,1,0.08639207953258232
11,CGV,2020,2,0.105219872311757
11,CGV,2020,3,0.12348078455024503
11,CGV,2020,4,0.14083416767667334
11,XGSV,2018,1,1.2978787350483412
11,XGSV,2018,2,1.2950944459374725
11,XGSV,2018,3,1.290386408051547
11,XGSV,2018,4,1.2837938563741602
11,XGSV,2019,1,1.2757119869995837
11,XGSV,2019,2,1.2661070278823905
11,XGSV,2019,3,1.2555630384958993
11,XGSV,2019,4,1.2441803557847742
11,XGSV,2020,1,1.2322613789753412
11,XGSV,2020,2,1.2204506366261025
11,XGSV,2020,3,1.2084430600902696
11,XGSV,2020,4,1.1962617211086046
11,MGSV,2018,1,0.004835466889407947
11,MGSV,2018,2,0.03800911003550844
11,MGSV,2018,3,0.12056467930874337
11,MGSV,2018,4,0.19750453969955561
11,MGSV,2019,1,0.24191084918725458
11,MGSV,2019,2,0.25553586199462686
11,MGSV,2019,3,0.2683853252554824
11,MGSV,2019,4,0.2643811853885847
11,MGSV,2020,1,0.24611785472499204
11,MGSV,2020,2,0.2356958200658621
11,MGSV,2020,3,0.19640365881812283
11,MGSV,2020,4,0.1508821624368606
11,NIV,2018,1,0.40145886946645337
11,NIV,2018,2,0.4438622845647222
11,NIV,2018,3,0.5202445878554229
11,NIV,2018,4,0.5805112889483155
11,NIV,2019,1,0.5791933641038582
11,NIV,2019,2,0.5590279100403217
11,NIV,2019,3,0.5123838601834185
11,NIV,2019,4,0.46235673870587135
11,NIV,2020,1,0.4146212152423834
11,NIV,2020,2,0.32750844342424035
11,NIV,2020,3,0.2945091334432215
11,NIV,2020,4,0.311861373599176
11,YWV,2018,1,0.22449792962022652
11,YWV,2018,2,0.31375807918070375
11,YWV,2018,3,0.38863804878896957
11,YWV,2018,4,0.47483736794771136
11,YWV,2019,1,0.4690016148387599
11,YWV,2019,2,0.489648249100072
11,YWV,2019,3,0.4526634433341892
11,YWV,2019,4,0.43168559068180734
11,YWV,2020,1,0.41193019569361056
11,YWV,2020,2,0.3335289834182742
11,YWV,2020,3,0.31797059557592267
11,YWV,2020,4,0.34663957968406045
11,YCV,2018,1,1.4974303184846605
11,YCV,2018,2,1.013558259427283
11,YCV,2018,3,1.216091808157449
11,YCV,2018,4,1.2738003094650896
11,YCV,2019,1,1.2939450151852494
11,YCV,2019,2,0.9411638981873693
11,YCV,2019,3,0.7870569238542791
11,YCV,2019,4,0.6033786994454227
11,YCV,2020,1,0.4182054881170405
11,YCV,2020,2,-0.057626458596193864
11,YCV,2020,3,-0.03875715058673235
11,YCV,2020,4,0.0164803049251816
11,YDV,2018,1,0.1894750294090919
11,YDV,2018,2,0.3178536849395064
11,YDV,2018,3,0.3584121493511283
11,YDV,2018,4,0.4359810678162379
11,YDV,2019,1,0.4268057564963623
11,YDV,2019,2,0.46103160050077197
11,YDV,2019,3,0.42929712125627795
11,YDV,2019,4,0.41199605512962645
11,YDV,2020,1,0.38723037574994734
11,YDV,2020,2,0.2951475841045159
11,YDV,2020,3,0.30353307937658336
11,YDV,2020,4,0.3388733323281157
11,TAXV,2018,1,0.08413015452026773
11,TAXV,2018,2,0.24186963510048898
11,TAXV,2018,3,0.3892790212481456
11,TAXV,2018,4,0.5486446587462224
11,TAXV,2019,1,0.6747825633955262
11,TAXV,2019,2,0.6813488855900385
11,TAXV,2019,3,0.6997166049775183
11,TAXV,2019,4,0.6842390230298312
11,TAXV,2020,1,0.6579427504384672
11,TAXV,2020,2,0.572170354671675
11,TAXV,2020,3,0.5219414570761138
11,TAXV,2020,4,0.464712265662115
11,TYPV,2018,1,0.2167662905238732
11,TYPV,2018,2,0.3258824822850892
11,TYPV,2018,3,0.4450013434704747
11,TYPV,2018,4,0.5738991006926542
11,TYPV,2019,1,0.6308358023890293
11,TYPV,2019,2,0.6628698168595903
11,TYPV,2019,3,0.6765424542001464
11,TYPV,2019,4,0.6553132140324269
11,TYPV,2020,1,0.6328287446358605
11,TYPV,2020,2,0.5619020048974965
11,TYPV,2020,3,0.535413722011735
11,TYPV,2020,4,0.516575237347916
11,TYCV,2018,1,0.044837367694494645
11,TYCV,2018,2,0.4240858367529743
11,TYCV,2018,3,0.734484394171675
11,TYCV,2018,4,1.091060835525015
11,TYCV,2019,1,1.4557127584690743
11,TYCV,2019,2,1.434204392845051
11,TYCV,2019,3,1.4427585501270324
11,TYCV,2019,4,1.3428899219748214
11,TYCV,2020,1,1.2059729599224633
11,TYCV,2020,2,1.0007881074508562
11,TYCV,2020,3,0.8342802632352875
11,TYCV,2020,4,0.6029221681636221
11,TCIV,2018,1,0.039619850434791104
11,TCIV,2018,2,0.09676651353638377
11,TCIV,2018,3,0.17227758907532031
11,TCIV,2018,4,0.23496910113429692
11,TCIV,2019,1,0.25613001264517266
11,TCIV,2019,2,0.27250175197492954
11,TCIV,2019,3,0.2837688116150261
11,TCIV,2019,4,0.28518560132015924
11,TCIV,2020,1,0.29098405911416325
11,TCIV,2020,2,0.29200862921985316
11,TCIV,2020,3,0.2914863242382548
11,TCIV,2020,4,0.29791634599589667
11,WIPH,2018,1,0.11287825113508454
11,WIPH,2018,2,0.16845057422443244
11,WIPH,2018,3,0.21024509713316597
11,WIPH,2018,4,0.2674278083893533
11,WIPH,2019,1,0.26871678075697236
11,WIPH,2019,2,0.2912707389955971
11,WIPH,2019,3,0.27469304900875624
11,WIPH,2019,4,0.2715619796799684
11,WIPH,2020,1,0.2684773363498483
11,WIPH,2020,2,0.22958091802156577
11,WIPH,2020,3,0.22479424978747442
11,WIPH,2020,4,0.2523273036835416
11,LE,2018,1,0.04882361993499007
11,LE,2018,2,0.07312154787162406
11,LE,2018,3,0.09539145433337115
11,LE,2018,4,0.11811820834806142
11,LE,2019,1,0.11448253976171774
11,LE,2019,2,0.1165164032241206
11,LE,2019,3,0.10159999022842925
11,LE,2019,4,0.09221685958296089
11,LE,2020,1,0.08157087650790817
11,LE,2020,2,0.05756279900885897
11,LE,2020,3,0.04559843967113508
11,LE,2020,4,0.04638737377899993
11,LF,2018,1,0.04286768217864889
11,LF,2018,2,0.0637986048285466
11,LF,2018,3,0.08341513895537833
11,LF,2018,4,0.10450974225491017
11,LF,2019,1,0.10016363050004973
11,LF,2019,2,0.10196725911895133
11,LF,2019,3,0.08716124584500218
11,LF,2019,4,0.07806929285940623
11,LF,2020,1,0.06797106530085362
11,LF,2020,2,0.04414473829976728
11,LF,2020,3,0.03256833933313885
11,LF,2020,4,0.03384494020823858
11,LH,2018,1,0.07479939734820196
11,LH,2018,2,0.08871620184809359
11,LH,2018,3,0.10352777471720476
11,LH,2018,4,0.11421648693410447
11,LH,2019,1,0.11060697226219496
11,LH,2019,2,0.10765894812809762
11,LH,2019,3,0.10033232151831495
11,LH,2019,4,0.09068486911831819
11,LH,2020,1,0.08360433957510516
11,LH,2020,2,0.06441728632211596
11,LH,2020,3,0.06471780101631186
11,LH,2020,4,0.06652079598585825
11,UR,2018,1,-0.0057934889954576185
11,UR,2018,2,-0.009083093325381153
11,UR,2018,3,-0.011688850143781515
11,UR,2018,4,-0.013271474570001107
11,UR,2019,1,-0.013946931122687634
11,UR,2019,2,-0.014172697318049376
11,UR,2019,3,-0.014118487482569275
11,UR,2019,4,-0.013811381385194554
11,UR,2020,1,-0.013249114487864588
11,UR,2020,2,-0.013037916799530258
11,UR,2020,3,-0.01265013499848644
11,UR,2020,4,-0.012159412866905583
11,CUX,2018,1,0.5364392133590634
11,CUX,2018,2,0.584823057052164
11,CUX,2018,3,0.6611854904140291
11,CUX,2018,4,0.6727897107061453
11,CUX,2019,1,0.6709133983154425
11,CUX,2019,2,0.6346344221470845
11,CUX,2019,3,0.6239754411577758
11,CUX,2019,4,0.5899085125491199
11,CUX,2020,1,0.5609412945346559
11,CUX,2020,2,0.5642994979607519
11,CUX,2020,3,0.5457789904214083
11,CUX,2020,4,0.5169295053841116
11,GDPPOT,2018,1,0.02560865867358153
11,GDPPOT,2018,2,0.040549250942145676
11,GDPPOT,2018,3,0.057075605220879844
11,GDPPOT,2018,4,0.07656531630744201
11,GDPPOT,2019,1,0.08295544036100999
11,GDPPOT,2019,2,0.09209786806234632
11,GDPPOT,2019,3,0.0901767457865077
11,GDPPOT,2019,4,0.09067490561276426
11,GDPPOT,2020,1,0.08913244349790794
11,GDPPOT,2020,2,0.0787367719485843
11,GDPPOT,2020,3,0.07485332732868333
11,GDPPOT,2020,4,0.07831852842488107
11,GDPGAP,2018,1,0.2656795814552271
11,GDPGAP,2018,2,0.30051525064183915
11,GDPGAP,2018,3,0.3377293769713232
11,GDPGAP,2018,4,0.3568385939103016
11,GDPGAP,2019,1,0.3450079604221641
11,GDPGAP,2019,2,0.33094040150526327
11,GDPGAP,2019,3,0.3207875417294139
11,GDPGAP,2019,4,0.29572294543378064
11,GDPGAP,2020,1,0.27765453377372706
11,GDPGAP,2020,2,0.233013562289905
11,GDPGAP,2020,3,0.24414591302255717
11,GDPGAP,2020,4,0.24551393246525688
11,RCD,2018,1,0.01846680331949918
11,RCD,2018,2,0.03197337574353065
11,RCD,2018,3,0.047025903222454424
11,RCD,2018,4,0.06340978168443245
11,RCD,2019,1,0.07445410319386897
11,RCD,2019,2,0.08375063730080812
11,RCD,2019,3,0.08733972458774683
11,RCD,2019,4,0.08941977297410048
11,RCD,2020,1,0.08913796638391286
11,RCD,2020,2,0.08399355250585805
11,RCD,2020,3,0.08182548880231011
11,RCD,2020,4,0.08167264569912086
11,RGB,2018,1,0.009420101042649787
11,RGB,2018,2,0.015134811457032535
11,RGB,2018,3,0.02192821747234823
11,RGB,2018,4,0.02931054878600947
11,RGB,2019,1,0.03396742693294037
11,RGB,2019,2,0.038190747935652
11,RGB,2019,3,0.039791402478811515
11,RGB,2019,4,0.041267994450560244
11,RGB,2020,1,0.04199794477867594
11,RGB,2020,2,0.04069129470053001
11,RGB,2020,3,0.04145412968564212
11,RGB,2020,4,0.04322971194857794
11,PERR,2018,1,0.7881477876609893
11,PERR,2018,2,0.698993378178205
11,PERR,2018,3,0.562249604859062
11,PERR,2018,4,0.43211955307026173
11,PERR,2019,1,0.3918600520523867
11,PERR,2019,2,0.3285358016003208
11,PERR,2019,3,0.3095068848835538
11,PERR,2019,4,0.321277172790122
11,PERR,2020,1,0.3777468865360838
11,PERR,2020,2,0.4421331733962788
11,PERR,2020,3,0.7715625085022566
11,PERR,2020,4,1.1651543359120566
11,UCC,2018,1,-0.6521218676579399
11,UCC,2018,2,-0.7989212652916189
11,UCC,2018,3,-0.8599293486232895
11,UCC,2018,4,-0.8857109767219207
11,UCC,2019,1,-0.815408409656293
11,UCC,2019,2,-0.6130314189984443
11,UCC,2019,3,-0.5197384356449675
11,UCC,2019,4,-0.45733605273321487
11,UCC,2020,1,-0.44427616470670284
11,UCC,2020,2,-0.401419625204924
11,UCC,2020,3,-0.3566140036457832
11,UCC,2020,4,-0.3592258306910123
11,FXS,2018,1,-0.004252481659039464
11,FXS,2018,2,-0.011033983936048486
11,FXS,2018,3,-0.02230737060230359
11,FXS,2018,4,-0.037706015279515004
11,FXS,2019,1,-0.05588511372330851
11,FXS,2019,2,-0.07659540813937937
11,FXS,2019,3,-0.09816245084172115
11,FXS,2019,4,-0.12025447275976209
11,FXS,2020,1,-0.14223345980690638
11,FXS,2020,2,-0.16278371213293008
11,FXS,2020,3,-0.18299461116270122
11,FXS,2020,4,-0.20317326834620175
11,PSHARE,2018,1,4.140210656975163
11,PSHARE,2018,2,3.97876933654151
11,PSHARE,2018,3,3.7126871819705753
11,PSHARE,2018,4,3.3467486826569193
11,PSHARE,2019,1,2.932365625506983
11,PSHARE,2019,2,2.5609083794766674
11,PSHARE,2019,3,2.245733302702302
11,PSHARE,2019,4,2.0127010856063166
11,PSHARE,2020,1,1.8697414763655162
11,PSHARE,2020,2,1.8095739665274113
11,PSHARE,2020,3,1.8224066983674625
11,PSHARE,2020,4,1.8651733456022113
11,PLAND,2018,1,-0.00022668531700631434
11,PLAND,2018,2,-0.0379546103551065
11,PLAND,2018,3,-0.07555499161865376
11,PLAND,2018,4,-0.1099519450080022
11,PLAND,2019,1,-0.1409424299143036
11,PLAND,2019,2,-0.16843614220946046
11,PLAND,2019,3,-0.19229581236276383
11,PLAND,2019,4,-0.21337958672441593
11,PLAND,2020,1,-0.23232472134213644
11,PLAND,2020,2,-0.2495330863505396
11,PLAND,2020,3,-0.26686840267894363
11,PLAND,2020,4,-0.28404697236038556
11,M2CD,2018,1,0.21937415156867424
11,M2CD,2018,2,0.22368760051409975
11,M2CD,2018,3,0.23563627682667843
11,M2CD,2018,4,0.23569043253675037
11,M2CD,2019,1,0.2165395455229424
11,M2CD,2019,2,0.20648892868042612
11,M2CD,2019,3,0.21169237956581988
11,M2CD,2019,4,0.21975080271701142
11,M2CD,2020,1,0.22779195899207405
11,M2CD,2020,2,0.23621458820941577
11,M2CD,2020,3,0.2652866680858512
11,M2CD,2020,4,0.29224243563301666
11,BGVATGDPV,2018,1,0.029612847190121805
11,BGVATGDPV,2018,2,0.062083129706610674
11,BGVATGDPV,2018,3,0.09329514551105955
11,BGVATGDPV,2018,4,0.12586866481354742
11,BGVATGDPV,2019,1,0.14576314438176974
11,BGVATGDPV,2019,2,0.14351526605765352
11,BGVATGDPV,2019,3,0.14050564419520928
11,BGVATGDPV,2019,4,0.1347165779884696
11,BGVATGDPV,2020,1,0.12370917142840909
11,BGVATGDPV,2020,2,0.10883011463043069
11,BGVATGDPV,2020,3,0.08998627804034065
11,BGVATGDPV,2020,4,0.07448247164148647
11,SBGVATGDPV,2018,1,-0.6587903542610434
11,SBGVATGDPV,2018,2,-0.803063012970938
11,SBGVATGDPV,2018,3,-0.983881951061278
11,SBGVATGDPV,2018,4,-1.157271330420258
11,SBGVATGDPV,2019,1,-1.2054309422702545
11,SBGVATGDPV,2019,2,-1.2732874405259338
11,SBGVATGDPV,2019,3,-1.3262169631354368
11,SBGVATGDPV,2019,4,-1.3899947706958358
11,SBGVATGDPV,2020,1,-1.4045543229301813
11,SBGVATGDPV,2020,2,-1.5186371365978175
11,SBGVATGDPV,2020,3,-1.5157342939228897
11,SBGVATGDPV,2020,4,-1.563620161730853
11,BCVATGDPV,2018,1,0.2223518875516115
11,BCVATGDPV,2018,2,0.2153430042312099
11,BCVATGDPV,2018,3,0.19852523019882273
11,BCVATGDPV,2018,4,0.18033227585722678
11,BCVATGDPV,2019,1,0.15962701129729817
11,BCVATGDPV,2019,2,0.14755717379063205
11,BCVATGDPV,2019,3,0.10894217901340308
11,BCVATGDPV,2019,4,0.0735816843963959
11,BCVATGDPV,2020,1,0.04092089743803884
11,BCVATGDPV,2020,2,-0.01282784472040488
11,BCVATGDPV,2020,3,-0.03377960223849774
11,BCVATGDPV,2020,4,-0.020729877641381123
11,KFP,2018,1,0.0060548012509320515
11,KFP,2018,2,0.017997834430238946
11,KFP,2018,3,0.03510732360973989
11,KFP,2018,4,0.05742218817039735
11,KFP,2019,1,0.07745248117134729
11,KFP,2019,2,0.09465222199647183
11,KFP,2019,3,0.1093858443977469
11,KFP,2019,4,0.1205463310655519
11,KFP,2020,1,0.1300969185261236
11,KFP,2020,2,0.1376415025884592
11,KFP,2020,3,0.14435830797456806
11,KFP,2020,4,0.15064877174715274
11,KHP,2018,1,0.00035574964816209587
11,KHP,2018,2,0.000928300374636315
11,KHP,2018,3,0.0019003322157207236
11,KHP,2018,4,0.0033087712653534496
11,KHP,2019,1,0.004912662966338743
11,KHP,2019,2,0.006894282697356147
11,KHP,2019,3,0.008893562284817413
11,KHP,2019,4,0.010912414423813743
11,KHP,2020,1,0.012668065407273055
11,KHP,2020,2,0.014110128555766543
11,KHP,2020,3,0.015342403620044465
11,KHP,2020,4,0.016342862125862112
11,KG,2018,1,-3.2862601528904634e-12
11,KG,2018,2,7.016609515630989e-12
11,KG,2018,3,2.680078381445128e-11
11,KG,2018,4,2.0539125955565396e-11
11,KG,2019,1,4.707345624410664e-12
11,KG,2019,2,1.9539925233402755e-11
11,KG,2019,3,5.88418203051333e-12
11,KG,2019,4,-9.348077867343818e-12
11,KG,2020,1,1.7474910407599964e-11
11,KG,2020,2,1.6409096303959814e-11
11,KG,2020,3,4.707345624410664e-12
11,KG,2020,4,1.1945999744966684e-11
11,BCVATGDPV,2018,0,0.20413809945971773
11,BCVATGDPV,2019,0,0.1224270121244323
11,BCVATGDPV,2020,0,-0.006604106790561226
11,BGVATGDPV,2018,0,0.07771494680533486
11,BGVATGDPV,2019,0,0.14112515815577553
11,BGVATGDPV,2020,0,0.09925200893516672
11,CG,2018,0,1.6320278461989801e-12
11,CG,2019,0,8.93729534823251e-13
11,CG,2020,0,3.2251978865360797e-12
11,CGPI,2018,0,0.012356727386958477
11,CGPI,2019,0,0.05612049403028174
11,CGPI,2020,0,0.10870967252861741
11,CGV,2018,0,0.0019768185472085475
11,CGV,2019,0,0.04106987796103634
11,CGV,2020,0,0.11398172601781442
11,CP,2018,0,0.07923430619185545
11,CP,2019,0,0.1965394205770299
11,CP,2020,0,0.15605272004254878
11,CPV,2018,0,0.08553675300470853
11,CPV,2019,0,0.26547428772344395
11,CPV,2020,0,0.3104276310703258
11,CUX,2018,0,0.6138093678828505
11,CUX,2019,0,0.6298579435423557
11,CUX,2020,0,0.5469873220752319
11,FXS,2018,0,-0.018824962869226636
11,FXS,2019,0,-0.08772436136604278
11,FXS,2020,0,-0.17279626286218486
11,GDP,2018,0,0.3602736654192973
11,GDP,2019,0,0.4105445723899759
11,GDP,2020,0,0.3405899194205253
11,GDPD,2018,0,0.42965828283530494
11,GDPD,2019,0,-0.03710268526471211
11,GDPD,2020,0,-0.059503302578646444
11,GDPGAP,2018,0,0.31519070074467276
11,GDPGAP,2019,0,0.3231147122726555
11,GDPGAP,2020,0,0.2500819853878615
11,GDPPOT,2018,0,0.049949707786012265
11,GDPPOT,2019,0,0.08897623995565707
11,GDPPOT,2020,0,0.08026026780001416
11,GDPV,2018,0,0.374585249745063
11,GDPV,2019,0,0.485917052503132
11,GDPV,2020,0,0.49283456544825244
11,IFP,2018,0,0.4747492137975706
11,IFP,2019,0,0.5966368582963177
11,IFP,2020,0,0.39236720976283945
11,IFPV,2018,0,0.5595723450202095
11,IFPV,2019,0,0.7766639310231194
11,IFPV,2020,0,0.6515590481115108
11,IG,2018,0,0.0
11,IG,2019,0,0.0
11,IG,2020,0,0.0
11,IGV,2018,0,0.07502716209309424
11,IGV,2019,0,0.1766821607322
11,IGV,2020,0,0.2749737416712472
11,IHP,2018,0,0.06651309009061412
11,IHP,2019,0,0.15047461605429135
11,IHP,2020,0,0.12430029288387212
11,IHPV,2018,0,0.06934893508864226
11,IHPV,2019,0,0.22280008779181903
11,IHPV,2020,0,0.2988662145619214
11,KFP,2018,0,0.02914553686532706
11,KFP,2019,0,0.10050921965777948
11,KFP,2020,0,0.1406863752090759
11,KG,2018,0,1.27675647831893e-11
11,KG,2019,0,5.195843755245733e-12
11,KG,2020,0,1.2634338020234281e-11
11,KHP,2018,0,0.001623288375968146
11,KHP,2019,0,0.007903230593081512
11,KHP,2020,0,0.014615864927236544
11,LE,2018,0,0.08386370762201167
11,LE,2019,0,0.10620394819930712
11,LE,2020,0,0.05777987224172554
11,LF,2018,0,0.073647792054371
11,LF,2019,0,0.09184035708085236
11,LF,2020,0,0.044632270785499584
11,LH,2018,0,0.09531496521190119
11,LH,2019,0,0.10232077775673143
11,LH,2020,0,0.06981505572484781
11,M2CD,2018,0,0.2285971153615507
11,M2CD,2019,0,0.21361791412154996
11,M2CD,2020,0,0.2553839127300894
11,MGS,2018,0,0.10214775992037906
11,MGS,2019,0,0.3005214391218092
11,MGS,2020,0,0.26992161362254796
11,MGSV,2018,0,0.09022844898330384
11,MGSV,2019,0,0.25755330545648714
11,MGSV,2020,0,0.2072748740114594
11,NIV,2018,0,0.4865192577087285
11,NIV,2019,0,0.5282404682583675
11,NIV,2020,0,0.3371250414272553
11,PCP,2018,0,0.006293095234063961
11,PCP,2019,0,0.06879798440104778
11,PCP,2020,0,0.1541403180238876
11,PERR,2018,0,0.6203775809421295
11,PERR,2019,0,0.33779497783159584
11,PERR,2020,0,0.689149226086669
11,PGDP,2018,0,0.014252829711713932
11,PGDP,2019,0,0.07506688141757367
11,PGDP,2020,0,0.1517304751014914
11,PIFP,2018,0,0.08436253465911037
11,PIFP,2019,0,0.178978283771819
11,PIFP,2020,0,0.25818448100957125
11,PIHP,2018,0,0.0028318111118502687
11,PIHP,2019,0,0.07221322719747625
11,PIHP,2020,0,0.17435428721581658
11,PLAND,2018,0,-0.055922058074692194
11,PLAND,2019,0,-0.17876349280273596
11,PLAND,2020,0,-0.2581932956830013
11,PMGS,2018,0,-0.011899346470670147
11,PMGS,2019,0,-0.04283770762673056
11,PMGS,2020,0,-0.062479482015398435
11,PSHARE,2018,0,3.7946039645360417
11,PSHARE,2019,0,2.437927098323067
11,PSHARE,2020,0,1.8417238717156503
11,PXGS,2018,0,-0.007517688739505646
11,PXGS,2019,0,-0.03503949135228446
11,PXGS,2020,0,-0.06903642937261256
11,RCD,2018,0,0.04021896599247918
11,RCD,2019,0,0.0837410595141311
11,RCD,2020,0,0.08415741334780047
11,RGB,2018,0,0.018948419689510006
11,RGB,2019,0,0.038304392949491034
11,RGB,2020,0,0.041843270278356506
11,SBGVATGDPV,2018,0,-0.9007516621783793
11,SBGVATGDPV,2019,0,-1.2987325291568652
11,SBGVATGDPV,2020,0,-1.5006364787954354
11,TAXV,2018,0,0.3159808674037812
11,TAXV,2019,0,0.6850217692482286
11,TAXV,2020,0,0.5541917069620927
11,TCIV,2018,0,0.13590826354519803
11,TCIV,2019,0,0.2743965443888219
11,TCIV,2020,0,0.293098839642042
11,TYCV,2018,0,0.5736171085360398
11,TYCV,2019,0,1.4188914058539948
11,TYCV,2020,0,0.9109908746930573
11,TYPV,2018,0,0.3903873042430228
11,TYPV,2019,0,0.6563903218702982
11,TYPV,2020,0,0.561679927223252
11,UCC,2018,0,-0.7991708645736922
11,UCC,2019,0,-0.6013785792582299
11,UCC,2020,0,-0.3903839060621056
11,UR,2018,0,-0.009959226758655348
11,UR,2019,0,-0.01401237432712521
11,UR,2020,0,-0.012774144788196717
11,WIPH,2018,0,0.18975043272050907
11,WIPH,2019,0,0.2765606371103235
11,WIPH,2020,0,0.24379495196060752
11,XGS,2018,0,1.2994037244902834
11,XGS,2019,0,1.2958839685386192
11,XGS,2020,0,1.2842768637016777
11,XGSV,2018,0,1.2917883613528802
11,XGSV,2019,0,1.260390602290662
11,XGSV,2020,0,1.2143541992000795
11,YCV,2018,0,1.2502201738836205
11,YCV,2019,0,0.9063861341680801
11,YCV,2020,0,0.08457554596482397
11,YDV,2018,0,0.3254304828789911
11,YDV,2019,0,0.43228263334575967
11,YDV,2020,0,0.33119609288979057
11,YWV,2018,0,0.3504328563844028
11,YWV,2019,0,0.4607497244887071
11,YWV,2020,0,0.35251733859296697
