scenario,variable,year,quarter,value
1,GDP,2018,1,1.00378157
1,GDP,2018,2,1.05944229
1,GDP,2018,3,1.14603605
1,GDP,2018,4,1.14654132
1,GDP,2019,1,1.13992241
1,GDP,2019,2,1.12756441
1,GDP,2019,3,1.09201985
1,GDP,2019,4,1.07278042
1,GDP,2020,1,1.04871437
1,GDP,2020,2,1.02933285
1,GDP,2020,3,1.01645603
1,GDP,2020,4,0.99343823
1,CP,2018,1,0.00252316
1,CP,2018,2,0.14637399
1,CP,2018,3,0.36755872
1,CP,2018,4,0.43704713
1,CP,2019,1,0.4785171
1,CP,2019,2,0.50382874
1,CP,2019,3,0.50978457
1,CP,2019,4,0.52180688
1,CP,2020,1,0.51796616
1,CP,2020,2,0.51455298
1,CP,2020,3,0.47008905
1,CP,2020,4,0.44116838
1,IFP,2018,1,-0.04500436
1,IFP,2018,2,-0.09614321
1,IFP,2018,3,-0.14192357
1,IFP,2018,4,-0.22903599
1,IFP,2019,1,-0.36593049
1,IFP,2019,2,-0.55251158
1,IFP,2019,3,-0.75926102
1,IFP,2019,4,-0.94850295
1,IFP,2020,1,-1.10341414
1,IFP,2020,2,-1.22477945
1,IFP,2020,3,-1.3116926
1,IFP,2020,4,-1.36934915
1,IHP,2018,1,0.0988331
1,IHP,2018,2,0.13128848
1,IHP,2018,3,0.23944048
1,IHP,2018,4,0.31127983
1,IHP,2019,1,0.35154414
1,IHP,2019,2,0.42448678
1,IHP,2019,3,0.43961964
1,IHP,2019,4,0.47069423
1,IHP,2020,1,0.45049984
1,IHP,2020,2,0.41924856
1,IHP,2020,3,0.40592421
1,IHP,2020,4,0.37694253
1,IG,2018,1,20.16120547
1,IG,2018,2,20.00268939
1,IG,2018,3,20.00766332
1,IG,2018,4,20.26274347
1,IG,2019,1,19.8258224
1,IG,2019,2,19.49977784
1,IG,2019,3,19.634288
1,IG,2019,4,19.13973597
1,IG,2020,1,19.38025699
1,IG,2020,2,16.80294957
1,IG,2020,3,17.89114997
1,IG,2020,4,18.10970311
1,CG,2018,1,0.0
1,CG,2018,2,0.03100251
1,CG,2018,3,0.06225558
1,CG,2018,4,0.09308452
1,CG,2019,1,0.12274333
1,CG,2019,2,0.1516057
1,CG,2019,3,0.18141195
1,CG,2019,4,0.21023129
1,CG,2020,1,0.24141122
1,CG,2020,2,0.26737307
1,CG,2020,3,0.29082634
1,CG,2020,4,0.31680272
1,XGS,2018,1,0.0
1,XGS,2018,2,-0.00014308
1,XGS,2018,3,-0.00062278
1,XGS,2018,4,-0.0017532
1,XGS,2019,1,-0.00394054
1,XGS,2019,2,-0.00751346
1,XGS,2019,3,-0.01267233
1,XGS,2019,4,-0.01947877
1,XGS,2020,1,-0.02781231
1,XGS,2020,2,-0.03740166
1,XGS,2020,3,-0.04798946
1,XGS,2020,4,-0.05927493
1,MGS,2018,1,0.11495011
1,MGS,2018,2,0.22710591
1,MGS,2018,3,0.48919633
1,MGS,2018,4,0.69647221
1,MGS,2019,1,0.78296121
1,MGS,2019,2,0.81575506
1,MGS,2019,3,0.83974018
1,MGS,2019,4,0.87098201
1,MGS,2020,1,0.87998109
1,MGS,2020,2,0.86787559
1,MGS,2020,3,0.85324559
1,MGS,2020,4,0.80930338
1,GDPD,2018,1,4.00804495
1,GDPD,2018,2,0.22183612
1,GDPD,2018,3,0.34114387
1,GDPD,2018,4,0.0019996
1,GDPD,2019,1,-0.02619708
1,GDPD,2019,2,-0.04907744
1,GDPD,2019,3,-0.14070583
1,GDPD,2019,4,-0.07393158
1,GDPD,2020,1,-0.09555921
1,GDPD,2020,2,-0.07119477
1,GDPD,2020,3,-0.05354637
1,GDPD,2020,4,-0.09265
1,PGDP,2018,1,0.02215733
1,PGDP,2018,2,0.05049704
1,PGDP,2018,3,0.07828341
1,PGDP,2018,4,0.12255053
1,PGDP,2019,1,0.17401137
1,PGDP,2019,2,0.24378951
1,PGDP,2019,3,0.31946132
1,PGDP,2019,4,0.39039039
1,PGDP,2020,1,0.47148149
1,PGDP,2020,2,0.53988074
1,PGDP,2020,3,0.60182551
1,PGDP,2020,4,0.67175194
1,PCP,2018,1,-0.00259837
1,PCP,2018,2,0.0025914
1,PCP,2018,3,0.02411447
1,PCP,2018,4,0.06554463
1,PCP,2019,1,0.12466316
1,PCP,2019,2,0.19169905
1,PCP,2019,3,0.26193106
1,PCP,2019,4,0.3335527
1,PCP,2020,1,0.4061043
1,PCP,2020,2,0.47908056
1,PCP,2020,3,0.55256657
1,PCP,2020,4,0.62659403
1,PIFP,2018,1,0.16047358
1,PIFP,2018,2,0.23801597
1,PIFP,2018,3,0.31810309
1,PIFP,2018,4,0.37999999
1,PIFP,2019,1,0.4564909
1,PIFP,2019,2,0.52995031
1,PIFP,2019,3,0.60571465
1,PIFP,2019,4,0.67482778
1,PIFP,2020,1,0.75279349
1,PIFP,2020,2,0.81782357
1,PIFP,2020,3,0.90350256
1,PIFP,2020,4,0.98536414
1,PIHP,2018,1,-0.01001159
1,PIHP,2018,2,-0.00627403
1,PIHP,2018,3,0.01514384
1,PIHP,2018,4,0.05801924
1,PIHP,2019,1,0.12524925
1,PIHP,2019,2,0.19961566
1,PIHP,2019,3,0.27817665
1,PIHP,2019,4,0.35631535
1,PIHP,2020,1,0.43515985
1,PIHP,2020,2,0.51777251
1,PIHP,2020,3,0.5982715
1,PIHP,2020,4,0.67508266
1,PXGS,2018,1,-0.00599935
1,PXGS,2018,2,-0.01411385
1,PXGS,2018,3,-0.0272827
1,PXGS,2018,4,-0.04431024
1,PXGS,2019,1,-0.06408397
1,PXGS,2019,2,-0.08659143
1,PXGS,2019,3,-0.11044911
1,PXGS,2019,4,-0.13558491
1,PXGS,2020,1,-0.16100078
1,PXGS,2020,2,-0.18648471
1,PXGS,2020,3,-0.21211754
1,PXGS,2020,4,-0.2382084
1,PMGS,2018,1,-0.00587231
1,PMGS,2018,2,-0.01528024
1,PMGS,2018,3,-0.03552329
1,PMGS,2018,4,-0.06292988
1,PMGS,2019,1,-0.065586
1,PMGS,2019,2,-0.09612961
1,PMGS,2019,3,-0.10771956
1,PMGS,2019,4,-0.13319288
1,PMGS,2020,1,-0.16363528
1,PMGS,2020,2,-0.11922892
1,PMGS,2020,3,-0.15423502
1,PMGS,2020,4,-0.18498636
1,CGPI,2018,1,-0.00334692
1,CGPI,2018,2,0.0402955
1,CGPI,2018,3,0.0556555
1,CGPI,2018,4,0.08418301
1,CGPI,2019,1,0.12455532
1,CGPI,2019,2,0.16419581
1,CGPI,2019,3,0.20739967
1,CGPI,2019,4,0.24821389
1,CGPI,2020,1,0.28777688
1,CGPI,2020,2,0.34358721
1,CGPI,2020,3,0.38308221
1,CGPI,2020,4,0.42316717
1,GDPV,2018,1,1.02616132
1,GDPV,2018,2,1.11047431
1,GDPV,2018,3,1.22521662
1,GDPV,2018,4,1.27049694
1,GDPV,2019,1,1.31591737
1,GDPV,2019,2,1.37410281
1,GDPV,2019,3,1.41496976
1,GDPV,2019,4,1.46735884
1,GDPV,2020,1,1.52514036
1,GDPV,2020,2,1.57477075
1,GDPV,2020,3,1.62439882
1,GDPV,2020,4,1.67186361
1,CPV,2018,1,-7.528e-05
1,CPV,2018,2,0.14896918
1,CPV,2018,3,0.39176182
1,CPV,2018,4,0.50287823
1,CPV,2019,1,0.6037768
1,CPV,2019,2,0.69649362
1,CPV,2019,3,0.77305092
1,CPV,2019,4,0.85710008
1,CPV,2020,1,0.92617394
1,CPV,2020,2,0.99609867
1,CPV,2020,3,1.02525318
1,CPV,2020,4,1.07052675
1,IFPV,2018,1,0.115397
1,IFPV,2018,2,0.14164392
1,IFPV,2018,3,0.17572806
1,IFPV,2018,4,0.15009366
1,IFPV,2019,1,0.08888997
1,IFPV,2019,2,-0.02548931
1,IFPV,2019,3,-0.15814533
1,IFPV,2019,4,-0.28007594
1,IFPV,2020,1,-0.35892709
1,IFPV,2020,2,-0.41697241
1,IFPV,2020,3,-0.42004121
1,IFPV,2020,4,-0.39747809
1,IHPV,2018,1,0.08881161
1,IHPV,2018,2,0.12500621
1,IHPV,2018,3,0.25462059
1,IHPV,2018,4,0.36947967
1,IHPV,2019,1,0.4772337
1,IHPV,2019,2,0.62494978
1,IHPV,2019,3,0.71901921
1,IHPV,2019,4,0.82868674
1,IHPV,2020,1,0.88762008
1,IHPV,2020,2,0.93919183
1,IHPV,2020,3,1.00662424
1,IHPV,2020,4,1.05456987
1,IGV,2018,1,20.32876527
1,IGV,2018,2,20.25247119
1,IGV,2018,3,20.34800719
1,IGV,2018,4,20.68222914
1,IGV,2019,1,20.34572095
1,IGV,2019,2,20.11990293
1,IGV,2019,3,20.36111906
1,IGV,2019,4,19.96234827
1,IGV,2020,1,20.31324311
1,IGV,2020,2,17.8099379
1,IGV,2020,3,19.02357355
1,IGV,2020,4,19.35542686
1,CGV,2018,1,0.0
1,CGV,2018,2,0.03000903
1,CGV,2018,3,0.06737261
1,CGV,2018,4,0.11623392
1,CGV,2019,1,0.1797632
1,CGV,2019,2,0.25617242
1,CGV,2019,3,0.34067888
1,CGV,2019,4,0.42844484
1,CGV,2020,1,0.52058448
1,CGV,2020,2,0.60874965
1,CGV,2020,3,0.69504079
1,CGV,2020,4,0.78437021
1,XGSV,2018,1,-0.00599935
1,XGSV,2018,2,-0.01425691
1,XGSV,2018,3,-0.02790531
1,XGSV,2018,4,-0.04606266
1,XGSV,2019,1,-0.06802199
1,XGSV,2019,2,-0.09409839
1,XGSV,2019,3,-0.12310744
1,XGSV,2019,4,-0.15503727
1,XGSV,2020,1,-0.18876832
1,XGSV,2020,2,-0.22381662
1,XGSV,2020,3,-0.26000521
1,XGSV,2020,4,-0.29734213
1,MGSV,2018,1,0.10907105
1,MGSV,2018,2,0.21179097
1,MGSV,2018,3,0.45349927
1,MGSV,2018,4,0.63310405
1,MGSV,2019,1,0.7168617
1,MGSV,2019,2,0.71884127
1,MGSV,2019,3,0.73111605
1,MGSV,2019,4,0.73662905
1,MGSV,2020,1,0.71490585
1,MGSV,2020,2,0.74761191
1,MGSV,2020,3,0.69769456
1,MGSV,2020,4,0.62281992
1,NIV,2018,1,1.43096569
1,NIV,2018,2,1.41058715
1,NIV,2018,3,1.51281759
1,NIV,2018,4,1.54128895
1,NIV,2019,1,1.54030142
1,NIV,2019,2,1.55654139
1,NIV,2019,3,1.52986176
1,NIV,2019,4,1.54713732
1,NIV,2020,1,1.46795144
1,NIV,2020,2,1.4824606
1,NIV,2020,3,1.44612633
1,NIV,2020,4,1.43554753
1,YWV,2018,1,0.80104561
1,YWV,2018,2,0.88705807
1,YWV,2018,3,0.9932345
1,YWV,2018,4,1.1192602
1,YWV,2019,1,1.04380908
1,YWV,2019,2,1.10717088
1,YWV,2019,3,1.07771408
1,YWV,2019,4,1.14160958
1,YWV,2020,1,1.08838135
1,YWV,2020,2,1.11685621
1,YWV,2020,3,1.09672524
1,YWV,2020,4,1.14022452
1,YCV,2018,1,4.96653637
1,YCV,2018,2,3.33617174
1,YCV,2018,3,3.54527498
1,YCV,2018,4,3.17783711
1,YCV,2019,1,3.04834144
1,YCV,2019,2,2.84996522
1,YCV,2019,3,2.7717611
1,YCV,2019,4,3.04526124
1,YCV,2020,1,2.35445208
1,YCV,2020,2,3.13118347
1,YCV,2020,3,2.23915535
1,YCV,2020,4,1.80418955
1,YDV,2018,1,0.67279669
1,YDV,2018,2,0.91116262
1,YDV,2018,3,0.98064485
1,YDV,2018,4,1.1258067
1,YDV,2019,1,1.09842139
1,YDV,2019,2,1.20527349
1,YDV,2019,3,1.19116148
1,YDV,2019,4,1.25635813
1,YDV,2020,1,1.23810562
1,YDV,2020,2,1.13753925
1,YDV,2020,3,1.21617272
1,YDV,2020,4,1.30087992
1,TAXV,2018,1,0.4770332
1,TAXV,2018,2,0.95055999
1,TAXV,2018,3,1.37941904
1,TAXV,2018,4,1.78386325
1,TAXV,2019,1,2.11783785
1,TAXV,2019,2,2.06094765
1,TAXV,2019,3,2.09621604
1,TAXV,2019,4,2.10957647
1,TAXV,2020,1,2.17126903
1,TAXV,2020,2,2.09553665
1,TAXV,2020,3,2.14362993
1,TAXV,2020,4,2.15834658
1,TYPV,2018,1,0.76789728
1,TYPV,2018,2,1.05770916
1,TYPV,2018,3,1.35983624
1,TYPV,2018,4,1.64804851
1,TYPV,2019,1,1.76860071
1,TYPV,2019,2,1.84508965
1,TYPV,2019,3,1.88806811
1,TYPV,2019,4,1.88814894
1,TYPV,2020,1,1.92456118
1,TYPV,2020,2,1.86541733
1,TYPV,2020,3,1.90989017
1,TYPV,2020,4,1.92784159
1,TYCV,2018,1,0.15805901
1,TYCV,2018,2,1.38770379
1,TYCV,2018,3,2.38757237
1,TYCV,2018,4,3.40005378
1,TYCV,2019,1,4.41984437
1,TYCV,2019,2,4.06345375
1,TYCV,2019,3,4.01684958
1,TYCV,2019,4,3.88042308
1,TYCV,2020,1,3.89636773
1,TYCV,2020,2,3.75370349
1,TYCV,2020,3,3.80887503
1,TYCV,2020,4,3.70328077
1,TCIV,2018,1,0.94367423
1,TCIV,2018,2,1.03905494
1,TCIV,2018,3,1.17816121
1,TCIV,2018,4,1.24180311
1,TCIV,2019,1,1.29798293
1,TCIV,2019,2,1.34831376
1,TCIV,2019,3,1.38242507
1,TCIV,2019,4,1.41809503
1,TCIV,2020,1,1.46219531
1,TCIV,2020,2,1.47788225
1,TCIV,2020,3,1.54365197
1,TCIV,2020,4,1.61229101
1,WIPH,2018,1,0.4029917
1,WIPH,2018,2,0.4444706
1,WIPH,2018,3,0.49580753
1,WIPH,2018,4,0.58437967
1,WIPH,2019,1,0.55198424
1,WIPH,2019,2,0.60637738
1,WIPH,2019,3,0.61840378
1,WIPH,2019,4,0.69089651
1,WIPH,2020,1,0.68780769
1,WIPH,2020,2,0.74779978
1,WIPH,2020,3,0.74638681
1,WIPH,2020,4,0.80017331
1,LE,2018,1,0.17320409
1,LE,2018,2,0.19955918
1,LE,2018,3,0.23806414
1,LE,2018,4,0.27135784
1,LE,2019,1,0.24155512
1,LE,2019,2,0.24360318
1,LE,2019,3,0.22017735
1,LE,2019,4,0.2247067
1,LE,2020,1,0.19144559
1,LE,2020,2,0.19079402
1,LE,2020,3,0.15715045
1,LE,2020,4,0.1414314
1,LF,2018,1,0.15214631
1,LF,2018,2,0.16761925
1,LF,2018,3,0.19877133
1,LF,2018,4,0.22842826
1,LF,2019,1,0.19663879
1,LF,2019,2,0.19698958
1,LF,2019,3,0.17328522
1,LF,2019,4,0.17742424
1,LF,2020,1,0.14394536
1,LF,2020,2,0.14248196
1,LF,2020,3,0.1083601
1,LF,2020,4,0.09254178
1,LH,2018,1,0.26806927
1,LH,2018,2,0.28536487
1,LH,2018,3,0.30972492
1,LH,2018,4,0.32069683
1,LH,2019,1,0.30840279
1,LH,2019,2,0.30905699
1,LH,2019,3,0.29420997
1,LH,2019,4,0.28268505
1,LH,2020,1,0.27111375
1,LH,2020,2,0.23345512
1,LH,2020,3,0.24796651
1,LH,2020,4,0.25856197
1,UR,2018,1,-0.02046916
1,UR,2018,2,-0.03108559
1,UR,2018,3,-0.03829478
1,UR,2018,4,-0.041804
1,UR,2019,1,-0.04374641
1,UR,2019,2,-0.04537799
1,UR,2019,3,-0.04578163
1,UR,2019,4,-0.04613418
1,UR,2020,1,-0.04627049
1,UR,2020,2,-0.04689993
1,UR,2020,3,-0.04732854
1,UR,2020,4,-0.0474325
1,CUX,2018,1,1.90822338
1,CUX,2018,2,1.98681241
1,CUX,2018,3,2.11754794
1,CUX,2018,4,2.05630155
1,CUX,2019,1,2.10998591
1,CUX,2019,2,2.08542578
1,CUX,2019,3,2.06875787
1,CUX,2019,4,2.05328713
1,CUX,2020,1,2.08613947
1,CUX,2020,2,2.12606585
1,CUX,2020,3,2.15435151
1,CUX,2020,4,2.13725162
1,GDPPOT,2018,1,0.09087048
1,GDPPOT,2018,2,0.09954567
1,GDPPOT,2018,3,0.11692852
1,GDPPOT,2018,4,0.13291756
1,GDPPOT,2019,1,0.11114051
1,GDPPOT,2019,2,0.10688924
1,GDPPOT,2019,3,0.08606732
1,GDPPOT,2019,4,0.07928165
1,GDPPOT,2020,1,0.04864224
1,GDPPOT,2020,2,0.03518391
1,GDPPOT,2020,3,0.00201564
1,GDPPOT,2020,4,-0.02098845
1,GDPGAP,2018,1,0.93603411
1,GDPGAP,2018,2,0.98686561
1,GDPGAP,2018,3,1.0512422
1,GDPGAP,2018,4,1.03451685
1,GDPGAP,2019,1,1.04995796
1,GDPGAP,2019,2,1.0443955
1,GDPGAP,2019,3,1.02841963
1,GDPGAP,2019,4,0.98214006
1,GDPGAP,2020,1,0.99326031
1,GDPGAP,2020,2,0.92150798
1,GDPGAP,2020,3,0.98566446
1,GDPGAP,2020,4,0.99688586
1,RCD,2018,1,0.06525859
1,RCD,2018,2,0.09728326
1,RCD,2018,3,0.13667303
1,RCD,2018,4,0.17627957
1,RCD,2019,1,0.20451555
1,RCD,2019,2,0.23156691
1,RCD,2019,3,0.24646982
1,RCD,2019,4,0.25922429
1,RCD,2020,1,0.26201113
1,RCD,2020,2,0.26556323
1,RCD,2020,3,0.26487791
1,RCD,2020,4,0.26777262
1,RGB,2018,1,0.03328906
1,RGB,2018,2,0.04547246
1,RGB,2018,3,0.06343441
1,RGB,2018,4,0.08111749
1,RGB,2019,1,0.09329919
1,RGB,2019,2,0.10595977
1,RGB,2019,3,0.11298991
1,RGB,2019,4,0.12047502
1,RGB,2020,1,0.12400557
1,RGB,2020,2,0.12927815
1,RGB,2020,3,0.13298923
1,RGB,2020,4,0.13925793
1,PERR,2018,1,-0.24582499
1,PERR,2018,2,-0.52446032
1,PERR,2018,3,-0.831478
1,PERR,2018,4,-1.22648995
1,PERR,2019,1,-1.35693836
1,PERR,2019,2,-1.51827078
1,PERR,2019,3,-1.73347955
1,PERR,2019,4,-2.0776955
1,PERR,2020,1,-2.41353277
1,PERR,2020,2,-3.00825309
1,PERR,2020,3,-3.83927275
1,PERR,2020,4,-3.86023549
1,UCC,2018,1,-0.04546321
1,UCC,2018,2,-0.58579732
1,UCC,2018,3,-0.72496496
1,UCC,2018,4,-0.83993159
1,UCC,2019,1,-0.59307256
1,UCC,2019,2,-0.01783747
1,UCC,2019,3,0.09043094
1,UCC,2019,4,0.07434469
1,UCC,2020,1,-0.07090115
1,UCC,2020,2,-0.15384632
1,UCC,2020,3,-0.35479339
1,UCC,2020,4,-0.50521939
1,FXS,2018,1,-0.01502345
1,FXS,2018,2,-0.03534149
1,FXS,2018,3,-0.06830992
1,FXS,2018,4,-0.11092893
1,FXS,2019,1,-0.16040782
1,FXS,2019,2,-0.21670927
1,FXS,2019,3,-0.27636741
1,FXS,2019,4,-0.33919842
1,FXS,2020,1,-0.40270531
1,FXS,2020,2,-0.46635786
1,FXS,2020,3,-0.53035767
1,FXS,2020,4,-0.5954757
1,PSHARE,2018,1,-0.06050001
1,PSHARE,2018,2,-0.56823485
1,PSHARE,2018,3,-1.34109701
1,PSHARE,2018,4,-2.33434082
1,PSHARE,2019,1,-3.37262377
1,PSHARE,2019,2,-4.25120665
1,PSHARE,2019,3,-5.02870168
1,PSHARE,2019,4,-5.64837233
1,PSHARE,2020,1,-6.08931126
1,PSHARE,2020,2,-6.38783701
1,PSHARE,2020,3,-6.55491238
1,PSHARE,2020,4,-6.65104281
1,PLAND,2018,1,-0.0007971
1,PLAND,2018,2,0.00262358
1,PLAND,2018,3,0.00587551
1,PLAND,2018,4,0.01923219
1,PLAND,2019,1,0.04219993
1,PLAND,2019,2,0.07449248
1,PLAND,2019,3,0.11584311
1,PLAND,2019,4,0.16455035
1,PLAND,2020,1,0.2196835
1,PLAND,2020,2,0.2803763
1,PLAND,2020,3,0.34205346
1,PLAND,2020,4,0.40652682
1,M2CD,2018,1,0.76753081
1,M2CD,2018,2,0.72059533
1,M2CD,2018,3,0.70171957
1,M2CD,2018,4,0.62272609
1,M2CD,2019,1,0.59785431
1,M2CD,2019,2,0.57659794
1,M2CD,2019,3,0.57779808
1,M2CD,2019,4,0.60302241
1,M2CD,2020,1,0.65903578
1,M2CD,2020,2,0.71636847
1,M2CD,2020,3,0.79503785
1,M2CD,2020,4,0.85077974
1,BGVATGDPV,2018,1,-0.57897387
1,BGVATGDPV,2018,2,-0.50694602
1,BGVATGDPV,2018,3,-0.42949439
1,BGVATGDPV,2018,4,-0.36017186
1,BGVATGDPV,2019,1,-0.30904546
1,BGVATGDPV,2019,2,-0.3477271
1,BGVATGDPV,2019,3,-0.36253976
1,BGVATGDPV,2019,4,-0.36943363
1,BGVATGDPV,2020,1,-0.37972771
1,BGVATGDPV,2020,2,-0.26450894
1,BGVATGDPV,2020,3,-0.29021667
1,BGVATGDPV,2020,4,-0.30278386
1,SBGVATGDPV,2018,1,-2.14849159
1,SBGVATGDPV,2018,2,-2.20330603
1,SBGVATGDPV,2018,3,-2.34087176
1,SBGVATGDPV,2018,4,-2.38896878
1,SBGVATGDPV,2019,1,-2.41460776
1,SBGVATGDPV,2019,2,-2.46515928
1,SBGVATGDPV,2019,3,-2.46947194
1,SBGVATGDPV,2019,4,-2.52084621
1,SBGVATGDPV,2020,1,-2.51997435
1,SBGVATGDPV,2020,2,-2.82549794
1,SBGVATGDPV,2020,3,-2.78743376
1,SBGVATGDPV,2020,4,-2.77680642
1,BCVATGDPV,2018,1,-0.06199835
1,BCVATGDPV,2018,2,-0.08561846
1,BCVATGDPV,2018,3,-0.13729373
1,BCVATGDPV,2018,4,-0.17634523
1,BCVATGDPV,2019,1,-0.20469534
1,BCVATGDPV,2019,2,-0.22198972
1,BCVATGDPV,2019,3,-0.27334392
1,BCVATGDPV,2019,4,-0.32709205
1,BCVATGDPV,2020,1,-0.36114309
1,BCVATGDPV,2020,2,-0.37404104
1,BCVATGDPV,2020,3,-0.43902298
1,BCVATGDPV,2020,4,-0.45475834
1,KFP,2018,1,-0.00139719
1,KFP,2018,2,-0.00441134
1,KFP,2018,3,-0.0086623
1,KFP,2018,4,-0.01561317
1,KFP,2019,1,-0.02667951
1,KFP,2019,2,-0.04323296
1,KFP,2019,3,-0.06619473
1,KFP,2019,4,-0.09263013
1,KFP,2020,1,-0.12384544
1,KFP,2020,2,-0.15560216
1,KFP,2020,3,-0.18924153
1,KFP,2020,4,-0.22425065
1,KHP,2018,1,0.00130699
1,KHP,2018,2,0.00298489
1,KHP,2018,3,0.00605121
1,KHP,2018,4,0.01006099
1,KHP,2019,1,0.01467843
1,KHP,2019,2,0.02028417
1,KHP,2019,3,0.02604804
1,KHP,2019,4,0.03207232
1,KHP,2020,1,0.03748399
1,KHP,2020,2,0.0424706
1,KHP,2020,3,0.04700509
1,KHP,2020,4,0.05113786
1,KG,2018,1,0.1846507
1,KG,2018,2,0.36879551
1,KG,2018,3,0.5504179
1,KG,2018,4,0.73061255
1,KG,2019,1,0.90864755
1,KG,2019,2,1.08507432
1,KG,2019,3,1.25952165
1,KG,2019,4,1.42656518
1,KG,2020,1,1.59260237
1,KG,2020,2,1.74291445
1,KG,2020,3,1.90009517
1,KG,2020,4,2.058307
1,BCVATGDPV,2018,0,-0.11531394
1,BCVATGDPV,2019,0,-0.25678026
1,BCVATGDPV,2020,0,-0.40724136
1,BGVATGDPV,2018,0,-0.46889654
1,BGVATGDPV,2019,0,-0.34718648
1,BGVATGDPV,2020,0,-0.30930929
1,CG,2018,0,0.04658565
1,CG,2019,0,0.16649807
1,CG,2020,0,0.27910334
1,CGPI,2018,0,0.04419677
1,CGPI,2019,0,0.18609117
1,CGPI,2020,0,0.35940337
1,CGV,2018,0,0.05340389
1,CGV,2019,0,0.30126484
1,CGV,2020,0,0.65218628
1,CP,2018,0,0.23837575
1,CP,2019,0,0.50348432
1,CP,2020,0,0.48594414
1,CPV,2018,0,0.26088349
1,CPV,2019,0,0.73260536
1,CPV,2020,0,1.00451313
1,CUX,2018,0,2.01722132
1,CUX,2019,0,2.07936417
1,CUX,2020,0,2.12595211
1,FXS,2018,0,-0.05740095
1,FXS,2019,0,-0.24817073
1,FXS,2020,0,-0.49872414
1,GDP,2018,0,1.08895031
1,GDP,2019,0,1.10807177
1,GDP,2020,0,1.02198537
1,GDPD,2018,0,1.14325614
1,GDPD,2019,0,-0.07247798
1,GDPD,2020,0,-0.07823759
1,GDPGAP,2018,0,1.00216469
1,GDPGAP,2019,0,1.02622829
1,GDPGAP,2020,0,0.97432965
1,GDPPOT,2018,0,0.11006555
1,GDPPOT,2019,0,0.09584468
1,GDPPOT,2020,0,0.01621334
1,GDPV,2018,0,1.1580873
1,GDPV,2019,0,1.39308719
1,GDPV,2020,0,1.59904339
1,IFP,2018,0,-0.12802678
1,IFP,2019,0,-0.65655151
1,IFP,2020,0,-1.25230883
1,IFPV,2018,0,0.14571566
1,IFPV,2019,0,-0.09370515
1,IFPV,2020,0,-0.3983547
1,IG,2018,0,20.10857541
1,IG,2019,0,19.52490605
1,IG,2020,0,18.04601491
1,IGV,2018,0,20.4028682
1,IGV,2019,0,20.1972728
1,IGV,2020,0,19.12554536
1,IHP,2018,0,0.19521047
1,IHP,2019,0,0.4215862
1,IHP,2020,0,0.41315379
1,IHPV,2018,0,0.20947952
1,IHPV,2019,0,0.66247235
1,IHPV,2020,0,0.97200151
1,KFP,2018,0,-0.007521
1,KFP,2019,0,-0.05718433
1,KFP,2020,0,-0.17323494
1,KG,2018,0,0.45861917
1,KG,2019,0,1.16995217
1,KG,2020,0,1.82347975
1,KHP,2018,0,0.00510102
1,KHP,2019,0,0.02327074
1,KHP,2020,0,0.04452439
1,LE,2018,0,0.22054631
1,LE,2019,0,0.23251059
1,LE,2020,0,0.17020536
1,LF,2018,0,0.18674129
1,LF,2019,0,0.18608446
1,LF,2020,0,0.1218323
1,LH,2018,0,0.29596397
1,LH,2019,0,0.2985887
1,LH,2020,0,0.25277434
1,M2CD,2018,0,0.70314295
1,M2CD,2019,0,0.58881819
1,M2CD,2020,0,0.75530546
1,MGS,2018,0,0.38193114
1,MGS,2019,0,0.82735962
1,MGS,2020,0,0.85260141
1,MGSV,2018,0,0.35186633
1,MGSV,2019,0,0.72586202
1,MGSV,2020,0,0.69575806
1,NIV,2018,0,1.47391485
1,NIV,2019,0,1.54346047
1,NIV,2020,0,1.45802148
1,PCP,2018,0,0.02241303
1,PCP,2019,0,0.22796149
1,PCP,2020,0,0.51608637
1,PERR,2018,0,-0.70706332
1,PERR,2019,0,-1.67159605
1,PERR,2020,0,-3.28032352
1,PGDP,2018,0,0.06837208
1,PGDP,2019,0,0.28191315
1,PGDP,2020,0,0.57123492
1,PIFP,2018,0,0.27414816
1,PIFP,2019,0,0.56674591
1,PIFP,2020,0,0.86487094
1,PIHP,2018,0,0.01421936
1,PIHP,2019,0,0.23983923
1,PIHP,2020,0,0.55657163
1,PLAND,2018,0,0.00673355
1,PLAND,2019,0,0.09927147
1,PLAND,2020,0,0.31216002
1,PMGS,2018,0,-0.02990143
1,PMGS,2019,0,-0.10065701
1,PMGS,2020,0,-0.1555214
1,PSHARE,2018,0,-1.07604318
1,PSHARE,2019,0,-4.57522611
1,PSHARE,2020,0,-6.42077586
1,PXGS,2018,0,-0.02292654
1,PXGS,2019,0,-0.09917736
1,PXGS,2020,0,-0.19945286
1,RCD,2018,0,0.11887361
1,RCD,2019,0,0.23544414
1,RCD,2020,0,0.26505622
1,RGB,2018,0,0.05582835
1,RGB,2019,0,0.10818097
1,RGB,2020,0,0.13138272
1,SBGVATGDPV,2018,0,-2.27040954
1,SBGVATGDPV,2019,0,-2.4675213
1,SBGVATGDPV,2020,0,-2.72742812
1,TAXV,2018,0,1.14771887
1,TAXV,2019,0,2.0961445
1,TAXV,2020,0,2.14219555
1,TCIV,2018,0,1.10067337
1,TCIV,2019,0,1.3617042
1,TCIV,2020,0,1.52400513
1,TYCV,2018,0,1.83334724
1,TYCV,2019,0,4.09514269
1,TYCV,2020,0,3.79055676
1,TYPV,2018,0,1.2083728
1,TYPV,2019,0,1.84747685
1,TYPV,2020,0,1.90692757
1,UCC,2018,0,-0.54903927
1,UCC,2019,0,-0.1115336
1,UCC,2020,0,-0.27119006
1,UR,2018,0,-0.03291339
1,UR,2019,0,-0.04526005
1,UR,2020,0,-0.04698286
1,WIPH,2018,0,0.48191237
1,WIPH,2019,0,0.61691548
1,WIPH,2020,0,0.7455419
1,XGS,2018,0,-0.00062976
1,XGS,2019,0,-0.01090127
1,XGS,2020,0,-0.04311959
1,XGSV,2018,0,-0.02355606
1,XGSV,2019,0,-0.11006627
1,XGSV,2020,0,-0.24248307
1,YCV,2018,0,3.75645505
1,YCV,2019,0,2.92883225
1,YCV,2020,0,2.38224511
1,YDV,2018,0,0.92260271
1,YDV,2019,0,1.18780362
1,YDV,2020,0,1.22317437
1,YWV,2018,0,0.9501496
1,YWV,2019,0,1.09257591
1,YWV,2020,0,1.11054683
2,GDP,2018,1,1.01204993
2,GDP,2018,2,1.07901293
2,GDP,2018,3,1.18512148
2,GDP,2018,4,1.21574649
2,GDP,2019,1,1.24900955
2,GDP,2019,2,1.27817959
2,GDP,2019,3,1.29009958
2,GDP,2019,4,1.30869211
2,GDP,2020,1,1.33177814
2,GDP,2020,2,1.34821655
2,GDP,2020,3,1.34720906
2,GDP,2020,4,1.34563143
2,CP,2018,1,-1.02e-06
2,CP,2018,2,0.1353865
2,CP,2018,3,0.34161738
2,CP,2018,4,0.40410536
2,CP,2019,1,0.44137935
2,CP,2019,2,0.46437739
2,CP,2019,3,0.47610988
2,CP,2019,4,0.50529444
2,CP,2020,1,0.52990827
2,CP,2020,2,0.5531751
2,CP,2020,3,0.52773794
2,CP,2020,4,0.52166177
2,IFP,2018,1,0.00452166
2,IFP,2018,2,0.03262577
2,IFP,2018,3,0.09526724
2,IFP,2018,4,0.17440633
2,IFP,2019,1,0.24065545
2,IFP,2019,2,0.27452786
2,IFP,2019,3,0.2843014
2,IFP,2019,4,0.28929872
2,IFP,2020,1,0.29305795
2,IFP,2020,2,0.29728872
2,IFP,2020,3,0.30179749
2,IFP,2020,4,0.30699493
2,IHP,2018,1,0.117275
2,IHP,2018,2,0.16248054
2,IHP,2018,3,0.28260183
2,IHP,2018,4,0.36906082
2,IHP,2019,1,0.42418448
2,IHP,2019,2,0.51396151
2,IHP,2019,3,0.5513786
2,IHP,2019,4,0.60909758
2,IHP,2020,1,0.61514705
2,IHP,2020,2,0.6078399
2,IHP,2020,3,0.622215
2,IHP,2020,4,0.61122444
2,IG,2018,1,20.16120547
2,IG,2018,2,20.00268939
2,IG,2018,3,20.00766332
2,IG,2018,4,20.26274347
2,IG,2019,1,19.8258224
2,IG,2019,2,19.49977784
2,IG,2019,3,19.634288
2,IG,2019,4,19.13973597
2,IG,2020,1,19.38025699
2,IG,2020,2,16.80294957
2,IG,2020,3,17.89114997
2,IG,2020,4,18.10970311
2,CG,2018,1,0.0
2,CG,2018,2,0.03100251
2,CG,2018,3,0.06225558
2,CG,2018,4,0.09308452
2,CG,2019,1,0.12274333
2,CG,2019,2,0.1516057
2,CG,2019,3,0.18141195
2,CG,2019,4,0.21023129
2,CG,2020,1,0.24141122
2,CG,2020,2,0.26737307
2,CG,2020,3,0.29082634
2,CG,2020,4,0.31680272
2,XGS,2018,1,0.0
2,XGS,2018,2,7e-08
2,XGS,2018,3,2.469e-05
2,XGS,2018,4,9.712e-05
2,XGS,2019,1,0.00025052
2,XGS,2019,2,0.00053055
2,XGS,2019,3,0.00096887
2,XGS,2019,4,0.00158536
2,XGS,2020,1,0.00240118
2,XGS,2020,2,0.00342529
2,XGS,2020,3,0.00466169
2,XGS,2020,4,0.0061237
2,MGS,2018,1,0.1140049
2,MGS,2018,2,0.21984348
2,MGS,2018,3,0.46742389
2,MGS,2018,4,0.66223447
2,MGS,2019,1,0.74404681
2,MGS,2019,2,0.77745179
2,MGS,2019,3,0.8085325
2,MGS,2019,4,0.85943691
2,MGS,2020,1,0.90565509
2,MGS,2020,2,0.93445829
2,MGS,2020,3,0.9545556
2,MGS,2020,4,0.94268042
2,GDPD,2018,1,4.04106005
2,GDPD,2018,2,0.2668596
2,GDPD,2018,3,0.41794318
2,GDPD,2018,4,0.12115224
2,GDPD,2019,1,0.13156229
2,GDPD,2019,2,0.11571847
2,GDPD,2019,3,0.04711599
2,GDPD,2019,4,0.07130599
2,GDPD,2020,1,0.09145439
2,GDPD,2020,2,0.06021509
2,GDPD,2020,3,-0.00417632
2,GDPD,2020,4,-0.0063295
2,PGDP,2018,1,0.02470673
2,PGDP,2018,2,0.05645878
2,PGDP,2018,3,0.08885464
2,PGDP,2018,4,0.13853041
2,PGDP,2019,1,0.1967431
2,PGDP,2019,2,0.27347696
2,PGDP,2019,3,0.35749547
2,PGDP,2019,4,0.43622775
2,PGDP,2020,1,0.52802255
2,PGDP,2020,2,0.60282187
2,PGDP,2020,3,0.68019936
2,PGDP,2020,4,0.76409299
2,PCP,2018,1,2.99e-06
2,PCP,2018,2,0.00801349
2,PCP,2018,3,0.03261572
2,PCP,2018,4,0.0778983
2,PCP,2019,1,0.14148593
2,PCP,2019,2,0.21413501
2,PCP,2019,3,0.29117955
2,PCP,2019,4,0.37114417
2,PCP,2020,1,0.45333376
2,PCP,2020,2,0.53736414
2,PCP,2020,3,0.62306387
2,PCP,2020,4,0.71032767
2,PIFP,2018,1,0.16452613
2,PIFP,2018,2,0.24602173
2,PIFP,2018,3,0.33378255
2,PIFP,2018,4,0.40450286
2,PIFP,2019,1,0.49295279
2,PIFP,2019,2,0.57964776
2,PIFP,2019,3,0.66930089
2,PIFP,2019,4,0.75072842
2,PIFP,2020,1,0.84461297
2,PIFP,2020,2,0.92160929
2,PIFP,2020,3,1.02015542
2,PIFP,2020,4,1.11591747
2,PIHP,2018,1,-0.00720978
2,PIHP,2018,2,0.0002746
2,PIHP,2018,3,0.02627974
2,PIHP,2018,4,0.07415199
2,PIHP,2019,1,0.14725186
2,PIHP,2019,2,0.22897066
2,PIHP,2019,3,0.31569551
2,PIHP,2019,4,0.40374068
2,PIHP,2020,1,0.49473597
2,PIHP,2020,2,0.58971297
2,PIHP,2020,3,0.68505099
2,PIHP,2020,4,0.77838309
2,PXGS,2018,1,3e-06
2,PXGS,2018,2,0.00102924
2,PXGS,2018,3,0.00200481
2,PXGS,2018,4,0.00339533
2,PXGS,2019,1,0.00531293
2,PXGS,2019,2,0.00766983
2,PXGS,2019,3,0.01050476
2,PXGS,2019,4,0.01375943
2,PXGS,2020,1,0.01744283
2,PXGS,2020,2,0.02188217
2,PXGS,2020,3,0.02660733
2,PXGS,2020,4,0.03173839
2,PMGS,2018,1,0.00066451
2,PMGS,2018,2,0.00142241
2,PMGS,2018,3,-0.00221061
2,PMGS,2018,4,-0.00894397
2,PMGS,2019,1,0.00849082
2,PMGS,2019,2,0.00766277
2,PMGS,2019,3,0.02229338
2,PMGS,2019,4,0.02562887
2,PMGS,2020,1,0.02729647
2,PMGS,2020,2,0.09217287
2,PMGS,2020,3,0.0887485
2,PMGS,2020,4,0.0912515
2,CGPI,2018,1,0.0001388
2,CGPI,2018,2,0.0475955
2,CGPI,2018,3,0.06846194
2,CGPI,2018,4,0.10435179
2,CGPI,2019,1,0.15204584
2,CGPI,2019,2,0.20231437
2,CGPI,2019,3,0.25585277
2,CGPI,2019,4,0.30837577
2,CGPI,2020,1,0.36047889
2,CGPI,2020,2,0.42815499
2,CGPI,2020,3,0.48149541
2,CGPI,2020,4,0.53568387
2,GDPV,2018,1,1.03700671
2,GDPV,2018,2,1.13608091
2,GDPV,2018,3,1.27502916
2,GDPV,2018,4,1.35596108
2,GDPV,2019,1,1.44821
2,GDPV,2019,2,1.55515208
2,GDPV,2019,3,1.6522071
2,GDPV,2019,4,1.75062874
2,GDPV,2020,1,1.86683278
2,GDPV,2020,2,1.95916576
2,GDPV,2020,3,2.03657213
2,GDPV,2020,4,2.12000629
2,CPV,2018,1,1.97e-06
2,CPV,2018,2,0.14341085
2,CPV,2018,3,0.37434452
2,CPV,2018,4,0.48231845
2,CPV,2019,1,0.58348977
2,CPV,2019,2,0.67950679
2,CPV,2019,3,0.76867576
2,CPV,2019,4,0.87831398
2,CPV,2020,1,0.98564428
2,CPV,2020,2,1.09351181
2,CPV,2020,3,1.15408996
2,CPV,2020,4,1.23569495
2,IFPV,2018,1,0.16905523
2,IFPV,2018,2,0.27872777
2,IFPV,2018,3,0.42936778
2,IFPV,2018,4,0.57961467
2,IFPV,2019,1,0.73479455
2,IFPV,2019,2,0.85576692
2,IFPV,2019,3,0.95550511
2,IFPV,2019,4,1.042199
2,IFPV,2020,1,1.14014613
2,IFPV,2020,2,1.22163785
2,IFPV,2020,3,1.32503171
2,IFPV,2020,4,1.42633821
2,IHPV,2018,1,0.11005676
2,IHPV,2018,2,0.16275558
2,IHPV,2018,3,0.30895583
2,IHPV,2018,4,0.44348648
2,IHPV,2019,1,0.57206096
2,IHPV,2019,2,0.74410899
2,IHPV,2019,3,0.86881479
2,IHPV,2019,4,1.01529743
2,IHPV,2020,1,1.11292637
2,IHPV,2020,2,1.20113738
2,IHPV,2020,3,1.31152849
2,IHPV,2020,4,1.3943652
2,IGV,2018,1,20.33388902
2,IGV,2018,2,20.26305954
2,IGV,2018,3,20.36822565
2,IGV,2018,4,20.7135464
2,IGV,2019,1,20.39153527
2,IGV,2019,2,20.18197908
2,IGV,2019,3,20.4406581
2,IGV,2019,4,20.05779761
2,IGV,2020,1,20.42972707
2,IGV,2020,2,17.94035225
2,IGV,2020,3,19.17357534
2,IGV,2020,4,19.52576282
2,CGV,2018,1,0.0
2,CGV,2018,2,0.03226782
2,CGV,2018,3,0.07146095
2,CGV,2018,4,0.12304617
2,CGV,2019,1,0.18969618
2,CGV,2019,2,0.26993799
2,CGV,2019,3,0.35927106
2,CGV,2019,4,0.45300853
2,CGV,2020,1,0.55256756
2,CGV,2020,2,0.64926862
2,CGV,2020,3,0.74558999
2,CGV,2020,4,0.84588938
2,XGSV,2018,1,3e-06
2,XGSV,2018,2,0.00102932
2,XGSV,2018,3,0.0020295
2,XGSV,2018,4,0.00349245
2,XGSV,2019,1,0.00556346
2,XGSV,2019,2,0.00820043
2,XGSV,2019,3,0.01147373
2,XGSV,2019,4,0.01534501
2,XGSV,2020,1,0.01984443
2,XGSV,2020,2,0.02530821
2,XGSV,2020,3,0.03127026
2,XGSV,2020,4,0.03786404
2,MGSV,2018,1,0.11467016
2,MGSV,2018,2,0.22126902
2,MGSV,2018,3,0.46520295
2,MGSV,2018,4,0.65323126
2,MGSV,2019,1,0.75260081
2,MGSV,2019,2,0.78517414
2,MGSV,2019,3,0.83100612
2,MGSV,2019,4,0.88528605
2,MGSV,2020,1,0.93319877
2,MGSV,2020,2,1.02749247
2,MGSV,2020,3,1.04415125
2,MGSV,2020,4,1.03479213
2,NIV,2018,1,1.44646029
2,NIV,2018,2,1.44730487
2,NIV,2018,3,1.58912771
2,NIV,2018,4,1.67285156
2,NIV,2019,1,1.73592129
2,NIV,2019,2,1.82769819
2,NIV,2019,3,1.92438062
2,NIV,2019,4,2.0630225
2,NIV,2020,1,2.07231715
2,NIV,2020,2,2.21965361
2,NIV,2020,3,2.23979579
2,NIV,2020,4,2.25090683
2,YWV,2018,1,0.81068718
2,YWV,2018,2,0.91083676
2,YWV,2018,3,1.00440196
2,YWV,2018,4,1.18108744
2,YWV,2019,1,1.14163571
2,YWV,2019,2,1.26460326
2,YWV,2019,3,1.33837971
2,YWV,2019,4,1.49835453
2,YWV,2020,1,1.50386459
2,YWV,2020,2,1.63692823
2,YWV,2020,3,1.65634927
2,YWV,2020,4,1.73067509
2,YCV,2018,1,5.21121941
2,YCV,2018,2,3.69991585
2,YCV,2018,3,4.14658167
2,YCV,2018,4,4.18400145
2,YCV,2019,1,4.19515282
2,YCV,2019,2,4.28395676
2,YCV,2019,3,4.63994442
2,YCV,2019,4,6.02554393
2,YCV,2020,1,4.99537586
2,YCV,2020,2,8.90017447
2,YCV,2020,3,5.78729269
2,YCV,2020,4,4.81990438
2,YDV,2018,1,0.63729829
2,YDV,2018,2,0.85894989
2,YDV,2018,3,0.92721989
2,YDV,2018,4,1.06685537
2,YDV,2019,1,1.05245589
2,YDV,2019,2,1.1888565
2,YDV,2019,3,1.24058855
2,YDV,2019,4,1.38141233
2,YDV,2020,1,1.42016928
2,YDV,2020,2,1.35996066
2,YDV,2020,3,1.51433808
2,YDV,2020,4,1.62935647
2,TAXV,2018,1,0.47920517
2,TAXV,2018,2,0.96980579
2,TAXV,2018,3,1.43062608
2,TAXV,2018,4,1.88734172
2,TAXV,2019,1,2.30611188
2,TAXV,2019,2,2.3305643
2,TAXV,2019,3,2.47302122
2,TAXV,2019,4,2.61292393
2,TAXV,2020,1,2.83348959
2,TAXV,2020,2,2.86698355
2,TAXV,2020,3,3.12695122
2,TAXV,2020,4,3.32138988
2,TYPV,2018,1,0.76645359
2,TYPV,2018,2,1.05392304
2,TYPV,2018,3,1.36063385
2,TYPV,2018,4,1.65488992
2,TYPV,2019,1,1.79915675
2,TYPV,2019,2,1.90828756
2,TYPV,2019,3,2.00023404
2,TYPV,2019,4,2.05713738
2,TYPV,2020,1,2.17326515
2,TYPV,2020,2,2.17616331
2,TYPV,2020,3,2.28517612
2,TYPV,2020,4,2.35946911
2,TYCV,2018,1,0.15934973
2,TYCV,2018,2,1.44514306
2,TYCV,2018,3,2.54596278
2,TYCV,2018,4,3.71797601
2,TYCV,2019,1,5.00360304
2,TYCV,2019,2,4.88660129
2,TYCV,2019,3,5.14201285
2,TYCV,2019,4,5.34350826
2,TYCV,2020,1,5.75683908
2,TYCV,2020,2,6.03272452
2,TYCV,2020,3,6.84482631
2,TYCV,2020,4,7.3181054
2,TCIV,2018,1,0.95355845
2,TCIV,2018,2,1.06169707
2,TCIV,2018,3,1.2149149
2,TCIV,2018,4,1.30899422
2,TCIV,2019,1,1.40376132
2,TCIV,2019,2,1.49678274
2,TCIV,2019,3,1.58067827
2,TCIV,2019,4,1.6570291
2,TCIV,2020,1,1.75797698
2,TCIV,2020,2,1.81248697
2,TCIV,2020,3,1.90858071
2,TCIV,2020,4,2.01785585
2,WIPH,2018,1,0.40937099
2,WIPH,2018,2,0.45993759
2,WIPH,2018,3,0.49964386
2,WIPH,2018,4,0.62069987
2,WIPH,2019,1,0.60952762
2,WIPH,2019,2,0.70064487
2,WIPH,2019,3,0.78303128
2,WIPH,2019,4,0.92254179
2,WIPH,2020,1,0.96161488
2,WIPH,2020,2,1.09732209
2,WIPH,2020,3,1.12638869
2,WIPH,2020,4,1.20615084
2,LE,2018,1,0.1747345
2,LE,2018,2,0.2037387
2,LE,2018,3,0.23713776
2,LE,2018,4,0.2824122
2,LE,2019,1,0.26046275
2,LE,2019,2,0.27660733
2,LE,2019,3,0.27941656
2,LE,2019,4,0.30874137
2,LE,2020,1,0.2886817
2,LE,2020,2,0.31561784
2,LE,2020,3,0.28927542
2,LE,2020,4,0.27722307
2,LF,2018,1,0.15350613
2,LF,2018,2,0.17133888
2,LF,2018,3,0.19671755
2,LF,2018,4,0.23759233
2,LF,2019,1,0.2125682
2,LF,2019,2,0.22589418
2,LF,2019,3,0.2274488
2,LF,2019,4,0.2556618
2,LF,2020,1,0.23441636
2,LF,2020,2,0.25992849
2,LF,2020,3,0.2331167
2,LF,2020,4,0.22094117
2,LH,2018,1,0.27029832
2,LH,2018,2,0.29056841
2,LH,2018,3,0.31851139
2,LH,2018,4,0.33808472
2,LH,2019,1,0.33488212
2,LH,2019,2,0.34599874
2,LH,2019,3,0.3433163
2,LH,2019,4,0.33996342
2,LH,2020,1,0.33745505
2,LH,2020,2,0.30260984
2,LH,2020,3,0.32094663
2,LH,2020,4,0.33557215
2,UR,2018,1,-0.02063467
2,UR,2018,2,-0.03153171
2,UR,2018,3,-0.03939323
2,UR,2018,4,-0.04364064
2,UR,2019,1,-0.04663993
2,UR,2019,2,-0.04935186
2,UR,2019,3,-0.05071975
2,UR,2019,4,-0.05175536
2,UR,2020,1,-0.05281008
2,UR,2020,2,-0.05398587
2,UR,2020,3,-0.05443376
2,UR,2020,4,-0.05460397
2,CUX,2018,1,1.92380043
2,CUX,2018,2,2.02138504
2,CUX,2018,3,2.20049449
2,CUX,2018,4,2.17821513
2,CUX,2019,1,2.29634299
2,CUX,2019,2,2.32266569
2,CUX,2019,3,2.34484341
2,CUX,2019,4,2.3448395
2,CUX,2020,1,2.43059417
2,CUX,2020,2,2.47692677
2,CUX,2020,3,2.47912777
2,CUX,2020,4,2.46384306
2,GDPPOT,2018,1,0.09168239
2,GDPPOT,2018,2,0.10238599
2,GDPPOT,2018,3,0.11795354
2,GDPPOT,2018,4,0.14352515
2,GDPPOT,2019,1,0.13075331
2,GDPPOT,2019,2,0.14165191
2,GDPPOT,2019,3,0.1458506
2,GDPPOT,2019,4,0.1660451
2,GDPPOT,2020,1,0.15645566
2,GDPPOT,2020,2,0.17482426
2,GDPPOT,2020,3,0.16170881
2,GDPPOT,2020,4,0.15732363
2,GDPGAP,2018,1,0.94367176
2,GDPGAP,2018,2,1.00403749
2,GDPGAP,2018,3,1.09011007
2,GDPGAP,2018,4,1.09420635
2,GDPGAP,2019,1,1.14105047
2,GDPGAP,2019,2,1.16253671
2,GDPGAP,2019,3,1.16910648
2,GDPGAP,2019,4,1.12860463
2,GDPGAP,2020,1,1.16606041
2,GDPGAP,2020,2,1.08613813
2,GDPGAP,2020,3,1.1500355
2,GDPGAP,2020,4,1.16568135
2,RCD,2018,1,0.0
2,RCD,2018,2,0.0
2,RCD,2018,3,0.0
2,RCD,2018,4,0.0
2,RCD,2019,1,0.0
2,RCD,2019,2,0.0
2,RCD,2019,3,0.0
2,RCD,2019,4,0.0
2,RCD,2020,1,0.0
2,RCD,2020,2,0.0
2,RCD,2020,3,0.0
2,RCD,2020,4,0.0
2,RGB,2018,1,-0.0
2,RGB,2018,2,5e-08
2,RGB,2018,3,0.0001454
2,RGB,2018,4,0.00042685
2,RGB,2019,1,0.00075684
2,RGB,2019,2,0.00102312
2,RGB,2019,3,0.00111403
2,RGB,2019,4,0.00113098
2,RGB,2020,1,0.00112667
2,RGB,2020,2,0.00111174
2,RGB,2020,3,0.00109141
2,RGB,2020,4,0.00106936
2,PERR,2018,1,-0.19935883
2,PERR,2018,2,-0.38142892
2,PERR,2018,3,-0.5567524
2,PERR,2018,4,-0.78415209
2,PERR,2019,1,-0.72281428
2,PERR,2019,2,-0.74752217
2,PERR,2019,3,-0.79851184
2,PERR,2019,4,-0.95250648
2,PERR,2020,1,-1.09356348
2,PERR,2020,2,-1.55583139
2,PERR,2020,3,-2.05066635
2,PERR,2020,4,-1.82972915
2,UCC,2018,1,-0.35415512
2,UCC,2018,2,-1.09840808
2,UCC,2018,3,-1.53071543
2,UCC,2018,4,-1.97254013
2,UCC,2019,1,-2.03893451
2,UCC,2019,2,-1.71617762
2,UCC,2019,3,-1.7545687
2,UCC,2019,4,-1.8389563
2,UCC,2020,1,-1.9864999
2,UCC,2020,2,-1.97366101
2,UCC,2020,3,-2.03556146
2,UCC,2020,4,-2.20913209
2,FXS,2018,1,7.51e-06
2,FXS,2018,2,0.00257755
2,FXS,2018,3,0.0050207
2,FXS,2018,4,0.00850313
2,FXS,2019,1,0.01330567
2,FXS,2019,2,0.01920864
2,FXS,2019,3,0.02630908
2,FXS,2019,4,0.03446124
2,FXS,2020,1,0.04368772
2,FXS,2020,2,0.05480843
2,FXS,2020,3,0.06664593
2,FXS,2020,4,0.07950126
2,PSHARE,2018,1,0.19243031
2,PSHARE,2018,2,0.21090355
2,PSHARE,2018,3,0.23693867
2,PSHARE,2018,4,0.25248484
2,PSHARE,2019,1,0.27027893
2,PSHARE,2019,2,0.29102638
2,PSHARE,2019,3,0.31020674
2,PSHARE,2019,4,0.32987631
2,PSHARE,2020,1,0.35304335
2,PSHARE,2020,2,0.37210658
2,PSHARE,2020,3,0.38871127
2,PSHARE,2020,4,0.40667175
2,PLAND,2018,1,9.04e-06
2,PLAND,2018,2,0.00126547
2,PLAND,2018,3,-0.00246595
2,PLAND,2018,4,-0.00373879
2,PLAND,2019,1,-0.0053707
2,PLAND,2019,2,-0.00776772
2,PLAND,2019,3,-0.01031687
2,PLAND,2019,4,-0.01333794
2,PLAND,2020,1,-0.0164606
2,PLAND,2020,2,-0.0188077
2,PLAND,2020,3,-0.02326092
2,PLAND,2020,4,-0.0268862
2,M2CD,2018,1,1.01233883
2,M2CD,2018,2,1.09351979
2,M2CD,2018,3,1.23803723
2,M2CD,2018,4,1.3344388
2,M2CD,2019,1,1.45504769
2,M2CD,2019,2,1.578424
2,M2CD,2019,3,1.6884019
2,M2CD,2019,4,1.8074073
2,M2CD,2020,1,1.93265717
2,M2CD,2020,2,2.05250203
2,M2CD,2020,3,2.15585657
2,M2CD,2020,4,2.25974619
2,BGVATGDPV,2018,1,-0.57747305
2,BGVATGDPV,2018,2,-0.50125862
2,BGVATGDPV,2018,3,-0.41733995
2,BGVATGDPV,2018,4,-0.33532966
2,BGVATGDPV,2019,1,-0.26586989
2,BGVATGDPV,2019,2,-0.28583887
2,BGVATGDPV,2019,3,-0.27563989
2,BGVATGDPV,2019,4,-0.25230335
2,BGVATGDPV,2020,1,-0.23016179
2,BGVATGDPV,2020,2,-0.05396535
2,BGVATGDPV,2020,3,-0.04399274
2,BGVATGDPV,2020,4,-0.02059509
2,SBGVATGDPV,2018,1,-2.17285499
2,SBGVATGDPV,2018,2,-2.26162563
2,SBGVATGDPV,2018,3,-2.45534682
2,SBGVATGDPV,2018,4,-2.59083531
2,SBGVATGDPV,2019,1,-2.73166835
2,SBGVATGDPV,2019,2,-2.90707462
2,SBGVATGDPV,2019,3,-3.0593876
2,SBGVATGDPV,2019,4,-3.25182066
2,SBGVATGDPV,2020,1,-3.41093387
2,SBGVATGDPV,2020,2,-3.95281123
2,SBGVATGDPV,2020,3,-4.00035945
2,SBGVATGDPV,2020,4,-4.12412595
2,BCVATGDPV,2018,1,-0.0620746
2,BCVATGDPV,2018,2,-0.08248043
2,BCVATGDPV,2018,3,-0.12611081
2,BCVATGDPV,2018,4,-0.15694395
2,BCVATGDPV,2019,1,-0.17920711
2,BCVATGDPV,2019,2,-0.18427069
2,BCVATGDPV,2019,3,-0.19895361
2,BCVATGDPV,2019,4,-0.21723663
2,BCVATGDPV,2020,1,-0.22905571
2,BCVATGDPV,2020,2,-0.20333248
2,BCVATGDPV,2020,3,-0.2433836
2,BCVATGDPV,2020,4,-0.25922823
2,KFP,2018,1,0.00014038
2,KFP,2018,2,0.00117383
2,KFP,2018,3,0.00408258
2,KFP,2018,4,0.00945481
2,KFP,2019,1,0.01675831
2,KFP,2019,2,0.02487302
2,KFP,2019,3,0.03319244
2,KFP,2019,4,0.0408658
2,KFP,2020,1,0.04865407
2,KFP,2020,2,0.055826
2,KFP,2020,3,0.06298316
2,KFP,2020,4,0.07022202
2,KHP,2018,1,0.00155087
2,KHP,2018,2,0.00362828
2,KHP,2018,3,0.00724596
2,KHP,2018,4,0.01199911
2,KHP,2019,1,0.01757256
2,KHP,2019,2,0.02436264
2,KHP,2019,3,0.0316066
2,KHP,2019,4,0.03943072
2,KHP,2020,1,0.04687667
2,KHP,2020,2,0.05420397
2,KHP,2020,3,0.06129055
2,KHP,2020,4,0.06817898
2,KG,2018,1,0.1846507
2,KG,2018,2,0.36879551
2,KG,2018,3,0.5504179
2,KG,2018,4,0.73061255
2,KG,2019,1,0.90864755
2,KG,2019,2,1.08507432
2,KG,2019,3,1.25952165
2,KG,2019,4,1.42656518
2,KG,2020,1,1.59260237
2,KG,2020,2,1.74291445
2,KG,2020,3,1.90009517
2,KG,2020,4,2.058307
2,BCVATGDPV,2018,0,-0.10690245
2,BCVATGDPV,2019,0,-0.19491701
2,BCVATGDPV,2020,0,-0.23375
2,BGVATGDPV,2018,0,-0.45785032
2,BGVATGDPV,2019,0,-0.269913
2,BGVATGDPV,2020,0,-0.08717874
2,CG,2018,0,0.04658565
2,CG,2019,0,0.16649807
2,CG,2020,0,0.27910334
2,CGPI,2018,0,0.05513701
2,CGPI,2019,0,0.22964719
2,CGPI,2020,0,0.45145329
2,CGV,2018,0,0.05669373
2,CGV,2019,0,0.31797844
2,CGV,2020,0,0.69832889
2,CP,2018,0,0.22027706
2,CP,2019,0,0.47179026
2,CP,2020,0,0.53312077
2,CPV,2018,0,0.25001895
2,CPV,2019,0,0.72749658
2,CPV,2020,0,1.11723525
2,CUX,2018,0,2.08097377
2,CUX,2019,0,2.3271729
2,CUX,2020,0,2.46262295
2,FXS,2018,0,0.00402722
2,FXS,2019,0,0.02332116
2,FXS,2020,0,0.06116083
2,GDP,2018,0,1.12298271
2,GDP,2019,0,1.28149521
2,GDP,2020,0,1.34320879
2,GDPD,2018,0,1.21175377
2,GDPD,2019,0,0.09142569
2,GDPD,2020,0,0.03529092
2,GDPGAP,2018,0,1.03300642
2,GDPGAP,2019,0,1.15032457
2,GDPGAP,2020,0,1.14197885
2,GDPPOT,2018,0,0.11388677
2,GDPPOT,2019,0,0.14607523
2,GDPPOT,2020,0,0.16257809
2,GDPV,2018,0,1.20101946
2,GDPV,2019,0,1.60154948
2,GDPV,2020,0,1.99564424
2,IFP,2018,0,0.07670525
2,IFP,2019,0,0.27219586
2,IFP,2020,0,0.29978477
2,IFPV,2018,0,0.36419136
2,IFPV,2019,0,0.89706639
2,IFPV,2020,0,1.27828847
2,IG,2018,0,20.10857541
2,IG,2019,0,19.52490605
2,IG,2020,0,18.04601491
2,IGV,2018,0,20.41968015
2,IGV,2019,0,20.26799251
2,IGV,2020,0,19.26735437
2,IHP,2018,0,0.23285455
2,IHP,2019,0,0.52465554
2,IHP,2020,0,0.6141066
2,IHPV,2018,0,0.25631366
2,IHPV,2019,0,0.80007054
2,IHPV,2020,0,1.25498936
2,KFP,2018,0,0.0037129
2,KFP,2019,0,0.02892239
2,KFP,2020,0,0.05942131
2,KG,2018,0,0.45861917
2,KG,2019,0,1.16995217
2,KG,2020,0,1.82347975
2,KHP,2018,0,0.00610605
2,KHP,2019,0,0.02824313
2,KHP,2020,0,0.05763754
2,LE,2018,0,0.22450579
2,LE,2019,0,0.281307
2,LE,2020,0,0.29269951
2,LF,2018,0,0.18978872
2,LF,2019,0,0.23039325
2,LF,2020,0,0.23710068
2,LH,2018,0,0.30436571
2,LH,2019,0,0.34104014
2,LH,2020,0,0.32414592
2,M2CD,2018,0,1.16958366
2,M2CD,2019,0,1.63232022
2,M2CD,2020,0,2.10019049
2,MGS,2018,0,0.36587668
2,MGS,2019,0,0.797367
2,MGS,2020,0,0.93433735
2,MGSV,2018,0,0.36359335
2,MGSV,2019,0,0.81351678
2,MGSV,2020,0,1.00990866
2,NIV,2018,0,1.53893611
2,NIV,2019,0,1.88775565
2,NIV,2020,0,2.19566835
2,PCP,2018,0,0.02963263
2,PCP,2019,0,0.25448616
2,PCP,2020,0,0.58102236
2,PERR,2018,0,-0.48042306
2,PERR,2019,0,-0.80533869
2,PERR,2020,0,-1.63244759
2,PGDP,2018,0,0.07713764
2,PGDP,2019,0,0.31598582
2,PGDP,2020,0,0.64378419
2,PIFP,2018,0,0.28720832
2,PIFP,2019,0,0.62315747
2,PIFP,2020,0,0.97557378
2,PIHP,2018,0,0.02337414
2,PIHP,2019,0,0.27391467
2,PIHP,2020,0,0.63697076
2,PLAND,2018,0,-0.00123256
2,PLAND,2019,0,-0.00919831
2,PLAND,2020,0,-0.02135386
2,PMGS,2018,0,-0.00226692
2,PMGS,2019,0,0.01601896
2,PMGS,2020,0,0.07486733
2,PSHARE,2018,0,0.22318934
2,PSHARE,2019,0,0.30034709
2,PSHARE,2020,0,0.38013324
2,PXGS,2018,0,0.0016081
2,PXGS,2019,0,0.00931174
2,PXGS,2020,0,0.02441768
2,RCD,2018,0,0.0
2,RCD,2019,0,0.0
2,RCD,2020,0,0.0
2,RGB,2018,0,0.00014308
2,RGB,2019,0,0.00100624
2,RGB,2020,0,0.00109979
2,SBGVATGDPV,2018,0,-2.37016569
2,SBGVATGDPV,2019,0,-2.98748781
2,SBGVATGDPV,2020,0,-3.87205763
2,TAXV,2018,0,1.19174469
2,TAXV,2019,0,2.43065533
2,TAXV,2020,0,3.03720356
2,TCIV,2018,0,1.13479116
2,TCIV,2019,0,1.53456286
2,TCIV,2020,0,1.87422513
2,TYCV,2018,0,1.9671079
2,TYCV,2019,0,5.09393136
2,TYCV,2020,0,6.48812383
2,TYPV,2018,0,1.2089751
2,TYPV,2019,0,1.94120393
2,TYPV,2020,0,2.24851842
2,UCC,2018,0,-1.23895469
2,UCC,2019,0,-1.83715928
2,UCC,2020,0,-2.05121361
2,UR,2018,0,-0.03380006
2,UR,2019,0,-0.04961672
2,UR,2020,0,-0.05395842
2,WIPH,2018,0,0.49741308
2,WIPH,2019,0,0.75393639
2,WIPH,2020,0,1.09786912
2,XGS,2018,0,3.047e-05
2,XGS,2019,0,0.00083382
2,XGS,2020,0,0.00415297
2,XGSV,2018,0,0.00163857
2,XGSV,2019,0,0.01014566
2,XGSV,2020,0,0.02857173
2,YCV,2018,0,4.3104296
2,YCV,2019,0,4.78614948
2,YCV,2020,0,6.12568685
2,YDV,2018,0,0.87258086
2,YDV,2019,0,1.21582832
2,YDV,2020,0,1.48095612
2,YWV,2018,0,0.97675334
2,YWV,2019,0,1.3107433
2,YWV,2020,0,1.63195429
3,GDP,2018,1,1.00590948
3,GDP,2018,2,1.04810931
3,GDP,2018,3,1.12757376
3,GDP,2018,4,1.1199597
3,GDP,2019,1,1.11412659
3,GDP,2019,2,1.09324398
3,GDP,2019,3,1.04921955
3,GDP,2019,4,1.02206468
3,GDP,2020,1,0.98632634
3,GDP,2020,2,0.97241816
3,GDP,2020,3,0.9509975
3,GDP,2020,4,0.92567664
3,CP,2018,1,0.00252849
3,CP,2018,2,0.14665005
3,CP,2018,3,0.36637225
3,CP,2018,4,0.43212789
3,CP,2019,1,0.47031713
3,CP,2019,2,0.49340544
3,CP,2019,3,0.49738979
3,CP,2019,4,0.50591691
3,CP,2020,1,0.49809318
3,CP,2020,2,0.49033863
3,CP,2020,3,0.44445116
3,CP,2020,4,0.41492716
3,IFP,2018,1,-0.04509959
3,IFP,2018,2,-0.09575046
3,IFP,2018,3,-0.14064521
3,IFP,2018,4,-0.22668699
3,IFP,2019,1,-0.36215009
3,IFP,2019,2,-0.54615124
3,IFP,2019,3,-0.7486493
3,IFP,2019,4,-0.93243918
3,IFP,2020,1,-1.08100154
3,IFP,2020,2,-1.19600757
3,IFP,2020,3,-1.2760237
3,IFP,2020,4,-1.32608862
3,IHP,2018,1,0.09904207
3,IHP,2018,2,0.1302511
3,IHP,2018,3,0.23758542
3,IHP,2018,4,0.30721967
3,IHP,2019,1,0.34588848
3,IHP,2019,2,0.4163078
3,IHP,2019,3,0.42898292
3,IHP,2019,4,0.45706312
3,IHP,2020,1,0.4332707
3,IHP,2020,2,0.40124884
3,IHP,2020,3,0.38383646
3,IHP,2020,4,0.35398194
3,IG,2018,1,20.20392345
3,IG,2018,2,19.77483586
3,IG,2018,3,19.64915906
3,IG,2018,4,19.76584104
3,IG,2019,1,19.37241231
3,IG,2019,2,18.89943546
3,IG,2019,3,18.86265534
3,IG,2019,4,18.25003865
3,IG,2020,1,18.26653325
3,IG,2020,2,15.93936477
3,IG,2020,3,16.81916294
3,IG,2020,4,16.96148103
3,CG,2018,1,0.0
3,CG,2018,2,0.0310682
3,CG,2018,3,0.06196362
3,CG,2018,4,0.09223403
3,CG,2019,1,0.12114306
3,CG,2019,2,0.1493259
3,CG,2019,3,0.17819668
3,CG,2019,4,0.20584022
3,CG,2020,1,0.23559434
3,CG,2020,2,0.25992648
3,CG,2020,3,0.28207421
3,CG,2020,4,0.30640294
3,XGS,2018,1,0.0
3,XGS,2018,2,-0.00014338
3,XGS,2018,3,-0.00062219
3,XGS,2018,4,-0.00174765
3,XGS,2019,1,-0.00392033
3,XGS,2019,2,-0.00746109
3,XGS,2019,3,-0.01256075
3,XGS,2019,4,-0.01927133
3,XGS,2020,1,-0.02746331
3,XGS,2020,2,-0.03685668
3,XGS,2020,3,-0.04718895
3,XGS,2020,4,-0.05815493
3,MGS,2018,1,0.11518966
3,MGS,2018,2,0.22606971
3,MGS,2018,3,0.48646505
3,MGS,2018,4,0.6890693
3,MGS,2019,1,0.77060733
3,MGS,2019,2,0.79889637
3,MGS,2019,3,0.81896184
3,MGS,2019,4,0.84492526
3,MGS,2020,1,0.84718698
3,MGS,2020,2,0.83015906
3,MGS,2020,3,0.80970335
3,MGS,2020,4,0.76370194
3,GDPD,2018,1,4.01654158
3,GDPD,2018,2,0.16818412
3,GDPD,2018,3,0.3130924
3,GDPD,2018,4,-0.03013827
3,GDPD,2019,1,-0.02309302
3,GDPD,2019,2,-0.08295247
3,GDPD,2019,3,-0.1743332
3,GDPD,2019,4,-0.1043925
3,GDPD,2020,1,-0.14197773
3,GDPD,2020,2,-0.05112091
3,GDPD,2020,3,-0.0891249
3,GDPD,2020,4,-0.10198624
3,PGDP,2018,1,0.02220685
3,PGDP,2018,2,0.05014454
3,PGDP,2018,3,0.07749736
3,PGDP,2018,4,0.12101208
3,PGDP,2019,1,0.17197817
3,PGDP,2019,2,0.24031272
3,PGDP,2019,3,0.3140206
3,PGDP,2019,4,0.38275583
3,PGDP,2020,1,0.46066416
3,PGDP,2020,2,0.52712261
3,PGDP,2020,3,0.58576791
3,PGDP,2020,4,0.65210853
3,PCP,2018,1,-0.00260387
3,PCP,2018,2,0.00263137
3,PCP,2018,3,0.02414693
3,PCP,2018,4,0.06535821
3,PCP,2019,1,0.12386454
3,PCP,2019,2,0.18986515
3,PCP,2019,3,0.25870523
3,PCP,2019,4,0.32858442
3,PCP,2020,1,0.39900795
3,PCP,2020,2,0.46930694
3,PCP,2020,3,0.53963797
3,PCP,2020,4,0.61011004
3,PIFP,2018,1,0.16081389
3,PIFP,2018,2,0.23633099
3,PIFP,2018,3,0.31451661
3,PIFP,2018,4,0.37391555
3,PIFP,2019,1,0.44896182
3,PIFP,2019,2,0.519423
3,PIFP,2019,3,0.59166165
3,PIFP,2019,4,0.65692368
3,PIFP,2020,1,0.7297946
3,PIFP,2020,2,0.79221591
3,PIFP,2020,3,0.8725515
3,PIFP,2020,4,0.94938521
3,PIHP,2018,1,-0.01003273
3,PIHP,2018,2,-0.00615775
3,PIHP,2018,3,0.01532906
3,PIHP,2018,4,0.05805766
3,PIHP,2019,1,0.12464
3,PIHP,2019,2,0.197925
3,PIHP,2019,3,0.27502369
3,PIHP,2019,4,0.35131539
3,PIHP,2020,1,0.42794067
3,PIHP,2020,2,0.50745137
3,PIHP,2020,3,0.58446371
3,PIHP,2020,4,0.65743482
3,PXGS,2018,1,-0.00601204
3,PXGS,2018,2,-0.01406394
3,PXGS,2018,3,-0.0271117
3,PXGS,2018,4,-0.04390392
3,PXGS,2019,1,-0.06336346
3,PXGS,2019,2,-0.08542065
3,PXGS,2019,3,-0.10869241
3,PXGS,2019,4,-0.13309301
3,PXGS,2020,1,-0.15759505
3,PXGS,2020,2,-0.18208704
3,PXGS,2020,3,-0.2065629
3,PXGS,2020,4,-0.23139527
3,PMGS,2018,1,-0.00588477
3,PMGS,2018,2,-0.015226
3,PMGS,2018,3,-0.03531046
3,PMGS,2018,4,-0.06235028
3,PMGS,2019,1,-0.06486144
3,PMGS,2019,2,-0.09482848
3,PMGS,2019,3,-0.10609531
3,PMGS,2019,4,-0.13086052
3,PMGS,2020,1,-0.16030059
3,PMGS,2020,2,-0.1175855
3,PMGS,2020,3,-0.15144066
3,PMGS,2020,4,-0.18097386
3,CGPI,2018,1,-0.00335401
3,CGPI,2018,2,0.04042659
3,CGPI,2018,3,0.0552587
3,CGPI,2018,4,0.08339172
3,CGPI,2019,1,0.12300068
3,CGPI,2019,2,0.16203912
3,CGPI,2019,3,0.20398847
3,CGPI,2019,4,0.24340585
3,CGPI,2020,1,0.28140075
3,CGPI,2020,2,0.33454065
3,CGPI,2020,3,0.37234102
3,CGPI,2020,4,0.40997802
3,GDPV,2018,1,1.02833971
3,GDPV,2018,2,1.09877942
3,GDPV,2018,3,1.20594495
3,GDPV,2018,4,1.24232706
3,GDPV,2019,1,1.28802081
3,GDPV,2019,2,1.33618391
3,GDPV,2019,3,1.36653492
3,GDPV,2019,4,1.40873253
3,GDPV,2020,1,1.45153416
3,GDPV,2020,2,1.50466661
3,GDPV,2020,3,1.54233605
3,GDPV,2020,4,1.58382159
3,CPV,2018,1,-7.544e-05
3,CPV,2018,2,0.14928528
3,CPV,2018,3,0.39060765
3,CPV,2018,4,0.49776853
3,CPV,2019,1,0.59476423
3,CPV,2019,2,0.68420739
3,CPV,2019,3,0.75738179
3,CPV,2019,4,0.8361637
3,CPV,2020,1,0.89908856
3,CPV,2020,2,0.96194677
3,CPV,2020,3,0.98648756
3,CPV,2020,4,1.02756871
3,IFPV,2018,1,0.11564177
3,IFPV,2018,2,0.14035424
3,IFPV,2018,3,0.17342905
3,IFPV,2018,4,0.14638094
3,IFPV,2019,1,0.08518581
3,IFPV,2019,2,-0.02956507
3,IFPV,2019,3,-0.16141712
3,IFPV,2019,4,-0.28164091
3,IFPV,2020,1,-0.35909603
3,IFPV,2020,2,-0.41326661
3,IFPV,2020,3,-0.41460616
3,IFPV,2020,4,-0.3892931
3,IHPV,2018,1,0.0889994
3,IHPV,2018,2,0.12408533
3,IHPV,2018,3,0.2529509
3,IHPV,2018,4,0.3654557
3,IHPV,2019,1,0.4709596
3,IHPV,2019,2,0.61505678
3,IHPV,2019,3,0.70518641
3,IHPV,2019,4,0.80998424
3,IHPV,2020,1,0.86306551
3,IHPV,2020,2,0.91073636
3,IHPV,2020,3,0.97054355
3,IHPV,2020,4,1.01374396
3,IGV,2018,1,20.37189828
3,IGV,2018,2,20.02239138
3,IGV,2018,3,19.98475609
3,IGV,2018,4,20.17718722
3,IGV,2019,1,19.88225713
3,IGV,2019,2,19.50491475
3,IGV,2019,3,19.5691128
3,IGV,2019,4,19.04629808
3,IGV,2020,1,19.16457171
3,IGV,2020,2,16.90955341
3,IGV,2020,3,17.90508172
3,IGV,2020,4,18.152407
3,CGV,2018,1,0.0
3,CGV,2018,2,0.03007261
3,CGV,2018,3,0.06710532
3,CGV,2018,4,0.11536988
3,CGV,2019,1,0.17794349
3,CGV,2019,2,0.25315613
3,CGV,2019,3,0.33588015
3,CGV,2019,4,0.42131151
3,CGV,2020,1,0.51055072
3,CGV,2020,2,0.59526699
3,CGV,2020,3,0.67797471
3,CGV,2020,4,0.7629942
3,XGSV,2018,1,-0.00601204
3,XGSV,2018,2,-0.01420731
3,XGSV,2018,3,-0.02773372
3,XGSV,2018,4,-0.0456508
3,XGSV,2019,1,-0.06728131
3,XGSV,2019,2,-0.09287536
3,XGSV,2019,3,-0.12123951
3,XGSV,2019,4,-0.1523387
3,XGSV,2020,1,-0.18501509
3,XGSV,2020,2,-0.21887661
3,XGSV,2020,3,-0.25365437
3,XGSV,2020,4,-0.28941563
3,MGSV,2018,1,0.10929812
3,MGSV,2018,2,0.21080929
3,MGSV,2018,3,0.45098282
3,MGSV,2018,4,0.62628938
3,MGSV,2019,1,0.70524607
3,MGSV,2019,2,0.7033103
3,MGSV,2019,3,0.71199765
3,MGSV,2019,4,0.71295907
3,MGSV,2020,1,0.68552835
3,MGSV,2020,2,0.71159741
3,MGSV,2020,3,0.65703646
3,MGSV,2020,4,0.58134597
3,NIV,2018,1,1.43400355
3,NIV,2018,2,1.39483935
3,NIV,2018,3,1.4877374
3,NIV,2018,4,1.50472207
3,NIV,2019,1,1.50591343
3,NIV,2019,2,1.50984162
3,NIV,2019,3,1.47013494
3,NIV,2019,4,1.47334068
3,NIV,2020,1,1.37947199
3,NIV,2020,2,1.39821708
3,NIV,2020,3,1.34896213
3,NIV,2020,4,1.33563567
3,YWV,2018,1,0.80274546
3,YWV,2018,2,0.87841165
3,YWV,2018,3,0.97808161
3,YWV,2018,4,1.09654702
3,YWV,2019,1,1.02012003
3,YWV,2019,2,1.07654907
3,YWV,2019,3,1.03804857
3,YWV,2019,4,1.09337345
3,YWV,2020,1,1.02925492
3,YWV,2020,2,1.05906054
3,YWV,2020,3,1.03084796
3,YWV,2020,4,1.07039231
3,YCV,2018,1,4.97708454
3,YCV,2018,2,3.28590084
3,YCV,2018,3,3.47630485
3,YCV,2018,4,3.07200039
3,YCV,2019,1,2.97656562
3,YCV,2019,2,2.73935936
3,YCV,2019,3,2.63056819
3,YCV,2019,4,2.81902647
3,YCV,2020,1,2.13467034
3,YCV,2020,2,2.83898561
3,YCV,2020,3,1.99386329
3,YCV,2020,4,1.6026032
3,YDV,2018,1,0.67422349
3,YDV,2018,2,0.90411539
3,YDV,2018,3,0.96624879
3,YDV,2018,4,1.10440012
3,YDV,2019,1,1.07440286
3,YDV,2019,2,1.17454474
3,YDV,2019,3,1.15118783
3,YDV,2019,4,1.20750014
3,YDV,2020,1,1.17751338
3,YDV,2020,2,1.08205313
3,YDV,2020,3,1.14906416
3,YDV,2020,4,1.2256524
3,TAXV,2018,1,0.4780463
3,TAXV,2018,2,0.94612304
3,TAXV,2018,3,1.36622179
3,TAXV,2018,4,1.75934216
3,TAXV,2019,1,2.08262081
3,TAXV,2019,2,2.01410806
3,TAXV,2019,3,2.03718002
3,TAXV,2019,4,2.03729689
3,TAXV,2020,1,2.0813118
3,TAXV,2020,2,1.99493897
3,TAXV,2020,3,2.02490735
3,TAXV,2020,4,2.02340512
3,TYPV,2018,1,0.7695308
3,TYPV,2018,2,1.04951309
3,TYPV,2018,3,1.34341631
3,TYPV,2018,4,1.62108629
3,TYPV,2019,1,1.73537048
3,TYPV,2019,2,1.80057027
3,TYPV,2019,3,1.83165345
3,TYPV,2019,4,1.82069886
3,TYPV,2020,1,1.84043232
3,TYPV,2020,2,1.7797667
3,TYPV,2020,3,1.81072046
3,TYPV,2020,4,1.81944767
3,TYCV,2018,1,0.15839419
3,TYCV,2018,2,1.38847672
3,TYCV,2018,3,2.37235926
3,TYCV,2018,4,3.36389993
3,TYCV,2019,1,4.35422606
3,TYCV,2019,2,3.97478196
3,TYCV,2019,3,3.90726823
3,TYCV,2019,4,3.74739992
3,TYCV,2020,1,3.7353159
3,TYCV,2020,2,3.54882399
3,TYCV,2020,3,3.56112724
3,TYCV,2020,4,3.4150623
3,TCIV,2018,1,0.94567558
3,TCIV,2018,2,1.02838046
3,TCIV,2018,3,1.16042274
3,TCIV,2018,4,1.21553178
3,TCIV,2019,1,1.27103482
3,TCIV,2019,2,1.31188957
3,TCIV,2019,3,1.33610852
3,TCIV,2019,4,1.36250336
3,TCIV,2020,1,1.39260108
3,TCIV,2020,2,1.41187714
3,TCIV,2020,3,1.46531909
3,TCIV,2020,4,1.52678333
3,WIPH,2018,1,0.40384345
3,WIPH,2018,2,0.4402733
3,WIPH,2018,3,0.48818314
3,WIPH,2018,4,0.57306709
3,WIPH,2019,1,0.53973502
3,WIPH,2019,2,0.59086638
3,WIPH,2019,3,0.59736941
3,WIPH,2019,4,0.66464144
3,WIPH,2020,1,0.65484359
3,WIPH,2020,2,0.71373044
3,WIPH,2020,3,0.70782524
3,WIPH,2020,4,0.75842494
3,LE,2018,1,0.17356966
3,LE,2018,2,0.19773873
3,LE,2018,3,0.23474234
3,LE,2018,4,0.26616948
3,LE,2019,1,0.23588135
3,LE,2019,2,0.23649994
3,LE,2019,3,0.21115429
3,LE,2019,4,0.21374053
3,LE,2020,1,0.17819917
3,LE,2020,2,0.17749349
3,LE,2020,3,0.14287686
3,LE,2020,4,0.12746496
3,LF,2018,1,0.15246746
3,LF,2018,2,0.16601639
3,LF,2018,3,0.19593355
3,LF,2018,4,0.22401963
3,LF,2019,1,0.1918765
3,LF,2019,2,0.19104383
3,LF,2019,3,0.16572026
3,LF,2019,4,0.16823435
3,LF,2020,1,0.13290151
3,LF,2020,2,0.13149937
3,LF,2020,3,0.09666129
3,LF,2020,4,0.08133184
3,LH,2018,1,0.26863903
3,LH,2018,2,0.28234833
3,LH,2018,3,0.30479826
3,LH,2018,4,0.31340629
3,LH,2019,1,0.30139678
3,LH,2019,2,0.29972205
3,LH,2019,3,0.2827076
3,LH,2019,4,0.26944378
3,LH,2020,1,0.25502677
3,LH,2020,2,0.22036129
3,LH,2020,3,0.23184563
3,LH,2020,4,0.24100508
3,UR,2018,1,-0.02051228
3,UR,2018,2,-0.03087443
3,UR,2018,3,-0.03782406
3,UR,2018,4,-0.0410465
3,UR,2019,1,-0.04286063
3,UR,2019,2,-0.04425407
3,UR,2019,3,-0.0443608
3,UR,2019,4,-0.04440487
3,UR,2020,1,-0.04412997
3,UR,2020,2,-0.04465518
3,UR,2020,3,-0.04483474
3,UR,2020,4,-0.04475952
3,CUX,2018,1,1.91228075
3,CUX,2018,2,1.96498733
3,CUX,2018,3,2.08252898
3,CUX,2018,4,2.0067847
3,CUX,2019,1,2.06269215
3,CUX,2019,2,2.02177881
3,CUX,2019,3,1.98926776
3,CUX,2019,4,1.95866474
3,CUX,2020,1,1.96871278
3,CUX,2020,2,2.01754778
3,CUX,2020,3,2.02904302
3,CUX,2020,4,2.00671761
3,GDPPOT,2018,1,0.09106223
3,GDPPOT,2018,2,0.09858751
3,GDPPOT,2018,3,0.11523837
3,GDPPOT,2018,4,0.13030584
3,GDPPOT,2019,1,0.10834666
3,GDPPOT,2019,2,0.10343569
3,GDPPOT,2019,3,0.08172479
3,GDPPOT,2019,4,0.07410139
3,GDPPOT,2020,1,0.04254007
3,GDPPOT,2020,2,0.0293831
3,GDPPOT,2020,3,-0.00389984
3,GDPPOT,2020,4,-0.02622412
3,GDPGAP,2018,1,0.93801751
3,GDPGAP,2018,2,0.97620865
3,GDPGAP,2018,3,1.03412676
3,GDPGAP,2018,4,1.01007922
3,GDPGAP,2019,1,1.02651117
3,GDPGAP,2019,2,1.01284623
3,GDPGAP,2019,3,0.98914586
3,GDPGAP,2019,4,0.9371737
3,GDPGAP,2020,1,0.93741501
3,GDPGAP,2020,2,0.8741796
3,GDPGAP,2020,3,0.92786532
3,GDPGAP,2020,4,0.93549009
3,RCD,2018,1,0.06539664
3,RCD,2018,2,0.09662167
3,RCD,2018,3,0.13522103
3,RCD,2018,4,0.17373148
3,RCD,2019,1,0.20116537
3,RCD,2019,2,0.2269032
3,RCD,2019,3,0.2402672
3,RCD,2019,4,0.25148103
3,RCD,2020,1,0.25243819
3,RCD,2020,2,0.25505283
3,RCD,2020,3,0.25288171
3,RCD,2020,4,0.25457568
3,RGB,2018,1,0.03335948
3,RGB,2018,2,0.04512619
3,RGB,2018,3,0.06273563
3,RGB,2018,4,0.07991106
3,RGB,2019,1,0.09175482
3,RGB,2019,2,0.10379462
3,RGB,2019,3,0.1101149
3,RGB,2019,4,0.11689506
3,RGB,2020,1,0.11956023
3,RGB,2020,2,0.12441908
3,RGB,2020,3,0.12735506
3,RGB,2020,4,0.13300061
3,PERR,2018,1,-0.24634157
3,PERR,2018,2,-0.52236719
3,PERR,2018,3,-0.82518376
3,PERR,2018,4,-1.21290469
3,PERR,2019,1,-1.33567887
3,PERR,2019,2,-1.48936943
3,PERR,2019,3,-1.69376714
3,PERR,2019,4,-2.02147248
3,PERR,2020,1,-2.33083336
3,PERR,2020,2,-2.88433734
3,PERR,2020,3,-3.65063152
3,PERR,2020,4,-3.65055107
3,UCC,2018,1,-0.04556193
3,UCC,2018,2,-0.58641335
3,UCC,2018,3,-0.71873685
3,UCC,2018,4,-0.82871697
3,UCC,2019,1,-0.57421032
3,UCC,2019,2,-0.00177762
3,UCC,2019,3,0.10325335
3,UCC,2019,4,0.0870907
3,UCC,2020,1,-0.05216195
3,UCC,2020,2,-0.12775393
3,UCC,2020,3,-0.32681804
3,UCC,2020,4,-0.46945
3,FXS,2018,1,-0.01505523
3,FXS,2018,2,-0.03521654
3,FXS,2018,3,-0.06788184
3,FXS,2018,4,-0.10991205
3,FXS,2019,1,-0.15860517
3,FXS,2019,2,-0.21378106
3,FXS,2019,3,-0.27197535
3,FXS,2019,4,-0.33297057
3,FXS,2020,1,-0.39419679
3,FXS,2020,2,-0.45537531
3,FXS,2020,3,-0.51649098
3,FXS,2020,4,-0.57847383
3,PSHARE,2018,1,-0.06062861
3,PSHARE,2018,2,-0.5686955
3,PSHARE,2018,3,-1.33601889
3,PSHARE,2018,4,-2.31745651
3,PSHARE,2019,1,-3.33680723
3,PSHARE,2019,2,-4.19297806
3,PSHARE,2019,3,-4.94479281
3,PSHARE,2019,4,-5.53484591
3,PSHARE,2020,1,-5.94262736
3,PSHARE,2020,2,-6.20317004
3,PSHARE,2020,3,-6.33523478
3,PSHARE,2020,4,-6.39715134
3,PLAND,2018,1,-0.00079879
3,PLAND,2018,2,0.00263982
3,PLAND,2018,3,0.00585893
3,PLAND,2018,4,0.01918431
3,PLAND,2019,1,0.04196992
3,PLAND,2019,2,0.07393195
3,PLAND,2019,3,0.11467502
3,PLAND,2019,4,0.16254602
3,PLAND,2020,1,0.21653857
3,PLAND,2020,2,0.27568088
3,PLAND,2020,3,0.33555671
3,PLAND,2020,4,0.39775175
3,M2CD,2018,1,0.76915453
3,M2CD,2018,2,0.71171936
3,M2CD,2018,3,0.68851091
3,M2CD,2018,4,0.60495352
3,M2CD,2019,1,0.58275472
3,M2CD,2019,2,0.55619015
3,M2CD,2019,3,0.55249228
3,M2CD,2019,4,0.57294032
3,M2CD,2020,1,0.62095044
3,M2CD,2020,2,0.68345338
3,M2CD,2020,3,0.75474033
3,M2CD,2020,4,0.80785524
3,BGVATGDPV,2018,1,-0.58018949
3,BGVATGDPV,2018,2,-0.50007534
3,BGVATGDPV,2018,3,-0.41976999
3,BGVATGDPV,2018,4,-0.34796781
3,BGVATGDPV,2019,1,-0.29992762
3,BGVATGDPV,2019,2,-0.33480209
3,BGVATGDPV,2019,3,-0.34560701
3,BGVATGDPV,2019,4,-0.34992576
3,BGVATGDPV,2020,1,-0.35520782
3,BGVATGDPV,2020,2,-0.2522858
3,BGVATGDPV,2020,3,-0.27460701
3,BGVATGDPV,2020,4,-0.28715774
3,SBGVATGDPV,2018,1,-2.15300634
3,SBGVATGDPV,2018,2,-2.17883546
3,SBGVATGDPV,2018,3,-2.30223908
3,SBGVATGDPV,2018,4,-2.33289803
3,SBGVATGDPV,2019,1,-2.36149233
3,SBGVATGDPV,2019,2,-2.39264146
3,SBGVATGDPV,2019,3,-2.37740769
3,SBGVATGDPV,2019,4,-2.40941667
3,SBGVATGDPV,2020,1,-2.3822928
3,SBGVATGDPV,2020,2,-2.68662675
3,SBGVATGDPV,2020,3,-2.62808289
3,SBGVATGDPV,2020,4,-2.60991931
3,BCVATGDPV,2018,1,-0.06212786
3,BCVATGDPV,2018,2,-0.08496583
3,BCVATGDPV,2018,3,-0.13612975
3,BCVATGDPV,2018,4,-0.17419802
3,BCVATGDPV,2019,1,-0.20150176
3,BCVATGDPV,2019,2,-0.21766011
3,BCVATGDPV,2019,3,-0.26777857
3,BCVATGDPV,2019,4,-0.32001928
3,BCVATGDPV,2020,1,-0.35234128
3,BCVATGDPV,2020,2,-0.36564941
3,BCVATGDPV,2020,3,-0.42784689
3,BCVATGDPV,2020,4,-0.44197571
3,KFP,2018,1,-0.00140014
3,KFP,2018,2,-0.0044017
3,KFP,2018,3,-0.00861345
3,KFP,2018,4,-0.01549177
3,KFP,2019,1,-0.02644252
3,KFP,2019,2,-0.04280321
3,KFP,2019,3,-0.06543846
3,KFP,2019,4,-0.09141522
3,KFP,2020,1,-0.1219759
3,KFP,2020,2,-0.15295661
3,KFP,2020,3,-0.18563509
3,KFP,2020,4,-0.21946782
3,KHP,2018,1,0.00130976
3,KHP,2018,2,0.00297423
3,KHP,2018,3,0.00601663
3,KHP,2018,4,0.00997352
3,KHP,2019,1,0.01451567
3,KHP,2019,2,0.02001176
3,KHP,2019,3,0.02563317
3,KHP,2019,4,0.03147839
3,KHP,2020,1,0.03667491
3,KHP,2020,2,0.04143697
3,KHP,2020,3,0.0457088
3,KHP,2020,4,0.0495702
3,KG,2018,1,0.18504194
3,KG,2018,2,0.36706596
3,KG,2018,3,0.54538886
3,KG,2018,4,0.72108718
3,KG,2019,1,0.8949836
3,KG,2019,2,1.06584289
3,KG,2019,3,1.23321421
3,KG,2019,4,1.39219163
3,KG,2020,1,1.54824691
3,KG,2020,2,1.69046318
3,KG,2020,3,1.83772013
3,KG,2020,4,1.98533369
3,BCVATGDPV,2018,0,-0.11435536
3,BCVATGDPV,2019,0,-0.25173993
3,BCVATGDPV,2020,0,-0.39695332
3,BGVATGDPV,2018,0,-0.46200066
3,BGVATGDPV,2019,0,-0.33256562
3,BGVATGDPV,2020,0,-0.29231459
3,CG,2018,0,0.04631646
3,CG,2019,0,0.16362647
3,CG,2020,0,0.27099949
3,CGPI,2018,0,0.04393075
3,CGPI,2019,0,0.18310853
3,CGPI,2020,0,0.34956511
3,CGV,2018,0,0.05313695
3,CGV,2019,0,0.29707282
3,CGV,2020,0,0.63669666
3,CP,2018,0,0.23691967
3,CP,2019,0,0.49175732
3,CP,2020,0,0.46195253
3,CPV,2018,0,0.25939651
3,CPV,2019,0,0.71812928
3,CPV,2020,0,0.9687729
3,CUX,2018,0,1.99164544
3,CUX,2019,0,2.00810087
3,CUX,2020,0,2.0055053
3,FXS,2018,0,-0.05701642
3,FXS,2019,0,-0.24433304
3,FXS,2020,0,-0.48613423
3,GDP,2018,0,1.07538806
3,GDP,2019,0,1.0696637
3,GDP,2020,0,0.95885466
3,GDPD,2018,0,1.11691996
3,GDPD,2019,0,-0.0961928
3,GDPD,2020,0,-0.09605244
3,GDPGAP,2018,0,0.98960803
3,GDPGAP,2019,0,0.99141924
3,GDPGAP,2020,0,0.91873751
3,GDPPOT,2018,0,0.10879849
3,GDPPOT,2019,0,0.09190213
3,GDPPOT,2020,0,0.0104498
3,GDPV,2018,0,1.14384779
3,GDPV,2019,0,1.34986804
3,GDPV,2020,0,1.5205896
3,IFP,2018,0,-0.12704557
3,IFP,2019,0,-0.64734745
3,IFP,2020,0,-1.21978035
3,IFPV,2018,0,0.1439515
3,IFPV,2019,0,-0.09685932
3,IFPV,2020,0,-0.39406548
3,IG,2018,0,19.84843985
3,IG,2019,0,18.84613544
3,IG,2020,0,16.9966355
3,IGV,2018,0,20.13905824
3,IGV,2019,0,19.50064569
3,IGV,2020,0,18.03290346
3,IHP,2018,0,0.19352456
3,IHP,2019,0,0.41206058
3,IHP,2020,0,0.39308449
3,IHPV,2018,0,0.20787283
3,IHPV,2019,0,0.65029676
3,IHPV,2020,0,0.93952235
3,KFP,2018,0,-0.00747677
3,KFP,2019,0,-0.05652485
3,KFP,2020,0,-0.17000885
3,KG,2018,0,0.45464598
3,KG,2019,0,1.14655808
3,KG,2020,0,1.76544098
3,KHP,2018,0,0.00506853
3,KHP,2019,0,0.02290975
3,KHP,2020,0,0.04334772
3,LE,2018,0,0.21805505
3,LE,2019,0,0.22431903
3,LE,2020,0,0.15650862
3,LF,2018,0,0.18460926
3,LF,2019,0,0.17921873
3,LF,2020,0,0.1105985
3,LH,2018,0,0.29229798
3,LH,2019,0,0.28831755
3,LH,2020,0,0.23705969
3,M2CD,2018,0,0.69358458
3,M2CD,2019,0,0.56609437
3,M2CD,2020,0,0.71674985
3,MGS,2018,0,0.37919843
3,MGS,2019,0,0.8083477
3,MGS,2020,0,0.81268783
3,MGSV,2018,0,0.3493449
3,MGSV,2019,0,0.70837827
3,MGSV,2020,0,0.65887705
3,NIV,2018,0,1.45532559
3,NIV,2019,0,1.48980767
3,NIV,2020,0,1.36557172
3,PCP,2018,0,0.02238316
3,PCP,2019,0,0.22525484
3,PCP,2020,0,0.50451573
3,PERR,2018,0,-0.7016993
3,PERR,2019,0,-1.63507198
3,PERR,2020,0,-3.12908832
3,PGDP,2018,0,0.06771521
3,PGDP,2019,0,0.27726683
3,PGDP,2020,0,0.5564158
3,PIFP,2018,0,0.27139426
3,PIFP,2019,0,0.55424254
3,PIFP,2020,0,0.83598681
3,PIHP,2018,0,0.01429906
3,PIHP,2019,0,0.23722602
3,PIHP,2020,0,0.54432264
3,PLAND,2018,0,0.00672107
3,PLAND,2019,0,0.09828073
3,PLAND,2020,0,0.30638198
3,PMGS,2018,0,-0.02969288
3,PMGS,2019,0,-0.09916144
3,PMGS,2020,0,-0.15257516
3,PSHARE,2018,0,-1.07069988
3,PSHARE,2019,0,-4.502356
3,PSHARE,2020,0,-6.21954588
3,PXGS,2018,0,-0.0227729
3,PXGS,2019,0,-0.09764238
3,PXGS,2020,0,-0.19441007
3,RCD,2018,0,0.1177427
3,RCD,2019,0,0.2299542
3,RCD,2020,0,0.2537371
3,RGB,2018,0,0.05528309
3,RGB,2019,0,0.10563985
3,RGB,2020,0,0.12608375
3,SBGVATGDPV,2018,0,-2.24174473
3,SBGVATGDPV,2019,0,-2.38523954
3,SBGVATGDPV,2020,0,-2.57673044
3,TAXV,2018,0,1.13743332
3,TAXV,2019,0,2.04280144
3,TAXV,2020,0,2.03114081
3,TCIV,2018,0,1.08750264
3,TCIV,2019,0,1.32038407
3,TCIV,2020,0,1.44914516
3,TYCV,2018,0,1.82078253
3,TYCV,2019,0,3.99591904
3,TYCV,2020,0,3.56508236
3,TYPV,2018,0,1.19588662
3,TYPV,2019,0,1.79707327
3,TYPV,2020,0,1.81259179
3,UCC,2018,0,-0.54485727
3,UCC,2019,0,-0.09641097
3,UCC,2020,0,-0.24404598
3,UR,2018,0,-0.03256432
3,UR,2019,0,-0.04397009
3,UR,2020,0,-0.04459485
3,WIPH,2018,0,0.47634175
3,WIPH,2019,0,0.59815306
3,WIPH,2020,0,0.70870605
3,XGS,2018,0,-0.0006283
3,XGS,2019,0,-0.01080338
3,XGS,2020,0,-0.04241597
3,XGSV,2018,0,-0.02340097
3,XGSV,2019,0,-0.10843372
3,XGSV,2020,0,-0.23674042
3,YCV,2018,0,3.70282266
3,YCV,2019,0,2.79137991
3,YCV,2020,0,2.14253061
3,YDV,2018,0,0.91224695
3,YDV,2019,0,1.15190889
3,YDV,2020,0,1.15857077
3,YWV,2018,0,0.93894644
3,YWV,2019,0,1.05702278
3,YWV,2020,0,1.04738893
4,GDP,2018,1,0.0150691
4,GDP,2018,2,0.18979378
4,GDP,2018,3,0.38444906
4,GDP,2018,4,0.34279096
4,GDP,2019,1,0.35585792
4,GDP,2019,2,0.36705517
4,GDP,2019,3,0.37542839
4,GDP,2019,4,0.36542411
4,GDP,2020,1,0.36127773
4,GDP,2020,2,0.33808126
4,GDP,2020,3,0.34542007
4,GDP,2020,4,0.32623514
4,CP,2018,1,3.826e-05
4,CP,2018,2,0.4153453
4,CP,2018,3,0.94286144
4,CP,2018,4,1.00873945
4,CP,2019,1,1.05460064
4,CP,2019,2,1.1020001
4,CP,2019,3,1.16235785
4,CP,2019,4,1.20030033
4,CP,2020,1,1.20793589
4,CP,2020,2,1.21964837
4,CP,2020,3,1.17984318
4,CP,2020,4,1.16721519
4,IFP,2018,1,-0.00068127
4,IFP,2018,2,-0.00885271
4,IFP,2018,3,-0.02577683
4,IFP,2018,4,-0.04092107
4,IFP,2019,1,-0.06270167
4,IFP,2019,2,-0.10258179
4,IFP,2019,3,-0.15852451
4,IFP,2019,4,-0.22378302
4,IFP,2020,1,-0.28684968
4,IFP,2020,2,-0.33948628
4,IFP,2020,3,-0.38213262
4,IFP,2020,4,-0.41625707
4,IHP,2018,1,0.366883
4,IHP,2018,2,0.38959541
4,IHP,2018,3,0.67677997
4,IHP,2018,4,0.69430808
4,IHP,2019,1,0.7215869
4,IHP,2019,2,0.73906307
4,IHP,2019,3,0.75262302
4,IHP,2019,4,0.7583588
4,IHP,2020,1,0.75342819
4,IHP,2020,2,0.69108616
4,IHP,2020,3,0.72228962
4,IHP,2020,4,0.68706219
4,IG,2018,1,0.0
4,IG,2018,2,0.0
4,IG,2018,3,0.0
4,IG,2018,4,0.0
4,IG,2019,1,0.0
4,IG,2019,2,0.0
4,IG,2019,3,0.0
4,IG,2019,4,0.0
4,IG,2020,1,0.0
4,IG,2020,2,0.0
4,IG,2020,3,0.0
4,IG,2020,4,0.0
4,CG,2018,1,0.0
4,CG,2018,2,-0.0
4,CG,2018,3,-0.0
4,CG,2018,4,-0.0
4,CG,2019,1,0.0
4,CG,2019,2,-0.0
4,CG,2019,3,0.0
4,CG,2019,4,0.0
4,CG,2020,1,0.0
4,CG,2020,2,0.0
4,CG,2020,3,0.0
4,CG,2020,4,0.0
4,XGS,2018,1,0.0
4,XGS,2018,2,-2.17e-06
4,XGS,2018,3,-3.287e-05
4,XGS,2018,4,-0.00015485
4,XGS,2019,1,-0.00045524
4,XGS,2019,2,-0.00105088
4,XGS,2019,3,-0.00205995
4,XGS,2019,4,-0.00355707
4,XGS,2020,1,-0.00557243
4,XGS,2020,2,-0.00809026
4,XGS,2020,3,-0.01102999
4,XGS,2020,4,-0.01430218
4,MGS,2018,1,0.00175543
4,MGS,2018,2,0.32588159
4,MGS,2018,3,0.99689243
4,MGS,2018,4,1.41547594
4,MGS,2019,1,1.51241172
4,MGS,2019,2,1.54781958
4,MGS,2019,3,1.62855073
4,MGS,2019,4,1.72103784
4,MGS,2020,1,1.75351215
4,MGS,2020,2,1.75135249
4,MGS,2020,3,1.75090412
4,MGS,2020,4,1.71839658
4,GDPD,2018,1,0.06017009
4,GDPD,2018,2,0.7032503
4,GDPD,2018,3,0.77351824
4,GDPD,2018,4,-0.16611345
4,GDPD,2019,1,0.05213215
4,GDPD,2019,2,0.04481515
4,GDPD,2019,3,0.0333972
4,GDPD,2019,4,-0.03871802
4,GDPD,2020,1,-0.01658006
4,GDPD,2020,2,-0.08579199
4,GDPD,2020,3,0.03072759
4,GDPD,2020,4,-0.07773855
4,PGDP,2018,1,0.00045255
4,PGDP,2018,2,0.00014276
4,PGDP,2018,3,-0.00454476
4,PGDP,2018,4,-0.00290792
4,PGDP,2019,1,0.01275805
4,PGDP,2019,2,0.03145878
4,PGDP,2019,3,0.05448996
4,PGDP,2019,4,0.08019612
4,PGDP,2020,1,0.10612334
4,PGDP,2020,2,0.13923333
4,PGDP,2020,3,0.15860594
4,PGDP,2020,4,0.18382203
4,PCP,2018,1,-3.94e-05
4,PCP,2018,2,-0.00038762
4,PCP,2018,3,0.00042518
4,PCP,2018,4,0.00599436
4,PCP,2019,1,0.01785107
4,PCP,2019,2,0.03557711
4,PCP,2019,3,0.05687982
4,PCP,2019,4,0.07953427
4,PCP,2020,1,0.10312047
4,PCP,2020,2,0.12762048
4,PCP,2020,3,0.15275251
4,PCP,2020,4,0.17811733
4,PIFP,2018,1,0.00240201
4,PIFP,2018,2,0.0319205
4,PIFP,2018,3,0.07644314
4,PIFP,2018,4,0.09512899
4,PIFP,2019,1,0.11731424
4,PIFP,2019,2,0.14130062
4,PIFP,2019,3,0.16944952
4,PIFP,2019,4,0.1929297
4,PIFP,2020,1,0.22005419
4,PIFP,2020,2,0.24001856
4,PIFP,2020,3,0.27085095
4,PIFP,2020,4,0.29723093
4,PIHP,2018,1,-0.00015374
4,PIHP,2018,2,-0.00157291
4,PIHP,2018,3,-0.00287977
4,PIHP,2018,4,0.00130986
4,PIHP,2019,1,0.01572999
4,PIHP,2019,2,0.03587731
4,PIHP,2019,3,0.06134505
4,PIHP,2019,4,0.08741366
4,PIHP,2020,1,0.11311122
4,PIHP,2020,2,0.14800592
4,PIHP,2020,3,0.1784023
4,PIHP,2020,4,0.20418292
4,PXGS,2018,1,-9.097e-05
4,PXGS,2018,2,-0.00119619
4,PXGS,2018,3,-0.00382752
4,PXGS,2018,4,-0.00748096
4,PXGS,2019,1,-0.01247018
4,PXGS,2019,2,-0.01862219
4,PXGS,2019,3,-0.02548586
4,PXGS,2019,4,-0.03303573
4,PXGS,2020,1,-0.04101675
4,PXGS,2020,2,-0.04868742
4,PXGS,2020,3,-0.05684678
4,PXGS,2020,4,-0.06525355
4,PMGS,2018,1,-8.889e-05
4,PMGS,2018,2,-0.0007844
4,PMGS,2018,3,-0.01483979
4,PMGS,2018,4,-0.03725437
4,PMGS,2019,1,-0.00735041
4,PMGS,2019,2,-0.02207535
4,PMGS,2019,3,-0.00481697
4,PMGS,2019,4,-0.01280205
4,PMGS,2020,1,-0.02689689
4,PMGS,2020,2,0.08398546
4,PMGS,2020,3,0.05740167
4,PMGS,2020,4,0.04273981
4,CGPI,2018,1,-5.072e-05
4,CGPI,2018,2,0.00014128
4,CGPI,2018,3,0.00529013
4,CGPI,2018,4,0.01340518
4,CGPI,2019,1,0.02669443
4,CGPI,2019,2,0.03678014
4,CGPI,2019,3,0.05532699
4,CGPI,2019,4,0.06952459
4,CGPI,2020,1,0.08188252
4,CGPI,2020,2,0.12078718
4,CGPI,2020,3,0.13089101
4,CGPI,2020,4,0.14459684
4,GDPV,2018,1,0.01552172
4,GDPV,2018,2,0.1899368
4,GDPV,2018,3,0.37988682
4,GDPV,2018,4,0.33987308
4,GDPV,2019,1,0.36866137
4,GDPV,2019,2,0.39862941
4,GDPV,2019,3,0.43012292
4,GDPV,2019,4,0.44591328
4,GDPV,2020,1,0.46778447
4,GDPV,2020,2,0.47778532
4,GDPV,2020,3,0.50457387
4,GDPV,2020,4,0.51065686
4,CPV,2018,1,-1.14e-06
4,CPV,2018,2,0.41495607
4,CPV,2018,3,0.94329063
4,CPV,2018,4,1.01479427
4,CPV,2019,1,1.07263996
4,CPV,2019,2,1.13796927
4,CPV,2019,3,1.21989881
4,CPV,2019,4,1.28078926
4,CPV,2020,1,1.31230199
4,CPV,2020,2,1.34882536
4,CPV,2020,3,1.33439793
4,CPV,2020,4,1.34741153
4,IFPV,2018,1,0.00172073
4,IFPV,2018,2,0.02306497
4,IFPV,2018,3,0.0506466
4,IFPV,2018,4,0.054169
4,IFPV,2019,1,0.05453901
4,IFPV,2019,2,0.03857388
4,IFPV,2019,3,0.01065638
4,IFPV,2019,4,-0.03128506
4,IFPV,2020,1,-0.06742672
4,IFPV,2020,2,-0.10028255
4,IFPV,2020,3,-0.11231667
4,IFPV,2020,4,-0.12026339
4,IHPV,2018,1,0.3667287
4,IHPV,2018,2,0.38801638
4,IHPV,2018,3,0.67388071
4,IHPV,2018,4,0.69562704
4,IHPV,2019,1,0.73743039
4,IHPV,2019,2,0.77520553
4,IHPV,2019,3,0.81442977
4,IHPV,2019,4,0.84643537
4,IHPV,2020,1,0.86739162
4,IHPV,2020,2,0.84011493
4,IHPV,2020,3,0.9019805
4,IHPV,2020,4,0.89264798
4,IGV,2018,1,0.00208657
4,IGV,2018,2,0.02783081
4,IGV,2018,3,0.0667378
4,IGV,2018,4,0.08403748
4,IGV,2019,1,0.107116
4,IGV,2019,2,0.13348364
4,IGV,2019,3,0.16513773
4,IGV,2019,4,0.19300375
4,IGV,2020,1,0.22411482
4,IGV,2020,2,0.25119002
4,IGV,2020,3,0.28690956
4,IGV,2020,4,0.31759903
4,CGV,2018,1,0.0
4,CGV,2018,2,-1.472e-05
4,CGV,2018,3,-0.00010942
4,CGV,2018,4,0.00101985
4,CGV,2019,1,0.00584129
4,CGV,2019,2,0.01538992
4,CGV,2019,3,0.02961792
4,CGV,2019,4,0.04675555
4,CGV,2020,1,0.06542661
4,CGV,2020,2,0.08516864
4,CGV,2020,3,0.10577901
4,CGV,2020,4,0.12690181
4,XGSV,2018,1,-9.097e-05
4,XGSV,2018,2,-0.00119836
4,XGSV,2018,3,-0.00386038
4,XGSV,2018,4,-0.0076358
4,XGSV,2019,1,-0.01292536
4,XGSV,2019,2,-0.01967287
4,XGSV,2019,3,-0.02754529
4,XGSV,2019,4,-0.03659163
4,XGSV,2020,1,-0.04658689
4,XGSV,2020,2,-0.05677375
4,XGSV,2020,3,-0.0678705
4,XGSV,2020,4,-0.0795464
4,MGSV,2018,1,0.00166654
4,MGSV,2018,2,0.32509463
4,MGSV,2018,3,0.9819047
4,MGSV,2018,4,1.37769425
4,MGSV,2019,1,1.50495014
4,MGSV,2019,2,1.52540254
4,MGSV,2019,3,1.62365531
4,MGSV,2019,4,1.70801546
4,MGSV,2020,1,1.72614362
4,MGSV,2020,2,1.83680883
4,MGSV,2020,3,1.80931083
4,MGSV,2020,4,1.76187083
4,NIV,2018,1,0.02166487
4,NIV,2018,2,0.24877947
4,NIV,2018,3,0.48466691
4,NIV,2018,4,0.41346006
4,NIV,2019,1,0.43312486
4,NIV,2019,2,0.45441326
4,NIV,2019,3,0.44769435
4,NIV,2019,4,0.4249199
4,NIV,2020,1,0.39179359
4,NIV,2020,2,0.35601178
4,NIV,2020,3,0.34006939
4,NIV,2020,4,0.32778865
4,YWV,2018,1,0.01220397
4,YWV,2018,2,0.13712976
4,YWV,2018,3,0.27843908
4,YWV,2018,4,0.26372874
4,YWV,2019,1,0.2935918
4,YWV,2019,2,0.31175133
4,YWV,2019,3,0.28728007
4,YWV,2019,4,0.28075212
4,YWV,2020,1,0.25876306
4,YWV,2020,2,0.24449118
4,YWV,2020,3,0.22727222
4,YWV,2020,4,0.23834457
4,YCV,2018,1,0.07487038
4,YCV,2018,2,0.74825039
4,YCV,2018,3,1.39150602
4,YCV,2018,4,1.01379258
4,YCV,2019,1,0.89471182
4,YCV,2019,2,0.88326091
4,YCV,2019,3,0.92536072
4,YCV,2019,4,0.96059889
4,YCV,2020,1,0.69747339
4,YCV,2020,2,0.69863347
4,YCV,2020,3,0.53740925
4,YCV,2020,4,0.37019308
4,YDV,2018,1,1.9222062
4,YDV,2018,2,2.06883093
4,YDV,2018,3,2.16213743
4,YDV,2018,4,2.15500546
4,YDV,2019,1,2.20845843
4,YDV,2019,2,2.2597915
4,YDV,2019,3,2.22222198
4,YDV,2019,4,2.1623418
4,YDV,2020,1,2.15698845
4,YDV,2020,2,1.86126333
4,YDV,2020,3,2.05165451
4,YDV,2020,4,2.14147363
4,TAXV,2018,1,-5.61808833
4,TAXV,2018,2,-5.39159918
4,TAXV,2018,3,-5.18856512
4,TAXV,2018,4,-5.01878819
4,TAXV,2019,1,-4.92202815
4,TAXV,2019,2,-4.99535623
4,TAXV,2019,3,-4.88387938
4,TAXV,2019,4,-4.81497563
4,TAXV,2020,1,-4.72026404
4,TAXV,2020,2,-4.49113317
4,TAXV,2020,3,-4.61870596
4,TAXV,2020,4,-4.61787293
4,TYPV,2018,1,-19.18746315
4,TYPV,2018,2,-18.37631825
4,TYPV,2018,3,-18.14646279
4,TYPV,2018,4,-18.10503717
4,TYPV,2019,1,-17.51561197
4,TYPV,2019,2,-18.77803372
4,TYPV,2019,3,-18.33889782
4,TYPV,2019,4,-18.00885789
4,TYPV,2020,1,-17.9213294
4,TYPV,2020,2,-16.87908595
4,TYPV,2020,3,-17.81584305
4,TYPV,2020,4,-17.75078769
4,TYCV,2018,1,0.00236638
4,TYCV,2018,2,0.04873922
4,TYCV,2018,3,0.30113245
4,TYCV,2018,4,0.68906208
4,TYCV,2019,1,0.99604014
4,TYCV,2019,2,1.21608077
4,TYCV,2019,3,1.29006198
4,TYCV,2019,4,1.19715596
4,TYCV,2020,1,1.20656422
4,TYCV,2020,2,1.17449878
4,TYCV,2020,3,1.16466117
4,TYCV,2020,4,1.06665221
4,TCIV,2018,1,0.01392408
4,TCIV,2018,2,0.2220689
4,TCIV,2018,3,0.50091622
4,TCIV,2018,4,0.5366291
4,TCIV,2019,1,0.56672689
4,TCIV,2019,2,0.59838615
4,TCIV,2019,3,0.63906459
4,TCIV,2019,4,0.65674246
4,TCIV,2020,1,0.66805191
4,TCIV,2020,2,0.67090466
4,TCIV,2020,3,0.68137107
4,TCIV,2020,4,0.7010895
4,WIPH,2018,1,0.00620749
4,WIPH,2018,2,0.0650494
4,WIPH,2018,3,0.13244209
4,WIPH,2018,4,0.12437427
4,WIPH,2019,1,0.14464468
4,WIPH,2019,2,0.15630649
4,WIPH,2019,3,0.14434734
4,WIPH,2019,4,0.14824916
4,WIPH,2020,1,0.14170267
4,WIPH,2020,2,0.14783522
4,WIPH,2020,3,0.13774482
4,WIPH,2020,4,0.15490082
4,LE,2018,1,0.0026651
4,LE,2018,2,0.02893849
4,LE,2018,3,0.05999381
4,LE,2018,4,0.06077506
4,LE,2019,1,0.07082114
4,LE,2019,2,0.07187528
4,LE,2019,3,0.06028733
4,LE,2019,4,0.05522363
4,LE,2020,1,0.04383703
4,LE,2020,2,0.03832501
4,LE,2020,3,0.02373908
4,LE,2020,4,0.01776058
4,LF,2018,1,0.00234843
4,LF,2018,2,0.0247208
4,LF,2018,3,0.04976678
4,LF,2018,4,0.04856318
4,LF,2019,1,0.05721394
4,LF,2019,2,0.05729379
4,LF,2019,3,0.04473999
4,LF,2019,4,0.03904199
4,LF,2020,1,0.02716048
4,LF,2020,2,0.02152914
4,LF,2020,3,0.00649369
4,LF,2020,4,0.00061258
4,LH,2018,1,0.00402158
4,LH,2018,2,0.05002219
4,LH,2018,3,0.10077754
4,LH,2018,4,0.09278044
4,LH,2019,1,0.09518975
4,LH,2019,2,0.0989437
4,LH,2019,3,0.09801574
4,LH,2019,4,0.0919208
4,LH,2020,1,0.08857142
4,LH,2020,2,0.07097428
4,LH,2020,3,0.07765035
4,LH,2020,4,0.07875252
4,UR,2018,1,-0.00030826
4,UR,2018,2,-0.00411014
4,UR,2018,3,-0.00998183
4,UR,2018,4,-0.01191132
4,UR,2019,1,-0.01327101
4,UR,2019,2,-0.01421583
4,UR,2019,3,-0.01519501
4,UR,2019,4,-0.01580846
4,UR,2020,1,-0.01626466
4,UR,2020,2,-0.01632828
4,UR,2020,3,-0.01673826
4,UR,2020,4,-0.01663284
4,CUX,2018,1,0.02847098
4,CUX,2018,2,0.36662204
4,CUX,2018,3,0.74212632
4,CUX,2018,4,0.64721415
4,CUX,2019,1,0.66327665
4,CUX,2019,2,0.68663397
4,CUX,2019,3,0.72984828
4,CUX,2019,4,0.72582257
4,CUX,2020,1,0.74362473
4,CUX,2020,2,0.72717548
4,CUX,2020,3,0.76686386
4,CUX,2020,4,0.73523276
4,GDPPOT,2018,1,0.00140304
4,GDPPOT,2018,2,0.01475994
4,GDPPOT,2018,3,0.02960803
4,GDPPOT,2018,4,0.02857199
4,GDPPOT,2019,1,0.03323324
4,GDPPOT,2019,2,0.03251314
4,GDPPOT,2019,3,0.02376818
4,GDPPOT,2019,4,0.01841248
4,GDPPOT,2020,1,0.00876261
4,GDPPOT,2020,2,0.00206225
4,GDPPOT,2020,3,-0.01055052
4,GDPPOT,2020,4,-0.01812088
4,GDPGAP,2018,1,0.01402474
4,GDPGAP,2018,2,0.18010409
4,GDPGAP,2018,3,0.36278958
4,GDPGAP,2018,4,0.32103028
4,GDPGAP,2019,1,0.3295219
4,GDPGAP,2019,2,0.34257125
4,GDPGAP,2019,3,0.35973816
4,GDPGAP,2019,4,0.343253
4,GDPGAP,2020,1,0.35025364
4,GDPGAP,2020,2,0.31156977
4,GDPGAP,2020,3,0.34591649
4,GDPGAP,2020,4,0.33839193
4,RCD,2018,1,0.00098955
4,RCD,2018,2,0.01217706
4,RCD,2018,3,0.02962374
4,RCD,2018,4,0.0392765
4,RCD,2019,1,0.05224474
4,RCD,2019,2,0.06381053
4,RCD,2019,3,0.07209072
4,RCD,2019,4,0.0785775
4,RCD,2020,1,0.08274003
4,RCD,2020,2,0.08527
4,RCD,2020,3,0.08688326
4,RCD,2020,4,0.08915127
4,RGB,2018,1,0.00050478
4,RGB,2018,2,0.00614867
4,RGB,2018,3,0.01433506
4,RGB,2018,4,0.01813508
4,RGB,2019,1,0.02412635
4,RGB,2019,2,0.02926559
4,RGB,2019,3,0.03293212
4,RGB,2019,4,0.03602805
4,RGB,2020,1,0.03827211
4,RGB,2020,2,0.04013458
4,RGB,2020,3,0.04191325
4,RGB,2020,4,0.04428762
4,PERR,2018,1,-0.0037467
4,PERR,2018,2,-0.0481907
4,PERR,2018,3,-0.13701154
4,PERR,2018,4,-0.24350207
4,PERR,2019,1,-0.34596854
4,PERR,2019,2,-0.4258886
4,PERR,2019,3,-0.49152895
4,PERR,2019,4,-0.61110242
4,PERR,2020,1,-0.73794226
4,PERR,2020,2,-0.937759
4,PERR,2020,3,-1.19027581
4,PERR,2020,4,-1.18883403
4,UCC,2018,1,-0.00060111
4,UCC,2018,2,-0.02032333
4,UCC,2018,3,-0.12698153
4,UCC,2018,4,-0.25290014
4,UCC,2019,1,-0.28608416
4,UCC,2019,2,-0.23458662
4,UCC,2019,3,-0.10842583
4,UCC,2019,4,-0.04589164
4,UCC,2020,1,-0.09241873
4,UCC,2020,2,-0.1215798
4,UCC,2020,3,-0.16564737
4,UCC,2020,4,-0.20387062
4,FXS,2018,1,-0.00022782
4,FXS,2018,2,-0.00299558
4,FXS,2018,3,-0.00958495
4,FXS,2018,4,-0.01873349
4,FXS,2019,1,-0.03122607
4,FXS,2019,2,-0.04662892
4,FXS,2019,3,-0.06381188
4,FXS,2019,4,-0.08271066
4,FXS,2020,1,-0.10268634
4,FXS,2020,2,-0.12188302
4,FXS,2020,3,-0.14230023
4,FXS,2020,4,-0.16333394
4,PSHARE,2018,1,-0.00091029
4,PSHARE,2018,2,-0.01752283
4,PSHARE,2018,3,-0.12495054
4,PSHARE,2018,4,-0.36010338
4,PSHARE,2019,1,-0.65656286
4,PSHARE,2019,2,-0.99080937
4,PSHARE,2019,3,-1.30244478
4,PSHARE,2019,4,-1.57099325
4,PSHARE,2020,1,-1.80033087
4,PSHARE,2020,2,-1.97429331
4,PSHARE,2020,3,-2.09303558
4,PSHARE,2020,4,-2.18081387
4,PLAND,2018,1,-1.208e-05
4,PLAND,2018,2,-8.585e-05
4,PLAND,2018,3,0.00026067
4,PLAND,2018,4,0.00157356
4,PLAND,2019,1,0.00522776
4,PLAND,2019,2,0.01117852
4,PLAND,2019,3,0.02111113
4,PLAND,2019,4,0.03320861
4,PLAND,2020,1,0.04808161
4,PLAND,2020,2,0.06701496
4,PLAND,2020,3,0.08403733
4,PLAND,2020,4,0.10431232
4,M2CD,2018,1,0.01151766
4,M2CD,2018,2,0.14622595
4,M2CD,2018,3,0.28091125
4,M2CD,2018,4,0.21457148
4,M2CD,2019,1,0.19946722
4,M2CD,2019,2,0.19449222
4,M2CD,2019,3,0.20169187
4,M2CD,2019,4,0.19756901
4,M2CD,2020,1,0.20848324
4,M2CD,2020,2,0.20693507
4,M2CD,2020,3,0.23933395
4,M2CD,2020,4,0.24288633
4,BGVATGDPV,2018,1,-0.99790931
4,BGVATGDPV,2018,2,-0.97153783
4,BGVATGDPV,2018,3,-0.92680445
4,BGVATGDPV,2018,4,-0.90244796
4,BGVATGDPV,2019,1,-0.88031434
4,BGVATGDPV,2019,2,-0.86633394
4,BGVATGDPV,2019,3,-0.86230339
4,BGVATGDPV,2019,4,-0.86469563
4,BGVATGDPV,2020,1,-0.86645213
4,BGVATGDPV,2020,2,-0.83498099
4,BGVATGDPV,2020,3,-0.84317832
4,BGVATGDPV,2020,4,-0.85325007
4,SBGVATGDPV,2018,1,0.21443933
4,SBGVATGDPV,2018,2,0.06292771
4,SBGVATGDPV,2018,3,-0.12885798
4,SBGVATGDPV,2018,4,0.17662741
4,SBGVATGDPV,2019,1,0.32409659
4,SBGVATGDPV,2019,2,0.46580062
4,SBGVATGDPV,2019,3,0.60655888
4,SBGVATGDPV,2019,4,0.80473079
4,SBGVATGDPV,2020,1,0.97336908
4,SBGVATGDPV,2020,2,1.20845636
4,SBGVATGDPV,2020,3,1.28167581
4,SBGVATGDPV,2020,4,1.45977372
4,BCVATGDPV,2018,1,-0.00095019
4,BCVATGDPV,2018,2,-0.06494572
4,BCVATGDPV,2018,3,-0.19210955
4,BCVATGDPV,2018,4,-0.27172959
4,BCVATGDPV,2019,1,-0.27982178
4,BCVATGDPV,2019,2,-0.29339264
4,BCVATGDPV,2019,3,-0.34272688
4,BCVATGDPV,2019,4,-0.38860412
4,BCVATGDPV,2020,1,-0.40894176
4,BCVATGDPV,2020,2,-0.44002205
4,BCVATGDPV,2020,3,-0.45040957
4,BCVATGDPV,2020,4,-0.45895416
4,KFP,2018,1,-2.115e-05
4,KFP,2018,2,-0.00030211
4,KFP,2018,3,-0.00108962
4,KFP,2018,4,-0.00234595
4,KFP,2019,1,-0.00425256
4,KFP,2019,2,-0.00734801
4,KFP,2019,3,-0.01219598
4,KFP,2019,4,-0.01853547
4,KFP,2020,1,-0.02682162
4,KFP,2020,2,-0.03584051
4,KFP,2020,3,-0.04591676
4,KFP,2020,4,-0.05690329
4,KHP,2018,1,0.00485175
4,KHP,2018,2,0.00981832
4,KHP,2018,3,0.01846737
4,KHP,2018,4,0.02734586
4,KHP,2019,1,0.0367332
4,KHP,2019,2,0.04634032
4,KHP,2019,3,0.05604835
4,KHP,2019,4,0.06556359
4,KHP,2020,1,0.07445999
4,KHP,2020,2,0.08251435
4,KHP,2020,3,0.09049628
4,KHP,2020,4,0.09796881
4,KG,2018,1,0.0
4,KG,2018,2,-0.0
4,KG,2018,3,-0.0
4,KG,2018,4,-0.0
4,KG,2019,1,-0.0
4,KG,2019,2,-0.0
4,KG,2019,3,-0.0
4,KG,2019,4,0.0
4,KG,2020,1,0.0
4,KG,2020,2,0.0
4,KG,2020,3,0.0
4,KG,2020,4,0.0
4,BCVATGDPV,2018,0,-0.13243376
4,BCVATGDPV,2019,0,-0.32613635
4,BCVATGDPV,2020,0,-0.43958189
4,BGVATGDPV,2018,0,-0.94967489
4,BGVATGDPV,2019,0,-0.86841183
4,BGVATGDPV,2020,0,-0.84946538
4,CG,2018,0,-0.0
4,CG,2019,0,0.0
4,CG,2020,0,0.0
4,CGPI,2018,0,0.00469647
4,CGPI,2019,0,0.04708154
4,CGPI,2020,0,0.11953939
4,CGV,2018,0,0.00022393
4,CGV,2019,0,0.02440117
4,CGV,2020,0,0.09581902
4,CP,2018,0,0.59174611
4,CP,2019,0,1.12981473
4,CP,2020,0,1.19366066
4,CPV,2018,0,0.59325996
4,CPV,2019,0,1.17782432
4,CPV,2020,0,1.3357342
4,CUX,2018,0,0.44610837
4,CUX,2019,0,0.70139537
4,CUX,2020,0,0.7432242
4,FXS,2018,0,-0.00788546
4,FXS,2019,0,-0.05609438
4,FXS,2020,0,-0.13255088
4,GDP,2018,0,0.23302572
4,GDP,2019,0,0.3659414
4,GDP,2020,0,0.34275355
4,GDPD,2018,0,0.3427063
4,GDPD,2019,0,0.02290662
4,GDPD,2020,0,-0.03734575
4,GDPGAP,2018,0,0.21948717
4,GDPGAP,2019,0,0.34377108
4,GDPGAP,2020,0,0.33653296
4,GDPPOT,2018,0,0.01858575
4,GDPPOT,2019,0,0.02698176
4,GDPPOT,2020,0,-0.00446164
4,GDPV,2018,0,0.23130461
4,GDPV,2019,0,0.41083175
4,GDPV,2020,0,0.49020013
4,IFP,2018,0,-0.01905797
4,IFP,2019,0,-0.13689775
4,IFP,2020,0,-0.35618141
4,IFPV,2018,0,0.03240032
4,IFPV,2019,0,0.01812105
4,IFPV,2020,0,-0.10007233
4,IG,2018,0,0.0
4,IG,2019,0,0.0
4,IG,2020,0,0.0
4,IGV,2018,0,0.04517316
4,IGV,2019,0,0.14968528
4,IGV,2020,0,0.26995336
4,IHP,2018,0,0.53189162
4,IHP,2019,0,0.74290795
4,IHP,2020,0,0.71346654
4,IHPV,2018,0,0.53106321
4,IHPV,2019,0,0.79337527
4,IHPV,2020,0,0.87553376
4,KFP,2018,0,-0.00093971
4,KFP,2019,0,-0.010583
4,KFP,2020,0,-0.04137055
4,KG,2018,0,-0.0
4,KG,2019,0,0.0
4,KG,2020,0,0.0
4,KHP,2018,0,0.01512082
4,KHP,2019,0,0.05117136
4,KHP,2020,0,0.08635986
4,LE,2018,0,0.03809312
4,LE,2019,0,0.06455185
4,LE,2020,0,0.03091542
4,LF,2018,0,0.0313498
4,LF,2019,0,0.04957243
4,LF,2020,0,0.01394897
4,LH,2018,0,0.06190044
4,LH,2019,0,0.0960175
4,LH,2020,0,0.07898714
4,M2CD,2018,0,0.16330659
4,M2CD,2019,0,0.19830508
4,M2CD,2020,0,0.22440965
4,MGS,2018,0,0.68500135
4,MGS,2019,0,1.60245497
4,MGS,2020,0,1.74354134
4,MGSV,2018,0,0.67159003
4,MGSV,2019,0,1.59050586
4,MGSV,2020,0,1.78353353
4,NIV,2018,0,0.29214283
4,NIV,2019,0,0.44003809
4,NIV,2020,0,0.35391585
4,PCP,2018,0,0.00149813
4,PCP,2019,0,0.04746057
4,PCP,2020,0,0.1404027
4,PERR,2018,0,-0.10811275
4,PERR,2019,0,-0.46862213
4,PERR,2020,0,-1.01370277
4,PGDP,2018,0,-0.00171434
4,PGDP,2019,0,0.04472572
4,PGDP,2020,0,0.14694616
4,PIFP,2018,0,0.05147366
4,PIFP,2019,0,0.15524852
4,PIFP,2020,0,0.25703866
4,PIHP,2018,0,-0.00082414
4,PIHP,2019,0,0.0500915
4,PIHP,2020,0,0.16092559
4,PLAND,2018,0,0.00043407
4,PLAND,2019,0,0.01768151
4,PLAND,2020,0,0.07586155
4,PMGS,2018,0,-0.01324186
4,PMGS,2019,0,-0.0117612
4,PMGS,2020,0,0.03930751
4,PSHARE,2018,0,-0.12587176
4,PSHARE,2019,0,-1.13020256
4,PSHARE,2020,0,-2.01211841
4,PXGS,2018,0,-0.00314891
4,PXGS,2019,0,-0.02240349
4,PXGS,2020,0,-0.05295113
4,RCD,2018,0,0.02051671
4,RCD,2019,0,0.06668087
4,RCD,2020,0,0.08601114
4,RGB,2018,0,0.0097809
4,RGB,2019,0,0.03058803
4,RGB,2020,0,0.04115189
4,SBGVATGDPV,2018,0,0.08128412
4,SBGVATGDPV,2019,0,0.55029672
4,SBGVATGDPV,2020,0,1.23081874
4,TAXV,2018,0,-5.3042602
4,TAXV,2019,0,-4.90405985
4,TAXV,2020,0,-4.61199402
4,TCIV,2018,0,0.31838458
4,TCIV,2019,0,0.61523002
4,TCIV,2020,0,0.68035429
4,TYCV,2018,0,0.26032503
4,TYCV,2019,0,1.17483471
4,TYCV,2020,0,1.1530941
4,TYPV,2018,0,-18.45382034
4,TYPV,2019,0,-18.16035035
4,TYPV,2020,0,-17.59176152
4,UCC,2018,0,-0.10020153
4,UCC,2019,0,-0.16874706
4,UCC,2020,0,-0.14587913
4,UR,2018,0,-0.00657789
4,UR,2019,0,-0.01462258
4,UR,2020,0,-0.01649101
4,WIPH,2018,0,0.08201831
4,WIPH,2019,0,0.14838692
4,WIPH,2020,0,0.14554588
4,XGS,2018,0,-4.747e-05
4,XGS,2019,0,-0.00178079
4,XGS,2020,0,-0.00974872
4,XGSV,2018,0,-0.00319638
4,XGSV,2019,0,-0.02418379
4,XGSV,2020,0,-0.06269438
4,YCV,2018,0,0.80710484
4,YCV,2019,0,0.91598309
4,YCV,2020,0,0.5759273
4,YDV,2018,0,2.077045
4,YDV,2019,0,2.21320343
4,YDV,2020,0,2.05284498
4,YWV,2018,0,0.17287539
4,YWV,2019,0,0.29334383
4,YWV,2020,0,0.24221776
5,GDP,2018,1,0.1428921
5,GDP,2018,2,0.29278762
5,GDP,2018,3,0.44212574
5,GDP,2018,4,0.60775243
5,GDP,2019,1,0.61752902
5,GDP,2019,2,0.63317608
5,GDP,2019,3,0.640403
5,GDP,2019,4,0.60801442
5,GDP,2020,1,0.59707535
5,GDP,2020,2,0.56754741
5,GDP,2020,3,0.53247957
5,GDP,2020,4,0.52006194
5,CP,2018,1,0.00036661
5,CP,2018,2,0.0221697
5,CP,2018,3,0.07776231
5,CP,2018,4,0.1427463
5,CP,2019,1,0.21443185
5,CP,2019,2,0.27035881
5,CP,2019,3,0.29500003
5,CP,2019,4,0.30754051
5,CP,2020,1,0.30152478
5,CP,2020,2,0.28868731
5,CP,2020,3,0.26292032
5,CP,2020,4,0.23775272
5,IFP,2018,1,0.82133728
5,IFP,2018,2,1.59962624
5,IFP,2018,3,2.36878379
5,IFP,2018,4,3.12345878
5,IFP,2019,1,3.04008639
5,IFP,2019,2,3.0279558
5,IFP,2019,3,2.9886437
5,IFP,2019,4,2.90618169
5,IFP,2020,1,2.76684083
5,IFP,2020,2,2.62283086
5,IFP,2020,3,2.55659196
5,IFP,2020,4,2.5479205
5,IHP,2018,1,0.01471541
5,IHP,2018,2,0.03424805
5,IHP,2018,3,0.06724184
5,IHP,2018,4,0.11362989
5,IHP,2019,1,0.1475141
5,IHP,2019,2,0.19204331
5,IHP,2019,3,0.21378061
5,IHP,2019,4,0.22870386
5,IHP,2020,1,0.22932599
5,IHP,2020,2,0.20808567
5,IHP,2020,3,0.19585625
5,IHP,2020,4,0.17200551
5,IG,2018,1,0.0
5,IG,2018,2,0.0
5,IG,2018,3,0.0
5,IG,2018,4,0.0
5,IG,2019,1,0.0
5,IG,2019,2,0.0
5,IG,2019,3,0.0
5,IG,2019,4,0.0
5,IG,2020,1,0.0
5,IG,2020,2,0.0
5,IG,2020,3,0.0
5,IG,2020,4,0.0
5,CG,2018,1,0.0
5,CG,2018,2,0.0
5,CG,2018,3,0.0
5,CG,2018,4,0.0
5,CG,2019,1,-0.0
5,CG,2019,2,-0.0
5,CG,2019,3,-0.0
5,CG,2019,4,-0.0
5,CG,2020,1,-0.0
5,CG,2020,2,-0.0
5,CG,2020,3,0.0
5,CG,2020,4,-0.0
5,XGS,2018,1,0.0
5,XGS,2018,2,-2.079e-05
5,XGS,2018,3,-0.00011636
5,XGS,2018,4,-0.00039292
5,XGS,2019,1,-0.00102507
5,XGS,2019,2,-0.00221857
5,XGS,2019,3,-0.00417403
5,XGS,2019,4,-0.00703382
5,XGS,2020,1,-0.01083058
5,XGS,2020,2,-0.01547597
5,XGS,2020,3,-0.02078583
5,XGS,2020,4,-0.0265158
5,MGS,2018,1,0.01661284
5,MGS,2018,2,0.04960909
5,MGS,2018,3,0.12095851
5,MGS,2018,4,0.22657326
5,MGS,2019,1,0.32777891
5,MGS,2019,2,0.41222468
5,MGS,2019,3,0.47017
5,MGS,2019,4,0.50264696
5,MGS,2020,1,0.50821717
5,MGS,2020,2,0.48805341
5,MGS,2020,3,0.46801076
5,MGS,2020,4,0.43503734
5,GDPD,2018,1,0.57056035
5,GDPD,2018,2,0.60254519
5,GDPD,2018,3,0.59282818
5,GDPD,2018,4,0.66006432
5,GDPD,2019,1,0.03890215
5,GDPD,2019,2,0.06246195
5,GDPD,2019,3,0.02874885
5,GDPD,2019,4,-0.12501842
5,GDPD,2020,1,-0.04363653
5,GDPD,2020,2,-0.10895287
5,GDPD,2020,3,-0.14649405
5,GDPD,2020,4,-0.05022339
5,PGDP,2018,1,0.00654055
5,PGDP,2018,2,0.01701795
5,PGDP,2018,3,0.02900942
5,PGDP,2018,4,0.04845538
5,PGDP,2019,1,0.05966853
5,PGDP,2019,2,0.08194204
5,PGDP,2019,3,0.10732136
5,PGDP,2019,4,0.13006112
5,PGDP,2020,1,0.15812497
5,PGDP,2020,2,0.18219139
5,PGDP,2020,3,0.19824257
5,PGDP,2020,4,0.21806733
5,PCP,2018,1,-0.00037755
5,PCP,2018,2,-0.00011672
5,PCP,2018,3,0.003024
5,PCP,2018,4,0.01148579
5,PCP,2019,1,0.0276466
5,PCP,2019,2,0.05086703
5,PCP,2019,3,0.0787425
5,PCP,2019,4,0.10859084
5,PCP,2020,1,0.13787729
5,PCP,2020,2,0.16550161
5,PCP,2020,3,0.19099725
5,PCP,2020,4,0.21373821
5,PIFP,2018,1,0.0226985
5,PIFP,2018,2,0.05429151
5,PIFP,2018,3,0.0917831
5,PIFP,2018,4,0.13630128
5,PIFP,2019,1,0.16368136
5,PIFP,2019,2,0.19027609
5,PIFP,2019,3,0.21589048
5,PIFP,2019,4,0.23389172
5,PIFP,2020,1,0.25443673
5,PIFP,2020,2,0.26736532
5,PIFP,2020,3,0.2820443
5,PIFP,2020,4,0.29524937
5,PIHP,2018,1,-0.00149359
5,PIHP,2018,2,-0.00256741
5,PIHP,2018,3,-0.0009235
5,PIHP,2018,4,0.00591854
5,PIHP,2019,1,0.02320363
5,PIHP,2019,2,0.04830332
5,PIHP,2019,3,0.07932207
5,PIHP,2019,4,0.11269322
5,PIHP,2020,1,0.14472289
5,PIHP,2020,2,0.17727366
5,PIHP,2020,3,0.20565871
5,PIHP,2020,4,0.22864994
5,PXGS,2018,1,-0.00087171
5,PXGS,2018,2,-0.00313558
5,PXGS,2018,3,-0.00758919
5,PXGS,2018,4,-0.01490895
5,PXGS,2019,1,-0.02440774
5,PXGS,2019,2,-0.03595287
5,PXGS,2019,3,-0.04863684
5,PXGS,2019,4,-0.06177663
5,PXGS,2020,1,-0.07488833
5,PXGS,2020,2,-0.08733712
5,PXGS,2020,3,-0.09905564
5,PXGS,2020,4,-0.11011982
5,PMGS,2018,1,-0.00085306
5,PMGS,2018,2,-0.00340214
5,PMGS,2018,3,-0.00966208
5,PMGS,2018,4,-0.02080694
5,PMGS,2019,1,-0.024925
5,PMGS,2019,2,-0.04002187
5,PMGS,2019,3,-0.04619971
5,PMGS,2019,4,-0.05946052
5,PMGS,2020,1,-0.07530496
5,PMGS,2020,2,-0.05024219
5,PMGS,2020,3,-0.06797807
5,PMGS,2020,4,-0.08224426
5,CGPI,2018,1,-0.00048627
5,CGPI,2018,2,0.0050746
5,CGPI,2018,3,0.01201564
5,CGPI,2018,4,0.02131231
5,CGPI,2019,1,0.03748997
5,CGPI,2019,2,0.04958148
5,CGPI,2019,3,0.06622611
5,CGPI,2019,4,0.08233547
5,CGPI,2020,1,0.09528175
5,CGPI,2020,2,0.11639842
5,CGPI,2020,3,0.12637789
5,CGPI,2020,4,0.1347245
5,GDPV,2018,1,0.149442
5,GDPV,2018,2,0.30985539
5,GDPV,2018,3,0.47126342
5,GDPV,2018,4,0.6565023
5,GDPV,2019,1,0.67756602
5,GDPV,2019,2,0.71563696
5,GDPV,2019,3,0.74841165
5,GDPV,2019,4,0.73886634
5,GDPV,2020,1,0.75614444
5,GDPV,2020,2,0.75077283
5,GDPV,2020,3,0.73177775
5,GDPV,2020,4,0.73926335
5,CPV,2018,1,-1.094e-05
5,CPV,2018,2,0.02205295
5,CPV,2018,3,0.08078866
5,CPV,2018,4,0.15424849
5,CPV,2019,1,0.24213774
5,CPV,2019,2,0.32136336
5,CPV,2019,3,0.37397482
5,CPV,2019,4,0.41646532
5,CPV,2020,1,0.4398178
5,CPV,2020,2,0.4546667
5,CPV,2020,3,0.45441974
5,CPV,2020,4,0.45199909
5,IFPV,2018,1,0.84422221
5,IFPV,2018,2,1.65478621
5,IFPV,2018,3,2.46274104
5,IFPV,2018,4,3.26401738
5,IFPV,2019,1,3.2087438
5,IFPV,2019,2,3.22399337
5,IFPV,2019,3,3.21098638
5,IFPV,2019,4,3.14687073
5,IFPV,2020,1,3.02831742
5,IFPV,2020,2,2.89720872
5,IFPV,2020,3,2.84584697
5,IFPV,2020,4,2.85069258
5,IHPV,2018,1,0.0132216
5,IHPV,2018,2,0.03167976
5,IHPV,2018,3,0.06631772
5,IHPV,2018,4,0.11955515
5,IHPV,2019,1,0.17075195
5,IHPV,2019,2,0.2404394
5,IHPV,2019,3,0.29327225
5,IHPV,2019,4,0.34165482
5,IHPV,2020,1,0.37438077
5,IHPV,2020,2,0.38572822
5,IHPV,2020,3,0.40191776
5,IHPV,2020,4,0.40104874
5,IGV,2018,1,0.0197074
5,IGV,2018,2,0.04727324
5,IGV,2018,3,0.0806376
5,IGV,2018,4,0.12150362
5,IGV,2019,1,0.1499104
5,IGV,2019,2,0.17990666
5,IGV,2019,3,0.21085245
5,IGV,2019,4,0.23593327
5,IGV,2020,1,0.26312172
5,IGV,2020,2,0.28372798
5,IGV,2020,3,0.30486668
5,IGV,2020,4,0.32331239
5,CGV,2018,1,0.0
5,CGV,2018,2,-0.00013755
5,CGV,2018,3,0.00051545
5,CGV,2018,4,0.00361827
5,CGV,2019,1,0.01110746
5,CGV,2019,2,0.02466879
5,CGV,2019,3,0.04376273
5,CGV,2019,4,0.06686383
5,CGV,2020,1,0.09189931
5,CGV,2020,2,0.11689638
5,CGV,2020,3,0.1409339
5,CGV,2020,4,0.1633236
5,XGSV,2018,1,-0.00087171
5,XGSV,2018,2,-0.00315637
5,XGSV,2018,3,-0.00770553
5,XGSV,2018,4,-0.01530182
5,XGSV,2019,1,-0.02543256
5,XGSV,2019,2,-0.03817064
5,XGSV,2019,3,-0.05280884
5,XGSV,2019,4,-0.0688061
5,XGSV,2020,1,-0.0857108
5,XGSV,2020,2,-0.10279957
5,XGSV,2020,3,-0.11982088
5,XGSV,2020,4,-0.13660642
5,MGSV,2018,1,0.01575963
5,MGSV,2018,2,0.04620526
5,MGSV,2018,3,0.11128474
5,MGSV,2018,4,0.20571917
5,MGSV,2019,1,0.30277221
5,MGSV,2019,2,0.37203783
5,MGSV,2019,3,0.42375307
5,MGSV,2019,4,0.44288756
5,MGSV,2020,1,0.4325295
5,MGSV,2020,2,0.437566
5,MGSV,2020,3,0.39971454
5,MGSV,2020,4,0.35243529
5,NIV,2018,1,0.20822322
5,NIV,2018,2,0.39899398
5,NIV,2018,3,0.59019787
5,NIV,2018,4,0.81633312
5,NIV,2019,1,0.78326293
5,NIV,2019,2,0.78675975
5,NIV,2019,3,0.7550492
5,NIV,2019,4,0.67428825
5,NIV,2020,1,0.60883886
5,NIV,2020,2,0.52685587
5,NIV,2020,3,0.43047341
5,NIV,2020,4,0.4111748
5,YWV,2018,1,0.11819201
5,YWV,2018,2,0.24626815
5,YWV,2018,3,0.3863299
5,YWV,2018,4,0.5647495
5,YWV,2019,1,0.58827176
5,YWV,2019,2,0.62312861
5,YWV,2019,3,0.6189501
5,YWV,2019,4,0.58301214
5,YWV,2020,1,0.55347333
5,YWV,2020,2,0.523713
5,YWV,2020,3,0.48303912
5,YWV,2020,4,0.49088695
5,YCV,2018,1,0.71591114
5,YCV,2018,2,1.03150765
5,YCV,2018,3,1.44772765
5,YCV,2018,4,1.98936893
5,YCV,2019,1,1.37528016
5,YCV,2019,2,1.21384681
5,YCV,2019,3,0.98506093
5,YCV,2019,4,0.60571432
5,YCV,2020,1,0.3540013
5,YCV,2020,2,-0.71950986
5,YCV,2020,3,-0.54107639
5,YCV,2020,4,-0.45991638
5,YDV,2018,1,0.09949716
5,YDV,2018,2,0.23874288
5,YDV,2018,3,0.37752371
5,YDV,2018,4,0.55310419
5,YDV,2019,1,0.61229911
5,YDV,2019,2,0.66574349
5,YDV,2019,3,0.66949311
5,YDV,2019,4,0.64489231
5,YDV,2020,1,0.62393434
5,YDV,2020,2,0.54037759
5,YDV,2020,3,0.53523909
5,YDV,2020,4,0.55267383
5,TAXV,2018,1,-5.56157078
5,TAXV,2018,2,-5.32168459
5,TAXV,2018,3,-5.16227147
5,TAXV,2018,4,-4.93909406
5,TAXV,2019,1,-4.79335002
5,TAXV,2019,2,-4.87680858
5,TAXV,2019,3,-4.75591948
5,TAXV,2019,4,-4.69144778
5,TAXV,2020,1,-4.66145639
5,TAXV,2020,2,-4.48312667
5,TAXV,2020,3,-4.69711711
5,TAXV,2020,4,-4.77365642
5,TYPV,2018,1,0.10944076
5,TYPV,2018,2,0.25442357
5,TYPV,2018,3,0.42566468
5,TYPV,2018,4,0.64483465
5,TYPV,2019,1,0.7579725
5,TYPV,2019,2,0.85017318
5,TYPV,2019,3,0.90869217
5,TYPV,2019,4,0.88553331
5,TYPV,2020,1,0.8668764
5,TYPV,2020,2,0.79300277
5,TYPV,2020,3,0.73485479
5,TYPV,2020,4,0.69125222
5,TYCV,2018,1,-22.2508358
5,TYCV,2018,2,-21.15750014
5,TYCV,2018,3,-20.78107186
5,TYCV,2018,4,-20.36873131
5,TYCV,2019,1,-20.57953117
5,TYCV,2019,2,-21.68163324
5,TYCV,2019,3,-21.37744447
5,TYCV,2019,4,-20.54931699
5,TYCV,2020,1,-19.85938834
5,TYCV,2020,2,-20.68842308
5,TYCV,2020,3,-21.79628128
5,TYCV,2020,4,-21.95084012
5,TCIV,2018,1,0.14041417
5,TCIV,2018,2,0.2934317
5,TCIV,2018,3,0.45162802
5,TCIV,2018,4,0.63379251
5,TCIV,2019,1,0.67210341
5,TCIV,2019,2,0.71628578
5,TCIV,2019,3,0.75264342
5,TCIV,2019,4,0.74240118
5,TCIV,2020,1,0.75404231
5,TCIV,2020,2,0.73198036
5,TCIV,2020,3,0.72254339
5,TCIV,2020,4,0.73906914
5,WIPH,2018,1,0.06064205
5,WIPH,2018,2,0.12669274
5,WIPH,2018,3,0.20383067
5,WIPH,2018,4,0.30502815
5,WIPH,2019,1,0.33170245
5,WIPH,2019,2,0.35759578
5,WIPH,2019,3,0.37049627
5,WIPH,2019,4,0.36563003
5,WIPH,2020,1,0.36553932
5,WIPH,2020,2,0.36555641
5,WIPH,2020,3,0.35287611
5,WIPH,2020,4,0.3744466
5,LE,2018,1,0.02594929
5,LE,2018,2,0.05556443
5,LE,2018,3,0.09103295
5,LE,2018,4,0.13563851
5,LE,2019,1,0.14486534
5,LE,2019,2,0.15284931
5,LE,2019,3,0.14703938
5,LE,2019,4,0.13383102
5,LE,2020,1,0.11901416
5,LE,2020,2,0.10693992
5,LE,2020,3,0.08717211
5,LE,2020,4,0.08056755
5,LF,2018,1,0.02296119
5,LF,2018,2,0.04831524
5,LF,2018,3,0.07917377
5,LF,2018,4,0.11890487
5,LF,2019,1,0.12645123
5,LF,2019,2,0.13397508
5,LF,2019,3,0.12842812
5,LF,2019,4,0.11652526
5,LF,2020,1,0.10291468
5,LF,2020,2,0.09248918
5,LF,2020,3,0.07476784
5,LF,2020,4,0.07001179
5,LH,2018,1,0.03824376
5,LH,2018,2,0.07628129
5,LH,2018,3,0.11183769
5,LH,2018,4,0.15396384
5,LH,2019,1,0.145372
5,LH,2019,2,0.14285119
5,LH,2019,3,0.13395215
5,LH,2019,4,0.11349241
5,LH,2020,1,0.10133897
5,LH,2020,2,0.0779736
5,LH,2020,3,0.06795612
5,LH,2020,4,0.06256516
5,UR,2018,1,-0.00290802
5,UR,2018,2,-0.00706131
5,UR,2018,3,-0.01157452
5,UR,2018,4,-0.01631589
5,UR,2019,1,-0.01795161
5,UR,2019,2,-0.01837246
5,UR,2019,3,-0.0181957
5,UR,2019,4,-0.01690058
5,UR,2020,1,-0.01568704
5,UR,2020,2,-0.01402889
5,UR,2020,3,-0.01204775
5,UR,2020,4,-0.01027388
5,CUX,2018,1,0.26890536
5,CUX,2018,2,0.52512585
5,CUX,2018,3,0.75023873
5,CUX,2018,4,0.972492
5,CUX,2019,1,0.90193117
5,CUX,2019,2,0.84476177
5,CUX,2019,3,0.79983098
5,CUX,2019,4,0.68469164
5,CUX,2020,1,0.62476155
5,CUX,2020,2,0.53451923
5,CUX,2020,3,0.43242822
5,CUX,2020,4,0.36466374
5,GDPPOT,2018,1,0.0137173
5,GDPPOT,2018,2,0.03912967
5,GDPPOT,2018,3,0.07772565
5,GDPPOT,2018,4,0.12999947
5,GDPPOT,2019,1,0.17229295
5,GDPPOT,2019,2,0.21236112
5,GDPPOT,2019,3,0.24320077
5,GDPPOT,2019,4,0.2692542
5,GDPPOT,2020,1,0.29010167
5,GDPPOT,2020,2,0.31110748
5,GDPPOT,2020,3,0.3234815
5,GDPPOT,2020,4,0.34236915
5,GDPGAP,2018,1,0.13254883
5,GDPGAP,2018,2,0.26094214
5,GDPGAP,2018,3,0.37238364
5,GDPGAP,2018,4,0.48761474
5,GDPGAP,2019,1,0.45412325
5,GDPGAP,2019,2,0.43014145
5,GDPGAP,2019,3,0.40543687
5,GDPGAP,2019,4,0.33425268
5,GDPGAP,2020,1,0.30414874
5,GDPGAP,2020,2,0.23704841
5,GDPGAP,2020,3,0.20241888
5,GDPGAP,2020,4,0.17398791
5,RCD,2018,1,0.00948189
5,RCD,2018,2,0.02589308
5,RCD,2018,3,0.04848254
5,RCD,2018,4,0.07728113
5,RCD,2019,1,0.09864255
5,RCD,2019,2,0.1160489
5,RCD,2019,3,0.1269639
5,RCD,2019,4,0.13082115
5,RCD,2020,1,0.12973571
5,RCD,2020,2,0.12471838
5,RCD,2020,3,0.11553434
5,RCD,2020,4,0.10771266
5,RGB,2018,1,0.00483681
5,RGB,2018,2,0.01260494
5,RGB,2018,3,0.02306972
5,RGB,2018,4,0.03629566
5,RGB,2019,1,0.04536013
5,RGB,2019,2,0.05296942
5,RGB,2019,3,0.05771499
5,RGB,2019,4,0.0596023
5,RGB,2020,1,0.05986597
5,RGB,2020,2,0.05893166
5,RGB,2020,3,0.05659721
5,RGB,2020,4,0.05558803
5,PERR,2018,1,-2.31663449
5,PERR,2018,2,-2.48646025
5,PERR,2018,3,-2.42562772
5,PERR,2018,4,-2.6615605
5,PERR,2019,1,-3.01261132
5,PERR,2019,2,-2.96356908
5,PERR,2019,3,-3.31070573
5,PERR,2019,4,-3.79620092
5,PERR,2020,1,-4.77219364
5,PERR,2020,2,-5.49351955
5,PERR,2020,3,-9.43719182
5,PERR,2020,4,-12.06444249
5,UCC,2018,1,0.31524858
5,UCC,2018,2,0.45347458
5,UCC,2018,3,0.4150183
5,UCC,2018,4,0.40595332
5,UCC,2019,1,0.58231041
5,UCC,2019,2,0.53844581
5,UCC,2019,3,0.640797
5,UCC,2019,4,0.64328684
5,UCC,2020,1,0.77839608
5,UCC,2020,2,0.37119021
5,UCC,2020,3,0.42248245
5,UCC,2020,4,0.71314693
5,FXS,2018,1,-0.002183
5,FXS,2018,2,-0.00785224
5,FXS,2018,3,-0.01900447
5,FXS,2018,4,-0.03733222
5,FXS,2019,1,-0.06111296
5,FXS,2019,2,-0.09001223
5,FXS,2019,3,-0.12175644
5,FXS,2019,4,-0.15463502
5,FXS,2020,1,-0.18743684
5,FXS,2020,2,-0.21857424
5,FXS,2020,3,-0.24787974
5,FXS,2020,4,-0.27554412
5,PSHARE,2018,1,-0.00860794
5,PSHARE,2018,2,-0.10018077
5,PSHARE,2018,3,-0.32341518
5,PSHARE,2018,4,-0.70935442
5,PSHARE,2019,1,-1.25452988
5,PSHARE,2019,2,-1.84051362
5,PSHARE,2019,3,-2.38726726
5,PSHARE,2019,4,-2.82678024
5,PSHARE,2020,1,-3.10533444
5,PSHARE,2020,2,-3.24320935
5,PSHARE,2020,3,-3.2456318
5,PSHARE,2020,4,-3.14161872
5,PLAND,2018,1,-0.00011581
5,PLAND,2018,2,0.00022434
5,PLAND,2018,3,0.00108288
5,PLAND,2018,4,0.00407869
5,PLAND,2019,1,0.01112125
5,PLAND,2019,2,0.02269961
5,PLAND,2019,3,0.0405382
5,PLAND,2019,4,0.06339589
5,PLAND,2020,1,0.09041233
5,PLAND,2020,2,0.12090954
5,PLAND,2020,3,0.15153926
5,PLAND,2020,4,0.18279825
5,M2CD,2018,1,0.10882337
5,M2CD,2018,2,0.2015148
5,M2CD,2018,3,0.2763421
5,M2CD,2018,4,0.35306399
5,M2CD,2019,1,0.31121109
5,M2CD,2019,2,0.29749973
5,M2CD,2019,3,0.30309313
5,M2CD,2019,4,0.29532646
5,M2CD,2020,1,0.32441265
5,M2CD,2020,2,0.34609746
5,M2CD,2020,3,0.37367477
5,M2CD,2020,4,0.41498967
5,BGVATGDPV,2018,1,-0.98068626
5,BGVATGDPV,2018,2,-0.95221442
5,BGVATGDPV,2018,3,-0.91573645
5,BGVATGDPV,2018,4,-0.87059308
5,BGVATGDPV,2019,1,-0.84064598
5,BGVATGDPV,2019,2,-0.82651839
5,BGVATGDPV,2019,3,-0.82189836
5,BGVATGDPV,2019,4,-0.82695887
5,BGVATGDPV,2020,1,-0.8434499
5,BGVATGDPV,2020,2,-0.80304522
5,BGVATGDPV,2020,3,-0.83525103
5,BGVATGDPV,2020,4,-0.86064178
5,SBGVATGDPV,2018,1,-0.09172061
5,SBGVATGDPV,2018,2,-0.2147962
5,SBGVATGDPV,2018,3,-0.34360787
5,SBGVATGDPV,2018,4,-0.56201201
5,SBGVATGDPV,2019,1,-0.40558778
5,SBGVATGDPV,2019,2,-0.29279194
5,SBGVATGDPV,2019,3,-0.16500582
5,SBGVATGDPV,2019,4,0.0736175
5,SBGVATGDPV,2020,1,0.25610131
5,SBGVATGDPV,2020,2,0.45766612
5,SBGVATGDPV,2020,3,0.66961696
5,SBGVATGDPV,2020,4,0.85670743
5,BCVATGDPV,2018,1,-0.00908615
5,BCVATGDPV,2018,2,-0.02166601
5,BCVATGDPV,2018,3,-0.04043824
5,BCVATGDPV,2018,4,-0.06440077
5,BCVATGDPV,2019,1,-0.08893443
5,BCVATGDPV,2019,2,-0.11036057
5,BCVATGDPV,2019,3,-0.15819188
5,BCVATGDPV,2019,4,-0.20158749
5,BCVATGDPV,2020,1,-0.23038804
5,BCVATGDPV,2020,2,-0.25026367
5,BCVATGDPV,2020,3,-0.28980616
5,BCVATGDPV,2020,4,-0.29395631
5,KFP,2018,1,0.02549891
5,KFP,2018,2,0.07557652
5,KFP,2018,3,0.14646725
5,KFP,2018,4,0.24036542
5,KFP,2019,1,0.32880709
5,KFP,2019,2,0.41377762
5,KFP,2019,3,0.49634908
5,KFP,2019,4,0.56855161
5,KFP,2020,1,0.63643978
5,KFP,2020,2,0.69373773
5,KFP,2020,3,0.74794219
5,KFP,2020,4,0.80134041
5,KHP,2018,1,0.0001946
5,KHP,2018,2,0.00063419
5,KHP,2018,3,0.00149795
5,KHP,2018,4,0.00297102
5,KHP,2019,1,0.00492549
5,KHP,2019,2,0.00748506
5,KHP,2019,3,0.01032064
5,KHP,2019,4,0.01327941
5,KHP,2020,1,0.01607361
5,KHP,2020,2,0.01858167
5,KHP,2020,3,0.02079338
5,KHP,2020,4,0.02268745
5,KG,2018,1,-0.0
5,KG,2018,2,0.0
5,KG,2018,3,0.0
5,KG,2018,4,0.0
5,KG,2019,1,-0.0
5,KG,2019,2,0.0
5,KG,2019,3,-0.0
5,KG,2019,4,-0.0
5,KG,2020,1,-0.0
5,KG,2020,2,-0.0
5,KG,2020,3,0.0
5,KG,2020,4,0.0
5,BCVATGDPV,2018,0,-0.03389779
5,BCVATGDPV,2019,0,-0.13976859
5,BCVATGDPV,2020,0,-0.26610355
5,BGVATGDPV,2018,0,-0.92980755
5,BGVATGDPV,2019,0,-0.8290054
5,BGVATGDPV,2020,0,-0.83559698
5,CG,2018,0,0.0
5,CG,2019,0,-0.0
5,CG,2020,0,-0.0
5,CGPI,2018,0,0.00947907
5,CGPI,2019,0,0.05890826
5,CGPI,2020,0,0.11819564
5,CGV,2018,0,0.00099904
5,CGV,2019,0,0.0366007
5,CGV,2020,0,0.12826329
5,CP,2018,0,0.06076123
5,CP,2019,0,0.2718328
5,CP,2020,0,0.27272128
5,CPV,2018,0,0.06426979
5,CPV,2019,0,0.33848531
5,CPV,2020,0,0.45022583
5,CUX,2018,0,0.62919048
5,CUX,2019,0,0.80780389
5,CUX,2020,0,0.48909319
5,FXS,2018,0,-0.01659298
5,FXS,2019,0,-0.10687916
5,FXS,2020,0,-0.23235874
5,GDP,2018,0,0.37138947
5,GDP,2019,0,0.62478063
5,GDP,2020,0,0.55429107
5,GDPD,2018,0,0.60649951
5,GDPD,2019,0,0.00127363
5,GDPD,2020,0,-0.08732671
5,GDPGAP,2018,0,0.31337234
5,GDPGAP,2019,0,0.40598856
5,GDPGAP,2020,0,0.22940099
5,GDPPOT,2018,0,0.06514302
5,GDPPOT,2019,0,0.22427726
5,GDPPOT,2020,0,0.31676495
5,GDPV,2018,0,0.39676578
5,GDPV,2019,0,0.72012024
5,GDPV,2020,0,0.74448959
5,IFP,2018,0,1.97830152
5,IFP,2019,0,2.99071689
5,IFP,2020,0,2.62354604
5,IFPV,2018,0,2.05644171
5,IFPV,2019,0,3.19764857
5,IFPV,2020,0,2.90551642
5,IG,2018,0,0.0
5,IG,2019,0,0.0
5,IG,2020,0,0.0
5,IGV,2018,0,0.06728047
5,IGV,2019,0,0.19415069
5,IGV,2020,0,0.29375719
5,IHP,2018,0,0.0574588
5,IHP,2019,0,0.19551047
5,IHP,2020,0,0.20131836
5,IHPV,2018,0,0.05769356
5,IHPV,2019,0,0.2615296
5,IHPV,2020,0,0.39076887
5,KFP,2018,0,0.12197702
5,KFP,2019,0,0.45187135
5,KFP,2020,0,0.71986503
5,KG,2018,0,0.0
5,KG,2019,0,-0.0
5,KG,2020,0,0.0
5,KHP,2018,0,0.00132444
5,KHP,2019,0,0.00900265
5,KHP,2020,0,0.01953403
5,LE,2018,0,0.07704629
5,LE,2019,0,0.14464626
5,LE,2020,0,0.09842344
5,LF,2018,0,0.06733877
5,LF,2019,0,0.12634492
5,LF,2020,0,0.08504587
5,LH,2018,0,0.09508164
5,LH,2019,0,0.13391694
5,LH,2020,0,0.07745846
5,M2CD,2018,0,0.23493607
5,M2CD,2019,0,0.3017826
5,M2CD,2020,0,0.36479364
5,MGS,2018,0,0.10343842
5,MGS,2019,0,0.42820514
5,MGS,2020,0,0.47482967
5,MGSV,2018,0,0.0947422
5,MGSV,2019,0,0.38536267
5,MGSV,2020,0,0.40556133
5,NIV,2018,0,0.50343705
5,NIV,2019,0,0.74984003
5,NIV,2020,0,0.49433574
5,PCP,2018,0,0.00350388
5,PCP,2019,0,0.06646174
5,PCP,2020,0,0.17702859
5,PERR,2018,0,-2.47257074
5,PERR,2019,0,-3.27077176
5,PERR,2020,0,-7.94183687
5,PGDP,2018,0,0.02525583
5,PGDP,2019,0,0.09474826
5,PGDP,2020,0,0.18915656
5,PIFP,2018,0,0.0762686
5,PIFP,2019,0,0.20093491
5,PIFP,2020,0,0.27477393
5,PIHP,2018,0,0.00023351
5,PIHP,2019,0,0.06588056
5,PIHP,2020,0,0.1890763
5,PLAND,2018,0,0.00131752
5,PLAND,2019,0,0.03443874
5,PLAND,2020,0,0.13641484
5,PMGS,2018,0,-0.00868106
5,PMGS,2019,0,-0.04265178
5,PMGS,2020,0,-0.06894237
5,PSHARE,2018,0,-0.28538958
5,PSHARE,2019,0,-2.07727275
5,PSHARE,2020,0,-3.18394858
5,PXGS,2018,0,-0.00662636
5,PXGS,2019,0,-0.04269352
5,PXGS,2020,0,-0.09285023
5,RCD,2018,0,0.04028466
5,RCD,2019,0,0.11811913
5,RCD,2020,0,0.11942527
5,RGB,2018,0,0.01920178
5,RGB,2019,0,0.05391171
5,RGB,2020,0,0.05774572
5,SBGVATGDPV,2018,0,-0.30303417
5,SBGVATGDPV,2019,0,-0.19744201
5,SBGVATGDPV,2020,0,0.56002295
5,TAXV,2018,0,-5.24615522
5,TAXV,2019,0,-4.77938146
5,TAXV,2020,0,-4.65383915
5,TCIV,2018,0,0.3798166
5,TCIV,2019,0,0.72085844
5,TCIV,2020,0,0.7369088
5,TYCV,2018,0,-21.13953478
5,TYCV,2019,0,-21.04698147
5,TYCV,2020,0,-21.0737332
5,TYPV,2018,0,0.35859092
5,TYPV,2019,0,0.85059279
5,TYPV,2020,0,0.77149654
5,UCC,2018,0,0.3974237
5,UCC,2019,0,0.60121002
5,UCC,2020,0,0.57130392
5,UR,2018,0,-0.00946494
5,UR,2019,0,-0.01785509
5,UR,2020,0,-0.01300939
5,WIPH,2018,0,0.1740484
5,WIPH,2019,0,0.35635613
5,WIPH,2020,0,0.36460461
5,XGS,2018,0,-0.00013252
5,XGS,2019,0,-0.00361287
5,XGS,2020,0,-0.01840204
5,XGSV,2018,0,-0.00675886
5,XGSV,2019,0,-0.04630454
5,XGSV,2020,0,-0.11123442
5,YCV,2018,0,1.29612884
5,YCV,2019,0,1.04497556
5,YCV,2020,0,-0.34162533
5,YDV,2018,0,0.31721698
5,YDV,2019,0,0.648107
5,YDV,2020,0,0.56305621
5,YWV,2018,0,0.32888489
5,YWV,2019,0,0.60334065
5,YWV,2020,0,0.5127781
6,GDP,2018,1,-0.36820276
6,GDP,2018,2,-0.13134834
6,GDP,2018,3,-0.26040152
6,GDP,2018,4,-0.22994507
6,GDP,2019,1,-0.24898542
6,GDP,2019,2,-0.25722812
6,GDP,2019,3,-0.2579353
6,GDP,2019,4,-0.26098301
6,GDP,2020,1,-0.25585828
6,GDP,2020,2,-0.25004198
6,GDP,2020,3,-0.26282501
6,GDP,2020,4,-0.26660875
6,CP,2018,1,-0.55302956
6,CP,2018,2,-0.31403552
6,CP,2018,3,-0.52518622
6,CP,2018,4,-0.5067565
6,CP,2019,1,-0.52554067
6,CP,2019,2,-0.53825029
6,CP,2019,3,-0.54068573
6,CP,2019,4,-0.55637812
6,CP,2020,1,-0.53931488
6,CP,2020,2,-0.52257667
6,CP,2020,3,-0.52944946
6,CP,2020,4,-0.55005186
6,IFP,2018,1,-0.00685751
6,IFP,2018,2,-0.00159384
6,IFP,2018,3,-0.01871787
6,IFP,2018,4,-0.03660848
6,IFP,2019,1,-0.05267317
6,IFP,2019,2,-0.05349262
6,IFP,2019,3,-0.04486475
6,IFP,2019,4,-0.03980346
6,IFP,2020,1,-0.03842233
6,IFP,2020,2,-0.03777587
6,IFP,2020,3,-0.03768899
6,IFP,2020,4,-0.03743028
6,IHP,2018,1,-1.37437668
6,IHP,2018,2,-1.33405172
6,IHP,2018,3,-1.46395672
6,IHP,2018,4,-1.47380078
6,IHP,2019,1,-1.48015882
6,IHP,2019,2,-1.51999438
6,IHP,2019,3,-1.52023782
6,IHP,2019,4,-1.52999499
6,IHP,2020,1,-1.52487157
6,IHP,2020,2,-1.52584095
6,IHP,2020,3,-1.53121441
6,IHP,2020,4,-1.54131336
6,IG,2018,1,0.0
6,IG,2018,2,0.0
6,IG,2018,3,0.0
6,IG,2018,4,0.0
6,IG,2019,1,0.0
6,IG,2019,2,0.0
6,IG,2019,3,0.0
6,IG,2019,4,0.0
6,IG,2020,1,0.0
6,IG,2020,2,0.0
6,IG,2020,3,0.0
6,IG,2020,4,0.0
6,CG,2018,1,0.0
6,CG,2018,2,0.0
6,CG,2018,3,0.0
6,CG,2018,4,0.0
6,CG,2019,1,0.0
6,CG,2019,2,0.0
6,CG,2019,3,0.0
6,CG,2019,4,0.0
6,CG,2020,1,0.0
6,CG,2020,2,0.0
6,CG,2020,3,0.0
6,CG,2020,4,0.0
6,XGS,2018,1,-6.078e-05
6,XGS,2018,2,-0.00016438
6,XGS,2018,3,-0.00034256
6,XGS,2018,4,-0.00058805
6,XGS,2019,1,-0.00085249
6,XGS,2019,2,-0.00109941
6,XGS,2019,3,-0.00131524
6,XGS,2019,4,-0.00148713
6,XGS,2020,1,-0.00163151
6,XGS,2020,2,-0.00180199
6,XGS,2020,3,-0.00200143
6,XGS,2020,4,-0.00225831
6,MGS,2018,1,0.02632135
6,MGS,2018,2,-0.60337416
6,MGS,2018,3,-0.61082866
6,MGS,2018,4,-0.7460074
6,MGS,2019,1,-0.75819691
6,MGS,2019,2,-0.76514158
6,MGS,2019,3,-0.77739107
6,MGS,2019,4,-0.80298376
6,MGS,2020,1,-0.80095942
6,MGS,2020,2,-0.77047056
6,MGS,2020,3,-0.77596307
6,MGS,2020,4,-0.79926306
6,GDPD,2018,1,-2.87680389
6,GDPD,2018,2,0.95698397
6,GDPD,2018,3,-0.51447867
6,GDPD,2018,4,0.1222316
6,GDPD,2019,1,-0.07639975
6,GDPD,2019,2,-0.03319014
6,GDPD,2019,3,-0.00283828
6,GDPD,2019,4,-0.01186996
6,GDPD,2020,1,0.02062091
6,GDPD,2020,2,0.02164464
6,GDPD,2020,3,-0.05383812
6,GDPD,2020,4,-0.01542547
6,PGDP,2018,1,0.43467429
6,PGDP,2018,2,0.45158208
6,PGDP,2018,3,0.44917974
6,PGDP,2018,4,0.4502563
6,PGDP,2019,1,0.42924544
6,PGDP,2019,2,0.41830134
6,PGDP,2019,3,0.39999994
6,PGDP,2019,4,0.3794548
6,PGDP,2020,1,0.35843876
6,PGDP,2020,2,0.35130522
6,PGDP,2020,3,0.32278198
6,PGDP,2020,4,0.30221103
6,PCP,2018,1,0.50226069
6,PCP,2018,2,0.50582822
6,PCP,2018,3,0.50615188
6,PCP,2018,4,0.5006833
6,PCP,2019,1,0.48856056
6,PCP,2019,2,0.47447646
6,PCP,2019,3,0.45935674
6,PCP,2019,4,0.43865604
6,PCP,2020,1,0.42222465
6,PCP,2020,2,0.40519386
6,PCP,2020,3,0.38777851
6,PCP,2020,4,0.3702557
6,PIFP,2018,1,0.14461791
6,PIFP,2018,2,0.15527839
6,PIFP,2018,3,0.12324606
6,PIFP,2018,4,0.1199651
6,PIFP,2019,1,0.09725098
6,PIFP,2019,2,0.08315802
6,PIFP,2019,3,0.06370016
6,PIFP,2019,4,0.04503232
6,PIFP,2020,1,0.0262835
6,PIFP,2020,2,0.01422186
6,PIFP,2020,3,-0.00613125
6,PIFP,2020,4,-0.02511279
6,PIHP,2018,1,0.75787887
6,PIHP,2018,2,0.76001309
6,PIHP,2018,3,0.76142347
6,PIHP,2018,4,0.75753167
6,PIHP,2019,1,0.74202822
6,PIHP,2019,2,0.7262274
6,PIHP,2019,3,0.70803474
6,PIHP,2019,4,0.67781033
6,PIHP,2020,1,0.65952823
6,PIHP,2020,2,0.63829096
6,PIHP,2020,3,0.61791714
6,PIHP,2020,4,0.59952897
6,PXGS,2018,1,-0.00196753
6,PXGS,2018,2,-0.00312688
6,PXGS,2018,3,-0.00299454
6,PXGS,2018,4,-0.00317093
6,PXGS,2019,1,-0.00343801
6,PXGS,2019,2,-0.00379079
6,PXGS,2019,3,-0.00427887
6,PXGS,2019,4,-0.00484009
6,PXGS,2020,1,-0.00549828
6,PXGS,2020,2,-0.0064756
6,PXGS,2020,3,-0.00735166
6,PXGS,2020,4,-0.00832079
6,PMGS,2018,1,-0.00170345
6,PMGS,2018,2,-0.00447596
6,PMGS,2018,3,0.00313817
6,PMGS,2018,4,0.01196388
6,PMGS,2019,1,-0.00673799
6,PMGS,2019,2,-0.0033754
6,PMGS,2019,3,-0.01566718
6,PMGS,2019,4,-0.01582631
6,PMGS,2020,1,-0.01379207
6,PMGS,2020,2,-0.06602132
6,PMGS,2020,3,-0.05892673
6,PMGS,2020,4,-0.05950338
6,CGPI,2018,1,0.87744096
6,CGPI,2018,2,0.84929233
6,CGPI,2018,3,0.8598454
6,CGPI,2018,4,0.85153047
6,CGPI,2019,1,0.84078342
6,CGPI,2019,2,0.83051743
6,CGPI,2019,3,0.81834485
6,CGPI,2019,4,0.79480723
6,CGPI,2020,1,0.78323028
6,CGPI,2020,2,0.76162381
6,CGPI,2020,3,0.75315896
6,CGPI,2020,4,0.74165794
6,GDPV,2018,1,0.06487104
6,GDPV,2018,2,0.3196406
6,GDPV,2018,3,0.18760855
6,GDPV,2018,4,0.21927589
6,GDPV,2019,1,0.17919127
6,GDPV,2019,2,0.15999722
6,GDPV,2019,3,0.1410329
6,GDPV,2019,4,0.11748148
6,GDPV,2020,1,0.10166339
6,GDPV,2020,2,0.10038484
6,GDPV,2020,3,0.05910862
6,GDPV,2020,4,0.03479656
6,CPV,2018,1,-0.05354652
6,CPV,2018,2,0.19020422
6,CPV,2018,3,-0.02169258
6,CPV,2018,4,-0.00861044
6,CPV,2019,1,-0.03954769
6,CPV,2019,2,-0.0663277
6,CPV,2019,3,-0.08381266
6,CPV,2019,4,-0.12016266
6,CPV,2020,1,-0.11936735
6,CPV,2020,2,-0.11950025
6,CPV,2020,3,-0.14372403
6,CPV,2020,4,-0.18183276
6,IFPV,2018,1,0.13775049
6,IFPV,2018,2,0.15368208
6,IFPV,2018,3,0.10450513
6,IFPV,2018,4,0.08331269
6,IFPV,2019,1,0.04452658
6,IFPV,2019,2,0.02962092
6,IFPV,2019,3,0.01880684
6,IFPV,2019,4,0.00521093
6,IFPV,2020,1,-0.01214893
6,IFPV,2020,2,-0.02355939
6,IFPV,2020,3,-0.04381793
6,IFPV,2020,4,-0.06253366
6,IHPV,2018,1,-0.62691392
6,IHPV,2018,2,-0.5841776
6,IHPV,2018,3,-0.71368016
6,IHPV,2018,4,-0.72743362
6,IHPV,2019,1,-0.7491138
6,IHPV,2019,2,-0.80480559
6,IHPV,2019,3,-0.82296689
6,IHPV,2019,4,-0.86255513
6,IHPV,2020,1,-0.8754003
6,IHPV,2020,2,-0.89728929
6,IHPV,2020,3,-0.92275891
6,IHPV,2020,4,-0.951025
6,IGV,2018,1,0.40643251
6,IGV,2018,2,0.41675659
6,IGV,2018,3,0.38896493
6,IGV,2018,4,0.38538124
6,IGV,2019,1,0.36142242
6,IGV,2019,2,0.34473213
6,IGV,2019,3,0.32257913
6,IGV,2019,4,0.29762864
6,IGV,2020,1,0.2759524
6,IGV,2020,2,0.25944049
6,IGV,2020,3,0.23571348
6,IGV,2020,4,0.21366301
6,CGV,2018,1,0.46205205
6,CGV,2018,2,0.46487435
6,CGV,2018,3,0.46692978
6,CGV,2018,4,0.46713051
6,CGV,2019,1,0.46249092
6,CGV,2019,2,0.45318257
6,CGV,2019,3,0.44209572
6,CGV,2019,4,0.42522338
6,CGV,2020,1,0.4121473
6,CGV,2020,2,0.39823067
6,CGV,2020,3,0.38369947
6,CGV,2020,4,0.3687706
6,XGSV,2018,1,-0.0020283
6,XGSV,2018,2,-0.00329125
6,XGSV,2018,3,-0.00333709
6,XGSV,2018,4,-0.00375897
6,XGSV,2019,1,-0.00429046
6,XGSV,2019,2,-0.00489016
6,XGSV,2019,3,-0.00559406
6,XGSV,2019,4,-0.00632715
6,XGSV,2020,1,-0.00712971
6,XGSV,2020,2,-0.00827747
6,XGSV,2020,3,-0.00935293
6,XGSV,2020,4,-0.01057891
6,MGSV,2018,1,0.02461745
6,MGSV,2018,2,-0.60782311
6,MGSV,2018,3,-0.60770965
6,MGSV,2018,4,-0.73413277
6,MGSV,2019,1,-0.76488381
6,MGSV,2019,2,-0.76849116
6,MGSV,2019,3,-0.79293646
6,MGSV,2019,4,-0.81868299
6,MGSV,2020,1,-0.81464102
6,MGSV,2020,2,-0.8359832
6,MGSV,2020,3,-0.83443255
6,MGSV,2020,4,-0.85829085
6,NIV,2018,1,-0.56465359
6,NIV,2018,2,-0.27465514
6,NIV,2018,3,-0.45844241
6,NIV,2018,4,-0.41913349
6,NIV,2019,1,-0.45767275
6,NIV,2019,2,-0.48744852
6,NIV,2019,3,-0.51723172
6,NIV,2019,4,-0.4115756
6,NIV,2020,1,-0.41780001
6,NIV,2020,2,-0.51547392
6,NIV,2020,3,-0.56739393
6,NIV,2020,4,-0.58995059
6,YWV,2018,1,-0.28470084
6,YWV,2018,2,-0.10078842
6,YWV,2018,3,-0.17072959
6,YWV,2018,4,-0.24772502
6,YWV,2019,1,-0.18392718
6,YWV,2019,2,-0.2640895
6,YWV,2019,3,-0.24497343
6,YWV,2019,4,-0.18681405
6,YWV,2020,1,-0.18045932
6,YWV,2020,2,-0.27637261
6,YWV,2020,3,-0.2950321
6,YWV,2020,4,-0.33389709
6,YCV,2018,1,-2.38128296
6,YCV,2018,2,-0.86890828
6,YCV,2018,3,-1.76860493
6,YCV,2018,4,-1.24956592
6,YCV,2019,1,-1.56940714
6,YCV,2019,2,-1.44175174
6,YCV,2019,3,-1.72911973
6,YCV,2019,4,-1.78613477
6,YCV,2020,1,-1.55883845
6,YCV,2020,2,-3.21517914
6,YCV,2020,3,-2.20558491
6,YCV,2020,4,-1.83905604
6,YDV,2018,1,-0.18406528
6,YDV,2018,2,-0.1315012
6,YDV,2018,3,-0.14685382
6,YDV,2018,4,-0.23450419
6,YDV,2019,1,-0.17962195
6,YDV,2019,2,-0.25877971
6,YDV,2019,3,-0.24065926
6,YDV,2019,4,-0.19354405
6,YDV,2020,1,-0.18658232
6,YDV,2020,2,-0.23753123
6,YDV,2020,3,-0.28924025
6,YDV,2020,4,-0.33528251
6,TAXV,2018,1,2.52342789
6,TAXV,2018,2,2.35086372
6,TAXV,2018,3,2.23583837
6,TAXV,2018,4,2.09638679
6,TAXV,2019,1,1.90015315
6,TAXV,2019,2,2.06456156
6,TAXV,2019,3,1.99475289
6,TAXV,2019,4,1.38083028
6,TAXV,2020,1,1.33714206
6,TAXV,2020,2,1.53987979
6,TAXV,2020,3,1.5730635
6,TAXV,2020,4,1.55643846
6,TYPV,2018,1,-0.19424355
6,TYPV,2018,2,-0.10651518
6,TYPV,2018,3,-0.22161921
6,TYPV,2018,4,-0.31645708
6,TYPV,2019,1,-0.33207813
6,TYPV,2019,2,-0.36722602
6,TYPV,2019,3,-0.39474723
6,TYPV,2019,4,-0.38948786
6,TYPV,2020,1,-0.39093389
6,TYPV,2020,2,-0.36521691
6,TYPV,2020,3,-0.38994758
6,TYPV,2020,4,-0.42639306
6,TYCV,2018,1,0.39088236
6,TYCV,2018,2,-0.13597066
6,TYCV,2018,3,-0.3992615
6,TYCV,2018,4,-0.89400313
6,TYCV,2019,1,-1.6534269
6,TYCV,2019,2,-1.49886056
6,TYCV,2019,3,-1.6751282
6,TYCV,2019,4,-1.68051581
6,TYCV,2020,1,-1.80937395
6,TYCV,2020,2,-1.81800263
6,TYCV,2020,3,-2.10262344
6,TYCV,2020,4,-2.25689103
6,TCIV,2018,1,11.0153818
6,TCIV,2018,2,11.15665989
6,TCIV,2018,3,11.02401792
6,TCIV,2018,4,11.02720179
6,TCIV,2019,1,10.99991163
6,TCIV,2019,2,10.97848445
6,TCIV,2019,3,10.96269167
6,TCIV,2019,4,8.57248301
6,TCIV,2020,1,8.56868149
6,TCIV,2020,2,8.56689229
6,TCIV,2020,3,8.54465314
6,TCIV,2020,4,8.62452197
6,WIPH,2018,1,-0.14466852
6,WIPH,2018,2,-0.05199873
6,WIPH,2018,3,-0.07093119
6,WIPH,2018,4,-0.13212753
6,WIPH,2019,1,-0.08523718
6,WIPH,2019,2,-0.14342827
6,WIPH,2019,3,-0.13560676
6,WIPH,2019,4,-0.09721303
6,WIPH,2020,1,-0.10046522
6,WIPH,2020,2,-0.17937611
6,WIPH,2020,3,-0.19457794
6,WIPH,2020,4,-0.22764482
6,LE,2018,1,-0.05915625
6,LE,2018,2,-0.01949123
6,LE,2018,3,-0.04103205
6,LE,2018,4,-0.06418413
6,LE,2019,1,-0.04431994
6,LE,2019,2,-0.06371804
6,LE,2019,3,-0.0547289
6,LE,2019,4,-0.036016
6,LE,2020,1,-0.03030711
6,LE,2020,2,-0.0561885
6,LE,2020,3,-0.05418506
6,LE,2020,4,-0.05815407
6,LF,2018,1,-0.05506894
6,LF,2018,2,-0.01502176
6,LF,2018,3,-0.03329335
6,LF,2018,4,-0.05564973
6,LF,2019,1,-0.03522376
6,LF,2019,2,-0.05361354
6,LF,2019,3,-0.0445145
6,LF,2019,4,-0.02475454
6,LF,2020,1,-0.01897457
6,LF,2020,2,-0.04498844
6,LF,2020,3,-0.04298583
6,LF,2020,4,-0.04688099
6,LH,2018,1,-0.09725634
6,LH,2018,2,-0.03443382
6,LH,2018,3,-0.06808316
6,LH,2018,4,-0.06517242
6,LH,2019,1,-0.06535747
6,LH,2019,2,-0.07046052
6,LH,2019,3,-0.0681677
6,LH,2019,4,-0.06360888
6,LH,2020,1,-0.06064226
6,LH,2020,2,-0.05551588
6,LH,2020,3,-0.06210189
6,LH,2020,4,-0.06692108
6,UR,2018,1,0.00397569
6,UR,2018,2,0.00435982
6,UR,2018,3,0.00755881
6,UR,2018,4,0.00833535
6,UR,2019,1,0.00887935
6,UR,2019,2,0.0098587
6,UR,2019,3,0.00999617
6,UR,2019,4,0.01100855
6,UR,2020,1,0.01105772
6,UR,2020,2,0.01089153
6,UR,2020,3,0.01088439
6,UR,2020,4,0.0109679
6,CUX,2018,1,-0.7046128
6,CUX,2018,2,-0.25376133
6,CUX,2018,3,-0.5003251
6,CUX,2018,4,-0.39240569
6,CUX,2019,1,-0.46881519
6,CUX,2019,2,-0.45197911
6,CUX,2019,3,-0.46890412
6,CUX,2019,4,-0.50978394
6,CUX,2020,1,-0.50859189
6,CUX,2020,2,-0.46220134
6,CUX,2020,3,-0.4870959
6,CUX,2020,4,-0.48291543
6,GDPPOT,2018,1,-0.03312816
6,GDPPOT,2018,2,-0.00927779
6,GDPPOT,2018,3,-0.02020576
6,GDPPOT,2018,4,-0.03378787
6,GDPPOT,2019,1,-0.02203022
6,GDPPOT,2019,2,-0.03365739
6,GDPPOT,2019,3,-0.02884691
6,GDPPOT,2019,4,-0.0175471
6,GDPPOT,2020,1,-0.01449115
6,GDPPOT,2020,2,-0.03041454
6,GDPPOT,2020,3,-0.02955454
6,GDPPOT,2020,4,-0.03221073
6,GDPGAP,2018,1,-0.34398782
6,GDPGAP,2018,2,-0.1256368
6,GDPGAP,2018,3,-0.24569857
6,GDPGAP,2018,4,-0.2005343
6,GDPGAP,2019,1,-0.23193529
6,GDPGAP,2019,2,-0.22908812
6,GDPGAP,2019,3,-0.23447409
6,GDPGAP,2019,4,-0.24088575
6,GDPGAP,2020,1,-0.23987446
6,GDPGAP,2020,2,-0.20371318
6,GDPGAP,2020,3,-0.22672502
6,GDPGAP,2020,4,-0.23037081
6,RCD,2018,1,0.0
6,RCD,2018,2,0.00327294
6,RCD,2018,3,-0.00033333
6,RCD,2018,4,0.0
6,RCD,2019,1,0.0
6,RCD,2019,2,-0.001
6,RCD,2019,3,-0.001
6,RCD,2019,4,-0.001
6,RCD,2020,1,-0.001
6,RCD,2020,2,-0.00133333
6,RCD,2020,3,-0.001
6,RCD,2020,4,-0.001
6,RGB,2018,1,-0.00146635
6,RGB,2018,2,0.00164053
6,RGB,2018,3,-0.00038195
6,RGB,2018,4,9.144e-05
6,RGB,2019,1,0.00010903
6,RGB,2019,2,0.0
6,RGB,2019,3,0.0
6,RGB,2019,4,0.0
6,RGB,2020,1,0.0
6,RGB,2020,2,0.0
6,RGB,2020,3,-0.00017455
6,RGB,2020,4,-0.00019617
6,PERR,2018,1,-0.00799712
6,PERR,2018,2,0.04537586
6,PERR,2018,3,0.14000497
6,PERR,2018,4,0.31851815
6,PERR,2019,1,0.29570544
6,PERR,2019,2,0.33126856
6,PERR,2019,3,0.3475683
6,PERR,2019,4,0.41581315
6,PERR,2020,1,0.46522385
6,PERR,2020,2,0.66266916
6,PERR,2020,3,0.90667239
6,PERR,2020,4,0.93438422
6,UCC,2018,1,-0.14587932
6,UCC,2018,2,0.16275118
6,UCC,2018,3,0.14619346
6,UCC,2018,4,0.40087892
6,UCC,2019,1,0.37889737
6,UCC,2019,2,0.17713481
6,UCC,2019,3,0.234627
6,UCC,2019,4,0.25347959
6,UCC,2020,1,0.32723237
6,UCC,2020,2,0.31078684
6,UCC,2020,3,0.33578682
6,UCC,2020,4,0.36022098
6,FXS,2018,1,-0.0049272
6,FXS,2018,2,-0.00783044
6,FXS,2018,3,-0.00749905
6,FXS,2018,4,-0.00794076
6,FXS,2019,1,-0.00860956
6,FXS,2019,2,-0.00949298
6,FXS,2019,3,-0.01071522
6,FXS,2019,4,-0.01212057
6,FXS,2020,1,-0.01376876
6,FXS,2020,2,-0.01621603
6,FXS,2020,3,-0.0184097
6,FXS,2020,4,-0.0208364
6,PSHARE,2018,1,-0.14241468
6,PSHARE,2018,2,-0.12423582
6,PSHARE,2018,3,-0.13329803
6,PSHARE,2018,4,-0.06942186
6,PSHARE,2019,1,0.01383028
6,PSHARE,2019,2,0.02120066
6,PSHARE,2019,3,0.03535507
6,PSHARE,2019,4,0.0363235
6,PSHARE,2020,1,0.03918636
6,PSHARE,2020,2,0.04364829
6,PSHARE,2020,3,0.03624994
6,PSHARE,2020,4,0.0314533
6,PLAND,2018,1,0.00128769
6,PLAND,2018,2,-0.00014903
6,PLAND,2018,3,0.00356515
6,PLAND,2018,4,0.00359683
6,PLAND,2019,1,0.00409111
6,PLAND,2019,2,0.0040029
6,PLAND,2019,3,0.00366977
6,PLAND,2019,4,0.00344154
6,PLAND,2020,1,0.00306722
6,PLAND,2020,2,0.00201373
6,PLAND,2020,3,0.00245204
6,PLAND,2020,4,0.00191234
6,M2CD,2018,1,-0.36248026
6,M2CD,2018,2,-0.13339068
6,M2CD,2018,3,-0.25074264
6,M2CD,2018,4,-0.23080856
6,M2CD,2019,1,-0.26761467
6,M2CD,2019,2,-0.2900976
6,M2CD,2019,3,-0.31007899
6,M2CD,2019,4,-0.33264522
6,M2CD,2020,1,-0.34781417
6,M2CD,2020,2,-0.36157619
6,M2CD,2020,3,-0.39639893
6,M2CD,2020,4,-0.42093188
6,BGVATGDPV,2018,1,0.34107846
6,BGVATGDPV,2018,2,0.33201453
6,BGVATGDPV,2018,3,0.30973385
6,BGVATGDPV,2018,4,0.28651026
6,BGVATGDPV,2019,1,0.25533241
6,BGVATGDPV,2019,2,0.27196135
6,BGVATGDPV,2019,3,0.26592615
6,BGVATGDPV,2019,4,0.1612535
6,BGVATGDPV,2020,1,0.1607072
6,BGVATGDPV,2020,2,0.2146656
6,BGVATGDPV,2020,3,0.2160015
6,BGVATGDPV,2020,4,0.21481633
6,SBGVATGDPV,2018,1,-0.24252792
6,SBGVATGDPV,2018,2,-0.89806283
6,SBGVATGDPV,2018,3,-0.67799577
6,SBGVATGDPV,2018,4,-0.82750561
6,SBGVATGDPV,2019,1,-0.79667284
6,SBGVATGDPV,2019,2,-0.81959262
6,SBGVATGDPV,2019,3,-0.84209277
6,SBGVATGDPV,2019,4,-0.84108949
6,SBGVATGDPV,2020,1,-0.83812667
6,SBGVATGDPV,2020,2,-0.9543576
6,SBGVATGDPV,2020,3,-0.8643673
6,SBGVATGDPV,2020,4,-0.843842
6,BCVATGDPV,2018,1,-0.00819148
6,BCVATGDPV,2018,2,0.09024497
6,BCVATGDPV,2018,3,0.10056904
6,BCVATGDPV,2018,4,0.12897383
6,BCVATGDPV,2019,1,0.12300811
6,BCVATGDPV,2019,2,0.12709915
6,BCVATGDPV,2019,3,0.13164339
6,BCVATGDPV,2019,4,0.13528043
6,BCVATGDPV,2020,1,0.12991718
6,BCVATGDPV,2020,2,0.13092236
6,BCVATGDPV,2020,3,0.11703406
6,BCVATGDPV,2020,4,0.12556215
6,KFP,2018,1,-0.00075254
6,KFP,2018,2,-0.0007793
6,KFP,2018,3,-0.00133384
6,KFP,2018,4,-0.00244645
6,KFP,2019,1,-0.00403309
6,KFP,2019,2,-0.0055901
6,KFP,2019,3,-0.00684957
6,KFP,2019,4,-0.00783692
6,KFP,2020,1,-0.00878147
6,KFP,2020,2,-0.00961782
6,KFP,2020,3,-0.01043462
6,KFP,2020,4,-0.01123547
6,KHP,2018,1,0.00437278
6,KHP,2018,2,-0.01290465
6,KHP,2018,3,-0.03172165
6,KHP,2018,4,-0.05066618
6,KHP,2019,1,-0.06999539
6,KHP,2019,2,-0.08982983
6,KHP,2019,3,-0.10949113
6,KHP,2019,4,-0.1287368
6,KHP,2020,1,-0.14679352
6,KHP,2020,2,-0.16480662
6,KHP,2020,3,-0.18185411
6,KHP,2020,4,-0.19888259
6,KG,2018,1,0.0
6,KG,2018,2,-0.0
6,KG,2018,3,0.0
6,KG,2018,4,0.0
6,KG,2019,1,0.0
6,KG,2019,2,0.0
6,KG,2019,3,0.0
6,KG,2019,4,0.0
6,KG,2020,1,0.0
6,KG,2020,2,0.0
6,KG,2020,3,0.0
6,KG,2020,4,0.0
6,BCVATGDPV,2018,0,0.07789909
6,BCVATGDPV,2019,0,0.12925777
6,BCVATGDPV,2020,0,0.12585894
6,BGVATGDPV,2018,0,0.31733427
6,BGVATGDPV,2019,0,0.23861835
6,BGVATGDPV,2020,0,0.20154766
6,CG,2018,0,0.0
6,CG,2019,0,0.0
6,CG,2020,0,0.0
6,CGPI,2018,0,0.85952729
6,CGPI,2019,0,0.82111324
6,CGPI,2020,0,0.75991775
6,CGV,2018,0,0.46524667
6,CGV,2019,0,0.44574815
6,CGV,2020,0,0.39071201
6,CP,2018,0,-0.47475195
6,CP,2019,0,-0.5402137
6,CP,2020,0,-0.53534822
6,CPV,2018,0,0.02658867
6,CPV,2019,0,-0.07746268
6,CPV,2020,0,-0.1411061
6,CUX,2018,0,-0.46277623
6,CUX,2019,0,-0.47487059
6,CUX,2020,0,-0.48520114
6,FXS,2018,0,-0.00704936
6,FXS,2019,0,-0.01023458
6,FXS,2020,0,-0.01730772
6,GDP,2018,0,-0.24747442
6,GDP,2019,0,-0.25628296
6,GDP,2020,0,-0.2588335
6,GDPD,2018,0,-0.57801675
6,GDPD,2019,0,-0.03107453
6,GDPD,2020,0,-0.00674951
6,GDPGAP,2018,0,-0.22896437
6,GDPGAP,2019,0,-0.23409581
6,GDPGAP,2020,0,-0.22517087
6,GDPPOT,2018,0,-0.0240999
6,GDPPOT,2019,0,-0.02552041
6,GDPPOT,2020,0,-0.02666774
6,GDPV,2018,0,0.19784902
6,GDPV,2019,0,0.14942572
6,GDPV,2020,0,0.07398835
6,IFP,2018,0,-0.01594442
6,IFP,2019,0,-0.0477085
6,IFP,2020,0,-0.03782937
6,IFPV,2018,0,0.1198126
6,IFPV,2019,0,0.02454132
6,IFPV,2020,0,-0.03551498
6,IG,2018,0,0.0
6,IG,2019,0,0.0
6,IG,2020,0,0.0
6,IGV,2018,0,0.39938382
6,IGV,2019,0,0.33159058
6,IGV,2020,0,0.24619234
6,IHP,2018,0,-1.41154647
6,IHP,2019,0,-1.5125965
6,IHP,2020,0,-1.53081007
6,IHPV,2018,0,-0.66305132
6,IHPV,2019,0,-0.80986035
6,IHPV,2020,0,-0.91161838
6,KFP,2018,0,-0.00132803
6,KFP,2019,0,-0.00607742
6,KFP,2020,0,-0.01001734
6,KG,2018,0,0.0
6,KG,2019,0,0.0
6,KG,2020,0,0.0
6,KHP,2018,0,-0.02272992
6,KHP,2019,0,-0.09951329
6,KHP,2020,0,-0.17308421
6,LE,2018,0,-0.04596591
6,LE,2019,0,-0.04969572
6,LE,2020,0,-0.04970869
6,LF,2018,0,-0.03975844
6,LF,2019,0,-0.03952658
6,LF,2020,0,-0.03845746
6,LH,2018,0,-0.06623644
6,LH,2019,0,-0.06689864
6,LH,2020,0,-0.06129528
6,M2CD,2018,0,-0.24435554
6,M2CD,2019,0,-0.30010912
6,M2CD,2020,0,-0.38168029
6,MGS,2018,0,-0.48347222
6,MGS,2019,0,-0.77592833
6,MGS,2020,0,-0.78666403
6,MGSV,2018,0,-0.48126202
6,MGSV,2019,0,-0.7862486
6,MGSV,2020,0,-0.83583691
6,NIV,2018,0,-0.42922116
6,NIV,2019,0,-0.46848215
6,NIV,2020,0,-0.52265461
6,PCP,2018,0,0.50373102
6,PCP,2019,0,0.46526245
6,PCP,2020,0,0.39636318
6,PERR,2018,0,0.12397547
6,PERR,2019,0,0.34758887
6,PERR,2020,0,0.74223741
6,PGDP,2018,0,0.4464231
6,PGDP,2019,0,0.40675038
6,PGDP,2020,0,0.33368425
6,PIFP,2018,0,0.13577686
6,PIFP,2019,0,0.07228537
6,PIFP,2020,0,0.00231533
6,PIHP,2018,0,0.75921178
6,PIHP,2019,0,0.71352517
6,PIHP,2020,0,0.62881633
6,PLAND,2018,0,0.00207516
6,PLAND,2019,0,0.00380133
6,PLAND,2020,0,0.00236133
6,PMGS,2018,0,0.00223066
6,PMGS,2019,0,-0.01040172
6,PMGS,2020,0,-0.04956088
6,PSHARE,2018,0,-0.1173426
6,PSHARE,2019,0,0.02667738
6,PSHARE,2020,0,0.03763447
6,PXGS,2018,0,-0.00281497
6,PXGS,2019,0,-0.00408694
6,PXGS,2020,0,-0.00691158
6,RCD,2018,0,0.0007349
6,RCD,2019,0,-0.00075
6,RCD,2020,0,-0.00108333
6,RGB,2018,0,-2.908e-05
6,RGB,2019,0,2.726e-05
6,RGB,2020,0,-9.268e-05
6,SBGVATGDPV,2018,0,-0.66152303
6,SBGVATGDPV,2019,0,-0.82486193
6,SBGVATGDPV,2020,0,-0.87517339
6,TAXV,2018,0,2.3016292
6,TAXV,2019,0,1.83507447
6,TAXV,2020,0,1.50163095
6,TCIV,2018,0,11.05581535
6,TCIV,2019,0,10.37839269
6,TCIV,2020,0,8.57618722
6,TYCV,2018,0,-0.25958823
6,TYCV,2019,0,-1.62698287
6,TYCV,2020,0,-1.99672276
6,TYPV,2018,0,-0.20970875
6,TYPV,2019,0,-0.37088481
6,TYPV,2020,0,-0.39312286
6,UCC,2018,0,0.14098606
6,UCC,2019,0,0.26103469
6,UCC,2020,0,0.33350675
6,UR,2018,0,0.00605742
6,UR,2019,0,0.00993569
6,UR,2020,0,0.01095039
6,WIPH,2018,0,-0.09993149
6,WIPH,2019,0,-0.11537131
6,WIPH,2020,0,-0.17551602
6,XGS,2018,0,-0.00028894
6,XGS,2019,0,-0.00118857
6,XGS,2020,0,-0.00192331
6,XGSV,2018,0,-0.0031039
6,XGSV,2019,0,-0.00527546
6,XGSV,2020,0,-0.00883476
6,YCV,2018,0,-1.56709052
6,YCV,2019,0,-1.63160335
6,YCV,2020,0,-2.20466463
6,YDV,2018,0,-0.17423112
6,YDV,2019,0,-0.21815124
6,YDV,2020,0,-0.26215908
6,YWV,2018,0,-0.20098597
6,YWV,2019,0,-0.21995104
6,YWV,2020,0,-0.27144028
7,GDP,2018,1,-0.12601966
7,GDP,2018,2,-0.23365022
7,GDP,2018,3,-0.40101541
7,GDP,2018,4,-0.60871167
7,GDP,2019,1,-0.86625897
7,GDP,2019,2,-1.0252266
7,GDP,2019,3,-1.18706863
7,GDP,2019,4,-1.22369266
7,GDP,2020,1,-1.29588819
7,GDP,2020,2,-1.32861881
7,GDP,2020,3,-1.29019243
7,GDP,2020,4,-1.30800339
7,CP,2018,1,0.03868665
7,CP,2018,2,0.14992539
7,CP,2018,3,0.30481939
7,CP,2018,4,0.2623781
7,CP,2019,1,0.20434919
7,CP,2019,2,0.16396132
7,CP,2019,3,0.0721484
7,CP,2019,4,-0.0113237
7,CP,2020,1,-0.08388161
7,CP,2020,2,-0.13203115
7,CP,2020,3,-0.13718745
7,CP,2020,4,-0.15583372
7,IFP,2018,1,-0.75620376
7,IFP,2018,2,-1.58840207
7,IFP,2018,3,-2.36275098
7,IFP,2018,4,-3.51910451
7,IFP,2019,1,-4.68471412
7,IFP,2019,2,-5.55200042
7,IFP,2019,3,-6.08497957
7,IFP,2019,4,-6.31883318
7,IFP,2020,1,-6.36094451
7,IFP,2020,2,-6.39226885
7,IFP,2020,3,-6.41315893
7,IFP,2020,4,-6.42634339
7,IHP,2018,1,-0.28129705
7,IHP,2018,2,-0.33483342
7,IHP,2018,3,-0.30906104
7,IHP,2018,4,-0.32256196
7,IHP,2019,1,-0.3922856
7,IHP,2019,2,-0.44294325
7,IHP,2019,3,-0.53422754
7,IHP,2019,4,-0.64233498
7,IHP,2020,1,-0.7262423
7,IHP,2020,2,-0.78211139
7,IHP,2020,3,-0.83904488
7,IHP,2020,4,-0.86156761
7,IG,2018,1,0.0
7,IG,2018,2,0.0
7,IG,2018,3,0.0
7,IG,2018,4,0.0
7,IG,2019,1,0.0
7,IG,2019,2,0.0
7,IG,2019,3,0.0
7,IG,2019,4,0.0
7,IG,2020,1,0.0
7,IG,2020,2,0.0
7,IG,2020,3,0.0
7,IG,2020,4,0.0
7,CG,2018,1,0.0
7,CG,2018,2,-0.0
7,CG,2018,3,-0.0
7,CG,2018,4,-0.0
7,CG,2019,1,-0.0
7,CG,2019,2,-0.0
7,CG,2019,3,-0.0
7,CG,2019,4,-0.0
7,CG,2020,1,-0.0
7,CG,2020,2,-0.0
7,CG,2020,3,-0.0
7,CG,2020,4,-0.0
7,XGS,2018,1,0.0
7,XGS,2018,2,-0.00219357
7,XGS,2018,3,-0.00884463
7,XGS,2018,4,-0.02268611
7,XGS,2019,1,-0.04640727
7,XGS,2019,2,-0.08044644
7,XGS,2019,3,-0.12295972
7,XGS,2019,4,-0.17157142
7,XGS,2020,1,-0.22352361
7,XGS,2020,2,-0.27623031
7,XGS,2020,3,-0.32943754
7,XGS,2020,4,-0.38304721
7,MGS,2018,1,0.01391915
7,MGS,2018,2,0.10351278
7,MGS,2018,3,0.27569535
7,MGS,2018,4,0.32778552
7,MGS,2019,1,0.23923533
7,MGS,2019,2,0.14870868
7,MGS,2019,3,0.04107623
7,MGS,2019,4,-0.08318735
7,MGS,2020,1,-0.1982397
7,MGS,2020,2,-0.27936049
7,MGS,2020,3,-0.31772021
7,MGS,2020,4,-0.33759054
7,GDPD,2018,1,-0.50318963
7,GDPD,2018,2,-0.43381477
7,GDPD,2018,3,-0.66789612
7,GDPD,2018,4,-0.83472917
7,GDPD,2019,1,-1.03735151
7,GDPD,2019,2,-0.64408575
7,GDPD,2019,3,-0.65459898
7,GDPD,2019,4,-0.14398155
7,GDPD,2020,1,-0.29333212
7,GDPD,2020,2,-0.12308636
7,GDPD,2020,3,0.16360895
7,GDPD,2020,4,-0.07336698
7,PGDP,2018,1,-0.03854192
7,PGDP,2018,2,-0.0708178
7,PGDP,2018,3,-0.10180774
7,PGDP,2018,4,-0.12448819
7,PGDP,2019,1,-0.15768361
7,PGDP,2019,2,-0.18888119
7,PGDP,2019,3,-0.23163963
7,PGDP,2019,4,-0.27010046
7,PGDP,2020,1,-0.32277586
7,PGDP,2020,2,-0.35556254
7,PGDP,2020,3,-0.42701488
7,PGDP,2020,4,-0.48390837
7,PCP,2018,1,-0.03985501
7,PCP,2018,2,-0.06350485
7,PCP,2018,3,-0.07501079
7,PCP,2018,4,-0.0899723
7,PCP,2019,1,-0.11265356
7,PCP,2019,2,-0.14463449
7,PCP,2019,3,-0.18609517
7,PCP,2019,4,-0.23558487
7,PCP,2020,1,-0.2907736
7,PCP,2020,2,-0.34871556
7,PCP,2020,3,-0.40679737
7,PCP,2020,4,-0.46285599
7,PIFP,2018,1,-0.06189379
7,PIFP,2018,2,-0.09195616
7,PIFP,2018,3,-0.15792649
7,PIFP,2018,4,-0.20297234
7,PIFP,2019,1,-0.27274149
7,PIFP,2019,2,-0.33289236
7,PIFP,2019,3,-0.39890966
7,PIFP,2019,4,-0.44109162
7,PIFP,2020,1,-0.49662931
7,PIFP,2020,2,-0.53255169
7,PIFP,2020,3,-0.57257412
7,PIFP,2020,4,-0.61130258
7,PIHP,2018,1,-0.04292514
7,PIHP,2018,2,-0.07949277
7,PIHP,2018,3,-0.10609888
7,PIHP,2018,4,-0.12270217
7,PIHP,2019,1,-0.1501606
7,PIHP,2019,2,-0.19077221
7,PIHP,2019,3,-0.24130858
7,PIHP,2019,4,-0.3005677
7,PIHP,2020,1,-0.36980796
7,PIHP,2020,2,-0.43541157
7,PIHP,2020,3,-0.50545673
7,PIHP,2020,4,-0.57397899
7,PXGS,2018,1,-0.09193832
7,PXGS,2018,2,-0.186748
7,PXGS,2018,3,-0.3011265
7,PXGS,2018,4,-0.41366269
7,PXGS,2019,1,-0.52381422
7,PXGS,2019,2,-0.63313104
7,PXGS,2019,3,-0.74263815
7,PXGS,2019,4,-0.85381279
7,PXGS,2020,1,-0.96785931
7,PXGS,2020,2,-1.0846578
7,PXGS,2020,3,-1.20445246
7,PXGS,2020,4,-1.32683779
7,PMGS,2018,1,-0.10012518
7,PMGS,2018,2,-0.205901
7,PMGS,2018,3,-0.34303182
7,PMGS,2018,4,-0.46895264
7,PMGS,2019,1,-0.55934564
7,PMGS,2019,2,-0.69714692
7,PMGS,2019,3,-0.80044726
7,PMGS,2019,4,-0.91031283
7,PMGS,2020,1,-1.03679489
7,PMGS,2020,2,-1.09678186
7,PMGS,2020,3,-1.21487511
7,PMGS,2020,4,-1.3393127
7,CGPI,2018,1,-0.05340248
7,CGPI,2018,2,-0.0854787
7,CGPI,2018,3,-0.12103277
7,CGPI,2018,4,-0.16541972
7,CGPI,2019,1,-0.19895667
7,CGPI,2019,2,-0.25422883
7,CGPI,2019,3,-0.30352611
7,CGPI,2019,4,-0.35918205
7,CGPI,2020,1,-0.41508154
7,CGPI,2020,2,-0.46222604
7,CGPI,2020,3,-0.51737046
7,CGPI,2020,4,-0.57029265
7,GDPV,2018,1,-0.16451301
7,GDPV,2018,2,-0.30430255
7,GDPV,2018,3,-0.50241489
7,GDPV,2018,4,-0.73244208
7,GDPV,2019,1,-1.02257662
7,GDPV,2019,2,-1.21217132
7,GDPV,2019,3,-1.41595854
7,GDPV,2019,4,-1.49048792
7,GDPV,2020,1,-1.61448124
7,GDPV,2020,2,-1.67945728
7,GDPV,2020,3,-1.711698
7,GDPV,2020,4,-1.78558222
7,CPV,2018,1,-0.00118378
7,CPV,2018,2,0.08632533
7,CPV,2018,3,0.22957995
7,CPV,2018,4,0.17216974
7,CPV,2019,1,0.09146542
7,CPV,2019,2,0.01908969
7,CPV,2019,3,-0.11408104
7,CPV,2019,4,-0.2468819
7,CPV,2020,1,-0.3744113
7,CPV,2020,2,-0.48028629
7,CPV,2020,3,-0.54342674
7,CPV,2020,4,-0.61796842
7,IFPV,2018,1,-0.81762951
7,IFPV,2018,2,-1.6788976
7,IFPV,2018,3,-2.51694606
7,IFPV,2018,4,-3.71493405
7,IFPV,2019,1,-4.94467845
7,IFPV,2019,2,-5.86641059
7,IFPV,2019,3,-6.45961566
7,IFPV,2019,4,-6.73205296
7,IFPV,2020,1,-6.8259835
7,IFPV,2020,2,-6.89077841
7,IFPV,2020,3,-6.94901296
7,IFPV,2020,4,-6.99836157
7,IHPV,2018,1,-0.32410144
7,IHPV,2018,2,-0.41406002
7,IHPV,2018,3,-0.41483201
7,IHPV,2018,4,-0.44486834
7,IHPV,2019,1,-0.54185714
7,IHPV,2019,2,-0.63287044
7,IHPV,2019,3,-0.77424698
7,IHPV,2019,4,-0.94097202
7,IHPV,2020,1,-1.09336456
7,IHPV,2020,2,-1.21411755
7,IHPV,2020,3,-1.3402606
7,IHPV,2020,4,-1.43060138
7,IGV,2018,1,-0.06515035
7,IGV,2018,2,-0.10294447
7,IGV,2018,3,-0.16846665
7,IGV,2018,4,-0.21321304
7,IGV,2019,1,-0.28212446
7,IGV,2019,2,-0.34618458
7,IGV,2019,3,-0.41811378
7,IGV,2019,4,-0.4716815
7,IGV,2020,1,-0.53993834
7,IGV,2020,2,-0.59041492
7,IGV,2020,3,-0.6458628
7,IGV,2020,4,-0.6999388
7,CGV,2018,1,0.0
7,CGV,2018,2,-0.0345967
7,CGV,2018,3,-0.04556926
7,CGV,2018,4,-0.06084416
7,CGV,2019,1,-0.07317052
7,CGV,2019,2,-0.09467406
7,CGV,2019,3,-0.12130625
7,CGV,2019,4,-0.15755482
7,CGV,2020,1,-0.19976544
7,CGV,2020,2,-0.24774196
7,CGV,2020,3,-0.29846379
7,CGV,2020,4,-0.34996931
7,XGSV,2018,1,-0.09193832
7,XGSV,2018,2,-0.18893748
7,XGSV,2018,3,-0.30994449
7,XGSV,2018,4,-0.43625496
7,XGSV,2019,1,-0.5699784
7,XGSV,2019,2,-0.71306814
7,XGSV,2019,3,-0.86468473
7,XGSV,2019,4,-1.02391931
7,XGSV,2020,1,-1.18921952
7,XGSV,2020,2,-1.35789196
7,XGSV,2020,3,-1.52992209
7,XGSV,2020,4,-1.70480259
7,MGSV,2018,1,-0.08621996
7,MGSV,2018,2,-0.10260136
7,MGSV,2018,3,-0.0682822
7,MGSV,2018,4,-0.14270428
7,MGSV,2019,1,-0.32144847
7,MGSV,2019,2,-0.54947496
7,MGSV,2019,3,-0.75969983
7,MGSV,2019,4,-0.99274291
7,MGSV,2020,1,-1.23297926
7,MGSV,2020,2,-1.37307837
7,MGSV,2020,3,-1.52873542
7,MGSV,2020,4,-1.67238185
7,NIV,2018,1,-0.23507327
7,NIV,2018,2,-0.41777204
7,NIV,2018,3,-0.71980375
7,NIV,2018,4,-1.03896201
7,NIV,2019,1,-1.39728785
7,NIV,2019,2,-1.63686297
7,NIV,2019,3,-1.96265701
7,NIV,2019,4,-2.14925265
7,NIV,2020,1,-2.24549977
7,NIV,2020,2,-2.44963778
7,NIV,2020,3,-2.4734212
7,NIV,2020,4,-2.47702018
7,YWV,2018,1,-0.1464603
7,YWV,2018,2,-0.2650424
7,YWV,2018,3,0.11612611
7,YWV,2018,4,-0.57041732
7,YWV,2019,1,-0.87946777
7,YWV,2019,2,-1.15369662
7,YWV,2019,3,-1.41849446
7,YWV,2019,4,-1.62867382
7,YWV,2020,1,-1.65831636
7,YWV,2020,2,-1.8723054
7,YWV,2020,3,-1.8567045
7,YWV,2020,4,-1.94115549
7,YCV,2018,1,-3.74076981
7,YCV,2018,2,-3.96700734
7,YCV,2018,3,-4.89089254
7,YCV,2018,4,-6.96756559
7,YCV,2019,1,-6.89191012
7,YCV,2019,2,-7.21995947
7,YCV,2019,3,-8.29769365
7,YCV,2019,4,-11.29725136
7,YCV,2020,1,-9.28536622
7,YCV,2020,2,-18.45594548
7,YCV,2020,3,-10.92274721
7,YCV,2020,4,-9.05467432
7,YDV,2018,1,0.54500211
7,YDV,2018,2,0.54764379
7,YDV,2018,3,0.29542651
7,YDV,2018,4,0.25845204
7,YDV,2019,1,0.01684365
7,YDV,2019,2,-0.22555885
7,YDV,2019,3,-0.43028607
7,YDV,2019,4,-0.63091366
7,YDV,2020,1,-0.71512329
7,YDV,2020,2,-0.72980907
7,YDV,2020,3,-0.87840507
7,YDV,2020,4,-0.9461111
7,TAXV,2018,1,-0.03281481
7,TAXV,2018,2,-0.27491587
7,TAXV,2018,3,-0.61140765
7,TAXV,2018,4,-1.03127692
7,TAXV,2019,1,-1.64977278
7,TAXV,2019,2,-1.9902468
7,TAXV,2019,3,-2.38292081
7,TAXV,2019,4,-2.7653389
7,TAXV,2020,1,-3.15534957
7,TAXV,2020,2,-3.24607404
7,TAXV,2020,3,-3.72378827
7,TAXV,2020,4,-4.03086923
7,TYPV,2018,1,0.02266002
7,TYPV,2018,2,0.05231965
7,TYPV,2018,3,-0.03057252
7,TYPV,2018,4,-0.06463115
7,TYPV,2019,1,-0.31767067
7,TYPV,2019,2,-0.56109748
7,TYPV,2019,3,-0.82488423
7,TYPV,2019,4,-1.00376434
7,TYPV,2020,1,-1.19787379
7,TYPV,2020,2,-1.26547131
7,TYPV,2020,3,-1.3369668
7,TYPV,2020,4,-1.38964096
7,TYCV,2018,1,-0.01966183
7,TYCV,2018,2,-0.86479004
7,TYCV,2018,3,-1.95317611
7,TYCV,2018,4,-3.23776723
7,TYCV,2019,1,-5.11306069
7,TYCV,2019,2,-5.96491484
7,TYCV,2019,3,-6.90529763
7,TYCV,2019,4,-7.81820841
7,TYCV,2020,1,-8.65395859
7,TYCV,2020,2,-9.33149225
7,TYCV,2020,3,-11.17762421
7,TYCV,2020,4,-12.13692786
7,TCIV,2018,1,-0.15018639
7,TCIV,2018,2,-0.26692801
7,TCIV,2018,3,-0.33209143
7,TCIV,2018,4,-0.57539994
7,TCIV,2019,1,-0.83179647
7,TCIV,2019,2,-1.0272707
7,TCIV,2019,3,-1.21693255
7,TCIV,2019,4,-1.29057785
7,TCIV,2020,1,-1.41212986
7,TCIV,2020,2,-1.46441557
7,TCIV,2020,3,-1.49627542
7,TCIV,2020,4,-1.58028523
7,WIPH,2018,1,-0.09751362
7,WIPH,2018,2,-0.17188776
7,WIPH,2018,3,0.13253194
7,WIPH,2018,4,-0.33605321
7,WIPH,2019,1,-0.5303131
7,WIPH,2019,2,-0.70757879
7,WIPH,2019,3,-0.89853352
7,WIPH,2019,4,-1.07046729
7,WIPH,2020,1,-1.11900862
7,WIPH,2020,2,-1.3005442
7,WIPH,2020,3,-1.31763602
7,WIPH,2020,4,-1.40920837
7,LE,2018,1,-0.023506
7,LE,2018,2,-0.04602835
7,LE,2018,3,0.0690227
7,LE,2018,4,-0.11521478
7,LE,2019,1,-0.19316075
7,LE,2019,2,-0.2615078
7,LE,2019,3,-0.3269239
7,LE,2019,4,-0.38215419
7,LE,2020,1,-0.37827877
7,LE,2020,2,-0.4318203
7,LE,2020,3,-0.41006379
7,LE,2020,4,-0.41378951
7,LF,2018,1,-0.02087836
7,LF,2018,2,-0.04017542
7,LF,2018,3,0.0823176
7,LF,2018,4,-0.09736651
7,LF,2019,1,-0.16901868
7,LF,2019,2,-0.2327598
7,LF,2019,3,-0.2947999
7,LF,2019,4,-0.34959935
7,LF,2020,1,-0.34517377
7,LF,2020,2,-0.3996771
7,LF,2020,3,-0.38092969
7,LF,2020,4,-0.3873368
7,LH,2018,1,-0.03378919
7,LH,2018,2,-0.06074212
7,LH,2018,3,-0.07908842
7,LH,2018,4,-0.15137428
7,LH,2019,1,-0.21036615
7,LH,2019,2,-0.24665645
7,LH,2019,3,-0.276178
7,LH,2019,4,-0.26992849
7,LH,2020,1,-0.2684338
7,LH,2020,2,-0.24728901
7,LH,2020,3,-0.23588681
7,LH,2020,4,-0.23517464
7,UR,2018,1,0.0025582
7,UR,2018,2,0.00570602
7,UR,2018,3,0.01295081
7,UR,2018,4,0.01743724
7,UR,2019,1,0.02360567
7,UR,2019,2,0.0280797
7,UR,2019,3,0.03156101
7,UR,2019,4,0.03195361
7,UR,2020,1,0.03239684
7,UR,2020,2,0.03133378
7,UR,2020,3,0.02847461
7,UR,2020,4,0.02599396
7,CUX,2018,1,-0.2359605
7,CUX,2018,2,-0.41317758
7,CUX,2018,3,-0.93115308
7,CUX,2018,4,-1.01055654
7,CUX,2019,1,-1.35735685
7,CUX,2019,2,-1.46857977
7,CUX,2019,3,-1.57938887
7,CUX,2019,4,-1.42472331
7,CUX,2020,1,-1.44989193
7,CUX,2020,2,-1.31757082
7,CUX,2020,3,-1.11482186
7,CUX,2020,4,-1.00441811
7,GDPPOT,2018,1,-0.01247409
7,GDPPOT,2018,2,-0.03345356
7,GDPPOT,2018,3,0.01965851
7,GDPPOT,2018,4,-0.11615699
7,GDPPOT,2019,1,-0.20182436
7,GDPPOT,2019,2,-0.29631636
7,GDPPOT,2019,3,-0.39884186
7,GDPPOT,2019,4,-0.50308995
7,GDPPOT,2020,1,-0.56804376
7,GDPPOT,2020,2,-0.66869199
7,GDPPOT,2020,3,-0.71964813
7,GDPPOT,2020,4,-0.78462439
7,GDPGAP,2018,1,-0.11654189
7,GDPGAP,2018,2,-0.20609516
7,GDPGAP,2018,3,-0.43013993
7,GDPGAP,2018,4,-0.50396092
7,GDPGAP,2019,1,-0.68023762
7,GDPGAP,2019,2,-0.74886624
7,GDPGAP,2019,3,-0.80975434
7,GDPGAP,2019,4,-0.71653361
7,GDPGAP,2020,1,-0.72737026
7,GDPGAP,2020,2,-0.6160416
7,GDPGAP,2020,3,-0.55838969
7,GDPGAP,2020,4,-0.51828773
7,RCD,2018,1,1.0
7,RCD,2018,2,1.0
7,RCD,2018,3,1.0
7,RCD,2018,4,1.0
7,RCD,2019,1,1.0
7,RCD,2019,2,1.0
7,RCD,2019,3,1.0
7,RCD,2019,4,1.0
7,RCD,2020,1,1.0
7,RCD,2020,2,1.0
7,RCD,2020,3,1.0
7,RCD,2020,4,1.0
7,RGB,2018,1,0.51011
7,RGB,2018,2,0.4464746
7,RGB,2018,3,0.44281818
7,RGB,2018,4,0.44008402
7,RGB,2019,1,0.44314994
7,RGB,2019,2,0.45151799
7,RGB,2019,3,0.4650243
7,RGB,2019,4,0.48346057
7,RGB,2020,1,0.50663661
7,RGB,2020,2,0.52832466
7,RGB,2020,3,0.54914899
7,RGB,2020,4,0.56909108
7,PERR,2018,1,-0.70557776
7,PERR,2018,2,-1.80699096
7,PERR,2018,3,-2.84300383
7,PERR,2018,4,-3.71121766
7,PERR,2019,1,-4.33613416
7,PERR,2019,2,-4.18029824
7,PERR,2019,3,-4.28390469
7,PERR,2019,4,-4.64106544
7,PERR,2020,1,-5.16323389
7,PERR,2020,2,-5.58722036
7,PERR,2020,3,-7.03787906
7,PERR,2020,4,-8.05319902
7,UCC,2018,1,4.74069494
7,UCC,2018,2,5.60170251
7,UCC,2018,3,6.88622209
7,UCC,2018,4,7.99516273
7,UCC,2019,1,8.83778339
7,UCC,2019,2,8.74882044
7,UCC,2019,3,8.5144058
7,UCC,2019,4,8.15390682
7,UCC,2020,1,7.86176725
7,UCC,2020,2,7.18961885
7,UCC,2020,3,6.5510499
7,UCC,2020,4,6.54162883
7,FXS,2018,1,-0.23008148
7,FXS,2018,2,-0.46701537
7,FXS,2018,3,-0.75240241
7,FXS,2018,4,-1.03271244
7,FXS,2019,1,-1.30662157
7,FXS,2019,2,-1.57800435
7,FXS,2019,3,-1.84940963
7,FXS,2019,4,-2.12448736
7,FXS,2020,1,-2.40618919
7,FXS,2020,2,-2.69418321
7,FXS,2020,3,-2.98903405
7,FXS,2020,4,-3.28970643
7,PSHARE,2018,1,-3.79923957
7,PSHARE,2018,2,-9.5700419
7,PSHARE,2018,3,-15.66840159
7,PSHARE,2018,4,-20.75971007
7,PSHARE,2019,1,-23.82467349
7,PSHARE,2019,2,-23.89913457
7,PSHARE,2019,3,-23.97524333
7,PSHARE,2019,4,-24.0329432
7,PSHARE,2020,1,-24.09844724
7,PSHARE,2020,2,-24.1565439
7,PSHARE,2020,3,-24.21117839
7,PSHARE,2020,4,-24.27301559
7,PLAND,2018,1,-0.01235229
7,PLAND,2018,2,0.02688309
7,PLAND,2018,3,0.12220377
7,PLAND,2018,4,0.28363933
7,PLAND,2019,1,0.50586995
7,PLAND,2019,2,0.76404958
7,PLAND,2019,3,1.02557022
7,PLAND,2019,4,1.28784424
7,PLAND,2020,1,1.55179823
7,PLAND,2020,2,1.8179493
7,PLAND,2020,3,2.08442114
7,PLAND,2020,4,2.35298953
7,M2CD,2018,1,-3.65062438
7,M2CD,2018,2,-3.76459752
7,M2CD,2018,3,-3.93294375
7,M2CD,2018,4,-4.14740446
7,M2CD,2019,1,-4.42038851
7,M2CD,2019,2,-4.60990092
7,M2CD,2019,3,-4.81325373
7,M2CD,2019,4,-4.90456337
7,M2CD,2020,1,-5.03554602
7,M2CD,2020,2,-5.13012268
7,M2CD,2020,3,-5.15504438
7,M2CD,2020,4,-5.23021536
7,BGVATGDPV,2018,1,-0.02259931
7,BGVATGDPV,2018,2,-0.07461101
7,BGVATGDPV,2018,3,-0.13168947
7,BGVATGDPV,2018,4,-0.24321925
7,BGVATGDPV,2019,1,-0.37930562
7,BGVATGDPV,2019,2,-0.45847242
7,BGVATGDPV,2019,3,-0.54766458
7,BGVATGDPV,2019,4,-0.64054367
7,BGVATGDPV,2020,1,-0.71632899
7,BGVATGDPV,2020,2,-0.90563013
7,BGVATGDPV,2020,3,-0.96615046
7,BGVATGDPV,2020,4,-1.02741027
7,SBGVATGDPV,2018,1,0.37768337
7,SBGVATGDPV,2018,2,0.71275891
7,SBGVATGDPV,2018,3,1.19510509
7,SBGVATGDPV,2018,4,1.80576757
7,SBGVATGDPV,2019,1,2.5770502
7,SBGVATGDPV,2019,2,3.14195615
7,SBGVATGDPV,2019,3,3.76569457
7,SBGVATGDPV,2019,4,4.15452781
7,SBGVATGDPV,2020,1,4.58551573
7,SBGVATGDPV,2020,2,5.38967964
7,SBGVATGDPV,2020,3,5.51345381
7,SBGVATGDPV,2020,4,5.86603681
7,BCVATGDPV,2018,1,0.00129756
7,BCVATGDPV,2018,2,-0.03155199
7,BCVATGDPV,2018,3,-0.09350483
7,BCVATGDPV,2018,4,-0.12567707
7,BCVATGDPV,2019,1,-0.12409812
7,BCVATGDPV,2019,2,-0.1417868
7,BCVATGDPV,2019,3,-0.19404233
7,BCVATGDPV,2019,4,-0.24582084
7,BCVATGDPV,2020,1,-0.27485866
7,BCVATGDPV,2020,2,-0.35097399
7,BCVATGDPV,2020,3,-0.3969448
7,BCVATGDPV,2020,4,-0.40879124
7,KFP,2018,1,-0.0234768
7,KFP,2018,2,-0.07326167
7,KFP,2018,3,-0.14403746
7,KFP,2018,4,-0.25049145
7,KFP,2019,1,-0.39056614
7,KFP,2019,2,-0.55305064
7,KFP,2019,3,-0.73044993
7,KFP,2019,4,-0.89788705
7,KFP,2020,1,-1.06659869
7,KFP,2020,2,-1.22021898
7,KFP,2020,3,-1.37132071
7,KFP,2020,4,-1.52128319
7,KHP,2018,1,-0.00371994
7,KHP,2018,2,-0.00799421
7,KHP,2018,3,-0.0118984
7,KHP,2018,4,-0.01597957
7,KHP,2019,1,-0.02106788
7,KHP,2019,2,-0.02683868
7,KHP,2019,3,-0.03381286
7,KHP,2019,4,-0.04205741
7,KHP,2020,1,-0.05090622
7,KHP,2020,2,-0.06045722
7,KHP,2020,3,-0.07017099
7,KHP,2020,4,-0.08008396
7,KG,2018,1,0.0
7,KG,2018,2,0.0
7,KG,2018,3,-0.0
7,KG,2018,4,-0.0
7,KG,2019,1,-0.0
7,KG,2019,2,-0.0
7,KG,2019,3,-0.0
7,KG,2019,4,-0.0
7,KG,2020,1,-0.0
7,KG,2020,2,-0.0
7,KG,2020,3,-0.0
7,KG,2020,4,-0.0
7,BCVATGDPV,2018,0,-0.06235908
7,BCVATGDPV,2019,0,-0.17643702
7,BCVATGDPV,2020,0,-0.35789217
7,BGVATGDPV,2018,0,-0.11802976
7,BGVATGDPV,2019,0,-0.50649657
7,BGVATGDPV,2020,0,-0.90387996
7,CG,2018,0,-0.0
7,CG,2019,0,-0.0
7,CG,2020,0,-0.0
7,CGPI,2018,0,-0.10633342
7,CGPI,2019,0,-0.27897341
7,CGPI,2020,0,-0.49124267
7,CGV,2018,0,-0.03525253
7,CGV,2019,0,-0.11167641
7,CGV,2020,0,-0.27398512
7,CP,2018,0,0.18895238
7,CP,2019,0,0.1072838
7,CP,2020,0,-0.12723348
7,CPV,2018,0,0.12172281
7,CPV,2019,0,-0.06260196
7,CPV,2020,0,-0.50402319
7,CUX,2018,0,-0.64771192
7,CUX,2019,0,-1.4575122
7,CUX,2020,0,-1.22167568
7,FXS,2018,0,-0.62055292
7,FXS,2019,0,-1.71463073
7,FXS,2020,0,-2.84477822
7,GDP,2018,0,-0.34234924
7,GDP,2019,0,-1.07556171
7,GDP,2020,0,-1.30567571
7,GDPD,2018,0,-0.60990742
7,GDPD,2019,0,-0.62000444
7,GDPD,2020,0,-0.08154413
7,GDPGAP,2018,0,-0.31418448
7,GDPGAP,2019,0,-0.73884795
7,GDPGAP,2020,0,-0.60502232
7,GDPPOT,2018,0,-0.03560653
7,GDPPOT,2019,0,-0.35001813
7,GDPPOT,2020,0,-0.68525207
7,GDPV,2018,0,-0.42591813
7,GDPV,2019,0,-1.2852986
7,GDPV,2020,0,-1.69780469
7,IFP,2018,0,-2.05661533
7,IFP,2019,0,-5.66013182
7,IFP,2020,0,-6.39817892
7,IFPV,2018,0,-2.1821018
7,IFPV,2019,0,-6.00068941
7,IFPV,2020,0,-6.91603411
7,IG,2018,0,0.0
7,IG,2019,0,0.0
7,IG,2020,0,0.0
7,IGV,2018,0,-0.13744363
7,IGV,2019,0,-0.37952608
7,IGV,2020,0,-0.61903871
7,IHP,2018,0,-0.31193837
7,IHP,2019,0,-0.50294784
7,IHP,2020,0,-0.80224154
7,IHPV,2018,0,-0.39946545
7,IHPV,2019,0,-0.72248665
7,IHPV,2020,0,-1.26958602
7,KFP,2018,0,-0.12281684
7,KFP,2019,0,-0.64298844
7,KFP,2020,0,-1.29485539
7,KG,2018,0,0.0
7,KG,2019,0,-0.0
7,KG,2020,0,-0.0
7,KHP,2018,0,-0.00989803
7,KHP,2019,0,-0.03094421
7,KHP,2020,0,-0.0654046
7,LE,2018,0,-0.02893161
7,LE,2019,0,-0.29093666
7,LE,2020,0,-0.40848809
7,LF,2018,0,-0.01902567
7,LF,2019,0,-0.26154443
7,LF,2020,0,-0.37827934
7,LH,2018,0,-0.08124851
7,LH,2019,0,-0.25078227
7,LH,2020,0,-0.24669607
7,M2CD,2018,0,-3.87389253
7,M2CD,2019,0,-4.68702663
7,M2CD,2020,0,-5.13773211
7,MGS,2018,0,0.1802282
7,MGS,2019,0,0.08645822
7,MGS,2020,0,-0.28322774
7,MGSV,2018,0,-0.09995195
7,MGSV,2019,0,-0.65584154
7,MGSV,2020,0,-1.45179372
7,NIV,2018,0,-0.60290277
7,NIV,2019,0,-1.78651512
7,NIV,2020,0,-2.41139473
7,PCP,2018,0,-0.06708574
7,PCP,2019,0,-0.16974202
7,PCP,2020,0,-0.37728563
7,PERR,2018,0,-2.26669755
7,PERR,2019,0,-4.36035063
7,PERR,2020,0,-6.46038308
7,PGDP,2018,0,-0.08391391
7,PGDP,2019,0,-0.21207622
7,PGDP,2020,0,-0.39731541
7,PIFP,2018,0,-0.1286872
7,PIFP,2019,0,-0.36140878
7,PIFP,2020,0,-0.55326443
7,PIHP,2018,0,-0.08780474
7,PIHP,2019,0,-0.22070227
7,PIHP,2020,0,-0.47116381
7,PLAND,2018,0,0.10509347
7,PLAND,2019,0,0.8958335
7,PLAND,2020,0,1.95178955
7,PMGS,2018,0,-0.27950266
7,PMGS,2019,0,-0.74181316
7,PMGS,2020,0,-1.17194114
7,PSHARE,2018,0,-12.44934828
7,PSHARE,2019,0,-23.93299865
7,PSHARE,2020,0,-24.18479628
7,PXGS,2018,0,-0.24836888
7,PXGS,2019,0,-0.68834905
7,PXGS,2020,0,-1.14595184
7,RCD,2018,0,1.0
7,RCD,2019,0,1.0
7,RCD,2020,0,1.0
7,RGB,2018,0,0.4598717
7,RGB,2019,0,0.4607882
7,RGB,2020,0,0.53830033
7,SBGVATGDPV,2018,0,1.02282873
7,SBGVATGDPV,2019,0,3.40980718
7,SBGVATGDPV,2020,0,5.3386715
7,TAXV,2018,0,-0.48760381
7,TAXV,2019,0,-2.19706982
7,TAXV,2020,0,-3.53902028
7,TCIV,2018,0,-0.33115144
7,TCIV,2019,0,-1.09164439
7,TCIV,2020,0,-1.48827652
7,TYCV,2018,0,-1.5188488
7,TYCV,2019,0,-6.45037039
7,TYCV,2020,0,-10.32500073
7,TYPV,2018,0,-0.005056
7,TYPV,2019,0,-0.67685418
7,TYPV,2020,0,-1.29748821
7,UCC,2018,0,6.30594557
7,UCC,2019,0,8.56372911
7,UCC,2020,0,7.03601621
7,UR,2018,0,0.00966307
7,UR,2019,0,0.0288
7,UR,2020,0,0.0295498
7,WIPH,2018,0,-0.11823066
7,WIPH,2019,0,-0.80172318
7,WIPH,2020,0,-1.2865993
7,XGS,2018,0,-0.00843108
7,XGS,2019,0,-0.10534621
7,XGS,2020,0,-0.30305967
7,XGSV,2018,0,-0.25676881
7,XGSV,2019,0,-0.79291265
7,XGSV,2020,0,-1.44545904
7,YCV,2018,0,-4.89155882
7,YCV,2019,0,-8.42670365
7,YCV,2020,0,-11.9296833
7,YDV,2018,0,0.41163111
7,YDV,2019,0,-0.31747873
7,YDV,2020,0,-0.81736213
7,YWV,2018,0,-0.21644847
7,YWV,2019,0,-1.27008317
7,YWV,2020,0,-1.83212044
8,GDP,2018,1,-0.00851375
8,GDP,2018,2,-0.0242787
8,GDP,2018,3,-0.05014185
8,GDP,2018,4,-0.09178551
8,GDP,2019,1,-0.13934544
8,GDP,2019,2,-0.18755492
8,GDP,2019,3,-0.23479867
8,GDP,2019,4,-0.26380621
8,GDP,2020,1,-0.29236339
8,GDP,2020,2,-0.30241094
8,GDP,2020,3,-0.2908541
8,GDP,2020,4,-0.28966474
8,CP,2018,1,0.00260316
8,CP,2018,2,0.01262139
8,CP,2018,3,0.03262928
8,CP,2018,4,0.04802249
8,CP,2019,1,0.05424663
8,CP,2019,2,0.05014173
8,CP,2019,3,0.02847214
8,CP,2019,4,-0.00463358
8,CP,2020,1,-0.04552627
8,CP,2020,2,-0.08050768
8,CP,2020,3,-0.09916338
8,CP,2020,4,-0.11914604
8,IFP,2018,1,-0.05107333
8,IFP,2018,2,-0.15718411
8,IFP,2018,3,-0.31238981
8,IFP,2018,4,-0.53982488
8,IFP,2019,1,-0.78510876
8,IFP,2019,2,-1.02080707
8,IFP,2019,3,-1.22588921
8,IFP,2019,4,-1.35535553
8,IFP,2020,1,-1.39667608
8,IFP,2020,2,-1.3771142
8,IFP,2020,3,-1.32981405
8,IFP,2020,4,-1.27623709
8,IHP,2018,1,-0.01894318
8,IHP,2018,2,-0.04099703
8,IHP,2018,3,-0.06117591
8,IHP,2018,4,-0.08144481
8,IHP,2019,1,-0.08483533
8,IHP,2019,2,-0.09024736
8,IHP,2019,3,-0.10734672
8,IHP,2019,4,-0.13339883
8,IHP,2020,1,-0.15952182
8,IHP,2020,2,-0.18277403
8,IHP,2020,3,-0.21130258
8,IHP,2020,4,-0.22170706
8,IG,2018,1,0.0
8,IG,2018,2,0.0
8,IG,2018,3,0.0
8,IG,2018,4,0.0
8,IG,2019,1,0.0
8,IG,2019,2,0.0
8,IG,2019,3,0.0
8,IG,2019,4,0.0
8,IG,2020,1,0.0
8,IG,2020,2,0.0
8,IG,2020,3,0.0
8,IG,2020,4,0.0
8,CG,2018,1,0.0
8,CG,2018,2,0.0
8,CG,2018,3,0.0
8,CG,2018,4,0.0
8,CG,2019,1,0.0
8,CG,2019,2,0.0
8,CG,2019,3,0.0
8,CG,2019,4,0.0
8,CG,2020,1,0.0
8,CG,2020,2,0.0
8,CG,2020,3,0.0
8,CG,2020,4,0.0
8,XGS,2018,1,0.0
8,XGS,2018,2,-0.00014763
8,XGS,2018,3,-0.00073843
8,XGS,2018,4,-0.00224134
8,XGS,2019,1,-0.00528472
8,XGS,2019,2,-0.01034464
8,XGS,2019,3,-0.01758828
8,XGS,2019,4,-0.02681306
8,XGS,2020,1,-0.03745094
8,XGS,2020,2,-0.04875448
8,XGS,2020,3,-0.06013569
8,XGS,2020,4,-0.07122735
8,MGS,2018,1,0.00093564
8,MGS,2018,2,0.00786241
8,MGS,2018,3,0.026012
8,MGS,2018,4,0.0468977
8,MGS,2019,1,0.05789921
8,MGS,2019,2,0.05301171
8,MGS,2019,3,0.02994733
8,MGS,2019,4,-0.01098873
8,MGS,2020,1,-0.06602697
8,MGS,2020,2,-0.11821645
8,MGS,2020,3,-0.15623239
8,MGS,2020,4,-0.18377866
8,GDPD,2018,1,-0.03399494
8,GDPD,2018,2,-0.06346741
8,GDPD,2018,3,-0.10299467
8,GDPD,2018,4,-0.16677791
8,GDPD,2019,1,-0.19057119
8,GDPD,2019,2,-0.19390748
8,GDPD,2019,3,-0.18948208
8,GDPD,2019,4,-0.11295004
8,GDPD,2020,1,-0.11491177
8,GDPD,2020,2,-0.03740442
8,GDPD,2020,3,0.04869937
8,GDPD,2020,4,0.00485012
8,PGDP,2018,1,-0.00259785
8,PGDP,2018,2,-0.00733939
8,PGDP,2018,3,-0.01380315
8,PGDP,2018,4,-0.02164619
8,PGDP,2019,1,-0.02874393
8,PGDP,2019,2,-0.03467443
8,PGDP,2019,3,-0.04152505
8,PGDP,2019,4,-0.04800998
8,PGDP,2020,1,-0.05752308
8,PGDP,2020,2,-0.06314816
8,PGDP,2020,3,-0.07682296
8,PGDP,2020,4,-0.08826158
8,PCP,2018,1,-0.00268276
8,PCP,2018,2,-0.00687668
8,PCP,2018,3,-0.01168775
8,PCP,2018,4,-0.0172324
8,PCP,2019,1,-0.02124886
8,PCP,2019,2,-0.02556155
8,PCP,2019,3,-0.03164359
8,PCP,2019,4,-0.03984853
8,PCP,2020,1,-0.04969895
8,PCP,2020,2,-0.06077867
8,PCP,2020,3,-0.07260094
8,PCP,2020,4,-0.08423501
8,PIFP,2018,1,-0.00417186
8,PIFP,2018,2,-0.01025358
8,PIFP,2018,3,-0.02035886
8,PIFP,2018,4,-0.03332175
8,PIFP,2019,1,-0.04638036
8,PIFP,2019,2,-0.06034683
8,PIFP,2019,3,-0.07255431
8,PIFP,2019,4,-0.08232919
8,PIFP,2020,1,-0.09431382
8,PIFP,2020,2,-0.10129811
8,PIFP,2020,3,-0.10828071
8,PIFP,2020,4,-0.11553583
8,PIHP,2018,1,-0.00288932
8,PIHP,2018,2,-0.00814418
8,PIHP,2018,3,-0.0150091
8,PIHP,2018,4,-0.0225324
8,PIHP,2019,1,-0.02838341
8,PIHP,2019,2,-0.03426635
8,PIHP,2019,3,-0.04082484
8,PIHP,2019,4,-0.05007765
8,PIHP,2020,1,-0.06208715
8,PIHP,2020,2,-0.07446813
8,PIHP,2020,3,-0.08860322
8,PIHP,2020,4,-0.10306041
8,PXGS,2018,1,-0.00619015
8,PXGS,2018,2,-0.01858126
8,PXGS,2018,3,-0.03823903
8,PXGS,2018,4,-0.06457748
8,PXGS,2019,1,-0.09071717
8,PXGS,2019,2,-0.11629779
8,PXGS,2019,3,-0.1398469
8,PXGS,2019,4,-0.16202437
8,PXGS,2020,1,-0.18316135
8,PXGS,2020,2,-0.20403747
8,PXGS,2020,3,-0.22537737
8,PXGS,2020,4,-0.24705569
8,PMGS,2018,1,-0.00674266
8,PMGS,2018,2,-0.02050497
8,PMGS,2018,3,-0.04351501
8,PMGS,2018,4,-0.07320449
8,PMGS,2019,1,-0.09693178
8,PMGS,2019,2,-0.12826951
8,PMGS,2019,3,-0.15060878
8,PMGS,2019,4,-0.17287341
8,PMGS,2020,1,-0.19671929
8,PMGS,2020,2,-0.21134311
8,PMGS,2020,3,-0.23379792
8,PMGS,2020,4,-0.25722711
8,CGPI,2018,1,-0.00359506
8,CGPI,2018,2,-0.00926145
8,CGPI,2018,3,-0.01720796
8,CGPI,2018,4,-0.02752748
8,CGPI,2019,1,-0.03522664
8,CGPI,2019,2,-0.04552181
8,CGPI,2019,3,-0.05493299
8,CGPI,2019,4,-0.0649372
8,CGPI,2020,1,-0.07560698
8,CGPI,2020,2,-0.08570395
8,CGPI,2020,3,-0.09657755
8,CGPI,2020,4,-0.10677804
8,GDPV,2018,1,-0.01111138
8,GDPV,2018,2,-0.03161631
8,GDPV,2018,3,-0.06393808
8,GDPV,2018,4,-0.11341184
8,GDPV,2019,1,-0.16804931
8,GDPV,2019,2,-0.22216432
8,GDPV,2019,3,-0.27622622
8,GDPV,2019,4,-0.31168954
8,GDPV,2020,1,-0.34971829
8,GDPV,2020,2,-0.36536813
8,GDPV,2020,3,-0.36745362
8,GDPV,2020,4,-0.37767065
8,CPV,2018,1,-7.967e-05
8,CPV,2018,2,0.00574385
8,CPV,2018,3,0.02093772
8,CPV,2018,4,0.03078181
8,CPV,2019,1,0.03298625
8,CPV,2019,2,0.02456736
8,CPV,2019,3,-0.00318046
8,CPV,2019,4,-0.04448027
8,CPV,2020,1,-0.09520259
8,CPV,2020,2,-0.14123742
8,CPV,2020,3,-0.17169232
8,CPV,2020,4,-0.20328069
8,IFPV,2018,1,-0.05524306
8,IFPV,2018,2,-0.16742158
8,IFPV,2018,3,-0.33268508
8,IFPV,2018,4,-0.57296675
8,IFPV,2019,1,-0.83112499
8,IFPV,2019,2,-1.08053787
8,IFPV,2019,3,-1.29755408
8,IFPV,2019,4,-1.43656886
8,IFPV,2020,1,-1.48967263
8,IFPV,2020,2,-1.47701732
8,IFPV,2020,3,-1.43665483
8,IFPV,2020,4,-1.39029841
8,IHPV,2018,1,-0.02183195
8,IHPV,2018,2,-0.04913786
8,IHPV,2018,3,-0.07617583
8,IHPV,2018,4,-0.10395885
8,IHPV,2019,1,-0.11319466
8,IHPV,2019,2,-0.12448279
8,IHPV,2019,3,-0.14812773
8,IHPV,2019,4,-0.18340967
8,IHPV,2020,1,-0.22150992
8,IHPV,2020,2,-0.25710606
8,IHPV,2020,3,-0.29971858
8,IHPV,2020,4,-0.32453898
8,IGV,2018,1,-0.00439052
8,IGV,2018,2,-0.01120151
8,IGV,2018,3,-0.02200607
8,IGV,2018,4,-0.03555032
8,IGV,2019,1,-0.04879626
8,IGV,2019,2,-0.06274199
8,IGV,2019,3,-0.07532506
8,IGV,2019,4,-0.086474
8,IGV,2020,1,-0.10037253
8,IGV,2020,2,-0.11002732
8,IGV,2020,3,-0.12021427
8,IGV,2020,4,-0.13078566
8,CGV,2018,1,0.0
8,CGV,2018,2,-0.00232879
8,CGV,2018,3,-0.00532864
8,CGV,2018,4,-0.00924642
8,CGV,2019,1,-0.01378978
8,CGV,2019,2,-0.01714921
8,CGV,2019,3,-0.02139009
8,CGV,2019,4,-0.02690208
8,CGV,2020,1,-0.03431902
8,CGV,2020,2,-0.04303097
8,CGV,2020,3,-0.05309012
8,CGV,2020,4,-0.06377426
8,XGSV,2018,1,-0.00619015
8,XGSV,2018,2,-0.01872887
8,XGSV,2018,3,-0.03897719
8,XGSV,2018,4,-0.06681737
8,XGSV,2019,1,-0.09599709
8,XGSV,2019,2,-0.1266304
8,XGSV,2019,3,-0.15741058
8,XGSV,2019,4,-0.18879399
8,XGSV,2020,1,-0.2205437
8,XGSV,2020,2,-0.25269247
8,XGSV,2020,3,-0.28537753
8,XGSV,2020,4,-0.31810707
8,MGSV,2018,1,-0.00580709
8,MGSV,2018,2,-0.01264417
8,MGSV,2018,3,-0.01751433
8,MGSV,2018,4,-0.02634111
8,MGSV,2019,1,-0.03908869
8,MGSV,2019,2,-0.0753258
8,MGSV,2019,3,-0.12070656
8,MGSV,2019,4,-0.18384315
8,MGSV,2020,1,-0.26261637
8,MGSV,2020,2,-0.32930972
8,MGSV,2020,3,-0.38966504
8,MGSV,2020,4,-0.44053304
8,NIV,2018,1,-0.01587598
8,NIV,2018,2,-0.04498175
8,NIV,2018,3,-0.0962744
8,NIV,2018,4,-0.17285947
8,NIV,2019,1,-0.24707902
8,NIV,2019,2,-0.33081041
8,NIV,2019,3,-0.45703582
8,NIV,2019,4,-0.57053774
8,NIV,2020,1,-0.63213943
8,NIV,2020,2,-0.73290072
8,NIV,2020,3,-0.75907988
8,NIV,2020,4,-0.74507787
8,YWV,2018,1,-0.0098883
8,YWV,2018,2,-0.02886249
8,YWV,2018,3,-0.02323484
8,YWV,2018,4,-0.06993516
8,YWV,2019,1,-0.11308585
8,YWV,2019,2,-0.18336544
8,YWV,2019,3,-0.32920584
8,YWV,2019,4,-0.43035966
8,YWV,2020,1,-0.47439833
8,YWV,2020,2,-0.55195369
8,YWV,2020,3,-0.56925629
8,YWV,2020,4,-0.56850762
8,YCV,2018,1,-0.25195361
8,YCV,2018,2,-0.47468827
8,YCV,2018,3,-0.82516665
8,YCV,2018,4,-1.38439423
8,YCV,2019,1,-1.41698011
8,YCV,2019,2,-1.59709377
8,YCV,2019,3,-1.92506518
8,YCV,2019,4,-2.80598068
8,YCV,2020,1,-2.33120043
8,YCV,2020,2,-4.73084561
8,YCV,2020,3,-2.84675477
8,YCV,2020,4,-2.3297655
8,YDV,2018,1,0.03665362
8,YDV,2018,2,0.07195609
8,YDV,2018,3,0.08488877
8,YDV,2018,4,0.09052095
8,YDV,2019,1,0.04906504
8,YDV,2019,2,-0.018943
8,YDV,2019,3,-0.11090519
8,YDV,2019,4,-0.21065535
8,YDV,2020,1,-0.27238427
8,YDV,2020,2,-0.29931075
8,YDV,2020,3,-0.36668498
8,YDV,2020,4,-0.38011838
8,TAXV,2018,1,-0.00222445
8,TAXV,2018,2,-0.02077877
8,TAXV,2018,3,-0.06174864
8,TAXV,2018,4,-0.13211359
8,TAXV,2019,1,-0.24351737
8,TAXV,2019,2,-0.34548943
8,TAXV,2019,3,-0.4623713
8,TAXV,2019,4,-0.58369204
8,TAXV,2020,1,-0.71220121
8,TAXV,2020,2,-0.77310906
8,TAXV,2020,3,-0.9182814
8,TAXV,2020,4,-1.02064463
8,TYPV,2018,1,0.00150244
8,TYPV,2018,2,0.00465133
8,TYPV,2018,3,0.00201617
8,TYPV,2018,4,-0.00615884
8,TYPV,2019,1,-0.03342981
8,TYPV,2019,2,-0.07895654
8,TYPV,2019,3,-0.14159449
8,TYPV,2019,4,-0.21561926
8,TYPV,2020,1,-0.3034677
8,TYPV,2020,2,-0.36136209
8,TYPV,2020,3,-0.41126329
8,TYPV,2020,4,-0.44590654
8,TYCV,2018,1,-0.00132838
8,TYCV,2018,2,-0.05957738
8,TYCV,2018,3,-0.19033419
8,TYCV,2018,4,-0.40721966
8,TYCV,2019,1,-0.76626544
8,TYCV,2019,2,-1.06758113
8,TYCV,2019,3,-1.38255701
8,TYCV,2019,4,-1.67457595
8,TYCV,2020,1,-1.9532831
8,TYCV,2020,2,-2.20862191
8,TYCV,2020,3,-2.73949531
8,TYCV,2020,4,-3.06358067
8,TCIV,2018,1,-0.01014357
8,TCIV,2018,2,-0.02814501
8,TCIV,2018,3,-0.0491666
8,TCIV,2018,4,-0.08802684
8,TCIV,2019,1,-0.13230449
8,TCIV,2019,2,-0.17908528
8,TCIV,2019,3,-0.2335213
8,TCIV,2019,4,-0.26879283
8,TCIV,2020,1,-0.31134645
8,TCIV,2020,2,-0.32862751
8,TCIV,2020,3,-0.33587035
8,TCIV,2020,4,-0.35252734
8,WIPH,2018,1,-0.00657762
8,WIPH,2018,2,-0.01887636
8,WIPH,2018,3,-0.01181467
8,WIPH,2018,4,-0.04003059
8,WIPH,2019,1,-0.06534045
8,WIPH,2019,2,-0.10830164
8,WIPH,2019,3,-0.21043492
8,WIPH,2019,4,-0.28330414
8,WIPH,2020,1,-0.31909629
8,WIPH,2020,2,-0.37893065
8,WIPH,2020,3,-0.39790779
8,WIPH,2020,4,-0.40506239
8,LE,2018,1,-0.00158718
8,LE,2018,2,-0.00502058
8,LE,2018,3,-0.00112343
8,LE,2018,4,-0.01120313
8,LE,2019,1,-0.02128959
8,LE,2019,2,-0.03908265
8,LE,2019,3,-0.07830752
8,LE,2019,4,-0.10565897
8,LE,2020,1,-0.1155377
8,LE,2020,2,-0.13628048
8,LE,2020,3,-0.13799601
8,LE,2020,4,-0.13375077
8,LF,2018,1,-0.00140976
8,LF,2018,2,-0.00445478
8,LF,2018,3,0.00028981
8,LF,2018,4,-0.00864147
8,LF,2019,1,-0.01732726
8,LF,2019,2,-0.03378691
8,LF,2019,3,-0.07222391
8,LF,2019,4,-0.09924187
8,LF,2020,1,-0.10873742
8,LF,2020,2,-0.12969303
8,LF,2020,3,-0.13224319
8,LF,2020,4,-0.12871408
8,LH,2018,1,-0.0022834
8,LH,2018,2,-0.00642908
8,LH,2018,3,-0.01155266
8,LH,2018,4,-0.02254424
8,LH,2019,1,-0.03318031
8,LH,2019,2,-0.04531393
8,LH,2019,3,-0.05870008
8,LH,2019,4,-0.06474258
8,LH,2020,1,-0.06891514
8,LH,2020,2,-0.06648159
8,LH,2020,3,-0.06426171
8,LH,2020,4,-0.06204092
8,UR,2018,1,0.0001727
8,UR,2018,2,0.00055128
8,UR,2018,3,0.00137901
8,UR,2018,4,0.00249988
8,UR,2019,1,0.00386738
8,UR,2019,2,0.00516452
8,UR,2019,3,0.00596838
8,UR,2019,4,0.00628565
8,UR,2020,1,0.00663761
8,UR,2020,2,0.006398
8,UR,2020,3,0.005622
8,UR,2020,4,0.00497002
8,CUX,2018,1,-0.01594683
8,CUX,2018,2,-0.04327766
8,CUX,2018,3,-0.10238365
8,CUX,2018,4,-0.16774164
8,CUX,2019,1,-0.24162071
8,CUX,2019,2,-0.29629494
8,CUX,2019,3,-0.30837848
8,CUX,2019,4,-0.29633592
8,CUX,2020,1,-0.31141264
8,CUX,2020,2,-0.27174048
8,CUX,2020,3,-0.20902727
8,CUX,2020,4,-0.18363018
8,GDPPOT,2018,1,-0.00084225
8,GDPPOT,2018,2,-0.00329977
8,GDPPOT,2018,3,-0.0024579
8,GDPPOT,2018,4,-0.01160001
8,GDPPOT,2019,1,-0.02344072
8,GDPPOT,2019,2,-0.0428452
8,GDPPOT,2019,3,-0.0780318
8,GDPPOT,2019,4,-0.10888074
8,GDPPOT,2020,1,-0.12941791
8,GDPPOT,2020,2,-0.15731317
8,GDPPOT,2020,3,-0.17253157
8,GDPPOT,2020,4,-0.183289
8,GDPGAP,2018,1,-0.00787303
8,GDPGAP,2018,2,-0.02159053
8,GDPGAP,2018,3,-0.04876772
8,GDPGAP,2018,4,-0.08195659
8,GDPGAP,2019,1,-0.11844969
8,GDPGAP,2019,2,-0.14829456
8,GDPGAP,2019,3,-0.16053132
8,GDPGAP,2019,4,-0.15344269
8,GDPGAP,2020,1,-0.16212414
8,GDPGAP,2020,2,-0.13475501
8,GDPGAP,2020,3,-0.11516718
8,GDPGAP,2020,4,-0.10470633
8,RCD,2018,1,0.06730044
8,RCD,2018,2,0.13255934
8,RCD,2018,3,0.19505236
8,RCD,2018,4,0.25306348
8,RCD,2019,1,0.23876938
8,RCD,2019,2,0.22381253
8,RCD,2019,3,0.20837983
8,RCD,2019,4,0.1973264
8,RCD,2020,1,0.18588061
8,RCD,2020,2,0.17930783
8,RCD,2020,3,0.17869973
8,RCD,2020,4,0.1753576
8,RGB,2018,1,0.03433063
8,RGB,2018,2,0.06333715
8,RGB,2018,3,0.09081661
8,RGB,2018,4,0.11600925
8,RGB,2019,1,0.10482565
8,RGB,2019,2,0.09848598
8,RGB,2019,3,0.09310537
8,RGB,2019,4,0.09136507
8,RGB,2020,1,0.09037603
8,RGB,2020,2,0.09257909
8,RGB,2020,3,0.09773062
8,RGB,2020,4,0.10089289
8,PERR,2018,1,-0.04820828
8,PERR,2018,2,-0.17182585
8,PERR,2018,3,-0.36009418
8,PERR,2018,4,-0.61347771
8,PERR,2019,1,-0.86597109
8,PERR,2019,2,-0.99544231
8,PERR,2019,3,-1.07782977
8,PERR,2019,4,-1.12088286
8,PERR,2020,1,-1.11223728
8,PERR,2020,2,-1.03561681
8,PERR,2020,3,-1.12009798
8,PERR,2020,4,-1.22659837
8,UCC,2018,1,0.31784898
8,UCC,2018,2,0.67717388
8,UCC,2018,3,1.10541217
8,UCC,2018,4,1.56941611
8,UCC,2019,1,1.76716111
8,UCC,2019,2,1.84259093
8,UCC,2019,3,1.7866384
8,UCC,2019,4,1.63885074
8,UCC,2020,1,1.47648404
8,UCC,2020,2,1.2880305
8,UCC,2020,3,1.14931362
8,UCC,2020,4,1.12259367
8,FXS,2018,1,-0.01550124
8,FXS,2018,2,-0.04652646
8,FXS,2018,3,-0.09573428
8,FXS,2018,4,-0.16164251
8,FXS,2019,1,-0.22702755
8,FXS,2019,2,-0.29098925
8,FXS,2019,3,-0.34984957
8,FXS,2019,4,-0.40526246
8,FXS,2020,1,-0.45805831
8,FXS,2020,2,-0.51018608
8,FXS,2020,3,-0.56345497
8,FXS,2020,4,-0.61755109
8,PSHARE,2018,1,-0.26034059
8,PSHARE,2018,2,-0.92553129
8,PSHARE,2018,3,-2.02461613
8,PSHARE,2018,4,-3.47025237
8,PSHARE,2019,1,-4.8236717
8,PSHARE,2019,2,-5.68769493
8,PSHARE,2019,3,-6.03547742
8,PSHARE,2019,4,-5.95515121
8,PSHARE,2020,1,-5.63057578
8,PSHARE,2020,2,-5.33922784
8,PSHARE,2020,3,-5.11557994
8,PSHARE,2020,4,-4.96330694
8,PLAND,2018,1,-0.00083138
8,PLAND,2018,2,0.00100154
8,PLAND,2018,3,0.00919475
8,PLAND,2018,4,0.02800592
8,PLAND,2019,1,0.06188666
8,PLAND,2019,2,0.10876022
8,PLAND,2019,3,0.16453073
8,PLAND,2019,4,0.2236871
8,PLAND,2020,1,0.28203822
8,PLAND,2020,2,0.33717857
8,PLAND,2020,3,0.38927148
8,PLAND,2020,4,0.43927289
8,M2CD,2018,1,-0.25
8,M2CD,2018,2,-0.5
8,M2CD,2018,3,-0.75
8,M2CD,2018,4,-1.0
8,M2CD,2019,1,-1.0
8,M2CD,2019,2,-1.0
8,M2CD,2019,3,-1.0
8,M2CD,2019,4,-1.0
8,M2CD,2020,1,-1.0
8,M2CD,2020,2,-1.0
8,M2CD,2020,3,-1.0
8,M2CD,2020,4,-1.0
8,BGVATGDPV,2018,1,-0.00152328
8,BGVATGDPV,2018,2,-0.0065346
8,BGVATGDPV,2018,3,-0.01537392
8,BGVATGDPV,2018,4,-0.03195578
8,BGVATGDPV,2019,1,-0.0558716
8,BGVATGDPV,2019,2,-0.07899968
8,BGVATGDPV,2019,3,-0.10751137
8,BGVATGDPV,2019,4,-0.13721248
8,BGVATGDPV,2020,1,-0.16312261
8,BGVATGDPV,2020,2,-0.21285706
8,BGVATGDPV,2020,3,-0.2329844
8,BGVATGDPV,2020,4,-0.25149754
8,SBGVATGDPV,2018,1,0.02546981
8,SBGVATGDPV,2018,2,0.07339103
8,SBGVATGDPV,2018,3,0.15013293
8,SBGVATGDPV,2018,4,0.27380415
8,SBGVATGDPV,2019,1,0.41334893
8,SBGVATGDPV,2019,2,0.55890664
8,SBGVATGDPV,2019,3,0.71195638
8,SBGVATGDPV,2019,4,0.83914279
8,SBGVATGDPV,2020,1,0.959581
8,SBGVATGDPV,2020,2,1.13828303
8,SBGVATGDPV,2020,3,1.15946791
8,SBGVATGDPV,2020,4,1.2279765
8,BCVATGDPV,2018,1,8.898e-05
8,BCVATGDPV,2018,2,-0.00318508
8,BCVATGDPV,2018,3,-0.01282612
8,BCVATGDPV,2018,4,-0.02462332
8,BCVATGDPV,2019,1,-0.03365898
8,BCVATGDPV,2019,2,-0.04733987
8,BCVATGDPV,2019,3,-0.08733806
8,BCVATGDPV,2019,4,-0.1246618
8,BCVATGDPV,2020,1,-0.14733723
8,BCVATGDPV,2020,2,-0.18803522
8,BCVATGDPV,2020,3,-0.21631459
8,BCVATGDPV,2020,4,-0.21333917
8,KFP,2018,1,-0.0015856
8,KFP,2018,2,-0.00653565
8,KFP,2018,3,-0.01599063
8,KFP,2018,4,-0.03251304
8,KFP,2019,1,-0.05628713
8,KFP,2019,2,-0.08665069
8,KFP,2019,3,-0.12318408
8,KFP,2019,4,-0.16010195
8,KFP,2020,1,-0.19829018
8,KFP,2020,2,-0.23229365
8,KFP,2020,3,-0.26422878
8,KFP,2020,4,-0.29425106
8,KHP,2018,1,-0.00025051
8,KHP,2018,2,-0.0007765
8,KHP,2018,3,-0.00155975
8,KHP,2018,4,-0.00260919
8,KHP,2019,1,-0.00372103
8,KHP,2019,2,-0.00490462
8,KHP,2019,3,-0.00631271
8,KHP,2019,4,-0.00803454
8,KHP,2020,1,-0.00999378
8,KHP,2020,2,-0.01225063
8,KHP,2020,3,-0.01473403
8,KHP,2020,4,-0.01732656
8,KG,2018,1,-0.0
8,KG,2018,2,-0.0
8,KG,2018,3,0.0
8,KG,2018,4,0.0
8,KG,2019,1,0.0
8,KG,2019,2,0.0
8,KG,2019,3,0.0
8,KG,2019,4,0.0
8,KG,2020,1,0.0
8,KG,2020,2,0.0
8,KG,2020,3,0.0
8,KG,2020,4,-0.0
8,BCVATGDPV,2018,0,-0.01013638
8,BCVATGDPV,2019,0,-0.07324968
8,BCVATGDPV,2020,0,-0.19125656
8,BGVATGDPV,2018,0,-0.01384689
8,BGVATGDPV,2019,0,-0.09489878
8,BGVATGDPV,2020,0,-0.2151154
8,CG,2018,0,0.0
8,CG,2019,0,0.0
8,CG,2020,0,0.0
8,CGPI,2018,0,-0.01439799
8,CGPI,2019,0,-0.05015466
8,CGPI,2020,0,-0.09116663
8,CGV,2018,0,-0.00422596
8,CGV,2019,0,-0.01980779
8,CGV,2020,0,-0.04855359
8,CP,2018,0,0.02396908
8,CP,2019,0,0.03205673
8,CP,2020,0,-0.08608584
8,CPV,2018,0,0.01434593
8,CPV,2019,0,0.00247322
8,CPV,2020,0,-0.15285326
8,CUX,2018,0,-0.08233744
8,CUX,2019,0,-0.28565751
8,CUX,2020,0,-0.24395264
8,FXS,2018,0,-0.07985112
8,FXS,2019,0,-0.31828221
8,FXS,2020,0,-0.53731261
8,GDP,2018,0,-0.04367996
8,GDP,2019,0,-0.20637631
8,GDP,2020,0,-0.29382329
8,GDPD,2018,0,-0.09180873
8,GDPD,2019,0,-0.1717277
8,GDPD,2020,0,-0.02469168
8,GDPGAP,2018,0,-0.04004697
8,GDPGAP,2019,0,-0.14517957
8,GDPGAP,2020,0,-0.12918816
8,GDPPOT,2018,0,-0.00454998
8,GDPPOT,2019,0,-0.06329962
8,GDPPOT,2020,0,-0.16063791
8,GDPV,2018,0,-0.0550194
8,GDPV,2019,0,-0.24453235
8,GDPV,2020,0,-0.36505267
8,IFP,2018,0,-0.26511803
8,IFP,2019,0,-1.09679014
8,IFP,2020,0,-1.34496035
8,IFPV,2018,0,-0.28207911
8,IFPV,2019,0,-1.16144645
8,IFPV,2020,0,-1.4484108
8,IG,2018,0,0.0
8,IG,2019,0,0.0
8,IG,2020,0,0.0
8,IGV,2018,0,-0.0182871
8,IGV,2019,0,-0.06833433
8,IGV,2020,0,-0.11534995
8,IHP,2018,0,-0.05064023
8,IHP,2019,0,-0.10395706
8,IHP,2020,0,-0.19382637
8,IHPV,2018,0,-0.06277612
8,IHPV,2019,0,-0.14230371
8,IHPV,2020,0,-0.27571838
8,KFP,2018,0,-0.01415623
8,KFP,2019,0,-0.10655596
8,KFP,2020,0,-0.24726592
8,KG,2018,0,0.0
8,KG,2019,0,0.0
8,KG,2020,0,0.0
8,KHP,2018,0,-0.00129899
8,KHP,2019,0,-0.00574323
8,KHP,2020,0,-0.01357625
8,LE,2018,0,-0.00473358
8,LE,2019,0,-0.06108468
8,LE,2020,0,-0.13089124
8,LF,2018,0,-0.00355405
8,LF,2019,0,-0.05564499
8,LF,2020,0,-0.12484693
8,LH,2018,0,-0.01070234
8,LH,2019,0,-0.05048423
8,LH,2020,0,-0.06542484
8,M2CD,2018,0,-0.625
8,M2CD,2019,0,-1.0
8,M2CD,2020,0,-1.0
8,MGS,2018,0,0.02042694
8,MGS,2019,0,0.03246738
8,MGS,2020,0,-0.13106362
8,MGSV,2018,0,-0.01557668
8,MGSV,2019,0,-0.10474105
8,MGSV,2020,0,-0.35553104
8,NIV,2018,0,-0.0824979
8,NIV,2019,0,-0.40136575
8,NIV,2020,0,-0.71729948
8,PCP,2018,0,-0.0096199
8,PCP,2019,0,-0.02957563
8,PCP,2020,0,-0.06682839
8,PERR,2018,0,-0.29840151
8,PERR,2019,0,-1.01503151
8,PERR,2020,0,-1.12363761
8,PGDP,2018,0,-0.01134665
8,PGDP,2019,0,-0.03823835
8,PGDP,2020,0,-0.07143894
8,PIFP,2018,0,-0.01702651
8,PIFP,2019,0,-0.06540267
8,PIFP,2020,0,-0.10485712
8,PIHP,2018,0,-0.01214375
8,PIHP,2019,0,-0.03838806
8,PIHP,2020,0,-0.08205473
8,PLAND,2018,0,0.00934271
8,PLAND,2019,0,0.13971618
8,PLAND,2020,0,0.36194029
8,PMGS,2018,0,-0.03599178
8,PMGS,2019,0,-0.13717087
8,PMGS,2020,0,-0.22477186
8,PSHARE,2018,0,-1.6701851
8,PSHARE,2019,0,-5.62549882
8,PSHARE,2020,0,-5.26217263
8,PXGS,2018,0,-0.03189698
8,PXGS,2019,0,-0.12722156
8,PXGS,2020,0,-0.21490797
8,RCD,2018,0,0.16199391
8,RCD,2019,0,0.21707203
8,RCD,2020,0,0.17981144
8,RGB,2018,0,0.07612341
8,RGB,2019,0,0.09694552
8,RGB,2020,0,0.09539466
8,SBGVATGDPV,2018,0,0.13069948
8,SBGVATGDPV,2019,0,0.63083869
8,SBGVATGDPV,2020,0,1.12132711
8,TAXV,2018,0,-0.05421636
8,TAXV,2019,0,-0.40876754
8,TAXV,2020,0,-0.85605908
8,TCIV,2018,0,-0.04387051
8,TCIV,2019,0,-0.20342598
8,TCIV,2020,0,-0.33209291
8,TYCV,2018,0,-0.16461491
8,TYCV,2019,0,-1.22274488
8,TYCV,2020,0,-2.49124525
8,TYPV,2018,0,0.00050277
8,TYPV,2019,0,-0.11740002
8,TYPV,2020,0,-0.38049991
8,UCC,2018,0,0.91746279
8,UCC,2019,0,1.75881029
8,UCC,2020,0,1.25910546
8,UR,2018,0,0.00115072
8,UR,2019,0,0.00532148
8,UR,2020,0,0.00590691
8,WIPH,2018,0,-0.01932481
8,WIPH,2019,0,-0.16684529
8,WIPH,2020,0,-0.37524928
8,XGS,2018,0,-0.00078185
8,XGS,2019,0,-0.01500767
8,XGS,2020,0,-0.05439212
8,XGSV,2018,0,-0.03267839
8,XGSV,2019,0,-0.14220801
8,XGSV,2020,0,-0.26918019
8,YCV,2018,0,-0.73405069
8,YCV,2019,0,-1.93627994
8,YCV,2020,0,-3.05964158
8,YDV,2018,0,0.07100486
8,YDV,2019,0,-0.07285962
8,YDV,2020,0,-0.32962459
8,YWV,2018,0,-0.0329802
8,YWV,2019,0,-0.2640042
8,YWV,2020,0,-0.54102898
9,GDP,2018,1,0.01380042
9,GDP,2018,2,0.01039516
9,GDP,2018,3,0.20553783
9,GDP,2018,4,0.26530059
9,GDP,2019,1,0.33507729
9,GDP,2019,2,0.40376418
9,GDP,2019,3,0.41974341
9,GDP,2019,4,0.43984416
9,GDP,2020,1,0.43694991
9,GDP,2020,2,0.38841665
9,GDP,2020,3,0.37735413
9,GDP,2020,4,0.37798179
9,CP,2018,1,0.00021611
9,CP,2018,2,0.01981979
9,CP,2018,3,0.08327414
9,CP,2018,4,0.14275689
9,CP,2019,1,0.16737737
9,CP,2019,2,0.20739983
9,CP,2019,3,0.25523128
9,CP,2019,4,0.27438229
9,CP,2020,1,0.28231022
9,CP,2020,2,0.28833762
9,CP,2020,3,0.25003015
9,CP,2020,4,0.23309269
9,IFP,2018,1,0.02875142
9,IFP,2018,2,0.09868359
9,IFP,2018,3,0.19546104
9,IFP,2018,4,0.28894416
9,IFP,2019,1,0.34617949
9,IFP,2019,2,0.35543502
9,IFP,2019,3,0.32574616
9,IFP,2019,4,0.28260037
9,IFP,2020,1,0.22927845
9,IFP,2020,2,0.1770186
9,IFP,2020,3,0.12317528
9,IFP,2020,4,0.07367386
9,IHP,2018,1,0.22243107
9,IHP,2018,2,0.40743687
9,IHP,2018,3,0.45644717
9,IHP,2018,4,0.49145609
9,IHP,2019,1,0.29896532
9,IHP,2019,2,0.16493445
9,IHP,2019,3,0.15930612
9,IHP,2019,4,0.17434053
9,IHP,2020,1,0.19078134
9,IHP,2020,2,0.15928037
9,IHP,2020,3,0.17094234
9,IHP,2020,4,0.15957686
9,IG,2018,1,0.0
9,IG,2018,2,0.0
9,IG,2018,3,0.0
9,IG,2018,4,0.0
9,IG,2019,1,0.0
9,IG,2019,2,0.0
9,IG,2019,3,0.0
9,IG,2019,4,0.0
9,IG,2020,1,0.0
9,IG,2020,2,0.0
9,IG,2020,3,0.0
9,IG,2020,4,0.0
9,CG,2018,1,0.0
9,CG,2018,2,-0.0
9,CG,2018,3,-0.0
9,CG,2018,4,-0.0
9,CG,2019,1,-0.0
9,CG,2019,2,-0.0
9,CG,2019,3,-0.0
9,CG,2019,4,-0.0
9,CG,2020,1,-0.0
9,CG,2020,2,-0.0
9,CG,2020,3,-0.0
9,CG,2020,4,0.0
9,XGS,2018,1,0.0
9,XGS,2018,2,0.09080543
9,XGS,2018,3,0.27266372
9,XGS,2018,4,0.5460709
9,XGS,2019,1,0.9117738
9,XGS,2019,2,1.27880681
9,XGS,2019,3,1.55495738
9,XGS,2019,4,1.73947594
9,XGS,2020,1,1.8318609
9,XGS,2020,2,1.8318609
9,XGS,2020,3,1.8318609
9,XGS,2020,4,1.8318609
9,MGS,2018,1,0.00178981
9,MGS,2018,2,0.29903428
9,MGS,2018,3,-0.20185046
9,MGS,2018,4,0.06177583
9,MGS,2019,1,0.05797656
9,MGS,2019,2,0.11858979
9,MGS,2019,3,0.18095121
9,MGS,2019,4,0.22089094
9,MGS,2020,1,0.24027142
9,MGS,2020,2,0.2549525
9,MGS,2020,3,0.22452437
9,MGS,2020,4,0.18713773
9,GDPD,2018,1,0.0551043
9,GDPD,2018,2,-0.01370599
9,GDPD,2018,3,0.776846
9,GDPD,2018,4,0.2387321
9,GDPD,2019,1,0.27859738
9,GDPD,2019,2,0.27496506
9,GDPD,2019,3,0.06371101
9,GDPD,2019,4,0.07775846
9,GDPD,2020,1,-0.01156466
9,GDPD,2020,2,-0.17936467
9,GDPD,2020,3,-0.04629553
9,GDPD,2020,4,0.0025425
9,PGDP,2018,1,0.05904432
9,PGDP,2018,2,0.06180403
9,PGDP,2018,3,0.04796392
9,PGDP,2018,4,0.02848711
9,PGDP,2019,1,0.10793459
9,PGDP,2019,2,0.08422812
9,PGDP,2019,3,0.10157572
9,PGDP,2019,4,0.13835649
9,PGDP,2020,1,0.15724731
9,PGDP,2020,2,0.14692246
9,PGDP,2020,3,0.25968982
9,PGDP,2020,4,0.29905549
9,PCP,2018,1,0.15708199
9,PCP,2018,2,0.15345984
9,PCP,2018,3,0.14961014
9,PCP,2018,4,0.14704521
9,PCP,2019,1,0.1474746
9,PCP,2019,2,0.15259811
9,PCP,2019,3,0.16352957
9,PCP,2019,4,0.1787285
9,PCP,2020,1,0.19718451
9,PCP,2020,2,0.21817177
9,PCP,2020,3,0.23970847
9,PCP,2020,4,0.26131421
9,PIFP,2018,1,-0.00147864
9,PIFP,2018,2,-0.00581411
9,PIFP,2018,3,0.02516511
9,PIFP,2018,4,0.04715862
9,PIFP,2019,1,0.07090625
9,PIFP,2019,2,0.09884444
9,PIFP,2019,3,0.124182
9,PIFP,2019,4,0.14826322
9,PIFP,2020,1,0.17369445
9,PIFP,2020,2,0.19061588
9,PIFP,2020,3,0.21166335
9,PIFP,2020,4,0.23492799
9,PIHP,2018,1,0.29124552
9,PIHP,2018,2,0.44722506
9,PIHP,2018,3,0.4541863
9,PIHP,2018,4,0.45555864
9,PIHP,2019,1,0.44297691
9,PIHP,2019,2,0.45336619
9,PIHP,2019,3,0.46717609
9,PIHP,2019,4,0.48012543
9,PIHP,2020,1,0.50333209
9,PIHP,2020,2,0.51151571
9,PIHP,2020,3,0.52647215
9,PIHP,2020,4,0.55275884
9,PXGS,2018,1,3.87921969
9,PXGS,2018,2,3.87921969
9,PXGS,2018,3,3.87921969
9,PXGS,2018,4,3.87921969
9,PXGS,2019,1,3.87921969
9,PXGS,2019,2,3.87921969
9,PXGS,2019,3,3.87921969
9,PXGS,2019,4,3.87921969
9,PXGS,2020,1,3.87921969
9,PXGS,2020,2,3.87921969
9,PXGS,2020,3,3.87921969
9,PXGS,2020,4,3.87921969
9,PMGS,2018,1,4.26309413
9,PMGS,2018,2,4.32649988
9,PMGS,2018,3,4.41898934
9,PMGS,2018,4,4.38760968
9,PMGS,2019,1,4.18891923
9,PMGS,2019,2,4.31499977
9,PMGS,2019,3,4.22911475
9,PMGS,2019,4,4.17192056
9,PMGS,2020,1,4.18800597
9,PMGS,2020,2,3.89481275
9,PMGS,2020,3,3.88642223
9,PMGS,2020,4,3.8911095
9,CGPI,2018,1,0.85880791
9,CGPI,2018,2,0.8705203
9,CGPI,2018,3,0.88698402
9,CGPI,2018,4,0.88952217
9,CGPI,2019,1,0.85555306
9,CGPI,2019,2,0.88855864
9,CGPI,2019,3,0.88429156
9,CGPI,2019,4,0.88665275
9,CGPI,2020,1,0.90406827
9,CGPI,2020,2,0.86155989
9,CGPI,2020,3,0.87443209
9,CGPI,2020,4,0.88904637
9,GDPV,2018,1,0.07285289
9,GDPV,2018,2,0.07220562
9,GDPV,2018,3,0.25360033
9,GDPV,2018,4,0.29386328
9,GDPV,2019,1,0.44337355
9,GDPV,2019,2,0.48833238
9,GDPV,2019,3,0.52174549
9,GDPV,2019,4,0.57880921
9,GDPV,2020,1,0.59488431
9,GDPV,2020,2,0.53590978
9,GDPV,2020,3,0.6380239
9,GDPV,2020,4,0.67816765
9,CPV,2018,1,0.15729844
9,CPV,2018,2,0.17331004
9,CPV,2018,3,0.23300887
9,CPV,2018,4,0.29001201
9,CPV,2019,1,0.31509881
9,CPV,2019,2,0.36031444
9,CPV,2019,3,0.41917823
9,CPV,2019,4,0.45360119
9,CPV,2020,1,0.4800514
9,CPV,2020,2,0.50713846
9,CPV,2020,3,0.49033796
9,CPV,2020,4,0.49501601
9,IFPV,2018,1,0.02727235
9,IFPV,2018,2,0.09286374
9,IFPV,2018,3,0.22067533
9,IFPV,2018,4,0.33623905
9,IFPV,2019,1,0.4173312
9,IFPV,2019,2,0.45463079
9,IFPV,2019,3,0.45033268
9,IFPV,2019,4,0.43128258
9,IFPV,2020,1,0.40337115
9,IFPV,2020,2,0.3679719
9,IFPV,2020,3,0.33509934
9,IFPV,2020,4,0.30877493
9,IHPV,2018,1,0.51432441
9,IHPV,2018,2,0.85648409
9,IHPV,2018,3,0.91270658
9,IHPV,2018,4,0.9492536
9,IHPV,2019,1,0.74326657
9,IHPV,2019,2,0.61904839
9,IHPV,2019,3,0.62722645
9,IHPV,2019,4,0.65530302
9,IHPV,2020,1,0.69507369
9,IHPV,2020,2,0.67161082
9,IHPV,2020,3,0.69831445
9,IHPV,2020,4,0.71321777
9,IGV,2018,1,0.06934479
9,IGV,2018,2,0.11418125
9,IGV,2018,3,0.14281284
9,IGV,2018,4,0.16793312
9,IGV,2019,1,0.18632439
9,IGV,2019,2,0.21690041
9,IGV,2019,3,0.24407596
9,IGV,2019,4,0.27155612
9,IGV,2020,1,0.30194366
9,IGV,2020,2,0.32196045
9,IGV,2020,3,0.34689673
9,IGV,2020,4,0.37681738
9,CGV,2018,1,0.0
9,CGV,2018,2,0.13594043
9,CGV,2018,3,0.09485016
9,CGV,2018,4,0.13955784
9,CGV,2019,1,0.11486276
9,CGV,2019,2,0.1350777
9,CGV,2019,3,0.12848183
9,CGV,2019,4,0.14618619
9,CGV,2020,1,0.15369678
9,CGV,2020,2,0.17315011
9,CGV,2020,3,0.18847886
9,CGV,2020,4,0.20875664
9,XGSV,2018,1,3.87921969
9,XGSV,2018,2,3.97354766
9,XGSV,2018,3,4.16246064
9,XGSV,2018,4,4.44647388
9,XGSV,2019,1,4.82636319
9,XGSV,2019,2,5.20763423
9,XGSV,2019,3,5.49449728
9,XGSV,2019,4,5.68617372
9,XGSV,2020,1,5.7821425
9,XGSV,2020,2,5.7821425
9,XGSV,2020,3,5.7821425
9,XGSV,2020,4,5.7821425
9,MGSV,2018,1,4.26496024
9,MGSV,2018,2,4.63847188
9,MGSV,2018,3,4.20821913
9,MGSV,2018,4,4.452096
9,MGSV,2019,1,4.24932438
9,MGSV,2019,2,4.43870671
9,MGSV,2019,3,4.41771859
9,MGSV,2019,4,4.40202689
9,MGSV,2020,1,4.43833997
9,MGSV,2020,2,4.15969517
9,MGSV,2020,3,4.11967256
9,MGSV,2020,4,4.08552897
9,NIV,2018,1,0.33055972
9,NIV,2018,2,0.42551353
9,NIV,2018,3,0.65172337
9,NIV,2018,4,0.69187571
9,NIV,2019,1,0.86306606
9,NIV,2019,2,0.90950554
9,NIV,2019,3,0.91196553
9,NIV,2019,4,0.95200417
9,NIV,2020,1,0.89918878
9,NIV,2020,2,0.74195782
9,NIV,2020,3,0.83127369
9,NIV,2020,4,0.87442237
9,YWV,2018,1,0.28225058
9,YWV,2018,2,0.37558707
9,YWV,2018,3,0.48631312
9,YWV,2018,4,0.50369983
9,YWV,2019,1,0.63021577
9,YWV,2019,2,0.66328929
9,YWV,2019,3,0.66208092
9,YWV,2019,4,0.68990731
9,YWV,2020,1,0.65214299
9,YWV,2020,2,0.5355389
9,YWV,2020,3,0.63084916
9,YWV,2020,4,0.66891554
9,YCV,2018,1,0.80359327
9,YCV,2018,2,0.51547281
9,YCV,2018,3,1.4138318
9,YCV,2018,4,1.49078915
9,YCV,2019,1,1.75958278
9,YCV,2019,2,1.79853111
9,YCV,2019,3,1.80182751
9,YCV,2019,4,2.30882157
9,YCV,2020,1,1.74949715
9,YCV,2020,2,1.88479464
9,YCV,2020,3,1.55041388
9,YCV,2020,4,1.47393813
9,YDV,2018,1,0.2455542
9,YDV,2018,2,0.42724872
9,YDV,2018,3,0.47528929
9,YDV,2018,4,0.51604846
9,YDV,2019,1,0.63251922
9,YDV,2019,2,0.69420857
9,YDV,2019,3,0.69251757
9,YDV,2019,4,0.7193663
9,YDV,2020,1,0.7067609
9,YDV,2020,2,0.53994789
9,YDV,2020,3,0.66202369
9,YDV,2020,4,0.7259751
9,TAXV,2018,1,0.08470855
9,TAXV,2018,2,0.17230165
9,TAXV,2018,3,0.29366414
9,TAXV,2018,4,0.47174774
9,TAXV,2019,1,0.62911364
9,TAXV,2019,2,0.74490189
9,TAXV,2019,3,0.88190976
9,TAXV,2019,4,0.95609478
9,TAXV,2020,1,1.03585783
9,TAXV,2020,2,0.99875653
9,TAXV,2020,3,0.99614559
9,TAXV,2020,4,0.99988434
9,TYPV,2018,1,0.05646527
9,TYPV,2018,2,0.14295617
9,TYPV,2018,3,0.37973562
9,TYPV,2018,4,0.55260566
9,TYPV,2019,1,0.68489726
9,TYPV,2019,2,0.80214953
9,TYPV,2019,3,0.87056673
9,TYPV,2019,4,0.92618193
9,TYPV,2020,1,0.94871574
9,TYPV,2020,2,0.87956493
9,TYPV,2020,3,0.86486615
9,TYPV,2020,4,0.86483819
9,TYCV,2018,1,-0.00120703
9,TYCV,2018,2,0.16888064
9,TYCV,2018,3,0.32869422
9,TYCV,2018,4,0.71375068
9,TYCV,2019,1,1.13567417
9,TYCV,2019,2,1.41673397
9,TYCV,2019,3,1.79955774
9,TYCV,2019,4,1.93398992
9,TYCV,2020,1,2.12654138
9,TYCV,2020,2,2.14982602
9,TYCV,2020,3,2.19533669
9,TYCV,2020,4,2.15442329
9,TCIV,2018,1,0.10407256
9,TCIV,2018,2,0.16026121
9,TCIV,2018,3,0.20737097
9,TCIV,2018,4,0.26523292
9,TCIV,2019,1,0.28042119
9,TCIV,2019,2,0.30856453
9,TCIV,2019,3,0.33750271
9,TCIV,2019,4,0.35021587
9,TCIV,2020,1,0.36241746
9,TCIV,2020,2,0.36973888
9,TCIV,2020,3,0.36277679
9,TCIV,2020,4,0.37131274
9,WIPH,2018,1,0.25548023
9,WIPH,2018,2,0.3214748
9,WIPH,2018,3,0.36780292
9,WIPH,2018,4,0.36805999
9,WIPH,2019,1,0.44803732
9,WIPH,2019,2,0.45242295
9,WIPH,2019,3,0.45351942
9,WIPH,2019,4,0.47340267
9,WIPH,2020,1,0.45625545
9,WIPH,2020,2,0.38759596
9,WIPH,2020,3,0.46168848
9,WIPH,2020,4,0.49702322
9,LE,2018,1,0.03446714
9,LE,2018,2,0.06179801
9,LE,2018,3,0.08348353
9,LE,2018,4,0.08645114
9,LE,2019,1,0.12275619
9,LE,2019,2,0.13025463
9,LE,2019,3,0.12933628
9,LE,2019,4,0.13618179
9,LE,2020,1,0.12281804
9,LE,2020,2,0.09158244
9,LE,2020,3,0.11075643
9,LE,2020,4,0.11265764
9,LF,2018,1,0.03477177
9,LF,2018,2,0.06284911
9,LF,2018,3,0.08062746
9,LF,2018,4,0.08042338
9,LF,2019,1,0.11411901
9,LF,2019,2,0.11873515
9,LF,2019,3,0.1162231
9,LF,2019,4,0.12166555
9,LF,2020,1,0.10741467
9,LF,2020,2,0.07609554
9,LF,2020,3,0.09601939
9,LF,2020,4,0.09840981
9,LH,2018,1,0.00818153
9,LH,2018,2,0.01111564
9,LH,2018,3,0.0607475
9,LH,2018,4,0.07614363
9,LH,2019,1,0.09565734
9,LH,2019,2,0.11284028
9,LH,2019,3,0.11410872
9,LH,2019,4,0.11566844
9,LH,2020,1,0.11116803
9,LH,2020,2,0.08374316
9,LH,2020,3,0.09078851
9,LH,2020,4,0.09528924
9,UR,2018,1,0.00030458
9,UR,2018,2,0.00103992
9,UR,2018,3,-0.00279631
9,UR,2018,4,-0.00588353
9,UR,2019,1,-0.00842673
9,UR,2019,2,-0.01120607
9,UR,2019,3,-0.0128293
9,UR,2019,4,-0.01417788
9,UR,2020,1,-0.01500774
9,UR,2020,2,-0.01504026
9,UR,2020,3,-0.01431212
9,UR,2020,4,-0.0138658
9,CUX,2018,1,-0.02812314
9,CUX,2018,2,-0.08255687
9,CUX,2018,3,0.30561135
9,CUX,2018,4,0.42479087
9,CUX,2019,1,0.51086584
9,CUX,2019,2,0.63900921
9,CUX,2019,3,0.66895496
9,CUX,2019,4,0.6985055
9,CUX,2020,1,0.71071933
9,CUX,2020,2,0.66890626
9,CUX,2020,3,0.59816427
9,CUX,2020,4,0.58849511
9,GDPPOT,2018,1,0.02077259
9,GDPPOT,2018,2,0.03790329
9,GDPPOT,2018,3,0.04977471
9,GDPPOT,2018,4,0.05203646
9,GDPPOT,2019,1,0.07570543
9,GDPPOT,2019,2,0.08262872
9,GDPPOT,2019,3,0.08526647
9,GDPPOT,2019,4,0.092216
9,GDPPOT,2020,1,0.0865284
9,GDPPOT,2020,2,0.06997998
9,GDPPOT,2020,3,0.08323066
9,GDPPOT,2020,4,0.08534891
9,GDPGAP,2018,1,-0.00715378
9,GDPGAP,2018,2,-0.02829841
9,GDPGAP,2018,3,0.15922016
9,GDPGAP,2018,4,0.21783595
9,GDPGAP,2019,1,0.26480441
9,GDPGAP,2019,2,0.32867825
9,GDPGAP,2019,3,0.34194994
9,GDPGAP,2019,4,0.34360931
9,GDPGAP,2020,1,0.34790292
9,GDPGAP,2020,2,0.29506635
9,GDPGAP,2020,3,0.28554837
9,GDPGAP,2020,4,0.28726732
9,RCD,2018,1,0.00558773
9,RCD,2018,2,0.00758365
9,RCD,2018,3,0.01521942
9,RCD,2018,4,0.02144702
9,RCD,2019,1,0.0362213
9,RCD,2019,2,0.04787794
9,RCD,2019,3,0.0589488
9,RCD,2019,4,0.07034631
9,RCD,2020,1,0.07671219
9,RCD,2020,2,0.07702561
9,RCD,2020,3,0.08536895
9,RCD,2020,4,0.08790632
9,RGB,2018,1,0.00285036
9,RGB,2018,2,0.00636619
9,RGB,2018,3,0.00681312
9,RGB,2018,4,0.00978941
9,RGB,2019,1,0.01691879
9,RGB,2019,2,0.02200238
9,RGB,2019,3,0.02703923
9,RGB,2019,4,0.03237945
9,RGB,2020,1,0.0352653
9,RGB,2020,2,0.03554842
9,RGB,2020,3,0.04054587
9,RGB,2020,4,0.04231801
9,PERR,2018,1,0.10648621
9,PERR,2018,2,0.25948825
9,PERR,2018,3,0.30364956
9,PERR,2018,4,0.20250527
9,PERR,2019,1,0.12300809
9,PERR,2019,2,0.00089998
9,PERR,2019,3,-0.08117426
9,PERR,2019,4,-0.20315307
9,PERR,2020,1,-0.30748658
9,PERR,2020,2,-0.46538706
9,PERR,2020,3,-0.62627973
9,PERR,2020,4,-0.58381477
9,UCC,2018,1,-0.03794797
9,UCC,2018,2,-0.10039731
9,UCC,2018,3,-0.19595281
9,UCC,2018,4,-0.27954707
9,UCC,2019,1,-0.33565715
9,UCC,2019,2,-0.40877487
9,UCC,2019,3,-0.40827974
9,UCC,2019,4,-0.30245535
9,UCC,2020,1,-0.28419645
9,UCC,2020,2,-0.24887635
9,UCC,2020,3,-0.18409875
9,UCC,2020,4,-0.17855135
9,FXS,2018,1,10.0
9,FXS,2018,2,10.0
9,FXS,2018,3,10.0
9,FXS,2018,4,10.0
9,FXS,2019,1,10.0
9,FXS,2019,2,10.0
9,FXS,2019,3,10.0
9,FXS,2019,4,10.0
9,FXS,2020,1,10.0
9,FXS,2020,2,10.0
9,FXS,2020,3,10.0
9,FXS,2020,4,10.0
9,PSHARE,2018,1,0.63183632
9,PSHARE,2018,2,1.44847694
9,PSHARE,2018,3,2.05029266
9,PSHARE,2018,4,1.93700089
9,PSHARE,2019,1,1.78102237
9,PSHARE,2019,2,1.55324315
9,PSHARE,2019,3,1.27263886
9,PSHARE,2019,4,0.973873
9,PSHARE,2020,1,0.67606533
9,PSHARE,2020,2,0.43269102
9,PSHARE,2020,3,0.26114567
9,PSHARE,2020,4,0.1227481
9,PLAND,2018,1,0.0556472
9,PLAND,2018,2,-0.00532169
9,PLAND,2018,3,-0.01866072
9,PLAND,2018,4,-0.03886301
9,PLAND,2019,1,-0.05953857
9,PLAND,2019,2,-0.07202744
9,PLAND,2019,3,-0.08913695
9,PLAND,2019,4,-0.10082863
9,PLAND,2020,1,-0.10900495
9,PLAND,2020,2,-0.11929485
9,PLAND,2020,3,-0.11990098
9,PLAND,2020,4,-0.12229029
9,M2CD,2018,1,-0.00627199
9,M2CD,2018,2,-0.01700337
9,M2CD,2018,3,0.15004009
9,M2CD,2018,4,0.1888118
9,M2CD,2019,1,0.21161608
9,M2CD,2019,2,0.25104409
9,M2CD,2019,3,0.24699504
9,M2CD,2019,4,0.25042703
9,M2CD,2020,1,0.25227844
9,M2CD,2020,2,0.23244254
9,M2CD,2020,3,0.22152553
9,M2CD,2020,4,0.24233862
9,BGVATGDPV,2018,1,0.01830251
9,BGVATGDPV,2018,2,0.01118455
9,BGVATGDPV,2018,3,0.04801366
9,BGVATGDPV,2018,4,0.0733125
9,BGVATGDPV,2019,1,0.11427569
9,BGVATGDPV,2019,2,0.13268221
9,BGVATGDPV,2019,3,0.15817682
9,BGVATGDPV,2019,4,0.17284704
9,BGVATGDPV,2020,1,0.18397007
9,BGVATGDPV,2020,2,0.21413186
9,BGVATGDPV,2020,3,0.21517609
9,BGVATGDPV,2020,4,0.21334068
9,SBGVATGDPV,2018,1,-0.16893605
9,SBGVATGDPV,2018,2,-0.16986201
9,SBGVATGDPV,2018,3,-0.58989114
9,SBGVATGDPV,2018,4,-0.7077376
9,SBGVATGDPV,2019,1,-1.07642641
9,SBGVATGDPV,2019,2,-1.21350522
9,SBGVATGDPV,2019,3,-1.33023582
9,SBGVATGDPV,2019,4,-1.52283315
9,SBGVATGDPV,2020,1,-1.58824464
9,SBGVATGDPV,2020,2,-1.63460594
9,SBGVATGDPV,2020,3,-1.87880145
9,SBGVATGDPV,2020,4,-1.99774514
9,BCVATGDPV,2018,1,0.12296079
9,BCVATGDPV,2018,2,0.1625276
9,BCVATGDPV,2018,3,0.23900007
9,BCVATGDPV,2018,4,0.20142164
9,BCVATGDPV,2019,1,0.32413944
9,BCVATGDPV,2019,2,0.33276329
9,BCVATGDPV,2019,3,0.34941402
9,BCVATGDPV,2019,4,0.35126913
9,BCVATGDPV,2020,1,0.33504318
9,BCVATGDPV,2020,2,0.21017107
9,BCVATGDPV,2020,3,0.28650445
9,BCVATGDPV,2020,4,0.33301972
9,KFP,2018,1,0.00089261
9,KFP,2018,2,0.00400362
9,KFP,2018,3,0.00992221
9,KFP,2018,4,0.01872293
9,KFP,2019,1,0.0290671
9,KFP,2019,2,0.03934133
9,KFP,2019,3,0.04852583
9,KFP,2019,4,0.05553909
9,KFP,2020,1,0.06090455
9,KFP,2020,2,0.06425389
9,KFP,2020,3,0.06596836
9,KFP,2020,4,0.06619695
9,KHP,2018,1,0.00294148
9,KHP,2018,2,0.00816302
9,KHP,2018,3,0.0139763
9,KHP,2018,4,0.02024893
9,KHP,2019,1,0.02401765
9,KHP,2019,2,0.02594525
9,KHP,2019,3,0.02777832
9,KHP,2019,4,0.02976402
9,KHP,2020,1,0.03184651
9,KHP,2020,2,0.03351105
9,KHP,2020,3,0.03522567
9,KHP,2020,4,0.03678328
9,KG,2018,1,0.0
9,KG,2018,2,0.0
9,KG,2018,3,-0.0
9,KG,2018,4,-0.0
9,KG,2019,1,-0.0
9,KG,2019,2,-0.0
9,KG,2019,3,-0.0
9,KG,2019,4,-0.0
9,KG,2020,1,-0.0
9,KG,2020,2,-0.0
9,KG,2020,3,-0.0
9,KG,2020,4,-0.0
9,BCVATGDPV,2018,0,0.18147752
9,BCVATGDPV,2019,0,0.33939647
9,BCVATGDPV,2020,0,0.2911846
9,BGVATGDPV,2018,0,0.0377033
9,BGVATGDPV,2019,0,0.14449544
9,BGVATGDPV,2020,0,0.20665468
9,CG,2018,0,-0.0
9,CG,2019,0,-0.0
9,CG,2020,0,-0.0
9,CGPI,2018,0,0.8764586
9,CGPI,2019,0,0.878764
9,CGPI,2020,0,0.88227666
9,CGV,2018,0,0.09258711
9,CGV,2019,0,0.13115212
9,CGV,2020,0,0.1810206
9,CP,2018,0,0.06151673
9,CP,2019,0,0.2260977
9,CP,2020,0,0.26344267
9,CPV,2018,0,0.21340734
9,CPV,2019,0,0.38704817
9,CPV,2020,0,0.49313596
9,CUX,2018,0,0.15493055
9,CUX,2019,0,0.62933388
9,CUX,2020,0,0.64157125
9,FXS,2018,0,10.0
9,FXS,2019,0,10.0
9,FXS,2020,0,10.0
9,GDP,2018,0,0.1237585
9,GDP,2019,0,0.39960726
9,GDP,2020,0,0.39517562
9,GDPD,2018,0,0.2642441
9,GDPD,2019,0,0.17375798
9,GDPD,2020,0,-0.05867059
9,GDPGAP,2018,0,0.08540098
9,GDPGAP,2019,0,0.31976048
9,GDPGAP,2020,0,0.30394624
9,GDPPOT,2018,0,0.04012176
9,GDPPOT,2019,0,0.08395415
9,GDPPOT,2020,0,0.08127199
9,GDPV,2018,0,0.17313053
9,GDPV,2019,0,0.50806516
9,GDPV,2020,0,0.61174641
9,IFP,2018,0,0.15296005
9,IFP,2019,0,0.32749026
9,IFP,2020,0,0.15078655
9,IFPV,2018,0,0.16926262
9,IFPV,2019,0,0.43839431
9,IFPV,2020,0,0.35380433
9,IG,2018,0,0.0
9,IG,2019,0,0.0
9,IG,2020,0,0.0
9,IGV,2018,0,0.123568
9,IGV,2019,0,0.22971422
9,IGV,2020,0,0.33690455
9,IHP,2018,0,0.3944428
9,IHP,2019,0,0.1993866
9,IHP,2020,0,0.17014522
9,IHPV,2018,0,0.80819217
9,IHPV,2019,0,0.66121111
9,IHPV,2020,0,0.69455418
9,KFP,2018,0,0.00838534
9,KFP,2019,0,0.04311834
9,KFP,2020,0,0.06433094
9,KG,2018,0,0.0
9,KG,2019,0,-0.0
9,KG,2020,0,-0.0
9,KHP,2018,0,0.01133243
9,KHP,2019,0,0.02687631
9,KHP,2020,0,0.03434163
9,LE,2018,0,0.06654995
9,LE,2019,0,0.12963222
9,LE,2020,0,0.10945364
9,LF,2018,0,0.06466793
9,LF,2019,0,0.1176857
9,LF,2020,0,0.09448485
9,LH,2018,0,0.03904707
9,LH,2019,0,0.1095687
9,LH,2020,0,0.09524723
9,M2CD,2018,0,0.07889413
9,M2CD,2019,0,0.24002056
9,M2CD,2020,0,0.23714628
9,MGS,2018,0,0.04018736
9,MGS,2019,0,0.14460212
9,MGS,2020,0,0.22672151
9,MGSV,2018,0,4.39093681
9,MGSV,2019,0,4.37694414
9,MGSV,2020,0,4.20080917
9,NIV,2018,0,0.52491808
9,NIV,2019,0,0.90913533
9,NIV,2020,0,0.83671067
9,PCP,2018,0,0.15179929
9,PCP,2019,0,0.1605827
9,PCP,2020,0,0.22909474
9,PERR,2018,0,0.21803232
9,PERR,2019,0,-0.04010482
9,PERR,2020,0,-0.49574203
9,PGDP,2018,0,0.04932485
9,PGDP,2019,0,0.10802373
9,PGDP,2020,0,0.21572877
9,PIFP,2018,0,0.01625774
9,PIFP,2019,0,0.11054898
9,PIFP,2020,0,0.20272542
9,PIHP,2018,0,0.41205388
9,PIHP,2019,0,0.46091115
9,PIHP,2020,0,0.5235197
9,PLAND,2018,0,-0.00179956
9,PLAND,2019,0,-0.0803829
9,PLAND,2020,0,-0.11762277
9,PMGS,2018,0,4.34904826
9,PMGS,2019,0,4.22623858
9,PMGS,2020,0,3.96508761
9,PSHARE,2018,0,1.5169017
9,PSHARE,2019,0,1.39519434
9,PSHARE,2020,0,0.37316253
9,PXGS,2018,0,3.87921969
9,PXGS,2019,0,3.87921969
9,PXGS,2020,0,3.87921969
9,RCD,2018,0,0.01245945
9,RCD,2019,0,0.05334859
9,RCD,2020,0,0.08175327
9,RGB,2018,0,0.00645477
9,RGB,2019,0,0.02458496
9,RGB,2020,0,0.0384194
9,SBGVATGDPV,2018,0,-0.4091067
9,SBGVATGDPV,2019,0,-1.28575015
9,SBGVATGDPV,2020,0,-1.77484929
9,TAXV,2018,0,0.25560552
9,TAXV,2019,0,0.80300502
9,TAXV,2020,0,1.00766107
9,TCIV,2018,0,0.18423442
9,TCIV,2019,0,0.31917608
9,TCIV,2020,0,0.36656147
9,TYCV,2018,0,0.30252963
9,TYCV,2019,0,1.57148895
9,TYCV,2020,0,2.15653185
9,TYPV,2018,0,0.28294068
9,TYPV,2019,0,0.82094886
9,TYPV,2020,0,0.88949625
9,UCC,2018,0,-0.15346129
9,UCC,2019,0,-0.36379178
9,UCC,2020,0,-0.22393073
9,UR,2018,0,-0.00183384
9,UR,2019,0,-0.01165999
9,UR,2020,0,-0.01455648
9,WIPH,2018,0,0.32820448
9,WIPH,2019,0,0.45684559
9,WIPH,2020,0,0.45064078
9,XGS,2018,0,0.22738501
9,XGS,2019,0,1.37125348
9,XGS,2020,0,1.8318609
9,XGSV,2018,0,4.11542547
9,XGSV,2019,0,5.30366711
9,XGSV,2020,0,5.7821425
9,YCV,2018,0,1.05592176
9,YCV,2019,0,1.91719074
9,YCV,2020,0,1.66466095
9,YDV,2018,0,0.41603517
9,YDV,2019,0,0.68465292
9,YDV,2020,0,0.6586769
9,YWV,2018,0,0.41196265
9,YWV,2019,0,0.66137332
9,YWV,2020,0,0.62186165
10,GDP,2018,1,0.0025785
10,GDP,2018,2,-0.11146927
10,GDP,2018,3,-0.08518168
10,GDP,2018,4,-0.11947236
10,GDP,2019,1,-0.1169313
10,GDP,2019,2,-0.12171854
10,GDP,2019,3,-0.15025916
10,GDP,2019,4,-0.16419338
10,GDP,2020,1,-0.16909962
10,GDP,2020,2,-0.17378433
10,GDP,2020,3,-0.16134415
10,GDP,2020,4,-0.1554221
10,CP,2018,1,-0.0
10,CP,2018,2,-0.11503558
10,CP,2018,3,-0.26472696
10,CP,2018,4,-0.288585
10,CP,2019,1,-0.30145926
10,CP,2019,2,-0.28984191
10,CP,2019,3,-0.28729671
10,CP,2019,4,-0.31375739
10,CP,2020,1,-0.32061672
10,CP,2020,2,-0.32240505
10,CP,2020,3,-0.29665437
10,CP,2020,4,-0.26383636
10,IFP,2018,1,-0.00295357
10,IFP,2018,2,-0.00407328
10,IFP,2018,3,-0.00528429
10,IFP,2018,4,-0.00874108
10,IFP,2019,1,-0.01424028
10,IFP,2019,2,-0.01941427
10,IFP,2019,3,-0.02234412
10,IFP,2019,4,-0.0252806
10,IFP,2020,1,-0.02666054
10,IFP,2020,2,-0.02358587
10,IFP,2020,3,-0.02114504
10,IFP,2020,4,-0.01992729
10,IHP,2018,1,0.01610727
10,IHP,2018,2,0.09375641
10,IHP,2018,3,0.04375503
10,IHP,2018,4,0.04329049
10,IHP,2019,1,-0.0831472
10,IHP,2019,2,-0.18305299
10,IHP,2019,3,-0.20020045
10,IHP,2019,4,-0.22378973
10,IHP,2020,1,-0.20693487
10,IHP,2020,2,-0.21264995
10,IHP,2020,3,-0.23743737
10,IHP,2020,4,-0.21205234
10,IG,2018,1,0.0
10,IG,2018,2,0.0
10,IG,2018,3,0.0
10,IG,2018,4,0.0
10,IG,2019,1,0.0
10,IG,2019,2,0.0
10,IG,2019,3,0.0
10,IG,2019,4,0.0
10,IG,2020,1,0.0
10,IG,2020,2,0.0
10,IG,2020,3,0.0
10,IG,2020,4,0.0
10,CG,2018,1,0.0
10,CG,2018,2,-0.0
10,CG,2018,3,-0.0
10,CG,2018,4,-0.0
10,CG,2019,1,-0.0
10,CG,2019,2,-0.0
10,CG,2019,3,-0.0
10,CG,2019,4,-0.0
10,CG,2020,1,-0.0
10,CG,2020,2,-0.0
10,CG,2020,3,-0.0
10,CG,2020,4,-0.0
10,XGS,2018,1,0.0
10,XGS,2018,2,0.00024148
10,XGS,2018,3,0.00085674
10,XGS,2018,4,0.00197963
10,XGS,2019,1,0.00371762
10,XGS,2019,2,0.00588145
10,XGS,2019,3,0.00820898
10,XGS,2019,4,0.01051272
10,XGS,2020,1,0.01262304
10,XGS,2020,2,0.01446113
10,XGS,2020,3,0.01610965
10,XGS,2020,4,0.01754709
10,MGS,2018,1,3.913e-05
10,MGS,2018,2,0.31153607
10,MGS,2018,3,-0.28335419
10,MGS,2018,4,-0.15065346
10,MGS,2019,1,-0.2705936
10,MGS,2019,2,-0.24457255
10,MGS,2019,3,-0.23686169
10,MGS,2019,4,-0.27269212
10,MGS,2020,1,-0.29581392
10,MGS,2020,2,-0.2892761
10,MGS,2020,3,-0.28618385
10,MGS,2020,4,-0.24494426
10,GDPD,2018,1,0.0102958
10,GDPD,2018,2,-0.4590888
10,GDPD,2018,3,0.10477626
10,GDPD,2018,4,-0.13737826
10,GDPD,2019,1,0.0101848
10,GDPD,2019,2,-0.01925087
10,GDPD,2019,3,-0.11439335
10,GDPD,2019,4,-0.05421136
10,GDPD,2020,1,-0.01972263
10,GDPD,2020,2,-0.0174184
10,GDPD,2020,3,0.05235412
10,GDPD,2020,4,0.02411829
10,PGDP,2018,1,-0.26213646
10,PGDP,2018,2,-0.2706788
10,PGDP,2018,3,-0.3145505
10,PGDP,2018,4,-0.31608785
10,PGDP,2019,1,-0.2130005
10,PGDP,2019,2,-0.26801936
10,PGDP,2019,3,-0.24579185
10,PGDP,2019,4,-0.22298134
10,PGDP,2020,1,-0.22554114
10,PGDP,2020,2,-0.11278059
10,PGDP,2020,3,-0.10130244
10,PGDP,2020,4,-0.12118421
10,PCP,2018,1,0.22522789
10,PCP,2018,2,0.21771132
10,PCP,2018,3,0.21158322
10,PCP,2018,4,0.20639083
10,PCP,2019,1,0.20085929
10,PCP,2019,2,0.19419042
10,PCP,2019,3,0.18707704
10,PCP,2019,4,0.17897959
10,PCP,2020,1,0.17004526
10,PCP,2020,2,0.16032752
10,PCP,2020,3,0.14902684
10,PCP,2020,4,0.13698421
10,PIFP,2018,1,0.01860534
10,PIFP,2018,2,0.00612778
10,PIFP,2018,3,0.01017998
10,PIFP,2018,4,0.00436662
10,PIFP,2019,1,0.00109953
10,PIFP,2019,2,-0.00046976
10,PIFP,2019,3,-0.00670052
10,PIFP,2019,4,-0.01346345
10,PIFP,2020,1,-0.0200606
10,PIFP,2020,2,-0.02910071
10,PIFP,2020,3,-0.03599861
10,PIFP,2020,4,-0.04216822
10,PIHP,2018,1,0.1656439
10,PIHP,2018,2,0.26219183
10,PIHP,2018,3,0.28465837
10,PIHP,2018,4,0.28981695
10,PIHP,2019,1,0.25722712
10,PIHP,2019,2,0.26339507
10,PIHP,2019,3,0.26002124
10,PIHP,2019,4,0.24193126
10,PIHP,2020,1,0.23696781
10,PIHP,2020,2,0.18390214
10,PIHP,2020,3,0.15218307
10,PIHP,2020,4,0.14666784
10,PXGS,2018,1,0.01012626
10,PXGS,2018,2,0.01567394
10,PXGS,2018,3,0.02128735
10,PXGS,2018,4,0.0257942
10,PXGS,2019,1,0.02798331
10,PXGS,2019,2,0.03266518
10,PXGS,2019,3,0.03596484
10,PXGS,2019,4,0.03897203
10,PXGS,2020,1,0.04236386
10,PXGS,2020,2,0.04257363
10,PXGS,2020,3,0.04410447
10,PXGS,2020,4,0.04592696
10,PMGS,2018,1,2.31452579
10,PMGS,2018,2,2.48378277
10,PMGS,2018,3,2.68595541
10,PMGS,2018,4,2.6214756
10,PMGS,2019,1,2.17779514
10,PMGS,2019,2,2.47528023
10,PMGS,2019,3,2.28121929
10,PMGS,2019,4,2.15144997
10,PMGS,2020,1,2.19333627
10,PMGS,2020,2,1.49481249
10,PMGS,2020,3,1.48347501
10,PMGS,2020,4,1.50349459
10,CGPI,2018,1,0.46995846
10,CGPI,2018,2,0.51081263
10,CGPI,2018,3,0.54731685
10,CGPI,2018,4,0.53718153
10,CGPI,2019,1,0.44728866
10,CGPI,2019,2,0.50606317
10,CGPI,2019,3,0.46691527
10,CGPI,2019,4,0.43851277
10,CGPI,2020,1,0.44377284
10,CGPI,2020,2,0.29967373
10,CGPI,2020,3,0.29226421
10,CGPI,2020,4,0.2926131
10,GDPV,2018,1,-0.25956472
10,GDPV,2018,2,-0.38184634
10,GDPV,2018,3,-0.39946425
10,GDPV,2018,4,-0.43518258
10,GDPV,2019,1,-0.32968273
10,GDPV,2019,2,-0.38941168
10,GDPV,2019,3,-0.39568168
10,GDPV,2019,4,-0.3868086
10,GDPV,2020,1,-0.39425938
10,GDPV,2020,2,-0.28636892
10,GDPV,2020,3,-0.26248314
10,GDPV,2020,4,-0.27641796
10,CPV,2018,1,0.22522789
10,CPV,2018,2,0.1024253
10,CPV,2018,3,-0.05370386
10,CPV,2018,4,-0.08278979
10,CPV,2019,1,-0.10120547
10,CPV,2019,2,-0.09621434
10,CPV,2019,3,-0.10075713
10,CPV,2019,4,-0.13533936
10,CPV,2020,1,-0.15111665
10,CPV,2020,2,-0.16259444
10,CPV,2020,3,-0.14806962
10,CPV,2020,4,-0.12721357
10,IFPV,2018,1,0.01565123
10,IFPV,2018,2,0.00205425
10,IFPV,2018,3,0.00489515
10,IFPV,2018,4,-0.00437485
10,IFPV,2019,1,-0.01314091
10,IFPV,2019,2,-0.01988394
10,IFPV,2019,3,-0.02904314
10,IFPV,2019,4,-0.03874064
10,IFPV,2020,1,-0.04671578
10,IFPV,2020,2,-0.05267971
10,IFPV,2020,3,-0.05713604
10,IFPV,2020,4,-0.06208711
10,IHPV,2018,1,0.18177785
10,IHPV,2018,2,0.35619406
10,IHPV,2018,3,0.32853795
10,IHPV,2018,4,0.33323291
10,IHPV,2019,1,0.17386605
10,IHPV,2019,2,0.07985992
10,IHPV,2019,3,0.05930023
10,IHPV,2019,4,0.01760012
10,IHPV,2020,1,0.02954257
10,IHPV,2020,2,-0.02913888
10,IHPV,2020,3,-0.08561564
10,IHPV,2020,4,-0.06569551
10,IGV,2018,1,0.05666023
10,IGV,2018,2,0.08289845
10,IGV,2018,3,0.08863276
10,IGV,2018,4,0.09009362
10,IGV,2019,1,0.07771996
10,IGV,2019,2,0.08027519
10,IGV,2019,3,0.07335412
10,IGV,2019,4,0.06436497
10,IGV,2020,1,0.05722196
10,IGV,2020,2,0.03713432
10,IGV,2020,3,0.02320778
10,IGV,2020,4,0.01645681
10,CGV,2018,1,0.0
10,CGV,2018,2,0.19316229
10,CGV,2018,3,0.13070893
10,CGV,2018,4,0.19255592
10,CGV,2019,1,0.1533023
10,CGV,2019,2,0.17515737
10,CGV,2019,3,0.15219239
10,CGV,2019,4,0.15750009
10,CGV,2020,1,0.14229713
10,CGV,2020,2,0.13959761
10,CGV,2020,3,0.12762598
10,CGV,2020,4,0.12023103
10,XGSV,2018,1,0.01012626
10,XGSV,2018,2,0.01591547
10,XGSV,2018,3,0.02214427
10,XGSV,2018,4,0.02777434
10,XGSV,2019,1,0.03170198
10,XGSV,2019,2,0.03854856
10,XGSV,2019,3,0.04417677
10,XGSV,2019,4,0.04948885
10,XGSV,2020,1,0.05499225
10,XGSV,2020,2,0.05704092
10,XGSV,2020,3,0.06022123
10,XGSV,2020,4,0.06348211
10,MGSV,2018,1,2.31456582
10,MGSV,2018,2,2.80305672
10,MGSV,2018,3,2.39499045
10,MGSV,2018,4,2.46687279
10,MGSV,2019,1,1.90130856
10,MGSV,2019,2,2.22465382
10,MGSV,2019,3,2.03895426
10,MGSV,2019,4,1.87289102
10,MGSV,2020,1,1.89103416
10,MGSV,2020,2,1.20121226
10,MGSV,2020,3,1.19304569
10,MGSV,2020,4,1.25486761
10,NIV,2018,1,-0.38861034
10,NIV,2018,2,-0.5579218
10,NIV,2018,3,-0.58316698
10,NIV,2018,4,-0.64623199
10,NIV,2019,1,-0.48338781
10,NIV,2019,2,-0.56461451
10,NIV,2019,3,-0.59132853
10,NIV,2019,4,-0.59593761
10,NIV,2020,1,-0.5801089
10,NIV,2020,2,-0.45211467
10,NIV,2020,3,-0.39966813
10,NIV,2020,4,-0.40565462
10,YWV,2018,1,-0.3653811
10,YWV,2018,2,-0.39954428
10,YWV,2018,3,-0.42349919
10,YWV,2018,4,-0.43014096
10,YWV,2019,1,-0.32020404
10,YWV,2019,2,-0.39065771
10,YWV,2019,3,-0.40455673
10,YWV,2019,4,-0.39237169
10,YWV,2020,1,-0.38332367
10,YWV,2020,2,-0.25896978
10,YWV,2020,3,-0.24103876
10,YWV,2020,4,-0.2624547
10,YCV,2018,1,-0.76303495
10,YCV,2018,2,-1.29519147
10,YCV,2018,3,-1.28917985
10,YCV,2018,4,-1.70962852
10,YCV,2019,1,-1.09205546
10,YCV,2019,2,-1.32771402
10,YCV,2019,3,-1.43644226
10,YCV,2019,4,-1.96596659
10,YCV,2020,1,-1.55082058
10,YCV,2020,2,-2.31902365
10,YCV,2020,3,-1.23963725
10,YCV,2020,4,-1.07089411
10,YDV,2018,1,-0.30325688
10,YDV,2018,2,-0.36939789
10,YDV,2018,3,-0.40303792
10,YDV,2018,4,-0.40263831
10,YDV,2019,1,-0.30672842
10,YDV,2019,2,-0.36714379
10,YDV,2019,3,-0.380701
10,YDV,2019,4,-0.3662991
10,YDV,2020,1,-0.36754091
10,YDV,2020,2,-0.22587631
10,YDV,2020,3,-0.22661376
10,YDV,2020,4,-0.24658234
10,TAXV,2018,1,0.0541294
10,TAXV,2018,2,-0.05206689
10,TAXV,2018,3,-0.20345309
10,TAXV,2018,4,-0.3382291
10,TAXV,2019,1,-0.48041294
10,TAXV,2019,2,-0.48768969
10,TAXV,2019,3,-0.50770823
10,TAXV,2019,4,-0.54172051
10,TAXV,2020,1,-0.57132767
10,TAXV,2020,2,-0.58294656
10,TAXV,2020,3,-0.60722275
10,TAXV,2020,4,-0.5898848
10,TYPV,2018,1,-0.00817459
10,TYPV,2018,2,-0.16978391
10,TYPV,2018,3,-0.25470361
10,TYPV,2018,4,-0.37919115
10,TYPV,2019,1,-0.39665895
10,TYPV,2019,2,-0.39660671
10,TYPV,2019,3,-0.41230863
10,TYPV,2019,4,-0.41488671
10,TYPV,2020,1,-0.43516298
10,TYPV,2020,2,-0.41303361
10,TYPV,2020,3,-0.37461668
10,TYPV,2020,4,-0.34086861
10,TYCV,2018,1,0.01802074
10,TYCV,2018,2,-0.15203458
10,TYCV,2018,3,-0.48646803
10,TYCV,2018,4,-0.81252389
10,TYCV,2019,1,-1.26395335
10,TYCV,2019,2,-1.33532456
10,TYCV,2019,3,-1.35352928
10,TYCV,2019,4,-1.40102784
10,TYCV,2020,1,-1.43346643
10,TYCV,2020,2,-1.57542418
10,TYCV,2020,3,-1.7631986
10,TYCV,2020,4,-1.7497454
10,TCIV,2018,1,0.12274087
10,TCIV,2018,2,0.1008943
10,TCIV,2018,3,0.01312803
10,TCIV,2018,4,0.00838761
10,TCIV,2019,1,-0.01477346
10,TCIV,2019,2,-0.01241655
10,TCIV,2019,3,-0.0216541
10,TCIV,2019,4,-0.03898817
10,TCIV,2020,1,-0.05074095
10,TCIV,2020,2,-0.05708062
10,TCIV,2020,3,-0.05759361
10,TCIV,2020,4,-0.05051768
10,WIPH,2018,1,-0.19722499
10,WIPH,2018,2,-0.20273399
10,WIPH,2018,3,-0.23060917
10,WIPH,2018,4,-0.23049676
10,WIPH,2019,1,-0.1531476
10,WIPH,2019,2,-0.20220495
10,WIPH,2019,3,-0.21031377
10,WIPH,2019,4,-0.20100776
10,WIPH,2020,1,-0.198147
10,WIPH,2020,2,-0.10810274
10,WIPH,2020,3,-0.09863779
10,WIPH,2020,4,-0.11822378
10,LE,2018,1,-0.16647881
10,LE,2018,2,-0.16707002
10,LE,2018,3,-0.17147586
10,LE,2018,4,-0.17089301
10,LE,2019,1,-0.13862054
10,LE,2019,2,-0.15713606
10,LE,2019,3,-0.1584623
10,LE,2019,4,-0.15247379
10,LE,2020,1,-0.14830173
10,LE,2020,2,-0.11224668
10,LE,2020,3,-0.10489838
10,LE,2020,4,-0.10817272
10,LF,2018,1,-0.16962904
10,LF,2018,2,-0.16898382
10,LF,2018,3,-0.17370802
10,LF,2018,4,-0.17240041
10,LF,2019,1,-0.13911303
10,LF,2019,2,-0.1575222
10,LF,2019,3,-0.15802094
10,LF,2019,4,-0.15121771
10,LF,2020,1,-0.14631652
10,LF,2020,2,-0.10906244
10,LF,2020,3,-0.10133175
10,LF,2020,4,-0.10465164
10,LH,2018,1,-0.02274042
10,LH,2018,2,-0.05046155
10,LH,2018,3,-0.04481755
10,LH,2018,4,-0.05286277
10,LH,2019,1,-0.04769359
10,LH,2019,2,-0.05145402
10,LH,2019,3,-0.05832284
10,LH,2019,4,-0.06019514
10,LH,2020,1,-0.0603997
10,LH,2020,2,-0.05242287
10,LH,2020,3,-0.05043423
10,LH,2020,4,-0.05084605
10,UR,2018,1,-0.00311437
10,UR,2018,2,-0.00191051
10,UR,2018,3,-0.00215695
10,UR,2018,4,-0.00145455
10,UR,2019,1,-0.0004672
10,UR,2019,2,-0.00041557
10,UR,2019,3,0.00047715
10,UR,2019,4,0.00124336
10,UR,2020,1,0.00193407
10,UR,2020,2,0.003086
10,UR,2020,3,0.003489
10,UR,2020,4,0.00348257
10,CUX,2018,1,0.28801377
10,CUX,2018,2,0.03899782
10,CUX,2018,3,0.10438466
10,CUX,2018,4,0.02811159
10,CUX,2019,1,-0.02078959
10,CUX,2019,2,0.00052914
10,CUX,2019,3,-0.05952266
10,CUX,2019,4,-0.10050646
10,CUX,2020,1,-0.11821777
10,CUX,2020,2,-0.19474814
10,CUX,2020,3,-0.17632995
10,CUX,2020,4,-0.15528576
10,GDPPOT,2018,1,-0.1013778
10,GDPPOT,2018,2,-0.10102894
10,GDPPOT,2018,3,-0.10390425
10,GDPPOT,2018,4,-0.10318546
10,GDPPOT,2019,1,-0.08339193
10,GDPPOT,2019,2,-0.09456966
10,GDPPOT,2019,3,-0.09510009
10,GDPPOT,2019,4,-0.09130002
10,GDPPOT,2020,1,-0.08864695
10,GDPPOT,2020,2,-0.06667267
10,GDPPOT,2020,3,-0.06228261
10,GDPPOT,2020,4,-0.06446401
10,GDPGAP,2018,1,0.10679452
10,GDPGAP,2018,2,-0.01075521
10,GDPGAP,2018,3,0.01916754
10,GDPGAP,2018,4,-0.0166619
10,GDPGAP,2019,1,-0.03429637
10,GDPGAP,2019,2,-0.02783584
10,GDPGAP,2019,3,-0.05649326
10,GDPGAP,2019,4,-0.072183
10,GDPGAP,2020,1,-0.08001448
10,GDPGAP,2020,2,-0.09938636
10,GDPGAP,2020,3,-0.09631346
10,GDPGAP,2020,4,-0.08942419
10,RCD,2018,1,0.0
10,RCD,2018,2,0.00039612
10,RCD,2018,3,0.00143832
10,RCD,2018,4,0.00184068
10,RCD,2019,1,0.00636553
10,RCD,2019,2,6.198e-05
10,RCD,2019,3,-0.001
10,RCD,2019,4,-0.001
10,RCD,2020,1,-0.001
10,RCD,2020,2,-0.00119594
10,RCD,2020,3,-0.001
10,RCD,2020,4,-0.001
10,RGB,2018,1,-0.0
10,RGB,2018,2,0.00428597
10,RGB,2018,3,2.068e-05
10,RGB,2018,4,0.00063179
10,RGB,2019,1,0.00289548
10,RGB,2019,2,0.0
10,RGB,2019,3,0.0
10,RGB,2019,4,0.0
10,RGB,2020,1,0.0
10,RGB,2020,2,0.0
10,RGB,2020,3,-0.00072726
10,RGB,2020,4,-0.00063915
10,PERR,2018,1,0.02994359
10,PERR,2018,2,0.10143147
10,PERR,2018,3,0.16619914
10,PERR,2018,4,0.26501363
10,PERR,2019,1,0.28063338
10,PERR,2019,2,0.27592872
10,PERR,2019,3,0.30164593
10,PERR,2019,4,0.34868537
10,PERR,2020,1,0.44392478
10,PERR,2020,2,0.61494693
10,PERR,2020,3,0.79398039
10,PERR,2020,4,0.7068392
10,UCC,2018,1,-0.07232283
10,UCC,2018,2,-0.13868744
10,UCC,2018,3,-0.16598579
10,UCC,2018,4,-0.22602592
10,UCC,2019,1,-0.11639123
10,UCC,2019,2,-0.09691238
10,UCC,2019,3,-0.10151437
10,UCC,2019,4,-0.04985809
10,UCC,2020,1,-0.03270511
10,UCC,2020,2,0.00894551
10,UCC,2020,3,0.07467494
10,UCC,2020,4,0.10328243
10,FXS,2018,1,0.02536107
10,FXS,2018,2,0.0392568
10,FXS,2018,3,0.05331834
10,FXS,2018,4,0.06460882
10,FXS,2019,1,0.07009322
10,FXS,2019,2,0.08182334
10,FXS,2019,3,0.09009093
10,FXS,2019,4,0.09762608
10,FXS,2020,1,0.1061254
10,FXS,2020,2,0.10665107
10,FXS,2020,3,0.11048725
10,FXS,2020,4,0.11505439
10,PSHARE,2018,1,-0.04672375
10,PSHARE,2018,2,-0.06789598
10,PSHARE,2018,3,-0.07372606
10,PSHARE,2018,4,-0.0881109
10,PSHARE,2019,1,-0.09544264
10,PSHARE,2019,2,-0.11881317
10,PSHARE,2019,3,-0.11298744
10,PSHARE,2019,4,-0.08864732
10,PSHARE,2020,1,-0.05967152
10,PSHARE,2020,2,-0.00684149
10,PSHARE,2020,3,0.0030072
10,PSHARE,2020,4,0.00123563
10,PLAND,2018,1,0.03052987
10,PLAND,2018,2,0.00302
10,PLAND,2018,3,0.00345659
10,PLAND,2018,4,0.00111981
10,PLAND,2019,1,-0.00325692
10,PLAND,2019,2,0.00734082
10,PLAND,2019,3,0.00211618
10,PLAND,2019,4,0.00386338
10,PLAND,2020,1,0.00692975
10,PLAND,2020,2,-0.0022108
10,PLAND,2020,3,0.00673292
10,PLAND,2020,4,0.0072065
10,M2CD,2018,1,0.00257923
10,M2CD,2018,2,-0.1113283
10,M2CD,2018,3,-0.0863266
10,M2CD,2018,4,-0.11930441
10,M2CD,2019,1,-0.13108707
10,M2CD,2019,2,-0.11365073
10,M2CD,2019,3,-0.1396666
10,M2CD,2019,4,-0.15626471
10,M2CD,2020,1,-0.16506512
10,M2CD,2020,2,-0.17418119
10,M2CD,2020,3,-0.16916305
10,M2CD,2020,4,-0.17112042
10,BGVATGDPV,2018,1,-0.02063521
10,BGVATGDPV,2018,2,-0.07972301
10,BGVATGDPV,2018,3,-0.09622374
10,BGVATGDPV,2018,4,-0.13268047
10,BGVATGDPV,2019,1,-0.14362064
10,BGVATGDPV,2019,2,-0.15463903
10,BGVATGDPV,2019,3,-0.1540633
10,BGVATGDPV,2019,4,-0.16438278
10,BGVATGDPV,2020,1,-0.16555437
10,BGVATGDPV,2020,2,-0.18897129
10,BGVATGDPV,2020,3,-0.18091417
10,BGVATGDPV,2020,4,-0.17649869
10,SBGVATGDPV,2018,1,0.59270388
10,SBGVATGDPV,2018,2,0.88927494
10,SBGVATGDPV,2018,3,0.95114526
10,SBGVATGDPV,2018,4,1.07907353
10,SBGVATGDPV,2019,1,0.86896256
10,SBGVATGDPV,2019,2,1.04712245
10,SBGVATGDPV,2019,3,1.10067543
10,SBGVATGDPV,2019,4,1.13510064
10,SBGVATGDPV,2020,1,1.181563
10,SBGVATGDPV,2020,2,1.05469986
10,SBGVATGDPV,2020,3,0.99930881
10,SBGVATGDPV,2020,4,1.06111989
10,BCVATGDPV,2018,1,-0.38602899
10,BCVATGDPV,2018,2,-0.47486752
10,BCVATGDPV,2018,3,-0.4189309
10,BCVATGDPV,2018,4,-0.45325782
10,BCVATGDPV,2019,1,-0.31768438
10,BCVATGDPV,2019,2,-0.37870535
10,BCVATGDPV,2019,3,-0.35381417
10,BCVATGDPV,2019,4,-0.3206473
10,BCVATGDPV,2020,1,-0.30971557
10,BCVATGDPV,2020,2,-0.2005509
10,BCVATGDPV,2020,3,-0.17296823
10,BCVATGDPV,2020,4,-0.18353115
10,KFP,2018,1,-9.17e-05
10,KFP,2018,2,-0.00021836
10,KFP,2018,3,-0.00037497
10,KFP,2018,4,-0.00063884
10,KFP,2019,1,-0.00106851
10,KFP,2019,2,-0.00164604
10,KFP,2019,3,-0.00230979
10,KFP,2019,4,-0.00299803
10,KFP,2020,1,-0.00372879
10,KFP,2020,2,-0.00430157
10,KFP,2020,3,-0.00479167
10,KFP,2020,4,-0.00524069
10,KHP,2018,1,0.00021301
10,KHP,2018,2,0.00142054
10,KHP,2018,3,0.00196952
10,KHP,2018,4,0.00251236
10,KHP,2019,1,0.00135409
10,KHP,2019,2,-0.0011684
10,KHP,2019,3,-0.00390415
10,KHP,2019,4,-0.00688326
10,KHP,2020,1,-0.0094706
10,KHP,2020,2,-0.01212453
10,KHP,2020,3,-0.01493556
10,KHP,2020,4,-0.01740463
10,KG,2018,1,-0.0
10,KG,2018,2,-0.0
10,KG,2018,3,0.0
10,KG,2018,4,-0.0
10,KG,2019,1,-0.0
10,KG,2019,2,-0.0
10,KG,2019,3,-0.0
10,KG,2019,4,-0.0
10,KG,2020,1,-0.0
10,KG,2020,2,0.0
10,KG,2020,3,-0.0
10,KG,2020,4,-0.0
10,BCVATGDPV,2018,0,-0.43327131
10,BCVATGDPV,2019,0,-0.3427128
10,BCVATGDPV,2020,0,-0.21669146
10,BGVATGDPV,2018,0,-0.08231561
10,BGVATGDPV,2019,0,-0.15417644
10,BGVATGDPV,2020,0,-0.17798463
10,CG,2018,0,-0.0
10,CG,2019,0,-0.0
10,CG,2020,0,-0.0
10,CGPI,2018,0,0.51631737
10,CGPI,2019,0,0.46469497
10,CGPI,2020,0,0.33208097
10,CGV,2018,0,0.12910678
10,CGV,2019,0,0.15953804
10,CGV,2020,0,0.13243794
10,CP,2018,0,-0.16708689
10,CP,2019,0,-0.29808882
10,CP,2020,0,-0.30087813
10,CPV,2018,0,0.04778989
10,CPV,2019,0,-0.10837908
10,CPV,2020,0,-0.14724857
10,CUX,2018,0,0.11487696
10,CUX,2019,0,-0.04507239
10,CUX,2020,0,-0.1611454
10,FXS,2018,0,0.04563626
10,FXS,2019,0,0.08490839
10,FXS,2020,0,0.10957953
10,GDP,2018,0,-0.0783862
10,GDP,2019,0,-0.13827559
10,GDP,2020,0,-0.16491255
10,GDPD,2018,0,-0.12034875
10,GDPD,2019,0,-0.0444177
10,GDPD,2020,0,0.00983285
10,GDPGAP,2018,0,0.02463624
10,GDPGAP,2019,0,-0.04770211
10,GDPGAP,2020,0,-0.09128462
10,GDPPOT,2018,0,-0.10237411
10,GDPPOT,2019,0,-0.09109043
10,GDPPOT,2020,0,-0.07051656
10,GDPV,2018,0,-0.36901447
10,GDPV,2019,0,-0.37539617
10,GDPV,2020,0,-0.30488235
10,IFP,2018,0,-0.00526306
10,IFP,2019,0,-0.02031982
10,IFP,2020,0,-0.02282968
10,IFPV,2018,0,0.00455644
10,IFPV,2019,0,-0.02520216
10,IFPV,2020,0,-0.05465466
10,IG,2018,0,0.0
10,IG,2019,0,0.0
10,IG,2020,0,0.0
10,IGV,2018,0,0.07957126
10,IGV,2019,0,0.07392856
10,IGV,2020,0,0.03350521
10,IHP,2018,0,0.0492273
10,IHP,2019,0,-0.17254759
10,IHP,2020,0,-0.21726864
10,IHPV,2018,0,0.29993569
10,IHPV,2019,0,0.08265658
10,IHPV,2020,0,-0.03772687
10,KFP,2018,0,-0.00033097
10,KFP,2019,0,-0.00200559
10,KFP,2020,0,-0.00451568
10,KG,2018,0,-0.0
10,KG,2019,0,-0.0
10,KG,2020,0,-0.0
10,KHP,2018,0,0.00152886
10,KHP,2019,0,-0.00265043
10,KHP,2020,0,-0.01348383
10,LE,2018,0,-0.16897943
10,LE,2019,0,-0.15167317
10,LE,2020,0,-0.11840488
10,LF,2018,0,-0.17118032
10,LF,2019,0,-0.15146847
10,LF,2020,0,-0.11534059
10,LH,2018,0,-0.04272057
10,LH,2019,0,-0.0544164
10,LH,2020,0,-0.05352571
10,M2CD,2018,0,-0.07859502
10,M2CD,2019,0,-0.13516728
10,M2CD,2020,0,-0.16988244
10,MGS,2018,0,-0.03060811
10,MGS,2019,0,-0.25617999
10,MGS,2020,0,-0.27905453
10,MGSV,2018,0,2.49487145
10,MGSV,2019,0,2.00945192
10,MGSV,2020,0,1.38503993
10,NIV,2018,0,-0.54398278
10,NIV,2019,0,-0.55881712
10,NIV,2020,0,-0.45938658
10,PCP,2018,0,0.21522832
10,PCP,2019,0,0.19027659
10,PCP,2020,0,0.15409596
10,PERR,2018,0,0.14064696
10,PERR,2019,0,0.30172335
10,PERR,2020,0,0.63992283
10,PGDP,2018,0,-0.2908634
10,PGDP,2019,0,-0.23744826
10,PGDP,2020,0,-0.14020209
10,PIFP,2018,0,0.00981993
10,PIFP,2019,0,-0.00488355
10,PIFP,2020,0,-0.03183203
10,PIHP,2018,0,0.25057777
10,PIHP,2019,0,0.25564367
10,PIHP,2020,0,0.17993022
10,PLAND,2018,0,0.00953157
10,PLAND,2019,0,0.00251587
10,PLAND,2020,0,0.00466459
10,PMGS,2018,0,2.52643489
10,PMGS,2019,0,2.27143616
10,PMGS,2020,0,1.66877959
10,PSHARE,2018,0,-0.06911417
10,PSHARE,2019,0,-0.10397264
10,PSHARE,2020,0,-0.01556754
10,PXGS,2018,0,0.01822044
10,PXGS,2019,0,0.03389634
10,PXGS,2020,0,0.04374223
10,RCD,2018,0,0.00091878
10,RCD,2019,0,0.00110688
10,RCD,2020,0,-0.00104899
10,RGB,2018,0,0.00123461
10,RGB,2019,0,0.00072387
10,RGB,2020,0,-0.0003416
10,SBGVATGDPV,2018,0,0.8780494
10,SBGVATGDPV,2019,0,1.03796527
10,SBGVATGDPV,2020,0,1.07417289
10,TAXV,2018,0,-0.13490492
10,TAXV,2019,0,-0.50438284
10,TAXV,2020,0,-0.58784545
10,TCIV,2018,0,0.0612877
10,TCIV,2019,0,-0.02195807
10,TCIV,2020,0,-0.05398321
10,TYCV,2018,0,-0.35825144
10,TYCV,2019,0,-1.33845876
10,TYCV,2020,0,-1.63045865
10,TYPV,2018,0,-0.20296331
10,TYPV,2019,0,-0.40511525
10,TYPV,2020,0,-0.39092047
10,UCC,2018,0,-0.1507555
10,UCC,2019,0,-0.09116902
10,UCC,2020,0,0.03854944
10,UR,2018,0,-0.0021591
10,UR,2019,0,0.00020943
10,UR,2020,0,0.00299791
10,WIPH,2018,0,-0.21526623
10,WIPH,2019,0,-0.19166852
10,WIPH,2020,0,-0.13077783
10,XGS,2018,0,0.00076946
10,XGS,2019,0,0.00708019
10,XGS,2020,0,0.01518523
10,XGSV,2018,0,0.01899008
10,XGSV,2019,0,0.04097904
10,XGSV,2020,0,0.05893413
10,YCV,2018,0,-1.2642587
10,YCV,2019,0,-1.45554458
10,YCV,2020,0,-1.5450939
10,YDV,2018,0,-0.36958275
10,YDV,2019,0,-0.35521808
10,YDV,2020,0,-0.26665333
10,YWV,2018,0,-0.40464138
10,YWV,2019,0,-0.37694754
10,YWV,2020,0,-0.28644673
11,GDP,2018,1,0.25583383
11,GDP,2018,2,0.30930283
11,GDP,2018,3,0.368652
11,GDP,2018,4,0.41151971
11,GDP,2019,1,0.40797735
11,GDP,2019,2,0.40457033
11,GDP,2019,3,0.39448217
11,GDP,2019,4,0.38000188
11,GDP,2020,1,0.36016547
11,GDP,2020,2,0.3232136
11,GDP,2020,3,0.31544369
11,GDP,2020,4,0.31559211
11,CP,2018,1,0.00069967
11,CP,2018,2,0.04430305
11,CP,2018,3,0.11967431
11,CP,2018,4,0.15494348
11,CP,2019,1,0.1795136
11,CP,2019,2,0.1970874
11,CP,2019,3,0.20114572
11,CP,2019,4,0.2016263
11,CP,2020,1,0.18956501
11,CP,2020,2,0.17637464
11,CP,2020,3,0.14702946
11,CP,2020,4,0.12201486
11,IFP,2018,1,0.19393695
11,IFP,2018,2,0.38587338
11,IFP,2018,3,0.57703633
11,IFP,2018,4,0.75504505
11,IFP,2019,1,0.71060539
11,IFP,2019,2,0.65047244
11,IFP,2019,3,0.58114145
11,IFP,2019,4,0.51428209
11,IFP,2020,1,0.45781474
11,IFP,2020,2,0.4159929
11,IFP,2020,3,0.38917013
11,IFP,2020,4,0.37437587
11,IHP,2018,1,0.03026251
11,IHP,2018,2,0.04696445
11,IHP,2018,3,0.08091342
11,IHP,2018,4,0.11172194
11,IHP,2019,1,0.12533324
11,IHP,2019,2,0.15196608
11,IHP,2019,3,0.15526256
11,IHP,2019,4,0.1618428
11,IHP,2020,1,0.15100861
11,IHP,2020,2,0.12946013
11,IHP,2020,3,0.11804957
11,IHP,2020,4,0.10007608
11,IG,2018,1,0.0
11,IG,2018,2,0.0
11,IG,2018,3,0.0
11,IG,2018,4,0.0
11,IG,2019,1,0.0
11,IG,2019,2,0.0
11,IG,2019,3,0.0
11,IG,2019,4,0.0
11,IG,2020,1,0.0
11,IG,2020,2,0.0
11,IG,2020,3,0.0
11,IG,2020,4,0.0
11,CG,2018,1,0.0
11,CG,2018,2,0.0
11,CG,2018,3,0.0
11,CG,2018,4,0.0
11,CG,2019,1,0.0
11,CG,2019,2,0.0
11,CG,2019,3,0.0
11,CG,2019,4,-0.0
11,CG,2020,1,0.0
11,CG,2020,2,0.0
11,CG,2020,3,0.0
11,CG,2020,4,0.0
11,XGS,2018,1,1.2995989
11,XGS,2018,2,1.29955868
11,XGS,2018,3,1.29941981
11,XGS,2018,4,1.29908308
11,XGS,2019,1,1.29841263
11,XGS,2019,2,1.29728596
11,XGS,2019,3,1.29561323
11,XGS,2019,4,1.29335211
11,XGS,2020,1,1.29053015
11,XGS,2020,2,1.28723959
11,XGS,2020,3,1.28359383
11,XGS,2020,4,1.27972899
11,MGS,2018,1,0.0064804
11,MGS,2018,2,0.04487346
11,MGS,2018,3,0.13422757
11,MGS,2018,4,0.21767886
11,MGS,2019,1,0.26268027
11,MGS,2019,2,0.28718574
11,MGS,2019,3,0.30281196
11,MGS,2019,4,0.3107156
11,MGS,2020,1,0.30306335
11,MGS,2020,2,0.28296099
11,MGS,2020,3,0.25676457
11,MGS,2020,4,0.22023351
11,GDPD,2018,1,1.02153048
11,GDPD,2018,2,0.21469085
11,GDPD,2018,3,0.23555985
11,GDPD,2018,4,0.17096377
11,GDPD,2019,1,-0.01412298
11,GDPD,2019,2,-0.01362896
11,GDPD,2019,3,-0.04022232
11,GDPD,2019,4,-0.05603019
11,GDPD,2020,1,-0.07930816
11,GDPD,2020,2,-0.13666775
11,GDPD,2020,3,-0.03253743
11,GDPD,2020,4,0.00060159
11,PGDP,2018,1,0.02443898
11,PGDP,2018,2,0.03113434
11,PGDP,2018,3,0.04324906
11,PGDP,2018,4,0.05474745
11,PGDP,2019,1,0.06518627
11,PGDP,2019,2,0.08220193
11,PGDP,2019,3,0.10132658
11,PGDP,2019,4,0.12021007
11,PGDP,2020,1,0.1435807
11,PGDP,2020,2,0.15820616
11,PGDP,2020,3,0.17778033
11,PGDP,2020,4,0.19737109
11,PCP,2018,1,-0.00072062
11,PCP,2018,2,0.0004351
11,PCP,2018,3,0.00584743
11,PCP,2018,4,0.01695555
11,PCP,2019,1,0.0339335
11,PCP,2019,2,0.05450042
11,PCP,2019,3,0.07694774
11,PCP,2019,4,0.10008635
11,PCP,2020,1,0.123158
11,PCP,2020,2,0.14581389
11,PCP,2020,3,0.16765931
11,PCP,2020,4,0.18840082
11,PIFP,2018,1,0.03975576
11,PIFP,2018,2,0.06505652
11,PIFP,2018,3,0.09221788
11,PIFP,2018,4,0.11740825
11,PIFP,2019,1,0.14048155
11,PIFP,2019,2,0.16248347
11,PIFP,2019,3,0.18503138
11,PIFP,2019,4,0.20462131
11,PIFP,2020,1,0.22512071
11,PIFP,2020,2,0.23886556
11,PIFP,2020,3,0.25951064
11,PIFP,2020,4,0.27977263
11,PIHP,2018,1,-0.00309529
11,PIHP,2018,2,-0.00253591
11,PIHP,2018,3,0.00238021
11,PIHP,2018,4,0.01342533
11,PIHP,2019,1,0.03252983
11,PIHP,2019,2,0.05528706
11,PIHP,2019,3,0.08064576
11,PIHP,2019,4,0.10636956
11,PIHP,2020,1,0.13174875
11,PIHP,2020,2,0.15810724
11,PIHP,2020,3,0.18210779
11,PIHP,2020,4,0.20318543
11,PXGS,2018,1,-0.0016647
11,PXGS,2018,2,-0.00408377
11,PXGS,2018,3,-0.00818956
11,PXGS,2018,4,-0.01381304
11,PXGS,2019,1,-0.0205476
11,PXGS,2019,2,-0.02834929
11,PXGS,2019,3,-0.03662502
11,PXGS,2019,4,-0.04521307
11,PXGS,2020,1,-0.0537514
11,PXGS,2020,2,-0.06192922
11,PXGS,2020,3,-0.06995211
11,PXGS,2020,4,-0.07792256
11,PMGS,2018,1,-0.0018732
11,PMGS,2018,2,-0.00445843
11,PMGS,2018,3,-0.01052469
11,PMGS,2018,4,-0.01960582
11,PMGS,2019,1,-0.0210126
11,PMGS,2019,2,-0.03153315
11,PMGS,2019,3,-0.0354387
11,PMGS,2019,4,-0.04421603
11,PMGS,2020,1,-0.05461903
11,PMGS,2020,2,-0.03993728
11,PMGS,2020,3,-0.05245465
11,PMGS,2020,4,-0.06336315
11,CGPI,2018,1,-0.00097832
11,CGPI,2018,2,0.00968383
11,CGPI,2018,3,0.01493039
11,CGPI,2018,4,0.02347065
11,CGPI,2019,1,0.03650927
11,CGPI,2019,2,0.04811128
11,CGPI,2019,3,0.06168651
11,CGPI,2019,4,0.07467149
11,CGPI,2020,1,0.08661466
11,CGPI,2020,2,0.10331958
11,CGPI,2020,3,0.11308656
11,CGPI,2020,4,0.12320877
11,GDPV,2018,1,0.28033533
11,GDPV,2018,2,0.34053347
11,GDPV,2018,3,0.4120605
11,GDPV,2018,4,0.46649246
11,GDPV,2019,1,0.47342957
11,GDPV,2019,2,0.48710482
11,GDPV,2019,3,0.49620846
11,GDPV,2019,4,0.50066875
11,GDPV,2020,1,0.5042633
11,GDPV,2020,2,0.4819311
11,GDPV,2020,3,0.49378482
11,GDPV,2020,4,0.51358609
11,CPV,2018,1,-2.096e-05
11,CPV,2018,2,0.04473834
11,CPV,2018,3,0.12552874
11,CPV,2018,4,0.17192531
11,CPV,2019,1,0.21350802
11,CPV,2019,2,0.25169523
11,CPV,2019,3,0.27824823
11,CPV,2019,4,0.30191445
11,CPV,2020,1,0.31295647
11,CPV,2020,2,0.32244571
11,CPV,2020,3,0.31493528
11,CPV,2020,4,0.31064555
11,IFPV,2018,1,0.23376981
11,IFPV,2018,2,0.45118094
11,IFPV,2018,3,0.66978634
11,IFPV,2018,4,0.87333978
11,IFPV,2019,1,0.8520852
11,IFPV,2019,2,0.81401282
11,IFPV,2019,3,0.76724813
11,IFPV,2019,4,0.71995574
11,IFPV,2020,1,0.68396609
11,IFPV,2020,2,0.65585212
11,IFPV,2020,3,0.64969071
11,IFPV,2020,4,0.65519591
11,IHPV,2018,1,0.02716629
11,IHPV,2018,2,0.04442735
11,IHPV,2018,3,0.08329556
11,IHPV,2018,4,0.12516227
11,IHPV,2019,1,0.15790384
11,IHPV,2019,2,0.20733716
11,IHPV,2019,3,0.23603353
11,IHPV,2019,4,0.26838452
11,IHPV,2020,1,0.28295631
11,IHPV,2020,2,0.28777206
11,IHPV,2020,3,0.30037234
11,IHPV,2020,4,0.30346486
11,IGV,2018,1,0.03440005
11,IGV,2018,2,0.05671658
11,IGV,2018,3,0.08175966
11,IGV,2018,4,0.10668547
11,IGV,2019,1,0.13195888
11,IGV,2019,2,0.15747531
11,IGV,2019,3,0.18431428
11,IGV,2019,4,0.20876341
11,IGV,2020,1,0.23400352
11,IGV,2020,2,0.25352521
11,IGV,2020,3,0.27859808
11,IGV,2020,4,0.3025782
11,CGV,2018,1,0.0
11,CGV,2018,2,-0.00022304
11,CGV,2018,3,0.00129507
11,CGV,2018,4,0.00602536
11,CGV,2019,1,0.01530755
11,CGV,2019,2,0.02914314
11,CGV,2019,3,0.04596318
11,CGV,2019,4,0.06467274
11,CGV,2020,1,0.08418183
11,CGV,2020,2,0.10381857
11,CGV,2020,3,0.12319052
11,CGV,2020,4,0.14192384
11,XGSV,2018,1,1.29791257
11,XGSV,2018,2,1.29542184
11,XGSV,2018,3,1.29112383
11,XGSV,2018,4,1.28509059
11,XGSV,2019,1,1.27759823
11,XGSV,2019,2,1.2685689
11,XGSV,2019,3,1.2585137
11,XGSV,2019,4,1.24755427
11,XGSV,2020,1,1.23608507
11,XGSV,2020,2,1.2245132
11,XGSV,2020,3,1.21274382
11,XGSV,2020,4,1.20080923
11,MGSV,2018,1,0.00460708
11,MGSV,2018,2,0.04041304
11,MGSV,2018,3,0.12368875
11,MGSV,2018,4,0.19803036
11,MGSV,2019,1,0.24161247
11,MGSV,2019,2,0.25556203
11,MGSV,2019,3,0.26726595
11,MGSV,2019,4,0.26636218
11,MGSV,2020,1,0.24827879
11,MGSV,2020,2,0.2429107
11,MGSV,2020,3,0.20417524
11,MGSV,2020,4,0.15673081
11,NIV,2018,1,0.4034616
11,NIV,2018,2,0.45101693
11,NIV,2018,3,0.53265289
11,NIV,2018,4,0.59725446
11,NIV,2019,1,0.57675849
11,NIV,2019,2,0.57137821
11,NIV,2019,3,0.5317688
11,NIV,2019,4,0.49227337
11,NIV,2020,1,0.43147405
11,NIV,2020,2,0.34864116
11,NIV,2020,3,0.31453257
11,NIV,2020,4,0.32713984
11,YWV,2018,1,0.23893489
11,YWV,2018,2,0.28561988
11,YWV,2018,3,0.35164981
11,YWV,2018,4,0.41937444
11,YWV,2019,1,0.40211571
11,YWV,2019,2,0.41562687
11,YWV,2019,3,0.38548985
11,YWV,2019,4,0.3696376
11,YWV,2020,1,0.32908598
11,YWV,2020,2,0.2834198
11,YWV,2020,3,0.26475475
11,YWV,2020,4,0.28742852
11,YCV,2018,1,1.34646381
11,YCV,2018,2,0.9963912
11,YCV,2018,3,1.24207983
11,YCV,2018,4,1.31147295
11,YCV,2019,1,1.11090411
11,YCV,2019,2,1.00166469
11,YCV,2019,3,0.8865689
11,YCV,2019,4,0.82951332
11,YCV,2020,1,0.5465354
11,YCV,2020,2,0.15948743
11,YCV,2020,3,0.14465368
11,YCV,2020,4,0.17387358
11,YDV,2018,1,0.20220195
11,YDV,2018,2,0.31264403
11,YDV,2018,3,0.35086418
11,YDV,2018,4,0.42638219
11,YDV,2019,1,0.42194093
11,YDV,2019,2,0.45422247
11,YDV,2019,3,0.42935473
11,YDV,2019,4,0.41686787
11,YDV,2020,1,0.38820758
11,YDV,2020,2,0.30728836
11,YDV,2020,3,0.31232516
11,YDV,2020,4,0.34130625
11,TAXV,2018,1,0.07742583
11,TAXV,2018,2,0.22629307
11,TAXV,2018,3,0.37220282
11,TAXV,2018,4,0.5308547
11,TAXV,2019,1,0.66309778
11,TAXV,2019,2,0.66889079
11,TAXV,2019,3,0.69292715
11,TAXV,2019,4,0.68476798
11,TAXV,2020,1,0.66930735
11,TAXV,2020,2,0.60103263
11,TAXV,2020,3,0.55544768
11,TAXV,2020,4,0.50175705
11,TYPV,2018,1,0.19891657
11,TYPV,2018,2,0.31287605
11,TYPV,2018,3,0.4329884
11,TYPV,2018,4,0.56198855
11,TYPV,2019,1,0.61395891
11,TYPV,2019,2,0.64534343
11,TYPV,2019,3,0.65899046
11,TYPV,2019,4,0.63913495
11,TYPV,2020,1,0.61974554
11,TYPV,2020,2,0.55161875
11,TYPV,2020,3,0.52544983
11,TYPV,2020,4,0.50617809
11,TYCV,2018,1,0.03923527
11,TYCV,2018,2,0.3745354
11,TYCV,2018,3,0.67529883
11,TYCV,2018,4,1.02919628
11,TYCV,2019,1,1.42112521
11,TYCV,2019,2,1.39531882
11,TYCV,2019,3,1.4241177
11,TYCV,2019,4,1.35239151
11,TYCV,2020,1,1.26267368
11,TYCV,2020,2,1.11906565
11,TYCV,2020,3,0.97060424
11,TYCV,2020,4,0.75263521
11,TCIV,2018,1,0.0410551
11,TCIV,2018,2,0.10222601
11,TCIV,2018,3,0.17923169
11,TCIV,2018,4,0.24140159
11,TCIV,2019,1,0.26204232
11,TCIV,2019,2,0.27873155
11,TCIV,2019,3,0.29051997
11,TCIV,2019,4,0.29206729
11,TCIV,2020,1,0.29889071
11,TCIV,2020,2,0.29966467
11,TCIV,2020,3,0.29997313
11,TCIV,2020,4,0.30792279
11,WIPH,2018,1,0.12857969
11,WIPH,2018,2,0.15030995
11,WIPH,2018,3,0.18624273
11,WIPH,2018,4,0.22748709
11,WIPH,2019,1,0.22310295
11,WIPH,2019,2,0.23556887
11,WIPH,2019,3,0.22576834
11,WIPH,2019,4,0.22569675
11,WIPH,2020,1,0.21092064
11,WIPH,2020,2,0.1956148
11,WIPH,2020,3,0.18907623
11,WIPH,2020,4,0.21312516
11,LE,2018,1,0.05412715
11,LE,2018,2,0.06591418
11,LE,2018,3,0.08518849
11,LE,2018,4,0.10241231
11,LE,2019,1,0.09663268
11,LE,2019,2,0.09682162
11,LE,2019,3,0.08399327
11,LE,2019,4,0.0758451
11,LE,2020,1,0.05938215
11,LE,2020,2,0.04467676
11,LE,2020,3,0.03114894
11,LE,2020,4,0.02892419
11,LF,2018,1,0.04892244
11,LF,2018,2,0.05721603
11,LF,2018,3,0.07367825
11,LF,2018,4,0.08881182
11,LF,2019,1,0.08221779
11,LF,2019,2,0.08202381
11,LF,2019,3,0.06923371
11,LF,2019,4,0.06129531
11,LF,2020,1,0.04525079
11,LF,2020,2,0.03129041
11,LF,2020,3,0.0182882
11,LF,2020,4,0.01643669
11,LH,2018,1,0.0695654
11,LH,2018,2,0.08359203
11,LH,2018,3,0.09880113
11,LH,2018,4,0.11186134
11,LH,2019,1,0.10562792
11,LH,2019,2,0.10361991
11,LH,2019,3,0.09625871
11,LH,2019,4,0.08729876
11,LH,2020,1,0.07825818
11,LH,2020,2,0.05777952
11,LH,2020,3,0.0583467
11,LH,2020,4,0.06113034
11,UR,2018,1,-0.00506196
11,UR,2018,2,-0.00847214
11,UR,2018,3,-0.01123412
11,UR,2018,4,-0.01326412
11,UR,2019,1,-0.01405738
11,UR,2019,2,-0.01441742
11,UR,2019,3,-0.01442921
11,UR,2019,4,-0.01421354
11,UR,2020,1,-0.01377899
11,UR,2020,2,-0.01301058
11,UR,2020,3,-0.01248423
11,UR,2020,4,-0.01212016
11,CUX,2018,1,0.46854582
11,CUX,2018,2,0.56054844
11,CUX,2018,3,0.64854716
11,CUX,2018,4,0.69547054
11,CUX,2019,1,0.6815091
11,CUX,2019,2,0.65478535
11,CUX,2019,3,0.64105014
11,CUX,2019,4,0.61398326
11,CUX,2020,1,0.58927723
11,CUX,2020,2,0.53706433
11,CUX,2020,3,0.52840822
11,CUX,2020,4,0.52075588
11,GDPPOT,2018,1,0.02922535
11,GDPPOT,2018,2,0.03660376
11,GDPPOT,2018,3,0.05130301
11,GDPPOT,2018,4,0.0673003
11,GDPPOT,2019,1,0.07250123
11,GDPPOT,2019,2,0.08068393
11,GDPPOT,2019,3,0.08028773
11,GDPPOT,2019,4,0.08179671
11,GDPPOT,2020,1,0.07705597
11,GDPPOT,2020,2,0.0728567
11,GDPPOT,2020,3,0.06835067
11,GDPPOT,2020,4,0.0701288
11,GDPGAP,2018,1,0.23249141
11,GDPGAP,2018,2,0.28053714
11,GDPGAP,2018,3,0.32438735
11,GDPGAP,2018,4,0.35154492
11,GDPGAP,2019,1,0.34251363
11,GDPGAP,2019,2,0.33150025
11,GDPGAP,2019,3,0.32123026
11,GDPGAP,2019,4,0.29478837
11,GDPGAP,2020,1,0.28110131
11,GDPGAP,2020,2,0.23197633
11,GDPGAP,2020,3,0.23992476
11,GDPGAP,2020,4,0.24099928
11,RCD,2018,1,0.01809574
11,RCD,2018,2,0.02848636
11,RCD,2018,3,0.04290089
11,RCD,2018,4,0.05845646
11,RCD,2019,1,0.06962629
11,RCD,2019,2,0.07946006
11,RCD,2019,3,0.08433909
11,RCD,2019,4,0.08729085
11,RCD,2020,1,0.08669278
11,RCD,2020,2,0.08384207
11,RCD,2020,3,0.08129344
11,RCD,2020,4,0.08052765
11,RGB,2018,1,0.00923082
11,RGB,2018,2,0.01337966
11,RGB,2018,3,0.02004154
11,RGB,2018,4,0.02704759
11,RGB,2019,1,0.03182717
11,RGB,2019,2,0.03631113
11,RGB,2019,3,0.03851481
11,RGB,2019,4,0.04030485
11,RGB,2020,1,0.04073859
11,RGB,2020,2,0.04052016
11,RGB,2020,3,0.0408506
11,RGB,2020,4,0.04225126
11,PERR,2018,1,0.90118824
11,PERR,2018,2,0.79420094
11,PERR,2018,3,0.63987384
11,PERR,2018,4,0.50235729
11,PERR,2019,1,0.44178309
11,PERR,2019,2,0.36188479
11,PERR,2019,3,0.33501204
11,PERR,2019,4,0.34263561
11,PERR,2020,1,0.39960067
11,PERR,2020,2,0.49897739
11,PERR,2020,3,0.80304186
11,PERR,2020,4,1.01995761
11,UCC,2018,1,-0.57468236
11,UCC,2018,2,-0.7118663
11,UCC,2018,3,-0.78126719
11,UCC,2018,4,-0.81156533
11,UCC,2019,1,-0.77255138
11,UCC,2019,2,-0.60180445
11,UCC,2019,3,-0.51257639
11,UCC,2019,4,-0.43499384
11,UCC,2020,1,-0.40221901
11,UCC,2020,2,-0.35900045
11,UCC,2020,3,-0.31390424
11,UCC,2020,4,-0.32204944
11,FXS,2018,1,-0.00416884
11,FXS,2018,2,-0.01022665
11,FXS,2018,3,-0.0205078
11,FXS,2018,4,-0.03458834
11,FXS,2019,1,-0.0514493
11,FXS,2019,2,-0.07097984
11,FXS,2019,3,-0.09169457
11,FXS,2019,4,-0.11318837
11,FXS,2020,1,-0.13455495
11,FXS,2020,2,-0.15501679
11,FXS,2020,3,-0.17508855
11,FXS,2020,4,-0.19502672
11,PSHARE,2018,1,4.14100054
11,PSHARE,2018,2,3.99512583
11,PSHARE,2018,3,3.75446311
11,PSHARE,2018,4,3.42053734
11,PSHARE,2019,1,3.03655108
11,PSHARE,2019,2,2.68430398
11,PSHARE,2019,3,2.36766894
11,PSHARE,2019,4,2.12164574
11,PSHARE,2020,1,1.9620151
11,PSHARE,2020,2,1.87830297
11,PSHARE,2020,3,1.87033254
11,PSHARE,2020,4,1.9006048
11,PLAND,2018,1,-0.0002243
11,PLAND,2018,2,-0.0380174
11,PLAND,2018,3,-0.07562078
11,PLAND,2018,4,-0.11045477
11,PLAND,2019,1,-0.1421067
11,PLAND,2019,2,-0.17060634
11,PLAND,2019,3,-0.19559598
11,PLAND,2019,4,-0.21781903
11,PLAND,2020,1,-0.23775509
11,PLAND,2020,2,-0.25582969
11,PLAND,2020,3,-0.2738892
11,PLAND,2020,4,-0.29141709
11,M2CD,2018,1,0.19074715
11,M2CD,2018,2,0.21010193
11,M2CD,2018,3,0.22726774
11,M2CD,2018,4,0.23165416
11,M2CD,2019,1,0.21253072
11,M2CD,2019,2,0.20157788
11,M2CD,2019,3,0.20316906
11,M2CD,2019,4,0.20733958
11,M2CD,2020,1,0.21809163
11,M2CD,2020,2,0.21876553
11,M2CD,2020,3,0.24601414
11,M2CD,2020,4,0.27316068
11,BGVATGDPV,2018,1,0.02671588
11,BGVATGDPV,2018,2,0.05528993
11,BGVATGDPV,2018,3,0.0848681
11,BGVATGDPV,2018,4,0.1153043
11,BGVATGDPV,2019,1,0.13609434
11,BGVATGDPV,2019,2,0.13423032
11,BGVATGDPV,2019,3,0.1327437
11,BGVATGDPV,2019,4,0.128534
11,BGVATGDPV,2020,1,0.11880784
11,BGVATGDPV,2020,2,0.14026259
11,BGVATGDPV,2020,3,0.12141244
11,BGVATGDPV,2020,4,0.10668777
11,SBGVATGDPV,2018,1,-0.63782352
11,SBGVATGDPV,2018,2,-0.78527571
11,SBGVATGDPV,2018,3,-0.96480691
11,SBGVATGDPV,2018,4,-1.12981135
11,SBGVATGDPV,2019,1,-1.1780629
11,SBGVATGDPV,2019,2,-1.24396799
11,SBGVATGDPV,2019,3,-1.29856642
11,SBGVATGDPV,2019,4,-1.35761264
11,SBGVATGDPV,2020,1,-1.38016353
11,SBGVATGDPV,2020,2,-1.48131023
11,SBGVATGDPV,2020,3,-1.48588576
11,SBGVATGDPV,2020,4,-1.53551049
11,BCVATGDPV,2018,1,0.2183998
11,BCVATGDPV,2018,2,0.21016601
11,BCVATGDPV,2018,3,0.19378999
11,BCVATGDPV,2018,4,0.17620511
11,BCVATGDPV,2019,1,0.1568287
11,BCVATGDPV,2019,2,0.1451968
11,BCVATGDPV,2019,3,0.10842653
11,BCVATGDPV,2019,4,0.0738075
11,BCVATGDPV,2020,1,0.04223834
11,BCVATGDPV,2020,2,-0.01062919
11,BCVATGDPV,2020,3,-0.03121608
11,BCVATGDPV,2020,4,-0.01813795
11,KFP,2018,1,0.00602089
11,KFP,2018,2,0.01810511
11,KFP,2018,3,0.03538355
11,KFP,2018,4,0.05808261
11,KFP,2019,1,0.07869545
11,KFP,2019,2,0.09669527
11,KFP,2019,3,0.11223061
11,KFP,2019,4,0.12427673
11,KFP,2020,1,0.13457715
11,KFP,2020,2,0.14269465
11,KFP,2020,3,0.14986648
11,KFP,2020,4,0.15652678
11,KHP,2018,1,0.0004002
11,KHP,2018,2,0.00100129
11,KHP,2018,3,0.00203757
11,KHP,2018,4,0.00347849
11,KHP,2019,1,0.00512618
11,KHP,2019,2,0.00713479
11,KHP,2019,3,0.00917084
11,KHP,2019,4,0.01123932
11,KHP,2020,1,0.013047
11,KHP,2020,2,0.01456759
11,KHP,2020,3,0.01585865
11,KHP,2020,4,0.01691355
11,KG,2018,1,-0.0
11,KG,2018,2,0.0
11,KG,2018,3,0.0
11,KG,2018,4,0.0
11,KG,2019,1,0.0
11,KG,2019,2,0.0
11,KG,2019,3,0.0
11,KG,2019,4,-0.0
11,KG,2020,1,0.0
11,KG,2020,2,-0.0
11,KG,2020,3,0.0
11,KG,2020,4,0.0
11,BCVATGDPV,2018,0,0.19964023
11,BCVATGDPV,2019,0,0.12106488
11,BCVATGDPV,2020,0,-0.00443622
11,BGVATGDPV,2018,0,0.07054455
11,BGVATGDPV,2019,0,0.13290059
11,BGVATGDPV,2020,0,0.12179266
11,CG,2018,0,0.0
11,CG,2019,0,0.0
11,CG,2020,0,0.0
11,CGPI,2018,0,0.01177664
11,CGPI,2019,0,0.05524464
11,CGPI,2020,0,0.10655739
11,CGV,2018,0,0.00177435
11,CGV,2019,0,0.03877165
11,CGV,2020,0,0.11327869
11,CP,2018,0,0.07990513
11,CP,2019,0,0.19484326
11,CP,2020,0,0.15874599
11,CPV,2018,0,0.08554286
11,CPV,2019,0,0.26134148
11,CPV,2020,0,0.31524575
11,CUX,2018,0,0.59327799
11,CUX,2019,0,0.64783196
11,CUX,2020,0,0.54387642
11,FXS,2018,0,-0.01737291
11,FXS,2019,0,-0.08182802
11,FXS,2020,0,-0.16492175
11,GDP,2018,0,0.33632709
11,GDP,2019,0,0.39675793
11,GDP,2020,0,0.32860372
11,GDPD,2018,0,0.41068624
11,GDPD,2019,0,-0.03100111
11,GDPD,2020,0,-0.06197794
11,GDPGAP,2018,0,0.2972402
11,GDPGAP,2019,0,0.32250813
11,GDPGAP,2020,0,0.24850042
11,GDPPOT,2018,0,0.04610811
11,GDPPOT,2019,0,0.0788174
11,GDPPOT,2020,0,0.07209804
11,GDPV,2018,0,0.37485544
11,GDPV,2019,0,0.4893529
11,GDPV,2020,0,0.49839133
11,IFP,2018,0,0.47797293
11,IFP,2019,0,0.61412534
11,IFP,2020,0,0.40933841
11,IFPV,2018,0,0.55701922
11,IFPV,2019,0,0.78832547
11,IFPV,2020,0,0.66117621
11,IG,2018,0,0.0
11,IG,2019,0,0.0
11,IG,2020,0,0.0
11,IGV,2018,0,0.06989044
11,IGV,2019,0,0.17062797
11,IGV,2020,0,0.26717625
11,IHP,2018,0,0.06746558
11,IHP,2019,0,0.14860117
11,IHP,2020,0,0.1246486
11,IHPV,2018,0,0.07001287
11,IHPV,2019,0,0.21741476
11,IHPV,2020,0,0.29364139
11,KFP,2018,0,0.02939804
11,KFP,2019,0,0.10297452
11,KFP,2020,0,0.14591627
11,KG,2018,0,0.0
11,KG,2019,0,0.0
11,KG,2020,0,0.0
11,KHP,2018,0,0.00172939
11,KHP,2019,0,0.00816778
11,KHP,2020,0,0.0150967
11,LE,2018,0,0.07691053
11,LE,2019,0,0.08832317
11,LE,2020,0,0.04103301
11,LF,2018,0,0.06715713
11,LF,2019,0,0.07369266
11,LF,2020,0,0.02781653
11,LH,2018,0,0.09095498
11,LH,2019,0,0.09820132
11,LH,2020,0,0.06387869
11,M2CD,2018,0,0.21494275
11,M2CD,2019,0,0.20615431
11,M2CD,2020,0,0.23900799
11,MGS,2018,0,0.10081507
11,MGS,2019,0,0.29084839
11,MGS,2020,0,0.2657556
11,MGSV,2018,0,0.09168481
11,MGSV,2019,0,0.25770066
11,MGSV,2020,0,0.21302388
11,NIV,2018,0,0.49609647
11,NIV,2019,0,0.54304472
11,NIV,2020,0,0.3554469
11,PCP,2018,0,0.00562937
11,PCP,2019,0,0.066367
11,PCP,2020,0,0.15625801
11,PERR,2018,0,0.70940508
11,PERR,2019,0,0.37032888
11,PERR,2020,0,0.68039438
11,PGDP,2018,0,0.03839246
11,PGDP,2019,0,0.09223121
11,PGDP,2020,0,0.16923457
11,PIFP,2018,0,0.0786096
11,PIFP,2019,0,0.17315443
11,PIFP,2020,0,0.25081738
11,PIHP,2018,0,0.00254359
11,PIHP,2019,0,0.06870805
11,PIHP,2020,0,0.1687873
11,PLAND,2018,0,-0.05607931
11,PLAND,2019,0,-0.18153201
11,PLAND,2020,0,-0.26472277
11,PMGS,2018,0,-0.00911553
11,PMGS,2019,0,-0.03305012
11,PMGS,2020,0,-0.05259353
11,PSHARE,2018,0,3.8277817
11,PSHARE,2019,0,2.55254244
11,PSHARE,2020,0,1.90281385
11,PXGS,2018,0,-0.00693777
11,PXGS,2019,0,-0.03268375
11,PXGS,2020,0,-0.06588882
11,RCD,2018,0,0.03698486
11,RCD,2019,0,0.08017907
11,RCD,2020,0,0.08308899
11,RGB,2018,0,0.0174249
11,RGB,2019,0,0.03673949
11,RGB,2020,0,0.04109015
11,SBGVATGDPV,2018,0,-0.87942937
11,SBGVATGDPV,2019,0,-1.26955249
11,SBGVATGDPV,2020,0,-1.4707175
11,TAXV,2018,0,0.30169411
11,TAXV,2019,0,0.67742092
11,TAXV,2020,0,0.58188618
11,TCIV,2018,0,0.1409786
11,TCIV,2019,0,0.28084028
11,TCIV,2020,0,0.30161282
11,TYCV,2018,0,0.52956645
11,TYCV,2019,0,1.39823831
11,TYCV,2020,0,1.02624469
11,TYPV,2018,0,0.37669239
11,TYPV,2019,0,0.63935694
11,TYPV,2020,0,0.55074805
11,UCC,2018,0,-0.7198453
11,UCC,2019,0,-0.58048152
11,UCC,2020,0,-0.34929328
11,UR,2018,0,-0.00950809
11,UR,2019,0,-0.01427939
11,UR,2020,0,-0.01284849
11,WIPH,2018,0,0.17315487
11,WIPH,2019,0,0.22753423
11,WIPH,2020,0,0.20218421
11,XGS,2018,0,1.29941512
11,XGS,2019,0,1.29616598
11,XGS,2020,0,1.28527314
11,XGSV,2018,0,1.29238721
11,XGSV,2019,0,1.26305878
11,XGSV,2020,0,1.21853783
11,YCV,2018,0,1.22410195
11,YCV,2019,0,0.95716276
11,YCV,2020,0,0.25613752
11,YDV,2018,0,0.32302309
11,YDV,2019,0,0.4305965
11,YDV,2020,0,0.33728184
11,YWV,2018,0,0.32389475
11,YWV,2019,0,0.39321751
11,YWV,2020,0,0.29117226
