scenario,variable,year,quarter,value
1,GDP,2018,1,1.0
1,CP,2018,1,0.0
1,IFP,2018,1,-0.04
1,IHP,2018,1,0.1
1,IG,2018,1,20.17
1,CG,2018,1,0.0
1,XGS,2018,1,0.0
1,MGS,2018,1,0.12
1,GDP,2018,2,1.05
1,CP,2018,2,0.15
1,IFP,2018,2,-0.1
1,IHP,2018,2,0.14
1,IG,2018,2,19.86
1,CG,2018,2,0.03
1,XGS,2018,2,0.0
1,MGS,2018,2,0.23
1,GDP,2018,3,1.14
1,CP,2018,3,0.38
1,IFP,2018,3,-0.14
1,IHP,2018,3,0.25
1,IG,2018,3,19.99
1,CG,2018,3,0.06
1,XGS,2018,3,0.0
1,MGS,2018,3,0.5
1,GDP,2018,4,1.14
1,CP,2018,4,0.46
1,IFP,2018,4,-0.23
1,IHP,2018,4,0.33
1,IG,2018,4,20.28
1,CG,2018,4,0.09
1,XGS,2018,4,0.0
1,MGS,2018,4,0.72
1,GDP,2019,1,1.14
1,CP,2019,1,0.5
1,IFP,2019,1,-0.36
1,IHP,2019,1,0.37
1,IG,2019,1,19.95
1,CG,2019,1,0.12
1,XGS,2019,1,0.0
1,MGS,2019,1,0.81
1,GDP,2019,2,1.12
1,CP,2019,2,0.53
1,IFP,2019,2,-0.54
1,IHP,2019,2,0.44
1,IG,2019,2,20.04
1,CG,2019,2,0.15
1,XGS,2019,2,-0.01
1,MGS,2019,2,0.85
1,GDP,2019,3,1.09
1,CP,2019,3,0.54
1,IFP,2019,3,-0.74
1,IHP,2019,3,0.46
1,IG,2019,3,19.82
1,CG,2019,3,0.17
1,XGS,2019,3,-0.01
1,MGS,2019,3,0.88
1,GDP,2019,4,1.08
1,CP,2019,4,0.56
1,IFP,2019,4,-0.93
1,IHP,2019,4,0.49
1,IG,2019,4,19.14
1,CG,2019,4,0.2
1,XGS,2019,4,-0.02
1,MGS,2019,4,0.91
1,GDP,2020,1,1.06
1,CP,2020,1,0.56
1,IFP,2020,1,-1.07
1,IHP,2020,1,0.48
1,IG,2020,1,19.41
1,CG,2020,1,0.22
1,XGS,2020,1,-0.03
1,MGS,2020,1,0.93
1,GDP,2020,2,1.04
1,CP,2020,2,0.56
1,IFP,2020,2,-1.19
1,IHP,2020,2,0.44
1,IG,2020,2,17.23
1,CG,2020,2,0.25
1,XGS,2020,2,-0.04
1,MGS,2020,2,0.91
1,GDP,2020,3,1.04
1,CP,2020,3,0.51
1,IFP,2020,3,-1.28
1,IHP,2020,3,0.44
1,IG,2020,3,17.96
1,CG,2020,3,0.27
1,XGS,2020,3,-0.05
1,MGS,2020,3,0.91
1,GDP,2020,4,1.02
1,CP,2020,4,0.49
1,IFP,2020,4,-1.33
1,IHP,2020,4,0.41
1,IG,2020,4,17.91
1,CG,2020,4,0.29
1,XGS,2020,4,-0.06
1,MGS,2020,4,0.88
1,GDP,2018,0,1.08
1,CP,2018,0,0.25
1,IFP,2018,0,-0.13
1,IHP,2018,0,0.2
1,IG,2018,0,20.08
1,CG,2018,0,0.04
1,XGS,2018,0,0.0
1,MGS,2018,0,0.39
1,GDP,2019,0,1.11
1,CP,2019,0,0.53
1,IFP,2019,0,-0.64
1,IHP,2019,0,0.44
1,IG,2019,0,19.74
1,CG,2019,0,0.16
1,XGS,2019,0,-0.01
1,MGS,2019,0,0.86
1,GDP,2020,0,1.04
1,CP,2020,0,0.53
1,IFP,2020,0,-1.22
1,IHP,2020,0,0.44
1,IG,2020,0,18.13
1,CG,2020,0,0.26
1,XGS,2020,0,-0.04
1,MGS,2020,0,0.91
1,GDPD,2018,1,4.0
1,PGDP,2018,1,0.04
1,PCP,2018,1,0.0
1,PIFP,2018,1,0.16
1,PIHP,2018,1,-0.01
1,PXGS,2018,1,-0.01
1,PMGS,2018,1,0.0
1,CGPI,2018,1,0.0
1,GDPD,2018,2,0.22
1,PGDP,2018,2,0.07
1,PCP,2018,2,0.0
1,PIFP,2018,2,0.23
1,PIHP,2018,2,-0.01
1,PXGS,2018,2,-0.01
1,PMGS,2018,2,-0.01
1,CGPI,2018,2,0.04
1,GDPD,2018,3,0.34
1,PGDP,2018,3,0.1
1,PCP,2018,3,0.02
1,PIFP,2018,3,0.3
1,PIHP,2018,3,0.01
1,PXGS,2018,3,-0.03
1,PMGS,2018,3,-0.03
1,CGPI,2018,3,0.05
1,GDPD,2018,4,-0.01
1,PGDP,2018,4,0.15
1,PCP,2018,4,0.06
1,PIFP,2018,4,0.36
1,PIHP,2018,4,0.06
1,PXGS,2018,4,-0.04
1,PMGS,2018,4,-0.06
1,CGPI,2018,4,0.08
1,GDPD,2019,1,-0.01
1,PGDP,2019,1,0.21
1,PCP,2019,1,0.12
1,PIFP,2019,1,0.44
1,PIHP,2019,1,0.12
1,PXGS,2019,1,-0.06
1,PMGS,2019,1,-0.05
1,CGPI,2019,1,0.11
1,GDPD,2019,2,-0.05
1,PGDP,2019,2,0.28
1,PCP,2019,2,0.19
1,PIFP,2019,2,0.51
1,PIHP,2019,2,0.19
1,PXGS,2019,2,-0.09
1,PMGS,2019,2,-0.09
1,CGPI,2019,2,0.15
1,GDPD,2019,3,-0.13
1,PGDP,2019,3,0.35
1,PCP,2019,3,0.26
1,PIFP,2019,3,0.59
1,PIHP,2019,3,0.27
1,PXGS,2019,3,-0.11
1,PMGS,2019,3,-0.1
1,CGPI,2019,3,0.19
1,GDPD,2019,4,-0.05
1,PGDP,2019,4,0.42
1,PCP,2019,4,0.33
1,PIFP,2019,4,0.66
1,PIHP,2019,4,0.35
1,PXGS,2019,4,-0.13
1,PMGS,2019,4,-0.12
1,CGPI,2019,4,0.23
1,GDPD,2020,1,-0.06
1,PGDP,2020,1,0.49
1,PCP,2020,1,0.4
1,PIFP,2020,1,0.73
1,PIHP,2020,1,0.43
1,PXGS,2020,1,-0.16
1,PMGS,2020,1,-0.14
1,CGPI,2020,1,0.26
1,GDPD,2020,2,-0.06
1,PGDP,2020,2,0.56
1,PCP,2020,2,0.47
1,PIFP,2020,2,0.8
1,PIHP,2020,2,0.51
1,PXGS,2020,2,-0.18
1,PMGS,2020,2,-0.11
1,CGPI,2020,2,0.31
1,GDPD,2020,3,-0.02
1,PGDP,2020,3,0.62
1,PCP,2020,3,0.54
1,PIFP,2020,3,0.88
1,PIHP,2020,3,0.58
1,PXGS,2020,3,-0.21
1,PMGS,2020,3,-0.14
1,CGPI,2020,3,0.35
1,GDPD,2020,4,-0.08
1,PGDP,2020,4,0.69
1,PCP,2020,4,0.61
1,PIFP,2020,4,0.97
1,PIHP,2020,4,0.66
1,PXGS,2020,4,-0.23
1,PMGS,2020,4,-0.17
1,CGPI,2020,4,0.39
1,GDPD,2018,0,1.14
1,PGDP,2018,0,0.09
1,PCP,2018,0,0.02
1,PIFP,2018,0,0.26
1,PIHP,2018,0,0.01
1,PXGS,2018,0,-0.02
1,PMGS,2018,0,-0.03
1,CGPI,2018,0,0.04
1,GDPD,2019,0,-0.06
1,PGDP,2019,0,0.31
1,PCP,2019,0,0.22
1,PIFP,2019,0,0.55
1,PIHP,2019,0,0.23
1,PXGS,2019,0,-0.1
1,PMGS,2019,0,-0.09
1,CGPI,2019,0,0.17
1,GDPD,2020,0,-0.06
1,PGDP,2020,0,0.59
1,PCP,2020,0,0.51
1,PIFP,2020,0,0.85
1,PIHP,2020,0,0.54
1,PXGS,2020,0,-0.2
1,PMGS,2020,0,-0.14
1,CGPI,2020,0,0.33
1,GDPV,2018,1,1.04
1,CPV,2018,1,0.0
1,IFPV,2018,1,0.11
1,IHPV,2018,1,0.09
1,IGV,2018,1,20.34
1,CGV,2018,1,0.0
1,XGSV,2018,1,-0.01
1,MGSV,2018,1,0.11
1,GDPV,2018,2,1.12
1,CPV,2018,2,0.15
1,IFPV,2018,2,0.13
1,IHPV,2018,2,0.13
1,IGV,2018,2,20.1
1,CGV,2018,2,0.03
1,XGSV,2018,2,-0.01
1,MGSV,2018,2,0.22
1,GDPV,2018,3,1.24
1,CPV,2018,3,0.4
1,IFPV,2018,3,0.16
1,IHPV,2018,3,0.26
1,IGV,2018,3,20.32
1,CGV,2018,3,0.06
1,XGSV,2018,3,-0.03
1,MGSV,2018,3,0.47
1,GDPV,2018,4,1.29
1,CPV,2018,4,0.53
1,IFPV,2018,4,0.13
1,IHPV,2018,4,0.38
1,IGV,2018,4,20.68
1,CGV,2018,4,0.11
1,XGSV,2018,4,-0.05
1,MGSV,2018,4,0.66
1,GDPV,2019,1,1.34
1,CPV,2019,1,0.63
1,IFPV,2019,1,0.08
1,IHPV,2019,1,0.49
1,IGV,2019,1,20.46
1,CGV,2019,1,0.17
1,XGSV,2019,1,-0.07
1,MGSV,2019,1,0.75
1,GDPV,2019,2,1.4
1,CPV,2019,2,0.72
1,IFPV,2019,2,-0.04
1,IHPV,2019,2,0.64
1,IGV,2019,2,20.65
1,CGV,2019,2,0.24
1,XGSV,2019,2,-0.09
1,MGSV,2019,2,0.76
1,GDPV,2019,3,1.44
1,CPV,2019,3,0.8
1,IFPV,2019,3,-0.16
1,IHPV,2019,3,0.73
1,IGV,2019,3,20.53
1,CGV,2019,3,0.32
1,XGSV,2019,3,-0.12
1,MGSV,2019,3,0.78
1,GDPV,2019,4,1.5
1,CPV,2019,4,0.89
1,IFPV,2019,4,-0.28
1,IHPV,2019,4,0.84
1,IGV,2019,4,19.95
1,CGV,2019,4,0.4
1,XGSV,2019,4,-0.15
1,MGSV,2019,4,0.79
1,GDPV,2020,1,1.56
1,CPV,2020,1,0.96
1,IFPV,2020,1,-0.35
1,IHPV,2020,1,0.9
1,IGV,2020,1,20.33
1,CGV,2020,1,0.48
1,XGSV,2020,1,-0.19
1,MGSV,2020,1,0.79
1,GDPV,2020,2,1.61
1,CPV,2020,2,1.03
1,IFPV,2020,2,-0.4
1,IHPV,2020,2,0.95
1,IGV,2020,2,18.23
1,CGV,2020,2,0.57
1,XGSV,2020,2,-0.22
1,MGSV,2020,2,0.81
1,GDPV,2020,3,1.67
1,CPV,2020,3,1.06
1,IFPV,2020,3,-0.4
1,IHPV,2020,3,1.02
1,IGV,2020,3,19.08
1,CGV,2020,3,0.65
1,XGSV,2020,3,-0.25
1,MGSV,2020,3,0.76
1,GDPV,2020,4,1.72
1,CPV,2020,4,1.11
1,IFPV,2020,4,-0.38
1,IHPV,2020,4,1.07
1,IGV,2020,4,19.14
1,CGV,2020,4,0.73
1,XGSV,2020,4,-0.29
1,MGSV,2020,4,0.71
1,GDPV,2018,0,1.18
1,CPV,2018,0,0.27
1,IFPV,2018,0,0.13
1,IHPV,2018,0,0.22
1,IGV,2018,0,20.36
1,CGV,2018,0,0.05
1,XGSV,2018,0,-0.02
1,MGSV,2018,0,0.37
1,GDPV,2019,0,1.42
1,CPV,2019,0,0.76
1,IFPV,2019,0,-0.1
1,IHPV,2019,0,0.68
1,IGV,2019,0,20.4
1,CGV,2019,0,0.28
1,XGSV,2019,0,-0.11
1,MGSV,2019,0,0.77
1,GDPV,2020,0,1.64
1,CPV,2020,0,1.04
1,IFPV,2020,0,-0.38
1,IHPV,2020,0,0.99
1,IGV,2020,0,19.2
1,CGV,2020,0,0.61
1,XGSV,2020,0,-0.24
1,MGSV,2020,0,0.77
1,NIV,2018,1,1.41
1,YWV,2018,1,0.82
1,YCV,2018,1,4.91
1,YDV,2018,1,0.67
1,TAXV,2018,1,0.47
1,TYPV,2018,1,0.75
1,TYCV,2018,1,0.15
1,TCIV,2018,1,0.96
1,NIV,2018,2,1.42
1,YWV,2018,2,0.99
1,YCV,2018,2,3.43
1,YDV,2018,2,0.96
1,TAXV,2018,2,0.97
1,TYPV,2018,2,1.04
1,TYCV,2018,2,1.46
1,TCIV,2018,2,1.05
1,NIV,2018,3,1.52
1,YWV,2018,3,1.08
1,YCV,2018,3,3.63
1,YDV,2018,3,1.03
1,TAXV,2018,3,1.4
1,TYPV,2018,3,1.36
1,TYCV,2018,3,2.46
1,TCIV,2018,3,1.2
1,NIV,2018,4,1.55
1,YWV,2018,4,1.22
1,YCV,2018,4,3.15
1,YDV,2018,4,1.18
1,TAXV,2018,4,1.82
1,TYPV,2018,4,1.65
1,TYCV,2018,4,3.49
1,TCIV,2018,4,1.27
1,NIV,2019,1,1.62
1,YWV,2019,1,1.14
1,YCV,2019,1,3.71
1,YDV,2019,1,1.15
1,TAXV,2019,1,2.14
1,TYPV,2019,1,1.8
1,TYCV,2019,1,4.46
1,TCIV,2019,1,1.33
1,NIV,2019,2,1.6
1,YWV,2019,2,1.23
1,YCV,2019,2,2.92
1,YDV,2019,2,1.27
1,TAXV,2019,2,2.13
1,TYPV,2019,2,1.88
1,TYCV,2019,2,4.23
1,TCIV,2019,2,1.39
1,NIV,2019,3,1.62
1,YWV,2019,3,1.22
1,YCV,2019,3,3.0
1,YDV,2019,3,1.27
1,TAXV,2019,3,2.16
1,TYPV,2019,3,1.93
1,TYCV,2019,3,4.18
1,TCIV,2019,3,1.42
1,NIV,2019,4,1.53
1,YWV,2019,4,1.28
1,YCV,2019,4,2.2
1,YDV,2019,4,1.33
1,TAXV,2019,4,2.19
1,TYPV,2019,4,1.94
1,TYCV,2019,4,4.07
1,TCIV,2019,4,1.47
1,NIV,2020,1,1.49
1,YWV,2020,1,1.23
1,YCV,2020,1,1.97
1,YDV,2020,1,1.32
1,TAXV,2020,1,2.22
1,TYPV,2020,1,2.0
1,TYCV,2020,1,3.94
1,TCIV,2020,1,1.51
1,NIV,2020,2,1.65
1,YWV,2020,2,1.27
1,YCV,2020,2,5.37
1,YDV,2020,2,1.19
1,TAXV,2020,2,2.09
1,TYPV,2020,2,1.94
1,TYCV,2020,2,3.52
1,TCIV,2020,2,1.53
1,NIV,2020,3,1.46
1,YWV,2020,3,1.27
1,YCV,2020,3,1.39
1,YDV,2020,3,1.32
1,TAXV,2020,3,2.17
1,TYPV,2020,3,1.99
1,TYCV,2020,3,3.72
1,TCIV,2020,3,1.6
1,NIV,2020,4,1.53
1,YWV,2020,4,1.36
1,YCV,2020,4,1.53
1,YDV,2020,4,1.42
1,TAXV,2020,4,2.13
1,TYPV,2020,4,2.02
1,TYCV,2020,4,3.36
1,TCIV,2020,4,1.68
1,NIV,2018,0,1.47
1,YWV,2018,0,1.03
1,YCV,2018,0,3.78
1,YDV,2018,0,0.96
1,TAXV,2018,0,1.16
1,TYPV,2018,0,1.2
1,TYCV,2018,0,1.89
1,TCIV,2018,0,1.12
1,NIV,2019,0,1.59
1,YWV,2019,0,1.22
1,YCV,2019,0,2.96
1,YDV,2019,0,1.25
1,TAXV,2019,0,2.16
1,TYPV,2019,0,1.89
1,TYCV,2019,0,4.24
1,TCIV,2019,0,1.4
1,NIV,2020,0,1.53
1,YWV,2020,0,1.28
1,YCV,2020,0,2.56
1,YDV,2020,0,1.31
1,TAXV,2020,0,2.15
1,TYPV,2020,0,1.99
1,TYCV,2020,0,3.63
1,TCIV,2020,0,1.58
1,WIPH,2018,1,0.42
1,LE,2018,1,0.18
1,LF,2018,1,0.16
1,LH,2018,1,0.27
1,UR,2018,1,-0.02
1,CUX,2018,1,1.95
1,GDPPOT,2018,1,0.1
1,GDPGAP,2018,1,0.91
1,WIPH,2018,2,0.52
1,LE,2018,2,0.23
1,LF,2018,2,0.2
1,LH,2018,2,0.29
1,UR,2018,2,-0.03
1,CUX,2018,2,1.97
1,GDPPOT,2018,2,0.12
1,GDPGAP,2018,2,0.94
1,WIPH,2018,3,0.57
1,LE,2018,3,0.26
1,LF,2018,3,0.23
1,LH,2018,3,0.31
1,UR,2018,3,-0.03
1,CUX,2018,3,2.08
1,GDPPOT,2018,3,0.13
1,GDPGAP,2018,3,1.0
1,WIPH,2018,4,0.67
1,LE,2018,4,0.3
1,LF,2018,4,0.26
1,LH,2018,4,0.31
1,UR,2018,4,-0.04
1,CUX,2018,4,2.0
1,GDPPOT,2018,4,0.15
1,GDPGAP,2018,4,0.98
1,WIPH,2019,1,0.63
1,LE,2019,1,0.26
1,LF,2019,1,0.22
1,LH,2019,1,0.31
1,UR,2019,1,-0.04
1,CUX,2019,1,2.09
1,GDPPOT,2019,1,0.13
1,GDPGAP,2019,1,1.01
1,WIPH,2019,2,0.71
1,LE,2019,2,0.27
1,LF,2019,2,0.23
1,LH,2019,2,0.31
1,UR,2019,2,-0.04
1,CUX,2019,2,2.05
1,GDPPOT,2019,2,0.13
1,GDPGAP,2019,2,1.0
1,WIPH,2019,3,0.72
1,LE,2019,3,0.25
1,LF,2019,3,0.21
1,LH,2019,3,0.3
1,UR,2019,3,-0.04
1,CUX,2019,3,2.01
1,GDPPOT,2019,3,0.11
1,GDPGAP,2019,3,0.98
1,WIPH,2019,4,0.8
1,LE,2019,4,0.26
1,LF,2019,4,0.22
1,LH,2019,4,0.29
1,UR,2019,4,-0.04
1,CUX,2019,4,1.88
1,GDPPOT,2019,4,0.1
1,GDPGAP,2019,4,0.95
1,WIPH,2020,1,0.79
1,LE,2020,1,0.23
1,LF,2020,1,0.18
1,LH,2020,1,0.28
1,UR,2020,1,-0.04
1,CUX,2020,1,1.94
1,GDPPOT,2020,1,0.07
1,GDPGAP,2020,1,0.97
1,WIPH,2020,2,0.86
1,LE,2020,2,0.23
1,LF,2020,2,0.18
1,LH,2020,2,0.25
1,UR,2020,2,-0.04
1,CUX,2020,2,1.66
1,GDPPOT,2020,2,0.06
1,GDPGAP,2020,2,0.9
1,WIPH,2020,3,0.87
1,LE,2020,3,0.2
1,LF,2020,3,0.15
1,LH,2020,3,0.27
1,UR,2020,3,-0.04
1,CUX,2020,3,1.87
1,GDPPOT,2020,3,0.03
1,GDPGAP,2020,3,0.97
1,WIPH,2020,4,0.96
1,LE,2020,4,0.2
1,LF,2020,4,0.15
1,LH,2020,4,0.27
1,UR,2020,4,-0.04
1,CUX,2020,4,1.93
1,GDPPOT,2020,4,0.02
1,GDPGAP,2020,4,0.98
1,WIPH,2018,0,0.55
1,LE,2018,0,0.24
1,LF,2018,0,0.21
1,LH,2018,0,0.29
1,UR,2018,0,-0.03
1,CUX,2018,0,2.0
1,GDPPOT,2018,0,0.12
1,GDPGAP,2018,0,0.96
1,WIPH,2019,0,0.71
1,LE,2019,0,0.26
1,LF,2019,0,0.22
1,LH,2019,0,0.3
1,UR,2019,0,-0.04
1,CUX,2019,0,2.01
1,GDPPOT,2019,0,0.12
1,GDPGAP,2019,0,0.99
1,WIPH,2020,0,0.87
1,LE,2020,0,0.21
1,LF,2020,0,0.17
1,LH,2020,0,0.27
1,UR,2020,0,-0.04
1,CUX,2020,0,1.85
1,GDPPOT,2020,0,0.05
1,GDPGAP,2020,0,0.96
1,RCD,2018,1,0.07
1,RGB,2018,1,0.03
1,PERR,2018,1,-0.24
1,UCC,2018,1,0.01
1,FXS,2018,1,-0.02
1,PSHARE,2018,1,-0.06
1,PLAND,2018,1,0.0
1,M2CD,2018,1,0.76
1,RCD,2018,2,0.1
1,RGB,2018,2,0.05
1,PERR,2018,2,-0.53
1,UCC,2018,2,-0.48
1,FXS,2018,2,-0.04
1,PSHARE,2018,2,-0.57
1,PLAND,2018,2,0.0
1,M2CD,2018,2,0.71
1,RCD,2018,3,0.14
1,RGB,2018,3,0.06
1,PERR,2018,3,-0.93
1,UCC,2018,3,-0.67
1,FXS,2018,3,-0.07
1,PSHARE,2018,3,-1.34
1,PLAND,2018,3,0.01
1,M2CD,2018,3,0.7
1,RCD,2018,4,0.17
1,RGB,2018,4,0.08
1,PERR,2018,4,-1.16
1,UCC,2018,4,-0.6
1,FXS,2018,4,-0.11
1,PSHARE,2018,4,-2.32
1,PLAND,2018,4,0.02
1,M2CD,2018,4,0.62
1,RCD,2019,1,0.2
1,RGB,2019,1,0.09
1,PERR,2019,1,-1.44
1,UCC,2019,1,-0.46
1,FXS,2019,1,-0.16
1,PSHARE,2019,1,-3.33
1,PLAND,2019,1,0.04
1,M2CD,2019,1,0.61
1,RCD,2019,2,0.23
1,RGB,2019,2,0.1
1,PERR,2019,2,-1.58
1,UCC,2019,2,0.09
1,FXS,2019,2,-0.21
1,PSHARE,2019,2,-4.17
1,PLAND,2019,2,0.07
1,M2CD,2019,2,0.59
1,RCD,2019,3,0.24
1,RGB,2019,3,0.11
1,PERR,2019,3,-1.82
1,UCC,2019,3,0.15
1,FXS,2019,3,-0.27
1,PSHARE,2019,3,-4.91
1,PLAND,2019,3,0.11
1,M2CD,2019,3,0.59
1,RCD,2019,4,0.25
1,RGB,2019,4,0.12
1,PERR,2019,4,-2.24
1,UCC,2019,4,0.01
1,FXS,2019,4,-0.33
1,PSHARE,2019,4,-5.5
1,PLAND,2019,4,0.16
1,M2CD,2019,4,0.62
1,RCD,2020,1,0.26
1,RGB,2020,1,0.12
1,PERR,2020,1,-1.91
1,UCC,2020,1,0.11
1,FXS,2020,1,-0.39
1,PSHARE,2020,1,-5.92
1,PLAND,2020,1,0.22
1,M2CD,2020,1,0.68
1,RCD,2020,2,0.26
1,RGB,2020,2,0.13
1,PERR,2020,2,-2.68
1,UCC,2020,2,-0.11
1,FXS,2020,2,-0.46
1,PSHARE,2020,2,-6.22
1,PLAND,2020,2,0.27
1,M2CD,2020,2,0.74
1,RCD,2020,3,0.26
1,RGB,2020,3,0.13
1,PERR,2020,3,-3.74
1,UCC,2020,3,-0.51
1,FXS,2020,3,-0.52
1,PSHARE,2020,3,-6.39
1,PLAND,2020,3,0.33
1,M2CD,2020,3,0.82
1,RCD,2020,4,0.27
1,RGB,2020,4,0.14
1,PERR,2020,4,-4.88
1,UCC,2020,4,-0.84
1,FXS,2020,4,-0.58
1,PSHARE,2020,4,-6.5
1,PLAND,2020,4,0.4
1,M2CD,2020,4,0.87
1,RCD,2018,0,0.12
1,RGB,2018,0,0.06
1,PERR,2018,0,-0.71
1,UCC,2018,0,-0.43
1,FXS,2018,0,-0.06
1,PSHARE,2018,0,-1.07
1,PLAND,2018,0,0.01
1,M2CD,2018,0,0.7
1,RCD,2019,0,0.23
1,RGB,2019,0,0.11
1,PERR,2019,0,-1.77
1,UCC,2019,0,-0.05
1,FXS,2019,0,-0.24
1,PSHARE,2019,0,-4.48
1,PLAND,2019,0,0.1
1,M2CD,2019,0,0.6
1,RCD,2020,0,0.26
1,RGB,2020,0,0.13
1,PERR,2020,0,-3.3
1,UCC,2020,0,-0.34
1,FXS,2020,0,-0.49
1,PSHARE,2020,0,-6.26
1,PLAND,2020,0,0.31
1,M2CD,2020,0,0.78
1,BGVATGDPV,2018,1,-0.6
1,SBGVATGDPV,2018,1,-2.23
1,BCVATGDPV,2018,1,-0.06
1,KFP,2018,1,0.0
1,KHP,2018,1,0.0
1,KG,2018,1,0.18
1,BGVATGDPV,2018,2,-0.51
1,SBGVATGDPV,2018,2,-2.29
1,BCVATGDPV,2018,2,-0.09
1,KFP,2018,2,0.0
1,KHP,2018,2,0.0
1,KG,2018,2,0.36
1,BGVATGDPV,2018,3,-0.43
1,SBGVATGDPV,2018,3,-2.45
1,BCVATGDPV,2018,3,-0.14
1,KFP,2018,3,-0.01
1,KHP,2018,3,0.01
1,KG,2018,3,0.53
1,BGVATGDPV,2018,4,-0.35
1,SBGVATGDPV,2018,4,-2.52
1,BCVATGDPV,2018,4,-0.19
1,KFP,2018,4,-0.02
1,KHP,2018,4,0.01
1,KG,2018,4,0.7
1,BGVATGDPV,2019,1,-0.32
1,SBGVATGDPV,2019,1,-2.55
1,BCVATGDPV,2019,1,-0.21
1,KFP,2019,1,-0.03
1,KHP,2019,1,0.01
1,KG,2019,1,0.87
1,BGVATGDPV,2019,2,-0.35
1,SBGVATGDPV,2019,2,-2.61
1,BCVATGDPV,2019,2,-0.23
1,KFP,2019,2,-0.04
1,KHP,2019,2,0.02
1,KG,2019,2,1.04
1,BGVATGDPV,2019,3,-0.36
1,SBGVATGDPV,2019,3,-2.62
1,BCVATGDPV,2019,3,-0.27
1,KFP,2019,3,-0.06
1,KHP,2019,3,0.03
1,KG,2019,3,1.21
1,BGVATGDPV,2019,4,-0.34
1,SBGVATGDPV,2019,4,-2.7
1,BCVATGDPV,2019,4,-0.32
1,KFP,2019,4,-0.09
1,KHP,2019,4,0.03
1,KG,2019,4,1.37
1,BGVATGDPV,2020,1,-0.31
1,SBGVATGDPV,2020,1,-2.69
1,BCVATGDPV,2020,1,-0.36
1,KFP,2020,1,-0.12
1,KHP,2020,1,0.04
1,KG,2020,1,1.53
1,BGVATGDPV,2020,2,-0.29
1,SBGVATGDPV,2020,2,-3.06
1,BCVATGDPV,2020,2,-0.36
1,KFP,2020,2,-0.15
1,KHP,2020,2,0.04
1,KG,2020,2,1.67
1,BGVATGDPV,2020,3,-0.26
1,SBGVATGDPV,2020,3,-3.03
1,BCVATGDPV,2020,3,-0.42
1,KFP,2020,3,-0.18
1,KHP,2020,3,0.05
1,KG,2020,3,1.82
1,BGVATGDPV,2020,4,-0.26
1,SBGVATGDPV,2020,4,-3.04
1,BCVATGDPV,2020,4,-0.45
1,KFP,2020,4,-0.22
1,KHP,2020,4,0.05
1,KG,2020,4,1.97
1,BGVATGDPV,2018,0,-0.47
1,SBGVATGDPV,2018,0,-2.37
1,BCVATGDPV,2018,0,-0.12
1,KFP,2018,0,-0.01
1,KHP,2018,0,0.01
1,KG,2018,0,0.44
1,BGVATGDPV,2019,0,-0.34
1,SBGVATGDPV,2019,0,-2.62
1,BCVATGDPV,2019,0,-0.26
1,KFP,2019,0,-0.06
1,KHP,2019,0,0.02
1,KG,2019,0,1.12
1,BGVATGDPV,2020,0,-0.28
1,SBGVATGDPV,2020,0,-2.96
1,BCVATGDPV,2020,0,-0.4
1,KFP,2020,0,-0.17
1,KHP,2020,0,0.05
1,KG,2020,0,1.75
2,GDP,2018,1,1.01
2,CP,2018,1,0.0
2,IFP,2018,1,0.0
2,IHP,2018,1,0.12
2,IG,2018,1,20.17
2,CG,2018,1,0.0
2,XGS,2018,1,0.0
2,MGS,2018,1,0.12
2,GDP,2018,2,1.07
2,CP,2018,2,0.14
2,IFP,2018,2,0.03
2,IHP,2018,2,0.17
2,IG,2018,2,19.86
2,CG,2018,2,0.03
2,XGS,2018,2,0.0
2,MGS,2018,2,0.22
2,GDP,2018,3,1.18
2,CP,2018,3,0.35
2,IFP,2018,3,0.1
2,IHP,2018,3,0.29
2,IG,2018,3,19.99
2,CG,2018,3,0.06
2,XGS,2018,3,0.0
2,MGS,2018,3,0.48
2,GDP,2018,4,1.2
2,CP,2018,4,0.43
2,IFP,2018,4,0.17
2,IHP,2018,4,0.39
2,IG,2018,4,20.28
2,CG,2018,4,0.09
2,XGS,2018,4,0.0
2,MGS,2018,4,0.69
2,GDP,2019,1,1.24
2,CP,2019,1,0.47
2,IFP,2019,1,0.24
2,IHP,2019,1,0.44
2,IG,2019,1,19.95
2,CG,2019,1,0.12
2,XGS,2019,1,0.0
2,MGS,2019,1,0.77
2,GDP,2019,2,1.27
2,CP,2019,2,0.49
2,IFP,2019,2,0.27
2,IHP,2019,2,0.53
2,IG,2019,2,20.04
2,CG,2019,2,0.15
2,XGS,2019,2,0.0
2,MGS,2019,2,0.82
2,GDP,2019,3,1.28
2,CP,2019,3,0.51
2,IFP,2019,3,0.28
2,IHP,2019,3,0.57
2,IG,2019,3,19.82
2,CG,2019,3,0.17
2,XGS,2019,3,0.0
2,MGS,2019,3,0.85
2,GDP,2019,4,1.29
2,CP,2019,4,0.54
2,IFP,2019,4,0.28
2,IHP,2019,4,0.62
2,IG,2019,4,19.14
2,CG,2019,4,0.2
2,XGS,2019,4,0.0
2,MGS,2019,4,0.9
2,GDP,2020,1,1.32
2,CP,2020,1,0.56
2,IFP,2020,1,0.29
2,IHP,2020,1,0.63
2,IG,2020,1,19.41
2,CG,2020,1,0.22
2,XGS,2020,1,0.0
2,MGS,2020,1,0.95
2,GDP,2020,2,1.33
2,CP,2020,2,0.59
2,IFP,2020,2,0.29
2,IHP,2020,2,0.61
2,IG,2020,2,17.23
2,CG,2020,2,0.25
2,XGS,2020,2,0.0
2,MGS,2020,2,0.96
2,GDP,2020,3,1.33
2,CP,2020,3,0.56
2,IFP,2020,3,0.3
2,IHP,2020,3,0.64
2,IG,2020,3,17.96
2,CG,2020,3,0.27
2,XGS,2020,3,0.0
2,MGS,2020,3,0.98
2,GDP,2020,4,1.33
2,CP,2020,4,0.56
2,IFP,2020,4,0.3
2,IHP,2020,4,0.62
2,IG,2020,4,17.91
2,CG,2020,4,0.29
2,XGS,2020,4,0.01
2,MGS,2020,4,0.98
2,GDP,2018,0,1.12
2,CP,2018,0,0.23
2,IFP,2018,0,0.08
2,IHP,2018,0,0.24
2,IG,2018,0,20.08
2,CG,2018,0,0.04
2,XGS,2018,0,0.0
2,MGS,2018,0,0.38
2,GDP,2019,0,1.27
2,CP,2019,0,0.5
2,IFP,2019,0,0.27
2,IHP,2019,0,0.54
2,IG,2019,0,19.74
2,CG,2019,0,0.16
2,XGS,2019,0,0.0
2,MGS,2019,0,0.84
2,GDP,2020,0,1.33
2,CP,2020,0,0.57
2,IFP,2020,0,0.29
2,IHP,2020,0,0.63
2,IG,2020,0,18.13
2,CG,2020,0,0.26
2,XGS,2020,0,0.0
2,MGS,2020,0,0.97
2,GDPD,2018,1,4.03
2,PGDP,2018,1,0.04
2,PCP,2018,1,0.0
2,PIFP,2018,1,0.16
2,PIHP,2018,1,-0.01
2,PXGS,2018,1,0.0
2,PMGS,2018,1,0.0
2,CGPI,2018,1,0.0
2,GDPD,2018,2,0.26
2,PGDP,2018,2,0.07
2,PCP,2018,2,0.01
2,PIFP,2018,2,0.24
2,PIHP,2018,2,0.0
2,PXGS,2018,2,0.0
2,PMGS,2018,2,0.0
2,CGPI,2018,2,0.04
2,GDPD,2018,3,0.41
2,PGDP,2018,3,0.11
2,PCP,2018,3,0.03
2,PIFP,2018,3,0.32
2,PIHP,2018,3,0.02
2,PXGS,2018,3,0.0
2,PMGS,2018,3,0.0
2,CGPI,2018,3,0.06
2,GDPD,2018,4,0.11
2,PGDP,2018,4,0.17
2,PCP,2018,4,0.08
2,PIFP,2018,4,0.39
2,PIHP,2018,4,0.07
2,PXGS,2018,4,0.0
2,PMGS,2018,4,0.0
2,CGPI,2018,4,0.09
2,GDPD,2019,1,0.14
2,PGDP,2019,1,0.22
2,PCP,2019,1,0.14
2,PIFP,2019,1,0.47
2,PIHP,2019,1,0.14
2,PXGS,2019,1,0.01
2,PMGS,2019,1,0.02
2,CGPI,2019,1,0.14
2,GDPD,2019,2,0.11
2,PGDP,2019,2,0.3
2,PCP,2019,2,0.21
2,PIFP,2019,2,0.56
2,PIHP,2019,2,0.22
2,PXGS,2019,2,0.01
2,PMGS,2019,2,0.01
2,CGPI,2019,2,0.18
2,GDPD,2019,3,0.04
2,PGDP,2019,3,0.38
2,PCP,2019,3,0.28
2,PIFP,2019,3,0.64
2,PIHP,2019,3,0.31
2,PXGS,2019,3,0.01
2,PMGS,2019,3,0.03
2,CGPI,2019,3,0.23
2,GDPD,2019,4,0.07
2,PGDP,2019,4,0.46
2,PCP,2019,4,0.36
2,PIFP,2019,4,0.73
2,PIHP,2019,4,0.39
2,PXGS,2019,4,0.01
2,PMGS,2019,4,0.04
2,CGPI,2019,4,0.28
2,GDPD,2020,1,0.09
2,PGDP,2020,1,0.54
2,PCP,2020,1,0.44
2,PIFP,2020,1,0.82
2,PIHP,2020,1,0.48
2,PXGS,2020,1,0.02
2,PMGS,2020,1,0.04
2,CGPI,2020,1,0.33
2,GDPD,2020,2,0.06
2,PGDP,2020,2,0.62
2,PCP,2020,2,0.52
2,PIFP,2020,2,0.89
2,PIHP,2020,2,0.57
2,PXGS,2020,2,0.02
2,PMGS,2020,2,0.1
2,CGPI,2020,2,0.39
2,GDPD,2020,3,0.01
2,PGDP,2020,3,0.69
2,PCP,2020,3,0.61
2,PIFP,2020,3,0.99
2,PIHP,2020,3,0.67
2,PXGS,2020,3,0.03
2,PMGS,2020,3,0.1
2,CGPI,2020,3,0.44
2,GDPD,2020,4,-0.01
2,PGDP,2020,4,0.77
2,PCP,2020,4,0.69
2,PIFP,2020,4,1.08
2,PIHP,2020,4,0.76
2,PXGS,2020,4,0.03
2,PMGS,2020,4,0.1
2,CGPI,2020,4,0.49
2,GDPD,2018,0,1.2
2,PGDP,2018,0,0.1
2,PCP,2018,0,0.03
2,PIFP,2018,0,0.28
2,PIHP,2018,0,0.02
2,PXGS,2018,0,0.0
2,PMGS,2018,0,0.0
2,CGPI,2018,0,0.05
2,GDPD,2019,0,0.09
2,PGDP,2019,0,0.34
2,PCP,2019,0,0.25
2,PIFP,2019,0,0.6
2,PIHP,2019,0,0.27
2,PXGS,2019,0,0.01
2,PMGS,2019,0,0.02
2,CGPI,2019,0,0.21
2,GDPD,2020,0,0.03
2,PGDP,2020,0,0.65
2,PCP,2020,0,0.57
2,PIFP,2020,0,0.95
2,PIHP,2020,0,0.62
2,PXGS,2020,0,0.02
2,PMGS,2020,0,0.09
2,CGPI,2020,0,0.41
2,GDPV,2018,1,1.05
2,CPV,2018,1,0.0
2,IFPV,2018,1,0.16
2,IHPV,2018,1,0.11
2,IGV,2018,1,20.34
2,CGV,2018,1,0.0
2,XGSV,2018,1,0.0
2,MGSV,2018,1,0.12
2,GDPV,2018,2,1.15
2,CPV,2018,2,0.14
2,IFPV,2018,2,0.27
2,IHPV,2018,2,0.17
2,IGV,2018,2,20.11
2,CGV,2018,2,0.03
2,XGSV,2018,2,0.0
2,MGSV,2018,2,0.23
2,GDPV,2018,3,1.29
2,CPV,2018,3,0.39
2,IFPV,2018,3,0.42
2,IHPV,2018,3,0.32
2,IGV,2018,3,20.34
2,CGV,2018,3,0.07
2,XGSV,2018,3,0.0
2,MGSV,2018,3,0.48
2,GDPV,2018,4,1.37
2,CPV,2018,4,0.51
2,IFPV,2018,4,0.56
2,IHPV,2018,4,0.46
2,IGV,2018,4,20.71
2,CGV,2018,4,0.11
2,XGSV,2018,4,0.0
2,MGSV,2018,4,0.68
2,GDPV,2019,1,1.46
2,CPV,2019,1,0.61
2,IFPV,2019,1,0.71
2,IHPV,2019,1,0.59
2,IGV,2019,1,20.5
2,CGV,2019,1,0.18
2,XGSV,2019,1,0.01
2,MGSV,2019,1,0.79
2,GDPV,2019,2,1.57
2,CPV,2019,2,0.71
2,IFPV,2019,2,0.83
2,IHPV,2019,2,0.76
2,IGV,2019,2,20.71
2,CGV,2019,2,0.25
2,XGSV,2019,2,0.01
2,MGSV,2019,2,0.83
2,GDPV,2019,3,1.66
2,CPV,2019,3,0.8
2,IFPV,2019,3,0.93
2,IHPV,2019,3,0.88
2,IGV,2019,3,20.61
2,CGV,2019,3,0.34
2,XGSV,2019,3,0.01
2,MGSV,2019,3,0.88
2,GDPV,2019,4,1.76
2,CPV,2019,4,0.91
2,IFPV,2019,4,1.01
2,IHPV,2019,4,1.02
2,IGV,2019,4,20.03
2,CGV,2019,4,0.42
2,XGSV,2019,4,0.01
2,MGSV,2019,4,0.94
2,GDPV,2020,1,1.86
2,CPV,2020,1,1.01
2,IFPV,2020,1,1.11
2,IHPV,2020,1,1.11
2,IGV,2020,1,20.43
2,CGV,2020,1,0.51
2,XGSV,2020,1,0.02
2,MGSV,2020,1,0.99
2,GDPV,2020,2,1.96
2,CPV,2020,2,1.11
2,IFPV,2020,2,1.19
2,IHPV,2020,2,1.19
2,IGV,2020,2,18.35
2,CGV,2020,2,0.6
2,XGSV,2020,2,0.02
2,MGSV,2020,2,1.07
2,GDPV,2020,3,2.03
2,CPV,2020,3,1.17
2,IFPV,2020,3,1.29
2,IHPV,2020,3,1.31
2,IGV,2020,3,19.22
2,CGV,2020,3,0.69
2,XGSV,2020,3,0.03
2,MGSV,2020,3,1.08
2,GDPV,2020,4,2.11
2,CPV,2020,4,1.25
2,IFPV,2020,4,1.39
2,IHPV,2020,4,1.39
2,IGV,2020,4,19.3
2,CGV,2020,4,0.78
2,XGSV,2020,4,0.04
2,MGSV,2020,4,1.09
2,GDPV,2018,0,1.22
2,CPV,2018,0,0.26
2,IFPV,2018,0,0.35
2,IHPV,2018,0,0.26
2,IGV,2018,0,20.38
2,CGV,2018,0,0.05
2,XGSV,2018,0,0.0
2,MGSV,2018,0,0.38
2,GDPV,2019,0,1.61
2,CPV,2019,0,0.75
2,IFPV,2019,0,0.87
2,IHPV,2019,0,0.81
2,IGV,2019,0,20.46
2,CGV,2019,0,0.3
2,XGSV,2019,0,0.01
2,MGSV,2019,0,0.86
2,GDPV,2020,0,1.99
2,CPV,2020,0,1.14
2,IFPV,2020,0,1.24
2,IHPV,2020,0,1.25
2,IGV,2020,0,19.32
2,CGV,2020,0,0.65
2,XGSV,2020,0,0.03
2,MGSV,2020,0,1.06
2,NIV,2018,1,1.42
2,YWV,2018,1,0.83
2,YCV,2018,1,5.15
2,YDV,2018,1,0.64
2,TAXV,2018,1,0.48
2,TYPV,2018,1,0.75
2,TYCV,2018,1,0.15
2,TCIV,2018,1,0.97
2,NIV,2018,2,1.45
2,YWV,2018,2,1.01
2,YCV,2018,2,3.84
2,YDV,2018,2,0.91
2,TAXV,2018,2,0.99
2,TYPV,2018,2,1.04
2,TYCV,2018,2,1.52
2,TCIV,2018,2,1.07
2,NIV,2018,3,1.6
2,YWV,2018,3,1.09
2,YCV,2018,3,4.27
2,YDV,2018,3,0.98
2,TAXV,2018,3,1.45
2,TYPV,2018,3,1.36
2,TYCV,2018,3,2.63
2,TCIV,2018,3,1.23
2,NIV,2018,4,1.67
2,YWV,2018,4,1.28
2,YCV,2018,4,4.24
2,YDV,2018,4,1.13
2,TAXV,2018,4,1.92
2,TYPV,2018,4,1.66
2,TYCV,2018,4,3.83
2,TCIV,2018,4,1.33
2,NIV,2019,1,1.81
2,YWV,2019,1,1.24
2,YCV,2019,1,5.05
2,YDV,2019,1,1.11
2,TAXV,2019,1,2.33
2,TYPV,2019,1,1.82
2,TYCV,2019,1,5.07
2,TCIV,2019,1,1.43
2,NIV,2019,2,1.85
2,YWV,2019,2,1.39
2,YCV,2019,2,4.49
2,YDV,2019,2,1.26
2,TAXV,2019,2,2.41
2,TYPV,2019,2,1.94
2,TYCV,2019,2,5.13
2,TCIV,2019,2,1.52
2,NIV,2019,3,1.96
2,YWV,2019,3,1.45
2,YCV,2019,3,4.9
2,YDV,2019,3,1.3
2,TAXV,2019,3,2.56
2,TYPV,2019,3,2.03
2,TYCV,2019,3,5.41
2,TCIV,2019,3,1.6
2,NIV,2019,4,1.97
2,YWV,2019,4,1.6
2,YCV,2019,4,4.87
2,YDV,2019,4,1.43
2,TAXV,2019,4,2.71
2,TYPV,2019,4,2.09
2,TYCV,2019,4,5.65
2,TCIV,2019,4,1.68
2,NIV,2020,1,2.02
2,YWV,2020,1,1.62
2,YCV,2020,1,4.43
2,YDV,2020,1,1.47
2,TAXV,2020,1,2.88
2,TYPV,2020,1,2.21
2,TYCV,2020,1,5.87
2,TCIV,2020,1,1.77
2,NIV,2020,2,2.28
2,YWV,2020,2,1.74
2,YCV,2020,2,12.72
2,YDV,2020,2,1.37
2,TAXV,2020,2,2.84
2,TYPV,2020,2,2.2
2,TYCV,2020,2,5.76
2,TCIV,2020,2,1.83
2,NIV,2020,3,2.18
2,YWV,2020,3,1.78
2,YCV,2020,3,5.88
2,YDV,2020,3,1.59
2,TAXV,2020,3,3.1
2,TYPV,2020,3,2.31
2,TYCV,2020,3,6.68
2,TCIV,2020,3,1.92
2,NIV,2020,4,2.26
2,YWV,2020,4,1.9
2,YCV,2020,4,4.95
2,YDV,2020,4,1.71
2,TAXV,2020,4,3.28
2,TYPV,2020,4,2.39
2,TYCV,2020,4,7.06
2,TCIV,2020,4,2.04
2,NIV,2018,0,1.54
2,YWV,2018,0,1.05
2,YCV,2018,0,4.37
2,YDV,2018,0,0.91
2,TAXV,2018,0,1.21
2,TYPV,2018,0,1.2
2,TYCV,2018,0,2.03
2,TCIV,2018,0,1.15
2,NIV,2019,0,1.9
2,YWV,2019,0,1.42
2,YCV,2019,0,4.83
2,YDV,2019,0,1.27
2,TAXV,2019,0,2.5
2,TYPV,2019,0,1.97
2,TYCV,2019,0,5.31
2,TCIV,2019,0,1.56
2,NIV,2020,0,2.19
2,YWV,2020,0,1.76
2,YCV,2020,0,7.0
2,YDV,2020,0,1.53
2,TAXV,2020,0,3.02
2,TYPV,2020,0,2.28
2,TYCV,2020,0,6.34
2,TCIV,2020,0,1.89
2,WIPH,2018,1,0.43
2,LE,2018,1,0.18
2,LF,2018,1,0.16
2,LH,2018,1,0.27
2,UR,2018,1,-0.02
2,CUX,2018,1,1.96
2,GDPPOT,2018,1,0.1
2,GDPGAP,2018,1,0.91
2,WIPH,2018,2,0.54
2,LE,2018,2,0.23
2,LF,2018,2,0.2
2,LH,2018,2,0.29
2,UR,2018,2,-0.03
2,CUX,2018,2,2.0
2,GDPPOT,2018,2,0.12
2,GDPGAP,2018,2,0.96
2,WIPH,2018,3,0.57
2,LE,2018,3,0.26
2,LF,2018,3,0.22
2,LH,2018,3,0.32
2,UR,2018,3,-0.04
2,CUX,2018,3,2.16
2,GDPPOT,2018,3,0.13
2,GDPGAP,2018,3,1.04
2,WIPH,2018,4,0.71
2,LE,2018,4,0.31
2,LF,2018,4,0.27
2,LH,2018,4,0.33
2,UR,2018,4,-0.04
2,CUX,2018,4,2.12
2,GDPPOT,2018,4,0.16
2,GDPGAP,2018,4,1.03
2,WIPH,2019,1,0.69
2,LE,2019,1,0.28
2,LF,2019,1,0.24
2,LH,2019,1,0.34
2,UR,2019,1,-0.04
2,CUX,2019,1,2.26
2,GDPPOT,2019,1,0.15
2,GDPGAP,2019,1,1.09
2,WIPH,2019,2,0.8
2,LE,2019,2,0.31
2,LF,2019,2,0.26
2,LH,2019,2,0.34
2,UR,2019,2,-0.04
2,CUX,2019,2,2.27
2,GDPPOT,2019,2,0.16
2,GDPGAP,2019,2,1.11
2,WIPH,2019,3,0.87
2,LE,2019,3,0.31
2,LF,2019,3,0.26
2,LH,2019,3,0.34
2,UR,2019,3,-0.05
2,CUX,2019,3,2.26
2,GDPPOT,2019,3,0.16
2,GDPGAP,2019,3,1.11
2,WIPH,2019,4,1.01
2,LE,2019,4,0.33
2,LF,2019,4,0.29
2,LH,2019,4,0.34
2,UR,2019,4,-0.05
2,CUX,2019,4,2.13
2,GDPPOT,2019,4,0.18
2,GDPGAP,2019,4,1.08
2,WIPH,2020,1,1.04
2,LE,2020,1,0.32
2,LF,2020,1,0.27
2,LH,2020,1,0.34
2,UR,2020,1,-0.05
2,CUX,2020,1,2.21
2,GDPPOT,2020,1,0.18
2,GDPGAP,2020,1,1.12
2,WIPH,2020,2,1.17
2,LE,2020,2,0.34
2,LF,2020,2,0.29
2,LH,2020,2,0.32
2,UR,2020,2,-0.05
2,CUX,2020,2,1.9
2,GDPPOT,2020,2,0.19
2,GDPGAP,2020,2,1.04
2,WIPH,2020,3,1.22
2,LE,2020,3,0.32
2,LF,2020,3,0.27
2,LH,2020,3,0.33
2,UR,2020,3,-0.05
2,CUX,2020,3,2.1
2,GDPPOT,2020,3,0.18
2,GDPGAP,2020,3,1.11
2,WIPH,2020,4,1.33
2,LE,2020,4,0.32
2,LF,2020,4,0.27
2,LH,2020,4,0.34
2,UR,2020,4,-0.05
2,CUX,2020,4,2.16
2,GDPPOT,2020,4,0.19
2,GDPGAP,2020,4,1.12
2,WIPH,2018,0,0.56
2,LE,2018,0,0.25
2,LF,2018,0,0.21
2,LH,2018,0,0.3
2,UR,2018,0,-0.03
2,CUX,2018,0,2.06
2,GDPPOT,2018,0,0.13
2,GDPGAP,2018,0,0.99
2,WIPH,2019,0,0.84
2,LE,2019,0,0.31
2,LF,2019,0,0.26
2,LH,2019,0,0.34
2,UR,2019,0,-0.04
2,CUX,2019,0,2.23
2,GDPPOT,2019,0,0.16
2,GDPGAP,2019,0,1.1
2,WIPH,2020,0,1.19
2,LE,2020,0,0.32
2,LF,2020,0,0.27
2,LH,2020,0,0.33
2,UR,2020,0,-0.05
2,CUX,2020,0,2.09
2,GDPPOT,2020,0,0.18
2,GDPGAP,2020,0,1.1
2,RCD,2018,1,0.0
2,RGB,2018,1,0.0
2,PERR,2018,1,-0.2
2,UCC,2018,1,-0.26
2,FXS,2018,1,0.0
2,PSHARE,2018,1,0.2
2,PLAND,2018,1,0.0
2,M2CD,2018,1,1.01
2,RCD,2018,2,0.0
2,RGB,2018,2,0.0
2,PERR,2018,2,-0.39
2,UCC,2018,2,-0.95
2,FXS,2018,2,0.0
2,PSHARE,2018,2,0.21
2,PLAND,2018,2,0.0
2,M2CD,2018,2,1.09
2,RCD,2018,3,0.0
2,RGB,2018,3,0.0
2,PERR,2018,3,-0.63
2,UCC,2018,3,-1.42
2,FXS,2018,3,0.0
2,PSHARE,2018,3,0.24
2,PLAND,2018,3,0.0
2,M2CD,2018,3,1.23
2,RCD,2018,4,0.0
2,RGB,2018,4,0.0
2,PERR,2018,4,-0.75
2,UCC,2018,4,-1.71
2,FXS,2018,4,0.01
2,PSHARE,2018,4,0.26
2,PLAND,2018,4,0.0
2,M2CD,2018,4,1.32
2,RCD,2019,1,0.0
2,RGB,2019,1,0.0
2,PERR,2019,1,-0.8
2,UCC,2019,1,-1.83
2,FXS,2019,1,0.01
2,PSHARE,2019,1,0.27
2,PLAND,2019,1,-0.01
2,M2CD,2019,1,1.44
2,RCD,2019,2,0.0
2,RGB,2019,2,0.0
2,PERR,2019,2,-0.82
2,UCC,2019,2,-1.5
2,FXS,2019,2,0.02
2,PSHARE,2019,2,0.29
2,PLAND,2019,2,-0.01
2,M2CD,2019,2,1.56
2,RCD,2019,3,0.0
2,RGB,2019,3,0.0
2,PERR,2019,3,-0.89
2,UCC,2019,3,-1.57
2,FXS,2019,3,0.03
2,PSHARE,2019,3,0.31
2,PLAND,2019,3,-0.01
2,M2CD,2019,3,1.66
2,RCD,2019,4,0.0
2,RGB,2019,4,0.0
2,PERR,2019,4,-1.05
2,UCC,2019,4,-1.72
2,FXS,2019,4,0.03
2,PSHARE,2019,4,0.33
2,PLAND,2019,4,-0.01
2,M2CD,2019,4,1.78
2,RCD,2020,1,0.0
2,RGB,2020,1,0.0
2,PERR,2020,1,-0.82
2,UCC,2020,1,-1.74
2,FXS,2020,1,0.04
2,PSHARE,2020,1,0.35
2,PLAND,2020,1,-0.02
2,M2CD,2020,1,1.9
2,RCD,2020,2,0.0
2,RGB,2020,2,0.0
2,PERR,2020,2,-1.36
2,UCC,2020,2,-1.78
2,FXS,2020,2,0.05
2,PSHARE,2020,2,0.37
2,PLAND,2020,2,-0.02
2,M2CD,2020,2,2.02
2,RCD,2020,3,0.0
2,RGB,2020,3,0.0
2,PERR,2020,3,-1.95
2,UCC,2020,3,-1.98
2,FXS,2020,3,0.07
2,PSHARE,2020,3,0.39
2,PLAND,2020,3,-0.02
2,M2CD,2020,3,2.12
2,RCD,2020,4,0.0
2,RGB,2020,4,0.0
2,PERR,2020,4,-2.19
2,UCC,2020,4,-2.28
2,FXS,2020,4,0.08
2,PSHARE,2020,4,0.41
2,PLAND,2020,4,-0.03
2,M2CD,2020,4,2.22
2,RCD,2018,0,0.0
2,RGB,2018,0,0.0
2,PERR,2018,0,-0.49
2,UCC,2018,0,-1.08
2,FXS,2018,0,0.0
2,PSHARE,2018,0,0.23
2,PLAND,2018,0,0.0
2,M2CD,2018,0,1.16
2,RCD,2019,0,0.0
2,RGB,2019,0,0.0
2,PERR,2019,0,-0.89
2,UCC,2019,0,-1.66
2,FXS,2019,0,0.02
2,PSHARE,2019,0,0.3
2,PLAND,2019,0,-0.01
2,M2CD,2019,0,1.61
2,RCD,2020,0,0.0
2,RGB,2020,0,0.0
2,PERR,2020,0,-1.58
2,UCC,2020,0,-1.94
2,FXS,2020,0,0.06
2,PSHARE,2020,0,0.38
2,PLAND,2020,0,-0.02
2,M2CD,2020,0,2.07
2,BGVATGDPV,2018,1,-0.6
2,SBGVATGDPV,2018,1,-2.25
2,BCVATGDPV,2018,1,-0.06
2,KFP,2018,1,0.0
2,KHP,2018,1,0.0
2,KG,2018,1,0.18
2,BGVATGDPV,2018,2,-0.5
2,SBGVATGDPV,2018,2,-2.34
2,BCVATGDPV,2018,2,-0.08
2,KFP,2018,2,0.0
2,KHP,2018,2,0.0
2,KG,2018,2,0.36
2,BGVATGDPV,2018,3,-0.42
2,SBGVATGDPV,2018,3,-2.56
2,BCVATGDPV,2018,3,-0.13
2,KFP,2018,3,0.0
2,KHP,2018,3,0.01
2,KG,2018,3,0.53
2,BGVATGDPV,2018,4,-0.33
2,SBGVATGDPV,2018,4,-2.72
2,BCVATGDPV,2018,4,-0.16
2,KFP,2018,4,0.01
2,KHP,2018,4,0.01
2,KG,2018,4,0.7
2,BGVATGDPV,2019,1,-0.27
2,SBGVATGDPV,2019,1,-2.86
2,BCVATGDPV,2019,1,-0.19
2,KFP,2019,1,0.02
2,KHP,2019,1,0.02
2,KG,2019,1,0.87
2,BGVATGDPV,2019,2,-0.28
2,SBGVATGDPV,2019,2,-3.03
2,BCVATGDPV,2019,2,-0.2
2,KFP,2019,2,0.02
2,KHP,2019,2,0.02
2,KG,2019,2,1.04
2,BGVATGDPV,2019,3,-0.26
2,SBGVATGDPV,2019,3,-3.18
2,BCVATGDPV,2019,3,-0.2
2,KFP,2019,3,0.03
2,KHP,2019,3,0.03
2,KG,2019,3,1.21
2,BGVATGDPV,2019,4,-0.21
2,SBGVATGDPV,2019,4,-3.39
2,BCVATGDPV,2019,4,-0.22
2,KFP,2019,4,0.04
2,KHP,2019,4,0.04
2,KG,2019,4,1.37
2,BGVATGDPV,2020,1,-0.15
2,SBGVATGDPV,2020,1,-3.53
2,BCVATGDPV,2020,1,-0.23
2,KFP,2020,1,0.05
2,KHP,2020,1,0.05
2,KG,2020,1,1.53
2,BGVATGDPV,2020,2,-0.09
2,SBGVATGDPV,2020,2,-4.12
2,BCVATGDPV,2020,2,-0.21
2,KFP,2020,2,0.05
2,KHP,2020,2,0.05
2,KG,2020,2,1.67
2,BGVATGDPV,2020,3,-0.02
2,SBGVATGDPV,2020,3,-4.17
2,BCVATGDPV,2020,3,-0.23
2,KFP,2020,3,0.06
2,KHP,2020,3,0.06
2,KG,2020,3,1.82
2,BGVATGDPV,2020,4,0.04
2,SBGVATGDPV,2020,4,-4.31
2,BCVATGDPV,2020,4,-0.26
2,KFP,2020,4,0.07
2,KHP,2020,4,0.07
2,KG,2020,4,1.97
2,BGVATGDPV,2018,0,-0.46
2,SBGVATGDPV,2018,0,-2.47
2,BCVATGDPV,2018,0,-0.11
2,KFP,2018,0,0.0
2,KHP,2018,0,0.01
2,KG,2018,0,0.44
2,BGVATGDPV,2019,0,-0.26
2,SBGVATGDPV,2019,0,-3.11
2,BCVATGDPV,2019,0,-0.2
2,KFP,2019,0,0.03
2,KHP,2019,0,0.03
2,KG,2019,0,1.12
2,BGVATGDPV,2020,0,-0.05
2,SBGVATGDPV,2020,0,-4.03
2,BCVATGDPV,2020,0,-0.23
2,KFP,2020,0,0.06
2,KHP,2020,0,0.06
2,KG,2020,0,1.75
3,GDP,2018,1,0.98
3,CP,2018,1,0.0
3,IFP,2018,1,-0.04
3,IHP,2018,1,0.1
3,IG,2018,1,19.83
3,CG,2018,1,0.0
3,XGS,2018,1,0.0
3,MGS,2018,1,0.12
3,GDP,2018,2,1.02
3,CP,2018,2,0.14
3,IFP,2018,2,-0.09
3,IHP,2018,2,0.14
3,IG,2018,2,19.27
3,CG,2018,2,0.03
3,XGS,2018,2,0.0
3,MGS,2018,2,0.23
3,GDP,2018,3,1.1
3,CP,2018,3,0.37
3,IFP,2018,3,-0.14
3,IHP,2018,3,0.24
3,IG,2018,3,19.22
3,CG,2018,3,0.06
3,XGS,2018,3,0.0
3,MGS,2018,3,0.49
3,GDP,2018,4,1.09
3,CP,2018,4,0.45
3,IFP,2018,4,-0.22
3,IHP,2018,4,0.32
3,IG,2018,4,19.33
3,CG,2018,4,0.09
3,XGS,2018,4,0.0
3,MGS,2018,4,0.7
3,GDP,2019,1,1.08
3,CP,2019,1,0.48
3,IFP,2019,1,-0.35
3,IHP,2019,1,0.35
3,IG,2019,1,19.03
3,CG,2019,1,0.11
3,XGS,2019,1,0.0
3,MGS,2019,1,0.78
3,GDP,2019,2,1.06
3,CP,2019,2,0.51
3,IFP,2019,2,-0.53
3,IHP,2019,2,0.43
3,IG,2019,2,18.96
3,CG,2019,2,0.14
3,XGS,2019,2,-0.01
3,MGS,2019,2,0.82
3,GDP,2019,3,1.02
3,CP,2019,3,0.51
3,IFP,2019,3,-0.72
3,IHP,2019,3,0.44
3,IG,2019,3,18.6
3,CG,2019,3,0.17
3,XGS,2019,3,-0.01
3,MGS,2019,3,0.84
3,GDP,2019,4,1.0
3,CP,2019,4,0.53
3,IFP,2019,4,-0.89
3,IHP,2019,4,0.47
3,IG,2019,4,17.77
3,CG,2019,4,0.19
3,XGS,2019,4,-0.02
3,MGS,2019,4,0.86
3,GDP,2020,1,0.98
3,CP,2020,1,0.53
3,IFP,2020,1,-1.03
3,IHP,2020,1,0.45
3,IG,2020,1,17.95
3,CG,2020,1,0.21
3,XGS,2020,1,-0.03
3,MGS,2020,1,0.88
3,GDP,2020,2,0.97
3,CP,2020,2,0.52
3,IFP,2020,2,-1.14
3,IHP,2020,2,0.41
3,IG,2020,2,15.99
3,CG,2020,2,0.24
3,XGS,2020,2,-0.04
3,MGS,2020,2,0.85
3,GDP,2020,3,0.95
3,CP,2020,3,0.48
3,IFP,2020,3,-1.21
3,IHP,2020,3,0.4
3,IG,2020,3,16.49
3,CG,2020,3,0.26
3,XGS,2020,3,-0.05
3,MGS,2020,3,0.84
3,GDP,2020,4,0.92
3,CP,2020,4,0.45
3,IFP,2020,4,-1.26
3,IHP,2020,4,0.37
3,IG,2020,4,16.27
3,CG,2020,4,0.28
3,XGS,2020,4,-0.06
3,MGS,2020,4,0.81
3,GDP,2018,0,1.05
3,CP,2018,0,0.24
3,IFP,2018,0,-0.12
3,IHP,2018,0,0.2
3,IG,2018,0,19.41
3,CG,2018,0,0.04
3,XGS,2018,0,0.0
3,MGS,2018,0,0.38
3,GDP,2019,0,1.04
3,CP,2019,0,0.51
3,IFP,2019,0,-0.62
3,IHP,2019,0,0.42
3,IG,2019,0,18.59
3,CG,2019,0,0.15
3,XGS,2019,0,-0.01
3,MGS,2019,0,0.83
3,GDP,2020,0,0.95
3,CP,2020,0,0.49
3,IFP,2020,0,-1.16
3,IHP,2020,0,0.41
3,IG,2020,0,16.67
3,CG,2020,0,0.25
3,XGS,2020,0,-0.04
3,MGS,2020,0,0.85
3,GDPD,2018,1,3.93
3,PGDP,2018,1,0.04
3,PCP,2018,1,0.0
3,PIFP,2018,1,0.15
3,PIHP,2018,1,-0.01
3,PXGS,2018,1,-0.01
3,PMGS,2018,1,0.0
3,CGPI,2018,1,0.0
3,GDPD,2018,2,0.16
3,PGDP,2018,2,0.07
3,PCP,2018,2,0.0
3,PIFP,2018,2,0.22
3,PIHP,2018,2,-0.01
3,PXGS,2018,2,-0.01
3,PMGS,2018,2,-0.01
3,CGPI,2018,2,0.04
3,GDPD,2018,3,0.3
3,PGDP,2018,3,0.1
3,PCP,2018,3,0.02
3,PIFP,2018,3,0.3
3,PIHP,2018,3,0.01
3,PXGS,2018,3,-0.03
3,PMGS,2018,3,-0.03
3,CGPI,2018,3,0.05
3,GDPD,2018,4,-0.04
3,PGDP,2018,4,0.15
3,PCP,2018,4,0.06
3,PIFP,2018,4,0.35
3,PIHP,2018,4,0.05
3,PXGS,2018,4,-0.04
3,PMGS,2018,4,-0.05
3,CGPI,2018,4,0.07
3,GDPD,2019,1,-0.01
3,PGDP,2019,1,0.2
3,PCP,2019,1,0.12
3,PIFP,2019,1,0.42
3,PIHP,2019,1,0.12
3,PXGS,2019,1,-0.06
3,PMGS,2019,1,-0.05
3,CGPI,2019,1,0.11
3,GDPD,2019,2,-0.08
3,PGDP,2019,2,0.27
3,PCP,2019,2,0.18
3,PIFP,2019,2,0.49
3,PIHP,2019,2,0.19
3,PXGS,2019,2,-0.08
3,PMGS,2019,2,-0.09
3,CGPI,2019,2,0.14
3,GDPD,2019,3,-0.16
3,PGDP,2019,3,0.34
3,PCP,2019,3,0.25
3,PIFP,2019,3,0.56
3,PIHP,2019,3,0.26
3,PXGS,2019,3,-0.1
3,PMGS,2019,3,-0.1
3,CGPI,2019,3,0.18
3,GDPD,2019,4,-0.09
3,PGDP,2019,4,0.4
3,PCP,2019,4,0.32
3,PIFP,2019,4,0.62
3,PIHP,2019,4,0.34
3,PXGS,2019,4,-0.13
3,PMGS,2019,4,-0.11
3,CGPI,2019,4,0.22
3,GDPD,2020,1,-0.08
3,PGDP,2020,1,0.47
3,PCP,2020,1,0.38
3,PIFP,2020,1,0.7
3,PIHP,2020,1,0.41
3,PXGS,2020,1,-0.15
3,PMGS,2020,1,-0.14
3,CGPI,2020,1,0.25
3,GDPD,2020,2,-0.05
3,PGDP,2020,2,0.54
3,PCP,2020,2,0.45
3,PIFP,2020,2,0.76
3,PIHP,2020,2,0.49
3,PXGS,2020,2,-0.17
3,PMGS,2020,2,-0.1
3,CGPI,2020,2,0.3
3,GDPD,2020,3,-0.06
3,PGDP,2020,3,0.59
3,PCP,2020,3,0.52
3,PIFP,2020,3,0.84
3,PIHP,2020,3,0.56
3,PXGS,2020,3,-0.2
3,PMGS,2020,3,-0.13
3,CGPI,2020,3,0.34
3,GDPD,2020,4,-0.12
3,PGDP,2020,4,0.65
3,PCP,2020,4,0.58
3,PIFP,2020,4,0.91
3,PIHP,2020,4,0.63
3,PXGS,2020,4,-0.22
3,PMGS,2020,4,-0.16
3,CGPI,2020,4,0.37
3,GDPD,2018,0,1.09
3,PGDP,2018,0,0.09
3,PCP,2018,0,0.02
3,PIFP,2018,0,0.25
3,PIHP,2018,0,0.01
3,PXGS,2018,0,-0.02
3,PMGS,2018,0,-0.03
3,CGPI,2018,0,0.04
3,GDPD,2019,0,-0.08
3,PGDP,2019,0,0.3
3,PCP,2019,0,0.22
3,PIFP,2019,0,0.52
3,PIHP,2019,0,0.23
3,PXGS,2019,0,-0.09
3,PMGS,2019,0,-0.09
3,CGPI,2019,0,0.16
3,GDPD,2020,0,-0.08
3,PGDP,2020,0,0.56
3,PCP,2020,0,0.48
3,PIFP,2020,0,0.8
3,PIHP,2020,0,0.52
3,PXGS,2020,0,-0.19
3,PMGS,2020,0,-0.13
3,CGPI,2020,0,0.31
3,GDPV,2018,1,1.02
3,CPV,2018,1,0.0
3,IFPV,2018,1,0.11
3,IHPV,2018,1,0.09
3,IGV,2018,1,19.99
3,CGV,2018,1,0.0
3,XGSV,2018,1,-0.01
3,MGSV,2018,1,0.11
3,GDPV,2018,2,1.09
3,CPV,2018,2,0.15
3,IFPV,2018,2,0.13
3,IHPV,2018,2,0.13
3,IGV,2018,2,19.5
3,CGV,2018,2,0.03
3,XGSV,2018,2,-0.01
3,MGSV,2018,2,0.21
3,GDPV,2018,3,1.2
3,CPV,2018,3,0.39
3,IFPV,2018,3,0.16
3,IHPV,2018,3,0.25
3,IGV,2018,3,19.54
3,CGV,2018,3,0.06
3,XGSV,2018,3,-0.03
3,MGSV,2018,3,0.46
3,GDPV,2018,4,1.24
3,CPV,2018,4,0.51
3,IFPV,2018,4,0.13
3,IHPV,2018,4,0.37
3,IGV,2018,4,19.72
3,CGV,2018,4,0.1
3,XGSV,2018,4,-0.04
3,MGSV,2018,4,0.64
3,GDPV,2019,1,1.28
3,CPV,2019,1,0.6
3,IFPV,2019,1,0.07
3,IHPV,2019,1,0.48
3,IGV,2019,1,19.51
3,CGV,2019,1,0.16
3,XGSV,2019,1,-0.07
3,MGSV,2019,1,0.73
3,GDPV,2019,2,1.33
3,CPV,2019,2,0.69
3,IFPV,2019,2,-0.04
3,IHPV,2019,2,0.62
3,IGV,2019,2,19.54
3,CGV,2019,2,0.23
3,XGSV,2019,2,-0.09
3,MGSV,2019,2,0.73
3,GDPV,2019,3,1.36
3,CPV,2019,3,0.76
3,IFPV,2019,3,-0.16
3,IHPV,2019,3,0.7
3,IGV,2019,3,19.28
3,CGV,2019,3,0.31
3,XGSV,2019,3,-0.12
3,MGSV,2019,3,0.74
3,GDPV,2019,4,1.41
3,CPV,2019,4,0.85
3,IFPV,2019,4,-0.27
3,IHPV,2019,4,0.81
3,IGV,2019,4,18.53
3,CGV,2019,4,0.39
3,XGSV,2019,4,-0.15
3,MGSV,2019,4,0.75
3,GDPV,2020,1,1.45
3,CPV,2020,1,0.91
3,IFPV,2020,1,-0.34
3,IHPV,2020,1,0.86
3,IGV,2020,1,18.81
3,CGV,2020,1,0.46
3,XGSV,2020,1,-0.18
3,MGSV,2020,1,0.74
3,GDPV,2020,2,1.51
3,CPV,2020,2,0.97
3,IFPV,2020,2,-0.39
3,IHPV,2020,2,0.9
3,IGV,2020,2,16.92
3,CGV,2020,2,0.54
3,XGSV,2020,2,-0.21
3,MGSV,2020,2,0.75
3,GDPV,2020,3,1.55
3,CPV,2020,3,0.99
3,IFPV,2020,3,-0.39
3,IHPV,2020,3,0.96
3,IGV,2020,3,17.53
3,CGV,2020,3,0.62
3,XGSV,2020,3,-0.24
3,MGSV,2020,3,0.7
3,GDPV,2020,4,1.58
3,CPV,2020,4,1.04
3,IFPV,2020,4,-0.36
3,IHPV,2020,4,1.0
3,IGV,2020,4,17.42
3,CGV,2020,4,0.69
3,XGSV,2020,4,-0.28
3,MGSV,2020,4,0.65
3,GDPV,2018,0,1.14
3,CPV,2018,0,0.26
3,IFPV,2018,0,0.13
3,IHPV,2018,0,0.21
3,IGV,2018,0,19.69
3,CGV,2018,0,0.05
3,XGSV,2018,0,-0.02
3,MGSV,2018,0,0.36
3,GDPV,2019,0,1.35
3,CPV,2019,0,0.73
3,IFPV,2019,0,-0.1
3,IHPV,2019,0,0.65
3,IGV,2019,0,19.22
3,CGV,2019,0,0.27
3,XGSV,2019,0,-0.1
3,MGSV,2019,0,0.74
3,GDPV,2020,0,1.52
3,CPV,2020,0,0.98
3,IFPV,2020,0,-0.37
3,IHPV,2020,0,0.93
3,IGV,2020,0,17.67
3,CGV,2020,0,0.58
3,XGSV,2020,0,-0.23
3,MGSV,2020,0,0.71
3,NIV,2018,1,1.38
3,YWV,2018,1,0.81
3,YCV,2018,1,4.83
3,YDV,2018,1,0.66
3,TAXV,2018,1,0.47
3,TYPV,2018,1,0.74
3,TYCV,2018,1,0.15
3,TCIV,2018,1,0.94
3,NIV,2018,2,1.38
3,YWV,2018,2,0.96
3,YCV,2018,2,3.31
3,YDV,2018,2,0.94
3,TAXV,2018,2,0.95
3,TYPV,2018,2,1.01
3,TYCV,2018,2,1.44
3,TCIV,2018,2,1.02
3,NIV,2018,3,1.47
3,YWV,2018,3,1.05
3,YCV,2018,3,3.48
3,YDV,2018,3,0.99
3,TAXV,2018,3,1.36
3,TYPV,2018,3,1.31
3,TYCV,2018,3,2.4
3,TCIV,2018,3,1.16
3,NIV,2018,4,1.48
3,YWV,2018,4,1.17
3,YCV,2018,4,2.96
3,YDV,2018,4,1.13
3,TAXV,2018,4,1.76
3,TYPV,2018,4,1.59
3,TYCV,2018,4,3.39
3,TCIV,2018,4,1.22
3,NIV,2019,1,1.55
3,YWV,2019,1,1.09
3,YCV,2019,1,3.53
3,YDV,2019,1,1.1
3,TAXV,2019,1,2.06
3,TYPV,2019,1,1.72
3,TYCV,2019,1,4.3
3,TCIV,2019,1,1.28
3,NIV,2019,2,1.52
3,YWV,2019,2,1.17
3,YCV,2019,2,2.72
3,YDV,2019,2,1.21
3,TAXV,2019,2,2.03
3,TYPV,2019,2,1.79
3,TYCV,2019,2,4.05
3,TCIV,2019,2,1.32
3,NIV,2019,3,1.52
3,YWV,2019,3,1.14
3,YCV,2019,3,2.78
3,YDV,2019,3,1.2
3,TAXV,2019,3,2.05
3,TYPV,2019,3,1.83
3,TYCV,2019,3,3.97
3,TCIV,2019,3,1.34
3,NIV,2019,4,1.42
3,YWV,2019,4,1.2
3,YCV,2019,4,1.92
3,YDV,2019,4,1.25
3,TAXV,2019,4,2.06
3,TYPV,2019,4,1.83
3,TYCV,2019,4,3.83
3,TCIV,2019,4,1.38
3,NIV,2020,1,1.37
3,YWV,2020,1,1.14
3,YCV,2020,1,1.73
3,YDV,2020,1,1.22
3,TAXV,2020,1,2.07
3,TYPV,2020,1,1.87
3,TYCV,2020,1,3.67
3,TCIV,2020,1,1.41
3,NIV,2020,2,1.52
3,YWV,2020,2,1.18
3,YCV,2020,2,4.8
3,YDV,2020,2,1.11
3,TAXV,2020,2,1.94
3,TYPV,2020,2,1.81
3,TYCV,2020,2,3.24
3,TCIV,2020,2,1.43
3,NIV,2020,3,1.33
3,YWV,2020,3,1.16
3,YCV,2020,3,1.06
3,YDV,2020,3,1.22
3,TAXV,2020,3,2.0
3,TYPV,2020,3,1.85
3,TYCV,2020,3,3.39
3,TCIV,2020,3,1.48
3,NIV,2020,4,1.38
3,YWV,2020,4,1.24
3,YCV,2020,4,1.22
3,YDV,2020,4,1.31
3,TAXV,2020,4,1.94
3,TYPV,2020,4,1.86
3,TYCV,2020,4,2.98
3,TCIV,2020,4,1.55
3,NIV,2018,0,1.43
3,YWV,2018,0,1.0
3,YCV,2018,0,3.64
3,YDV,2018,0,0.93
3,TAXV,2018,0,1.13
3,TYPV,2018,0,1.16
3,TYCV,2018,0,1.84
3,TCIV,2018,0,1.09
3,NIV,2019,0,1.5
3,YWV,2019,0,1.15
3,YCV,2019,0,2.74
3,YDV,2019,0,1.19
3,TAXV,2019,0,2.05
3,TYPV,2019,0,1.79
3,TYCV,2019,0,4.04
3,TCIV,2019,0,1.33
3,NIV,2020,0,1.4
3,YWV,2020,0,1.18
3,YCV,2020,0,2.2
3,YDV,2020,0,1.22
3,TAXV,2020,0,1.99
3,TYPV,2020,0,1.85
3,TYCV,2020,0,3.32
3,TCIV,2020,0,1.47
3,WIPH,2018,1,0.41
3,LE,2018,1,0.18
3,LF,2018,1,0.16
3,LH,2018,1,0.26
3,UR,2018,1,-0.02
3,CUX,2018,1,1.92
3,GDPPOT,2018,1,0.09
3,GDPGAP,2018,1,0.89
3,WIPH,2018,2,0.51
3,LE,2018,2,0.22
3,LF,2018,2,0.19
3,LH,2018,2,0.28
3,UR,2018,2,-0.03
3,CUX,2018,2,1.91
3,GDPPOT,2018,2,0.11
3,GDPGAP,2018,2,0.91
3,WIPH,2018,3,0.55
3,LE,2018,3,0.25
3,LF,2018,3,0.22
3,LH,2018,3,0.3
3,UR,2018,3,-0.03
3,CUX,2018,3,2.01
3,GDPPOT,2018,3,0.13
3,GDPGAP,2018,3,0.97
3,WIPH,2018,4,0.65
3,LE,2018,4,0.29
3,LF,2018,4,0.25
3,LH,2018,4,0.3
3,UR,2018,4,-0.04
3,CUX,2018,4,1.91
3,GDPPOT,2018,4,0.15
3,GDPGAP,2018,4,0.93
3,WIPH,2019,1,0.6
3,LE,2019,1,0.25
3,LF,2019,1,0.21
3,LH,2019,1,0.3
3,UR,2019,1,-0.04
3,CUX,2019,1,1.99
3,GDPPOT,2019,1,0.12
3,GDPGAP,2019,1,0.96
3,WIPH,2019,2,0.68
3,LE,2019,2,0.26
3,LF,2019,2,0.22
3,LH,2019,2,0.29
3,UR,2019,2,-0.04
3,CUX,2019,2,1.94
3,GDPPOT,2019,2,0.12
3,GDPGAP,2019,2,0.95
3,WIPH,2019,3,0.68
3,LE,2019,3,0.24
3,LF,2019,3,0.2
3,LH,2019,3,0.28
3,UR,2019,3,-0.04
3,CUX,2019,3,1.88
3,GDPPOT,2019,3,0.1
3,GDPGAP,2019,3,0.93
3,WIPH,2019,4,0.75
3,LE,2019,4,0.24
3,LF,2019,4,0.2
3,LH,2019,4,0.27
3,UR,2019,4,-0.04
3,CUX,2019,4,1.75
3,GDPPOT,2019,4,0.09
3,GDPGAP,2019,4,0.88
3,WIPH,2020,1,0.74
3,LE,2020,1,0.21
3,LF,2020,1,0.17
3,LH,2020,1,0.26
3,UR,2020,1,-0.04
3,CUX,2020,1,1.8
3,GDPPOT,2020,1,0.06
3,GDPGAP,2020,1,0.9
3,WIPH,2020,2,0.8
3,LE,2020,2,0.21
3,LF,2020,2,0.17
3,LH,2020,2,0.23
3,UR,2020,2,-0.04
3,CUX,2020,2,1.54
3,GDPPOT,2020,2,0.05
3,GDPGAP,2020,2,0.83
3,WIPH,2020,3,0.8
3,LE,2020,3,0.18
3,LF,2020,3,0.14
3,LH,2020,3,0.24
3,UR,2020,3,-0.04
3,CUX,2020,3,1.72
3,GDPPOT,2020,3,0.02
3,GDPGAP,2020,3,0.89
3,WIPH,2020,4,0.88
3,LE,2020,4,0.18
3,LF,2020,4,0.14
3,LH,2020,4,0.25
3,UR,2020,4,-0.04
3,CUX,2020,4,1.76
3,GDPPOT,2020,4,0.01
3,GDPGAP,2020,4,0.89
3,WIPH,2018,0,0.53
3,LE,2018,0,0.23
3,LF,2018,0,0.2
3,LH,2018,0,0.28
3,UR,2018,0,-0.03
3,CUX,2018,0,1.93
3,GDPPOT,2018,0,0.12
3,GDPGAP,2018,0,0.93
3,WIPH,2019,0,0.68
3,LE,2019,0,0.25
3,LF,2019,0,0.21
3,LH,2019,0,0.28
3,UR,2019,0,-0.04
3,CUX,2019,0,1.89
3,GDPPOT,2019,0,0.11
3,GDPGAP,2019,0,0.93
3,WIPH,2020,0,0.81
3,LE,2020,0,0.19
3,LF,2020,0,0.15
3,LH,2020,0,0.25
3,UR,2020,0,-0.04
3,CUX,2020,0,1.7
3,GDPPOT,2020,0,0.04
3,GDPGAP,2020,0,0.88
3,RCD,2018,1,0.06
3,RGB,2018,1,0.03
3,PERR,2018,1,-0.24
3,UCC,2018,1,0.01
3,FXS,2018,1,-0.01
3,PSHARE,2018,1,-0.06
3,PLAND,2018,1,0.0
3,M2CD,2018,1,0.75
3,RCD,2018,2,0.1
3,RGB,2018,2,0.05
3,PERR,2018,2,-0.51
3,UCC,2018,2,-0.47
3,FXS,2018,2,-0.04
3,PSHARE,2018,2,-0.56
3,PLAND,2018,2,0.0
3,M2CD,2018,2,0.69
3,RCD,2018,3,0.13
3,RGB,2018,3,0.06
3,PERR,2018,3,-0.9
3,UCC,2018,3,-0.65
3,FXS,2018,3,-0.07
3,PSHARE,2018,3,-1.31
3,PLAND,2018,3,0.01
3,M2CD,2018,3,0.67
3,RCD,2018,4,0.17
3,RGB,2018,4,0.08
3,PERR,2018,4,-1.12
3,UCC,2018,4,-0.58
3,FXS,2018,4,-0.11
3,PSHARE,2018,4,-2.26
3,PLAND,2018,4,0.02
3,M2CD,2018,4,0.59
3,RCD,2019,1,0.19
3,RGB,2019,1,0.09
3,PERR,2019,1,-1.39
3,UCC,2019,1,-0.44
3,FXS,2019,1,-0.15
3,PSHARE,2019,1,-3.23
3,PLAND,2019,1,0.04
3,M2CD,2019,1,0.58
3,RCD,2019,2,0.22
3,RGB,2019,2,0.1
3,PERR,2019,2,-1.52
3,UCC,2019,2,0.1
3,FXS,2019,2,-0.21
3,PSHARE,2019,2,-4.03
3,PLAND,2019,2,0.07
3,M2CD,2019,2,0.55
3,RCD,2019,3,0.23
3,RGB,2019,3,0.1
3,PERR,2019,3,-1.74
3,UCC,2019,3,0.16
3,FXS,2019,3,-0.26
3,PSHARE,2019,3,-4.72
3,PLAND,2019,3,0.11
3,M2CD,2019,3,0.55
3,RCD,2019,4,0.24
3,RGB,2019,4,0.11
3,PERR,2019,4,-2.13
3,UCC,2019,4,0.02
3,FXS,2019,4,-0.32
3,PSHARE,2019,4,-5.27
3,PLAND,2019,4,0.16
3,M2CD,2019,4,0.58
3,RCD,2020,1,0.24
3,RGB,2020,1,0.11
3,PERR,2020,1,-1.8
3,UCC,2020,1,0.12
3,FXS,2020,1,-0.38
3,PSHARE,2020,1,-5.65
3,PLAND,2020,1,0.21
3,M2CD,2020,1,0.63
3,RCD,2020,2,0.24
3,RGB,2020,2,0.12
3,PERR,2020,2,-2.51
3,UCC,2020,2,-0.09
3,FXS,2020,2,-0.44
3,PSHARE,2020,2,-5.9
3,PLAND,2020,2,0.26
3,M2CD,2020,2,0.69
3,RCD,2020,3,0.24
3,RGB,2020,3,0.12
3,PERR,2020,3,-3.46
3,UCC,2020,3,-0.47
3,FXS,2020,3,-0.49
3,PSHARE,2020,3,-6.04
3,PLAND,2020,3,0.32
3,M2CD,2020,3,0.76
3,RCD,2020,4,0.25
3,RGB,2020,4,0.13
3,PERR,2020,4,-4.47
3,UCC,2020,4,-0.78
3,FXS,2020,4,-0.55
3,PSHARE,2020,4,-6.12
3,PLAND,2020,4,0.38
3,M2CD,2020,4,0.8
3,RCD,2018,0,0.11
3,RGB,2018,0,0.05
3,PERR,2018,0,-0.69
3,UCC,2018,0,-0.42
3,FXS,2018,0,-0.06
3,PSHARE,2018,0,-1.05
3,PLAND,2018,0,0.01
3,M2CD,2018,0,0.68
3,RCD,2019,0,0.22
3,RGB,2019,0,0.1
3,PERR,2019,0,-1.69
3,UCC,2019,0,-0.04
3,FXS,2019,0,-0.24
3,PSHARE,2019,0,-4.31
3,PLAND,2019,0,0.1
3,M2CD,2019,0,0.57
3,RCD,2020,0,0.24
3,RGB,2020,0,0.12
3,PERR,2020,0,-3.06
3,UCC,2020,0,-0.31
3,FXS,2020,0,-0.47
3,PSHARE,2020,0,-5.93
3,PLAND,2020,0,0.29
3,M2CD,2020,0,0.72
3,BGVATGDPV,2018,1,-0.59
3,SBGVATGDPV,2018,1,-2.19
3,BCVATGDPV,2018,1,-0.06
3,KFP,2018,1,0.0
3,KHP,2018,1,0.0
3,KG,2018,1,0.17
3,BGVATGDPV,2018,2,-0.49
3,SBGVATGDPV,2018,2,-2.22
3,BCVATGDPV,2018,2,-0.08
3,KFP,2018,2,0.0
3,KHP,2018,2,0.0
3,KG,2018,2,0.35
3,BGVATGDPV,2018,3,-0.41
3,SBGVATGDPV,2018,3,-2.36
3,BCVATGDPV,2018,3,-0.14
3,KFP,2018,3,-0.01
3,KHP,2018,3,0.01
3,KG,2018,3,0.51
3,BGVATGDPV,2018,4,-0.33
3,SBGVATGDPV,2018,4,-2.41
3,BCVATGDPV,2018,4,-0.18
3,KFP,2018,4,-0.02
3,KHP,2018,4,0.01
3,KG,2018,4,0.68
3,BGVATGDPV,2019,1,-0.3
3,SBGVATGDPV,2019,1,-2.44
3,BCVATGDPV,2019,1,-0.21
3,KFP,2019,1,-0.03
3,KHP,2019,1,0.01
3,KG,2019,1,0.84
3,BGVATGDPV,2019,2,-0.33
3,SBGVATGDPV,2019,2,-2.47
3,BCVATGDPV,2019,2,-0.22
3,KFP,2019,2,-0.04
3,KHP,2019,2,0.02
3,KG,2019,2,1.0
3,BGVATGDPV,2019,3,-0.33
3,SBGVATGDPV,2019,3,-2.47
3,BCVATGDPV,2019,3,-0.25
3,KFP,2019,3,-0.06
3,KHP,2019,3,0.03
3,KG,2019,3,1.16
3,BGVATGDPV,2019,4,-0.31
3,SBGVATGDPV,2019,4,-2.52
3,BCVATGDPV,2019,4,-0.31
3,KFP,2019,4,-0.09
3,KHP,2019,4,0.03
3,KG,2019,4,1.31
3,BGVATGDPV,2020,1,-0.29
3,SBGVATGDPV,2020,1,-2.5
3,BCVATGDPV,2020,1,-0.34
3,KFP,2020,1,-0.12
3,KHP,2020,1,0.04
3,KG,2020,1,1.45
3,BGVATGDPV,2020,2,-0.28
3,SBGVATGDPV,2020,2,-2.85
3,BCVATGDPV,2020,2,-0.35
3,KFP,2020,2,-0.14
3,KHP,2020,2,0.04
3,KG,2020,2,1.59
3,BGVATGDPV,2020,3,-0.24
3,SBGVATGDPV,2020,3,-2.8
3,BCVATGDPV,2020,3,-0.4
3,KFP,2020,3,-0.17
3,KHP,2020,3,0.05
3,KG,2020,3,1.72
3,BGVATGDPV,2020,4,-0.23
3,SBGVATGDPV,2020,4,-2.78
3,BCVATGDPV,2020,4,-0.43
3,KFP,2020,4,-0.21
3,KHP,2020,4,0.05
3,KG,2020,4,1.86
3,BGVATGDPV,2018,0,-0.46
3,SBGVATGDPV,2018,0,-2.3
3,BCVATGDPV,2018,0,-0.11
3,KFP,2018,0,-0.01
3,KHP,2018,0,0.0
3,KG,2018,0,0.43
3,BGVATGDPV,2019,0,-0.32
3,SBGVATGDPV,2019,0,-2.47
3,BCVATGDPV,2019,0,-0.25
3,KFP,2019,0,-0.05
3,KHP,2019,0,0.02
3,KG,2019,0,1.08
3,BGVATGDPV,2020,0,-0.26
3,SBGVATGDPV,2020,0,-2.73
3,BCVATGDPV,2020,0,-0.38
3,KFP,2020,0,-0.16
3,KHP,2020,0,0.04
3,KG,2020,0,1.66
4,GDP,2018,1,0.01
4,CP,2018,1,0.0
4,IFP,2018,1,0.0
4,IHP,2018,1,0.36
4,IG,2018,1,0.0
4,CG,2018,1,0.0
4,XGS,2018,1,0.0
4,MGS,2018,1,0.0
4,GDP,2018,2,0.18
4,CP,2018,2,0.41
4,IFP,2018,2,-0.01
4,IHP,2018,2,0.38
4,IG,2018,2,0.0
4,CG,2018,2,0.0
4,XGS,2018,2,0.0
4,MGS,2018,2,0.32
4,GDP,2018,3,0.35
4,CP,2018,3,0.92
4,IFP,2018,3,-0.02
4,IHP,2018,3,0.67
4,IG,2018,3,0.0
4,CG,2018,3,0.0
4,XGS,2018,3,0.0
4,MGS,2018,3,0.97
4,GDP,2018,4,0.3
4,CP,2018,4,0.99
4,IFP,2018,4,-0.04
4,IHP,2018,4,0.68
4,IG,2018,4,0.0
4,CG,2018,4,0.0
4,XGS,2018,4,0.0
4,MGS,2018,4,1.37
4,GDP,2019,1,0.32
4,CP,2019,1,1.04
4,IFP,2019,1,-0.06
4,IHP,2019,1,0.72
4,IG,2019,1,0.0
4,CG,2019,1,0.0
4,XGS,2019,1,0.0
4,MGS,2019,1,1.46
4,GDP,2019,2,0.33
4,CP,2019,2,1.09
4,IFP,2019,2,-0.09
4,IHP,2019,2,0.73
4,IG,2019,2,0.0
4,CG,2019,2,0.0
4,XGS,2019,2,0.0
4,MGS,2019,2,1.52
4,GDP,2019,3,0.34
4,CP,2019,3,1.15
4,IFP,2019,3,-0.14
4,IHP,2019,3,0.75
4,IG,2019,3,0.0
4,CG,2019,3,0.0
4,XGS,2019,3,0.0
4,MGS,2019,3,1.61
4,GDP,2019,4,0.33
4,CP,2019,4,1.2
4,IFP,2019,4,-0.2
4,IHP,2019,4,0.75
4,IG,2019,4,0.0
4,CG,2019,4,0.0
4,XGS,2019,4,0.0
4,MGS,2019,4,1.69
4,GDP,2020,1,0.34
4,CP,2020,1,1.21
4,IFP,2020,1,-0.26
4,IHP,2020,1,0.76
4,IG,2020,1,0.0
4,CG,2020,1,0.0
4,XGS,2020,1,-0.01
4,MGS,2020,1,1.74
4,GDP,2020,2,0.32
4,CP,2020,2,1.23
4,IFP,2020,2,-0.3
4,IHP,2020,2,0.69
4,IG,2020,2,0.0
4,CG,2020,2,0.0
4,XGS,2020,2,-0.01
4,MGS,2020,2,1.72
4,GDP,2020,3,0.33
4,CP,2020,3,1.19
4,IFP,2020,3,-0.34
4,IHP,2020,3,0.73
4,IG,2020,3,0.0
4,CG,2020,3,0.0
4,XGS,2020,3,-0.01
4,MGS,2020,3,1.74
4,GDP,2020,4,0.31
4,CP,2020,4,1.18
4,IFP,2020,4,-0.37
4,IHP,2020,4,0.69
4,IG,2020,4,0.0
4,CG,2020,4,0.0
4,XGS,2020,4,-0.01
4,MGS,2020,4,1.72
4,GDP,2018,0,0.21
4,CP,2018,0,0.58
4,IFP,2018,0,-0.02
4,IHP,2018,0,0.52
4,IG,2018,0,0.0
4,CG,2018,0,0.0
4,XGS,2018,0,0.0
4,MGS,2018,0,0.66
4,GDP,2019,0,0.33
4,CP,2019,0,1.12
4,IFP,2019,0,-0.12
4,IHP,2019,0,0.74
4,IG,2019,0,0.0
4,CG,2019,0,0.0
4,XGS,2019,0,0.0
4,MGS,2019,0,1.57
4,GDP,2020,0,0.32
4,CP,2020,0,1.2
4,IFP,2020,0,-0.32
4,IHP,2020,0,0.72
4,IG,2020,0,0.0
4,CG,2020,0,0.0
4,XGS,2020,0,-0.01
4,MGS,2020,0,1.73
4,GDPD,2018,1,0.05
4,PGDP,2018,1,0.0
4,PCP,2018,1,0.0
4,PIFP,2018,1,0.0
4,PIHP,2018,1,0.0
4,PXGS,2018,1,0.0
4,PMGS,2018,1,0.0
4,CGPI,2018,1,0.0
4,GDPD,2018,2,0.67
4,PGDP,2018,2,0.01
4,PCP,2018,2,0.0
4,PIFP,2018,2,0.03
4,PIHP,2018,2,0.0
4,PXGS,2018,2,0.0
4,PMGS,2018,2,0.0
4,CGPI,2018,2,0.0
4,GDPD,2018,3,0.69
4,PGDP,2018,3,0.02
4,PCP,2018,3,0.0
4,PIFP,2018,3,0.07
4,PIHP,2018,3,0.0
4,PXGS,2018,3,0.0
4,PMGS,2018,3,-0.01
4,CGPI,2018,3,0.01
4,GDPD,2018,4,-0.2
4,PGDP,2018,4,0.03
4,PCP,2018,4,0.01
4,PIFP,2018,4,0.08
4,PIHP,2018,4,0.0
4,PXGS,2018,4,-0.01
4,PMGS,2018,4,-0.02
4,CGPI,2018,4,0.01
4,GDPD,2019,1,0.08
4,PGDP,2019,1,0.04
4,PCP,2019,1,0.02
4,PIFP,2019,1,0.1
4,PIHP,2019,1,0.02
4,PXGS,2019,1,-0.01
4,PMGS,2019,1,0.01
4,CGPI,2019,1,0.02
4,GDPD,2019,2,0.03
4,PGDP,2019,2,0.06
4,PCP,2019,2,0.03
4,PIFP,2019,2,0.12
4,PIHP,2019,2,0.03
4,PXGS,2019,2,-0.02
4,PMGS,2019,2,-0.01
4,CGPI,2019,2,0.03
4,GDPD,2019,3,0.03
4,PGDP,2019,3,0.08
4,PCP,2019,3,0.05
4,PIFP,2019,3,0.15
4,PIHP,2019,3,0.05
4,PXGS,2019,3,-0.02
4,PMGS,2019,3,0.01
4,CGPI,2019,3,0.05
4,GDPD,2019,4,-0.03
4,PGDP,2019,4,0.1
4,PCP,2019,4,0.07
4,PIFP,2019,4,0.17
4,PIHP,2019,4,0.08
4,PXGS,2019,4,-0.03
4,PMGS,2019,4,0.01
4,CGPI,2019,4,0.06
4,GDPD,2020,1,0.02
4,PGDP,2020,1,0.13
4,PCP,2020,1,0.09
4,PIFP,2020,1,0.19
4,PIHP,2020,1,0.1
4,PXGS,2020,1,-0.04
4,PMGS,2020,1,0.01
4,CGPI,2020,1,0.07
4,GDPD,2020,2,-0.08
4,PGDP,2020,2,0.16
4,PCP,2020,2,0.11
4,PIFP,2020,2,0.21
4,PIHP,2020,2,0.13
4,PXGS,2020,2,-0.04
4,PMGS,2020,2,0.1
4,CGPI,2020,2,0.1
4,GDPD,2020,3,0.05
4,PGDP,2020,3,0.17
4,PCP,2020,3,0.14
4,PIFP,2020,3,0.24
4,PIHP,2020,3,0.16
4,PXGS,2020,3,-0.05
4,PMGS,2020,3,0.08
4,CGPI,2020,3,0.11
4,GDPD,2020,4,-0.1
4,PGDP,2020,4,0.19
4,PCP,2020,4,0.16
4,PIFP,2020,4,0.26
4,PIHP,2020,4,0.18
4,PXGS,2020,4,-0.06
4,PMGS,2020,4,0.07
4,CGPI,2020,4,0.13
4,GDPD,2018,0,0.3
4,PGDP,2018,0,0.01
4,PCP,2018,0,0.0
4,PIFP,2018,0,0.04
4,PIHP,2018,0,0.0
4,PXGS,2018,0,0.0
4,PMGS,2018,0,-0.01
4,CGPI,2018,0,0.0
4,GDPD,2019,0,0.03
4,PGDP,2019,0,0.07
4,PCP,2019,0,0.04
4,PIFP,2019,0,0.13
4,PIHP,2019,0,0.05
4,PXGS,2019,0,-0.02
4,PMGS,2019,0,0.01
4,CGPI,2019,0,0.04
4,GDPD,2020,0,-0.03
4,PGDP,2020,0,0.16
4,PCP,2020,0,0.12
4,PIFP,2020,0,0.23
4,PIHP,2020,0,0.14
4,PXGS,2020,0,-0.05
4,PMGS,2020,0,0.06
4,CGPI,2020,0,0.1
4,GDPV,2018,1,0.01
4,CPV,2018,1,0.0
4,IFPV,2018,1,0.0
4,IHPV,2018,1,0.36
4,IGV,2018,1,0.0
4,CGV,2018,1,0.0
4,XGSV,2018,1,0.0
4,MGSV,2018,1,0.0
4,GDPV,2018,2,0.19
4,CPV,2018,2,0.41
4,IFPV,2018,2,0.02
4,IHPV,2018,2,0.38
4,IGV,2018,2,0.03
4,CGV,2018,2,0.0
4,XGSV,2018,2,0.0
4,MGSV,2018,2,0.32
4,GDPV,2018,3,0.37
4,CPV,2018,3,0.92
4,IFPV,2018,3,0.04
4,IHPV,2018,3,0.66
4,IGV,2018,3,0.06
4,CGV,2018,3,0.0
4,XGSV,2018,3,0.0
4,MGSV,2018,3,0.96
4,GDPV,2018,4,0.33
4,CPV,2018,4,0.99
4,IFPV,2018,4,0.04
4,IHPV,2018,4,0.68
4,IGV,2018,4,0.07
4,CGV,2018,4,0.0
4,XGSV,2018,4,-0.01
4,MGSV,2018,4,1.34
4,GDPV,2019,1,0.36
4,CPV,2019,1,1.06
4,IFPV,2019,1,0.04
4,IHPV,2019,1,0.73
4,IGV,2019,1,0.09
4,CGV,2019,1,0.0
4,XGSV,2019,1,-0.01
4,MGSV,2019,1,1.48
4,GDPV,2019,2,0.39
4,CPV,2019,2,1.12
4,IFPV,2019,2,0.03
4,IHPV,2019,2,0.76
4,IGV,2019,2,0.12
4,CGV,2019,2,0.01
4,XGSV,2019,2,-0.02
4,MGSV,2019,2,1.51
4,GDPV,2019,3,0.42
4,CPV,2019,3,1.21
4,IFPV,2019,3,0.0
4,IHPV,2019,3,0.81
4,IGV,2019,3,0.15
4,CGV,2019,3,0.02
4,XGSV,2019,3,-0.02
4,MGSV,2019,3,1.62
4,GDPV,2019,4,0.44
4,CPV,2019,4,1.27
4,IFPV,2019,4,-0.03
4,IHPV,2019,4,0.83
4,IGV,2019,4,0.17
4,CGV,2019,4,0.04
4,XGSV,2019,4,-0.03
4,MGSV,2019,4,1.7
4,GDPV,2020,1,0.46
4,CPV,2020,1,1.3
4,IFPV,2020,1,-0.06
4,IHPV,2020,1,0.86
4,IGV,2020,1,0.2
4,CGV,2020,1,0.06
4,XGSV,2020,1,-0.04
4,MGSV,2020,1,1.74
4,GDPV,2020,2,0.48
4,CPV,2020,2,1.35
4,IFPV,2020,2,-0.09
4,IHPV,2020,2,0.82
4,IGV,2020,2,0.22
4,CGV,2020,2,0.07
4,XGSV,2020,2,-0.05
4,MGSV,2020,2,1.83
4,GDPV,2020,3,0.5
4,CPV,2020,3,1.33
4,IFPV,2020,3,-0.1
4,IHPV,2020,3,0.89
4,IGV,2020,3,0.26
4,CGV,2020,3,0.09
4,XGSV,2020,3,-0.06
4,MGSV,2020,3,1.82
4,GDPV,2020,4,0.5
4,CPV,2020,4,1.34
4,IFPV,2020,4,-0.1
4,IHPV,2020,4,0.87
4,IGV,2020,4,0.29
4,CGV,2020,4,0.11
4,XGSV,2020,4,-0.07
4,MGSV,2020,4,1.79
4,GDPV,2018,0,0.22
4,CPV,2018,0,0.58
4,IFPV,2018,0,0.03
4,IHPV,2018,0,0.52
4,IGV,2018,0,0.04
4,CGV,2018,0,0.0
4,XGSV,2018,0,0.0
4,MGSV,2018,0,0.66
4,GDPV,2019,0,0.4
4,CPV,2019,0,1.16
4,IFPV,2019,0,0.01
4,IHPV,2019,0,0.79
4,IGV,2019,0,0.13
4,CGV,2019,0,0.02
4,XGSV,2019,0,-0.02
4,MGSV,2019,0,1.58
4,GDPV,2020,0,0.49
4,CPV,2020,0,1.33
4,IFPV,2020,0,-0.09
4,IHPV,2020,0,0.86
4,IGV,2020,0,0.24
4,CGV,2020,0,0.08
4,XGSV,2020,0,-0.06
4,MGSV,2020,0,1.8
4,NIV,2018,1,0.02
4,YWV,2018,1,0.01
4,YCV,2018,1,0.06
4,YDV,2018,1,1.88
4,TAXV,2018,1,-5.5
4,TYPV,2018,1,-18.71
4,TYCV,2018,1,0.0
4,TCIV,2018,1,0.01
4,NIV,2018,2,0.24
4,YWV,2018,2,0.14
4,YCV,2018,2,0.79
4,YDV,2018,2,2.01
4,TAXV,2018,2,-5.34
4,TYPV,2018,2,-18.03
4,TYCV,2018,2,0.04
4,TCIV,2018,2,0.22
4,NIV,2018,3,0.47
4,YWV,2018,3,0.3
4,YCV,2018,3,1.38
4,YDV,2018,3,2.14
4,TAXV,2018,3,-5.17
4,TYPV,2018,3,-17.92
4,TYCV,2018,3,0.29
4,TCIV,2018,3,0.49
4,NIV,2018,4,0.39
4,YWV,2018,4,0.29
4,YCV,2018,4,0.92
4,YDV,2018,4,2.12
4,TAXV,2018,4,-5.0
4,TYPV,2018,4,-17.87
4,TYCV,2018,4,0.67
4,TCIV,2018,4,0.53
4,NIV,2019,1,0.43
4,YWV,2019,1,0.32
4,YCV,2019,1,0.97
4,YDV,2019,1,2.2
4,TAXV,2019,1,-4.95
4,TYPV,2019,1,-17.69
4,TYCV,2019,1,0.94
4,TCIV,2019,1,0.56
4,NIV,2019,2,0.45
4,YWV,2019,2,0.34
4,YCV,2019,2,0.89
4,YDV,2019,2,2.24
4,TAXV,2019,2,-5.02
4,TYPV,2019,2,-18.91
4,TYCV,2019,2,1.2
4,TCIV,2019,2,0.6
4,NIV,2019,3,0.47
4,YWV,2019,3,0.33
4,YCV,2019,3,0.96
4,YDV,2019,3,2.23
4,TAXV,2019,3,-4.93
4,TYPV,2019,3,-18.36
4,TYCV,2019,3,1.26
4,TCIV,2019,3,0.64
4,NIV,2019,4,0.43
4,YWV,2019,4,0.32
4,YCV,2019,4,0.82
4,YDV,2019,4,2.17
4,TAXV,2019,4,-4.84
4,TYPV,2019,4,-18.0
4,TYCV,2019,4,1.17
4,TCIV,2019,4,0.66
4,NIV,2020,1,0.42
4,YWV,2020,1,0.31
4,YCV,2020,1,0.68
4,YDV,2020,1,2.19
4,TAXV,2020,1,-4.8
4,TYPV,2020,1,-18.26
4,TYCV,2020,1,1.17
4,TCIV,2020,1,0.68
4,NIV,2020,2,0.4
4,YWV,2020,2,0.3
4,YCV,2020,2,0.91
4,YDV,2020,2,1.86
4,TAXV,2020,2,-4.48
4,TYPV,2020,2,-16.97
4,TYCV,2020,2,1.11
4,TCIV,2020,2,0.68
4,NIV,2020,3,0.38
4,YWV,2020,3,0.29
4,YCV,2020,3,0.59
4,YDV,2020,3,2.07
4,TAXV,2020,3,-4.63
4,TYPV,2020,3,-17.79
4,TYCV,2020,3,1.12
4,TCIV,2020,3,0.69
4,NIV,2020,4,0.35
4,YWV,2020,4,0.3
4,YCV,2020,4,0.24
4,YDV,2020,4,2.15
4,TAXV,2020,4,-4.62
4,TYPV,2020,4,-17.93
4,TYCV,2020,4,1.03
4,TCIV,2020,4,0.71
4,NIV,2018,0,0.28
4,YWV,2018,0,0.18
4,YCV,2018,0,0.79
4,YDV,2018,0,2.04
4,TAXV,2018,0,-5.25
4,TYPV,2018,0,-18.13
4,TYCV,2018,0,0.25
4,TCIV,2018,0,0.31
4,NIV,2019,0,0.45
4,YWV,2019,0,0.33
4,YCV,2019,0,0.91
4,YDV,2019,0,2.21
4,TAXV,2019,0,-4.94
4,TYPV,2019,0,-18.24
4,TYCV,2019,0,1.14
4,TCIV,2019,0,0.62
4,NIV,2020,0,0.39
4,YWV,2020,0,0.3
4,YCV,2020,0,0.6
4,YDV,2020,0,2.07
4,TAXV,2020,0,-4.63
4,TYPV,2020,0,-17.74
4,TYCV,2020,0,1.11
4,TCIV,2020,0,0.69
4,WIPH,2018,1,0.01
4,LE,2018,1,0.0
4,LF,2018,1,0.0
4,LH,2018,1,0.0
4,UR,2018,1,0.0
4,CUX,2018,1,0.03
4,GDPPOT,2018,1,0.0
4,GDPGAP,2018,1,0.01
4,WIPH,2018,2,0.07
4,LE,2018,2,0.03
4,LF,2018,2,0.03
4,LH,2018,2,0.05
4,UR,2018,2,0.0
4,CUX,2018,2,0.35
4,GDPPOT,2018,2,0.02
4,GDPGAP,2018,2,0.16
4,WIPH,2018,3,0.15
4,LE,2018,3,0.07
4,LF,2018,3,0.06
4,LH,2018,3,0.09
4,UR,2018,3,-0.01
4,CUX,2018,3,0.67
4,GDPPOT,2018,3,0.03
4,GDPGAP,2018,3,0.32
4,WIPH,2018,4,0.15
4,LE,2018,4,0.07
4,LF,2018,4,0.06
4,LH,2018,4,0.08
4,UR,2018,4,-0.01
4,CUX,2018,4,0.55
4,GDPPOT,2018,4,0.03
4,GDPGAP,2018,4,0.27
4,WIPH,2019,1,0.17
4,LE,2019,1,0.08
4,LF,2019,1,0.07
4,LH,2019,1,0.09
4,UR,2019,1,-0.01
4,CUX,2019,1,0.59
4,GDPPOT,2019,1,0.04
4,GDPGAP,2019,1,0.28
4,WIPH,2019,2,0.18
4,LE,2019,2,0.08
4,LF,2019,2,0.07
4,LH,2019,2,0.09
4,UR,2019,2,-0.01
4,CUX,2019,2,0.61
4,GDPPOT,2019,2,0.04
4,GDPGAP,2019,2,0.29
4,WIPH,2019,3,0.18
4,LE,2019,3,0.07
4,LF,2019,3,0.06
4,LH,2019,3,0.09
4,UR,2019,3,-0.01
4,CUX,2019,3,0.63
4,GDPPOT,2019,3,0.03
4,GDPGAP,2019,3,0.31
4,WIPH,2019,4,0.19
4,LE,2019,4,0.07
4,LF,2019,4,0.05
4,LH,2019,4,0.09
4,UR,2019,4,-0.01
4,CUX,2019,4,0.59
4,GDPPOT,2019,4,0.03
4,GDPGAP,2019,4,0.3
4,WIPH,2020,1,0.18
4,LE,2020,1,0.06
4,LF,2020,1,0.05
4,LH,2020,1,0.09
4,UR,2020,1,-0.01
4,CUX,2020,1,0.63
4,GDPPOT,2020,1,0.02
4,GDPGAP,2020,1,0.31
4,WIPH,2020,2,0.19
4,LE,2020,2,0.05
4,LF,2020,2,0.04
4,LH,2020,2,0.07
4,UR,2020,2,-0.01
4,CUX,2020,2,0.51
4,GDPPOT,2020,2,0.01
4,GDPGAP,2020,2,0.28
4,WIPH,2020,3,0.18
4,LE,2020,3,0.04
4,LF,2020,3,0.03
4,LH,2020,3,0.08
4,UR,2020,3,-0.01
4,CUX,2020,3,0.61
4,GDPPOT,2020,3,0.0
4,GDPGAP,2020,3,0.32
4,WIPH,2020,4,0.2
4,LE,2020,4,0.04
4,LF,2020,4,0.02
4,LH,2020,4,0.08
4,UR,2020,4,-0.01
4,CUX,2020,4,0.6
4,GDPPOT,2020,4,0.0
4,GDPGAP,2020,4,0.3
4,WIPH,2018,0,0.1
4,LE,2018,0,0.04
4,LF,2018,0,0.04
4,LH,2018,0,0.06
4,UR,2018,0,-0.01
4,CUX,2018,0,0.4
4,GDPPOT,2018,0,0.02
4,GDPGAP,2018,0,0.19
4,WIPH,2019,0,0.18
4,LE,2019,0,0.07
4,LF,2019,0,0.06
4,LH,2019,0,0.09
4,UR,2019,0,-0.01
4,CUX,2019,0,0.6
4,GDPPOT,2019,0,0.03
4,GDPGAP,2019,0,0.3
4,WIPH,2020,0,0.19
4,LE,2020,0,0.05
4,LF,2020,0,0.03
4,LH,2020,0,0.08
4,UR,2020,0,-0.01
4,CUX,2020,0,0.59
4,GDPPOT,2020,0,0.01
4,GDPGAP,2020,0,0.3
4,RCD,2018,1,0.0
4,RGB,2018,1,0.0
4,PERR,2018,1,0.0
4,UCC,2018,1,0.0
4,FXS,2018,1,0.0
4,PSHARE,2018,1,0.0
4,PLAND,2018,1,0.0
4,M2CD,2018,1,0.01
4,RCD,2018,2,0.01
4,RGB,2018,2,0.01
4,PERR,2018,2,-0.05
4,UCC,2018,2,-0.01
4,FXS,2018,2,0.0
4,PSHARE,2018,2,-0.02
4,PLAND,2018,2,0.0
4,M2CD,2018,2,0.14
4,RCD,2018,3,0.03
4,RGB,2018,3,0.01
4,PERR,2018,3,-0.15
4,UCC,2018,3,-0.11
4,FXS,2018,3,-0.01
4,PSHARE,2018,3,-0.12
4,PLAND,2018,3,0.0
4,M2CD,2018,3,0.25
4,RCD,2018,4,0.04
4,RGB,2018,4,0.02
4,PERR,2018,4,-0.22
4,UCC,2018,4,-0.18
4,FXS,2018,4,-0.02
4,PSHARE,2018,4,-0.34
4,PLAND,2018,4,0.0
4,M2CD,2018,4,0.19
4,RCD,2019,1,0.05
4,RGB,2019,1,0.02
4,PERR,2019,1,-0.35
4,UCC,2019,1,-0.21
4,FXS,2019,1,-0.03
4,PSHARE,2019,1,-0.6
4,PLAND,2019,1,0.0
4,M2CD,2019,1,0.18
4,RCD,2019,2,0.06
4,RGB,2019,2,0.03
4,PERR,2019,2,-0.42
4,UCC,2019,2,-0.16
4,FXS,2019,2,-0.04
4,PSHARE,2019,2,-0.9
4,PLAND,2019,2,0.01
4,M2CD,2019,2,0.18
4,RCD,2019,3,0.06
4,RGB,2019,3,0.03
4,PERR,2019,3,-0.48
4,UCC,2019,3,-0.06
4,FXS,2019,3,-0.06
4,PSHARE,2019,3,-1.17
4,PLAND,2019,3,0.02
4,M2CD,2019,3,0.18
4,RCD,2019,4,0.07
4,RGB,2019,4,0.03
4,PERR,2019,4,-0.62
4,UCC,2019,4,-0.04
4,FXS,2019,4,-0.07
4,PSHARE,2019,4,-1.4
4,PLAND,2019,4,0.03
4,M2CD,2019,4,0.19
4,RCD,2020,1,0.07
4,RGB,2020,1,0.03
4,PERR,2020,1,-0.56
4,UCC,2020,1,-0.01
4,FXS,2020,1,-0.09
4,PSHARE,2020,1,-1.59
4,PLAND,2020,1,0.04
4,M2CD,2020,1,0.2
4,RCD,2020,2,0.08
4,RGB,2020,2,0.04
4,PERR,2020,2,-0.79
4,UCC,2020,2,-0.09
4,FXS,2020,2,-0.11
4,PSHARE,2020,2,-1.74
4,PLAND,2020,2,0.06
4,M2CD,2020,2,0.2
4,RCD,2020,3,0.08
4,RGB,2020,3,0.04
4,PERR,2020,3,-1.12
4,UCC,2020,3,-0.19
4,FXS,2020,3,-0.13
4,PSHARE,2020,3,-1.85
4,PLAND,2020,3,0.08
4,M2CD,2020,3,0.23
4,RCD,2020,4,0.08
4,RGB,2020,4,0.04
4,PERR,2020,4,-1.41
4,UCC,2020,4,-0.29
4,FXS,2020,4,-0.15
4,PSHARE,2020,4,-1.93
4,PLAND,2020,4,0.09
4,M2CD,2020,4,0.23
4,RCD,2018,0,0.02
4,RGB,2018,0,0.01
4,PERR,2018,0,-0.1
4,UCC,2018,0,-0.07
4,FXS,2018,0,-0.01
4,PSHARE,2018,0,-0.12
4,PLAND,2018,0,0.0
4,M2CD,2018,0,0.15
4,RCD,2019,0,0.06
4,RGB,2019,0,0.03
4,PERR,2019,0,-0.47
4,UCC,2019,0,-0.12
4,FXS,2019,0,-0.05
4,PSHARE,2019,0,-1.02
4,PLAND,2019,0,0.02
4,M2CD,2019,0,0.18
4,RCD,2020,0,0.08
4,RGB,2020,0,0.04
4,PERR,2020,0,-0.97
4,UCC,2020,0,-0.14
4,FXS,2020,0,-0.12
4,PSHARE,2020,0,-1.78
4,PLAND,2020,0,0.07
4,M2CD,2020,0,0.22
4,BGVATGDPV,2018,1,-1.0
4,SBGVATGDPV,2018,1,0.22
4,BCVATGDPV,2018,1,0.0
4,KFP,2018,1,0.0
4,KHP,2018,1,0.0
4,KG,2018,1,0.0
4,BGVATGDPV,2018,2,-0.98
4,SBGVATGDPV,2018,2,0.06
4,BCVATGDPV,2018,2,-0.06
4,KFP,2018,2,0.0
4,KHP,2018,2,0.01
4,KG,2018,2,0.0
4,BGVATGDPV,2018,3,-0.94
4,SBGVATGDPV,2018,3,-0.12
4,BCVATGDPV,2018,3,-0.19
4,KFP,2018,3,0.0
4,KHP,2018,3,0.02
4,KG,2018,3,0.0
4,BGVATGDPV,2018,4,-0.92
4,SBGVATGDPV,2018,4,0.19
4,BCVATGDPV,2018,4,-0.27
4,KFP,2018,4,0.0
4,KHP,2018,4,0.03
4,KG,2018,4,0.0
4,BGVATGDPV,2019,1,-0.9
4,SBGVATGDPV,2019,1,0.33
4,BCVATGDPV,2019,1,-0.28
4,KFP,2019,1,0.0
4,KHP,2019,1,0.03
4,KG,2019,1,0.0
4,BGVATGDPV,2019,2,-0.89
4,SBGVATGDPV,2019,2,0.47
4,BCVATGDPV,2019,2,-0.3
4,KFP,2019,2,-0.01
4,KHP,2019,2,0.04
4,KG,2019,2,0.0
4,BGVATGDPV,2019,3,-0.88
4,SBGVATGDPV,2019,3,0.62
4,BCVATGDPV,2019,3,-0.33
4,KFP,2019,3,-0.01
4,KHP,2019,3,0.05
4,KG,2019,3,0.0
4,BGVATGDPV,2019,4,-0.88
4,SBGVATGDPV,2019,4,0.83
4,BCVATGDPV,2019,4,-0.37
4,KFP,2019,4,-0.02
4,KHP,2019,4,0.06
4,KG,2019,4,0.0
4,BGVATGDPV,2020,1,-0.87
4,SBGVATGDPV,2020,1,0.99
4,BCVATGDPV,2020,1,-0.4
4,KFP,2020,1,-0.02
4,KHP,2020,1,0.07
4,KG,2020,1,0.0
4,BGVATGDPV,2020,2,-0.87
4,SBGVATGDPV,2020,2,1.22
4,BCVATGDPV,2020,2,-0.42
4,KFP,2020,2,-0.03
4,KHP,2020,2,0.08
4,KG,2020,2,0.0
4,BGVATGDPV,2020,3,-0.86
4,SBGVATGDPV,2020,3,1.3
4,BCVATGDPV,2020,3,-0.43
4,KFP,2020,3,-0.04
4,KHP,2020,3,0.09
4,KG,2020,3,0.0
4,BGVATGDPV,2020,4,-0.86
4,SBGVATGDPV,2020,4,1.52
4,BCVATGDPV,2020,4,-0.44
4,KFP,2020,4,-0.05
4,KHP,2020,4,0.09
4,KG,2020,4,0.0
4,BGVATGDPV,2018,0,-0.96
4,SBGVATGDPV,2018,0,0.09
4,BCVATGDPV,2018,0,-0.13
4,KFP,2018,0,0.0
4,KHP,2018,0,0.01
4,KG,2018,0,0.0
4,BGVATGDPV,2019,0,-0.89
4,SBGVATGDPV,2019,0,0.56
4,BCVATGDPV,2019,0,-0.32
4,KFP,2019,0,-0.01
4,KHP,2019,0,0.05
4,KG,2019,0,0.0
4,BGVATGDPV,2020,0,-0.86
4,SBGVATGDPV,2020,0,1.26
4,BCVATGDPV,2020,0,-0.42
4,KFP,2020,0,-0.04
4,KHP,2020,0,0.08
4,KG,2020,0,0.0
5,GDP,2018,1,0.13
5,CP,2018,1,0.0
5,IFP,2018,1,0.81
5,IHP,2018,1,0.01
5,IG,2018,1,0.0
5,CG,2018,1,0.0
5,XGS,2018,1,0.0
5,MGS,2018,1,0.02
5,GDP,2018,2,0.27
5,CP,2018,2,0.02
5,IFP,2018,2,1.59
5,IHP,2018,2,0.03
5,IG,2018,2,0.0
5,CG,2018,2,0.0
5,XGS,2018,2,0.0
5,MGS,2018,2,0.05
5,GDP,2018,3,0.41
5,CP,2018,3,0.07
5,IFP,2018,3,2.36
5,IHP,2018,3,0.06
5,IG,2018,3,0.0
5,CG,2018,3,0.0
5,XGS,2018,3,0.0
5,MGS,2018,3,0.11
5,GDP,2018,4,0.57
5,CP,2018,4,0.13
5,IFP,2018,4,3.12
5,IHP,2018,4,0.11
5,IG,2018,4,0.0
5,CG,2018,4,0.0
5,XGS,2018,4,0.0
5,MGS,2018,4,0.21
5,GDP,2019,1,0.58
5,CP,2019,1,0.2
5,IFP,2019,1,3.09
5,IHP,2019,1,0.14
5,IG,2019,1,0.0
5,CG,2019,1,0.0
5,XGS,2019,1,0.0
5,MGS,2019,1,0.31
5,GDP,2019,2,0.6
5,CP,2019,2,0.26
5,IFP,2019,2,3.1
5,IHP,2019,2,0.18
5,IG,2019,2,0.0
5,CG,2019,2,0.0
5,XGS,2019,2,0.0
5,MGS,2019,2,0.39
5,GDP,2019,3,0.61
5,CP,2019,3,0.28
5,IFP,2019,3,3.1
5,IHP,2019,3,0.21
5,IG,2019,3,0.0
5,CG,2019,3,0.0
5,XGS,2019,3,0.0
5,MGS,2019,3,0.45
5,GDP,2019,4,0.58
5,CP,2019,4,0.3
5,IFP,2019,4,3.04
5,IHP,2019,4,0.22
5,IG,2019,4,0.0
5,CG,2019,4,0.0
5,XGS,2019,4,-0.01
5,MGS,2019,4,0.48
5,GDP,2020,1,0.57
5,CP,2020,1,0.3
5,IFP,2020,1,2.9
5,IHP,2020,1,0.23
5,IG,2020,1,0.0
5,CG,2020,1,0.0
5,XGS,2020,1,-0.01
5,MGS,2020,1,0.5
5,GDP,2020,2,0.54
5,CP,2020,2,0.29
5,IFP,2020,2,2.72
5,IHP,2020,2,0.2
5,IG,2020,2,0.0
5,CG,2020,2,0.0
5,XGS,2020,2,-0.01
5,MGS,2020,2,0.48
5,GDP,2020,3,0.5
5,CP,2020,3,0.26
5,IFP,2020,3,2.61
5,IHP,2020,3,0.19
5,IG,2020,3,0.0
5,CG,2020,3,0.0
5,XGS,2020,3,-0.02
5,MGS,2020,3,0.46
5,GDP,2020,4,0.47
5,CP,2020,4,0.24
5,IFP,2020,4,2.54
5,IHP,2020,4,0.17
5,IG,2020,4,0.0
5,CG,2020,4,0.0
5,XGS,2020,4,-0.02
5,MGS,2020,4,0.43
5,GDP,2018,0,0.35
5,CP,2018,0,0.06
5,IFP,2018,0,1.97
5,IHP,2018,0,0.05
5,IG,2018,0,0.0
5,CG,2018,0,0.0
5,XGS,2018,0,0.0
5,MGS,2018,0,0.1
5,GDP,2019,0,0.59
5,CP,2019,0,0.26
5,IFP,2019,0,3.08
5,IHP,2019,0,0.19
5,IG,2019,0,0.0
5,CG,2019,0,0.0
5,XGS,2019,0,0.0
5,MGS,2019,0,0.41
5,GDP,2020,0,0.52
5,CP,2020,0,0.27
5,IFP,2020,0,2.69
5,IHP,2020,0,0.2
5,IG,2020,0,0.0
5,CG,2020,0,0.0
5,XGS,2020,0,-0.02
5,MGS,2020,0,0.46
5,GDPD,2018,1,0.53
5,PGDP,2018,1,0.0
5,PCP,2018,1,0.0
5,PIFP,2018,1,0.02
5,PIHP,2018,1,0.0
5,PXGS,2018,1,0.0
5,PMGS,2018,1,0.0
5,CGPI,2018,1,0.0
5,GDPD,2018,2,0.55
5,PGDP,2018,2,0.01
5,PCP,2018,2,0.0
5,PIFP,2018,2,0.05
5,PIHP,2018,2,0.0
5,PXGS,2018,2,0.0
5,PMGS,2018,2,0.0
5,CGPI,2018,2,0.0
5,GDPD,2018,3,0.55
5,PGDP,2018,3,0.02
5,PCP,2018,3,0.0
5,PIFP,2018,3,0.08
5,PIHP,2018,3,0.0
5,PXGS,2018,3,-0.01
5,PMGS,2018,3,-0.01
5,CGPI,2018,3,0.01
5,GDPD,2018,4,0.62
5,PGDP,2018,4,0.04
5,PCP,2018,4,0.01
5,PIFP,2018,4,0.12
5,PIHP,2018,4,0.01
5,PXGS,2018,4,-0.01
5,PMGS,2018,4,-0.02
5,CGPI,2018,4,0.02
5,GDPD,2019,1,0.06
5,PGDP,2019,1,0.05
5,PCP,2019,1,0.03
5,PIFP,2019,1,0.15
5,PIHP,2019,1,0.02
5,PXGS,2019,1,-0.02
5,PMGS,2019,1,-0.02
5,CGPI,2019,1,0.03
5,GDPD,2019,2,0.07
5,PGDP,2019,2,0.07
5,PCP,2019,2,0.05
5,PIFP,2019,2,0.17
5,PIHP,2019,2,0.04
5,PXGS,2019,2,-0.03
5,PMGS,2019,2,-0.04
5,CGPI,2019,2,0.04
5,GDPD,2019,3,0.05
5,PGDP,2019,3,0.1
5,PCP,2019,3,0.07
5,PIFP,2019,3,0.2
5,PIHP,2019,3,0.07
5,PXGS,2019,3,-0.05
5,PMGS,2019,3,-0.04
5,CGPI,2019,3,0.06
5,GDPD,2019,4,-0.11
5,PGDP,2019,4,0.12
5,PCP,2019,4,0.1
5,PIFP,2019,4,0.21
5,PIHP,2019,4,0.1
5,PXGS,2019,4,-0.06
5,PMGS,2019,4,-0.05
5,CGPI,2019,4,0.07
5,GDPD,2020,1,-0.04
5,PGDP,2020,1,0.14
5,PCP,2020,1,0.13
5,PIFP,2020,1,0.23
5,PIHP,2020,1,0.13
5,PXGS,2020,1,-0.07
5,PMGS,2020,1,-0.06
5,CGPI,2020,1,0.08
5,GDPD,2020,2,-0.12
5,PGDP,2020,2,0.17
5,PCP,2020,2,0.15
5,PIFP,2020,2,0.24
5,PIHP,2020,2,0.16
5,PXGS,2020,2,-0.08
5,PMGS,2020,2,-0.04
5,CGPI,2020,2,0.1
5,GDPD,2020,3,-0.19
5,PGDP,2020,3,0.18
5,PCP,2020,3,0.17
5,PIFP,2020,3,0.25
5,PIHP,2020,3,0.19
5,PXGS,2020,3,-0.09
5,PMGS,2020,3,-0.06
5,CGPI,2020,3,0.11
5,GDPD,2020,4,-0.11
5,PGDP,2020,4,0.2
5,PCP,2020,4,0.2
5,PIFP,2020,4,0.26
5,PIHP,2020,4,0.21
5,PXGS,2020,4,-0.1
5,PMGS,2020,4,-0.07
5,CGPI,2020,4,0.11
5,GDPD,2018,0,0.56
5,PGDP,2018,0,0.02
5,PCP,2018,0,0.0
5,PIFP,2018,0,0.07
5,PIHP,2018,0,0.0
5,PXGS,2018,0,-0.01
5,PMGS,2018,0,-0.01
5,CGPI,2018,0,0.01
5,GDPD,2019,0,0.02
5,PGDP,2019,0,0.09
5,PCP,2019,0,0.06
5,PIFP,2019,0,0.18
5,PIHP,2019,0,0.06
5,PXGS,2019,0,-0.04
5,PMGS,2019,0,-0.04
5,CGPI,2019,0,0.05
5,GDPD,2020,0,-0.11
5,PGDP,2020,0,0.17
5,PCP,2020,0,0.16
5,PIFP,2020,0,0.25
5,PIHP,2020,0,0.17
5,PXGS,2020,0,-0.09
5,PMGS,2020,0,-0.06
5,CGPI,2020,0,0.1
5,GDPV,2018,1,0.14
5,CPV,2018,1,0.0
5,IFPV,2018,1,0.83
5,IHPV,2018,1,0.01
5,IGV,2018,1,0.02
5,CGV,2018,1,0.0
5,XGSV,2018,1,0.0
5,MGSV,2018,1,0.02
5,GDPV,2018,2,0.28
5,CPV,2018,2,0.02
5,IFPV,2018,2,1.64
5,IHPV,2018,2,0.03
5,IGV,2018,2,0.04
5,CGV,2018,2,0.0
5,XGSV,2018,2,0.0
5,MGSV,2018,2,0.04
5,GDPV,2018,3,0.43
5,CPV,2018,3,0.07
5,IFPV,2018,3,2.44
5,IHPV,2018,3,0.06
5,IGV,2018,3,0.07
5,CGV,2018,3,0.0
5,XGSV,2018,3,-0.01
5,MGSV,2018,3,0.11
5,GDPV,2018,4,0.61
5,CPV,2018,4,0.14
5,IFPV,2018,4,3.25
5,IHPV,2018,4,0.11
5,IGV,2018,4,0.11
5,CGV,2018,4,0.0
5,XGSV,2018,4,-0.01
5,MGSV,2018,4,0.19
5,GDPV,2019,1,0.63
5,CPV,2019,1,0.23
5,IFPV,2019,1,3.24
5,IHPV,2019,1,0.16
5,IGV,2019,1,0.14
5,CGV,2019,1,0.01
5,XGSV,2019,1,-0.02
5,MGSV,2019,1,0.29
5,GDPV,2019,2,0.67
5,CPV,2019,2,0.3
5,IFPV,2019,2,3.28
5,IHPV,2019,2,0.23
5,IGV,2019,2,0.16
5,CGV,2019,2,0.02
5,XGSV,2019,2,-0.04
5,MGSV,2019,2,0.36
5,GDPV,2019,3,0.71
5,CPV,2019,3,0.36
5,IFPV,2019,3,3.3
5,IHPV,2019,3,0.28
5,IGV,2019,3,0.19
5,CGV,2019,3,0.04
5,XGSV,2019,3,-0.05
5,MGSV,2019,3,0.41
5,GDPV,2019,4,0.7
5,CPV,2019,4,0.4
5,IFPV,2019,4,3.26
5,IHPV,2019,4,0.32
5,IGV,2019,4,0.22
5,CGV,2019,4,0.06
5,XGSV,2019,4,-0.06
5,MGSV,2019,4,0.43
5,GDPV,2020,1,0.72
5,CPV,2020,1,0.43
5,IFPV,2020,1,3.14
5,IHPV,2020,1,0.36
5,IGV,2020,1,0.24
5,CGV,2020,1,0.08
5,XGSV,2020,1,-0.08
5,MGSV,2020,1,0.44
5,GDPV,2020,2,0.71
5,CPV,2020,2,0.44
5,IFPV,2020,2,2.96
5,IHPV,2020,2,0.37
5,IGV,2020,2,0.26
5,CGV,2020,2,0.1
5,XGSV,2020,2,-0.1
5,MGSV,2020,2,0.43
5,GDPV,2020,3,0.68
5,CPV,2020,3,0.44
5,IFPV,2020,3,2.87
5,IHPV,2020,3,0.38
5,IGV,2020,3,0.28
5,CGV,2020,3,0.12
5,XGSV,2020,3,-0.11
5,MGSV,2020,3,0.4
5,GDPV,2020,4,0.67
5,CPV,2020,4,0.43
5,IFPV,2020,4,2.81
5,IHPV,2020,4,0.38
5,IGV,2020,4,0.29
5,CGV,2020,4,0.14
5,XGSV,2020,4,-0.13
5,MGSV,2020,4,0.36
5,GDPV,2018,0,0.36
5,CPV,2018,0,0.06
5,IFPV,2018,0,2.04
5,IHPV,2018,0,0.05
5,IGV,2018,0,0.06
5,CGV,2018,0,0.0
5,XGSV,2018,0,-0.01
5,MGSV,2018,0,0.09
5,GDPV,2019,0,0.68
5,CPV,2019,0,0.32
5,IFPV,2019,0,3.27
5,IHPV,2019,0,0.25
5,IGV,2019,0,0.18
5,CGV,2019,0,0.03
5,XGSV,2019,0,-0.04
5,MGSV,2019,0,0.37
5,GDPV,2020,0,0.69
5,CPV,2020,0,0.44
5,IFPV,2020,0,2.94
5,IHPV,2020,0,0.37
5,IGV,2020,0,0.27
5,CGV,2020,0,0.11
5,XGSV,2020,0,-0.1
5,MGSV,2020,0,0.41
5,NIV,2018,1,0.19
5,YWV,2018,1,0.11
5,YCV,2018,1,0.65
5,YDV,2018,1,0.09
5,TAXV,2018,1,-5.45
5,TYPV,2018,1,0.1
5,TYCV,2018,1,-21.75
5,TCIV,2018,1,0.13
5,NIV,2018,2,0.36
5,YWV,2018,2,0.24
5,YCV,2018,2,1.0
5,YDV,2018,2,0.22
5,TAXV,2018,2,-5.27
5,TYPV,2018,2,0.23
5,TYCV,2018,2,-21.1
5,TCIV,2018,2,0.27
5,NIV,2018,3,0.53
5,YWV,2018,3,0.37
5,YCV,2018,3,1.35
5,YDV,2018,3,0.35
5,TAXV,2018,3,-5.14
5,TYPV,2018,3,0.39
5,TYCV,2018,3,-20.77
5,TCIV,2018,3,0.42
5,NIV,2018,4,0.73
5,YWV,2018,4,0.55
5,YCV,2018,4,1.82
5,YDV,2018,4,0.52
5,TAXV,2018,4,-4.98
5,TYPV,2018,4,0.59
5,TYCV,2018,4,-20.55
5,TCIV,2018,4,0.59
5,NIV,2019,1,0.73
5,YWV,2019,1,0.59
5,YCV,2019,1,1.33
5,YDV,2019,1,0.59
5,TAXV,2019,1,-4.95
5,TYPV,2019,1,0.7
5,TYCV,2019,1,-21.21
5,TCIV,2019,1,0.63
5,NIV,2019,2,0.74
5,YWV,2019,2,0.63
5,YCV,2019,2,1.1
5,YDV,2019,2,0.64
5,TAXV,2019,2,-5.05
5,TYPV,2019,2,0.8
5,TYCV,2019,2,-22.15
5,TCIV,2019,2,0.68
5,NIV,2019,3,0.73
5,YWV,2019,3,0.64
5,YCV,2019,3,0.83
5,YDV,2019,3,0.66
5,TAXV,2019,3,-4.94
5,TYPV,2019,3,0.86
5,TYCV,2019,3,-22.07
5,TCIV,2019,3,0.72
5,NIV,2019,4,0.66
5,YWV,2019,4,0.6
5,YCV,2019,4,0.44
5,YDV,2019,4,0.64
5,TAXV,2019,4,-4.84
5,TYPV,2019,4,0.85
5,TYCV,2019,4,-21.14
5,TCIV,2019,4,0.71
5,NIV,2020,1,0.6
5,YWV,2020,1,0.58
5,YCV,2020,1,0.23
5,YDV,2020,1,0.62
5,TAXV,2020,1,-4.81
5,TYPV,2020,1,0.84
5,TYCV,2020,1,-20.38
5,TCIV,2020,1,0.72
5,NIV,2020,2,0.48
5,YWV,2020,2,0.54
5,YCV,2020,2,-2.2
5,YDV,2020,2,0.53
5,TAXV,2020,2,-4.49
5,TYPV,2020,2,0.77
5,TYCV,2020,2,-20.14
5,TCIV,2020,2,0.7
5,NIV,2020,3,0.43
5,YWV,2020,3,0.51
5,YCV,2020,3,-1.1
5,YDV,2020,3,0.53
5,TAXV,2020,3,-4.67
5,TYPV,2020,3,0.7
5,TYCV,2020,3,-21.47
5,TCIV,2020,3,0.68
5,NIV,2020,4,0.37
5,YWV,2020,4,0.51
5,YCV,2020,4,-1.11
5,YDV,2020,4,0.54
5,TAXV,2020,4,-4.66
5,TYPV,2020,4,0.64
5,TYCV,2020,4,-21.18
5,TCIV,2020,4,0.68
5,NIV,2018,0,0.45
5,YWV,2018,0,0.32
5,YCV,2018,0,1.2
5,YDV,2018,0,0.3
5,TAXV,2018,0,-5.21
5,TYPV,2018,0,0.33
5,TYCV,2018,0,-21.04
5,TCIV,2018,0,0.35
5,NIV,2019,0,0.71
5,YWV,2019,0,0.62
5,YCV,2019,0,0.92
5,YDV,2019,0,0.63
5,TAXV,2019,0,-4.95
5,TYPV,2019,0,0.8
5,TYCV,2019,0,-21.64
5,TCIV,2019,0,0.68
5,NIV,2020,0,0.47
5,YWV,2020,0,0.53
5,YCV,2020,0,-1.04
5,YDV,2020,0,0.55
5,TAXV,2020,0,-4.66
5,TYPV,2020,0,0.74
5,TYCV,2020,0,-20.79
5,TCIV,2020,0,0.69
5,WIPH,2018,1,0.06
5,LE,2018,1,0.02
5,LF,2018,1,0.02
5,LH,2018,1,0.04
5,UR,2018,1,0.0
5,CUX,2018,1,0.26
5,GDPPOT,2018,1,0.01
5,GDPGAP,2018,1,0.12
5,WIPH,2018,2,0.13
5,LE,2018,2,0.05
5,LF,2018,2,0.05
5,LH,2018,2,0.07
5,UR,2018,2,-0.01
5,CUX,2018,2,0.49
5,GDPPOT,2018,2,0.04
5,GDPGAP,2018,2,0.23
5,WIPH,2018,3,0.2
5,LE,2018,3,0.09
5,LF,2018,3,0.08
5,LH,2018,3,0.1
5,UR,2018,3,-0.01
5,CUX,2018,3,0.69
5,GDPPOT,2018,3,0.08
5,GDPGAP,2018,3,0.33
5,WIPH,2018,4,0.31
5,LE,2018,4,0.13
5,LF,2018,4,0.12
5,LH,2018,4,0.14
5,UR,2018,4,-0.01
5,CUX,2018,4,0.88
5,GDPPOT,2018,4,0.13
5,GDPGAP,2018,4,0.43
5,WIPH,2019,1,0.34
5,LE,2019,1,0.14
5,LF,2019,1,0.13
5,LH,2019,1,0.14
5,UR,2019,1,-0.02
5,CUX,2019,1,0.83
5,GDPPOT,2019,1,0.17
5,GDPGAP,2019,1,0.41
5,WIPH,2019,2,0.37
5,LE,2019,2,0.15
5,LF,2019,2,0.14
5,LH,2019,2,0.13
5,UR,2019,2,-0.02
5,CUX,2019,2,0.77
5,GDPPOT,2019,2,0.21
5,GDPGAP,2019,2,0.39
5,WIPH,2019,3,0.4
5,LE,2019,3,0.15
5,LF,2019,3,0.14
5,LH,2019,3,0.13
5,UR,2019,3,-0.01
5,CUX,2019,3,0.71
5,GDPPOT,2019,3,0.25
5,GDPGAP,2019,3,0.36
5,WIPH,2019,4,0.39
5,LE,2019,4,0.14
5,LF,2019,4,0.13
5,LH,2019,4,0.11
5,UR,2019,4,-0.01
5,CUX,2019,4,0.55
5,GDPPOT,2019,4,0.28
5,GDPGAP,2019,4,0.3
5,WIPH,2020,1,0.39
5,LE,2020,1,0.13
5,LF,2020,1,0.11
5,LH,2020,1,0.1
5,UR,2020,1,-0.01
5,CUX,2020,1,0.5
5,GDPPOT,2020,1,0.3
5,GDPGAP,2020,1,0.27
5,WIPH,2020,2,0.38
5,LE,2020,2,0.11
5,LF,2020,2,0.1
5,LH,2020,2,0.08
5,UR,2020,2,-0.01
5,CUX,2020,2,0.37
5,GDPPOT,2020,2,0.32
5,GDPGAP,2020,2,0.2
5,WIPH,2020,3,0.38
5,LE,2020,3,0.1
5,LF,2020,3,0.09
5,LH,2020,3,0.06
5,UR,2020,3,-0.01
5,CUX,2020,3,0.28
5,GDPPOT,2020,3,0.34
5,GDPGAP,2020,3,0.15
5,WIPH,2020,4,0.39
5,LE,2020,4,0.09
5,LF,2020,4,0.08
5,LH,2020,4,0.05
5,UR,2020,4,-0.01
5,CUX,2020,4,0.18
5,GDPPOT,2020,4,0.35
5,GDPGAP,2020,4,0.11
5,WIPH,2018,0,0.17
5,LE,2018,0,0.08
5,LF,2018,0,0.07
5,LH,2018,0,0.09
5,UR,2018,0,-0.01
5,CUX,2018,0,0.58
5,GDPPOT,2018,0,0.06
5,GDPGAP,2018,0,0.28
5,WIPH,2019,0,0.37
5,LE,2019,0,0.15
5,LF,2019,0,0.13
5,LH,2019,0,0.12
5,UR,2019,0,-0.01
5,CUX,2019,0,0.71
5,GDPPOT,2019,0,0.23
5,GDPGAP,2019,0,0.36
5,WIPH,2020,0,0.38
5,LE,2020,0,0.11
5,LF,2020,0,0.1
5,LH,2020,0,0.07
5,UR,2020,0,-0.01
5,CUX,2020,0,0.33
5,GDPPOT,2020,0,0.33
5,GDPGAP,2020,0,0.18
5,RCD,2018,1,0.01
5,RGB,2018,1,0.0
5,PERR,2018,1,-2.45
5,UCC,2018,1,-0.3
5,FXS,2018,1,0.0
5,PSHARE,2018,1,-0.01
5,PLAND,2018,1,0.0
5,M2CD,2018,1,0.1
5,RCD,2018,2,0.02
5,RGB,2018,2,0.01
5,PERR,2018,2,-2.76
5,UCC,2018,2,-0.32
5,FXS,2018,2,-0.01
5,PSHARE,2018,2,-0.1
5,PLAND,2018,2,0.0
5,M2CD,2018,2,0.19
5,RCD,2018,3,0.05
5,RGB,2018,3,0.02
5,PERR,2018,3,-3.08
5,UCC,2018,3,-0.61
5,FXS,2018,3,-0.02
5,PSHARE,2018,3,-0.31
5,PLAND,2018,3,0.0
5,M2CD,2018,3,0.26
5,RCD,2018,4,0.07
5,RGB,2018,4,0.03
5,PERR,2018,4,-2.91
5,UCC,2018,4,-0.29
5,FXS,2018,4,-0.04
5,PSHARE,2018,4,-0.67
5,PLAND,2018,4,0.0
5,M2CD,2018,4,0.33
5,RCD,2019,1,0.09
5,RGB,2019,1,0.04
5,PERR,2019,1,-3.66
5,UCC,2019,1,-0.28
5,FXS,2019,1,-0.06
5,PSHARE,2019,1,-1.18
5,PLAND,2019,1,0.01
5,M2CD,2019,1,0.29
5,RCD,2019,2,0.11
5,RGB,2019,2,0.05
5,PERR,2019,2,-3.83
5,UCC,2019,2,-0.08
5,FXS,2019,2,-0.08
5,PSHARE,2019,2,-1.73
5,PLAND,2019,2,0.02
5,M2CD,2019,2,0.28
5,RCD,2019,3,0.12
5,RGB,2019,3,0.05
5,PERR,2019,3,-4.35
5,UCC,2019,3,-0.11
5,FXS,2019,3,-0.11
5,PSHARE,2019,3,-2.24
5,PLAND,2019,3,0.04
5,M2CD,2019,3,0.29
5,RCD,2019,4,0.12
5,RGB,2019,4,0.06
5,PERR,2019,4,-5.28
5,UCC,2019,4,-0.44
5,FXS,2019,4,-0.15
5,PSHARE,2019,4,-2.66
5,PLAND,2019,4,0.06
5,M2CD,2019,4,0.29
5,RCD,2020,1,0.12
5,RGB,2020,1,0.06
5,PERR,2020,1,-4.95
5,UCC,2020,1,0.28
5,FXS,2020,1,-0.18
5,PSHARE,2020,1,-2.92
5,PLAND,2020,1,0.08
5,M2CD,2020,1,0.32
5,RCD,2020,2,0.12
5,RGB,2020,2,0.05
5,PERR,2020,2,-5.87
5,UCC,2020,2,-0.92
5,FXS,2020,2,-0.21
5,PSHARE,2020,2,-3.04
5,PLAND,2020,2,0.11
5,M2CD,2020,2,0.33
5,RCD,2020,3,0.11
5,RGB,2020,3,0.05
5,PERR,2020,3,-11.85
5,UCC,2020,3,-0.91
5,FXS,2020,3,-0.23
5,PSHARE,2020,3,-3.04
5,PLAND,2020,3,0.14
5,M2CD,2020,3,0.35
5,RCD,2020,4,0.1
5,RGB,2020,4,0.05
5,PERR,2020,4,-23.27
5,UCC,2020,4,-0.69
5,FXS,2020,4,-0.26
5,PSHARE,2020,4,-2.92
5,PLAND,2020,4,0.17
5,M2CD,2020,4,0.38
5,RCD,2018,0,0.04
5,RGB,2018,0,0.02
5,PERR,2018,0,-2.8
5,UCC,2018,0,-0.38
5,FXS,2018,0,-0.02
5,PSHARE,2018,0,-0.27
5,PLAND,2018,0,0.0
5,M2CD,2018,0,0.22
5,RCD,2019,0,0.11
5,RGB,2019,0,0.05
5,PERR,2019,0,-4.28
5,UCC,2019,0,-0.23
5,FXS,2019,0,-0.1
5,PSHARE,2019,0,-1.95
5,PLAND,2019,0,0.03
5,M2CD,2019,0,0.29
5,RCD,2020,0,0.11
5,RGB,2020,0,0.05
5,PERR,2020,0,-11.49
5,UCC,2020,0,-0.56
5,FXS,2020,0,-0.22
5,PSHARE,2020,0,-2.98
5,PLAND,2020,0,0.13
5,M2CD,2020,0,0.34
5,BGVATGDPV,2018,1,-0.98
5,SBGVATGDPV,2018,1,-0.07
5,BCVATGDPV,2018,1,-0.01
5,KFP,2018,1,0.03
5,KHP,2018,1,0.0
5,KG,2018,1,0.0
5,BGVATGDPV,2018,2,-0.96
5,SBGVATGDPV,2018,2,-0.17
5,BCVATGDPV,2018,2,-0.02
5,KFP,2018,2,0.08
5,KHP,2018,2,0.0
5,KG,2018,2,0.0
5,BGVATGDPV,2018,3,-0.93
5,SBGVATGDPV,2018,3,-0.28
5,BCVATGDPV,2018,3,-0.04
5,KFP,2018,3,0.15
5,KHP,2018,3,0.0
5,KG,2018,3,0.0
5,BGVATGDPV,2018,4,-0.89
5,SBGVATGDPV,2018,4,-0.47
5,BCVATGDPV,2018,4,-0.06
5,KFP,2018,4,0.24
5,KHP,2018,4,0.0
5,KG,2018,4,0.0
5,BGVATGDPV,2019,1,-0.89
5,SBGVATGDPV,2019,1,-0.32
5,BCVATGDPV,2019,1,-0.08
5,KFP,2019,1,0.33
5,KHP,2019,1,0.0
5,KG,2019,1,0.0
5,BGVATGDPV,2019,2,-0.87
5,SBGVATGDPV,2019,2,-0.21
5,BCVATGDPV,2019,2,-0.11
5,KFP,2019,2,0.41
5,KHP,2019,2,0.01
5,KG,2019,2,0.0
5,BGVATGDPV,2019,3,-0.86
5,SBGVATGDPV,2019,3,-0.08
5,BCVATGDPV,2019,3,-0.14
5,KFP,2019,3,0.5
5,KHP,2019,3,0.01
5,KG,2019,3,0.0
5,BGVATGDPV,2019,4,-0.86
5,SBGVATGDPV,2019,4,0.16
5,BCVATGDPV,2019,4,-0.18
5,KFP,2019,4,0.57
5,KHP,2019,4,0.01
5,KG,2019,4,0.0
5,BGVATGDPV,2020,1,-0.85
5,SBGVATGDPV,2020,1,0.36
5,BCVATGDPV,2020,1,-0.21
5,KFP,2020,1,0.65
5,KHP,2020,1,0.01
5,KG,2020,1,0.0
5,BGVATGDPV,2020,2,-0.85
5,SBGVATGDPV,2020,2,0.59
5,BCVATGDPV,2020,2,-0.22
5,KFP,2020,2,0.7
5,KHP,2020,2,0.02
5,KG,2020,2,0.0
5,BGVATGDPV,2020,3,-0.85
5,SBGVATGDPV,2020,3,0.83
5,BCVATGDPV,2020,3,-0.26
5,KFP,2020,3,0.76
5,KHP,2020,3,0.02
5,KG,2020,3,0.0
5,BGVATGDPV,2020,4,-0.84
5,SBGVATGDPV,2020,4,1.06
5,BCVATGDPV,2020,4,-0.27
5,KFP,2020,4,0.81
5,KHP,2020,4,0.02
5,KG,2020,4,0.0
5,BGVATGDPV,2018,0,-0.94
5,SBGVATGDPV,2018,0,-0.25
5,BCVATGDPV,2018,0,-0.03
5,KFP,2018,0,0.12
5,KHP,2018,0,0.0
5,KG,2018,0,0.0
5,BGVATGDPV,2019,0,-0.87
5,SBGVATGDPV,2019,0,-0.11
5,BCVATGDPV,2019,0,-0.13
5,KFP,2019,0,0.45
5,KHP,2019,0,0.01
5,KG,2019,0,0.0
5,BGVATGDPV,2020,0,-0.85
5,SBGVATGDPV,2020,0,0.71
5,BCVATGDPV,2020,0,-0.24
5,KFP,2020,0,0.73
5,KHP,2020,0,0.02
5,KG,2020,0,0.0
6,GDP,2018,1,-0.37
6,CP,2018,1,-0.55
6,IFP,2018,1,-0.01
6,IHP,2018,1,-1.37
6,IG,2018,1,0.0
6,CG,2018,1,0.0
6,XGS,2018,1,0.0
6,MGS,2018,1,0.03
6,GDP,2018,2,-0.1
6,CP,2018,2,-0.31
6,IFP,2018,2,0.0
6,IHP,2018,2,-1.34
6,IG,2018,2,0.0
6,CG,2018,2,0.0
6,XGS,2018,2,0.0
6,MGS,2018,2,-0.6
6,GDP,2018,3,-0.23
6,CP,2018,3,-0.52
6,IFP,2018,3,-0.02
6,IHP,2018,3,-1.46
6,IG,2018,3,0.0
6,CG,2018,3,0.0
6,XGS,2018,3,0.0
6,MGS,2018,3,-0.61
6,GDP,2018,4,-0.19
6,CP,2018,4,-0.51
6,IFP,2018,4,-0.03
6,IHP,2018,4,-1.48
6,IG,2018,4,0.0
6,CG,2018,4,0.0
6,XGS,2018,4,0.0
6,MGS,2018,4,-0.74
6,GDP,2019,1,-0.21
6,CP,2019,1,-0.52
6,IFP,2019,1,-0.04
6,IHP,2019,1,-1.48
6,IG,2019,1,0.0
6,CG,2019,1,0.0
6,XGS,2019,1,0.0
6,MGS,2019,1,-0.74
6,GDP,2019,2,-0.21
6,CP,2019,2,-0.53
6,IFP,2019,2,-0.04
6,IHP,2019,2,-1.51
6,IG,2019,2,0.0
6,CG,2019,2,0.0
6,XGS,2019,2,0.0
6,MGS,2019,2,-0.76
6,GDP,2019,3,-0.2
6,CP,2019,3,-0.53
6,IFP,2019,3,-0.03
6,IHP,2019,3,-1.5
6,IG,2019,3,0.0
6,CG,2019,3,0.0
6,XGS,2019,3,0.0
6,MGS,2019,3,-0.77
6,GDP,2019,4,-0.2
6,CP,2019,4,-0.54
6,IFP,2019,4,-0.02
6,IHP,2019,4,-1.51
6,IG,2019,4,0.0
6,CG,2019,4,0.0
6,XGS,2019,4,0.0
6,MGS,2019,4,-0.78
6,GDP,2020,1,-0.2
6,CP,2020,1,-0.52
6,IFP,2020,1,-0.02
6,IHP,2020,1,-1.5
6,IG,2020,1,0.0
6,CG,2020,1,0.0
6,XGS,2020,1,0.0
6,MGS,2020,1,-0.77
6,GDP,2020,2,-0.19
6,CP,2020,2,-0.5
6,IFP,2020,2,-0.02
6,IHP,2020,2,-1.5
6,IG,2020,2,0.0
6,CG,2020,2,0.0
6,XGS,2020,2,0.0
6,MGS,2020,2,-0.73
6,GDP,2020,3,-0.2
6,CP,2020,3,-0.51
6,IFP,2020,3,-0.02
6,IHP,2020,3,-1.5
6,IG,2020,3,0.0
6,CG,2020,3,0.0
6,XGS,2020,3,0.0
6,MGS,2020,3,-0.73
6,GDP,2020,4,-0.2
6,CP,2020,4,-0.53
6,IFP,2020,4,-0.02
6,IHP,2020,4,-1.51
6,IG,2020,4,0.0
6,CG,2020,4,0.0
6,XGS,2020,4,0.0
6,MGS,2020,4,-0.76
6,GDP,2018,0,-0.22
6,CP,2018,0,-0.47
6,IFP,2018,0,-0.01
6,IHP,2018,0,-1.41
6,IG,2018,0,0.0
6,CG,2018,0,0.0
6,XGS,2018,0,0.0
6,MGS,2018,0,-0.48
6,GDP,2019,0,-0.21
6,CP,2019,0,-0.53
6,IFP,2019,0,-0.03
6,IHP,2019,0,-1.5
6,IG,2019,0,0.0
6,CG,2019,0,0.0
6,XGS,2019,0,0.0
6,MGS,2019,0,-0.76
6,GDP,2020,0,-0.19
6,CP,2020,0,-0.52
6,IFP,2020,0,-0.02
6,IHP,2020,0,-1.5
6,IG,2020,0,0.0
6,CG,2020,0,0.0
6,XGS,2020,0,0.0
6,MGS,2020,0,-0.75
6,GDPD,2018,1,-2.82
6,PGDP,2018,1,0.46
6,PCP,2018,1,0.52
6,PIFP,2018,1,0.18
6,PIHP,2018,1,0.81
6,PXGS,2018,1,0.0
6,PMGS,2018,1,0.0
6,CGPI,2018,1,0.88
6,GDPD,2018,2,1.06
6,PGDP,2018,2,0.46
6,PCP,2018,2,0.52
6,PIFP,2018,2,0.2
6,PIHP,2018,2,0.8
6,PXGS,2018,2,0.0
6,PMGS,2018,2,-0.01
6,CGPI,2018,2,0.85
6,GDPD,2018,3,-0.51
6,PGDP,2018,3,0.46
6,PCP,2018,3,0.52
6,PIFP,2018,3,0.17
6,PIHP,2018,3,0.8
6,PXGS,2018,3,0.0
6,PMGS,2018,3,0.0
6,CGPI,2018,3,0.86
6,GDPD,2018,4,0.16
6,PGDP,2018,4,0.45
6,PCP,2018,4,0.51
6,PIFP,2018,4,0.17
6,PIHP,2018,4,0.79
6,PXGS,2018,4,0.0
6,PMGS,2018,4,0.0
6,CGPI,2018,4,0.84
6,GDPD,2019,1,-0.06
6,PGDP,2019,1,0.43
6,PCP,2019,1,0.49
6,PIFP,2019,1,0.15
6,PIHP,2019,1,0.77
6,PXGS,2019,1,0.0
6,PMGS,2019,1,-0.02
6,CGPI,2019,1,0.83
6,GDPD,2019,2,0.0
6,PGDP,2019,2,0.42
6,PCP,2019,2,0.47
6,PIFP,2019,2,0.15
6,PIHP,2019,2,0.75
6,PXGS,2019,2,0.0
6,PMGS,2019,2,-0.01
6,CGPI,2019,2,0.82
6,GDPD,2019,3,0.02
6,PGDP,2019,3,0.4
6,PCP,2019,3,0.45
6,PIFP,2019,3,0.13
6,PIHP,2019,3,0.73
6,PXGS,2019,3,0.0
6,PMGS,2019,3,-0.02
6,CGPI,2019,3,0.81
6,GDPD,2019,4,0.0
6,PGDP,2019,4,0.38
6,PCP,2019,4,0.43
6,PIFP,2019,4,0.12
6,PIHP,2019,4,0.7
6,PXGS,2019,4,0.0
6,PMGS,2019,4,-0.02
6,CGPI,2019,4,0.78
6,GDPD,2020,1,0.03
6,PGDP,2020,1,0.37
6,PCP,2020,1,0.42
6,PIFP,2020,1,0.11
6,PIHP,2020,1,0.68
6,PXGS,2020,1,0.0
6,PMGS,2020,1,-0.03
6,CGPI,2020,1,0.77
6,GDPD,2020,2,0.03
6,PGDP,2020,2,0.36
6,PCP,2020,2,0.4
6,PIFP,2020,2,0.1
6,PIHP,2020,2,0.66
6,PXGS,2020,2,-0.01
6,PMGS,2020,2,-0.07
6,CGPI,2020,2,0.76
6,GDPD,2020,3,-0.05
6,PGDP,2020,3,0.34
6,PCP,2020,3,0.39
6,PIFP,2020,3,0.08
6,PIHP,2020,3,0.65
6,PXGS,2020,3,-0.01
6,PMGS,2020,3,-0.06
6,CGPI,2020,3,0.75
6,GDPD,2020,4,0.0
6,PGDP,2020,4,0.33
6,PCP,2020,4,0.38
6,PIFP,2020,4,0.07
6,PIHP,2020,4,0.63
6,PXGS,2020,4,-0.01
6,PMGS,2020,4,-0.06
6,CGPI,2020,4,0.74
6,GDPD,2018,0,-0.53
6,PGDP,2018,0,0.46
6,PCP,2018,0,0.52
6,PIFP,2018,0,0.18
6,PIHP,2018,0,0.8
6,PXGS,2018,0,0.0
6,PMGS,2018,0,0.0
6,CGPI,2018,0,0.86
6,GDPD,2019,0,-0.01
6,PGDP,2019,0,0.41
6,PCP,2019,0,0.46
6,PIFP,2019,0,0.14
6,PIHP,2019,0,0.74
6,PXGS,2019,0,0.0
6,PMGS,2019,0,-0.02
6,CGPI,2019,0,0.81
6,GDPD,2020,0,0.0
6,PGDP,2020,0,0.35
6,PCP,2020,0,0.4
6,PIFP,2020,0,0.09
6,PIHP,2020,0,0.66
6,PXGS,2020,0,-0.01
6,PMGS,2020,0,-0.06
6,CGPI,2020,0,0.76
6,GDPV,2018,1,0.09
6,CPV,2018,1,-0.03
6,IFPV,2018,1,0.17
6,IHPV,2018,1,-0.58
6,IGV,2018,1,0.45
6,CGV,2018,1,0.48
6,XGSV,2018,1,0.0
6,MGSV,2018,1,0.03
6,GDPV,2018,2,0.36
6,CPV,2018,2,0.21
6,IFPV,2018,2,0.2
6,IHPV,2018,2,-0.54
6,IGV,2018,2,0.46
6,CGV,2018,2,0.49
6,XGSV,2018,2,0.0
6,MGSV,2018,2,-0.61
6,GDPV,2018,3,0.22
6,CPV,2018,3,-0.01
6,IFPV,2018,3,0.15
6,IHPV,2018,3,-0.68
6,IGV,2018,3,0.42
6,CGV,2018,3,0.49
6,XGSV,2018,3,0.0
6,MGSV,2018,3,-0.61
6,GDPV,2018,4,0.26
6,CPV,2018,4,-0.01
6,IFPV,2018,4,0.14
6,IHPV,2018,4,-0.7
6,IGV,2018,4,0.41
6,CGV,2018,4,0.5
6,XGSV,2018,4,0.0
6,MGSV,2018,4,-0.73
6,GDPV,2019,1,0.22
6,CPV,2019,1,-0.04
6,IFPV,2019,1,0.11
6,IHPV,2019,1,-0.72
6,IGV,2019,1,0.38
6,CGV,2019,1,0.5
6,XGSV,2019,1,0.0
6,MGSV,2019,1,-0.76
6,GDPV,2019,2,0.21
6,CPV,2019,2,-0.07
6,IFPV,2019,2,0.11
6,IHPV,2019,2,-0.78
6,IGV,2019,2,0.36
6,CGV,2019,2,0.49
6,XGSV,2019,2,0.0
6,MGSV,2019,2,-0.76
6,GDPV,2019,3,0.2
6,CPV,2019,3,-0.08
6,IFPV,2019,3,0.1
6,IHPV,2019,3,-0.79
6,IGV,2019,3,0.33
6,CGV,2019,3,0.49
6,XGSV,2019,3,0.0
6,MGSV,2019,3,-0.78
6,GDPV,2019,4,0.18
6,CPV,2019,4,-0.12
6,IFPV,2019,4,0.1
6,IHPV,2019,4,-0.83
6,IGV,2019,4,0.3
6,CGV,2019,4,0.48
6,XGSV,2019,4,-0.01
6,MGSV,2019,4,-0.8
6,GDPV,2020,1,0.17
6,CPV,2020,1,-0.11
6,IFPV,2020,1,0.08
6,IHPV,2020,1,-0.83
6,IGV,2020,1,0.29
6,CGV,2020,1,0.47
6,XGSV,2020,1,-0.01
6,MGSV,2020,1,-0.8
6,GDPV,2020,2,0.17
6,CPV,2020,2,-0.1
6,IFPV,2020,2,0.07
6,IHPV,2020,2,-0.85
6,IGV,2020,2,0.28
6,CGV,2020,2,0.46
6,XGSV,2020,2,-0.01
6,MGSV,2020,2,-0.79
6,GDPV,2020,3,0.15
6,CPV,2020,3,-0.12
6,IFPV,2020,3,0.06
6,IHPV,2020,3,-0.86
6,IGV,2020,3,0.26
6,CGV,2020,3,0.45
6,XGSV,2020,3,-0.01
6,MGSV,2020,3,-0.79
6,GDPV,2020,4,0.13
6,CPV,2020,4,-0.15
6,IFPV,2020,4,0.04
6,IHPV,2020,4,-0.89
6,IGV,2020,4,0.24
6,CGV,2020,4,0.44
6,XGSV,2020,4,-0.01
6,MGSV,2020,4,-0.82
6,GDPV,2018,0,0.23
6,CPV,2018,0,0.04
6,IFPV,2018,0,0.16
6,IHPV,2018,0,-0.62
6,IGV,2018,0,0.44
6,CGV,2018,0,0.49
6,XGSV,2018,0,0.0
6,MGSV,2018,0,-0.48
6,GDPV,2019,0,0.2
6,CPV,2019,0,-0.08
6,IFPV,2019,0,0.1
6,IHPV,2019,0,-0.78
6,IGV,2019,0,0.35
6,CGV,2019,0,0.49
6,XGSV,2019,0,0.0
6,MGSV,2019,0,-0.78
6,GDPV,2020,0,0.16
6,CPV,2020,0,-0.12
6,IFPV,2020,0,0.06
6,IHPV,2020,0,-0.86
6,IGV,2020,0,0.26
6,CGV,2020,0,0.45
6,XGSV,2020,0,-0.01
6,MGSV,2020,0,-0.8
6,NIV,2018,1,-0.52
6,YWV,2018,1,-0.26
6,YCV,2018,1,-2.33
6,YDV,2018,1,-0.15
6,TAXV,2018,1,2.53
6,TYPV,2018,1,-0.18
6,TYCV,2018,1,0.4
6,NIV,2018,2,-0.24
6,YWV,2018,2,-0.1
6,YCV,2018,2,-0.82
6,YDV,2018,2,-0.13
6,TAXV,2018,2,2.35
6,TYPV,2018,2,-0.08
6,TYCV,2018,2,-0.16
6,NIV,2018,3,-0.42
6,YWV,2018,3,-0.16
6,YCV,2018,3,-1.83
6,YDV,2018,3,-0.13
6,TAXV,2018,3,2.24
6,TYPV,2018,3,-0.18
6,TYCV,2018,3,-0.4
6,NIV,2018,4,-0.38
6,YWV,2018,4,-0.25
6,YCV,2018,4,-1.19
6,YDV,2018,4,-0.23
6,TAXV,2018,4,2.11
6,TYPV,2018,4,-0.27
6,TYCV,2018,4,-0.91
6,NIV,2019,1,-0.43
6,YWV,2019,1,-0.17
6,YCV,2019,1,-1.86
6,YDV,2019,1,-0.16
6,TAXV,2019,1,1.96
6,TYPV,2019,1,-0.29
6,TYCV,2019,1,-1.64
6,NIV,2019,2,-0.45
6,YWV,2019,2,-0.26
6,YCV,2019,2,-1.47
6,YDV,2019,2,-0.25
6,TAXV,2019,2,2.08
6,TYPV,2019,2,-0.32
6,TYCV,2019,2,-1.53
6,NIV,2019,3,-0.45
6,YWV,2019,3,-0.21
6,YCV,2019,3,-1.73
6,YDV,2019,3,-0.21
6,TAXV,2019,3,2.0
6,TYPV,2019,3,-0.34
6,TYCV,2019,3,-1.73
6,NIV,2019,4,-0.34
6,YWV,2019,4,-0.17
6,YCV,2019,4,-1.47
6,YDV,2019,4,-0.17
6,TAXV,2019,4,1.42
6,TYPV,2019,4,-0.33
6,TYCV,2019,4,-1.71
6,NIV,2020,1,-0.34
6,YWV,2020,1,-0.14
6,YCV,2020,1,-1.38
6,YDV,2020,1,-0.14
6,TAXV,2020,1,1.38
6,TYPV,2020,1,-0.32
6,TYCV,2020,1,-1.79
6,NIV,2020,2,-0.43
6,YWV,2020,2,-0.25
6,YCV,2020,2,-3.76
6,YDV,2020,2,-0.2
6,TAXV,2020,2,1.59
6,TYPV,2020,2,-0.29
6,TYCV,2020,2,-1.67
6,NIV,2020,3,-0.48
6,YWV,2020,3,-0.24
6,YCV,2020,3,-2.66
6,YDV,2020,3,-0.24
6,TAXV,2020,3,1.64
6,TYPV,2020,3,-0.31
6,TYCV,2020,3,-1.92
6,NIV,2020,4,-0.5
6,YWV,2020,4,-0.29
6,YCV,2020,4,-1.89
6,YDV,2020,4,-0.29
6,TAXV,2020,4,1.64
6,TYPV,2020,4,-0.34
6,TYCV,2020,4,-2.13
6,NIV,2018,0,-0.39
6,YWV,2018,0,-0.19
6,YCV,2018,0,-1.54
6,YDV,2018,0,-0.16
6,TAXV,2018,0,2.31
6,TYPV,2018,0,-0.18
6,TYCV,2018,0,-0.27
6,NIV,2019,0,-0.42
6,YWV,2019,0,-0.2
6,YCV,2019,0,-1.63
6,YDV,2019,0,-0.2
6,TAXV,2019,0,1.86
6,TYPV,2019,0,-0.32
6,TYCV,2019,0,-1.65
6,NIV,2020,0,-0.44
6,YWV,2020,0,-0.23
6,YCV,2020,0,-2.42
6,YDV,2020,0,-0.22
6,TAXV,2020,0,1.56
6,TYPV,2020,0,-0.32
6,TYCV,2020,0,-1.88
6,WIPH,2018,1,-0.12
6,LE,2018,1,-0.05
6,LF,2018,1,-0.05
6,LH,2018,1,-0.1
6,UR,2018,1,0.0
6,CUX,2018,1,-0.74
6,GDPPOT,2018,1,-0.03
6,GDPGAP,2018,1,-0.34
6,WIPH,2018,2,-0.06
6,LE,2018,2,-0.02
6,LF,2018,2,-0.02
6,LH,2018,2,-0.03
6,UR,2018,2,0.0
6,CUX,2018,2,-0.19
6,GDPPOT,2018,2,-0.01
6,GDPGAP,2018,2,-0.09
6,WIPH,2018,3,-0.07
6,LE,2018,3,-0.04
6,LF,2018,3,-0.03
6,LH,2018,3,-0.06
6,UR,2018,3,0.01
6,CUX,2018,3,-0.45
6,GDPPOT,2018,3,-0.02
6,GDPGAP,2018,3,-0.21
6,WIPH,2018,4,-0.14
6,LE,2018,4,-0.07
6,LF,2018,4,-0.06
6,LH,2018,4,-0.05
6,UR,2018,4,0.01
6,CUX,2018,4,-0.31
6,GDPPOT,2018,4,-0.04
6,GDPGAP,2018,4,-0.16
6,WIPH,2019,1,-0.08
6,LE,2019,1,-0.04
6,LF,2019,1,-0.03
6,LH,2019,1,-0.06
6,UR,2019,1,0.01
6,CUX,2019,1,-0.39
6,GDPPOT,2019,1,-0.02
6,GDPGAP,2019,1,-0.19
6,WIPH,2019,2,-0.15
6,LE,2019,2,-0.06
6,LF,2019,2,-0.06
6,LH,2019,2,-0.06
6,UR,2019,2,0.01
6,CUX,2019,2,-0.35
6,GDPPOT,2019,2,-0.03
6,GDPGAP,2019,2,-0.18
6,WIPH,2019,3,-0.12
6,LE,2019,3,-0.05
6,LF,2019,3,-0.04
6,LH,2019,3,-0.05
6,UR,2019,3,0.01
6,CUX,2019,3,-0.36
6,GDPPOT,2019,3,-0.03
6,GDPGAP,2019,3,-0.18
6,WIPH,2019,4,-0.09
6,LE,2019,4,-0.03
6,LF,2019,4,-0.02
6,LH,2019,4,-0.05
6,UR,2019,4,0.01
6,CUX,2019,4,-0.37
6,GDPPOT,2019,4,-0.02
6,GDPGAP,2019,4,-0.18
6,WIPH,2020,1,-0.08
6,LE,2020,1,-0.02
6,LF,2020,1,-0.01
6,LH,2020,1,-0.05
6,UR,2020,1,0.01
6,CUX,2020,1,-0.37
6,GDPPOT,2020,1,-0.01
6,GDPGAP,2020,1,-0.18
6,WIPH,2020,2,-0.16
6,LE,2020,2,-0.05
6,LF,2020,2,-0.04
6,LH,2020,2,-0.04
6,UR,2020,2,0.01
6,CUX,2020,2,-0.26
6,GDPPOT,2020,2,-0.03
6,GDPGAP,2020,2,-0.14
6,WIPH,2020,3,-0.16
6,LE,2020,3,-0.04
6,LF,2020,3,-0.03
6,LH,2020,3,-0.05
6,UR,2020,3,0.01
6,CUX,2020,3,-0.32
6,GDPPOT,2020,3,-0.02
6,GDPGAP,2020,3,-0.17
6,WIPH,2020,4,-0.2
6,LE,2020,4,-0.05
6,LF,2020,4,-0.04
6,LH,2020,4,-0.05
6,UR,2020,4,0.01
6,CUX,2020,4,-0.31
6,GDPPOT,2020,4,-0.03
6,GDPGAP,2020,4,-0.16
6,WIPH,2018,0,-0.1
6,LE,2018,0,-0.04
6,LF,2018,0,-0.04
6,LH,2018,0,-0.06
6,UR,2018,0,0.01
6,CUX,2018,0,-0.42
6,GDPPOT,2018,0,-0.02
6,GDPGAP,2018,0,-0.2
6,WIPH,2019,0,-0.11
6,LE,2019,0,-0.05
6,LF,2019,0,-0.04
6,LH,2019,0,-0.05
6,UR,2019,0,0.01
6,CUX,2019,0,-0.37
6,GDPPOT,2019,0,-0.02
6,GDPGAP,2019,0,-0.18
6,WIPH,2020,0,-0.15
6,LE,2020,0,-0.04
6,LF,2020,0,-0.03
6,LH,2020,0,-0.05
6,UR,2020,0,0.01
6,CUX,2020,0,-0.32
6,GDPPOT,2020,0,-0.02
6,GDPGAP,2020,0,-0.16
6,RCD,2018,1,0.0
6,RGB,2018,1,0.0
6,PERR,2018,1,0.0
6,UCC,2018,1,-0.13
6,FXS,2018,1,0.0
6,PSHARE,2018,1,-0.13
6,PLAND,2018,1,0.0
6,M2CD,2018,1,-0.36
6,RCD,2018,2,0.0
6,RGB,2018,2,0.0
6,PERR,2018,2,0.05
6,UCC,2018,2,0.14
6,FXS,2018,2,-0.01
6,PSHARE,2018,2,-0.1
6,PLAND,2018,2,0.0
6,M2CD,2018,2,-0.1
6,RCD,2018,3,0.0
6,RGB,2018,3,0.0
6,PERR,2018,3,0.17
6,UCC,2018,3,0.09
6,FXS,2018,3,-0.01
6,PSHARE,2018,3,-0.11
6,PLAND,2018,3,0.0
6,M2CD,2018,3,-0.22
6,RCD,2018,4,0.0
6,RGB,2018,4,0.0
6,PERR,2018,4,0.31
6,UCC,2018,4,0.25
6,FXS,2018,4,-0.01
6,PSHARE,2018,4,-0.04
6,PLAND,2018,4,0.0
6,M2CD,2018,4,-0.19
6,RCD,2019,1,0.0
6,RGB,2019,1,0.0
6,PERR,2019,1,0.33
6,UCC,2019,1,0.22
6,FXS,2019,1,-0.01
6,PSHARE,2019,1,0.05
6,PLAND,2019,1,0.0
6,M2CD,2019,1,-0.22
6,RCD,2019,2,0.0
6,RGB,2019,2,0.0
6,PERR,2019,2,0.37
6,UCC,2019,2,0.02
6,FXS,2019,2,-0.01
6,PSHARE,2019,2,0.05
6,PLAND,2019,2,0.0
6,M2CD,2019,2,-0.24
6,RCD,2019,3,0.0
6,RGB,2019,3,0.0
6,PERR,2019,3,0.39
6,UCC,2019,3,0.09
6,FXS,2019,3,-0.01
6,PSHARE,2019,3,0.06
6,PLAND,2019,3,0.0
6,M2CD,2019,3,-0.25
6,RCD,2019,4,0.0
6,RGB,2019,4,0.0
6,PERR,2019,4,0.47
6,UCC,2019,4,0.13
6,FXS,2019,4,-0.01
6,PSHARE,2019,4,0.06
6,PLAND,2019,4,0.0
6,M2CD,2019,4,-0.26
6,RCD,2020,1,0.0
6,RGB,2020,1,0.0
6,PERR,2020,1,0.37
6,UCC,2020,1,0.15
6,FXS,2020,1,-0.01
6,PSHARE,2020,1,0.06
6,PLAND,2020,1,0.0
6,M2CD,2020,1,-0.27
6,RCD,2020,2,0.0
6,RGB,2020,2,0.0
6,PERR,2020,2,0.57
6,UCC,2020,2,0.16
6,FXS,2020,2,-0.01
6,PSHARE,2020,2,0.05
6,PLAND,2020,2,0.0
6,M2CD,2020,2,-0.28
6,RCD,2020,3,0.0
6,RGB,2020,3,0.0
6,PERR,2020,3,0.93
6,UCC,2020,3,0.21
6,FXS,2020,3,-0.02
6,PSHARE,2020,3,0.04
6,PLAND,2020,3,0.0
6,M2CD,2020,3,-0.31
6,RCD,2020,4,0.0
6,RGB,2020,4,0.0
6,PERR,2020,4,1.36
6,UCC,2020,4,0.27
6,FXS,2020,4,-0.02
6,PSHARE,2020,4,0.03
6,PLAND,2020,4,0.0
6,M2CD,2020,4,-0.32
6,RCD,2018,0,0.0
6,RGB,2018,0,0.0
6,PERR,2018,0,0.13
6,UCC,2018,0,0.09
6,FXS,2018,0,-0.01
6,PSHARE,2018,0,-0.09
6,PLAND,2018,0,0.0
6,M2CD,2018,0,-0.22
6,RCD,2019,0,0.0
6,RGB,2019,0,0.0
6,PERR,2019,0,0.39
6,UCC,2019,0,0.11
6,FXS,2019,0,-0.01
6,PSHARE,2019,0,0.06
6,PLAND,2019,0,0.0
6,M2CD,2019,0,-0.24
6,RCD,2020,0,0.0
6,RGB,2020,0,0.0
6,PERR,2020,0,0.81
6,UCC,2020,0,0.2
6,FXS,2020,0,-0.01
6,PSHARE,2020,0,0.05
6,PLAND,2020,0,0.0
6,M2CD,2020,0,-0.3
6,BGVATGDPV,2018,1,0.34
6,SBGVATGDPV,2018,1,-0.31
6,BCVATGDPV,2018,1,-0.01
6,KFP,2018,1,0.0
6,KHP,2018,1,0.0
6,KG,2018,1,0.0
6,BGVATGDPV,2018,2,0.33
6,SBGVATGDPV,2018,2,-1.0
6,BCVATGDPV,2018,2,0.09
6,KFP,2018,2,0.0
6,KHP,2018,2,-0.01
6,KG,2018,2,0.0
6,BGVATGDPV,2018,3,0.31
6,SBGVATGDPV,2018,3,-0.77
6,BCVATGDPV,2018,3,0.1
6,KFP,2018,3,0.0
6,KHP,2018,3,-0.03
6,KG,2018,3,0.0
6,BGVATGDPV,2018,4,0.29
6,SBGVATGDPV,2018,4,-0.93
6,BCVATGDPV,2018,4,0.13
6,KFP,2018,4,0.0
6,KHP,2018,4,-0.05
6,KG,2018,4,0.0
6,BGVATGDPV,2019,1,0.26
6,SBGVATGDPV,2019,1,-0.92
6,BCVATGDPV,2019,1,0.13
6,KFP,2019,1,0.0
6,KHP,2019,1,-0.07
6,KG,2019,1,0.0
6,BGVATGDPV,2019,2,0.27
6,SBGVATGDPV,2019,2,-0.94
6,BCVATGDPV,2019,2,0.13
6,KFP,2019,2,0.0
6,KHP,2019,2,-0.09
6,KG,2019,2,0.0
6,BGVATGDPV,2019,3,0.26
6,SBGVATGDPV,2019,3,-0.99
6,BCVATGDPV,2019,3,0.13
6,KFP,2019,3,-0.01
6,KHP,2019,3,-0.11
6,KG,2019,3,0.0
6,BGVATGDPV,2019,4,0.16
6,SBGVATGDPV,2019,4,-1.0
6,BCVATGDPV,2019,4,0.14
6,KFP,2019,4,-0.01
6,KHP,2019,4,-0.12
6,KG,2019,4,0.0
6,BGVATGDPV,2020,1,0.17
6,SBGVATGDPV,2020,1,-1.01
6,BCVATGDPV,2020,1,0.13
6,KFP,2020,1,-0.01
6,KHP,2020,1,-0.14
6,KG,2020,1,0.0
6,BGVATGDPV,2020,2,0.22
6,SBGVATGDPV,2020,2,-1.16
6,BCVATGDPV,2020,2,0.13
6,KFP,2020,2,-0.01
6,KHP,2020,2,-0.16
6,KG,2020,2,0.0
6,BGVATGDPV,2020,3,0.23
6,SBGVATGDPV,2020,3,-1.09
6,BCVATGDPV,2020,3,0.11
6,KFP,2020,3,-0.01
6,KHP,2020,3,-0.17
6,KG,2020,3,0.0
6,BGVATGDPV,2020,4,0.23
6,SBGVATGDPV,2020,4,-1.1
6,BCVATGDPV,2020,4,0.12
6,KFP,2020,4,-0.01
6,KHP,2020,4,-0.19
6,KG,2020,4,0.0
6,BGVATGDPV,2018,0,0.32
6,SBGVATGDPV,2018,0,-0.75
6,BCVATGDPV,2018,0,0.08
6,KFP,2018,0,0.0
6,KHP,2018,0,-0.02
6,KG,2018,0,0.0
6,BGVATGDPV,2019,0,0.24
6,SBGVATGDPV,2019,0,-0.96
6,BCVATGDPV,2019,0,0.13
6,KFP,2019,0,0.0
6,KHP,2019,0,-0.1
6,KG,2019,0,0.0
6,BGVATGDPV,2020,0,0.21
6,SBGVATGDPV,2020,0,-1.09
6,BCVATGDPV,2020,0,0.12
6,KFP,2020,0,-0.01
6,KHP,2020,0,-0.17
6,KG,2020,0,0.0
7,GDP,2018,1,-0.12
7,CP,2018,1,0.04
7,IFP,2018,1,-0.76
7,IHP,2018,1,-0.28
7,IG,2018,1,0.0
7,CG,2018,1,0.0
7,XGS,2018,1,0.0
7,MGS,2018,1,0.01
7,GDP,2018,2,-0.22
7,CP,2018,2,0.15
7,IFP,2018,2,-1.59
7,IHP,2018,2,-0.34
7,IG,2018,2,0.0
7,CG,2018,2,0.0
7,XGS,2018,2,0.0
7,MGS,2018,2,0.1
7,GDP,2018,3,-0.38
7,CP,2018,3,0.3
7,IFP,2018,3,-2.36
7,IHP,2018,3,-0.31
7,IG,2018,3,0.0
7,CG,2018,3,0.0
7,XGS,2018,3,-0.01
7,MGS,2018,3,0.27
7,GDP,2018,4,-0.58
7,CP,2018,4,0.25
7,IFP,2018,4,-3.51
7,IHP,2018,4,-0.33
7,IG,2018,4,0.0
7,CG,2018,4,0.0
7,XGS,2018,4,-0.02
7,MGS,2018,4,0.31
7,GDP,2019,1,-0.82
7,CP,2019,1,0.2
7,IFP,2019,1,-4.68
7,IHP,2019,1,-0.39
7,IG,2019,1,0.0
7,CG,2019,1,0.0
7,XGS,2019,1,-0.05
7,MGS,2019,1,0.22
7,GDP,2019,2,-0.97
7,CP,2019,2,0.16
7,IFP,2019,2,-5.55
7,IHP,2019,2,-0.44
7,IG,2019,2,0.0
7,CG,2019,2,0.0
7,XGS,2019,2,-0.08
7,MGS,2019,2,0.14
7,GDP,2019,3,-1.12
7,CP,2019,3,0.07
7,IFP,2019,3,-6.08
7,IHP,2019,3,-0.52
7,IG,2019,3,0.0
7,CG,2019,3,0.0
7,XGS,2019,3,-0.12
7,MGS,2019,3,0.04
7,GDP,2019,4,-1.14
7,CP,2019,4,0.0
7,IFP,2019,4,-6.31
7,IHP,2019,4,-0.62
7,IG,2019,4,0.0
7,CG,2019,4,0.0
7,XGS,2019,4,-0.17
7,MGS,2019,4,-0.07
7,GDP,2020,1,-1.2
7,CP,2020,1,-0.05
7,IFP,2020,1,-6.34
7,IHP,2020,1,-0.69
7,IG,2020,1,0.0
7,CG,2020,1,0.0
7,XGS,2020,1,-0.22
7,MGS,2020,1,-0.16
7,GDP,2020,2,-1.23
7,CP,2020,2,-0.09
7,IFP,2020,2,-6.37
7,IHP,2020,2,-0.74
7,IG,2020,2,0.0
7,CG,2020,2,0.0
7,XGS,2020,2,-0.28
7,MGS,2020,2,-0.22
7,GDP,2020,3,-1.18
7,CP,2020,3,-0.09
7,IFP,2020,3,-6.39
7,IHP,2020,3,-0.8
7,IG,2020,3,0.0
7,CG,2020,3,0.0
7,XGS,2020,3,-0.33
7,MGS,2020,3,-0.25
7,GDP,2020,4,-1.19
7,CP,2020,4,-0.11
7,IFP,2020,4,-6.4
7,IHP,2020,4,-0.81
7,IG,2020,4,0.0
7,CG,2020,4,0.0
7,XGS,2020,4,-0.38
7,MGS,2020,4,-0.26
7,GDP,2018,0,-0.33
7,CP,2018,0,0.18
7,IFP,2018,0,-2.05
7,IHP,2018,0,-0.32
7,IG,2018,0,0.0
7,CG,2018,0,0.0
7,XGS,2018,0,-0.01
7,MGS,2018,0,0.17
7,GDP,2019,0,-1.01
7,CP,2019,0,0.11
7,IFP,2019,0,-5.65
7,IHP,2019,0,-0.49
7,IG,2019,0,0.0
7,CG,2019,0,0.0
7,XGS,2019,0,-0.11
7,MGS,2019,0,0.08
7,GDP,2020,0,-1.2
7,CP,2020,0,-0.09
7,IFP,2020,0,-6.38
7,IHP,2020,0,-0.76
7,IG,2020,0,0.0
7,CG,2020,0,0.0
7,XGS,2020,0,-0.3
7,MGS,2020,0,-0.22
7,GDPD,2018,1,-0.48
7,PGDP,2018,1,-0.04
7,PCP,2018,1,-0.04
7,PIFP,2018,1,-0.06
7,PIHP,2018,1,-0.04
7,PXGS,2018,1,-0.09
7,PMGS,2018,1,-0.1
7,CGPI,2018,1,-0.05
7,GDPD,2018,2,-0.4
7,PGDP,2018,2,-0.06
7,PCP,2018,2,-0.06
7,PIFP,2018,2,-0.09
7,PIHP,2018,2,-0.08
7,PXGS,2018,2,-0.19
7,PMGS,2018,2,-0.2
7,CGPI,2018,2,-0.08
7,GDPD,2018,3,-0.66
7,PGDP,2018,3,-0.08
7,PCP,2018,3,-0.07
7,PIFP,2018,3,-0.15
7,PIHP,2018,3,-0.11
7,PXGS,2018,3,-0.3
7,PMGS,2018,3,-0.34
7,CGPI,2018,3,-0.11
7,GDPD,2018,4,-0.79
7,PGDP,2018,4,-0.1
7,PCP,2018,4,-0.09
7,PIFP,2018,4,-0.19
7,PIHP,2018,4,-0.12
7,PXGS,2018,4,-0.41
7,PMGS,2018,4,-0.46
7,CGPI,2018,4,-0.15
7,GDPD,2019,1,-0.96
7,PGDP,2019,1,-0.13
7,PCP,2019,1,-0.11
7,PIFP,2019,1,-0.26
7,PIHP,2019,1,-0.15
7,PXGS,2019,1,-0.52
7,PMGS,2019,1,-0.56
7,CGPI,2019,1,-0.18
7,GDPD,2019,2,-0.61
7,PGDP,2019,2,-0.16
7,PCP,2019,2,-0.14
7,PIFP,2019,2,-0.31
7,PIHP,2019,2,-0.19
7,PXGS,2019,2,-0.63
7,PMGS,2019,2,-0.69
7,CGPI,2019,2,-0.23
7,GDPD,2019,3,-0.61
7,PGDP,2019,3,-0.19
7,PCP,2019,3,-0.18
7,PIFP,2019,3,-0.37
7,PIHP,2019,3,-0.24
7,PXGS,2019,3,-0.74
7,PMGS,2019,3,-0.8
7,CGPI,2019,3,-0.28
7,GDPD,2019,4,-0.08
7,PGDP,2019,4,-0.24
7,PCP,2019,4,-0.23
7,PIFP,2019,4,-0.41
7,PIHP,2019,4,-0.29
7,PXGS,2019,4,-0.85
7,PMGS,2019,4,-0.91
7,CGPI,2019,4,-0.33
7,GDPD,2020,1,-0.23
7,PGDP,2020,1,-0.28
7,PCP,2020,1,-0.28
7,PIFP,2020,1,-0.46
7,PIHP,2020,1,-0.36
7,PXGS,2020,1,-0.97
7,PMGS,2020,1,-1.03
7,CGPI,2020,1,-0.37
7,GDPD,2020,2,-0.12
7,PGDP,2020,2,-0.31
7,PCP,2020,2,-0.33
7,PIFP,2020,2,-0.49
7,PIHP,2020,2,-0.42
7,PXGS,2020,2,-1.08
7,PMGS,2020,2,-1.11
7,CGPI,2020,2,-0.42
7,GDPD,2020,3,0.22
7,PGDP,2020,3,-0.38
7,PCP,2020,3,-0.39
7,PIFP,2020,3,-0.52
7,PIHP,2020,3,-0.48
7,PXGS,2020,3,-1.2
7,PMGS,2020,3,-1.22
7,CGPI,2020,3,-0.47
7,GDPD,2020,4,-0.04
7,PGDP,2020,4,-0.43
7,PCP,2020,4,-0.44
7,PIFP,2020,4,-0.55
7,PIHP,2020,4,-0.54
7,PXGS,2020,4,-1.33
7,PMGS,2020,4,-1.33
7,CGPI,2020,4,-0.51
7,GDPD,2018,0,-0.58
7,PGDP,2018,0,-0.07
7,PCP,2018,0,-0.07
7,PIFP,2018,0,-0.12
7,PIHP,2018,0,-0.09
7,PXGS,2018,0,-0.25
7,PMGS,2018,0,-0.28
7,CGPI,2018,0,-0.1
7,GDPD,2019,0,-0.57
7,PGDP,2019,0,-0.18
7,PCP,2019,0,-0.17
7,PIFP,2019,0,-0.34
7,PIHP,2019,0,-0.22
7,PXGS,2019,0,-0.69
7,PMGS,2019,0,-0.74
7,CGPI,2019,0,-0.25
7,GDPD,2020,0,-0.04
7,PGDP,2020,0,-0.35
7,PCP,2020,0,-0.36
7,PIFP,2020,0,-0.51
7,PIHP,2020,0,-0.45
7,PXGS,2020,0,-1.14
7,PMGS,2020,0,-1.17
7,CGPI,2020,0,-0.44
7,GDPV,2018,1,-0.15
7,CPV,2018,1,0.0
7,IFPV,2018,1,-0.82
7,IHPV,2018,1,-0.33
7,IGV,2018,1,-0.06
7,CGV,2018,1,0.0
7,XGSV,2018,1,-0.09
7,MGSV,2018,1,-0.09
7,GDPV,2018,2,-0.28
7,CPV,2018,2,0.08
7,IFPV,2018,2,-1.67
7,IHPV,2018,2,-0.42
7,IGV,2018,2,-0.1
7,CGV,2018,2,-0.03
7,XGSV,2018,2,-0.19
7,MGSV,2018,2,-0.1
7,GDPV,2018,3,-0.46
7,CPV,2018,3,0.22
7,IFPV,2018,3,-2.51
7,IHPV,2018,3,-0.42
7,IGV,2018,3,-0.16
7,CGV,2018,3,-0.04
7,XGSV,2018,3,-0.31
7,MGSV,2018,3,-0.07
7,GDPV,2018,4,-0.68
7,CPV,2018,4,0.16
7,IFPV,2018,4,-3.7
7,IHPV,2018,4,-0.45
7,IGV,2018,4,-0.2
7,CGV,2018,4,-0.06
7,XGSV,2018,4,-0.44
7,MGSV,2018,4,-0.16
7,GDPV,2019,1,-0.95
7,CPV,2019,1,0.08
7,IFPV,2019,1,-4.92
7,IHPV,2019,1,-0.54
7,IGV,2019,1,-0.27
7,CGV,2019,1,-0.07
7,XGSV,2019,1,-0.57
7,MGSV,2019,1,-0.34
7,GDPV,2019,2,-1.12
7,CPV,2019,2,0.02
7,IFPV,2019,2,-5.84
7,IHPV,2019,2,-0.63
7,IGV,2019,2,-0.33
7,CGV,2019,2,-0.09
7,XGSV,2019,2,-0.71
7,MGSV,2019,2,-0.56
7,GDPV,2019,3,-1.31
7,CPV,2019,3,-0.11
7,IFPV,2019,3,-6.43
7,IHPV,2019,3,-0.76
7,IGV,2019,3,-0.39
7,CGV,2019,3,-0.11
7,XGSV,2019,3,-0.86
7,MGSV,2019,3,-0.76
7,GDPV,2019,4,-1.37
7,CPV,2019,4,-0.23
7,IFPV,2019,4,-6.69
7,IHPV,2019,4,-0.91
7,IGV,2019,4,-0.44
7,CGV,2019,4,-0.14
7,XGSV,2019,4,-1.02
7,MGSV,2019,4,-0.98
7,GDPV,2020,1,-1.48
7,CPV,2020,1,-0.33
7,IFPV,2020,1,-6.77
7,IHPV,2020,1,-1.05
7,IGV,2020,1,-0.5
7,CGV,2020,1,-0.18
7,XGSV,2020,1,-1.19
7,MGSV,2020,1,-1.19
7,GDPV,2020,2,-1.54
7,CPV,2020,2,-0.43
7,IFPV,2020,2,-6.83
7,IHPV,2020,2,-1.16
7,IGV,2020,2,-0.55
7,CGV,2020,2,-0.22
7,XGSV,2020,2,-1.36
7,MGSV,2020,2,-1.33
7,GDPV,2020,3,-1.55
7,CPV,2020,3,-0.48
7,IFPV,2020,3,-6.88
7,IHPV,2020,3,-1.28
7,IGV,2020,3,-0.6
7,CGV,2020,3,-0.27
7,XGSV,2020,3,-1.53
7,MGSV,2020,3,-1.47
7,GDPV,2020,4,-1.62
7,CPV,2020,4,-0.55
7,IFPV,2020,4,-6.92
7,IHPV,2020,4,-1.35
7,IGV,2020,4,-0.64
7,CGV,2020,4,-0.31
7,XGSV,2020,4,-1.7
7,MGSV,2020,4,-1.59
7,GDPV,2018,0,-0.39
7,CPV,2018,0,0.12
7,IFPV,2018,0,-2.17
7,IHPV,2018,0,-0.4
7,IGV,2018,0,-0.13
7,CGV,2018,0,-0.03
7,XGSV,2018,0,-0.26
7,MGSV,2018,0,-0.1
7,GDPV,2019,0,-1.19
7,CPV,2019,0,-0.06
7,IFPV,2019,0,-5.97
7,IHPV,2019,0,-0.71
7,IGV,2019,0,-0.36
7,CGV,2019,0,-0.1
7,XGSV,2019,0,-0.79
7,MGSV,2019,0,-0.66
7,GDPV,2020,0,-1.55
7,CPV,2020,0,-0.45
7,IFPV,2020,0,-6.85
7,IHPV,2020,0,-1.21
7,IGV,2020,0,-0.57
7,CGV,2020,0,-0.24
7,XGSV,2020,0,-1.44
7,MGSV,2020,0,-1.39
7,NIV,2018,1,-0.21
7,YWV,2018,1,-0.14
7,YCV,2018,1,-3.66
7,YDV,2018,1,0.54
7,TAXV,2018,1,-0.03
7,TYPV,2018,1,0.03
7,TYCV,2018,1,-0.02
7,TCIV,2018,1,-0.14
7,NIV,2018,2,-0.39
7,YWV,2018,2,-0.26
7,YCV,2018,2,-4.36
7,YDV,2018,2,0.52
7,TAXV,2018,2,-0.28
7,TYPV,2018,2,0.06
7,TYCV,2018,2,-0.92
7,TCIV,2018,2,-0.24
7,NIV,2018,3,-0.67
7,YWV,2018,3,0.14
7,YCV,2018,3,-5.22
7,YDV,2018,3,0.28
7,TAXV,2018,3,-0.63
7,TYPV,2018,3,-0.02
7,TYCV,2018,3,-2.07
7,TCIV,2018,3,-0.3
7,NIV,2018,4,-0.96
7,YWV,2018,4,-0.54
7,YCV,2018,4,-7.52
7,YDV,2018,4,0.24
7,TAXV,2018,4,-1.06
7,TYPV,2018,4,-0.05
7,TYCV,2018,4,-3.43
7,TCIV,2018,4,-0.53
7,NIV,2019,1,-1.32
7,YWV,2019,1,-0.87
7,YCV,2019,1,-8.07
7,YDV,2019,1,0.01
7,TAXV,2019,1,-1.67
7,TYPV,2019,1,-0.28
7,TYCV,2019,1,-5.34
7,TCIV,2019,1,-0.77
7,NIV,2019,2,-1.54
7,YWV,2019,2,-1.13
7,YCV,2019,2,-7.88
7,YDV,2019,2,-0.21
7,TAXV,2019,2,-2.09
7,TYPV,2019,2,-0.51
7,TYCV,2019,2,-6.49
7,TCIV,2019,2,-0.95
7,NIV,2019,3,-1.79
7,YWV,2019,3,-1.35
7,YCV,2019,3,-8.6
7,YDV,2019,3,-0.37
7,TAXV,2019,3,-2.48
7,TYPV,2019,3,-0.76
7,TYCV,2019,3,-7.51
7,TCIV,2019,3,-1.12
7,NIV,2019,4,-1.92
7,YWV,2019,4,-1.52
7,YCV,2019,4,-10.35
7,YDV,2019,4,-0.54
7,TAXV,2019,4,-2.86
7,TYPV,2019,4,-0.91
7,TYCV,2019,4,-8.46
7,TCIV,2019,4,-1.19
7,NIV,2020,1,-2.04
7,YWV,2020,1,-1.59
7,YCV,2020,1,-8.89
7,YDV,2020,1,-0.62
7,TAXV,2020,1,-3.19
7,TYPV,2020,1,-1.07
7,TYCV,2020,1,-9.1
7,TCIV,2020,1,-1.29
7,NIV,2020,2,-2.16
7,YWV,2020,2,-1.76
7,YCV,2020,2,-23.5
7,YDV,2020,2,-0.61
7,TAXV,2020,2,-3.2
7,TYPV,2020,2,-1.12
7,TYCV,2020,2,-9.33
7,TCIV,2020,2,-1.34
7,NIV,2020,3,-2.3
7,YWV,2020,3,-1.74
7,YCV,2020,3,-14.21
7,YDV,2020,3,-0.78
7,TAXV,2020,3,-3.61
7,TYPV,2020,3,-1.17
7,TYCV,2020,3,-11.11
7,TCIV,2020,3,-1.35
7,NIV,2020,4,-2.25
7,YWV,2020,4,-1.83
7,YCV,2020,4,-10.33
7,YDV,2020,4,-0.84
7,TAXV,2020,4,-4.06
7,TYPV,2020,4,-1.21
7,TYCV,2020,4,-12.65
7,TCIV,2020,4,-1.42
7,NIV,2018,0,-0.56
7,YWV,2018,0,-0.2
7,YCV,2018,0,-5.19
7,YDV,2018,0,0.39
7,TAXV,2018,0,-0.5
7,TYPV,2018,0,0.0
7,TYCV,2018,0,-1.61
7,TCIV,2018,0,-0.3
7,NIV,2019,0,-1.64
7,YWV,2019,0,-1.22
7,YCV,2019,0,-8.73
7,YDV,2019,0,-0.28
7,TAXV,2019,0,-2.27
7,TYPV,2019,0,-0.62
7,TYCV,2019,0,-6.95
7,TCIV,2019,0,-1.01
7,NIV,2020,0,-2.19
7,YWV,2020,0,-1.73
7,YCV,2020,0,-14.23
7,YDV,2020,0,-0.71
7,TAXV,2020,0,-3.51
7,TYPV,2020,0,-1.14
7,TYCV,2020,0,-10.55
7,TCIV,2020,0,-1.35
7,WIPH,2018,1,-0.09
7,LE,2018,1,-0.02
7,LF,2018,1,-0.02
7,LH,2018,1,-0.03
7,UR,2018,1,0.0
7,CUX,2018,1,-0.23
7,GDPPOT,2018,1,-0.01
7,GDPGAP,2018,1,-0.11
7,WIPH,2018,2,-0.17
7,LE,2018,2,-0.04
7,LF,2018,2,-0.04
7,LH,2018,2,-0.06
7,UR,2018,2,0.0
7,CUX,2018,2,-0.39
7,GDPPOT,2018,2,-0.03
7,GDPGAP,2018,2,-0.19
7,WIPH,2018,3,0.15
7,LE,2018,3,0.08
7,LF,2018,3,0.09
7,LH,2018,3,-0.07
7,UR,2018,3,0.01
7,CUX,2018,3,-0.93
7,GDPPOT,2018,3,0.02
7,GDPGAP,2018,3,-0.41
7,WIPH,2018,4,-0.33
7,LE,2018,4,-0.11
7,LF,2018,4,-0.09
7,LH,2018,4,-0.14
7,UR,2018,4,0.02
7,CUX,2018,4,-0.96
7,GDPPOT,2018,4,-0.11
7,GDPGAP,2018,4,-0.47
7,WIPH,2019,1,-0.53
7,LE,2019,1,-0.19
7,LF,2019,1,-0.17
7,LH,2019,1,-0.2
7,UR,2019,1,0.02
7,CUX,2019,1,-1.27
7,GDPPOT,2019,1,-0.2
7,GDPGAP,2019,1,-0.62
7,WIPH,2019,2,-0.71
7,LE,2019,2,-0.26
7,LF,2019,2,-0.23
7,LH,2019,2,-0.23
7,UR,2019,2,0.02
7,CUX,2019,2,-1.36
7,GDPPOT,2019,2,-0.29
7,GDPGAP,2019,2,-0.68
7,WIPH,2019,3,-0.86
7,LE,2019,3,-0.31
7,LF,2019,3,-0.28
7,LH,2019,3,-0.26
7,UR,2019,3,0.03
7,CUX,2019,3,-1.44
7,GDPPOT,2019,3,-0.39
7,GDPGAP,2019,3,-0.74
7,WIPH,2019,4,-1.02
7,LE,2019,4,-0.35
7,LF,2019,4,-0.33
7,LH,2019,4,-0.24
7,UR,2019,4,0.03
7,CUX,2019,4,-1.17
7,GDPPOT,2019,4,-0.49
7,GDPGAP,2019,4,-0.64
7,WIPH,2020,1,-1.08
7,LE,2020,1,-0.36
7,LF,2020,1,-0.33
7,LH,2020,1,-0.24
7,UR,2020,1,0.03
7,CUX,2020,1,-1.16
7,GDPPOT,2020,1,-0.56
7,GDPGAP,2020,1,-0.63
7,WIPH,2020,2,-1.23
7,LE,2020,2,-0.4
7,LF,2020,2,-0.37
7,LH,2020,2,-0.23
7,UR,2020,2,0.03
7,CUX,2020,2,-0.93
7,GDPPOT,2020,2,-0.65
7,GDPGAP,2020,2,-0.54
7,WIPH,2020,3,-1.25
7,LE,2020,3,-0.38
7,LF,2020,3,-0.36
7,LH,2020,3,-0.21
7,UR,2020,3,0.02
7,CUX,2020,3,-0.8
7,GDPPOT,2020,3,-0.7
7,GDPGAP,2020,3,-0.47
7,WIPH,2020,4,-1.35
7,LE,2020,4,-0.39
7,LF,2020,4,-0.37
7,LH,2020,4,-0.2
7,UR,2020,4,0.02
7,CUX,2020,4,-0.67
7,GDPPOT,2020,4,-0.77
7,GDPGAP,2020,4,-0.42
7,WIPH,2018,0,-0.11
7,LE,2018,0,-0.02
7,LF,2018,0,-0.02
7,LH,2018,0,-0.08
7,UR,2018,0,0.01
7,CUX,2018,0,-0.63
7,GDPPOT,2018,0,-0.03
7,GDPGAP,2018,0,-0.29
7,WIPH,2019,0,-0.78
7,LE,2019,0,-0.28
7,LF,2019,0,-0.25
7,LH,2019,0,-0.23
7,UR,2019,0,0.02
7,CUX,2019,0,-1.31
7,GDPPOT,2019,0,-0.34
7,GDPGAP,2019,0,-0.67
7,WIPH,2020,0,-1.23
7,LE,2020,0,-0.38
7,LF,2020,0,-0.36
7,LH,2020,0,-0.22
7,UR,2020,0,0.02
7,CUX,2020,0,-0.89
7,GDPPOT,2020,0,-0.67
7,GDPGAP,2020,0,-0.51
7,RCD,2018,1,1.0
7,RGB,2018,1,0.51
7,PERR,2018,1,-0.63
7,UCC,2018,1,4.1
7,FXS,2018,1,-0.23
7,PSHARE,2018,1,-3.8
7,PLAND,2018,1,-0.01
7,M2CD,2018,1,-3.64
7,RCD,2018,2,1.0
7,RGB,2018,2,0.45
7,PERR,2018,2,-1.73
7,UCC,2018,2,5.21
7,FXS,2018,2,-0.47
7,PSHARE,2018,2,-9.57
7,PLAND,2018,2,0.03
7,M2CD,2018,2,-3.75
7,RCD,2018,3,1.0
7,RGB,2018,3,0.44
7,PERR,2018,3,-3.06
7,UCC,2018,3,6.6
7,FXS,2018,3,-0.75
7,PSHARE,2018,3,-15.66
7,PLAND,2018,3,0.12
7,M2CD,2018,3,-3.92
7,RCD,2018,4,1.0
7,RGB,2018,4,0.44
7,PERR,2018,4,-3.45
7,UCC,2018,4,8.25
7,FXS,2018,4,-1.03
7,PSHARE,2018,4,-20.75
7,PLAND,2018,4,0.28
7,M2CD,2018,4,-4.12
7,RCD,2019,1,1.0
7,RGB,2019,1,0.44
7,PERR,2019,1,-4.43
7,UCC,2019,1,8.78
7,FXS,2019,1,-1.31
7,PSHARE,2019,1,-23.81
7,PLAND,2019,1,0.51
7,M2CD,2019,1,-4.37
7,RCD,2019,2,1.0
7,RGB,2019,2,0.45
7,PERR,2019,2,-4.23
7,UCC,2019,2,8.57
7,FXS,2019,2,-1.58
7,PSHARE,2019,2,-23.89
7,PLAND,2019,2,0.76
7,M2CD,2019,2,-4.55
7,RCD,2019,3,1.0
7,RGB,2019,3,0.47
7,PERR,2019,3,-4.38
7,UCC,2019,3,8.19
7,FXS,2019,3,-1.85
7,PSHARE,2019,3,-23.96
7,PLAND,2019,3,1.03
7,M2CD,2019,3,-4.74
7,RCD,2019,4,1.0
7,RGB,2019,4,0.48
7,PERR,2019,4,-5.04
7,UCC,2019,4,7.59
7,FXS,2019,4,-2.12
7,PSHARE,2019,4,-24.02
7,PLAND,2019,4,1.29
7,M2CD,2019,4,-4.81
7,RCD,2020,1,1.0
7,RGB,2020,1,0.51
7,PERR,2020,1,-4.37
7,UCC,2020,1,7.87
7,FXS,2020,1,-2.4
7,PSHARE,2020,1,-24.08
7,PLAND,2020,1,1.55
7,M2CD,2020,1,-4.92
7,RCD,2020,2,1.0
7,RGB,2020,2,0.53
7,PERR,2020,2,-5.22
7,UCC,2020,2,6.8
7,FXS,2020,2,-2.69
7,PSHARE,2020,2,-24.13
7,PLAND,2020,2,1.82
7,M2CD,2020,2,-5.01
7,RCD,2020,3,1.0
7,RGB,2020,3,0.55
7,PERR,2020,3,-7.24
7,UCC,2020,3,5.89
7,FXS,2020,3,-2.99
7,PSHARE,2020,3,-24.19
7,PLAND,2020,3,2.08
7,M2CD,2020,3,-5.02
7,RCD,2020,4,1.0
7,RGB,2020,4,0.57
7,PERR,2020,4,-10.99
7,UCC,2020,4,5.61
7,FXS,2020,4,-3.29
7,PSHARE,2020,4,-24.25
7,PLAND,2020,4,2.35
7,M2CD,2020,4,-5.08
7,RCD,2018,0,1.0
7,RGB,2018,0,0.46
7,PERR,2018,0,-2.22
7,UCC,2018,0,6.04
7,FXS,2018,0,-0.62
7,PSHARE,2018,0,-12.44
7,PLAND,2018,0,0.11
7,M2CD,2018,0,-3.86
7,RCD,2019,0,1.0
7,RGB,2019,0,0.46
7,PERR,2019,0,-4.52
7,UCC,2019,0,8.28
7,FXS,2019,0,-1.71
7,PSHARE,2019,0,-23.92
7,PLAND,2019,0,0.9
7,M2CD,2019,0,-4.62
7,RCD,2020,0,1.0
7,RGB,2020,0,0.54
7,PERR,2020,0,-6.95
7,UCC,2020,0,6.54
7,FXS,2020,0,-2.84
7,PSHARE,2020,0,-24.16
7,PLAND,2020,0,1.95
7,M2CD,2020,0,-5.01
7,BGVATGDPV,2018,1,-0.02
7,SBGVATGDPV,2018,1,0.36
7,BCVATGDPV,2018,1,0.0
7,KFP,2018,1,-0.02
7,KHP,2018,1,0.0
7,KG,2018,1,0.0
7,BGVATGDPV,2018,2,-0.08
7,SBGVATGDPV,2018,2,0.67
7,BCVATGDPV,2018,2,-0.03
7,KFP,2018,2,-0.07
7,KHP,2018,2,-0.01
7,KG,2018,2,0.0
7,BGVATGDPV,2018,3,-0.14
7,SBGVATGDPV,2018,3,1.14
7,BCVATGDPV,2018,3,-0.1
7,KFP,2018,3,-0.14
7,KHP,2018,3,-0.01
7,KG,2018,3,0.0
7,BGVATGDPV,2018,4,-0.26
7,SBGVATGDPV,2018,4,1.74
7,BCVATGDPV,2018,4,-0.13
7,KFP,2018,4,-0.25
7,KHP,2018,4,-0.02
7,KG,2018,4,0.0
7,BGVATGDPV,2019,1,-0.4
7,SBGVATGDPV,2019,1,2.48
7,BCVATGDPV,2019,1,-0.13
7,KFP,2019,1,-0.39
7,KHP,2019,1,-0.02
7,KG,2019,1,0.0
7,BGVATGDPV,2019,2,-0.49
7,SBGVATGDPV,2019,2,3.02
7,BCVATGDPV,2019,2,-0.15
7,KFP,2019,2,-0.55
7,KHP,2019,2,-0.03
7,KG,2019,2,0.0
7,BGVATGDPV,2019,3,-0.59
7,SBGVATGDPV,2019,3,3.64
7,BCVATGDPV,2019,3,-0.19
7,KFP,2019,3,-0.72
7,KHP,2019,3,-0.03
7,KG,2019,3,0.0
7,BGVATGDPV,2019,4,-0.71
7,SBGVATGDPV,2019,4,4.02
7,BCVATGDPV,2019,4,-0.24
7,KFP,2019,4,-0.89
7,KHP,2019,4,-0.04
7,KG,2019,4,0.0
7,BGVATGDPV,2020,1,-0.8
7,SBGVATGDPV,2020,1,4.41
7,BCVATGDPV,2020,1,-0.27
7,KFP,2020,1,-1.06
7,KHP,2020,1,-0.05
7,KG,2020,1,0.0
7,BGVATGDPV,2020,2,-0.89
7,SBGVATGDPV,2020,2,5.23
7,BCVATGDPV,2020,2,-0.34
7,KFP,2020,2,-1.21
7,KHP,2020,2,-0.06
7,KG,2020,2,0.0
7,BGVATGDPV,2020,3,-0.98
7,SBGVATGDPV,2020,3,5.31
7,BCVATGDPV,2020,3,-0.41
7,KFP,2020,3,-1.35
7,KHP,2020,3,-0.07
7,KG,2020,3,0.0
7,BGVATGDPV,2020,4,-1.12
7,SBGVATGDPV,2020,4,5.69
7,BCVATGDPV,2020,4,-0.41
7,KFP,2020,4,-1.5
7,KHP,2020,4,-0.07
7,KG,2020,4,0.0
7,BGVATGDPV,2018,0,-0.13
7,SBGVATGDPV,2018,0,0.98
7,BCVATGDPV,2018,0,-0.07
7,KFP,2018,0,-0.12
7,KHP,2018,0,-0.01
7,KG,2018,0,0.0
7,BGVATGDPV,2019,0,-0.55
7,SBGVATGDPV,2019,0,3.29
7,BCVATGDPV,2019,0,-0.18
7,KFP,2019,0,-0.64
7,KHP,2019,0,-0.03
7,KG,2019,0,0.0
7,BGVATGDPV,2020,0,-0.95
7,SBGVATGDPV,2020,0,5.16
7,BCVATGDPV,2020,0,-0.36
7,KFP,2020,0,-1.28
7,KHP,2020,0,-0.06
7,KG,2020,0,0.0
8,GDP,2018,1,-0.01
8,CP,2018,1,0.0
8,IFP,2018,1,-0.05
8,IHP,2018,1,-0.02
8,IG,2018,1,0.0
8,CG,2018,1,0.0
8,XGS,2018,1,0.0
8,MGS,2018,1,0.0
8,GDP,2018,2,-0.02
8,CP,2018,2,0.01
8,IFP,2018,2,-0.16
8,IHP,2018,2,-0.04
8,IG,2018,2,0.0
8,CG,2018,2,0.0
8,XGS,2018,2,0.0
8,MGS,2018,2,0.01
8,GDP,2018,3,-0.05
8,CP,2018,3,0.03
8,IFP,2018,3,-0.31
8,IHP,2018,3,-0.06
8,IG,2018,3,0.0
8,CG,2018,3,0.0
8,XGS,2018,3,0.0
8,MGS,2018,3,0.03
8,GDP,2018,4,-0.09
8,CP,2018,4,0.05
8,IFP,2018,4,-0.54
8,IHP,2018,4,-0.08
8,IG,2018,4,0.0
8,CG,2018,4,0.0
8,XGS,2018,4,0.0
8,MGS,2018,4,0.04
8,GDP,2019,1,-0.13
8,CP,2019,1,0.05
8,IFP,2019,1,-0.79
8,IHP,2019,1,-0.09
8,IG,2019,1,0.0
8,CG,2019,1,0.0
8,XGS,2019,1,-0.01
8,MGS,2019,1,0.05
8,GDP,2019,2,-0.18
8,CP,2019,2,0.05
8,IFP,2019,2,-1.03
8,IHP,2019,2,-0.09
8,IG,2019,2,0.0
8,CG,2019,2,0.0
8,XGS,2019,2,-0.01
8,MGS,2019,2,0.05
8,GDP,2019,3,-0.22
8,CP,2019,3,0.03
8,IFP,2019,3,-1.23
8,IHP,2019,3,-0.1
8,IG,2019,3,0.0
8,CG,2019,3,0.0
8,XGS,2019,3,-0.02
8,MGS,2019,3,0.03
8,GDP,2019,4,-0.25
8,CP,2019,4,0.0
8,IFP,2019,4,-1.37
8,IHP,2019,4,-0.13
8,IG,2019,4,0.0
8,CG,2019,4,0.0
8,XGS,2019,4,-0.03
8,MGS,2019,4,-0.01
8,GDP,2020,1,-0.27
8,CP,2020,1,-0.03
8,IFP,2020,1,-1.41
8,IHP,2020,1,-0.15
8,IG,2020,1,0.0
8,CG,2020,1,0.0
8,XGS,2020,1,-0.04
8,MGS,2020,1,-0.05
8,GDP,2020,2,-0.28
8,CP,2020,2,-0.06
8,IFP,2020,2,-1.4
8,IHP,2020,2,-0.17
8,IG,2020,2,0.0
8,CG,2020,2,0.0
8,XGS,2020,2,-0.05
8,MGS,2020,2,-0.09
8,GDP,2020,3,-0.27
8,CP,2020,3,-0.08
8,IFP,2020,3,-1.36
8,IHP,2020,3,-0.2
8,IG,2020,3,0.0
8,CG,2020,3,0.0
8,XGS,2020,3,-0.06
8,MGS,2020,3,-0.12
8,GDP,2020,4,-0.27
8,CP,2020,4,-0.1
8,IFP,2020,4,-1.31
8,IHP,2020,4,-0.21
8,IG,2020,4,0.0
8,CG,2020,4,0.0
8,XGS,2020,4,-0.07
8,MGS,2020,4,-0.15
8,GDP,2018,0,-0.04
8,CP,2018,0,0.02
8,IFP,2018,0,-0.27
8,IHP,2018,0,-0.05
8,IG,2018,0,0.0
8,CG,2018,0,0.0
8,XGS,2018,0,0.0
8,MGS,2018,0,0.02
8,GDP,2019,0,-0.2
8,CP,2019,0,0.03
8,IFP,2019,0,-1.1
8,IHP,2019,0,-0.1
8,IG,2019,0,0.0
8,CG,2019,0,0.0
8,XGS,2019,0,-0.02
8,MGS,2019,0,0.03
8,GDP,2020,0,-0.27
8,CP,2020,0,-0.07
8,IFP,2020,0,-1.37
8,IHP,2020,0,-0.18
8,IG,2020,0,0.0
8,CG,2020,0,0.0
8,XGS,2020,0,-0.05
8,MGS,2020,0,-0.1
8,GDPD,2018,1,-0.03
8,PGDP,2018,1,0.0
8,PCP,2018,1,0.0
8,PIFP,2018,1,0.0
8,PIHP,2018,1,0.0
8,PXGS,2018,1,-0.01
8,PMGS,2018,1,-0.01
8,CGPI,2018,1,0.0
8,GDPD,2018,2,-0.06
8,PGDP,2018,2,-0.01
8,PCP,2018,2,-0.01
8,PIFP,2018,2,-0.01
8,PIHP,2018,2,-0.01
8,PXGS,2018,2,-0.02
8,PMGS,2018,2,-0.02
8,CGPI,2018,2,-0.01
8,GDPD,2018,3,-0.1
8,PGDP,2018,3,-0.01
8,PCP,2018,3,-0.01
8,PIFP,2018,3,-0.02
8,PIHP,2018,3,-0.02
8,PXGS,2018,3,-0.04
8,PMGS,2018,3,-0.04
8,CGPI,2018,3,-0.02
8,GDPD,2018,4,-0.16
8,PGDP,2018,4,-0.02
8,PCP,2018,4,-0.02
8,PIFP,2018,4,-0.03
8,PIHP,2018,4,-0.02
8,PXGS,2018,4,-0.06
8,PMGS,2018,4,-0.07
8,CGPI,2018,4,-0.03
8,GDPD,2019,1,-0.18
8,PGDP,2019,1,-0.02
8,PCP,2019,1,-0.02
8,PIFP,2019,1,-0.04
8,PIHP,2019,1,-0.03
8,PXGS,2019,1,-0.09
8,PMGS,2019,1,-0.1
8,CGPI,2019,1,-0.03
8,GDPD,2019,2,-0.19
8,PGDP,2019,2,-0.03
8,PCP,2019,2,-0.03
8,PIFP,2019,2,-0.06
8,PIHP,2019,2,-0.03
8,PXGS,2019,2,-0.12
8,PMGS,2019,2,-0.13
8,CGPI,2019,2,-0.04
8,GDPD,2019,3,-0.18
8,PGDP,2019,3,-0.03
8,PCP,2019,3,-0.03
8,PIFP,2019,3,-0.07
8,PIHP,2019,3,-0.04
8,PXGS,2019,3,-0.14
8,PMGS,2019,3,-0.15
8,CGPI,2019,3,-0.05
8,GDPD,2019,4,-0.09
8,PGDP,2019,4,-0.04
8,PCP,2019,4,-0.04
8,PIFP,2019,4,-0.08
8,PIHP,2019,4,-0.05
8,PXGS,2019,4,-0.16
8,PMGS,2019,4,-0.17
8,CGPI,2019,4,-0.06
8,GDPD,2020,1,-0.09
8,PGDP,2020,1,-0.05
8,PCP,2020,1,-0.05
8,PIFP,2020,1,-0.09
8,PIHP,2020,1,-0.06
8,PXGS,2020,1,-0.19
8,PMGS,2020,1,-0.2
8,CGPI,2020,1,-0.07
8,GDPD,2020,2,-0.04
8,PGDP,2020,2,-0.06
8,PCP,2020,2,-0.06
8,PIFP,2020,2,-0.09
8,PIHP,2020,2,-0.07
8,PXGS,2020,2,-0.21
8,PMGS,2020,2,-0.22
8,CGPI,2020,2,-0.08
8,GDPD,2020,3,0.06
8,PGDP,2020,3,-0.07
8,PCP,2020,3,-0.07
8,PIFP,2020,3,-0.1
8,PIHP,2020,3,-0.09
8,PXGS,2020,3,-0.23
8,PMGS,2020,3,-0.24
8,CGPI,2020,3,-0.09
8,GDPD,2020,4,0.01
8,PGDP,2020,4,-0.08
8,PCP,2020,4,-0.08
8,PIFP,2020,4,-0.11
8,PIHP,2020,4,-0.1
8,PXGS,2020,4,-0.25
8,PMGS,2020,4,-0.26
8,CGPI,2020,4,-0.1
8,GDPD,2018,0,-0.09
8,PGDP,2018,0,-0.01
8,PCP,2018,0,-0.01
8,PIFP,2018,0,-0.02
8,PIHP,2018,0,-0.01
8,PXGS,2018,0,-0.03
8,PMGS,2018,0,-0.04
8,CGPI,2018,0,-0.01
8,GDPD,2019,0,-0.16
8,PGDP,2019,0,-0.03
8,PCP,2019,0,-0.03
8,PIFP,2019,0,-0.06
8,PIHP,2019,0,-0.04
8,PXGS,2019,0,-0.13
8,PMGS,2019,0,-0.14
8,CGPI,2019,0,-0.05
8,GDPD,2020,0,-0.02
8,PGDP,2020,0,-0.06
8,PCP,2020,0,-0.06
8,PIFP,2020,0,-0.1
8,PIHP,2020,0,-0.08
8,PXGS,2020,0,-0.22
8,PMGS,2020,0,-0.23
8,CGPI,2020,0,-0.08
8,GDPV,2018,1,-0.01
8,CPV,2018,1,0.0
8,IFPV,2018,1,-0.06
8,IHPV,2018,1,-0.02
8,IGV,2018,1,0.0
8,CGV,2018,1,0.0
8,XGSV,2018,1,-0.01
8,MGSV,2018,1,-0.01
8,GDPV,2018,2,-0.03
8,CPV,2018,2,0.01
8,IFPV,2018,2,-0.17
8,IHPV,2018,2,-0.05
8,IGV,2018,2,-0.01
8,CGV,2018,2,0.0
8,XGSV,2018,2,-0.02
8,MGSV,2018,2,-0.01
8,GDPV,2018,3,-0.06
8,CPV,2018,3,0.02
8,IFPV,2018,3,-0.33
8,IHPV,2018,3,-0.08
8,IGV,2018,3,-0.02
8,CGV,2018,3,-0.01
8,XGSV,2018,3,-0.04
8,MGSV,2018,3,-0.02
8,GDPV,2018,4,-0.11
8,CPV,2018,4,0.03
8,IFPV,2018,4,-0.57
8,IHPV,2018,4,-0.11
8,IGV,2018,4,-0.03
8,CGV,2018,4,-0.01
8,XGSV,2018,4,-0.07
8,MGSV,2018,4,-0.03
8,GDPV,2019,1,-0.16
8,CPV,2019,1,0.03
8,IFPV,2019,1,-0.83
8,IHPV,2019,1,-0.11
8,IGV,2019,1,-0.05
8,CGV,2019,1,-0.01
8,XGSV,2019,1,-0.1
8,MGSV,2019,1,-0.04
8,GDPV,2019,2,-0.21
8,CPV,2019,2,0.02
8,IFPV,2019,2,-1.08
8,IHPV,2019,2,-0.13
8,IGV,2019,2,-0.06
8,CGV,2019,2,-0.02
8,XGSV,2019,2,-0.13
8,MGSV,2019,2,-0.08
8,GDPV,2019,3,-0.26
8,CPV,2019,3,0.0
8,IFPV,2019,3,-1.3
8,IHPV,2019,3,-0.14
8,IGV,2019,3,-0.07
8,CGV,2019,3,-0.02
8,XGSV,2019,3,-0.16
8,MGSV,2019,3,-0.12
8,GDPV,2019,4,-0.29
8,CPV,2019,4,-0.04
8,IFPV,2019,4,-1.44
8,IHPV,2019,4,-0.18
8,IGV,2019,4,-0.08
8,CGV,2019,4,-0.02
8,XGSV,2019,4,-0.19
8,MGSV,2019,4,-0.18
8,GDPV,2020,1,-0.32
8,CPV,2020,1,-0.08
8,IFPV,2020,1,-1.5
8,IHPV,2020,1,-0.21
8,IGV,2020,1,-0.09
8,CGV,2020,1,-0.03
8,XGSV,2020,1,-0.22
8,MGSV,2020,1,-0.25
8,GDPV,2020,2,-0.34
8,CPV,2020,2,-0.12
8,IFPV,2020,2,-1.49
8,IHPV,2020,2,-0.24
8,IGV,2020,2,-0.1
8,CGV,2020,2,-0.04
8,XGSV,2020,2,-0.26
8,MGSV,2020,2,-0.31
8,GDPV,2020,3,-0.34
8,CPV,2020,3,-0.15
8,IFPV,2020,3,-1.46
8,IHPV,2020,3,-0.29
8,IGV,2020,3,-0.11
8,CGV,2020,3,-0.05
8,XGSV,2020,3,-0.29
8,MGSV,2020,3,-0.36
8,GDPV,2020,4,-0.35
8,CPV,2020,4,-0.18
8,IFPV,2020,4,-1.41
8,IHPV,2020,4,-0.31
8,IGV,2020,4,-0.12
8,CGV,2020,4,-0.06
8,XGSV,2020,4,-0.32
8,MGSV,2020,4,-0.41
8,GDPV,2018,0,-0.05
8,CPV,2018,0,0.01
8,IFPV,2018,0,-0.28
8,IHPV,2018,0,-0.06
8,IGV,2018,0,-0.02
8,CGV,2018,0,0.0
8,XGSV,2018,0,-0.03
8,MGSV,2018,0,-0.02
8,GDPV,2019,0,-0.23
8,CPV,2019,0,0.0
8,IFPV,2019,0,-1.16
8,IHPV,2019,0,-0.14
8,IGV,2019,0,-0.07
8,CGV,2019,0,-0.02
8,XGSV,2019,0,-0.14
8,MGSV,2019,0,-0.11
8,GDPV,2020,0,-0.34
8,CPV,2020,0,-0.13
8,IFPV,2020,0,-1.46
8,IHPV,2020,0,-0.26
8,IGV,2020,0,-0.11
8,CGV,2020,0,-0.04
8,XGSV,2020,0,-0.27
8,MGSV,2020,0,-0.33
8,NIV,2018,1,-0.01
8,YWV,2018,1,-0.01
8,YCV,2018,1,-0.25
8,YDV,2018,1,0.04
8,TAXV,2018,1,0.0
8,TYPV,2018,1,0.0
8,TYCV,2018,1,0.0
8,TCIV,2018,1,-0.01
8,NIV,2018,2,-0.04
8,YWV,2018,2,-0.03
8,YCV,2018,2,-0.53
8,YDV,2018,2,0.07
8,TAXV,2018,2,-0.02
8,TYPV,2018,2,0.01
8,TYCV,2018,2,-0.06
8,TCIV,2018,2,-0.03
8,NIV,2018,3,-0.09
8,YWV,2018,3,-0.02
8,YCV,2018,3,-0.89
8,YDV,2018,3,0.08
8,TAXV,2018,3,-0.06
8,TYPV,2018,3,0.0
8,TYCV,2018,3,-0.2
8,TCIV,2018,3,-0.05
8,NIV,2018,4,-0.16
8,YWV,2018,4,-0.06
8,YCV,2018,4,-1.53
8,YDV,2018,4,0.09
8,TAXV,2018,4,-0.14
8,TYPV,2018,4,0.0
8,TYCV,2018,4,-0.43
8,TCIV,2018,4,-0.08
8,NIV,2019,1,-0.24
8,YWV,2019,1,-0.12
8,YCV,2019,1,-1.7
8,YDV,2019,1,0.05
8,TAXV,2019,1,-0.25
8,TYPV,2019,1,-0.03
8,TYCV,2019,1,-0.81
8,TCIV,2019,1,-0.12
8,NIV,2019,2,-0.31
8,YWV,2019,2,-0.18
8,YCV,2019,2,-1.79
8,YDV,2019,2,-0.02
8,TAXV,2019,2,-0.37
8,TYPV,2019,2,-0.07
8,TYCV,2019,2,-1.18
8,TCIV,2019,2,-0.17
8,NIV,2019,3,-0.41
8,YWV,2019,3,-0.3
8,YCV,2019,3,-1.99
8,YDV,2019,3,-0.08
8,TAXV,2019,3,-0.49
8,TYPV,2019,3,-0.13
8,TYCV,2019,3,-1.54
8,TCIV,2019,3,-0.22
8,NIV,2019,4,-0.5
8,YWV,2019,4,-0.39
8,YCV,2019,4,-2.56
8,YDV,2019,4,-0.17
8,TAXV,2019,4,-0.61
8,TYPV,2019,4,-0.19
8,TYCV,2019,4,-1.84
8,TCIV,2019,4,-0.25
8,NIV,2020,1,-0.56
8,YWV,2020,1,-0.44
8,YCV,2020,1,-2.22
8,YDV,2020,1,-0.23
8,TAXV,2020,1,-0.72
8,TYPV,2020,1,-0.26
8,TYCV,2020,1,-2.07
8,TCIV,2020,1,-0.28
8,NIV,2020,2,-0.64
8,YWV,2020,2,-0.51
8,YCV,2020,2,-6.07
8,YDV,2020,2,-0.25
8,TAXV,2020,2,-0.76
8,TYPV,2020,2,-0.31
8,TYCV,2020,2,-2.22
8,TCIV,2020,2,-0.3
8,NIV,2020,3,-0.71
8,YWV,2020,3,-0.53
8,YCV,2020,3,-3.69
8,YDV,2020,3,-0.33
8,TAXV,2020,3,-0.89
8,TYPV,2020,3,-0.36
8,TYCV,2020,3,-2.72
8,TCIV,2020,3,-0.31
8,NIV,2020,4,-0.68
8,YWV,2020,4,-0.53
8,YCV,2020,4,-2.68
8,YDV,2020,4,-0.33
8,TAXV,2020,4,-1.03
8,TYPV,2020,4,-0.39
8,TYCV,2020,4,-3.19
8,TCIV,2020,4,-0.32
8,NIV,2018,0,-0.08
8,YWV,2018,0,-0.03
8,YCV,2018,0,-0.8
8,YDV,2018,0,0.07
8,TAXV,2018,0,-0.06
8,TYPV,2018,0,0.0
8,TYCV,2018,0,-0.18
8,TCIV,2018,0,-0.04
8,NIV,2019,0,-0.36
8,YWV,2019,0,-0.25
8,YCV,2019,0,-2.01
8,YDV,2019,0,-0.06
8,TAXV,2019,0,-0.43
8,TYPV,2019,0,-0.11
8,TYCV,2019,0,-1.34
8,TCIV,2019,0,-0.19
8,NIV,2020,0,-0.65
8,YWV,2020,0,-0.5
8,YCV,2020,0,-3.66
8,YDV,2020,0,-0.29
8,TAXV,2020,0,-0.85
8,TYPV,2020,0,-0.33
8,TYCV,2020,0,-2.55
8,TCIV,2020,0,-0.3
8,WIPH,2018,1,-0.01
8,LE,2018,1,0.0
8,LF,2018,1,0.0
8,LH,2018,1,0.0
8,UR,2018,1,0.0
8,CUX,2018,1,-0.02
8,GDPPOT,2018,1,0.0
8,GDPGAP,2018,1,-0.01
8,WIPH,2018,2,-0.02
8,LE,2018,2,0.0
8,LF,2018,2,0.0
8,LH,2018,2,-0.01
8,UR,2018,2,0.0
8,CUX,2018,2,-0.04
8,GDPPOT,2018,2,0.0
8,GDPGAP,2018,2,-0.02
8,WIPH,2018,3,-0.01
8,LE,2018,3,0.0
8,LF,2018,3,0.0
8,LH,2018,3,-0.01
8,UR,2018,3,0.0
8,CUX,2018,3,-0.1
8,GDPPOT,2018,3,0.0
8,GDPGAP,2018,3,-0.05
8,WIPH,2018,4,-0.04
8,LE,2018,4,-0.01
8,LF,2018,4,-0.01
8,LH,2018,4,-0.02
8,UR,2018,4,0.0
8,CUX,2018,4,-0.16
8,GDPPOT,2018,4,-0.01
8,GDPGAP,2018,4,-0.08
8,WIPH,2019,1,-0.07
8,LE,2019,1,-0.02
8,LF,2019,1,-0.02
8,LH,2019,1,-0.03
8,UR,2019,1,0.0
8,CUX,2019,1,-0.23
8,GDPPOT,2019,1,-0.02
8,GDPGAP,2019,1,-0.11
8,WIPH,2019,2,-0.11
8,LE,2019,2,-0.04
8,LF,2019,2,-0.03
8,LH,2019,2,-0.04
8,UR,2019,2,0.0
8,CUX,2019,2,-0.28
8,GDPPOT,2019,2,-0.04
8,GDPGAP,2019,2,-0.14
8,WIPH,2019,3,-0.19
8,LE,2019,3,-0.07
8,LF,2019,3,-0.06
8,LH,2019,3,-0.05
8,UR,2019,3,0.01
8,CUX,2019,3,-0.29
8,GDPPOT,2019,3,-0.07
8,GDPGAP,2019,3,-0.15
8,WIPH,2019,4,-0.26
8,LE,2019,4,-0.09
8,LF,2019,4,-0.09
8,LH,2019,4,-0.06
8,UR,2019,4,0.01
8,CUX,2019,4,-0.25
8,GDPPOT,2019,4,-0.1
8,GDPGAP,2019,4,-0.14
8,WIPH,2020,1,-0.3
8,LE,2020,1,-0.11
8,LF,2020,1,-0.1
8,LH,2020,1,-0.06
8,UR,2020,1,0.01
8,CUX,2020,1,-0.25
8,GDPPOT,2020,1,-0.12
8,GDPGAP,2020,1,-0.14
8,WIPH,2020,2,-0.35
8,LE,2020,2,-0.12
8,LF,2020,2,-0.12
8,LH,2020,2,-0.06
8,UR,2020,2,0.01
8,CUX,2020,2,-0.2
8,GDPPOT,2020,2,-0.15
8,GDPGAP,2020,2,-0.12
8,WIPH,2020,3,-0.38
8,LE,2020,3,-0.13
8,LF,2020,3,-0.12
8,LH,2020,3,-0.06
8,UR,2020,3,0.0
8,CUX,2020,3,-0.15
8,GDPPOT,2020,3,-0.17
8,GDPGAP,2020,3,-0.1
8,WIPH,2020,4,-0.38
8,LE,2020,4,-0.12
8,LF,2020,4,-0.12
8,LH,2020,4,-0.05
8,UR,2020,4,0.0
8,CUX,2020,4,-0.12
8,GDPPOT,2020,4,-0.18
8,GDPGAP,2020,4,-0.09
8,WIPH,2018,0,-0.02
8,LE,2018,0,0.0
8,LF,2018,0,0.0
8,LH,2018,0,-0.01
8,UR,2018,0,0.0
8,CUX,2018,0,-0.08
8,GDPPOT,2018,0,0.0
8,GDPGAP,2018,0,-0.04
8,WIPH,2019,0,-0.16
8,LE,2019,0,-0.06
8,LF,2019,0,-0.05
8,LH,2019,0,-0.05
8,UR,2019,0,0.0
8,CUX,2019,0,-0.26
8,GDPPOT,2019,0,-0.06
8,GDPGAP,2019,0,-0.13
8,WIPH,2020,0,-0.35
8,LE,2020,0,-0.12
8,LF,2020,0,-0.12
8,LH,2020,0,-0.06
8,UR,2020,0,0.0
8,CUX,2020,0,-0.18
8,GDPPOT,2020,0,-0.16
8,GDPGAP,2020,0,-0.11
8,RCD,2018,1,0.07
8,RGB,2018,1,0.03
8,PERR,2018,1,-0.04
8,UCC,2018,1,0.28
8,FXS,2018,1,-0.02
8,PSHARE,2018,1,-0.26
8,PLAND,2018,1,0.0
8,M2CD,2018,1,-0.25
8,RCD,2018,2,0.13
8,RGB,2018,2,0.06
8,PERR,2018,2,-0.16
8,UCC,2018,2,0.62
8,FXS,2018,2,-0.05
8,PSHARE,2018,2,-0.93
8,PLAND,2018,2,0.0
8,M2CD,2018,2,-0.5
8,RCD,2018,3,0.2
8,RGB,2018,3,0.09
8,PERR,2018,3,-0.39
8,UCC,2018,3,1.03
8,FXS,2018,3,-0.1
8,PSHARE,2018,3,-2.03
8,PLAND,2018,3,0.01
8,M2CD,2018,3,-0.75
8,RCD,2018,4,0.25
8,RGB,2018,4,0.12
8,PERR,2018,4,-0.57
8,UCC,2018,4,1.55
8,FXS,2018,4,-0.16
8,PSHARE,2018,4,-3.48
8,PLAND,2018,4,0.03
8,M2CD,2018,4,-1.0
8,RCD,2019,1,0.24
8,RGB,2019,1,0.11
8,PERR,2019,1,-0.88
8,UCC,2019,1,1.72
8,FXS,2019,1,-0.23
8,PSHARE,2019,1,-4.84
8,PLAND,2019,1,0.06
8,M2CD,2019,1,-1.0
8,RCD,2019,2,0.23
8,RGB,2019,2,0.1
8,PERR,2019,2,-1.01
8,UCC,2019,2,1.81
8,FXS,2019,2,-0.29
8,PSHARE,2019,2,-5.72
8,PLAND,2019,2,0.11
8,M2CD,2019,2,-1.0
8,RCD,2019,3,0.21
8,RGB,2019,3,0.09
8,PERR,2019,3,-1.11
8,UCC,2019,3,1.75
8,FXS,2019,3,-0.35
8,PSHARE,2019,3,-6.08
8,PLAND,2019,3,0.17
8,M2CD,2019,3,-1.0
8,RCD,2019,4,0.2
8,RGB,2019,4,0.09
8,PERR,2019,4,-1.23
8,UCC,2019,4,1.56
8,FXS,2019,4,-0.41
8,PSHARE,2019,4,-6.02
8,PLAND,2019,4,0.22
8,M2CD,2019,4,-1.0
8,RCD,2020,1,0.19
8,RGB,2020,1,0.09
8,PERR,2020,1,-0.97
8,UCC,2020,1,1.52
8,FXS,2020,1,-0.46
8,PSHARE,2020,1,-5.73
8,PLAND,2020,1,0.28
8,M2CD,2020,1,-1.0
8,RCD,2020,2,0.19
8,RGB,2020,2,0.1
8,PERR,2020,2,-1.02
8,UCC,2020,2,1.25
8,FXS,2020,2,-0.52
8,PSHARE,2020,2,-5.46
8,PLAND,2020,2,0.34
8,M2CD,2020,2,-1.0
8,RCD,2020,3,0.19
8,RGB,2020,3,0.1
8,PERR,2020,3,-1.21
8,UCC,2020,3,1.06
8,FXS,2020,3,-0.57
8,PSHARE,2020,3,-5.27
8,PLAND,2020,3,0.39
8,M2CD,2020,3,-1.0
8,RCD,2020,4,0.18
8,RGB,2020,4,0.1
8,PERR,2020,4,-1.72
8,UCC,2020,4,1.0
8,FXS,2020,4,-0.63
8,PSHARE,2020,4,-5.14
8,PLAND,2020,4,0.44
8,M2CD,2020,4,-1.0
8,RCD,2018,0,0.16
8,RGB,2018,0,0.08
8,PERR,2018,0,-0.29
8,UCC,2018,0,0.87
8,FXS,2018,0,-0.08
8,PSHARE,2018,0,-1.67
8,PLAND,2018,0,0.01
8,M2CD,2018,0,-0.63
8,RCD,2019,0,0.22
8,RGB,2019,0,0.1
8,PERR,2019,0,-1.06
8,UCC,2019,0,1.71
8,FXS,2019,0,-0.32
8,PSHARE,2019,0,-5.67
8,PLAND,2019,0,0.14
8,M2CD,2019,0,-1.0
8,RCD,2020,0,0.19
8,RGB,2020,0,0.1
8,PERR,2020,0,-1.23
8,UCC,2020,0,1.21
8,FXS,2020,0,-0.55
8,PSHARE,2020,0,-5.4
8,PLAND,2020,0,0.37
8,M2CD,2020,0,-1.0
8,BGVATGDPV,2018,1,0.0
8,SBGVATGDPV,2018,1,0.02
8,BCVATGDPV,2018,1,0.0
8,KFP,2018,1,0.0
8,KHP,2018,1,0.0
8,KG,2018,1,0.0
8,BGVATGDPV,2018,2,-0.01
8,SBGVATGDPV,2018,2,0.07
8,BCVATGDPV,2018,2,0.0
8,KFP,2018,2,-0.01
8,KHP,2018,2,0.0
8,KG,2018,2,0.0
8,BGVATGDPV,2018,3,-0.02
8,SBGVATGDPV,2018,3,0.14
8,BCVATGDPV,2018,3,-0.01
8,KFP,2018,3,-0.02
8,KHP,2018,3,0.0
8,KG,2018,3,0.0
8,BGVATGDPV,2018,4,-0.03
8,SBGVATGDPV,2018,4,0.26
8,BCVATGDPV,2018,4,-0.03
8,KFP,2018,4,-0.03
8,KHP,2018,4,0.0
8,KG,2018,4,0.0
8,BGVATGDPV,2019,1,-0.06
8,SBGVATGDPV,2019,1,0.4
8,BCVATGDPV,2019,1,-0.04
8,KFP,2019,1,-0.06
8,KHP,2019,1,0.0
8,KG,2019,1,0.0
8,BGVATGDPV,2019,2,-0.09
8,SBGVATGDPV,2019,2,0.54
8,BCVATGDPV,2019,2,-0.05
8,KFP,2019,2,-0.09
8,KHP,2019,2,0.0
8,KG,2019,2,0.0
8,BGVATGDPV,2019,3,-0.12
8,SBGVATGDPV,2019,3,0.69
8,BCVATGDPV,2019,3,-0.07
8,KFP,2019,3,-0.12
8,KHP,2019,3,-0.01
8,KG,2019,3,0.0
8,BGVATGDPV,2019,4,-0.15
8,SBGVATGDPV,2019,4,0.82
8,BCVATGDPV,2019,4,-0.11
8,KFP,2019,4,-0.16
8,KHP,2019,4,-0.01
8,KG,2019,4,0.0
8,BGVATGDPV,2020,1,-0.18
8,SBGVATGDPV,2020,1,0.93
8,BCVATGDPV,2020,1,-0.13
8,KFP,2020,1,-0.2
8,KHP,2020,1,-0.01
8,KG,2020,1,0.0
8,BGVATGDPV,2020,2,-0.21
8,SBGVATGDPV,2020,2,1.11
8,BCVATGDPV,2020,2,-0.17
8,KFP,2020,2,-0.23
8,KHP,2020,2,-0.01
8,KG,2020,2,0.0
8,BGVATGDPV,2020,3,-0.24
8,SBGVATGDPV,2020,3,1.13
8,BCVATGDPV,2020,3,-0.21
8,KFP,2020,3,-0.26
8,KHP,2020,3,-0.01
8,KG,2020,3,0.0
8,BGVATGDPV,2020,4,-0.27
8,SBGVATGDPV,2020,4,1.21
8,BCVATGDPV,2020,4,-0.2
8,KFP,2020,4,-0.29
8,KHP,2020,4,-0.02
8,KG,2020,4,0.0
8,BGVATGDPV,2018,0,-0.01
8,SBGVATGDPV,2018,0,0.13
8,BCVATGDPV,2018,0,-0.01
8,KFP,2018,0,-0.01
8,KHP,2018,0,0.0
8,KG,2018,0,0.0
8,BGVATGDPV,2019,0,-0.1
8,SBGVATGDPV,2019,0,0.61
8,BCVATGDPV,2019,0,-0.07
8,KFP,2019,0,-0.11
8,KHP,2019,0,-0.01
8,KG,2019,0,0.0
8,BGVATGDPV,2020,0,-0.23
8,SBGVATGDPV,2020,0,1.09
8,BCVATGDPV,2020,0,-0.18
8,KFP,2020,0,-0.25
8,KHP,2020,0,-0.01
8,KG,2020,0,0.0
9,GDP,2018,1,0.01
9,CP,2018,1,0.0
9,IFP,2018,1,0.03
9,IHP,2018,1,0.22
9,IG,2018,1,0.0
9,CG,2018,1,0.0
9,XGS,2018,1,0.0
9,MGS,2018,1,0.0
9,GDP,2018,2,0.0
9,CP,2018,2,0.02
9,IFP,2018,2,0.1
9,IHP,2018,2,0.41
9,IG,2018,2,0.0
9,CG,2018,2,0.0
9,XGS,2018,2,0.09
9,MGS,2018,2,0.3
9,GDP,2018,3,0.21
9,CP,2018,3,0.08
9,IFP,2018,3,0.2
9,IHP,2018,3,0.45
9,IG,2018,3,0.0
9,CG,2018,3,0.0
9,XGS,2018,3,0.27
9,MGS,2018,3,-0.2
9,GDP,2018,4,0.27
9,CP,2018,4,0.14
9,IFP,2018,4,0.29
9,IHP,2018,4,0.49
9,IG,2018,4,0.0
9,CG,2018,4,0.0
9,XGS,2018,4,0.55
9,MGS,2018,4,0.07
9,GDP,2019,1,0.35
9,CP,2019,1,0.17
9,IFP,2019,1,0.35
9,IHP,2019,1,0.3
9,IG,2019,1,0.0
9,CG,2019,1,0.0
9,XGS,2019,1,0.91
9,MGS,2019,1,0.07
9,GDP,2019,2,0.43
9,CP,2019,2,0.21
9,IFP,2019,2,0.35
9,IHP,2019,2,0.17
9,IG,2019,2,0.0
9,CG,2019,2,0.0
9,XGS,2019,2,1.28
9,MGS,2019,2,0.12
9,GDP,2019,3,0.45
9,CP,2019,3,0.26
9,IFP,2019,3,0.32
9,IHP,2019,3,0.16
9,IG,2019,3,0.0
9,CG,2019,3,0.0
9,XGS,2019,3,1.55
9,MGS,2019,3,0.19
9,GDP,2019,4,0.48
9,CP,2019,4,0.28
9,IFP,2019,4,0.28
9,IHP,2019,4,0.18
9,IG,2019,4,0.0
9,CG,2019,4,0.0
9,XGS,2019,4,1.74
9,MGS,2019,4,0.24
9,GDP,2020,1,0.48
9,CP,2020,1,0.29
9,IFP,2020,1,0.22
9,IHP,2020,1,0.2
9,IG,2020,1,0.0
9,CG,2020,1,0.0
9,XGS,2020,1,1.83
9,MGS,2020,1,0.26
9,GDP,2020,2,0.42
9,CP,2020,2,0.3
9,IFP,2020,2,0.17
9,IHP,2020,2,0.17
9,IG,2020,2,0.0
9,CG,2020,2,0.0
9,XGS,2020,2,1.83
9,MGS,2020,2,0.28
9,GDP,2020,3,0.41
9,CP,2020,3,0.27
9,IFP,2020,3,0.11
9,IHP,2020,3,0.19
9,IG,2020,3,0.0
9,CG,2020,3,0.0
9,XGS,2020,3,1.83
9,MGS,2020,3,0.25
9,GDP,2020,4,0.42
9,CP,2020,4,0.25
9,IFP,2020,4,0.05
9,IHP,2020,4,0.18
9,IG,2020,4,0.0
9,CG,2020,4,0.0
9,XGS,2020,4,1.83
9,MGS,2020,4,0.21
9,GDP,2018,0,0.12
9,CP,2018,0,0.06
9,IFP,2018,0,0.15
9,IHP,2018,0,0.39
9,IG,2018,0,0.0
9,CG,2018,0,0.0
9,XGS,2018,0,0.23
9,MGS,2018,0,0.04
9,GDP,2019,0,0.43
9,CP,2019,0,0.23
9,IFP,2019,0,0.33
9,IHP,2019,0,0.2
9,IG,2019,0,0.0
9,CG,2019,0,0.0
9,XGS,2019,0,1.37
9,MGS,2019,0,0.15
9,GDP,2020,0,0.43
9,CP,2020,0,0.28
9,IFP,2020,0,0.14
9,IHP,2020,0,0.19
9,IG,2020,0,0.0
9,CG,2020,0,0.0
9,XGS,2020,0,1.83
9,MGS,2020,0,0.25
9,GDPD,2018,1,0.05
9,PGDP,2018,1,0.06
9,PCP,2018,1,0.16
9,PIFP,2018,1,0.0
9,PIHP,2018,1,0.29
9,PXGS,2018,1,3.88
9,PMGS,2018,1,4.26
9,CGPI,2018,1,0.8
9,GDPD,2018,2,-0.05
9,PGDP,2018,2,0.07
9,PCP,2018,2,0.15
9,PIFP,2018,2,-0.01
9,PIHP,2018,2,0.44
9,PXGS,2018,2,3.88
9,PMGS,2018,2,4.3
9,CGPI,2018,2,0.81
9,GDPD,2018,3,0.85
9,PGDP,2018,3,0.03
9,PCP,2018,3,0.15
9,PIFP,2018,3,0.03
9,PIHP,2018,3,0.45
9,PXGS,2018,3,3.88
9,PMGS,2018,3,4.4
9,CGPI,2018,3,0.83
9,GDPD,2018,4,0.23
9,PGDP,2018,4,0.01
9,PCP,2018,4,0.15
9,PIFP,2018,4,0.05
9,PIHP,2018,4,0.45
9,PXGS,2018,4,3.88
9,PMGS,2018,4,4.38
9,CGPI,2018,4,0.83
9,GDPD,2019,1,0.31
9,PGDP,2019,1,0.08
9,PCP,2019,1,0.15
9,PIFP,2019,1,0.07
9,PIHP,2019,1,0.44
9,PXGS,2019,1,3.88
9,PMGS,2019,1,4.19
9,CGPI,2019,1,0.8
9,GDPD,2019,2,0.32
9,PGDP,2019,2,0.06
9,PCP,2019,2,0.15
9,PIFP,2019,2,0.1
9,PIHP,2019,2,0.45
9,PXGS,2019,2,3.88
9,PMGS,2019,2,4.3
9,CGPI,2019,2,0.83
9,GDPD,2019,3,0.09
9,PGDP,2019,3,0.07
9,PCP,2019,3,0.16
9,PIFP,2019,3,0.13
9,PIHP,2019,3,0.47
9,PXGS,2019,3,3.88
9,PMGS,2019,3,4.21
9,CGPI,2019,3,0.82
9,GDPD,2019,4,0.11
9,PGDP,2019,4,0.11
9,PCP,2019,4,0.18
9,PIFP,2019,4,0.16
9,PIHP,2019,4,0.48
9,PXGS,2019,4,3.88
9,PMGS,2019,4,4.17
9,CGPI,2019,4,0.83
9,GDPD,2020,1,-0.02
9,PGDP,2020,1,0.14
9,PCP,2020,1,0.2
9,PIFP,2020,1,0.18
9,PIHP,2020,1,0.5
9,PXGS,2020,1,3.88
9,PMGS,2020,1,4.15
9,CGPI,2020,1,0.84
9,GDPD,2020,2,-0.19
9,PGDP,2020,2,0.12
9,PCP,2020,2,0.22
9,PIFP,2020,2,0.2
9,PIHP,2020,2,0.52
9,PXGS,2020,2,3.88
9,PMGS,2020,2,3.96
9,CGPI,2020,2,0.82
9,GDPD,2020,3,-0.04
9,PGDP,2020,3,0.23
9,PCP,2020,3,0.25
9,PIFP,2020,3,0.23
9,PIHP,2020,3,0.54
9,PXGS,2020,3,3.88
9,PMGS,2020,3,3.93
9,CGPI,2020,3,0.83
9,GDPD,2020,4,0.04
9,PGDP,2020,4,0.29
9,PCP,2020,4,0.27
9,PIFP,2020,4,0.25
9,PIHP,2020,4,0.56
9,PXGS,2020,4,3.88
9,PMGS,2020,4,3.87
9,CGPI,2020,4,0.83
9,GDPD,2018,0,0.27
9,PGDP,2018,0,0.04
9,PCP,2018,0,0.15
9,PIFP,2018,0,0.02
9,PIHP,2018,0,0.41
9,PXGS,2018,0,3.88
9,PMGS,2018,0,4.33
9,CGPI,2018,0,0.82
9,GDPD,2019,0,0.21
9,PGDP,2019,0,0.08
9,PCP,2019,0,0.16
9,PIFP,2019,0,0.11
9,PIHP,2019,0,0.46
9,PXGS,2019,0,3.88
9,PMGS,2019,0,4.22
9,CGPI,2019,0,0.82
9,GDPD,2020,0,-0.05
9,PGDP,2020,0,0.19
9,PCP,2020,0,0.23
9,PIFP,2020,0,0.22
9,PIHP,2020,0,0.53
9,PXGS,2020,0,3.88
9,PMGS,2020,0,3.98
9,CGPI,2020,0,0.83
9,GDPV,2018,1,0.07
9,CPV,2018,1,0.16
9,IFPV,2018,1,0.03
9,IHPV,2018,1,0.51
9,IGV,2018,1,0.07
9,CGV,2018,1,0.0
9,XGSV,2018,1,3.88
9,MGSV,2018,1,4.27
9,GDPV,2018,2,0.07
9,CPV,2018,2,0.17
9,IFPV,2018,2,0.09
9,IHPV,2018,2,0.85
9,IGV,2018,2,0.11
9,CGV,2018,2,0.13
9,XGSV,2018,2,3.97
9,MGSV,2018,2,4.61
9,GDPV,2018,3,0.25
9,CPV,2018,3,0.23
9,IFPV,2018,3,0.22
9,IHPV,2018,3,0.91
9,IGV,2018,3,0.14
9,CGV,2018,3,0.09
9,XGSV,2018,3,4.16
9,MGSV,2018,3,4.19
9,GDPV,2018,4,0.29
9,CPV,2018,4,0.29
9,IFPV,2018,4,0.34
9,IHPV,2018,4,0.95
9,IGV,2018,4,0.16
9,CGV,2018,4,0.14
9,XGSV,2018,4,4.45
9,MGSV,2018,4,4.46
9,GDPV,2019,1,0.43
9,CPV,2019,1,0.31
9,IFPV,2019,1,0.42
9,IHPV,2019,1,0.74
9,IGV,2019,1,0.18
9,CGV,2019,1,0.11
9,XGSV,2019,1,4.83
9,MGSV,2019,1,4.26
9,GDPV,2019,2,0.49
9,CPV,2019,2,0.36
9,IFPV,2019,2,0.46
9,IHPV,2019,2,0.62
9,IGV,2019,2,0.21
9,CGV,2019,2,0.13
9,XGSV,2019,2,5.21
9,MGSV,2019,2,4.43
9,GDPV,2019,3,0.52
9,CPV,2019,3,0.43
9,IFPV,2019,3,0.45
9,IHPV,2019,3,0.63
9,IGV,2019,3,0.24
9,CGV,2019,3,0.12
9,XGSV,2019,3,5.49
9,MGSV,2019,3,4.41
9,GDPV,2019,4,0.59
9,CPV,2019,4,0.46
9,IFPV,2019,4,0.44
9,IHPV,2019,4,0.66
9,IGV,2019,4,0.26
9,CGV,2019,4,0.14
9,XGSV,2019,4,5.69
9,MGSV,2019,4,4.42
9,GDPV,2020,1,0.61
9,CPV,2020,1,0.5
9,IFPV,2020,1,0.41
9,IHPV,2020,1,0.7
9,IGV,2020,1,0.29
9,CGV,2020,1,0.14
9,XGSV,2020,1,5.78
9,MGSV,2020,1,4.42
9,GDPV,2020,2,0.54
9,CPV,2020,2,0.53
9,IFPV,2020,2,0.37
9,IHPV,2020,2,0.69
9,IGV,2020,2,0.32
9,CGV,2020,2,0.16
9,XGSV,2020,2,5.78
9,MGSV,2020,2,4.25
9,GDPV,2020,3,0.64
9,CPV,2020,3,0.51
9,IFPV,2020,3,0.33
9,IHPV,2020,3,0.73
9,IGV,2020,3,0.34
9,CGV,2020,3,0.18
9,XGSV,2020,3,5.78
9,MGSV,2020,3,4.19
9,GDPV,2020,4,0.71
9,CPV,2020,4,0.52
9,IFPV,2020,4,0.3
9,IHPV,2020,4,0.74
9,IGV,2020,4,0.37
9,CGV,2020,4,0.2
9,XGSV,2020,4,5.78
9,MGSV,2020,4,4.09
9,GDPV,2018,0,0.17
9,CPV,2018,0,0.21
9,IFPV,2018,0,0.17
9,IHPV,2018,0,0.8
9,IGV,2018,0,0.12
9,CGV,2018,0,0.09
9,XGSV,2018,0,4.12
9,MGSV,2018,0,4.38
9,GDPV,2019,0,0.51
9,CPV,2019,0,0.39
9,IFPV,2019,0,0.44
9,IHPV,2019,0,0.66
9,IGV,2019,0,0.22
9,CGV,2019,0,0.12
9,XGSV,2019,0,5.3
9,MGSV,2019,0,4.38
9,GDPV,2020,0,0.63
9,CPV,2020,0,0.51
9,IFPV,2020,0,0.35
9,IHPV,2020,0,0.72
9,IGV,2020,0,0.33
9,CGV,2020,0,0.17
9,XGSV,2020,0,5.78
9,MGSV,2020,0,4.24
9,NIV,2018,1,0.32
9,YWV,2018,1,0.28
9,YCV,2018,1,0.78
9,YDV,2018,1,0.24
9,TAXV,2018,1,0.08
9,TYPV,2018,1,0.05
9,TYCV,2018,1,0.0
9,TCIV,2018,1,0.1
9,NIV,2018,2,0.43
9,YWV,2018,2,0.39
9,YCV,2018,2,0.5
9,YDV,2018,2,0.43
9,TAXV,2018,2,0.17
9,TYPV,2018,2,0.13
9,TYCV,2018,2,0.18
9,TCIV,2018,2,0.16
9,NIV,2018,3,0.65
9,YWV,2018,3,0.48
9,YCV,2018,3,1.51
9,YDV,2018,3,0.47
9,TAXV,2018,3,0.29
9,TYPV,2018,3,0.38
9,TYCV,2018,3,0.33
9,TCIV,2018,3,0.2
9,NIV,2018,4,0.68
9,YWV,2018,4,0.51
9,YCV,2018,4,1.5
9,YDV,2018,4,0.52
9,TAXV,2018,4,0.48
9,TYPV,2018,4,0.55
9,TYCV,2018,4,0.74
9,TCIV,2018,4,0.26
9,NIV,2019,1,0.87
9,YWV,2019,1,0.65
9,YCV,2019,1,1.98
9,YDV,2019,1,0.64
9,TAXV,2019,1,0.63
9,TYPV,2019,1,0.69
9,TYCV,2019,1,1.15
9,TCIV,2019,1,0.27
9,NIV,2019,2,0.92
9,YWV,2019,2,0.7
9,YCV,2019,2,1.91
9,YDV,2019,2,0.71
9,TAXV,2019,2,0.77
9,TYPV,2019,2,0.82
9,TYCV,2019,2,1.49
9,TCIV,2019,2,0.31
9,NIV,2019,3,0.94
9,YWV,2019,3,0.7
9,YCV,2019,3,1.92
9,YDV,2019,3,0.72
9,TAXV,2019,3,0.92
9,TYPV,2019,3,0.9
9,TYCV,2019,3,1.91
9,TCIV,2019,3,0.34
9,NIV,2019,4,0.97
9,YWV,2019,4,0.74
9,YCV,2019,4,2.18
9,YDV,2019,4,0.75
9,TAXV,2019,4,1.0
9,TYPV,2019,4,0.97
9,TYCV,2019,4,2.06
9,TCIV,2019,4,0.35
9,NIV,2020,1,0.93
9,YWV,2020,1,0.71
9,YCV,2020,1,1.72
9,YDV,2020,1,0.75
9,TAXV,2020,1,1.08
9,TYPV,2020,1,1.0
9,TYCV,2020,1,2.25
9,TCIV,2020,1,0.37
9,NIV,2020,2,0.78
9,YWV,2020,2,0.59
9,YCV,2020,2,2.12
9,YDV,2020,2,0.58
9,TAXV,2020,2,1.04
9,TYPV,2020,2,0.93
9,TYCV,2020,2,2.2
9,TCIV,2020,2,0.38
9,NIV,2020,3,0.86
9,YWV,2020,3,0.69
9,YCV,2020,3,1.66
9,YDV,2020,3,0.7
9,TAXV,2020,3,1.03
9,TYPV,2020,3,0.92
9,TYCV,2020,3,2.24
9,TCIV,2020,3,0.37
9,NIV,2020,4,0.95
9,YWV,2020,4,0.77
9,YCV,2020,4,1.62
9,YDV,2020,4,0.81
9,TAXV,2020,4,1.04
9,TYPV,2020,4,0.94
9,TYCV,2020,4,2.21
9,TCIV,2020,4,0.38
9,NIV,2018,0,0.52
9,YWV,2018,0,0.42
9,YCV,2018,0,1.08
9,YDV,2018,0,0.41
9,TAXV,2018,0,0.26
9,TYPV,2018,0,0.28
9,TYCV,2018,0,0.31
9,TCIV,2018,0,0.18
9,NIV,2019,0,0.93
9,YWV,2019,0,0.7
9,YCV,2019,0,2.0
9,YDV,2019,0,0.7
9,TAXV,2019,0,0.83
9,TYPV,2019,0,0.84
9,TYCV,2019,0,1.65
9,TCIV,2019,0,0.32
9,NIV,2020,0,0.88
9,YWV,2020,0,0.69
9,YCV,2020,0,1.78
9,YDV,2020,0,0.71
9,TAXV,2020,0,1.05
9,TYPV,2020,0,0.95
9,TYCV,2020,0,2.23
9,TCIV,2020,0,0.38
9,WIPH,2018,1,0.25
9,LE,2018,1,0.03
9,LF,2018,1,0.03
9,LH,2018,1,0.01
9,UR,2018,1,0.0
9,CUX,2018,1,-0.03
9,GDPPOT,2018,1,0.02
9,GDPGAP,2018,1,-0.01
9,WIPH,2018,2,0.34
9,LE,2018,2,0.07
9,LF,2018,2,0.07
9,LH,2018,2,0.01
9,UR,2018,2,0.0
9,CUX,2018,2,-0.12
9,GDPPOT,2018,2,0.04
9,GDPGAP,2018,2,-0.04
9,WIPH,2018,3,0.37
9,LE,2018,3,0.08
9,LF,2018,3,0.08
9,LH,2018,3,0.06
9,UR,2018,3,0.0
9,CUX,2018,3,0.33
9,GDPPOT,2018,3,0.05
9,GDPGAP,2018,3,0.17
9,WIPH,2018,4,0.37
9,LE,2018,4,0.09
9,LF,2018,4,0.08
9,LH,2018,4,0.08
9,UR,2018,4,-0.01
9,CUX,2018,4,0.43
9,GDPPOT,2018,4,0.05
9,GDPGAP,2018,4,0.22
9,WIPH,2019,1,0.46
9,LE,2019,1,0.13
9,LF,2019,1,0.12
9,LH,2019,1,0.1
9,UR,2019,1,-0.01
9,CUX,2019,1,0.54
9,GDPPOT,2019,1,0.08
9,GDPGAP,2019,1,0.27
9,WIPH,2019,2,0.48
9,LE,2019,2,0.14
9,LF,2019,2,0.13
9,LH,2019,2,0.12
9,UR,2019,2,-0.01
9,CUX,2019,2,0.69
9,GDPPOT,2019,2,0.09
9,GDPGAP,2019,2,0.34
9,WIPH,2019,3,0.48
9,LE,2019,3,0.14
9,LF,2019,3,0.13
9,LH,2019,3,0.12
9,UR,2019,3,-0.01
9,CUX,2019,3,0.72
9,GDPPOT,2019,3,0.09
9,GDPGAP,2019,3,0.36
9,WIPH,2019,4,0.5
9,LE,2019,4,0.15
9,LF,2019,4,0.13
9,LH,2019,4,0.12
9,UR,2019,4,-0.01
9,CUX,2019,4,0.72
9,GDPPOT,2019,4,0.1
9,GDPGAP,2019,4,0.37
9,WIPH,2020,1,0.49
9,LE,2020,1,0.14
9,LF,2020,1,0.12
9,LH,2020,1,0.12
9,UR,2020,1,-0.01
9,CUX,2020,1,0.73
9,GDPPOT,2020,1,0.09
9,GDPGAP,2020,1,0.38
9,WIPH,2020,2,0.42
9,LE,2020,2,0.1
9,LF,2020,2,0.09
9,LH,2020,2,0.1
9,UR,2020,2,-0.02
9,CUX,2020,2,0.58
9,GDPPOT,2020,2,0.08
9,GDPGAP,2020,2,0.32
9,WIPH,2020,3,0.5
9,LE,2020,3,0.12
9,LF,2020,3,0.11
9,LH,2020,3,0.1
9,UR,2020,3,-0.01
9,CUX,2020,3,0.58
9,GDPPOT,2020,3,0.09
9,GDPGAP,2020,3,0.31
9,WIPH,2020,4,0.57
9,LE,2020,4,0.14
9,LF,2020,4,0.12
9,LH,2020,4,0.11
9,UR,2020,4,-0.01
9,CUX,2020,4,0.59
9,GDPPOT,2020,4,0.1
9,GDPGAP,2020,4,0.32
9,WIPH,2018,0,0.33
9,LE,2018,0,0.07
9,LF,2018,0,0.07
9,LH,2018,0,0.04
9,UR,2018,0,0.0
9,CUX,2018,0,0.15
9,GDPPOT,2018,0,0.04
9,GDPGAP,2018,0,0.08
9,WIPH,2019,0,0.48
9,LE,2019,0,0.14
9,LF,2019,0,0.13
9,LH,2019,0,0.12
9,UR,2019,0,-0.01
9,CUX,2019,0,0.67
9,GDPPOT,2019,0,0.09
9,GDPGAP,2019,0,0.34
9,WIPH,2020,0,0.49
9,LE,2020,0,0.12
9,LF,2020,0,0.11
9,LH,2020,0,0.11
9,UR,2020,0,-0.01
9,CUX,2020,0,0.62
9,GDPPOT,2020,0,0.09
9,GDPGAP,2020,0,0.33
9,RCD,2018,1,0.01
9,RGB,2018,1,0.0
9,PERR,2018,1,0.09
9,UCC,2018,1,-0.06
9,FXS,2018,1,10.0
9,PSHARE,2018,1,0.63
9,PLAND,2018,1,0.06
9,M2CD,2018,1,-0.01
9,RCD,2018,2,0.01
9,RGB,2018,2,0.01
9,PERR,2018,2,0.25
9,UCC,2018,2,-0.14
9,FXS,2018,2,10.0
9,PSHARE,2018,2,1.45
9,PLAND,2018,2,-0.01
9,M2CD,2018,2,-0.03
9,RCD,2018,3,0.01
9,RGB,2018,3,0.01
9,PERR,2018,3,0.32
9,UCC,2018,3,-0.23
9,FXS,2018,3,10.0
9,PSHARE,2018,3,2.05
9,PLAND,2018,3,-0.02
9,M2CD,2018,3,0.16
9,RCD,2018,4,0.02
9,RGB,2018,4,0.01
9,PERR,2018,4,0.19
9,UCC,2018,4,-0.33
9,FXS,2018,4,10.0
9,PSHARE,2018,4,1.94
9,PLAND,2018,4,-0.04
9,M2CD,2018,4,0.2
9,RCD,2019,1,0.04
9,RGB,2019,1,0.02
9,PERR,2019,1,0.12
9,UCC,2019,1,-0.37
9,FXS,2019,1,10.0
9,PSHARE,2019,1,1.78
9,PLAND,2019,1,-0.06
9,M2CD,2019,1,0.22
9,RCD,2019,2,0.05
9,RGB,2019,2,0.02
9,PERR,2019,2,-0.02
9,UCC,2019,2,-0.44
9,FXS,2019,2,10.0
9,PSHARE,2019,2,1.55
9,PLAND,2019,2,-0.07
9,M2CD,2019,2,0.27
9,RCD,2019,3,0.06
9,RGB,2019,3,0.03
9,PERR,2019,3,-0.11
9,UCC,2019,3,-0.45
9,FXS,2019,3,10.0
9,PSHARE,2019,3,1.25
9,PLAND,2019,3,-0.09
9,M2CD,2019,3,0.27
9,RCD,2019,4,0.07
9,RGB,2019,4,0.03
9,PERR,2019,4,-0.25
9,UCC,2019,4,-0.35
9,FXS,2019,4,10.0
9,PSHARE,2019,4,0.93
9,PLAND,2019,4,-0.1
9,M2CD,2019,4,0.28
9,RCD,2020,1,0.08
9,RGB,2020,1,0.04
9,PERR,2020,1,-0.27
9,UCC,2020,1,-0.3
9,FXS,2020,1,10.0
9,PSHARE,2020,1,0.6
9,PLAND,2020,1,-0.11
9,M2CD,2020,1,0.28
9,RCD,2020,2,0.08
9,RGB,2020,2,0.04
9,PERR,2020,2,-0.46
9,UCC,2020,2,-0.28
9,FXS,2020,2,10.0
9,PSHARE,2020,2,0.33
9,PLAND,2020,2,-0.12
9,M2CD,2020,2,0.25
9,RCD,2020,3,0.09
9,RGB,2020,3,0.04
9,PERR,2020,3,-0.69
9,UCC,2020,3,-0.26
9,FXS,2020,3,10.0
9,PSHARE,2020,3,0.13
9,PLAND,2020,3,-0.12
9,M2CD,2020,3,0.24
9,RCD,2020,4,0.1
9,RGB,2020,4,0.05
9,PERR,2020,4,-0.83
9,UCC,2020,4,-0.28
9,FXS,2020,4,10.0
9,PSHARE,2020,4,-0.03
9,PLAND,2020,4,-0.12
9,M2CD,2020,4,0.27
9,RCD,2018,0,0.01
9,RGB,2018,0,0.01
9,PERR,2018,0,0.21
9,UCC,2018,0,-0.19
9,FXS,2018,0,10.0
9,PSHARE,2018,0,1.52
9,PLAND,2018,0,0.0
9,M2CD,2018,0,0.08
9,RCD,2019,0,0.06
9,RGB,2019,0,0.03
9,PERR,2019,0,-0.07
9,UCC,2019,0,-0.4
9,FXS,2019,0,10.0
9,PSHARE,2019,0,1.38
9,PLAND,2019,0,-0.08
9,M2CD,2019,0,0.26
9,RCD,2020,0,0.09
9,RGB,2020,0,0.04
9,PERR,2020,0,-0.56
9,UCC,2020,0,-0.28
9,FXS,2020,0,10.0
9,PSHARE,2020,0,0.26
9,PLAND,2020,0,-0.12
9,M2CD,2020,0,0.26
9,BGVATGDPV,2018,1,0.02
9,SBGVATGDPV,2018,1,-0.17
9,BCVATGDPV,2018,1,0.12
9,KFP,2018,1,0.0
9,KHP,2018,1,0.0
9,KG,2018,1,0.0
9,BGVATGDPV,2018,2,0.02
9,SBGVATGDPV,2018,2,-0.18
9,BCVATGDPV,2018,2,0.17
9,KFP,2018,2,0.0
9,KHP,2018,2,0.01
9,KG,2018,2,0.0
9,BGVATGDPV,2018,3,0.06
9,SBGVATGDPV,2018,3,-0.6
9,BCVATGDPV,2018,3,0.25
9,KFP,2018,3,0.01
9,KHP,2018,3,0.01
9,KG,2018,3,0.0
9,BGVATGDPV,2018,4,0.09
9,SBGVATGDPV,2018,4,-0.72
9,BCVATGDPV,2018,4,0.21
9,KFP,2018,4,0.02
9,KHP,2018,4,0.02
9,KG,2018,4,0.0
9,BGVATGDPV,2019,1,0.13
9,SBGVATGDPV,2019,1,-1.09
9,BCVATGDPV,2019,1,0.33
9,KFP,2019,1,0.03
9,KHP,2019,1,0.02
9,KG,2019,1,0.0
9,BGVATGDPV,2019,2,0.15
9,SBGVATGDPV,2019,2,-1.26
9,BCVATGDPV,2019,2,0.35
9,KFP,2019,2,0.04
9,KHP,2019,2,0.03
9,KG,2019,2,0.0
9,BGVATGDPV,2019,3,0.18
9,SBGVATGDPV,2019,3,-1.39
9,BCVATGDPV,2019,3,0.37
9,KFP,2019,3,0.05
9,KHP,2019,3,0.03
9,KG,2019,3,0.0
9,BGVATGDPV,2019,4,0.21
9,SBGVATGDPV,2019,4,-1.62
9,BCVATGDPV,2019,4,0.39
9,KFP,2019,4,0.05
9,KHP,2019,4,0.03
9,KG,2019,4,0.0
9,BGVATGDPV,2020,1,0.23
9,SBGVATGDPV,2020,1,-1.7
9,BCVATGDPV,2020,1,0.36
9,KFP,2020,1,0.06
9,KHP,2020,1,0.03
9,KG,2020,1,0.0
9,BGVATGDPV,2020,2,0.23
9,SBGVATGDPV,2020,2,-1.74
9,BCVATGDPV,2020,2,0.23
9,KFP,2020,2,0.06
9,KHP,2020,2,0.03
9,KG,2020,2,0.0
9,BGVATGDPV,2020,3,0.24
9,SBGVATGDPV,2020,3,-1.99
9,BCVATGDPV,2020,3,0.3
9,KFP,2020,3,0.06
9,KHP,2020,3,0.03
9,KG,2020,3,0.0
9,BGVATGDPV,2020,4,0.26
9,SBGVATGDPV,2020,4,-2.2
9,BCVATGDPV,2020,4,0.38
9,KFP,2020,4,0.06
9,KHP,2020,4,0.04
9,KG,2020,4,0.0
9,BGVATGDPV,2018,0,0.05
9,SBGVATGDPV,2018,0,-0.42
9,BCVATGDPV,2018,0,0.19
9,KFP,2018,0,0.01
9,KHP,2018,0,0.01
9,KG,2018,0,0.0
9,BGVATGDPV,2019,0,0.17
9,SBGVATGDPV,2019,0,-1.34
9,BCVATGDPV,2019,0,0.36
9,KFP,2019,0,0.04
9,KHP,2019,0,0.03
9,KG,2019,0,0.0
9,BGVATGDPV,2020,0,0.24
9,SBGVATGDPV,2020,0,-1.91
9,BCVATGDPV,2020,0,0.32
9,KFP,2020,0,0.06
9,KHP,2020,0,0.03
9,KG,2020,0,0.0
10,GDP,2018,1,0.0
10,CP,2018,1,0.0
10,IFP,2018,1,0.0
10,IHP,2018,1,0.02
10,IG,2018,1,0.0
10,CG,2018,1,0.0
10,XGS,2018,1,0.0
10,MGS,2018,1,0.0
10,GDP,2018,2,-0.12
10,CP,2018,2,-0.11
10,IFP,2018,2,0.0
10,IHP,2018,2,0.09
10,IG,2018,2,0.0
10,CG,2018,2,0.0
10,XGS,2018,2,0.0
10,MGS,2018,2,0.31
10,GDP,2018,3,-0.08
10,CP,2018,3,-0.26
10,IFP,2018,3,0.0
10,IHP,2018,3,0.04
10,IG,2018,3,0.0
10,CG,2018,3,0.0
10,XGS,2018,3,0.0
10,MGS,2018,3,-0.28
10,GDP,2018,4,-0.12
10,CP,2018,4,-0.28
10,IFP,2018,4,-0.01
10,IHP,2018,4,0.04
10,IG,2018,4,0.0
10,CG,2018,4,0.0
10,XGS,2018,4,0.0
10,MGS,2018,4,-0.12
10,GDP,2019,1,-0.12
10,CP,2019,1,-0.3
10,IFP,2019,1,-0.01
10,IHP,2019,1,-0.09
10,IG,2019,1,0.0
10,CG,2019,1,0.0
10,XGS,2019,1,0.0
10,MGS,2019,1,-0.25
10,GDP,2019,2,-0.12
10,CP,2019,2,-0.29
10,IFP,2019,2,-0.02
10,IHP,2019,2,-0.18
10,IG,2019,2,0.0
10,CG,2019,2,0.0
10,XGS,2019,2,0.01
10,MGS,2019,2,-0.24
10,GDP,2019,3,-0.15
10,CP,2019,3,-0.29
10,IFP,2019,3,-0.02
10,IHP,2019,3,-0.2
10,IG,2019,3,0.0
10,CG,2019,3,0.0
10,XGS,2019,3,0.01
10,MGS,2019,3,-0.24
10,GDP,2019,4,-0.16
10,CP,2019,4,-0.31
10,IFP,2019,4,-0.02
10,IHP,2019,4,-0.22
10,IG,2019,4,0.0
10,CG,2019,4,0.0
10,XGS,2019,4,0.01
10,MGS,2019,4,-0.25
10,GDP,2020,1,-0.16
10,CP,2020,1,-0.31
10,IFP,2020,1,-0.02
10,IHP,2020,1,-0.21
10,IG,2020,1,0.0
10,CG,2020,1,0.0
10,XGS,2020,1,0.01
10,MGS,2020,1,-0.27
10,GDP,2020,2,-0.17
10,CP,2020,2,-0.31
10,IFP,2020,2,-0.02
10,IHP,2020,2,-0.21
10,IG,2020,2,0.0
10,CG,2020,2,0.0
10,XGS,2020,2,0.01
10,MGS,2020,2,-0.25
10,GDP,2020,3,-0.16
10,CP,2020,3,-0.29
10,IFP,2020,3,-0.02
10,IHP,2020,3,-0.22
10,IG,2020,3,0.0
10,CG,2020,3,0.0
10,XGS,2020,3,0.02
10,MGS,2020,3,-0.25
10,GDP,2020,4,-0.15
10,CP,2020,4,-0.27
10,IFP,2020,4,-0.02
10,IHP,2020,4,-0.21
10,IG,2020,4,0.0
10,CG,2020,4,0.0
10,XGS,2020,4,0.02
10,MGS,2020,4,-0.24
10,GDP,2018,0,-0.08
10,CP,2018,0,-0.16
10,IFP,2018,0,0.0
10,IHP,2018,0,0.05
10,IG,2018,0,0.0
10,CG,2018,0,0.0
10,XGS,2018,0,0.0
10,MGS,2018,0,-0.02
10,GDP,2019,0,-0.13
10,CP,2019,0,-0.3
10,IFP,2019,0,-0.02
10,IHP,2019,0,-0.17
10,IG,2019,0,0.0
10,CG,2019,0,0.0
10,XGS,2019,0,0.01
10,MGS,2019,0,-0.25
10,GDP,2020,0,-0.16
10,CP,2020,0,-0.3
10,IFP,2020,0,-0.02
10,IHP,2020,0,-0.21
10,IG,2020,0,0.0
10,CG,2020,0,0.0
10,XGS,2020,0,0.02
10,MGS,2020,0,-0.25
10,GDPD,2018,1,0.01
10,PGDP,2018,1,-0.27
10,PCP,2018,1,0.23
10,PIFP,2018,1,0.02
10,PIHP,2018,1,0.17
10,PXGS,2018,1,0.01
10,PMGS,2018,1,2.32
10,CGPI,2018,1,0.44
10,GDPD,2018,2,-0.5
10,PGDP,2018,2,-0.26
10,PCP,2018,2,0.22
10,PIFP,2018,2,0.0
10,PIHP,2018,2,0.26
10,PXGS,2018,2,0.02
10,PMGS,2018,2,2.42
10,CGPI,2018,2,0.47
10,GDPD,2018,3,0.18
10,PGDP,2018,3,-0.32
10,PCP,2018,3,0.21
10,PIFP,2018,3,0.01
10,PIHP,2018,3,0.28
10,PXGS,2018,3,0.02
10,PMGS,2018,3,2.64
10,CGPI,2018,3,0.5
10,GDPD,2018,4,-0.17
10,PGDP,2018,4,-0.33
10,PCP,2018,4,0.21
10,PIFP,2018,4,0.0
10,PIHP,2018,4,0.29
10,PXGS,2018,4,0.03
10,PMGS,2018,4,2.62
10,CGPI,2018,4,0.5
10,GDPD,2019,1,0.01
10,PGDP,2019,1,-0.23
10,PCP,2019,1,0.2
10,PIFP,2019,1,0.0
10,PIHP,2019,1,0.26
10,PXGS,2019,1,0.03
10,PMGS,2019,1,2.19
10,CGPI,2019,1,0.42
10,GDPD,2019,2,-0.01
10,PGDP,2019,2,-0.28
10,PCP,2019,2,0.19
10,PIFP,2019,2,0.0
10,PIHP,2019,2,0.26
10,PXGS,2019,2,0.03
10,PMGS,2019,2,2.45
10,CGPI,2019,2,0.47
10,GDPD,2019,3,-0.1
10,PGDP,2019,3,-0.25
10,PCP,2019,3,0.19
10,PIFP,2019,3,-0.01
10,PIHP,2019,3,0.26
10,PXGS,2019,3,0.04
10,PMGS,2019,3,2.24
10,CGPI,2019,3,0.43
10,GDPD,2019,4,-0.05
10,PGDP,2019,4,-0.24
10,PCP,2019,4,0.18
10,PIFP,2019,4,-0.01
10,PIHP,2019,4,0.24
10,PXGS,2019,4,0.04
10,PMGS,2019,4,2.15
10,CGPI,2019,4,0.41
10,GDPD,2020,1,-0.02
10,PGDP,2020,1,-0.22
10,PCP,2020,1,0.17
10,PIFP,2020,1,-0.02
10,PIHP,2020,1,0.23
10,PXGS,2020,1,0.04
10,PMGS,2020,1,2.1
10,CGPI,2020,1,0.4
10,GDPD,2020,2,-0.02
10,PGDP,2020,2,-0.14
10,PCP,2020,2,0.16
10,PIFP,2020,2,-0.03
10,PIHP,2020,2,0.19
10,PXGS,2020,2,0.04
10,PMGS,2020,2,1.64
10,CGPI,2020,2,0.31
10,GDPD,2020,3,0.04
10,PGDP,2020,3,-0.12
10,PCP,2020,3,0.15
10,PIFP,2020,3,-0.03
10,PIHP,2020,3,0.16
10,PXGS,2020,3,0.04
10,PMGS,2020,3,1.57
10,CGPI,2020,3,0.29
10,GDPD,2020,4,0.03
10,PGDP,2020,4,-0.12
10,PCP,2020,4,0.14
10,PIFP,2020,4,-0.04
10,PIHP,2020,4,0.15
10,PXGS,2020,4,0.05
10,PMGS,2020,4,1.45
10,CGPI,2020,4,0.27
10,GDPD,2018,0,-0.12
10,PGDP,2018,0,-0.3
10,PCP,2018,0,0.22
10,PIFP,2018,0,0.01
10,PIHP,2018,0,0.25
10,PXGS,2018,0,0.02
10,PMGS,2018,0,2.5
10,CGPI,2018,0,0.48
10,GDPD,2019,0,-0.04
10,PGDP,2019,0,-0.25
10,PCP,2019,0,0.19
10,PIFP,2019,0,0.0
10,PIHP,2019,0,0.25
10,PXGS,2019,0,0.03
10,PMGS,2019,0,2.26
10,CGPI,2019,0,0.43
10,GDPD,2020,0,0.01
10,PGDP,2020,0,-0.15
10,PCP,2020,0,0.15
10,PIFP,2020,0,-0.03
10,PIHP,2020,0,0.18
10,PXGS,2020,0,0.04
10,PMGS,2020,0,1.69
10,CGPI,2020,0,0.32
10,GDPV,2018,1,-0.27
10,CPV,2018,1,0.23
10,IFPV,2018,1,0.02
10,IHPV,2018,1,0.18
10,IGV,2018,1,0.06
10,CGV,2018,1,0.0
10,XGSV,2018,1,0.01
10,MGSV,2018,1,2.32
10,GDPV,2018,2,-0.38
10,CPV,2018,2,0.1
10,IFPV,2018,2,0.0
10,IHPV,2018,2,0.35
10,IGV,2018,2,0.08
10,CGV,2018,2,0.19
10,XGSV,2018,2,0.02
10,MGSV,2018,2,2.74
10,GDPV,2018,3,-0.4
10,CPV,2018,3,-0.05
10,IFPV,2018,3,0.01
10,IHPV,2018,3,0.32
10,IGV,2018,3,0.09
10,CGV,2018,3,0.13
10,XGSV,2018,3,0.02
10,MGSV,2018,3,2.35
10,GDPV,2018,4,-0.45
10,CPV,2018,4,-0.08
10,IFPV,2018,4,0.0
10,IHPV,2018,4,0.33
10,IGV,2018,4,0.09
10,CGV,2018,4,0.19
10,XGSV,2018,4,0.03
10,MGSV,2018,4,2.49
10,GDPV,2019,1,-0.35
10,CPV,2019,1,-0.1
10,IFPV,2019,1,-0.01
10,IHPV,2019,1,0.17
10,IGV,2019,1,0.08
10,CGV,2019,1,0.15
10,XGSV,2019,1,0.03
10,MGSV,2019,1,1.94
10,GDPV,2019,2,-0.39
10,CPV,2019,2,-0.1
10,IFPV,2019,2,-0.02
10,IHPV,2019,2,0.08
10,IGV,2019,2,0.08
10,CGV,2019,2,0.18
10,XGSV,2019,2,0.04
10,MGSV,2019,2,2.2
10,GDPV,2019,3,-0.4
10,CPV,2019,3,-0.1
10,IFPV,2019,3,-0.02
10,IHPV,2019,3,0.06
10,IGV,2019,3,0.07
10,CGV,2019,3,0.15
10,XGSV,2019,3,0.04
10,MGSV,2019,3,2.0
10,GDPV,2019,4,-0.39
10,CPV,2019,4,-0.13
10,IFPV,2019,4,-0.03
10,IHPV,2019,4,0.02
10,IGV,2019,4,0.06
10,CGV,2019,4,0.16
10,XGSV,2019,4,0.05
10,MGSV,2019,4,1.89
10,GDPV,2020,1,-0.38
10,CPV,2020,1,-0.14
10,IFPV,2020,1,-0.04
10,IHPV,2020,1,0.03
10,IGV,2020,1,0.05
10,CGV,2020,1,0.15
10,XGSV,2020,1,0.05
10,MGSV,2020,1,1.82
10,GDPV,2020,2,-0.31
10,CPV,2020,2,-0.15
10,IFPV,2020,2,-0.05
10,IHPV,2020,2,-0.01
10,IGV,2020,2,0.03
10,CGV,2020,2,0.14
10,XGSV,2020,2,0.06
10,MGSV,2020,2,1.39
10,GDPV,2020,3,-0.28
10,CPV,2020,3,-0.14
10,IFPV,2020,3,-0.05
10,IHPV,2020,3,-0.06
10,IGV,2020,3,0.02
10,CGV,2020,3,0.13
10,XGSV,2020,3,0.06
10,MGSV,2020,3,1.31
10,GDPV,2020,4,-0.27
10,CPV,2020,4,-0.13
10,IFPV,2020,4,-0.06
10,IHPV,2020,4,-0.06
10,IGV,2020,4,0.01
10,CGV,2020,4,0.13
10,XGSV,2020,4,0.06
10,MGSV,2020,4,1.22
10,GDPV,2018,0,-0.38
10,CPV,2018,0,0.05
10,IFPV,2018,0,0.01
10,IHPV,2018,0,0.3
10,IGV,2018,0,0.08
10,CGV,2018,0,0.13
10,XGSV,2018,0,0.02
10,MGSV,2018,0,2.47
10,GDPV,2019,0,-0.38
10,CPV,2019,0,-0.11
10,IFPV,2019,0,-0.02
10,IHPV,2019,0,0.08
10,IGV,2019,0,0.07
10,CGV,2019,0,0.16
10,XGSV,2019,0,0.04
10,MGSV,2019,0,2.01
10,GDPV,2020,0,-0.31
10,CPV,2020,0,-0.14
10,IFPV,2020,0,-0.05
10,IHPV,2020,0,-0.03
10,IGV,2020,0,0.03
10,CGV,2020,0,0.14
10,XGSV,2020,0,0.06
10,MGSV,2020,0,1.43
10,NIV,2018,1,-0.39
10,YWV,2018,1,-0.37
10,YCV,2018,1,-0.76
10,YDV,2018,1,-0.3
10,TAXV,2018,1,0.05
10,TYPV,2018,1,-0.01
10,TYCV,2018,1,0.02
10,TCIV,2018,1,0.12
10,NIV,2018,2,-0.55
10,YWV,2018,2,-0.39
10,YCV,2018,2,-1.46
10,YDV,2018,2,-0.35
10,TAXV,2018,2,-0.06
10,TYPV,2018,2,-0.17
10,TYCV,2018,2,-0.17
10,TCIV,2018,2,0.1
10,NIV,2018,3,-0.57
10,YWV,2018,3,-0.43
10,YCV,2018,3,-1.34
10,YDV,2018,3,-0.4
10,TAXV,2018,3,-0.21
10,TYPV,2018,3,-0.25
10,TYCV,2018,3,-0.53
10,TCIV,2018,3,0.01
10,NIV,2018,4,-0.65
10,YWV,2018,4,-0.44
10,YCV,2018,4,-1.94
10,YDV,2018,4,-0.41
10,TAXV,2018,4,-0.35
10,TYPV,2018,4,-0.38
10,TYCV,2018,4,-0.87
10,TCIV,2018,4,0.01
10,NIV,2019,1,-0.51
10,YWV,2019,1,-0.35
10,YCV,2019,1,-1.33
10,YDV,2019,1,-0.33
10,TAXV,2019,1,-0.5
10,TYPV,2019,1,-0.4
10,TYCV,2019,1,-1.35
10,TCIV,2019,1,-0.01
10,NIV,2019,2,-0.57
10,YWV,2019,2,-0.39
10,YCV,2019,2,-1.53
10,YDV,2019,2,-0.36
10,TAXV,2019,2,-0.54
10,TYPV,2019,2,-0.4
10,TYCV,2019,2,-1.51
10,TCIV,2019,2,-0.01
10,NIV,2019,3,-0.57
10,YWV,2019,3,-0.4
10,YCV,2019,3,-1.52
10,YDV,2019,3,-0.37
10,TAXV,2019,3,-0.55
10,TYPV,2019,3,-0.41
10,TYCV,2019,3,-1.54
10,TCIV,2019,3,-0.02
10,NIV,2019,4,-0.57
10,YWV,2019,4,-0.38
10,YCV,2019,4,-1.9
10,YDV,2019,4,-0.35
10,TAXV,2019,4,-0.59
10,TYPV,2019,4,-0.41
10,TYCV,2019,4,-1.6
10,TCIV,2019,4,-0.04
10,NIV,2020,1,-0.54
10,YWV,2020,1,-0.36
10,YCV,2020,1,-1.49
10,YDV,2020,1,-0.34
10,TAXV,2020,1,-0.61
10,TYPV,2020,1,-0.42
10,TYCV,2020,1,-1.58
10,TCIV,2020,1,-0.05
10,NIV,2020,2,-0.46
10,YWV,2020,2,-0.28
10,YCV,2020,2,-3.35
10,YDV,2020,2,-0.23
10,TAXV,2020,2,-0.6
10,TYPV,2020,2,-0.4
10,TYCV,2020,2,-1.64
10,TCIV,2020,2,-0.05
10,NIV,2020,3,-0.41
10,YWV,2020,3,-0.25
10,YCV,2020,3,-1.67
10,YDV,2020,3,-0.23
10,TAXV,2020,3,-0.62
10,TYPV,2020,3,-0.37
10,TYCV,2020,3,-1.84
10,TCIV,2020,3,-0.05
10,NIV,2020,4,-0.38
10,YWV,2020,4,-0.25
10,YCV,2020,4,-1.23
10,YDV,2020,4,-0.23
10,TAXV,2020,4,-0.63
10,TYPV,2020,4,-0.33
10,TYCV,2020,4,-1.93
10,TCIV,2020,4,-0.05
10,NIV,2018,0,-0.54
10,YWV,2018,0,-0.41
10,YCV,2018,0,-1.38
10,YDV,2018,0,-0.37
10,TAXV,2018,0,-0.14
10,TYPV,2018,0,-0.2
10,TYCV,2018,0,-0.39
10,TCIV,2018,0,0.06
10,NIV,2019,0,-0.55
10,YWV,2019,0,-0.38
10,YCV,2019,0,-1.57
10,YDV,2019,0,-0.35
10,TAXV,2019,0,-0.54
10,TYPV,2019,0,-0.4
10,TYCV,2019,0,-1.5
10,TCIV,2019,0,-0.02
10,NIV,2020,0,-0.45
10,YWV,2020,0,-0.28
10,YCV,2020,0,-1.94
10,YDV,2020,0,-0.26
10,TAXV,2020,0,-0.62
10,TYPV,2020,0,-0.38
10,TYCV,2020,0,-1.75
10,TCIV,2020,0,-0.05
10,WIPH,2018,1,-0.2
10,LE,2018,1,-0.17
10,LF,2018,1,-0.17
10,LH,2018,1,-0.02
10,UR,2018,1,0.0
10,CUX,2018,1,0.31
10,GDPPOT,2018,1,-0.1
10,GDPGAP,2018,1,0.11
10,WIPH,2018,2,-0.2
10,LE,2018,2,-0.16
10,LF,2018,2,-0.17
10,LH,2018,2,-0.05
10,UR,2018,2,0.0
10,CUX,2018,2,0.02
10,GDPPOT,2018,2,-0.1
10,GDPGAP,2018,2,-0.02
10,WIPH,2018,3,-0.24
10,LE,2018,3,-0.17
10,LF,2018,3,-0.18
10,LH,2018,3,-0.04
10,UR,2018,3,0.0
10,CUX,2018,3,0.14
10,GDPPOT,2018,3,-0.11
10,GDPGAP,2018,3,0.03
10,WIPH,2018,4,-0.24
10,LE,2018,4,-0.17
10,LF,2018,4,-0.18
10,LH,2018,4,-0.05
10,UR,2018,4,0.0
10,CUX,2018,4,0.05
10,GDPPOT,2018,4,-0.11
10,GDPGAP,2018,4,-0.01
10,WIPH,2019,1,-0.17
10,LE,2019,1,-0.15
10,LF,2019,1,-0.15
10,LH,2019,1,-0.05
10,UR,2019,1,0.0
10,CUX,2019,1,0.0
10,GDPPOT,2019,1,-0.09
10,GDPGAP,2019,1,-0.03
10,WIPH,2019,2,-0.21
10,LE,2019,2,-0.16
10,LF,2019,2,-0.16
10,LH,2019,2,-0.05
10,UR,2019,2,0.0
10,CUX,2019,2,0.02
10,GDPPOT,2019,2,-0.09
10,GDPGAP,2019,2,-0.02
10,WIPH,2019,3,-0.21
10,LE,2019,3,-0.16
10,LF,2019,3,-0.16
10,LH,2019,3,-0.06
10,UR,2019,3,0.0
10,CUX,2019,3,-0.04
10,GDPPOT,2019,3,-0.09
10,GDPGAP,2019,3,-0.05
10,WIPH,2019,4,-0.2
10,LE,2019,4,-0.15
10,LF,2019,4,-0.15
10,LH,2019,4,-0.06
10,UR,2019,4,0.0
10,CUX,2019,4,-0.07
10,GDPPOT,2019,4,-0.09
10,GDPGAP,2019,4,-0.07
10,WIPH,2020,1,-0.18
10,LE,2020,1,-0.14
10,LF,2020,1,-0.14
10,LH,2020,1,-0.06
10,UR,2020,1,0.0
10,CUX,2020,1,-0.1
10,GDPPOT,2020,1,-0.09
10,GDPGAP,2020,1,-0.08
10,WIPH,2020,2,-0.12
10,LE,2020,2,-0.12
10,LF,2020,2,-0.12
10,LH,2020,2,-0.05
10,UR,2020,2,0.0
10,CUX,2020,2,-0.14
10,GDPPOT,2020,2,-0.07
10,GDPGAP,2020,2,-0.09
10,WIPH,2020,3,-0.1
10,LE,2020,3,-0.11
10,LF,2020,3,-0.1
10,LH,2020,3,-0.05
10,UR,2020,3,0.0
10,CUX,2020,3,-0.15
10,GDPPOT,2020,3,-0.06
10,GDPGAP,2020,3,-0.09
10,WIPH,2020,4,-0.11
10,LE,2020,4,-0.1
10,LF,2020,4,-0.1
10,LH,2020,4,-0.05
10,UR,2020,4,0.0
10,CUX,2020,4,-0.14
10,GDPPOT,2020,4,-0.06
10,GDPGAP,2020,4,-0.09
10,WIPH,2018,0,-0.22
10,LE,2018,0,-0.17
10,LF,2018,0,-0.17
10,LH,2018,0,-0.04
10,UR,2018,0,0.0
10,CUX,2018,0,0.13
10,GDPPOT,2018,0,-0.1
10,GDPGAP,2018,0,0.02
10,WIPH,2019,0,-0.2
10,LE,2019,0,-0.15
10,LF,2019,0,-0.15
10,LH,2019,0,-0.05
10,UR,2019,0,0.0
10,CUX,2019,0,-0.02
10,GDPPOT,2019,0,-0.09
10,GDPGAP,2019,0,-0.04
10,WIPH,2020,0,-0.13
10,LE,2020,0,-0.12
10,LF,2020,0,-0.12
10,LH,2020,0,-0.05
10,UR,2020,0,0.0
10,CUX,2020,0,-0.13
10,GDPPOT,2020,0,-0.07
10,GDPGAP,2020,0,-0.09
10,RCD,2018,1,0.0
10,RGB,2018,1,0.0
10,PERR,2018,1,0.03
10,UCC,2018,1,-0.08
10,FXS,2018,1,0.03
10,PSHARE,2018,1,-0.04
10,PLAND,2018,1,0.03
10,M2CD,2018,1,0.01
10,RCD,2018,2,0.0
10,RGB,2018,2,0.0
10,PERR,2018,2,0.11
10,UCC,2018,2,-0.16
10,FXS,2018,2,0.04
10,PSHARE,2018,2,-0.06
10,PLAND,2018,2,0.0
10,M2CD,2018,2,-0.12
10,RCD,2018,3,0.0
10,RGB,2018,3,0.0
10,PERR,2018,3,0.2
10,UCC,2018,3,-0.2
10,FXS,2018,3,0.05
10,PSHARE,2018,3,-0.06
10,PLAND,2018,3,0.0
10,M2CD,2018,3,-0.08
10,RCD,2018,4,0.0
10,RGB,2018,4,0.0
10,PERR,2018,4,0.27
10,UCC,2018,4,-0.31
10,FXS,2018,4,0.06
10,PSHARE,2018,4,-0.07
10,PLAND,2018,4,0.0
10,M2CD,2018,4,-0.12
10,RCD,2019,1,0.01
10,RGB,2019,1,0.0
10,PERR,2019,1,0.34
10,UCC,2019,1,-0.2
10,FXS,2019,1,0.07
10,PSHARE,2019,1,-0.08
10,PLAND,2019,1,0.0
10,M2CD,2019,1,-0.13
10,RCD,2019,2,0.0
10,RGB,2019,2,0.0
10,PERR,2019,2,0.34
10,UCC,2019,2,-0.19
10,FXS,2019,2,0.08
10,PSHARE,2019,2,-0.1
10,PLAND,2019,2,0.01
10,M2CD,2019,2,-0.11
10,RCD,2019,3,0.0
10,RGB,2019,3,0.0
10,PERR,2019,3,0.37
10,UCC,2019,3,-0.18
10,FXS,2019,3,0.09
10,PSHARE,2019,3,-0.1
10,PLAND,2019,3,0.0
10,M2CD,2019,3,-0.14
10,RCD,2019,4,0.0
10,RGB,2019,4,0.0
10,PERR,2019,4,0.43
10,UCC,2019,4,-0.1
10,FXS,2019,4,0.1
10,PSHARE,2019,4,-0.09
10,PLAND,2019,4,0.0
10,M2CD,2019,4,-0.15
10,RCD,2020,1,0.0
10,RGB,2020,1,0.0
10,PERR,2020,1,0.39
10,UCC,2020,1,-0.12
10,FXS,2020,1,0.11
10,PSHARE,2020,1,-0.06
10,PLAND,2020,1,0.0
10,M2CD,2020,1,-0.16
10,RCD,2020,2,0.0
10,RGB,2020,2,0.0
10,PERR,2020,2,0.59
10,UCC,2020,2,-0.05
10,FXS,2020,2,0.11
10,PSHARE,2020,2,-0.02
10,PLAND,2020,2,0.0
10,M2CD,2020,2,-0.17
10,RCD,2020,3,0.0
10,RGB,2020,3,0.0
10,PERR,2020,3,0.93
10,UCC,2020,3,0.04
10,FXS,2020,3,0.11
10,PSHARE,2020,3,-0.01
10,PLAND,2020,3,0.01
10,M2CD,2020,3,-0.17
10,RCD,2020,4,0.0
10,RGB,2020,4,0.0
10,PERR,2020,4,1.17
10,UCC,2020,4,0.11
10,FXS,2020,4,0.12
10,PSHARE,2020,4,-0.01
10,PLAND,2020,4,0.0
10,M2CD,2020,4,-0.17
10,RCD,2018,0,0.0
10,RGB,2018,0,0.0
10,PERR,2018,0,0.15
10,UCC,2018,0,-0.19
10,FXS,2018,0,0.05
10,PSHARE,2018,0,-0.06
10,PLAND,2018,0,0.01
10,M2CD,2018,0,-0.08
10,RCD,2019,0,0.0
10,RGB,2019,0,0.0
10,PERR,2019,0,0.37
10,UCC,2019,0,-0.17
10,FXS,2019,0,0.09
10,PSHARE,2019,0,-0.09
10,PLAND,2019,0,0.0
10,M2CD,2019,0,-0.13
10,RCD,2020,0,0.0
10,RGB,2020,0,0.0
10,PERR,2020,0,0.77
10,UCC,2020,0,-0.01
10,FXS,2020,0,0.11
10,PSHARE,2020,0,-0.03
10,PLAND,2020,0,0.0
10,M2CD,2020,0,-0.17
10,BGVATGDPV,2018,1,-0.02
10,SBGVATGDPV,2018,1,0.63
10,BCVATGDPV,2018,1,-0.4
10,KFP,2018,1,0.0
10,KHP,2018,1,0.0
10,KG,2018,1,0.0
10,BGVATGDPV,2018,2,-0.09
10,SBGVATGDPV,2018,2,0.91
10,BCVATGDPV,2018,2,-0.47
10,KFP,2018,2,0.0
10,KHP,2018,2,0.0
10,KG,2018,2,0.0
10,BGVATGDPV,2018,3,-0.11
10,SBGVATGDPV,2018,3,0.98
10,BCVATGDPV,2018,3,-0.42
10,KFP,2018,3,0.0
10,KHP,2018,3,0.0
10,KG,2018,3,0.0
10,BGVATGDPV,2018,4,-0.15
10,SBGVATGDPV,2018,4,1.16
10,BCVATGDPV,2018,4,-0.47
10,KFP,2018,4,0.0
10,KHP,2018,4,0.0
10,KG,2018,4,0.0
10,BGVATGDPV,2019,1,-0.16
10,SBGVATGDPV,2019,1,0.94
10,BCVATGDPV,2019,1,-0.33
10,KFP,2019,1,0.0
10,KHP,2019,1,0.0
10,KG,2019,1,0.0
10,BGVATGDPV,2019,2,-0.17
10,SBGVATGDPV,2019,2,1.1
10,BCVATGDPV,2019,2,-0.38
10,KFP,2019,2,0.0
10,KHP,2019,2,0.0
10,KG,2019,2,0.0
10,BGVATGDPV,2019,3,-0.17
10,SBGVATGDPV,2019,3,1.15
10,BCVATGDPV,2019,3,-0.35
10,KFP,2019,3,0.0
10,KHP,2019,3,0.0
10,KG,2019,3,0.0
10,BGVATGDPV,2019,4,-0.19
10,SBGVATGDPV,2019,4,1.2
10,BCVATGDPV,2019,4,-0.33
10,KFP,2019,4,0.0
10,KHP,2019,4,-0.01
10,KG,2019,4,0.0
10,BGVATGDPV,2020,1,-0.19
10,SBGVATGDPV,2020,1,1.2
10,BCVATGDPV,2020,1,-0.3
10,KFP,2020,1,0.0
10,KHP,2020,1,-0.01
10,KG,2020,1,0.0
10,BGVATGDPV,2020,2,-0.2
10,SBGVATGDPV,2020,2,1.18
10,BCVATGDPV,2020,2,-0.23
10,KFP,2020,2,0.0
10,KHP,2020,2,-0.01
10,KG,2020,2,0.0
10,BGVATGDPV,2020,3,-0.19
10,SBGVATGDPV,2020,3,1.09
10,BCVATGDPV,2020,3,-0.19
10,KFP,2020,3,0.0
10,KHP,2020,3,-0.01
10,KG,2020,3,0.0
10,BGVATGDPV,2020,4,-0.2
10,SBGVATGDPV,2020,4,1.11
10,BCVATGDPV,2020,4,-0.18
10,KFP,2020,4,0.0
10,KHP,2020,4,-0.02
10,KG,2020,4,0.0
10,BGVATGDPV,2018,0,-0.09
10,SBGVATGDPV,2018,0,0.92
10,BCVATGDPV,2018,0,-0.44
10,KFP,2018,0,0.0
10,KHP,2018,0,0.0
10,KG,2018,0,0.0
10,BGVATGDPV,2019,0,-0.17
10,SBGVATGDPV,2019,0,1.1
10,BCVATGDPV,2019,0,-0.35
10,KFP,2019,0,0.0
10,KHP,2019,0,0.0
10,KG,2019,0,0.0
10,BGVATGDPV,2020,0,-0.19
10,SBGVATGDPV,2020,0,1.15
10,BCVATGDPV,2020,0,-0.22
10,KFP,2020,0,0.0
10,KHP,2020,0,-0.01
10,KG,2020,0,0.0
11,GDP,2018,1,0.29
11,CP,2018,1,0.0
11,IFP,2018,1,0.19
11,IHP,2018,1,0.03
11,IG,2018,1,0.0
11,CG,2018,1,0.0
11,XGS,2018,1,1.3
11,MGS,2018,1,0.01
11,GDP,2018,2,0.33
11,CP,2018,2,0.04
11,IFP,2018,2,0.38
11,IHP,2018,2,0.05
11,IG,2018,2,0.0
11,CG,2018,2,0.0
11,XGS,2018,2,1.3
11,MGS,2018,2,0.04
11,GDP,2018,3,0.39
11,CP,2018,3,0.12
11,IFP,2018,3,0.58
11,IHP,2018,3,0.08
11,IG,2018,3,0.0
11,CG,2018,3,0.0
11,XGS,2018,3,1.3
11,MGS,2018,3,0.13
11,GDP,2018,4,0.43
11,CP,2018,4,0.16
11,IFP,2018,4,0.75
11,IHP,2018,4,0.11
11,IG,2018,4,0.0
11,CG,2018,4,0.0
11,XGS,2018,4,1.3
11,MGS,2018,4,0.21
11,GDP,2019,1,0.43
11,CP,2019,1,0.18
11,IFP,2019,1,0.71
11,IHP,2019,1,0.13
11,IG,2019,1,0.0
11,CG,2019,1,0.0
11,XGS,2019,1,1.3
11,MGS,2019,1,0.26
11,GDP,2019,2,0.42
11,CP,2019,2,0.2
11,IFP,2019,2,0.64
11,IHP,2019,2,0.16
11,IG,2019,2,0.0
11,CG,2019,2,0.0
11,XGS,2019,2,1.3
11,MGS,2019,2,0.29
11,GDP,2019,3,0.41
11,CP,2019,3,0.2
11,IFP,2019,3,0.57
11,IHP,2019,3,0.16
11,IG,2019,3,0.0
11,CG,2019,3,0.0
11,XGS,2019,3,1.3
11,MGS,2019,3,0.31
11,GDP,2019,4,0.4
11,CP,2019,4,0.21
11,IFP,2019,4,0.5
11,IHP,2019,4,0.17
11,IG,2019,4,0.0
11,CG,2019,4,0.0
11,XGS,2019,4,1.29
11,MGS,2019,4,0.31
11,GDP,2020,1,0.38
11,CP,2020,1,0.2
11,IFP,2020,1,0.44
11,IHP,2020,1,0.16
11,IG,2020,1,0.0
11,CG,2020,1,0.0
11,XGS,2020,1,1.29
11,MGS,2020,1,0.31
11,GDP,2020,2,0.34
11,CP,2020,2,0.19
11,IFP,2020,2,0.4
11,IHP,2020,2,0.14
11,IG,2020,2,0.0
11,CG,2020,2,0.0
11,XGS,2020,2,1.29
11,MGS,2020,2,0.29
11,GDP,2020,3,0.33
11,CP,2020,3,0.16
11,IFP,2020,3,0.37
11,IHP,2020,3,0.13
11,IG,2020,3,0.0
11,CG,2020,3,0.0
11,XGS,2020,3,1.28
11,MGS,2020,3,0.27
11,GDP,2020,4,0.34
11,CP,2020,4,0.13
11,IFP,2020,4,0.35
11,IHP,2020,4,0.11
11,IG,2020,4,0.0
11,CG,2020,4,0.0
11,XGS,2020,4,1.28
11,MGS,2020,4,0.24
11,GDP,2018,0,0.36
11,CP,2018,0,0.08
11,IFP,2018,0,0.48
11,IHP,2018,0,0.07
11,IG,2018,0,0.0
11,CG,2018,0,0.0
11,XGS,2018,0,1.3
11,MGS,2018,0,0.1
11,GDP,2019,0,0.41
11,CP,2019,0,0.2
11,IFP,2019,0,0.6
11,IHP,2019,0,0.15
11,IG,2019,0,0.0
11,CG,2019,0,0.0
11,XGS,2019,0,1.3
11,MGS,2019,0,0.29
11,GDP,2020,0,0.35
11,CP,2020,0,0.17
11,IFP,2020,0,0.39
11,IHP,2020,0,0.14
11,IG,2020,0,0.0
11,CG,2020,0,0.0
11,XGS,2020,0,1.28
11,MGS,2020,0,0.28
11,GDPD,2018,1,1.14
11,PGDP,2018,1,0.0
11,PCP,2018,1,0.0
11,PIFP,2018,1,0.04
11,PIHP,2018,1,0.0
11,PXGS,2018,1,0.0
11,PMGS,2018,1,0.0
11,CGPI,2018,1,0.0
11,GDPD,2018,2,0.2
11,PGDP,2018,2,0.0
11,PCP,2018,2,0.0
11,PIFP,2018,2,0.07
11,PIHP,2018,2,0.0
11,PXGS,2018,2,0.0
11,PMGS,2018,2,0.0
11,CGPI,2018,2,0.01
11,GDPD,2018,3,0.22
11,PGDP,2018,3,0.02
11,PCP,2018,3,0.01
11,PIFP,2018,3,0.1
11,PIHP,2018,3,0.0
11,PXGS,2018,3,-0.01
11,PMGS,2018,3,-0.01
11,CGPI,2018,3,0.02
11,GDPD,2018,4,0.17
11,PGDP,2018,4,0.03
11,PCP,2018,4,0.02
11,PIFP,2018,4,0.12
11,PIHP,2018,4,0.02
11,PXGS,2018,4,-0.01
11,PMGS,2018,4,-0.02
11,CGPI,2018,4,0.02
11,GDPD,2019,1,-0.03
11,PGDP,2019,1,0.05
11,PCP,2019,1,0.04
11,PIFP,2019,1,0.15
11,PIHP,2019,1,0.04
11,PXGS,2019,1,-0.02
11,PMGS,2019,1,-0.02
11,CGPI,2019,1,0.04
11,GDPD,2019,2,-0.02
11,PGDP,2019,2,0.06
11,PCP,2019,2,0.06
11,PIFP,2019,2,0.17
11,PIHP,2019,2,0.06
11,PXGS,2019,2,-0.03
11,PMGS,2019,2,-0.03
11,CGPI,2019,2,0.05
11,GDPD,2019,3,-0.05
11,PGDP,2019,3,0.09
11,PCP,2019,3,0.08
11,PIFP,2019,3,0.19
11,PIHP,2019,3,0.09
11,PXGS,2019,3,-0.04
11,PMGS,2019,3,-0.04
11,CGPI,2019,3,0.06
11,GDPD,2019,4,-0.04
11,PGDP,2019,4,0.1
11,PCP,2019,4,0.11
11,PIFP,2019,4,0.22
11,PIHP,2019,4,0.11
11,PXGS,2019,4,-0.05
11,PMGS,2019,4,-0.04
11,CGPI,2019,4,0.07
11,GDPD,2020,1,-0.09
11,PGDP,2020,1,0.13
11,PCP,2020,1,0.13
11,PIFP,2020,1,0.24
11,PIHP,2020,1,0.14
11,PXGS,2020,1,-0.06
11,PMGS,2020,1,-0.05
11,CGPI,2020,1,0.09
11,GDPD,2020,2,-0.14
11,PGDP,2020,2,0.15
11,PCP,2020,2,0.16
11,PIFP,2020,2,0.25
11,PIHP,2020,2,0.17
11,PXGS,2020,2,-0.07
11,PMGS,2020,2,-0.04
11,CGPI,2020,2,0.1
11,GDPD,2020,3,-0.03
11,PGDP,2020,3,0.17
11,PCP,2020,3,0.18
11,PIFP,2020,3,0.27
11,PIHP,2020,3,0.19
11,PXGS,2020,3,-0.07
11,PMGS,2020,3,-0.05
11,CGPI,2020,3,0.11
11,GDPD,2020,4,0.02
11,PGDP,2020,4,0.18
11,PCP,2020,4,0.2
11,PIFP,2020,4,0.3
11,PIHP,2020,4,0.21
11,PXGS,2020,4,-0.08
11,PMGS,2020,4,-0.06
11,CGPI,2020,4,0.12
11,GDPD,2018,0,0.43
11,PGDP,2018,0,0.01
11,PCP,2018,0,0.01
11,PIFP,2018,0,0.08
11,PIHP,2018,0,0.0
11,PXGS,2018,0,-0.01
11,PMGS,2018,0,-0.01
11,CGPI,2018,0,0.01
11,GDPD,2019,0,-0.03
11,PGDP,2019,0,0.07
11,PCP,2019,0,0.07
11,PIFP,2019,0,0.18
11,PIHP,2019,0,0.07
11,PXGS,2019,0,-0.03
11,PMGS,2019,0,-0.03
11,CGPI,2019,0,0.06
11,GDPD,2020,0,-0.06
11,PGDP,2020,0,0.16
11,PCP,2020,0,0.17
11,PIFP,2020,0,0.26
11,PIHP,2020,0,0.18
11,PXGS,2020,0,-0.07
11,PMGS,2020,0,-0.05
11,CGPI,2020,0,0.11
11,GDPV,2018,1,0.28
11,CPV,2018,1,0.0
11,IFPV,2018,1,0.24
11,IHPV,2018,1,0.02
11,IGV,2018,1,0.04
11,CGV,2018,1,0.0
11,XGSV,2018,1,1.3
11,MGSV,2018,1,0.0
11,GDPV,2018,2,0.34
11,CPV,2018,2,0.04
11,IFPV,2018,2,0.45
11,IHPV,2018,2,0.04
11,IGV,2018,2,0.06
11,CGV,2018,2,0.0
11,XGSV,2018,2,1.3
11,MGSV,2018,2,0.04
11,GDPV,2018,3,0.41
11,CPV,2018,3,0.12
11,IFPV,2018,3,0.67
11,IHPV,2018,3,0.08
11,IGV,2018,3,0.09
11,CGV,2018,3,0.0
11,XGSV,2018,3,1.29
11,MGSV,2018,3,0.12
11,GDPV,2018,4,0.46
11,CPV,2018,4,0.17
11,IFPV,2018,4,0.88
11,IHPV,2018,4,0.13
11,IGV,2018,4,0.11
11,CGV,2018,4,0.01
11,XGSV,2018,4,1.28
11,MGSV,2018,4,0.19
11,GDPV,2019,1,0.47
11,CPV,2019,1,0.22
11,IFPV,2019,1,0.85
11,IHPV,2019,1,0.16
11,IGV,2019,1,0.14
11,CGV,2019,1,0.01
11,XGSV,2019,1,1.28
11,MGSV,2019,1,0.24
11,GDPV,2019,2,0.49
11,CPV,2019,2,0.26
11,IFPV,2019,2,0.81
11,IHPV,2019,2,0.22
11,IGV,2019,2,0.17
11,CGV,2019,2,0.03
11,XGSV,2019,2,1.27
11,MGSV,2019,2,0.26
11,GDPV,2019,3,0.5
11,CPV,2019,3,0.29
11,IFPV,2019,3,0.76
11,IHPV,2019,3,0.25
11,IGV,2019,3,0.2
11,CGV,2019,3,0.05
11,XGSV,2019,3,1.26
11,MGSV,2019,3,0.27
11,GDPV,2019,4,0.5
11,CPV,2019,4,0.32
11,IFPV,2019,4,0.71
11,IHPV,2019,4,0.28
11,IGV,2019,4,0.22
11,CGV,2019,4,0.07
11,XGSV,2019,4,1.24
11,MGSV,2019,4,0.27
11,GDPV,2020,1,0.51
11,CPV,2020,1,0.33
11,IFPV,2020,1,0.68
11,IHPV,2020,1,0.3
11,IGV,2020,1,0.25
11,CGV,2020,1,0.08
11,XGSV,2020,1,1.23
11,MGSV,2020,1,0.26
11,GDPV,2020,2,0.49
11,CPV,2020,2,0.34
11,IFPV,2020,2,0.65
11,IHPV,2020,2,0.31
11,IGV,2020,2,0.27
11,CGV,2020,2,0.1
11,XGSV,2020,2,1.22
11,MGSV,2020,2,0.25
11,GDPV,2020,3,0.5
11,CPV,2020,3,0.34
11,IFPV,2020,3,0.64
11,IHPV,2020,3,0.32
11,IGV,2020,3,0.3
11,CGV,2020,3,0.12
11,XGSV,2020,3,1.21
11,MGSV,2020,3,0.22
11,GDPV,2020,4,0.52
11,CPV,2020,4,0.33
11,IFPV,2020,4,0.65
11,IHPV,2020,4,0.33
11,IGV,2020,4,0.32
11,CGV,2020,4,0.14
11,XGSV,2020,4,1.2
11,MGSV,2020,4,0.17
11,GDPV,2018,0,0.37
11,CPV,2018,0,0.08
11,IFPV,2018,0,0.56
11,IHPV,2018,0,0.07
11,IGV,2018,0,0.07
11,CGV,2018,0,0.0
11,XGSV,2018,0,1.29
11,MGSV,2018,0,0.09
11,GDPV,2019,0,0.49
11,CPV,2019,0,0.27
11,IFPV,2019,0,0.79
11,IHPV,2019,0,0.23
11,IGV,2019,0,0.18
11,CGV,2019,0,0.04
11,XGSV,2019,0,1.26
11,MGSV,2019,0,0.26
11,GDPV,2020,0,0.51
11,CPV,2020,0,0.34
11,IFPV,2020,0,0.66
11,IHPV,2020,0,0.31
11,IGV,2020,0,0.28
11,CGV,2020,0,0.11
11,XGSV,2020,0,1.21
11,MGSV,2020,0,0.23
11,NIV,2018,1,0.4
11,YWV,2018,1,0.23
11,YCV,2018,1,1.39
11,YDV,2018,1,0.19
11,TAXV,2018,1,0.08
11,TYPV,2018,1,0.21
11,TYCV,2018,1,0.04
11,TCIV,2018,1,0.04
11,NIV,2018,2,0.45
11,YWV,2018,2,0.3
11,YCV,2018,2,1.04
11,YDV,2018,2,0.31
11,TAXV,2018,2,0.24
11,TYPV,2018,2,0.32
11,TYCV,2018,2,0.42
11,TCIV,2018,2,0.1
11,NIV,2018,3,0.52
11,YWV,2018,3,0.37
11,YCV,2018,3,1.24
11,YDV,2018,3,0.35
11,TAXV,2018,3,0.39
11,TYPV,2018,3,0.44
11,TYCV,2018,3,0.73
11,TCIV,2018,3,0.17
11,NIV,2018,4,0.58
11,YWV,2018,4,0.45
11,YCV,2018,4,1.25
11,YDV,2018,4,0.44
11,TAXV,2018,4,0.54
11,TYPV,2018,4,0.57
11,TYCV,2018,4,1.08
11,TCIV,2018,4,0.23
11,NIV,2019,1,0.58
11,YWV,2019,1,0.42
11,YCV,2019,1,1.2
11,YDV,2019,1,0.43
11,TAXV,2019,1,0.67
11,TYPV,2019,1,0.63
11,TYCV,2019,1,1.44
11,TCIV,2019,1,0.26
11,NIV,2019,2,0.57
11,YWV,2019,2,0.45
11,YCV,2019,2,0.96
11,YDV,2019,2,0.47
11,TAXV,2019,2,0.68
11,TYPV,2019,2,0.66
11,TYCV,2019,2,1.42
11,TCIV,2019,2,0.28
11,NIV,2019,3,0.55
11,YWV,2019,3,0.43
11,YCV,2019,3,0.85
11,YDV,2019,3,0.46
11,TAXV,2019,3,0.7
11,TYPV,2019,3,0.68
11,TYCV,2019,3,1.43
11,TCIV,2019,3,0.29
11,NIV,2019,4,0.51
11,YWV,2019,4,0.42
11,YCV,2019,4,0.67
11,YDV,2019,4,0.45
11,TAXV,2019,4,0.69
11,TYPV,2019,4,0.67
11,TYCV,2019,4,1.35
11,TCIV,2019,4,0.29
11,NIV,2020,1,0.45
11,YWV,2020,1,0.38
11,YCV,2020,1,0.45
11,YDV,2020,1,0.42
11,TAXV,2020,1,0.67
11,TYPV,2020,1,0.66
11,TYCV,2020,1,1.23
11,TCIV,2020,1,0.3
11,NIV,2020,2,0.37
11,YWV,2020,2,0.34
11,YCV,2020,2,-0.25
11,YDV,2020,2,0.34
11,TAXV,2020,2,0.6
11,TYPV,2020,2,0.59
11,TYCV,2020,2,1.04
11,TCIV,2020,2,0.31
11,NIV,2020,3,0.35
11,YWV,2020,3,0.32
11,YCV,2020,3,-0.07
11,YDV,2020,3,0.35
11,TAXV,2020,3,0.55
11,TYPV,2020,3,0.57
11,TYCV,2020,3,0.87
11,TCIV,2020,3,0.31
11,NIV,2020,4,0.36
11,YWV,2020,4,0.36
11,YCV,2020,4,0.0
11,YDV,2020,4,0.39
11,TAXV,2020,4,0.49
11,TYPV,2020,4,0.56
11,TYCV,2020,4,0.63
11,TCIV,2020,4,0.31
11,NIV,2018,0,0.49
11,YWV,2018,0,0.34
11,YCV,2018,0,1.23
11,YDV,2018,0,0.32
11,TAXV,2018,0,0.31
11,TYPV,2018,0,0.39
11,TYCV,2018,0,0.57
11,TCIV,2018,0,0.14
11,NIV,2019,0,0.55
11,YWV,2019,0,0.43
11,YCV,2019,0,0.92
11,YDV,2019,0,0.45
11,TAXV,2019,0,0.68
11,TYPV,2019,0,0.66
11,TYCV,2019,0,1.41
11,TCIV,2019,0,0.28
11,NIV,2020,0,0.38
11,YWV,2020,0,0.35
11,YCV,2020,0,0.03
11,YDV,2020,0,0.37
11,TAXV,2020,0,0.58
11,TYPV,2020,0,0.59
11,TYCV,2020,0,0.94
11,TCIV,2020,0,0.31
11,WIPH,2018,1,0.12
11,LE,2018,1,0.05
11,LF,2018,1,0.04
11,LH,2018,1,0.08
11,UR,2018,1,-0.01
11,CUX,2018,1,0.56
11,GDPPOT,2018,1,0.03
11,GDPGAP,2018,1,0.26
11,WIPH,2018,2,0.16
11,LE,2018,2,0.07
11,LF,2018,2,0.06
11,LH,2018,2,0.09
11,UR,2018,2,-0.01
11,CUX,2018,2,0.62
11,GDPPOT,2018,2,0.04
11,GDPGAP,2018,2,0.3
11,WIPH,2018,3,0.19
11,LE,2018,3,0.09
11,LF,2018,3,0.08
11,LH,2018,3,0.1
11,UR,2018,3,-0.01
11,CUX,2018,3,0.7
11,GDPPOT,2018,3,0.05
11,GDPGAP,2018,3,0.34
11,WIPH,2018,4,0.25
11,LE,2018,4,0.11
11,LF,2018,4,0.1
11,LH,2018,4,0.11
11,UR,2018,4,-0.01
11,CUX,2018,4,0.73
11,GDPPOT,2018,4,0.07
11,GDPGAP,2018,4,0.36
11,WIPH,2019,1,0.24
11,LE,2019,1,0.1
11,LF,2019,1,0.09
11,LH,2019,1,0.11
11,UR,2019,1,-0.01
11,CUX,2019,1,0.72
11,GDPPOT,2019,1,0.07
11,GDPGAP,2019,1,0.35
11,WIPH,2019,2,0.26
11,LE,2019,2,0.1
11,LF,2019,2,0.09
11,LH,2019,2,0.11
11,UR,2019,2,-0.01
11,CUX,2019,2,0.69
11,GDPPOT,2019,2,0.08
11,GDPGAP,2019,2,0.34
11,WIPH,2019,3,0.26
11,LE,2019,3,0.09
11,LF,2019,3,0.08
11,LH,2019,3,0.1
11,UR,2019,3,-0.01
11,CUX,2019,3,0.65
11,GDPPOT,2019,3,0.09
11,GDPGAP,2019,3,0.33
11,WIPH,2019,4,0.26
11,LE,2019,4,0.09
11,LF,2019,4,0.07
11,LH,2019,4,0.09
11,UR,2019,4,-0.01
11,CUX,2019,4,0.6
11,GDPPOT,2019,4,0.09
11,GDPGAP,2019,4,0.31
11,WIPH,2020,1,0.25
11,LE,2020,1,0.07
11,LF,2020,1,0.06
11,LH,2020,1,0.08
11,UR,2020,1,-0.01
11,CUX,2020,1,0.58
11,GDPPOT,2020,1,0.08
11,GDPGAP,2020,1,0.29
11,WIPH,2020,2,0.23
11,LE,2020,2,0.05
11,LF,2020,2,0.04
11,LH,2020,2,0.07
11,UR,2020,2,-0.01
11,CUX,2020,2,0.45
11,GDPPOT,2020,2,0.08
11,GDPGAP,2020,2,0.24
11,WIPH,2020,3,0.23
11,LE,2020,3,0.04
11,LF,2020,3,0.03
11,LH,2020,3,0.07
11,UR,2020,3,-0.01
11,CUX,2020,3,0.48
11,GDPPOT,2020,3,0.07
11,GDPGAP,2020,3,0.25
11,WIPH,2020,4,0.27
11,LE,2020,4,0.04
11,LF,2020,4,0.03
11,LH,2020,4,0.07
11,UR,2020,4,-0.01
11,CUX,2020,4,0.5
11,GDPPOT,2020,4,0.08
11,GDPGAP,2020,4,0.26
11,WIPH,2018,0,0.18
11,LE,2018,0,0.08
11,LF,2018,0,0.07
11,LH,2018,0,0.1
11,UR,2018,0,-0.01
11,CUX,2018,0,0.65
11,GDPPOT,2018,0,0.05
11,GDPGAP,2018,0,0.31
11,WIPH,2019,0,0.25
11,LE,2019,0,0.1
11,LF,2019,0,0.08
11,LH,2019,0,0.1
11,UR,2019,0,-0.01
11,CUX,2019,0,0.67
11,GDPPOT,2019,0,0.08
11,GDPGAP,2019,0,0.33
11,WIPH,2020,0,0.24
11,LE,2020,0,0.05
11,LF,2020,0,0.04
11,LH,2020,0,0.07
11,UR,2020,0,-0.01
11,CUX,2020,0,0.5
11,GDPPOT,2020,0,0.08
11,GDPGAP,2020,0,0.26
11,RCD,2018,1,0.02
11,RGB,2018,1,0.01
11,PERR,2018,1,0.82
11,UCC,2018,1,-0.75
11,FXS,2018,1,0.0
11,PSHARE,2018,1,4.14
11,PLAND,2018,1,0.0
11,M2CD,2018,1,0.22
11,RCD,2018,2,0.03
11,RGB,2018,2,0.01
11,PERR,2018,2,0.76
11,UCC,2018,2,-0.87
11,FXS,2018,2,-0.01
11,PSHARE,2018,2,3.98
11,PLAND,2018,2,-0.04
11,M2CD,2018,2,0.23
11,RCD,2018,3,0.05
11,RGB,2018,3,0.02
11,PERR,2018,3,0.69
11,UCC,2018,3,-0.91
11,FXS,2018,3,-0.02
11,PSHARE,2018,3,3.72
11,PLAND,2018,3,-0.08
11,M2CD,2018,3,0.24
11,RCD,2018,4,0.06
11,RGB,2018,4,0.03
11,PERR,2018,4,0.47
11,UCC,2018,4,-0.98
11,FXS,2018,4,-0.04
11,PSHARE,2018,4,3.37
11,PLAND,2018,4,-0.11
11,M2CD,2018,4,0.24
11,RCD,2019,1,0.07
11,RGB,2019,1,0.03
11,PERR,2019,1,0.45
11,UCC,2019,1,-0.9
11,FXS,2019,1,-0.05
11,PSHARE,2019,1,2.96
11,PLAND,2019,1,-0.14
11,M2CD,2019,1,0.22
11,RCD,2019,2,0.08
11,RGB,2019,2,0.04
11,PERR,2019,2,0.37
11,UCC,2019,2,-0.71
11,FXS,2019,2,-0.08
11,PSHARE,2019,2,2.59
11,PLAND,2019,2,-0.17
11,M2CD,2019,2,0.21
11,RCD,2019,3,0.09
11,RGB,2019,3,0.04
11,PERR,2019,3,0.35
11,UCC,2019,3,-0.61
11,FXS,2019,3,-0.1
11,PSHARE,2019,3,2.27
11,PLAND,2019,3,-0.19
11,M2CD,2019,3,0.21
11,RCD,2019,4,0.09
11,RGB,2019,4,0.04
11,PERR,2019,4,0.38
11,UCC,2019,4,-0.52
11,FXS,2019,4,-0.12
11,PSHARE,2019,4,2.01
11,PLAND,2019,4,-0.21
11,M2CD,2019,4,0.22
11,RCD,2020,1,0.09
11,RGB,2020,1,0.04
11,PERR,2020,1,0.35
11,UCC,2020,1,-0.53
11,FXS,2020,1,-0.14
11,PSHARE,2020,1,1.85
11,PLAND,2020,1,-0.23
11,M2CD,2020,1,0.23
11,RCD,2020,2,0.09
11,RGB,2020,2,0.04
11,PERR,2020,2,0.49
11,UCC,2020,2,-0.46
11,FXS,2020,2,-0.16
11,PSHARE,2020,2,1.77
11,PLAND,2020,2,-0.25
11,M2CD,2020,2,0.24
11,RCD,2020,3,0.08
11,RGB,2020,3,0.04
11,PERR,2020,3,0.92
11,UCC,2020,3,-0.41
11,FXS,2020,3,-0.18
11,PSHARE,2020,3,1.76
11,PLAND,2020,3,-0.27
11,M2CD,2020,3,0.26
11,RCD,2020,4,0.08
11,RGB,2020,4,0.04
11,PERR,2020,4,1.72
11,UCC,2020,4,-0.39
11,FXS,2020,4,-0.2
11,PSHARE,2020,4,1.8
11,PLAND,2020,4,-0.28
11,M2CD,2020,4,0.29
11,RCD,2018,0,0.04
11,RGB,2018,0,0.02
11,PERR,2018,0,0.68
11,UCC,2018,0,-0.88
11,FXS,2018,0,-0.02
11,PSHARE,2018,0,3.8
11,PLAND,2018,0,-0.06
11,M2CD,2018,0,0.23
11,RCD,2019,0,0.08
11,RGB,2019,0,0.04
11,PERR,2019,0,0.39
11,UCC,2019,0,-0.69
11,FXS,2019,0,-0.09
11,PSHARE,2019,0,2.46
11,PLAND,2019,0,-0.18
11,M2CD,2019,0,0.22
11,RCD,2020,0,0.09
11,RGB,2020,0,0.04
11,PERR,2020,0,0.87
11,UCC,2020,0,-0.45
11,FXS,2020,0,-0.17
11,PSHARE,2020,0,1.8
11,PLAND,2020,0,-0.26
11,M2CD,2020,0,0.26
11,BGVATGDPV,2018,1,0.03
11,SBGVATGDPV,2018,1,-0.66
11,BCVATGDPV,2018,1,0.22
11,KFP,2018,1,0.01
11,KHP,2018,1,0.0
11,KG,2018,1,0.0
11,BGVATGDPV,2018,2,0.06
11,SBGVATGDPV,2018,2,-0.8
11,BCVATGDPV,2018,2,0.22
11,KFP,2018,2,0.02
11,KHP,2018,2,0.0
11,KG,2018,2,0.0
11,BGVATGDPV,2018,3,0.09
11,SBGVATGDPV,2018,3,-0.99
11,BCVATGDPV,2018,3,0.2
11,KFP,2018,3,0.04
11,KHP,2018,3,0.0
11,KG,2018,3,0.0
11,BGVATGDPV,2018,4,0.13
11,SBGVATGDPV,2018,4,-1.17
11,BCVATGDPV,2018,4,0.18
11,KFP,2018,4,0.06
11,KHP,2018,4,0.0
11,KG,2018,4,0.0
11,BGVATGDPV,2019,1,0.14
11,SBGVATGDPV,2019,1,-1.22
11,BCVATGDPV,2019,1,0.16
11,KFP,2019,1,0.08
11,KHP,2019,1,0.0
11,KG,2019,1,0.0
11,BGVATGDPV,2019,2,0.14
11,SBGVATGDPV,2019,2,-1.28
11,BCVATGDPV,2019,2,0.15
11,KFP,2019,2,0.1
11,KHP,2019,2,0.01
11,KG,2019,2,0.0
11,BGVATGDPV,2019,3,0.14
11,SBGVATGDPV,2019,3,-1.34
11,BCVATGDPV,2019,3,0.13
11,KFP,2019,3,0.11
11,KHP,2019,3,0.01
11,KG,2019,3,0.0
11,BGVATGDPV,2019,4,0.15
11,SBGVATGDPV,2019,4,-1.42
11,BCVATGDPV,2019,4,0.1
11,KFP,2019,4,0.12
11,KHP,2019,4,0.01
11,KG,2019,4,0.0
11,BGVATGDPV,2020,1,0.14
11,SBGVATGDPV,2020,1,-1.44
11,BCVATGDPV,2020,1,0.06
11,KFP,2020,1,0.13
11,KHP,2020,1,0.01
11,KG,2020,1,0.0
11,BGVATGDPV,2020,2,0.14
11,SBGVATGDPV,2020,2,-1.57
11,BCVATGDPV,2020,2,0.01
11,KFP,2020,2,0.14
11,KHP,2020,2,0.01
11,KG,2020,2,0.0
11,BGVATGDPV,2020,3,0.13
11,SBGVATGDPV,2020,3,-1.57
11,BCVATGDPV,2020,3,-0.01
11,KFP,2020,3,0.15
11,KHP,2020,3,0.02
11,KG,2020,3,0.0
11,BGVATGDPV,2020,4,0.13
11,SBGVATGDPV,2020,4,-1.63
11,BCVATGDPV,2020,4,0.0
11,KFP,2020,4,0.15
11,KHP,2020,4,0.02
11,KG,2020,4,0.0
11,BGVATGDPV,2018,0,0.08
11,SBGVATGDPV,2018,0,-0.91
11,BCVATGDPV,2018,0,0.21
11,KFP,2018,0,0.03
11,KHP,2018,0,0.0
11,KG,2018,0,0.0
11,BGVATGDPV,2019,0,0.14
11,SBGVATGDPV,2019,0,-1.32
11,BCVATGDPV,2019,0,0.13
11,KFP,2019,0,0.1
11,KHP,2019,0,0.01
11,KG,2019,0,0.0
11,BGVATGDPV,2020,0,0.13
11,SBGVATGDPV,2020,0,-1.55
11,BCVATGDPV,2020,0,0.02
11,KFP,2020,0,0.14
11,KHP,2020,0,0.02
11,KG,2020,0,0.0
