name,db,code,date,value
FXS,FM08,FXERM07,197301,301.93
FXS,FM08,FXERM07,197302,279.48
FXS,FM08,FXERM07,197303,265.26
FXS,FM08,FXERM07,197304,265.52
FXS,FM08,FXERM07,197305,264.73
FXS,FM08,FXERM07,197306,264.7
FXS,FM08,FXERM07,197307,264.41
FXS,FM08,FXERM07,197308,265.11
FXS,FM08,FXERM07,197309,265.49
FXS,FM08,FXERM07,197310,266.32
FXS,FM08,FXERM07,197311,277.05
FXS,FM08,FXERM07,197312,280.0
FXS,FM08,FXERM07,197401,298.64
FXS,FM08,FXERM07,197402,291.24
FXS,FM08,FXERM07,197403,282.58
FXS,FM08,FXERM07,197404,277.78
FXS,FM08,FXERM07,197405,278.93
FXS,FM08,FXERM07,197406,283.05
FXS,FM08,FXERM07,197407,290.91
FXS,FM08,FXERM07,197408,302.22
FXS,FM08,FXERM07,197409,299.63
FXS,FM08,FXERM07,197410,299.48
FXS,FM08,FXERM07,197411,300.1
FXS,FM08,FXERM07,197412,300.44
FXS,FM08,FXERM07,197501,299.64
FXS,FM08,FXERM07,197502,292.17
FXS,FM08,FXERM07,197503,288.03
FXS,FM08,FXERM07,197504,292.12
FXS,FM08,FXERM07,197505,291.47
FXS,FM08,FXERM07,197506,293.57
FXS,FM08,FXERM07,197507,296.22
FXS,FM08,FXERM07,197508,297.93
FXS,FM08,FXERM07,197509,299.68
FXS,FM08,FXERM07,197510,302.38
FXS,FM08,FXERM07,197511,302.53
FXS,FM08,FXERM07,197512,305.7
FXS,FM08,FXERM07,197601,304.66
FXS,FM08,FXERM07,197602,301.9
FXS,FM08,FXERM07,197603,300.6
FXS,FM08,FXERM07,197604,299.1
FXS,FM08,FXERM07,197605,299.06
FXS,FM08,FXERM07,197606,299.4
FXS,FM08,FXERM07,197607,294.77
FXS,FM08,FXERM07,197608,290.77
FXS,FM08,FXERM07,197609,287.58
FXS,FM08,FXERM07,197610,290.99
FXS,FM08,FXERM07,197611,295.09
FXS,FM08,FXERM07,197612,294.65
FXS,FM08,FXERM07,197701,290.94
FXS,FM08,FXERM07,197702,285.22
FXS,FM08,FXERM07,197703,280.41
FXS,FM08,FXERM07,197704,275.14
FXS,FM08,FXERM07,197705,277.53
FXS,FM08,FXERM07,197706,272.97
FXS,FM08,FXERM07,197707,264.9
FXS,FM08,FXERM07,197708,266.63
FXS,FM08,FXERM07,197709,266.95
FXS,FM08,FXERM07,197710,255.32
FXS,FM08,FXERM07,197711,244.7
FXS,FM08,FXERM07,197712,241.28
FXS,FM08,FXERM07,197801,241.21
FXS,FM08,FXERM07,197802,240.31
FXS,FM08,FXERM07,197803,231.42
FXS,FM08,FXERM07,197804,221.61
FXS,FM08,FXERM07,197805,226.34
FXS,FM08,FXERM07,197806,214.38
FXS,FM08,FXERM07,197807,199.95
FXS,FM08,FXERM07,197808,188.5
FXS,FM08,FXERM07,197809,190.16
FXS,FM08,FXERM07,197810,183.95
FXS,FM08,FXERM07,197811,191.33
FXS,FM08,FXERM07,197812,196.12
FXS,FM08,FXERM07,197901,197.78
FXS,FM08,FXERM07,197902,200.53
FXS,FM08,FXERM07,197903,206.21
FXS,FM08,FXERM07,197904,215.83
FXS,FM08,FXERM07,197905,218.14
FXS,FM08,FXERM07,197906,218.85
FXS,FM08,FXERM07,197907,216.44
FXS,FM08,FXERM07,197908,217.9
FXS,FM08,FXERM07,197909,222.22
FXS,FM08,FXERM07,197910,230.36
FXS,FM08,FXERM07,197911,244.86
FXS,FM08,FXERM07,197912,240.65
FXS,FM08,FXERM07,198001,237.73
FXS,FM08,FXERM07,198002,244.07
FXS,FM08,FXERM07,198003,248.61
FXS,FM08,FXERM07,198004,251.45
FXS,FM08,FXERM07,198005,228.06
FXS,FM08,FXERM07,198006,218.11
FXS,FM08,FXERM07,198007,220.91
FXS,FM08,FXERM07,198008,224.34
FXS,FM08,FXERM07,198009,214.95
FXS,FM08,FXERM07,198010,209.21
FXS,FM08,FXERM07,198011,212.99
FXS,FM08,FXERM07,198012,209.79
FXS,FM08,FXERM07,198101,202.19
FXS,FM08,FXERM07,198102,205.76
FXS,FM08,FXERM07,198103,208.84
FXS,FM08,FXERM07,198104,215.07
FXS,FM08,FXERM07,198105,220.78
FXS,FM08,FXERM07,198106,224.21
FXS,FM08,FXERM07,198107,232.11
FXS,FM08,FXERM07,198108,233.62
FXS,FM08,FXERM07,198109,229.83
FXS,FM08,FXERM07,198110,231.4
FXS,FM08,FXERM07,198111,223.76
FXS,FM08,FXERM07,198112,219.02
FXS,FM08,FXERM07,198201,224.55
FXS,FM08,FXERM07,198202,235.25
FXS,FM08,FXERM07,198203,240.64
FXS,FM08,FXERM07,198204,244.9
FXS,FM08,FXERM07,198205,236.97
FXS,FM08,FXERM07,198206,251.11
FXS,FM08,FXERM07,198207,255.1
FXS,FM08,FXERM07,198208,258.67
FXS,FM08,FXERM07,198209,262.74
FXS,FM08,FXERM07,198210,271.33
FXS,FM08,FXERM07,198211,265.02
FXS,FM08,FXERM07,198212,242.49
FXS,FM08,FXERM07,198301,232.9
FXS,FM08,FXERM07,198302,236.27
FXS,FM08,FXERM07,198303,237.92
FXS,FM08,FXERM07,198304,237.7
FXS,FM08,FXERM07,198305,234.78
FXS,FM08,FXERM07,198306,240.06
FXS,FM08,FXERM07,198307,240.49
FXS,FM08,FXERM07,198308,244.36
FXS,FM08,FXERM07,198309,242.71
FXS,FM08,FXERM07,198310,233.0
FXS,FM08,FXERM07,198311,235.25
FXS,FM08,FXERM07,198312,234.34
FXS,FM08,FXERM07,198401,233.95
FXS,FM08,FXERM07,198402,233.67
FXS,FM08,FXERM07,198403,225.52
FXS,FM08,FXERM07,198404,224.95
FXS,FM08,FXERM07,198405,230.67
FXS,FM08,FXERM07,198406,233.29
FXS,FM08,FXERM07,198407,242.72
FXS,FM08,FXERM07,198408,242.24
FXS,FM08,FXERM07,198409,245.19
FXS,FM08,FXERM07,198410,246.89
FXS,FM08,FXERM07,198411,243.29
FXS,FM08,FXERM07,198412,247.96
FXS,FM08,FXERM07,198501,254.11
FXS,FM08,FXERM07,198502,260.34
FXS,FM08,FXERM07,198503,258.43
FXS,FM08,FXERM07,198504,251.67
FXS,FM08,FXERM07,198505,251.57
FXS,FM08,FXERM07,198506,248.95
FXS,FM08,FXERM07,198507,241.7
FXS,FM08,FXERM07,198508,237.2
FXS,FM08,FXERM07,198509,236.91
FXS,FM08,FXERM07,198510,214.84
FXS,FM08,FXERM07,198511,203.85
FXS,FM08,FXERM07,198512,202.75
FXS,FM08,FXERM07,198601,200.05
FXS,FM08,FXERM07,198602,184.62
FXS,FM08,FXERM07,198603,178.83
FXS,FM08,FXERM07,198604,175.56
FXS,FM08,FXERM07,198605,166.89
FXS,FM08,FXERM07,198606,167.82
FXS,FM08,FXERM07,198607,158.65
FXS,FM08,FXERM07,198608,154.11
FXS,FM08,FXERM07,198609,154.78
FXS,FM08,FXERM07,198610,156.04
FXS,FM08,FXERM07,198611,162.72
FXS,FM08,FXERM07,198612,162.13
FXS,FM08,FXERM07,198701,154.48
FXS,FM08,FXERM07,198702,153.49
FXS,FM08,FXERM07,198703,151.56
FXS,FM08,FXERM07,198704,142.96
FXS,FM08,FXERM07,198705,140.47
FXS,FM08,FXERM07,198706,144.52
FXS,FM08,FXERM07,198707,150.2
FXS,FM08,FXERM07,198708,147.57
FXS,FM08,FXERM07,198709,143.03
FXS,FM08,FXERM07,198710,143.48
FXS,FM08,FXERM07,198711,135.25
FXS,FM08,FXERM07,198712,128.25
FXS,FM08,FXERM07,198801,127.44
FXS,FM08,FXERM07,198802,129.26
FXS,FM08,FXERM07,198803,127.23
FXS,FM08,FXERM07,198804,124.88
FXS,FM08,FXERM07,198805,124.74
FXS,FM08,FXERM07,198806,127.2
FXS,FM08,FXERM07,198807,133.1
FXS,FM08,FXERM07,198808,133.63
FXS,FM08,FXERM07,198809,134.45
FXS,FM08,FXERM07,198810,128.85
FXS,FM08,FXERM07,198811,123.16
FXS,FM08,FXERM07,198812,123.63
FXS,FM08,FXERM07,198901,127.24
FXS,FM08,FXERM07,198902,127.77
FXS,FM08,FXERM07,198903,130.35
FXS,FM08,FXERM07,198904,132.01
FXS,FM08,FXERM07,198905,138.4
FXS,FM08,FXERM07,198906,143.92
FXS,FM08,FXERM07,198907,140.63
FXS,FM08,FXERM07,198908,141.2
FXS,FM08,FXERM07,198909,145.06
FXS,FM08,FXERM07,198910,141.99
FXS,FM08,FXERM07,198911,143.55
FXS,FM08,FXERM07,198912,143.62
FXS,FM08,FXERM07,199001,145.09
FXS,FM08,FXERM07,199002,145.54
FXS,FM08,FXERM07,199003,153.19
FXS,FM08,FXERM07,199004,158.5
FXS,FM08,FXERM07,199005,153.52
FXS,FM08,FXERM07,199006,153.78
FXS,FM08,FXERM07,199007,149.23
FXS,FM08,FXERM07,199008,147.46
FXS,FM08,FXERM07,199009,138.96
FXS,FM08,FXERM07,199010,129.73
FXS,FM08,FXERM07,199011,129.01
FXS,FM08,FXERM07,199012,133.72
FXS,FM08,FXERM07,199101,133.65
FXS,FM08,FXERM07,199102,130.44
FXS,FM08,FXERM07,199103,137.09
FXS,FM08,FXERM07,199104,137.15
FXS,FM08,FXERM07,199105,138.02
FXS,FM08,FXERM07,199106,139.83
FXS,FM08,FXERM07,199107,137.98
FXS,FM08,FXERM07,199108,136.85
FXS,FM08,FXERM07,199109,134.59
FXS,FM08,FXERM07,199110,130.81
FXS,FM08,FXERM07,199111,129.64
FXS,FM08,FXERM07,199112,128.07
FXS,FM08,FXERM07,199201,125.05
FXS,FM08,FXERM07,199202,127.53
FXS,FM08,FXERM07,199203,132.75
FXS,FM08,FXERM07,199204,133.59
FXS,FM08,FXERM07,199205,130.55
FXS,FM08,FXERM07,199206,126.9
FXS,FM08,FXERM07,199207,125.66
FXS,FM08,FXERM07,199208,126.34
FXS,FM08,FXERM07,199209,122.72
FXS,FM08,FXERM07,199210,121.14
FXS,FM08,FXERM07,199211,123.84
FXS,FM08,FXERM07,199212,123.98
FXS,FM08,FXERM07,199301,125.02
FXS,FM08,FXERM07,199302,120.97
FXS,FM08,FXERM07,199303,117.02
FXS,FM08,FXERM07,199304,112.37
FXS,FM08,FXERM07,199305,110.23
FXS,FM08,FXERM07,199306,107.29
FXS,FM08,FXERM07,199307,107.77
FXS,FM08,FXERM07,199308,103.72
FXS,FM08,FXERM07,199309,105.27
FXS,FM08,FXERM07,199310,106.94
FXS,FM08,FXERM07,199311,107.81
FXS,FM08,FXERM07,199312,109.72
FXS,FM08,FXERM07,199401,111.49
FXS,FM08,FXERM07,199402,106.14
FXS,FM08,FXERM07,199403,105.12
FXS,FM08,FXERM07,199404,103.48
FXS,FM08,FXERM07,199405,104.0
FXS,FM08,FXERM07,199406,102.69
FXS,FM08,FXERM07,199407,98.54
FXS,FM08,FXERM07,199408,99.86
FXS,FM08,FXERM07,199409,98.79
FXS,FM08,FXERM07,199410,98.4
FXS,FM08,FXERM07,199411,98.0
FXS,FM08,FXERM07,199412,100.17
FXS,FM08,FXERM07,199501,99.79
FXS,FM08,FXERM07,199502,98.23
FXS,FM08,FXERM07,199503,90.77
FXS,FM08,FXERM07,199504,83.53
FXS,FM08,FXERM07,199505,85.21
FXS,FM08,FXERM07,199506,84.54
FXS,FM08,FXERM07,199507,87.24
FXS,FM08,FXERM07,199508,94.56
FXS,FM08,FXERM07,199509,100.31
FXS,FM08,FXERM07,199510,100.68
FXS,FM08,FXERM07,199511,101.89
FXS,FM08,FXERM07,199512,101.86
FXS,FM08,FXERM07,199601,105.81
FXS,FM08,FXERM07,199602,105.7
FXS,FM08,FXERM07,199603,105.85
FXS,FM08,FXERM07,199604,107.4
FXS,FM08,FXERM07,199605,106.49
FXS,FM08,FXERM07,199606,108.82
FXS,FM08,FXERM07,199607,109.25
FXS,FM08,FXERM07,199608,107.84
FXS,FM08,FXERM07,199609,109.76
FXS,FM08,FXERM07,199610,112.3
FXS,FM08,FXERM07,199611,112.27
FXS,FM08,FXERM07,199612,113.74
FXS,FM08,FXERM07,199701,118.18
FXS,FM08,FXERM07,199702,123.01
FXS,FM08,FXERM07,199703,122.66
FXS,FM08,FXERM07,199704,125.47
FXS,FM08,FXERM07,199705,118.91
FXS,FM08,FXERM07,199706,114.31
FXS,FM08,FXERM07,199707,115.1
FXS,FM08,FXERM07,199708,117.89
FXS,FM08,FXERM07,199709,120.74
FXS,FM08,FXERM07,199710,121.13
FXS,FM08,FXERM07,199711,125.35
FXS,FM08,FXERM07,199712,129.52
FXS,FM08,FXERM07,199801,129.45
FXS,FM08,FXERM07,199802,125.85
FXS,FM08,FXERM07,199803,128.83
FXS,FM08,FXERM07,199804,131.81
FXS,FM08,FXERM07,199805,135.08
FXS,FM08,FXERM07,199806,140.35
FXS,FM08,FXERM07,199807,140.66
FXS,FM08,FXERM07,199808,144.76
FXS,FM08,FXERM07,199809,134.5
FXS,FM08,FXERM07,199810,121.33
FXS,FM08,FXERM07,199811,120.61
FXS,FM08,FXERM07,199812,117.4
FXS,FM08,FXERM07,199901,113.14
FXS,FM08,FXERM07,199902,116.73
FXS,FM08,FXERM07,199903,119.71
FXS,FM08,FXERM07,199904,119.66
FXS,FM08,FXERM07,199905,122.14
FXS,FM08,FXERM07,199906,120.81
FXS,FM08,FXERM07,199907,119.76
FXS,FM08,FXERM07,199908,113.3
FXS,FM08,FXERM07,199909,107.45
FXS,FM08,FXERM07,199910,106.0
FXS,FM08,FXERM07,199911,104.83
FXS,FM08,FXERM07,199912,102.61
FXS,FM08,FXERM07,200001,105.21
FXS,FM08,FXERM07,200002,109.34
FXS,FM08,FXERM07,200003,106.62
FXS,FM08,FXERM07,200004,105.35
FXS,FM08,FXERM07,200005,108.13
FXS,FM08,FXERM07,200006,106.13
FXS,FM08,FXERM07,200007,107.9
FXS,FM08,FXERM07,200008,108.02
FXS,FM08,FXERM07,200009,106.75
FXS,FM08,FXERM07,200010,108.34
FXS,FM08,FXERM07,200011,108.87
FXS,FM08,FXERM07,200012,112.21
FXS,FM08,FXERM07,200101,117.1
FXS,FM08,FXERM07,200102,116.1
FXS,FM08,FXERM07,200103,121.21
FXS,FM08,FXERM07,200104,123.77
FXS,FM08,FXERM07,200105,121.83
FXS,FM08,FXERM07,200106,122.19
FXS,FM08,FXERM07,200107,124.63
FXS,FM08,FXERM07,200108,121.53
FXS,FM08,FXERM07,200109,118.91
FXS,FM08,FXERM07,200110,121.32
FXS,FM08,FXERM07,200111,122.33
FXS,FM08,FXERM07,200112,127.32
FXS,FM08,FXERM07,200201,132.66
FXS,FM08,FXERM07,200202,133.53
FXS,FM08,FXERM07,200203,131.15
FXS,FM08,FXERM07,200204,131.01
FXS,FM08,FXERM07,200205,126.39
FXS,FM08,FXERM07,200206,123.44
FXS,FM08,FXERM07,200207,118.08
FXS,FM08,FXERM07,200208,119.03
FXS,FM08,FXERM07,200209,120.49
FXS,FM08,FXERM07,200210,123.88
FXS,FM08,FXERM07,200211,121.54
FXS,FM08,FXERM07,200212,122.17
FXS,FM08,FXERM07,200301,118.67
FXS,FM08,FXERM07,200302,119.29
FXS,FM08,FXERM07,200303,118.49
FXS,FM08,FXERM07,200304,119.82
FXS,FM08,FXERM07,200305,117.26
FXS,FM08,FXERM07,200306,118.27
FXS,FM08,FXERM07,200307,118.65
FXS,FM08,FXERM07,200308,118.81
FXS,FM08,FXERM07,200309,115.09
FXS,FM08,FXERM07,200310,109.58
FXS,FM08,FXERM07,200311,109.18
FXS,FM08,FXERM07,200312,107.87
FXS,FM08,FXERM07,200401,106.39
FXS,FM08,FXERM07,200402,106.54
FXS,FM08,FXERM07,200403,108.57
FXS,FM08,FXERM07,200404,107.31
FXS,FM08,FXERM07,200405,112.27
FXS,FM08,FXERM07,200406,109.45
FXS,FM08,FXERM07,200407,109.34
FXS,FM08,FXERM07,200408,110.41
FXS,FM08,FXERM07,200409,110.05
FXS,FM08,FXERM07,200410,108.9
FXS,FM08,FXERM07,200411,104.86
FXS,FM08,FXERM07,200412,103.82
FXS,FM08,FXERM07,200501,103.27
FXS,FM08,FXERM07,200502,104.84
FXS,FM08,FXERM07,200503,105.3
FXS,FM08,FXERM07,200504,107.35
FXS,FM08,FXERM07,200505,106.94
FXS,FM08,FXERM07,200506,108.62
FXS,FM08,FXERM07,200507,111.94
FXS,FM08,FXERM07,200508,110.65
FXS,FM08,FXERM07,200509,111.03
FXS,FM08,FXERM07,200510,114.84
FXS,FM08,FXERM07,200511,118.45
FXS,FM08,FXERM07,200512,118.6
FXS,FM08,FXERM07,200601,115.33
FXS,FM08,FXERM07,200602,117.81
FXS,FM08,FXERM07,200603,117.31
FXS,FM08,FXERM07,200604,117.13
FXS,FM08,FXERM07,200605,111.53
FXS,FM08,FXERM07,200606,114.57
FXS,FM08,FXERM07,200607,115.59
FXS,FM08,FXERM07,200608,115.86
FXS,FM08,FXERM07,200609,117.02
FXS,FM08,FXERM07,200610,118.59
FXS,FM08,FXERM07,200611,117.33
FXS,FM08,FXERM07,200612,117.26
FXS,FM08,FXERM07,200701,120.59
FXS,FM08,FXERM07,200702,120.49
FXS,FM08,FXERM07,200703,117.29
FXS,FM08,FXERM07,200704,118.81
FXS,FM08,FXERM07,200705,120.77
FXS,FM08,FXERM07,200706,122.64
FXS,FM08,FXERM07,200707,121.56
FXS,FM08,FXERM07,200708,116.74
FXS,FM08,FXERM07,200709,115.01
FXS,FM08,FXERM07,200710,115.77
FXS,FM08,FXERM07,200711,111.24
FXS,FM08,FXERM07,200712,112.28
FXS,FM08,FXERM07,200801,107.6
FXS,FM08,FXERM07,200802,107.18
FXS,FM08,FXERM07,200803,100.83
FXS,FM08,FXERM07,200804,102.41
FXS,FM08,FXERM07,200805,104.11
FXS,FM08,FXERM07,200806,106.86
FXS,FM08,FXERM07,200807,106.76
FXS,FM08,FXERM07,200808,109.24
FXS,FM08,FXERM07,200809,106.71
FXS,FM08,FXERM07,200810,100.2
FXS,FM08,FXERM07,200811,96.89
FXS,FM08,FXERM07,200812,91.21
FXS,FM08,FXERM07,200901,90.35
FXS,FM08,FXERM07,200902,92.53
FXS,FM08,FXERM07,200903,97.83
FXS,FM08,FXERM07,200904,98.92
FXS,FM08,FXERM07,200905,96.43
FXS,FM08,FXERM07,200906,96.58
FXS,FM08,FXERM07,200907,94.49
FXS,FM08,FXERM07,200908,94.9
FXS,FM08,FXERM07,200909,91.4
FXS,FM08,FXERM07,200910,90.28
FXS,FM08,FXERM07,200911,89.11
FXS,FM08,FXERM07,200912,89.52
FXS,FM08,FXERM07,201001,91.26
FXS,FM08,FXERM07,201002,90.28
FXS,FM08,FXERM07,201003,90.56
FXS,FM08,FXERM07,201004,93.43
FXS,FM08,FXERM07,201005,91.79
FXS,FM08,FXERM07,201006,90.89
FXS,FM08,FXERM07,201007,87.67
FXS,FM08,FXERM07,201008,85.44
FXS,FM08,FXERM07,201009,84.31
FXS,FM08,FXERM07,201010,81.8
FXS,FM08,FXERM07,201011,82.43
FXS,FM08,FXERM07,201012,83.38
FXS,FM08,FXERM07,201101,82.63
FXS,FM08,FXERM07,201102,82.52
FXS,FM08,FXERM07,201103,81.82
FXS,FM08,FXERM07,201104,83.34
FXS,FM08,FXERM07,201105,81.23
FXS,FM08,FXERM07,201106,80.49
FXS,FM08,FXERM07,201107,79.44
FXS,FM08,FXERM07,201108,77.09
FXS,FM08,FXERM07,201109,76.78
FXS,FM08,FXERM07,201110,76.72
FXS,FM08,FXERM07,201111,77.5
FXS,FM08,FXERM07,201112,77.81
FXS,FM08,FXERM07,201201,76.94
FXS,FM08,FXERM07,201202,78.47
FXS,FM08,FXERM07,201203,82.37
FXS,FM08,FXERM07,201204,81.42
FXS,FM08,FXERM07,201205,79.7
FXS,FM08,FXERM07,201206,79.27
FXS,FM08,FXERM07,201207,78.96
FXS,FM08,FXERM07,201208,78.68
FXS,FM08,FXERM07,201209,78.17
FXS,FM08,FXERM07,201210,78.97
FXS,FM08,FXERM07,201211,80.92
FXS,FM08,FXERM07,201212,83.6
FXS,FM08,FXERM07,201301,89.15
FXS,FM08,FXERM07,201302,93.07
FXS,FM08,FXERM07,201303,94.73
FXS,FM08,FXERM07,201304,97.74
FXS,FM08,FXERM07,201305,101.01
FXS,FM08,FXERM07,201306,97.52
FXS,FM08,FXERM07,201307,99.66
FXS,FM08,FXERM07,201308,97.83
FXS,FM08,FXERM07,201309,99.3
FXS,FM08,FXERM07,201310,97.73
FXS,FM08,FXERM07,201311,100.04
FXS,FM08,FXERM07,201312,103.42
FXS,FM08,FXERM07,201401,103.94
FXS,FM08,FXERM07,201402,102.02
FXS,FM08,FXERM07,201403,102.3
FXS,FM08,FXERM07,201404,102.54
FXS,FM08,FXERM07,201405,101.78
FXS,FM08,FXERM07,201406,102.05
FXS,FM08,FXERM07,201407,101.73
FXS,FM08,FXERM07,201408,102.95
FXS,FM08,FXERM07,201409,107.16
FXS,FM08,FXERM07,201410,108.03
FXS,FM08,FXERM07,201411,116.24
FXS,FM08,FXERM07,201412,119.29
FXS,FM08,FXERM07,201501,118.25
FXS,FM08,FXERM07,201502,118.59
FXS,FM08,FXERM07,201503,120.37
FXS,FM08,FXERM07,201504,119.57
FXS,FM08,FXERM07,201505,120.82
FXS,FM08,FXERM07,201506,123.7
FXS,FM08,FXERM07,201507,123.31
FXS,FM08,FXERM07,201508,123.17
FXS,FM08,FXERM07,201509,120.13
FXS,FM08,FXERM07,201510,119.99
FXS,FM08,FXERM07,201511,122.58
FXS,FM08,FXERM07,201512,121.78
FXS,FM08,FXERM07,201601,118.18
FXS,FM08,FXERM07,201602,115.01
FXS,FM08,FXERM07,201603,113.05
FXS,FM08,FXERM07,201604,109.72
FXS,FM08,FXERM07,201605,109.24
FXS,FM08,FXERM07,201606,105.44
FXS,FM08,FXERM07,201607,103.97
FXS,FM08,FXERM07,201608,101.28
FXS,FM08,FXERM07,201609,101.99
FXS,FM08,FXERM07,201610,103.81
FXS,FM08,FXERM07,201611,108.33
FXS,FM08,FXERM07,201612,116.01
FXS,FM08,FXERM07,201701,114.69
FXS,FM08,FXERM07,201702,113.13
FXS,FM08,FXERM07,201703,113.02
FXS,FM08,FXERM07,201704,110.08
FXS,FM08,FXERM07,201705,112.24
FXS,FM08,FXERM07,201706,110.89
FXS,FM08,FXERM07,201707,112.5
FXS,FM08,FXERM07,201708,109.9
FXS,FM08,FXERM07,201709,110.67
FXS,FM08,FXERM07,201710,112.94
FXS,FM08,FXERM07,201711,112.89
FXS,FM08,FXERM07,201712,112.96
FXS,FM08,FXERM07,201801,110.74
FXS,FM08,FXERM07,201802,107.9
FXS,FM08,FXERM07,201803,106.01
FXS,FM08,FXERM07,201804,107.49
FXS,FM08,FXERM07,201805,109.74
FXS,FM08,FXERM07,201806,110.02
FXS,FM08,FXERM07,201807,111.41
FXS,FM08,FXERM07,201808,111.06
FXS,FM08,FXERM07,201809,111.91
FXS,FM08,FXERM07,201810,112.81
FXS,FM08,FXERM07,201811,113.36
FXS,FM08,FXERM07,201812,112.38
FXS,FM08,FXERM07,201901,108.97
FXS,FM08,FXERM07,201902,110.36
FXS,FM08,FXERM07,201903,111.22
FXS,FM08,FXERM07,201904,111.63
FXS,FM08,FXERM07,201905,109.76
FXS,FM08,FXERM07,201906,108.07
FXS,FM08,FXERM07,201907,108.23
FXS,FM08,FXERM07,201908,106.34
FXS,FM08,FXERM07,201909,107.4
FXS,FM08,FXERM07,201910,108.12
FXS,FM08,FXERM07,201911,108.88
FXS,FM08,FXERM07,201912,109.18
FXS,FM08,FXERM07,202001,109.38
FXS,FM08,FXERM07,202002,109.96
FXS,FM08,FXERM07,202003,107.42
FXS,FM08,FXERM07,202004,107.85
FXS,FM08,FXERM07,202005,107.28
FXS,FM08,FXERM07,202006,107.6
FXS,FM08,FXERM07,202007,106.75
FXS,FM08,FXERM07,202008,106.02
FXS,FM08,FXERM07,202009,105.67
FXS,FM08,FXERM07,202010,105.21
FXS,FM08,FXERM07,202011,104.4
FXS,FM08,FXERM07,202012,103.83
FXS,FM08,FXERM07,202101,103.7
FXS,FM08,FXERM07,202102,105.38
FXS,FM08,FXERM07,202103,108.7
FXS,FM08,FXERM07,202104,109.1
FXS,FM08,FXERM07,202105,109.13
FXS,FM08,FXERM07,202106,110.09
FXS,FM08,FXERM07,202107,110.26
FXS,FM08,FXERM07,202108,109.82
FXS,FM08,FXERM07,202109,110.2
FXS,FM08,FXERM07,202110,113.09
FXS,FM08,FXERM07,202111,114.03
FXS,FM08,FXERM07,202112,113.88
FXS,FM08,FXERM07,202201,114.84
FXS,FM08,FXERM07,202202,115.16
FXS,FM08,FXERM07,202203,118.54
FXS,FM08,FXERM07,202204,126.13
FXS,FM08,FXERM07,202205,128.68
FXS,FM08,FXERM07,202206,133.85
FXS,FM08,FXERM07,202207,136.7
FXS,FM08,FXERM07,202208,135.28
FXS,FM08,FXERM07,202209,143.09
FXS,FM08,FXERM07,202210,147.16
FXS,FM08,FXERM07,202211,142.17
FXS,FM08,FXERM07,202212,134.85
FXS,FM08,FXERM07,202301,130.28
FXS,FM08,FXERM07,202302,132.69
FXS,FM08,FXERM07,202303,133.86
FXS,FM08,FXERM07,202304,133.4
FXS,FM08,FXERM07,202305,137.39
FXS,FM08,FXERM07,202306,141.33
FXS,FM08,FXERM07,202307,141.2
FXS,FM08,FXERM07,202308,144.73
FXS,FM08,FXERM07,202309,147.65
FXS,FM08,FXERM07,202310,149.59
FXS,FM08,FXERM07,202311,149.88
FXS,FM08,FXERM07,202312,144.09
FXS,FM08,FXERM07,202401,146.59
FXS,FM08,FXERM07,202402,149.41
FXS,FM08,FXERM07,202403,149.7
FXS,FM08,FXERM07,202404,153.57
FXS,FM08,FXERM07,202405,156.21
FXS,FM08,FXERM07,202406,157.9
FXS,FM08,FXERM07,202407,157.86
FXS,FM08,FXERM07,202408,146.29
FXS,FM08,FXERM07,202409,143.31
FXS,FM08,FXERM07,202410,149.6
FXS,FM08,FXERM07,202411,153.82
FXS,FM08,FXERM07,202412,153.72
FXS,FM08,FXERM07,202501,156.42
FXS,FM08,FXERM07,202502,152.03
FXS,FM08,FXERM07,202503,149.14
FXS,FM08,FXERM07,202504,144.27
FXS,FM08,FXERM07,202505,144.77
FXS,FM08,FXERM07,202506,144.47
FXS,FM08,FXERM07,202507,146.85
FXS,FM08,FXERM07,202508,147.64
FXS,FM08,FXERM07,202509,147.93
FXS,FM08,FXERM07,202510,151.32
FXS,FM08,FXERM07,202511,155.08
FXS,FM08,FXERM07,202512,155.85
FXS,FM08,FXERM07,202601,156.79
FXS,FM08,FXERM07,202602,155.23
FXS,FM08,FXERM07,202603,158.64
FXS,FM08,FXERM07,202604,159.28
FXS,FM08,FXERM07,202605,158.34
FXS,FM08,FXERM07,202606,160.69
FXS,FM08,FXERM07,202607,162.45
FXS,FM08,FXERM07,202608,158.81
RCD,FM02,STRAK_STRACDN2DB,199601,0.496
RCD,FM02,STRAK_STRACDN2DB,199602,0.522
RCD,FM02,STRAK_STRACDN2DB,199603,0.645
RCD,FM02,STRAK_STRACDN2DB,199604,0.525
RCD,FM02,STRAK_STRACDN2DB,199605,0.537
RCD,FM02,STRAK_STRACDN2DB,199606,0.502
RCD,FM02,STRAK_STRACDN2DB,199607,0.517
RCD,FM02,STRAK_STRACDN2DB,199608,0.521
RCD,FM02,STRAK_STRACDN2DB,199609,0.498
RCD,FM02,STRAK_STRACDN2DB,199610,0.469
RCD,FM02,STRAK_STRACDN2DB,199611,0.468
RCD,FM02,STRAK_STRACDN2DB,199612,0.49
RCD,FM02,STRAK_STRACDN2DB,199701,0.499
RCD,FM02,STRAK_STRACDN2DB,199702,0.502
RCD,FM02,STRAK_STRACDN2DB,199703,0.544
RCD,FM02,STRAK_STRACDN2DB,199704,0.503
RCD,FM02,STRAK_STRACDN2DB,199705,0.509
RCD,FM02,STRAK_STRACDN2DB,199706,0.526
RCD,FM02,STRAK_STRACDN2DB,199707,0.561
RCD,FM02,STRAK_STRACDN2DB,199708,0.518
RCD,FM02,STRAK_STRACDN2DB,199709,0.537
RCD,FM02,STRAK_STRACDN2DB,199710,0.495
RCD,FM02,STRAK_STRACDN2DB,199711,0.515
RCD,FM02,STRAK_STRACDN2DB,199712,0.936
RCD,FM02,STRAK_STRACDN2DB,199801,0.752
RCD,FM02,STRAK_STRACDN2DB,199802,0.823
RCD,FM02,STRAK_STRACDN2DB,199803,0.782
RCD,FM02,STRAK_STRACDN2DB,199804,0.581
RCD,FM02,STRAK_STRACDN2DB,199805,0.502
RCD,FM02,STRAK_STRACDN2DB,199806,0.505
RCD,FM02,STRAK_STRACDN2DB,199807,0.592
RCD,FM02,STRAK_STRACDN2DB,199808,0.587
RCD,FM02,STRAK_STRACDN2DB,199809,0.484
RCD,FM02,STRAK_STRACDN2DB,199810,0.414
RCD,FM02,STRAK_STRACDN2DB,199811,0.436
RCD,FM02,STRAK_STRACDN2DB,199812,0.487
RCD,FM02,STRAK_STRACDN2DB,199901,0.427
RCD,FM02,STRAK_STRACDN2DB,199902,0.304
RCD,FM02,STRAK_STRACDN2DB,199903,0.117
RCD,FM02,STRAK_STRACDN2DB,199904,0.055
RCD,FM02,STRAK_STRACDN2DB,199905,0.03
RCD,FM02,STRAK_STRACDN2DB,199906,0.022
RCD,FM02,STRAK_STRACDN2DB,199907,0.025
RCD,FM02,STRAK_STRACDN2DB,199908,0.025
RCD,FM02,STRAK_STRACDN2DB,199909,0.039
RCD,FM02,STRAK_STRACDN2DB,199910,0.067
RCD,FM02,STRAK_STRACDN2DB,199911,0.116
RCD,FM02,STRAK_STRACDN2DB,199912,0.206
RCD,FM02,STRAK_STRACDN2DB,200001,0.057
RCD,FM02,STRAK_STRACDN2DB,200002,0.044
RCD,FM02,STRAK_STRACDN2DB,200003,0.058
RCD,FM02,STRAK_STRACDN2DB,200004,0.043
RCD,FM02,STRAK_STRACDN2DB,200005,0.033
RCD,FM02,STRAK_STRACDN2DB,200006,0.034
RCD,FM02,STRAK_STRACDN2DB,200007,0.063
RCD,FM02,STRAK_STRACDN2DB,200008,0.2
RCD,FM02,STRAK_STRACDN2DB,200009,0.319
RCD,FM02,STRAK_STRACDN2DB,200010,0.314
RCD,FM02,STRAK_STRACDN2DB,200011,0.342
RCD,FM02,STRAK_STRACDN2DB,200012,0.487
RCD,FM02,STRAK_STRACDN2DB,200101,0.372
RCD,FM02,STRAK_STRACDN2DB,200102,0.291
RCD,FM02,STRAK_STRACDN2DB,200103,0.112
RCD,FM02,STRAK_STRACDN2DB,200104,0.015
RCD,FM02,STRAK_STRACDN2DB,200105,0.014
RCD,FM02,STRAK_STRACDN2DB,200106,0.013
RCD,FM02,STRAK_STRACDN2DB,200107,0.012
RCD,FM02,STRAK_STRACDN2DB,200108,0.013
RCD,FM02,STRAK_STRACDN2DB,200109,0.013
RCD,FM02,STRAK_STRACDN2DB,200110,0.01
RCD,FM02,STRAK_STRACDN2DB,200111,0.011
RCD,FM02,STRAK_STRACDN2DB,200112,0.015
RCD,FM02,STRAK_STRACDN2DB,200201,0.014
RCD,FM02,STRAK_STRACDN2DB,200202,0.026
RCD,FM02,STRAK_STRACDN2DB,200203,0.094
RCD,FM02,STRAK_STRACDN2DB,200204,0.02
RCD,FM02,STRAK_STRACDN2DB,200205,0.012
RCD,FM02,STRAK_STRACDN2DB,200206,0.013
RCD,FM02,STRAK_STRACDN2DB,200207,0.011
RCD,FM02,STRAK_STRACDN2DB,200208,0.01
RCD,FM02,STRAK_STRACDN2DB,200209,0.01
RCD,FM02,STRAK_STRACDN2DB,200210,0.009
RCD,FM02,STRAK_STRACDN2DB,200211,0.009
RCD,FM02,STRAK_STRACDN2DB,200212,0.01
RCD,FM02,STRAK_STRACDN2DB,200301,0.009
RCD,FM02,STRAK_STRACDN2DB,200302,0.009
RCD,FM02,STRAK_STRACDN2DB,200303,0.016
RCD,FM02,STRAK_STRACDN2DB,200304,0.01
RCD,FM02,STRAK_STRACDN2DB,200305,0.006
RCD,FM02,STRAK_STRACDN2DB,200306,0.005
RCD,FM02,STRAK_STRACDN2DB,200307,0.006
RCD,FM02,STRAK_STRACDN2DB,200308,0.007
RCD,FM02,STRAK_STRACDN2DB,200309,0.007
RCD,FM02,STRAK_STRACDN2DB,200310,0.006
RCD,FM02,STRAK_STRACDN2DB,200311,0.006
RCD,FM02,STRAK_STRACDN2DB,200312,0.007
RCD,FM02,STRAK_STRACDN2DB,200401,0.006
RCD,FM02,STRAK_STRACDN2DB,200402,0.006
RCD,FM02,STRAK_STRACDN2DB,200403,0.007
RCD,FM02,STRAK_STRACDN2DB,200404,0.005
RCD,FM02,STRAK_STRACDN2DB,200405,0.005
RCD,FM02,STRAK_STRACDN2DB,200406,0.005
RCD,FM02,STRAK_STRACDN2DB,200407,0.006
RCD,FM02,STRAK_STRACDN2DB,200408,0.005
RCD,FM02,STRAK_STRACDN2DB,200409,0.006
RCD,FM02,STRAK_STRACDN2DB,200410,0.006
RCD,FM02,STRAK_STRACDN2DB,200411,0.006
RCD,FM02,STRAK_STRACDN2DB,200412,0.006
RCD,FM02,STRAK_STRACDN2DB,200501,0.008
RCD,FM02,STRAK_STRACDN2DB,200502,0.007
RCD,FM02,STRAK_STRACDN2DB,200503,0.007
RCD,FM02,STRAK_STRACDN2DB,200504,0.008
RCD,FM02,STRAK_STRACDN2DB,200505,0.007
RCD,FM02,STRAK_STRACDN2DB,200506,0.007
RCD,FM02,STRAK_STRACDN2DB,200507,0.007
RCD,FM02,STRAK_STRACDN2DB,200508,0.008
RCD,FM02,STRAK_STRACDN2DB,200509,0.008
RCD,FM02,STRAK_STRACDN2DB,200510,0.009
RCD,FM02,STRAK_STRACDN2DB,200511,0.008
RCD,FM02,STRAK_STRACDN2DB,200512,0.008
RCD,FM02,STRAK_STRACDN2DB,200601,0.01
RCD,FM02,STRAK_STRACDN2DB,200602,0.009
RCD,FM02,STRAK_STRACDN2DB,200603,0.016
RCD,FM02,STRAK_STRACDN2DB,200604,0.012
RCD,FM02,STRAK_STRACDN2DB,200605,0.027
RCD,FM02,STRAK_STRACDN2DB,200606,0.077
RCD,FM02,STRAK_STRACDN2DB,200607,0.206
RCD,FM02,STRAK_STRACDN2DB,200608,0.259
RCD,FM02,STRAK_STRACDN2DB,200609,0.271
RCD,FM02,STRAK_STRACDN2DB,200610,0.256
RCD,FM02,STRAK_STRACDN2DB,200611,0.248
RCD,FM02,STRAK_STRACDN2DB,200612,0.286
RCD,FM02,STRAK_STRACDN2DB,200701,0.292
RCD,FM02,STRAK_STRACDN2DB,200702,0.348
RCD,FM02,STRAK_STRACDN2DB,200703,0.493
RCD,FM02,STRAK_STRACDN2DB,200704,0.468
RCD,FM02,STRAK_STRACDN2DB,200705,0.483
RCD,FM02,STRAK_STRACDN2DB,200706,0.476
RCD,FM02,STRAK_STRACDN2DB,200707,0.484
RCD,FM02,STRAK_STRACDN2DB,200708,0.516
RCD,FM02,STRAK_STRACDN2DB,200709,0.558
RCD,FM02,STRAK_STRACDN2DB,200710,0.513
RCD,FM02,STRAK_STRACDN2DB,200711,0.523
RCD,FM02,STRAK_STRACDN2DB,200712,0.561
RCD,FM02,STRAK_STRACDN2DB,200801,0.503
RCD,FM02,STRAK_STRACDN2DB,200802,0.492
RCD,FM02,STRAK_STRACDN2DB,200803,0.556
RCD,FM02,STRAK_STRACDN2DB,200804,0.482
RCD,FM02,STRAK_STRACDN2DB,200805,0.504
RCD,FM02,STRAK_STRACDN2DB,200806,0.525
RCD,FM02,STRAK_STRACDN2DB,200807,0.501
RCD,FM02,STRAK_STRACDN2DB,200808,0.511
RCD,FM02,STRAK_STRACDN2DB,200809,0.559
RCD,FM02,STRAK_STRACDN2DB,200810,0.558
RCD,FM02,STRAK_STRACDN2DB,200811,0.473
RCD,FM02,STRAK_STRACDN2DB,200812,0.496
RCD,FM02,STRAK_STRACDN2DB,200901,0.209
RCD,FM02,STRAK_STRACDN2DB,200902,0.209
RCD,FM02,STRAK_STRACDN2DB,200903,0.227
RCD,FM02,STRAK_STRACDN2DB,200904,0.145
RCD,FM02,STRAK_STRACDN2DB,200905,0.138
RCD,FM02,STRAK_STRACDN2DB,200906,0.127
RCD,FM02,STRAK_STRACDN2DB,200907,0.108
RCD,FM02,STRAK_STRACDN2DB,200908,0.101
RCD,FM02,STRAK_STRACDN2DB,200909,0.109
RCD,FM02,STRAK_STRACDN2DB,200910,0.098
RCD,FM02,STRAK_STRACDN2DB,200911,0.097
RCD,FM02,STRAK_STRACDN2DB,200912,0.094
RCD,FM02,STRAK_STRACDN2DB,201001,0.076
RCD,FM02,STRAK_STRACDN2DB,201002,0.073
RCD,FM02,STRAK_STRACDN2DB,201003,0.088
RCD,FM02,STRAK_STRACDN2DB,201004,0.065
RCD,FM02,STRAK_STRACDN2DB,201005,0.069
RCD,FM02,STRAK_STRACDN2DB,201006,0.07
RCD,FM02,STRAK_STRACDN2DB,201007,0.055
RCD,FM02,STRAK_STRACDN2DB,201008,0.057
RCD,FM02,STRAK_STRACDN2DB,201009,0.063
RCD,FM02,STRAK_STRACDN2DB,201010,0.043
RCD,FM02,STRAK_STRACDN2DB,201011,0.04
RCD,FM02,STRAK_STRACDN2DB,201012,0.047
RCD,FM02,STRAK_STRACDN2DB,201101,0.038
RCD,FM02,STRAK_STRACDN2DB,201102,0.044
RCD,FM02,STRAK_STRACDN2DB,201103,0.058
RCD,FM02,STRAK_STRACDN2DB,201104,0.032
RCD,FM02,STRAK_STRACDN2DB,201105,0.05
RCD,FM02,STRAK_STRACDN2DB,201106,0.042
RCD,FM02,STRAK_STRACDN2DB,201107,0.036
RCD,FM02,STRAK_STRACDN2DB,201108,0.042
RCD,FM02,STRAK_STRACDN2DB,201109,0.048
RCD,FM02,STRAK_STRACDN2DB,201110,0.04
RCD,FM02,STRAK_STRACDN2DB,201111,0.041
RCD,FM02,STRAK_STRACDN2DB,201112,0.044
RCD,FM02,STRAK_STRACDN2DB,201201,0.036
RCD,FM02,STRAK_STRACDN2DB,201202,0.041
RCD,FM02,STRAK_STRACDN2DB,201203,0.047
RCD,FM02,STRAK_STRACDN2DB,201204,0.034
RCD,FM02,STRAK_STRACDN2DB,201205,0.042
RCD,FM02,STRAK_STRACDN2DB,201206,0.039
RCD,FM02,STRAK_STRACDN2DB,201207,0.036
RCD,FM02,STRAK_STRACDN2DB,201208,0.039
RCD,FM02,STRAK_STRACDN2DB,201209,0.044
RCD,FM02,STRAK_STRACDN2DB,201210,0.037
RCD,FM02,STRAK_STRACDN2DB,201211,0.037
RCD,FM02,STRAK_STRACDN2DB,201212,0.037
RCD,FM02,STRAK_STRACDN2DB,201301,0.033
RCD,FM02,STRAK_STRACDN2DB,201302,0.027
RCD,FM02,STRAK_STRACDN2DB,201303,0.023
RCD,FM02,STRAK_STRACDN2DB,201304,0.011
RCD,FM02,STRAK_STRACDN2DB,201305,0.012
RCD,FM02,STRAK_STRACDN2DB,201306,0.014
RCD,FM02,STRAK_STRACDN2DB,201307,0.017
RCD,FM02,STRAK_STRACDN2DB,201308,0.024
RCD,FM02,STRAK_STRACDN2DB,201309,0.028
RCD,FM02,STRAK_STRACDN2DB,201310,0.021
RCD,FM02,STRAK_STRACDN2DB,201311,0.022
RCD,FM02,STRAK_STRACDN2DB,201312,0.028
RCD,FM02,STRAK_STRACDN2DB,201401,0.024
RCD,FM02,STRAK_STRACDN2DB,201402,0.023
RCD,FM02,STRAK_STRACDN2DB,201403,0.026
RCD,FM02,STRAK_STRACDN2DB,201404,0.02
RCD,FM02,STRAK_STRACDN2DB,201405,0.02
RCD,FM02,STRAK_STRACDN2DB,201406,0.016
RCD,FM02,STRAK_STRACDN2DB,201407,0.015
RCD,FM02,STRAK_STRACDN2DB,201408,0.017
RCD,FM02,STRAK_STRACDN2DB,201409,0.02
RCD,FM02,STRAK_STRACDN2DB,201410,0.013
RCD,FM02,STRAK_STRACDN2DB,201411,0.011
RCD,FM02,STRAK_STRACDN2DB,201412,0.012
RCD,FM02,STRAK_STRACDN2DB,201501,0.009
RCD,FM02,STRAK_STRACDN2DB,201502,0.016
RCD,FM02,STRAK_STRACDN2DB,201503,0.021
RCD,FM02,STRAK_STRACDN2DB,201504,0.015
RCD,FM02,STRAK_STRACDN2DB,201505,0.017
RCD,FM02,STRAK_STRACDN2DB,201506,0.014
RCD,FM02,STRAK_STRACDN2DB,201507,0.013
RCD,FM02,STRAK_STRACDN2DB,201508,0.011
RCD,FM02,STRAK_STRACDN2DB,201509,0.015
RCD,FM02,STRAK_STRACDN2DB,201510,0.013
RCD,FM02,STRAK_STRACDN2DB,201511,0.012
RCD,FM02,STRAK_STRACDN2DB,201512,0.014
RCD,FM02,STRAK_STRACDN2DB,201601,0.013
RCD,FM02,STRAK_STRACDN2DB,201602,0.004
RCD,FM02,STRAK_STRACDN2DB,201603,0.002
RCD,FM02,STRAK_STRACDN2DB,201604,0.001
RCD,FM02,STRAK_STRACDN2DB,201605,0.001
RCD,FM02,STRAK_STRACDN2DB,201606,0.001
RCD,FM02,STRAK_STRACDN2DB,201607,0.001
RCD,FM02,STRAK_STRACDN2DB,201608,0.001
RCD,FM02,STRAK_STRACDN2DB,201609,0.001
RCD,FM02,STRAK_STRACDN2DB,201610,0.001
RCD,FM02,STRAK_STRACDN2DB,201611,0.001
RCD,FM02,STRAK_STRACDN2DB,201612,0.001
RCD,FM02,STRAK_STRACDN2DB,201701,0.001
RCD,FM02,STRAK_STRACDN2DB,201702,0.001
RCD,FM02,STRAK_STRACDN2DB,201703,0.001
RCD,FM02,STRAK_STRACDN2DB,201704,0.001
RCD,FM02,STRAK_STRACDN2DB,201705,0.001
RCD,FM02,STRAK_STRACDN2DB,201706,0.001
RCD,FM02,STRAK_STRACDN2DB,201707,0.001
RCD,FM02,STRAK_STRACDN2DB,201708,0.001
RCD,FM02,STRAK_STRACDN2DB,201709,0.001
RCD,FM02,STRAK_STRACDN2DB,201710,0.001
RCD,FM02,STRAK_STRACDN2DB,201711,0.001
RCD,FM02,STRAK_STRACDN2DB,201712,0.001
RCD,FM02,STRAK_STRACDN2DB,201801,0.001
RCD,FM02,STRAK_STRACDN2DB,201802,0.001
RCD,FM02,STRAK_STRACDN2DB,201803,0.001
RCD,FM02,STRAK_STRACDN2DB,201804,0.001
RCD,FM02,STRAK_STRACDN2DB,201805,0.001
RCD,FM02,STRAK_STRACDN2DB,201806,0.001
RCD,FM02,STRAK_STRACDN2DB,201807,0.001
RCD,FM02,STRAK_STRACDN2DB,201808,0.001
RCD,FM02,STRAK_STRACDN2DB,201809,0.002
RCD,FM02,STRAK_STRACDN2DB,201810,0.001
RCD,FM02,STRAK_STRACDN2DB,201811,0.001
RCD,FM02,STRAK_STRACDN2DB,201812,0.001
RCD,FM02,STRAK_STRACDN2DB,201901,0.001
RCD,FM02,STRAK_STRACDN2DB,201902,0.001
RCD,FM02,STRAK_STRACDN2DB,201903,0.001
RCD,FM02,STRAK_STRACDN2DB,201904,0.002
RCD,FM02,STRAK_STRACDN2DB,201905,0.002
RCD,FM02,STRAK_STRACDN2DB,201906,0.002
RCD,FM02,STRAK_STRACDN2DB,201907,0.002
RCD,FM02,STRAK_STRACDN2DB,201908,0.002
RCD,FM02,STRAK_STRACDN2DB,201909,0.002
RCD,FM02,STRAK_STRACDN2DB,201910,0.002
RCD,FM02,STRAK_STRACDN2DB,201911,0.002
RCD,FM02,STRAK_STRACDN2DB,201912,0.002
RCD,FM02,STRAK_STRACDN2DB,202001,0.002
RCD,FM02,STRAK_STRACDN2DB,202002,0.002
RCD,FM02,STRAK_STRACDN2DB,202003,0.002
RCD,FM02,STRAK_STRACDN2DB,202004,0.003
RCD,FM02,STRAK_STRACDN2DB,202005,0.002
RCD,FM02,STRAK_STRACDN2DB,202006,0.002
RCD,FM02,STRAK_STRACDN2DB,202007,0.002
RCD,FM02,STRAK_STRACDN2DB,202008,0.002
RCD,FM02,STRAK_STRACDN2DB,202009,0.002
RCD,FM02,STRAK_STRACDN2DB,202010,0.002
RCD,FM02,STRAK_STRACDN2DB,202011,0.002
RCD,FM02,STRAK_STRACDN2DB,202012,0.002
RCD,FM02,STRAK_STRACDN2DB,202101,0.002
RCD,FM02,STRAK_STRACDN2DB,202102,0.002
RCD,FM02,STRAK_STRACDN2DB,202103,0.002
RCD,FM02,STRAK_STRACDN2DB,202104,0.001
RCD,FM02,STRAK_STRACDN2DB,202105,0.002
RCD,FM02,STRAK_STRACDN2DB,202106,0.002
RCD,FM02,STRAK_STRACDN2DB,202107,0.002
RCD,FM02,STRAK_STRACDN2DB,202108,0.002
RCD,FM02,STRAK_STRACDN2DB,202109,0.002
RCD,FM02,STRAK_STRACDN2DB,202110,0.002
RCD,FM02,STRAK_STRACDN2DB,202111,0.002
RCD,FM02,STRAK_STRACDN2DB,202112,0.002
RCD,FM02,STRAK_STRACDN2DB,202201,0.002
RCD,FM02,STRAK_STRACDN2DB,202202,0.002
RCD,FM02,STRAK_STRACDN2DB,202203,0.002
RCD,FM02,STRAK_STRACDN2DB,202204,0.002
RCD,FM02,STRAK_STRACDN2DB,202205,0.002
RCD,FM02,STRAK_STRACDN2DB,202206,0.002
RCD,FM02,STRAK_STRACDN2DB,202207,0.002
RCD,FM02,STRAK_STRACDN2DB,202208,0.002
RCD,FM02,STRAK_STRACDN2DB,202209,0.002
RCD,FM02,STRAK_STRACDN2DB,202210,0.002
RCD,FM02,STRAK_STRACDN2DB,202211,0.002
RCD,FM02,STRAK_STRACDN2DB,202212,0.002
RCD,FM02,STRAK_STRACDN2DB,202301,0.002
RCD,FM02,STRAK_STRACDN2DB,202302,0.002
RCD,FM02,STRAK_STRACDN2DB,202303,0.002
RCD,FM02,STRAK_STRACDN2DB,202304,0.002
RCD,FM02,STRAK_STRACDN2DB,202305,0.002
RCD,FM02,STRAK_STRACDN2DB,202306,0.003
RCD,FM02,STRAK_STRACDN2DB,202307,0.003
RCD,FM02,STRAK_STRACDN2DB,202308,0.003
RCD,FM02,STRAK_STRACDN2DB,202309,0.003
RCD,FM02,STRAK_STRACDN2DB,202310,0.003
RCD,FM02,STRAK_STRACDN2DB,202311,0.003
RCD,FM02,STRAK_STRACDN2DB,202312,0.003
RCD,FM02,STRAK_STRACDN2DB,202401,0.003
RCD,FM02,STRAK_STRACDN2DB,202402,0.003
RCD,FM02,STRAK_STRACDN2DB,202403,0.013
RCD,FM02,STRAK_STRACDN2DB,202404,0.031
RCD,FM02,STRAK_STRACDN2DB,202405,0.034
RCD,FM02,STRAK_STRACDN2DB,202406,0.034
RCD,FM02,STRAK_STRACDN2DB,202407,0.038
RCD,FM02,STRAK_STRACDN2DB,202408,0.117
RCD,FM02,STRAK_STRACDN2DB,202409,0.152
RCD,FM02,STRAK_STRACDN2DB,202410,0.16
RCD,FM02,STRAK_STRACDN2DB,202411,0.158
RCD,FM02,STRAK_STRACDN2DB,202412,0.178
RCD,FM02,STRAK_STRACDN2DB,202501,0.24
RCD,FM02,STRAK_STRACDN2DB,202502,0.369
RCD,FM02,STRAK_STRACDN2DB,202503,0.378
RCD,FM02,STRAK_STRACDN2DB,202504,0.388
RCD,FM02,STRAK_STRACDN2DB,202505,0.391
RCD,FM02,STRAK_STRACDN2DB,202506,0.375
RCD,FM02,STRAK_STRACDN2DB,202507,0.392
RCD,FM02,STRAK_STRACDN2DB,202508,0.398
RCD,FM02,STRAK_STRACDN2DB,202509,0.383
RCD,FM02,STRAK_STRACDN2DB,202510,0.402
RCD,FM02,STRAK_STRACDN2DB,202511,0.388
RCD,FM02,STRAK_STRACDN2DB,202512,0.461
RCD,FM02,STRAK_STRACDN2DB,202601,0.574
RCD,FM02,STRAK_STRACDN2DB,202602,0.547
RCD,FM02,STRAK_STRACDN2DB,202603,0.626
RCD,FM02,STRAK_STRACDN2DB,202604,0.621
RCD,FM02,STRAK_STRACDN2DB,202605,0.624
RCD,FM02,STRAK_STRACDN2DB,202606,0.703
RCD,FM02,STRAK_STRACDN2DB,202607,0.844
M2CD_OLD,MD02,MAMS3ANM2C,199804,5919793.0
M2CD_OLD,MD02,MAMS3ANM2C,199805,5926840.0
M2CD_OLD,MD02,MAMS3ANM2C,199806,5918176.0
M2CD_OLD,MD02,MAMS3ANM2C,199807,5967974.0
M2CD_OLD,MD02,MAMS3ANM2C,199808,5983933.0
M2CD_OLD,MD02,MAMS3ANM2C,199809,5955603.0
M2CD_OLD,MD02,MAMS3ANM2C,199810,5944296.0
M2CD_OLD,MD02,MAMS3ANM2C,199811,5993122.0
M2CD_OLD,MD02,MAMS3ANM2C,199812,6115999.0
M2CD_OLD,MD02,MAMS3ANM2C,199901,6110027.0
M2CD_OLD,MD02,MAMS3ANM2C,199902,6076709.0
M2CD_OLD,MD02,MAMS3ANM2C,199903,6120146.0
M2CD_OLD,MD02,MAMS3ANM2C,199904,6153010.0
M2CD_OLD,MD02,MAMS3ANM2C,199905,6169056.0
M2CD_OLD,MD02,MAMS3ANM2C,199906,6174528.0
M2CD_OLD,MD02,MAMS3ANM2C,199907,6204382.0
M2CD_OLD,MD02,MAMS3ANM2C,199908,6191871.0
M2CD_OLD,MD02,MAMS3ANM2C,199909,6151146.0
M2CD_OLD,MD02,MAMS3ANM2C,199910,6157009.0
M2CD_OLD,MD02,MAMS3ANM2C,199911,6166361.0
M2CD_OLD,MD02,MAMS3ANM2C,199912,6277589.0
M2CD_OLD,MD02,MAMS3ANM2C,200001,6268531.0
M2CD_OLD,MD02,MAMS3ANM2C,200002,6204003.0
M2CD_OLD,MD02,MAMS3ANM2C,200003,6238519.0
M2CD_OLD,MD02,MAMS3ANM2C,200004,6330959.0
M2CD_OLD,MD02,MAMS3ANM2C,200005,6304644.0
M2CD_OLD,MD02,MAMS3ANM2C,200006,6292745.0
M2CD_OLD,MD02,MAMS3ANM2C,200007,6326642.0
M2CD_OLD,MD02,MAMS3ANM2C,200008,6302207.0
M2CD_OLD,MD02,MAMS3ANM2C,200009,6271285.0
M2CD_OLD,MD02,MAMS3ANM2C,200010,6288945.0
M2CD_OLD,MD02,MAMS3ANM2C,200011,6283843.0
M2CD_OLD,MD02,MAMS3ANM2C,200012,6401757.0
M2CD_OLD,MD02,MAMS3ANM2C,200101,6404581.0
M2CD_OLD,MD02,MAMS3ANM2C,200102,6363379.0
M2CD_OLD,MD02,MAMS3ANM2C,200103,6392524.0
M2CD_OLD,MD02,MAMS3ANM2C,200104,6478207.0
M2CD_OLD,MD02,MAMS3ANM2C,200105,6471650.0
M2CD_OLD,MD02,MAMS3ANM2C,200106,6473153.0
M2CD_OLD,MD02,MAMS3ANM2C,200107,6513749.0
M2CD_OLD,MD02,MAMS3ANM2C,200108,6488095.0
M2CD_OLD,MD02,MAMS3ANM2C,200109,6471349.0
M2CD_OLD,MD02,MAMS3ANM2C,200110,6470999.0
M2CD_OLD,MD02,MAMS3ANM2C,200111,6475465.0
M2CD_OLD,MD02,MAMS3ANM2C,200112,6613156.0
M2CD_OLD,MD02,MAMS3ANM2C,200201,6627892.0
M2CD_OLD,MD02,MAMS3ANM2C,200202,6587156.0
M2CD_OLD,MD02,MAMS3ANM2C,200203,6628351.0
M2CD_OLD,MD02,MAMS3ANM2C,200204,6707326.0
M2CD_OLD,MD02,MAMS3ANM2C,200205,6696397.0
M2CD_OLD,MD02,MAMS3ANM2C,200206,6691878.0
M2CD_OLD,MD02,MAMS3ANM2C,200207,6727109.0
M2CD_OLD,MD02,MAMS3ANM2C,200208,6709217.0
M2CD_OLD,MD02,MAMS3ANM2C,200209,6680939.0
M2CD_OLD,MD02,MAMS3ANM2C,200210,6685645.0
M2CD_OLD,MD02,MAMS3ANM2C,200211,6685210.0
M2CD_OLD,MD02,MAMS3ANM2C,200212,6756540.0
M2CD_OLD,MD02,MAMS3ANM2C,200301,6756623.0
M2CD_OLD,MD02,MAMS3ANM2C,200302,6714952.0
M2CD_OLD,MD02,MAMS3ANM2C,200303,6740837.0
M2CD_OLD,MD02,MAMS3ANM2C,200304,6795761.0
M2CD_OLD,MD02,MAMS3ANM2C,200305,6802107.0
M2CD_OLD,MD02,MAMS3ANM2C,200306,6809617.0
M2CD_OLD,MD02,MAMS3ANM2C,200307,6845347.0
M2CD_OLD,MD02,MAMS3ANM2C,200308,6839739.0
M2CD_OLD,MD02,MAMS3ANM2C,200309,6800998.0
M2CD_OLD,MD02,MAMS3ANM2C,200310,6786648.0
M2CD_OLD,MD02,MAMS3ANM2C,200311,6788660.0
M2CD_OLD,MD02,MAMS3ANM2C,200312,6856807.0
M2CD_OLD,MD02,MAMS3ANM2C,200401,6862889.0
M2CD_OLD,MD02,MAMS3ANM2C,200402,6827466.0
M2CD_OLD,MD02,MAMS3ANM2C,200403,6857265.0
M2CD_OLD,MD02,MAMS3ANM2C,200404,6923308.0
M2CD_OLD,MD02,MAMS3ANM2C,200405,6935948.0
M2CD_OLD,MD02,MAMS3ANM2C,200406,6926729.0
M2CD_OLD,MD02,MAMS3ANM2C,200407,6969292.0
M2CD_OLD,MD02,MAMS3ANM2C,200408,6963747.0
M2CD_OLD,MD02,MAMS3ANM2C,200409,6937824.0
M2CD_OLD,MD02,MAMS3ANM2C,200410,6923164.0
M2CD_OLD,MD02,MAMS3ANM2C,200411,6926439.0
M2CD_OLD,MD02,MAMS3ANM2C,200412,6992728.0
M2CD_OLD,MD02,MAMS3ANM2C,200501,6998192.0
M2CD_OLD,MD02,MAMS3ANM2C,200502,6953380.0
M2CD_OLD,MD02,MAMS3ANM2C,200503,6998948.0
M2CD_OLD,MD02,MAMS3ANM2C,200504,7049924.0
M2CD_OLD,MD02,MAMS3ANM2C,200505,7037365.0
M2CD_OLD,MD02,MAMS3ANM2C,200506,7038706.0
M2CD_OLD,MD02,MAMS3ANM2C,200507,7085073.0
M2CD_OLD,MD02,MAMS3ANM2C,200508,7077933.0
M2CD_OLD,MD02,MAMS3ANM2C,200509,7076685.0
M2CD_OLD,MD02,MAMS3ANM2C,200510,7055691.0
M2CD_OLD,MD02,MAMS3ANM2C,200511,7071888.0
M2CD_OLD,MD02,MAMS3ANM2C,200512,7125337.0
M2CD_OLD,MD02,MAMS3ANM2C,200601,7123631.0
M2CD_OLD,MD02,MAMS3ANM2C,200602,7075584.0
M2CD_OLD,MD02,MAMS3ANM2C,200603,7103071.0
M2CD_OLD,MD02,MAMS3ANM2C,200604,7171009.0
M2CD_OLD,MD02,MAMS3ANM2C,200605,7129812.0
M2CD_OLD,MD02,MAMS3ANM2C,200606,7122571.0
M2CD_OLD,MD02,MAMS3ANM2C,200607,7122757.0
M2CD_OLD,MD02,MAMS3ANM2C,200608,7109086.0
M2CD_OLD,MD02,MAMS3ANM2C,200609,7118375.0
M2CD_OLD,MD02,MAMS3ANM2C,200610,7098702.0
M2CD_OLD,MD02,MAMS3ANM2C,200611,7118683.0
M2CD_OLD,MD02,MAMS3ANM2C,200612,7177771.0
M2CD_OLD,MD02,MAMS3ANM2C,200701,7190874.0
M2CD_OLD,MD02,MAMS3ANM2C,200702,7149406.0
M2CD_OLD,MD02,MAMS3ANM2C,200703,7178824.0
M2CD_OLD,MD02,MAMS3ANM2C,200704,7250297.0
M2CD_OLD,MD02,MAMS3ANM2C,200705,7233933.0
M2CD_OLD,MD02,MAMS3ANM2C,200706,7255130.0
M2CD_OLD,MD02,MAMS3ANM2C,200707,7268632.0
M2CD_OLD,MD02,MAMS3ANM2C,200708,7237192.0
M2CD_OLD,MD02,MAMS3ANM2C,200709,7241613.0
M2CD_OLD,MD02,MAMS3ANM2C,200710,7235210.0
M2CD_OLD,MD02,MAMS3ANM2C,200711,7260911.0
M2CD_OLD,MD02,MAMS3ANM2C,200712,7326547.0
M2CD_OLD,MD02,MAMS3ANM2C,200801,7345348.0
M2CD_OLD,MD02,MAMS3ANM2C,200802,7316715.0
M2CD_OLD,MD02,MAMS3ANM2C,200803,7340702.0
M2CD_OLD,MD02,MAMS3ANM2C,200804,7385144.0
M2_NEW,MD02,MAM1NAM2M2MO,200304,6767067.0
M2_NEW,MD02,MAM1NAM2M2MO,200305,6770869.0
M2_NEW,MD02,MAM1NAM2M2MO,200306,6777550.0
M2_NEW,MD02,MAM1NAM2M2MO,200307,6813055.0
M2_NEW,MD02,MAM1NAM2M2MO,200308,6807344.0
M2_NEW,MD02,MAM1NAM2M2MO,200309,6768459.0
M2_NEW,MD02,MAM1NAM2M2MO,200310,6755731.0
M2_NEW,MD02,MAM1NAM2M2MO,200311,6757284.0
M2_NEW,MD02,MAM1NAM2M2MO,200312,6825840.0
M2_NEW,MD02,MAM1NAM2M2MO,200401,6833119.0
M2_NEW,MD02,MAM1NAM2M2MO,200402,6797767.0
M2_NEW,MD02,MAM1NAM2M2MO,200403,6825916.0
M2_NEW,MD02,MAM1NAM2M2MO,200404,6891883.0
M2_NEW,MD02,MAM1NAM2M2MO,200405,6903843.0
M2_NEW,MD02,MAM1NAM2M2MO,200406,6894824.0
M2_NEW,MD02,MAM1NAM2M2MO,200407,6937875.0
M2_NEW,MD02,MAM1NAM2M2MO,200408,6933689.0
M2_NEW,MD02,MAM1NAM2M2MO,200409,6907282.0
M2_NEW,MD02,MAM1NAM2M2MO,200410,6890506.0
M2_NEW,MD02,MAM1NAM2M2MO,200411,6894786.0
M2_NEW,MD02,MAM1NAM2M2MO,200412,6960622.0
M2_NEW,MD02,MAM1NAM2M2MO,200501,6965712.0
M2_NEW,MD02,MAM1NAM2M2MO,200502,6920502.0
M2_NEW,MD02,MAM1NAM2M2MO,200503,6965119.0
M2_NEW,MD02,MAM1NAM2M2MO,200504,7015356.0
M2_NEW,MD02,MAM1NAM2M2MO,200505,7003169.0
M2_NEW,MD02,MAM1NAM2M2MO,200506,7006819.0
M2_NEW,MD02,MAM1NAM2M2MO,200507,7050604.0
M2_NEW,MD02,MAM1NAM2M2MO,200508,7043747.0
M2_NEW,MD02,MAM1NAM2M2MO,200509,7046184.0
M2_NEW,MD02,MAM1NAM2M2MO,200510,7021746.0
M2_NEW,MD02,MAM1NAM2M2MO,200511,7036014.0
M2_NEW,MD02,MAM1NAM2M2MO,200512,7089899.0
M2_NEW,MD02,MAM1NAM2M2MO,200601,7087795.0
M2_NEW,MD02,MAM1NAM2M2MO,200602,7037961.0
M2_NEW,MD02,MAM1NAM2M2MO,200603,7061195.0
M2_NEW,MD02,MAM1NAM2M2MO,200604,7129110.0
M2_NEW,MD02,MAM1NAM2M2MO,200605,7093181.0
M2_NEW,MD02,MAM1NAM2M2MO,200606,7085888.0
M2_NEW,MD02,MAM1NAM2M2MO,200607,7085186.0
M2_NEW,MD02,MAM1NAM2M2MO,200608,7073070.0
M2_NEW,MD02,MAM1NAM2M2MO,200609,7081933.0
M2_NEW,MD02,MAM1NAM2M2MO,200610,7059775.0
M2_NEW,MD02,MAM1NAM2M2MO,200611,7078251.0
M2_NEW,MD02,MAM1NAM2M2MO,200612,7137934.0
M2_NEW,MD02,MAM1NAM2M2MO,200701,7151423.0
M2_NEW,MD02,MAM1NAM2M2MO,200702,7108923.0
M2_NEW,MD02,MAM1NAM2M2MO,200703,7138415.0
M2_NEW,MD02,MAM1NAM2M2MO,200704,7210967.0
M2_NEW,MD02,MAM1NAM2M2MO,200705,7195192.0
M2_NEW,MD02,MAM1NAM2M2MO,200706,7216367.0
M2_NEW,MD02,MAM1NAM2M2MO,200707,7228811.0
M2_NEW,MD02,MAM1NAM2M2MO,200708,7198156.0
M2_NEW,MD02,MAM1NAM2M2MO,200709,7201921.0
M2_NEW,MD02,MAM1NAM2M2MO,200710,7193436.0
M2_NEW,MD02,MAM1NAM2M2MO,200711,7220662.0
M2_NEW,MD02,MAM1NAM2M2MO,200712,7285588.0
M2_NEW,MD02,MAM1NAM2M2MO,200801,7304457.0
M2_NEW,MD02,MAM1NAM2M2MO,200802,7276617.0
M2_NEW,MD02,MAM1NAM2M2MO,200803,7299474.0
M2_NEW,MD02,MAM1NAM2M2MO,200804,7345919.0
M2_NEW,MD02,MAM1NAM2M2MO,200805,7342982.0
M2_NEW,MD02,MAM1NAM2M2MO,200806,7378298.0
M2_NEW,MD02,MAM1NAM2M2MO,200807,7381435.0
M2_NEW,MD02,MAM1NAM2M2MO,200808,7371732.0
M2_NEW,MD02,MAM1NAM2M2MO,200809,7358569.0
M2_NEW,MD02,MAM1NAM2M2MO,200810,7325322.0
M2_NEW,MD02,MAM1NAM2M2MO,200811,7349960.0
M2_NEW,MD02,MAM1NAM2M2MO,200812,7417325.0
M2_NEW,MD02,MAM1NAM2M2MO,200901,7447359.0
M2_NEW,MD02,MAM1NAM2M2MO,200902,7432345.0
M2_NEW,MD02,MAM1NAM2M2MO,200903,7462845.0
M2_NEW,MD02,MAM1NAM2M2MO,200904,7542195.0
M2_NEW,MD02,MAM1NAM2M2MO,200905,7539544.0
M2_NEW,MD02,MAM1NAM2M2MO,200906,7564651.0
M2_NEW,MD02,MAM1NAM2M2MO,200907,7581721.0
M2_NEW,MD02,MAM1NAM2M2MO,200908,7579114.0
M2_NEW,MD02,MAM1NAM2M2MO,200909,7577582.0
M2_NEW,MD02,MAM1NAM2M2MO,200910,7574488.0
M2_NEW,MD02,MAM1NAM2M2MO,200911,7592868.0
M2_NEW,MD02,MAM1NAM2M2MO,200912,7644352.0
M2_NEW,MD02,MAM1NAM2M2MO,201001,7668556.0
M2_NEW,MD02,MAM1NAM2M2MO,201002,7635656.0
M2_NEW,MD02,MAM1NAM2M2MO,201003,7662193.0
M2_NEW,MD02,MAM1NAM2M2MO,201004,7759675.0
M2_NEW,MD02,MAM1NAM2M2MO,201005,7773641.0
M2_NEW,MD02,MAM1NAM2M2MO,201006,7784280.0
M2_NEW,MD02,MAM1NAM2M2MO,201007,7788079.0
M2_NEW,MD02,MAM1NAM2M2MO,201008,7789657.0
M2_NEW,MD02,MAM1NAM2M2MO,201009,7788638.0
M2_NEW,MD02,MAM1NAM2M2MO,201010,7784699.0
M2_NEW,MD02,MAM1NAM2M2MO,201011,7788978.0
M2_NEW,MD02,MAM1NAM2M2MO,201012,7822875.0
M2_NEW,MD02,MAM1NAM2M2MO,201101,7843991.0
M2_NEW,MD02,MAM1NAM2M2MO,201102,7818290.0
M2_NEW,MD02,MAM1NAM2M2MO,201103,7860811.0
M2_NEW,MD02,MAM1NAM2M2MO,201104,7970763.0
M2_NEW,MD02,MAM1NAM2M2MO,201105,7983201.0
M2_NEW,MD02,MAM1NAM2M2MO,201106,8005162.0
M2_NEW,MD02,MAM1NAM2M2MO,201107,8017214.0
M2_NEW,MD02,MAM1NAM2M2MO,201108,7997234.0
M2_NEW,MD02,MAM1NAM2M2MO,201109,8000077.0
M2_NEW,MD02,MAM1NAM2M2MO,201110,8002828.0
M2_NEW,MD02,MAM1NAM2M2MO,201111,8024423.0
M2_NEW,MD02,MAM1NAM2M2MO,201112,8069214.0
M2_NEW,MD02,MAM1NAM2M2MO,201201,8082743.0
M2_NEW,MD02,MAM1NAM2M2MO,201202,8047690.0
M2_NEW,MD02,MAM1NAM2M2MO,201203,8092707.0
M2_NEW,MD02,MAM1NAM2M2MO,201204,8178578.0
M2_NEW,MD02,MAM1NAM2M2MO,201205,8157056.0
M2_NEW,MD02,MAM1NAM2M2MO,201206,8185426.0
M2_NEW,MD02,MAM1NAM2M2MO,201207,8199760.0
M2_NEW,MD02,MAM1NAM2M2MO,201208,8191274.0
M2_NEW,MD02,MAM1NAM2M2MO,201209,8192726.0
M2_NEW,MD02,MAM1NAM2M2MO,201210,8183764.0
M2_NEW,MD02,MAM1NAM2M2MO,201211,8193913.0
M2_NEW,MD02,MAM1NAM2M2MO,201212,8276923.0
M2_NEW,MD02,MAM1NAM2M2MO,201301,8299554.0
M2_NEW,MD02,MAM1NAM2M2MO,201302,8282805.0
M2_NEW,MD02,MAM1NAM2M2MO,201303,8338735.0
M2_NEW,MD02,MAM1NAM2M2MO,201304,8437335.0
M2_NEW,MD02,MAM1NAM2M2MO,201305,8440305.0
M2_NEW,MD02,MAM1NAM2M2MO,201306,8496379.0
M2_NEW,MD02,MAM1NAM2M2MO,201307,8505401.0
M2_NEW,MD02,MAM1NAM2M2MO,201308,8498909.0
M2_NEW,MD02,MAM1NAM2M2MO,201309,8507913.0
M2_NEW,MD02,MAM1NAM2M2MO,201310,8520882.0
M2_NEW,MD02,MAM1NAM2M2MO,201311,8550157.0
M2_NEW,MD02,MAM1NAM2M2MO,201312,8627674.0
M2_NEW,MD02,MAM1NAM2M2MO,201401,8658882.0
M2_NEW,MD02,MAM1NAM2M2MO,201402,8611077.0
M2_NEW,MD02,MAM1NAM2M2MO,201403,8634439.0
M2_NEW,MD02,MAM1NAM2M2MO,201404,8728308.0
M2_NEW,MD02,MAM1NAM2M2MO,201405,8716091.0
M2_NEW,MD02,MAM1NAM2M2MO,201406,8753539.0
M2_NEW,MD02,MAM1NAM2M2MO,201407,8757077.0
M2_NEW,MD02,MAM1NAM2M2MO,201408,8751629.0
M2_NEW,MD02,MAM1NAM2M2MO,201409,8767152.0
M2_NEW,MD02,MAM1NAM2M2MO,201410,8788034.0
M2_NEW,MD02,MAM1NAM2M2MO,201411,8854000.0
M2_NEW,MD02,MAM1NAM2M2MO,201412,8931353.0
M2_NEW,MD02,MAM1NAM2M2MO,201501,8946578.0
M2_NEW,MD02,MAM1NAM2M2MO,201502,8908583.0
M2_NEW,MD02,MAM1NAM2M2MO,201503,8943131.0
M2_NEW,MD02,MAM1NAM2M2MO,201504,9040704.0
M2_NEW,MD02,MAM1NAM2M2MO,201505,9070027.0
M2_NEW,MD02,MAM1NAM2M2MO,201506,9090087.0
M2_NEW,MD02,MAM1NAM2M2MO,201507,9102447.0
M2_NEW,MD02,MAM1NAM2M2MO,201508,9112081.0
M2_NEW,MD02,MAM1NAM2M2MO,201509,9096904.0
M2_NEW,MD02,MAM1NAM2M2MO,201510,9105777.0
M2_NEW,MD02,MAM1NAM2M2MO,201511,9145928.0
M2_NEW,MD02,MAM1NAM2M2MO,201512,9206476.0
M2_NEW,MD02,MAM1NAM2M2MO,201601,9226554.0
M2_NEW,MD02,MAM1NAM2M2MO,201602,9183408.0
M2_NEW,MD02,MAM1NAM2M2MO,201603,9214352.0
M2_NEW,MD02,MAM1NAM2M2MO,201604,9337483.0
M2_NEW,MD02,MAM1NAM2M2MO,201605,9368340.0
M2_NEW,MD02,MAM1NAM2M2MO,201606,9394599.0
M2_NEW,MD02,MAM1NAM2M2MO,201607,9404959.0
M2_NEW,MD02,MAM1NAM2M2MO,201608,9399942.0
M2_NEW,MD02,MAM1NAM2M2MO,201609,9407430.0
M2_NEW,MD02,MAM1NAM2M2MO,201610,9429381.0
M2_NEW,MD02,MAM1NAM2M2MO,201611,9494509.0
M2_NEW,MD02,MAM1NAM2M2MO,201612,9563427.0
M2_NEW,MD02,MAM1NAM2M2MO,201701,9590487.0
M2_NEW,MD02,MAM1NAM2M2MO,201702,9561292.0
M2_NEW,MD02,MAM1NAM2M2MO,201703,9597629.0
M2_NEW,MD02,MAM1NAM2M2MO,201704,9702896.0
M2_NEW,MD02,MAM1NAM2M2MO,201705,9723663.0
M2_NEW,MD02,MAM1NAM2M2MO,201706,9763583.0
M2_NEW,MD02,MAM1NAM2M2MO,201707,9781486.0
M2_NEW,MD02,MAM1NAM2M2MO,201708,9776216.0
M2_NEW,MD02,MAM1NAM2M2MO,201709,9788225.0
M2_NEW,MD02,MAM1NAM2M2MO,201710,9813059.0
M2_NEW,MD02,MAM1NAM2M2MO,201711,9874847.0
M2_NEW,MD02,MAM1NAM2M2MO,201712,9905721.0
M2_NEW,MD02,MAM1NAM2M2MO,201801,9917009.0
M2_NEW,MD02,MAM1NAM2M2MO,201802,9865773.0
M2_NEW,MD02,MAM1NAM2M2MO,201803,9890903.0
M2_NEW,MD02,MAM1NAM2M2MO,201804,10010867.0
M2_NEW,MD02,MAM1NAM2M2MO,201805,10031511.0
M2_NEW,MD02,MAM1NAM2M2MO,201806,10066296.0
M2_NEW,MD02,MAM1NAM2M2MO,201807,10068028.0
M2_NEW,MD02,MAM1NAM2M2MO,201808,10056582.0
M2_NEW,MD02,MAM1NAM2M2MO,201809,10065900.0
M2_NEW,MD02,MAM1NAM2M2MO,201810,10074396.0
M2_NEW,MD02,MAM1NAM2M2MO,201811,10105049.0
M2_NEW,MD02,MAM1NAM2M2MO,201812,10142429.0
M2_NEW,MD02,MAM1NAM2M2MO,201901,10147973.0
M2_NEW,MD02,MAM1NAM2M2MO,201902,10097697.0
M2_NEW,MD02,MAM1NAM2M2MO,201903,10125050.0
M2_NEW,MD02,MAM1NAM2M2MO,201904,10252191.0
M2_NEW,MD02,MAM1NAM2M2MO,201905,10286310.0
M2_NEW,MD02,MAM1NAM2M2MO,201906,10289611.0
M2_NEW,MD02,MAM1NAM2M2MO,201907,10290435.0
M2_NEW,MD02,MAM1NAM2M2MO,201908,10284205.0
M2_NEW,MD02,MAM1NAM2M2MO,201909,10295668.0
M2_NEW,MD02,MAM1NAM2M2MO,201910,10304091.0
M2_NEW,MD02,MAM1NAM2M2MO,201911,10365381.0
M2_NEW,MD02,MAM1NAM2M2MO,201912,10404214.0
M2_NEW,MD02,MAM1NAM2M2MO,202001,10416148.0
M2_NEW,MD02,MAM1NAM2M2MO,202002,10384810.0
M2_NEW,MD02,MAM1NAM2M2MO,202003,10442899.0
M2_NEW,MD02,MAM1NAM2M2MO,202004,10630037.0
M2_NEW,MD02,MAM1NAM2M2MO,202005,10812699.0
M2_NEW,MD02,MAM1NAM2M2MO,202006,11036494.0
M2_NEW,MD02,MAM1NAM2M2MO,202007,11102775.0
M2_NEW,MD02,MAM1NAM2M2MO,202008,11168053.0
M2_NEW,MD02,MAM1NAM2M2MO,202009,11219593.0
M2_NEW,MD02,MAM1NAM2M2MO,202010,11232567.0
M2_NEW,MD02,MAM1NAM2M2MO,202011,11306001.0
M2_NEW,MD02,MAM1NAM2M2MO,202012,11359680.0
M2_NEW,MD02,MAM1NAM2M2MO,202101,11400194.0
M2_NEW,MD02,MAM1NAM2M2MO,202102,11384748.0
M2_NEW,MD02,MAM1NAM2M2MO,202103,11436375.0
M2_NEW,MD02,MAM1NAM2M2MO,202104,11617797.0
M2_NEW,MD02,MAM1NAM2M2MO,202105,11675413.0
M2_NEW,MD02,MAM1NAM2M2MO,202106,11690901.0
M2_NEW,MD02,MAM1NAM2M2MO,202107,11690056.0
M2_NEW,MD02,MAM1NAM2M2MO,202108,11688405.0
M2_NEW,MD02,MAM1NAM2M2MO,202109,11691501.0
M2_NEW,MD02,MAM1NAM2M2MO,202110,11705647.0
M2_NEW,MD02,MAM1NAM2M2MO,202111,11756672.0
M2_NEW,MD02,MAM1NAM2M2MO,202112,11782086.0
M2_NEW,MD02,MAM1NAM2M2MO,202201,11813179.0
M2_NEW,MD02,MAM1NAM2M2MO,202202,11789009.0
M2_NEW,MD02,MAM1NAM2M2MO,202203,11833171.0
M2_NEW,MD02,MAM1NAM2M2MO,202204,12018499.0
M2_NEW,MD02,MAM1NAM2M2MO,202205,12042833.0
M2_NEW,MD02,MAM1NAM2M2MO,202206,12078178.0
M2_NEW,MD02,MAM1NAM2M2MO,202207,12088016.0
M2_NEW,MD02,MAM1NAM2M2MO,202208,12088202.0
M2_NEW,MD02,MAM1NAM2M2MO,202209,12075500.0
M2_NEW,MD02,MAM1NAM2M2MO,202210,12064408.0
M2_NEW,MD02,MAM1NAM2M2MO,202211,12124935.0
M2_NEW,MD02,MAM1NAM2M2MO,202212,12128301.0
M2_NEW,MD02,MAM1NAM2M2MO,202301,12132455.0
M2_NEW,MD02,MAM1NAM2M2MO,202302,12091386.0
M2_NEW,MD02,MAM1NAM2M2MO,202303,12134406.0
M2_NEW,MD02,MAM1NAM2M2MO,202304,12326939.0
M2_NEW,MD02,MAM1NAM2M2MO,202305,12360428.0
M2_NEW,MD02,MAM1NAM2M2MO,202306,12392324.0
M2_NEW,MD02,MAM1NAM2M2MO,202307,12388936.0
M2_NEW,MD02,MAM1NAM2M2MO,202308,12385266.0
M2_NEW,MD02,MAM1NAM2M2MO,202309,12363619.0
M2_NEW,MD02,MAM1NAM2M2MO,202310,12353137.0
M2_NEW,MD02,MAM1NAM2M2MO,202311,12399055.0
M2_NEW,MD02,MAM1NAM2M2MO,202312,12409742.0
M2_NEW,MD02,MAM1NAM2M2MO,202401,12430886.0
M2_NEW,MD02,MAM1NAM2M2MO,202402,12387111.0
M2_NEW,MD02,MAM1NAM2M2MO,202403,12443081.0
M2_NEW,MD02,MAM1NAM2M2MO,202404,12599890.0
M2_NEW,MD02,MAM1NAM2M2MO,202405,12588866.0
M2_NEW,MD02,MAM1NAM2M2MO,202406,12574420.0
M2_NEW,MD02,MAM1NAM2M2MO,202407,12569139.0
M2_NEW,MD02,MAM1NAM2M2MO,202408,12548351.0
M2_NEW,MD02,MAM1NAM2M2MO,202409,12517047.0
M2_NEW,MD02,MAM1NAM2M2MO,202410,12500641.0
M2_NEW,MD02,MAM1NAM2M2MO,202411,12549271.0
M2_NEW,MD02,MAM1NAM2M2MO,202412,12576036.0
M2_NEW,MD02,MAM1NAM2M2MO,202501,12594544.0
M2_NEW,MD02,MAM1NAM2M2MO,202502,12532272.0
M2_NEW,MD02,MAM1NAM2M2MO,202503,12546086.0
M2_NEW,MD02,MAM1NAM2M2MO,202504,12661743.0
M2_NEW,MD02,MAM1NAM2M2MO,202505,12670390.0
M2_NEW,MD02,MAM1NAM2M2MO,202506,12681235.0
M2_NEW,MD02,MAM1NAM2M2MO,202507,12696074.0
M2_NEW,MD02,MAM1NAM2M2MO,202508,12712263.0
M2_NEW,MD02,MAM1NAM2M2MO,202509,12708414.0
M2_NEW,MD02,MAM1NAM2M2MO,202510,12701907.0
M2_NEW,MD02,MAM1NAM2M2MO,202511,12766606.0
M2_NEW,MD02,MAM1NAM2M2MO,202512,12788812.0
M2_NEW,MD02,MAM1NAM2M2MO,202601,12790600.0
M2_NEW,MD02,MAM1NAM2M2MO,202602,12747324.0
M2_NEW,MD02,MAM1NAM2M2MO,202603,12795037.0
M2_NEW,MD02,MAM1NAM2M2MO,202604,12956204.0
M2_NEW,MD02,MAM1NAM2M2MO,202605,12980903.0
M2_NEW,MD02,MAM1NAM2M2MO,202606,12961165.0
M2_NEW,MD02,MAM1NAM2M2MO,202607,12966394.0
M2_NEW,MD02,MAM1NAM2M2MO,202608,12963895.0
CGPIAT,PR01,PRCG20_1200000000,198501,120.5
CGPIAT,PR01,PRCG20_1200000000,198502,120.5
CGPIAT,PR01,PRCG20_1200000000,198503,120.2
CGPIAT,PR01,PRCG20_1200000000,198504,120.0
CGPIAT,PR01,PRCG20_1200000000,198505,119.3
CGPIAT,PR01,PRCG20_1200000000,198506,119.0
CGPIAT,PR01,PRCG20_1200000000,198507,119.0
CGPIAT,PR01,PRCG20_1200000000,198508,118.8
CGPIAT,PR01,PRCG20_1200000000,198509,118.6
CGPIAT,PR01,PRCG20_1200000000,198510,117.7
CGPIAT,PR01,PRCG20_1200000000,198511,117.3
CGPIAT,PR01,PRCG20_1200000000,198512,117.0
CGPIAT,PR01,PRCG20_1200000000,198601,116.7
CGPIAT,PR01,PRCG20_1200000000,198602,116.2
CGPIAT,PR01,PRCG20_1200000000,198603,115.8
CGPIAT,PR01,PRCG20_1200000000,198604,114.9
CGPIAT,PR01,PRCG20_1200000000,198605,114.6
CGPIAT,PR01,PRCG20_1200000000,198606,113.5
CGPIAT,PR01,PRCG20_1200000000,198607,113.1
CGPIAT,PR01,PRCG20_1200000000,198608,112.7
CGPIAT,PR01,PRCG20_1200000000,198609,111.8
CGPIAT,PR01,PRCG20_1200000000,198610,110.8
CGPIAT,PR01,PRCG20_1200000000,198611,110.5
CGPIAT,PR01,PRCG20_1200000000,198612,110.3
CGPIAT,PR01,PRCG20_1200000000,198701,109.8
CGPIAT,PR01,PRCG20_1200000000,198702,109.6
CGPIAT,PR01,PRCG20_1200000000,198703,109.7
CGPIAT,PR01,PRCG20_1200000000,198704,109.4
CGPIAT,PR01,PRCG20_1200000000,198705,109.2
CGPIAT,PR01,PRCG20_1200000000,198706,109.4
CGPIAT,PR01,PRCG20_1200000000,198707,109.9
CGPIAT,PR01,PRCG20_1200000000,198708,110.2
CGPIAT,PR01,PRCG20_1200000000,198709,110.6
CGPIAT,PR01,PRCG20_1200000000,198710,110.3
CGPIAT,PR01,PRCG20_1200000000,198711,110.5
CGPIAT,PR01,PRCG20_1200000000,198712,110.3
CGPIAT,PR01,PRCG20_1200000000,198801,109.7
CGPIAT,PR01,PRCG20_1200000000,198802,109.4
CGPIAT,PR01,PRCG20_1200000000,198803,109.4
CGPIAT,PR01,PRCG20_1200000000,198804,109.1
CGPIAT,PR01,PRCG20_1200000000,198805,109.0
CGPIAT,PR01,PRCG20_1200000000,198806,109.1
CGPIAT,PR01,PRCG20_1200000000,198807,109.4
CGPIAT,PR01,PRCG20_1200000000,198808,109.4
CGPIAT,PR01,PRCG20_1200000000,198809,109.7
CGPIAT,PR01,PRCG20_1200000000,198810,109.2
CGPIAT,PR01,PRCG20_1200000000,198811,109.1
CGPIAT,PR01,PRCG20_1200000000,198812,109.2
CGPIAT,PR01,PRCG20_1200000000,198901,109.1
CGPIAT,PR01,PRCG20_1200000000,198902,109.4
CGPIAT,PR01,PRCG20_1200000000,198903,109.6
CGPIAT,PR01,PRCG20_1200000000,198904,109.9
CGPIAT,PR01,PRCG20_1200000000,198905,110.1
CGPIAT,PR01,PRCG20_1200000000,198906,110.2
CGPIAT,PR01,PRCG20_1200000000,198907,110.6
CGPIAT,PR01,PRCG20_1200000000,198908,110.8
CGPIAT,PR01,PRCG20_1200000000,198909,111.0
CGPIAT,PR01,PRCG20_1200000000,198910,110.5
CGPIAT,PR01,PRCG20_1200000000,198911,110.3
CGPIAT,PR01,PRCG20_1200000000,198912,110.3
CGPIAT,PR01,PRCG20_1200000000,199001,110.8
CGPIAT,PR01,PRCG20_1200000000,199002,110.8
CGPIAT,PR01,PRCG20_1200000000,199003,110.9
CGPIAT,PR01,PRCG20_1200000000,199004,110.9
CGPIAT,PR01,PRCG20_1200000000,199005,110.8
CGPIAT,PR01,PRCG20_1200000000,199006,110.9
CGPIAT,PR01,PRCG20_1200000000,199007,111.1
CGPIAT,PR01,PRCG20_1200000000,199008,111.4
CGPIAT,PR01,PRCG20_1200000000,199009,111.8
CGPIAT,PR01,PRCG20_1200000000,199010,111.9
CGPIAT,PR01,PRCG20_1200000000,199011,112.2
CGPIAT,PR01,PRCG20_1200000000,199012,112.3
CGPIAT,PR01,PRCG20_1200000000,199101,112.5
CGPIAT,PR01,PRCG20_1200000000,199102,112.6
CGPIAT,PR01,PRCG20_1200000000,199103,112.6
CGPIAT,PR01,PRCG20_1200000000,199104,112.5
CGPIAT,PR01,PRCG20_1200000000,199105,112.5
CGPIAT,PR01,PRCG20_1200000000,199106,112.3
CGPIAT,PR01,PRCG20_1200000000,199107,112.3
CGPIAT,PR01,PRCG20_1200000000,199108,112.3
CGPIAT,PR01,PRCG20_1200000000,199109,112.2
CGPIAT,PR01,PRCG20_1200000000,199110,112.0
CGPIAT,PR01,PRCG20_1200000000,199111,112.0
CGPIAT,PR01,PRCG20_1200000000,199112,111.9
CGPIAT,PR01,PRCG20_1200000000,199201,111.8
CGPIAT,PR01,PRCG20_1200000000,199202,111.8
CGPIAT,PR01,PRCG20_1200000000,199203,111.8
CGPIAT,PR01,PRCG20_1200000000,199204,111.6
CGPIAT,PR01,PRCG20_1200000000,199205,111.6
CGPIAT,PR01,PRCG20_1200000000,199206,111.5
CGPIAT,PR01,PRCG20_1200000000,199207,111.6
CGPIAT,PR01,PRCG20_1200000000,199208,111.5
CGPIAT,PR01,PRCG20_1200000000,199209,111.5
CGPIAT,PR01,PRCG20_1200000000,199210,111.0
CGPIAT,PR01,PRCG20_1200000000,199211,110.9
CGPIAT,PR01,PRCG20_1200000000,199212,110.9
CGPIAT,PR01,PRCG20_1200000000,199301,110.8
CGPIAT,PR01,PRCG20_1200000000,199302,110.8
CGPIAT,PR01,PRCG20_1200000000,199303,110.4
CGPIAT,PR01,PRCG20_1200000000,199304,110.2
CGPIAT,PR01,PRCG20_1200000000,199305,110.0
CGPIAT,PR01,PRCG20_1200000000,199306,109.9
CGPIAT,PR01,PRCG20_1200000000,199307,109.8
CGPIAT,PR01,PRCG20_1200000000,199308,109.6
CGPIAT,PR01,PRCG20_1200000000,199309,109.2
CGPIAT,PR01,PRCG20_1200000000,199310,108.7
CGPIAT,PR01,PRCG20_1200000000,199311,108.5
CGPIAT,PR01,PRCG20_1200000000,199312,108.5
CGPIAT,PR01,PRCG20_1200000000,199401,108.4
CGPIAT,PR01,PRCG20_1200000000,199402,108.2
CGPIAT,PR01,PRCG20_1200000000,199403,108.1
CGPIAT,PR01,PRCG20_1200000000,199404,107.9
CGPIAT,PR01,PRCG20_1200000000,199405,107.9
CGPIAT,PR01,PRCG20_1200000000,199406,107.9
CGPIAT,PR01,PRCG20_1200000000,199407,107.9
CGPIAT,PR01,PRCG20_1200000000,199408,107.9
CGPIAT,PR01,PRCG20_1200000000,199409,107.9
CGPIAT,PR01,PRCG20_1200000000,199410,107.5
CGPIAT,PR01,PRCG20_1200000000,199411,107.4
CGPIAT,PR01,PRCG20_1200000000,199412,107.5
CGPIAT,PR01,PRCG20_1200000000,199501,107.7
CGPIAT,PR01,PRCG20_1200000000,199502,107.7
CGPIAT,PR01,PRCG20_1200000000,199503,107.5
CGPIAT,PR01,PRCG20_1200000000,199504,107.4
CGPIAT,PR01,PRCG20_1200000000,199505,107.2
CGPIAT,PR01,PRCG20_1200000000,199506,107.0
CGPIAT,PR01,PRCG20_1200000000,199507,107.0
CGPIAT,PR01,PRCG20_1200000000,199508,106.8
CGPIAT,PR01,PRCG20_1200000000,199509,106.8
CGPIAT,PR01,PRCG20_1200000000,199510,106.4
CGPIAT,PR01,PRCG20_1200000000,199511,106.4
CGPIAT,PR01,PRCG20_1200000000,199512,106.4
CGPIAT,PR01,PRCG20_1200000000,199601,106.1
CGPIAT,PR01,PRCG20_1200000000,199602,106.0
CGPIAT,PR01,PRCG20_1200000000,199603,105.8
CGPIAT,PR01,PRCG20_1200000000,199604,105.6
CGPIAT,PR01,PRCG20_1200000000,199605,105.3
CGPIAT,PR01,PRCG20_1200000000,199606,104.9
CGPIAT,PR01,PRCG20_1200000000,199607,105.1
CGPIAT,PR01,PRCG20_1200000000,199608,104.9
CGPIAT,PR01,PRCG20_1200000000,199609,104.8
CGPIAT,PR01,PRCG20_1200000000,199610,104.7
CGPIAT,PR01,PRCG20_1200000000,199611,104.7
CGPIAT,PR01,PRCG20_1200000000,199612,104.9
CGPIAT,PR01,PRCG20_1200000000,199701,104.7
CGPIAT,PR01,PRCG20_1200000000,199702,104.8
CGPIAT,PR01,PRCG20_1200000000,199703,104.8
CGPIAT,PR01,PRCG20_1200000000,199704,104.8
CGPIAT,PR01,PRCG20_1200000000,199705,104.7
CGPIAT,PR01,PRCG20_1200000000,199706,104.6
CGPIAT,PR01,PRCG20_1200000000,199707,104.7
CGPIAT,PR01,PRCG20_1200000000,199708,104.5
CGPIAT,PR01,PRCG20_1200000000,199709,104.5
CGPIAT,PR01,PRCG20_1200000000,199710,103.9
CGPIAT,PR01,PRCG20_1200000000,199711,103.8
CGPIAT,PR01,PRCG20_1200000000,199712,103.9
CGPIAT,PR01,PRCG20_1200000000,199801,103.5
CGPIAT,PR01,PRCG20_1200000000,199802,103.2
CGPIAT,PR01,PRCG20_1200000000,199803,102.8
CGPIAT,PR01,PRCG20_1200000000,199804,102.6
CGPIAT,PR01,PRCG20_1200000000,199805,102.4
CGPIAT,PR01,PRCG20_1200000000,199806,102.4
CGPIAT,PR01,PRCG20_1200000000,199807,102.5
CGPIAT,PR01,PRCG20_1200000000,199808,102.4
CGPIAT,PR01,PRCG20_1200000000,199809,102.3
CGPIAT,PR01,PRCG20_1200000000,199810,101.7
CGPIAT,PR01,PRCG20_1200000000,199811,101.5
CGPIAT,PR01,PRCG20_1200000000,199812,101.5
CGPIAT,PR01,PRCG20_1200000000,199901,101.1
CGPIAT,PR01,PRCG20_1200000000,199902,101.0
CGPIAT,PR01,PRCG20_1200000000,199903,100.9
CGPIAT,PR01,PRCG20_1200000000,199904,100.6
CGPIAT,PR01,PRCG20_1200000000,199905,100.6
CGPIAT,PR01,PRCG20_1200000000,199906,100.6
CGPIAT,PR01,PRCG20_1200000000,199907,101.0
CGPIAT,PR01,PRCG20_1200000000,199908,101.1
CGPIAT,PR01,PRCG20_1200000000,199909,101.1
CGPIAT,PR01,PRCG20_1200000000,199910,101.0
CGPIAT,PR01,PRCG20_1200000000,199911,101.0
CGPIAT,PR01,PRCG20_1200000000,199912,101.0
CGPIAT,PR01,PRCG20_1200000000,200001,101.6
CGPIAT,PR01,PRCG20_1200000000,200002,101.6
CGPIAT,PR01,PRCG20_1200000000,200003,101.5
CGPIAT,PR01,PRCG20_1200000000,200004,101.2
CGPIAT,PR01,PRCG20_1200000000,200005,101.0
CGPIAT,PR01,PRCG20_1200000000,200006,101.0
CGPIAT,PR01,PRCG20_1200000000,200007,101.1
CGPIAT,PR01,PRCG20_1200000000,200008,101.1
CGPIAT,PR01,PRCG20_1200000000,200009,100.9
CGPIAT,PR01,PRCG20_1200000000,200010,100.3
CGPIAT,PR01,PRCG20_1200000000,200011,100.1
CGPIAT,PR01,PRCG20_1200000000,200012,100.1
CGPIAT,PR01,PRCG20_1200000000,200101,99.7
CGPIAT,PR01,PRCG20_1200000000,200102,99.7
CGPIAT,PR01,PRCG20_1200000000,200103,99.5
CGPIAT,PR01,PRCG20_1200000000,200104,99.2
CGPIAT,PR01,PRCG20_1200000000,200105,99.0
CGPIAT,PR01,PRCG20_1200000000,200106,98.8
CGPIAT,PR01,PRCG20_1200000000,200107,98.7
CGPIAT,PR01,PRCG20_1200000000,200108,98.5
CGPIAT,PR01,PRCG20_1200000000,200109,98.3
CGPIAT,PR01,PRCG20_1200000000,200110,97.6
CGPIAT,PR01,PRCG20_1200000000,200111,97.5
CGPIAT,PR01,PRCG20_1200000000,200112,97.4
CGPIAT,PR01,PRCG20_1200000000,200201,97.1
CGPIAT,PR01,PRCG20_1200000000,200202,97.1
CGPIAT,PR01,PRCG20_1200000000,200203,97.1
CGPIAT,PR01,PRCG20_1200000000,200204,96.9
CGPIAT,PR01,PRCG20_1200000000,200205,96.9
CGPIAT,PR01,PRCG20_1200000000,200206,96.8
CGPIAT,PR01,PRCG20_1200000000,200207,96.7
CGPIAT,PR01,PRCG20_1200000000,200208,96.6
CGPIAT,PR01,PRCG20_1200000000,200209,96.4
CGPIAT,PR01,PRCG20_1200000000,200210,96.1
CGPIAT,PR01,PRCG20_1200000000,200211,96.2
CGPIAT,PR01,PRCG20_1200000000,200212,96.0
CGPIAT,PR01,PRCG20_1200000000,200301,96.0
CGPIAT,PR01,PRCG20_1200000000,200302,96.2
CGPIAT,PR01,PRCG20_1200000000,200303,96.2
CGPIAT,PR01,PRCG20_1200000000,200304,96.0
CGPIAT,PR01,PRCG20_1200000000,200305,95.7
CGPIAT,PR01,PRCG20_1200000000,200306,95.5
CGPIAT,PR01,PRCG20_1200000000,200307,95.8
CGPIAT,PR01,PRCG20_1200000000,200308,95.8
CGPIAT,PR01,PRCG20_1200000000,200309,95.8
CGPIAT,PR01,PRCG20_1200000000,200310,95.6
CGPIAT,PR01,PRCG20_1200000000,200311,95.7
CGPIAT,PR01,PRCG20_1200000000,200312,95.8
CGPIAT,PR01,PRCG20_1200000000,200401,96.0
CGPIAT,PR01,PRCG20_1200000000,200402,96.2
CGPIAT,PR01,PRCG20_1200000000,200403,96.4
CGPIAT,PR01,PRCG20_1200000000,200404,96.7
CGPIAT,PR01,PRCG20_1200000000,200405,96.7
CGPIAT,PR01,PRCG20_1200000000,200406,97.0
CGPIAT,PR01,PRCG20_1200000000,200407,97.5
CGPIAT,PR01,PRCG20_1200000000,200408,97.5
CGPIAT,PR01,PRCG20_1200000000,200409,97.6
CGPIAT,PR01,PRCG20_1200000000,200410,97.6
CGPIAT,PR01,PRCG20_1200000000,200411,97.7
CGPIAT,PR01,PRCG20_1200000000,200412,97.6
CGPIAT,PR01,PRCG20_1200000000,200501,97.6
CGPIAT,PR01,PRCG20_1200000000,200502,97.7
CGPIAT,PR01,PRCG20_1200000000,200503,97.9
CGPIAT,PR01,PRCG20_1200000000,200504,98.5
CGPIAT,PR01,PRCG20_1200000000,200505,98.4
CGPIAT,PR01,PRCG20_1200000000,200506,98.2
CGPIAT,PR01,PRCG20_1200000000,200507,98.8
CGPIAT,PR01,PRCG20_1200000000,200508,99.0
CGPIAT,PR01,PRCG20_1200000000,200509,99.1
CGPIAT,PR01,PRCG20_1200000000,200510,99.3
CGPIAT,PR01,PRCG20_1200000000,200511,99.3
CGPIAT,PR01,PRCG20_1200000000,200512,99.5
CGPIAT,PR01,PRCG20_1200000000,200601,99.6
CGPIAT,PR01,PRCG20_1200000000,200602,99.9
CGPIAT,PR01,PRCG20_1200000000,200603,99.9
CGPIAT,PR01,PRCG20_1200000000,200604,100.2
CGPIAT,PR01,PRCG20_1200000000,200605,100.7
CGPIAT,PR01,PRCG20_1200000000,200606,100.7
CGPIAT,PR01,PRCG20_1200000000,200607,101.2
CGPIAT,PR01,PRCG20_1200000000,200608,101.6
CGPIAT,PR01,PRCG20_1200000000,200609,101.8
CGPIAT,PR01,PRCG20_1200000000,200610,101.2
CGPIAT,PR01,PRCG20_1200000000,200611,101.1
CGPIAT,PR01,PRCG20_1200000000,200612,101.1
CGPIAT,PR01,PRCG20_1200000000,200701,101.1
CGPIAT,PR01,PRCG20_1200000000,200702,101.1
CGPIAT,PR01,PRCG20_1200000000,200703,101.1
CGPIAT,PR01,PRCG20_1200000000,200704,102.1
CGPIAT,PR01,PRCG20_1200000000,200705,102.4
CGPIAT,PR01,PRCG20_1200000000,200706,102.5
CGPIAT,PR01,PRCG20_1200000000,200707,103.1
CGPIAT,PR01,PRCG20_1200000000,200708,103.2
CGPIAT,PR01,PRCG20_1200000000,200709,103.1
CGPIAT,PR01,PRCG20_1200000000,200710,103.4
CGPIAT,PR01,PRCG20_1200000000,200711,103.6
CGPIAT,PR01,PRCG20_1200000000,200712,103.9
CGPIAT,PR01,PRCG20_1200000000,200801,104.2
CGPIAT,PR01,PRCG20_1200000000,200802,104.7
CGPIAT,PR01,PRCG20_1200000000,200803,105.2
CGPIAT,PR01,PRCG20_1200000000,200804,106.1
CGPIAT,PR01,PRCG20_1200000000,200805,107.4
CGPIAT,PR01,PRCG20_1200000000,200806,108.3
CGPIAT,PR01,PRCG20_1200000000,200807,110.8
CGPIAT,PR01,PRCG20_1200000000,200808,110.9
CGPIAT,PR01,PRCG20_1200000000,200809,110.2
CGPIAT,PR01,PRCG20_1200000000,200810,108.0
CGPIAT,PR01,PRCG20_1200000000,200811,106.0
CGPIAT,PR01,PRCG20_1200000000,200812,104.7
CGPIAT,PR01,PRCG20_1200000000,200901,103.2
CGPIAT,PR01,PRCG20_1200000000,200902,102.7
CGPIAT,PR01,PRCG20_1200000000,200903,102.5
CGPIAT,PR01,PRCG20_1200000000,200904,101.8
CGPIAT,PR01,PRCG20_1200000000,200905,101.3
CGPIAT,PR01,PRCG20_1200000000,200906,101.0
CGPIAT,PR01,PRCG20_1200000000,200907,101.5
CGPIAT,PR01,PRCG20_1200000000,200908,101.3
CGPIAT,PR01,PRCG20_1200000000,200909,101.5
CGPIAT,PR01,PRCG20_1200000000,200910,100.7
CGPIAT,PR01,PRCG20_1200000000,200911,100.7
CGPIAT,PR01,PRCG20_1200000000,200912,100.8
CGPIAT,PR01,PRCG20_1200000000,201001,101.5
CGPIAT,PR01,PRCG20_1200000000,201002,101.5
CGPIAT,PR01,PRCG20_1200000000,201003,101.5
CGPIAT,PR01,PRCG20_1200000000,201004,101.8
CGPIAT,PR01,PRCG20_1200000000,201005,101.8
CGPIAT,PR01,PRCG20_1200000000,201006,101.5
CGPIAT,PR01,PRCG20_1200000000,201007,101.5
CGPIAT,PR01,PRCG20_1200000000,201008,101.3
CGPIAT,PR01,PRCG20_1200000000,201009,101.3
CGPIAT,PR01,PRCG20_1200000000,201010,101.2
CGPIAT,PR01,PRCG20_1200000000,201011,101.1
CGPIAT,PR01,PRCG20_1200000000,201012,101.7
CGPIAT,PR01,PRCG20_1200000000,201101,102.1
CGPIAT,PR01,PRCG20_1200000000,201102,102.2
CGPIAT,PR01,PRCG20_1200000000,201103,102.8
CGPIAT,PR01,PRCG20_1200000000,201104,103.6
CGPIAT,PR01,PRCG20_1200000000,201105,103.4
CGPIAT,PR01,PRCG20_1200000000,201106,103.4
CGPIAT,PR01,PRCG20_1200000000,201107,103.7
CGPIAT,PR01,PRCG20_1200000000,201108,103.6
CGPIAT,PR01,PRCG20_1200000000,201109,103.4
CGPIAT,PR01,PRCG20_1200000000,201110,102.6
CGPIAT,PR01,PRCG20_1200000000,201111,102.5
CGPIAT,PR01,PRCG20_1200000000,201112,102.5
CGPIAT,PR01,PRCG20_1200000000,201201,102.4
CGPIAT,PR01,PRCG20_1200000000,201202,102.6
CGPIAT,PR01,PRCG20_1200000000,201203,103.1
CGPIAT,PR01,PRCG20_1200000000,201204,102.9
CGPIAT,PR01,PRCG20_1200000000,201205,102.5
CGPIAT,PR01,PRCG20_1200000000,201206,101.9
CGPIAT,PR01,PRCG20_1200000000,201207,101.5
CGPIAT,PR01,PRCG20_1200000000,201208,101.6
CGPIAT,PR01,PRCG20_1200000000,201209,101.9
CGPIAT,PR01,PRCG20_1200000000,201210,101.5
CGPIAT,PR01,PRCG20_1200000000,201211,101.3
CGPIAT,PR01,PRCG20_1200000000,201212,101.8
CGPIAT,PR01,PRCG20_1200000000,201301,102.0
CGPIAT,PR01,PRCG20_1200000000,201302,102.5
CGPIAT,PR01,PRCG20_1200000000,201303,102.6
CGPIAT,PR01,PRCG20_1200000000,201304,103.0
CGPIAT,PR01,PRCG20_1200000000,201305,103.1
CGPIAT,PR01,PRCG20_1200000000,201306,103.1
CGPIAT,PR01,PRCG20_1200000000,201307,103.6
CGPIAT,PR01,PRCG20_1200000000,201308,103.9
CGPIAT,PR01,PRCG20_1200000000,201309,104.2
CGPIAT,PR01,PRCG20_1200000000,201310,104.0
CGPIAT,PR01,PRCG20_1200000000,201311,104.0
CGPIAT,PR01,PRCG20_1200000000,201312,104.3
CGPIAT,PR01,PRCG20_1200000000,201401,104.5
CGPIAT,PR01,PRCG20_1200000000,201402,104.3
CGPIAT,PR01,PRCG20_1200000000,201403,104.3
CGPIAT,PR01,PRCG20_1200000000,201404,104.5
CGPIAT,PR01,PRCG20_1200000000,201405,104.6
CGPIAT,PR01,PRCG20_1200000000,201406,104.8
CGPIAT,PR01,PRCG20_1200000000,201407,105.1
CGPIAT,PR01,PRCG20_1200000000,201408,105.0
CGPIAT,PR01,PRCG20_1200000000,201409,105.0
CGPIAT,PR01,PRCG20_1200000000,201410,104.0
CGPIAT,PR01,PRCG20_1200000000,201411,103.8
CGPIAT,PR01,PRCG20_1200000000,201412,103.3
CGPIAT,PR01,PRCG20_1200000000,201501,101.9
CGPIAT,PR01,PRCG20_1200000000,201502,101.9
CGPIAT,PR01,PRCG20_1200000000,201503,102.1
CGPIAT,PR01,PRCG20_1200000000,201504,102.1
CGPIAT,PR01,PRCG20_1200000000,201505,102.3
CGPIAT,PR01,PRCG20_1200000000,201506,102.2
CGPIAT,PR01,PRCG20_1200000000,201507,101.8
CGPIAT,PR01,PRCG20_1200000000,201508,101.0
CGPIAT,PR01,PRCG20_1200000000,201509,100.6
CGPIAT,PR01,PRCG20_1200000000,201510,99.9
CGPIAT,PR01,PRCG20_1200000000,201511,99.9
CGPIAT,PR01,PRCG20_1200000000,201512,99.5
CGPIAT,PR01,PRCG20_1200000000,201601,98.4
CGPIAT,PR01,PRCG20_1200000000,201602,98.1
CGPIAT,PR01,PRCG20_1200000000,201603,98.0
CGPIAT,PR01,PRCG20_1200000000,201604,97.6
CGPIAT,PR01,PRCG20_1200000000,201605,97.6
CGPIAT,PR01,PRCG20_1200000000,201606,97.6
CGPIAT,PR01,PRCG20_1200000000,201607,97.5
CGPIAT,PR01,PRCG20_1200000000,201608,97.2
CGPIAT,PR01,PRCG20_1200000000,201609,97.3
CGPIAT,PR01,PRCG20_1200000000,201610,97.2
CGPIAT,PR01,PRCG20_1200000000,201611,97.6
CGPIAT,PR01,PRCG20_1200000000,201612,98.3
CGPIAT,PR01,PRCG20_1200000000,201701,98.9
CGPIAT,PR01,PRCG20_1200000000,201702,99.1
CGPIAT,PR01,PRCG20_1200000000,201703,99.4
CGPIAT,PR01,PRCG20_1200000000,201704,99.6
CGPIAT,PR01,PRCG20_1200000000,201705,99.6
CGPIAT,PR01,PRCG20_1200000000,201706,99.7
CGPIAT,PR01,PRCG20_1200000000,201707,99.9
CGPIAT,PR01,PRCG20_1200000000,201708,99.9
CGPIAT,PR01,PRCG20_1200000000,201709,100.2
CGPIAT,PR01,PRCG20_1200000000,201710,100.6
CGPIAT,PR01,PRCG20_1200000000,201711,101.0
CGPIAT,PR01,PRCG20_1200000000,201712,101.2
CGPIAT,PR01,PRCG20_1200000000,201801,101.6
CGPIAT,PR01,PRCG20_1200000000,201802,101.6
CGPIAT,PR01,PRCG20_1200000000,201803,101.5
CGPIAT,PR01,PRCG20_1200000000,201804,101.9
CGPIAT,PR01,PRCG20_1200000000,201805,102.4
CGPIAT,PR01,PRCG20_1200000000,201806,102.7
CGPIAT,PR01,PRCG20_1200000000,201807,103.1
CGPIAT,PR01,PRCG20_1200000000,201808,103.1
CGPIAT,PR01,PRCG20_1200000000,201809,103.3
CGPIAT,PR01,PRCG20_1200000000,201810,103.7
CGPIAT,PR01,PRCG20_1200000000,201811,103.3
CGPIAT,PR01,PRCG20_1200000000,201812,102.7
CGPIAT,PR01,PRCG20_1200000000,201901,102.1
CGPIAT,PR01,PRCG20_1200000000,201902,102.5
CGPIAT,PR01,PRCG20_1200000000,201903,102.8
CGPIAT,PR01,PRCG20_1200000000,201904,103.2
CGPIAT,PR01,PRCG20_1200000000,201905,103.0
CGPIAT,PR01,PRCG20_1200000000,201906,102.5
CGPIAT,PR01,PRCG20_1200000000,201907,102.4
CGPIAT,PR01,PRCG20_1200000000,201908,102.2
CGPIAT,PR01,PRCG20_1200000000,201909,102.2
CGPIAT,PR01,PRCG20_1200000000,201910,101.8
CGPIAT,PR01,PRCG20_1200000000,201911,101.9
CGPIAT,PR01,PRCG20_1200000000,201912,102.0
CGPIAT,PR01,PRCG20_1200000000,202001,102.1
CGPIAT,PR01,PRCG20_1200000000,202002,101.7
CGPIAT,PR01,PRCG20_1200000000,202003,100.8
CGPIAT,PR01,PRCG20_1200000000,202004,99.2
CGPIAT,PR01,PRCG20_1200000000,202005,98.7
CGPIAT,PR01,PRCG20_1200000000,202006,99.3
CGPIAT,PR01,PRCG20_1200000000,202007,99.8
CGPIAT,PR01,PRCG20_1200000000,202008,99.9
CGPIAT,PR01,PRCG20_1200000000,202009,99.8
CGPIAT,PR01,PRCG20_1200000000,202010,99.5
CGPIAT,PR01,PRCG20_1200000000,202011,99.4
CGPIAT,PR01,PRCG20_1200000000,202012,99.8
CGPIAT,PR01,PRCG20_1200000000,202101,100.3
CGPIAT,PR01,PRCG20_1200000000,202102,100.8
CGPIAT,PR01,PRCG20_1200000000,202103,101.8
CGPIAT,PR01,PRCG20_1200000000,202104,103.0
CGPIAT,PR01,PRCG20_1200000000,202105,103.6
CGPIAT,PR01,PRCG20_1200000000,202106,104.3
CGPIAT,PR01,PRCG20_1200000000,202107,105.4
CGPIAT,PR01,PRCG20_1200000000,202108,105.6
CGPIAT,PR01,PRCG20_1200000000,202109,106.0
CGPIAT,PR01,PRCG20_1200000000,202110,107.7
CGPIAT,PR01,PRCG20_1200000000,202111,108.4
CGPIAT,PR01,PRCG20_1200000000,202112,108.4
CGPIAT,PR01,PRCG20_1200000000,202201,109.5
CGPIAT,PR01,PRCG20_1200000000,202202,110.4
CGPIAT,PR01,PRCG20_1200000000,202203,111.5
CGPIAT,PR01,PRCG20_1200000000,202204,113.5
CGPIAT,PR01,PRCG20_1200000000,202205,113.5
CGPIAT,PR01,PRCG20_1200000000,202206,114.5
CGPIAT,PR01,PRCG20_1200000000,202207,115.4
CGPIAT,PR01,PRCG20_1200000000,202208,115.9
CGPIAT,PR01,PRCG20_1200000000,202209,117.0
CGPIAT,PR01,PRCG20_1200000000,202210,118.2
CGPIAT,PR01,PRCG20_1200000000,202211,119.2
CGPIAT,PR01,PRCG20_1200000000,202212,119.9
CGPIAT,PR01,PRCG20_1200000000,202301,120.0
CGPIAT,PR01,PRCG20_1200000000,202302,119.7
CGPIAT,PR01,PRCG20_1200000000,202303,119.8
CGPIAT,PR01,PRCG20_1200000000,202304,120.4
CGPIAT,PR01,PRCG20_1200000000,202305,119.6
CGPIAT,PR01,PRCG20_1200000000,202306,119.6
CGPIAT,PR01,PRCG20_1200000000,202307,119.7
CGPIAT,PR01,PRCG20_1200000000,202308,120.0
CGPIAT,PR01,PRCG20_1200000000,202309,119.8
CGPIAT,PR01,PRCG20_1200000000,202310,119.6
CGPIAT,PR01,PRCG20_1200000000,202311,119.9
CGPIAT,PR01,PRCG20_1200000000,202312,120.2
CGPIAT,PR01,PRCG20_1200000000,202401,120.4
CGPIAT,PR01,PRCG20_1200000000,202402,120.6
CGPIAT,PR01,PRCG20_1200000000,202403,121.0
CGPIAT,PR01,PRCG20_1200000000,202404,121.8
CGPIAT,PR01,PRCG20_1200000000,202405,122.7
CGPIAT,PR01,PRCG20_1200000000,202406,123.0
CGPIAT,PR01,PRCG20_1200000000,202407,123.6
CGPIAT,PR01,PRCG20_1200000000,202408,123.2
CGPIAT,PR01,PRCG20_1200000000,202409,123.6
CGPIAT,PR01,PRCG20_1200000000,202410,124.2
CGPIAT,PR01,PRCG20_1200000000,202411,124.6
CGPIAT,PR01,PRCG20_1200000000,202412,125.1
CGPIAT,PR01,PRCG20_1200000000,202501,125.5
CGPIAT,PR01,PRCG20_1200000000,202502,125.8
CGPIAT,PR01,PRCG20_1200000000,202503,126.2
CGPIAT,PR01,PRCG20_1200000000,202504,126.6
CGPIAT,PR01,PRCG20_1200000000,202505,126.5
CGPIAT,PR01,PRCG20_1200000000,202506,126.4
CGPIAT,PR01,PRCG20_1200000000,202507,126.7
CGPIAT,PR01,PRCG20_1200000000,202508,126.5
CGPIAT,PR01,PRCG20_1200000000,202509,127.1
CGPIAT,PR01,PRCG20_1200000000,202510,127.7
CGPIAT,PR01,PRCG20_1200000000,202511,128.1
CGPIAT,PR01,PRCG20_1200000000,202512,128.2
CGPIAT,PR01,PRCG20_1200000000,202601,128.6
CGPIAT,PR01,PRCG20_1200000000,202602,128.6
CGPIAT,PR01,PRCG20_1200000000,202603,130.0
CGPIAT,PR01,PRCG20_1200000000,202604,133.6
CGPIAT,PR01,PRCG20_1200000000,202605,135.1
CGPIAT,PR01,PRCG20_1200000000,202606,135.8
CGPIAT,PR01,PRCG20_1200000000,202607,136.4
CGPIAT,PR01,PRCG20_1200000000,202608,136.1
CGPI,PR01,PRCG20_2200000000,196001,48.2
CGPI,PR01,PRCG20_2200000000,196002,48.2
CGPI,PR01,PRCG20_2200000000,196003,48.1
CGPI,PR01,PRCG20_2200000000,196004,48.0
CGPI,PR01,PRCG20_2200000000,196005,47.9
CGPI,PR01,PRCG20_2200000000,196006,47.8
CGPI,PR01,PRCG20_2200000000,196007,47.6
CGPI,PR01,PRCG20_2200000000,196008,47.8
CGPI,PR01,PRCG20_2200000000,196009,48.0
CGPI,PR01,PRCG20_2200000000,196010,48.0
CGPI,PR01,PRCG20_2200000000,196011,47.9
CGPI,PR01,PRCG20_2200000000,196012,47.9
CGPI,PR01,PRCG20_2200000000,196101,48.0
CGPI,PR01,PRCG20_2200000000,196102,48.0
CGPI,PR01,PRCG20_2200000000,196103,48.2
CGPI,PR01,PRCG20_2200000000,196104,48.5
CGPI,PR01,PRCG20_2200000000,196105,48.6
CGPI,PR01,PRCG20_2200000000,196106,48.6
CGPI,PR01,PRCG20_2200000000,196107,48.6
CGPI,PR01,PRCG20_2200000000,196108,48.9
CGPI,PR01,PRCG20_2200000000,196109,48.9
CGPI,PR01,PRCG20_2200000000,196110,48.8
CGPI,PR01,PRCG20_2200000000,196111,48.6
CGPI,PR01,PRCG20_2200000000,196112,48.5
CGPI,PR01,PRCG20_2200000000,196201,48.3
CGPI,PR01,PRCG20_2200000000,196202,48.3
CGPI,PR01,PRCG20_2200000000,196203,48.2
CGPI,PR01,PRCG20_2200000000,196204,47.9
CGPI,PR01,PRCG20_2200000000,196205,47.6
CGPI,PR01,PRCG20_2200000000,196206,47.3
CGPI,PR01,PRCG20_2200000000,196207,47.4
CGPI,PR01,PRCG20_2200000000,196208,47.5
CGPI,PR01,PRCG20_2200000000,196209,47.4
CGPI,PR01,PRCG20_2200000000,196210,47.4
CGPI,PR01,PRCG20_2200000000,196211,47.4
CGPI,PR01,PRCG20_2200000000,196212,47.8
CGPI,PR01,PRCG20_2200000000,196301,48.0
CGPI,PR01,PRCG20_2200000000,196302,48.1
CGPI,PR01,PRCG20_2200000000,196303,48.2
CGPI,PR01,PRCG20_2200000000,196304,48.2
CGPI,PR01,PRCG20_2200000000,196305,48.3
CGPI,PR01,PRCG20_2200000000,196306,48.5
CGPI,PR01,PRCG20_2200000000,196307,48.5
CGPI,PR01,PRCG20_2200000000,196308,48.6
CGPI,PR01,PRCG20_2200000000,196309,48.7
CGPI,PR01,PRCG20_2200000000,196310,48.7
CGPI,PR01,PRCG20_2200000000,196311,48.8
CGPI,PR01,PRCG20_2200000000,196312,48.7
CGPI,PR01,PRCG20_2200000000,196401,48.7
CGPI,PR01,PRCG20_2200000000,196402,48.6
CGPI,PR01,PRCG20_2200000000,196403,48.5
CGPI,PR01,PRCG20_2200000000,196404,48.5
CGPI,PR01,PRCG20_2200000000,196405,48.3
CGPI,PR01,PRCG20_2200000000,196406,48.2
CGPI,PR01,PRCG20_2200000000,196407,48.3
CGPI,PR01,PRCG20_2200000000,196408,48.5
CGPI,PR01,PRCG20_2200000000,196409,48.6
CGPI,PR01,PRCG20_2200000000,196410,48.6
CGPI,PR01,PRCG20_2200000000,196411,48.6
CGPI,PR01,PRCG20_2200000000,196412,48.6
CGPI,PR01,PRCG20_2200000000,196501,49.0
CGPI,PR01,PRCG20_2200000000,196502,49.0
CGPI,PR01,PRCG20_2200000000,196503,49.0
CGPI,PR01,PRCG20_2200000000,196504,49.0
CGPI,PR01,PRCG20_2200000000,196505,49.0
CGPI,PR01,PRCG20_2200000000,196506,48.8
CGPI,PR01,PRCG20_2200000000,196507,48.7
CGPI,PR01,PRCG20_2200000000,196508,48.8
CGPI,PR01,PRCG20_2200000000,196509,49.0
CGPI,PR01,PRCG20_2200000000,196510,49.0
CGPI,PR01,PRCG20_2200000000,196511,49.1
CGPI,PR01,PRCG20_2200000000,196512,49.3
CGPI,PR01,PRCG20_2200000000,196601,49.6
CGPI,PR01,PRCG20_2200000000,196602,49.8
CGPI,PR01,PRCG20_2200000000,196603,49.8
CGPI,PR01,PRCG20_2200000000,196604,49.8
CGPI,PR01,PRCG20_2200000000,196605,49.8
CGPI,PR01,PRCG20_2200000000,196606,50.0
CGPI,PR01,PRCG20_2200000000,196607,50.2
CGPI,PR01,PRCG20_2200000000,196608,50.3
CGPI,PR01,PRCG20_2200000000,196609,50.3
CGPI,PR01,PRCG20_2200000000,196610,50.6
CGPI,PR01,PRCG20_2200000000,196611,50.6
CGPI,PR01,PRCG20_2200000000,196612,50.8
CGPI,PR01,PRCG20_2200000000,196701,51.5
CGPI,PR01,PRCG20_2200000000,196702,51.5
CGPI,PR01,PRCG20_2200000000,196703,51.5
CGPI,PR01,PRCG20_2200000000,196704,51.0
CGPI,PR01,PRCG20_2200000000,196705,51.0
CGPI,PR01,PRCG20_2200000000,196706,51.0
CGPI,PR01,PRCG20_2200000000,196707,51.0
CGPI,PR01,PRCG20_2200000000,196708,51.5
CGPI,PR01,PRCG20_2200000000,196709,51.6
CGPI,PR01,PRCG20_2200000000,196710,51.9
CGPI,PR01,PRCG20_2200000000,196711,52.0
CGPI,PR01,PRCG20_2200000000,196712,52.0
CGPI,PR01,PRCG20_2200000000,196801,51.9
CGPI,PR01,PRCG20_2200000000,196802,52.0
CGPI,PR01,PRCG20_2200000000,196803,52.0
CGPI,PR01,PRCG20_2200000000,196804,51.7
CGPI,PR01,PRCG20_2200000000,196805,51.8
CGPI,PR01,PRCG20_2200000000,196806,51.8
CGPI,PR01,PRCG20_2200000000,196807,51.8
CGPI,PR01,PRCG20_2200000000,196808,51.8
CGPI,PR01,PRCG20_2200000000,196809,52.0
CGPI,PR01,PRCG20_2200000000,196810,52.2
CGPI,PR01,PRCG20_2200000000,196811,52.2
CGPI,PR01,PRCG20_2200000000,196812,52.2
CGPI,PR01,PRCG20_2200000000,196901,52.2
CGPI,PR01,PRCG20_2200000000,196902,52.2
CGPI,PR01,PRCG20_2200000000,196903,52.3
CGPI,PR01,PRCG20_2200000000,196904,52.3
CGPI,PR01,PRCG20_2200000000,196905,52.5
CGPI,PR01,PRCG20_2200000000,196906,52.6
CGPI,PR01,PRCG20_2200000000,196907,52.7
CGPI,PR01,PRCG20_2200000000,196908,53.0
CGPI,PR01,PRCG20_2200000000,196909,53.6
CGPI,PR01,PRCG20_2200000000,196910,53.6
CGPI,PR01,PRCG20_2200000000,196911,53.8
CGPI,PR01,PRCG20_2200000000,196912,54.0
CGPI,PR01,PRCG20_2200000000,197001,54.3
CGPI,PR01,PRCG20_2200000000,197002,54.6
CGPI,PR01,PRCG20_2200000000,197003,54.8
CGPI,PR01,PRCG20_2200000000,197004,54.9
CGPI,PR01,PRCG20_2200000000,197005,54.9
CGPI,PR01,PRCG20_2200000000,197006,54.7
CGPI,PR01,PRCG20_2200000000,197007,54.7
CGPI,PR01,PRCG20_2200000000,197008,54.8
CGPI,PR01,PRCG20_2200000000,197009,54.8
CGPI,PR01,PRCG20_2200000000,197010,54.7
CGPI,PR01,PRCG20_2200000000,197011,54.6
CGPI,PR01,PRCG20_2200000000,197012,54.5
CGPI,PR01,PRCG20_2200000000,197101,54.4
CGPI,PR01,PRCG20_2200000000,197102,54.2
CGPI,PR01,PRCG20_2200000000,197103,54.2
CGPI,PR01,PRCG20_2200000000,197104,54.3
CGPI,PR01,PRCG20_2200000000,197105,54.3
CGPI,PR01,PRCG20_2200000000,197106,54.2
CGPI,PR01,PRCG20_2200000000,197107,54.2
CGPI,PR01,PRCG20_2200000000,197108,54.4
CGPI,PR01,PRCG20_2200000000,197109,54.3
CGPI,PR01,PRCG20_2200000000,197110,54.1
CGPI,PR01,PRCG20_2200000000,197111,54.0
CGPI,PR01,PRCG20_2200000000,197112,54.2
CGPI,PR01,PRCG20_2200000000,197201,54.1
CGPI,PR01,PRCG20_2200000000,197202,54.2
CGPI,PR01,PRCG20_2200000000,197203,54.3
CGPI,PR01,PRCG20_2200000000,197204,54.5
CGPI,PR01,PRCG20_2200000000,197205,54.5
CGPI,PR01,PRCG20_2200000000,197206,54.5
CGPI,PR01,PRCG20_2200000000,197207,54.6
CGPI,PR01,PRCG20_2200000000,197208,54.9
CGPI,PR01,PRCG20_2200000000,197209,55.6
CGPI,PR01,PRCG20_2200000000,197210,56.0
CGPI,PR01,PRCG20_2200000000,197211,56.8
CGPI,PR01,PRCG20_2200000000,197212,57.6
CGPI,PR01,PRCG20_2200000000,197301,58.3
CGPI,PR01,PRCG20_2200000000,197302,59.3
CGPI,PR01,PRCG20_2200000000,197303,60.8
CGPI,PR01,PRCG20_2200000000,197304,61.0
CGPI,PR01,PRCG20_2200000000,197305,61.3
CGPI,PR01,PRCG20_2200000000,197306,62.1
CGPI,PR01,PRCG20_2200000000,197307,62.9
CGPI,PR01,PRCG20_2200000000,197308,64.6
CGPI,PR01,PRCG20_2200000000,197309,65.9
CGPI,PR01,PRCG20_2200000000,197310,67.0
CGPI,PR01,PRCG20_2200000000,197311,68.9
CGPI,PR01,PRCG20_2200000000,197312,74.0
CGPI,PR01,PRCG20_2200000000,197401,77.7
CGPI,PR01,PRCG20_2200000000,197402,79.4
CGPI,PR01,PRCG20_2200000000,197403,79.8
CGPI,PR01,PRCG20_2200000000,197404,80.4
CGPI,PR01,PRCG20_2200000000,197405,80.7
CGPI,PR01,PRCG20_2200000000,197406,81.6
CGPI,PR01,PRCG20_2200000000,197407,82.2
CGPI,PR01,PRCG20_2200000000,197408,82.5
CGPI,PR01,PRCG20_2200000000,197409,82.5
CGPI,PR01,PRCG20_2200000000,197410,83.0
CGPI,PR01,PRCG20_2200000000,197411,83.3
CGPI,PR01,PRCG20_2200000000,197412,83.5
CGPI,PR01,PRCG20_2200000000,197501,83.3
CGPI,PR01,PRCG20_2200000000,197502,83.2
CGPI,PR01,PRCG20_2200000000,197503,83.2
CGPI,PR01,PRCG20_2200000000,197504,83.2
CGPI,PR01,PRCG20_2200000000,197505,83.2
CGPI,PR01,PRCG20_2200000000,197506,83.1
CGPI,PR01,PRCG20_2200000000,197507,83.2
CGPI,PR01,PRCG20_2200000000,197508,83.5
CGPI,PR01,PRCG20_2200000000,197509,83.9
CGPI,PR01,PRCG20_2200000000,197510,84.3
CGPI,PR01,PRCG20_2200000000,197511,84.3
CGPI,PR01,PRCG20_2200000000,197512,84.8
CGPI,PR01,PRCG20_2200000000,197601,85.6
CGPI,PR01,PRCG20_2200000000,197602,86.0
CGPI,PR01,PRCG20_2200000000,197603,86.6
CGPI,PR01,PRCG20_2200000000,197604,87.0
CGPI,PR01,PRCG20_2200000000,197605,87.2
CGPI,PR01,PRCG20_2200000000,197606,87.5
CGPI,PR01,PRCG20_2200000000,197607,88.6
CGPI,PR01,PRCG20_2200000000,197608,89.5
CGPI,PR01,PRCG20_2200000000,197609,90.0
CGPI,PR01,PRCG20_2200000000,197610,90.2
CGPI,PR01,PRCG20_2200000000,197611,90.3
CGPI,PR01,PRCG20_2200000000,197612,90.5
CGPI,PR01,PRCG20_2200000000,197701,90.5
CGPI,PR01,PRCG20_2200000000,197702,91.0
CGPI,PR01,PRCG20_2200000000,197703,91.0
CGPI,PR01,PRCG20_2200000000,197704,91.2
CGPI,PR01,PRCG20_2200000000,197705,91.3
CGPI,PR01,PRCG20_2200000000,197706,91.3
CGPI,PR01,PRCG20_2200000000,197707,91.1
CGPI,PR01,PRCG20_2200000000,197708,91.3
CGPI,PR01,PRCG20_2200000000,197709,91.5
CGPI,PR01,PRCG20_2200000000,197710,91.5
CGPI,PR01,PRCG20_2200000000,197711,91.3
CGPI,PR01,PRCG20_2200000000,197712,91.1
CGPI,PR01,PRCG20_2200000000,197801,91.0
CGPI,PR01,PRCG20_2200000000,197802,91.0
CGPI,PR01,PRCG20_2200000000,197803,91.1
CGPI,PR01,PRCG20_2200000000,197804,91.2
CGPI,PR01,PRCG20_2200000000,197805,91.2
CGPI,PR01,PRCG20_2200000000,197806,91.2
CGPI,PR01,PRCG20_2200000000,197807,91.0
CGPI,PR01,PRCG20_2200000000,197808,90.6
CGPI,PR01,PRCG20_2200000000,197809,90.4
CGPI,PR01,PRCG20_2200000000,197810,90.0
CGPI,PR01,PRCG20_2200000000,197811,90.0
CGPI,PR01,PRCG20_2200000000,197812,90.1
CGPI,PR01,PRCG20_2200000000,197901,90.4
CGPI,PR01,PRCG20_2200000000,197902,91.0
CGPI,PR01,PRCG20_2200000000,197903,91.5
CGPI,PR01,PRCG20_2200000000,197904,92.6
CGPI,PR01,PRCG20_2200000000,197905,93.4
CGPI,PR01,PRCG20_2200000000,197906,94.3
CGPI,PR01,PRCG20_2200000000,197907,96.0
CGPI,PR01,PRCG20_2200000000,197908,97.0
CGPI,PR01,PRCG20_2200000000,197909,98.1
CGPI,PR01,PRCG20_2200000000,197910,98.8
CGPI,PR01,PRCG20_2200000000,197911,99.6
CGPI,PR01,PRCG20_2200000000,197912,100.9
CGPI,PR01,PRCG20_2200000000,198001,102.9
CGPI,PR01,PRCG20_2200000000,198002,104.8
CGPI,PR01,PRCG20_2200000000,198003,106.4
CGPI,PR01,PRCG20_2200000000,198004,109.7
CGPI,PR01,PRCG20_2200000000,198005,110.6
CGPI,PR01,PRCG20_2200000000,198006,111.0
CGPI,PR01,PRCG20_2200000000,198007,111.4
CGPI,PR01,PRCG20_2200000000,198008,112.0
CGPI,PR01,PRCG20_2200000000,198009,112.2
CGPI,PR01,PRCG20_2200000000,198010,111.5
CGPI,PR01,PRCG20_2200000000,198011,111.4
CGPI,PR01,PRCG20_2200000000,198012,111.4
CGPI,PR01,PRCG20_2200000000,198101,111.1
CGPI,PR01,PRCG20_2200000000,198102,110.6
CGPI,PR01,PRCG20_2200000000,198103,110.4
CGPI,PR01,PRCG20_2200000000,198104,110.5
CGPI,PR01,PRCG20_2200000000,198105,110.9
CGPI,PR01,PRCG20_2200000000,198106,110.8
CGPI,PR01,PRCG20_2200000000,198107,111.0
CGPI,PR01,PRCG20_2200000000,198108,111.4
CGPI,PR01,PRCG20_2200000000,198109,111.7
CGPI,PR01,PRCG20_2200000000,198110,111.4
CGPI,PR01,PRCG20_2200000000,198111,111.6
CGPI,PR01,PRCG20_2200000000,198112,111.7
CGPI,PR01,PRCG20_2200000000,198201,111.5
CGPI,PR01,PRCG20_2200000000,198202,111.5
CGPI,PR01,PRCG20_2200000000,198203,111.5
CGPI,PR01,PRCG20_2200000000,198204,111.6
CGPI,PR01,PRCG20_2200000000,198205,111.4
CGPI,PR01,PRCG20_2200000000,198206,111.2
CGPI,PR01,PRCG20_2200000000,198207,111.4
CGPI,PR01,PRCG20_2200000000,198208,111.8
CGPI,PR01,PRCG20_2200000000,198209,112.2
CGPI,PR01,PRCG20_2200000000,198210,111.7
CGPI,PR01,PRCG20_2200000000,198211,111.8
CGPI,PR01,PRCG20_2200000000,198212,111.7
CGPI,PR01,PRCG20_2200000000,198301,111.5
CGPI,PR01,PRCG20_2200000000,198302,111.5
CGPI,PR01,PRCG20_2200000000,198303,111.4
CGPI,PR01,PRCG20_2200000000,198304,110.6
CGPI,PR01,PRCG20_2200000000,198305,110.8
CGPI,PR01,PRCG20_2200000000,198306,110.8
CGPI,PR01,PRCG20_2200000000,198307,111.0
CGPI,PR01,PRCG20_2200000000,198308,110.5
CGPI,PR01,PRCG20_2200000000,198309,110.7
CGPI,PR01,PRCG20_2200000000,198310,110.5
CGPI,PR01,PRCG20_2200000000,198311,110.6
CGPI,PR01,PRCG20_2200000000,198312,110.8
CGPI,PR01,PRCG20_2200000000,198401,110.8
CGPI,PR01,PRCG20_2200000000,198402,111.0
CGPI,PR01,PRCG20_2200000000,198403,111.0
CGPI,PR01,PRCG20_2200000000,198404,110.9
CGPI,PR01,PRCG20_2200000000,198405,111.0
CGPI,PR01,PRCG20_2200000000,198406,110.9
CGPI,PR01,PRCG20_2200000000,198407,111.1
CGPI,PR01,PRCG20_2200000000,198408,111.2
CGPI,PR01,PRCG20_2200000000,198409,111.3
CGPI,PR01,PRCG20_2200000000,198410,110.9
CGPI,PR01,PRCG20_2200000000,198411,110.9
CGPI,PR01,PRCG20_2200000000,198412,110.9
CGPI,PR01,PRCG20_2200000000,198501,111.5
CGPI,PR01,PRCG20_2200000000,198502,111.5
CGPI,PR01,PRCG20_2200000000,198503,111.2
CGPI,PR01,PRCG20_2200000000,198504,111.0
CGPI,PR01,PRCG20_2200000000,198505,110.5
CGPI,PR01,PRCG20_2200000000,198506,110.2
CGPI,PR01,PRCG20_2200000000,198507,110.2
CGPI,PR01,PRCG20_2200000000,198508,110.0
CGPI,PR01,PRCG20_2200000000,198509,109.7
CGPI,PR01,PRCG20_2200000000,198510,109.0
CGPI,PR01,PRCG20_2200000000,198511,108.6
CGPI,PR01,PRCG20_2200000000,198512,108.4
CGPI,PR01,PRCG20_2200000000,198601,108.2
CGPI,PR01,PRCG20_2200000000,198602,107.5
CGPI,PR01,PRCG20_2200000000,198603,107.2
CGPI,PR01,PRCG20_2200000000,198604,106.3
CGPI,PR01,PRCG20_2200000000,198605,106.0
CGPI,PR01,PRCG20_2200000000,198606,105.2
CGPI,PR01,PRCG20_2200000000,198607,104.8
CGPI,PR01,PRCG20_2200000000,198608,104.2
CGPI,PR01,PRCG20_2200000000,198609,103.5
CGPI,PR01,PRCG20_2200000000,198610,102.4
CGPI,PR01,PRCG20_2200000000,198611,102.2
CGPI,PR01,PRCG20_2200000000,198612,102.1
CGPI,PR01,PRCG20_2200000000,198701,101.6
CGPI,PR01,PRCG20_2200000000,198702,101.3
CGPI,PR01,PRCG20_2200000000,198703,101.4
CGPI,PR01,PRCG20_2200000000,198704,101.2
CGPI,PR01,PRCG20_2200000000,198705,101.1
CGPI,PR01,PRCG20_2200000000,198706,101.2
CGPI,PR01,PRCG20_2200000000,198707,101.6
CGPI,PR01,PRCG20_2200000000,198708,102.0
CGPI,PR01,PRCG20_2200000000,198709,102.3
CGPI,PR01,PRCG20_2200000000,198710,102.2
CGPI,PR01,PRCG20_2200000000,198711,102.2
CGPI,PR01,PRCG20_2200000000,198712,102.1
CGPI,PR01,PRCG20_2200000000,198801,101.4
CGPI,PR01,PRCG20_2200000000,198802,101.2
CGPI,PR01,PRCG20_2200000000,198803,101.2
CGPI,PR01,PRCG20_2200000000,198804,101.0
CGPI,PR01,PRCG20_2200000000,198805,100.9
CGPI,PR01,PRCG20_2200000000,198806,101.0
CGPI,PR01,PRCG20_2200000000,198807,101.2
CGPI,PR01,PRCG20_2200000000,198808,101.2
CGPI,PR01,PRCG20_2200000000,198809,101.4
CGPI,PR01,PRCG20_2200000000,198810,101.1
CGPI,PR01,PRCG20_2200000000,198811,101.1
CGPI,PR01,PRCG20_2200000000,198812,101.1
CGPI,PR01,PRCG20_2200000000,198901,101.0
CGPI,PR01,PRCG20_2200000000,198902,101.2
CGPI,PR01,PRCG20_2200000000,198903,101.3
CGPI,PR01,PRCG20_2200000000,198904,103.2
CGPI,PR01,PRCG20_2200000000,198905,103.4
CGPI,PR01,PRCG20_2200000000,198906,103.5
CGPI,PR01,PRCG20_2200000000,198907,103.9
CGPI,PR01,PRCG20_2200000000,198908,104.0
CGPI,PR01,PRCG20_2200000000,198909,104.1
CGPI,PR01,PRCG20_2200000000,198910,103.7
CGPI,PR01,PRCG20_2200000000,198911,103.6
CGPI,PR01,PRCG20_2200000000,198912,103.6
CGPI,PR01,PRCG20_2200000000,199001,104.0
CGPI,PR01,PRCG20_2200000000,199002,104.0
CGPI,PR01,PRCG20_2200000000,199003,104.1
CGPI,PR01,PRCG20_2200000000,199004,104.1
CGPI,PR01,PRCG20_2200000000,199005,104.0
CGPI,PR01,PRCG20_2200000000,199006,104.1
CGPI,PR01,PRCG20_2200000000,199007,104.4
CGPI,PR01,PRCG20_2200000000,199008,104.6
CGPI,PR01,PRCG20_2200000000,199009,105.1
CGPI,PR01,PRCG20_2200000000,199010,105.3
CGPI,PR01,PRCG20_2200000000,199011,105.6
CGPI,PR01,PRCG20_2200000000,199012,105.7
CGPI,PR01,PRCG20_2200000000,199101,105.8
CGPI,PR01,PRCG20_2200000000,199102,105.9
CGPI,PR01,PRCG20_2200000000,199103,105.9
CGPI,PR01,PRCG20_2200000000,199104,105.8
CGPI,PR01,PRCG20_2200000000,199105,105.8
CGPI,PR01,PRCG20_2200000000,199106,105.7
CGPI,PR01,PRCG20_2200000000,199107,105.7
CGPI,PR01,PRCG20_2200000000,199108,105.7
CGPI,PR01,PRCG20_2200000000,199109,105.6
CGPI,PR01,PRCG20_2200000000,199110,105.4
CGPI,PR01,PRCG20_2200000000,199111,105.4
CGPI,PR01,PRCG20_2200000000,199112,105.3
CGPI,PR01,PRCG20_2200000000,199201,105.2
CGPI,PR01,PRCG20_2200000000,199202,105.2
CGPI,PR01,PRCG20_2200000000,199203,105.1
CGPI,PR01,PRCG20_2200000000,199204,104.9
CGPI,PR01,PRCG20_2200000000,199205,104.8
CGPI,PR01,PRCG20_2200000000,199206,104.8
CGPI,PR01,PRCG20_2200000000,199207,104.9
CGPI,PR01,PRCG20_2200000000,199208,104.8
CGPI,PR01,PRCG20_2200000000,199209,104.8
CGPI,PR01,PRCG20_2200000000,199210,104.2
CGPI,PR01,PRCG20_2200000000,199211,104.1
CGPI,PR01,PRCG20_2200000000,199212,104.1
CGPI,PR01,PRCG20_2200000000,199301,104.0
CGPI,PR01,PRCG20_2200000000,199302,103.9
CGPI,PR01,PRCG20_2200000000,199303,103.7
CGPI,PR01,PRCG20_2200000000,199304,103.6
CGPI,PR01,PRCG20_2200000000,199305,103.4
CGPI,PR01,PRCG20_2200000000,199306,103.2
CGPI,PR01,PRCG20_2200000000,199307,103.2
CGPI,PR01,PRCG20_2200000000,199308,103.0
CGPI,PR01,PRCG20_2200000000,199309,102.7
CGPI,PR01,PRCG20_2200000000,199310,102.3
CGPI,PR01,PRCG20_2200000000,199311,102.1
CGPI,PR01,PRCG20_2200000000,199312,102.0
CGPI,PR01,PRCG20_2200000000,199401,101.9
CGPI,PR01,PRCG20_2200000000,199402,101.9
CGPI,PR01,PRCG20_2200000000,199403,101.6
CGPI,PR01,PRCG20_2200000000,199404,101.5
CGPI,PR01,PRCG20_2200000000,199405,101.4
CGPI,PR01,PRCG20_2200000000,199406,101.4
CGPI,PR01,PRCG20_2200000000,199407,101.4
CGPI,PR01,PRCG20_2200000000,199408,101.4
CGPI,PR01,PRCG20_2200000000,199409,101.4
CGPI,PR01,PRCG20_2200000000,199410,101.0
CGPI,PR01,PRCG20_2200000000,199411,100.9
CGPI,PR01,PRCG20_2200000000,199412,101.0
CGPI,PR01,PRCG20_2200000000,199501,101.2
CGPI,PR01,PRCG20_2200000000,199502,101.2
CGPI,PR01,PRCG20_2200000000,199503,101.0
CGPI,PR01,PRCG20_2200000000,199504,100.9
CGPI,PR01,PRCG20_2200000000,199505,100.7
CGPI,PR01,PRCG20_2200000000,199506,100.6
CGPI,PR01,PRCG20_2200000000,199507,100.6
CGPI,PR01,PRCG20_2200000000,199508,100.3
CGPI,PR01,PRCG20_2200000000,199509,100.3
CGPI,PR01,PRCG20_2200000000,199510,99.9
CGPI,PR01,PRCG20_2200000000,199511,99.9
CGPI,PR01,PRCG20_2200000000,199512,99.9
CGPI,PR01,PRCG20_2200000000,199601,99.6
CGPI,PR01,PRCG20_2200000000,199602,99.5
CGPI,PR01,PRCG20_2200000000,199603,99.3
CGPI,PR01,PRCG20_2200000000,199604,99.1
CGPI,PR01,PRCG20_2200000000,199605,98.9
CGPI,PR01,PRCG20_2200000000,199606,98.6
CGPI,PR01,PRCG20_2200000000,199607,98.8
CGPI,PR01,PRCG20_2200000000,199608,98.6
CGPI,PR01,PRCG20_2200000000,199609,98.5
CGPI,PR01,PRCG20_2200000000,199610,98.3
CGPI,PR01,PRCG20_2200000000,199611,98.4
CGPI,PR01,PRCG20_2200000000,199612,98.6
CGPI,PR01,PRCG20_2200000000,199701,98.4
CGPI,PR01,PRCG20_2200000000,199702,98.5
CGPI,PR01,PRCG20_2200000000,199703,98.5
CGPI,PR01,PRCG20_2200000000,199704,100.4
CGPI,PR01,PRCG20_2200000000,199705,100.3
CGPI,PR01,PRCG20_2200000000,199706,100.1
CGPI,PR01,PRCG20_2200000000,199707,100.2
CGPI,PR01,PRCG20_2200000000,199708,100.0
CGPI,PR01,PRCG20_2200000000,199709,99.9
CGPI,PR01,PRCG20_2200000000,199710,99.4
CGPI,PR01,PRCG20_2200000000,199711,99.3
CGPI,PR01,PRCG20_2200000000,199712,99.3
CGPI,PR01,PRCG20_2200000000,199801,99.1
CGPI,PR01,PRCG20_2200000000,199802,98.8
CGPI,PR01,PRCG20_2200000000,199803,98.4
CGPI,PR01,PRCG20_2200000000,199804,98.1
CGPI,PR01,PRCG20_2200000000,199805,98.0
CGPI,PR01,PRCG20_2200000000,199806,98.0
CGPI,PR01,PRCG20_2200000000,199807,98.0
CGPI,PR01,PRCG20_2200000000,199808,97.9
CGPI,PR01,PRCG20_2200000000,199809,97.9
CGPI,PR01,PRCG20_2200000000,199810,97.3
CGPI,PR01,PRCG20_2200000000,199811,97.1
CGPI,PR01,PRCG20_2200000000,199812,97.1
CGPI,PR01,PRCG20_2200000000,199901,96.8
CGPI,PR01,PRCG20_2200000000,199902,96.7
CGPI,PR01,PRCG20_2200000000,199903,96.6
CGPI,PR01,PRCG20_2200000000,199904,96.3
CGPI,PR01,PRCG20_2200000000,199905,96.4
CGPI,PR01,PRCG20_2200000000,199906,96.3
CGPI,PR01,PRCG20_2200000000,199907,96.7
CGPI,PR01,PRCG20_2200000000,199908,96.8
CGPI,PR01,PRCG20_2200000000,199909,96.8
CGPI,PR01,PRCG20_2200000000,199910,96.7
CGPI,PR01,PRCG20_2200000000,199911,96.7
CGPI,PR01,PRCG20_2200000000,199912,96.7
CGPI,PR01,PRCG20_2200000000,200001,97.2
CGPI,PR01,PRCG20_2200000000,200002,97.2
CGPI,PR01,PRCG20_2200000000,200003,97.1
CGPI,PR01,PRCG20_2200000000,200004,96.9
CGPI,PR01,PRCG20_2200000000,200005,96.7
CGPI,PR01,PRCG20_2200000000,200006,96.7
CGPI,PR01,PRCG20_2200000000,200007,96.8
CGPI,PR01,PRCG20_2200000000,200008,96.8
CGPI,PR01,PRCG20_2200000000,200009,96.6
CGPI,PR01,PRCG20_2200000000,200010,96.0
CGPI,PR01,PRCG20_2200000000,200011,95.8
CGPI,PR01,PRCG20_2200000000,200012,95.8
CGPI,PR01,PRCG20_2200000000,200101,95.4
CGPI,PR01,PRCG20_2200000000,200102,95.4
CGPI,PR01,PRCG20_2200000000,200103,95.2
CGPI,PR01,PRCG20_2200000000,200104,94.9
CGPI,PR01,PRCG20_2200000000,200105,94.7
CGPI,PR01,PRCG20_2200000000,200106,94.5
CGPI,PR01,PRCG20_2200000000,200107,94.4
CGPI,PR01,PRCG20_2200000000,200108,94.2
CGPI,PR01,PRCG20_2200000000,200109,94.1
CGPI,PR01,PRCG20_2200000000,200110,93.4
CGPI,PR01,PRCG20_2200000000,200111,93.3
CGPI,PR01,PRCG20_2200000000,200112,93.2
CGPI,PR01,PRCG20_2200000000,200201,92.9
CGPI,PR01,PRCG20_2200000000,200202,92.9
CGPI,PR01,PRCG20_2200000000,200203,92.9
CGPI,PR01,PRCG20_2200000000,200204,92.7
CGPI,PR01,PRCG20_2200000000,200205,92.7
CGPI,PR01,PRCG20_2200000000,200206,92.6
CGPI,PR01,PRCG20_2200000000,200207,92.5
CGPI,PR01,PRCG20_2200000000,200208,92.4
CGPI,PR01,PRCG20_2200000000,200209,92.2
CGPI,PR01,PRCG20_2200000000,200210,91.9
CGPI,PR01,PRCG20_2200000000,200211,92.0
CGPI,PR01,PRCG20_2200000000,200212,91.8
CGPI,PR01,PRCG20_2200000000,200301,91.8
CGPI,PR01,PRCG20_2200000000,200302,92.0
CGPI,PR01,PRCG20_2200000000,200303,92.0
CGPI,PR01,PRCG20_2200000000,200304,91.8
CGPI,PR01,PRCG20_2200000000,200305,91.5
CGPI,PR01,PRCG20_2200000000,200306,91.3
CGPI,PR01,PRCG20_2200000000,200307,91.6
CGPI,PR01,PRCG20_2200000000,200308,91.6
CGPI,PR01,PRCG20_2200000000,200309,91.6
CGPI,PR01,PRCG20_2200000000,200310,91.4
CGPI,PR01,PRCG20_2200000000,200311,91.5
CGPI,PR01,PRCG20_2200000000,200312,91.6
CGPI,PR01,PRCG20_2200000000,200401,91.8
CGPI,PR01,PRCG20_2200000000,200402,92.0
CGPI,PR01,PRCG20_2200000000,200403,92.2
CGPI,PR01,PRCG20_2200000000,200404,92.5
CGPI,PR01,PRCG20_2200000000,200405,92.5
CGPI,PR01,PRCG20_2200000000,200406,92.8
CGPI,PR01,PRCG20_2200000000,200407,93.3
CGPI,PR01,PRCG20_2200000000,200408,93.3
CGPI,PR01,PRCG20_2200000000,200409,93.4
CGPI,PR01,PRCG20_2200000000,200410,93.4
CGPI,PR01,PRCG20_2200000000,200411,93.5
CGPI,PR01,PRCG20_2200000000,200412,93.4
CGPI,PR01,PRCG20_2200000000,200501,93.4
CGPI,PR01,PRCG20_2200000000,200502,93.5
CGPI,PR01,PRCG20_2200000000,200503,93.7
CGPI,PR01,PRCG20_2200000000,200504,94.2
CGPI,PR01,PRCG20_2200000000,200505,94.1
CGPI,PR01,PRCG20_2200000000,200506,94.0
CGPI,PR01,PRCG20_2200000000,200507,94.5
CGPI,PR01,PRCG20_2200000000,200508,94.7
CGPI,PR01,PRCG20_2200000000,200509,94.8
CGPI,PR01,PRCG20_2200000000,200510,95.0
CGPI,PR01,PRCG20_2200000000,200511,95.0
CGPI,PR01,PRCG20_2200000000,200512,95.2
CGPI,PR01,PRCG20_2200000000,200601,95.3
CGPI,PR01,PRCG20_2200000000,200602,95.6
CGPI,PR01,PRCG20_2200000000,200603,95.6
CGPI,PR01,PRCG20_2200000000,200604,95.9
CGPI,PR01,PRCG20_2200000000,200605,96.4
CGPI,PR01,PRCG20_2200000000,200606,96.4
CGPI,PR01,PRCG20_2200000000,200607,96.9
CGPI,PR01,PRCG20_2200000000,200608,97.2
CGPI,PR01,PRCG20_2200000000,200609,97.4
CGPI,PR01,PRCG20_2200000000,200610,96.9
CGPI,PR01,PRCG20_2200000000,200611,96.8
CGPI,PR01,PRCG20_2200000000,200612,96.8
CGPI,PR01,PRCG20_2200000000,200701,96.8
CGPI,PR01,PRCG20_2200000000,200702,96.8
CGPI,PR01,PRCG20_2200000000,200703,96.8
CGPI,PR01,PRCG20_2200000000,200704,97.7
CGPI,PR01,PRCG20_2200000000,200705,97.9
CGPI,PR01,PRCG20_2200000000,200706,98.0
CGPI,PR01,PRCG20_2200000000,200707,98.6
CGPI,PR01,PRCG20_2200000000,200708,98.7
CGPI,PR01,PRCG20_2200000000,200709,98.6
CGPI,PR01,PRCG20_2200000000,200710,98.9
CGPI,PR01,PRCG20_2200000000,200711,99.1
CGPI,PR01,PRCG20_2200000000,200712,99.4
CGPI,PR01,PRCG20_2200000000,200801,99.7
CGPI,PR01,PRCG20_2200000000,200802,100.2
CGPI,PR01,PRCG20_2200000000,200803,100.7
CGPI,PR01,PRCG20_2200000000,200804,101.6
CGPI,PR01,PRCG20_2200000000,200805,102.8
CGPI,PR01,PRCG20_2200000000,200806,103.7
CGPI,PR01,PRCG20_2200000000,200807,106.0
CGPI,PR01,PRCG20_2200000000,200808,106.1
CGPI,PR01,PRCG20_2200000000,200809,105.4
CGPI,PR01,PRCG20_2200000000,200810,103.4
CGPI,PR01,PRCG20_2200000000,200811,101.5
CGPI,PR01,PRCG20_2200000000,200812,100.2
CGPI,PR01,PRCG20_2200000000,200901,98.7
CGPI,PR01,PRCG20_2200000000,200902,98.2
CGPI,PR01,PRCG20_2200000000,200903,98.0
CGPI,PR01,PRCG20_2200000000,200904,97.4
CGPI,PR01,PRCG20_2200000000,200905,97.0
CGPI,PR01,PRCG20_2200000000,200906,96.7
CGPI,PR01,PRCG20_2200000000,200907,97.1
CGPI,PR01,PRCG20_2200000000,200908,97.0
CGPI,PR01,PRCG20_2200000000,200909,97.1
CGPI,PR01,PRCG20_2200000000,200910,96.4
CGPI,PR01,PRCG20_2200000000,200911,96.4
CGPI,PR01,PRCG20_2200000000,200912,96.5
CGPI,PR01,PRCG20_2200000000,201001,97.1
CGPI,PR01,PRCG20_2200000000,201002,97.1
CGPI,PR01,PRCG20_2200000000,201003,97.1
CGPI,PR01,PRCG20_2200000000,201004,97.4
CGPI,PR01,PRCG20_2200000000,201005,97.4
CGPI,PR01,PRCG20_2200000000,201006,97.1
CGPI,PR01,PRCG20_2200000000,201007,97.1
CGPI,PR01,PRCG20_2200000000,201008,97.0
CGPI,PR01,PRCG20_2200000000,201009,97.0
CGPI,PR01,PRCG20_2200000000,201010,96.9
CGPI,PR01,PRCG20_2200000000,201011,96.8
CGPI,PR01,PRCG20_2200000000,201012,97.3
CGPI,PR01,PRCG20_2200000000,201101,97.7
CGPI,PR01,PRCG20_2200000000,201102,97.8
CGPI,PR01,PRCG20_2200000000,201103,98.3
CGPI,PR01,PRCG20_2200000000,201104,99.1
CGPI,PR01,PRCG20_2200000000,201105,98.9
CGPI,PR01,PRCG20_2200000000,201106,98.9
CGPI,PR01,PRCG20_2200000000,201107,99.2
CGPI,PR01,PRCG20_2200000000,201108,99.1
CGPI,PR01,PRCG20_2200000000,201109,98.9
CGPI,PR01,PRCG20_2200000000,201110,98.1
CGPI,PR01,PRCG20_2200000000,201111,98.0
CGPI,PR01,PRCG20_2200000000,201112,98.0
CGPI,PR01,PRCG20_2200000000,201201,97.9
CGPI,PR01,PRCG20_2200000000,201202,98.1
CGPI,PR01,PRCG20_2200000000,201203,98.6
CGPI,PR01,PRCG20_2200000000,201204,98.4
CGPI,PR01,PRCG20_2200000000,201205,98.0
CGPI,PR01,PRCG20_2200000000,201206,97.5
CGPI,PR01,PRCG20_2200000000,201207,97.1
CGPI,PR01,PRCG20_2200000000,201208,97.2
CGPI,PR01,PRCG20_2200000000,201209,97.5
CGPI,PR01,PRCG20_2200000000,201210,97.1
CGPI,PR01,PRCG20_2200000000,201211,97.0
CGPI,PR01,PRCG20_2200000000,201212,97.4
CGPI,PR01,PRCG20_2200000000,201301,97.6
CGPI,PR01,PRCG20_2200000000,201302,98.0
CGPI,PR01,PRCG20_2200000000,201303,98.1
CGPI,PR01,PRCG20_2200000000,201304,98.5
CGPI,PR01,PRCG20_2200000000,201305,98.6
CGPI,PR01,PRCG20_2200000000,201306,98.6
CGPI,PR01,PRCG20_2200000000,201307,99.1
CGPI,PR01,PRCG20_2200000000,201308,99.4
CGPI,PR01,PRCG20_2200000000,201309,99.7
CGPI,PR01,PRCG20_2200000000,201310,99.5
CGPI,PR01,PRCG20_2200000000,201311,99.5
CGPI,PR01,PRCG20_2200000000,201312,99.8
CGPI,PR01,PRCG20_2200000000,201401,100.0
CGPI,PR01,PRCG20_2200000000,201402,99.8
CGPI,PR01,PRCG20_2200000000,201403,99.8
CGPI,PR01,PRCG20_2200000000,201404,102.7
CGPI,PR01,PRCG20_2200000000,201405,103.0
CGPI,PR01,PRCG20_2200000000,201406,103.1
CGPI,PR01,PRCG20_2200000000,201407,103.5
CGPI,PR01,PRCG20_2200000000,201408,103.4
CGPI,PR01,PRCG20_2200000000,201409,103.3
CGPI,PR01,PRCG20_2200000000,201410,102.3
CGPI,PR01,PRCG20_2200000000,201411,102.1
CGPI,PR01,PRCG20_2200000000,201412,101.6
CGPI,PR01,PRCG20_2200000000,201501,100.3
CGPI,PR01,PRCG20_2200000000,201502,100.3
CGPI,PR01,PRCG20_2200000000,201503,100.5
CGPI,PR01,PRCG20_2200000000,201504,100.5
CGPI,PR01,PRCG20_2200000000,201505,100.7
CGPI,PR01,PRCG20_2200000000,201506,100.6
CGPI,PR01,PRCG20_2200000000,201507,100.2
CGPI,PR01,PRCG20_2200000000,201508,99.5
CGPI,PR01,PRCG20_2200000000,201509,99.1
CGPI,PR01,PRCG20_2200000000,201510,98.4
CGPI,PR01,PRCG20_2200000000,201511,98.4
CGPI,PR01,PRCG20_2200000000,201512,98.0
CGPI,PR01,PRCG20_2200000000,201601,96.9
CGPI,PR01,PRCG20_2200000000,201602,96.6
CGPI,PR01,PRCG20_2200000000,201603,96.5
CGPI,PR01,PRCG20_2200000000,201604,96.1
CGPI,PR01,PRCG20_2200000000,201605,96.1
CGPI,PR01,PRCG20_2200000000,201606,96.1
CGPI,PR01,PRCG20_2200000000,201607,96.0
CGPI,PR01,PRCG20_2200000000,201608,95.7
CGPI,PR01,PRCG20_2200000000,201609,95.8
CGPI,PR01,PRCG20_2200000000,201610,95.7
CGPI,PR01,PRCG20_2200000000,201611,96.1
CGPI,PR01,PRCG20_2200000000,201612,96.8
CGPI,PR01,PRCG20_2200000000,201701,97.4
CGPI,PR01,PRCG20_2200000000,201702,97.6
CGPI,PR01,PRCG20_2200000000,201703,97.9
CGPI,PR01,PRCG20_2200000000,201704,98.1
CGPI,PR01,PRCG20_2200000000,201705,98.1
CGPI,PR01,PRCG20_2200000000,201706,98.2
CGPI,PR01,PRCG20_2200000000,201707,98.4
CGPI,PR01,PRCG20_2200000000,201708,98.4
CGPI,PR01,PRCG20_2200000000,201709,98.7
CGPI,PR01,PRCG20_2200000000,201710,99.1
CGPI,PR01,PRCG20_2200000000,201711,99.5
CGPI,PR01,PRCG20_2200000000,201712,99.7
CGPI,PR01,PRCG20_2200000000,201801,100.0
CGPI,PR01,PRCG20_2200000000,201802,100.0
CGPI,PR01,PRCG20_2200000000,201803,99.9
CGPI,PR01,PRCG20_2200000000,201804,100.3
CGPI,PR01,PRCG20_2200000000,201805,100.8
CGPI,PR01,PRCG20_2200000000,201806,101.1
CGPI,PR01,PRCG20_2200000000,201807,101.5
CGPI,PR01,PRCG20_2200000000,201808,101.5
CGPI,PR01,PRCG20_2200000000,201809,101.7
CGPI,PR01,PRCG20_2200000000,201810,102.1
CGPI,PR01,PRCG20_2200000000,201811,101.7
CGPI,PR01,PRCG20_2200000000,201812,101.1
CGPI,PR01,PRCG20_2200000000,201901,100.5
CGPI,PR01,PRCG20_2200000000,201902,100.9
CGPI,PR01,PRCG20_2200000000,201903,101.2
CGPI,PR01,PRCG20_2200000000,201904,101.6
CGPI,PR01,PRCG20_2200000000,201905,101.4
CGPI,PR01,PRCG20_2200000000,201906,100.9
CGPI,PR01,PRCG20_2200000000,201907,100.8
CGPI,PR01,PRCG20_2200000000,201908,100.6
CGPI,PR01,PRCG20_2200000000,201909,100.6
CGPI,PR01,PRCG20_2200000000,201910,101.7
CGPI,PR01,PRCG20_2200000000,201911,101.8
CGPI,PR01,PRCG20_2200000000,201912,102.0
CGPI,PR01,PRCG20_2200000000,202001,102.1
CGPI,PR01,PRCG20_2200000000,202002,101.7
CGPI,PR01,PRCG20_2200000000,202003,100.8
CGPI,PR01,PRCG20_2200000000,202004,99.2
CGPI,PR01,PRCG20_2200000000,202005,98.7
CGPI,PR01,PRCG20_2200000000,202006,99.3
CGPI,PR01,PRCG20_2200000000,202007,99.8
CGPI,PR01,PRCG20_2200000000,202008,99.9
CGPI,PR01,PRCG20_2200000000,202009,99.8
CGPI,PR01,PRCG20_2200000000,202010,99.5
CGPI,PR01,PRCG20_2200000000,202011,99.4
CGPI,PR01,PRCG20_2200000000,202012,99.8
CGPI,PR01,PRCG20_2200000000,202101,100.3
CGPI,PR01,PRCG20_2200000000,202102,100.8
CGPI,PR01,PRCG20_2200000000,202103,101.8
CGPI,PR01,PRCG20_2200000000,202104,103.0
CGPI,PR01,PRCG20_2200000000,202105,103.6
CGPI,PR01,PRCG20_2200000000,202106,104.3
CGPI,PR01,PRCG20_2200000000,202107,105.4
CGPI,PR01,PRCG20_2200000000,202108,105.6
CGPI,PR01,PRCG20_2200000000,202109,106.0
CGPI,PR01,PRCG20_2200000000,202110,107.7
CGPI,PR01,PRCG20_2200000000,202111,108.4
CGPI,PR01,PRCG20_2200000000,202112,108.4
CGPI,PR01,PRCG20_2200000000,202201,109.5
CGPI,PR01,PRCG20_2200000000,202202,110.4
CGPI,PR01,PRCG20_2200000000,202203,111.5
CGPI,PR01,PRCG20_2200000000,202204,113.5
CGPI,PR01,PRCG20_2200000000,202205,113.5
CGPI,PR01,PRCG20_2200000000,202206,114.5
CGPI,PR01,PRCG20_2200000000,202207,115.4
CGPI,PR01,PRCG20_2200000000,202208,115.9
CGPI,PR01,PRCG20_2200000000,202209,117.0
CGPI,PR01,PRCG20_2200000000,202210,118.2
CGPI,PR01,PRCG20_2200000000,202211,119.2
CGPI,PR01,PRCG20_2200000000,202212,119.9
CGPI,PR01,PRCG20_2200000000,202301,120.0
CGPI,PR01,PRCG20_2200000000,202302,119.7
CGPI,PR01,PRCG20_2200000000,202303,119.8
CGPI,PR01,PRCG20_2200000000,202304,120.4
CGPI,PR01,PRCG20_2200000000,202305,119.6
CGPI,PR01,PRCG20_2200000000,202306,119.6
CGPI,PR01,PRCG20_2200000000,202307,119.7
CGPI,PR01,PRCG20_2200000000,202308,120.0
CGPI,PR01,PRCG20_2200000000,202309,119.8
CGPI,PR01,PRCG20_2200000000,202310,119.6
CGPI,PR01,PRCG20_2200000000,202311,119.9
CGPI,PR01,PRCG20_2200000000,202312,120.2
CGPI,PR01,PRCG20_2200000000,202401,120.4
CGPI,PR01,PRCG20_2200000000,202402,120.6
CGPI,PR01,PRCG20_2200000000,202403,121.0
CGPI,PR01,PRCG20_2200000000,202404,121.8
CGPI,PR01,PRCG20_2200000000,202405,122.7
CGPI,PR01,PRCG20_2200000000,202406,123.0
CGPI,PR01,PRCG20_2200000000,202407,123.6
CGPI,PR01,PRCG20_2200000000,202408,123.2
CGPI,PR01,PRCG20_2200000000,202409,123.6
CGPI,PR01,PRCG20_2200000000,202410,124.2
CGPI,PR01,PRCG20_2200000000,202411,124.6
CGPI,PR01,PRCG20_2200000000,202412,125.1
CGPI,PR01,PRCG20_2200000000,202501,125.5
CGPI,PR01,PRCG20_2200000000,202502,125.8
CGPI,PR01,PRCG20_2200000000,202503,126.2
CGPI,PR01,PRCG20_2200000000,202504,126.6
CGPI,PR01,PRCG20_2200000000,202505,126.5
CGPI,PR01,PRCG20_2200000000,202506,126.4
CGPI,PR01,PRCG20_2200000000,202507,126.7
CGPI,PR01,PRCG20_2200000000,202508,126.5
CGPI,PR01,PRCG20_2200000000,202509,127.1
CGPI,PR01,PRCG20_2200000000,202510,127.7
CGPI,PR01,PRCG20_2200000000,202511,128.1
CGPI,PR01,PRCG20_2200000000,202512,128.2
CGPI,PR01,PRCG20_2200000000,202601,128.6
CGPI,PR01,PRCG20_2200000000,202602,128.6
CGPI,PR01,PRCG20_2200000000,202603,130.0
CGPI,PR01,PRCG20_2200000000,202604,133.6
CGPI,PR01,PRCG20_2200000000,202605,135.1
CGPI,PR01,PRCG20_2200000000,202606,135.8
CGPI,PR01,PRCG20_2200000000,202607,136.4
CGPI,PR01,PRCG20_2200000000,202608,136.1
PFUEL_IMP,PR01,PRCG20_2600520001,196001,18.6
PFUEL_IMP,PR01,PRCG20_2600520001,196002,18.2
PFUEL_IMP,PR01,PRCG20_2600520001,196003,18.2
PFUEL_IMP,PR01,PRCG20_2600520001,196004,18.2
PFUEL_IMP,PR01,PRCG20_2600520001,196005,17.8
PFUEL_IMP,PR01,PRCG20_2600520001,196006,18.2
PFUEL_IMP,PR01,PRCG20_2600520001,196007,17.7
PFUEL_IMP,PR01,PRCG20_2600520001,196008,17.8
PFUEL_IMP,PR01,PRCG20_2600520001,196009,17.7
PFUEL_IMP,PR01,PRCG20_2600520001,196010,17.4
PFUEL_IMP,PR01,PRCG20_2600520001,196011,17.4
PFUEL_IMP,PR01,PRCG20_2600520001,196012,17.4
PFUEL_IMP,PR01,PRCG20_2600520001,196101,17.5
PFUEL_IMP,PR01,PRCG20_2600520001,196102,17.4
PFUEL_IMP,PR01,PRCG20_2600520001,196103,17.5
PFUEL_IMP,PR01,PRCG20_2600520001,196104,17.4
PFUEL_IMP,PR01,PRCG20_2600520001,196105,17.8
PFUEL_IMP,PR01,PRCG20_2600520001,196106,17.4
PFUEL_IMP,PR01,PRCG20_2600520001,196107,17.5
PFUEL_IMP,PR01,PRCG20_2600520001,196108,17.3
PFUEL_IMP,PR01,PRCG20_2600520001,196109,17.0
PFUEL_IMP,PR01,PRCG20_2600520001,196110,17.0
PFUEL_IMP,PR01,PRCG20_2600520001,196111,17.0
PFUEL_IMP,PR01,PRCG20_2600520001,196112,17.0
PFUEL_IMP,PR01,PRCG20_2600520001,196201,16.9
PFUEL_IMP,PR01,PRCG20_2600520001,196202,16.9
PFUEL_IMP,PR01,PRCG20_2600520001,196203,16.9
PFUEL_IMP,PR01,PRCG20_2600520001,196204,16.9
PFUEL_IMP,PR01,PRCG20_2600520001,196205,16.9
PFUEL_IMP,PR01,PRCG20_2600520001,196206,16.9
PFUEL_IMP,PR01,PRCG20_2600520001,196207,16.9
PFUEL_IMP,PR01,PRCG20_2600520001,196208,16.9
PFUEL_IMP,PR01,PRCG20_2600520001,196209,16.9
PFUEL_IMP,PR01,PRCG20_2600520001,196210,16.9
PFUEL_IMP,PR01,PRCG20_2600520001,196211,16.9
PFUEL_IMP,PR01,PRCG20_2600520001,196212,16.9
PFUEL_IMP,PR01,PRCG20_2600520001,196301,16.9
PFUEL_IMP,PR01,PRCG20_2600520001,196302,16.6
PFUEL_IMP,PR01,PRCG20_2600520001,196303,16.9
PFUEL_IMP,PR01,PRCG20_2600520001,196304,16.9
PFUEL_IMP,PR01,PRCG20_2600520001,196305,16.9
PFUEL_IMP,PR01,PRCG20_2600520001,196306,16.9
PFUEL_IMP,PR01,PRCG20_2600520001,196307,16.9
PFUEL_IMP,PR01,PRCG20_2600520001,196308,16.6
PFUEL_IMP,PR01,PRCG20_2600520001,196309,16.5
PFUEL_IMP,PR01,PRCG20_2600520001,196310,16.5
PFUEL_IMP,PR01,PRCG20_2600520001,196311,16.6
PFUEL_IMP,PR01,PRCG20_2600520001,196312,16.9
PFUEL_IMP,PR01,PRCG20_2600520001,196401,16.9
PFUEL_IMP,PR01,PRCG20_2600520001,196402,16.9
PFUEL_IMP,PR01,PRCG20_2600520001,196403,16.9
PFUEL_IMP,PR01,PRCG20_2600520001,196404,16.9
PFUEL_IMP,PR01,PRCG20_2600520001,196405,16.9
PFUEL_IMP,PR01,PRCG20_2600520001,196406,16.6
PFUEL_IMP,PR01,PRCG20_2600520001,196407,16.6
PFUEL_IMP,PR01,PRCG20_2600520001,196408,16.5
PFUEL_IMP,PR01,PRCG20_2600520001,196409,16.2
PFUEL_IMP,PR01,PRCG20_2600520001,196410,16.2
PFUEL_IMP,PR01,PRCG20_2600520001,196411,16.2
PFUEL_IMP,PR01,PRCG20_2600520001,196412,16.5
PFUEL_IMP,PR01,PRCG20_2600520001,196501,16.5
PFUEL_IMP,PR01,PRCG20_2600520001,196502,16.5
PFUEL_IMP,PR01,PRCG20_2600520001,196503,16.2
PFUEL_IMP,PR01,PRCG20_2600520001,196504,16.2
PFUEL_IMP,PR01,PRCG20_2600520001,196505,16.2
PFUEL_IMP,PR01,PRCG20_2600520001,196506,16.5
PFUEL_IMP,PR01,PRCG20_2600520001,196507,16.5
PFUEL_IMP,PR01,PRCG20_2600520001,196508,16.5
PFUEL_IMP,PR01,PRCG20_2600520001,196509,16.5
PFUEL_IMP,PR01,PRCG20_2600520001,196510,16.1
PFUEL_IMP,PR01,PRCG20_2600520001,196511,16.1
PFUEL_IMP,PR01,PRCG20_2600520001,196512,16.1
PFUEL_IMP,PR01,PRCG20_2600520001,196601,16.2
PFUEL_IMP,PR01,PRCG20_2600520001,196602,16.5
PFUEL_IMP,PR01,PRCG20_2600520001,196603,16.5
PFUEL_IMP,PR01,PRCG20_2600520001,196604,16.5
PFUEL_IMP,PR01,PRCG20_2600520001,196605,16.1
PFUEL_IMP,PR01,PRCG20_2600520001,196606,15.9
PFUEL_IMP,PR01,PRCG20_2600520001,196607,15.9
PFUEL_IMP,PR01,PRCG20_2600520001,196608,15.9
PFUEL_IMP,PR01,PRCG20_2600520001,196609,15.9
PFUEL_IMP,PR01,PRCG20_2600520001,196610,15.9
PFUEL_IMP,PR01,PRCG20_2600520001,196611,15.9
PFUEL_IMP,PR01,PRCG20_2600520001,196612,15.9
PFUEL_IMP,PR01,PRCG20_2600520001,196701,15.7
PFUEL_IMP,PR01,PRCG20_2600520001,196702,15.7
PFUEL_IMP,PR01,PRCG20_2600520001,196703,15.4
PFUEL_IMP,PR01,PRCG20_2600520001,196704,15.4
PFUEL_IMP,PR01,PRCG20_2600520001,196705,15.3
PFUEL_IMP,PR01,PRCG20_2600520001,196706,15.0
PFUEL_IMP,PR01,PRCG20_2600520001,196707,15.0
PFUEL_IMP,PR01,PRCG20_2600520001,196708,15.4
PFUEL_IMP,PR01,PRCG20_2600520001,196709,15.9
PFUEL_IMP,PR01,PRCG20_2600520001,196710,16.5
PFUEL_IMP,PR01,PRCG20_2600520001,196711,16.5
PFUEL_IMP,PR01,PRCG20_2600520001,196712,16.9
PFUEL_IMP,PR01,PRCG20_2600520001,196801,16.9
PFUEL_IMP,PR01,PRCG20_2600520001,196802,16.6
PFUEL_IMP,PR01,PRCG20_2600520001,196803,16.1
PFUEL_IMP,PR01,PRCG20_2600520001,196804,16.2
PFUEL_IMP,PR01,PRCG20_2600520001,196805,16.1
PFUEL_IMP,PR01,PRCG20_2600520001,196806,15.4
PFUEL_IMP,PR01,PRCG20_2600520001,196807,15.4
PFUEL_IMP,PR01,PRCG20_2600520001,196808,15.3
PFUEL_IMP,PR01,PRCG20_2600520001,196809,15.0
PFUEL_IMP,PR01,PRCG20_2600520001,196810,15.0
PFUEL_IMP,PR01,PRCG20_2600520001,196811,15.3
PFUEL_IMP,PR01,PRCG20_2600520001,196812,15.3
PFUEL_IMP,PR01,PRCG20_2600520001,196901,15.3
PFUEL_IMP,PR01,PRCG20_2600520001,196902,15.4
PFUEL_IMP,PR01,PRCG20_2600520001,196903,15.3
PFUEL_IMP,PR01,PRCG20_2600520001,196904,15.3
PFUEL_IMP,PR01,PRCG20_2600520001,196905,15.4
PFUEL_IMP,PR01,PRCG20_2600520001,196906,15.3
PFUEL_IMP,PR01,PRCG20_2600520001,196907,15.0
PFUEL_IMP,PR01,PRCG20_2600520001,196908,15.0
PFUEL_IMP,PR01,PRCG20_2600520001,196909,14.9
PFUEL_IMP,PR01,PRCG20_2600520001,196910,14.7
PFUEL_IMP,PR01,PRCG20_2600520001,196911,14.9
PFUEL_IMP,PR01,PRCG20_2600520001,196912,14.9
PFUEL_IMP,PR01,PRCG20_2600520001,197001,14.9
PFUEL_IMP,PR01,PRCG20_2600520001,197002,14.9
PFUEL_IMP,PR01,PRCG20_2600520001,197003,14.9
PFUEL_IMP,PR01,PRCG20_2600520001,197004,14.9
PFUEL_IMP,PR01,PRCG20_2600520001,197005,15.3
PFUEL_IMP,PR01,PRCG20_2600520001,197006,15.4
PFUEL_IMP,PR01,PRCG20_2600520001,197007,15.3
PFUEL_IMP,PR01,PRCG20_2600520001,197008,15.4
PFUEL_IMP,PR01,PRCG20_2600520001,197009,15.4
PFUEL_IMP,PR01,PRCG20_2600520001,197010,15.4
PFUEL_IMP,PR01,PRCG20_2600520001,197011,15.7
PFUEL_IMP,PR01,PRCG20_2600520001,197012,15.9
PFUEL_IMP,PR01,PRCG20_2600520001,197101,16.5
PFUEL_IMP,PR01,PRCG20_2600520001,197102,16.5
PFUEL_IMP,PR01,PRCG20_2600520001,197103,16.9
PFUEL_IMP,PR01,PRCG20_2600520001,197104,17.3
PFUEL_IMP,PR01,PRCG20_2600520001,197105,17.9
PFUEL_IMP,PR01,PRCG20_2600520001,197106,18.3
PFUEL_IMP,PR01,PRCG20_2600520001,197107,18.6
PFUEL_IMP,PR01,PRCG20_2600520001,197108,18.6
PFUEL_IMP,PR01,PRCG20_2600520001,197109,18.2
PFUEL_IMP,PR01,PRCG20_2600520001,197110,18.2
PFUEL_IMP,PR01,PRCG20_2600520001,197111,17.8
PFUEL_IMP,PR01,PRCG20_2600520001,197112,17.4
PFUEL_IMP,PR01,PRCG20_2600520001,197201,17.3
PFUEL_IMP,PR01,PRCG20_2600520001,197202,17.0
PFUEL_IMP,PR01,PRCG20_2600520001,197203,16.9
PFUEL_IMP,PR01,PRCG20_2600520001,197204,17.3
PFUEL_IMP,PR01,PRCG20_2600520001,197205,17.4
PFUEL_IMP,PR01,PRCG20_2600520001,197206,17.4
PFUEL_IMP,PR01,PRCG20_2600520001,197207,17.3
PFUEL_IMP,PR01,PRCG20_2600520001,197208,17.0
PFUEL_IMP,PR01,PRCG20_2600520001,197209,17.0
PFUEL_IMP,PR01,PRCG20_2600520001,197210,16.9
PFUEL_IMP,PR01,PRCG20_2600520001,197211,16.9
PFUEL_IMP,PR01,PRCG20_2600520001,197212,17.0
PFUEL_IMP,PR01,PRCG20_2600520001,197301,17.3
PFUEL_IMP,PR01,PRCG20_2600520001,197302,16.5
PFUEL_IMP,PR01,PRCG20_2600520001,197303,16.2
PFUEL_IMP,PR01,PRCG20_2600520001,197304,16.2
PFUEL_IMP,PR01,PRCG20_2600520001,197305,16.9
PFUEL_IMP,PR01,PRCG20_2600520001,197306,17.3
PFUEL_IMP,PR01,PRCG20_2600520001,197307,17.7
PFUEL_IMP,PR01,PRCG20_2600520001,197308,18.2
PFUEL_IMP,PR01,PRCG20_2600520001,197309,18.6
PFUEL_IMP,PR01,PRCG20_2600520001,197310,19.3
PFUEL_IMP,PR01,PRCG20_2600520001,197311,22.9
PFUEL_IMP,PR01,PRCG20_2600520001,197312,24.2
PFUEL_IMP,PR01,PRCG20_2600520001,197401,30.7
PFUEL_IMP,PR01,PRCG20_2600520001,197402,47.0
PFUEL_IMP,PR01,PRCG20_2600520001,197403,47.9
PFUEL_IMP,PR01,PRCG20_2600520001,197404,50.1
PFUEL_IMP,PR01,PRCG20_2600520001,197405,53.0
PFUEL_IMP,PR01,PRCG20_2600520001,197406,55.3
PFUEL_IMP,PR01,PRCG20_2600520001,197407,57.9
PFUEL_IMP,PR01,PRCG20_2600520001,197408,60.5
PFUEL_IMP,PR01,PRCG20_2600520001,197409,60.8
PFUEL_IMP,PR01,PRCG20_2600520001,197410,60.9
PFUEL_IMP,PR01,PRCG20_2600520001,197411,62.0
PFUEL_IMP,PR01,PRCG20_2600520001,197412,62.9
PFUEL_IMP,PR01,PRCG20_2600520001,197501,63.3
PFUEL_IMP,PR01,PRCG20_2600520001,197502,62.8
PFUEL_IMP,PR01,PRCG20_2600520001,197503,61.5
PFUEL_IMP,PR01,PRCG20_2600520001,197504,62.4
PFUEL_IMP,PR01,PRCG20_2600520001,197505,62.8
PFUEL_IMP,PR01,PRCG20_2600520001,197506,63.6
PFUEL_IMP,PR01,PRCG20_2600520001,197507,64.2
PFUEL_IMP,PR01,PRCG20_2600520001,197508,64.6
PFUEL_IMP,PR01,PRCG20_2600520001,197509,65.0
PFUEL_IMP,PR01,PRCG20_2600520001,197510,66.7
PFUEL_IMP,PR01,PRCG20_2600520001,197511,68.6
PFUEL_IMP,PR01,PRCG20_2600520001,197512,70.3
PFUEL_IMP,PR01,PRCG20_2600520001,197601,70.7
PFUEL_IMP,PR01,PRCG20_2600520001,197602,70.7
PFUEL_IMP,PR01,PRCG20_2600520001,197603,70.4
PFUEL_IMP,PR01,PRCG20_2600520001,197604,70.3
PFUEL_IMP,PR01,PRCG20_2600520001,197605,70.2
PFUEL_IMP,PR01,PRCG20_2600520001,197606,70.2
PFUEL_IMP,PR01,PRCG20_2600520001,197607,69.4
PFUEL_IMP,PR01,PRCG20_2600520001,197608,68.4
PFUEL_IMP,PR01,PRCG20_2600520001,197609,67.6
PFUEL_IMP,PR01,PRCG20_2600520001,197610,68.0
PFUEL_IMP,PR01,PRCG20_2600520001,197611,68.8
PFUEL_IMP,PR01,PRCG20_2600520001,197612,68.6
PFUEL_IMP,PR01,PRCG20_2600520001,197701,68.4
PFUEL_IMP,PR01,PRCG20_2600520001,197702,69.2
PFUEL_IMP,PR01,PRCG20_2600520001,197703,68.8
PFUEL_IMP,PR01,PRCG20_2600520001,197704,68.2
PFUEL_IMP,PR01,PRCG20_2600520001,197705,68.4
PFUEL_IMP,PR01,PRCG20_2600520001,197706,68.0
PFUEL_IMP,PR01,PRCG20_2600520001,197707,66.4
PFUEL_IMP,PR01,PRCG20_2600520001,197708,67.0
PFUEL_IMP,PR01,PRCG20_2600520001,197709,67.1
PFUEL_IMP,PR01,PRCG20_2600520001,197710,65.4
PFUEL_IMP,PR01,PRCG20_2600520001,197711,62.8
PFUEL_IMP,PR01,PRCG20_2600520001,197712,61.5
PFUEL_IMP,PR01,PRCG20_2600520001,197801,61.2
PFUEL_IMP,PR01,PRCG20_2600520001,197802,61.2
PFUEL_IMP,PR01,PRCG20_2600520001,197803,59.9
PFUEL_IMP,PR01,PRCG20_2600520001,197804,56.8
PFUEL_IMP,PR01,PRCG20_2600520001,197805,57.6
PFUEL_IMP,PR01,PRCG20_2600520001,197806,55.8
PFUEL_IMP,PR01,PRCG20_2600520001,197807,51.6
PFUEL_IMP,PR01,PRCG20_2600520001,197808,48.6
PFUEL_IMP,PR01,PRCG20_2600520001,197809,48.8
PFUEL_IMP,PR01,PRCG20_2600520001,197810,47.8
PFUEL_IMP,PR01,PRCG20_2600520001,197811,48.8
PFUEL_IMP,PR01,PRCG20_2600520001,197812,50.2
PFUEL_IMP,PR01,PRCG20_2600520001,197901,50.8
PFUEL_IMP,PR01,PRCG20_2600520001,197902,52.2
PFUEL_IMP,PR01,PRCG20_2600520001,197903,54.0
PFUEL_IMP,PR01,PRCG20_2600520001,197904,57.7
PFUEL_IMP,PR01,PRCG20_2600520001,197905,64.6
PFUEL_IMP,PR01,PRCG20_2600520001,197906,66.6
PFUEL_IMP,PR01,PRCG20_2600520001,197907,72.1
PFUEL_IMP,PR01,PRCG20_2600520001,197908,78.9
PFUEL_IMP,PR01,PRCG20_2600520001,197909,81.7
PFUEL_IMP,PR01,PRCG20_2600520001,197910,84.8
PFUEL_IMP,PR01,PRCG20_2600520001,197911,93.1
PFUEL_IMP,PR01,PRCG20_2600520001,197912,101.9
PFUEL_IMP,PR01,PRCG20_2600520001,198001,113.0
PFUEL_IMP,PR01,PRCG20_2600520001,198002,123.1
PFUEL_IMP,PR01,PRCG20_2600520001,198003,127.6
PFUEL_IMP,PR01,PRCG20_2600520001,198004,131.4
PFUEL_IMP,PR01,PRCG20_2600520001,198005,125.1
PFUEL_IMP,PR01,PRCG20_2600520001,198006,122.1
PFUEL_IMP,PR01,PRCG20_2600520001,198007,123.3
PFUEL_IMP,PR01,PRCG20_2600520001,198008,127.1
PFUEL_IMP,PR01,PRCG20_2600520001,198009,124.0
PFUEL_IMP,PR01,PRCG20_2600520001,198010,121.7
PFUEL_IMP,PR01,PRCG20_2600520001,198011,123.1
PFUEL_IMP,PR01,PRCG20_2600520001,198012,123.3
PFUEL_IMP,PR01,PRCG20_2600520001,198101,122.1
PFUEL_IMP,PR01,PRCG20_2600520001,198102,126.0
PFUEL_IMP,PR01,PRCG20_2600520001,198103,129.1
PFUEL_IMP,PR01,PRCG20_2600520001,198104,132.1
PFUEL_IMP,PR01,PRCG20_2600520001,198105,136.5
PFUEL_IMP,PR01,PRCG20_2600520001,198106,138.9
PFUEL_IMP,PR01,PRCG20_2600520001,198107,141.0
PFUEL_IMP,PR01,PRCG20_2600520001,198108,142.5
PFUEL_IMP,PR01,PRCG20_2600520001,198109,141.3
PFUEL_IMP,PR01,PRCG20_2600520001,198110,142.1
PFUEL_IMP,PR01,PRCG20_2600520001,198111,140.5
PFUEL_IMP,PR01,PRCG20_2600520001,198112,137.7
PFUEL_IMP,PR01,PRCG20_2600520001,198201,138.9
PFUEL_IMP,PR01,PRCG20_2600520001,198202,143.6
PFUEL_IMP,PR01,PRCG20_2600520001,198203,146.0
PFUEL_IMP,PR01,PRCG20_2600520001,198204,147.7
PFUEL_IMP,PR01,PRCG20_2600520001,198205,144.1
PFUEL_IMP,PR01,PRCG20_2600520001,198206,148.8
PFUEL_IMP,PR01,PRCG20_2600520001,198207,153.1
PFUEL_IMP,PR01,PRCG20_2600520001,198208,155.1
PFUEL_IMP,PR01,PRCG20_2600520001,198209,156.8
PFUEL_IMP,PR01,PRCG20_2600520001,198210,160.3
PFUEL_IMP,PR01,PRCG20_2600520001,198211,159.0
PFUEL_IMP,PR01,PRCG20_2600520001,198212,149.5
PFUEL_IMP,PR01,PRCG20_2600520001,198301,144.0
PFUEL_IMP,PR01,PRCG20_2600520001,198302,144.0
PFUEL_IMP,PR01,PRCG20_2600520001,198303,138.1
PFUEL_IMP,PR01,PRCG20_2600520001,198304,134.7
PFUEL_IMP,PR01,PRCG20_2600520001,198305,128.2
PFUEL_IMP,PR01,PRCG20_2600520001,198306,129.8
PFUEL_IMP,PR01,PRCG20_2600520001,198307,129.6
PFUEL_IMP,PR01,PRCG20_2600520001,198308,130.8
PFUEL_IMP,PR01,PRCG20_2600520001,198309,130.3
PFUEL_IMP,PR01,PRCG20_2600520001,198310,126.8
PFUEL_IMP,PR01,PRCG20_2600520001,198311,126.8
PFUEL_IMP,PR01,PRCG20_2600520001,198312,126.3
PFUEL_IMP,PR01,PRCG20_2600520001,198401,126.0
PFUEL_IMP,PR01,PRCG20_2600520001,198402,125.5
PFUEL_IMP,PR01,PRCG20_2600520001,198403,122.8
PFUEL_IMP,PR01,PRCG20_2600520001,198404,121.7
PFUEL_IMP,PR01,PRCG20_2600520001,198405,122.9
PFUEL_IMP,PR01,PRCG20_2600520001,198406,123.5
PFUEL_IMP,PR01,PRCG20_2600520001,198407,126.3
PFUEL_IMP,PR01,PRCG20_2600520001,198408,127.5
PFUEL_IMP,PR01,PRCG20_2600520001,198409,128.7
PFUEL_IMP,PR01,PRCG20_2600520001,198410,129.5
PFUEL_IMP,PR01,PRCG20_2600520001,198411,128.2
PFUEL_IMP,PR01,PRCG20_2600520001,198412,129.1
PFUEL_IMP,PR01,PRCG20_2600520001,198501,134.6
PFUEL_IMP,PR01,PRCG20_2600520001,198502,136.9
PFUEL_IMP,PR01,PRCG20_2600520001,198503,135.5
PFUEL_IMP,PR01,PRCG20_2600520001,198504,132.3
PFUEL_IMP,PR01,PRCG20_2600520001,198505,132.1
PFUEL_IMP,PR01,PRCG20_2600520001,198506,130.7
PFUEL_IMP,PR01,PRCG20_2600520001,198507,127.2
PFUEL_IMP,PR01,PRCG20_2600520001,198508,124.3
PFUEL_IMP,PR01,PRCG20_2600520001,198509,123.9
PFUEL_IMP,PR01,PRCG20_2600520001,198510,116.8
PFUEL_IMP,PR01,PRCG20_2600520001,198511,111.8
PFUEL_IMP,PR01,PRCG20_2600520001,198512,110.8
PFUEL_IMP,PR01,PRCG20_2600520001,198601,109.3
PFUEL_IMP,PR01,PRCG20_2600520001,198602,100.4
PFUEL_IMP,PR01,PRCG20_2600520001,198603,80.1
PFUEL_IMP,PR01,PRCG20_2600520001,198604,67.2
PFUEL_IMP,PR01,PRCG20_2600520001,198605,57.5
PFUEL_IMP,PR01,PRCG20_2600520001,198606,56.1
PFUEL_IMP,PR01,PRCG20_2600520001,198607,50.6
PFUEL_IMP,PR01,PRCG20_2600520001,198608,44.5
PFUEL_IMP,PR01,PRCG20_2600520001,198609,45.3
PFUEL_IMP,PR01,PRCG20_2600520001,198610,49.6
PFUEL_IMP,PR01,PRCG20_2600520001,198611,51.6
PFUEL_IMP,PR01,PRCG20_2600520001,198612,52.5
PFUEL_IMP,PR01,PRCG20_2600520001,198701,53.6
PFUEL_IMP,PR01,PRCG20_2600520001,198702,56.8
PFUEL_IMP,PR01,PRCG20_2600520001,198703,57.1
PFUEL_IMP,PR01,PRCG20_2600520001,198704,54.9
PFUEL_IMP,PR01,PRCG20_2600520001,198705,54.9
PFUEL_IMP,PR01,PRCG20_2600520001,198706,56.1
PFUEL_IMP,PR01,PRCG20_2600520001,198707,57.7
PFUEL_IMP,PR01,PRCG20_2600520001,198708,57.9
PFUEL_IMP,PR01,PRCG20_2600520001,198709,56.5
PFUEL_IMP,PR01,PRCG20_2600520001,198710,56.5
PFUEL_IMP,PR01,PRCG20_2600520001,198711,54.5
PFUEL_IMP,PR01,PRCG20_2600520001,198712,52.4
PFUEL_IMP,PR01,PRCG20_2600520001,198801,50.8
PFUEL_IMP,PR01,PRCG20_2600520001,198802,50.8
PFUEL_IMP,PR01,PRCG20_2600520001,198803,50.1
PFUEL_IMP,PR01,PRCG20_2600520001,198804,48.3
PFUEL_IMP,PR01,PRCG20_2600520001,198805,46.9
PFUEL_IMP,PR01,PRCG20_2600520001,198806,46.9
PFUEL_IMP,PR01,PRCG20_2600520001,198807,47.8
PFUEL_IMP,PR01,PRCG20_2600520001,198808,46.9
PFUEL_IMP,PR01,PRCG20_2600520001,198809,46.5
PFUEL_IMP,PR01,PRCG20_2600520001,198810,44.1
PFUEL_IMP,PR01,PRCG20_2600520001,198811,40.4
PFUEL_IMP,PR01,PRCG20_2600520001,198812,39.8
PFUEL_IMP,PR01,PRCG20_2600520001,198901,42.3
PFUEL_IMP,PR01,PRCG20_2600520001,198902,45.9
PFUEL_IMP,PR01,PRCG20_2600520001,198903,46.9
PFUEL_IMP,PR01,PRCG20_2600520001,198904,49.3
PFUEL_IMP,PR01,PRCG20_2600520001,198905,52.0
PFUEL_IMP,PR01,PRCG20_2600520001,198906,53.7
PFUEL_IMP,PR01,PRCG20_2600520001,198907,53.0
PFUEL_IMP,PR01,PRCG20_2600520001,198908,52.9
PFUEL_IMP,PR01,PRCG20_2600520001,198909,53.4
PFUEL_IMP,PR01,PRCG20_2600520001,198910,53.3
PFUEL_IMP,PR01,PRCG20_2600520001,198911,54.0
PFUEL_IMP,PR01,PRCG20_2600520001,198912,54.8
PFUEL_IMP,PR01,PRCG20_2600520001,199001,56.1
PFUEL_IMP,PR01,PRCG20_2600520001,199002,57.6
PFUEL_IMP,PR01,PRCG20_2600520001,199003,59.1
PFUEL_IMP,PR01,PRCG20_2600520001,199004,59.7
PFUEL_IMP,PR01,PRCG20_2600520001,199005,56.1
PFUEL_IMP,PR01,PRCG20_2600520001,199006,54.4
PFUEL_IMP,PR01,PRCG20_2600520001,199007,52.0
PFUEL_IMP,PR01,PRCG20_2600520001,199008,54.1
PFUEL_IMP,PR01,PRCG20_2600520001,199009,65.1
PFUEL_IMP,PR01,PRCG20_2600520001,199010,78.5
PFUEL_IMP,PR01,PRCG20_2600520001,199011,82.9
PFUEL_IMP,PR01,PRCG20_2600520001,199012,81.3
PFUEL_IMP,PR01,PRCG20_2600520001,199101,74.3
PFUEL_IMP,PR01,PRCG20_2600520001,199102,64.8
PFUEL_IMP,PR01,PRCG20_2600520001,199103,57.6
PFUEL_IMP,PR01,PRCG20_2600520001,199104,54.8
PFUEL_IMP,PR01,PRCG20_2600520001,199105,54.2
PFUEL_IMP,PR01,PRCG20_2600520001,199106,55.0
PFUEL_IMP,PR01,PRCG20_2600520001,199107,53.4
PFUEL_IMP,PR01,PRCG20_2600520001,199108,53.3
PFUEL_IMP,PR01,PRCG20_2600520001,199109,53.4
PFUEL_IMP,PR01,PRCG20_2600520001,199110,53.6
PFUEL_IMP,PR01,PRCG20_2600520001,199111,54.8
PFUEL_IMP,PR01,PRCG20_2600520001,199112,54.5
PFUEL_IMP,PR01,PRCG20_2600520001,199201,50.6
PFUEL_IMP,PR01,PRCG20_2600520001,199202,50.0
PFUEL_IMP,PR01,PRCG20_2600520001,199203,50.1
PFUEL_IMP,PR01,PRCG20_2600520001,199204,50.2
PFUEL_IMP,PR01,PRCG20_2600520001,199205,50.6
PFUEL_IMP,PR01,PRCG20_2600520001,199206,50.9
PFUEL_IMP,PR01,PRCG20_2600520001,199207,52.8
PFUEL_IMP,PR01,PRCG20_2600520001,199208,53.6
PFUEL_IMP,PR01,PRCG20_2600520001,199209,51.3
PFUEL_IMP,PR01,PRCG20_2600520001,199210,50.2
PFUEL_IMP,PR01,PRCG20_2600520001,199211,50.9
PFUEL_IMP,PR01,PRCG20_2600520001,199212,50.5
PFUEL_IMP,PR01,PRCG20_2600520001,199301,49.0
PFUEL_IMP,PR01,PRCG20_2600520001,199302,46.9
PFUEL_IMP,PR01,PRCG20_2600520001,199303,45.5
PFUEL_IMP,PR01,PRCG20_2600520001,199304,44.6
PFUEL_IMP,PR01,PRCG20_2600520001,199305,44.1
PFUEL_IMP,PR01,PRCG20_2600520001,199306,43.0
PFUEL_IMP,PR01,PRCG20_2600520001,199307,41.8
PFUEL_IMP,PR01,PRCG20_2600520001,199308,38.6
PFUEL_IMP,PR01,PRCG20_2600520001,199309,38.0
PFUEL_IMP,PR01,PRCG20_2600520001,199310,37.6
PFUEL_IMP,PR01,PRCG20_2600520001,199311,38.6
PFUEL_IMP,PR01,PRCG20_2600520001,199312,37.8
PFUEL_IMP,PR01,PRCG20_2600520001,199401,36.3
PFUEL_IMP,PR01,PRCG20_2600520001,199402,35.2
PFUEL_IMP,PR01,PRCG20_2600520001,199403,34.8
PFUEL_IMP,PR01,PRCG20_2600520001,199404,33.9
PFUEL_IMP,PR01,PRCG20_2600520001,199405,35.0
PFUEL_IMP,PR01,PRCG20_2600520001,199406,35.8
PFUEL_IMP,PR01,PRCG20_2600520001,199407,36.0
PFUEL_IMP,PR01,PRCG20_2600520001,199408,37.6
PFUEL_IMP,PR01,PRCG20_2600520001,199409,37.2
PFUEL_IMP,PR01,PRCG20_2600520001,199410,36.3
PFUEL_IMP,PR01,PRCG20_2600520001,199411,35.9
PFUEL_IMP,PR01,PRCG20_2600520001,199412,37.0
PFUEL_IMP,PR01,PRCG20_2600520001,199501,37.2
PFUEL_IMP,PR01,PRCG20_2600520001,199502,37.6
PFUEL_IMP,PR01,PRCG20_2600520001,199503,36.7
PFUEL_IMP,PR01,PRCG20_2600520001,199504,34.0
PFUEL_IMP,PR01,PRCG20_2600520001,199505,34.4
PFUEL_IMP,PR01,PRCG20_2600520001,199506,34.4
PFUEL_IMP,PR01,PRCG20_2600520001,199507,33.9
PFUEL_IMP,PR01,PRCG20_2600520001,199508,35.0
PFUEL_IMP,PR01,PRCG20_2600520001,199509,37.2
PFUEL_IMP,PR01,PRCG20_2600520001,199510,38.0
PFUEL_IMP,PR01,PRCG20_2600520001,199511,38.0
PFUEL_IMP,PR01,PRCG20_2600520001,199512,38.7
PFUEL_IMP,PR01,PRCG20_2600520001,199601,42.3
PFUEL_IMP,PR01,PRCG20_2600520001,199602,42.7
PFUEL_IMP,PR01,PRCG20_2600520001,199603,42.3
PFUEL_IMP,PR01,PRCG20_2600520001,199604,44.1
PFUEL_IMP,PR01,PRCG20_2600520001,199605,44.3
PFUEL_IMP,PR01,PRCG20_2600520001,199606,44.7
PFUEL_IMP,PR01,PRCG20_2600520001,199607,45.3
PFUEL_IMP,PR01,PRCG20_2600520001,199608,45.3
PFUEL_IMP,PR01,PRCG20_2600520001,199609,46.9
PFUEL_IMP,PR01,PRCG20_2600520001,199610,50.6
PFUEL_IMP,PR01,PRCG20_2600520001,199611,53.6
PFUEL_IMP,PR01,PRCG20_2600520001,199612,54.9
PFUEL_IMP,PR01,PRCG20_2600520001,199701,58.4
PFUEL_IMP,PR01,PRCG20_2600520001,199702,61.5
PFUEL_IMP,PR01,PRCG20_2600520001,199703,58.4
PFUEL_IMP,PR01,PRCG20_2600520001,199704,56.3
PFUEL_IMP,PR01,PRCG20_2600520001,199705,52.4
PFUEL_IMP,PR01,PRCG20_2600520001,199706,50.1
PFUEL_IMP,PR01,PRCG20_2600520001,199707,48.3
PFUEL_IMP,PR01,PRCG20_2600520001,199708,48.3
PFUEL_IMP,PR01,PRCG20_2600520001,199709,49.6
PFUEL_IMP,PR01,PRCG20_2600520001,199710,50.1
PFUEL_IMP,PR01,PRCG20_2600520001,199711,52.6
PFUEL_IMP,PR01,PRCG20_2600520001,199712,54.4
PFUEL_IMP,PR01,PRCG20_2600520001,199801,52.0
PFUEL_IMP,PR01,PRCG20_2600520001,199802,45.7
PFUEL_IMP,PR01,PRCG20_2600520001,199803,42.1
PFUEL_IMP,PR01,PRCG20_2600520001,199804,40.8
PFUEL_IMP,PR01,PRCG20_2600520001,199805,41.9
PFUEL_IMP,PR01,PRCG20_2600520001,199806,43.8
PFUEL_IMP,PR01,PRCG20_2600520001,199807,42.2
PFUEL_IMP,PR01,PRCG20_2600520001,199808,42.7
PFUEL_IMP,PR01,PRCG20_2600520001,199809,41.0
PFUEL_IMP,PR01,PRCG20_2600520001,199810,39.1
PFUEL_IMP,PR01,PRCG20_2600520001,199811,38.0
PFUEL_IMP,PR01,PRCG20_2600520001,199812,36.4
PFUEL_IMP,PR01,PRCG20_2600520001,199901,33.5
PFUEL_IMP,PR01,PRCG20_2600520001,199902,33.9
PFUEL_IMP,PR01,PRCG20_2600520001,199903,33.6
PFUEL_IMP,PR01,PRCG20_2600520001,199904,35.2
PFUEL_IMP,PR01,PRCG20_2600520001,199905,38.4
PFUEL_IMP,PR01,PRCG20_2600520001,199906,40.3
PFUEL_IMP,PR01,PRCG20_2600520001,199907,41.8
PFUEL_IMP,PR01,PRCG20_2600520001,199908,43.8
PFUEL_IMP,PR01,PRCG20_2600520001,199909,45.0
PFUEL_IMP,PR01,PRCG20_2600520001,199910,47.3
PFUEL_IMP,PR01,PRCG20_2600520001,199911,48.2
PFUEL_IMP,PR01,PRCG20_2600520001,199912,49.3
PFUEL_IMP,PR01,PRCG20_2600520001,200001,51.0
PFUEL_IMP,PR01,PRCG20_2600520001,200002,54.2
PFUEL_IMP,PR01,PRCG20_2600520001,200003,54.6
PFUEL_IMP,PR01,PRCG20_2600520001,200004,54.6
PFUEL_IMP,PR01,PRCG20_2600520001,200005,53.7
PFUEL_IMP,PR01,PRCG20_2600520001,200006,54.8
PFUEL_IMP,PR01,PRCG20_2600520001,200007,58.4
PFUEL_IMP,PR01,PRCG20_2600520001,200008,59.3
PFUEL_IMP,PR01,PRCG20_2600520001,200009,59.2
PFUEL_IMP,PR01,PRCG20_2600520001,200010,63.2
PFUEL_IMP,PR01,PRCG20_2600520001,200011,64.3
PFUEL_IMP,PR01,PRCG20_2600520001,200012,65.0
PFUEL_IMP,PR01,PRCG20_2600520001,200101,60.5
PFUEL_IMP,PR01,PRCG20_2600520001,200102,59.2
PFUEL_IMP,PR01,PRCG20_2600520001,200103,63.3
PFUEL_IMP,PR01,PRCG20_2600520001,200104,64.6
PFUEL_IMP,PR01,PRCG20_2600520001,200105,63.8
PFUEL_IMP,PR01,PRCG20_2600520001,200106,65.0
PFUEL_IMP,PR01,PRCG20_2600520001,200107,66.3
PFUEL_IMP,PR01,PRCG20_2600520001,200108,62.8
PFUEL_IMP,PR01,PRCG20_2600520001,200109,60.4
PFUEL_IMP,PR01,PRCG20_2600520001,200110,61.1
PFUEL_IMP,PR01,PRCG20_2600520001,200111,56.1
PFUEL_IMP,PR01,PRCG20_2600520001,200112,55.3
PFUEL_IMP,PR01,PRCG20_2600520001,200201,54.8
PFUEL_IMP,PR01,PRCG20_2600520001,200202,54.8
PFUEL_IMP,PR01,PRCG20_2600520001,200203,55.2
PFUEL_IMP,PR01,PRCG20_2600520001,200204,61.2
PFUEL_IMP,PR01,PRCG20_2600520001,200205,62.0
PFUEL_IMP,PR01,PRCG20_2600520001,200206,60.7
PFUEL_IMP,PR01,PRCG20_2600520001,200207,58.3
PFUEL_IMP,PR01,PRCG20_2600520001,200208,59.9
PFUEL_IMP,PR01,PRCG20_2600520001,200209,62.0
PFUEL_IMP,PR01,PRCG20_2600520001,200210,66.0
PFUEL_IMP,PR01,PRCG20_2600520001,200211,66.2
PFUEL_IMP,PR01,PRCG20_2600520001,200212,63.2
PFUEL_IMP,PR01,PRCG20_2600520001,200301,65.4
PFUEL_IMP,PR01,PRCG20_2600520001,200302,69.8
PFUEL_IMP,PR01,PRCG20_2600520001,200303,71.7
PFUEL_IMP,PR01,PRCG20_2600520001,200304,68.7
PFUEL_IMP,PR01,PRCG20_2600520001,200305,61.9
PFUEL_IMP,PR01,PRCG20_2600520001,200306,62.3
PFUEL_IMP,PR01,PRCG20_2600520001,200307,63.2
PFUEL_IMP,PR01,PRCG20_2600520001,200308,64.6
PFUEL_IMP,PR01,PRCG20_2600520001,200309,63.5
PFUEL_IMP,PR01,PRCG20_2600520001,200310,59.5
PFUEL_IMP,PR01,PRCG20_2600520001,200311,60.8
PFUEL_IMP,PR01,PRCG20_2600520001,200312,61.5
PFUEL_IMP,PR01,PRCG20_2600520001,200401,61.7
PFUEL_IMP,PR01,PRCG20_2600520001,200402,62.4
PFUEL_IMP,PR01,PRCG20_2600520001,200403,63.6
PFUEL_IMP,PR01,PRCG20_2600520001,200404,66.6
PFUEL_IMP,PR01,PRCG20_2600520001,200405,71.5
PFUEL_IMP,PR01,PRCG20_2600520001,200406,73.7
PFUEL_IMP,PR01,PRCG20_2600520001,200407,73.4
PFUEL_IMP,PR01,PRCG20_2600520001,200408,75.7
PFUEL_IMP,PR01,PRCG20_2600520001,200409,79.8
PFUEL_IMP,PR01,PRCG20_2600520001,200410,77.8
PFUEL_IMP,PR01,PRCG20_2600520001,200411,78.1
PFUEL_IMP,PR01,PRCG20_2600520001,200412,74.6
PFUEL_IMP,PR01,PRCG20_2600520001,200501,73.3
PFUEL_IMP,PR01,PRCG20_2600520001,200502,77.8
PFUEL_IMP,PR01,PRCG20_2600520001,200503,80.9
PFUEL_IMP,PR01,PRCG20_2600520001,200504,93.8
PFUEL_IMP,PR01,PRCG20_2600520001,200505,95.2
PFUEL_IMP,PR01,PRCG20_2600520001,200506,95.2
PFUEL_IMP,PR01,PRCG20_2600520001,200507,104.5
PFUEL_IMP,PR01,PRCG20_2600520001,200508,107.3
PFUEL_IMP,PR01,PRCG20_2600520001,200509,112.9
PFUEL_IMP,PR01,PRCG20_2600520001,200510,117.9
PFUEL_IMP,PR01,PRCG20_2600520001,200511,118.0
PFUEL_IMP,PR01,PRCG20_2600520001,200512,114.4
PFUEL_IMP,PR01,PRCG20_2600520001,200601,114.2
PFUEL_IMP,PR01,PRCG20_2600520001,200602,124.0
PFUEL_IMP,PR01,PRCG20_2600520001,200603,123.1
PFUEL_IMP,PR01,PRCG20_2600520001,200604,122.4
PFUEL_IMP,PR01,PRCG20_2600520001,200605,123.5
PFUEL_IMP,PR01,PRCG20_2600520001,200606,128.3
PFUEL_IMP,PR01,PRCG20_2600520001,200607,129.9
PFUEL_IMP,PR01,PRCG20_2600520001,200608,137.4
PFUEL_IMP,PR01,PRCG20_2600520001,200609,137.8
PFUEL_IMP,PR01,PRCG20_2600520001,200610,127.5
PFUEL_IMP,PR01,PRCG20_2600520001,200611,119.3
PFUEL_IMP,PR01,PRCG20_2600520001,200612,119.1
PFUEL_IMP,PR01,PRCG20_2600520001,200701,123.6
PFUEL_IMP,PR01,PRCG20_2600520001,200702,114.6
PFUEL_IMP,PR01,PRCG20_2600520001,200703,116.9
PFUEL_IMP,PR01,PRCG20_2600520001,200704,124.3
PFUEL_IMP,PR01,PRCG20_2600520001,200705,135.3
PFUEL_IMP,PR01,PRCG20_2600520001,200706,139.7
PFUEL_IMP,PR01,PRCG20_2600520001,200707,140.5
PFUEL_IMP,PR01,PRCG20_2600520001,200708,140.2
PFUEL_IMP,PR01,PRCG20_2600520001,200709,137.4
PFUEL_IMP,PR01,PRCG20_2600520001,200710,147.2
PFUEL_IMP,PR01,PRCG20_2600520001,200711,149.6
PFUEL_IMP,PR01,PRCG20_2600520001,200712,164.2
PFUEL_IMP,PR01,PRCG20_2600520001,200801,158.4
PFUEL_IMP,PR01,PRCG20_2600520001,200802,160.0
PFUEL_IMP,PR01,PRCG20_2600520001,200803,155.4
PFUEL_IMP,PR01,PRCG20_2600520001,200804,175.7
PFUEL_IMP,PR01,PRCG20_2600520001,200805,191.9
PFUEL_IMP,PR01,PRCG20_2600520001,200806,221.8
PFUEL_IMP,PR01,PRCG20_2600520001,200807,234.8
PFUEL_IMP,PR01,PRCG20_2600520001,200808,247.0
PFUEL_IMP,PR01,PRCG20_2600520001,200809,219.6
PFUEL_IMP,PR01,PRCG20_2600520001,200810,183.2
PFUEL_IMP,PR01,PRCG20_2600520001,200811,139.8
PFUEL_IMP,PR01,PRCG20_2600520001,200812,105.9
PFUEL_IMP,PR01,PRCG20_2600520001,200901,93.8
PFUEL_IMP,PR01,PRCG20_2600520001,200902,96.7
PFUEL_IMP,PR01,PRCG20_2600520001,200903,100.8
PFUEL_IMP,PR01,PRCG20_2600520001,200904,103.0
PFUEL_IMP,PR01,PRCG20_2600520001,200905,97.6
PFUEL_IMP,PR01,PRCG20_2600520001,200906,105.5
PFUEL_IMP,PR01,PRCG20_2600520001,200907,115.7
PFUEL_IMP,PR01,PRCG20_2600520001,200908,114.8
PFUEL_IMP,PR01,PRCG20_2600520001,200909,116.1
PFUEL_IMP,PR01,PRCG20_2600520001,200910,113.3
PFUEL_IMP,PR01,PRCG20_2600520001,200911,116.3
PFUEL_IMP,PR01,PRCG20_2600520001,200912,124.4
PFUEL_IMP,PR01,PRCG20_2600520001,201001,125.2
PFUEL_IMP,PR01,PRCG20_2600520001,201002,126.3
PFUEL_IMP,PR01,PRCG20_2600520001,201003,123.8
PFUEL_IMP,PR01,PRCG20_2600520001,201004,132.3
PFUEL_IMP,PR01,PRCG20_2600520001,201005,138.9
PFUEL_IMP,PR01,PRCG20_2600520001,201006,132.1
PFUEL_IMP,PR01,PRCG20_2600520001,201007,125.4
PFUEL_IMP,PR01,PRCG20_2600520001,201008,121.3
PFUEL_IMP,PR01,PRCG20_2600520001,201009,120.4
PFUEL_IMP,PR01,PRCG20_2600520001,201010,117.9
PFUEL_IMP,PR01,PRCG20_2600520001,201011,123.8
PFUEL_IMP,PR01,PRCG20_2600520001,201012,129.8
PFUEL_IMP,PR01,PRCG20_2600520001,201101,136.3
PFUEL_IMP,PR01,PRCG20_2600520001,201102,142.0
PFUEL_IMP,PR01,PRCG20_2600520001,201103,150.0
PFUEL_IMP,PR01,PRCG20_2600520001,201104,164.9
PFUEL_IMP,PR01,PRCG20_2600520001,201105,171.6
PFUEL_IMP,PR01,PRCG20_2600520001,201106,166.6
PFUEL_IMP,PR01,PRCG20_2600520001,201107,167.1
PFUEL_IMP,PR01,PRCG20_2600520001,201108,163.5
PFUEL_IMP,PR01,PRCG20_2600520001,201109,159.0
PFUEL_IMP,PR01,PRCG20_2600520001,201110,159.0
PFUEL_IMP,PR01,PRCG20_2600520001,201111,159.0
PFUEL_IMP,PR01,PRCG20_2600520001,201112,162.7
PFUEL_IMP,PR01,PRCG20_2600520001,201201,159.4
PFUEL_IMP,PR01,PRCG20_2600520001,201202,164.5
PFUEL_IMP,PR01,PRCG20_2600520001,201203,180.3
PFUEL_IMP,PR01,PRCG20_2600520001,201204,185.2
PFUEL_IMP,PR01,PRCG20_2600520001,201205,178.0
PFUEL_IMP,PR01,PRCG20_2600520001,201206,168.5
PFUEL_IMP,PR01,PRCG20_2600520001,201207,157.4
PFUEL_IMP,PR01,PRCG20_2600520001,201208,158.3
PFUEL_IMP,PR01,PRCG20_2600520001,201209,164.1
PFUEL_IMP,PR01,PRCG20_2600520001,201210,162.9
PFUEL_IMP,PR01,PRCG20_2600520001,201211,165.1
PFUEL_IMP,PR01,PRCG20_2600520001,201212,171.7
PFUEL_IMP,PR01,PRCG20_2600520001,201301,183.2
PFUEL_IMP,PR01,PRCG20_2600520001,201302,193.7
PFUEL_IMP,PR01,PRCG20_2600520001,201303,198.5
PFUEL_IMP,PR01,PRCG20_2600520001,201304,197.5
PFUEL_IMP,PR01,PRCG20_2600520001,201305,197.5
PFUEL_IMP,PR01,PRCG20_2600520001,201306,189.9
PFUEL_IMP,PR01,PRCG20_2600520001,201307,193.8
PFUEL_IMP,PR01,PRCG20_2600520001,201308,190.7
PFUEL_IMP,PR01,PRCG20_2600520001,201309,198.2
PFUEL_IMP,PR01,PRCG20_2600520001,201310,196.1
PFUEL_IMP,PR01,PRCG20_2600520001,201311,200.0
PFUEL_IMP,PR01,PRCG20_2600520001,201312,209.7
PFUEL_IMP,PR01,PRCG20_2600520001,201401,213.5
PFUEL_IMP,PR01,PRCG20_2600520001,201402,207.5
PFUEL_IMP,PR01,PRCG20_2600520001,201403,205.8
PFUEL_IMP,PR01,PRCG20_2600520001,201404,203.4
PFUEL_IMP,PR01,PRCG20_2600520001,201405,200.1
PFUEL_IMP,PR01,PRCG20_2600520001,201406,201.2
PFUEL_IMP,PR01,PRCG20_2600520001,201407,202.9
PFUEL_IMP,PR01,PRCG20_2600520001,201408,203.2
PFUEL_IMP,PR01,PRCG20_2600520001,201409,206.3
PFUEL_IMP,PR01,PRCG20_2600520001,201410,201.0
PFUEL_IMP,PR01,PRCG20_2600520001,201411,201.6
PFUEL_IMP,PR01,PRCG20_2600520001,201412,187.9
PFUEL_IMP,PR01,PRCG20_2600520001,201501,161.1
PFUEL_IMP,PR01,PRCG20_2600520001,201502,135.1
PFUEL_IMP,PR01,PRCG20_2600520001,201503,144.6
PFUEL_IMP,PR01,PRCG20_2600520001,201504,136.3
PFUEL_IMP,PR01,PRCG20_2600520001,201505,137.4
PFUEL_IMP,PR01,PRCG20_2600520001,201506,145.6
PFUEL_IMP,PR01,PRCG20_2600520001,201507,142.6
PFUEL_IMP,PR01,PRCG20_2600520001,201508,134.7
PFUEL_IMP,PR01,PRCG20_2600520001,201509,121.6
PFUEL_IMP,PR01,PRCG20_2600520001,201510,118.0
PFUEL_IMP,PR01,PRCG20_2600520001,201511,118.9
PFUEL_IMP,PR01,PRCG20_2600520001,201512,110.9
PFUEL_IMP,PR01,PRCG20_2600520001,201601,96.8
PFUEL_IMP,PR01,PRCG20_2600520001,201602,84.0
PFUEL_IMP,PR01,PRCG20_2600520001,201603,81.8
PFUEL_IMP,PR01,PRCG20_2600520001,201604,83.6
PFUEL_IMP,PR01,PRCG20_2600520001,201605,85.7
PFUEL_IMP,PR01,PRCG20_2600520001,201606,89.3
PFUEL_IMP,PR01,PRCG20_2600520001,201607,92.0
PFUEL_IMP,PR01,PRCG20_2600520001,201608,86.5
PFUEL_IMP,PR01,PRCG20_2600520001,201609,89.5
PFUEL_IMP,PR01,PRCG20_2600520001,201610,92.0
PFUEL_IMP,PR01,PRCG20_2600520001,201611,107.9
PFUEL_IMP,PR01,PRCG20_2600520001,201612,112.9
PFUEL_IMP,PR01,PRCG20_2600520001,201701,122.3
PFUEL_IMP,PR01,PRCG20_2600520001,201702,126.2
PFUEL_IMP,PR01,PRCG20_2600520001,201703,127.9
PFUEL_IMP,PR01,PRCG20_2600520001,201704,122.3
PFUEL_IMP,PR01,PRCG20_2600520001,201705,122.8
PFUEL_IMP,PR01,PRCG20_2600520001,201706,117.3
PFUEL_IMP,PR01,PRCG20_2600520001,201707,114.0
PFUEL_IMP,PR01,PRCG20_2600520001,201708,112.8
PFUEL_IMP,PR01,PRCG20_2600520001,201709,118.0
PFUEL_IMP,PR01,PRCG20_2600520001,201710,125.0
PFUEL_IMP,PR01,PRCG20_2600520001,201711,129.5
PFUEL_IMP,PR01,PRCG20_2600520001,201712,137.4
PFUEL_IMP,PR01,PRCG20_2600520001,201801,139.2
PFUEL_IMP,PR01,PRCG20_2600520001,201802,143.3
PFUEL_IMP,PR01,PRCG20_2600520001,201803,137.5
PFUEL_IMP,PR01,PRCG20_2600520001,201804,139.6
PFUEL_IMP,PR01,PRCG20_2600520001,201805,147.9
PFUEL_IMP,PR01,PRCG20_2600520001,201806,156.7
PFUEL_IMP,PR01,PRCG20_2600520001,201807,159.5
PFUEL_IMP,PR01,PRCG20_2600520001,201808,160.2
PFUEL_IMP,PR01,PRCG20_2600520001,201809,162.9
PFUEL_IMP,PR01,PRCG20_2600520001,201810,171.2
PFUEL_IMP,PR01,PRCG20_2600520001,201811,175.0
PFUEL_IMP,PR01,PRCG20_2600520001,201812,156.6
PFUEL_IMP,PR01,PRCG20_2600520001,201901,140.4
PFUEL_IMP,PR01,PRCG20_2600520001,201902,142.0
PFUEL_IMP,PR01,PRCG20_2600520001,201903,147.6
PFUEL_IMP,PR01,PRCG20_2600520001,201904,148.4
PFUEL_IMP,PR01,PRCG20_2600520001,201905,149.7
PFUEL_IMP,PR01,PRCG20_2600520001,201906,144.9
PFUEL_IMP,PR01,PRCG20_2600520001,201907,136.9
PFUEL_IMP,PR01,PRCG20_2600520001,201908,136.5
PFUEL_IMP,PR01,PRCG20_2600520001,201909,131.1
PFUEL_IMP,PR01,PRCG20_2600520001,201910,132.3
PFUEL_IMP,PR01,PRCG20_2600520001,201911,131.9
PFUEL_IMP,PR01,PRCG20_2600520001,201912,135.5
PFUEL_IMP,PR01,PRCG20_2600520001,202001,140.5
PFUEL_IMP,PR01,PRCG20_2600520001,202002,141.7
PFUEL_IMP,PR01,PRCG20_2600520001,202003,125.6
PFUEL_IMP,PR01,PRCG20_2600520001,202004,99.3
PFUEL_IMP,PR01,PRCG20_2600520001,202005,75.0
PFUEL_IMP,PR01,PRCG20_2600520001,202006,78.0
PFUEL_IMP,PR01,PRCG20_2600520001,202007,87.3
PFUEL_IMP,PR01,PRCG20_2600520001,202008,90.7
PFUEL_IMP,PR01,PRCG20_2600520001,202009,90.8
PFUEL_IMP,PR01,PRCG20_2600520001,202010,88.3
PFUEL_IMP,PR01,PRCG20_2600520001,202011,88.6
PFUEL_IMP,PR01,PRCG20_2600520001,202012,94.2
PFUEL_IMP,PR01,PRCG20_2600520001,202101,106.6
PFUEL_IMP,PR01,PRCG20_2600520001,202102,120.1
PFUEL_IMP,PR01,PRCG20_2600520001,202103,126.9
PFUEL_IMP,PR01,PRCG20_2600520001,202104,133.3
PFUEL_IMP,PR01,PRCG20_2600520001,202105,134.3
PFUEL_IMP,PR01,PRCG20_2600520001,202106,142.6
PFUEL_IMP,PR01,PRCG20_2600520001,202107,151.6
PFUEL_IMP,PR01,PRCG20_2600520001,202108,161.2
PFUEL_IMP,PR01,PRCG20_2600520001,202109,165.1
PFUEL_IMP,PR01,PRCG20_2600520001,202110,179.1
PFUEL_IMP,PR01,PRCG20_2600520001,202111,206.7
PFUEL_IMP,PR01,PRCG20_2600520001,202112,207.7
PFUEL_IMP,PR01,PRCG20_2600520001,202201,203.2
PFUEL_IMP,PR01,PRCG20_2600520001,202202,225.2
PFUEL_IMP,PR01,PRCG20_2600520001,202203,236.4
PFUEL_IMP,PR01,PRCG20_2600520001,202204,284.3
PFUEL_IMP,PR01,PRCG20_2600520001,202205,303.2
PFUEL_IMP,PR01,PRCG20_2600520001,202206,331.3
PFUEL_IMP,PR01,PRCG20_2600520001,202207,351.3
PFUEL_IMP,PR01,PRCG20_2600520001,202208,339.3
PFUEL_IMP,PR01,PRCG20_2600520001,202209,368.0
PFUEL_IMP,PR01,PRCG20_2600520001,202210,359.4
PFUEL_IMP,PR01,PRCG20_2600520001,202211,327.9
PFUEL_IMP,PR01,PRCG20_2600520001,202212,306.4
PFUEL_IMP,PR01,PRCG20_2600520001,202301,282.8
PFUEL_IMP,PR01,PRCG20_2600520001,202302,285.8
PFUEL_IMP,PR01,PRCG20_2600520001,202303,272.0
PFUEL_IMP,PR01,PRCG20_2600520001,202304,250.2
PFUEL_IMP,PR01,PRCG20_2600520001,202305,255.0
PFUEL_IMP,PR01,PRCG20_2600520001,202306,236.9
PFUEL_IMP,PR01,PRCG20_2600520001,202307,234.5
PFUEL_IMP,PR01,PRCG20_2600520001,202308,239.6
PFUEL_IMP,PR01,PRCG20_2600520001,202309,250.3
PFUEL_IMP,PR01,PRCG20_2600520001,202310,268.0
PFUEL_IMP,PR01,PRCG20_2600520001,202311,271.7
PFUEL_IMP,PR01,PRCG20_2600520001,202312,259.8
PFUEL_IMP,PR01,PRCG20_2600520001,202401,256.6
PFUEL_IMP,PR01,PRCG20_2600520001,202402,258.9
PFUEL_IMP,PR01,PRCG20_2600520001,202403,253.1
PFUEL_IMP,PR01,PRCG20_2600520001,202404,258.3
PFUEL_IMP,PR01,PRCG20_2600520001,202405,264.8
PFUEL_IMP,PR01,PRCG20_2600520001,202406,263.2
PFUEL_IMP,PR01,PRCG20_2600520001,202407,265.5
PFUEL_IMP,PR01,PRCG20_2600520001,202408,246.3
PFUEL_IMP,PR01,PRCG20_2600520001,202409,233.2
PFUEL_IMP,PR01,PRCG20_2600520001,202410,238.1
PFUEL_IMP,PR01,PRCG20_2600520001,202411,242.2
PFUEL_IMP,PR01,PRCG20_2600520001,202412,239.7
PFUEL_IMP,PR01,PRCG20_2600520001,202501,245.2
PFUEL_IMP,PR01,PRCG20_2600520001,202502,241.0
PFUEL_IMP,PR01,PRCG20_2600520001,202503,232.4
PFUEL_IMP,PR01,PRCG20_2600520001,202504,220.2
PFUEL_IMP,PR01,PRCG20_2600520001,202505,211.3
PFUEL_IMP,PR01,PRCG20_2600520001,202506,200.7
PFUEL_IMP,PR01,PRCG20_2600520001,202507,207.5
PFUEL_IMP,PR01,PRCG20_2600520001,202508,209.3
PFUEL_IMP,PR01,PRCG20_2600520001,202509,209.3
PFUEL_IMP,PR01,PRCG20_2600520001,202510,215.1
PFUEL_IMP,PR01,PRCG20_2600520001,202511,213.8
PFUEL_IMP,PR01,PRCG20_2600520001,202512,214.4
PFUEL_IMP,PR01,PRCG20_2600520001,202601,210.7
PFUEL_IMP,PR01,PRCG20_2600520001,202602,209.5
PFUEL_IMP,PR01,PRCG20_2600520001,202603,226.5
PFUEL_IMP,PR01,PRCG20_2600520001,202604,289.2
PFUEL_IMP,PR01,PRCG20_2600520001,202605,314.1
PFUEL_IMP,PR01,PRCG20_2600520001,202606,317.1
PFUEL_IMP,PR01,PRCG20_2600520001,202607,316.9
PFUEL_IMP,PR01,PRCG20_2600520001,202608,297.6
GOV_FA,FF,FOF_FFAS420A900,199704,3794469.0
GOV_FA,FF,FOF_FFAS420A900,199801,4088493.0
GOV_FA,FF,FOF_FFAS420A900,199802,4041482.0
GOV_FA,FF,FOF_FFAS420A900,199803,3936030.0
GOV_FA,FF,FOF_FFAS420A900,199804,3789790.0
GOV_FA,FF,FOF_FFAS420A900,199901,4013546.0
GOV_FA,FF,FOF_FFAS420A900,199902,4210560.0
GOV_FA,FF,FOF_FFAS420A900,199903,4238086.0
GOV_FA,FF,FOF_FFAS420A900,199904,4048073.0
GOV_FA,FF,FOF_FFAS420A900,200001,4281410.0
GOV_FA,FF,FOF_FFAS420A900,200002,4211653.0
GOV_FA,FF,FOF_FFAS420A900,200003,4161098.0
GOV_FA,FF,FOF_FFAS420A900,200004,4186190.0
GOV_FA,FF,FOF_FFAS420A900,200101,4568647.0
GOV_FA,FF,FOF_FFAS420A900,200102,4573286.0
GOV_FA,FF,FOF_FFAS420A900,200103,4478794.0
GOV_FA,FF,FOF_FFAS420A900,200104,4402036.0
GOV_FA,FF,FOF_FFAS420A900,200201,4608867.0
GOV_FA,FF,FOF_FFAS420A900,200202,4518609.0
GOV_FA,FF,FOF_FFAS420A900,200203,4441262.0
GOV_FA,FF,FOF_FFAS420A900,200204,4378525.0
GOV_FA,FF,FOF_FFAS420A900,200301,4598445.0
GOV_FA,FF,FOF_FFAS420A900,200302,4579214.0
GOV_FA,FF,FOF_FFAS420A900,200303,4484305.0
GOV_FA,FF,FOF_FFAS420A900,200304,4489846.0
GOV_FA,FF,FOF_FFAS420A900,200401,4778955.0
GOV_FA,FF,FOF_FFAS420A900,200402,4893767.0
GOV_FA,FF,FOF_FFAS420A900,200403,4780289.0
GOV_FA,FF,FOF_FFAS420A900,200404,4797924.0
GOV_FA,FF,FOF_FFAS420A900,200501,5608774.0
GOV_FA,FF,FOF_FFAS420A900,200502,5649154.0
GOV_FA,FF,FOF_FFAS420A900,200503,5631106.0
GOV_FA,FF,FOF_FFAS420A900,200504,5666751.0
GOV_FA,FF,FOF_FFAS420A900,200601,5949297.0
GOV_FA,FF,FOF_FFAS420A900,200602,5806081.0
GOV_FA,FF,FOF_FFAS420A900,200603,5814002.0
GOV_FA,FF,FOF_FFAS420A900,200604,5814546.0
GOV_FA,FF,FOF_FFAS420A900,200701,6010738.0
GOV_FA,FF,FOF_FFAS420A900,200702,5927591.0
GOV_FA,FF,FOF_FFAS420A900,200703,5783509.0
GOV_FA,FF,FOF_FFAS420A900,200704,5757927.0
GOV_FA,FF,FOF_FFAS420A900,200801,5788942.0
GOV_FA,FF,FOF_FFAS420A900,200802,5741516.0
GOV_FA,FF,FOF_FFAS420A900,200803,5505208.0
GOV_FA,FF,FOF_FFAS420A900,200804,5300520.0
GOV_FA,FF,FOF_FFAS420A900,200901,5276145.0
GOV_FA,FF,FOF_FFAS420A900,200902,5311454.0
GOV_FA,FF,FOF_FFAS420A900,200903,5170792.0
GOV_FA,FF,FOF_FFAS420A900,200904,5205568.0
GOV_FA,FF,FOF_FFAS420A900,201001,5380909.0
GOV_FA,FF,FOF_FFAS420A900,201002,5320019.0
GOV_FA,FF,FOF_FFAS420A900,201003,5230870.0
GOV_FA,FF,FOF_FFAS420A900,201004,5234753.0
GOV_FA,FF,FOF_FFAS420A900,201101,5314611.0
GOV_FA,FF,FOF_FFAS420A900,201102,5369888.0
GOV_FA,FF,FOF_FFAS420A900,201103,5303589.0
GOV_FA,FF,FOF_FFAS420A900,201104,5225060.0
GOV_FA,FF,FOF_FFAS420A900,201201,5341783.0
GOV_FA,FF,FOF_FFAS420A900,201202,5296392.0
GOV_FA,FF,FOF_FFAS420A900,201203,5273746.0
GOV_FA,FF,FOF_FFAS420A900,201204,5441056.0
GOV_FA,FF,FOF_FFAS420A900,201301,5658049.0
GOV_FA,FF,FOF_FFAS420A900,201302,5768844.0
GOV_FA,FF,FOF_FFAS420A900,201303,5762725.0
GOV_FA,FF,FOF_FFAS420A900,201304,5943062.0
GOV_FA,FF,FOF_FFAS420A900,201401,5999096.0
GOV_FA,FF,FOF_FFAS420A900,201402,6032524.0
GOV_FA,FF,FOF_FFAS420A900,201403,6105501.0
GOV_FA,FF,FOF_FFAS420A900,201404,6171782.0
GOV_FA,FF,FOF_FFAS420A900,201501,6440590.0
GOV_FA,FF,FOF_FFAS420A900,201502,6495962.0
GOV_FA,FF,FOF_FFAS420A900,201503,6304539.0
GOV_FA,FF,FOF_FFAS420A900,201504,6129766.0
GOV_FA,FF,FOF_FFAS420A900,201601,6066202.0
GOV_FA,FF,FOF_FFAS420A900,201602,5881379.0
GOV_FA,FF,FOF_FFAS420A900,201603,5948372.0
GOV_FA,FF,FOF_FFAS420A900,201604,6186915.0
GOV_FA,FF,FOF_FFAS420A900,201701,6185513.0
GOV_FA,FF,FOF_FFAS420A900,201702,6218009.0
GOV_FA,FF,FOF_FFAS420A900,201703,6263663.0
GOV_FA,FF,FOF_FFAS420A900,201704,6338888.0
GOV_FA,FF,FOF_FFAS420A900,201801,6258717.0
GOV_FA,FF,FOF_FFAS420A900,201802,6268793.0
GOV_FA,FF,FOF_FFAS420A900,201803,6367680.0
GOV_FA,FF,FOF_FFAS420A900,201804,6161256.0
GOV_FA,FF,FOF_FFAS420A900,201901,6411633.0
GOV_FA,FF,FOF_FFAS420A900,201902,6317170.0
GOV_FA,FF,FOF_FFAS420A900,201903,6343916.0
GOV_FA,FF,FOF_FFAS420A900,201904,6438187.0
GOV_FA,FF,FOF_FFAS420A900,202001,6276899.0
GOV_FA,FF,FOF_FFAS420A900,202002,6560801.0
GOV_FA,FF,FOF_FFAS420A900,202003,6796920.0
GOV_FA,FF,FOF_FFAS420A900,202004,6921498.0
GOV_FA,FF,FOF_FFAS420A900,202101,7191556.0
GOV_FA,FF,FOF_FFAS420A900,202102,7141582.0
GOV_FA,FF,FOF_FFAS420A900,202103,7151981.0
GOV_FA,FF,FOF_FFAS420A900,202104,7162335.0
GOV_FA,FF,FOF_FFAS420A900,202201,7396571.0
GOV_FA,FF,FOF_FFAS420A900,202202,7526480.0
GOV_FA,FF,FOF_FFAS420A900,202203,7527669.0
GOV_FA,FF,FOF_FFAS420A900,202204,7322776.0
GOV_FA,FF,FOF_FFAS420A900,202301,7645176.0
GOV_FA,FF,FOF_FFAS420A900,202302,8019749.0
GOV_FA,FF,FOF_FFAS420A900,202303,8031740.0
GOV_FA,FF,FOF_FFAS420A900,202304,8100990.0
GOV_FA,FF,FOF_FFAS420A900,202401,8721145.0
GOV_FA,FF,FOF_FFAS420A900,202402,8954555.0
GOV_FA,FF,FOF_FFAS420A900,202403,8588474.0
GOV_FA,FF,FOF_FFAS420A900,202404,8925875.0
GOV_FA,FF,FOF_FFAS420A900,202501,8802751.0
GOV_FA,FF,FOF_FFAS420A900,202502,8882131.0
GOV_FA,FF,FOF_FFAS420A900,202503,9084558.0
GOV_FA,FF,FOF_FFAS420A900,202504,9486308.0
GOV_FA,FF,FOF_FFAS420A900,202601,9553802.0
GOV_FL,FF,FOF_FFAS420L900,199704,3794469.0
GOV_FL,FF,FOF_FFAS420L900,199801,4088493.0
GOV_FL,FF,FOF_FFAS420L900,199802,4041482.0
GOV_FL,FF,FOF_FFAS420L900,199803,3936030.0
GOV_FL,FF,FOF_FFAS420L900,199804,3789790.0
GOV_FL,FF,FOF_FFAS420L900,199901,4013546.0
GOV_FL,FF,FOF_FFAS420L900,199902,4210560.0
GOV_FL,FF,FOF_FFAS420L900,199903,4238086.0
GOV_FL,FF,FOF_FFAS420L900,199904,4048073.0
GOV_FL,FF,FOF_FFAS420L900,200001,4281410.0
GOV_FL,FF,FOF_FFAS420L900,200002,4211653.0
GOV_FL,FF,FOF_FFAS420L900,200003,4161098.0
GOV_FL,FF,FOF_FFAS420L900,200004,4186190.0
GOV_FL,FF,FOF_FFAS420L900,200101,4568647.0
GOV_FL,FF,FOF_FFAS420L900,200102,4573286.0
GOV_FL,FF,FOF_FFAS420L900,200103,4478794.0
GOV_FL,FF,FOF_FFAS420L900,200104,4402036.0
GOV_FL,FF,FOF_FFAS420L900,200201,4608867.0
GOV_FL,FF,FOF_FFAS420L900,200202,4518609.0
GOV_FL,FF,FOF_FFAS420L900,200203,4441262.0
GOV_FL,FF,FOF_FFAS420L900,200204,4378525.0
GOV_FL,FF,FOF_FFAS420L900,200301,4598445.0
GOV_FL,FF,FOF_FFAS420L900,200302,4579214.0
GOV_FL,FF,FOF_FFAS420L900,200303,4484305.0
GOV_FL,FF,FOF_FFAS420L900,200304,4489846.0
GOV_FL,FF,FOF_FFAS420L900,200401,4778955.0
GOV_FL,FF,FOF_FFAS420L900,200402,4893767.0
GOV_FL,FF,FOF_FFAS420L900,200403,4780289.0
GOV_FL,FF,FOF_FFAS420L900,200404,4797924.0
GOV_FL,FF,FOF_FFAS420L900,200501,5608774.0
GOV_FL,FF,FOF_FFAS420L900,200502,5649154.0
GOV_FL,FF,FOF_FFAS420L900,200503,5631106.0
GOV_FL,FF,FOF_FFAS420L900,200504,5666751.0
GOV_FL,FF,FOF_FFAS420L900,200601,5949297.0
GOV_FL,FF,FOF_FFAS420L900,200602,5806081.0
GOV_FL,FF,FOF_FFAS420L900,200603,5814002.0
GOV_FL,FF,FOF_FFAS420L900,200604,5814546.0
GOV_FL,FF,FOF_FFAS420L900,200701,6010738.0
GOV_FL,FF,FOF_FFAS420L900,200702,5927591.0
GOV_FL,FF,FOF_FFAS420L900,200703,5783509.0
GOV_FL,FF,FOF_FFAS420L900,200704,5757927.0
GOV_FL,FF,FOF_FFAS420L900,200801,5788942.0
GOV_FL,FF,FOF_FFAS420L900,200802,5741516.0
GOV_FL,FF,FOF_FFAS420L900,200803,5505208.0
GOV_FL,FF,FOF_FFAS420L900,200804,5300520.0
GOV_FL,FF,FOF_FFAS420L900,200901,5276145.0
GOV_FL,FF,FOF_FFAS420L900,200902,5311454.0
GOV_FL,FF,FOF_FFAS420L900,200903,5170792.0
GOV_FL,FF,FOF_FFAS420L900,200904,5205568.0
GOV_FL,FF,FOF_FFAS420L900,201001,5380909.0
GOV_FL,FF,FOF_FFAS420L900,201002,5320019.0
GOV_FL,FF,FOF_FFAS420L900,201003,5230870.0
GOV_FL,FF,FOF_FFAS420L900,201004,5234753.0
GOV_FL,FF,FOF_FFAS420L900,201101,5314611.0
GOV_FL,FF,FOF_FFAS420L900,201102,5369888.0
GOV_FL,FF,FOF_FFAS420L900,201103,5303589.0
GOV_FL,FF,FOF_FFAS420L900,201104,5225060.0
GOV_FL,FF,FOF_FFAS420L900,201201,5341783.0
GOV_FL,FF,FOF_FFAS420L900,201202,5296392.0
GOV_FL,FF,FOF_FFAS420L900,201203,5273746.0
GOV_FL,FF,FOF_FFAS420L900,201204,5441056.0
GOV_FL,FF,FOF_FFAS420L900,201301,5658049.0
GOV_FL,FF,FOF_FFAS420L900,201302,5768844.0
GOV_FL,FF,FOF_FFAS420L900,201303,5762725.0
GOV_FL,FF,FOF_FFAS420L900,201304,5943062.0
GOV_FL,FF,FOF_FFAS420L900,201401,5999096.0
GOV_FL,FF,FOF_FFAS420L900,201402,6032524.0
GOV_FL,FF,FOF_FFAS420L900,201403,6105501.0
GOV_FL,FF,FOF_FFAS420L900,201404,6171782.0
GOV_FL,FF,FOF_FFAS420L900,201501,6440590.0
GOV_FL,FF,FOF_FFAS420L900,201502,6495962.0
GOV_FL,FF,FOF_FFAS420L900,201503,6304539.0
GOV_FL,FF,FOF_FFAS420L900,201504,6129766.0
GOV_FL,FF,FOF_FFAS420L900,201601,6066202.0
GOV_FL,FF,FOF_FFAS420L900,201602,5881379.0
GOV_FL,FF,FOF_FFAS420L900,201603,5948372.0
GOV_FL,FF,FOF_FFAS420L900,201604,6186915.0
GOV_FL,FF,FOF_FFAS420L900,201701,6185513.0
GOV_FL,FF,FOF_FFAS420L900,201702,6218009.0
GOV_FL,FF,FOF_FFAS420L900,201703,6263663.0
GOV_FL,FF,FOF_FFAS420L900,201704,6338888.0
GOV_FL,FF,FOF_FFAS420L900,201801,6258717.0
GOV_FL,FF,FOF_FFAS420L900,201802,6268793.0
GOV_FL,FF,FOF_FFAS420L900,201803,6367680.0
GOV_FL,FF,FOF_FFAS420L900,201804,6161256.0
GOV_FL,FF,FOF_FFAS420L900,201901,6411633.0
GOV_FL,FF,FOF_FFAS420L900,201902,6317170.0
GOV_FL,FF,FOF_FFAS420L900,201903,6343916.0
GOV_FL,FF,FOF_FFAS420L900,201904,6438187.0
GOV_FL,FF,FOF_FFAS420L900,202001,6276899.0
GOV_FL,FF,FOF_FFAS420L900,202002,6560801.0
GOV_FL,FF,FOF_FFAS420L900,202003,6796920.0
GOV_FL,FF,FOF_FFAS420L900,202004,6921498.0
GOV_FL,FF,FOF_FFAS420L900,202101,7191556.0
GOV_FL,FF,FOF_FFAS420L900,202102,7141582.0
GOV_FL,FF,FOF_FFAS420L900,202103,7151981.0
GOV_FL,FF,FOF_FFAS420L900,202104,7162335.0
GOV_FL,FF,FOF_FFAS420L900,202201,7396571.0
GOV_FL,FF,FOF_FFAS420L900,202202,7526480.0
GOV_FL,FF,FOF_FFAS420L900,202203,7527669.0
GOV_FL,FF,FOF_FFAS420L900,202204,7322776.0
GOV_FL,FF,FOF_FFAS420L900,202301,7645176.0
GOV_FL,FF,FOF_FFAS420L900,202302,8019749.0
GOV_FL,FF,FOF_FFAS420L900,202303,8031740.0
GOV_FL,FF,FOF_FFAS420L900,202304,8100990.0
GOV_FL,FF,FOF_FFAS420L900,202401,8721145.0
GOV_FL,FF,FOF_FFAS420L900,202402,8954555.0
GOV_FL,FF,FOF_FFAS420L900,202403,8588474.0
GOV_FL,FF,FOF_FFAS420L900,202404,8925875.0
GOV_FL,FF,FOF_FFAS420L900,202501,8802751.0
GOV_FL,FF,FOF_FFAS420L900,202502,8882131.0
GOV_FL,FF,FOF_FFAS420L900,202503,9084558.0
GOV_FL,FF,FOF_FFAS420L900,202504,9486308.0
GOV_FL,FF,FOF_FFAS420L900,202601,9553802.0
GOV_NFA,FF,FOF_FFAS420L700,199704,-1617712.0
GOV_NFA,FF,FOF_FFAS420L700,199801,-1433448.0
GOV_NFA,FF,FOF_FFAS420L700,199802,-1608337.0
GOV_NFA,FF,FOF_FFAS420L700,199803,-1833629.0
GOV_NFA,FF,FOF_FFAS420L700,199804,-2078837.0
GOV_NFA,FF,FOF_FFAS420L700,199901,-2018141.0
GOV_NFA,FF,FOF_FFAS420L700,199902,-2038920.0
GOV_NFA,FF,FOF_FFAS420L700,199903,-2105418.0
GOV_NFA,FF,FOF_FFAS420L700,199904,-2447530.0
GOV_NFA,FF,FOF_FFAS420L700,200001,-2348838.0
GOV_NFA,FF,FOF_FFAS420L700,200002,-2513018.0
GOV_NFA,FF,FOF_FFAS420L700,200003,-2629342.0
GOV_NFA,FF,FOF_FFAS420L700,200004,-2773804.0
GOV_NFA,FF,FOF_FFAS420L700,200101,-2825197.0
GOV_NFA,FF,FOF_FFAS420L700,200102,-3019389.0
GOV_NFA,FF,FOF_FFAS420L700,200103,-3082472.0
GOV_NFA,FF,FOF_FFAS420L700,200104,-3146078.0
GOV_NFA,FF,FOF_FFAS420L700,200201,-3089105.0
GOV_NFA,FF,FOF_FFAS420L700,200202,-3364939.0
GOV_NFA,FF,FOF_FFAS420L700,200203,-3445601.0
GOV_NFA,FF,FOF_FFAS420L700,200204,-3598550.0
GOV_NFA,FF,FOF_FFAS420L700,200301,-3564275.0
GOV_NFA,FF,FOF_FFAS420L700,200302,-3698311.0
GOV_NFA,FF,FOF_FFAS420L700,200303,-3680502.0
GOV_NFA,FF,FOF_FFAS420L700,200304,-3828073.0
GOV_NFA,FF,FOF_FFAS420L700,200401,-3839702.0
GOV_NFA,FF,FOF_FFAS420L700,200402,-3868218.0
GOV_NFA,FF,FOF_FFAS420L700,200403,-3962140.0
GOV_NFA,FF,FOF_FFAS420L700,200404,-4100790.0
GOV_NFA,FF,FOF_FFAS420L700,200501,-3636828.0
GOV_NFA,FF,FOF_FFAS420L700,200502,-3740603.0
GOV_NFA,FF,FOF_FFAS420L700,200503,-3654180.0
GOV_NFA,FF,FOF_FFAS420L700,200504,-3682927.0
GOV_NFA,FF,FOF_FFAS420L700,200601,-3394745.0
GOV_NFA,FF,FOF_FFAS420L700,200602,-3485950.0
GOV_NFA,FF,FOF_FFAS420L700,200603,-3562163.0
GOV_NFA,FF,FOF_FFAS420L700,200604,-3630882.0
GOV_NFA,FF,FOF_FFAS420L700,200701,-3417027.0
GOV_NFA,FF,FOF_FFAS420L700,200702,-3386733.0
GOV_NFA,FF,FOF_FFAS420L700,200703,-3563793.0
GOV_NFA,FF,FOF_FFAS420L700,200704,-3710951.0
GOV_NFA,FF,FOF_FFAS420L700,200801,-3796895.0
GOV_NFA,FF,FOF_FFAS420L700,200802,-3745500.0
GOV_NFA,FF,FOF_FFAS420L700,200803,-3941311.0
GOV_NFA,FF,FOF_FFAS420L700,200804,-4387002.0
GOV_NFA,FF,FOF_FFAS420L700,200901,-4313019.0
GOV_NFA,FF,FOF_FFAS420L700,200902,-4457380.0
GOV_NFA,FF,FOF_FFAS420L700,200903,-4613439.0
GOV_NFA,FF,FOF_FFAS420L700,200904,-4738044.0
GOV_NFA,FF,FOF_FFAS420L700,201001,-4644583.0
GOV_NFA,FF,FOF_FFAS420L700,201002,-5016038.0
GOV_NFA,FF,FOF_FFAS420L700,201003,-5160517.0
GOV_NFA,FF,FOF_FFAS420L700,201004,-5277132.0
GOV_NFA,FF,FOF_FFAS420L700,201101,-5168001.0
GOV_NFA,FF,FOF_FFAS420L700,201102,-5392186.0
GOV_NFA,FF,FOF_FFAS420L700,201103,-5621085.0
GOV_NFA,FF,FOF_FFAS420L700,201104,-5761744.0
GOV_NFA,FF,FOF_FFAS420L700,201201,-5647565.0
GOV_NFA,FF,FOF_FFAS420L700,201202,-5921410.0
GOV_NFA,FF,FOF_FFAS420L700,201203,-6042934.0
GOV_NFA,FF,FOF_FFAS420L700,201204,-5981146.0
GOV_NFA,FF,FOF_FFAS420L700,201301,-5847331.0
GOV_NFA,FF,FOF_FFAS420L700,201302,-5805184.0
GOV_NFA,FF,FOF_FFAS420L700,201303,-5905973.0
GOV_NFA,FF,FOF_FFAS420L700,201304,-5878089.0
GOV_NFA,FF,FOF_FFAS420L700,201401,-5851275.0
GOV_NFA,FF,FOF_FFAS420L700,201402,-6014751.0
GOV_NFA,FF,FOF_FFAS420L700,201403,-5963045.0
GOV_NFA,FF,FOF_FFAS420L700,201404,-6029991.0
GOV_NFA,FF,FOF_FFAS420L700,201501,-5885645.0
GOV_NFA,FF,FOF_FFAS420L700,201502,-5873362.0
GOV_NFA,FF,FOF_FFAS420L700,201503,-6109418.0
GOV_NFA,FF,FOF_FFAS420L700,201504,-6270046.0
GOV_NFA,FF,FOF_FFAS420L700,201601,-6639666.0
GOV_NFA,FF,FOF_FFAS420L700,201602,-7124584.0
GOV_NFA,FF,FOF_FFAS420L700,201603,-6982961.0
GOV_NFA,FF,FOF_FFAS420L700,201604,-6591741.0
GOV_NFA,FF,FOF_FFAS420L700,201701,-6558066.0
GOV_NFA,FF,FOF_FFAS420L700,201702,-6565082.0
GOV_NFA,FF,FOF_FFAS420L700,201703,-6552126.0
GOV_NFA,FF,FOF_FFAS420L700,201704,-6563159.0
GOV_NFA,FF,FOF_FFAS420L700,201801,-6640283.0
GOV_NFA,FF,FOF_FFAS420L700,201802,-6673695.0
GOV_NFA,FF,FOF_FFAS420L700,201803,-6496123.0
GOV_NFA,FF,FOF_FFAS420L700,201804,-6908712.0
GOV_NFA,FF,FOF_FFAS420L700,201901,-6782570.0
GOV_NFA,FF,FOF_FFAS420L700,201902,-6994511.0
GOV_NFA,FF,FOF_FFAS420L700,201903,-7032362.0
GOV_NFA,FF,FOF_FFAS420L700,201904,-6887121.0
GOV_NFA,FF,FOF_FFAS420L700,202001,-6996083.0
GOV_NFA,FF,FOF_FFAS420L700,202002,-7080561.0
GOV_NFA,FF,FOF_FFAS420L700,202003,-7155594.0
GOV_NFA,FF,FOF_FFAS420L700,202004,-7157918.0
GOV_NFA,FF,FOF_FFAS420L700,202101,-6859367.0
GOV_NFA,FF,FOF_FFAS420L700,202102,-7020335.0
GOV_NFA,FF,FOF_FFAS420L700,202103,-7060488.0
GOV_NFA,FF,FOF_FFAS420L700,202104,-7079186.0
GOV_NFA,FF,FOF_FFAS420L700,202201,-6875472.0
GOV_NFA,FF,FOF_FFAS420L700,202202,-6821481.0
GOV_NFA,FF,FOF_FFAS420L700,202203,-6760291.0
GOV_NFA,FF,FOF_FFAS420L700,202204,-6838030.0
GOV_NFA,FF,FOF_FFAS420L700,202301,-6762884.0
GOV_NFA,FF,FOF_FFAS420L700,202302,-6526409.0
GOV_NFA,FF,FOF_FFAS420L700,202303,-6252259.0
GOV_NFA,FF,FOF_FFAS420L700,202304,-6383922.0
GOV_NFA,FF,FOF_FFAS420L700,202401,-5782119.0
GOV_NFA,FF,FOF_FFAS420L700,202402,-5415407.0
GOV_NFA,FF,FOF_FFAS420L700,202403,-5869417.0
GOV_NFA,FF,FOF_FFAS420L700,202404,-5510361.0
GOV_NFA,FF,FOF_FFAS420L700,202501,-5329425.0
GOV_NFA,FF,FOF_FFAS420L700,202502,-5323025.0
GOV_NFA,FF,FOF_FFAS420L700,202503,-4974932.0
GOV_NFA,FF,FOF_FFAS420L700,202504,-4505951.0
GOV_NFA,FF,FOF_FFAS420L700,202601,-4202984.0
HH_SHARE,FF,FOF_FFAS430A330,199704,858335.0
HH_SHARE,FF,FOF_FFAS430A330,199801,902574.0
HH_SHARE,FF,FOF_FFAS430A330,199802,892512.0
HH_SHARE,FF,FOF_FFAS430A330,199803,737978.0
HH_SHARE,FF,FOF_FFAS430A330,199804,811250.0
HH_SHARE,FF,FOF_FFAS430A330,199901,962709.0
HH_SHARE,FF,FOF_FFAS430A330,199902,1103360.0
HH_SHARE,FF,FOF_FFAS430A330,199903,1196861.0
HH_SHARE,FF,FOF_FFAS430A330,199904,1380950.0
HH_SHARE,FF,FOF_FFAS430A330,200001,1383429.0
HH_SHARE,FF,FOF_FFAS430A330,200002,1318450.0
HH_SHARE,FF,FOF_FFAS430A330,200003,1282851.0
HH_SHARE,FF,FOF_FFAS430A330,200004,1211516.0
HH_SHARE,FF,FOF_FFAS430A330,200101,1129309.0
HH_SHARE,FF,FOF_FFAS430A330,200102,1180731.0
HH_SHARE,FF,FOF_FFAS430A330,200103,890684.0
HH_SHARE,FF,FOF_FFAS430A330,200104,905837.0
HH_SHARE,FF,FOF_FFAS430A330,200201,925699.0
HH_SHARE,FF,FOF_FFAS430A330,200202,929804.0
HH_SHARE,FF,FOF_FFAS430A330,200203,888142.0
HH_SHARE,FF,FOF_FFAS430A330,200204,856965.0
HH_SHARE,FF,FOF_FFAS430A330,200301,779970.0
HH_SHARE,FF,FOF_FFAS430A330,200302,922064.0
HH_SHARE,FF,FOF_FFAS430A330,200303,1061381.0
HH_SHARE,FF,FOF_FFAS430A330,200304,1075438.0
HH_SHARE,FF,FOF_FFAS430A330,200401,1237440.0
HH_SHARE,FF,FOF_FFAS430A330,200402,1272802.0
HH_SHARE,FF,FOF_FFAS430A330,200403,1187767.0
HH_SHARE,FF,FOF_FFAS430A330,200404,1207504.0
HH_SHARE,FF,FOF_FFAS430A330,200501,1397185.0
HH_SHARE,FF,FOF_FFAS430A330,200502,1398792.0
HH_SHARE,FF,FOF_FFAS430A330,200503,1583754.0
HH_SHARE,FF,FOF_FFAS430A330,200504,2032391.0
HH_SHARE,FF,FOF_FFAS430A330,200601,2050510.0
HH_SHARE,FF,FOF_FFAS430A330,200602,1893353.0
HH_SHARE,FF,FOF_FFAS430A330,200603,1874383.0
HH_SHARE,FF,FOF_FFAS430A330,200604,2035580.0
HH_SHARE,FF,FOF_FFAS430A330,200701,2037507.0
HH_SHARE,FF,FOF_FFAS430A330,200702,2080852.0
HH_SHARE,FF,FOF_FFAS430A330,200703,1910654.0
HH_SHARE,FF,FOF_FFAS430A330,200704,1471439.0
HH_SHARE,FF,FOF_FFAS430A330,200801,1220926.0
HH_SHARE,FF,FOF_FFAS430A330,200802,1298283.0
HH_SHARE,FF,FOF_FFAS430A330,200803,1102841.0
HH_SHARE,FF,FOF_FFAS430A330,200804,993687.0
HH_SHARE,FF,FOF_FFAS430A330,200901,958002.0
HH_SHARE,FF,FOF_FFAS430A330,200902,1136961.0
HH_SHARE,FF,FOF_FFAS430A330,200903,1122715.0
HH_SHARE,FF,FOF_FFAS430A330,200904,1056371.0
HH_SHARE,FF,FOF_FFAS430A330,201001,1112662.0
HH_SHARE,FF,FOF_FFAS430A330,201002,1022515.0
HH_SHARE,FF,FOF_FFAS430A330,201003,999707.0
HH_SHARE,FF,FOF_FFAS430A330,201004,1136863.0
HH_SHARE,FF,FOF_FFAS430A330,201101,1128842.0
HH_SHARE,FF,FOF_FFAS430A330,201102,1107967.0
HH_SHARE,FF,FOF_FFAS430A330,201103,1013644.0
HH_SHARE,FF,FOF_FFAS430A330,201104,1040639.0
HH_SHARE,FF,FOF_FFAS430A330,201201,1169400.0
HH_SHARE,FF,FOF_FFAS430A330,201202,1077837.0
HH_SHARE,FF,FOF_FFAS430A330,201203,1032569.0
HH_SHARE,FF,FOF_FFAS430A330,201204,1212918.0
HH_SHARE,FF,FOF_FFAS430A330,201301,1460769.0
HH_SHARE,FF,FOF_FFAS430A330,201302,1555745.0
HH_SHARE,FF,FOF_FFAS430A330,201303,1615428.0
HH_SHARE,FF,FOF_FFAS430A330,201304,1659327.0
HH_SHARE,FF,FOF_FFAS430A330,201401,1560412.0
HH_SHARE,FF,FOF_FFAS430A330,201402,1614620.0
HH_SHARE,FF,FOF_FFAS430A330,201403,1671796.0
HH_SHARE,FF,FOF_FFAS430A330,201404,1777241.0
HH_SHARE,FF,FOF_FFAS430A330,201501,1827940.0
HH_SHARE,FF,FOF_FFAS430A330,201502,1888456.0
HH_SHARE,FF,FOF_FFAS430A330,201503,1677330.0
HH_SHARE,FF,FOF_FFAS430A330,201504,1863999.0
HH_SHARE,FF,FOF_FFAS430A330,201601,1767439.0
HH_SHARE,FF,FOF_FFAS430A330,201602,1635643.0
HH_SHARE,FF,FOF_FFAS430A330,201603,1692924.0
HH_SHARE,FF,FOF_FFAS430A330,201604,1781917.0
HH_SHARE,FF,FOF_FFAS430A330,201701,1880728.0
HH_SHARE,FF,FOF_FFAS430A330,201702,1972683.0
HH_SHARE,FF,FOF_FFAS430A330,201703,2041957.0
HH_SHARE,FF,FOF_FFAS430A330,201704,2240994.0
HH_SHARE,FF,FOF_FFAS430A330,201801,2290106.0
HH_SHARE,FF,FOF_FFAS430A330,201802,2297958.0
HH_SHARE,FF,FOF_FFAS430A330,201803,2368092.0
HH_SHARE,FF,FOF_FFAS430A330,201804,1907281.0
HH_SHARE,FF,FOF_FFAS430A330,201901,2012270.0
HH_SHARE,FF,FOF_FFAS430A330,201902,1960018.0
HH_SHARE,FF,FOF_FFAS430A330,201903,1991066.0
HH_SHARE,FF,FOF_FFAS430A330,201904,2071367.0
HH_SHARE,FF,FOF_FFAS430A330,202001,1547508.0
HH_SHARE,FF,FOF_FFAS430A330,202002,1712210.0
HH_SHARE,FF,FOF_FFAS430A330,202003,1793157.0
HH_SHARE,FF,FOF_FFAS430A330,202004,1945525.0
HH_SHARE,FF,FOF_FFAS430A330,202101,2235687.0
HH_SHARE,FF,FOF_FFAS430A330,202102,2240899.0
HH_SHARE,FF,FOF_FFAS430A330,202103,2323801.0
HH_SHARE,FF,FOF_FFAS430A330,202104,2464025.0
HH_SHARE,FF,FOF_FFAS430A330,202201,2359049.0
HH_SHARE,FF,FOF_FFAS430A330,202202,2279806.0
HH_SHARE,FF,FOF_FFAS430A330,202203,2252721.0
HH_SHARE,FF,FOF_FFAS430A330,202204,2316062.0
HH_SHARE,FF,FOF_FFAS430A330,202301,2594330.0
HH_SHARE,FF,FOF_FFAS430A330,202302,2895981.0
HH_SHARE,FF,FOF_FFAS430A330,202303,2954153.0
HH_SHARE,FF,FOF_FFAS430A330,202304,2857428.0
HH_SHARE,FF,FOF_FFAS430A330,202401,3052852.0
HH_SHARE,FF,FOF_FFAS430A330,202402,3096738.0
HH_SHARE,FF,FOF_FFAS430A330,202403,2931322.0
HH_SHARE,FF,FOF_FFAS430A330,202404,3000190.0
HH_SHARE,FF,FOF_FFAS430A330,202501,3099143.0
HH_SHARE,FF,FOF_FFAS430A330,202502,3304180.0
HH_SHARE,FF,FOF_FFAS430A330,202503,3583725.0
HH_SHARE,FF,FOF_FFAS430A330,202504,3887348.0
HH_SHARE,FF,FOF_FFAS430A330,202601,3984827.0
