cat01_code,cat01_name,cat02_code,cat02_name,area_code,area_name,time_code,time_name,value,unit
30301000,30301_原油及び粗油,130,1月_数量,50103,103_大韓民国,2017000000,2017年,0,
30301000,30301_原油及び粗油,130,1月_数量,50106,106_台湾,2018000000,2018年,0,
30301000,30301_原油及び粗油,130,1月_数量,50110,110_ベトナム,2020000000,2020年,109250,
30301000,30301_原油及び粗油,130,1月_数量,50110,110_ベトナム,2019000000,2019年,0,
30301000,30301_原油及び粗油,130,1月_数量,50110,110_ベトナム,2018000000,2018年,83270,
30301000,30301_原油及び粗油,130,1月_数量,50110,110_ベトナム,2017000000,2017年,48711,
30301000,30301_原油及び粗油,130,1月_数量,50110,110_ベトナム,2016000000,2016年,92991,
30301000,30301_原油及び粗油,130,1月_数量,50111,111_タイ,2020000000,2020年,0,
30301000,30301_原油及び粗油,130,1月_数量,50112,112_シンガポール,2020000000,2020年,2799,
30301000,30301_原油及び粗油,130,1月_数量,50112,112_シンガポール,2019000000,2019年,0,
30301000,30301_原油及び粗油,130,1月_数量,50113,113_マレーシア,2020000000,2020年,43273,
30301000,30301_原油及び粗油,130,1月_数量,50113,113_マレーシア,2019000000,2019年,62956,
30301000,30301_原油及び粗油,130,1月_数量,50113,113_マレーシア,2018000000,2018年,81505,
30301000,30301_原油及び粗油,130,1月_数量,50113,113_マレーシア,2017000000,2017年,100975,
30301000,30301_原油及び粗油,130,1月_数量,50113,113_マレーシア,2016000000,2016年,50328,
30301000,30301_原油及び粗油,130,1月_数量,50116,116_ブルネイ,2020000000,2020年,45891,
30301000,30301_原油及び粗油,130,1月_数量,50116,116_ブルネイ,2019000000,2019年,0,
30301000,30301_原油及び粗油,130,1月_数量,50116,116_ブルネイ,2018000000,2018年,0,
30301000,30301_原油及び粗油,130,1月_数量,50116,116_ブルネイ,2017000000,2017年,47653,
30301000,30301_原油及び粗油,130,1月_数量,50116,116_ブルネイ,2016000000,2016年,54661,
30301000,30301_原油及び粗油,130,1月_数量,50118,118_インドネシア,2019000000,2019年,142259,
30301000,30301_原油及び粗油,130,1月_数量,50118,118_インドネシア,2018000000,2018年,37954,
30301000,30301_原油及び粗油,130,1月_数量,50118,118_インドネシア,2017000000,2017年,213686,
30301000,30301_原油及び粗油,130,1月_数量,50118,118_インドネシア,2016000000,2016年,371869,
30301000,30301_原油及び粗油,130,1月_数量,50133,133_イラン,2019000000,2019年,0,
30301000,30301_原油及び粗油,130,1月_数量,50133,133_イラン,2018000000,2018年,903799,
30301000,30301_原油及び粗油,130,1月_数量,50133,133_イラン,2017000000,2017年,1138984,
30301000,30301_原油及び粗油,130,1月_数量,50133,133_イラン,2016000000,2016年,859618,
30301000,30301_原油及び粗油,130,1月_数量,50134,134_イラク,2020000000,2020年,79308,
30301000,30301_原油及び粗油,130,1月_数量,50134,134_イラク,2019000000,2019年,325275,
30301000,30301_原油及び粗油,130,1月_数量,50134,134_イラク,2018000000,2018年,329173,
30301000,30301_原油及び粗油,130,1月_数量,50134,134_イラク,2017000000,2017年,315318,
30301000,30301_原油及び粗油,130,1月_数量,50134,134_イラク,2016000000,2016年,161163,
30301000,30301_原油及び粗油,130,1月_数量,50135,135_バーレーン,2020000000,2020年,79363,
30301000,30301_原油及び粗油,130,1月_数量,50135,135_バーレーン,2019000000,2019年,190483,
30301000,30301_原油及び粗油,130,1月_数量,50135,135_バーレーン,2018000000,2018年,0,
30301000,30301_原油及び粗油,130,1月_数量,50137,137_サウジアラビア,2020000000,2020年,5147095,
30301000,30301_原油及び粗油,130,1月_数量,50137,137_サウジアラビア,2019000000,2019年,6016548,
30301000,30301_原油及び粗油,130,1月_数量,50137,137_サウジアラビア,2018000000,2018年,5795562,
30301000,30301_原油及び粗油,130,1月_数量,50137,137_サウジアラビア,2017000000,2017年,6417619,
30301000,30301_原油及び粗油,130,1月_数量,50137,137_サウジアラビア,2016000000,2016年,5741539,
30301000,30301_原油及び粗油,130,1月_数量,50138,138_クウェート,2020000000,2020年,1568946,
30301000,30301_原油及び粗油,130,1月_数量,50138,138_クウェート,2019000000,2019年,1101860,
30301000,30301_原油及び粗油,130,1月_数量,50138,138_クウェート,2018000000,2018年,1386912,
30301000,30301_原油及び粗油,130,1月_数量,50138,138_クウェート,2017000000,2017年,1181594,
30301000,30301_原油及び粗油,130,1月_数量,50138,138_クウェート,2016000000,2016年,1121742,
30301000,30301_原油及び粗油,130,1月_数量,50140,140_カタール,2020000000,2020年,1490459,
30301000,30301_原油及び粗油,130,1月_数量,50140,140_カタール,2019000000,2019年,1279623,
30301000,30301_原油及び粗油,130,1月_数量,50140,140_カタール,2018000000,2018年,1230587,
30301000,30301_原油及び粗油,130,1月_数量,50140,140_カタール,2017000000,2017年,1092232,
30301000,30301_原油及び粗油,130,1月_数量,50140,140_カタール,2016000000,2016年,1474344,
30301000,30301_原油及び粗油,130,1月_数量,50141,141_オマーン,2020000000,2020年,459974,
30301000,30301_原油及び粗油,130,1月_数量,50141,141_オマーン,2019000000,2019年,238096,
30301000,30301_原油及び粗油,130,1月_数量,50141,141_オマーン,2018000000,2018年,178622,
30301000,30301_原油及び粗油,130,1月_数量,50141,141_オマーン,2017000000,2017年,146002,
30301000,30301_原油及び粗油,130,1月_数量,50141,141_オマーン,2016000000,2016年,146636,
30301000,30301_原油及び粗油,130,1月_数量,50147,147_アラブ首長国連邦,2020000000,2020年,4473770,
30301000,30301_原油及び粗油,130,1月_数量,50147,147_アラブ首長国連邦,2019000000,2019年,3850967,
30301000,30301_原油及び粗油,130,1月_数量,50147,147_アラブ首長国連邦,2018000000,2018年,4068253,
30301000,30301_原油及び粗油,130,1月_数量,50147,147_アラブ首長国連邦,2017000000,2017年,3711113,
30301000,30301_原油及び粗油,130,1月_数量,50147,147_アラブ首長国連邦,2016000000,2016年,4702283,
30301000,30301_原油及び粗油,130,1月_数量,50149,149_イエメン,2018000000,2018年,0,
30301000,30301_原油及び粗油,130,1月_数量,50150,150_アゼルバイジャン,2020000000,2020年,0,
30301000,30301_原油及び粗油,130,1月_数量,50153,153_カザフスタン,2020000000,2020年,0,
30301000,30301_原油及び粗油,130,1月_数量,50153,153_カザフスタン,2019000000,2019年,77006,
30301000,30301_原油及び粗油,130,1月_数量,50153,153_カザフスタン,2018000000,2018年,180799,
30301000,30301_原油及び粗油,130,1月_数量,50153,153_カザフスタン,2017000000,2017年,193316,
30301000,30301_原油及び粗油,130,1月_数量,50153,153_カザフスタン,2016000000,2016年,0,
30301000,30301_原油及び粗油,130,1月_数量,50205,205_英国,2018000000,2018年,0,
30301000,30301_原油及び粗油,130,1月_数量,50205,205_英国,2017000000,2017年,0,
30301000,30301_原油及び粗油,130,1月_数量,50213,213_ドイツ,2016000000,2016年,0,
30301000,30301_原油及び粗油,130,1月_数量,50224,224_ロシア,2020000000,2020年,420153,
30301000,30301_原油及び粗油,130,1月_数量,50224,224_ロシア,2019000000,2019年,450337,
30301000,30301_原油及び粗油,130,1月_数量,50224,224_ロシア,2018000000,2018年,756715,
30301000,30301_原油及び粗油,130,1月_数量,50224,224_ロシア,2017000000,2017年,1057177,
30301000,30301_原油及び粗油,130,1月_数量,50224,224_ロシア,2016000000,2016年,1118628,
30301000,30301_原油及び粗油,130,1月_数量,50302,302_カナダ,2019000000,2019年,0,
30301000,30301_原油及び粗油,130,1月_数量,50304,304_アメリカ合衆国,2020000000,2020年,275017,
30301000,30301_原油及び粗油,130,1月_数量,50304,304_アメリカ合衆国,2019000000,2019年,774210,
30301000,30301_原油及び粗油,130,1月_数量,50304,304_アメリカ合衆国,2018000000,2018年,180818,
30301000,30301_原油及び粗油,130,1月_数量,50304,304_アメリカ合衆国,2017000000,2017年,222138,
30301000,30301_原油及び粗油,130,1月_数量,50304,304_アメリカ合衆国,2016000000,2016年,4936,
30301000,30301_原油及び粗油,130,1月_数量,50305,305_メキシコ,2020000000,2020年,0,
30301000,30301_原油及び粗油,130,1月_数量,50305,305_メキシコ,2019000000,2019年,0,
30301000,30301_原油及び粗油,130,1月_数量,50305,305_メキシコ,2018000000,2018年,86600,
30301000,30301_原油及び粗油,130,1月_数量,50305,305_メキシコ,2017000000,2017年,284319,
30301000,30301_原油及び粗油,130,1月_数量,50305,305_メキシコ,2016000000,2016年,413108,
30301000,30301_原油及び粗油,130,1月_数量,50315,315_バハマ,2016000000,2016年,0,
30301000,30301_原油及び粗油,130,1月_数量,50326,326_蘭領アンティール,2017000000,2017年,0,
30301000,30301_原油及び粗油,130,1月_数量,50401,401_コロンビア,2019000000,2019年,186549,
30301000,30301_原油及び粗油,130,1月_数量,50401,401_コロンビア,2018000000,2018年,0,
30301000,30301_原油及び粗油,130,1月_数量,50401,401_コロンビア,2017000000,2017年,0,
30301000,30301_原油及び粗油,130,1月_数量,50401,401_コロンビア,2016000000,2016年,200893,
30301000,30301_原油及び粗油,130,1月_数量,50402,402_ベネズエラ,2017000000,2017年,0,
30301000,30301_原油及び粗油,130,1月_数量,50402,402_ベネズエラ,2016000000,2016年,72042,
30301000,30301_原油及び粗油,130,1月_数量,50406,406_エクアドル,2020000000,2020年,131256,
30301000,30301_原油及び粗油,130,1月_数量,50406,406_エクアドル,2019000000,2019年,74826,
30301000,30301_原油及び粗油,130,1月_数量,50406,406_エクアドル,2018000000,2018年,159175,
30301000,30301_原油及び粗油,130,1月_数量,50406,406_エクアドル,2017000000,2017年,141214,
30301000,30301_原油及び粗油,130,1月_数量,50406,406_エクアドル,2016000000,2016年,104608,
30301000,30301_原油及び粗油,130,1月_数量,50503,503_アルジェリア,2020000000,2020年,0,
30301000,30301_原油及び粗油,130,1月_数量,50503,503_アルジェリア,2019000000,2019年,0,
30301000,30301_原油及び粗油,130,1月_数量,50503,503_アルジェリア,2018000000,2018年,0,
30301000,30301_原油及び粗油,130,1月_数量,50503,503_アルジェリア,2017000000,2017年,0,
30301000,30301_原油及び粗油,130,1月_数量,50503,503_アルジェリア,2016000000,2016年,0,
30301000,30301_原油及び粗油,130,1月_数量,50505,505_リビア,2020000000,2020年,0,
30301000,30301_原油及び粗油,130,1月_数量,50507,507_スーダン,2016000000,2016年,47319,
30301000,30301_原油及び粗油,130,1月_数量,50517,517_ガーナ,2017000000,2017年,0,
30301000,30301_原油及び粗油,130,1月_数量,50527,527_カメルーン,2019000000,2019年,0,
30301000,30301_原油及び粗油,130,1月_数量,50528,528_チャド,2016000000,2016年,92541,
30301000,30301_原油及び粗油,130,1月_数量,50531,531_ガボン,2019000000,2019年,0,
30301000,30301_原油及び粗油,130,1月_数量,50531,531_ガボン,2016000000,2016年,0,
30301000,30301_原油及び粗油,130,1月_数量,50535,535_アンゴラ,2019000000,2019年,0,
30301000,30301_原油及び粗油,130,1月_数量,50535,535_アンゴラ,2018000000,2018年,0,
30301000,30301_原油及び粗油,130,1月_数量,50535,535_アンゴラ,2017000000,2017年,0,
30301000,30301_原油及び粗油,130,1月_数量,50543,543_タンザニア,2018000000,2018年,0,
30301000,30301_原油及び粗油,130,1月_数量,50545,545_モザンビーク,2018000000,2018年,18857,
30301000,30301_原油及び粗油,130,1月_数量,50601,601_オーストラリア,2020000000,2020年,0,
30301000,30301_原油及び粗油,130,1月_数量,50601,601_オーストラリア,2019000000,2019年,40012,
30301000,30301_原油及び粗油,130,1月_数量,50601,601_オーストラリア,2018000000,2018年,104501,
30301000,30301_原油及び粗油,130,1月_数量,50601,601_オーストラリア,2017000000,2017年,26807,
30301000,30301_原油及び粗油,130,1月_数量,50601,601_オーストラリア,2016000000,2016年,77650,
30301000,30301_原油及び粗油,130,1月_数量,50602,602_パプアニューギニア,2016000000,2016年,10581,
30301000,30301_原油及び粗油,140,1月_金額,50103,103_大韓民国,2017000000,2017年,0,千円
30301000,30301_原油及び粗油,140,1月_金額,50106,106_台湾,2018000000,2018年,0,千円
30301000,30301_原油及び粗油,140,1月_金額,50110,110_ベトナム,2020000000,2020年,5784791,千円
30301000,30301_原油及び粗油,140,1月_金額,50110,110_ベトナム,2019000000,2019年,0,千円
30301000,30301_原油及び粗油,140,1月_金額,50110,110_ベトナム,2018000000,2018年,4086575,千円
30301000,30301_原油及び粗油,140,1月_金額,50110,110_ベトナム,2017000000,2017年,2134067,千円
30301000,30301_原油及び粗油,140,1月_金額,50110,110_ベトナム,2016000000,2016年,3051278,千円
30301000,30301_原油及び粗油,140,1月_金額,50111,111_タイ,2020000000,2020年,0,千円
30301000,30301_原油及び粗油,140,1月_金額,50112,112_シンガポール,2020000000,2020年,142696,千円
30301000,30301_原油及び粗油,140,1月_金額,50112,112_シンガポール,2019000000,2019年,0,千円
30301000,30301_原油及び粗油,140,1月_金額,50113,113_マレーシア,2020000000,2020年,2220556,千円
30301000,30301_原油及び粗油,140,1月_金額,50113,113_マレーシア,2019000000,2019年,2725201,千円
30301000,30301_原油及び粗油,140,1月_金額,50113,113_マレーシア,2018000000,2018年,4000917,千円
30301000,30301_原油及び粗油,140,1月_金額,50113,113_マレーシア,2017000000,2017年,4365621,千円
30301000,30301_原油及び粗油,140,1月_金額,50113,113_マレーシア,2016000000,2016年,1634546,千円
30301000,30301_原油及び粗油,140,1月_金額,50116,116_ブルネイ,2020000000,2020年,2436345,千円
30301000,30301_原油及び粗油,140,1月_金額,50116,116_ブルネイ,2019000000,2019年,0,千円
30301000,30301_原油及び粗油,140,1月_金額,50116,116_ブルネイ,2018000000,2018年,0,千円
30301000,30301_原油及び粗油,140,1月_金額,50116,116_ブルネイ,2017000000,2017年,2012232,千円
30301000,30301_原油及び粗油,140,1月_金額,50116,116_ブルネイ,2016000000,2016年,1399947,千円
30301000,30301_原油及び粗油,140,1月_金額,50118,118_インドネシア,2019000000,2019年,6310217,千円
30301000,30301_原油及び粗油,140,1月_金額,50118,118_インドネシア,2018000000,2018年,1748585,千円
30301000,30301_原油及び粗油,140,1月_金額,50118,118_インドネシア,2017000000,2017年,8677262,千円
30301000,30301_原油及び粗油,140,1月_金額,50118,118_インドネシア,2016000000,2016年,10794297,千円
30301000,30301_原油及び粗油,140,1月_金額,50133,133_イラン,2019000000,2019年,0,千円
30301000,30301_原油及び粗油,140,1月_金額,50133,133_イラン,2018000000,2018年,40424498,千円
30301000,30301_原油及び粗油,140,1月_金額,50133,133_イラン,2017000000,2017年,42843898,千円
30301000,30301_原油及び粗油,140,1月_金額,50133,133_イラン,2016000000,2016年,23213670,千円
30301000,30301_原油及び粗油,140,1月_金額,50134,134_イラク,2020000000,2020年,3445175,千円
30301000,30301_原油及び粗油,140,1月_金額,50134,134_イラク,2019000000,2019年,12749411,千円
30301000,30301_原油及び粗油,140,1月_金額,50134,134_イラク,2018000000,2018年,14383486,千円
30301000,30301_原油及び粗油,140,1月_金額,50134,134_イラク,2017000000,2017年,11983562,千円
30301000,30301_原油及び粗油,140,1月_金額,50134,134_イラク,2016000000,2016年,3899499,千円
30301000,30301_原油及び粗油,140,1月_金額,50135,135_バーレーン,2020000000,2020年,3763796,千円
30301000,30301_原油及び粗油,140,1月_金額,50135,135_バーレーン,2019000000,2019年,7622912,千円
30301000,30301_原油及び粗油,140,1月_金額,50135,135_バーレーン,2018000000,2018年,0,千円
30301000,30301_原油及び粗油,140,1月_金額,50137,137_サウジアラビア,2020000000,2020年,250459482,千円
30301000,30301_原油及び粗油,140,1月_金額,50137,137_サウジアラビア,2019000000,2019年,256891667,千円
30301000,30301_原油及び粗油,140,1月_金額,50137,137_サウジアラビア,2018000000,2018年,263704857,千円
30301000,30301_原油及び粗油,140,1月_金額,50137,137_サウジアラビア,2017000000,2017年,253271058,千円
30301000,30301_原油及び粗油,140,1月_金額,50137,137_サウジアラビア,2016000000,2016年,155705581,千円
30301000,30301_原油及び粗油,140,1月_金額,50138,138_クウェート,2020000000,2020年,74975019,千円
30301000,30301_原油及び粗油,140,1月_金額,50138,138_クウェート,2019000000,2019年,46952981,千円
30301000,30301_原油及び粗油,140,1月_金額,50138,138_クウェート,2018000000,2018年,61647356,千円
30301000,30301_原油及び粗油,140,1月_金額,50138,138_クウェート,2017000000,2017年,45199775,千円
30301000,30301_原油及び粗油,140,1月_金額,50138,138_クウェート,2016000000,2016年,27340036,千円
30301000,30301_原油及び粗油,140,1月_金額,50140,140_カタール,2020000000,2020年,71131373,千円
30301000,30301_原油及び粗油,140,1月_金額,50140,140_カタール,2019000000,2019年,55091472,千円
30301000,30301_原油及び粗油,140,1月_金額,50140,140_カタール,2018000000,2018年,56744998,千円
30301000,30301_原油及び粗油,140,1月_金額,50140,140_カタール,2017000000,2017年,42047254,千円
30301000,30301_原油及び粗油,140,1月_金額,50140,140_カタール,2016000000,2016年,40720338,千円
30301000,30301_原油及び粗油,140,1月_金額,50141,141_オマーン,2020000000,2020年,21360808,千円
30301000,30301_原油及び粗油,140,1月_金額,50141,141_オマーン,2019000000,2019年,12451214,千円
30301000,30301_原油及び粗油,140,1月_金額,50141,141_オマーン,2018000000,2018年,8214774,千円
30301000,30301_原油及び粗油,140,1月_金額,50141,141_オマーン,2017000000,2017年,5598543,千円
30301000,30301_原油及び粗油,140,1月_金額,50141,141_オマーン,2016000000,2016年,4428168,千円
30301000,30301_原油及び粗油,140,1月_金額,50147,147_アラブ首長国連邦,2020000000,2020年,216799511,千円
30301000,30301_原油及び粗油,140,1月_金額,50147,147_アラブ首長国連邦,2019000000,2019年,163229639,千円
30301000,30301_原油及び粗油,140,1月_金額,50147,147_アラブ首長国連邦,2018000000,2018年,189037003,千円
30301000,30301_原油及び粗油,140,1月_金額,50147,147_アラブ首長国連邦,2017000000,2017年,148215877,千円
30301000,30301_原油及び粗油,140,1月_金額,50147,147_アラブ首長国連邦,2016000000,2016年,134245673,千円
30301000,30301_原油及び粗油,140,1月_金額,50149,149_イエメン,2018000000,2018年,0,千円
30301000,30301_原油及び粗油,140,1月_金額,50150,150_アゼルバイジャン,2020000000,2020年,0,千円
30301000,30301_原油及び粗油,140,1月_金額,50153,153_カザフスタン,2020000000,2020年,0,千円
30301000,30301_原油及び粗油,140,1月_金額,50153,153_カザフスタン,2019000000,2019年,4449049,千円
30301000,30301_原油及び粗油,140,1月_金額,50153,153_カザフスタン,2018000000,2018年,8410392,千円
30301000,30301_原油及び粗油,140,1月_金額,50153,153_カザフスタン,2017000000,2017年,6776201,千円
30301000,30301_原油及び粗油,140,1月_金額,50153,153_カザフスタン,2016000000,2016年,0,千円
30301000,30301_原油及び粗油,140,1月_金額,50205,205_英国,2018000000,2018年,0,千円
30301000,30301_原油及び粗油,140,1月_金額,50205,205_英国,2017000000,2017年,0,千円
30301000,30301_原油及び粗油,140,1月_金額,50213,213_ドイツ,2016000000,2016年,235,千円
30301000,30301_原油及び粗油,140,1月_金額,50224,224_ロシア,2020000000,2020年,21197332,千円
30301000,30301_原油及び粗油,140,1月_金額,50224,224_ロシア,2019000000,2019年,19771465,千円
30301000,30301_原油及び粗油,140,1月_金額,50224,224_ロシア,2018000000,2018年,36174610,千円
30301000,30301_原油及び粗油,140,1月_金額,50224,224_ロシア,2017000000,2017年,42388506,千円
30301000,30301_原油及び粗油,140,1月_金額,50224,224_ロシア,2016000000,2016年,31506154,千円
30301000,30301_原油及び粗油,140,1月_金額,50302,302_カナダ,2019000000,2019年,0,千円
30301000,30301_原油及び粗油,140,1月_金額,50304,304_アメリカ合衆国,2020000000,2020年,13240461,千円
30301000,30301_原油及び粗油,140,1月_金額,50304,304_アメリカ合衆国,2019000000,2019年,38317670,千円
30301000,30301_原油及び粗油,140,1月_金額,50304,304_アメリカ合衆国,2018000000,2018年,7716335,千円
30301000,30301_原油及び粗油,140,1月_金額,50304,304_アメリカ合衆国,2017000000,2017年,9221037,千円
30301000,30301_原油及び粗油,140,1月_金額,50304,304_アメリカ合衆国,2016000000,2016年,188830,千円
30301000,30301_原油及び粗油,140,1月_金額,50305,305_メキシコ,2020000000,2020年,0,千円
30301000,30301_原油及び粗油,140,1月_金額,50305,305_メキシコ,2019000000,2019年,0,千円
30301000,30301_原油及び粗油,140,1月_金額,50305,305_メキシコ,2018000000,2018年,3120527,千円
30301000,30301_原油及び粗油,140,1月_金額,50305,305_メキシコ,2017000000,2017年,9303806,千円
30301000,30301_原油及び粗油,140,1月_金額,50305,305_メキシコ,2016000000,2016年,12548489,千円
30301000,30301_原油及び粗油,140,1月_金額,50315,315_バハマ,2016000000,2016年,0,千円
30301000,30301_原油及び粗油,140,1月_金額,50326,326_蘭領アンティール,2017000000,2017年,0,千円
30301000,30301_原油及び粗油,140,1月_金額,50401,401_コロンビア,2019000000,2019年,7182696,千円
30301000,30301_原油及び粗油,140,1月_金額,50401,401_コロンビア,2018000000,2018年,0,千円
30301000,30301_原油及び粗油,140,1月_金額,50401,401_コロンビア,2017000000,2017年,0,千円
30301000,30301_原油及び粗油,140,1月_金額,50401,401_コロンビア,2016000000,2016年,5429523,千円
30301000,30301_原油及び粗油,140,1月_金額,50402,402_ベネズエラ,2017000000,2017年,0,千円
30301000,30301_原油及び粗油,140,1月_金額,50402,402_ベネズエラ,2016000000,2016年,2505601,千円
30301000,30301_原油及び粗油,140,1月_金額,50406,406_エクアドル,2020000000,2020年,6038263,千円
30301000,30301_原油及び粗油,140,1月_金額,50406,406_エクアドル,2019000000,2019年,2817945,千円
30301000,30301_原油及び粗油,140,1月_金額,50406,406_エクアドル,2018000000,2018年,6906825,千円
30301000,30301_原油及び粗油,140,1月_金額,50406,406_エクアドル,2017000000,2017年,4985671,千円
30301000,30301_原油及び粗油,140,1月_金額,50406,406_エクアドル,2016000000,2016年,2332480,千円
30301000,30301_原油及び粗油,140,1月_金額,50503,503_アルジェリア,2020000000,2020年,0,千円
30301000,30301_原油及び粗油,140,1月_金額,50503,503_アルジェリア,2019000000,2019年,0,千円
30301000,30301_原油及び粗油,140,1月_金額,50503,503_アルジェリア,2018000000,2018年,0,千円
30301000,30301_原油及び粗油,140,1月_金額,50503,503_アルジェリア,2017000000,2017年,0,千円
30301000,30301_原油及び粗油,140,1月_金額,50503,503_アルジェリア,2016000000,2016年,0,千円
30301000,30301_原油及び粗油,140,1月_金額,50505,505_リビア,2020000000,2020年,0,千円
30301000,30301_原油及び粗油,140,1月_金額,50507,507_スーダン,2016000000,2016年,2076026,千円
30301000,30301_原油及び粗油,140,1月_金額,50517,517_ガーナ,2017000000,2017年,0,千円
30301000,30301_原油及び粗油,140,1月_金額,50527,527_カメルーン,2019000000,2019年,0,千円
30301000,30301_原油及び粗油,140,1月_金額,50528,528_チャド,2016000000,2016年,3876670,千円
30301000,30301_原油及び粗油,140,1月_金額,50531,531_ガボン,2019000000,2019年,0,千円
30301000,30301_原油及び粗油,140,1月_金額,50531,531_ガボン,2016000000,2016年,0,千円
30301000,30301_原油及び粗油,140,1月_金額,50535,535_アンゴラ,2019000000,2019年,0,千円
30301000,30301_原油及び粗油,140,1月_金額,50535,535_アンゴラ,2018000000,2018年,0,千円
30301000,30301_原油及び粗油,140,1月_金額,50535,535_アンゴラ,2017000000,2017年,0,千円
30301000,30301_原油及び粗油,140,1月_金額,50543,543_タンザニア,2018000000,2018年,0,千円
30301000,30301_原油及び粗油,140,1月_金額,50545,545_モザンビーク,2018000000,2018年,910391,千円
30301000,30301_原油及び粗油,140,1月_金額,50601,601_オーストラリア,2020000000,2020年,0,千円
30301000,30301_原油及び粗油,140,1月_金額,50601,601_オーストラリア,2019000000,2019年,1941144,千円
30301000,30301_原油及び粗油,140,1月_金額,50601,601_オーストラリア,2018000000,2018年,5169563,千円
30301000,30301_原油及び粗油,140,1月_金額,50601,601_オーストラリア,2017000000,2017年,1103022,千円
30301000,30301_原油及び粗油,140,1月_金額,50601,601_オーストラリア,2016000000,2016年,2799966,千円
30301000,30301_原油及び粗油,140,1月_金額,50602,602_パプアニューギニア,2016000000,2016年,359504,千円
30301000,30301_原油及び粗油,150,2月_数量,50103,103_大韓民国,2017000000,2017年,0,
30301000,30301_原油及び粗油,150,2月_数量,50106,106_台湾,2018000000,2018年,0,
30301000,30301_原油及び粗油,150,2月_数量,50110,110_ベトナム,2020000000,2020年,46056,
30301000,30301_原油及び粗油,150,2月_数量,50110,110_ベトナム,2019000000,2019年,55157,
30301000,30301_原油及び粗油,150,2月_数量,50110,110_ベトナム,2018000000,2018年,0,
30301000,30301_原油及び粗油,150,2月_数量,50110,110_ベトナム,2017000000,2017年,93998,
30301000,30301_原油及び粗油,150,2月_数量,50110,110_ベトナム,2016000000,2016年,46466,
30301000,30301_原油及び粗油,150,2月_数量,50111,111_タイ,2020000000,2020年,0,
30301000,30301_原油及び粗油,150,2月_数量,50112,112_シンガポール,2020000000,2020年,0,
30301000,30301_原油及び粗油,150,2月_数量,50112,112_シンガポール,2019000000,2019年,0,
30301000,30301_原油及び粗油,150,2月_数量,50113,113_マレーシア,2020000000,2020年,0,
30301000,30301_原油及び粗油,150,2月_数量,50113,113_マレーシア,2019000000,2019年,65904,
30301000,30301_原油及び粗油,150,2月_数量,50113,113_マレーシア,2018000000,2018年,90421,
30301000,30301_原油及び粗油,150,2月_数量,50113,113_マレーシア,2017000000,2017年,94584,
30301000,30301_原油及び粗油,150,2月_数量,50113,113_マレーシア,2016000000,2016年,67593,
30301000,30301_原油及び粗油,150,2月_数量,50116,116_ブルネイ,2020000000,2020年,0,
30301000,30301_原油及び粗油,150,2月_数量,50116,116_ブルネイ,2019000000,2019年,37744,
30301000,30301_原油及び粗油,150,2月_数量,50116,116_ブルネイ,2018000000,2018年,0,
30301000,30301_原油及び粗油,150,2月_数量,50116,116_ブルネイ,2017000000,2017年,0,
30301000,30301_原油及び粗油,150,2月_数量,50116,116_ブルネイ,2016000000,2016年,104948,
30301000,30301_原油及び粗油,150,2月_数量,50118,118_インドネシア,2019000000,2019年,129496,
30301000,30301_原油及び粗油,150,2月_数量,50118,118_インドネシア,2018000000,2018年,44708,
30301000,30301_原油及び粗油,150,2月_数量,50118,118_インドネシア,2017000000,2017年,286490,
30301000,30301_原油及び粗油,150,2月_数量,50118,118_インドネシア,2016000000,2016年,372288,
30301000,30301_原油及び粗油,150,2月_数量,50133,133_イラン,2019000000,2019年,338578,
30301000,30301_原油及び粗油,150,2月_数量,50133,133_イラン,2018000000,2018年,712142,
30301000,30301_原油及び粗油,150,2月_数量,50133,133_イラン,2017000000,2017年,1157560,
30301000,30301_原油及び粗油,150,2月_数量,50133,133_イラン,2016000000,2016年,1194229,
30301000,30301_原油及び粗油,150,2月_数量,50134,134_イラク,2020000000,2020年,0,
30301000,30301_原油及び粗油,150,2月_数量,50134,134_イラク,2019000000,2019年,0,
30301000,30301_原油及び粗油,150,2月_数量,50134,134_イラク,2018000000,2018年,332569,
30301000,30301_原油及び粗油,150,2月_数量,50134,134_イラク,2017000000,2017年,303039,
30301000,30301_原油及び粗油,150,2月_数量,50134,134_イラク,2016000000,2016年,322757,
30301000,30301_原油及び粗油,150,2月_数量,50135,135_バーレーン,2020000000,2020年,0,
30301000,30301_原油及び粗油,150,2月_数量,50135,135_バーレーン,2019000000,2019年,206510,
30301000,30301_原油及び粗油,150,2月_数量,50135,135_バーレーン,2018000000,2018年,0,
30301000,30301_原油及び粗油,150,2月_数量,50137,137_サウジアラビア,2020000000,2020年,4411614,
30301000,30301_原油及び粗油,150,2月_数量,50137,137_サウジアラビア,2019000000,2019年,5667730,
30301000,30301_原油及び粗油,150,2月_数量,50137,137_サウジアラビア,2018000000,2018年,6034679,
30301000,30301_原油及び粗油,150,2月_数量,50137,137_サウジアラビア,2017000000,2017年,6417412,
30301000,30301_原油及び粗油,150,2月_数量,50137,137_サウジアラビア,2016000000,2016年,6016058,
30301000,30301_原油及び粗油,150,2月_数量,50138,138_クウェート,2020000000,2020年,1057677,
30301000,30301_原油及び粗油,150,2月_数量,50138,138_クウェート,2019000000,2019年,1332219,
30301000,30301_原油及び粗油,150,2月_数量,50138,138_クウェート,2018000000,2018年,1016051,
30301000,30301_原油及び粗油,150,2月_数量,50138,138_クウェート,2017000000,2017年,1182409,
30301000,30301_原油及び粗油,150,2月_数量,50138,138_クウェート,2016000000,2016年,1257759,
30301000,30301_原油及び粗油,150,2月_数量,50140,140_カタール,2020000000,2020年,1145407,
30301000,30301_原油及び粗油,150,2月_数量,50140,140_カタール,2019000000,2019年,1141875,
30301000,30301_原油及び粗油,150,2月_数量,50140,140_カタール,2018000000,2018年,980653,
30301000,30301_原油及び粗油,150,2月_数量,50140,140_カタール,2017000000,2017年,1235434,
30301000,30301_原油及び粗油,150,2月_数量,50140,140_カタール,2016000000,2016年,1640376,
30301000,30301_原油及び粗油,150,2月_数量,50141,141_オマーン,2020000000,2020年,79042,
30301000,30301_原油及び粗油,150,2月_数量,50141,141_オマーン,2019000000,2019年,204713,
30301000,30301_原油及び粗油,150,2月_数量,50141,141_オマーン,2018000000,2018年,69579,
30301000,30301_原油及び粗油,150,2月_数量,50141,141_オマーン,2017000000,2017年,79273,
30301000,30301_原油及び粗油,150,2月_数量,50141,141_オマーン,2016000000,2016年,0,
30301000,30301_原油及び粗油,150,2月_数量,50147,147_アラブ首長国連邦,2020000000,2020年,4407844,
30301000,30301_原油及び粗油,150,2月_数量,50147,147_アラブ首長国連邦,2019000000,2019年,3349838,
30301000,30301_原油及び粗油,150,2月_数量,50147,147_アラブ首長国連邦,2018000000,2018年,3189391,
30301000,30301_原油及び粗油,150,2月_数量,50147,147_アラブ首長国連邦,2017000000,2017年,3539679,
30301000,30301_原油及び粗油,150,2月_数量,50147,147_アラブ首長国連邦,2016000000,2016年,3534362,
30301000,30301_原油及び粗油,150,2月_数量,50149,149_イエメン,2018000000,2018年,0,
30301000,30301_原油及び粗油,150,2月_数量,50150,150_アゼルバイジャン,2020000000,2020年,0,
30301000,30301_原油及び粗油,150,2月_数量,50153,153_カザフスタン,2020000000,2020年,47947,
30301000,30301_原油及び粗油,150,2月_数量,50153,153_カザフスタン,2019000000,2019年,63821,
30301000,30301_原油及び粗油,150,2月_数量,50153,153_カザフスタン,2018000000,2018年,80512,
30301000,30301_原油及び粗油,150,2月_数量,50153,153_カザフスタン,2017000000,2017年,112046,
30301000,30301_原油及び粗油,150,2月_数量,50153,153_カザフスタン,2016000000,2016年,210887,
30301000,30301_原油及び粗油,150,2月_数量,50205,205_英国,2018000000,2018年,0,
30301000,30301_原油及び粗油,150,2月_数量,50205,205_英国,2017000000,2017年,0,
30301000,30301_原油及び粗油,150,2月_数量,50213,213_ドイツ,2016000000,2016年,0,
30301000,30301_原油及び粗油,150,2月_数量,50224,224_ロシア,2020000000,2020年,678813,
30301000,30301_原油及び粗油,150,2月_数量,50224,224_ロシア,2019000000,2019年,687475,
30301000,30301_原油及び粗油,150,2月_数量,50224,224_ロシア,2018000000,2018年,785239,
30301000,30301_原油及び粗油,150,2月_数量,50224,224_ロシア,2017000000,2017年,1174835,
30301000,30301_原油及び粗油,150,2月_数量,50224,224_ロシア,2016000000,2016年,1074702,
30301000,30301_原油及び粗油,150,2月_数量,50302,302_カナダ,2019000000,2019年,0,
30301000,30301_原油及び粗油,150,2月_数量,50304,304_アメリカ合衆国,2020000000,2020年,145075,
30301000,30301_原油及び粗油,150,2月_数量,50304,304_アメリカ合衆国,2019000000,2019年,268824,
30301000,30301_原油及び粗油,150,2月_数量,50304,304_アメリカ合衆国,2018000000,2018年,201191,
30301000,30301_原油及び粗油,150,2月_数量,50304,304_アメリカ合衆国,2017000000,2017年,0,
30301000,30301_原油及び粗油,150,2月_数量,50304,304_アメリカ合衆国,2016000000,2016年,0,
30301000,30301_原油及び粗油,150,2月_数量,50305,305_メキシコ,2020000000,2020年,56291,
30301000,30301_原油及び粗油,150,2月_数量,50305,305_メキシコ,2019000000,2019年,0,
30301000,30301_原油及び粗油,150,2月_数量,50305,305_メキシコ,2018000000,2018年,298107,
30301000,30301_原油及び粗油,150,2月_数量,50305,305_メキシコ,2017000000,2017年,119580,
30301000,30301_原油及び粗油,150,2月_数量,50305,305_メキシコ,2016000000,2016年,376135,
30301000,30301_原油及び粗油,150,2月_数量,50315,315_バハマ,2016000000,2016年,95268,
30301000,30301_原油及び粗油,150,2月_数量,50326,326_蘭領アンティール,2017000000,2017年,94623,
30301000,30301_原油及び粗油,150,2月_数量,50401,401_コロンビア,2019000000,2019年,0,
30301000,30301_原油及び粗油,150,2月_数量,50401,401_コロンビア,2018000000,2018年,39685,
30301000,30301_原油及び粗油,150,2月_数量,50401,401_コロンビア,2017000000,2017年,38150,
30301000,30301_原油及び粗油,150,2月_数量,50401,401_コロンビア,2016000000,2016年,151846,
30301000,30301_原油及び粗油,150,2月_数量,50402,402_ベネズエラ,2017000000,2017年,216560,
30301000,30301_原油及び粗油,150,2月_数量,50402,402_ベネズエラ,2016000000,2016年,65262,
30301000,30301_原油及び粗油,150,2月_数量,50406,406_エクアドル,2020000000,2020年,177812,
30301000,30301_原油及び粗油,150,2月_数量,50406,406_エクアドル,2019000000,2019年,100222,
30301000,30301_原油及び粗油,150,2月_数量,50406,406_エクアドル,2018000000,2018年,117135,
30301000,30301_原油及び粗油,150,2月_数量,50406,406_エクアドル,2017000000,2017年,101678,
30301000,30301_原油及び粗油,150,2月_数量,50406,406_エクアドル,2016000000,2016年,106154,
30301000,30301_原油及び粗油,150,2月_数量,50503,503_アルジェリア,2020000000,2020年,79142,
30301000,30301_原油及び粗油,150,2月_数量,50503,503_アルジェリア,2019000000,2019年,0,
30301000,30301_原油及び粗油,150,2月_数量,50503,503_アルジェリア,2018000000,2018年,0,
30301000,30301_原油及び粗油,150,2月_数量,50503,503_アルジェリア,2017000000,2017年,0,
30301000,30301_原油及び粗油,150,2月_数量,50503,503_アルジェリア,2016000000,2016年,0,
30301000,30301_原油及び粗油,150,2月_数量,50505,505_リビア,2020000000,2020年,51615,
30301000,30301_原油及び粗油,150,2月_数量,50507,507_スーダン,2016000000,2016年,0,
30301000,30301_原油及び粗油,150,2月_数量,50517,517_ガーナ,2017000000,2017年,0,
30301000,30301_原油及び粗油,150,2月_数量,50527,527_カメルーン,2019000000,2019年,0,
30301000,30301_原油及び粗油,150,2月_数量,50528,528_チャド,2016000000,2016年,108758,
30301000,30301_原油及び粗油,150,2月_数量,50531,531_ガボン,2019000000,2019年,0,
30301000,30301_原油及び粗油,150,2月_数量,50531,531_ガボン,2016000000,2016年,103333,
30301000,30301_原油及び粗油,150,2月_数量,50535,535_アンゴラ,2019000000,2019年,0,
30301000,30301_原油及び粗油,150,2月_数量,50535,535_アンゴラ,2018000000,2018年,0,
30301000,30301_原油及び粗油,150,2月_数量,50535,535_アンゴラ,2017000000,2017年,0,
30301000,30301_原油及び粗油,150,2月_数量,50543,543_タンザニア,2018000000,2018年,0,
30301000,30301_原油及び粗油,150,2月_数量,50545,545_モザンビーク,2018000000,2018年,0,
30301000,30301_原油及び粗油,150,2月_数量,50601,601_オーストラリア,2020000000,2020年,31347,
30301000,30301_原油及び粗油,150,2月_数量,50601,601_オーストラリア,2019000000,2019年,10323,
30301000,30301_原油及び粗油,150,2月_数量,50601,601_オーストラリア,2018000000,2018年,65658,
30301000,30301_原油及び粗油,150,2月_数量,50601,601_オーストラリア,2017000000,2017年,59532,
30301000,30301_原油及び粗油,150,2月_数量,50601,601_オーストラリア,2016000000,2016年,0,
30301000,30301_原油及び粗油,150,2月_数量,50602,602_パプアニューギニア,2016000000,2016年,0,
30301000,30301_原油及び粗油,160,2月_金額,50103,103_大韓民国,2017000000,2017年,0,千円
30301000,30301_原油及び粗油,160,2月_金額,50106,106_台湾,2018000000,2018年,0,千円
30301000,30301_原油及び粗油,160,2月_金額,50110,110_ベトナム,2020000000,2020年,2305974,千円
30301000,30301_原油及び粗油,160,2月_金額,50110,110_ベトナム,2019000000,2019年,2528316,千円
30301000,30301_原油及び粗油,160,2月_金額,50110,110_ベトナム,2018000000,2018年,0,千円
30301000,30301_原油及び粗油,160,2月_金額,50110,110_ベトナム,2017000000,2017年,4033121,千円
30301000,30301_原油及び粗油,160,2月_金額,50110,110_ベトナム,2016000000,2016年,1174144,千円
30301000,30301_原油及び粗油,160,2月_金額,50111,111_タイ,2020000000,2020年,0,千円
30301000,30301_原油及び粗油,160,2月_金額,50112,112_シンガポール,2020000000,2020年,0,千円
30301000,30301_原油及び粗油,160,2月_金額,50112,112_シンガポール,2019000000,2019年,0,千円
30301000,30301_原油及び粗油,160,2月_金額,50113,113_マレーシア,2020000000,2020年,0,千円
30301000,30301_原油及び粗油,160,2月_金額,50113,113_マレーシア,2019000000,2019年,3021978,千円
30301000,30301_原油及び粗油,160,2月_金額,50113,113_マレーシア,2018000000,2018年,4607641,千円
30301000,30301_原油及び粗油,160,2月_金額,50113,113_マレーシア,2017000000,2017年,4077312,千円
30301000,30301_原油及び粗油,160,2月_金額,50113,113_マレーシア,2016000000,2016年,1722002,千円
30301000,30301_原油及び粗油,160,2月_金額,50116,116_ブルネイ,2020000000,2020年,0,千円
30301000,30301_原油及び粗油,160,2月_金額,50116,116_ブルネイ,2019000000,2019年,1735911,千円
30301000,30301_原油及び粗油,160,2月_金額,50116,116_ブルネイ,2018000000,2018年,0,千円
30301000,30301_原油及び粗油,160,2月_金額,50116,116_ブルネイ,2017000000,2017年,0,千円
30301000,30301_原油及び粗油,160,2月_金額,50116,116_ブルネイ,2016000000,2016年,2799465,千円
30301000,30301_原油及び粗油,160,2月_金額,50118,118_インドネシア,2019000000,2019年,6526293,千円
30301000,30301_原油及び粗油,160,2月_金額,50118,118_インドネシア,2018000000,2018年,2157483,千円
30301000,30301_原油及び粗油,160,2月_金額,50118,118_インドネシア,2017000000,2017年,11815780,千円
30301000,30301_原油及び粗油,160,2月_金額,50118,118_インドネシア,2016000000,2016年,8940292,千円
30301000,30301_原油及び粗油,160,2月_金額,50133,133_イラン,2019000000,2019年,13941760,千円
30301000,30301_原油及び粗油,160,2月_金額,50133,133_イラン,2018000000,2018年,32309376,千円
30301000,30301_原油及び粗油,160,2月_金額,50133,133_イラン,2017000000,2017年,45852375,千円
30301000,30301_原油及び粗油,160,2月_金額,50133,133_イラン,2016000000,2016年,24521087,千円
30301000,30301_原油及び粗油,160,2月_金額,50134,134_イラク,2020000000,2020年,0,千円
30301000,30301_原油及び粗油,160,2月_金額,50134,134_イラク,2019000000,2019年,0,千円
30301000,30301_原油及び粗油,160,2月_金額,50134,134_イラク,2018000000,2018年,15307172,千円
30301000,30301_原油及び粗油,160,2月_金額,50134,134_イラク,2017000000,2017年,11331003,千円
30301000,30301_原油及び粗油,160,2月_金額,50134,134_イラク,2016000000,2016年,5538734,千円
30301000,30301_原油及び粗油,160,2月_金額,50135,135_バーレーン,2020000000,2020年,0,千円
30301000,30301_原油及び粗油,160,2月_金額,50135,135_バーレーン,2019000000,2019年,8570099,千円
30301000,30301_原油及び粗油,160,2月_金額,50135,135_バーレーン,2018000000,2018年,0,千円
30301000,30301_原油及び粗油,160,2月_金額,50137,137_サウジアラビア,2020000000,2020年,216996362,千円
30301000,30301_原油及び粗油,160,2月_金額,50137,137_サウジアラビア,2019000000,2019年,241344775,千円
30301000,30301_原油及び粗油,160,2月_金額,50137,137_サウジアラビア,2018000000,2018年,286300469,千円
30301000,30301_原油及び粗油,160,2月_金額,50137,137_サウジアラビア,2017000000,2017年,251340260,千円
30301000,30301_原油及び粗油,160,2月_金額,50137,137_サウジアラビア,2016000000,2016年,128454839,千円
30301000,30301_原油及び粗油,160,2月_金額,50138,138_クウェート,2020000000,2020年,50226727,千円
30301000,30301_原油及び粗油,160,2月_金額,50138,138_クウェート,2019000000,2019年,56608387,千円
30301000,30301_原油及び粗油,160,2月_金額,50138,138_クウェート,2018000000,2018年,47076942,千円
30301000,30301_原油及び粗油,160,2月_金額,50138,138_クウェート,2017000000,2017年,45249961,千円
30301000,30301_原油及び粗油,160,2月_金額,50138,138_クウェート,2016000000,2016年,23015815,千円
30301000,30301_原油及び粗油,160,2月_金額,50140,140_カタール,2020000000,2020年,55559498,千円
30301000,30301_原油及び粗油,160,2月_金額,50140,140_カタール,2019000000,2019年,48343106,千円
30301000,30301_原油及び粗油,160,2月_金額,50140,140_カタール,2018000000,2018年,45309481,千円
30301000,30301_原油及び粗油,160,2月_金額,50140,140_カタール,2017000000,2017年,48818287,千円
30301000,30301_原油及び粗油,160,2月_金額,50140,140_カタール,2016000000,2016年,36417413,千円
30301000,30301_原油及び粗油,160,2月_金額,50141,141_オマーン,2020000000,2020年,3805481,千円
30301000,30301_原油及び粗油,160,2月_金額,50141,141_オマーン,2019000000,2019年,9090810,千円
30301000,30301_原油及び粗油,160,2月_金額,50141,141_オマーン,2018000000,2018年,3257904,千円
30301000,30301_原油及び粗油,160,2月_金額,50141,141_オマーン,2017000000,2017年,3098946,千円
30301000,30301_原油及び粗油,160,2月_金額,50141,141_オマーン,2016000000,2016年,0,千円
30301000,30301_原油及び粗油,160,2月_金額,50147,147_アラブ首長国連邦,2020000000,2020年,213140339,千円
30301000,30301_原油及び粗油,160,2月_金額,50147,147_アラブ首長国連邦,2019000000,2019年,144551698,千円
30301000,30301_原油及び粗油,160,2月_金額,50147,147_アラブ首長国連邦,2018000000,2018年,151263043,千円
30301000,30301_原油及び粗油,160,2月_金額,50147,147_アラブ首長国連邦,2017000000,2017年,141651357,千円
30301000,30301_原油及び粗油,160,2月_金額,50147,147_アラブ首長国連邦,2016000000,2016年,85854153,千円
30301000,30301_原油及び粗油,160,2月_金額,50149,149_イエメン,2018000000,2018年,0,千円
30301000,30301_原油及び粗油,160,2月_金額,50150,150_アゼルバイジャン,2020000000,2020年,0,千円
30301000,30301_原油及び粗油,160,2月_金額,50153,153_カザフスタン,2020000000,2020年,2351034,千円
30301000,30301_原油及び粗油,160,2月_金額,50153,153_カザフスタン,2019000000,2019年,3659658,千円
30301000,30301_原油及び粗油,160,2月_金額,50153,153_カザフスタン,2018000000,2018年,3664771,千円
30301000,30301_原油及び粗油,160,2月_金額,50153,153_カザフスタン,2017000000,2017年,4375485,千円
30301000,30301_原油及び粗油,160,2月_金額,50153,153_カザフスタン,2016000000,2016年,7400647,千円
30301000,30301_原油及び粗油,160,2月_金額,50205,205_英国,2018000000,2018年,0,千円
30301000,30301_原油及び粗油,160,2月_金額,50205,205_英国,2017000000,2017年,0,千円
30301000,30301_原油及び粗油,160,2月_金額,50213,213_ドイツ,2016000000,2016年,0,千円
30301000,30301_原油及び粗油,160,2月_金額,50224,224_ロシア,2020000000,2020年,32837833,千円
30301000,30301_原油及び粗油,160,2月_金額,50224,224_ロシア,2019000000,2019年,30190134,千円
30301000,30301_原油及び粗油,160,2月_金額,50224,224_ロシア,2018000000,2018年,37015456,千円
30301000,30301_原油及び粗油,160,2月_金額,50224,224_ロシア,2017000000,2017年,48350260,千円
30301000,30301_原油及び粗油,160,2月_金額,50224,224_ロシア,2016000000,2016年,27151079,千円
30301000,30301_原油及び粗油,160,2月_金額,50302,302_カナダ,2019000000,2019年,0,千円
30301000,30301_原油及び粗油,160,2月_金額,50304,304_アメリカ合衆国,2020000000,2020年,7159236,千円
30301000,30301_原油及び粗油,160,2月_金額,50304,304_アメリカ合衆国,2019000000,2019年,12178001,千円
30301000,30301_原油及び粗油,160,2月_金額,50304,304_アメリカ合衆国,2018000000,2018年,9008941,千円
30301000,30301_原油及び粗油,160,2月_金額,50304,304_アメリカ合衆国,2017000000,2017年,0,千円
30301000,30301_原油及び粗油,160,2月_金額,50304,304_アメリカ合衆国,2016000000,2016年,0,千円
30301000,30301_原油及び粗油,160,2月_金額,50305,305_メキシコ,2020000000,2020年,2571477,千円
30301000,30301_原油及び粗油,160,2月_金額,50305,305_メキシコ,2019000000,2019年,0,千円
30301000,30301_原油及び粗油,160,2月_金額,50305,305_メキシコ,2018000000,2018年,12610430,千円
30301000,30301_原油及び粗油,160,2月_金額,50305,305_メキシコ,2017000000,2017年,4448762,千円
30301000,30301_原油及び粗油,160,2月_金額,50305,305_メキシコ,2016000000,2016年,8540539,千円
30301000,30301_原油及び粗油,160,2月_金額,50315,315_バハマ,2016000000,2016年,2874541,千円
30301000,30301_原油及び粗油,160,2月_金額,50326,326_蘭領アンティール,2017000000,2017年,3203310,千円
30301000,30301_原油及び粗油,160,2月_金額,50401,401_コロンビア,2019000000,2019年,0,千円
30301000,30301_原油及び粗油,160,2月_金額,50401,401_コロンビア,2018000000,2018年,1791971,千円
30301000,30301_原油及び粗油,160,2月_金額,50401,401_コロンビア,2017000000,2017年,1421033,千円
30301000,30301_原油及び粗油,160,2月_金額,50401,401_コロンビア,2016000000,2016年,3531252,千円
30301000,30301_原油及び粗油,160,2月_金額,50402,402_ベネズエラ,2017000000,2017年,8292449,千円
30301000,30301_原油及び粗油,160,2月_金額,50402,402_ベネズエラ,2016000000,2016年,2010584,千円
30301000,30301_原油及び粗油,160,2月_金額,50406,406_エクアドル,2020000000,2020年,8092687,千円
30301000,30301_原油及び粗油,160,2月_金額,50406,406_エクアドル,2019000000,2019年,4074488,千円
30301000,30301_原油及び粗油,160,2月_金額,50406,406_エクアドル,2018000000,2018年,4853982,千円
30301000,30301_原油及び粗油,160,2月_金額,50406,406_エクアドル,2017000000,2017年,3673394,千円
30301000,30301_原油及び粗油,160,2月_金額,50406,406_エクアドル,2016000000,2016年,1684710,千円
30301000,30301_原油及び粗油,160,2月_金額,50503,503_アルジェリア,2020000000,2020年,3996078,千円
30301000,30301_原油及び粗油,160,2月_金額,50503,503_アルジェリア,2019000000,2019年,0,千円
30301000,30301_原油及び粗油,160,2月_金額,50503,503_アルジェリア,2018000000,2018年,0,千円
30301000,30301_原油及び粗油,160,2月_金額,50503,503_アルジェリア,2017000000,2017年,0,千円
30301000,30301_原油及び粗油,160,2月_金額,50503,503_アルジェリア,2016000000,2016年,0,千円
30301000,30301_原油及び粗油,160,2月_金額,50505,505_リビア,2020000000,2020年,2716237,千円
30301000,30301_原油及び粗油,160,2月_金額,50507,507_スーダン,2016000000,2016年,0,千円
30301000,30301_原油及び粗油,160,2月_金額,50517,517_ガーナ,2017000000,2017年,0,千円
30301000,30301_原油及び粗油,160,2月_金額,50527,527_カメルーン,2019000000,2019年,0,千円
30301000,30301_原油及び粗油,160,2月_金額,50528,528_チャド,2016000000,2016年,3663376,千円
30301000,30301_原油及び粗油,160,2月_金額,50531,531_ガボン,2019000000,2019年,0,千円
30301000,30301_原油及び粗油,160,2月_金額,50531,531_ガボン,2016000000,2016年,3088504,千円
30301000,30301_原油及び粗油,160,2月_金額,50535,535_アンゴラ,2019000000,2019年,0,千円
30301000,30301_原油及び粗油,160,2月_金額,50535,535_アンゴラ,2018000000,2018年,0,千円
30301000,30301_原油及び粗油,160,2月_金額,50535,535_アンゴラ,2017000000,2017年,0,千円
30301000,30301_原油及び粗油,160,2月_金額,50543,543_タンザニア,2018000000,2018年,0,千円
30301000,30301_原油及び粗油,160,2月_金額,50545,545_モザンビーク,2018000000,2018年,0,千円
30301000,30301_原油及び粗油,160,2月_金額,50601,601_オーストラリア,2020000000,2020年,1951454,千円
30301000,30301_原油及び粗油,160,2月_金額,50601,601_オーストラリア,2019000000,2019年,502759,千円
30301000,30301_原油及び粗油,160,2月_金額,50601,601_オーストラリア,2018000000,2018年,3218083,千円
30301000,30301_原油及び粗油,160,2月_金額,50601,601_オーストラリア,2017000000,2017年,2690588,千円
30301000,30301_原油及び粗油,160,2月_金額,50601,601_オーストラリア,2016000000,2016年,0,千円
30301000,30301_原油及び粗油,160,2月_金額,50602,602_パプアニューギニア,2016000000,2016年,0,千円
30301000,30301_原油及び粗油,170,3月_数量,50103,103_大韓民国,2017000000,2017年,0,
30301000,30301_原油及び粗油,170,3月_数量,50106,106_台湾,2018000000,2018年,0,
30301000,30301_原油及び粗油,170,3月_数量,50110,110_ベトナム,2020000000,2020年,0,
30301000,30301_原油及び粗油,170,3月_数量,50110,110_ベトナム,2019000000,2019年,0,
30301000,30301_原油及び粗油,170,3月_数量,50110,110_ベトナム,2018000000,2018年,55051,
30301000,30301_原油及び粗油,170,3月_数量,50110,110_ベトナム,2017000000,2017年,93779,
30301000,30301_原油及び粗油,170,3月_数量,50110,110_ベトナム,2016000000,2016年,46952,
30301000,30301_原油及び粗油,170,3月_数量,50111,111_タイ,2020000000,2020年,0,
30301000,30301_原油及び粗油,170,3月_数量,50112,112_シンガポール,2020000000,2020年,17876,
30301000,30301_原油及び粗油,170,3月_数量,50112,112_シンガポール,2019000000,2019年,0,
30301000,30301_原油及び粗油,170,3月_数量,50113,113_マレーシア,2020000000,2020年,81280,
30301000,30301_原油及び粗油,170,3月_数量,50113,113_マレーシア,2019000000,2019年,86581,
30301000,30301_原油及び粗油,170,3月_数量,50113,113_マレーシア,2018000000,2018年,143903,
30301000,30301_原油及び粗油,170,3月_数量,50113,113_マレーシア,2017000000,2017年,0,
30301000,30301_原油及び粗油,170,3月_数量,50113,113_マレーシア,2016000000,2016年,257874,
30301000,30301_原油及び粗油,170,3月_数量,50116,116_ブルネイ,2020000000,2020年,0,
30301000,30301_原油及び粗油,170,3月_数量,50116,116_ブルネイ,2019000000,2019年,0,
30301000,30301_原油及び粗油,170,3月_数量,50116,116_ブルネイ,2018000000,2018年,45130,
30301000,30301_原油及び粗油,170,3月_数量,50116,116_ブルネイ,2017000000,2017年,0,
30301000,30301_原油及び粗油,170,3月_数量,50116,116_ブルネイ,2016000000,2016年,47337,
30301000,30301_原油及び粗油,170,3月_数量,50118,118_インドネシア,2019000000,2019年,0,
30301000,30301_原油及び粗油,170,3月_数量,50118,118_インドネシア,2018000000,2018年,231302,
30301000,30301_原油及び粗油,170,3月_数量,50118,118_インドネシア,2017000000,2017年,121566,
30301000,30301_原油及び粗油,170,3月_数量,50118,118_インドネシア,2016000000,2016年,363451,
30301000,30301_原油及び粗油,170,3月_数量,50133,133_イラン,2019000000,2019年,1440186,
30301000,30301_原油及び粗油,170,3月_数量,50133,133_イラン,2018000000,2018年,1312772,
30301000,30301_原油及び粗油,170,3月_数量,50133,133_イラン,2017000000,2017年,1233107,
30301000,30301_原油及び粗油,170,3月_数量,50133,133_イラン,2016000000,2016年,1213640,
30301000,30301_原油及び粗油,170,3月_数量,50134,134_イラク,2020000000,2020年,0,
30301000,30301_原油及び粗油,170,3月_数量,50134,134_イラク,2019000000,2019年,152970,
30301000,30301_原油及び粗油,170,3月_数量,50134,134_イラク,2018000000,2018年,315913,
30301000,30301_原油及び粗油,170,3月_数量,50134,134_イラク,2017000000,2017年,313939,
30301000,30301_原油及び粗油,170,3月_数量,50134,134_イラク,2016000000,2016年,325269,
30301000,30301_原油及び粗油,170,3月_数量,50135,135_バーレーン,2020000000,2020年,0,
30301000,30301_原油及び粗油,170,3月_数量,50135,135_バーレーン,2019000000,2019年,157743,
30301000,30301_原油及び粗油,170,3月_数量,50135,135_バーレーン,2018000000,2018年,83134,
30301000,30301_原油及び粗油,170,3月_数量,50137,137_サウジアラビア,2020000000,2020年,5140307,
30301000,30301_原油及び粗油,170,3月_数量,50137,137_サウジアラビア,2019000000,2019年,5889891,
30301000,30301_原油及び粗油,170,3月_数量,50137,137_サウジアラビア,2018000000,2018年,5715321,
30301000,30301_原油及び粗油,170,3月_数量,50137,137_サウジアラビア,2017000000,2017年,7157322,
30301000,30301_原油及び粗油,170,3月_数量,50137,137_サウジアラビア,2016000000,2016年,7141514,
30301000,30301_原油及び粗油,170,3月_数量,50138,138_クウェート,2020000000,2020年,1568523,
30301000,30301_原油及び粗油,170,3月_数量,50138,138_クウェート,2019000000,2019年,727918,
30301000,30301_原油及び粗油,170,3月_数量,50138,138_クウェート,2018000000,2018年,1149406,
30301000,30301_原油及び粗油,170,3月_数量,50138,138_クウェート,2017000000,2017年,1237261,
30301000,30301_原油及び粗油,170,3月_数量,50138,138_クウェート,2016000000,2016年,1854238,
30301000,30301_原油及び粗油,170,3月_数量,50140,140_カタール,2020000000,2020年,1593600,
30301000,30301_原油及び粗油,170,3月_数量,50140,140_カタール,2019000000,2019年,1284098,
30301000,30301_原油及び粗油,170,3月_数量,50140,140_カタール,2018000000,2018年,1601994,
30301000,30301_原油及び粗油,170,3月_数量,50140,140_カタール,2017000000,2017年,1643240,
30301000,30301_原油及び粗油,170,3月_数量,50140,140_カタール,2016000000,2016年,1785823,
30301000,30301_原油及び粗油,170,3月_数量,50141,141_オマーン,2020000000,2020年,0,
30301000,30301_原油及び粗油,170,3月_数量,50141,141_オマーン,2019000000,2019年,325012,
30301000,30301_原油及び粗油,170,3月_数量,50141,141_オマーン,2018000000,2018年,223661,
30301000,30301_原油及び粗油,170,3月_数量,50141,141_オマーン,2017000000,2017年,158440,
30301000,30301_原油及び粗油,170,3月_数量,50141,141_オマーン,2016000000,2016年,0,
30301000,30301_原油及び粗油,170,3月_数量,50147,147_アラブ首長国連邦,2020000000,2020年,5151046,
30301000,30301_原油及び粗油,170,3月_数量,50147,147_アラブ首長国連邦,2019000000,2019年,3231422,
30301000,30301_原油及び粗油,170,3月_数量,50147,147_アラブ首長国連邦,2018000000,2018年,3781636,
30301000,30301_原油及び粗油,170,3月_数量,50147,147_アラブ首長国連邦,2017000000,2017年,3729919,
30301000,30301_原油及び粗油,170,3月_数量,50147,147_アラブ首長国連邦,2016000000,2016年,4916143,
30301000,30301_原油及び粗油,170,3月_数量,50149,149_イエメン,2018000000,2018年,0,
30301000,30301_原油及び粗油,170,3月_数量,50150,150_アゼルバイジャン,2020000000,2020年,0,
30301000,30301_原油及び粗油,170,3月_数量,50153,153_カザフスタン,2020000000,2020年,498926,
30301000,30301_原油及び粗油,170,3月_数量,50153,153_カザフスタン,2019000000,2019年,0,
30301000,30301_原油及び粗油,170,3月_数量,50153,153_カザフスタン,2018000000,2018年,325839,
30301000,30301_原油及び粗油,170,3月_数量,50153,153_カザフスタン,2017000000,2017年,0,
30301000,30301_原油及び粗油,170,3月_数量,50153,153_カザフスタン,2016000000,2016年,248830,
30301000,30301_原油及び粗油,170,3月_数量,50205,205_英国,2018000000,2018年,0,
30301000,30301_原油及び粗油,170,3月_数量,50205,205_英国,2017000000,2017年,0,
30301000,30301_原油及び粗油,170,3月_数量,50213,213_ドイツ,2016000000,2016年,0,
30301000,30301_原油及び粗油,170,3月_数量,50224,224_ロシア,2020000000,2020年,458860,
30301000,30301_原油及び粗油,170,3月_数量,50224,224_ロシア,2019000000,2019年,705329,
30301000,30301_原油及び粗油,170,3月_数量,50224,224_ロシア,2018000000,2018年,784265,
30301000,30301_原油及び粗油,170,3月_数量,50224,224_ロシア,2017000000,2017年,653742,
30301000,30301_原油及び粗油,170,3月_数量,50224,224_ロシア,2016000000,2016年,1816004,
30301000,30301_原油及び粗油,170,3月_数量,50302,302_カナダ,2019000000,2019年,0,
30301000,30301_原油及び粗油,170,3月_数量,50304,304_アメリカ合衆国,2020000000,2020年,22245,
30301000,30301_原油及び粗油,170,3月_数量,50304,304_アメリカ合衆国,2019000000,2019年,479596,
30301000,30301_原油及び粗油,170,3月_数量,50304,304_アメリカ合衆国,2018000000,2018年,1981,
30301000,30301_原油及び粗油,170,3月_数量,50304,304_アメリカ合衆国,2017000000,2017年,161943,
30301000,30301_原油及び粗油,170,3月_数量,50304,304_アメリカ合衆国,2016000000,2016年,0,
30301000,30301_原油及び粗油,170,3月_数量,50305,305_メキシコ,2020000000,2020年,24811,
30301000,30301_原油及び粗油,170,3月_数量,50305,305_メキシコ,2019000000,2019年,0,
30301000,30301_原油及び粗油,170,3月_数量,50305,305_メキシコ,2018000000,2018年,139938,
30301000,30301_原油及び粗油,170,3月_数量,50305,305_メキシコ,2017000000,2017年,255154,
30301000,30301_原油及び粗油,170,3月_数量,50305,305_メキシコ,2016000000,2016年,191651,
30301000,30301_原油及び粗油,170,3月_数量,50315,315_バハマ,2016000000,2016年,0,
30301000,30301_原油及び粗油,170,3月_数量,50326,326_蘭領アンティール,2017000000,2017年,0,
30301000,30301_原油及び粗油,170,3月_数量,50401,401_コロンビア,2019000000,2019年,0,
30301000,30301_原油及び粗油,170,3月_数量,50401,401_コロンビア,2018000000,2018年,0,
30301000,30301_原油及び粗油,170,3月_数量,50401,401_コロンビア,2017000000,2017年,72474,
30301000,30301_原油及び粗油,170,3月_数量,50401,401_コロンビア,2016000000,2016年,35538,
30301000,30301_原油及び粗油,170,3月_数量,50402,402_ベネズエラ,2017000000,2017年,0,
30301000,30301_原油及び粗油,170,3月_数量,50402,402_ベネズエラ,2016000000,2016年,0,
30301000,30301_原油及び粗油,170,3月_数量,50406,406_エクアドル,2020000000,2020年,138842,
30301000,30301_原油及び粗油,170,3月_数量,50406,406_エクアドル,2019000000,2019年,254421,
30301000,30301_原油及び粗油,170,3月_数量,50406,406_エクアドル,2018000000,2018年,218845,
30301000,30301_原油及び粗油,170,3月_数量,50406,406_エクアドル,2017000000,2017年,79744,
30301000,30301_原油及び粗油,170,3月_数量,50406,406_エクアドル,2016000000,2016年,120329,
30301000,30301_原油及び粗油,170,3月_数量,50503,503_アルジェリア,2020000000,2020年,81963,
30301000,30301_原油及び粗油,170,3月_数量,50503,503_アルジェリア,2019000000,2019年,111112,
30301000,30301_原油及び粗油,170,3月_数量,50503,503_アルジェリア,2018000000,2018年,0,
30301000,30301_原油及び粗油,170,3月_数量,50503,503_アルジェリア,2017000000,2017年,0,
30301000,30301_原油及び粗油,170,3月_数量,50503,503_アルジェリア,2016000000,2016年,0,
30301000,30301_原油及び粗油,170,3月_数量,50505,505_リビア,2020000000,2020年,0,
30301000,30301_原油及び粗油,170,3月_数量,50507,507_スーダン,2016000000,2016年,0,
30301000,30301_原油及び粗油,170,3月_数量,50517,517_ガーナ,2017000000,2017年,0,
30301000,30301_原油及び粗油,170,3月_数量,50527,527_カメルーン,2019000000,2019年,0,
30301000,30301_原油及び粗油,170,3月_数量,50528,528_チャド,2016000000,2016年,0,
30301000,30301_原油及び粗油,170,3月_数量,50531,531_ガボン,2019000000,2019年,0,
30301000,30301_原油及び粗油,170,3月_数量,50531,531_ガボン,2016000000,2016年,0,
30301000,30301_原油及び粗油,170,3月_数量,50535,535_アンゴラ,2019000000,2019年,0,
30301000,30301_原油及び粗油,170,3月_数量,50535,535_アンゴラ,2018000000,2018年,0,
30301000,30301_原油及び粗油,170,3月_数量,50535,535_アンゴラ,2017000000,2017年,0,
30301000,30301_原油及び粗油,170,3月_数量,50543,543_タンザニア,2018000000,2018年,0,
30301000,30301_原油及び粗油,170,3月_数量,50545,545_モザンビーク,2018000000,2018年,0,
30301000,30301_原油及び粗油,170,3月_数量,50601,601_オーストラリア,2020000000,2020年,4162,
30301000,30301_原油及び粗油,170,3月_数量,50601,601_オーストラリア,2019000000,2019年,37506,
30301000,30301_原油及び粗油,170,3月_数量,50601,601_オーストラリア,2018000000,2018年,4719,
30301000,30301_原油及び粗油,170,3月_数量,50601,601_オーストラリア,2017000000,2017年,91922,
30301000,30301_原油及び粗油,170,3月_数量,50601,601_オーストラリア,2016000000,2016年,66105,
30301000,30301_原油及び粗油,170,3月_数量,50602,602_パプアニューギニア,2016000000,2016年,0,
30301000,30301_原油及び粗油,180,3月_金額,50103,103_大韓民国,2017000000,2017年,0,千円
30301000,30301_原油及び粗油,180,3月_金額,50106,106_台湾,2018000000,2018年,0,千円
30301000,30301_原油及び粗油,180,3月_金額,50110,110_ベトナム,2020000000,2020年,0,千円
30301000,30301_原油及び粗油,180,3月_金額,50110,110_ベトナム,2019000000,2019年,0,千円
30301000,30301_原油及び粗油,180,3月_金額,50110,110_ベトナム,2018000000,2018年,2587787,千円
30301000,30301_原油及び粗油,180,3月_金額,50110,110_ベトナム,2017000000,2017年,4038213,千円
30301000,30301_原油及び粗油,180,3月_金額,50110,110_ベトナム,2016000000,2016年,1269273,千円
30301000,30301_原油及び粗油,180,3月_金額,50111,111_タイ,2020000000,2020年,0,千円
30301000,30301_原油及び粗油,180,3月_金額,50112,112_シンガポール,2020000000,2020年,701507,千円
30301000,30301_原油及び粗油,180,3月_金額,50112,112_シンガポール,2019000000,2019年,0,千円
30301000,30301_原油及び粗油,180,3月_金額,50113,113_マレーシア,2020000000,2020年,3627103,千円
30301000,30301_原油及び粗油,180,3月_金額,50113,113_マレーシア,2019000000,2019年,4235069,千円
30301000,30301_原油及び粗油,180,3月_金額,50113,113_マレーシア,2018000000,2018年,6898056,千円
30301000,30301_原油及び粗油,180,3月_金額,50113,113_マレーシア,2017000000,2017年,0,千円
30301000,30301_原油及び粗油,180,3月_金額,50113,113_マレーシア,2016000000,2016年,6947243,千円
30301000,30301_原油及び粗油,180,3月_金額,50116,116_ブルネイ,2020000000,2020年,0,千円
30301000,30301_原油及び粗油,180,3月_金額,50116,116_ブルネイ,2019000000,2019年,0,千円
30301000,30301_原油及び粗油,180,3月_金額,50116,116_ブルネイ,2018000000,2018年,2120931,千円
30301000,30301_原油及び粗油,180,3月_金額,50116,116_ブルネイ,2017000000,2017年,0,千円
30301000,30301_原油及び粗油,180,3月_金額,50116,116_ブルネイ,2016000000,2016年,1408468,千円
30301000,30301_原油及び粗油,180,3月_金額,50118,118_インドネシア,2019000000,2019年,0,千円
30301000,30301_原油及び粗油,180,3月_金額,50118,118_インドネシア,2018000000,2018年,10351435,千円
30301000,30301_原油及び粗油,180,3月_金額,50118,118_インドネシア,2017000000,2017年,4931454,千円
30301000,30301_原油及び粗油,180,3月_金額,50118,118_インドネシア,2016000000,2016年,8957980,千円
30301000,30301_原油及び粗油,180,3月_金額,50133,133_イラン,2019000000,2019年,63580744,千円
30301000,30301_原油及び粗油,180,3月_金額,50133,133_イラン,2018000000,2018年,58119666,千円
30301000,30301_原油及び粗油,180,3月_金額,50133,133_イラン,2017000000,2017年,48598121,千円
30301000,30301_原油及び粗油,180,3月_金額,50133,133_イラン,2016000000,2016年,24800049,千円
30301000,30301_原油及び粗油,180,3月_金額,50134,134_イラク,2020000000,2020年,0,千円
30301000,30301_原油及び粗油,180,3月_金額,50134,134_イラク,2019000000,2019年,6209759,千円
30301000,30301_原油及び粗油,180,3月_金額,50134,134_イラク,2018000000,2018年,13328015,千円
30301000,30301_原油及び粗油,180,3月_金額,50134,134_イラク,2017000000,2017年,12145011,千円
30301000,30301_原油及び粗油,180,3月_金額,50134,134_イラク,2016000000,2016年,6127558,千円
30301000,30301_原油及び粗油,180,3月_金額,50135,135_バーレーン,2020000000,2020年,0,千円
30301000,30301_原油及び粗油,180,3月_金額,50135,135_バーレーン,2019000000,2019年,7328466,千円
30301000,30301_原油及び粗油,180,3月_金額,50135,135_バーレーン,2018000000,2018年,3563313,千円
30301000,30301_原油及び粗油,180,3月_金額,50137,137_サウジアラビア,2020000000,2020年,223155065,千円
30301000,30301_原油及び粗油,180,3月_金額,50137,137_サウジアラビア,2019000000,2019年,273088338,千円
30301000,30301_原油及び粗油,180,3月_金額,50137,137_サウジアラビア,2018000000,2018年,256760833,千円
30301000,30301_原油及び粗油,180,3月_金額,50137,137_サウジアラビア,2017000000,2017年,288090898,千円
30301000,30301_原油及び粗油,180,3月_金額,50137,137_サウジアラビア,2016000000,2016年,160189967,千円
30301000,30301_原油及び粗油,180,3月_金額,50138,138_クウェート,2020000000,2020年,64607862,千円
30301000,30301_原油及び粗油,180,3月_金額,50138,138_クウェート,2019000000,2019年,33332713,千円
30301000,30301_原油及び粗油,180,3月_金額,50138,138_クウェート,2018000000,2018年,49922007,千円
30301000,30301_原油及び粗油,180,3月_金額,50138,138_クウェート,2017000000,2017年,48359222,千円
30301000,30301_原油及び粗油,180,3月_金額,50138,138_クウェート,2016000000,2016年,36737024,千円
30301000,30301_原油及び粗油,180,3月_金額,50140,140_カタール,2020000000,2020年,67872588,千円
30301000,30301_原油及び粗油,180,3月_金額,50140,140_カタール,2019000000,2019年,58576341,千円
30301000,30301_原油及び粗油,180,3月_金額,50140,140_カタール,2018000000,2018年,72204320,千円
30301000,30301_原油及び粗油,180,3月_金額,50140,140_カタール,2017000000,2017年,66507070,千円
30301000,30301_原油及び粗油,180,3月_金額,50140,140_カタール,2016000000,2016年,41572278,千円
30301000,30301_原油及び粗油,180,3月_金額,50141,141_オマーン,2020000000,2020年,0,千円
30301000,30301_原油及び粗油,180,3月_金額,50141,141_オマーン,2019000000,2019年,14659679,千円
30301000,30301_原油及び粗油,180,3月_金額,50141,141_オマーン,2018000000,2018年,9664456,千円
30301000,30301_原油及び粗油,180,3月_金額,50141,141_オマーン,2017000000,2017年,6341730,千円
30301000,30301_原油及び粗油,180,3月_金額,50141,141_オマーン,2016000000,2016年,0,千円
30301000,30301_原油及び粗油,180,3月_金額,50147,147_アラブ首長国連邦,2020000000,2020年,215322941,千円
30301000,30301_原油及び粗油,180,3月_金額,50147,147_アラブ首長国連邦,2019000000,2019年,149312362,千円
30301000,30301_原油及び粗油,180,3月_金額,50147,147_アラブ首長国連邦,2018000000,2018年,171057743,千円
30301000,30301_原油及び粗油,180,3月_金額,50147,147_アラブ首長国連邦,2017000000,2017年,151237688,千円
30301000,30301_原油及び粗油,180,3月_金額,50147,147_アラブ首長国連邦,2016000000,2016年,118537737,千円
30301000,30301_原油及び粗油,180,3月_金額,50149,149_イエメン,2018000000,2018年,0,千円
30301000,30301_原油及び粗油,180,3月_金額,50150,150_アゼルバイジャン,2020000000,2020年,0,千円
30301000,30301_原油及び粗油,180,3月_金額,50153,153_カザフスタン,2020000000,2020年,21545166,千円
30301000,30301_原油及び粗油,180,3月_金額,50153,153_カザフスタン,2019000000,2019年,0,千円
30301000,30301_原油及び粗油,180,3月_金額,50153,153_カザフスタン,2018000000,2018年,14760047,千円
30301000,30301_原油及び粗油,180,3月_金額,50153,153_カザフスタン,2017000000,2017年,0,千円
30301000,30301_原油及び粗油,180,3月_金額,50153,153_カザフスタン,2016000000,2016年,6071674,千円
30301000,30301_原油及び粗油,180,3月_金額,50205,205_英国,2018000000,2018年,0,千円
30301000,30301_原油及び粗油,180,3月_金額,50205,205_英国,2017000000,2017年,0,千円
30301000,30301_原油及び粗油,180,3月_金額,50213,213_ドイツ,2016000000,2016年,0,千円
30301000,30301_原油及び粗油,180,3月_金額,50224,224_ロシア,2020000000,2020年,15380424,千円
30301000,30301_原油及び粗油,180,3月_金額,50224,224_ロシア,2019000000,2019年,34771859,千円
30301000,30301_原油及び粗油,180,3月_金額,50224,224_ロシア,2018000000,2018年,36246097,千円
30301000,30301_原油及び粗油,180,3月_金額,50224,224_ロシア,2017000000,2017年,27087063,千円
30301000,30301_原油及び粗油,180,3月_金額,50224,224_ロシア,2016000000,2016年,47425903,千円
30301000,30301_原油及び粗油,180,3月_金額,50302,302_カナダ,2019000000,2019年,0,千円
30301000,30301_原油及び粗油,180,3月_金額,50304,304_アメリカ合衆国,2020000000,2020年,1091250,千円
30301000,30301_原油及び粗油,180,3月_金額,50304,304_アメリカ合衆国,2019000000,2019年,20362896,千円
30301000,30301_原油及び粗油,180,3月_金額,50304,304_アメリカ合衆国,2018000000,2018年,88991,千円
30301000,30301_原油及び粗油,180,3月_金額,50304,304_アメリカ合衆国,2017000000,2017年,6564748,千円
30301000,30301_原油及び粗油,180,3月_金額,50304,304_アメリカ合衆国,2016000000,2016年,0,千円
30301000,30301_原油及び粗油,180,3月_金額,50305,305_メキシコ,2020000000,2020年,1148669,千円
30301000,30301_原油及び粗油,180,3月_金額,50305,305_メキシコ,2019000000,2019年,0,千円
30301000,30301_原油及び粗油,180,3月_金額,50305,305_メキシコ,2018000000,2018年,5695032,千円
30301000,30301_原油及び粗油,180,3月_金額,50305,305_メキシコ,2017000000,2017年,9671492,千円
30301000,30301_原油及び粗油,180,3月_金額,50305,305_メキシコ,2016000000,2016年,3576345,千円
30301000,30301_原油及び粗油,180,3月_金額,50315,315_バハマ,2016000000,2016年,0,千円
30301000,30301_原油及び粗油,180,3月_金額,50326,326_蘭領アンティール,2017000000,2017年,0,千円
30301000,30301_原油及び粗油,180,3月_金額,50401,401_コロンビア,2019000000,2019年,0,千円
30301000,30301_原油及び粗油,180,3月_金額,50401,401_コロンビア,2018000000,2018年,0,千円
30301000,30301_原油及び粗油,180,3月_金額,50401,401_コロンビア,2017000000,2017年,2656579,千円
30301000,30301_原油及び粗油,180,3月_金額,50401,401_コロンビア,2016000000,2016年,888911,千円
30301000,30301_原油及び粗油,180,3月_金額,50402,402_ベネズエラ,2017000000,2017年,0,千円
30301000,30301_原油及び粗油,180,3月_金額,50402,402_ベネズエラ,2016000000,2016年,0,千円
30301000,30301_原油及び粗油,180,3月_金額,50406,406_エクアドル,2020000000,2020年,5342079,千円
30301000,30301_原油及び粗油,180,3月_金額,50406,406_エクアドル,2019000000,2019年,11108133,千円
30301000,30301_原油及び粗油,180,3月_金額,50406,406_エクアドル,2018000000,2018年,8787355,千円
30301000,30301_原油及び粗油,180,3月_金額,50406,406_エクアドル,2017000000,2017年,2686504,千円
30301000,30301_原油及び粗油,180,3月_金額,50406,406_エクアドル,2016000000,2016年,2305266,千円
30301000,30301_原油及び粗油,180,3月_金額,50503,503_アルジェリア,2020000000,2020年,4188408,千円
30301000,30301_原油及び粗油,180,3月_金額,50503,503_アルジェリア,2019000000,2019年,5660485,千円
30301000,30301_原油及び粗油,180,3月_金額,50503,503_アルジェリア,2018000000,2018年,0,千円
30301000,30301_原油及び粗油,180,3月_金額,50503,503_アルジェリア,2017000000,2017年,0,千円
30301000,30301_原油及び粗油,180,3月_金額,50503,503_アルジェリア,2016000000,2016年,0,千円
30301000,30301_原油及び粗油,180,3月_金額,50505,505_リビア,2020000000,2020年,0,千円
30301000,30301_原油及び粗油,180,3月_金額,50507,507_スーダン,2016000000,2016年,0,千円
30301000,30301_原油及び粗油,180,3月_金額,50517,517_ガーナ,2017000000,2017年,0,千円
30301000,30301_原油及び粗油,180,3月_金額,50527,527_カメルーン,2019000000,2019年,0,千円
30301000,30301_原油及び粗油,180,3月_金額,50528,528_チャド,2016000000,2016年,0,千円
30301000,30301_原油及び粗油,180,3月_金額,50531,531_ガボン,2019000000,2019年,0,千円
30301000,30301_原油及び粗油,180,3月_金額,50531,531_ガボン,2016000000,2016年,0,千円
30301000,30301_原油及び粗油,180,3月_金額,50535,535_アンゴラ,2019000000,2019年,0,千円
30301000,30301_原油及び粗油,180,3月_金額,50535,535_アンゴラ,2018000000,2018年,0,千円
30301000,30301_原油及び粗油,180,3月_金額,50535,535_アンゴラ,2017000000,2017年,0,千円
30301000,30301_原油及び粗油,180,3月_金額,50543,543_タンザニア,2018000000,2018年,0,千円
30301000,30301_原油及び粗油,180,3月_金額,50545,545_モザンビーク,2018000000,2018年,0,千円
30301000,30301_原油及び粗油,180,3月_金額,50601,601_オーストラリア,2020000000,2020年,232635,千円
30301000,30301_原油及び粗油,180,3月_金額,50601,601_オーストラリア,2019000000,2019年,1978006,千円
30301000,30301_原油及び粗油,180,3月_金額,50601,601_オーストラリア,2018000000,2018年,239558,千円
30301000,30301_原油及び粗油,180,3月_金額,50601,601_オーストラリア,2017000000,2017年,3918990,千円
30301000,30301_原油及び粗油,180,3月_金額,50601,601_オーストラリア,2016000000,2016年,1972073,千円
30301000,30301_原油及び粗油,180,3月_金額,50602,602_パプアニューギニア,2016000000,2016年,0,千円
30301000,30301_原油及び粗油,190,4月_数量,50103,103_大韓民国,2017000000,2017年,0,
30301000,30301_原油及び粗油,190,4月_数量,50106,106_台湾,2018000000,2018年,0,
30301000,30301_原油及び粗油,190,4月_数量,50110,110_ベトナム,2020000000,2020年,0,
30301000,30301_原油及び粗油,190,4月_数量,50110,110_ベトナム,2019000000,2019年,63355,
30301000,30301_原油及び粗油,190,4月_数量,50110,110_ベトナム,2018000000,2018年,47402,
30301000,30301_原油及び粗油,190,4月_数量,50110,110_ベトナム,2017000000,2017年,96161,
30301000,30301_原油及び粗油,190,4月_数量,50110,110_ベトナム,2016000000,2016年,0,
30301000,30301_原油及び粗油,190,4月_数量,50111,111_タイ,2020000000,2020年,0,
30301000,30301_原油及び粗油,190,4月_数量,50112,112_シンガポール,2020000000,2020年,0,
30301000,30301_原油及び粗油,190,4月_数量,50112,112_シンガポール,2019000000,2019年,0,
30301000,30301_原油及び粗油,190,4月_数量,50113,113_マレーシア,2020000000,2020年,37977,
30301000,30301_原油及び粗油,190,4月_数量,50113,113_マレーシア,2019000000,2019年,0,
30301000,30301_原油及び粗油,190,4月_数量,50113,113_マレーシア,2018000000,2018年,106477,
30301000,30301_原油及び粗油,190,4月_数量,50113,113_マレーシア,2017000000,2017年,148098,
30301000,30301_原油及び粗油,190,4月_数量,50113,113_マレーシア,2016000000,2016年,48754,
30301000,30301_原油及び粗油,190,4月_数量,50116,116_ブルネイ,2020000000,2020年,45220,
30301000,30301_原油及び粗油,190,4月_数量,50116,116_ブルネイ,2019000000,2019年,47638,
30301000,30301_原油及び粗油,190,4月_数量,50116,116_ブルネイ,2018000000,2018年,0,
30301000,30301_原油及び粗油,190,4月_数量,50116,116_ブルネイ,2017000000,2017年,0,
30301000,30301_原油及び粗油,190,4月_数量,50116,116_ブルネイ,2016000000,2016年,0,
30301000,30301_原油及び粗油,190,4月_数量,50118,118_インドネシア,2019000000,2019年,0,
30301000,30301_原油及び粗油,190,4月_数量,50118,118_インドネシア,2018000000,2018年,79090,
30301000,30301_原油及び粗油,190,4月_数量,50118,118_インドネシア,2017000000,2017年,154274,
30301000,30301_原油及び粗油,190,4月_数量,50118,118_インドネシア,2016000000,2016年,184614,
30301000,30301_原油及び粗油,190,4月_数量,50133,133_イラン,2019000000,2019年,806543,
30301000,30301_原油及び粗油,190,4月_数量,50133,133_イラン,2018000000,2018年,85617,
30301000,30301_原油及び粗油,190,4月_数量,50133,133_イラン,2017000000,2017年,197378,
30301000,30301_原油及び粗油,190,4月_数量,50133,133_イラン,2016000000,2016年,0,
30301000,30301_原油及び粗油,190,4月_数量,50134,134_イラク,2020000000,2020年,331910,
30301000,30301_原油及び粗油,190,4月_数量,50134,134_イラク,2019000000,2019年,303067,
30301000,30301_原油及び粗油,190,4月_数量,50134,134_イラク,2018000000,2018年,315649,
30301000,30301_原油及び粗油,190,4月_数量,50134,134_イラク,2017000000,2017年,519286,
30301000,30301_原油及び粗油,190,4月_数量,50134,134_イラク,2016000000,2016年,798111,
30301000,30301_原油及び粗油,190,4月_数量,50135,135_バーレーン,2020000000,2020年,158278,
30301000,30301_原油及び粗油,190,4月_数量,50135,135_バーレーン,2019000000,2019年,79570,
30301000,30301_原油及び粗油,190,4月_数量,50135,135_バーレーン,2018000000,2018年,83121,
30301000,30301_原油及び粗油,190,4月_数量,50137,137_サウジアラビア,2020000000,2020年,5219072,
30301000,30301_原油及び粗油,190,4月_数量,50137,137_サウジアラビア,2019000000,2019年,5606887,
30301000,30301_原油及び粗油,190,4月_数量,50137,137_サウジアラビア,2018000000,2018年,6492581,
30301000,30301_原油及び粗油,190,4月_数量,50137,137_サウジアラビア,2017000000,2017年,6299110,
30301000,30301_原油及び粗油,190,4月_数量,50137,137_サウジアラビア,2016000000,2016年,5438268,
30301000,30301_原油及び粗油,190,4月_数量,50138,138_クウェート,2020000000,2020年,1489567,
30301000,30301_原油及び粗油,190,4月_数量,50138,138_クウェート,2019000000,2019年,1646304,
30301000,30301_原油及び粗油,190,4月_数量,50138,138_クウェート,2018000000,2018年,1221381,
30301000,30301_原油及び粗油,190,4月_数量,50138,138_クウェート,2017000000,2017年,1172274,
30301000,30301_原油及び粗油,190,4月_数量,50138,138_クウェート,2016000000,2016年,1104216,
30301000,30301_原油及び粗油,190,4月_数量,50140,140_カタール,2020000000,2020年,1082155,
30301000,30301_原油及び粗油,190,4月_数量,50140,140_カタール,2019000000,2019年,1580330,
30301000,30301_原油及び粗油,190,4月_数量,50140,140_カタール,2018000000,2018年,1055318,
30301000,30301_原油及び粗油,190,4月_数量,50140,140_カタール,2017000000,2017年,931907,
30301000,30301_原油及び粗油,190,4月_数量,50140,140_カタール,2016000000,2016年,1814587,
30301000,30301_原油及び粗油,190,4月_数量,50141,141_オマーン,2020000000,2020年,0,
30301000,30301_原油及び粗油,190,4月_数量,50141,141_オマーン,2019000000,2019年,221340,
30301000,30301_原油及び粗油,190,4月_数量,50141,141_オマーン,2018000000,2018年,187537,
30301000,30301_原油及び粗油,190,4月_数量,50141,141_オマーン,2017000000,2017年,158781,
30301000,30301_原油及び粗油,190,4月_数量,50141,141_オマーン,2016000000,2016年,305732,
30301000,30301_原油及び粗油,190,4月_数量,50147,147_アラブ首長国連邦,2020000000,2020年,4983385,
30301000,30301_原油及び粗油,190,4月_数量,50147,147_アラブ首長国連邦,2019000000,2019年,3637854,
30301000,30301_原油及び粗油,190,4月_数量,50147,147_アラブ首長国連邦,2018000000,2018年,4174832,
30301000,30301_原油及び粗油,190,4月_数量,50147,147_アラブ首長国連邦,2017000000,2017年,3444019,
30301000,30301_原油及び粗油,190,4月_数量,50147,147_アラブ首長国連邦,2016000000,2016年,2708392,
30301000,30301_原油及び粗油,190,4月_数量,50149,149_イエメン,2018000000,2018年,0,
30301000,30301_原油及び粗油,190,4月_数量,50150,150_アゼルバイジャン,2020000000,2020年,0,
30301000,30301_原油及び粗油,190,4月_数量,50153,153_カザフスタン,2020000000,2020年,284586,
30301000,30301_原油及び粗油,190,4月_数量,50153,153_カザフスタン,2019000000,2019年,166490,
30301000,30301_原油及び粗油,190,4月_数量,50153,153_カザフスタン,2018000000,2018年,0,
30301000,30301_原油及び粗油,190,4月_数量,50153,153_カザフスタン,2017000000,2017年,118946,
30301000,30301_原油及び粗油,190,4月_数量,50153,153_カザフスタン,2016000000,2016年,0,
30301000,30301_原油及び粗油,190,4月_数量,50205,205_英国,2018000000,2018年,0,
30301000,30301_原油及び粗油,190,4月_数量,50205,205_英国,2017000000,2017年,0,
30301000,30301_原油及び粗油,190,4月_数量,50213,213_ドイツ,2016000000,2016年,0,
30301000,30301_原油及び粗油,190,4月_数量,50224,224_ロシア,2020000000,2020年,548381,
30301000,30301_原油及び粗油,190,4月_数量,50224,224_ロシア,2019000000,2019年,1034917,
30301000,30301_原油及び粗油,190,4月_数量,50224,224_ロシア,2018000000,2018年,636088,
30301000,30301_原油及び粗油,190,4月_数量,50224,224_ロシア,2017000000,2017年,1127003,
30301000,30301_原油及び粗油,190,4月_数量,50224,224_ロシア,2016000000,2016年,794755,
30301000,30301_原油及び粗油,190,4月_数量,50302,302_カナダ,2019000000,2019年,0,
30301000,30301_原油及び粗油,190,4月_数量,50304,304_アメリカ合衆国,2020000000,2020年,309533,
30301000,30301_原油及び粗油,190,4月_数量,50304,304_アメリカ合衆国,2019000000,2019年,237110,
30301000,30301_原油及び粗油,190,4月_数量,50304,304_アメリカ合衆国,2018000000,2018年,0,
30301000,30301_原油及び粗油,190,4月_数量,50304,304_アメリカ合衆国,2017000000,2017年,87843,
30301000,30301_原油及び粗油,190,4月_数量,50304,304_アメリカ合衆国,2016000000,2016年,49807,
30301000,30301_原油及び粗油,190,4月_数量,50305,305_メキシコ,2020000000,2020年,0,
30301000,30301_原油及び粗油,190,4月_数量,50305,305_メキシコ,2019000000,2019年,159772,
30301000,30301_原油及び粗油,190,4月_数量,50305,305_メキシコ,2018000000,2018年,307462,
30301000,30301_原油及び粗油,190,4月_数量,50305,305_メキシコ,2017000000,2017年,176667,
30301000,30301_原油及び粗油,190,4月_数量,50305,305_メキシコ,2016000000,2016年,226685,
30301000,30301_原油及び粗油,190,4月_数量,50315,315_バハマ,2016000000,2016年,0,
30301000,30301_原油及び粗油,190,4月_数量,50326,326_蘭領アンティール,2017000000,2017年,0,
30301000,30301_原油及び粗油,190,4月_数量,50401,401_コロンビア,2019000000,2019年,0,
30301000,30301_原油及び粗油,190,4月_数量,50401,401_コロンビア,2018000000,2018年,39094,
30301000,30301_原油及び粗油,190,4月_数量,50401,401_コロンビア,2017000000,2017年,63818,
30301000,30301_原油及び粗油,190,4月_数量,50401,401_コロンビア,2016000000,2016年,0,
30301000,30301_原油及び粗油,190,4月_数量,50402,402_ベネズエラ,2017000000,2017年,164052,
30301000,30301_原油及び粗油,190,4月_数量,50402,402_ベネズエラ,2016000000,2016年,0,
30301000,30301_原油及び粗油,190,4月_数量,50406,406_エクアドル,2020000000,2020年,253750,
30301000,30301_原油及び粗油,190,4月_数量,50406,406_エクアドル,2019000000,2019年,109180,
30301000,30301_原油及び粗油,190,4月_数量,50406,406_エクアドル,2018000000,2018年,137075,
30301000,30301_原油及び粗油,190,4月_数量,50406,406_エクアドル,2017000000,2017年,241154,
30301000,30301_原油及び粗油,190,4月_数量,50406,406_エクアドル,2016000000,2016年,103969,
30301000,30301_原油及び粗油,190,4月_数量,50503,503_アルジェリア,2020000000,2020年,0,
30301000,30301_原油及び粗油,190,4月_数量,50503,503_アルジェリア,2019000000,2019年,45068,
30301000,30301_原油及び粗油,190,4月_数量,50503,503_アルジェリア,2018000000,2018年,0,
30301000,30301_原油及び粗油,190,4月_数量,50503,503_アルジェリア,2017000000,2017年,0,
30301000,30301_原油及び粗油,190,4月_数量,50503,503_アルジェリア,2016000000,2016年,0,
30301000,30301_原油及び粗油,190,4月_数量,50505,505_リビア,2020000000,2020年,0,
30301000,30301_原油及び粗油,190,4月_数量,50507,507_スーダン,2016000000,2016年,0,
30301000,30301_原油及び粗油,190,4月_数量,50517,517_ガーナ,2017000000,2017年,0,
30301000,30301_原油及び粗油,190,4月_数量,50527,527_カメルーン,2019000000,2019年,0,
30301000,30301_原油及び粗油,190,4月_数量,50528,528_チャド,2016000000,2016年,0,
30301000,30301_原油及び粗油,190,4月_数量,50531,531_ガボン,2019000000,2019年,0,
30301000,30301_原油及び粗油,190,4月_数量,50531,531_ガボン,2016000000,2016年,0,
30301000,30301_原油及び粗油,190,4月_数量,50535,535_アンゴラ,2019000000,2019年,0,
30301000,30301_原油及び粗油,190,4月_数量,50535,535_アンゴラ,2018000000,2018年,0,
30301000,30301_原油及び粗油,190,4月_数量,50535,535_アンゴラ,2017000000,2017年,0,
30301000,30301_原油及び粗油,190,4月_数量,50543,543_タンザニア,2018000000,2018年,0,
30301000,30301_原油及び粗油,190,4月_数量,50545,545_モザンビーク,2018000000,2018年,0,
30301000,30301_原油及び粗油,190,4月_数量,50601,601_オーストラリア,2020000000,2020年,31031,
30301000,30301_原油及び粗油,190,4月_数量,50601,601_オーストラリア,2019000000,2019年,14685,
30301000,30301_原油及び粗油,190,4月_数量,50601,601_オーストラリア,2018000000,2018年,62030,
30301000,30301_原油及び粗油,190,4月_数量,50601,601_オーストラリア,2017000000,2017年,26456,
30301000,30301_原油及び粗油,190,4月_数量,50601,601_オーストラリア,2016000000,2016年,74144,
30301000,30301_原油及び粗油,190,4月_数量,50602,602_パプアニューギニア,2016000000,2016年,0,
30301000,30301_原油及び粗油,200,4月_金額,50103,103_大韓民国,2017000000,2017年,0,千円
30301000,30301_原油及び粗油,200,4月_金額,50106,106_台湾,2018000000,2018年,0,千円
30301000,30301_原油及び粗油,200,4月_金額,50110,110_ベトナム,2020000000,2020年,0,千円
30301000,30301_原油及び粗油,200,4月_金額,50110,110_ベトナム,2019000000,2019年,3603834,千円
30301000,30301_原油及び粗油,200,4月_金額,50110,110_ベトナム,2018000000,2018年,2284238,千円
30301000,30301_原油及び粗油,200,4月_金額,50110,110_ベトナム,2017000000,2017年,3742783,千円
30301000,30301_原油及び粗油,200,4月_金額,50110,110_ベトナム,2016000000,2016年,0,千円
30301000,30301_原油及び粗油,200,4月_金額,50111,111_タイ,2020000000,2020年,0,千円
30301000,30301_原油及び粗油,200,4月_金額,50112,112_シンガポール,2020000000,2020年,0,千円
30301000,30301_原油及び粗油,200,4月_金額,50112,112_シンガポール,2019000000,2019年,0,千円
30301000,30301_原油及び粗油,200,4月_金額,50113,113_マレーシア,2020000000,2020年,1121030,千円
30301000,30301_原油及び粗油,200,4月_金額,50113,113_マレーシア,2019000000,2019年,0,千円
30301000,30301_原油及び粗油,200,4月_金額,50113,113_マレーシア,2018000000,2018年,5152082,千円
30301000,30301_原油及び粗油,200,4月_金額,50113,113_マレーシア,2017000000,2017年,6040281,千円
30301000,30301_原油及び粗油,200,4月_金額,50113,113_マレーシア,2016000000,2016年,1538143,千円
30301000,30301_原油及び粗油,200,4月_金額,50116,116_ブルネイ,2020000000,2020年,1283019,千円
30301000,30301_原油及び粗油,200,4月_金額,50116,116_ブルネイ,2019000000,2019年,2418006,千円
30301000,30301_原油及び粗油,200,4月_金額,50116,116_ブルネイ,2018000000,2018年,0,千円
30301000,30301_原油及び粗油,200,4月_金額,50116,116_ブルネイ,2017000000,2017年,0,千円
30301000,30301_原油及び粗油,200,4月_金額,50116,116_ブルネイ,2016000000,2016年,0,千円
30301000,30301_原油及び粗油,200,4月_金額,50118,118_インドネシア,2019000000,2019年,0,千円
30301000,30301_原油及び粗油,200,4月_金額,50118,118_インドネシア,2018000000,2018年,3691799,千円
30301000,30301_原油及び粗油,200,4月_金額,50118,118_インドネシア,2017000000,2017年,6034746,千円
30301000,30301_原油及び粗油,200,4月_金額,50118,118_インドネシア,2016000000,2016年,4918770,千円
30301000,30301_原油及び粗油,200,4月_金額,50133,133_イラン,2019000000,2019年,37812073,千円
30301000,30301_原油及び粗油,200,4月_金額,50133,133_イラン,2018000000,2018年,3739467,千円
30301000,30301_原油及び粗油,200,4月_金額,50133,133_イラン,2017000000,2017年,7505183,千円
30301000,30301_原油及び粗油,200,4月_金額,50133,133_イラン,2016000000,2016年,0,千円
30301000,30301_原油及び粗油,200,4月_金額,50134,134_イラク,2020000000,2020年,8296390,千円
30301000,30301_原油及び粗油,200,4月_金額,50134,134_イラク,2019000000,2019年,14369358,千円
30301000,30301_原油及び粗油,200,4月_金額,50134,134_イラク,2018000000,2018年,13105273,千円
30301000,30301_原油及び粗油,200,4月_金額,50134,134_イラク,2017000000,2017年,18801120,千円
30301000,30301_原油及び粗油,200,4月_金額,50134,134_イラク,2016000000,2016年,18554759,千円
30301000,30301_原油及び粗油,200,4月_金額,50135,135_バーレーン,2020000000,2020年,4362229,千円
30301000,30301_原油及び粗油,200,4月_金額,50135,135_バーレーン,2019000000,2019年,3667475,千円
30301000,30301_原油及び粗油,200,4月_金額,50135,135_バーレーン,2018000000,2018年,3599703,千円
30301000,30301_原油及び粗油,200,4月_金額,50137,137_サウジアラビア,2020000000,2020年,158102558,千円
30301000,30301_原油及び粗油,200,4月_金額,50137,137_サウジアラビア,2019000000,2019年,270793255,千円
30301000,30301_原油及び粗油,200,4月_金額,50137,137_サウジアラビア,2018000000,2018年,289022883,千円
30301000,30301_原油及び粗油,200,4月_金額,50137,137_サウジアラビア,2017000000,2017年,237725377,千円
30301000,30301_原油及び粗油,200,4月_金額,50137,137_サウジアラビア,2016000000,2016年,138625121,千円
30301000,30301_原油及び粗油,200,4月_金額,50138,138_クウェート,2020000000,2020年,39325665,千円
30301000,30301_原油及び粗油,200,4月_金額,50138,138_クウェート,2019000000,2019年,78731741,千円
30301000,30301_原油及び粗油,200,4月_金額,50138,138_クウェート,2018000000,2018年,52199151,千円
30301000,30301_原油及び粗油,200,4月_金額,50138,138_クウェート,2017000000,2017年,43015031,千円
30301000,30301_原油及び粗油,200,4月_金額,50138,138_クウェート,2016000000,2016年,26381255,千円
30301000,30301_原油及び粗油,200,4月_金額,50140,140_カタール,2020000000,2020年,31854215,千円
30301000,30301_原油及び粗油,200,4月_金額,50140,140_カタール,2019000000,2019年,75638568,千円
30301000,30301_原油及び粗油,200,4月_金額,50140,140_カタール,2018000000,2018年,46706778,千円
30301000,30301_原油及び粗油,200,4月_金額,50140,140_カタール,2017000000,2017年,34619780,千円
30301000,30301_原油及び粗油,200,4月_金額,50140,140_カタール,2016000000,2016年,48424313,千円
30301000,30301_原油及び粗油,200,4月_金額,50141,141_オマーン,2020000000,2020年,0,千円
30301000,30301_原油及び粗油,200,4月_金額,50141,141_オマーン,2019000000,2019年,10292798,千円
30301000,30301_原油及び粗油,200,4月_金額,50141,141_オマーン,2018000000,2018年,8189220,千円
30301000,30301_原油及び粗油,200,4月_金額,50141,141_オマーン,2017000000,2017年,5848175,千円
30301000,30301_原油及び粗油,200,4月_金額,50141,141_オマーン,2016000000,2016年,7429117,千円
30301000,30301_原油及び粗油,200,4月_金額,50147,147_アラブ首長国連邦,2020000000,2020年,137171933,千円
30301000,30301_原油及び粗油,200,4月_金額,50147,147_アラブ首長国連邦,2019000000,2019年,176541892,千円
30301000,30301_原油及び粗油,200,4月_金額,50147,147_アラブ首長国連邦,2018000000,2018年,185431270,千円
30301000,30301_原油及び粗油,200,4月_金額,50147,147_アラブ首長国連邦,2017000000,2017年,128996948,千円
30301000,30301_原油及び粗油,200,4月_金額,50147,147_アラブ首長国連邦,2016000000,2016年,72911152,千円
30301000,30301_原油及び粗油,200,4月_金額,50149,149_イエメン,2018000000,2018年,0,千円
30301000,30301_原油及び粗油,200,4月_金額,50150,150_アゼルバイジャン,2020000000,2020年,0,千円
30301000,30301_原油及び粗油,200,4月_金額,50153,153_カザフスタン,2020000000,2020年,10054698,千円
30301000,30301_原油及び粗油,200,4月_金額,50153,153_カザフスタン,2019000000,2019年,8054200,千円
30301000,30301_原油及び粗油,200,4月_金額,50153,153_カザフスタン,2018000000,2018年,0,千円
30301000,30301_原油及び粗油,200,4月_金額,50153,153_カザフスタン,2017000000,2017年,4673371,千円
30301000,30301_原油及び粗油,200,4月_金額,50153,153_カザフスタン,2016000000,2016年,0,千円
30301000,30301_原油及び粗油,200,4月_金額,50205,205_英国,2018000000,2018年,0,千円
30301000,30301_原油及び粗油,200,4月_金額,50205,205_英国,2017000000,2017年,0,千円
30301000,30301_原油及び粗油,200,4月_金額,50213,213_ドイツ,2016000000,2016年,0,千円
30301000,30301_原油及び粗油,200,4月_金額,50224,224_ロシア,2020000000,2020年,13931945,千円
30301000,30301_原油及び粗油,200,4月_金額,50224,224_ロシア,2019000000,2019年,51237595,千円
30301000,30301_原油及び粗油,200,4月_金額,50224,224_ロシア,2018000000,2018年,29390855,千円
30301000,30301_原油及び粗油,200,4月_金額,50224,224_ロシア,2017000000,2017年,43827148,千円
30301000,30301_原油及び粗油,200,4月_金額,50224,224_ロシア,2016000000,2016年,23322995,千円
30301000,30301_原油及び粗油,200,4月_金額,50302,302_カナダ,2019000000,2019年,0,千円
30301000,30301_原油及び粗油,200,4月_金額,50304,304_アメリカ合衆国,2020000000,2020年,11452047,千円
30301000,30301_原油及び粗油,200,4月_金額,50304,304_アメリカ合衆国,2019000000,2019年,10694767,千円
30301000,30301_原油及び粗油,200,4月_金額,50304,304_アメリカ合衆国,2018000000,2018年,0,千円
30301000,30301_原油及び粗油,200,4月_金額,50304,304_アメリカ合衆国,2017000000,2017年,3212193,千円
30301000,30301_原油及び粗油,200,4月_金額,50304,304_アメリカ合衆国,2016000000,2016年,1558912,千円
30301000,30301_原油及び粗油,200,4月_金額,50305,305_メキシコ,2020000000,2020年,0,千円
30301000,30301_原油及び粗油,200,4月_金額,50305,305_メキシコ,2019000000,2019年,6648249,千円
30301000,30301_原油及び粗油,200,4月_金額,50305,305_メキシコ,2018000000,2018年,12542454,千円
30301000,30301_原油及び粗油,200,4月_金額,50305,305_メキシコ,2017000000,2017年,5991906,千円
30301000,30301_原油及び粗油,200,4月_金額,50305,305_メキシコ,2016000000,2016年,4904324,千円
30301000,30301_原油及び粗油,200,4月_金額,50315,315_バハマ,2016000000,2016年,0,千円
30301000,30301_原油及び粗油,200,4月_金額,50326,326_蘭領アンティール,2017000000,2017年,0,千円
30301000,30301_原油及び粗油,200,4月_金額,50401,401_コロンビア,2019000000,2019年,0,千円
30301000,30301_原油及び粗油,200,4月_金額,50401,401_コロンビア,2018000000,2018年,1632919,千円
30301000,30301_原油及び粗油,200,4月_金額,50401,401_コロンビア,2017000000,2017年,2421962,千円
30301000,30301_原油及び粗油,200,4月_金額,50401,401_コロンビア,2016000000,2016年,215,千円
30301000,30301_原油及び粗油,200,4月_金額,50402,402_ベネズエラ,2017000000,2017年,6631866,千円
30301000,30301_原油及び粗油,200,4月_金額,50402,402_ベネズエラ,2016000000,2016年,0,千円
30301000,30301_原油及び粗油,200,4月_金額,50406,406_エクアドル,2020000000,2020年,5824165,千円
30301000,30301_原油及び粗油,200,4月_金額,50406,406_エクアドル,2019000000,2019年,5178592,千円
30301000,30301_原油及び粗油,200,4月_金額,50406,406_エクアドル,2018000000,2018年,5876081,千円
30301000,30301_原油及び粗油,200,4月_金額,50406,406_エクアドル,2017000000,2017年,8308837,千円
30301000,30301_原油及び粗油,200,4月_金額,50406,406_エクアドル,2016000000,2016年,2403816,千円
30301000,30301_原油及び粗油,200,4月_金額,50503,503_アルジェリア,2020000000,2020年,0,千円
30301000,30301_原油及び粗油,200,4月_金額,50503,503_アルジェリア,2019000000,2019年,2363951,千円
30301000,30301_原油及び粗油,200,4月_金額,50503,503_アルジェリア,2018000000,2018年,0,千円
30301000,30301_原油及び粗油,200,4月_金額,50503,503_アルジェリア,2017000000,2017年,0,千円
30301000,30301_原油及び粗油,200,4月_金額,50503,503_アルジェリア,2016000000,2016年,0,千円
30301000,30301_原油及び粗油,200,4月_金額,50505,505_リビア,2020000000,2020年,0,千円
30301000,30301_原油及び粗油,200,4月_金額,50507,507_スーダン,2016000000,2016年,0,千円
30301000,30301_原油及び粗油,200,4月_金額,50517,517_ガーナ,2017000000,2017年,0,千円
30301000,30301_原油及び粗油,200,4月_金額,50527,527_カメルーン,2019000000,2019年,0,千円
30301000,30301_原油及び粗油,200,4月_金額,50528,528_チャド,2016000000,2016年,0,千円
30301000,30301_原油及び粗油,200,4月_金額,50531,531_ガボン,2019000000,2019年,0,千円
30301000,30301_原油及び粗油,200,4月_金額,50531,531_ガボン,2016000000,2016年,0,千円
30301000,30301_原油及び粗油,200,4月_金額,50535,535_アンゴラ,2019000000,2019年,0,千円
30301000,30301_原油及び粗油,200,4月_金額,50535,535_アンゴラ,2018000000,2018年,0,千円
30301000,30301_原油及び粗油,200,4月_金額,50535,535_アンゴラ,2017000000,2017年,0,千円
30301000,30301_原油及び粗油,200,4月_金額,50543,543_タンザニア,2018000000,2018年,0,千円
30301000,30301_原油及び粗油,200,4月_金額,50545,545_モザンビーク,2018000000,2018年,0,千円
30301000,30301_原油及び粗油,200,4月_金額,50601,601_オーストラリア,2020000000,2020年,1764270,千円
30301000,30301_原油及び粗油,200,4月_金額,50601,601_オーストラリア,2019000000,2019年,797805,千円
30301000,30301_原油及び粗油,200,4月_金額,50601,601_オーストラリア,2018000000,2018年,3033982,千円
30301000,30301_原油及び粗油,200,4月_金額,50601,601_オーストラリア,2017000000,2017年,1041265,千円
30301000,30301_原油及び粗油,200,4月_金額,50601,601_オーストラリア,2016000000,2016年,2341658,千円
30301000,30301_原油及び粗油,200,4月_金額,50602,602_パプアニューギニア,2016000000,2016年,0,千円
30301000,30301_原油及び粗油,210,5月_数量,50103,103_大韓民国,2017000000,2017年,0,
30301000,30301_原油及び粗油,210,5月_数量,50106,106_台湾,2018000000,2018年,0,
30301000,30301_原油及び粗油,210,5月_数量,50110,110_ベトナム,2020000000,2020年,0,
30301000,30301_原油及び粗油,210,5月_数量,50110,110_ベトナム,2019000000,2019年,55270,
30301000,30301_原油及び粗油,210,5月_数量,50110,110_ベトナム,2018000000,2018年,116512,
30301000,30301_原油及び粗油,210,5月_数量,50110,110_ベトナム,2017000000,2017年,140172,
30301000,30301_原油及び粗油,210,5月_数量,50110,110_ベトナム,2016000000,2016年,92216,
30301000,30301_原油及び粗油,210,5月_数量,50111,111_タイ,2020000000,2020年,0,
30301000,30301_原油及び粗油,210,5月_数量,50112,112_シンガポール,2020000000,2020年,0,
30301000,30301_原油及び粗油,210,5月_数量,50112,112_シンガポール,2019000000,2019年,0,
30301000,30301_原油及び粗油,210,5月_数量,50113,113_マレーシア,2020000000,2020年,0,
30301000,30301_原油及び粗油,210,5月_数量,50113,113_マレーシア,2019000000,2019年,61228,
30301000,30301_原油及び粗油,210,5月_数量,50113,113_マレーシア,2018000000,2018年,51383,
30301000,30301_原油及び粗油,210,5月_数量,50113,113_マレーシア,2017000000,2017年,47361,
30301000,30301_原油及び粗油,210,5月_数量,50113,113_マレーシア,2016000000,2016年,123932,
30301000,30301_原油及び粗油,210,5月_数量,50116,116_ブルネイ,2020000000,2020年,0,
30301000,30301_原油及び粗油,210,5月_数量,50116,116_ブルネイ,2019000000,2019年,0,
30301000,30301_原油及び粗油,210,5月_数量,50116,116_ブルネイ,2018000000,2018年,39477,
30301000,30301_原油及び粗油,210,5月_数量,50116,116_ブルネイ,2017000000,2017年,0,
30301000,30301_原油及び粗油,210,5月_数量,50116,116_ブルネイ,2016000000,2016年,15831,
30301000,30301_原油及び粗油,210,5月_数量,50118,118_インドネシア,2019000000,2019年,0,
30301000,30301_原油及び粗油,210,5月_数量,50118,118_インドネシア,2018000000,2018年,126507,
30301000,30301_原油及び粗油,210,5月_数量,50118,118_インドネシア,2017000000,2017年,143615,
30301000,30301_原油及び粗油,210,5月_数量,50118,118_インドネシア,2016000000,2016年,186159,
30301000,30301_原油及び粗油,210,5月_数量,50133,133_イラン,2019000000,2019年,133974,
30301000,30301_原油及び粗油,210,5月_数量,50133,133_イラン,2018000000,2018年,759757,
30301000,30301_原油及び粗油,210,5月_数量,50133,133_イラン,2017000000,2017年,756794,
30301000,30301_原油及び粗油,210,5月_数量,50133,133_イラン,2016000000,2016年,1069870,
30301000,30301_原油及び粗油,210,5月_数量,50134,134_イラク,2020000000,2020年,0,
30301000,30301_原油及び粗油,210,5月_数量,50134,134_イラク,2019000000,2019年,303981,
30301000,30301_原油及び粗油,210,5月_数量,50134,134_イラク,2018000000,2018年,489577,
30301000,30301_原油及び粗油,210,5月_数量,50134,134_イラク,2017000000,2017年,123372,
30301000,30301_原油及び粗油,210,5月_数量,50134,134_イラク,2016000000,2016年,129819,
30301000,30301_原油及び粗油,210,5月_数量,50135,135_バーレーン,2020000000,2020年,236751,
30301000,30301_原油及び粗油,210,5月_数量,50135,135_バーレーン,2019000000,2019年,158487,
30301000,30301_原油及び粗油,210,5月_数量,50135,135_バーレーン,2018000000,2018年,163270,
30301000,30301_原油及び粗油,210,5月_数量,50137,137_サウジアラビア,2020000000,2020年,3776533,
30301000,30301_原油及び粗油,210,5月_数量,50137,137_サウジアラビア,2019000000,2019年,5037399,
30301000,30301_原油及び粗油,210,5月_数量,50137,137_サウジアラビア,2018000000,2018年,5514332,
30301000,30301_原油及び粗油,210,5月_数量,50137,137_サウジアラビア,2017000000,2017年,5498344,
30301000,30301_原油及び粗油,210,5月_数量,50137,137_サウジアラビア,2016000000,2016年,5793691,
30301000,30301_原油及び粗油,210,5月_数量,50138,138_クウェート,2020000000,2020年,1054153,
30301000,30301_原油及び粗油,210,5月_数量,50138,138_クウェート,2019000000,2019年,1429580,
30301000,30301_原油及び粗油,210,5月_数量,50138,138_クウェート,2018000000,2018年,954299,
30301000,30301_原油及び粗油,210,5月_数量,50138,138_クウェート,2017000000,2017年,1177806,
30301000,30301_原油及び粗油,210,5月_数量,50138,138_クウェート,2016000000,2016年,1126837,
30301000,30301_原油及び粗油,210,5月_数量,50140,140_カタール,2020000000,2020年,680814,
30301000,30301_原油及び粗油,210,5月_数量,50140,140_カタール,2019000000,2019年,1121147,
30301000,30301_原油及び粗油,210,5月_数量,50140,140_カタール,2018000000,2018年,1060210,
30301000,30301_原油及び粗油,210,5月_数量,50140,140_カタール,2017000000,2017年,816447,
30301000,30301_原油及び粗油,210,5月_数量,50140,140_カタール,2016000000,2016年,1656496,
30301000,30301_原油及び粗油,210,5月_数量,50141,141_オマーン,2020000000,2020年,0,
30301000,30301_原油及び粗油,210,5月_数量,50141,141_オマーン,2019000000,2019年,400935,
30301000,30301_原油及び粗油,210,5月_数量,50141,141_オマーン,2018000000,2018年,409722,
30301000,30301_原油及び粗油,210,5月_数量,50141,141_オマーン,2017000000,2017年,0,
30301000,30301_原油及び粗油,210,5月_数量,50141,141_オマーン,2016000000,2016年,233731,
30301000,30301_原油及び粗油,210,5月_数量,50147,147_アラブ首長国連邦,2020000000,2020年,2736071,
30301000,30301_原油及び粗油,210,5月_数量,50147,147_アラブ首長国連邦,2019000000,2019年,4604442,
30301000,30301_原油及び粗油,210,5月_数量,50147,147_アラブ首長国連邦,2018000000,2018年,3408487,
30301000,30301_原油及び粗油,210,5月_数量,50147,147_アラブ首長国連邦,2017000000,2017年,3704738,
30301000,30301_原油及び粗油,210,5月_数量,50147,147_アラブ首長国連邦,2016000000,2016年,4059120,
30301000,30301_原油及び粗油,210,5月_数量,50149,149_イエメン,2018000000,2018年,0,
30301000,30301_原油及び粗油,210,5月_数量,50150,150_アゼルバイジャン,2020000000,2020年,0,
30301000,30301_原油及び粗油,210,5月_数量,50153,153_カザフスタン,2020000000,2020年,0,
30301000,30301_原油及び粗油,210,5月_数量,50153,153_カザフスタン,2019000000,2019年,0,
30301000,30301_原油及び粗油,210,5月_数量,50153,153_カザフスタン,2018000000,2018年,84201,
30301000,30301_原油及び粗油,210,5月_数量,50153,153_カザフスタン,2017000000,2017年,207598,
30301000,30301_原油及び粗油,210,5月_数量,50153,153_カザフスタン,2016000000,2016年,0,
30301000,30301_原油及び粗油,210,5月_数量,50205,205_英国,2018000000,2018年,0,
30301000,30301_原油及び粗油,210,5月_数量,50205,205_英国,2017000000,2017年,0,
30301000,30301_原油及び粗油,210,5月_数量,50213,213_ドイツ,2016000000,2016年,0,
30301000,30301_原油及び粗油,210,5月_数量,50224,224_ロシア,2020000000,2020年,568782,
30301000,30301_原油及び粗油,210,5月_数量,50224,224_ロシア,2019000000,2019年,635649,
30301000,30301_原油及び粗油,210,5月_数量,50224,224_ロシア,2018000000,2018年,646266,
30301000,30301_原油及び粗油,210,5月_数量,50224,224_ロシア,2017000000,2017年,919806,
30301000,30301_原油及び粗油,210,5月_数量,50224,224_ロシア,2016000000,2016年,823291,
30301000,30301_原油及び粗油,210,5月_数量,50302,302_カナダ,2019000000,2019年,0,
30301000,30301_原油及び粗油,210,5月_数量,50304,304_アメリカ合衆国,2020000000,2020年,330049,
30301000,30301_原油及び粗油,210,5月_数量,50304,304_アメリカ合衆国,2019000000,2019年,324773,
30301000,30301_原油及び粗油,210,5月_数量,50304,304_アメリカ合衆国,2018000000,2018年,0,
30301000,30301_原油及び粗油,210,5月_数量,50304,304_アメリカ合衆国,2017000000,2017年,78864,
30301000,30301_原油及び粗油,210,5月_数量,50304,304_アメリカ合衆国,2016000000,2016年,323307,
30301000,30301_原油及び粗油,210,5月_数量,50305,305_メキシコ,2020000000,2020年,0,
30301000,30301_原油及び粗油,210,5月_数量,50305,305_メキシコ,2019000000,2019年,159373,
30301000,30301_原油及び粗油,210,5月_数量,50305,305_メキシコ,2018000000,2018年,0,
30301000,30301_原油及び粗油,210,5月_数量,50305,305_メキシコ,2017000000,2017年,0,
30301000,30301_原油及び粗油,210,5月_数量,50305,305_メキシコ,2016000000,2016年,387115,
30301000,30301_原油及び粗油,210,5月_数量,50315,315_バハマ,2016000000,2016年,0,
30301000,30301_原油及び粗油,210,5月_数量,50326,326_蘭領アンティール,2017000000,2017年,0,
30301000,30301_原油及び粗油,210,5月_数量,50401,401_コロンビア,2019000000,2019年,0,
30301000,30301_原油及び粗油,210,5月_数量,50401,401_コロンビア,2018000000,2018年,0,
30301000,30301_原油及び粗油,210,5月_数量,50401,401_コロンビア,2017000000,2017年,109503,
30301000,30301_原油及び粗油,210,5月_数量,50401,401_コロンビア,2016000000,2016年,0,
30301000,30301_原油及び粗油,210,5月_数量,50402,402_ベネズエラ,2017000000,2017年,0,
30301000,30301_原油及び粗油,210,5月_数量,50402,402_ベネズエラ,2016000000,2016年,0,
30301000,30301_原油及び粗油,210,5月_数量,50406,406_エクアドル,2020000000,2020年,63348,
30301000,30301_原油及び粗油,210,5月_数量,50406,406_エクアドル,2019000000,2019年,189037,
30301000,30301_原油及び粗油,210,5月_数量,50406,406_エクアドル,2018000000,2018年,92152,
30301000,30301_原油及び粗油,210,5月_数量,50406,406_エクアドル,2017000000,2017年,39624,
30301000,30301_原油及び粗油,210,5月_数量,50406,406_エクアドル,2016000000,2016年,81532,
30301000,30301_原油及び粗油,210,5月_数量,50503,503_アルジェリア,2020000000,2020年,0,
30301000,30301_原油及び粗油,210,5月_数量,50503,503_アルジェリア,2019000000,2019年,49729,
30301000,30301_原油及び粗油,210,5月_数量,50503,503_アルジェリア,2018000000,2018年,47393,
30301000,30301_原油及び粗油,210,5月_数量,50503,503_アルジェリア,2017000000,2017年,0,
30301000,30301_原油及び粗油,210,5月_数量,50503,503_アルジェリア,2016000000,2016年,0,
30301000,30301_原油及び粗油,210,5月_数量,50505,505_リビア,2020000000,2020年,0,
30301000,30301_原油及び粗油,210,5月_数量,50507,507_スーダン,2016000000,2016年,0,
30301000,30301_原油及び粗油,210,5月_数量,50517,517_ガーナ,2017000000,2017年,0,
30301000,30301_原油及び粗油,210,5月_数量,50527,527_カメルーン,2019000000,2019年,58729,
30301000,30301_原油及び粗油,210,5月_数量,50528,528_チャド,2016000000,2016年,0,
30301000,30301_原油及び粗油,210,5月_数量,50531,531_ガボン,2019000000,2019年,0,
30301000,30301_原油及び粗油,210,5月_数量,50531,531_ガボン,2016000000,2016年,0,
30301000,30301_原油及び粗油,210,5月_数量,50535,535_アンゴラ,2019000000,2019年,0,
30301000,30301_原油及び粗油,210,5月_数量,50535,535_アンゴラ,2018000000,2018年,0,
30301000,30301_原油及び粗油,210,5月_数量,50535,535_アンゴラ,2017000000,2017年,158690,
30301000,30301_原油及び粗油,210,5月_数量,50543,543_タンザニア,2018000000,2018年,11619,
30301000,30301_原油及び粗油,210,5月_数量,50545,545_モザンビーク,2018000000,2018年,0,
30301000,30301_原油及び粗油,210,5月_数量,50601,601_オーストラリア,2020000000,2020年,21547,
30301000,30301_原油及び粗油,210,5月_数量,50601,601_オーストラリア,2019000000,2019年,67260,
30301000,30301_原油及び粗油,210,5月_数量,50601,601_オーストラリア,2018000000,2018年,45882,
30301000,30301_原油及び粗油,210,5月_数量,50601,601_オーストラリア,2017000000,2017年,40976,
30301000,30301_原油及び粗油,210,5月_数量,50601,601_オーストラリア,2016000000,2016年,46879,
30301000,30301_原油及び粗油,210,5月_数量,50602,602_パプアニューギニア,2016000000,2016年,0,
30301000,30301_原油及び粗油,220,5月_金額,50103,103_大韓民国,2017000000,2017年,0,千円
30301000,30301_原油及び粗油,220,5月_金額,50106,106_台湾,2018000000,2018年,0,千円
30301000,30301_原油及び粗油,220,5月_金額,50110,110_ベトナム,2020000000,2020年,0,千円
30301000,30301_原油及び粗油,220,5月_金額,50110,110_ベトナム,2019000000,2019年,2779287,千円
30301000,30301_原油及び粗油,220,5月_金額,50110,110_ベトナム,2018000000,2018年,6334449,千円
30301000,30301_原油及び粗油,220,5月_金額,50110,110_ベトナム,2017000000,2017年,5549039,千円
30301000,30301_原油及び粗油,220,5月_金額,50110,110_ベトナム,2016000000,2016年,2898192,千円
30301000,30301_原油及び粗油,220,5月_金額,50111,111_タイ,2020000000,2020年,0,千円
30301000,30301_原油及び粗油,220,5月_金額,50112,112_シンガポール,2020000000,2020年,0,千円
30301000,30301_原油及び粗油,220,5月_金額,50112,112_シンガポール,2019000000,2019年,0,千円
30301000,30301_原油及び粗油,220,5月_金額,50113,113_マレーシア,2020000000,2020年,0,千円
30301000,30301_原油及び粗油,220,5月_金額,50113,113_マレーシア,2019000000,2019年,3280001,千円
30301000,30301_原油及び粗油,220,5月_金額,50113,113_マレーシア,2018000000,2018年,2706962,千円
30301000,30301_原油及び粗油,220,5月_金額,50113,113_マレーシア,2017000000,2017年,1950206,千円
30301000,30301_原油及び粗油,220,5月_金額,50113,113_マレーシア,2016000000,2016年,4139541,千円
30301000,30301_原油及び粗油,220,5月_金額,50116,116_ブルネイ,2020000000,2020年,0,千円
30301000,30301_原油及び粗油,220,5月_金額,50116,116_ブルネイ,2019000000,2019年,0,千円
30301000,30301_原油及び粗油,220,5月_金額,50116,116_ブルネイ,2018000000,2018年,2085384,千円
30301000,30301_原油及び粗油,220,5月_金額,50116,116_ブルネイ,2017000000,2017年,0,千円
30301000,30301_原油及び粗油,220,5月_金額,50116,116_ブルネイ,2016000000,2016年,549273,千円
30301000,30301_原油及び粗油,220,5月_金額,50118,118_インドネシア,2019000000,2019年,0,千円
30301000,30301_原油及び粗油,220,5月_金額,50118,118_インドネシア,2018000000,2018年,6686792,千円
30301000,30301_原油及び粗油,220,5月_金額,50118,118_インドネシア,2017000000,2017年,5621324,千円
30301000,30301_原油及び粗油,220,5月_金額,50118,118_インドネシア,2016000000,2016年,5534348,千円
30301000,30301_原油及び粗油,220,5月_金額,50133,133_イラン,2019000000,2019年,6323574,千円
30301000,30301_原油及び粗油,220,5月_金額,50133,133_イラン,2018000000,2018年,35947655,千円
30301000,30301_原油及び粗油,220,5月_金額,50133,133_イラン,2017000000,2017年,28421245,千円
30301000,30301_原油及び粗油,220,5月_金額,50133,133_イラン,2016000000,2016年,27607339,千円
30301000,30301_原油及び粗油,220,5月_金額,50134,134_イラク,2020000000,2020年,0,千円
30301000,30301_原油及び粗油,220,5月_金額,50134,134_イラク,2019000000,2019年,15496761,千円
30301000,30301_原油及び粗油,220,5月_金額,50134,134_イラク,2018000000,2018年,22672866,千円
30301000,30301_原油及び粗油,220,5月_金額,50134,134_イラク,2017000000,2017年,4417369,千円
30301000,30301_原油及び粗油,220,5月_金額,50134,134_イラク,2016000000,2016年,3247320,千円
30301000,30301_原油及び粗油,220,5月_金額,50135,135_バーレーン,2020000000,2020年,3032865,千円
30301000,30301_原油及び粗油,220,5月_金額,50135,135_バーレーン,2019000000,2019年,7974345,千円
30301000,30301_原油及び粗油,220,5月_金額,50135,135_バーレーン,2018000000,2018年,7727520,千円
30301000,30301_原油及び粗油,220,5月_金額,50137,137_サウジアラビア,2020000000,2020年,64561492,千円
30301000,30301_原油及び粗油,220,5月_金額,50137,137_サウジアラビア,2019000000,2019年,256846511,千円
30301000,30301_原油及び粗油,220,5月_金額,50137,137_サウジアラビア,2018000000,2018年,268563341,千円
30301000,30301_原油及び粗油,220,5月_金額,50137,137_サウジアラビア,2017000000,2017年,207684938,千円
30301000,30301_原油及び粗油,220,5月_金額,50137,137_サウジアラビア,2016000000,2016年,159841274,千円
30301000,30301_原油及び粗油,220,5月_金額,50138,138_クウェート,2020000000,2020年,16001333,千円
30301000,30301_原油及び粗油,220,5月_金額,50138,138_クウェート,2019000000,2019年,73064035,千円
30301000,30301_原油及び粗油,220,5月_金額,50138,138_クウェート,2018000000,2018年,44316816,千円
30301000,30301_原油及び粗油,220,5月_金額,50138,138_クウェート,2017000000,2017年,43636926,千円
30301000,30301_原油及び粗油,220,5月_金額,50138,138_クウェート,2016000000,2016年,28598803,千円
30301000,30301_原油及び粗油,220,5月_金額,50140,140_カタール,2020000000,2020年,11736745,千円
30301000,30301_原油及び粗油,220,5月_金額,50140,140_カタール,2019000000,2019年,55952914,千円
30301000,30301_原油及び粗油,220,5月_金額,50140,140_カタール,2018000000,2018年,51736364,千円
30301000,30301_原油及び粗油,220,5月_金額,50140,140_カタール,2017000000,2017年,30666224,千円
30301000,30301_原油及び粗油,220,5月_金額,50140,140_カタール,2016000000,2016年,47153157,千円
30301000,30301_原油及び粗油,220,5月_金額,50141,141_オマーン,2020000000,2020年,0,千円
30301000,30301_原油及び粗油,220,5月_金額,50141,141_オマーン,2019000000,2019年,20305852,千円
30301000,30301_原油及び粗油,220,5月_金額,50141,141_オマーン,2018000000,2018年,19726498,千円
30301000,30301_原油及び粗油,220,5月_金額,50141,141_オマーン,2017000000,2017年,0,千円
30301000,30301_原油及び粗油,220,5月_金額,50141,141_オマーン,2016000000,2016年,5999624,千円
30301000,30301_原油及び粗油,220,5月_金額,50147,147_アラブ首長国連邦,2020000000,2020年,41520842,千円
30301000,30301_原油及び粗油,220,5月_金額,50147,147_アラブ首長国連邦,2019000000,2019年,238936311,千円
30301000,30301_原油及び粗油,220,5月_金額,50147,147_アラブ首長国連邦,2018000000,2018年,166841632,千円
30301000,30301_原油及び粗油,220,5月_金額,50147,147_アラブ首長国連邦,2017000000,2017年,140705704,千円
30301000,30301_原油及び粗油,220,5月_金額,50147,147_アラブ首長国連邦,2016000000,2016年,116381486,千円
30301000,30301_原油及び粗油,220,5月_金額,50149,149_イエメン,2018000000,2018年,0,千円
30301000,30301_原油及び粗油,220,5月_金額,50150,150_アゼルバイジャン,2020000000,2020年,0,千円
30301000,30301_原油及び粗油,220,5月_金額,50153,153_カザフスタン,2020000000,2020年,0,千円
30301000,30301_原油及び粗油,220,5月_金額,50153,153_カザフスタン,2019000000,2019年,0,千円
30301000,30301_原油及び粗油,220,5月_金額,50153,153_カザフスタン,2018000000,2018年,4257820,千円
30301000,30301_原油及び粗油,220,5月_金額,50153,153_カザフスタン,2017000000,2017年,7844713,千円
30301000,30301_原油及び粗油,220,5月_金額,50153,153_カザフスタン,2016000000,2016年,0,千円
30301000,30301_原油及び粗油,220,5月_金額,50205,205_英国,2018000000,2018年,0,千円
30301000,30301_原油及び粗油,220,5月_金額,50205,205_英国,2017000000,2017年,0,千円
30301000,30301_原油及び粗油,220,5月_金額,50213,213_ドイツ,2016000000,2016年,0,千円
30301000,30301_原油及び粗油,220,5月_金額,50224,224_ロシア,2020000000,2020年,11867166,千円
30301000,30301_原油及び粗油,220,5月_金額,50224,224_ロシア,2019000000,2019年,32874741,千円
30301000,30301_原油及び粗油,220,5月_金額,50224,224_ロシア,2018000000,2018年,32342142,千円
30301000,30301_原油及び粗油,220,5月_金額,50224,224_ロシア,2017000000,2017年,35142138,千円
30301000,30301_原油及び粗油,220,5月_金額,50224,224_ロシア,2016000000,2016年,25674757,千円
30301000,30301_原油及び粗油,220,5月_金額,50302,302_カナダ,2019000000,2019年,0,千円
30301000,30301_原油及び粗油,220,5月_金額,50304,304_アメリカ合衆国,2020000000,2020年,8917958,千円
30301000,30301_原油及び粗油,220,5月_金額,50304,304_アメリカ合衆国,2019000000,2019年,16336839,千円
30301000,30301_原油及び粗油,220,5月_金額,50304,304_アメリカ合衆国,2018000000,2018年,0,千円
30301000,30301_原油及び粗油,220,5月_金額,50304,304_アメリカ合衆国,2017000000,2017年,3015567,千円
30301000,30301_原油及び粗油,220,5月_金額,50304,304_アメリカ合衆国,2016000000,2016年,9633486,千円
30301000,30301_原油及び粗油,220,5月_金額,50305,305_メキシコ,2020000000,2020年,0,千円
30301000,30301_原油及び粗油,220,5月_金額,50305,305_メキシコ,2019000000,2019年,7017612,千円
30301000,30301_原油及び粗油,220,5月_金額,50305,305_メキシコ,2018000000,2018年,0,千円
30301000,30301_原油及び粗油,220,5月_金額,50305,305_メキシコ,2017000000,2017年,0,千円
30301000,30301_原油及び粗油,220,5月_金額,50305,305_メキシコ,2016000000,2016年,9643662,千円
30301000,30301_原油及び粗油,220,5月_金額,50315,315_バハマ,2016000000,2016年,0,千円
30301000,30301_原油及び粗油,220,5月_金額,50326,326_蘭領アンティール,2017000000,2017年,0,千円
30301000,30301_原油及び粗油,220,5月_金額,50401,401_コロンビア,2019000000,2019年,0,千円
30301000,30301_原油及び粗油,220,5月_金額,50401,401_コロンビア,2018000000,2018年,0,千円
30301000,30301_原油及び粗油,220,5月_金額,50401,401_コロンビア,2017000000,2017年,3757026,千円
30301000,30301_原油及び粗油,220,5月_金額,50401,401_コロンビア,2016000000,2016年,0,千円
30301000,30301_原油及び粗油,220,5月_金額,50402,402_ベネズエラ,2017000000,2017年,0,千円
30301000,30301_原油及び粗油,220,5月_金額,50402,402_ベネズエラ,2016000000,2016年,0,千円
30301000,30301_原油及び粗油,220,5月_金額,50406,406_エクアドル,2020000000,2020年,860120,千円
30301000,30301_原油及び粗油,220,5月_金額,50406,406_エクアドル,2019000000,2019年,8960651,千円
30301000,30301_原油及び粗油,220,5月_金額,50406,406_エクアドル,2018000000,2018年,4396598,千円
30301000,30301_原油及び粗油,220,5月_金額,50406,406_エクアドル,2017000000,2017年,1422404,千円
30301000,30301_原油及び粗油,220,5月_金額,50406,406_エクアドル,2016000000,2016年,2261610,千円
30301000,30301_原油及び粗油,220,5月_金額,50503,503_アルジェリア,2020000000,2020年,0,千円
30301000,30301_原油及び粗油,220,5月_金額,50503,503_アルジェリア,2019000000,2019年,2654755,千円
30301000,30301_原油及び粗油,220,5月_金額,50503,503_アルジェリア,2018000000,2018年,2527906,千円
30301000,30301_原油及び粗油,220,5月_金額,50503,503_アルジェリア,2017000000,2017年,0,千円
30301000,30301_原油及び粗油,220,5月_金額,50503,503_アルジェリア,2016000000,2016年,0,千円
30301000,30301_原油及び粗油,220,5月_金額,50505,505_リビア,2020000000,2020年,0,千円
30301000,30301_原油及び粗油,220,5月_金額,50507,507_スーダン,2016000000,2016年,0,千円
30301000,30301_原油及び粗油,220,5月_金額,50517,517_ガーナ,2017000000,2017年,0,千円
30301000,30301_原油及び粗油,220,5月_金額,50527,527_カメルーン,2019000000,2019年,2888435,千円
30301000,30301_原油及び粗油,220,5月_金額,50528,528_チャド,2016000000,2016年,0,千円
30301000,30301_原油及び粗油,220,5月_金額,50531,531_ガボン,2019000000,2019年,0,千円
30301000,30301_原油及び粗油,220,5月_金額,50531,531_ガボン,2016000000,2016年,0,千円
30301000,30301_原油及び粗油,220,5月_金額,50535,535_アンゴラ,2019000000,2019年,0,千円
30301000,30301_原油及び粗油,220,5月_金額,50535,535_アンゴラ,2018000000,2018年,0,千円
30301000,30301_原油及び粗油,220,5月_金額,50535,535_アンゴラ,2017000000,2017年,6504254,千円
30301000,30301_原油及び粗油,220,5月_金額,50543,543_タンザニア,2018000000,2018年,588025,千円
30301000,30301_原油及び粗油,220,5月_金額,50545,545_モザンビーク,2018000000,2018年,0,千円
30301000,30301_原油及び粗油,220,5月_金額,50601,601_オーストラリア,2020000000,2020年,660337,千円
30301000,30301_原油及び粗油,220,5月_金額,50601,601_オーストラリア,2019000000,2019年,3193457,千円
30301000,30301_原油及び粗油,220,5月_金額,50601,601_オーストラリア,2018000000,2018年,2363491,千円
30301000,30301_原油及び粗油,220,5月_金額,50601,601_オーストラリア,2017000000,2017年,1757130,千円
30301000,30301_原油及び粗油,220,5月_金額,50601,601_オーストラリア,2016000000,2016年,1664486,千円
30301000,30301_原油及び粗油,220,5月_金額,50602,602_パプアニューギニア,2016000000,2016年,0,千円
30301000,30301_原油及び粗油,230,6月_数量,50103,103_大韓民国,2017000000,2017年,0,
30301000,30301_原油及び粗油,230,6月_数量,50106,106_台湾,2018000000,2018年,0,
30301000,30301_原油及び粗油,230,6月_数量,50110,110_ベトナム,2020000000,2020年,47680,
30301000,30301_原油及び粗油,230,6月_数量,50110,110_ベトナム,2019000000,2019年,78874,
30301000,30301_原油及び粗油,230,6月_数量,50110,110_ベトナム,2018000000,2018年,96677,
30301000,30301_原油及び粗油,230,6月_数量,50110,110_ベトナム,2017000000,2017年,94196,
30301000,30301_原油及び粗油,230,6月_数量,50110,110_ベトナム,2016000000,2016年,47140,
30301000,30301_原油及び粗油,230,6月_数量,50111,111_タイ,2020000000,2020年,7140,
30301000,30301_原油及び粗油,230,6月_数量,50112,112_シンガポール,2020000000,2020年,16618,
30301000,30301_原油及び粗油,230,6月_数量,50112,112_シンガポール,2019000000,2019年,0,
30301000,30301_原油及び粗油,230,6月_数量,50113,113_マレーシア,2020000000,2020年,65835,
30301000,30301_原油及び粗油,230,6月_数量,50113,113_マレーシア,2019000000,2019年,59637,
30301000,30301_原油及び粗油,230,6月_数量,50113,113_マレーシア,2018000000,2018年,4910,
30301000,30301_原油及び粗油,230,6月_数量,50113,113_マレーシア,2017000000,2017年,88016,
30301000,30301_原油及び粗油,230,6月_数量,50113,113_マレーシア,2016000000,2016年,44876,
30301000,30301_原油及び粗油,230,6月_数量,50116,116_ブルネイ,2020000000,2020年,0,
30301000,30301_原油及び粗油,230,6月_数量,50116,116_ブルネイ,2019000000,2019年,47440,
30301000,30301_原油及び粗油,230,6月_数量,50116,116_ブルネイ,2018000000,2018年,0,
30301000,30301_原油及び粗油,230,6月_数量,50116,116_ブルネイ,2017000000,2017年,0,
30301000,30301_原油及び粗油,230,6月_数量,50116,116_ブルネイ,2016000000,2016年,0,
30301000,30301_原油及び粗油,230,6月_数量,50118,118_インドネシア,2019000000,2019年,0,
30301000,30301_原油及び粗油,230,6月_数量,50118,118_インドネシア,2018000000,2018年,46992,
30301000,30301_原油及び粗油,230,6月_数量,50118,118_インドネシア,2017000000,2017年,204567,
30301000,30301_原油及び粗油,230,6月_数量,50118,118_インドネシア,2016000000,2016年,311601,
30301000,30301_原油及び粗油,230,6月_数量,50133,133_イラン,2019000000,2019年,0,
30301000,30301_原油及び粗油,230,6月_数量,50133,133_イラン,2018000000,2018年,686297,
30301000,30301_原油及び粗油,230,6月_数量,50133,133_イラン,2017000000,2017年,558095,
30301000,30301_原油及び粗油,230,6月_数量,50133,133_イラン,2016000000,2016年,1615178,
30301000,30301_原油及び粗油,230,6月_数量,50134,134_イラク,2020000000,2020年,0,
30301000,30301_原油及び粗油,230,6月_数量,50134,134_イラク,2019000000,2019年,0,
30301000,30301_原油及び粗油,230,6月_数量,50134,134_イラク,2018000000,2018年,332072,
30301000,30301_原油及び粗油,230,6月_数量,50134,134_イラク,2017000000,2017年,135269,
30301000,30301_原油及び粗油,230,6月_数量,50134,134_イラク,2016000000,2016年,605332,
30301000,30301_原油及び粗油,230,6月_数量,50135,135_バーレーン,2020000000,2020年,79429,
30301000,30301_原油及び粗油,230,6月_数量,50135,135_バーレーン,2019000000,2019年,78372,
30301000,30301_原油及び粗油,230,6月_数量,50135,135_バーレーン,2018000000,2018年,54752,
30301000,30301_原油及び粗油,230,6月_数量,50137,137_サウジアラビア,2020000000,2020年,4385720,
30301000,30301_原油及び粗油,230,6月_数量,50137,137_サウジアラビア,2019000000,2019年,4062908,
30301000,30301_原油及び粗油,230,6月_数量,50137,137_サウジアラビア,2018000000,2018年,4335679,
30301000,30301_原油及び粗油,230,6月_数量,50137,137_サウジアラビア,2017000000,2017年,4948844,
30301000,30301_原油及び粗油,230,6月_数量,50137,137_サウジアラビア,2016000000,2016年,5038267,
30301000,30301_原油及び粗油,230,6月_数量,50138,138_クウェート,2020000000,2020年,998896,
30301000,30301_原油及び粗油,230,6月_数量,50138,138_クウェート,2019000000,2019年,809449,
30301000,30301_原油及び粗油,230,6月_数量,50138,138_クウェート,2018000000,2018年,928173,
30301000,30301_原油及び粗油,230,6月_数量,50138,138_クウェート,2017000000,2017年,774520,
30301000,30301_原油及び粗油,230,6月_数量,50138,138_クウェート,2016000000,2016年,917365,
30301000,30301_原油及び粗油,230,6月_数量,50140,140_カタール,2020000000,2020年,793104,
30301000,30301_原油及び粗油,230,6月_数量,50140,140_カタール,2019000000,2019年,1137489,
30301000,30301_原油及び粗油,230,6月_数量,50140,140_カタール,2018000000,2018年,880206,
30301000,30301_原油及び粗油,230,6月_数量,50140,140_カタール,2017000000,2017年,820786,
30301000,30301_原油及び粗油,230,6月_数量,50140,140_カタール,2016000000,2016年,1309564,
30301000,30301_原油及び粗油,230,6月_数量,50141,141_オマーン,2020000000,2020年,0,
30301000,30301_原油及び粗油,230,6月_数量,50141,141_オマーン,2019000000,2019年,143459,
30301000,30301_原油及び粗油,230,6月_数量,50141,141_オマーン,2018000000,2018年,295628,
30301000,30301_原油及び粗油,230,6月_数量,50141,141_オマーン,2017000000,2017年,78884,
30301000,30301_原油及び粗油,230,6月_数量,50141,141_オマーン,2016000000,2016年,268383,
30301000,30301_原油及び粗油,230,6月_数量,50147,147_アラブ首長国連邦,2020000000,2020年,3110999,
30301000,30301_原油及び粗油,230,6月_数量,50147,147_アラブ首長国連邦,2019000000,2019年,4083108,
30301000,30301_原油及び粗油,230,6月_数量,50147,147_アラブ首長国連邦,2018000000,2018年,2356608,
30301000,30301_原油及び粗油,230,6月_数量,50147,147_アラブ首長国連邦,2017000000,2017年,3212621,
30301000,30301_原油及び粗油,230,6月_数量,50147,147_アラブ首長国連邦,2016000000,2016年,3902550,
30301000,30301_原油及び粗油,230,6月_数量,50149,149_イエメン,2018000000,2018年,0,
30301000,30301_原油及び粗油,230,6月_数量,50150,150_アゼルバイジャン,2020000000,2020年,0,
30301000,30301_原油及び粗油,230,6月_数量,50153,153_カザフスタン,2020000000,2020年,167443,
30301000,30301_原油及び粗油,230,6月_数量,50153,153_カザフスタン,2019000000,2019年,473299,
30301000,30301_原油及び粗油,230,6月_数量,50153,153_カザフスタン,2018000000,2018年,238011,
30301000,30301_原油及び粗油,230,6月_数量,50153,153_カザフスタン,2017000000,2017年,248691,
30301000,30301_原油及び粗油,230,6月_数量,50153,153_カザフスタン,2016000000,2016年,0,
30301000,30301_原油及び粗油,230,6月_数量,50205,205_英国,2018000000,2018年,0,
30301000,30301_原油及び粗油,230,6月_数量,50205,205_英国,2017000000,2017年,0,
30301000,30301_原油及び粗油,230,6月_数量,50213,213_ドイツ,2016000000,2016年,0,
30301000,30301_原油及び粗油,230,6月_数量,50224,224_ロシア,2020000000,2020年,103464,
30301000,30301_原油及び粗油,230,6月_数量,50224,224_ロシア,2019000000,2019年,460344,
30301000,30301_原油及び粗油,230,6月_数量,50224,224_ロシア,2018000000,2018年,192910,
30301000,30301_原油及び粗油,230,6月_数量,50224,224_ロシア,2017000000,2017年,1264613,
30301000,30301_原油及び粗油,230,6月_数量,50224,224_ロシア,2016000000,2016年,734108,
30301000,30301_原油及び粗油,230,6月_数量,50302,302_カナダ,2019000000,2019年,0,
30301000,30301_原油及び粗油,230,6月_数量,50304,304_アメリカ合衆国,2020000000,2020年,33407,
30301000,30301_原油及び粗油,230,6月_数量,50304,304_アメリカ合衆国,2019000000,2019年,0,
30301000,30301_原油及び粗油,230,6月_数量,50304,304_アメリカ合衆国,2018000000,2018年,79605,
30301000,30301_原油及び粗油,230,6月_数量,50304,304_アメリカ合衆国,2017000000,2017年,452341,
30301000,30301_原油及び粗油,230,6月_数量,50304,304_アメリカ合衆国,2016000000,2016年,0,
30301000,30301_原油及び粗油,230,6月_数量,50305,305_メキシコ,2020000000,2020年,0,
30301000,30301_原油及び粗油,230,6月_数量,50305,305_メキシコ,2019000000,2019年,0,
30301000,30301_原油及び粗油,230,6月_数量,50305,305_メキシコ,2018000000,2018年,123167,
30301000,30301_原油及び粗油,230,6月_数量,50305,305_メキシコ,2017000000,2017年,111609,
30301000,30301_原油及び粗油,230,6月_数量,50305,305_メキシコ,2016000000,2016年,158770,
30301000,30301_原油及び粗油,230,6月_数量,50315,315_バハマ,2016000000,2016年,0,
30301000,30301_原油及び粗油,230,6月_数量,50326,326_蘭領アンティール,2017000000,2017年,0,
30301000,30301_原油及び粗油,230,6月_数量,50401,401_コロンビア,2019000000,2019年,0,
30301000,30301_原油及び粗油,230,6月_数量,50401,401_コロンビア,2018000000,2018年,0,
30301000,30301_原油及び粗油,230,6月_数量,50401,401_コロンビア,2017000000,2017年,0,
30301000,30301_原油及び粗油,230,6月_数量,50401,401_コロンビア,2016000000,2016年,0,
30301000,30301_原油及び粗油,230,6月_数量,50402,402_ベネズエラ,2017000000,2017年,0,
30301000,30301_原油及び粗油,230,6月_数量,50402,402_ベネズエラ,2016000000,2016年,0,
30301000,30301_原油及び粗油,230,6月_数量,50406,406_エクアドル,2020000000,2020年,202144,
30301000,30301_原油及び粗油,230,6月_数量,50406,406_エクアドル,2019000000,2019年,250284,
30301000,30301_原油及び粗油,230,6月_数量,50406,406_エクアドル,2018000000,2018年,161881,
30301000,30301_原油及び粗油,230,6月_数量,50406,406_エクアドル,2017000000,2017年,120748,
30301000,30301_原油及び粗油,230,6月_数量,50406,406_エクアドル,2016000000,2016年,36644,
30301000,30301_原油及び粗油,230,6月_数量,50503,503_アルジェリア,2020000000,2020年,0,
30301000,30301_原油及び粗油,230,6月_数量,50503,503_アルジェリア,2019000000,2019年,30585,
30301000,30301_原油及び粗油,230,6月_数量,50503,503_アルジェリア,2018000000,2018年,0,
30301000,30301_原油及び粗油,230,6月_数量,50503,503_アルジェリア,2017000000,2017年,0,
30301000,30301_原油及び粗油,230,6月_数量,50503,503_アルジェリア,2016000000,2016年,0,
30301000,30301_原油及び粗油,230,6月_数量,50505,505_リビア,2020000000,2020年,0,
30301000,30301_原油及び粗油,230,6月_数量,50507,507_スーダン,2016000000,2016年,0,
30301000,30301_原油及び粗油,230,6月_数量,50517,517_ガーナ,2017000000,2017年,0,
30301000,30301_原油及び粗油,230,6月_数量,50527,527_カメルーン,2019000000,2019年,0,
30301000,30301_原油及び粗油,230,6月_数量,50528,528_チャド,2016000000,2016年,0,
30301000,30301_原油及び粗油,230,6月_数量,50531,531_ガボン,2019000000,2019年,0,
30301000,30301_原油及び粗油,230,6月_数量,50531,531_ガボン,2016000000,2016年,0,
30301000,30301_原油及び粗油,230,6月_数量,50535,535_アンゴラ,2019000000,2019年,0,
30301000,30301_原油及び粗油,230,6月_数量,50535,535_アンゴラ,2018000000,2018年,0,
30301000,30301_原油及び粗油,230,6月_数量,50535,535_アンゴラ,2017000000,2017年,0,
30301000,30301_原油及び粗油,230,6月_数量,50543,543_タンザニア,2018000000,2018年,0,
30301000,30301_原油及び粗油,230,6月_数量,50545,545_モザンビーク,2018000000,2018年,0,
30301000,30301_原油及び粗油,230,6月_数量,50601,601_オーストラリア,2020000000,2020年,13217,
30301000,30301_原油及び粗油,230,6月_数量,50601,601_オーストラリア,2019000000,2019年,33197,
30301000,30301_原油及び粗油,230,6月_数量,50601,601_オーストラリア,2018000000,2018年,64351,
30301000,30301_原油及び粗油,230,6月_数量,50601,601_オーストラリア,2017000000,2017年,12700,
30301000,30301_原油及び粗油,230,6月_数量,50601,601_オーストラリア,2016000000,2016年,16629,
30301000,30301_原油及び粗油,230,6月_数量,50602,602_パプアニューギニア,2016000000,2016年,0,
30301000,30301_原油及び粗油,240,6月_金額,50103,103_大韓民国,2017000000,2017年,0,千円
30301000,30301_原油及び粗油,240,6月_金額,50106,106_台湾,2018000000,2018年,0,千円
30301000,30301_原油及び粗油,240,6月_金額,50110,110_ベトナム,2020000000,2020年,1189124,千円
30301000,30301_原油及び粗油,240,6月_金額,50110,110_ベトナム,2019000000,2019年,4186553,千円
30301000,30301_原油及び粗油,240,6月_金額,50110,110_ベトナム,2018000000,2018年,5545522,千円
30301000,30301_原油及び粗油,240,6月_金額,50110,110_ベトナム,2017000000,2017年,3445945,千円
30301000,30301_原油及び粗油,240,6月_金額,50110,110_ベトナム,2016000000,2016年,1626921,千円
30301000,30301_原油及び粗油,240,6月_金額,50111,111_タイ,2020000000,2020年,272152,千円
30301000,30301_原油及び粗油,240,6月_金額,50112,112_シンガポール,2020000000,2020年,675177,千円
30301000,30301_原油及び粗油,240,6月_金額,50112,112_シンガポール,2019000000,2019年,0,千円
30301000,30301_原油及び粗油,240,6月_金額,50113,113_マレーシア,2020000000,2020年,1286955,千円
30301000,30301_原油及び粗油,240,6月_金額,50113,113_マレーシア,2019000000,2019年,3146695,千円
30301000,30301_原油及び粗油,240,6月_金額,50113,113_マレーシア,2018000000,2018年,291589,千円
30301000,30301_原油及び粗油,240,6月_金額,50113,113_マレーシア,2017000000,2017年,3321103,千円
30301000,30301_原油及び粗油,240,6月_金額,50113,113_マレーシア,2016000000,2016年,1553624,千円
30301000,30301_原油及び粗油,240,6月_金額,50116,116_ブルネイ,2020000000,2020年,0,千円
30301000,30301_原油及び粗油,240,6月_金額,50116,116_ブルネイ,2019000000,2019年,2506938,千円
30301000,30301_原油及び粗油,240,6月_金額,50116,116_ブルネイ,2018000000,2018年,0,千円
30301000,30301_原油及び粗油,240,6月_金額,50116,116_ブルネイ,2017000000,2017年,0,千円
30301000,30301_原油及び粗油,240,6月_金額,50116,116_ブルネイ,2016000000,2016年,0,千円
30301000,30301_原油及び粗油,240,6月_金額,50118,118_インドネシア,2019000000,2019年,0,千円
30301000,30301_原油及び粗油,240,6月_金額,50118,118_インドネシア,2018000000,2018年,2365827,千円
30301000,30301_原油及び粗油,240,6月_金額,50118,118_インドネシア,2017000000,2017年,7536667,千円
30301000,30301_原油及び粗油,240,6月_金額,50118,118_インドネシア,2016000000,2016年,10579175,千円
30301000,30301_原油及び粗油,240,6月_金額,50133,133_イラン,2019000000,2019年,0,千円
30301000,30301_原油及び粗油,240,6月_金額,50133,133_イラン,2018000000,2018年,34953745,千円
30301000,30301_原油及び粗油,240,6月_金額,50133,133_イラン,2017000000,2017年,20388475,千円
30301000,30301_原油及び粗油,240,6月_金額,50133,133_イラン,2016000000,2016年,46300748,千円
30301000,30301_原油及び粗油,240,6月_金額,50134,134_イラク,2020000000,2020年,0,千円
30301000,30301_原油及び粗油,240,6月_金額,50134,134_イラク,2019000000,2019年,0,千円
30301000,30301_原油及び粗油,240,6月_金額,50134,134_イラク,2018000000,2018年,17057504,千円
30301000,30301_原油及び粗油,240,6月_金額,50134,134_イラク,2017000000,2017年,4447789,千円
30301000,30301_原油及び粗油,240,6月_金額,50134,134_イラク,2016000000,2016年,16754394,千円
30301000,30301_原油及び粗油,240,6月_金額,50135,135_バーレーン,2020000000,2020年,1398171,千円
30301000,30301_原油及び粗油,240,6月_金額,50135,135_バーレーン,2019000000,2019年,3964322,千円
30301000,30301_原油及び粗油,240,6月_金額,50135,135_バーレーン,2018000000,2018年,2844325,千円
30301000,30301_原油及び粗油,240,6月_金額,50137,137_サウジアラビア,2020000000,2020年,73132992,千円
30301000,30301_原油及び粗油,240,6月_金額,50137,137_サウジアラビア,2019000000,2019年,203902553,千円
30301000,30301_原油及び粗油,240,6月_金額,50137,137_サウジアラビア,2018000000,2018年,230795686,千円
30301000,30301_原油及び粗油,240,6月_金額,50137,137_サウジアラビア,2017000000,2017年,181134276,千円
30301000,30301_原油及び粗油,240,6月_金額,50137,137_サウジアラビア,2016000000,2016年,154465839,千円
30301000,30301_原油及び粗油,240,6月_金額,50138,138_クウェート,2020000000,2020年,16286381,千円
30301000,30301_原油及び粗油,240,6月_金額,50138,138_クウェート,2019000000,2019年,40192417,千円
30301000,30301_原油及び粗油,240,6月_金額,50138,138_クウェート,2018000000,2018年,47355995,千円
30301000,30301_原油及び粗油,240,6月_金額,50138,138_クウェート,2017000000,2017年,27328545,千円
30301000,30301_原油及び粗油,240,6月_金額,50138,138_クウェート,2016000000,2016年,26354703,千円
30301000,30301_原油及び粗油,240,6月_金額,50140,140_カタール,2020000000,2020年,12631382,千円
30301000,30301_原油及び粗油,240,6月_金額,50140,140_カタール,2019000000,2019年,55812039,千円
30301000,30301_原油及び粗油,240,6月_金額,50140,140_カタール,2018000000,2018年,47481867,千円
30301000,30301_原油及び粗油,240,6月_金額,50140,140_カタール,2017000000,2017年,29608669,千円
30301000,30301_原油及び粗油,240,6月_金額,50140,140_カタール,2016000000,2016年,41790568,千円
30301000,30301_原油及び粗油,240,6月_金額,50141,141_オマーン,2020000000,2020年,0,千円
30301000,30301_原油及び粗油,240,6月_金額,50141,141_オマーン,2019000000,2019年,6790633,千円
30301000,30301_原油及び粗油,240,6月_金額,50141,141_オマーン,2018000000,2018年,15382843,千円
30301000,30301_原油及び粗油,240,6月_金額,50141,141_オマーン,2017000000,2017年,2884857,千円
30301000,30301_原油及び粗油,240,6月_金額,50141,141_オマーン,2016000000,2016年,7936401,千円
30301000,30301_原油及び粗油,240,6月_金額,50147,147_アラブ首長国連邦,2020000000,2020年,50519485,千円
30301000,30301_原油及び粗油,240,6月_金額,50147,147_アラブ首長国連邦,2019000000,2019年,206184570,千円
30301000,30301_原油及び粗油,240,6月_金額,50147,147_アラブ首長国連邦,2018000000,2018年,126666409,千円
30301000,30301_原油及び粗油,240,6月_金額,50147,147_アラブ首長国連邦,2017000000,2017年,117286382,千円
30301000,30301_原油及び粗油,240,6月_金額,50147,147_アラブ首長国連邦,2016000000,2016年,125571487,千円
30301000,30301_原油及び粗油,240,6月_金額,50149,149_イエメン,2018000000,2018年,0,千円
30301000,30301_原油及び粗油,240,6月_金額,50150,150_アゼルバイジャン,2020000000,2020年,0,千円
30301000,30301_原油及び粗油,240,6月_金額,50153,153_カザフスタン,2020000000,2020年,3373910,千円
30301000,30301_原油及び粗油,240,6月_金額,50153,153_カザフスタン,2019000000,2019年,23711786,千円
30301000,30301_原油及び粗油,240,6月_金額,50153,153_カザフスタン,2018000000,2018年,12718733,千円
30301000,30301_原油及び粗油,240,6月_金額,50153,153_カザフスタン,2017000000,2017年,9349961,千円
30301000,30301_原油及び粗油,240,6月_金額,50153,153_カザフスタン,2016000000,2016年,0,千円
30301000,30301_原油及び粗油,240,6月_金額,50205,205_英国,2018000000,2018年,326,千円
30301000,30301_原油及び粗油,240,6月_金額,50205,205_英国,2017000000,2017年,0,千円
30301000,30301_原油及び粗油,240,6月_金額,50213,213_ドイツ,2016000000,2016年,0,千円
30301000,30301_原油及び粗油,240,6月_金額,50224,224_ロシア,2020000000,2020年,2587822,千円
30301000,30301_原油及び粗油,240,6月_金額,50224,224_ロシア,2019000000,2019年,22412879,千円
30301000,30301_原油及び粗油,240,6月_金額,50224,224_ロシア,2018000000,2018年,10520305,千円
30301000,30301_原油及び粗油,240,6月_金額,50224,224_ロシア,2017000000,2017年,45401065,千円
30301000,30301_原油及び粗油,240,6月_金額,50224,224_ロシア,2016000000,2016年,24674623,千円
30301000,30301_原油及び粗油,240,6月_金額,50302,302_カナダ,2019000000,2019年,0,千円
30301000,30301_原油及び粗油,240,6月_金額,50304,304_アメリカ合衆国,2020000000,2020年,993110,千円
30301000,30301_原油及び粗油,240,6月_金額,50304,304_アメリカ合衆国,2019000000,2019年,0,千円
30301000,30301_原油及び粗油,240,6月_金額,50304,304_アメリカ合衆国,2018000000,2018年,3766815,千円
30301000,30301_原油及び粗油,240,6月_金額,50304,304_アメリカ合衆国,2017000000,2017年,17030222,千円
30301000,30301_原油及び粗油,240,6月_金額,50304,304_アメリカ合衆国,2016000000,2016年,0,千円
30301000,30301_原油及び粗油,240,6月_金額,50305,305_メキシコ,2020000000,2020年,0,千円
30301000,30301_原油及び粗油,240,6月_金額,50305,305_メキシコ,2019000000,2019年,0,千円
30301000,30301_原油及び粗油,240,6月_金額,50305,305_メキシコ,2018000000,2018年,5006054,千円
30301000,30301_原油及び粗油,240,6月_金額,50305,305_メキシコ,2017000000,2017年,3504818,千円
30301000,30301_原油及び粗油,240,6月_金額,50305,305_メキシコ,2016000000,2016年,4229275,千円
30301000,30301_原油及び粗油,240,6月_金額,50315,315_バハマ,2016000000,2016年,0,千円
30301000,30301_原油及び粗油,240,6月_金額,50326,326_蘭領アンティール,2017000000,2017年,0,千円
30301000,30301_原油及び粗油,240,6月_金額,50401,401_コロンビア,2019000000,2019年,0,千円
30301000,30301_原油及び粗油,240,6月_金額,50401,401_コロンビア,2018000000,2018年,0,千円
30301000,30301_原油及び粗油,240,6月_金額,50401,401_コロンビア,2017000000,2017年,0,千円
30301000,30301_原油及び粗油,240,6月_金額,50401,401_コロンビア,2016000000,2016年,0,千円
30301000,30301_原油及び粗油,240,6月_金額,50402,402_ベネズエラ,2017000000,2017年,0,千円
30301000,30301_原油及び粗油,240,6月_金額,50402,402_ベネズエラ,2016000000,2016年,0,千円
30301000,30301_原油及び粗油,240,6月_金額,50406,406_エクアドル,2020000000,2020年,2679135,千円
30301000,30301_原油及び粗油,240,6月_金額,50406,406_エクアドル,2019000000,2019年,11256306,千円
30301000,30301_原油及び粗油,240,6月_金額,50406,406_エクアドル,2018000000,2018年,7821879,千円
30301000,30301_原油及び粗油,240,6月_金額,50406,406_エクアドル,2017000000,2017年,4062388,千円
30301000,30301_原油及び粗油,240,6月_金額,50406,406_エクアドル,2016000000,2016年,1104661,千円
30301000,30301_原油及び粗油,240,6月_金額,50503,503_アルジェリア,2020000000,2020年,0,千円
30301000,30301_原油及び粗油,240,6月_金額,50503,503_アルジェリア,2019000000,2019年,1602681,千円
30301000,30301_原油及び粗油,240,6月_金額,50503,503_アルジェリア,2018000000,2018年,0,千円
30301000,30301_原油及び粗油,240,6月_金額,50503,503_アルジェリア,2017000000,2017年,0,千円
30301000,30301_原油及び粗油,240,6月_金額,50503,503_アルジェリア,2016000000,2016年,0,千円
30301000,30301_原油及び粗油,240,6月_金額,50505,505_リビア,2020000000,2020年,0,千円
30301000,30301_原油及び粗油,240,6月_金額,50507,507_スーダン,2016000000,2016年,0,千円
30301000,30301_原油及び粗油,240,6月_金額,50517,517_ガーナ,2017000000,2017年,0,千円
30301000,30301_原油及び粗油,240,6月_金額,50527,527_カメルーン,2019000000,2019年,0,千円
30301000,30301_原油及び粗油,240,6月_金額,50528,528_チャド,2016000000,2016年,0,千円
30301000,30301_原油及び粗油,240,6月_金額,50531,531_ガボン,2019000000,2019年,0,千円
30301000,30301_原油及び粗油,240,6月_金額,50531,531_ガボン,2016000000,2016年,0,千円
30301000,30301_原油及び粗油,240,6月_金額,50535,535_アンゴラ,2019000000,2019年,0,千円
30301000,30301_原油及び粗油,240,6月_金額,50535,535_アンゴラ,2018000000,2018年,0,千円
30301000,30301_原油及び粗油,240,6月_金額,50535,535_アンゴラ,2017000000,2017年,0,千円
30301000,30301_原油及び粗油,240,6月_金額,50543,543_タンザニア,2018000000,2018年,0,千円
30301000,30301_原油及び粗油,240,6月_金額,50545,545_モザンビーク,2018000000,2018年,0,千円
30301000,30301_原油及び粗油,240,6月_金額,50601,601_オーストラリア,2020000000,2020年,397399,千円
30301000,30301_原油及び粗油,240,6月_金額,50601,601_オーストラリア,2019000000,2019年,1921528,千円
30301000,30301_原油及び粗油,240,6月_金額,50601,601_オーストラリア,2018000000,2018年,3605206,千円
30301000,30301_原油及び粗油,240,6月_金額,50601,601_オーストラリア,2017000000,2017年,519310,千円
30301000,30301_原油及び粗油,240,6月_金額,50601,601_オーストラリア,2016000000,2016年,619706,千円
30301000,30301_原油及び粗油,240,6月_金額,50602,602_パプアニューギニア,2016000000,2016年,0,千円
30301000,30301_原油及び粗油,250,7月_数量,50103,103_大韓民国,2017000000,2017年,0,
30301000,30301_原油及び粗油,250,7月_数量,50106,106_台湾,2018000000,2018年,7,
30301000,30301_原油及び粗油,250,7月_数量,50110,110_ベトナム,2020000000,2020年,94783,
30301000,30301_原油及び粗油,250,7月_数量,50110,110_ベトナム,2019000000,2019年,37871,
30301000,30301_原油及び粗油,250,7月_数量,50110,110_ベトナム,2018000000,2018年,0,
30301000,30301_原油及び粗油,250,7月_数量,50110,110_ベトナム,2017000000,2017年,142104,
30301000,30301_原油及び粗油,250,7月_数量,50110,110_ベトナム,2016000000,2016年,0,
30301000,30301_原油及び粗油,250,7月_数量,50111,111_タイ,2020000000,2020年,0,
30301000,30301_原油及び粗油,250,7月_数量,50112,112_シンガポール,2020000000,2020年,4967,
30301000,30301_原油及び粗油,250,7月_数量,50112,112_シンガポール,2019000000,2019年,0,
30301000,30301_原油及び粗油,250,7月_数量,50113,113_マレーシア,2020000000,2020年,65968,
30301000,30301_原油及び粗油,250,7月_数量,50113,113_マレーシア,2019000000,2019年,95054,
30301000,30301_原油及び粗油,250,7月_数量,50113,113_マレーシア,2018000000,2018年,6194,
30301000,30301_原油及び粗油,250,7月_数量,50113,113_マレーシア,2017000000,2017年,53180,
30301000,30301_原油及び粗油,250,7月_数量,50113,113_マレーシア,2016000000,2016年,34933,
30301000,30301_原油及び粗油,250,7月_数量,50116,116_ブルネイ,2020000000,2020年,0,
30301000,30301_原油及び粗油,250,7月_数量,50116,116_ブルネイ,2019000000,2019年,46074,
30301000,30301_原油及び粗油,250,7月_数量,50116,116_ブルネイ,2018000000,2018年,0,
30301000,30301_原油及び粗油,250,7月_数量,50116,116_ブルネイ,2017000000,2017年,46050,
30301000,30301_原油及び粗油,250,7月_数量,50116,116_ブルネイ,2016000000,2016年,0,
30301000,30301_原油及び粗油,250,7月_数量,50118,118_インドネシア,2019000000,2019年,25422,
30301000,30301_原油及び粗油,250,7月_数量,50118,118_インドネシア,2018000000,2018年,232315,
30301000,30301_原油及び粗油,250,7月_数量,50118,118_インドネシア,2017000000,2017年,259582,
30301000,30301_原油及び粗油,250,7月_数量,50118,118_インドネシア,2016000000,2016年,202846,
30301000,30301_原油及び粗油,250,7月_数量,50133,133_イラン,2019000000,2019年,0,
30301000,30301_原油及び粗油,250,7月_数量,50133,133_イラン,2018000000,2018年,1252298,
30301000,30301_原油及び粗油,250,7月_数量,50133,133_イラン,2017000000,2017年,437663,
30301000,30301_原油及び粗油,250,7月_数量,50133,133_イラン,2016000000,2016年,1384979,
30301000,30301_原油及び粗油,250,7月_数量,50134,134_イラク,2020000000,2020年,0,
30301000,30301_原油及び粗油,250,7月_数量,50134,134_イラク,2019000000,2019年,304577,
30301000,30301_原油及び粗油,250,7月_数量,50134,134_イラク,2018000000,2018年,322956,
30301000,30301_原油及び粗油,250,7月_数量,50134,134_イラク,2017000000,2017年,355859,
30301000,30301_原油及び粗油,250,7月_数量,50134,134_イラク,2016000000,2016年,518361,
30301000,30301_原油及び粗油,250,7月_数量,50135,135_バーレーン,2020000000,2020年,0,
30301000,30301_原油及び粗油,250,7月_数量,50135,135_バーレーン,2019000000,2019年,187306,
30301000,30301_原油及び粗油,250,7月_数量,50135,135_バーレーン,2018000000,2018年,125916,
30301000,30301_原油及び粗油,250,7月_数量,50137,137_サウジアラビア,2020000000,2020年,5074492,
30301000,30301_原油及び粗油,250,7月_数量,50137,137_サウジアラビア,2019000000,2019年,5050100,
30301000,30301_原油及び粗油,250,7月_数量,50137,137_サウジアラビア,2018000000,2018年,5104186,
30301000,30301_原油及び粗油,250,7月_数量,50137,137_サウジアラビア,2017000000,2017年,6497586,
30301000,30301_原油及び粗油,250,7月_数量,50137,137_サウジアラビア,2016000000,2016年,4774407,
30301000,30301_原油及び粗油,250,7月_数量,50138,138_クウェート,2020000000,2020年,763091,
30301000,30301_原油及び粗油,250,7月_数量,50138,138_クウェート,2019000000,2019年,1186267,
30301000,30301_原油及び粗油,250,7月_数量,50138,138_クウェート,2018000000,2018年,979709,
30301000,30301_原油及び粗油,250,7月_数量,50138,138_クウェート,2017000000,2017年,1069672,
30301000,30301_原油及び粗油,250,7月_数量,50138,138_クウェート,2016000000,2016年,852407,
30301000,30301_原油及び粗油,250,7月_数量,50140,140_カタール,2020000000,2020年,935998,
30301000,30301_原油及び粗油,250,7月_数量,50140,140_カタール,2019000000,2019年,1198227,
30301000,30301_原油及び粗油,250,7月_数量,50140,140_カタール,2018000000,2018年,678336,
30301000,30301_原油及び粗油,250,7月_数量,50140,140_カタール,2017000000,2017年,1560753,
30301000,30301_原油及び粗油,250,7月_数量,50140,140_カタール,2016000000,2016年,1143590,
30301000,30301_原油及び粗油,250,7月_数量,50141,141_オマーン,2020000000,2020年,0,
30301000,30301_原油及び粗油,250,7月_数量,50141,141_オマーン,2019000000,2019年,569995,
30301000,30301_原油及び粗油,250,7月_数量,50141,141_オマーン,2018000000,2018年,218822,
30301000,30301_原油及び粗油,250,7月_数量,50141,141_オマーン,2017000000,2017年,158668,
30301000,30301_原油及び粗油,250,7月_数量,50141,141_オマーン,2016000000,2016年,408382,
30301000,30301_原油及び粗油,250,7月_数量,50147,147_アラブ首長国連邦,2020000000,2020年,3837013,
30301000,30301_原油及び粗油,250,7月_数量,50147,147_アラブ首長国連邦,2019000000,2019年,4847334,
30301000,30301_原油及び粗油,250,7月_数量,50147,147_アラブ首長国連邦,2018000000,2018年,3656609,
30301000,30301_原油及び粗油,250,7月_数量,50147,147_アラブ首長国連邦,2017000000,2017年,3941672,
30301000,30301_原油及び粗油,250,7月_数量,50147,147_アラブ首長国連邦,2016000000,2016年,4772135,
30301000,30301_原油及び粗油,250,7月_数量,50149,149_イエメン,2018000000,2018年,0,
30301000,30301_原油及び粗油,250,7月_数量,50150,150_アゼルバイジャン,2020000000,2020年,0,
30301000,30301_原油及び粗油,250,7月_数量,50153,153_カザフスタン,2020000000,2020年,0,
30301000,30301_原油及び粗油,250,7月_数量,50153,153_カザフスタン,2019000000,2019年,54207,
30301000,30301_原油及び粗油,250,7月_数量,50153,153_カザフスタン,2018000000,2018年,14264,
30301000,30301_原油及び粗油,250,7月_数量,50153,153_カザフスタン,2017000000,2017年,29250,
30301000,30301_原油及び粗油,250,7月_数量,50153,153_カザフスタン,2016000000,2016年,0,
30301000,30301_原油及び粗油,250,7月_数量,50205,205_英国,2018000000,2018年,0,
30301000,30301_原油及び粗油,250,7月_数量,50205,205_英国,2017000000,2017年,0,
30301000,30301_原油及び粗油,250,7月_数量,50213,213_ドイツ,2016000000,2016年,0,
30301000,30301_原油及び粗油,250,7月_数量,50224,224_ロシア,2020000000,2020年,505258,
30301000,30301_原油及び粗油,250,7月_数量,50224,224_ロシア,2019000000,2019年,575286,
30301000,30301_原油及び粗油,250,7月_数量,50224,224_ロシア,2018000000,2018年,866764,
30301000,30301_原油及び粗油,250,7月_数量,50224,224_ロシア,2017000000,2017年,1082377,
30301000,30301_原油及び粗油,250,7月_数量,50224,224_ロシア,2016000000,2016年,934967,
30301000,30301_原油及び粗油,250,7月_数量,50302,302_カナダ,2019000000,2019年,0,
30301000,30301_原油及び粗油,250,7月_数量,50304,304_アメリカ合衆国,2020000000,2020年,0,
30301000,30301_原油及び粗油,250,7月_数量,50304,304_アメリカ合衆国,2019000000,2019年,518247,
30301000,30301_原油及び粗油,250,7月_数量,50304,304_アメリカ合衆国,2018000000,2018年,243544,
30301000,30301_原油及び粗油,250,7月_数量,50304,304_アメリカ合衆国,2017000000,2017年,44040,
30301000,30301_原油及び粗油,250,7月_数量,50304,304_アメリカ合衆国,2016000000,2016年,143597,
30301000,30301_原油及び粗油,250,7月_数量,50305,305_メキシコ,2020000000,2020年,0,
30301000,30301_原油及び粗油,250,7月_数量,50305,305_メキシコ,2019000000,2019年,0,
30301000,30301_原油及び粗油,250,7月_数量,50305,305_メキシコ,2018000000,2018年,428381,
30301000,30301_原油及び粗油,250,7月_数量,50305,305_メキシコ,2017000000,2017年,41920,
30301000,30301_原油及び粗油,250,7月_数量,50305,305_メキシコ,2016000000,2016年,1030853,
30301000,30301_原油及び粗油,250,7月_数量,50315,315_バハマ,2016000000,2016年,0,
30301000,30301_原油及び粗油,250,7月_数量,50326,326_蘭領アンティール,2017000000,2017年,0,
30301000,30301_原油及び粗油,250,7月_数量,50401,401_コロンビア,2019000000,2019年,0,
30301000,30301_原油及び粗油,250,7月_数量,50401,401_コロンビア,2018000000,2018年,0,
30301000,30301_原油及び粗油,250,7月_数量,50401,401_コロンビア,2017000000,2017年,0,
30301000,30301_原油及び粗油,250,7月_数量,50401,401_コロンビア,2016000000,2016年,111830,
30301000,30301_原油及び粗油,250,7月_数量,50402,402_ベネズエラ,2017000000,2017年,0,
30301000,30301_原油及び粗油,250,7月_数量,50402,402_ベネズエラ,2016000000,2016年,0,
30301000,30301_原油及び粗油,250,7月_数量,50406,406_エクアドル,2020000000,2020年,125396,
30301000,30301_原油及び粗油,250,7月_数量,50406,406_エクアドル,2019000000,2019年,248732,
30301000,30301_原油及び粗油,250,7月_数量,50406,406_エクアドル,2018000000,2018年,101303,
30301000,30301_原油及び粗油,250,7月_数量,50406,406_エクアドル,2017000000,2017年,173989,
30301000,30301_原油及び粗油,250,7月_数量,50406,406_エクアドル,2016000000,2016年,0,
30301000,30301_原油及び粗油,250,7月_数量,50503,503_アルジェリア,2020000000,2020年,82571,
30301000,30301_原油及び粗油,250,7月_数量,50503,503_アルジェリア,2019000000,2019年,49626,
30301000,30301_原油及び粗油,250,7月_数量,50503,503_アルジェリア,2018000000,2018年,0,
30301000,30301_原油及び粗油,250,7月_数量,50503,503_アルジェリア,2017000000,2017年,0,
30301000,30301_原油及び粗油,250,7月_数量,50503,503_アルジェリア,2016000000,2016年,0,
30301000,30301_原油及び粗油,250,7月_数量,50505,505_リビア,2020000000,2020年,0,
30301000,30301_原油及び粗油,250,7月_数量,50507,507_スーダン,2016000000,2016年,0,
30301000,30301_原油及び粗油,250,7月_数量,50517,517_ガーナ,2017000000,2017年,0,
30301000,30301_原油及び粗油,250,7月_数量,50527,527_カメルーン,2019000000,2019年,0,
30301000,30301_原油及び粗油,250,7月_数量,50528,528_チャド,2016000000,2016年,0,
30301000,30301_原油及び粗油,250,7月_数量,50531,531_ガボン,2019000000,2019年,0,
30301000,30301_原油及び粗油,250,7月_数量,50531,531_ガボン,2016000000,2016年,0,
30301000,30301_原油及び粗油,250,7月_数量,50535,535_アンゴラ,2019000000,2019年,0,
30301000,30301_原油及び粗油,250,7月_数量,50535,535_アンゴラ,2018000000,2018年,0,
30301000,30301_原油及び粗油,250,7月_数量,50535,535_アンゴラ,2017000000,2017年,0,
30301000,30301_原油及び粗油,250,7月_数量,50543,543_タンザニア,2018000000,2018年,0,
30301000,30301_原油及び粗油,250,7月_数量,50545,545_モザンビーク,2018000000,2018年,0,
30301000,30301_原油及び粗油,250,7月_数量,50601,601_オーストラリア,2020000000,2020年,22567,
30301000,30301_原油及び粗油,250,7月_数量,50601,601_オーストラリア,2019000000,2019年,31204,
30301000,30301_原油及び粗油,250,7月_数量,50601,601_オーストラリア,2018000000,2018年,60524,
30301000,30301_原油及び粗油,250,7月_数量,50601,601_オーストラリア,2017000000,2017年,27661,
30301000,30301_原油及び粗油,250,7月_数量,50601,601_オーストラリア,2016000000,2016年,23127,
30301000,30301_原油及び粗油,250,7月_数量,50602,602_パプアニューギニア,2016000000,2016年,0,
30301000,30301_原油及び粗油,260,7月_金額,50103,103_大韓民国,2017000000,2017年,0,千円
30301000,30301_原油及び粗油,260,7月_金額,50106,106_台湾,2018000000,2018年,393,千円
30301000,30301_原油及び粗油,260,7月_金額,50110,110_ベトナム,2020000000,2020年,2620729,千円
30301000,30301_原油及び粗油,260,7月_金額,50110,110_ベトナム,2019000000,2019年,1794498,千円
30301000,30301_原油及び粗油,260,7月_金額,50110,110_ベトナム,2018000000,2018年,0,千円
30301000,30301_原油及び粗油,260,7月_金額,50110,110_ベトナム,2017000000,2017年,5124702,千円
30301000,30301_原油及び粗油,260,7月_金額,50110,110_ベトナム,2016000000,2016年,0,千円
30301000,30301_原油及び粗油,260,7月_金額,50111,111_タイ,2020000000,2020年,0,千円
30301000,30301_原油及び粗油,260,7月_金額,50112,112_シンガポール,2020000000,2020年,200525,千円
30301000,30301_原油及び粗油,260,7月_金額,50112,112_シンガポール,2019000000,2019年,0,千円
30301000,30301_原油及び粗油,260,7月_金額,50113,113_マレーシア,2020000000,2020年,1916468,千円
30301000,30301_原油及び粗油,260,7月_金額,50113,113_マレーシア,2019000000,2019年,4641435,千円
30301000,30301_原油及び粗油,260,7月_金額,50113,113_マレーシア,2018000000,2018年,370529,千円
30301000,30301_原油及び粗油,260,7月_金額,50113,113_マレーシア,2017000000,2017年,1955619,千円
30301000,30301_原油及び粗油,260,7月_金額,50113,113_マレーシア,2016000000,2016年,1222229,千円
30301000,30301_原油及び粗油,260,7月_金額,50116,116_ブルネイ,2020000000,2020年,0,千円
30301000,30301_原油及び粗油,260,7月_金額,50116,116_ブルネイ,2019000000,2019年,2208423,千円
30301000,30301_原油及び粗油,260,7月_金額,50116,116_ブルネイ,2018000000,2018年,0,千円
30301000,30301_原油及び粗油,260,7月_金額,50116,116_ブルネイ,2017000000,2017年,1687180,千円
30301000,30301_原油及び粗油,260,7月_金額,50116,116_ブルネイ,2016000000,2016年,0,千円
30301000,30301_原油及び粗油,260,7月_金額,50118,118_インドネシア,2019000000,2019年,1211244,千円
30301000,30301_原油及び粗油,260,7月_金額,50118,118_インドネシア,2018000000,2018年,12173134,千円
30301000,30301_原油及び粗油,260,7月_金額,50118,118_インドネシア,2017000000,2017年,9500138,千円
30301000,30301_原油及び粗油,260,7月_金額,50118,118_インドネシア,2016000000,2016年,6514193,千円
30301000,30301_原油及び粗油,260,7月_金額,50133,133_イラン,2019000000,2019年,0,千円
30301000,30301_原油及び粗油,260,7月_金額,50133,133_イラン,2018000000,2018年,64852067,千円
30301000,30301_原油及び粗油,260,7月_金額,50133,133_イラン,2017000000,2017年,14850507,千円
30301000,30301_原油及び粗油,260,7月_金額,50133,133_イラン,2016000000,2016年,42514208,千円
30301000,30301_原油及び粗油,260,7月_金額,50134,134_イラク,2020000000,2020年,0,千円
30301000,30301_原油及び粗油,260,7月_金額,50134,134_イラク,2019000000,2019年,13072930,千円
30301000,30301_原油及び粗油,260,7月_金額,50134,134_イラク,2018000000,2018年,16713467,千円
30301000,30301_原油及び粗油,260,7月_金額,50134,134_イラク,2017000000,2017年,11528574,千円
30301000,30301_原油及び粗油,260,7月_金額,50134,134_イラク,2016000000,2016年,14870154,千円
30301000,30301_原油及び粗油,260,7月_金額,50135,135_バーレーン,2020000000,2020年,0,千円
30301000,30301_原油及び粗油,260,7月_金額,50135,135_バーレーン,2019000000,2019年,8362843,千円
30301000,30301_原油及び粗油,260,7月_金額,50135,135_バーレーン,2018000000,2018年,6683827,千円
30301000,30301_原油及び粗油,260,7月_金額,50137,137_サウジアラビア,2020000000,2020年,106414496,千円
30301000,30301_原油及び粗油,260,7月_金額,50137,137_サウジアラビア,2019000000,2019年,231015606,千円
30301000,30301_原油及び粗油,260,7月_金額,50137,137_サウジアラビア,2018000000,2018年,276369642,千円
30301000,30301_原油及び粗油,260,7月_金額,50137,137_サウジアラビア,2017000000,2017年,221319809,千円
30301000,30301_原油及び粗油,260,7月_金額,50137,137_サウジアラビア,2016000000,2016年,147601007,千円
30301000,30301_原油及び粗油,260,7月_金額,50138,138_クウェート,2020000000,2020年,18549401,千円
30301000,30301_原油及び粗油,260,7月_金額,50138,138_クウェート,2019000000,2019年,53365492,千円
30301000,30301_原油及び粗油,260,7月_金額,50138,138_クウェート,2018000000,2018年,51030556,千円
30301000,30301_原油及び粗油,260,7月_金額,50138,138_クウェート,2017000000,2017年,35399440,千円
30301000,30301_原油及び粗油,260,7月_金額,50138,138_クウェート,2016000000,2016年,25493137,千円
30301000,30301_原油及び粗油,260,7月_金額,50140,140_カタール,2020000000,2020年,19704035,千円
30301000,30301_原油及び粗油,260,7月_金額,50140,140_カタール,2019000000,2019年,53514849,千円
30301000,30301_原油及び粗油,260,7月_金額,50140,140_カタール,2018000000,2018年,36337712,千円
30301000,30301_原油及び粗油,260,7月_金額,50140,140_カタール,2017000000,2017年,53796666,千円
30301000,30301_原油及び粗油,260,7月_金額,50140,140_カタール,2016000000,2016年,36629513,千円
30301000,30301_原油及び粗油,260,7月_金額,50141,141_オマーン,2020000000,2020年,0,千円
30301000,30301_原油及び粗油,260,7月_金額,50141,141_オマーン,2019000000,2019年,26510581,千円
30301000,30301_原油及び粗油,260,7月_金額,50141,141_オマーン,2018000000,2018年,11781293,千円
30301000,30301_原油及び粗油,260,7月_金額,50141,141_オマーン,2017000000,2017年,5344836,千円
30301000,30301_原油及び粗油,260,7月_金額,50141,141_オマーン,2016000000,2016年,12365745,千円
30301000,30301_原油及び粗油,260,7月_金額,50147,147_アラブ首長国連邦,2020000000,2020年,85771362,千円
30301000,30301_原油及び粗油,260,7月_金額,50147,147_アラブ首長国連邦,2019000000,2019年,222423846,千円
30301000,30301_原油及び粗油,260,7月_金額,50147,147_アラブ首長国連邦,2018000000,2018年,199101855,千円
30301000,30301_原油及び粗油,260,7月_金額,50147,147_アラブ首長国連邦,2017000000,2017年,135337695,千円
30301000,30301_原油及び粗油,260,7月_金額,50147,147_アラブ首長国連邦,2016000000,2016年,152210459,千円
30301000,30301_原油及び粗油,260,7月_金額,50149,149_イエメン,2018000000,2018年,0,千円
30301000,30301_原油及び粗油,260,7月_金額,50150,150_アゼルバイジャン,2020000000,2020年,0,千円
30301000,30301_原油及び粗油,260,7月_金額,50153,153_カザフスタン,2020000000,2020年,0,千円
30301000,30301_原油及び粗油,260,7月_金額,50153,153_カザフスタン,2019000000,2019年,2614365,千円
30301000,30301_原油及び粗油,260,7月_金額,50153,153_カザフスタン,2018000000,2018年,727960,千円
30301000,30301_原油及び粗油,260,7月_金額,50153,153_カザフスタン,2017000000,2017年,1096516,千円
30301000,30301_原油及び粗油,260,7月_金額,50153,153_カザフスタン,2016000000,2016年,0,千円
30301000,30301_原油及び粗油,260,7月_金額,50205,205_英国,2018000000,2018年,0,千円
30301000,30301_原油及び粗油,260,7月_金額,50205,205_英国,2017000000,2017年,0,千円
30301000,30301_原油及び粗油,260,7月_金額,50213,213_ドイツ,2016000000,2016年,0,千円
30301000,30301_原油及び粗油,260,7月_金額,50224,224_ロシア,2020000000,2020年,13081720,千円
30301000,30301_原油及び粗油,260,7月_金額,50224,224_ロシア,2019000000,2019年,26134101,千円
30301000,30301_原油及び粗油,260,7月_金額,50224,224_ロシア,2018000000,2018年,46682327,千円
30301000,30301_原油及び粗油,260,7月_金額,50224,224_ロシア,2017000000,2017年,38065156,千円
30301000,30301_原油及び粗油,260,7月_金額,50224,224_ロシア,2016000000,2016年,30109548,千円
30301000,30301_原油及び粗油,260,7月_金額,50302,302_カナダ,2019000000,2019年,0,千円
30301000,30301_原油及び粗油,260,7月_金額,50304,304_アメリカ合衆国,2020000000,2020年,0,千円
30301000,30301_原油及び粗油,260,7月_金額,50304,304_アメリカ合衆国,2019000000,2019年,26099671,千円
30301000,30301_原油及び粗油,260,7月_金額,50304,304_アメリカ合衆国,2018000000,2018年,13445030,千円
30301000,30301_原油及び粗油,260,7月_金額,50304,304_アメリカ合衆国,2017000000,2017年,1558797,千円
30301000,30301_原油及び粗油,260,7月_金額,50304,304_アメリカ合衆国,2016000000,2016年,4316778,千円
30301000,30301_原油及び粗油,260,7月_金額,50305,305_メキシコ,2020000000,2020年,0,千円
30301000,30301_原油及び粗油,260,7月_金額,50305,305_メキシコ,2019000000,2019年,0,千円
30301000,30301_原油及び粗油,260,7月_金額,50305,305_メキシコ,2018000000,2018年,18987044,千円
30301000,30301_原油及び粗油,260,7月_金額,50305,305_メキシコ,2017000000,2017年,1302825,千円
30301000,30301_原油及び粗油,260,7月_金額,50305,305_メキシコ,2016000000,2016年,27493094,千円
30301000,30301_原油及び粗油,260,7月_金額,50315,315_バハマ,2016000000,2016年,0,千円
30301000,30301_原油及び粗油,260,7月_金額,50326,326_蘭領アンティール,2017000000,2017年,0,千円
30301000,30301_原油及び粗油,260,7月_金額,50401,401_コロンビア,2019000000,2019年,0,千円
30301000,30301_原油及び粗油,260,7月_金額,50401,401_コロンビア,2018000000,2018年,0,千円
30301000,30301_原油及び粗油,260,7月_金額,50401,401_コロンビア,2017000000,2017年,0,千円
30301000,30301_原油及び粗油,260,7月_金額,50401,401_コロンビア,2016000000,2016年,3137566,千円
30301000,30301_原油及び粗油,260,7月_金額,50402,402_ベネズエラ,2017000000,2017年,0,千円
30301000,30301_原油及び粗油,260,7月_金額,50402,402_ベネズエラ,2016000000,2016年,0,千円
30301000,30301_原油及び粗油,260,7月_金額,50406,406_エクアドル,2020000000,2020年,3576145,千円
30301000,30301_原油及び粗油,260,7月_金額,50406,406_エクアドル,2019000000,2019年,10319718,千円
30301000,30301_原油及び粗油,260,7月_金額,50406,406_エクアドル,2018000000,2018年,4781274,千円
30301000,30301_原油及び粗油,260,7月_金額,50406,406_エクアドル,2017000000,2017年,5436612,千円
30301000,30301_原油及び粗油,260,7月_金額,50406,406_エクアドル,2016000000,2016年,0,千円
30301000,30301_原油及び粗油,260,7月_金額,50503,503_アルジェリア,2020000000,2020年,2511394,千円
30301000,30301_原油及び粗油,260,7月_金額,50503,503_アルジェリア,2019000000,2019年,2391302,千円
30301000,30301_原油及び粗油,260,7月_金額,50503,503_アルジェリア,2018000000,2018年,0,千円
30301000,30301_原油及び粗油,260,7月_金額,50503,503_アルジェリア,2017000000,2017年,0,千円
30301000,30301_原油及び粗油,260,7月_金額,50503,503_アルジェリア,2016000000,2016年,0,千円
30301000,30301_原油及び粗油,260,7月_金額,50505,505_リビア,2020000000,2020年,0,千円
30301000,30301_原油及び粗油,260,7月_金額,50507,507_スーダン,2016000000,2016年,0,千円
30301000,30301_原油及び粗油,260,7月_金額,50517,517_ガーナ,2017000000,2017年,0,千円
30301000,30301_原油及び粗油,260,7月_金額,50527,527_カメルーン,2019000000,2019年,0,千円
30301000,30301_原油及び粗油,260,7月_金額,50528,528_チャド,2016000000,2016年,0,千円
30301000,30301_原油及び粗油,260,7月_金額,50531,531_ガボン,2019000000,2019年,0,千円
30301000,30301_原油及び粗油,260,7月_金額,50531,531_ガボン,2016000000,2016年,0,千円
30301000,30301_原油及び粗油,260,7月_金額,50535,535_アンゴラ,2019000000,2019年,0,千円
30301000,30301_原油及び粗油,260,7月_金額,50535,535_アンゴラ,2018000000,2018年,0,千円
30301000,30301_原油及び粗油,260,7月_金額,50535,535_アンゴラ,2017000000,2017年,0,千円
30301000,30301_原油及び粗油,260,7月_金額,50543,543_タンザニア,2018000000,2018年,0,千円
30301000,30301_原油及び粗油,260,7月_金額,50545,545_モザンビーク,2018000000,2018年,0,千円
30301000,30301_原油及び粗油,260,7月_金額,50601,601_オーストラリア,2020000000,2020年,929313,千円
30301000,30301_原油及び粗油,260,7月_金額,50601,601_オーストラリア,2019000000,2019年,1603352,千円
30301000,30301_原油及び粗油,260,7月_金額,50601,601_オーストラリア,2018000000,2018年,3244934,千円
30301000,30301_原油及び粗油,260,7月_金額,50601,601_オーストラリア,2017000000,2017年,1055764,千円
30301000,30301_原油及び粗油,260,7月_金額,50601,601_オーストラリア,2016000000,2016年,849847,千円
30301000,30301_原油及び粗油,260,7月_金額,50602,602_パプアニューギニア,2016000000,2016年,0,千円
30301000,30301_原油及び粗油,270,8月_数量,50103,103_大韓民国,2017000000,2017年,0,
30301000,30301_原油及び粗油,270,8月_数量,50106,106_台湾,2018000000,2018年,0,
30301000,30301_原油及び粗油,270,8月_数量,50110,110_ベトナム,2020000000,2020年,47392,
30301000,30301_原油及び粗油,270,8月_数量,50110,110_ベトナム,2019000000,2019年,108585,
30301000,30301_原油及び粗油,270,8月_数量,50110,110_ベトナム,2018000000,2018年,0,
30301000,30301_原油及び粗油,270,8月_数量,50110,110_ベトナム,2017000000,2017年,47287,
30301000,30301_原油及び粗油,270,8月_数量,50110,110_ベトナム,2016000000,2016年,41356,
30301000,30301_原油及び粗油,270,8月_数量,50111,111_タイ,2020000000,2020年,0,
30301000,30301_原油及び粗油,270,8月_数量,50112,112_シンガポール,2020000000,2020年,0,
30301000,30301_原油及び粗油,270,8月_数量,50112,112_シンガポール,2019000000,2019年,14057,
30301000,30301_原油及び粗油,270,8月_数量,50113,113_マレーシア,2020000000,2020年,63684,
30301000,30301_原油及び粗油,270,8月_数量,50113,113_マレーシア,2019000000,2019年,34757,
30301000,30301_原油及び粗油,270,8月_数量,50113,113_マレーシア,2018000000,2018年,37721,
30301000,30301_原油及び粗油,270,8月_数量,50113,113_マレーシア,2017000000,2017年,46085,
30301000,30301_原油及び粗油,270,8月_数量,50113,113_マレーシア,2016000000,2016年,112218,
30301000,30301_原油及び粗油,270,8月_数量,50116,116_ブルネイ,2020000000,2020年,0,
30301000,30301_原油及び粗油,270,8月_数量,50116,116_ブルネイ,2019000000,2019年,0,
30301000,30301_原油及び粗油,270,8月_数量,50116,116_ブルネイ,2018000000,2018年,0,
30301000,30301_原油及び粗油,270,8月_数量,50116,116_ブルネイ,2017000000,2017年,0,
30301000,30301_原油及び粗油,270,8月_数量,50116,116_ブルネイ,2016000000,2016年,0,
30301000,30301_原油及び粗油,270,8月_数量,50118,118_インドネシア,2019000000,2019年,0,
30301000,30301_原油及び粗油,270,8月_数量,50118,118_インドネシア,2018000000,2018年,47377,
30301000,30301_原油及び粗油,270,8月_数量,50118,118_インドネシア,2017000000,2017年,123958,
30301000,30301_原油及び粗油,270,8月_数量,50118,118_インドネシア,2016000000,2016年,134683,
30301000,30301_原油及び粗油,270,8月_数量,50133,133_イラン,2019000000,2019年,0,
30301000,30301_原油及び粗油,270,8月_数量,50133,133_イラン,2018000000,2018年,705793,
30301000,30301_原油及び粗油,270,8月_数量,50133,133_イラン,2017000000,2017年,1033292,
30301000,30301_原油及び粗油,270,8月_数量,50133,133_イラン,2016000000,2016年,968781,
30301000,30301_原油及び粗油,270,8月_数量,50134,134_イラク,2020000000,2020年,152718,
30301000,30301_原油及び粗油,270,8月_数量,50134,134_イラク,2019000000,2019年,0,
30301000,30301_原油及び粗油,270,8月_数量,50134,134_イラク,2018000000,2018年,0,
30301000,30301_原油及び粗油,270,8月_数量,50134,134_イラク,2017000000,2017年,380541,
30301000,30301_原油及び粗油,270,8月_数量,50134,134_イラク,2016000000,2016年,491530,
30301000,30301_原油及び粗油,270,8月_数量,50135,135_バーレーン,2020000000,2020年,0,
30301000,30301_原油及び粗油,270,8月_数量,50135,135_バーレーン,2019000000,2019年,166113,
30301000,30301_原油及び粗油,270,8月_数量,50135,135_バーレーン,2018000000,2018年,165205,
30301000,30301_原油及び粗油,270,8月_数量,50137,137_サウジアラビア,2020000000,2020年,4994354,
30301000,30301_原油及び粗油,270,8月_数量,50137,137_サウジアラビア,2019000000,2019年,4388179,
30301000,30301_原油及び粗油,270,8月_数量,50137,137_サウジアラビア,2018000000,2018年,5795184,
30301000,30301_原油及び粗油,270,8月_数量,50137,137_サウジアラビア,2017000000,2017年,6592023,
30301000,30301_原油及び粗油,270,8月_数量,50137,137_サウジアラビア,2016000000,2016年,5991706,
30301000,30301_原油及び粗油,270,8月_数量,50138,138_クウェート,2020000000,2020年,602377,
30301000,30301_原油及び粗油,270,8月_数量,50138,138_クウェート,2019000000,2019年,1304278,
30301000,30301_原油及び粗油,270,8月_数量,50138,138_クウェート,2018000000,2018年,1363969,
30301000,30301_原油及び粗油,270,8月_数量,50138,138_クウェート,2017000000,2017年,944049,
30301000,30301_原油及び粗油,270,8月_数量,50138,138_クウェート,2016000000,2016年,1003206,
30301000,30301_原油及び粗油,270,8月_数量,50140,140_カタール,2020000000,2020年,471935,
30301000,30301_原油及び粗油,270,8月_数量,50140,140_カタール,2019000000,2019年,1666688,
30301000,30301_原油及び粗油,270,8月_数量,50140,140_カタール,2018000000,2018年,1461553,
30301000,30301_原油及び粗油,270,8月_数量,50140,140_カタール,2017000000,2017年,925083,
30301000,30301_原油及び粗油,270,8月_数量,50140,140_カタール,2016000000,2016年,1782328,
30301000,30301_原油及び粗油,270,8月_数量,50141,141_オマーン,2020000000,2020年,0,
30301000,30301_原油及び粗油,270,8月_数量,50141,141_オマーン,2019000000,2019年,158019,
30301000,30301_原油及び粗油,270,8月_数量,50141,141_オマーン,2018000000,2018年,312313,
30301000,30301_原油及び粗油,270,8月_数量,50141,141_オマーン,2017000000,2017年,313632,
30301000,30301_原油及び粗油,270,8月_数量,50141,141_オマーン,2016000000,2016年,191955,
30301000,30301_原油及び粗油,270,8月_数量,50147,147_アラブ首長国連邦,2020000000,2020年,3360623,
30301000,30301_原油及び粗油,270,8月_数量,50147,147_アラブ首長国連邦,2019000000,2019年,5066601,
30301000,30301_原油及び粗油,270,8月_数量,50147,147_アラブ首長国連邦,2018000000,2018年,5215385,
30301000,30301_原油及び粗油,270,8月_数量,50147,147_アラブ首長国連邦,2017000000,2017年,4323280,
30301000,30301_原油及び粗油,270,8月_数量,50147,147_アラブ首長国連邦,2016000000,2016年,4175378,
30301000,30301_原油及び粗油,270,8月_数量,50149,149_イエメン,2018000000,2018年,83351,
30301000,30301_原油及び粗油,270,8月_数量,50150,150_アゼルバイジャン,2020000000,2020年,0,
30301000,30301_原油及び粗油,270,8月_数量,50153,153_カザフスタン,2020000000,2020年,0,
30301000,30301_原油及び粗油,270,8月_数量,50153,153_カザフスタン,2019000000,2019年,0,
30301000,30301_原油及び粗油,270,8月_数量,50153,153_カザフスタン,2018000000,2018年,231197,
30301000,30301_原油及び粗油,270,8月_数量,50153,153_カザフスタン,2017000000,2017年,47742,
30301000,30301_原油及び粗油,270,8月_数量,50153,153_カザフスタン,2016000000,2016年,0,
30301000,30301_原油及び粗油,270,8月_数量,50205,205_英国,2018000000,2018年,0,
30301000,30301_原油及び粗油,270,8月_数量,50205,205_英国,2017000000,2017年,0,
30301000,30301_原油及び粗油,270,8月_数量,50213,213_ドイツ,2016000000,2016年,0,
30301000,30301_原油及び粗油,270,8月_数量,50224,224_ロシア,2020000000,2020年,724159,
30301000,30301_原油及び粗油,270,8月_数量,50224,224_ロシア,2019000000,2019年,998291,
30301000,30301_原油及び粗油,270,8月_数量,50224,224_ロシア,2018000000,2018年,835252,
30301000,30301_原油及び粗油,270,8月_数量,50224,224_ロシア,2017000000,2017年,881214,
30301000,30301_原油及び粗油,270,8月_数量,50224,224_ロシア,2016000000,2016年,1218761,
30301000,30301_原油及び粗油,270,8月_数量,50302,302_カナダ,2019000000,2019年,0,
30301000,30301_原油及び粗油,270,8月_数量,50304,304_アメリカ合衆国,2020000000,2020年,313879,
30301000,30301_原油及び粗油,270,8月_数量,50304,304_アメリカ合衆国,2019000000,2019年,594365,
30301000,30301_原油及び粗油,270,8月_数量,50304,304_アメリカ合衆国,2018000000,2018年,158301,
30301000,30301_原油及び粗油,270,8月_数量,50304,304_アメリカ合衆国,2017000000,2017年,0,
30301000,30301_原油及び粗油,270,8月_数量,50304,304_アメリカ合衆国,2016000000,2016年,0,
30301000,30301_原油及び粗油,270,8月_数量,50305,305_メキシコ,2020000000,2020年,0,
30301000,30301_原油及び粗油,270,8月_数量,50305,305_メキシコ,2019000000,2019年,0,
30301000,30301_原油及び粗油,270,8月_数量,50305,305_メキシコ,2018000000,2018年,158791,
30301000,30301_原油及び粗油,270,8月_数量,50305,305_メキシコ,2017000000,2017年,321174,
30301000,30301_原油及び粗油,270,8月_数量,50305,305_メキシコ,2016000000,2016年,396723,
30301000,30301_原油及び粗油,270,8月_数量,50315,315_バハマ,2016000000,2016年,0,
30301000,30301_原油及び粗油,270,8月_数量,50326,326_蘭領アンティール,2017000000,2017年,0,
30301000,30301_原油及び粗油,270,8月_数量,50401,401_コロンビア,2019000000,2019年,0,
30301000,30301_原油及び粗油,270,8月_数量,50401,401_コロンビア,2018000000,2018年,0,
30301000,30301_原油及び粗油,270,8月_数量,50401,401_コロンビア,2017000000,2017年,0,
30301000,30301_原油及び粗油,270,8月_数量,50401,401_コロンビア,2016000000,2016年,36650,
30301000,30301_原油及び粗油,270,8月_数量,50402,402_ベネズエラ,2017000000,2017年,0,
30301000,30301_原油及び粗油,270,8月_数量,50402,402_ベネズエラ,2016000000,2016年,0,
30301000,30301_原油及び粗油,270,8月_数量,50406,406_エクアドル,2020000000,2020年,223549,
30301000,30301_原油及び粗油,270,8月_数量,50406,406_エクアドル,2019000000,2019年,318038,
30301000,30301_原油及び粗油,270,8月_数量,50406,406_エクアドル,2018000000,2018年,66515,
30301000,30301_原油及び粗油,270,8月_数量,50406,406_エクアドル,2017000000,2017年,286823,
30301000,30301_原油及び粗油,270,8月_数量,50406,406_エクアドル,2016000000,2016年,81708,
30301000,30301_原油及び粗油,270,8月_数量,50503,503_アルジェリア,2020000000,2020年,48114,
30301000,30301_原油及び粗油,270,8月_数量,50503,503_アルジェリア,2019000000,2019年,0,
30301000,30301_原油及び粗油,270,8月_数量,50503,503_アルジェリア,2018000000,2018年,0,
30301000,30301_原油及び粗油,270,8月_数量,50503,503_アルジェリア,2017000000,2017年,0,
30301000,30301_原油及び粗油,270,8月_数量,50503,503_アルジェリア,2016000000,2016年,0,
30301000,30301_原油及び粗油,270,8月_数量,50505,505_リビア,2020000000,2020年,0,
30301000,30301_原油及び粗油,270,8月_数量,50507,507_スーダン,2016000000,2016年,0,
30301000,30301_原油及び粗油,270,8月_数量,50517,517_ガーナ,2017000000,2017年,157618,
30301000,30301_原油及び粗油,270,8月_数量,50527,527_カメルーン,2019000000,2019年,0,
30301000,30301_原油及び粗油,270,8月_数量,50528,528_チャド,2016000000,2016年,0,
30301000,30301_原油及び粗油,270,8月_数量,50531,531_ガボン,2019000000,2019年,0,
30301000,30301_原油及び粗油,270,8月_数量,50531,531_ガボン,2016000000,2016年,0,
30301000,30301_原油及び粗油,270,8月_数量,50535,535_アンゴラ,2019000000,2019年,0,
30301000,30301_原油及び粗油,270,8月_数量,50535,535_アンゴラ,2018000000,2018年,0,
30301000,30301_原油及び粗油,270,8月_数量,50535,535_アンゴラ,2017000000,2017年,55310,
30301000,30301_原油及び粗油,270,8月_数量,50543,543_タンザニア,2018000000,2018年,0,
30301000,30301_原油及び粗油,270,8月_数量,50545,545_モザンビーク,2018000000,2018年,0,
30301000,30301_原油及び粗油,270,8月_数量,50601,601_オーストラリア,2020000000,2020年,16426,
30301000,30301_原油及び粗油,270,8月_数量,50601,601_オーストラリア,2019000000,2019年,3975,
30301000,30301_原油及び粗油,270,8月_数量,50601,601_オーストラリア,2018000000,2018年,20542,
30301000,30301_原油及び粗油,270,8月_数量,50601,601_オーストラリア,2017000000,2017年,0,
30301000,30301_原油及び粗油,270,8月_数量,50601,601_オーストラリア,2016000000,2016年,28828,
30301000,30301_原油及び粗油,270,8月_数量,50602,602_パプアニューギニア,2016000000,2016年,0,
30301000,30301_原油及び粗油,280,8月_金額,50103,103_大韓民国,2017000000,2017年,0,千円
30301000,30301_原油及び粗油,280,8月_金額,50106,106_台湾,2018000000,2018年,0,千円
30301000,30301_原油及び粗油,280,8月_金額,50110,110_ベトナム,2020000000,2020年,1584086,千円
30301000,30301_原油及び粗油,280,8月_金額,50110,110_ベトナム,2019000000,2019年,5231401,千円
30301000,30301_原油及び粗油,280,8月_金額,50110,110_ベトナム,2018000000,2018年,0,千円
30301000,30301_原油及び粗油,280,8月_金額,50110,110_ベトナム,2017000000,2017年,1749810,千円
30301000,30301_原油及び粗油,280,8月_金額,50110,110_ベトナム,2016000000,2016年,1296228,千円
30301000,30301_原油及び粗油,280,8月_金額,50111,111_タイ,2020000000,2020年,0,千円
30301000,30301_原油及び粗油,280,8月_金額,50112,112_シンガポール,2020000000,2020年,0,千円
30301000,30301_原油及び粗油,280,8月_金額,50112,112_シンガポール,2019000000,2019年,710582,千円
30301000,30301_原油及び粗油,280,8月_金額,50113,113_マレーシア,2020000000,2020年,1916211,千円
30301000,30301_原油及び粗油,280,8月_金額,50113,113_マレーシア,2019000000,2019年,1680897,千円
30301000,30301_原油及び粗油,280,8月_金額,50113,113_マレーシア,2018000000,2018年,2193233,千円
30301000,30301_原油及び粗油,280,8月_金額,50113,113_マレーシア,2017000000,2017年,1680452,千円
30301000,30301_原油及び粗油,280,8月_金額,50113,113_マレーシア,2016000000,2016年,3676592,千円
30301000,30301_原油及び粗油,280,8月_金額,50116,116_ブルネイ,2020000000,2020年,0,千円
30301000,30301_原油及び粗油,280,8月_金額,50116,116_ブルネイ,2019000000,2019年,0,千円
30301000,30301_原油及び粗油,280,8月_金額,50116,116_ブルネイ,2018000000,2018年,0,千円
30301000,30301_原油及び粗油,280,8月_金額,50116,116_ブルネイ,2017000000,2017年,0,千円
30301000,30301_原油及び粗油,280,8月_金額,50116,116_ブルネイ,2016000000,2016年,0,千円
30301000,30301_原油及び粗油,280,8月_金額,50118,118_インドネシア,2019000000,2019年,0,千円
30301000,30301_原油及び粗油,280,8月_金額,50118,118_インドネシア,2018000000,2018年,2734344,千円
30301000,30301_原油及び粗油,280,8月_金額,50118,118_インドネシア,2017000000,2017年,4599923,千円
30301000,30301_原油及び粗油,280,8月_金額,50118,118_インドネシア,2016000000,2016年,4120657,千円
30301000,30301_原油及び粗油,280,8月_金額,50133,133_イラン,2019000000,2019年,0,千円
30301000,30301_原油及び粗油,280,8月_金額,50133,133_イラン,2018000000,2018年,37439766,千円
30301000,30301_原油及び粗油,280,8月_金額,50133,133_イラン,2017000000,2017年,35378367,千円
30301000,30301_原油及び粗油,280,8月_金額,50133,133_イラン,2016000000,2016年,27396310,千円
30301000,30301_原油及び粗油,280,8月_金額,50134,134_イラク,2020000000,2020年,4709099,千円
30301000,30301_原油及び粗油,280,8月_金額,50134,134_イラク,2019000000,2019年,0,千円
30301000,30301_原油及び粗油,280,8月_金額,50134,134_イラク,2018000000,2018年,0,千円
30301000,30301_原油及び粗油,280,8月_金額,50134,134_イラク,2017000000,2017年,12416131,千円
30301000,30301_原油及び粗油,280,8月_金額,50134,134_イラク,2016000000,2016年,13217352,千円
30301000,30301_原油及び粗油,280,8月_金額,50135,135_バーレーン,2020000000,2020年,0,千円
30301000,30301_原油及び粗油,280,8月_金額,50135,135_バーレーン,2019000000,2019年,7651063,千円
30301000,30301_原油及び粗油,280,8月_金額,50135,135_バーレーン,2018000000,2018年,8720500,千円
30301000,30301_原油及び粗油,280,8月_金額,50137,137_サウジアラビア,2020000000,2020年,142808991,千円
30301000,30301_原油及び粗油,280,8月_金額,50137,137_サウジアラビア,2019000000,2019年,200176670,千円
30301000,30301_原油及び粗油,280,8月_金額,50137,137_サウジアラビア,2018000000,2018年,313843650,千円
30301000,30301_原油及び粗油,280,8月_金額,50137,137_サウジアラビア,2017000000,2017年,224788193,千円
30301000,30301_原油及び粗油,280,8月_金額,50137,137_サウジアラビア,2016000000,2016年,178582001,千円
30301000,30301_原油及び粗油,280,8月_金額,50138,138_クウェート,2020000000,2020年,18142671,千円
30301000,30301_原油及び粗油,280,8月_金額,50138,138_クウェート,2019000000,2019年,58997731,千円
30301000,30301_原油及び粗油,280,8月_金額,50138,138_クウェート,2018000000,2018年,71934214,千円
30301000,30301_原油及び粗油,280,8月_金額,50138,138_クウェート,2017000000,2017年,31486728,千円
30301000,30301_原油及び粗油,280,8月_金額,50138,138_クウェート,2016000000,2016年,28178334,千円
30301000,30301_原油及び粗油,280,8月_金額,50140,140_カタール,2020000000,2020年,14354987,千円
30301000,30301_原油及び粗油,280,8月_金額,50140,140_カタール,2019000000,2019年,74865024,千円
30301000,30301_原油及び粗油,280,8月_金額,50140,140_カタール,2018000000,2018年,78735247,千円
30301000,30301_原油及び粗油,280,8月_金額,50140,140_カタール,2017000000,2017年,31609227,千円
30301000,30301_原油及び粗油,280,8月_金額,50140,140_カタール,2016000000,2016年,52382987,千円
30301000,30301_原油及び粗油,280,8月_金額,50141,141_オマーン,2020000000,2020年,0,千円
30301000,30301_原油及び粗油,280,8月_金額,50141,141_オマーン,2019000000,2019年,7327011,千円
30301000,30301_原油及び粗油,280,8月_金額,50141,141_オマーン,2018000000,2018年,16720275,千円
30301000,30301_原油及び粗油,280,8月_金額,50141,141_オマーン,2017000000,2017年,10700959,千円
30301000,30301_原油及び粗油,280,8月_金額,50141,141_オマーン,2016000000,2016年,5680730,千円
30301000,30301_原油及び粗油,280,8月_金額,50147,147_アラブ首長国連邦,2020000000,2020年,96009181,千円
30301000,30301_原油及び粗油,280,8月_金額,50147,147_アラブ首長国連邦,2019000000,2019年,231081641,千円
30301000,30301_原油及び粗油,280,8月_金額,50147,147_アラブ首長国連邦,2018000000,2018年,282918555,千円
30301000,30301_原油及び粗油,280,8月_金額,50147,147_アラブ首長国連邦,2017000000,2017年,149672196,千円
30301000,30301_原油及び粗油,280,8月_金額,50147,147_アラブ首長国連邦,2016000000,2016年,123326308,千円
30301000,30301_原油及び粗油,280,8月_金額,50149,149_イエメン,2018000000,2018年,4359737,千円
30301000,30301_原油及び粗油,280,8月_金額,50150,150_アゼルバイジャン,2020000000,2020年,0,千円
30301000,30301_原油及び粗油,280,8月_金額,50153,153_カザフスタン,2020000000,2020年,0,千円
30301000,30301_原油及び粗油,280,8月_金額,50153,153_カザフスタン,2019000000,2019年,0,千円
30301000,30301_原油及び粗油,280,8月_金額,50153,153_カザフスタン,2018000000,2018年,12603530,千円
30301000,30301_原油及び粗油,280,8月_金額,50153,153_カザフスタン,2017000000,2017年,1669571,千円
30301000,30301_原油及び粗油,280,8月_金額,50153,153_カザフスタン,2016000000,2016年,0,千円
30301000,30301_原油及び粗油,280,8月_金額,50205,205_英国,2018000000,2018年,0,千円
30301000,30301_原油及び粗油,280,8月_金額,50205,205_英国,2017000000,2017年,0,千円
30301000,30301_原油及び粗油,280,8月_金額,50213,213_ドイツ,2016000000,2016年,0,千円
30301000,30301_原油及び粗油,280,8月_金額,50224,224_ロシア,2020000000,2020年,23137903,千円
30301000,30301_原油及び粗油,280,8月_金額,50224,224_ロシア,2019000000,2019年,44745372,千円
30301000,30301_原油及び粗油,280,8月_金額,50224,224_ロシア,2018000000,2018年,45530851,千円
30301000,30301_原油及び粗油,280,8月_金額,50224,224_ロシア,2017000000,2017年,30306658,千円
30301000,30301_原油及び粗油,280,8月_金額,50224,224_ロシア,2016000000,2016年,37938571,千円
30301000,30301_原油及び粗油,280,8月_金額,50302,302_カナダ,2019000000,2019年,0,千円
30301000,30301_原油及び粗油,280,8月_金額,50304,304_アメリカ合衆国,2020000000,2020年,8421419,千円
30301000,30301_原油及び粗油,280,8月_金額,50304,304_アメリカ合衆国,2019000000,2019年,26581400,千円
30301000,30301_原油及び粗油,280,8月_金額,50304,304_アメリカ合衆国,2018000000,2018年,8195072,千円
30301000,30301_原油及び粗油,280,8月_金額,50304,304_アメリカ合衆国,2017000000,2017年,0,千円
30301000,30301_原油及び粗油,280,8月_金額,50304,304_アメリカ合衆国,2016000000,2016年,0,千円
30301000,30301_原油及び粗油,280,8月_金額,50305,305_メキシコ,2020000000,2020年,0,千円
30301000,30301_原油及び粗油,280,8月_金額,50305,305_メキシコ,2019000000,2019年,0,千円
30301000,30301_原油及び粗油,280,8月_金額,50305,305_メキシコ,2018000000,2018年,7491095,千円
30301000,30301_原油及び粗油,280,8月_金額,50305,305_メキシコ,2017000000,2017年,10019122,千円
30301000,30301_原油及び粗油,280,8月_金額,50305,305_メキシコ,2016000000,2016年,11608289,千円
30301000,30301_原油及び粗油,280,8月_金額,50315,315_バハマ,2016000000,2016年,0,千円
30301000,30301_原油及び粗油,280,8月_金額,50326,326_蘭領アンティール,2017000000,2017年,0,千円
30301000,30301_原油及び粗油,280,8月_金額,50401,401_コロンビア,2019000000,2019年,0,千円
30301000,30301_原油及び粗油,280,8月_金額,50401,401_コロンビア,2018000000,2018年,0,千円
30301000,30301_原油及び粗油,280,8月_金額,50401,401_コロンビア,2017000000,2017年,0,千円
30301000,30301_原油及び粗油,280,8月_金額,50401,401_コロンビア,2016000000,2016年,1086338,千円
30301000,30301_原油及び粗油,280,8月_金額,50402,402_ベネズエラ,2017000000,2017年,0,千円
30301000,30301_原油及び粗油,280,8月_金額,50402,402_ベネズエラ,2016000000,2016年,0,千円
30301000,30301_原油及び粗油,280,8月_金額,50406,406_エクアドル,2020000000,2020年,6593295,千円
30301000,30301_原油及び粗油,280,8月_金額,50406,406_エクアドル,2019000000,2019年,13480757,千円
30301000,30301_原油及び粗油,280,8月_金額,50406,406_エクアドル,2018000000,2018年,3108873,千円
30301000,30301_原油及び粗油,280,8月_金額,50406,406_エクアドル,2017000000,2017年,8992362,千円
30301000,30301_原油及び粗油,280,8月_金額,50406,406_エクアドル,2016000000,2016年,2253346,千円
30301000,30301_原油及び粗油,280,8月_金額,50503,503_アルジェリア,2020000000,2020年,1276657,千円
30301000,30301_原油及び粗油,280,8月_金額,50503,503_アルジェリア,2019000000,2019年,0,千円
30301000,30301_原油及び粗油,280,8月_金額,50503,503_アルジェリア,2018000000,2018年,0,千円
30301000,30301_原油及び粗油,280,8月_金額,50503,503_アルジェリア,2017000000,2017年,0,千円
30301000,30301_原油及び粗油,280,8月_金額,50503,503_アルジェリア,2016000000,2016年,0,千円
30301000,30301_原油及び粗油,280,8月_金額,50505,505_リビア,2020000000,2020年,0,千円
30301000,30301_原油及び粗油,280,8月_金額,50507,507_スーダン,2016000000,2016年,0,千円
30301000,30301_原油及び粗油,280,8月_金額,50517,517_ガーナ,2017000000,2017年,5479876,千円
30301000,30301_原油及び粗油,280,8月_金額,50527,527_カメルーン,2019000000,2019年,0,千円
30301000,30301_原油及び粗油,280,8月_金額,50528,528_チャド,2016000000,2016年,0,千円
30301000,30301_原油及び粗油,280,8月_金額,50531,531_ガボン,2019000000,2019年,0,千円
30301000,30301_原油及び粗油,280,8月_金額,50531,531_ガボン,2016000000,2016年,0,千円
30301000,30301_原油及び粗油,280,8月_金額,50535,535_アンゴラ,2019000000,2019年,0,千円
30301000,30301_原油及び粗油,280,8月_金額,50535,535_アンゴラ,2018000000,2018年,0,千円
30301000,30301_原油及び粗油,280,8月_金額,50535,535_アンゴラ,2017000000,2017年,1911197,千円
30301000,30301_原油及び粗油,280,8月_金額,50543,543_タンザニア,2018000000,2018年,0,千円
30301000,30301_原油及び粗油,280,8月_金額,50545,545_モザンビーク,2018000000,2018年,0,千円
30301000,30301_原油及び粗油,280,8月_金額,50601,601_オーストラリア,2020000000,2020年,674252,千円
30301000,30301_原油及び粗油,280,8月_金額,50601,601_オーストラリア,2019000000,2019年,203271,千円
30301000,30301_原油及び粗油,280,8月_金額,50601,601_オーストラリア,2018000000,2018年,1202965,千円
30301000,30301_原油及び粗油,280,8月_金額,50601,601_オーストラリア,2017000000,2017年,0,千円
30301000,30301_原油及び粗油,280,8月_金額,50601,601_オーストラリア,2016000000,2016年,951176,千円
30301000,30301_原油及び粗油,280,8月_金額,50602,602_パプアニューギニア,2016000000,2016年,0,千円
30301000,30301_原油及び粗油,290,9月_数量,50103,103_大韓民国,2017000000,2017年,0,
30301000,30301_原油及び粗油,290,9月_数量,50106,106_台湾,2018000000,2018年,0,
30301000,30301_原油及び粗油,290,9月_数量,50110,110_ベトナム,2020000000,2020年,0,
30301000,30301_原油及び粗油,290,9月_数量,50110,110_ベトナム,2019000000,2019年,94902,
30301000,30301_原油及び粗油,290,9月_数量,50110,110_ベトナム,2018000000,2018年,56845,
30301000,30301_原油及び粗油,290,9月_数量,50110,110_ベトナム,2017000000,2017年,135898,
30301000,30301_原油及び粗油,290,9月_数量,50110,110_ベトナム,2016000000,2016年,94769,
30301000,30301_原油及び粗油,290,9月_数量,50111,111_タイ,2020000000,2020年,0,
30301000,30301_原油及び粗油,290,9月_数量,50112,112_シンガポール,2020000000,2020年,0,
30301000,30301_原油及び粗油,290,9月_数量,50112,112_シンガポール,2019000000,2019年,0,
30301000,30301_原油及び粗油,290,9月_数量,50113,113_マレーシア,2020000000,2020年,30331,
30301000,30301_原油及び粗油,290,9月_数量,50113,113_マレーシア,2019000000,2019年,31637,
30301000,30301_原油及び粗油,290,9月_数量,50113,113_マレーシア,2018000000,2018年,77579,
30301000,30301_原油及び粗油,290,9月_数量,50113,113_マレーシア,2017000000,2017年,52969,
30301000,30301_原油及び粗油,290,9月_数量,50113,113_マレーシア,2016000000,2016年,143927,
30301000,30301_原油及び粗油,290,9月_数量,50116,116_ブルネイ,2020000000,2020年,0,
30301000,30301_原油及び粗油,290,9月_数量,50116,116_ブルネイ,2019000000,2019年,47997,
30301000,30301_原油及び粗油,290,9月_数量,50116,116_ブルネイ,2018000000,2018年,0,
30301000,30301_原油及び粗油,290,9月_数量,50116,116_ブルネイ,2017000000,2017年,0,
30301000,30301_原油及び粗油,290,9月_数量,50116,116_ブルネイ,2016000000,2016年,0,
30301000,30301_原油及び粗油,290,9月_数量,50118,118_インドネシア,2019000000,2019年,0,
30301000,30301_原油及び粗油,290,9月_数量,50118,118_インドネシア,2018000000,2018年,61619,
30301000,30301_原油及び粗油,290,9月_数量,50118,118_インドネシア,2017000000,2017年,228707,
30301000,30301_原油及び粗油,290,9月_数量,50118,118_インドネシア,2016000000,2016年,156173,
30301000,30301_原油及び粗油,290,9月_数量,50133,133_イラン,2019000000,2019年,0,
30301000,30301_原油及び粗油,290,9月_数量,50133,133_イラン,2018000000,2018年,629646,
30301000,30301_原油及び粗油,290,9月_数量,50133,133_イラン,2017000000,2017年,907607,
30301000,30301_原油及び粗油,290,9月_数量,50133,133_イラン,2016000000,2016年,1571763,
30301000,30301_原油及び粗油,290,9月_数量,50134,134_イラク,2020000000,2020年,0,
30301000,30301_原油及び粗油,290,9月_数量,50134,134_イラク,2019000000,2019年,165387,
30301000,30301_原油及び粗油,290,9月_数量,50134,134_イラク,2018000000,2018年,329905,
30301000,30301_原油及び粗油,290,9月_数量,50134,134_イラク,2017000000,2017年,0,
30301000,30301_原油及び粗油,290,9月_数量,50134,134_イラク,2016000000,2016年,505245,
30301000,30301_原油及び粗油,290,9月_数量,50135,135_バーレーン,2020000000,2020年,79361,
30301000,30301_原油及び粗油,290,9月_数量,50135,135_バーレーン,2019000000,2019年,195781,
30301000,30301_原油及び粗油,290,9月_数量,50135,135_バーレーン,2018000000,2018年,79635,
30301000,30301_原油及び粗油,290,9月_数量,50137,137_サウジアラビア,2020000000,2020年,4229940,
30301000,30301_原油及び粗油,290,9月_数量,50137,137_サウジアラビア,2019000000,2019年,4586243,
30301000,30301_原油及び粗油,290,9月_数量,50137,137_サウジアラビア,2018000000,2018年,4639773,
30301000,30301_原油及び粗油,290,9月_数量,50137,137_サウジアラビア,2017000000,2017年,5608111,
30301000,30301_原油及び粗油,290,9月_数量,50137,137_サウジアラビア,2016000000,2016年,4665294,
30301000,30301_原油及び粗油,290,9月_数量,50138,138_クウェート,2020000000,2020年,1007096,
30301000,30301_原油及び粗油,290,9月_数量,50138,138_クウェート,2019000000,2019年,1352781,
30301000,30301_原油及び粗油,290,9月_数量,50138,138_クウェート,2018000000,2018年,1168475,
30301000,30301_原油及び粗油,290,9月_数量,50138,138_クウェート,2017000000,2017年,1421353,
30301000,30301_原油及び粗油,290,9月_数量,50138,138_クウェート,2016000000,2016年,1093113,
30301000,30301_原油及び粗油,290,9月_数量,50140,140_カタール,2020000000,2020年,921938,
30301000,30301_原油及び粗油,290,9月_数量,50140,140_カタール,2019000000,2019年,1291786,
30301000,30301_原油及び粗油,290,9月_数量,50140,140_カタール,2018000000,2018年,1101191,
30301000,30301_原油及び粗油,290,9月_数量,50140,140_カタール,2017000000,2017年,1091819,
30301000,30301_原油及び粗油,290,9月_数量,50140,140_カタール,2016000000,2016年,1537629,
30301000,30301_原油及び粗油,290,9月_数量,50141,141_オマーン,2020000000,2020年,158773,
30301000,30301_原油及び粗油,290,9月_数量,50141,141_オマーン,2019000000,2019年,316813,
30301000,30301_原油及び粗油,290,9月_数量,50141,141_オマーン,2018000000,2018年,323112,
30301000,30301_原油及び粗油,290,9月_数量,50141,141_オマーン,2017000000,2017年,237390,
30301000,30301_原油及び粗油,290,9月_数量,50141,141_オマーン,2016000000,2016年,114576,
30301000,30301_原油及び粗油,290,9月_数量,50147,147_アラブ首長国連邦,2020000000,2020年,3702042,
30301000,30301_原油及び粗油,290,9月_数量,50147,147_アラブ首長国連邦,2019000000,2019年,4818624,
30301000,30301_原油及び粗油,290,9月_数量,50147,147_アラブ首長国連邦,2018000000,2018年,3329338,
30301000,30301_原油及び粗油,290,9月_数量,50147,147_アラブ首長国連邦,2017000000,2017年,3569395,
30301000,30301_原油及び粗油,290,9月_数量,50147,147_アラブ首長国連邦,2016000000,2016年,4040273,
30301000,30301_原油及び粗油,290,9月_数量,50149,149_イエメン,2018000000,2018年,0,
30301000,30301_原油及び粗油,290,9月_数量,50150,150_アゼルバイジャン,2020000000,2020年,166653,
30301000,30301_原油及び粗油,290,9月_数量,50153,153_カザフスタン,2020000000,2020年,0,
30301000,30301_原油及び粗油,290,9月_数量,50153,153_カザフスタン,2019000000,2019年,0,
30301000,30301_原油及び粗油,290,9月_数量,50153,153_カザフスタン,2018000000,2018年,291631,
30301000,30301_原油及び粗油,290,9月_数量,50153,153_カザフスタン,2017000000,2017年,168277,
30301000,30301_原油及び粗油,290,9月_数量,50153,153_カザフスタン,2016000000,2016年,0,
30301000,30301_原油及び粗油,290,9月_数量,50205,205_英国,2018000000,2018年,0,
30301000,30301_原油及び粗油,290,9月_数量,50205,205_英国,2017000000,2017年,0,
30301000,30301_原油及び粗油,290,9月_数量,50213,213_ドイツ,2016000000,2016年,0,
30301000,30301_原油及び粗油,290,9月_数量,50224,224_ロシア,2020000000,2020年,282708,
30301000,30301_原油及び粗油,290,9月_数量,50224,224_ロシア,2019000000,2019年,831373,
30301000,30301_原油及び粗油,290,9月_数量,50224,224_ロシア,2018000000,2018年,780125,
30301000,30301_原油及び粗油,290,9月_数量,50224,224_ロシア,2017000000,2017年,770759,
30301000,30301_原油及び粗油,290,9月_数量,50224,224_ロシア,2016000000,2016年,1133626,
30301000,30301_原油及び粗油,290,9月_数量,50302,302_カナダ,2019000000,2019年,0,
30301000,30301_原油及び粗油,290,9月_数量,50304,304_アメリカ合衆国,2020000000,2020年,116560,
30301000,30301_原油及び粗油,290,9月_数量,50304,304_アメリカ合衆国,2019000000,2019年,0,
30301000,30301_原油及び粗油,290,9月_数量,50304,304_アメリカ合衆国,2018000000,2018年,482061,
30301000,30301_原油及び粗油,290,9月_数量,50304,304_アメリカ合衆国,2017000000,2017年,0,
30301000,30301_原油及び粗油,290,9月_数量,50304,304_アメリカ合衆国,2016000000,2016年,0,
30301000,30301_原油及び粗油,290,9月_数量,50305,305_メキシコ,2020000000,2020年,0,
30301000,30301_原油及び粗油,290,9月_数量,50305,305_メキシコ,2019000000,2019年,0,
30301000,30301_原油及び粗油,290,9月_数量,50305,305_メキシコ,2018000000,2018年,55034,
30301000,30301_原油及び粗油,290,9月_数量,50305,305_メキシコ,2017000000,2017年,69028,
30301000,30301_原油及び粗油,290,9月_数量,50305,305_メキシコ,2016000000,2016年,317367,
30301000,30301_原油及び粗油,290,9月_数量,50315,315_バハマ,2016000000,2016年,0,
30301000,30301_原油及び粗油,290,9月_数量,50326,326_蘭領アンティール,2017000000,2017年,0,
30301000,30301_原油及び粗油,290,9月_数量,50401,401_コロンビア,2019000000,2019年,0,
30301000,30301_原油及び粗油,290,9月_数量,50401,401_コロンビア,2018000000,2018年,39657,
30301000,30301_原油及び粗油,290,9月_数量,50401,401_コロンビア,2017000000,2017年,159980,
30301000,30301_原油及び粗油,290,9月_数量,50401,401_コロンビア,2016000000,2016年,0,
30301000,30301_原油及び粗油,290,9月_数量,50402,402_ベネズエラ,2017000000,2017年,0,
30301000,30301_原油及び粗油,290,9月_数量,50402,402_ベネズエラ,2016000000,2016年,0,
30301000,30301_原油及び粗油,290,9月_数量,50406,406_エクアドル,2020000000,2020年,342459,
30301000,30301_原油及び粗油,290,9月_数量,50406,406_エクアドル,2019000000,2019年,258760,
30301000,30301_原油及び粗油,290,9月_数量,50406,406_エクアドル,2018000000,2018年,119579,
30301000,30301_原油及び粗油,290,9月_数量,50406,406_エクアドル,2017000000,2017年,24882,
30301000,30301_原油及び粗油,290,9月_数量,50406,406_エクアドル,2016000000,2016年,155707,
30301000,30301_原油及び粗油,290,9月_数量,50503,503_アルジェリア,2020000000,2020年,21406,
30301000,30301_原油及び粗油,290,9月_数量,50503,503_アルジェリア,2019000000,2019年,0,
30301000,30301_原油及び粗油,290,9月_数量,50503,503_アルジェリア,2018000000,2018年,0,
30301000,30301_原油及び粗油,290,9月_数量,50503,503_アルジェリア,2017000000,2017年,0,
30301000,30301_原油及び粗油,290,9月_数量,50503,503_アルジェリア,2016000000,2016年,0,
30301000,30301_原油及び粗油,290,9月_数量,50505,505_リビア,2020000000,2020年,0,
30301000,30301_原油及び粗油,290,9月_数量,50507,507_スーダン,2016000000,2016年,0,
30301000,30301_原油及び粗油,290,9月_数量,50517,517_ガーナ,2017000000,2017年,0,
30301000,30301_原油及び粗油,290,9月_数量,50527,527_カメルーン,2019000000,2019年,0,
30301000,30301_原油及び粗油,290,9月_数量,50528,528_チャド,2016000000,2016年,0,
30301000,30301_原油及び粗油,290,9月_数量,50531,531_ガボン,2019000000,2019年,0,
30301000,30301_原油及び粗油,290,9月_数量,50531,531_ガボン,2016000000,2016年,0,
30301000,30301_原油及び粗油,290,9月_数量,50535,535_アンゴラ,2019000000,2019年,0,
30301000,30301_原油及び粗油,290,9月_数量,50535,535_アンゴラ,2018000000,2018年,0,
30301000,30301_原油及び粗油,290,9月_数量,50535,535_アンゴラ,2017000000,2017年,293695,
30301000,30301_原油及び粗油,290,9月_数量,50543,543_タンザニア,2018000000,2018年,0,
30301000,30301_原油及び粗油,290,9月_数量,50545,545_モザンビーク,2018000000,2018年,0,
30301000,30301_原油及び粗油,290,9月_数量,50601,601_オーストラリア,2020000000,2020年,91147,
30301000,30301_原油及び粗油,290,9月_数量,50601,601_オーストラリア,2019000000,2019年,67911,
30301000,30301_原油及び粗油,290,9月_数量,50601,601_オーストラリア,2018000000,2018年,36885,
30301000,30301_原油及び粗油,290,9月_数量,50601,601_オーストラリア,2017000000,2017年,26999,
30301000,30301_原油及び粗油,290,9月_数量,50601,601_オーストラリア,2016000000,2016年,69726,
30301000,30301_原油及び粗油,290,9月_数量,50602,602_パプアニューギニア,2016000000,2016年,0,
30301000,30301_原油及び粗油,300,9月_金額,50103,103_大韓民国,2017000000,2017年,0,千円
30301000,30301_原油及び粗油,300,9月_金額,50106,106_台湾,2018000000,2018年,0,千円
30301000,30301_原油及び粗油,300,9月_金額,50110,110_ベトナム,2020000000,2020年,0,千円
30301000,30301_原油及び粗油,300,9月_金額,50110,110_ベトナム,2019000000,2019年,4105753,千円
30301000,30301_原油及び粗油,300,9月_金額,50110,110_ベトナム,2018000000,2018年,3056844,千円
30301000,30301_原油及び粗油,300,9月_金額,50110,110_ベトナム,2017000000,2017年,5212503,千円
30301000,30301_原油及び粗油,300,9月_金額,50110,110_ベトナム,2016000000,2016年,3027628,千円
30301000,30301_原油及び粗油,300,9月_金額,50111,111_タイ,2020000000,2020年,0,千円
30301000,30301_原油及び粗油,300,9月_金額,50112,112_シンガポール,2020000000,2020年,0,千円
30301000,30301_原油及び粗油,300,9月_金額,50112,112_シンガポール,2019000000,2019年,0,千円
30301000,30301_原油及び粗油,300,9月_金額,50113,113_マレーシア,2020000000,2020年,1024814,千円
30301000,30301_原油及び粗油,300,9月_金額,50113,113_マレーシア,2019000000,2019年,1446521,千円
30301000,30301_原油及び粗油,300,9月_金額,50113,113_マレーシア,2018000000,2018年,4482985,千円
30301000,30301_原油及び粗油,300,9月_金額,50113,113_マレーシア,2017000000,2017年,2123917,千円
30301000,30301_原油及び粗油,300,9月_金額,50113,113_マレーシア,2016000000,2016年,4571808,千円
30301000,30301_原油及び粗油,300,9月_金額,50116,116_ブルネイ,2020000000,2020年,0,千円
30301000,30301_原油及び粗油,300,9月_金額,50116,116_ブルネイ,2019000000,2019年,2093174,千円
30301000,30301_原油及び粗油,300,9月_金額,50116,116_ブルネイ,2018000000,2018年,0,千円
30301000,30301_原油及び粗油,300,9月_金額,50116,116_ブルネイ,2017000000,2017年,0,千円
30301000,30301_原油及び粗油,300,9月_金額,50116,116_ブルネイ,2016000000,2016年,0,千円
30301000,30301_原油及び粗油,300,9月_金額,50118,118_インドネシア,2019000000,2019年,0,千円
30301000,30301_原油及び粗油,300,9月_金額,50118,118_インドネシア,2018000000,2018年,3354197,千円
30301000,30301_原油及び粗油,300,9月_金額,50118,118_インドネシア,2017000000,2017年,8284071,千円
30301000,30301_原油及び粗油,300,9月_金額,50118,118_インドネシア,2016000000,2016年,4735421,千円
30301000,30301_原油及び粗油,300,9月_金額,50133,133_イラン,2019000000,2019年,0,千円
30301000,30301_原油及び粗油,300,9月_金額,50133,133_イラン,2018000000,2018年,33144043,千円
30301000,30301_原油及び粗油,300,9月_金額,50133,133_イラン,2017000000,2017年,32112416,千円
30301000,30301_原油及び粗油,300,9月_金額,50133,133_イラン,2016000000,2016年,44398961,千円
30301000,30301_原油及び粗油,300,9月_金額,50134,134_イラク,2020000000,2020年,0,千円
30301000,30301_原油及び粗油,300,9月_金額,50134,134_イラク,2019000000,2019年,7276020,千円
30301000,30301_原油及び粗油,300,9月_金額,50134,134_イラク,2018000000,2018年,16816571,千円
30301000,30301_原油及び粗油,300,9月_金額,50134,134_イラク,2017000000,2017年,0,千円
30301000,30301_原油及び粗油,300,9月_金額,50134,134_イラク,2016000000,2016年,13621522,千円
30301000,30301_原油及び粗油,300,9月_金額,50135,135_バーレーン,2020000000,2020年,2506394,千円
30301000,30301_原油及び粗油,300,9月_金額,50135,135_バーレーン,2019000000,2019年,8390278,千円
30301000,30301_原油及び粗油,300,9月_金額,50135,135_バーレーン,2018000000,2018年,4158320,千円
30301000,30301_原油及び粗油,300,9月_金額,50137,137_サウジアラビア,2020000000,2020年,131155667,千円
30301000,30301_原油及び粗油,300,9月_金額,50137,137_サウジアラビア,2019000000,2019年,197928044,千円
30301000,30301_原油及び粗油,300,9月_金額,50137,137_サウジアラビア,2018000000,2018年,247286499,千円
30301000,30301_原油及び粗油,300,9月_金額,50137,137_サウジアラビア,2017000000,2017年,197912310,千円
30301000,30301_原油及び粗油,300,9月_金額,50137,137_サウジアラビア,2016000000,2016年,136299179,千円
30301000,30301_原油及び粗油,300,9月_金額,50138,138_クウェート,2020000000,2020年,30791981,千円
30301000,30301_原油及び粗油,300,9月_金額,50138,138_クウェート,2019000000,2019年,57832925,千円
30301000,30301_原油及び粗油,300,9月_金額,50138,138_クウェート,2018000000,2018年,60947010,千円
30301000,30301_原油及び粗油,300,9月_金額,50138,138_クウェート,2017000000,2017年,49334205,千円
30301000,30301_原油及び粗油,300,9月_金額,50138,138_クウェート,2016000000,2016年,30606111,千円
30301000,30301_原油及び粗油,300,9月_金額,50140,140_カタール,2020000000,2020年,28692655,千円
30301000,30301_原油及び粗油,300,9月_金額,50140,140_カタール,2019000000,2019年,55225031,千円
30301000,30301_原油及び粗油,300,9月_金額,50140,140_カタール,2018000000,2018年,58594565,千円
30301000,30301_原油及び粗油,300,9月_金額,50140,140_カタール,2017000000,2017年,38565436,千円
30301000,30301_原油及び粗油,300,9月_金額,50140,140_カタール,2016000000,2016年,45344184,千円
30301000,30301_原油及び粗油,300,9月_金額,50141,141_オマーン,2020000000,2020年,5054395,千円
30301000,30301_原油及び粗油,300,9月_金額,50141,141_オマーン,2019000000,2019年,13456204,千円
30301000,30301_原油及び粗油,300,9月_金額,50141,141_オマーン,2018000000,2018年,17029809,千円
30301000,30301_原油及び粗油,300,9月_金額,50141,141_オマーン,2017000000,2017年,8364215,千円
30301000,30301_原油及び粗油,300,9月_金額,50141,141_オマーン,2016000000,2016年,3464216,千円
30301000,30301_原油及び粗油,300,9月_金額,50147,147_アラブ首長国連邦,2020000000,2020年,113659954,千円
30301000,30301_原油及び粗油,300,9月_金額,50147,147_アラブ首長国連邦,2019000000,2019年,208699142,千円
30301000,30301_原油及び粗油,300,9月_金額,50147,147_アラブ首長国連邦,2018000000,2018年,177439133,千円
30301000,30301_原油及び粗油,300,9月_金額,50147,147_アラブ首長国連邦,2017000000,2017年,128731816,千円
30301000,30301_原油及び粗油,300,9月_金額,50147,147_アラブ首長国連邦,2016000000,2016年,119974999,千円
30301000,30301_原油及び粗油,300,9月_金額,50149,149_イエメン,2018000000,2018年,0,千円
30301000,30301_原油及び粗油,300,9月_金額,50150,150_アゼルバイジャン,2020000000,2020年,4459755,千円
30301000,30301_原油及び粗油,300,9月_金額,50153,153_カザフスタン,2020000000,2020年,0,千円
30301000,30301_原油及び粗油,300,9月_金額,50153,153_カザフスタン,2019000000,2019年,0,千円
30301000,30301_原油及び粗油,300,9月_金額,50153,153_カザフスタン,2018000000,2018年,15815271,千円
30301000,30301_原油及び粗油,300,9月_金額,50153,153_カザフスタン,2017000000,2017年,5840380,千円
30301000,30301_原油及び粗油,300,9月_金額,50153,153_カザフスタン,2016000000,2016年,0,千円
30301000,30301_原油及び粗油,300,9月_金額,50205,205_英国,2018000000,2018年,0,千円
30301000,30301_原油及び粗油,300,9月_金額,50205,205_英国,2017000000,2017年,0,千円
30301000,30301_原油及び粗油,300,9月_金額,50213,213_ドイツ,2016000000,2016年,0,千円
30301000,30301_原油及び粗油,300,9月_金額,50224,224_ロシア,2020000000,2020年,8621554,千円
30301000,30301_原油及び粗油,300,9月_金額,50224,224_ロシア,2019000000,2019年,35843057,千円
30301000,30301_原油及び粗油,300,9月_金額,50224,224_ロシア,2018000000,2018年,41889436,千円
30301000,30301_原油及び粗油,300,9月_金額,50224,224_ロシア,2017000000,2017年,27577038,千円
30301000,30301_原油及び粗油,300,9月_金額,50224,224_ロシア,2016000000,2016年,34295745,千円
30301000,30301_原油及び粗油,300,9月_金額,50302,302_カナダ,2019000000,2019年,0,千円
30301000,30301_原油及び粗油,300,9月_金額,50304,304_アメリカ合衆国,2020000000,2020年,3813891,千円
30301000,30301_原油及び粗油,300,9月_金額,50304,304_アメリカ合衆国,2019000000,2019年,0,千円
30301000,30301_原油及び粗油,300,9月_金額,50304,304_アメリカ合衆国,2018000000,2018年,26613430,千円
30301000,30301_原油及び粗油,300,9月_金額,50304,304_アメリカ合衆国,2017000000,2017年,0,千円
30301000,30301_原油及び粗油,300,9月_金額,50304,304_アメリカ合衆国,2016000000,2016年,0,千円
30301000,30301_原油及び粗油,300,9月_金額,50305,305_メキシコ,2020000000,2020年,0,千円
30301000,30301_原油及び粗油,300,9月_金額,50305,305_メキシコ,2019000000,2019年,0,千円
30301000,30301_原油及び粗油,300,9月_金額,50305,305_メキシコ,2018000000,2018年,2598899,千円
30301000,30301_原油及び粗油,300,9月_金額,50305,305_メキシコ,2017000000,2017年,2269479,千円
30301000,30301_原油及び粗油,300,9月_金額,50305,305_メキシコ,2016000000,2016年,8822328,千円
30301000,30301_原油及び粗油,300,9月_金額,50315,315_バハマ,2016000000,2016年,0,千円
30301000,30301_原油及び粗油,300,9月_金額,50326,326_蘭領アンティール,2017000000,2017年,0,千円
30301000,30301_原油及び粗油,300,9月_金額,50401,401_コロンビア,2019000000,2019年,0,千円
30301000,30301_原油及び粗油,300,9月_金額,50401,401_コロンビア,2018000000,2018年,2017461,千円
30301000,30301_原油及び粗油,300,9月_金額,50401,401_コロンビア,2017000000,2017年,5640715,千円
30301000,30301_原油及び粗油,300,9月_金額,50401,401_コロンビア,2016000000,2016年,0,千円
30301000,30301_原油及び粗油,300,9月_金額,50402,402_ベネズエラ,2017000000,2017年,0,千円
30301000,30301_原油及び粗油,300,9月_金額,50402,402_ベネズエラ,2016000000,2016年,0,千円
30301000,30301_原油及び粗油,300,9月_金額,50406,406_エクアドル,2020000000,2020年,10202579,千円
30301000,30301_原油及び粗油,300,9月_金額,50406,406_エクアドル,2019000000,2019年,10886560,千円
30301000,30301_原油及び粗油,300,9月_金額,50406,406_エクアドル,2018000000,2018年,5693347,千円
30301000,30301_原油及び粗油,300,9月_金額,50406,406_エクアドル,2017000000,2017年,773540,千円
30301000,30301_原油及び粗油,300,9月_金額,50406,406_エクアドル,2016000000,2016年,4111912,千円
30301000,30301_原油及び粗油,300,9月_金額,50503,503_アルジェリア,2020000000,2020年,561683,千円
30301000,30301_原油及び粗油,300,9月_金額,50503,503_アルジェリア,2019000000,2019年,0,千円
30301000,30301_原油及び粗油,300,9月_金額,50503,503_アルジェリア,2018000000,2018年,0,千円
30301000,30301_原油及び粗油,300,9月_金額,50503,503_アルジェリア,2017000000,2017年,0,千円
30301000,30301_原油及び粗油,300,9月_金額,50503,503_アルジェリア,2016000000,2016年,0,千円
30301000,30301_原油及び粗油,300,9月_金額,50505,505_リビア,2020000000,2020年,0,千円
30301000,30301_原油及び粗油,300,9月_金額,50507,507_スーダン,2016000000,2016年,0,千円
30301000,30301_原油及び粗油,300,9月_金額,50517,517_ガーナ,2017000000,2017年,0,千円
30301000,30301_原油及び粗油,300,9月_金額,50527,527_カメルーン,2019000000,2019年,0,千円
30301000,30301_原油及び粗油,300,9月_金額,50528,528_チャド,2016000000,2016年,0,千円
30301000,30301_原油及び粗油,300,9月_金額,50531,531_ガボン,2019000000,2019年,0,千円
30301000,30301_原油及び粗油,300,9月_金額,50531,531_ガボン,2016000000,2016年,0,千円
30301000,30301_原油及び粗油,300,9月_金額,50535,535_アンゴラ,2019000000,2019年,0,千円
30301000,30301_原油及び粗油,300,9月_金額,50535,535_アンゴラ,2018000000,2018年,0,千円
30301000,30301_原油及び粗油,300,9月_金額,50535,535_アンゴラ,2017000000,2017年,10461249,千円
30301000,30301_原油及び粗油,300,9月_金額,50543,543_タンザニア,2018000000,2018年,0,千円
30301000,30301_原油及び粗油,300,9月_金額,50545,545_モザンビーク,2018000000,2018年,0,千円
30301000,30301_原油及び粗油,300,9月_金額,50601,601_オーストラリア,2020000000,2020年,2920014,千円
30301000,30301_原油及び粗油,300,9月_金額,50601,601_オーストラリア,2019000000,2019年,3158102,千円
30301000,30301_原油及び粗油,300,9月_金額,50601,601_オーストラリア,2018000000,2018年,2020372,千円
30301000,30301_原油及び粗油,300,9月_金額,50601,601_オーストラリア,2017000000,2017年,1100154,千円
30301000,30301_原油及び粗油,300,9月_金額,50601,601_オーストラリア,2016000000,2016年,2060418,千円
30301000,30301_原油及び粗油,300,9月_金額,50602,602_パプアニューギニア,2016000000,2016年,0,千円
30301000,30301_原油及び粗油,310,10月_数量,50103,103_大韓民国,2017000000,2017年,0,
30301000,30301_原油及び粗油,310,10月_数量,50106,106_台湾,2018000000,2018年,0,
30301000,30301_原油及び粗油,310,10月_数量,50110,110_ベトナム,2020000000,2020年,0,
30301000,30301_原油及び粗油,310,10月_数量,50110,110_ベトナム,2019000000,2019年,47446,
30301000,30301_原油及び粗油,310,10月_数量,50110,110_ベトナム,2018000000,2018年,0,
30301000,30301_原油及び粗油,310,10月_数量,50110,110_ベトナム,2017000000,2017年,45168,
30301000,30301_原油及び粗油,310,10月_数量,50110,110_ベトナム,2016000000,2016年,77071,
30301000,30301_原油及び粗油,310,10月_数量,50111,111_タイ,2020000000,2020年,0,
30301000,30301_原油及び粗油,310,10月_数量,50112,112_シンガポール,2020000000,2020年,8775,
30301000,30301_原油及び粗油,310,10月_数量,50112,112_シンガポール,2019000000,2019年,0,
30301000,30301_原油及び粗油,310,10月_数量,50113,113_マレーシア,2020000000,2020年,93081,
30301000,30301_原油及び粗油,310,10月_数量,50113,113_マレーシア,2019000000,2019年,49715,
30301000,30301_原油及び粗油,310,10月_数量,50113,113_マレーシア,2018000000,2018年,67358,
30301000,30301_原油及び粗油,310,10月_数量,50113,113_マレーシア,2017000000,2017年,0,
30301000,30301_原油及び粗油,310,10月_数量,50113,113_マレーシア,2016000000,2016年,135418,
30301000,30301_原油及び粗油,310,10月_数量,50116,116_ブルネイ,2020000000,2020年,47427,
30301000,30301_原油及び粗油,310,10月_数量,50116,116_ブルネイ,2019000000,2019年,0,
30301000,30301_原油及び粗油,310,10月_数量,50116,116_ブルネイ,2018000000,2018年,0,
30301000,30301_原油及び粗油,310,10月_数量,50116,116_ブルネイ,2017000000,2017年,45352,
30301000,30301_原油及び粗油,310,10月_数量,50116,116_ブルネイ,2016000000,2016年,0,
30301000,30301_原油及び粗油,310,10月_数量,50118,118_インドネシア,2019000000,2019年,0,
30301000,30301_原油及び粗油,310,10月_数量,50118,118_インドネシア,2018000000,2018年,134203,
30301000,30301_原油及び粗油,310,10月_数量,50118,118_インドネシア,2017000000,2017年,82532,
30301000,30301_原油及び粗油,310,10月_数量,50118,118_インドネシア,2016000000,2016年,502378,
30301000,30301_原油及び粗油,310,10月_数量,50133,133_イラン,2019000000,2019年,0,
30301000,30301_原油及び粗油,310,10月_数量,50133,133_イラン,2018000000,2018年,544231,
30301000,30301_原油及び粗油,310,10月_数量,50133,133_イラン,2017000000,2017年,701621,
30301000,30301_原油及び粗油,310,10月_数量,50133,133_イラン,2016000000,2016年,790819,
30301000,30301_原油及び粗油,310,10月_数量,50134,134_イラク,2020000000,2020年,0,
30301000,30301_原油及び粗油,310,10月_数量,50134,134_イラク,2019000000,2019年,305144,
30301000,30301_原油及び粗油,310,10月_数量,50134,134_イラク,2018000000,2018年,0,
30301000,30301_原油及び粗油,310,10月_数量,50134,134_イラク,2017000000,2017年,0,
30301000,30301_原油及び粗油,310,10月_数量,50134,134_イラク,2016000000,2016年,0,
30301000,30301_原油及び粗油,310,10月_数量,50135,135_バーレーン,2020000000,2020年,78547,
30301000,30301_原油及び粗油,310,10月_数量,50135,135_バーレーン,2019000000,2019年,157177,
30301000,30301_原油及び粗油,310,10月_数量,50135,135_バーレーン,2018000000,2018年,107351,
30301000,30301_原油及び粗油,310,10月_数量,50137,137_サウジアラビア,2020000000,2020年,4953297,
30301000,30301_原油及び粗油,310,10月_数量,50137,137_サウジアラビア,2019000000,2019年,4676541,
30301000,30301_原油及び粗油,310,10月_数量,50137,137_サウジアラビア,2018000000,2018年,5211828,
30301000,30301_原油及び粗油,310,10月_数量,50137,137_サウジアラビア,2017000000,2017年,6393188,
30301000,30301_原油及び粗油,310,10月_数量,50137,137_サウジアラビア,2016000000,2016年,5884858,
30301000,30301_原油及び粗油,310,10月_数量,50138,138_クウェート,2020000000,2020年,1012564,
30301000,30301_原油及び粗油,310,10月_数量,50138,138_クウェート,2019000000,2019年,1418160,
30301000,30301_原油及び粗油,310,10月_数量,50138,138_クウェート,2018000000,2018年,982732,
30301000,30301_原油及び粗油,310,10月_数量,50138,138_クウェート,2017000000,2017年,964481,
30301000,30301_原油及び粗油,310,10月_数量,50138,138_クウェート,2016000000,2016年,955070,
30301000,30301_原油及び粗油,310,10月_数量,50140,140_カタール,2020000000,2020年,655245,
30301000,30301_原油及び粗油,310,10月_数量,50140,140_カタール,2019000000,2019年,976466,
30301000,30301_原油及び粗油,310,10月_数量,50140,140_カタール,2018000000,2018年,1189420,
30301000,30301_原油及び粗油,310,10月_数量,50140,140_カタール,2017000000,2017年,1227007,
30301000,30301_原油及び粗油,310,10月_数量,50140,140_カタール,2016000000,2016年,1135842,
30301000,30301_原油及び粗油,310,10月_数量,50141,141_オマーン,2020000000,2020年,79435,
30301000,30301_原油及び粗油,310,10月_数量,50141,141_オマーン,2019000000,2019年,325052,
30301000,30301_原油及び粗油,310,10月_数量,50141,141_オマーン,2018000000,2018年,375565,
30301000,30301_原油及び粗油,310,10月_数量,50141,141_オマーン,2017000000,2017年,249127,
30301000,30301_原油及び粗油,310,10月_数量,50141,141_オマーン,2016000000,2016年,277344,
30301000,30301_原油及び粗油,310,10月_数量,50147,147_アラブ首長国連邦,2020000000,2020年,3683592,
30301000,30301_原油及び粗油,310,10月_数量,50147,147_アラブ首長国連邦,2019000000,2019年,4032091,
30301000,30301_原油及び粗油,310,10月_数量,50147,147_アラブ首長国連邦,2018000000,2018年,3336372,
30301000,30301_原油及び粗油,310,10月_数量,50147,147_アラブ首長国連邦,2017000000,2017年,3713375,
30301000,30301_原油及び粗油,310,10月_数量,50147,147_アラブ首長国連邦,2016000000,2016年,2808295,
30301000,30301_原油及び粗油,310,10月_数量,50149,149_イエメン,2018000000,2018年,0,
30301000,30301_原油及び粗油,310,10月_数量,50150,150_アゼルバイジャン,2020000000,2020年,0,
30301000,30301_原油及び粗油,310,10月_数量,50153,153_カザフスタン,2020000000,2020年,0,
30301000,30301_原油及び粗油,310,10月_数量,50153,153_カザフスタン,2019000000,2019年,78804,
30301000,30301_原油及び粗油,310,10月_数量,50153,153_カザフスタン,2018000000,2018年,90993,
30301000,30301_原油及び粗油,310,10月_数量,50153,153_カザフスタン,2017000000,2017年,285279,
30301000,30301_原油及び粗油,310,10月_数量,50153,153_カザフスタン,2016000000,2016年,0,
30301000,30301_原油及び粗油,310,10月_数量,50205,205_英国,2018000000,2018年,0,
30301000,30301_原油及び粗油,310,10月_数量,50205,205_英国,2017000000,2017年,0,
30301000,30301_原油及び粗油,310,10月_数量,50213,213_ドイツ,2016000000,2016年,0,
30301000,30301_原油及び粗油,310,10月_数量,50224,224_ロシア,2020000000,2020年,473108,
30301000,30301_原油及び粗油,310,10月_数量,50224,224_ロシア,2019000000,2019年,1011148,
30301000,30301_原油及び粗油,310,10月_数量,50224,224_ロシア,2018000000,2018年,644062,
30301000,30301_原油及び粗油,310,10月_数量,50224,224_ロシア,2017000000,2017年,572511,
30301000,30301_原油及び粗油,310,10月_数量,50224,224_ロシア,2016000000,2016年,626780,
30301000,30301_原油及び粗油,310,10月_数量,50302,302_カナダ,2019000000,2019年,0,
30301000,30301_原油及び粗油,310,10月_数量,50304,304_アメリカ合衆国,2020000000,2020年,247812,
30301000,30301_原油及び粗油,310,10月_数量,50304,304_アメリカ合衆国,2019000000,2019年,0,
30301000,30301_原油及び粗油,310,10月_数量,50304,304_アメリカ合衆国,2018000000,2018年,387958,
30301000,30301_原油及び粗油,310,10月_数量,50304,304_アメリカ合衆国,2017000000,2017年,55929,
30301000,30301_原油及び粗油,310,10月_数量,50304,304_アメリカ合衆国,2016000000,2016年,0,
30301000,30301_原油及び粗油,310,10月_数量,50305,305_メキシコ,2020000000,2020年,0,
30301000,30301_原油及び粗油,310,10月_数量,50305,305_メキシコ,2019000000,2019年,0,
30301000,30301_原油及び粗油,310,10月_数量,50305,305_メキシコ,2018000000,2018年,238771,
30301000,30301_原油及び粗油,310,10月_数量,50305,305_メキシコ,2017000000,2017年,347280,
30301000,30301_原油及び粗油,310,10月_数量,50305,305_メキシコ,2016000000,2016年,317069,
30301000,30301_原油及び粗油,310,10月_数量,50315,315_バハマ,2016000000,2016年,0,
30301000,30301_原油及び粗油,310,10月_数量,50326,326_蘭領アンティール,2017000000,2017年,0,
30301000,30301_原油及び粗油,310,10月_数量,50401,401_コロンビア,2019000000,2019年,0,
30301000,30301_原油及び粗油,310,10月_数量,50401,401_コロンビア,2018000000,2018年,39705,
30301000,30301_原油及び粗油,310,10月_数量,50401,401_コロンビア,2017000000,2017年,0,
30301000,30301_原油及び粗油,310,10月_数量,50401,401_コロンビア,2016000000,2016年,39899,
30301000,30301_原油及び粗油,310,10月_数量,50402,402_ベネズエラ,2017000000,2017年,0,
30301000,30301_原油及び粗油,310,10月_数量,50402,402_ベネズエラ,2016000000,2016年,0,
30301000,30301_原油及び粗油,310,10月_数量,50406,406_エクアドル,2020000000,2020年,170053,
30301000,30301_原油及び粗油,310,10月_数量,50406,406_エクアドル,2019000000,2019年,195634,
30301000,30301_原油及び粗油,310,10月_数量,50406,406_エクアドル,2018000000,2018年,226384,
30301000,30301_原油及び粗油,310,10月_数量,50406,406_エクアドル,2017000000,2017年,78779,
30301000,30301_原油及び粗油,310,10月_数量,50406,406_エクアドル,2016000000,2016年,92040,
30301000,30301_原油及び粗油,310,10月_数量,50503,503_アルジェリア,2020000000,2020年,6301,
30301000,30301_原油及び粗油,310,10月_数量,50503,503_アルジェリア,2019000000,2019年,112685,
30301000,30301_原油及び粗油,310,10月_数量,50503,503_アルジェリア,2018000000,2018年,48295,
30301000,30301_原油及び粗油,310,10月_数量,50503,503_アルジェリア,2017000000,2017年,0,
30301000,30301_原油及び粗油,310,10月_数量,50503,503_アルジェリア,2016000000,2016年,0,
30301000,30301_原油及び粗油,310,10月_数量,50505,505_リビア,2020000000,2020年,0,
30301000,30301_原油及び粗油,310,10月_数量,50507,507_スーダン,2016000000,2016年,0,
30301000,30301_原油及び粗油,310,10月_数量,50517,517_ガーナ,2017000000,2017年,0,
30301000,30301_原油及び粗油,310,10月_数量,50527,527_カメルーン,2019000000,2019年,0,
30301000,30301_原油及び粗油,310,10月_数量,50528,528_チャド,2016000000,2016年,0,
30301000,30301_原油及び粗油,310,10月_数量,50531,531_ガボン,2019000000,2019年,41986,
30301000,30301_原油及び粗油,310,10月_数量,50531,531_ガボン,2016000000,2016年,0,
30301000,30301_原油及び粗油,310,10月_数量,50535,535_アンゴラ,2019000000,2019年,0,
30301000,30301_原油及び粗油,310,10月_数量,50535,535_アンゴラ,2018000000,2018年,0,
30301000,30301_原油及び粗油,310,10月_数量,50535,535_アンゴラ,2017000000,2017年,0,
30301000,30301_原油及び粗油,310,10月_数量,50543,543_タンザニア,2018000000,2018年,0,
30301000,30301_原油及び粗油,310,10月_数量,50545,545_モザンビーク,2018000000,2018年,0,
30301000,30301_原油及び粗油,310,10月_数量,50601,601_オーストラリア,2020000000,2020年,34049,
30301000,30301_原油及び粗油,310,10月_数量,50601,601_オーストラリア,2019000000,2019年,34923,
30301000,30301_原油及び粗油,310,10月_数量,50601,601_オーストラリア,2018000000,2018年,17626,
30301000,30301_原油及び粗油,310,10月_数量,50601,601_オーストラリア,2017000000,2017年,16514,
30301000,30301_原油及び粗油,310,10月_数量,50601,601_オーストラリア,2016000000,2016年,66688,
30301000,30301_原油及び粗油,310,10月_数量,50602,602_パプアニューギニア,2016000000,2016年,0,
30301000,30301_原油及び粗油,320,10月_金額,50103,103_大韓民国,2017000000,2017年,0,千円
30301000,30301_原油及び粗油,320,10月_金額,50106,106_台湾,2018000000,2018年,0,千円
30301000,30301_原油及び粗油,320,10月_金額,50110,110_ベトナム,2020000000,2020年,0,千円
30301000,30301_原油及び粗油,320,10月_金額,50110,110_ベトナム,2019000000,2019年,2223244,千円
30301000,30301_原油及び粗油,320,10月_金額,50110,110_ベトナム,2018000000,2018年,0,千円
30301000,30301_原油及び粗油,320,10月_金額,50110,110_ベトナム,2017000000,2017年,1901695,千円
30301000,30301_原油及び粗油,320,10月_金額,50110,110_ベトナム,2016000000,2016年,2394428,千円
30301000,30301_原油及び粗油,320,10月_金額,50111,111_タイ,2020000000,2020年,0,千円
30301000,30301_原油及び粗油,320,10月_金額,50112,112_シンガポール,2020000000,2020年,340625,千円
30301000,30301_原油及び粗油,320,10月_金額,50112,112_シンガポール,2019000000,2019年,0,千円
30301000,30301_原油及び粗油,320,10月_金額,50113,113_マレーシア,2020000000,2020年,2802562,千円
30301000,30301_原油及び粗油,320,10月_金額,50113,113_マレーシア,2019000000,2019年,2366085,千円
30301000,30301_原油及び粗油,320,10月_金額,50113,113_マレーシア,2018000000,2018年,3917342,千円
30301000,30301_原油及び粗油,320,10月_金額,50113,113_マレーシア,2017000000,2017年,0,千円
30301000,30301_原油及び粗油,320,10月_金額,50113,113_マレーシア,2016000000,2016年,4712777,千円
30301000,30301_原油及び粗油,320,10月_金額,50116,116_ブルネイ,2020000000,2020年,1403548,千円
30301000,30301_原油及び粗油,320,10月_金額,50116,116_ブルネイ,2019000000,2019年,0,千円
30301000,30301_原油及び粗油,320,10月_金額,50116,116_ブルネイ,2018000000,2018年,0,千円
30301000,30301_原油及び粗油,320,10月_金額,50116,116_ブルネイ,2017000000,2017年,1915080,千円
30301000,30301_原油及び粗油,320,10月_金額,50116,116_ブルネイ,2016000000,2016年,0,千円
30301000,30301_原油及び粗油,320,10月_金額,50118,118_インドネシア,2019000000,2019年,0,千円
30301000,30301_原油及び粗油,320,10月_金額,50118,118_インドネシア,2018000000,2018年,7672836,千円
30301000,30301_原油及び粗油,320,10月_金額,50118,118_インドネシア,2017000000,2017年,3415133,千円
30301000,30301_原油及び粗油,320,10月_金額,50118,118_インドネシア,2016000000,2016年,15380799,千円
30301000,30301_原油及び粗油,320,10月_金額,50133,133_イラン,2019000000,2019年,0,千円
30301000,30301_原油及び粗油,320,10月_金額,50133,133_イラン,2018000000,2018年,30035955,千円
30301000,30301_原油及び粗油,320,10月_金額,50133,133_イラン,2017000000,2017年,26789042,千円
30301000,30301_原油及び粗油,320,10月_金額,50133,133_イラン,2016000000,2016年,22176793,千円
30301000,30301_原油及び粗油,320,10月_金額,50134,134_イラク,2020000000,2020年,0,千円
30301000,30301_原油及び粗油,320,10月_金額,50134,134_イラク,2019000000,2019年,12841661,千円
30301000,30301_原油及び粗油,320,10月_金額,50134,134_イラク,2018000000,2018年,0,千円
30301000,30301_原油及び粗油,320,10月_金額,50134,134_イラク,2017000000,2017年,0,千円
30301000,30301_原油及び粗油,320,10月_金額,50134,134_イラク,2016000000,2016年,0,千円
30301000,30301_原油及び粗油,320,10月_金額,50135,135_バーレーン,2020000000,2020年,2292907,千円
30301000,30301_原油及び粗油,320,10月_金額,50135,135_バーレーン,2019000000,2019年,6898000,千円
30301000,30301_原油及び粗油,320,10月_金額,50135,135_バーレーン,2018000000,2018年,6022900,千円
30301000,30301_原油及び粗油,320,10月_金額,50137,137_サウジアラビア,2020000000,2020年,147492282,千円
30301000,30301_原油及び粗油,320,10月_金額,50137,137_サウジアラビア,2019000000,2019年,205161143,千円
30301000,30301_原油及び粗油,320,10月_金額,50137,137_サウジアラビア,2018000000,2018年,294767864,千円
30301000,30301_原油及び粗油,320,10月_金額,50137,137_サウジアラビア,2017000000,2017年,247068807,千円
30301000,30301_原油及び粗油,320,10月_金額,50137,137_サウジアラビア,2016000000,2016年,168236942,千円
30301000,30301_原油及び粗油,320,10月_金額,50138,138_クウェート,2020000000,2020年,29627535,千円
30301000,30301_原油及び粗油,320,10月_金額,50138,138_クウェート,2019000000,2019年,61758804,千円
30301000,30301_原油及び粗油,320,10月_金額,50138,138_クウェート,2018000000,2018年,55103107,千円
30301000,30301_原油及び粗油,320,10月_金額,50138,138_クウェート,2017000000,2017年,36702364,千円
30301000,30301_原油及び粗油,320,10月_金額,50138,138_クウェート,2016000000,2016年,26395228,千円
30301000,30301_原油及び粗油,320,10月_金額,50140,140_カタール,2020000000,2020年,19474839,千円
30301000,30301_原油及び粗油,320,10月_金額,50140,140_カタール,2019000000,2019年,42456738,千円
30301000,30301_原油及び粗油,320,10月_金額,50140,140_カタール,2018000000,2018年,66646012,千円
30301000,30301_原油及び粗油,320,10月_金額,50140,140_カタール,2017000000,2017年,47416163,千円
30301000,30301_原油及び粗油,320,10月_金額,50140,140_カタール,2016000000,2016年,34275163,千円
30301000,30301_原油及び粗油,320,10月_金額,50141,141_オマーン,2020000000,2020年,2356384,千円
30301000,30301_原油及び粗油,320,10月_金額,50141,141_オマーン,2019000000,2019年,14144494,千円
30301000,30301_原油及び粗油,320,10月_金額,50141,141_オマーン,2018000000,2018年,20715915,千円
30301000,30301_原油及び粗油,320,10月_金額,50141,141_オマーン,2017000000,2017年,9632215,千円
30301000,30301_原油及び粗油,320,10月_金額,50141,141_オマーン,2016000000,2016年,8090613,千円
30301000,30301_原油及び粗油,320,10月_金額,50147,147_アラブ首長国連邦,2020000000,2020年,108057888,千円
30301000,30301_原油及び粗油,320,10月_金額,50147,147_アラブ首長国連邦,2019000000,2019年,180863772,千円
30301000,30301_原油及び粗油,320,10月_金額,50147,147_アラブ首長国連邦,2018000000,2018年,190089922,千円
30301000,30301_原油及び粗油,320,10月_金額,50147,147_アラブ首長国連邦,2017000000,2017年,147446373,千円
30301000,30301_原油及び粗油,320,10月_金額,50147,147_アラブ首長国連邦,2016000000,2016年,84812997,千円
30301000,30301_原油及び粗油,320,10月_金額,50149,149_イエメン,2018000000,2018年,0,千円
30301000,30301_原油及び粗油,320,10月_金額,50150,150_アゼルバイジャン,2020000000,2020年,0,千円
30301000,30301_原油及び粗油,320,10月_金額,50153,153_カザフスタン,2020000000,2020年,0,千円
30301000,30301_原油及び粗油,320,10月_金額,50153,153_カザフスタン,2019000000,2019年,3491028,千円
30301000,30301_原油及び粗油,320,10月_金額,50153,153_カザフスタン,2018000000,2018年,5004608,千円
30301000,30301_原油及び粗油,320,10月_金額,50153,153_カザフスタン,2017000000,2017年,10659953,千円
30301000,30301_原油及び粗油,320,10月_金額,50153,153_カザフスタン,2016000000,2016年,0,千円
30301000,30301_原油及び粗油,320,10月_金額,50205,205_英国,2018000000,2018年,0,千円
30301000,30301_原油及び粗油,320,10月_金額,50205,205_英国,2017000000,2017年,0,千円
30301000,30301_原油及び粗油,320,10月_金額,50213,213_ドイツ,2016000000,2016年,0,千円
30301000,30301_原油及び粗油,320,10月_金額,50224,224_ロシア,2020000000,2020年,13881353,千円
30301000,30301_原油及び粗油,320,10月_金額,50224,224_ロシア,2019000000,2019年,44902663,千円
30301000,30301_原油及び粗油,320,10月_金額,50224,224_ロシア,2018000000,2018年,36928773,千円
30301000,30301_原油及び粗油,320,10月_金額,50224,224_ロシア,2017000000,2017年,22917495,千円
30301000,30301_原油及び粗油,320,10月_金額,50224,224_ロシア,2016000000,2016年,19267191,千円
30301000,30301_原油及び粗油,320,10月_金額,50302,302_カナダ,2019000000,2019年,0,千円
30301000,30301_原油及び粗油,320,10月_金額,50304,304_アメリカ合衆国,2020000000,2020年,7236223,千円
30301000,30301_原油及び粗油,320,10月_金額,50304,304_アメリカ合衆国,2019000000,2019年,0,千円
30301000,30301_原油及び粗油,320,10月_金額,50304,304_アメリカ合衆国,2018000000,2018年,21582716,千円
30301000,30301_原油及び粗油,320,10月_金額,50304,304_アメリカ合衆国,2017000000,2017年,1991558,千円
30301000,30301_原油及び粗油,320,10月_金額,50304,304_アメリカ合衆国,2016000000,2016年,0,千円
30301000,30301_原油及び粗油,320,10月_金額,50305,305_メキシコ,2020000000,2020年,0,千円
30301000,30301_原油及び粗油,320,10月_金額,50305,305_メキシコ,2019000000,2019年,0,千円
30301000,30301_原油及び粗油,320,10月_金額,50305,305_メキシコ,2018000000,2018年,11774394,千円
30301000,30301_原油及び粗油,320,10月_金額,50305,305_メキシコ,2017000000,2017年,12008966,千円
30301000,30301_原油及び粗油,320,10月_金額,50305,305_メキシコ,2016000000,2016年,8586313,千円
30301000,30301_原油及び粗油,320,10月_金額,50315,315_バハマ,2016000000,2016年,0,千円
30301000,30301_原油及び粗油,320,10月_金額,50326,326_蘭領アンティール,2017000000,2017年,0,千円
30301000,30301_原油及び粗油,320,10月_金額,50401,401_コロンビア,2019000000,2019年,0,千円
30301000,30301_原油及び粗油,320,10月_金額,50401,401_コロンビア,2018000000,2018年,2188895,千円
30301000,30301_原油及び粗油,320,10月_金額,50401,401_コロンビア,2017000000,2017年,0,千円
30301000,30301_原油及び粗油,320,10月_金額,50401,401_コロンビア,2016000000,2016年,1084373,千円
30301000,30301_原油及び粗油,320,10月_金額,50402,402_ベネズエラ,2017000000,2017年,0,千円
30301000,30301_原油及び粗油,320,10月_金額,50402,402_ベネズエラ,2016000000,2016年,0,千円
30301000,30301_原油及び粗油,320,10月_金額,50406,406_エクアドル,2020000000,2020年,4765315,千円
30301000,30301_原油及び粗油,320,10月_金額,50406,406_エクアドル,2019000000,2019年,8188201,千円
30301000,30301_原油及び粗油,320,10月_金額,50406,406_エクアドル,2018000000,2018年,11219149,千円
30301000,30301_原油及び粗油,320,10月_金額,50406,406_エクアドル,2017000000,2017年,2991415,千円
30301000,30301_原油及び粗油,320,10月_金額,50406,406_エクアドル,2016000000,2016年,2324031,千円
30301000,30301_原油及び粗油,320,10月_金額,50503,503_アルジェリア,2020000000,2020年,188911,千円
30301000,30301_原油及び粗油,320,10月_金額,50503,503_アルジェリア,2019000000,2019年,5150263,千円
30301000,30301_原油及び粗油,320,10月_金額,50503,503_アルジェリア,2018000000,2018年,2631701,千円
30301000,30301_原油及び粗油,320,10月_金額,50503,503_アルジェリア,2017000000,2017年,0,千円
30301000,30301_原油及び粗油,320,10月_金額,50503,503_アルジェリア,2016000000,2016年,0,千円
30301000,30301_原油及び粗油,320,10月_金額,50505,505_リビア,2020000000,2020年,0,千円
30301000,30301_原油及び粗油,320,10月_金額,50507,507_スーダン,2016000000,2016年,0,千円
30301000,30301_原油及び粗油,320,10月_金額,50517,517_ガーナ,2017000000,2017年,0,千円
30301000,30301_原油及び粗油,320,10月_金額,50527,527_カメルーン,2019000000,2019年,0,千円
30301000,30301_原油及び粗油,320,10月_金額,50528,528_チャド,2016000000,2016年,0,千円
30301000,30301_原油及び粗油,320,10月_金額,50531,531_ガボン,2019000000,2019年,1949294,千円
30301000,30301_原油及び粗油,320,10月_金額,50531,531_ガボン,2016000000,2016年,0,千円
30301000,30301_原油及び粗油,320,10月_金額,50535,535_アンゴラ,2019000000,2019年,0,千円
30301000,30301_原油及び粗油,320,10月_金額,50535,535_アンゴラ,2018000000,2018年,0,千円
30301000,30301_原油及び粗油,320,10月_金額,50535,535_アンゴラ,2017000000,2017年,0,千円
30301000,30301_原油及び粗油,320,10月_金額,50543,543_タンザニア,2018000000,2018年,0,千円
30301000,30301_原油及び粗油,320,10月_金額,50545,545_モザンビーク,2018000000,2018年,0,千円
30301000,30301_原油及び粗油,320,10月_金額,50601,601_オーストラリア,2020000000,2020年,1225708,千円
30301000,30301_原油及び粗油,320,10月_金額,50601,601_オーストラリア,2019000000,2019年,1775757,千円
30301000,30301_原油及び粗油,320,10月_金額,50601,601_オーストラリア,2018000000,2018年,1140169,千円
30301000,30301_原油及び粗油,320,10月_金額,50601,601_オーストラリア,2017000000,2017年,737617,千円
30301000,30301_原油及び粗油,320,10月_金額,50601,601_オーストラリア,2016000000,2016年,2320782,千円
30301000,30301_原油及び粗油,320,10月_金額,50602,602_パプアニューギニア,2016000000,2016年,0,千円
30301000,30301_原油及び粗油,330,11月_数量,50103,103_大韓民国,2017000000,2017年,228,
30301000,30301_原油及び粗油,330,11月_数量,50106,106_台湾,2018000000,2018年,0,
30301000,30301_原油及び粗油,330,11月_数量,50110,110_ベトナム,2020000000,2020年,97477,
30301000,30301_原油及び粗油,330,11月_数量,50110,110_ベトナム,2019000000,2019年,0,
30301000,30301_原油及び粗油,330,11月_数量,50110,110_ベトナム,2018000000,2018年,0,
30301000,30301_原油及び粗油,330,11月_数量,50110,110_ベトナム,2017000000,2017年,49596,
30301000,30301_原油及び粗油,330,11月_数量,50110,110_ベトナム,2016000000,2016年,45100,
30301000,30301_原油及び粗油,330,11月_数量,50111,111_タイ,2020000000,2020年,0,
30301000,30301_原油及び粗油,330,11月_数量,50112,112_シンガポール,2020000000,2020年,4068,
30301000,30301_原油及び粗油,330,11月_数量,50112,112_シンガポール,2019000000,2019年,5691,
30301000,30301_原油及び粗油,330,11月_数量,50113,113_マレーシア,2020000000,2020年,45606,
30301000,30301_原油及び粗油,330,11月_数量,50113,113_マレーシア,2019000000,2019年,26325,
30301000,30301_原油及び粗油,330,11月_数量,50113,113_マレーシア,2018000000,2018年,34954,
30301000,30301_原油及び粗油,330,11月_数量,50113,113_マレーシア,2017000000,2017年,118423,
30301000,30301_原油及び粗油,330,11月_数量,50113,113_マレーシア,2016000000,2016年,61602,
30301000,30301_原油及び粗油,330,11月_数量,50116,116_ブルネイ,2020000000,2020年,0,
30301000,30301_原油及び粗油,330,11月_数量,50116,116_ブルネイ,2019000000,2019年,47878,
30301000,30301_原油及び粗油,330,11月_数量,50116,116_ブルネイ,2018000000,2018年,45922,
30301000,30301_原油及び粗油,330,11月_数量,50116,116_ブルネイ,2017000000,2017年,0,
30301000,30301_原油及び粗油,330,11月_数量,50116,116_ブルネイ,2016000000,2016年,0,
30301000,30301_原油及び粗油,330,11月_数量,50118,118_インドネシア,2019000000,2019年,0,
30301000,30301_原油及び粗油,330,11月_数量,50118,118_インドネシア,2018000000,2018年,101080,
30301000,30301_原油及び粗油,330,11月_数量,50118,118_インドネシア,2017000000,2017年,59714,
30301000,30301_原油及び粗油,330,11月_数量,50118,118_インドネシア,2016000000,2016年,250627,
30301000,30301_原油及び粗油,330,11月_数量,50133,133_イラン,2019000000,2019年,0,
30301000,30301_原油及び粗油,330,11月_数量,50133,133_イラン,2018000000,2018年,0,
30301000,30301_原油及び粗油,330,11月_数量,50133,133_イラン,2017000000,2017年,1111072,
30301000,30301_原油及び粗油,330,11月_数量,50133,133_イラン,2016000000,2016年,1215088,
30301000,30301_原油及び粗油,330,11月_数量,50134,134_イラク,2020000000,2020年,0,
30301000,30301_原油及び粗油,330,11月_数量,50134,134_イラク,2019000000,2019年,152834,
30301000,30301_原油及び粗油,330,11月_数量,50134,134_イラク,2018000000,2018年,0,
30301000,30301_原油及び粗油,330,11月_数量,50134,134_イラク,2017000000,2017年,310658,
30301000,30301_原油及び粗油,330,11月_数量,50134,134_イラク,2016000000,2016年,324596,
30301000,30301_原油及び粗油,330,11月_数量,50135,135_バーレーン,2020000000,2020年,0,
30301000,30301_原油及び粗油,330,11月_数量,50135,135_バーレーン,2019000000,2019年,158180,
30301000,30301_原油及び粗油,330,11月_数量,50135,135_バーレーン,2018000000,2018年,123847,
30301000,30301_原油及び粗油,330,11月_数量,50137,137_サウジアラビア,2020000000,2020年,5017833,
30301000,30301_原油及び粗油,330,11月_数量,50137,137_サウジアラビア,2019000000,2019年,4728345,
30301000,30301_原油及び粗油,330,11月_数量,50137,137_サウジアラビア,2018000000,2018年,6597177,
30301000,30301_原油及び粗油,330,11月_数量,50137,137_サウジアラビア,2017000000,2017年,6164163,
30301000,30301_原油及び粗油,330,11月_数量,50137,137_サウジアラビア,2016000000,2016年,5878172,
30301000,30301_原油及び粗油,330,11月_数量,50138,138_クウェート,2020000000,2020年,1014541,
30301000,30301_原油及び粗油,330,11月_数量,50138,138_クウェート,2019000000,2019年,1064746,
30301000,30301_原油及び粗油,330,11月_数量,50138,138_クウェート,2018000000,2018年,1218481,
30301000,30301_原油及び粗油,330,11月_数量,50138,138_クウェート,2017000000,2017年,961064,
30301000,30301_原油及び粗油,330,11月_数量,50138,138_クウェート,2016000000,2016年,980459,
30301000,30301_原油及び粗油,330,11月_数量,50140,140_カタール,2020000000,2020年,1028428,
30301000,30301_原油及び粗油,330,11月_数量,50140,140_カタール,2019000000,2019年,1004458,
30301000,30301_原油及び粗油,330,11月_数量,50140,140_カタール,2018000000,2018年,1189308,
30301000,30301_原油及び粗油,330,11月_数量,50140,140_カタール,2017000000,2017年,1181440,
30301000,30301_原油及び粗油,330,11月_数量,50140,140_カタール,2016000000,2016年,1030690,
30301000,30301_原油及び粗油,330,11月_数量,50141,141_オマーン,2020000000,2020年,79190,
30301000,30301_原油及び粗油,330,11月_数量,50141,141_オマーン,2019000000,2019年,236852,
30301000,30301_原油及び粗油,330,11月_数量,50141,141_オマーン,2018000000,2018年,336998,
30301000,30301_原油及び粗油,330,11月_数量,50141,141_オマーン,2017000000,2017年,158165,
30301000,30301_原油及び粗油,330,11月_数量,50141,141_オマーン,2016000000,2016年,192343,
30301000,30301_原油及び粗油,330,11月_数量,50147,147_アラブ首長国連邦,2020000000,2020年,2590727,
30301000,30301_原油及び粗油,330,11月_数量,50147,147_アラブ首長国連邦,2019000000,2019年,5252050,
30301000,30301_原油及び粗油,330,11月_数量,50147,147_アラブ首長国連邦,2018000000,2018年,3941492,
30301000,30301_原油及び粗油,330,11月_数量,50147,147_アラブ首長国連邦,2017000000,2017年,3522014,
30301000,30301_原油及び粗油,330,11月_数量,50147,147_アラブ首長国連邦,2016000000,2016年,3721791,
30301000,30301_原油及び粗油,330,11月_数量,50149,149_イエメン,2018000000,2018年,0,
30301000,30301_原油及び粗油,330,11月_数量,50150,150_アゼルバイジャン,2020000000,2020年,0,
30301000,30301_原油及び粗油,330,11月_数量,50153,153_カザフスタン,2020000000,2020年,0,
30301000,30301_原油及び粗油,330,11月_数量,50153,153_カザフスタン,2019000000,2019年,71581,
30301000,30301_原油及び粗油,330,11月_数量,50153,153_カザフスタン,2018000000,2018年,303020,
30301000,30301_原油及び粗油,330,11月_数量,50153,153_カザフスタン,2017000000,2017年,96274,
30301000,30301_原油及び粗油,330,11月_数量,50153,153_カザフスタン,2016000000,2016年,0,
30301000,30301_原油及び粗油,330,11月_数量,50205,205_英国,2018000000,2018年,0,
30301000,30301_原油及び粗油,330,11月_数量,50205,205_英国,2017000000,2017年,96599,
30301000,30301_原油及び粗油,330,11月_数量,50213,213_ドイツ,2016000000,2016年,0,
30301000,30301_原油及び粗油,330,11月_数量,50224,224_ロシア,2020000000,2020年,486414,
30301000,30301_原油及び粗油,330,11月_数量,50224,224_ロシア,2019000000,2019年,936427,
30301000,30301_原油及び粗油,330,11月_数量,50224,224_ロシア,2018000000,2018年,937081,
30301000,30301_原油及び粗油,330,11月_数量,50224,224_ロシア,2017000000,2017年,634887,
30301000,30301_原油及び粗油,330,11月_数量,50224,224_ロシア,2016000000,2016年,700644,
30301000,30301_原油及び粗油,330,11月_数量,50302,302_カナダ,2019000000,2019年,47092,
30301000,30301_原油及び粗油,330,11月_数量,50304,304_アメリカ合衆国,2020000000,2020年,598807,
30301000,30301_原油及び粗油,330,11月_数量,50304,304_アメリカ合衆国,2019000000,2019年,312504,
30301000,30301_原油及び粗油,330,11月_数量,50304,304_アメリカ合衆国,2018000000,2018年,158242,
30301000,30301_原油及び粗油,330,11月_数量,50304,304_アメリカ合衆国,2017000000,2017年,268241,
30301000,30301_原油及び粗油,330,11月_数量,50304,304_アメリカ合衆国,2016000000,2016年,0,
30301000,30301_原油及び粗油,330,11月_数量,50305,305_メキシコ,2020000000,2020年,0,
30301000,30301_原油及び粗油,330,11月_数量,50305,305_メキシコ,2019000000,2019年,0,
30301000,30301_原油及び粗油,330,11月_数量,50305,305_メキシコ,2018000000,2018年,79272,
30301000,30301_原油及び粗油,330,11月_数量,50305,305_メキシコ,2017000000,2017年,401389,
30301000,30301_原油及び粗油,330,11月_数量,50305,305_メキシコ,2016000000,2016年,793362,
30301000,30301_原油及び粗油,330,11月_数量,50315,315_バハマ,2016000000,2016年,0,
30301000,30301_原油及び粗油,330,11月_数量,50326,326_蘭領アンティール,2017000000,2017年,0,
30301000,30301_原油及び粗油,330,11月_数量,50401,401_コロンビア,2019000000,2019年,0,
30301000,30301_原油及び粗油,330,11月_数量,50401,401_コロンビア,2018000000,2018年,0,
30301000,30301_原油及び粗油,330,11月_数量,50401,401_コロンビア,2017000000,2017年,0,
30301000,30301_原油及び粗油,330,11月_数量,50401,401_コロンビア,2016000000,2016年,0,
30301000,30301_原油及び粗油,330,11月_数量,50402,402_ベネズエラ,2017000000,2017年,0,
30301000,30301_原油及び粗油,330,11月_数量,50402,402_ベネズエラ,2016000000,2016年,0,
30301000,30301_原油及び粗油,330,11月_数量,50406,406_エクアドル,2020000000,2020年,289619,
30301000,30301_原油及び粗油,330,11月_数量,50406,406_エクアドル,2019000000,2019年,0,
30301000,30301_原油及び粗油,330,11月_数量,50406,406_エクアドル,2018000000,2018年,283548,
30301000,30301_原油及び粗油,330,11月_数量,50406,406_エクアドル,2017000000,2017年,139565,
30301000,30301_原油及び粗油,330,11月_数量,50406,406_エクアドル,2016000000,2016年,0,
30301000,30301_原油及び粗油,330,11月_数量,50503,503_アルジェリア,2020000000,2020年,30640,
30301000,30301_原油及び粗油,330,11月_数量,50503,503_アルジェリア,2019000000,2019年,99711,
30301000,30301_原油及び粗油,330,11月_数量,50503,503_アルジェリア,2018000000,2018年,49472,
30301000,30301_原油及び粗油,330,11月_数量,50503,503_アルジェリア,2017000000,2017年,0,
30301000,30301_原油及び粗油,330,11月_数量,50503,503_アルジェリア,2016000000,2016年,0,
30301000,30301_原油及び粗油,330,11月_数量,50505,505_リビア,2020000000,2020年,0,
30301000,30301_原油及び粗油,330,11月_数量,50507,507_スーダン,2016000000,2016年,0,
30301000,30301_原油及び粗油,330,11月_数量,50517,517_ガーナ,2017000000,2017年,0,
30301000,30301_原油及び粗油,330,11月_数量,50527,527_カメルーン,2019000000,2019年,0,
30301000,30301_原油及び粗油,330,11月_数量,50528,528_チャド,2016000000,2016年,0,
30301000,30301_原油及び粗油,330,11月_数量,50531,531_ガボン,2019000000,2019年,0,
30301000,30301_原油及び粗油,330,11月_数量,50531,531_ガボン,2016000000,2016年,0,
30301000,30301_原油及び粗油,330,11月_数量,50535,535_アンゴラ,2019000000,2019年,0,
30301000,30301_原油及び粗油,330,11月_数量,50535,535_アンゴラ,2018000000,2018年,283095,
30301000,30301_原油及び粗油,330,11月_数量,50535,535_アンゴラ,2017000000,2017年,103377,
30301000,30301_原油及び粗油,330,11月_数量,50543,543_タンザニア,2018000000,2018年,0,
30301000,30301_原油及び粗油,330,11月_数量,50545,545_モザンビーク,2018000000,2018年,0,
30301000,30301_原油及び粗油,330,11月_数量,50601,601_オーストラリア,2020000000,2020年,0,
30301000,30301_原油及び粗油,330,11月_数量,50601,601_オーストラリア,2019000000,2019年,55574,
30301000,30301_原油及び粗油,330,11月_数量,50601,601_オーストラリア,2018000000,2018年,60980,
30301000,30301_原油及び粗油,330,11月_数量,50601,601_オーストラリア,2017000000,2017年,23550,
30301000,30301_原油及び粗油,330,11月_数量,50601,601_オーストラリア,2016000000,2016年,45807,
30301000,30301_原油及び粗油,330,11月_数量,50602,602_パプアニューギニア,2016000000,2016年,0,
30301000,30301_原油及び粗油,340,11月_金額,50103,103_大韓民国,2017000000,2017年,28473,千円
30301000,30301_原油及び粗油,340,11月_金額,50106,106_台湾,2018000000,2018年,0,千円
30301000,30301_原油及び粗油,340,11月_金額,50110,110_ベトナム,2020000000,2020年,3180340,千円
30301000,30301_原油及び粗油,340,11月_金額,50110,110_ベトナム,2019000000,2019年,0,千円
30301000,30301_原油及び粗油,340,11月_金額,50110,110_ベトナム,2018000000,2018年,0,千円
30301000,30301_原油及び粗油,340,11月_金額,50110,110_ベトナム,2017000000,2017年,2246894,千円
30301000,30301_原油及び粗油,340,11月_金額,50110,110_ベトナム,2016000000,2016年,1658560,千円
30301000,30301_原油及び粗油,340,11月_金額,50111,111_タイ,2020000000,2020年,0,千円
30301000,30301_原油及び粗油,340,11月_金額,50112,112_シンガポール,2020000000,2020年,160681,千円
30301000,30301_原油及び粗油,340,11月_金額,50112,112_シンガポール,2019000000,2019年,291385,千円
30301000,30301_原油及び粗油,340,11月_金額,50113,113_マレーシア,2020000000,2020年,1261131,千円
30301000,30301_原油及び粗油,340,11月_金額,50113,113_マレーシア,2019000000,2019年,1228115,千円
30301000,30301_原油及び粗油,340,11月_金額,50113,113_マレーシア,2018000000,2018年,2173499,千円
30301000,30301_原油及び粗油,340,11月_金額,50113,113_マレーシア,2017000000,2017年,5265441,千円
30301000,30301_原油及び粗油,340,11月_金額,50113,113_マレーシア,2016000000,2016年,2113997,千円
30301000,30301_原油及び粗油,340,11月_金額,50116,116_ブルネイ,2020000000,2020年,0,千円
30301000,30301_原油及び粗油,340,11月_金額,50116,116_ブルネイ,2019000000,2019年,2177262,千円
30301000,30301_原油及び粗油,340,11月_金額,50116,116_ブルネイ,2018000000,2018年,2823095,千円
30301000,30301_原油及び粗油,340,11月_金額,50116,116_ブルネイ,2017000000,2017年,0,千円
30301000,30301_原油及び粗油,340,11月_金額,50116,116_ブルネイ,2016000000,2016年,0,千円
30301000,30301_原油及び粗油,340,11月_金額,50118,118_インドネシア,2019000000,2019年,0,千円
30301000,30301_原油及び粗油,340,11月_金額,50118,118_インドネシア,2018000000,2018年,6208257,千円
30301000,30301_原油及び粗油,340,11月_金額,50118,118_インドネシア,2017000000,2017年,2289179,千円
30301000,30301_原油及び粗油,340,11月_金額,50118,118_インドネシア,2016000000,2016年,8109332,千円
30301000,30301_原油及び粗油,340,11月_金額,50133,133_イラン,2019000000,2019年,0,千円
30301000,30301_原油及び粗油,340,11月_金額,50133,133_イラン,2018000000,2018年,0,千円
30301000,30301_原油及び粗油,340,11月_金額,50133,133_イラン,2017000000,2017年,44888291,千円
30301000,30301_原油及び粗油,340,11月_金額,50133,133_イラン,2016000000,2016年,36462191,千円
30301000,30301_原油及び粗油,340,11月_金額,50134,134_イラク,2020000000,2020年,0,千円
30301000,30301_原油及び粗油,340,11月_金額,50134,134_イラク,2019000000,2019年,6183330,千円
30301000,30301_原油及び粗油,340,11月_金額,50134,134_イラク,2018000000,2018年,0,千円
30301000,30301_原油及び粗油,340,11月_金額,50134,134_イラク,2017000000,2017年,12204308,千円
30301000,30301_原油及び粗油,340,11月_金額,50134,134_イラク,2016000000,2016年,10471626,千円
30301000,30301_原油及び粗油,340,11月_金額,50135,135_バーレーン,2020000000,2020年,0,千円
30301000,30301_原油及び粗油,340,11月_金額,50135,135_バーレーン,2019000000,2019年,6869384,千円
30301000,30301_原油及び粗油,340,11月_金額,50135,135_バーレーン,2018000000,2018年,7119486,千円
30301000,30301_原油及び粗油,340,11月_金額,50137,137_サウジアラビア,2020000000,2020年,140993513,千円
30301000,30301_原油及び粗油,340,11月_金額,50137,137_サウジアラビア,2019000000,2019年,208485495,千円
30301000,30301_原油及び粗油,340,11月_金額,50137,137_サウジアラビア,2018000000,2018年,384691511,千円
30301000,30301_原油及び粗油,340,11月_金額,50137,137_サウジアラビア,2017000000,2017年,253873563,千円
30301000,30301_原油及び粗油,340,11月_金額,50137,137_サウジアラビア,2016000000,2016年,193692766,千円
30301000,30301_原油及び粗油,340,11月_金額,50138,138_クウェート,2020000000,2020年,28452864,千円
30301000,30301_原油及び粗油,340,11月_金額,50138,138_クウェート,2019000000,2019年,46275313,千円
30301000,30301_原油及び粗油,340,11月_金額,50138,138_クウェート,2018000000,2018年,70479124,千円
30301000,30301_原油及び粗油,340,11月_金額,50138,138_クウェート,2017000000,2017年,38616179,千円
30301000,30301_原油及び粗油,340,11月_金額,50138,138_クウェート,2016000000,2016年,30628606,千円
30301000,30301_原油及び粗油,340,11月_金額,50140,140_カタール,2020000000,2020年,28117407,千円
30301000,30301_原油及び粗油,340,11月_金額,50140,140_カタール,2019000000,2019年,44093007,千円
30301000,30301_原油及び粗油,340,11月_金額,50140,140_カタール,2018000000,2018年,69626544,千円
30301000,30301_原油及び粗油,340,11月_金額,50140,140_カタール,2017000000,2017年,49372853,千円
30301000,30301_原油及び粗油,340,11月_金額,50140,140_カタール,2016000000,2016年,34562306,千円
30301000,30301_原油及び粗油,340,11月_金額,50141,141_オマーン,2020000000,2020年,2218690,千円
30301000,30301_原油及び粗油,340,11月_金額,50141,141_オマーン,2019000000,2019年,10350767,千円
30301000,30301_原油及び粗油,340,11月_金額,50141,141_オマーン,2018000000,2018年,18694078,千円
30301000,30301_原油及び粗油,340,11月_金額,50141,141_オマーン,2017000000,2017年,6325919,千円
30301000,30301_原油及び粗油,340,11月_金額,50141,141_オマーン,2016000000,2016年,5686542,千円
30301000,30301_原油及び粗油,340,11月_金額,50147,147_アラブ首長国連邦,2020000000,2020年,71998396,千円
30301000,30301_原油及び粗油,340,11月_金額,50147,147_アラブ首長国連邦,2019000000,2019年,236657743,千円
30301000,30301_原油及び粗油,340,11月_金額,50147,147_アラブ首長国連邦,2018000000,2018年,230889517,千円
30301000,30301_原油及び粗油,340,11月_金額,50147,147_アラブ首長国連邦,2017000000,2017年,149968876,千円
30301000,30301_原油及び粗油,340,11月_金額,50147,147_アラブ首長国連邦,2016000000,2016年,123369343,千円
30301000,30301_原油及び粗油,340,11月_金額,50149,149_イエメン,2018000000,2018年,0,千円
30301000,30301_原油及び粗油,340,11月_金額,50150,150_アゼルバイジャン,2020000000,2020年,0,千円
30301000,30301_原油及び粗油,340,11月_金額,50153,153_カザフスタン,2020000000,2020年,0,千円
30301000,30301_原油及び粗油,340,11月_金額,50153,153_カザフスタン,2019000000,2019年,3143173,千円
30301000,30301_原油及び粗油,340,11月_金額,50153,153_カザフスタン,2018000000,2018年,17236289,千円
30301000,30301_原油及び粗油,340,11月_金額,50153,153_カザフスタン,2017000000,2017年,3838044,千円
30301000,30301_原油及び粗油,340,11月_金額,50153,153_カザフスタン,2016000000,2016年,0,千円
30301000,30301_原油及び粗油,340,11月_金額,50205,205_英国,2018000000,2018年,0,千円
30301000,30301_原油及び粗油,340,11月_金額,50205,205_英国,2017000000,2017年,4165678,千円
30301000,30301_原油及び粗油,340,11月_金額,50213,213_ドイツ,2016000000,2016年,0,千円
30301000,30301_原油及び粗油,340,11月_金額,50224,224_ロシア,2020000000,2020年,13427785,千円
30301000,30301_原油及び粗油,340,11月_金額,50224,224_ロシア,2019000000,2019年,42385087,千円
30301000,30301_原油及び粗油,340,11月_金額,50224,224_ロシア,2018000000,2018年,53450022,千円
30301000,30301_原油及び粗油,340,11月_金額,50224,224_ロシア,2017000000,2017年,27230414,千円
30301000,30301_原油及び粗油,340,11月_金額,50224,224_ロシア,2016000000,2016年,23339984,千円
30301000,30301_原油及び粗油,340,11月_金額,50302,302_カナダ,2019000000,2019年,1920614,千円
30301000,30301_原油及び粗油,340,11月_金額,50304,304_アメリカ合衆国,2020000000,2020年,15844077,千円
30301000,30301_原油及び粗油,340,11月_金額,50304,304_アメリカ合衆国,2019000000,2019年,13854552,千円
30301000,30301_原油及び粗油,340,11月_金額,50304,304_アメリカ合衆国,2018000000,2018年,8852409,千円
30301000,30301_原油及び粗油,340,11月_金額,50304,304_アメリカ合衆国,2017000000,2017年,10991159,千円
30301000,30301_原油及び粗油,340,11月_金額,50304,304_アメリカ合衆国,2016000000,2016年,0,千円
30301000,30301_原油及び粗油,340,11月_金額,50305,305_メキシコ,2020000000,2020年,0,千円
30301000,30301_原油及び粗油,340,11月_金額,50305,305_メキシコ,2019000000,2019年,0,千円
30301000,30301_原油及び粗油,340,11月_金額,50305,305_メキシコ,2018000000,2018年,4044007,千円
30301000,30301_原油及び粗油,340,11月_金額,50305,305_メキシコ,2017000000,2017年,13434427,千円
30301000,30301_原油及び粗油,340,11月_金額,50305,305_メキシコ,2016000000,2016年,22478199,千円
30301000,30301_原油及び粗油,340,11月_金額,50315,315_バハマ,2016000000,2016年,0,千円
30301000,30301_原油及び粗油,340,11月_金額,50326,326_蘭領アンティール,2017000000,2017年,0,千円
30301000,30301_原油及び粗油,340,11月_金額,50401,401_コロンビア,2019000000,2019年,0,千円
30301000,30301_原油及び粗油,340,11月_金額,50401,401_コロンビア,2018000000,2018年,0,千円
30301000,30301_原油及び粗油,340,11月_金額,50401,401_コロンビア,2017000000,2017年,0,千円
30301000,30301_原油及び粗油,340,11月_金額,50401,401_コロンビア,2016000000,2016年,0,千円
30301000,30301_原油及び粗油,340,11月_金額,50402,402_ベネズエラ,2017000000,2017年,0,千円
30301000,30301_原油及び粗油,340,11月_金額,50402,402_ベネズエラ,2016000000,2016年,0,千円
30301000,30301_原油及び粗油,340,11月_金額,50406,406_エクアドル,2020000000,2020年,7804364,千円
30301000,30301_原油及び粗油,340,11月_金額,50406,406_エクアドル,2019000000,2019年,0,千円
30301000,30301_原油及び粗油,340,11月_金額,50406,406_エクアドル,2018000000,2018年,13263211,千円
30301000,30301_原油及び粗油,340,11月_金額,50406,406_エクアドル,2017000000,2017年,5613471,千円
30301000,30301_原油及び粗油,340,11月_金額,50406,406_エクアドル,2016000000,2016年,0,千円
30301000,30301_原油及び粗油,340,11月_金額,50503,503_アルジェリア,2020000000,2020年,917290,千円
30301000,30301_原油及び粗油,340,11月_金額,50503,503_アルジェリア,2019000000,2019年,4478987,千円
30301000,30301_原油及び粗油,340,11月_金額,50503,503_アルジェリア,2018000000,2018年,3022158,千円
30301000,30301_原油及び粗油,340,11月_金額,50503,503_アルジェリア,2017000000,2017年,0,千円
30301000,30301_原油及び粗油,340,11月_金額,50503,503_アルジェリア,2016000000,2016年,0,千円
30301000,30301_原油及び粗油,340,11月_金額,50505,505_リビア,2020000000,2020年,0,千円
30301000,30301_原油及び粗油,340,11月_金額,50507,507_スーダン,2016000000,2016年,0,千円
30301000,30301_原油及び粗油,340,11月_金額,50517,517_ガーナ,2017000000,2017年,0,千円
30301000,30301_原油及び粗油,340,11月_金額,50527,527_カメルーン,2019000000,2019年,0,千円
30301000,30301_原油及び粗油,340,11月_金額,50528,528_チャド,2016000000,2016年,0,千円
30301000,30301_原油及び粗油,340,11月_金額,50531,531_ガボン,2019000000,2019年,0,千円
30301000,30301_原油及び粗油,340,11月_金額,50531,531_ガボン,2016000000,2016年,0,千円
30301000,30301_原油及び粗油,340,11月_金額,50535,535_アンゴラ,2019000000,2019年,0,千円
30301000,30301_原油及び粗油,340,11月_金額,50535,535_アンゴラ,2018000000,2018年,17157320,千円
30301000,30301_原油及び粗油,340,11月_金額,50535,535_アンゴラ,2017000000,2017年,3932680,千円
30301000,30301_原油及び粗油,340,11月_金額,50543,543_タンザニア,2018000000,2018年,0,千円
30301000,30301_原油及び粗油,340,11月_金額,50545,545_モザンビーク,2018000000,2018年,0,千円
30301000,30301_原油及び粗油,340,11月_金額,50601,601_オーストラリア,2020000000,2020年,0,千円
30301000,30301_原油及び粗油,340,11月_金額,50601,601_オーストラリア,2019000000,2019年,2608296,千円
30301000,30301_原油及び粗油,340,11月_金額,50601,601_オーストラリア,2018000000,2018年,3305677,千円
30301000,30301_原油及び粗油,340,11月_金額,50601,601_オーストラリア,2017000000,2017年,1119676,千円
30301000,30301_原油及び粗油,340,11月_金額,50601,601_オーストラリア,2016000000,2016年,1515418,千円
30301000,30301_原油及び粗油,340,11月_金額,50602,602_パプアニューギニア,2016000000,2016年,0,千円
30301000,30301_原油及び粗油,350,12月_数量,50103,103_大韓民国,2017000000,2017年,0,
30301000,30301_原油及び粗油,350,12月_数量,50106,106_台湾,2018000000,2018年,0,
30301000,30301_原油及び粗油,350,12月_数量,50110,110_ベトナム,2020000000,2020年,0,
30301000,30301_原油及び粗油,350,12月_数量,50110,110_ベトナム,2019000000,2019年,0,
30301000,30301_原油及び粗油,350,12月_数量,50110,110_ベトナム,2018000000,2018年,99006,
30301000,30301_原油及び粗油,350,12月_数量,50110,110_ベトナム,2017000000,2017年,0,
30301000,30301_原油及び粗油,350,12月_数量,50110,110_ベトナム,2016000000,2016年,95580,
30301000,30301_原油及び粗油,350,12月_数量,50111,111_タイ,2020000000,2020年,0,
30301000,30301_原油及び粗油,350,12月_数量,50112,112_シンガポール,2020000000,2020年,6954,
30301000,30301_原油及び粗油,350,12月_数量,50112,112_シンガポール,2019000000,2019年,9372,
30301000,30301_原油及び粗油,350,12月_数量,50113,113_マレーシア,2020000000,2020年,77291,
30301000,30301_原油及び粗油,350,12月_数量,50113,113_マレーシア,2019000000,2019年,71366,
30301000,30301_原油及び粗油,350,12月_数量,50113,113_マレーシア,2018000000,2018年,60508,
30301000,30301_原油及び粗油,350,12月_数量,50113,113_マレーシア,2017000000,2017年,43447,
30301000,30301_原油及び粗油,350,12月_数量,50113,113_マレーシア,2016000000,2016年,5158,
30301000,30301_原油及び粗油,350,12月_数量,50116,116_ブルネイ,2020000000,2020年,0,
30301000,30301_原油及び粗油,350,12月_数量,50116,116_ブルネイ,2019000000,2019年,47754,
30301000,30301_原油及び粗油,350,12月_数量,50116,116_ブルネイ,2018000000,2018年,0,
30301000,30301_原油及び粗油,350,12月_数量,50116,116_ブルネイ,2017000000,2017年,0,
30301000,30301_原油及び粗油,350,12月_数量,50116,116_ブルネイ,2016000000,2016年,47438,
30301000,30301_原油及び粗油,350,12月_数量,50118,118_インドネシア,2019000000,2019年,0,
30301000,30301_原油及び粗油,350,12月_数量,50118,118_インドネシア,2018000000,2018年,173601,
30301000,30301_原油及び粗油,350,12月_数量,50118,118_インドネシア,2017000000,2017年,333095,
30301000,30301_原油及び粗油,350,12月_数量,50118,118_インドネシア,2016000000,2016年,144594,
30301000,30301_原油及び粗油,350,12月_数量,50133,133_イラン,2019000000,2019年,0,
30301000,30301_原油及び粗油,350,12月_数量,50133,133_イラン,2018000000,2018年,0,
30301000,30301_原油及び粗油,350,12月_数量,50133,133_イラン,2017000000,2017年,1040912,
30301000,30301_原油及び粗油,350,12月_数量,50133,133_イラン,2016000000,2016年,1160458,
30301000,30301_原油及び粗油,350,12月_数量,50134,134_イラク,2020000000,2020年,0,
30301000,30301_原油及び粗油,350,12月_数量,50134,134_イラク,2019000000,2019年,372786,
30301000,30301_原油及び粗油,350,12月_数量,50134,134_イラク,2018000000,2018年,327155,
30301000,30301_原油及び粗油,350,12月_数量,50134,134_イラク,2017000000,2017年,324687,
30301000,30301_原油及び粗油,350,12月_数量,50134,134_イラク,2016000000,2016年,375287,
30301000,30301_原油及び粗油,350,12月_数量,50135,135_バーレーン,2020000000,2020年,0,
30301000,30301_原油及び粗油,350,12月_数量,50135,135_バーレーン,2019000000,2019年,45117,
30301000,30301_原油及び粗油,350,12月_数量,50135,135_バーレーン,2018000000,2018年,238861,
30301000,30301_原油及び粗油,350,12月_数量,50137,137_サウジアラビア,2020000000,2020年,6209076,
30301000,30301_原油及び粗油,350,12月_数量,50137,137_サウジアラビア,2019000000,2019年,6448701,
30301000,30301_原油及び粗油,350,12月_数量,50137,137_サウジアラビア,2018000000,2018年,6698847,
30301000,30301_原油及び粗油,350,12月_数量,50137,137_サウジアラビア,2017000000,2017年,6990592,
30301000,30301_原油及び粗油,350,12月_数量,50137,137_サウジアラビア,2016000000,2016年,7028412,
30301000,30301_原油及び粗油,350,12月_数量,50138,138_クウェート,2020000000,2020年,949054,
30301000,30301_原油及び粗油,350,12月_数量,50138,138_クウェート,2019000000,2019年,1340905,
30301000,30301_原油及び粗油,350,12月_数量,50138,138_クウェート,2018000000,2018年,1102595,
30301000,30301_原油及び粗油,350,12月_数量,50138,138_クウェート,2017000000,2017年,1121963,
30301000,30301_原油及び粗油,350,12月_数量,50138,138_クウェート,2016000000,2016年,940493,
30301000,30301_原油及び粗油,350,12月_数量,50140,140_カタール,2020000000,2020年,1262932,
30301000,30301_原油及び粗油,350,12月_数量,50140,140_カタール,2019000000,2019年,1536956,
30301000,30301_原油及び粗油,350,12月_数量,50140,140_カタール,2018000000,2018年,1380264,
30301000,30301_原油及び粗油,350,12月_数量,50140,140_カタール,2017000000,2017年,1192494,
30301000,30301_原油及び粗油,350,12月_数量,50140,140_カタール,2016000000,2016年,1533690,
30301000,30301_原油及び粗油,350,12月_数量,50141,141_オマーン,2020000000,2020年,0,
30301000,30301_原油及び粗油,350,12月_数量,50141,141_オマーン,2019000000,2019年,23867,
30301000,30301_原油及び粗油,350,12月_数量,50141,141_オマーン,2018000000,2018年,57115,
30301000,30301_原油及び粗油,350,12月_数量,50141,141_オマーン,2017000000,2017年,78976,
30301000,30301_原油及び粗油,350,12月_数量,50141,141_オマーン,2016000000,2016年,273243,
30301000,30301_原油及び粗油,350,12月_数量,50147,147_アラブ首長国連邦,2020000000,2020年,3951290,
30301000,30301_原油及び粗油,350,12月_数量,50147,147_アラブ首長国連邦,2019000000,2019年,4780522,
30301000,30301_原油及び粗油,350,12月_数量,50147,147_アラブ首長国連邦,2018000000,2018年,4145224,
30301000,30301_原油及び粗油,350,12月_数量,50147,147_アラブ首長国連邦,2017000000,2017年,4786607,
30301000,30301_原油及び粗油,350,12月_数量,50147,147_アラブ首長国連邦,2016000000,2016年,4357176,
30301000,30301_原油及び粗油,350,12月_数量,50149,149_イエメン,2018000000,2018年,0,
30301000,30301_原油及び粗油,350,12月_数量,50150,150_アゼルバイジャン,2020000000,2020年,0,
30301000,30301_原油及び粗油,350,12月_数量,50153,153_カザフスタン,2020000000,2020年,0,
30301000,30301_原油及び粗油,350,12月_数量,50153,153_カザフスタン,2019000000,2019年,183800,
30301000,30301_原油及び粗油,350,12月_数量,50153,153_カザフスタン,2018000000,2018年,48717,
30301000,30301_原油及び粗油,350,12月_数量,50153,153_カザフスタン,2017000000,2017年,123320,
30301000,30301_原油及び粗油,350,12月_数量,50153,153_カザフスタン,2016000000,2016年,43080,
30301000,30301_原油及び粗油,350,12月_数量,50205,205_英国,2018000000,2018年,0,
30301000,30301_原油及び粗油,350,12月_数量,50205,205_英国,2017000000,2017年,0,
30301000,30301_原油及び粗油,350,12月_数量,50213,213_ドイツ,2016000000,2016年,0,
30301000,30301_原油及び粗油,350,12月_数量,50224,224_ロシア,2020000000,2020年,772294,
30301000,30301_原油及び粗油,350,12月_数量,50224,224_ロシア,2019000000,2019年,1052120,
30301000,30301_原油及び粗油,350,12月_数量,50224,224_ロシア,2018000000,2018年,523974,
30301000,30301_原油及び粗油,350,12月_数量,50224,224_ロシア,2017000000,2017年,618979,
30301000,30301_原油及び粗油,350,12月_数量,50224,224_ロシア,2016000000,2016年,957554,
30301000,30301_原油及び粗油,350,12月_数量,50302,302_カナダ,2019000000,2019年,0,
30301000,30301_原油及び粗油,350,12月_数量,50304,304_アメリカ合衆国,2020000000,2020年,46903,
30301000,30301_原油及び粗油,350,12月_数量,50304,304_アメリカ合衆国,2019000000,2019年,302400,
30301000,30301_原油及び粗油,350,12月_数量,50304,304_アメリカ合衆国,2018000000,2018年,1064306,
30301000,30301_原油及び粗油,350,12月_数量,50304,304_アメリカ合衆国,2017000000,2017年,261325,
30301000,30301_原油及び粗油,350,12月_数量,50304,304_アメリカ合衆国,2016000000,2016年,0,
30301000,30301_原油及び粗油,350,12月_数量,50305,305_メキシコ,2020000000,2020年,0,
30301000,30301_原油及び粗油,350,12月_数量,50305,305_メキシコ,2019000000,2019年,0,
30301000,30301_原油及び粗油,350,12月_数量,50305,305_メキシコ,2018000000,2018年,79716,
30301000,30301_原油及び粗油,350,12月_数量,50305,305_メキシコ,2017000000,2017年,404266,
30301000,30301_原油及び粗油,350,12月_数量,50305,305_メキシコ,2016000000,2016年,714293,
30301000,30301_原油及び粗油,350,12月_数量,50315,315_バハマ,2016000000,2016年,0,
30301000,30301_原油及び粗油,350,12月_数量,50326,326_蘭領アンティール,2017000000,2017年,0,
30301000,30301_原油及び粗油,350,12月_数量,50401,401_コロンビア,2019000000,2019年,0,
30301000,30301_原油及び粗油,350,12月_数量,50401,401_コロンビア,2018000000,2018年,0,
30301000,30301_原油及び粗油,350,12月_数量,50401,401_コロンビア,2017000000,2017年,0,
30301000,30301_原油及び粗油,350,12月_数量,50401,401_コロンビア,2016000000,2016年,96955,
30301000,30301_原油及び粗油,350,12月_数量,50402,402_ベネズエラ,2017000000,2017年,0,
30301000,30301_原油及び粗油,350,12月_数量,50402,402_ベネズエラ,2016000000,2016年,0,
30301000,30301_原油及び粗油,350,12月_数量,50406,406_エクアドル,2020000000,2020年,215615,
30301000,30301_原油及び粗油,350,12月_数量,50406,406_エクアドル,2019000000,2019年,240382,
30301000,30301_原油及び粗油,350,12月_数量,50406,406_エクアドル,2018000000,2018年,75600,
30301000,30301_原油及び粗油,350,12月_数量,50406,406_エクアドル,2017000000,2017年,100959,
30301000,30301_原油及び粗油,350,12月_数量,50406,406_エクアドル,2016000000,2016年,72993,
30301000,30301_原油及び粗油,350,12月_数量,50503,503_アルジェリア,2020000000,2020年,19701,
30301000,30301_原油及び粗油,350,12月_数量,50503,503_アルジェリア,2019000000,2019年,0,
30301000,30301_原油及び粗油,350,12月_数量,50503,503_アルジェリア,2018000000,2018年,56998,
30301000,30301_原油及び粗油,350,12月_数量,50503,503_アルジェリア,2017000000,2017年,26917,
30301000,30301_原油及び粗油,350,12月_数量,50503,503_アルジェリア,2016000000,2016年,161035,
30301000,30301_原油及び粗油,350,12月_数量,50505,505_リビア,2020000000,2020年,166403,
30301000,30301_原油及び粗油,350,12月_数量,50507,507_スーダン,2016000000,2016年,0,
30301000,30301_原油及び粗油,350,12月_数量,50517,517_ガーナ,2017000000,2017年,0,
30301000,30301_原油及び粗油,350,12月_数量,50527,527_カメルーン,2019000000,2019年,0,
30301000,30301_原油及び粗油,350,12月_数量,50528,528_チャド,2016000000,2016年,0,
30301000,30301_原油及び粗油,350,12月_数量,50531,531_ガボン,2019000000,2019年,0,
30301000,30301_原油及び粗油,350,12月_数量,50531,531_ガボン,2016000000,2016年,0,
30301000,30301_原油及び粗油,350,12月_数量,50535,535_アンゴラ,2019000000,2019年,142861,
30301000,30301_原油及び粗油,350,12月_数量,50535,535_アンゴラ,2018000000,2018年,104193,
30301000,30301_原油及び粗油,350,12月_数量,50535,535_アンゴラ,2017000000,2017年,0,
30301000,30301_原油及び粗油,350,12月_数量,50543,543_タンザニア,2018000000,2018年,0,
30301000,30301_原油及び粗油,350,12月_数量,50545,545_モザンビーク,2018000000,2018年,0,
30301000,30301_原油及び粗油,350,12月_数量,50601,601_オーストラリア,2020000000,2020年,47644,
30301000,30301_原油及び粗油,350,12月_数量,50601,601_オーストラリア,2019000000,2019年,39273,
30301000,30301_原油及び粗油,350,12月_数量,50601,601_オーストラリア,2018000000,2018年,15873,
30301000,30301_原油及び粗油,350,12月_数量,50601,601_オーストラリア,2017000000,2017年,68974,
30301000,30301_原油及び粗油,350,12月_数量,50601,601_オーストラリア,2016000000,2016年,53974,
30301000,30301_原油及び粗油,350,12月_数量,50602,602_パプアニューギニア,2016000000,2016年,0,
30301000,30301_原油及び粗油,360,12月_金額,50103,103_大韓民国,2017000000,2017年,0,千円
30301000,30301_原油及び粗油,360,12月_金額,50106,106_台湾,2018000000,2018年,0,千円
30301000,30301_原油及び粗油,360,12月_金額,50110,110_ベトナム,2020000000,2020年,0,千円
30301000,30301_原油及び粗油,360,12月_金額,50110,110_ベトナム,2019000000,2019年,0,千円
30301000,30301_原油及び粗油,360,12月_金額,50110,110_ベトナム,2018000000,2018年,5008551,千円
30301000,30301_原油及び粗油,360,12月_金額,50110,110_ベトナム,2017000000,2017年,0,千円
30301000,30301_原油及び粗油,360,12月_金額,50110,110_ベトナム,2016000000,2016年,3396062,千円
30301000,30301_原油及び粗油,360,12月_金額,50111,111_タイ,2020000000,2020年,0,千円
30301000,30301_原油及び粗油,360,12月_金額,50112,112_シンガポール,2020000000,2020年,267607,千円
30301000,30301_原油及び粗油,360,12月_金額,50112,112_シンガポール,2019000000,2019年,477472,千円
30301000,30301_原油及び粗油,360,12月_金額,50113,113_マレーシア,2020000000,2020年,2250453,千円
30301000,30301_原油及び粗油,360,12月_金額,50113,113_マレーシア,2019000000,2019年,3585186,千円
30301000,30301_原油及び粗油,360,12月_金額,50113,113_マレーシア,2018000000,2018年,3027952,千円
30301000,30301_原油及び粗油,360,12月_金額,50113,113_マレーシア,2017000000,2017年,2144353,千円
30301000,30301_原油及び粗油,360,12月_金額,50113,113_マレーシア,2016000000,2016年,217294,千円
30301000,30301_原油及び粗油,360,12月_金額,50116,116_ブルネイ,2020000000,2020年,0,千円
30301000,30301_原油及び粗油,360,12月_金額,50116,116_ブルネイ,2019000000,2019年,2347082,千円
30301000,30301_原油及び粗油,360,12月_金額,50116,116_ブルネイ,2018000000,2018年,0,千円
30301000,30301_原油及び粗油,360,12月_金額,50116,116_ブルネイ,2017000000,2017年,0,千円
30301000,30301_原油及び粗油,360,12月_金額,50116,116_ブルネイ,2016000000,2016年,1646689,千円
30301000,30301_原油及び粗油,360,12月_金額,50118,118_インドネシア,2019000000,2019年,0,千円
30301000,30301_原油及び粗油,360,12月_金額,50118,118_インドネシア,2018000000,2018年,8995395,千円
30301000,30301_原油及び粗油,360,12月_金額,50118,118_インドネシア,2017000000,2017年,15092842,千円
30301000,30301_原油及び粗油,360,12月_金額,50118,118_インドネシア,2016000000,2016年,4897974,千円
30301000,30301_原油及び粗油,360,12月_金額,50133,133_イラン,2019000000,2019年,0,千円
30301000,30301_原油及び粗油,360,12月_金額,50133,133_イラン,2018000000,2018年,0,千円
30301000,30301_原油及び粗油,360,12月_金額,50133,133_イラン,2017000000,2017年,44911281,千円
30301000,30301_原油及び粗油,360,12月_金額,50133,133_イラン,2016000000,2016年,36284279,千円
30301000,30301_原油及び粗油,360,12月_金額,50134,134_イラク,2020000000,2020年,0,千円
30301000,30301_原油及び粗油,360,12月_金額,50134,134_イラク,2019000000,2019年,16387973,千円
30301000,30301_原油及び粗油,360,12月_金額,50134,134_イラク,2018000000,2018年,15386051,千円
30301000,30301_原油及び粗油,360,12月_金額,50134,134_イラク,2017000000,2017年,13818740,千円
30301000,30301_原油及び粗油,360,12月_金額,50134,134_イラク,2016000000,2016年,11733733,千円
30301000,30301_原油及び粗油,360,12月_金額,50135,135_バーレーン,2020000000,2020年,0,千円
30301000,30301_原油及び粗油,360,12月_金額,50135,135_バーレーン,2019000000,2019年,2091454,千円
30301000,30301_原油及び粗油,360,12月_金額,50135,135_バーレーン,2018000000,2018年,11654103,千円
30301000,30301_原油及び粗油,360,12月_金額,50137,137_サウジアラビア,2020000000,2020年,181123594,千円
30301000,30301_原油及び粗油,360,12月_金額,50137,137_サウジアラビア,2019000000,2019年,294450838,千円
30301000,30301_原油及び粗油,360,12月_金額,50137,137_サウジアラビア,2018000000,2018年,338063526,千円
30301000,30301_原油及び粗油,360,12月_金額,50137,137_サウジアラビア,2017000000,2017年,310328903,千円
30301000,30301_原油及び粗油,360,12月_金額,50137,137_サウジアラビア,2016000000,2016年,231663504,千円
30301000,30301_原油及び粗油,360,12月_金額,50138,138_クウェート,2020000000,2020年,27587735,千円
30301000,30301_原油及び粗油,360,12月_金額,50138,138_クウェート,2019000000,2019年,61449201,千円
30301000,30301_原油及び粗油,360,12月_金額,50138,138_クウェート,2018000000,2018年,54500910,千円
30301000,30301_原油及び粗油,360,12月_金額,50138,138_クウェート,2017000000,2017年,48477581,千円
30301000,30301_原油及び粗油,360,12月_金額,50138,138_クウェート,2016000000,2016年,29771252,千円
30301000,30301_原油及び粗油,360,12月_金額,50140,140_カタール,2020000000,2020年,36817749,千円
30301000,30301_原油及び粗油,360,12月_金額,50140,140_カタール,2019000000,2019年,70294912,千円
30301000,30301_原油及び粗油,360,12月_金額,50140,140_カタール,2018000000,2018年,70406374,千円
30301000,30301_原油及び粗油,360,12月_金額,50140,140_カタール,2017000000,2017年,52968249,千円
30301000,30301_原油及び粗油,360,12月_金額,50140,140_カタール,2016000000,2016年,52055315,千円
30301000,30301_原油及び粗油,360,12月_金額,50141,141_オマーン,2020000000,2020年,0,千円
30301000,30301_原油及び粗油,360,12月_金額,50141,141_オマーン,2019000000,2019年,1086602,千円
30301000,30301_原油及び粗油,360,12月_金額,50141,141_オマーン,2018000000,2018年,2743702,千円
30301000,30301_原油及び粗油,360,12月_金額,50141,141_オマーン,2017000000,2017年,2836584,千円
30301000,30301_原油及び粗油,360,12月_金額,50141,141_オマーン,2016000000,2016年,8725485,千円
30301000,30301_原油及び粗油,360,12月_金額,50147,147_アラブ首長国連邦,2020000000,2020年,115348370,千円
30301000,30301_原油及び粗油,360,12月_金額,50147,147_アラブ首長国連邦,2019000000,2019年,223652934,千円
30301000,30301_原油及び粗油,360,12月_金額,50147,147_アラブ首長国連邦,2018000000,2018年,210685912,千円
30301000,30301_原油及び粗油,360,12月_金額,50147,147_アラブ首長国連邦,2017000000,2017年,215480527,千円
30301000,30301_原油及び粗油,360,12月_金額,50147,147_アラブ首長国連邦,2016000000,2016年,147237651,千円
30301000,30301_原油及び粗油,360,12月_金額,50149,149_イエメン,2018000000,2018年,0,千円
30301000,30301_原油及び粗油,360,12月_金額,50150,150_アゼルバイジャン,2020000000,2020年,0,千円
30301000,30301_原油及び粗油,360,12月_金額,50153,153_カザフスタン,2020000000,2020年,0,千円
30301000,30301_原油及び粗油,360,12月_金額,50153,153_カザフスタン,2019000000,2019年,8478777,千円
30301000,30301_原油及び粗油,360,12月_金額,50153,153_カザフスタン,2018000000,2018年,2838326,千円
30301000,30301_原油及び粗油,360,12月_金額,50153,153_カザフスタン,2017000000,2017年,5266738,千円
30301000,30301_原油及び粗油,360,12月_金額,50153,153_カザフスタン,2016000000,2016年,1497914,千円
30301000,30301_原油及び粗油,360,12月_金額,50205,205_英国,2018000000,2018年,0,千円
30301000,30301_原油及び粗油,360,12月_金額,50205,205_英国,2017000000,2017年,0,千円
30301000,30301_原油及び粗油,360,12月_金額,50213,213_ドイツ,2016000000,2016年,0,千円
30301000,30301_原油及び粗油,360,12月_金額,50224,224_ロシア,2020000000,2020年,22362593,千円
30301000,30301_原油及び粗油,360,12月_金額,50224,224_ロシア,2019000000,2019年,50222893,千円
30301000,30301_原油及び粗油,360,12月_金額,50224,224_ロシア,2018000000,2018年,26809342,千円
30301000,30301_原油及び粗油,360,12月_金額,50224,224_ロシア,2017000000,2017年,28064382,千円
30301000,30301_原油及び粗油,360,12月_金額,50224,224_ロシア,2016000000,2016年,34596322,千円
30301000,30301_原油及び粗油,360,12月_金額,50302,302_カナダ,2019000000,2019年,0,千円
30301000,30301_原油及び粗油,360,12月_金額,50304,304_アメリカ合衆国,2020000000,2020年,1480123,千円
30301000,30301_原油及び粗油,360,12月_金額,50304,304_アメリカ合衆国,2019000000,2019年,13670758,千円
30301000,30301_原油及び粗油,360,12月_金額,50304,304_アメリカ合衆国,2018000000,2018年,59116512,千円
30301000,30301_原油及び粗油,360,12月_金額,50304,304_アメリカ合衆国,2017000000,2017年,10750110,千円
30301000,30301_原油及び粗油,360,12月_金額,50304,304_アメリカ合衆国,2016000000,2016年,0,千円
30301000,30301_原油及び粗油,360,12月_金額,50305,305_メキシコ,2020000000,2020年,0,千円
30301000,30301_原油及び粗油,360,12月_金額,50305,305_メキシコ,2019000000,2019年,0,千円
30301000,30301_原油及び粗油,360,12月_金額,50305,305_メキシコ,2018000000,2018年,4368597,千円
30301000,30301_原油及び粗油,360,12月_金額,50305,305_メキシコ,2017000000,2017年,15706890,千円
30301000,30301_原油及び粗油,360,12月_金額,50305,305_メキシコ,2016000000,2016年,22857739,千円
30301000,30301_原油及び粗油,360,12月_金額,50315,315_バハマ,2016000000,2016年,0,千円
30301000,30301_原油及び粗油,360,12月_金額,50326,326_蘭領アンティール,2017000000,2017年,0,千円
30301000,30301_原油及び粗油,360,12月_金額,50401,401_コロンビア,2019000000,2019年,0,千円
30301000,30301_原油及び粗油,360,12月_金額,50401,401_コロンビア,2018000000,2018年,0,千円
30301000,30301_原油及び粗油,360,12月_金額,50401,401_コロンビア,2017000000,2017年,0,千円
30301000,30301_原油及び粗油,360,12月_金額,50401,401_コロンビア,2016000000,2016年,2724025,千円
30301000,30301_原油及び粗油,360,12月_金額,50402,402_ベネズエラ,2017000000,2017年,0,千円
30301000,30301_原油及び粗油,360,12月_金額,50402,402_ベネズエラ,2016000000,2016年,0,千円
30301000,30301_原油及び粗油,360,12月_金額,50406,406_エクアドル,2020000000,2020年,6360498,千円
30301000,30301_原油及び粗油,360,12月_金額,50406,406_エクアドル,2019000000,2019年,9931841,千円
30301000,30301_原油及び粗油,360,12月_金額,50406,406_エクアドル,2018000000,2018年,3402874,千円
30301000,30301_原油及び粗油,360,12月_金額,50406,406_エクアドル,2017000000,2017年,4132866,千円
30301000,30301_原油及び粗油,360,12月_金額,50406,406_エクアドル,2016000000,2016年,2464548,千円
30301000,30301_原油及び粗油,360,12月_金額,50503,503_アルジェリア,2020000000,2020年,579270,千円
30301000,30301_原油及び粗油,360,12月_金額,50503,503_アルジェリア,2019000000,2019年,0,千円
30301000,30301_原油及び粗油,360,12月_金額,50503,503_アルジェリア,2018000000,2018年,2864319,千円
30301000,30301_原油及び粗油,360,12月_金額,50503,503_アルジェリア,2017000000,2017年,1291125,千円
30301000,30301_原油及び粗油,360,12月_金額,50503,503_アルジェリア,2016000000,2016年,6607621,千円
30301000,30301_原油及び粗油,360,12月_金額,50505,505_リビア,2020000000,2020年,4329281,千円
30301000,30301_原油及び粗油,360,12月_金額,50507,507_スーダン,2016000000,2016年,0,千円
30301000,30301_原油及び粗油,360,12月_金額,50517,517_ガーナ,2017000000,2017年,0,千円
30301000,30301_原油及び粗油,360,12月_金額,50527,527_カメルーン,2019000000,2019年,0,千円
30301000,30301_原油及び粗油,360,12月_金額,50528,528_チャド,2016000000,2016年,0,千円
30301000,30301_原油及び粗油,360,12月_金額,50531,531_ガボン,2019000000,2019年,0,千円
30301000,30301_原油及び粗油,360,12月_金額,50531,531_ガボン,2016000000,2016年,0,千円
30301000,30301_原油及び粗油,360,12月_金額,50535,535_アンゴラ,2019000000,2019年,6388959,千円
30301000,30301_原油及び粗油,360,12月_金額,50535,535_アンゴラ,2018000000,2018年,5003003,千円
30301000,30301_原油及び粗油,360,12月_金額,50535,535_アンゴラ,2017000000,2017年,0,千円
30301000,30301_原油及び粗油,360,12月_金額,50543,543_タンザニア,2018000000,2018年,0,千円
30301000,30301_原油及び粗油,360,12月_金額,50545,545_モザンビーク,2018000000,2018年,0,千円
30301000,30301_原油及び粗油,360,12月_金額,50601,601_オーストラリア,2020000000,2020年,1976875,千円
30301000,30301_原油及び粗油,360,12月_金額,50601,601_オーストラリア,2019000000,2019年,2097922,千円
30301000,30301_原油及び粗油,360,12月_金額,50601,601_オーストラリア,2018000000,2018年,794237,千円
30301000,30301_原油及び粗油,360,12月_金額,50601,601_オーストラリア,2017000000,2017年,3074768,千円
30301000,30301_原油及び粗油,360,12月_金額,50601,601_オーストラリア,2016000000,2016年,2079358,千円
30301000,30301_原油及び粗油,360,12月_金額,50602,602_パプアニューギニア,2016000000,2016年,0,千円
