cat01_code,cat01_name,cat02_code,cat02_name,area_code,area_name,time_code,time_name,value,unit
30000000,3_鉱物性燃料,140,1月_金額,50103,103_大韓民国,2020000000,2020年,44743555,千円
30000000,3_鉱物性燃料,140,1月_金額,50103,103_大韓民国,2019000000,2019年,46104699,千円
30000000,3_鉱物性燃料,140,1月_金額,50103,103_大韓民国,2018000000,2018年,50025352,千円
30000000,3_鉱物性燃料,140,1月_金額,50103,103_大韓民国,2017000000,2017年,47817275,千円
30000000,3_鉱物性燃料,140,1月_金額,50103,103_大韓民国,2016000000,2016年,26544919,千円
30000000,3_鉱物性燃料,140,1月_金額,50105,105_中華人民共和国,2020000000,2020年,17172864,千円
30000000,3_鉱物性燃料,140,1月_金額,50105,105_中華人民共和国,2019000000,2019年,11796099,千円
30000000,3_鉱物性燃料,140,1月_金額,50105,105_中華人民共和国,2018000000,2018年,14372849,千円
30000000,3_鉱物性燃料,140,1月_金額,50105,105_中華人民共和国,2017000000,2017年,13962462,千円
30000000,3_鉱物性燃料,140,1月_金額,50105,105_中華人民共和国,2016000000,2016年,6173012,千円
30000000,3_鉱物性燃料,140,1月_金額,50106,106_台湾,2020000000,2020年,2698143,千円
30000000,3_鉱物性燃料,140,1月_金額,50106,106_台湾,2019000000,2019年,94037,千円
30000000,3_鉱物性燃料,140,1月_金額,50106,106_台湾,2018000000,2018年,320021,千円
30000000,3_鉱物性燃料,140,1月_金額,50106,106_台湾,2017000000,2017年,161637,千円
30000000,3_鉱物性燃料,140,1月_金額,50106,106_台湾,2016000000,2016年,81445,千円
30000000,3_鉱物性燃料,140,1月_金額,50107,107_モンゴル,2017000000,2017年,0,千円
30000000,3_鉱物性燃料,140,1月_金額,50107,107_モンゴル,2016000000,2016年,0,千円
30000000,3_鉱物性燃料,140,1月_金額,50108,108_香港,2020000000,2020年,23806,千円
30000000,3_鉱物性燃料,140,1月_金額,50108,108_香港,2019000000,2019年,23837,千円
30000000,3_鉱物性燃料,140,1月_金額,50108,108_香港,2018000000,2018年,12943,千円
30000000,3_鉱物性燃料,140,1月_金額,50108,108_香港,2017000000,2017年,13072,千円
30000000,3_鉱物性燃料,140,1月_金額,50108,108_香港,2016000000,2016年,10257,千円
30000000,3_鉱物性燃料,140,1月_金額,50110,110_ベトナム,2020000000,2020年,6777421,千円
30000000,3_鉱物性燃料,140,1月_金額,50110,110_ベトナム,2019000000,2019年,149294,千円
30000000,3_鉱物性燃料,140,1月_金額,50110,110_ベトナム,2018000000,2018年,4695747,千円
30000000,3_鉱物性燃料,140,1月_金額,50110,110_ベトナム,2017000000,2017年,2901309,千円
30000000,3_鉱物性燃料,140,1月_金額,50110,110_ベトナム,2016000000,2016年,3816997,千円
30000000,3_鉱物性燃料,140,1月_金額,50111,111_タイ,2020000000,2020年,51628,千円
30000000,3_鉱物性燃料,140,1月_金額,50111,111_タイ,2019000000,2019年,92511,千円
30000000,3_鉱物性燃料,140,1月_金額,50111,111_タイ,2018000000,2018年,1129910,千円
30000000,3_鉱物性燃料,140,1月_金額,50111,111_タイ,2017000000,2017年,35565,千円
30000000,3_鉱物性燃料,140,1月_金額,50111,111_タイ,2016000000,2016年,2801385,千円
30000000,3_鉱物性燃料,140,1月_金額,50112,112_シンガポール,2020000000,2020年,2879652,千円
30000000,3_鉱物性燃料,140,1月_金額,50112,112_シンガポール,2019000000,2019年,5062284,千円
30000000,3_鉱物性燃料,140,1月_金額,50112,112_シンガポール,2018000000,2018年,3227990,千円
30000000,3_鉱物性燃料,140,1月_金額,50112,112_シンガポール,2017000000,2017年,6768596,千円
30000000,3_鉱物性燃料,140,1月_金額,50112,112_シンガポール,2016000000,2016年,3335198,千円
30000000,3_鉱物性燃料,140,1月_金額,50113,113_マレーシア,2020000000,2020年,71667203,千円
30000000,3_鉱物性燃料,140,1月_金額,50113,113_マレーシア,2019000000,2019年,57250815,千円
30000000,3_鉱物性燃料,140,1月_金額,50113,113_マレーシア,2018000000,2018年,80599214,千円
30000000,3_鉱物性燃料,140,1月_金額,50113,113_マレーシア,2017000000,2017年,79515902,千円
30000000,3_鉱物性燃料,140,1月_金額,50113,113_マレーシア,2016000000,2016年,75902438,千円
30000000,3_鉱物性燃料,140,1月_金額,50116,116_ブルネイ,2020000000,2020年,29302005,千円
30000000,3_鉱物性燃料,140,1月_金額,50116,116_ブルネイ,2019000000,2019年,28023182,千円
30000000,3_鉱物性燃料,140,1月_金額,50116,116_ブルネイ,2018000000,2018年,22963940,千円
30000000,3_鉱物性燃料,140,1月_金額,50116,116_ブルネイ,2017000000,2017年,23725327,千円
30000000,3_鉱物性燃料,140,1月_金額,50116,116_ブルネイ,2016000000,2016年,21227716,千円
30000000,3_鉱物性燃料,140,1月_金額,50117,117_フィリピン,2020000000,2020年,2571,千円
30000000,3_鉱物性燃料,140,1月_金額,50117,117_フィリピン,2019000000,2019年,1705,千円
30000000,3_鉱物性燃料,140,1月_金額,50117,117_フィリピン,2018000000,2018年,0,千円
30000000,3_鉱物性燃料,140,1月_金額,50117,117_フィリピン,2017000000,2017年,226562,千円
30000000,3_鉱物性燃料,140,1月_金額,50117,117_フィリピン,2016000000,2016年,0,千円
30000000,3_鉱物性燃料,140,1月_金額,50118,118_インドネシア,2020000000,2020年,43679113,千円
30000000,3_鉱物性燃料,140,1月_金額,50118,118_インドネシア,2019000000,2019年,71765538,千円
30000000,3_鉱物性燃料,140,1月_金額,50118,118_インドネシア,2018000000,2018年,70613835,千円
30000000,3_鉱物性燃料,140,1月_金額,50118,118_インドネシア,2017000000,2017年,69879007,千円
30000000,3_鉱物性燃料,140,1月_金額,50118,118_インドネシア,2016000000,2016年,65802875,千円
30000000,3_鉱物性燃料,140,1月_金額,50123,123_インド,2020000000,2020年,12991867,千円
30000000,3_鉱物性燃料,140,1月_金額,50123,123_インド,2019000000,2019年,3631464,千円
30000000,3_鉱物性燃料,140,1月_金額,50123,123_インド,2018000000,2018年,11372772,千円
30000000,3_鉱物性燃料,140,1月_金額,50123,123_インド,2017000000,2017年,8950013,千円
30000000,3_鉱物性燃料,140,1月_金額,50123,123_インド,2016000000,2016年,12077538,千円
30000000,3_鉱物性燃料,140,1月_金額,50124,124_パキスタン,2020000000,2020年,668462,千円
30000000,3_鉱物性燃料,140,1月_金額,50124,124_パキスタン,2019000000,2019年,0,千円
30000000,3_鉱物性燃料,140,1月_金額,50124,124_パキスタン,2018000000,2018年,1016500,千円
30000000,3_鉱物性燃料,140,1月_金額,50124,124_パキスタン,2017000000,2017年,2142663,千円
30000000,3_鉱物性燃料,140,1月_金額,50124,124_パキスタン,2016000000,2016年,0,千円
30000000,3_鉱物性燃料,140,1月_金額,50125,125_スリランカ,2020000000,2020年,375,千円
30000000,3_鉱物性燃料,140,1月_金額,50125,125_スリランカ,2018000000,2018年,0,千円
30000000,3_鉱物性燃料,140,1月_金額,50125,125_スリランカ,2017000000,2017年,0,千円
30000000,3_鉱物性燃料,140,1月_金額,50125,125_スリランカ,2016000000,2016年,588,千円
30000000,3_鉱物性燃料,140,1月_金額,50127,127_バングラデシュ,2019000000,2019年,0,千円
30000000,3_鉱物性燃料,140,1月_金額,50128,128_東ティモール,2020000000,2020年,0,千円
30000000,3_鉱物性燃料,140,1月_金額,50128,128_東ティモール,2019000000,2019年,0,千円
30000000,3_鉱物性燃料,140,1月_金額,50129,129_マカオ,2018000000,2018年,0,千円
30000000,3_鉱物性燃料,140,1月_金額,50133,133_イラン,2019000000,2019年,0,千円
30000000,3_鉱物性燃料,140,1月_金額,50133,133_イラン,2018000000,2018年,40424498,千円
30000000,3_鉱物性燃料,140,1月_金額,50133,133_イラン,2017000000,2017年,42843898,千円
30000000,3_鉱物性燃料,140,1月_金額,50133,133_イラン,2016000000,2016年,23213670,千円
30000000,3_鉱物性燃料,140,1月_金額,50134,134_イラク,2020000000,2020年,3445175,千円
30000000,3_鉱物性燃料,140,1月_金額,50134,134_イラク,2019000000,2019年,12749411,千円
30000000,3_鉱物性燃料,140,1月_金額,50134,134_イラク,2018000000,2018年,14383486,千円
30000000,3_鉱物性燃料,140,1月_金額,50134,134_イラク,2017000000,2017年,11983562,千円
30000000,3_鉱物性燃料,140,1月_金額,50134,134_イラク,2016000000,2016年,3899499,千円
30000000,3_鉱物性燃料,140,1月_金額,50135,135_バーレーン,2020000000,2020年,13113553,千円
30000000,3_鉱物性燃料,140,1月_金額,50135,135_バーレーン,2019000000,2019年,14739770,千円
30000000,3_鉱物性燃料,140,1月_金額,50135,135_バーレーン,2018000000,2018年,9224598,千円
30000000,3_鉱物性燃料,140,1月_金額,50135,135_バーレーン,2017000000,2017年,3325023,千円
30000000,3_鉱物性燃料,140,1月_金額,50135,135_バーレーン,2016000000,2016年,1257924,千円
30000000,3_鉱物性燃料,140,1月_金額,50137,137_サウジアラビア,2020000000,2020年,260390164,千円
30000000,3_鉱物性燃料,140,1月_金額,50137,137_サウジアラビア,2019000000,2019年,263377214,千円
30000000,3_鉱物性燃料,140,1月_金額,50137,137_サウジアラビア,2018000000,2018年,276535373,千円
30000000,3_鉱物性燃料,140,1月_金額,50137,137_サウジアラビア,2017000000,2017年,272112349,千円
30000000,3_鉱物性燃料,140,1月_金額,50137,137_サウジアラビア,2016000000,2016年,160334064,千円
30000000,3_鉱物性燃料,140,1月_金額,50138,138_クウェート,2020000000,2020年,85045262,千円
30000000,3_鉱物性燃料,140,1月_金額,50138,138_クウェート,2019000000,2019年,55116119,千円
30000000,3_鉱物性燃料,140,1月_金額,50138,138_クウェート,2018000000,2018年,76855215,千円
30000000,3_鉱物性燃料,140,1月_金額,50138,138_クウェート,2017000000,2017年,63414034,千円
30000000,3_鉱物性燃料,140,1月_金額,50138,138_クウェート,2016000000,2016年,40933306,千円
30000000,3_鉱物性燃料,140,1月_金額,50140,140_カタール,2020000000,2020年,145839413,千円
30000000,3_鉱物性燃料,140,1月_金額,50140,140_カタール,2019000000,2019年,127873500,千円
30000000,3_鉱物性燃料,140,1月_金額,50140,140_カタール,2018000000,2018年,142309443,千円
30000000,3_鉱物性燃料,140,1月_金額,50140,140_カタール,2017000000,2017年,104025875,千円
30000000,3_鉱物性燃料,140,1月_金額,50140,140_カタール,2016000000,2016年,121895201,千円
30000000,3_鉱物性燃料,140,1月_金額,50141,141_オマーン,2020000000,2020年,31583050,千円
30000000,3_鉱物性燃料,140,1月_金額,50141,141_オマーン,2019000000,2019年,23167443,千円
30000000,3_鉱物性燃料,140,1月_金額,50141,141_オマーン,2018000000,2018年,23539887,千円
30000000,3_鉱物性燃料,140,1月_金額,50141,141_オマーン,2017000000,2017年,17852613,千円
30000000,3_鉱物性燃料,140,1月_金額,50141,141_オマーン,2016000000,2016年,17365466,千円
30000000,3_鉱物性燃料,140,1月_金額,50143,143_イスラエル,2020000000,2020年,0,千円
30000000,3_鉱物性燃料,140,1月_金額,50143,143_イスラエル,2019000000,2019年,1480,千円
30000000,3_鉱物性燃料,140,1月_金額,50143,143_イスラエル,2018000000,2018年,4337,千円
30000000,3_鉱物性燃料,140,1月_金額,50143,143_イスラエル,2017000000,2017年,5456,千円
30000000,3_鉱物性燃料,140,1月_金額,50143,143_イスラエル,2016000000,2016年,3303,千円
30000000,3_鉱物性燃料,140,1月_金額,50147,147_アラブ首長国連邦,2020000000,2020年,238729612,千円
30000000,3_鉱物性燃料,140,1月_金額,50147,147_アラブ首長国連邦,2019000000,2019年,217006675,千円
30000000,3_鉱物性燃料,140,1月_金額,50147,147_アラブ首長国連邦,2018000000,2018年,231461535,千円
30000000,3_鉱物性燃料,140,1月_金額,50147,147_アラブ首長国連邦,2017000000,2017年,194347358,千円
30000000,3_鉱物性燃料,140,1月_金額,50147,147_アラブ首長国連邦,2016000000,2016年,173896005,千円
30000000,3_鉱物性燃料,140,1月_金額,50149,149_イエメン,2018000000,2018年,0,千円
30000000,3_鉱物性燃料,140,1月_金額,50150,150_アゼルバイジャン,2020000000,2020年,0,千円
30000000,3_鉱物性燃料,140,1月_金額,50153,153_カザフスタン,2020000000,2020年,791595,千円
30000000,3_鉱物性燃料,140,1月_金額,50153,153_カザフスタン,2019000000,2019年,4449049,千円
30000000,3_鉱物性燃料,140,1月_金額,50153,153_カザフスタン,2018000000,2018年,8410392,千円
30000000,3_鉱物性燃料,140,1月_金額,50153,153_カザフスタン,2017000000,2017年,6776201,千円
30000000,3_鉱物性燃料,140,1月_金額,50153,153_カザフスタン,2016000000,2016年,0,千円
30000000,3_鉱物性燃料,140,1月_金額,50202,202_ノルウェー,2020000000,2020年,8435,千円
30000000,3_鉱物性燃料,140,1月_金額,50202,202_ノルウェー,2019000000,2019年,1743892,千円
30000000,3_鉱物性燃料,140,1月_金額,50202,202_ノルウェー,2018000000,2018年,2646631,千円
30000000,3_鉱物性燃料,140,1月_金額,50202,202_ノルウェー,2017000000,2017年,2689,千円
30000000,3_鉱物性燃料,140,1月_金額,50202,202_ノルウェー,2016000000,2016年,2309529,千円
30000000,3_鉱物性燃料,140,1月_金額,50203,203_スウェーデン,2020000000,2020年,29196,千円
30000000,3_鉱物性燃料,140,1月_金額,50203,203_スウェーデン,2019000000,2019年,34048,千円
30000000,3_鉱物性燃料,140,1月_金額,50203,203_スウェーデン,2018000000,2018年,11470,千円
30000000,3_鉱物性燃料,140,1月_金額,50203,203_スウェーデン,2017000000,2017年,22401,千円
30000000,3_鉱物性燃料,140,1月_金額,50203,203_スウェーデン,2016000000,2016年,44025,千円
30000000,3_鉱物性燃料,140,1月_金額,50204,204_デンマーク,2020000000,2020年,1204,千円
30000000,3_鉱物性燃料,140,1月_金額,50204,204_デンマーク,2019000000,2019年,2428,千円
30000000,3_鉱物性燃料,140,1月_金額,50204,204_デンマーク,2018000000,2018年,0,千円
30000000,3_鉱物性燃料,140,1月_金額,50204,204_デンマーク,2017000000,2017年,1334,千円
30000000,3_鉱物性燃料,140,1月_金額,50204,204_デンマーク,2016000000,2016年,2162,千円
30000000,3_鉱物性燃料,140,1月_金額,50205,205_英国,2020000000,2020年,54232,千円
30000000,3_鉱物性燃料,140,1月_金額,50205,205_英国,2019000000,2019年,491594,千円
30000000,3_鉱物性燃料,140,1月_金額,50205,205_英国,2018000000,2018年,83761,千円
30000000,3_鉱物性燃料,140,1月_金額,50205,205_英国,2017000000,2017年,18603,千円
30000000,3_鉱物性燃料,140,1月_金額,50205,205_英国,2016000000,2016年,51082,千円
30000000,3_鉱物性燃料,140,1月_金額,50206,206_アイルランド,2020000000,2020年,3129,千円
30000000,3_鉱物性燃料,140,1月_金額,50206,206_アイルランド,2019000000,2019年,2333,千円
30000000,3_鉱物性燃料,140,1月_金額,50206,206_アイルランド,2018000000,2018年,4538,千円
30000000,3_鉱物性燃料,140,1月_金額,50206,206_アイルランド,2017000000,2017年,2609,千円
30000000,3_鉱物性燃料,140,1月_金額,50206,206_アイルランド,2016000000,2016年,2339,千円
30000000,3_鉱物性燃料,140,1月_金額,50207,207_オランダ,2020000000,2020年,57383,千円
30000000,3_鉱物性燃料,140,1月_金額,50207,207_オランダ,2019000000,2019年,2367062,千円
30000000,3_鉱物性燃料,140,1月_金額,50207,207_オランダ,2018000000,2018年,42937,千円
30000000,3_鉱物性燃料,140,1月_金額,50207,207_オランダ,2017000000,2017年,30829,千円
30000000,3_鉱物性燃料,140,1月_金額,50207,207_オランダ,2016000000,2016年,2921128,千円
30000000,3_鉱物性燃料,140,1月_金額,50208,208_ベルギー,2020000000,2020年,63286,千円
30000000,3_鉱物性燃料,140,1月_金額,50208,208_ベルギー,2019000000,2019年,93770,千円
30000000,3_鉱物性燃料,140,1月_金額,50208,208_ベルギー,2018000000,2018年,113353,千円
30000000,3_鉱物性燃料,140,1月_金額,50208,208_ベルギー,2017000000,2017年,170851,千円
30000000,3_鉱物性燃料,140,1月_金額,50208,208_ベルギー,2016000000,2016年,250558,千円
30000000,3_鉱物性燃料,140,1月_金額,50210,210_フランス,2020000000,2020年,187889,千円
30000000,3_鉱物性燃料,140,1月_金額,50210,210_フランス,2019000000,2019年,363673,千円
30000000,3_鉱物性燃料,140,1月_金額,50210,210_フランス,2018000000,2018年,236616,千円
30000000,3_鉱物性燃料,140,1月_金額,50210,210_フランス,2017000000,2017年,3451087,千円
30000000,3_鉱物性燃料,140,1月_金額,50210,210_フランス,2016000000,2016年,212319,千円
30000000,3_鉱物性燃料,140,1月_金額,50213,213_ドイツ,2020000000,2020年,213260,千円
30000000,3_鉱物性燃料,140,1月_金額,50213,213_ドイツ,2019000000,2019年,254753,千円
30000000,3_鉱物性燃料,140,1月_金額,50213,213_ドイツ,2018000000,2018年,223069,千円
30000000,3_鉱物性燃料,140,1月_金額,50213,213_ドイツ,2017000000,2017年,218134,千円
30000000,3_鉱物性燃料,140,1月_金額,50213,213_ドイツ,2016000000,2016年,283656,千円
30000000,3_鉱物性燃料,140,1月_金額,50215,215_スイス,2020000000,2020年,16637,千円
30000000,3_鉱物性燃料,140,1月_金額,50215,215_スイス,2019000000,2019年,23828,千円
30000000,3_鉱物性燃料,140,1月_金額,50215,215_スイス,2018000000,2018年,22778,千円
30000000,3_鉱物性燃料,140,1月_金額,50215,215_スイス,2017000000,2017年,61550,千円
30000000,3_鉱物性燃料,140,1月_金額,50215,215_スイス,2016000000,2016年,16003,千円
30000000,3_鉱物性燃料,140,1月_金額,50218,218_スペイン,2020000000,2020年,29119,千円
30000000,3_鉱物性燃料,140,1月_金額,50218,218_スペイン,2019000000,2019年,43513,千円
30000000,3_鉱物性燃料,140,1月_金額,50218,218_スペイン,2018000000,2018年,5965380,千円
30000000,3_鉱物性燃料,140,1月_金額,50218,218_スペイン,2017000000,2017年,31159,千円
30000000,3_鉱物性燃料,140,1月_金額,50218,218_スペイン,2016000000,2016年,2343947,千円
30000000,3_鉱物性燃料,140,1月_金額,50220,220_イタリア,2020000000,2020年,36679,千円
30000000,3_鉱物性燃料,140,1月_金額,50220,220_イタリア,2019000000,2019年,79559,千円
30000000,3_鉱物性燃料,140,1月_金額,50220,220_イタリア,2018000000,2018年,44858,千円
30000000,3_鉱物性燃料,140,1月_金額,50220,220_イタリア,2017000000,2017年,14522,千円
30000000,3_鉱物性燃料,140,1月_金額,50220,220_イタリア,2016000000,2016年,45166,千円
30000000,3_鉱物性燃料,140,1月_金額,50221,221_マルタ,2020000000,2020年,0,千円
30000000,3_鉱物性燃料,140,1月_金額,50222,222_フィンランド,2020000000,2020年,798,千円
30000000,3_鉱物性燃料,140,1月_金額,50222,222_フィンランド,2019000000,2019年,3036,千円
30000000,3_鉱物性燃料,140,1月_金額,50222,222_フィンランド,2018000000,2018年,2807,千円
30000000,3_鉱物性燃料,140,1月_金額,50222,222_フィンランド,2017000000,2017年,2384,千円
30000000,3_鉱物性燃料,140,1月_金額,50222,222_フィンランド,2016000000,2016年,3684,千円
30000000,3_鉱物性燃料,140,1月_金額,50223,223_ポーランド,2020000000,2020年,3591,千円
30000000,3_鉱物性燃料,140,1月_金額,50223,223_ポーランド,2019000000,2019年,5639,千円
30000000,3_鉱物性燃料,140,1月_金額,50223,223_ポーランド,2018000000,2018年,0,千円
30000000,3_鉱物性燃料,140,1月_金額,50223,223_ポーランド,2017000000,2017年,0,千円
30000000,3_鉱物性燃料,140,1月_金額,50223,223_ポーランド,2016000000,2016年,0,千円
30000000,3_鉱物性燃料,140,1月_金額,50224,224_ロシア,2020000000,2020年,70700142,千円
30000000,3_鉱物性燃料,140,1月_金額,50224,224_ロシア,2019000000,2019年,78408254,千円
30000000,3_鉱物性燃料,140,1月_金額,50224,224_ロシア,2018000000,2018年,97010670,千円
30000000,3_鉱物性燃料,140,1月_金額,50224,224_ロシア,2017000000,2017年,97884034,千円
30000000,3_鉱物性燃料,140,1月_金額,50224,224_ロシア,2016000000,2016年,74346355,千円
30000000,3_鉱物性燃料,140,1月_金額,50225,225_オーストリア,2020000000,2020年,0,千円
30000000,3_鉱物性燃料,140,1月_金額,50225,225_オーストリア,2019000000,2019年,423,千円
30000000,3_鉱物性燃料,140,1月_金額,50225,225_オーストリア,2018000000,2018年,603,千円
30000000,3_鉱物性燃料,140,1月_金額,50225,225_オーストリア,2017000000,2017年,789,千円
30000000,3_鉱物性燃料,140,1月_金額,50225,225_オーストリア,2016000000,2016年,827,千円
30000000,3_鉱物性燃料,140,1月_金額,50227,227_ハンガリー,2018000000,2018年,0,千円
30000000,3_鉱物性燃料,140,1月_金額,50227,227_ハンガリー,2017000000,2017年,0,千円
30000000,3_鉱物性燃料,140,1月_金額,50227,227_ハンガリー,2016000000,2016年,263,千円
30000000,3_鉱物性燃料,140,1月_金額,50230,230_ギリシャ,2020000000,2020年,0,千円
30000000,3_鉱物性燃料,140,1月_金額,50230,230_ギリシャ,2019000000,2019年,0,千円
30000000,3_鉱物性燃料,140,1月_金額,50230,230_ギリシャ,2018000000,2018年,204,千円
30000000,3_鉱物性燃料,140,1月_金額,50230,230_ギリシャ,2017000000,2017年,0,千円
30000000,3_鉱物性燃料,140,1月_金額,50230,230_ギリシャ,2016000000,2016年,0,千円
30000000,3_鉱物性燃料,140,1月_金額,50232,232_ブルガリア,2020000000,2020年,0,千円
30000000,3_鉱物性燃料,140,1月_金額,50232,232_ブルガリア,2019000000,2019年,0,千円
30000000,3_鉱物性燃料,140,1月_金額,50234,234_トルコ,2020000000,2020年,2558,千円
30000000,3_鉱物性燃料,140,1月_金額,50234,234_トルコ,2019000000,2019年,0,千円
30000000,3_鉱物性燃料,140,1月_金額,50234,234_トルコ,2018000000,2018年,0,千円
30000000,3_鉱物性燃料,140,1月_金額,50234,234_トルコ,2017000000,2017年,0,千円
30000000,3_鉱物性燃料,140,1月_金額,50234,234_トルコ,2016000000,2016年,0,千円
30000000,3_鉱物性燃料,140,1月_金額,50235,235_エストニア,2020000000,2020年,2458,千円
30000000,3_鉱物性燃料,140,1月_金額,50235,235_エストニア,2019000000,2019年,3198,千円
30000000,3_鉱物性燃料,140,1月_金額,50235,235_エストニア,2018000000,2018年,19692,千円
30000000,3_鉱物性燃料,140,1月_金額,50235,235_エストニア,2017000000,2017年,9850,千円
30000000,3_鉱物性燃料,140,1月_金額,50235,235_エストニア,2016000000,2016年,14764,千円
30000000,3_鉱物性燃料,140,1月_金額,50236,236_ラトビア,2020000000,2020年,80903,千円
30000000,3_鉱物性燃料,140,1月_金額,50236,236_ラトビア,2019000000,2019年,70855,千円
30000000,3_鉱物性燃料,140,1月_金額,50236,236_ラトビア,2018000000,2018年,53979,千円
30000000,3_鉱物性燃料,140,1月_金額,50236,236_ラトビア,2017000000,2017年,57733,千円
30000000,3_鉱物性燃料,140,1月_金額,50236,236_ラトビア,2016000000,2016年,62552,千円
30000000,3_鉱物性燃料,140,1月_金額,50237,237_リトアニア,2020000000,2020年,24352,千円
30000000,3_鉱物性燃料,140,1月_金額,50237,237_リトアニア,2019000000,2019年,24721,千円
30000000,3_鉱物性燃料,140,1月_金額,50237,237_リトアニア,2018000000,2018年,26946,千円
30000000,3_鉱物性燃料,140,1月_金額,50237,237_リトアニア,2017000000,2017年,16401,千円
30000000,3_鉱物性燃料,140,1月_金額,50237,237_リトアニア,2016000000,2016年,42247,千円
30000000,3_鉱物性燃料,140,1月_金額,50238,238_ウクライナ,2019000000,2019年,341,千円
30000000,3_鉱物性燃料,140,1月_金額,50238,238_ウクライナ,2018000000,2018年,0,千円
30000000,3_鉱物性燃料,140,1月_金額,50245,245_チェコ,2020000000,2020年,0,千円
30000000,3_鉱物性燃料,140,1月_金額,50245,245_チェコ,2019000000,2019年,0,千円
30000000,3_鉱物性燃料,140,1月_金額,50245,245_チェコ,2018000000,2018年,0,千円
30000000,3_鉱物性燃料,140,1月_金額,50245,245_チェコ,2017000000,2017年,0,千円
30000000,3_鉱物性燃料,140,1月_金額,50245,245_チェコ,2016000000,2016年,0,千円
30000000,3_鉱物性燃料,140,1月_金額,50302,302_カナダ,2020000000,2020年,11693555,千円
30000000,3_鉱物性燃料,140,1月_金額,50302,302_カナダ,2019000000,2019年,17524011,千円
30000000,3_鉱物性燃料,140,1月_金額,50302,302_カナダ,2018000000,2018年,15728973,千円
30000000,3_鉱物性燃料,140,1月_金額,50302,302_カナダ,2017000000,2017年,15514448,千円
30000000,3_鉱物性燃料,140,1月_金額,50302,302_カナダ,2016000000,2016年,6324035,千円
30000000,3_鉱物性燃料,140,1月_金額,50304,304_アメリカ合衆国,2020000000,2020年,93943297,千円
30000000,3_鉱物性燃料,140,1月_金額,50304,304_アメリカ合衆国,2019000000,2019年,131047868,千円
30000000,3_鉱物性燃料,140,1月_金額,50304,304_アメリカ合衆国,2018000000,2018年,77923558,千円
30000000,3_鉱物性燃料,140,1月_金額,50304,304_アメリカ合衆国,2017000000,2017年,68480147,千円
30000000,3_鉱物性燃料,140,1月_金額,50304,304_アメリカ合衆国,2016000000,2016年,27420360,千円
30000000,3_鉱物性燃料,140,1月_金額,50305,305_メキシコ,2020000000,2020年,3112584,千円
30000000,3_鉱物性燃料,140,1月_金額,50305,305_メキシコ,2019000000,2019年,1121482,千円
30000000,3_鉱物性燃料,140,1月_金額,50305,305_メキシコ,2018000000,2018年,3120527,千円
30000000,3_鉱物性燃料,140,1月_金額,50305,305_メキシコ,2017000000,2017年,9303806,千円
30000000,3_鉱物性燃料,140,1月_金額,50305,305_メキシコ,2016000000,2016年,12548489,千円
30000000,3_鉱物性燃料,140,1月_金額,50312,312_パナマ,2020000000,2020年,0,千円
30000000,3_鉱物性燃料,140,1月_金額,50312,312_パナマ,2019000000,2019年,0,千円
30000000,3_鉱物性燃料,140,1月_金額,50312,312_パナマ,2018000000,2018年,0,千円
30000000,3_鉱物性燃料,140,1月_金額,50312,312_パナマ,2016000000,2016年,0,千円
30000000,3_鉱物性燃料,140,1月_金額,50315,315_バハマ,2016000000,2016年,0,千円
30000000,3_鉱物性燃料,140,1月_金額,50320,320_トリニダード・トバゴ,2018000000,2018年,3629600,千円
30000000,3_鉱物性燃料,140,1月_金額,50320,320_トリニダード・トバゴ,2017000000,2017年,0,千円
30000000,3_鉱物性燃料,140,1月_金額,50320,320_トリニダード・トバゴ,2016000000,2016年,2828666,千円
30000000,3_鉱物性燃料,140,1月_金額,50323,323_ドミニカ共和国,2019000000,2019年,0,千円
30000000,3_鉱物性燃料,140,1月_金額,50326,326_蘭領アンティール,2019000000,2019年,0,千円
30000000,3_鉱物性燃料,140,1月_金額,50326,326_蘭領アンティール,2018000000,2018年,5980,千円
30000000,3_鉱物性燃料,140,1月_金額,50326,326_蘭領アンティール,2017000000,2017年,0,千円
30000000,3_鉱物性燃料,140,1月_金額,50326,326_蘭領アンティール,2016000000,2016年,10811,千円
30000000,3_鉱物性燃料,140,1月_金額,50327,327_仏領西インド諸島,2017000000,2017年,0,千円
30000000,3_鉱物性燃料,140,1月_金額,50401,401_コロンビア,2020000000,2020年,1414201,千円
30000000,3_鉱物性燃料,140,1月_金額,50401,401_コロンビア,2019000000,2019年,9474430,千円
30000000,3_鉱物性燃料,140,1月_金額,50401,401_コロンビア,2018000000,2018年,3473601,千円
30000000,3_鉱物性燃料,140,1月_金額,50401,401_コロンビア,2017000000,2017年,2001239,千円
30000000,3_鉱物性燃料,140,1月_金額,50401,401_コロンビア,2016000000,2016年,6008150,千円
30000000,3_鉱物性燃料,140,1月_金額,50402,402_ベネズエラ,2017000000,2017年,0,千円
30000000,3_鉱物性燃料,140,1月_金額,50402,402_ベネズエラ,2016000000,2016年,2505601,千円
30000000,3_鉱物性燃料,140,1月_金額,50404,404_スリナム,2016000000,2016年,0,千円
30000000,3_鉱物性燃料,140,1月_金額,50406,406_エクアドル,2020000000,2020年,6038263,千円
30000000,3_鉱物性燃料,140,1月_金額,50406,406_エクアドル,2019000000,2019年,2817945,千円
30000000,3_鉱物性燃料,140,1月_金額,50406,406_エクアドル,2018000000,2018年,6906825,千円
30000000,3_鉱物性燃料,140,1月_金額,50406,406_エクアドル,2017000000,2017年,4985671,千円
30000000,3_鉱物性燃料,140,1月_金額,50406,406_エクアドル,2016000000,2016年,2332480,千円
30000000,3_鉱物性燃料,140,1月_金額,50407,407_ペルー,2020000000,2020年,6608183,千円
30000000,3_鉱物性燃料,140,1月_金額,50407,407_ペルー,2019000000,2019年,0,千円
30000000,3_鉱物性燃料,140,1月_金額,50407,407_ペルー,2018000000,2018年,11599868,千円
30000000,3_鉱物性燃料,140,1月_金額,50407,407_ペルー,2017000000,2017年,6535826,千円
30000000,3_鉱物性燃料,140,1月_金額,50407,407_ペルー,2016000000,2016年,1801709,千円
30000000,3_鉱物性燃料,140,1月_金額,50410,410_ブラジル,2020000000,2020年,291,千円
30000000,3_鉱物性燃料,140,1月_金額,50410,410_ブラジル,2019000000,2019年,1252,千円
30000000,3_鉱物性燃料,140,1月_金額,50410,410_ブラジル,2018000000,2018年,0,千円
30000000,3_鉱物性燃料,140,1月_金額,50410,410_ブラジル,2017000000,2017年,809,千円
30000000,3_鉱物性燃料,140,1月_金額,50410,410_ブラジル,2016000000,2016年,0,千円
30000000,3_鉱物性燃料,140,1月_金額,50503,503_アルジェリア,2020000000,2020年,1425477,千円
30000000,3_鉱物性燃料,140,1月_金額,50503,503_アルジェリア,2019000000,2019年,1902931,千円
30000000,3_鉱物性燃料,140,1月_金額,50503,503_アルジェリア,2018000000,2018年,2154750,千円
30000000,3_鉱物性燃料,140,1月_金額,50503,503_アルジェリア,2017000000,2017年,0,千円
30000000,3_鉱物性燃料,140,1月_金額,50503,503_アルジェリア,2016000000,2016年,6417672,千円
30000000,3_鉱物性燃料,140,1月_金額,50505,505_リビア,2020000000,2020年,0,千円
30000000,3_鉱物性燃料,140,1月_金額,50506,506_エジプト,2020000000,2020年,5202889,千円
30000000,3_鉱物性燃料,140,1月_金額,50506,506_エジプト,2019000000,2019年,401,千円
30000000,3_鉱物性燃料,140,1月_金額,50506,506_エジプト,2018000000,2018年,0,千円
30000000,3_鉱物性燃料,140,1月_金額,50506,506_エジプト,2017000000,2017年,0,千円
30000000,3_鉱物性燃料,140,1月_金額,50506,506_エジプト,2016000000,2016年,3096102,千円
30000000,3_鉱物性燃料,140,1月_金額,50507,507_スーダン,2016000000,2016年,2076026,千円
30000000,3_鉱物性燃料,140,1月_金額,50510,510_セネガル,2017000000,2017年,0,千円
30000000,3_鉱物性燃料,140,1月_金額,50515,515_リベリア,2020000000,2020年,0,千円
30000000,3_鉱物性燃料,140,1月_金額,50515,515_リベリア,2017000000,2017年,0,千円
30000000,3_鉱物性燃料,140,1月_金額,50517,517_ガーナ,2017000000,2017年,0,千円
30000000,3_鉱物性燃料,140,1月_金額,50524,524_ナイジェリア,2020000000,2020年,3584038,千円
30000000,3_鉱物性燃料,140,1月_金額,50524,524_ナイジェリア,2019000000,2019年,0,千円
30000000,3_鉱物性燃料,140,1月_金額,50524,524_ナイジェリア,2018000000,2018年,3161887,千円
30000000,3_鉱物性燃料,140,1月_金額,50524,524_ナイジェリア,2017000000,2017年,8238974,千円
30000000,3_鉱物性燃料,140,1月_金額,50524,524_ナイジェリア,2016000000,2016年,12587785,千円
30000000,3_鉱物性燃料,140,1月_金額,50527,527_カメルーン,2019000000,2019年,0,千円
30000000,3_鉱物性燃料,140,1月_金額,50528,528_チャド,2016000000,2016年,3876670,千円
30000000,3_鉱物性燃料,140,1月_金額,50530,530_赤道ギニア,2019000000,2019年,0,千円
30000000,3_鉱物性燃料,140,1月_金額,50530,530_赤道ギニア,2018000000,2018年,2556468,千円
30000000,3_鉱物性燃料,140,1月_金額,50530,530_赤道ギニア,2017000000,2017年,5641830,千円
30000000,3_鉱物性燃料,140,1月_金額,50530,530_赤道ギニア,2016000000,2016年,0,千円
30000000,3_鉱物性燃料,140,1月_金額,50531,531_ガボン,2019000000,2019年,0,千円
30000000,3_鉱物性燃料,140,1月_金額,50531,531_ガボン,2018000000,2018年,470528,千円
30000000,3_鉱物性燃料,140,1月_金額,50531,531_ガボン,2016000000,2016年,0,千円
30000000,3_鉱物性燃料,140,1月_金額,50532,532_コンゴ共和国,2016000000,2016年,0,千円
30000000,3_鉱物性燃料,140,1月_金額,50535,535_アンゴラ,2020000000,2020年,0,千円
30000000,3_鉱物性燃料,140,1月_金額,50535,535_アンゴラ,2019000000,2019年,0,千円
30000000,3_鉱物性燃料,140,1月_金額,50535,535_アンゴラ,2018000000,2018年,0,千円
30000000,3_鉱物性燃料,140,1月_金額,50535,535_アンゴラ,2017000000,2017年,2524681,千円
30000000,3_鉱物性燃料,140,1月_金額,50535,535_アンゴラ,2016000000,2016年,0,千円
30000000,3_鉱物性燃料,140,1月_金額,50543,543_タンザニア,2018000000,2018年,0,千円
30000000,3_鉱物性燃料,140,1月_金額,50545,545_モザンビーク,2020000000,2020年,0,千円
30000000,3_鉱物性燃料,140,1月_金額,50545,545_モザンビーク,2019000000,2019年,0,千円
30000000,3_鉱物性燃料,140,1月_金額,50545,545_モザンビーク,2018000000,2018年,910391,千円
30000000,3_鉱物性燃料,140,1月_金額,50545,545_モザンビーク,2017000000,2017年,687233,千円
30000000,3_鉱物性燃料,140,1月_金額,50545,545_モザンビーク,2016000000,2016年,0,千円
30000000,3_鉱物性燃料,140,1月_金額,50547,547_モーリシャス,2018000000,2018年,0,千円
30000000,3_鉱物性燃料,140,1月_金額,50551,551_南アフリカ共和国,2020000000,2020年,69961,千円
30000000,3_鉱物性燃料,140,1月_金額,50551,551_南アフリカ共和国,2019000000,2019年,84477,千円
30000000,3_鉱物性燃料,140,1月_金額,50551,551_南アフリカ共和国,2018000000,2018年,48566,千円
30000000,3_鉱物性燃料,140,1月_金額,50551,551_南アフリカ共和国,2017000000,2017年,82442,千円
30000000,3_鉱物性燃料,140,1月_金額,50551,551_南アフリカ共和国,2016000000,2016年,601912,千円
30000000,3_鉱物性燃料,140,1月_金額,50556,556_エスワティニ,2018000000,2018年,0,千円
30000000,3_鉱物性燃料,140,1月_金額,50601,601_オーストラリア,2020000000,2020年,274718068,千円
30000000,3_鉱物性燃料,140,1月_金額,50601,601_オーストラリア,2019000000,2019年,345045015,千円
30000000,3_鉱物性燃料,140,1月_金額,50601,601_オーストラリア,2018000000,2018年,263221104,千円
30000000,3_鉱物性燃料,140,1月_金額,50601,601_オーストラリア,2017000000,2017年,243974066,千円
30000000,3_鉱物性燃料,140,1月_金額,50601,601_オーストラリア,2016000000,2016年,195604212,千円
30000000,3_鉱物性燃料,140,1月_金額,50602,602_パプアニューギニア,2020000000,2020年,15824266,千円
30000000,3_鉱物性燃料,140,1月_金額,50602,602_パプアニューギニア,2019000000,2019年,27934676,千円
30000000,3_鉱物性燃料,140,1月_金額,50602,602_パプアニューギニア,2018000000,2018年,18188555,千円
30000000,3_鉱物性燃料,140,1月_金額,50602,602_パプアニューギニア,2017000000,2017年,13036221,千円
30000000,3_鉱物性燃料,140,1月_金額,50602,602_パプアニューギニア,2016000000,2016年,23108231,千円
30000000,3_鉱物性燃料,140,1月_金額,50606,606_ニュージーランド,2020000000,2020年,0,千円
30000000,3_鉱物性燃料,140,1月_金額,50606,606_ニュージーランド,2019000000,2019年,0,千円
30000000,3_鉱物性燃料,140,1月_金額,50606,606_ニュージーランド,2018000000,2018年,0,千円
30000000,3_鉱物性燃料,140,1月_金額,50606,606_ニュージーランド,2017000000,2017年,0,千円
30000000,3_鉱物性燃料,140,1月_金額,50606,606_ニュージーランド,2016000000,2016年,0,千円
30000000,3_鉱物性燃料,140,1月_金額,50620,620_グアム(米),2020000000,2020年,837,千円
30000000,3_鉱物性燃料,140,1月_金額,50625,625_マーシャル,2018000000,2018年,0,千円
30000000,3_鉱物性燃料,140,1月_金額,50626,626_ミクロネシア,2017000000,2017年,8300,千円
30000000,3_鉱物性燃料,140,1月_金額,50626,626_ミクロネシア,2016000000,2016年,0,千円
30000000,3_鉱物性燃料,140,1月_金額,50702,702_不明,2020000000,2020年,21925,千円
30000000,3_鉱物性燃料,140,1月_金額,50702,702_不明,2019000000,2019年,20961,千円
30000000,3_鉱物性燃料,140,1月_金額,50702,702_不明,2018000000,2018年,34230,千円
30000000,3_鉱物性燃料,140,1月_金額,50702,702_不明,2017000000,2017年,18383,千円
30000000,3_鉱物性燃料,140,1月_金額,50702,702_不明,2016000000,2016年,14229,千円
30000000,3_鉱物性燃料,160,2月_金額,50103,103_大韓民国,2020000000,2020年,48794463,千円
30000000,3_鉱物性燃料,160,2月_金額,50103,103_大韓民国,2019000000,2019年,34557132,千円
30000000,3_鉱物性燃料,160,2月_金額,50103,103_大韓民国,2018000000,2018年,52372801,千円
30000000,3_鉱物性燃料,160,2月_金額,50103,103_大韓民国,2017000000,2017年,29598208,千円
30000000,3_鉱物性燃料,160,2月_金額,50103,103_大韓民国,2016000000,2016年,23782125,千円
30000000,3_鉱物性燃料,160,2月_金額,50105,105_中華人民共和国,2020000000,2020年,13554548,千円
30000000,3_鉱物性燃料,160,2月_金額,50105,105_中華人民共和国,2019000000,2019年,11638661,千円
30000000,3_鉱物性燃料,160,2月_金額,50105,105_中華人民共和国,2018000000,2018年,20227312,千円
30000000,3_鉱物性燃料,160,2月_金額,50105,105_中華人民共和国,2017000000,2017年,4833759,千円
30000000,3_鉱物性燃料,160,2月_金額,50105,105_中華人民共和国,2016000000,2016年,3940694,千円
30000000,3_鉱物性燃料,160,2月_金額,50106,106_台湾,2020000000,2020年,2133249,千円
30000000,3_鉱物性燃料,160,2月_金額,50106,106_台湾,2019000000,2019年,72865,千円
30000000,3_鉱物性燃料,160,2月_金額,50106,106_台湾,2018000000,2018年,129855,千円
30000000,3_鉱物性燃料,160,2月_金額,50106,106_台湾,2017000000,2017年,307259,千円
30000000,3_鉱物性燃料,160,2月_金額,50106,106_台湾,2016000000,2016年,281793,千円
30000000,3_鉱物性燃料,160,2月_金額,50107,107_モンゴル,2017000000,2017年,0,千円
30000000,3_鉱物性燃料,160,2月_金額,50107,107_モンゴル,2016000000,2016年,0,千円
30000000,3_鉱物性燃料,160,2月_金額,50108,108_香港,2020000000,2020年,26284,千円
30000000,3_鉱物性燃料,160,2月_金額,50108,108_香港,2019000000,2019年,19286,千円
30000000,3_鉱物性燃料,160,2月_金額,50108,108_香港,2018000000,2018年,24489,千円
30000000,3_鉱物性燃料,160,2月_金額,50108,108_香港,2017000000,2017年,44914,千円
30000000,3_鉱物性燃料,160,2月_金額,50108,108_香港,2016000000,2016年,4332,千円
30000000,3_鉱物性燃料,160,2月_金額,50110,110_ベトナム,2020000000,2020年,2350928,千円
30000000,3_鉱物性燃料,160,2月_金額,50110,110_ベトナム,2019000000,2019年,2610174,千円
30000000,3_鉱物性燃料,160,2月_金額,50110,110_ベトナム,2018000000,2018年,1334522,千円
30000000,3_鉱物性燃料,160,2月_金額,50110,110_ベトナム,2017000000,2017年,4833506,千円
30000000,3_鉱物性燃料,160,2月_金額,50110,110_ベトナム,2016000000,2016年,1594656,千円
30000000,3_鉱物性燃料,160,2月_金額,50111,111_タイ,2020000000,2020年,220872,千円
30000000,3_鉱物性燃料,160,2月_金額,50111,111_タイ,2019000000,2019年,76428,千円
30000000,3_鉱物性燃料,160,2月_金額,50111,111_タイ,2018000000,2018年,778818,千円
30000000,3_鉱物性燃料,160,2月_金額,50111,111_タイ,2017000000,2017年,654654,千円
30000000,3_鉱物性燃料,160,2月_金額,50111,111_タイ,2016000000,2016年,50973,千円
30000000,3_鉱物性燃料,160,2月_金額,50112,112_シンガポール,2020000000,2020年,933011,千円
30000000,3_鉱物性燃料,160,2月_金額,50112,112_シンガポール,2019000000,2019年,2718437,千円
30000000,3_鉱物性燃料,160,2月_金額,50112,112_シンガポール,2018000000,2018年,10591874,千円
30000000,3_鉱物性燃料,160,2月_金額,50112,112_シンガポール,2017000000,2017年,8378287,千円
30000000,3_鉱物性燃料,160,2月_金額,50112,112_シンガポール,2016000000,2016年,2961422,千円
30000000,3_鉱物性燃料,160,2月_金額,50113,113_マレーシア,2020000000,2020年,52878226,千円
30000000,3_鉱物性燃料,160,2月_金額,50113,113_マレーシア,2019000000,2019年,64976438,千円
30000000,3_鉱物性燃料,160,2月_金額,50113,113_マレーシア,2018000000,2018年,69288323,千円
30000000,3_鉱物性燃料,160,2月_金額,50113,113_マレーシア,2017000000,2017年,71370877,千円
30000000,3_鉱物性燃料,160,2月_金額,50113,113_マレーシア,2016000000,2016年,71067800,千円
30000000,3_鉱物性燃料,160,2月_金額,50116,116_ブルネイ,2020000000,2020年,27298647,千円
30000000,3_鉱物性燃料,160,2月_金額,50116,116_ブルネイ,2019000000,2019年,32290980,千円
30000000,3_鉱物性燃料,160,2月_金額,50116,116_ブルネイ,2018000000,2018年,21565375,千円
30000000,3_鉱物性燃料,160,2月_金額,50116,116_ブルネイ,2017000000,2017年,13957616,千円
30000000,3_鉱物性燃料,160,2月_金額,50116,116_ブルネイ,2016000000,2016年,22764559,千円
30000000,3_鉱物性燃料,160,2月_金額,50117,117_フィリピン,2020000000,2020年,1181366,千円
30000000,3_鉱物性燃料,160,2月_金額,50117,117_フィリピン,2019000000,2019年,0,千円
30000000,3_鉱物性燃料,160,2月_金額,50117,117_フィリピン,2018000000,2018年,4411,千円
30000000,3_鉱物性燃料,160,2月_金額,50117,117_フィリピン,2017000000,2017年,0,千円
30000000,3_鉱物性燃料,160,2月_金額,50117,117_フィリピン,2016000000,2016年,0,千円
30000000,3_鉱物性燃料,160,2月_金額,50118,118_インドネシア,2020000000,2020年,43725812,千円
30000000,3_鉱物性燃料,160,2月_金額,50118,118_インドネシア,2019000000,2019年,73927601,千円
30000000,3_鉱物性燃料,160,2月_金額,50118,118_インドネシア,2018000000,2018年,65724470,千円
30000000,3_鉱物性燃料,160,2月_金額,50118,118_インドネシア,2017000000,2017年,63798655,千円
30000000,3_鉱物性燃料,160,2月_金額,50118,118_インドネシア,2016000000,2016年,65143452,千円
30000000,3_鉱物性燃料,160,2月_金額,50123,123_インド,2020000000,2020年,11049898,千円
30000000,3_鉱物性燃料,160,2月_金額,50123,123_インド,2019000000,2019年,5066141,千円
30000000,3_鉱物性燃料,160,2月_金額,50123,123_インド,2018000000,2018年,20678237,千円
30000000,3_鉱物性燃料,160,2月_金額,50123,123_インド,2017000000,2017年,12597972,千円
30000000,3_鉱物性燃料,160,2月_金額,50123,123_インド,2016000000,2016年,2946016,千円
30000000,3_鉱物性燃料,160,2月_金額,50124,124_パキスタン,2020000000,2020年,0,千円
30000000,3_鉱物性燃料,160,2月_金額,50124,124_パキスタン,2019000000,2019年,0,千円
30000000,3_鉱物性燃料,160,2月_金額,50124,124_パキスタン,2018000000,2018年,0,千円
30000000,3_鉱物性燃料,160,2月_金額,50124,124_パキスタン,2017000000,2017年,240971,千円
30000000,3_鉱物性燃料,160,2月_金額,50124,124_パキスタン,2016000000,2016年,0,千円
30000000,3_鉱物性燃料,160,2月_金額,50125,125_スリランカ,2020000000,2020年,363414,千円
30000000,3_鉱物性燃料,160,2月_金額,50125,125_スリランカ,2018000000,2018年,2100,千円
30000000,3_鉱物性燃料,160,2月_金額,50125,125_スリランカ,2017000000,2017年,0,千円
30000000,3_鉱物性燃料,160,2月_金額,50125,125_スリランカ,2016000000,2016年,2634,千円
30000000,3_鉱物性燃料,160,2月_金額,50127,127_バングラデシュ,2019000000,2019年,0,千円
30000000,3_鉱物性燃料,160,2月_金額,50128,128_東ティモール,2020000000,2020年,0,千円
30000000,3_鉱物性燃料,160,2月_金額,50128,128_東ティモール,2019000000,2019年,0,千円
30000000,3_鉱物性燃料,160,2月_金額,50129,129_マカオ,2018000000,2018年,0,千円
30000000,3_鉱物性燃料,160,2月_金額,50133,133_イラン,2019000000,2019年,13941760,千円
30000000,3_鉱物性燃料,160,2月_金額,50133,133_イラン,2018000000,2018年,32309376,千円
30000000,3_鉱物性燃料,160,2月_金額,50133,133_イラン,2017000000,2017年,47768658,千円
30000000,3_鉱物性燃料,160,2月_金額,50133,133_イラン,2016000000,2016年,24521087,千円
30000000,3_鉱物性燃料,160,2月_金額,50134,134_イラク,2020000000,2020年,0,千円
30000000,3_鉱物性燃料,160,2月_金額,50134,134_イラク,2019000000,2019年,0,千円
30000000,3_鉱物性燃料,160,2月_金額,50134,134_イラク,2018000000,2018年,15307172,千円
30000000,3_鉱物性燃料,160,2月_金額,50134,134_イラク,2017000000,2017年,11331003,千円
30000000,3_鉱物性燃料,160,2月_金額,50134,134_イラク,2016000000,2016年,5538734,千円
30000000,3_鉱物性燃料,160,2月_金額,50135,135_バーレーン,2020000000,2020年,0,千円
30000000,3_鉱物性燃料,160,2月_金額,50135,135_バーレーン,2019000000,2019年,11447735,千円
30000000,3_鉱物性燃料,160,2月_金額,50135,135_バーレーン,2018000000,2018年,4113263,千円
30000000,3_鉱物性燃料,160,2月_金額,50135,135_バーレーン,2017000000,2017年,866694,千円
30000000,3_鉱物性燃料,160,2月_金額,50135,135_バーレーン,2016000000,2016年,2457076,千円
30000000,3_鉱物性燃料,160,2月_金額,50137,137_サウジアラビア,2020000000,2020年,218847581,千円
30000000,3_鉱物性燃料,160,2月_金額,50137,137_サウジアラビア,2019000000,2019年,247202906,千円
30000000,3_鉱物性燃料,160,2月_金額,50137,137_サウジアラビア,2018000000,2018年,302877241,千円
30000000,3_鉱物性燃料,160,2月_金額,50137,137_サウジアラビア,2017000000,2017年,256822749,千円
30000000,3_鉱物性燃料,160,2月_金額,50137,137_サウジアラビア,2016000000,2016年,140280553,千円
30000000,3_鉱物性燃料,160,2月_金額,50138,138_クウェート,2020000000,2020年,55341808,千円
30000000,3_鉱物性燃料,160,2月_金額,50138,138_クウェート,2019000000,2019年,62320578,千円
30000000,3_鉱物性燃料,160,2月_金額,50138,138_クウェート,2018000000,2018年,49937861,千円
30000000,3_鉱物性燃料,160,2月_金額,50138,138_クウェート,2017000000,2017年,68782107,千円
30000000,3_鉱物性燃料,160,2月_金額,50138,138_クウェート,2016000000,2016年,36044843,千円
30000000,3_鉱物性燃料,160,2月_金額,50140,140_カタール,2020000000,2020年,126691493,千円
30000000,3_鉱物性燃料,160,2月_金額,50140,140_カタール,2019000000,2019年,134875198,千円
30000000,3_鉱物性燃料,160,2月_金額,50140,140_カタール,2018000000,2018年,112926668,千円
30000000,3_鉱物性燃料,160,2月_金額,50140,140_カタール,2017000000,2017年,113164867,千円
30000000,3_鉱物性燃料,160,2月_金額,50140,140_カタール,2016000000,2016年,107454532,千円
30000000,3_鉱物性燃料,160,2月_金額,50141,141_オマーン,2020000000,2020年,16841130,千円
30000000,3_鉱物性燃料,160,2月_金額,50141,141_オマーン,2019000000,2019年,12135669,千円
30000000,3_鉱物性燃料,160,2月_金額,50141,141_オマーン,2018000000,2018年,20413728,千円
30000000,3_鉱物性燃料,160,2月_金額,50141,141_オマーン,2017000000,2017年,14713152,千円
30000000,3_鉱物性燃料,160,2月_金額,50141,141_オマーン,2016000000,2016年,18696098,千円
30000000,3_鉱物性燃料,160,2月_金額,50143,143_イスラエル,2020000000,2020年,3153,千円
30000000,3_鉱物性燃料,160,2月_金額,50143,143_イスラエル,2019000000,2019年,0,千円
30000000,3_鉱物性燃料,160,2月_金額,50143,143_イスラエル,2018000000,2018年,333,千円
30000000,3_鉱物性燃料,160,2月_金額,50143,143_イスラエル,2017000000,2017年,0,千円
30000000,3_鉱物性燃料,160,2月_金額,50143,143_イスラエル,2016000000,2016年,4881,千円
30000000,3_鉱物性燃料,160,2月_金額,50147,147_アラブ首長国連邦,2020000000,2020年,238347212,千円
30000000,3_鉱物性燃料,160,2月_金額,50147,147_アラブ首長国連邦,2019000000,2019年,193764435,千円
30000000,3_鉱物性燃料,160,2月_金額,50147,147_アラブ首長国連邦,2018000000,2018年,190846634,千円
30000000,3_鉱物性燃料,160,2月_金額,50147,147_アラブ首長国連邦,2017000000,2017年,183131433,千円
30000000,3_鉱物性燃料,160,2月_金額,50147,147_アラブ首長国連邦,2016000000,2016年,126755137,千円
30000000,3_鉱物性燃料,160,2月_金額,50149,149_イエメン,2018000000,2018年,0,千円
30000000,3_鉱物性燃料,160,2月_金額,50150,150_アゼルバイジャン,2020000000,2020年,0,千円
30000000,3_鉱物性燃料,160,2月_金額,50153,153_カザフスタン,2020000000,2020年,2351034,千円
30000000,3_鉱物性燃料,160,2月_金額,50153,153_カザフスタン,2019000000,2019年,3659658,千円
30000000,3_鉱物性燃料,160,2月_金額,50153,153_カザフスタン,2018000000,2018年,3664771,千円
30000000,3_鉱物性燃料,160,2月_金額,50153,153_カザフスタン,2017000000,2017年,4375485,千円
30000000,3_鉱物性燃料,160,2月_金額,50153,153_カザフスタン,2016000000,2016年,7400647,千円
30000000,3_鉱物性燃料,160,2月_金額,50202,202_ノルウェー,2020000000,2020年,0,千円
30000000,3_鉱物性燃料,160,2月_金額,50202,202_ノルウェー,2019000000,2019年,3193209,千円
30000000,3_鉱物性燃料,160,2月_金額,50202,202_ノルウェー,2018000000,2018年,967336,千円
30000000,3_鉱物性燃料,160,2月_金額,50202,202_ノルウェー,2017000000,2017年,9746,千円
30000000,3_鉱物性燃料,160,2月_金額,50202,202_ノルウェー,2016000000,2016年,3668016,千円
30000000,3_鉱物性燃料,160,2月_金額,50203,203_スウェーデン,2020000000,2020年,16531,千円
30000000,3_鉱物性燃料,160,2月_金額,50203,203_スウェーデン,2019000000,2019年,10198,千円
30000000,3_鉱物性燃料,160,2月_金額,50203,203_スウェーデン,2018000000,2018年,14104,千円
30000000,3_鉱物性燃料,160,2月_金額,50203,203_スウェーデン,2017000000,2017年,25407,千円
30000000,3_鉱物性燃料,160,2月_金額,50203,203_スウェーデン,2016000000,2016年,27241,千円
30000000,3_鉱物性燃料,160,2月_金額,50204,204_デンマーク,2020000000,2020年,1877,千円
30000000,3_鉱物性燃料,160,2月_金額,50204,204_デンマーク,2019000000,2019年,2220,千円
30000000,3_鉱物性燃料,160,2月_金額,50204,204_デンマーク,2018000000,2018年,4080,千円
30000000,3_鉱物性燃料,160,2月_金額,50204,204_デンマーク,2017000000,2017年,1633,千円
30000000,3_鉱物性燃料,160,2月_金額,50204,204_デンマーク,2016000000,2016年,1622,千円
30000000,3_鉱物性燃料,160,2月_金額,50205,205_英国,2020000000,2020年,35914,千円
30000000,3_鉱物性燃料,160,2月_金額,50205,205_英国,2019000000,2019年,9787,千円
30000000,3_鉱物性燃料,160,2月_金額,50205,205_英国,2018000000,2018年,27749,千円
30000000,3_鉱物性燃料,160,2月_金額,50205,205_英国,2017000000,2017年,13621,千円
30000000,3_鉱物性燃料,160,2月_金額,50205,205_英国,2016000000,2016年,91906,千円
30000000,3_鉱物性燃料,160,2月_金額,50206,206_アイルランド,2020000000,2020年,0,千円
30000000,3_鉱物性燃料,160,2月_金額,50206,206_アイルランド,2019000000,2019年,1921,千円
30000000,3_鉱物性燃料,160,2月_金額,50206,206_アイルランド,2018000000,2018年,473,千円
30000000,3_鉱物性燃料,160,2月_金額,50206,206_アイルランド,2017000000,2017年,2718,千円
30000000,3_鉱物性燃料,160,2月_金額,50206,206_アイルランド,2016000000,2016年,2702,千円
30000000,3_鉱物性燃料,160,2月_金額,50207,207_オランダ,2020000000,2020年,11270,千円
30000000,3_鉱物性燃料,160,2月_金額,50207,207_オランダ,2019000000,2019年,44030,千円
30000000,3_鉱物性燃料,160,2月_金額,50207,207_オランダ,2018000000,2018年,4139988,千円
30000000,3_鉱物性燃料,160,2月_金額,50207,207_オランダ,2017000000,2017年,26057,千円
30000000,3_鉱物性燃料,160,2月_金額,50207,207_オランダ,2016000000,2016年,71648,千円
30000000,3_鉱物性燃料,160,2月_金額,50208,208_ベルギー,2020000000,2020年,65075,千円
30000000,3_鉱物性燃料,160,2月_金額,50208,208_ベルギー,2019000000,2019年,47842,千円
30000000,3_鉱物性燃料,160,2月_金額,50208,208_ベルギー,2018000000,2018年,67580,千円
30000000,3_鉱物性燃料,160,2月_金額,50208,208_ベルギー,2017000000,2017年,90741,千円
30000000,3_鉱物性燃料,160,2月_金額,50208,208_ベルギー,2016000000,2016年,100301,千円
30000000,3_鉱物性燃料,160,2月_金額,50210,210_フランス,2020000000,2020年,283512,千円
30000000,3_鉱物性燃料,160,2月_金額,50210,210_フランス,2019000000,2019年,168740,千円
30000000,3_鉱物性燃料,160,2月_金額,50210,210_フランス,2018000000,2018年,214843,千円
30000000,3_鉱物性燃料,160,2月_金額,50210,210_フランス,2017000000,2017年,2405858,千円
30000000,3_鉱物性燃料,160,2月_金額,50210,210_フランス,2016000000,2016年,2982922,千円
30000000,3_鉱物性燃料,160,2月_金額,50213,213_ドイツ,2020000000,2020年,168311,千円
30000000,3_鉱物性燃料,160,2月_金額,50213,213_ドイツ,2019000000,2019年,177090,千円
30000000,3_鉱物性燃料,160,2月_金額,50213,213_ドイツ,2018000000,2018年,218336,千円
30000000,3_鉱物性燃料,160,2月_金額,50213,213_ドイツ,2017000000,2017年,184483,千円
30000000,3_鉱物性燃料,160,2月_金額,50213,213_ドイツ,2016000000,2016年,237792,千円
30000000,3_鉱物性燃料,160,2月_金額,50215,215_スイス,2020000000,2020年,18802,千円
30000000,3_鉱物性燃料,160,2月_金額,50215,215_スイス,2019000000,2019年,16960,千円
30000000,3_鉱物性燃料,160,2月_金額,50215,215_スイス,2018000000,2018年,15548,千円
30000000,3_鉱物性燃料,160,2月_金額,50215,215_スイス,2017000000,2017年,22455,千円
30000000,3_鉱物性燃料,160,2月_金額,50215,215_スイス,2016000000,2016年,21091,千円
30000000,3_鉱物性燃料,160,2月_金額,50218,218_スペイン,2020000000,2020年,16733,千円
30000000,3_鉱物性燃料,160,2月_金額,50218,218_スペイン,2019000000,2019年,8399,千円
30000000,3_鉱物性燃料,160,2月_金額,50218,218_スペイン,2018000000,2018年,774,千円
30000000,3_鉱物性燃料,160,2月_金額,50218,218_スペイン,2017000000,2017年,16314,千円
30000000,3_鉱物性燃料,160,2月_金額,50218,218_スペイン,2016000000,2016年,2387433,千円
30000000,3_鉱物性燃料,160,2月_金額,50220,220_イタリア,2020000000,2020年,4956,千円
30000000,3_鉱物性燃料,160,2月_金額,50220,220_イタリア,2019000000,2019年,6204,千円
30000000,3_鉱物性燃料,160,2月_金額,50220,220_イタリア,2018000000,2018年,31679,千円
30000000,3_鉱物性燃料,160,2月_金額,50220,220_イタリア,2017000000,2017年,7151,千円
30000000,3_鉱物性燃料,160,2月_金額,50220,220_イタリア,2016000000,2016年,29035,千円
30000000,3_鉱物性燃料,160,2月_金額,50221,221_マルタ,2020000000,2020年,0,千円
30000000,3_鉱物性燃料,160,2月_金額,50222,222_フィンランド,2020000000,2020年,7808,千円
30000000,3_鉱物性燃料,160,2月_金額,50222,222_フィンランド,2019000000,2019年,689,千円
30000000,3_鉱物性燃料,160,2月_金額,50222,222_フィンランド,2018000000,2018年,1780,千円
30000000,3_鉱物性燃料,160,2月_金額,50222,222_フィンランド,2017000000,2017年,3167,千円
30000000,3_鉱物性燃料,160,2月_金額,50222,222_フィンランド,2016000000,2016年,5079,千円
30000000,3_鉱物性燃料,160,2月_金額,50223,223_ポーランド,2020000000,2020年,860,千円
30000000,3_鉱物性燃料,160,2月_金額,50223,223_ポーランド,2019000000,2019年,2991,千円
30000000,3_鉱物性燃料,160,2月_金額,50223,223_ポーランド,2018000000,2018年,0,千円
30000000,3_鉱物性燃料,160,2月_金額,50223,223_ポーランド,2017000000,2017年,0,千円
30000000,3_鉱物性燃料,160,2月_金額,50223,223_ポーランド,2016000000,2016年,11403,千円
30000000,3_鉱物性燃料,160,2月_金額,50224,224_ロシア,2020000000,2020年,81724703,千円
30000000,3_鉱物性燃料,160,2月_金額,50224,224_ロシア,2019000000,2019年,84176926,千円
30000000,3_鉱物性燃料,160,2月_金額,50224,224_ロシア,2018000000,2018年,95068192,千円
30000000,3_鉱物性燃料,160,2月_金額,50224,224_ロシア,2017000000,2017年,113754159,千円
30000000,3_鉱物性燃料,160,2月_金額,50224,224_ロシア,2016000000,2016年,55768327,千円
30000000,3_鉱物性燃料,160,2月_金額,50225,225_オーストリア,2020000000,2020年,986,千円
30000000,3_鉱物性燃料,160,2月_金額,50225,225_オーストリア,2019000000,2019年,227,千円
30000000,3_鉱物性燃料,160,2月_金額,50225,225_オーストリア,2018000000,2018年,1334,千円
30000000,3_鉱物性燃料,160,2月_金額,50225,225_オーストリア,2017000000,2017年,222,千円
30000000,3_鉱物性燃料,160,2月_金額,50225,225_オーストリア,2016000000,2016年,0,千円
30000000,3_鉱物性燃料,160,2月_金額,50227,227_ハンガリー,2018000000,2018年,0,千円
30000000,3_鉱物性燃料,160,2月_金額,50227,227_ハンガリー,2017000000,2017年,0,千円
30000000,3_鉱物性燃料,160,2月_金額,50227,227_ハンガリー,2016000000,2016年,832,千円
30000000,3_鉱物性燃料,160,2月_金額,50230,230_ギリシャ,2020000000,2020年,0,千円
30000000,3_鉱物性燃料,160,2月_金額,50230,230_ギリシャ,2019000000,2019年,0,千円
30000000,3_鉱物性燃料,160,2月_金額,50230,230_ギリシャ,2018000000,2018年,0,千円
30000000,3_鉱物性燃料,160,2月_金額,50230,230_ギリシャ,2017000000,2017年,588656,千円
30000000,3_鉱物性燃料,160,2月_金額,50230,230_ギリシャ,2016000000,2016年,0,千円
30000000,3_鉱物性燃料,160,2月_金額,50232,232_ブルガリア,2020000000,2020年,0,千円
30000000,3_鉱物性燃料,160,2月_金額,50232,232_ブルガリア,2019000000,2019年,0,千円
30000000,3_鉱物性燃料,160,2月_金額,50234,234_トルコ,2020000000,2020年,5310,千円
30000000,3_鉱物性燃料,160,2月_金額,50234,234_トルコ,2019000000,2019年,0,千円
30000000,3_鉱物性燃料,160,2月_金額,50234,234_トルコ,2018000000,2018年,0,千円
30000000,3_鉱物性燃料,160,2月_金額,50234,234_トルコ,2017000000,2017年,0,千円
30000000,3_鉱物性燃料,160,2月_金額,50234,234_トルコ,2016000000,2016年,489,千円
30000000,3_鉱物性燃料,160,2月_金額,50235,235_エストニア,2020000000,2020年,6998,千円
30000000,3_鉱物性燃料,160,2月_金額,50235,235_エストニア,2019000000,2019年,9968,千円
30000000,3_鉱物性燃料,160,2月_金額,50235,235_エストニア,2018000000,2018年,7877,千円
30000000,3_鉱物性燃料,160,2月_金額,50235,235_エストニア,2017000000,2017年,13805,千円
30000000,3_鉱物性燃料,160,2月_金額,50235,235_エストニア,2016000000,2016年,13620,千円
30000000,3_鉱物性燃料,160,2月_金額,50236,236_ラトビア,2020000000,2020年,82837,千円
30000000,3_鉱物性燃料,160,2月_金額,50236,236_ラトビア,2019000000,2019年,64559,千円
30000000,3_鉱物性燃料,160,2月_金額,50236,236_ラトビア,2018000000,2018年,103065,千円
30000000,3_鉱物性燃料,160,2月_金額,50236,236_ラトビア,2017000000,2017年,53375,千円
30000000,3_鉱物性燃料,160,2月_金額,50236,236_ラトビア,2016000000,2016年,84196,千円
30000000,3_鉱物性燃料,160,2月_金額,50237,237_リトアニア,2020000000,2020年,23769,千円
30000000,3_鉱物性燃料,160,2月_金額,50237,237_リトアニア,2019000000,2019年,28315,千円
30000000,3_鉱物性燃料,160,2月_金額,50237,237_リトアニア,2018000000,2018年,22818,千円
30000000,3_鉱物性燃料,160,2月_金額,50237,237_リトアニア,2017000000,2017年,23000,千円
30000000,3_鉱物性燃料,160,2月_金額,50237,237_リトアニア,2016000000,2016年,27415,千円
30000000,3_鉱物性燃料,160,2月_金額,50238,238_ウクライナ,2019000000,2019年,0,千円
30000000,3_鉱物性燃料,160,2月_金額,50238,238_ウクライナ,2018000000,2018年,244,千円
30000000,3_鉱物性燃料,160,2月_金額,50245,245_チェコ,2020000000,2020年,0,千円
30000000,3_鉱物性燃料,160,2月_金額,50245,245_チェコ,2019000000,2019年,841,千円
30000000,3_鉱物性燃料,160,2月_金額,50245,245_チェコ,2018000000,2018年,0,千円
30000000,3_鉱物性燃料,160,2月_金額,50245,245_チェコ,2017000000,2017年,0,千円
30000000,3_鉱物性燃料,160,2月_金額,50245,245_チェコ,2016000000,2016年,0,千円
30000000,3_鉱物性燃料,160,2月_金額,50302,302_カナダ,2020000000,2020年,14200304,千円
30000000,3_鉱物性燃料,160,2月_金額,50302,302_カナダ,2019000000,2019年,10956267,千円
30000000,3_鉱物性燃料,160,2月_金額,50302,302_カナダ,2018000000,2018年,11882705,千円
30000000,3_鉱物性燃料,160,2月_金額,50302,302_カナダ,2017000000,2017年,8766266,千円
30000000,3_鉱物性燃料,160,2月_金額,50302,302_カナダ,2016000000,2016年,4324443,千円
30000000,3_鉱物性燃料,160,2月_金額,50304,304_アメリカ合衆国,2020000000,2020年,88426137,千円
30000000,3_鉱物性燃料,160,2月_金額,50304,304_アメリカ合衆国,2019000000,2019年,101779999,千円
30000000,3_鉱物性燃料,160,2月_金額,50304,304_アメリカ合衆国,2018000000,2018年,81508549,千円
30000000,3_鉱物性燃料,160,2月_金額,50304,304_アメリカ合衆国,2017000000,2017年,53234196,千円
30000000,3_鉱物性燃料,160,2月_金額,50304,304_アメリカ合衆国,2016000000,2016年,24495579,千円
30000000,3_鉱物性燃料,160,2月_金額,50305,305_メキシコ,2020000000,2020年,5746847,千円
30000000,3_鉱物性燃料,160,2月_金額,50305,305_メキシコ,2019000000,2019年,987239,千円
30000000,3_鉱物性燃料,160,2月_金額,50305,305_メキシコ,2018000000,2018年,12610430,千円
30000000,3_鉱物性燃料,160,2月_金額,50305,305_メキシコ,2017000000,2017年,4448762,千円
30000000,3_鉱物性燃料,160,2月_金額,50305,305_メキシコ,2016000000,2016年,8540539,千円
30000000,3_鉱物性燃料,160,2月_金額,50312,312_パナマ,2020000000,2020年,0,千円
30000000,3_鉱物性燃料,160,2月_金額,50312,312_パナマ,2019000000,2019年,0,千円
30000000,3_鉱物性燃料,160,2月_金額,50312,312_パナマ,2018000000,2018年,0,千円
30000000,3_鉱物性燃料,160,2月_金額,50312,312_パナマ,2016000000,2016年,0,千円
30000000,3_鉱物性燃料,160,2月_金額,50315,315_バハマ,2016000000,2016年,2874541,千円
30000000,3_鉱物性燃料,160,2月_金額,50320,320_トリニダード・トバゴ,2018000000,2018年,0,千円
30000000,3_鉱物性燃料,160,2月_金額,50320,320_トリニダード・トバゴ,2017000000,2017年,0,千円
30000000,3_鉱物性燃料,160,2月_金額,50320,320_トリニダード・トバゴ,2016000000,2016年,0,千円
30000000,3_鉱物性燃料,160,2月_金額,50323,323_ドミニカ共和国,2019000000,2019年,0,千円
30000000,3_鉱物性燃料,160,2月_金額,50326,326_蘭領アンティール,2019000000,2019年,0,千円
30000000,3_鉱物性燃料,160,2月_金額,50326,326_蘭領アンティール,2018000000,2018年,2337,千円
30000000,3_鉱物性燃料,160,2月_金額,50326,326_蘭領アンティール,2017000000,2017年,3203310,千円
30000000,3_鉱物性燃料,160,2月_金額,50326,326_蘭領アンティール,2016000000,2016年,8102,千円
30000000,3_鉱物性燃料,160,2月_金額,50327,327_仏領西インド諸島,2017000000,2017年,0,千円
30000000,3_鉱物性燃料,160,2月_金額,50401,401_コロンビア,2020000000,2020年,0,千円
30000000,3_鉱物性燃料,160,2月_金額,50401,401_コロンビア,2019000000,2019年,709090,千円
30000000,3_鉱物性燃料,160,2月_金額,50401,401_コロンビア,2018000000,2018年,4636275,千円
30000000,3_鉱物性燃料,160,2月_金額,50401,401_コロンビア,2017000000,2017年,4084727,千円
30000000,3_鉱物性燃料,160,2月_金額,50401,401_コロンビア,2016000000,2016年,3531252,千円
30000000,3_鉱物性燃料,160,2月_金額,50402,402_ベネズエラ,2017000000,2017年,8292449,千円
30000000,3_鉱物性燃料,160,2月_金額,50402,402_ベネズエラ,2016000000,2016年,2010584,千円
30000000,3_鉱物性燃料,160,2月_金額,50404,404_スリナム,2016000000,2016年,0,千円
30000000,3_鉱物性燃料,160,2月_金額,50406,406_エクアドル,2020000000,2020年,8092687,千円
30000000,3_鉱物性燃料,160,2月_金額,50406,406_エクアドル,2019000000,2019年,4074488,千円
30000000,3_鉱物性燃料,160,2月_金額,50406,406_エクアドル,2018000000,2018年,4853982,千円
30000000,3_鉱物性燃料,160,2月_金額,50406,406_エクアドル,2017000000,2017年,3673394,千円
30000000,3_鉱物性燃料,160,2月_金額,50406,406_エクアドル,2016000000,2016年,1684710,千円
30000000,3_鉱物性燃料,160,2月_金額,50407,407_ペルー,2020000000,2020年,3896813,千円
30000000,3_鉱物性燃料,160,2月_金額,50407,407_ペルー,2019000000,2019年,1946913,千円
30000000,3_鉱物性燃料,160,2月_金額,50407,407_ペルー,2018000000,2018年,7820778,千円
30000000,3_鉱物性燃料,160,2月_金額,50407,407_ペルー,2017000000,2017年,2111953,千円
30000000,3_鉱物性燃料,160,2月_金額,50407,407_ペルー,2016000000,2016年,0,千円
30000000,3_鉱物性燃料,160,2月_金額,50410,410_ブラジル,2020000000,2020年,0,千円
30000000,3_鉱物性燃料,160,2月_金額,50410,410_ブラジル,2019000000,2019年,0,千円
30000000,3_鉱物性燃料,160,2月_金額,50410,410_ブラジル,2018000000,2018年,1098,千円
30000000,3_鉱物性燃料,160,2月_金額,50410,410_ブラジル,2017000000,2017年,0,千円
30000000,3_鉱物性燃料,160,2月_金額,50410,410_ブラジル,2016000000,2016年,0,千円
30000000,3_鉱物性燃料,160,2月_金額,50503,503_アルジェリア,2020000000,2020年,3996078,千円
30000000,3_鉱物性燃料,160,2月_金額,50503,503_アルジェリア,2019000000,2019年,1246697,千円
30000000,3_鉱物性燃料,160,2月_金額,50503,503_アルジェリア,2018000000,2018年,3453474,千円
30000000,3_鉱物性燃料,160,2月_金額,50503,503_アルジェリア,2017000000,2017年,0,千円
30000000,3_鉱物性燃料,160,2月_金額,50503,503_アルジェリア,2016000000,2016年,4136192,千円
30000000,3_鉱物性燃料,160,2月_金額,50505,505_リビア,2020000000,2020年,2716237,千円
30000000,3_鉱物性燃料,160,2月_金額,50506,506_エジプト,2020000000,2020年,1576426,千円
30000000,3_鉱物性燃料,160,2月_金額,50506,506_エジプト,2019000000,2019年,5435665,千円
30000000,3_鉱物性燃料,160,2月_金額,50506,506_エジプト,2018000000,2018年,306,千円
30000000,3_鉱物性燃料,160,2月_金額,50506,506_エジプト,2017000000,2017年,10479,千円
30000000,3_鉱物性燃料,160,2月_金額,50506,506_エジプト,2016000000,2016年,0,千円
30000000,3_鉱物性燃料,160,2月_金額,50507,507_スーダン,2016000000,2016年,0,千円
30000000,3_鉱物性燃料,160,2月_金額,50510,510_セネガル,2017000000,2017年,0,千円
30000000,3_鉱物性燃料,160,2月_金額,50515,515_リベリア,2020000000,2020年,0,千円
30000000,3_鉱物性燃料,160,2月_金額,50515,515_リベリア,2017000000,2017年,0,千円
30000000,3_鉱物性燃料,160,2月_金額,50517,517_ガーナ,2017000000,2017年,0,千円
30000000,3_鉱物性燃料,160,2月_金額,50524,524_ナイジェリア,2020000000,2020年,1666066,千円
30000000,3_鉱物性燃料,160,2月_金額,50524,524_ナイジェリア,2019000000,2019年,4048404,千円
30000000,3_鉱物性燃料,160,2月_金額,50524,524_ナイジェリア,2018000000,2018年,6901930,千円
30000000,3_鉱物性燃料,160,2月_金額,50524,524_ナイジェリア,2017000000,2017年,12940124,千円
30000000,3_鉱物性燃料,160,2月_金額,50524,524_ナイジェリア,2016000000,2016年,12969840,千円
30000000,3_鉱物性燃料,160,2月_金額,50527,527_カメルーン,2019000000,2019年,0,千円
30000000,3_鉱物性燃料,160,2月_金額,50528,528_チャド,2016000000,2016年,3663376,千円
30000000,3_鉱物性燃料,160,2月_金額,50530,530_赤道ギニア,2019000000,2019年,0,千円
30000000,3_鉱物性燃料,160,2月_金額,50530,530_赤道ギニア,2018000000,2018年,0,千円
30000000,3_鉱物性燃料,160,2月_金額,50530,530_赤道ギニア,2017000000,2017年,3760214,千円
30000000,3_鉱物性燃料,160,2月_金額,50530,530_赤道ギニア,2016000000,2016年,2526699,千円
30000000,3_鉱物性燃料,160,2月_金額,50531,531_ガボン,2019000000,2019年,0,千円
30000000,3_鉱物性燃料,160,2月_金額,50531,531_ガボン,2018000000,2018年,0,千円
30000000,3_鉱物性燃料,160,2月_金額,50531,531_ガボン,2016000000,2016年,3088504,千円
30000000,3_鉱物性燃料,160,2月_金額,50532,532_コンゴ共和国,2016000000,2016年,0,千円
30000000,3_鉱物性燃料,160,2月_金額,50535,535_アンゴラ,2020000000,2020年,0,千円
30000000,3_鉱物性燃料,160,2月_金額,50535,535_アンゴラ,2019000000,2019年,0,千円
30000000,3_鉱物性燃料,160,2月_金額,50535,535_アンゴラ,2018000000,2018年,0,千円
30000000,3_鉱物性燃料,160,2月_金額,50535,535_アンゴラ,2017000000,2017年,0,千円
30000000,3_鉱物性燃料,160,2月_金額,50535,535_アンゴラ,2016000000,2016年,1822256,千円
30000000,3_鉱物性燃料,160,2月_金額,50543,543_タンザニア,2018000000,2018年,0,千円
30000000,3_鉱物性燃料,160,2月_金額,50545,545_モザンビーク,2020000000,2020年,0,千円
30000000,3_鉱物性燃料,160,2月_金額,50545,545_モザンビーク,2019000000,2019年,4624280,千円
30000000,3_鉱物性燃料,160,2月_金額,50545,545_モザンビーク,2018000000,2018年,0,千円
30000000,3_鉱物性燃料,160,2月_金額,50545,545_モザンビーク,2017000000,2017年,1536958,千円
30000000,3_鉱物性燃料,160,2月_金額,50545,545_モザンビーク,2016000000,2016年,1203036,千円
30000000,3_鉱物性燃料,160,2月_金額,50547,547_モーリシャス,2018000000,2018年,0,千円
30000000,3_鉱物性燃料,160,2月_金額,50551,551_南アフリカ共和国,2020000000,2020年,80774,千円
30000000,3_鉱物性燃料,160,2月_金額,50551,551_南アフリカ共和国,2019000000,2019年,31363,千円
30000000,3_鉱物性燃料,160,2月_金額,50551,551_南アフリカ共和国,2018000000,2018年,1042116,千円
30000000,3_鉱物性燃料,160,2月_金額,50551,551_南アフリカ共和国,2017000000,2017年,64122,千円
30000000,3_鉱物性燃料,160,2月_金額,50551,551_南アフリカ共和国,2016000000,2016年,45124,千円
30000000,3_鉱物性燃料,160,2月_金額,50556,556_エスワティニ,2018000000,2018年,0,千円
30000000,3_鉱物性燃料,160,2月_金額,50601,601_オーストラリア,2020000000,2020年,216594518,千円
30000000,3_鉱物性燃料,160,2月_金額,50601,601_オーストラリア,2019000000,2019年,292885164,千円
30000000,3_鉱物性燃料,160,2月_金額,50601,601_オーストラリア,2018000000,2018年,300648484,千円
30000000,3_鉱物性燃料,160,2月_金額,50601,601_オーストラリア,2017000000,2017年,241800792,千円
30000000,3_鉱物性燃料,160,2月_金額,50601,601_オーストラリア,2016000000,2016年,181544538,千円
30000000,3_鉱物性燃料,160,2月_金額,50602,602_パプアニューギニア,2020000000,2020年,16628378,千円
30000000,3_鉱物性燃料,160,2月_金額,50602,602_パプアニューギニア,2019000000,2019年,27001105,千円
30000000,3_鉱物性燃料,160,2月_金額,50602,602_パプアニューギニア,2018000000,2018年,18001088,千円
30000000,3_鉱物性燃料,160,2月_金額,50602,602_パプアニューギニア,2017000000,2017年,17996115,千円
30000000,3_鉱物性燃料,160,2月_金額,50602,602_パプアニューギニア,2016000000,2016年,21292556,千円
30000000,3_鉱物性燃料,160,2月_金額,50606,606_ニュージーランド,2020000000,2020年,0,千円
30000000,3_鉱物性燃料,160,2月_金額,50606,606_ニュージーランド,2019000000,2019年,0,千円
30000000,3_鉱物性燃料,160,2月_金額,50606,606_ニュージーランド,2018000000,2018年,0,千円
30000000,3_鉱物性燃料,160,2月_金額,50606,606_ニュージーランド,2017000000,2017年,0,千円
30000000,3_鉱物性燃料,160,2月_金額,50606,606_ニュージーランド,2016000000,2016年,686723,千円
30000000,3_鉱物性燃料,160,2月_金額,50620,620_グアム(米),2020000000,2020年,0,千円
30000000,3_鉱物性燃料,160,2月_金額,50625,625_マーシャル,2018000000,2018年,0,千円
30000000,3_鉱物性燃料,160,2月_金額,50626,626_ミクロネシア,2017000000,2017年,0,千円
30000000,3_鉱物性燃料,160,2月_金額,50626,626_ミクロネシア,2016000000,2016年,0,千円
30000000,3_鉱物性燃料,160,2月_金額,50702,702_不明,2020000000,2020年,39382,千円
30000000,3_鉱物性燃料,160,2月_金額,50702,702_不明,2019000000,2019年,16715,千円
30000000,3_鉱物性燃料,160,2月_金額,50702,702_不明,2018000000,2018年,36468,千円
30000000,3_鉱物性燃料,160,2月_金額,50702,702_不明,2017000000,2017年,20905,千円
30000000,3_鉱物性燃料,160,2月_金額,50702,702_不明,2016000000,2016年,12396,千円
30000000,3_鉱物性燃料,180,3月_金額,50103,103_大韓民国,2020000000,2020年,32524221,千円
30000000,3_鉱物性燃料,180,3月_金額,50103,103_大韓民国,2019000000,2019年,40414121,千円
30000000,3_鉱物性燃料,180,3月_金額,50103,103_大韓民国,2018000000,2018年,53888905,千円
30000000,3_鉱物性燃料,180,3月_金額,50103,103_大韓民国,2017000000,2017年,25969375,千円
30000000,3_鉱物性燃料,180,3月_金額,50103,103_大韓民国,2016000000,2016年,12309327,千円
30000000,3_鉱物性燃料,180,3月_金額,50105,105_中華人民共和国,2020000000,2020年,7503492,千円
30000000,3_鉱物性燃料,180,3月_金額,50105,105_中華人民共和国,2019000000,2019年,8226671,千円
30000000,3_鉱物性燃料,180,3月_金額,50105,105_中華人民共和国,2018000000,2018年,11116730,千円
30000000,3_鉱物性燃料,180,3月_金額,50105,105_中華人民共和国,2017000000,2017年,8042264,千円
30000000,3_鉱物性燃料,180,3月_金額,50105,105_中華人民共和国,2016000000,2016年,6398319,千円
30000000,3_鉱物性燃料,180,3月_金額,50106,106_台湾,2020000000,2020年,164264,千円
30000000,3_鉱物性燃料,180,3月_金額,50106,106_台湾,2019000000,2019年,85605,千円
30000000,3_鉱物性燃料,180,3月_金額,50106,106_台湾,2018000000,2018年,274948,千円
30000000,3_鉱物性燃料,180,3月_金額,50106,106_台湾,2017000000,2017年,125656,千円
30000000,3_鉱物性燃料,180,3月_金額,50106,106_台湾,2016000000,2016年,541871,千円
30000000,3_鉱物性燃料,180,3月_金額,50107,107_モンゴル,2017000000,2017年,0,千円
30000000,3_鉱物性燃料,180,3月_金額,50107,107_モンゴル,2016000000,2016年,1956,千円
30000000,3_鉱物性燃料,180,3月_金額,50108,108_香港,2020000000,2020年,29504,千円
30000000,3_鉱物性燃料,180,3月_金額,50108,108_香港,2019000000,2019年,22179,千円
30000000,3_鉱物性燃料,180,3月_金額,50108,108_香港,2018000000,2018年,21449,千円
30000000,3_鉱物性燃料,180,3月_金額,50108,108_香港,2017000000,2017年,14665,千円
30000000,3_鉱物性燃料,180,3月_金額,50108,108_香港,2016000000,2016年,11932,千円
30000000,3_鉱物性燃料,180,3月_金額,50110,110_ベトナム,2020000000,2020年,613199,千円
30000000,3_鉱物性燃料,180,3月_金額,50110,110_ベトナム,2019000000,2019年,927284,千円
30000000,3_鉱物性燃料,180,3月_金額,50110,110_ベトナム,2018000000,2018年,2973211,千円
30000000,3_鉱物性燃料,180,3月_金額,50110,110_ベトナム,2017000000,2017年,5000933,千円
30000000,3_鉱物性燃料,180,3月_金額,50110,110_ベトナム,2016000000,2016年,1408054,千円
30000000,3_鉱物性燃料,180,3月_金額,50111,111_タイ,2020000000,2020年,353890,千円
30000000,3_鉱物性燃料,180,3月_金額,50111,111_タイ,2019000000,2019年,335875,千円
30000000,3_鉱物性燃料,180,3月_金額,50111,111_タイ,2018000000,2018年,1362594,千円
30000000,3_鉱物性燃料,180,3月_金額,50111,111_タイ,2017000000,2017年,773226,千円
30000000,3_鉱物性燃料,180,3月_金額,50111,111_タイ,2016000000,2016年,2209906,千円
30000000,3_鉱物性燃料,180,3月_金額,50112,112_シンガポール,2020000000,2020年,1416929,千円
30000000,3_鉱物性燃料,180,3月_金額,50112,112_シンガポール,2019000000,2019年,3210520,千円
30000000,3_鉱物性燃料,180,3月_金額,50112,112_シンガポール,2018000000,2018年,7367096,千円
30000000,3_鉱物性燃料,180,3月_金額,50112,112_シンガポール,2017000000,2017年,4543986,千円
30000000,3_鉱物性燃料,180,3月_金額,50112,112_シンガポール,2016000000,2016年,5165140,千円
30000000,3_鉱物性燃料,180,3月_金額,50113,113_マレーシア,2020000000,2020年,62711373,千円
30000000,3_鉱物性燃料,180,3月_金額,50113,113_マレーシア,2019000000,2019年,60698160,千円
30000000,3_鉱物性燃料,180,3月_金額,50113,113_マレーシア,2018000000,2018年,77293935,千円
30000000,3_鉱物性燃料,180,3月_金額,50113,113_マレーシア,2017000000,2017年,71321979,千円
30000000,3_鉱物性燃料,180,3月_金額,50113,113_マレーシア,2016000000,2016年,80747253,千円
30000000,3_鉱物性燃料,180,3月_金額,50116,116_ブルネイ,2020000000,2020年,21267965,千円
30000000,3_鉱物性燃料,180,3月_金額,50116,116_ブルネイ,2019000000,2019年,21968944,千円
30000000,3_鉱物性燃料,180,3月_金額,50116,116_ブルネイ,2018000000,2018年,25769203,千円
30000000,3_鉱物性燃料,180,3月_金額,50116,116_ブルネイ,2017000000,2017年,14287227,千円
30000000,3_鉱物性燃料,180,3月_金額,50116,116_ブルネイ,2016000000,2016年,15390459,千円
30000000,3_鉱物性燃料,180,3月_金額,50117,117_フィリピン,2020000000,2020年,1488,千円
30000000,3_鉱物性燃料,180,3月_金額,50117,117_フィリピン,2019000000,2019年,13843,千円
30000000,3_鉱物性燃料,180,3月_金額,50117,117_フィリピン,2018000000,2018年,0,千円
30000000,3_鉱物性燃料,180,3月_金額,50117,117_フィリピン,2017000000,2017年,330252,千円
30000000,3_鉱物性燃料,180,3月_金額,50117,117_フィリピン,2016000000,2016年,0,千円
30000000,3_鉱物性燃料,180,3月_金額,50118,118_インドネシア,2020000000,2020年,39137750,千円
30000000,3_鉱物性燃料,180,3月_金額,50118,118_インドネシア,2019000000,2019年,54504278,千円
30000000,3_鉱物性燃料,180,3月_金額,50118,118_インドネシア,2018000000,2018年,64505888,千円
30000000,3_鉱物性燃料,180,3月_金額,50118,118_インドネシア,2017000000,2017年,65933153,千円
30000000,3_鉱物性燃料,180,3月_金額,50118,118_インドネシア,2016000000,2016年,61919332,千円
30000000,3_鉱物性燃料,180,3月_金額,50123,123_インド,2020000000,2020年,7151338,千円
30000000,3_鉱物性燃料,180,3月_金額,50123,123_インド,2019000000,2019年,4338655,千円
30000000,3_鉱物性燃料,180,3月_金額,50123,123_インド,2018000000,2018年,8271337,千円
30000000,3_鉱物性燃料,180,3月_金額,50123,123_インド,2017000000,2017年,12461368,千円
30000000,3_鉱物性燃料,180,3月_金額,50123,123_インド,2016000000,2016年,8398197,千円
30000000,3_鉱物性燃料,180,3月_金額,50124,124_パキスタン,2020000000,2020年,0,千円
30000000,3_鉱物性燃料,180,3月_金額,50124,124_パキスタン,2019000000,2019年,0,千円
30000000,3_鉱物性燃料,180,3月_金額,50124,124_パキスタン,2018000000,2018年,0,千円
30000000,3_鉱物性燃料,180,3月_金額,50124,124_パキスタン,2017000000,2017年,948667,千円
30000000,3_鉱物性燃料,180,3月_金額,50124,124_パキスタン,2016000000,2016年,649936,千円
30000000,3_鉱物性燃料,180,3月_金額,50125,125_スリランカ,2020000000,2020年,608,千円
30000000,3_鉱物性燃料,180,3月_金額,50125,125_スリランカ,2018000000,2018年,3215,千円
30000000,3_鉱物性燃料,180,3月_金額,50125,125_スリランカ,2017000000,2017年,0,千円
30000000,3_鉱物性燃料,180,3月_金額,50125,125_スリランカ,2016000000,2016年,0,千円
30000000,3_鉱物性燃料,180,3月_金額,50127,127_バングラデシュ,2019000000,2019年,1577,千円
30000000,3_鉱物性燃料,180,3月_金額,50128,128_東ティモール,2020000000,2020年,0,千円
30000000,3_鉱物性燃料,180,3月_金額,50128,128_東ティモール,2019000000,2019年,0,千円
30000000,3_鉱物性燃料,180,3月_金額,50129,129_マカオ,2018000000,2018年,0,千円
30000000,3_鉱物性燃料,180,3月_金額,50133,133_イラン,2019000000,2019年,63580744,千円
30000000,3_鉱物性燃料,180,3月_金額,50133,133_イラン,2018000000,2018年,58119666,千円
30000000,3_鉱物性燃料,180,3月_金額,50133,133_イラン,2017000000,2017年,48598121,千円
30000000,3_鉱物性燃料,180,3月_金額,50133,133_イラン,2016000000,2016年,24800049,千円
30000000,3_鉱物性燃料,180,3月_金額,50134,134_イラク,2020000000,2020年,0,千円
30000000,3_鉱物性燃料,180,3月_金額,50134,134_イラク,2019000000,2019年,6209759,千円
30000000,3_鉱物性燃料,180,3月_金額,50134,134_イラク,2018000000,2018年,13328015,千円
30000000,3_鉱物性燃料,180,3月_金額,50134,134_イラク,2017000000,2017年,12145011,千円
30000000,3_鉱物性燃料,180,3月_金額,50134,134_イラク,2016000000,2016年,6127558,千円
30000000,3_鉱物性燃料,180,3月_金額,50135,135_バーレーン,2020000000,2020年,0,千円
30000000,3_鉱物性燃料,180,3月_金額,50135,135_バーレーン,2019000000,2019年,12736162,千円
30000000,3_鉱物性燃料,180,3月_金額,50135,135_バーレーン,2018000000,2018年,9454465,千円
30000000,3_鉱物性燃料,180,3月_金額,50135,135_バーレーン,2017000000,2017年,3278213,千円
30000000,3_鉱物性燃料,180,3月_金額,50135,135_バーレーン,2016000000,2016年,4519158,千円
30000000,3_鉱物性燃料,180,3月_金額,50137,137_サウジアラビア,2020000000,2020年,225006162,千円
30000000,3_鉱物性燃料,180,3月_金額,50137,137_サウジアラビア,2019000000,2019年,277043325,千円
30000000,3_鉱物性燃料,180,3月_金額,50137,137_サウジアラビア,2018000000,2018年,267467997,千円
30000000,3_鉱物性燃料,180,3月_金額,50137,137_サウジアラビア,2017000000,2017年,301240332,千円
30000000,3_鉱物性燃料,180,3月_金額,50137,137_サウジアラビア,2016000000,2016年,171407165,千円
30000000,3_鉱物性燃料,180,3月_金額,50138,138_クウェート,2020000000,2020年,65263970,千円
30000000,3_鉱物性燃料,180,3月_金額,50138,138_クウェート,2019000000,2019年,38418694,千円
30000000,3_鉱物性燃料,180,3月_金額,50138,138_クウェート,2018000000,2018年,60166648,千円
30000000,3_鉱物性燃料,180,3月_金額,50138,138_クウェート,2017000000,2017年,59999233,千円
30000000,3_鉱物性燃料,180,3月_金額,50138,138_クウェート,2016000000,2016年,46573553,千円
30000000,3_鉱物性燃料,180,3月_金額,50140,140_カタール,2020000000,2020年,132447243,千円
30000000,3_鉱物性燃料,180,3月_金額,50140,140_カタール,2019000000,2019年,120035900,千円
30000000,3_鉱物性燃料,180,3月_金額,50140,140_カタール,2018000000,2018年,156777820,千円
30000000,3_鉱物性燃料,180,3月_金額,50140,140_カタール,2017000000,2017年,139157213,千円
30000000,3_鉱物性燃料,180,3月_金額,50140,140_カタール,2016000000,2016年,117016014,千円
30000000,3_鉱物性燃料,180,3月_金額,50141,141_オマーン,2020000000,2020年,6871723,千円
30000000,3_鉱物性燃料,180,3月_金額,50141,141_オマーン,2019000000,2019年,28275248,千円
30000000,3_鉱物性燃料,180,3月_金額,50141,141_オマーン,2018000000,2018年,25346588,千円
30000000,3_鉱物性燃料,180,3月_金額,50141,141_オマーン,2017000000,2017年,23989177,千円
30000000,3_鉱物性燃料,180,3月_金額,50141,141_オマーン,2016000000,2016年,11528292,千円
30000000,3_鉱物性燃料,180,3月_金額,50143,143_イスラエル,2020000000,2020年,0,千円
30000000,3_鉱物性燃料,180,3月_金額,50143,143_イスラエル,2019000000,2019年,3791,千円
30000000,3_鉱物性燃料,180,3月_金額,50143,143_イスラエル,2018000000,2018年,2362,千円
30000000,3_鉱物性燃料,180,3月_金額,50143,143_イスラエル,2017000000,2017年,4098,千円
30000000,3_鉱物性燃料,180,3月_金額,50143,143_イスラエル,2016000000,2016年,810,千円
30000000,3_鉱物性燃料,180,3月_金額,50147,147_アラブ首長国連邦,2020000000,2020年,239599066,千円
30000000,3_鉱物性燃料,180,3月_金額,50147,147_アラブ首長国連邦,2019000000,2019年,190883165,千円
30000000,3_鉱物性燃料,180,3月_金額,50147,147_アラブ首長国連邦,2018000000,2018年,230425242,千円
30000000,3_鉱物性燃料,180,3月_金額,50147,147_アラブ首長国連邦,2017000000,2017年,192142903,千円
30000000,3_鉱物性燃料,180,3月_金額,50147,147_アラブ首長国連邦,2016000000,2016年,147751727,千円
30000000,3_鉱物性燃料,180,3月_金額,50149,149_イエメン,2018000000,2018年,0,千円
30000000,3_鉱物性燃料,180,3月_金額,50150,150_アゼルバイジャン,2020000000,2020年,0,千円
30000000,3_鉱物性燃料,180,3月_金額,50153,153_カザフスタン,2020000000,2020年,21545166,千円
30000000,3_鉱物性燃料,180,3月_金額,50153,153_カザフスタン,2019000000,2019年,0,千円
30000000,3_鉱物性燃料,180,3月_金額,50153,153_カザフスタン,2018000000,2018年,14760047,千円
30000000,3_鉱物性燃料,180,3月_金額,50153,153_カザフスタン,2017000000,2017年,0,千円
30000000,3_鉱物性燃料,180,3月_金額,50153,153_カザフスタン,2016000000,2016年,6071674,千円
30000000,3_鉱物性燃料,180,3月_金額,50202,202_ノルウェー,2020000000,2020年,908,千円
30000000,3_鉱物性燃料,180,3月_金額,50202,202_ノルウェー,2019000000,2019年,3740378,千円
30000000,3_鉱物性燃料,180,3月_金額,50202,202_ノルウェー,2018000000,2018年,3279725,千円
30000000,3_鉱物性燃料,180,3月_金額,50202,202_ノルウェー,2017000000,2017年,4158118,千円
30000000,3_鉱物性燃料,180,3月_金額,50202,202_ノルウェー,2016000000,2016年,1947134,千円
30000000,3_鉱物性燃料,180,3月_金額,50203,203_スウェーデン,2020000000,2020年,4862,千円
30000000,3_鉱物性燃料,180,3月_金額,50203,203_スウェーデン,2019000000,2019年,21139,千円
30000000,3_鉱物性燃料,180,3月_金額,50203,203_スウェーデン,2018000000,2018年,20419,千円
30000000,3_鉱物性燃料,180,3月_金額,50203,203_スウェーデン,2017000000,2017年,28811,千円
30000000,3_鉱物性燃料,180,3月_金額,50203,203_スウェーデン,2016000000,2016年,47527,千円
30000000,3_鉱物性燃料,180,3月_金額,50204,204_デンマーク,2020000000,2020年,2146,千円
30000000,3_鉱物性燃料,180,3月_金額,50204,204_デンマーク,2019000000,2019年,421,千円
30000000,3_鉱物性燃料,180,3月_金額,50204,204_デンマーク,2018000000,2018年,724,千円
30000000,3_鉱物性燃料,180,3月_金額,50204,204_デンマーク,2017000000,2017年,427,千円
30000000,3_鉱物性燃料,180,3月_金額,50204,204_デンマーク,2016000000,2016年,1703,千円
30000000,3_鉱物性燃料,180,3月_金額,50205,205_英国,2020000000,2020年,73163,千円
30000000,3_鉱物性燃料,180,3月_金額,50205,205_英国,2019000000,2019年,48360,千円
30000000,3_鉱物性燃料,180,3月_金額,50205,205_英国,2018000000,2018年,14748,千円
30000000,3_鉱物性燃料,180,3月_金額,50205,205_英国,2017000000,2017年,12653,千円
30000000,3_鉱物性燃料,180,3月_金額,50205,205_英国,2016000000,2016年,65322,千円
30000000,3_鉱物性燃料,180,3月_金額,50206,206_アイルランド,2020000000,2020年,4159,千円
30000000,3_鉱物性燃料,180,3月_金額,50206,206_アイルランド,2019000000,2019年,4823,千円
30000000,3_鉱物性燃料,180,3月_金額,50206,206_アイルランド,2018000000,2018年,3172,千円
30000000,3_鉱物性燃料,180,3月_金額,50206,206_アイルランド,2017000000,2017年,391,千円
30000000,3_鉱物性燃料,180,3月_金額,50206,206_アイルランド,2016000000,2016年,3149,千円
30000000,3_鉱物性燃料,180,3月_金額,50207,207_オランダ,2020000000,2020年,28917,千円
30000000,3_鉱物性燃料,180,3月_金額,50207,207_オランダ,2019000000,2019年,39759,千円
30000000,3_鉱物性燃料,180,3月_金額,50207,207_オランダ,2018000000,2018年,4093466,千円
30000000,3_鉱物性燃料,180,3月_金額,50207,207_オランダ,2017000000,2017年,38578,千円
30000000,3_鉱物性燃料,180,3月_金額,50207,207_オランダ,2016000000,2016年,43312,千円
30000000,3_鉱物性燃料,180,3月_金額,50208,208_ベルギー,2020000000,2020年,32095,千円
30000000,3_鉱物性燃料,180,3月_金額,50208,208_ベルギー,2019000000,2019年,85096,千円
30000000,3_鉱物性燃料,180,3月_金額,50208,208_ベルギー,2018000000,2018年,103306,千円
30000000,3_鉱物性燃料,180,3月_金額,50208,208_ベルギー,2017000000,2017年,185788,千円
30000000,3_鉱物性燃料,180,3月_金額,50208,208_ベルギー,2016000000,2016年,130367,千円
30000000,3_鉱物性燃料,180,3月_金額,50210,210_フランス,2020000000,2020年,293593,千円
30000000,3_鉱物性燃料,180,3月_金額,50210,210_フランス,2019000000,2019年,345910,千円
30000000,3_鉱物性燃料,180,3月_金額,50210,210_フランス,2018000000,2018年,182922,千円
30000000,3_鉱物性燃料,180,3月_金額,50210,210_フランス,2017000000,2017年,248475,千円
30000000,3_鉱物性燃料,180,3月_金額,50210,210_フランス,2016000000,2016年,7488602,千円
30000000,3_鉱物性燃料,180,3月_金額,50213,213_ドイツ,2020000000,2020年,184018,千円
30000000,3_鉱物性燃料,180,3月_金額,50213,213_ドイツ,2019000000,2019年,334290,千円
30000000,3_鉱物性燃料,180,3月_金額,50213,213_ドイツ,2018000000,2018年,217960,千円
30000000,3_鉱物性燃料,180,3月_金額,50213,213_ドイツ,2017000000,2017年,179888,千円
30000000,3_鉱物性燃料,180,3月_金額,50213,213_ドイツ,2016000000,2016年,258211,千円
30000000,3_鉱物性燃料,180,3月_金額,50215,215_スイス,2020000000,2020年,24040,千円
30000000,3_鉱物性燃料,180,3月_金額,50215,215_スイス,2019000000,2019年,27868,千円
30000000,3_鉱物性燃料,180,3月_金額,50215,215_スイス,2018000000,2018年,15897,千円
30000000,3_鉱物性燃料,180,3月_金額,50215,215_スイス,2017000000,2017年,45176,千円
30000000,3_鉱物性燃料,180,3月_金額,50215,215_スイス,2016000000,2016年,16881,千円
30000000,3_鉱物性燃料,180,3月_金額,50218,218_スペイン,2020000000,2020年,20703,千円
30000000,3_鉱物性燃料,180,3月_金額,50218,218_スペイン,2019000000,2019年,16956,千円
30000000,3_鉱物性燃料,180,3月_金額,50218,218_スペイン,2018000000,2018年,40997,千円
30000000,3_鉱物性燃料,180,3月_金額,50218,218_スペイン,2017000000,2017年,25830,千円
30000000,3_鉱物性燃料,180,3月_金額,50218,218_スペイン,2016000000,2016年,8494,千円
30000000,3_鉱物性燃料,180,3月_金額,50220,220_イタリア,2020000000,2020年,15440,千円
30000000,3_鉱物性燃料,180,3月_金額,50220,220_イタリア,2019000000,2019年,10500,千円
30000000,3_鉱物性燃料,180,3月_金額,50220,220_イタリア,2018000000,2018年,12675,千円
30000000,3_鉱物性燃料,180,3月_金額,50220,220_イタリア,2017000000,2017年,4596,千円
30000000,3_鉱物性燃料,180,3月_金額,50220,220_イタリア,2016000000,2016年,11326,千円
30000000,3_鉱物性燃料,180,3月_金額,50221,221_マルタ,2020000000,2020年,0,千円
30000000,3_鉱物性燃料,180,3月_金額,50222,222_フィンランド,2020000000,2020年,1458,千円
30000000,3_鉱物性燃料,180,3月_金額,50222,222_フィンランド,2019000000,2019年,2220,千円
30000000,3_鉱物性燃料,180,3月_金額,50222,222_フィンランド,2018000000,2018年,4620,千円
30000000,3_鉱物性燃料,180,3月_金額,50222,222_フィンランド,2017000000,2017年,3816,千円
30000000,3_鉱物性燃料,180,3月_金額,50222,222_フィンランド,2016000000,2016年,5371,千円
30000000,3_鉱物性燃料,180,3月_金額,50223,223_ポーランド,2020000000,2020年,0,千円
30000000,3_鉱物性燃料,180,3月_金額,50223,223_ポーランド,2019000000,2019年,0,千円
30000000,3_鉱物性燃料,180,3月_金額,50223,223_ポーランド,2018000000,2018年,0,千円
30000000,3_鉱物性燃料,180,3月_金額,50223,223_ポーランド,2017000000,2017年,0,千円
30000000,3_鉱物性燃料,180,3月_金額,50223,223_ポーランド,2016000000,2016年,0,千円
30000000,3_鉱物性燃料,180,3月_金額,50224,224_ロシア,2020000000,2020年,66624645,千円
30000000,3_鉱物性燃料,180,3月_金額,50224,224_ロシア,2019000000,2019年,92070485,千円
30000000,3_鉱物性燃料,180,3月_金額,50224,224_ロシア,2018000000,2018年,102971923,千円
30000000,3_鉱物性燃料,180,3月_金額,50224,224_ロシア,2017000000,2017年,93142301,千円
30000000,3_鉱物性燃料,180,3月_金額,50224,224_ロシア,2016000000,2016年,99611012,千円
30000000,3_鉱物性燃料,180,3月_金額,50225,225_オーストリア,2020000000,2020年,964,千円
30000000,3_鉱物性燃料,180,3月_金額,50225,225_オーストリア,2019000000,2019年,342,千円
30000000,3_鉱物性燃料,180,3月_金額,50225,225_オーストリア,2018000000,2018年,615,千円
30000000,3_鉱物性燃料,180,3月_金額,50225,225_オーストリア,2017000000,2017年,0,千円
30000000,3_鉱物性燃料,180,3月_金額,50225,225_オーストリア,2016000000,2016年,0,千円
30000000,3_鉱物性燃料,180,3月_金額,50227,227_ハンガリー,2018000000,2018年,0,千円
30000000,3_鉱物性燃料,180,3月_金額,50227,227_ハンガリー,2017000000,2017年,0,千円
30000000,3_鉱物性燃料,180,3月_金額,50227,227_ハンガリー,2016000000,2016年,0,千円
30000000,3_鉱物性燃料,180,3月_金額,50230,230_ギリシャ,2020000000,2020年,0,千円
30000000,3_鉱物性燃料,180,3月_金額,50230,230_ギリシャ,2019000000,2019年,0,千円
30000000,3_鉱物性燃料,180,3月_金額,50230,230_ギリシャ,2018000000,2018年,2314972,千円
30000000,3_鉱物性燃料,180,3月_金額,50230,230_ギリシャ,2017000000,2017年,0,千円
30000000,3_鉱物性燃料,180,3月_金額,50230,230_ギリシャ,2016000000,2016年,0,千円
30000000,3_鉱物性燃料,180,3月_金額,50232,232_ブルガリア,2020000000,2020年,0,千円
30000000,3_鉱物性燃料,180,3月_金額,50232,232_ブルガリア,2019000000,2019年,0,千円
30000000,3_鉱物性燃料,180,3月_金額,50234,234_トルコ,2020000000,2020年,0,千円
30000000,3_鉱物性燃料,180,3月_金額,50234,234_トルコ,2019000000,2019年,0,千円
30000000,3_鉱物性燃料,180,3月_金額,50234,234_トルコ,2018000000,2018年,0,千円
30000000,3_鉱物性燃料,180,3月_金額,50234,234_トルコ,2017000000,2017年,481,千円
30000000,3_鉱物性燃料,180,3月_金額,50234,234_トルコ,2016000000,2016年,0,千円
30000000,3_鉱物性燃料,180,3月_金額,50235,235_エストニア,2020000000,2020年,1395,千円
30000000,3_鉱物性燃料,180,3月_金額,50235,235_エストニア,2019000000,2019年,10117,千円
30000000,3_鉱物性燃料,180,3月_金額,50235,235_エストニア,2018000000,2018年,10000,千円
30000000,3_鉱物性燃料,180,3月_金額,50235,235_エストニア,2017000000,2017年,16579,千円
30000000,3_鉱物性燃料,180,3月_金額,50235,235_エストニア,2016000000,2016年,24177,千円
30000000,3_鉱物性燃料,180,3月_金額,50236,236_ラトビア,2020000000,2020年,72832,千円
30000000,3_鉱物性燃料,180,3月_金額,50236,236_ラトビア,2019000000,2019年,81710,千円
30000000,3_鉱物性燃料,180,3月_金額,50236,236_ラトビア,2018000000,2018年,65593,千円
30000000,3_鉱物性燃料,180,3月_金額,50236,236_ラトビア,2017000000,2017年,70472,千円
30000000,3_鉱物性燃料,180,3月_金額,50236,236_ラトビア,2016000000,2016年,71638,千円
30000000,3_鉱物性燃料,180,3月_金額,50237,237_リトアニア,2020000000,2020年,9362,千円
30000000,3_鉱物性燃料,180,3月_金額,50237,237_リトアニア,2019000000,2019年,19077,千円
30000000,3_鉱物性燃料,180,3月_金額,50237,237_リトアニア,2018000000,2018年,19000,千円
30000000,3_鉱物性燃料,180,3月_金額,50237,237_リトアニア,2017000000,2017年,12966,千円
30000000,3_鉱物性燃料,180,3月_金額,50237,237_リトアニア,2016000000,2016年,14242,千円
30000000,3_鉱物性燃料,180,3月_金額,50238,238_ウクライナ,2019000000,2019年,0,千円
30000000,3_鉱物性燃料,180,3月_金額,50238,238_ウクライナ,2018000000,2018年,0,千円
30000000,3_鉱物性燃料,180,3月_金額,50245,245_チェコ,2020000000,2020年,0,千円
30000000,3_鉱物性燃料,180,3月_金額,50245,245_チェコ,2019000000,2019年,1160,千円
30000000,3_鉱物性燃料,180,3月_金額,50245,245_チェコ,2018000000,2018年,0,千円
30000000,3_鉱物性燃料,180,3月_金額,50245,245_チェコ,2017000000,2017年,0,千円
30000000,3_鉱物性燃料,180,3月_金額,50245,245_チェコ,2016000000,2016年,0,千円
30000000,3_鉱物性燃料,180,3月_金額,50302,302_カナダ,2020000000,2020年,10142779,千円
30000000,3_鉱物性燃料,180,3月_金額,50302,302_カナダ,2019000000,2019年,13862913,千円
30000000,3_鉱物性燃料,180,3月_金額,50302,302_カナダ,2018000000,2018年,11728626,千円
30000000,3_鉱物性燃料,180,3月_金額,50302,302_カナダ,2017000000,2017年,21442135,千円
30000000,3_鉱物性燃料,180,3月_金額,50302,302_カナダ,2016000000,2016年,10068689,千円
30000000,3_鉱物性燃料,180,3月_金額,50304,304_アメリカ合衆国,2020000000,2020年,84281081,千円
30000000,3_鉱物性燃料,180,3月_金額,50304,304_アメリカ合衆国,2019000000,2019年,95588050,千円
30000000,3_鉱物性燃料,180,3月_金額,50304,304_アメリカ合衆国,2018000000,2018年,70488083,千円
30000000,3_鉱物性燃料,180,3月_金額,50304,304_アメリカ合衆国,2017000000,2017年,81597534,千円
30000000,3_鉱物性燃料,180,3月_金額,50304,304_アメリカ合衆国,2016000000,2016年,29151308,千円
30000000,3_鉱物性燃料,180,3月_金額,50305,305_メキシコ,2020000000,2020年,4776030,千円
30000000,3_鉱物性燃料,180,3月_金額,50305,305_メキシコ,2019000000,2019年,4214773,千円
30000000,3_鉱物性燃料,180,3月_金額,50305,305_メキシコ,2018000000,2018年,5695032,千円
30000000,3_鉱物性燃料,180,3月_金額,50305,305_メキシコ,2017000000,2017年,9671492,千円
30000000,3_鉱物性燃料,180,3月_金額,50305,305_メキシコ,2016000000,2016年,3576914,千円
30000000,3_鉱物性燃料,180,3月_金額,50312,312_パナマ,2020000000,2020年,0,千円
30000000,3_鉱物性燃料,180,3月_金額,50312,312_パナマ,2019000000,2019年,0,千円
30000000,3_鉱物性燃料,180,3月_金額,50312,312_パナマ,2018000000,2018年,0,千円
30000000,3_鉱物性燃料,180,3月_金額,50312,312_パナマ,2016000000,2016年,0,千円
30000000,3_鉱物性燃料,180,3月_金額,50315,315_バハマ,2016000000,2016年,0,千円
30000000,3_鉱物性燃料,180,3月_金額,50320,320_トリニダード・トバゴ,2018000000,2018年,3170913,千円
30000000,3_鉱物性燃料,180,3月_金額,50320,320_トリニダード・トバゴ,2017000000,2017年,0,千円
30000000,3_鉱物性燃料,180,3月_金額,50320,320_トリニダード・トバゴ,2016000000,2016年,0,千円
30000000,3_鉱物性燃料,180,3月_金額,50323,323_ドミニカ共和国,2019000000,2019年,0,千円
30000000,3_鉱物性燃料,180,3月_金額,50326,326_蘭領アンティール,2019000000,2019年,0,千円
30000000,3_鉱物性燃料,180,3月_金額,50326,326_蘭領アンティール,2018000000,2018年,0,千円
30000000,3_鉱物性燃料,180,3月_金額,50326,326_蘭領アンティール,2017000000,2017年,0,千円
30000000,3_鉱物性燃料,180,3月_金額,50326,326_蘭領アンティール,2016000000,2016年,9958,千円
30000000,3_鉱物性燃料,180,3月_金額,50327,327_仏領西インド諸島,2017000000,2017年,0,千円
30000000,3_鉱物性燃料,180,3月_金額,50401,401_コロンビア,2020000000,2020年,710647,千円
30000000,3_鉱物性燃料,180,3月_金額,50401,401_コロンビア,2019000000,2019年,2220530,千円
30000000,3_鉱物性燃料,180,3月_金額,50401,401_コロンビア,2018000000,2018年,2236822,千円
30000000,3_鉱物性燃料,180,3月_金額,50401,401_コロンビア,2017000000,2017年,4848110,千円
30000000,3_鉱物性燃料,180,3月_金額,50401,401_コロンビア,2016000000,2016年,888911,千円
30000000,3_鉱物性燃料,180,3月_金額,50402,402_ベネズエラ,2017000000,2017年,0,千円
30000000,3_鉱物性燃料,180,3月_金額,50402,402_ベネズエラ,2016000000,2016年,0,千円
30000000,3_鉱物性燃料,180,3月_金額,50404,404_スリナム,2016000000,2016年,0,千円
30000000,3_鉱物性燃料,180,3月_金額,50406,406_エクアドル,2020000000,2020年,5342079,千円
30000000,3_鉱物性燃料,180,3月_金額,50406,406_エクアドル,2019000000,2019年,11108133,千円
30000000,3_鉱物性燃料,180,3月_金額,50406,406_エクアドル,2018000000,2018年,8787355,千円
30000000,3_鉱物性燃料,180,3月_金額,50406,406_エクアドル,2017000000,2017年,2686504,千円
30000000,3_鉱物性燃料,180,3月_金額,50406,406_エクアドル,2016000000,2016年,2305266,千円
30000000,3_鉱物性燃料,180,3月_金額,50407,407_ペルー,2020000000,2020年,1956937,千円
30000000,3_鉱物性燃料,180,3月_金額,50407,407_ペルー,2019000000,2019年,10802407,千円
30000000,3_鉱物性燃料,180,3月_金額,50407,407_ペルー,2018000000,2018年,5545745,千円
30000000,3_鉱物性燃料,180,3月_金額,50407,407_ペルー,2017000000,2017年,0,千円
30000000,3_鉱物性燃料,180,3月_金額,50407,407_ペルー,2016000000,2016年,0,千円
30000000,3_鉱物性燃料,180,3月_金額,50410,410_ブラジル,2020000000,2020年,0,千円
30000000,3_鉱物性燃料,180,3月_金額,50410,410_ブラジル,2019000000,2019年,983,千円
30000000,3_鉱物性燃料,180,3月_金額,50410,410_ブラジル,2018000000,2018年,1022,千円
30000000,3_鉱物性燃料,180,3月_金額,50410,410_ブラジル,2017000000,2017年,240,千円
30000000,3_鉱物性燃料,180,3月_金額,50410,410_ブラジル,2016000000,2016年,581,千円
30000000,3_鉱物性燃料,180,3月_金額,50503,503_アルジェリア,2020000000,2020年,6980130,千円
30000000,3_鉱物性燃料,180,3月_金額,50503,503_アルジェリア,2019000000,2019年,7963465,千円
30000000,3_鉱物性燃料,180,3月_金額,50503,503_アルジェリア,2018000000,2018年,0,千円
30000000,3_鉱物性燃料,180,3月_金額,50503,503_アルジェリア,2017000000,2017年,0,千円
30000000,3_鉱物性燃料,180,3月_金額,50503,503_アルジェリア,2016000000,2016年,1009063,千円
30000000,3_鉱物性燃料,180,3月_金額,50505,505_リビア,2020000000,2020年,0,千円
30000000,3_鉱物性燃料,180,3月_金額,50506,506_エジプト,2020000000,2020年,6311702,千円
30000000,3_鉱物性燃料,180,3月_金額,50506,506_エジプト,2019000000,2019年,0,千円
30000000,3_鉱物性燃料,180,3月_金額,50506,506_エジプト,2018000000,2018年,4271372,千円
30000000,3_鉱物性燃料,180,3月_金額,50506,506_エジプト,2017000000,2017年,18363,千円
30000000,3_鉱物性燃料,180,3月_金額,50506,506_エジプト,2016000000,2016年,2052802,千円
30000000,3_鉱物性燃料,180,3月_金額,50507,507_スーダン,2016000000,2016年,0,千円
30000000,3_鉱物性燃料,180,3月_金額,50510,510_セネガル,2017000000,2017年,0,千円
30000000,3_鉱物性燃料,180,3月_金額,50515,515_リベリア,2020000000,2020年,0,千円
30000000,3_鉱物性燃料,180,3月_金額,50515,515_リベリア,2017000000,2017年,0,千円
30000000,3_鉱物性燃料,180,3月_金額,50517,517_ガーナ,2017000000,2017年,0,千円
30000000,3_鉱物性燃料,180,3月_金額,50524,524_ナイジェリア,2020000000,2020年,7385157,千円
30000000,3_鉱物性燃料,180,3月_金額,50524,524_ナイジェリア,2019000000,2019年,0,千円
30000000,3_鉱物性燃料,180,3月_金額,50524,524_ナイジェリア,2018000000,2018年,15204440,千円
30000000,3_鉱物性燃料,180,3月_金額,50524,524_ナイジェリア,2017000000,2017年,11055415,千円
30000000,3_鉱物性燃料,180,3月_金額,50524,524_ナイジェリア,2016000000,2016年,11102779,千円
30000000,3_鉱物性燃料,180,3月_金額,50527,527_カメルーン,2019000000,2019年,0,千円
30000000,3_鉱物性燃料,180,3月_金額,50528,528_チャド,2016000000,2016年,0,千円
30000000,3_鉱物性燃料,180,3月_金額,50530,530_赤道ギニア,2019000000,2019年,0,千円
30000000,3_鉱物性燃料,180,3月_金額,50530,530_赤道ギニア,2018000000,2018年,0,千円
30000000,3_鉱物性燃料,180,3月_金額,50530,530_赤道ギニア,2017000000,2017年,7075168,千円
30000000,3_鉱物性燃料,180,3月_金額,50530,530_赤道ギニア,2016000000,2016年,2412454,千円
30000000,3_鉱物性燃料,180,3月_金額,50531,531_ガボン,2019000000,2019年,0,千円
30000000,3_鉱物性燃料,180,3月_金額,50531,531_ガボン,2018000000,2018年,0,千円
30000000,3_鉱物性燃料,180,3月_金額,50531,531_ガボン,2016000000,2016年,0,千円
30000000,3_鉱物性燃料,180,3月_金額,50532,532_コンゴ共和国,2016000000,2016年,0,千円
30000000,3_鉱物性燃料,180,3月_金額,50535,535_アンゴラ,2020000000,2020年,0,千円
30000000,3_鉱物性燃料,180,3月_金額,50535,535_アンゴラ,2019000000,2019年,0,千円
30000000,3_鉱物性燃料,180,3月_金額,50535,535_アンゴラ,2018000000,2018年,0,千円
30000000,3_鉱物性燃料,180,3月_金額,50535,535_アンゴラ,2017000000,2017年,0,千円
30000000,3_鉱物性燃料,180,3月_金額,50535,535_アンゴラ,2016000000,2016年,0,千円
30000000,3_鉱物性燃料,180,3月_金額,50543,543_タンザニア,2018000000,2018年,0,千円
30000000,3_鉱物性燃料,180,3月_金額,50545,545_モザンビーク,2020000000,2020年,0,千円
30000000,3_鉱物性燃料,180,3月_金額,50545,545_モザンビーク,2019000000,2019年,3697468,千円
30000000,3_鉱物性燃料,180,3月_金額,50545,545_モザンビーク,2018000000,2018年,0,千円
30000000,3_鉱物性燃料,180,3月_金額,50545,545_モザンビーク,2017000000,2017年,2419039,千円
30000000,3_鉱物性燃料,180,3月_金額,50545,545_モザンビーク,2016000000,2016年,2381983,千円
30000000,3_鉱物性燃料,180,3月_金額,50547,547_モーリシャス,2018000000,2018年,1833,千円
30000000,3_鉱物性燃料,180,3月_金額,50551,551_南アフリカ共和国,2020000000,2020年,43834,千円
30000000,3_鉱物性燃料,180,3月_金額,50551,551_南アフリカ共和国,2019000000,2019年,97055,千円
30000000,3_鉱物性燃料,180,3月_金額,50551,551_南アフリカ共和国,2018000000,2018年,84936,千円
30000000,3_鉱物性燃料,180,3月_金額,50551,551_南アフリカ共和国,2017000000,2017年,676069,千円
30000000,3_鉱物性燃料,180,3月_金額,50551,551_南アフリカ共和国,2016000000,2016年,78734,千円
30000000,3_鉱物性燃料,180,3月_金額,50556,556_エスワティニ,2018000000,2018年,0,千円
30000000,3_鉱物性燃料,180,3月_金額,50601,601_オーストラリア,2020000000,2020年,274870898,千円
30000000,3_鉱物性燃料,180,3月_金額,50601,601_オーストラリア,2019000000,2019年,343424919,千円
30000000,3_鉱物性燃料,180,3月_金額,50601,601_オーストラリア,2018000000,2018年,265416781,千円
30000000,3_鉱物性燃料,180,3月_金額,50601,601_オーストラリア,2017000000,2017年,244816662,千円
30000000,3_鉱物性燃料,180,3月_金額,50601,601_オーストラリア,2016000000,2016年,173466877,千円
30000000,3_鉱物性燃料,180,3月_金額,50602,602_パプアニューギニア,2020000000,2020年,20671928,千円
30000000,3_鉱物性燃料,180,3月_金額,50602,602_パプアニューギニア,2019000000,2019年,20150884,千円
30000000,3_鉱物性燃料,180,3月_金額,50602,602_パプアニューギニア,2018000000,2018年,8788570,千円
30000000,3_鉱物性燃料,180,3月_金額,50602,602_パプアニューギニア,2017000000,2017年,19877536,千円
30000000,3_鉱物性燃料,180,3月_金額,50602,602_パプアニューギニア,2016000000,2016年,17141815,千円
30000000,3_鉱物性燃料,180,3月_金額,50606,606_ニュージーランド,2020000000,2020年,941868,千円
30000000,3_鉱物性燃料,180,3月_金額,50606,606_ニュージーランド,2019000000,2019年,0,千円
30000000,3_鉱物性燃料,180,3月_金額,50606,606_ニュージーランド,2018000000,2018年,0,千円
30000000,3_鉱物性燃料,180,3月_金額,50606,606_ニュージーランド,2017000000,2017年,0,千円
30000000,3_鉱物性燃料,180,3月_金額,50606,606_ニュージーランド,2016000000,2016年,0,千円
30000000,3_鉱物性燃料,180,3月_金額,50620,620_グアム(米),2020000000,2020年,0,千円
30000000,3_鉱物性燃料,180,3月_金額,50625,625_マーシャル,2018000000,2018年,0,千円
30000000,3_鉱物性燃料,180,3月_金額,50626,626_ミクロネシア,2017000000,2017年,0,千円
30000000,3_鉱物性燃料,180,3月_金額,50626,626_ミクロネシア,2016000000,2016年,0,千円
30000000,3_鉱物性燃料,180,3月_金額,50702,702_不明,2020000000,2020年,24961,千円
30000000,3_鉱物性燃料,180,3月_金額,50702,702_不明,2019000000,2019年,12433,千円
30000000,3_鉱物性燃料,180,3月_金額,50702,702_不明,2018000000,2018年,38946,千円
30000000,3_鉱物性燃料,180,3月_金額,50702,702_不明,2017000000,2017年,20652,千円
30000000,3_鉱物性燃料,180,3月_金額,50702,702_不明,2016000000,2016年,7340,千円
30000000,3_鉱物性燃料,200,4月_金額,50103,103_大韓民国,2020000000,2020年,17699066,千円
30000000,3_鉱物性燃料,200,4月_金額,50103,103_大韓民国,2019000000,2019年,32687182,千円
30000000,3_鉱物性燃料,200,4月_金額,50103,103_大韓民国,2018000000,2018年,28599132,千円
30000000,3_鉱物性燃料,200,4月_金額,50103,103_大韓民国,2017000000,2017年,20561111,千円
30000000,3_鉱物性燃料,200,4月_金額,50103,103_大韓民国,2016000000,2016年,9571660,千円
30000000,3_鉱物性燃料,200,4月_金額,50105,105_中華人民共和国,2020000000,2020年,4836782,千円
30000000,3_鉱物性燃料,200,4月_金額,50105,105_中華人民共和国,2019000000,2019年,10728164,千円
30000000,3_鉱物性燃料,200,4月_金額,50105,105_中華人民共和国,2018000000,2018年,15470488,千円
30000000,3_鉱物性燃料,200,4月_金額,50105,105_中華人民共和国,2017000000,2017年,8308531,千円
30000000,3_鉱物性燃料,200,4月_金額,50105,105_中華人民共和国,2016000000,2016年,5742224,千円
30000000,3_鉱物性燃料,200,4月_金額,50106,106_台湾,2020000000,2020年,230055,千円
30000000,3_鉱物性燃料,200,4月_金額,50106,106_台湾,2019000000,2019年,177627,千円
30000000,3_鉱物性燃料,200,4月_金額,50106,106_台湾,2018000000,2018年,82426,千円
30000000,3_鉱物性燃料,200,4月_金額,50106,106_台湾,2017000000,2017年,273152,千円
30000000,3_鉱物性燃料,200,4月_金額,50106,106_台湾,2016000000,2016年,423269,千円
30000000,3_鉱物性燃料,200,4月_金額,50107,107_モンゴル,2017000000,2017年,0,千円
30000000,3_鉱物性燃料,200,4月_金額,50107,107_モンゴル,2016000000,2016年,0,千円
30000000,3_鉱物性燃料,200,4月_金額,50108,108_香港,2020000000,2020年,2395,千円
30000000,3_鉱物性燃料,200,4月_金額,50108,108_香港,2019000000,2019年,12333,千円
30000000,3_鉱物性燃料,200,4月_金額,50108,108_香港,2018000000,2018年,18796,千円
30000000,3_鉱物性燃料,200,4月_金額,50108,108_香港,2017000000,2017年,14646,千円
30000000,3_鉱物性燃料,200,4月_金額,50108,108_香港,2016000000,2016年,22381,千円
30000000,3_鉱物性燃料,200,4月_金額,50110,110_ベトナム,2020000000,2020年,909782,千円
30000000,3_鉱物性燃料,200,4月_金額,50110,110_ベトナム,2019000000,2019年,3694486,千円
30000000,3_鉱物性燃料,200,4月_金額,50110,110_ベトナム,2018000000,2018年,3888838,千円
30000000,3_鉱物性燃料,200,4月_金額,50110,110_ベトナム,2017000000,2017年,4553830,千円
30000000,3_鉱物性燃料,200,4月_金額,50110,110_ベトナム,2016000000,2016年,108713,千円
30000000,3_鉱物性燃料,200,4月_金額,50111,111_タイ,2020000000,2020年,90637,千円
30000000,3_鉱物性燃料,200,4月_金額,50111,111_タイ,2019000000,2019年,66159,千円
30000000,3_鉱物性燃料,200,4月_金額,50111,111_タイ,2018000000,2018年,590384,千円
30000000,3_鉱物性燃料,200,4月_金額,50111,111_タイ,2017000000,2017年,49293,千円
30000000,3_鉱物性燃料,200,4月_金額,50111,111_タイ,2016000000,2016年,48643,千円
30000000,3_鉱物性燃料,200,4月_金額,50112,112_シンガポール,2020000000,2020年,726890,千円
30000000,3_鉱物性燃料,200,4月_金額,50112,112_シンガポール,2019000000,2019年,868065,千円
30000000,3_鉱物性燃料,200,4月_金額,50112,112_シンガポール,2018000000,2018年,3632335,千円
30000000,3_鉱物性燃料,200,4月_金額,50112,112_シンガポール,2017000000,2017年,8425766,千円
30000000,3_鉱物性燃料,200,4月_金額,50112,112_シンガポール,2016000000,2016年,2837057,千円
30000000,3_鉱物性燃料,200,4月_金額,50113,113_マレーシア,2020000000,2020年,30996455,千円
30000000,3_鉱物性燃料,200,4月_金額,50113,113_マレーシア,2019000000,2019年,53481454,千円
30000000,3_鉱物性燃料,200,4月_金額,50113,113_マレーシア,2018000000,2018年,46653182,千円
30000000,3_鉱物性燃料,200,4月_金額,50113,113_マレーシア,2017000000,2017年,71988788,千円
30000000,3_鉱物性燃料,200,4月_金額,50113,113_マレーシア,2016000000,2016年,43670363,千円
30000000,3_鉱物性燃料,200,4月_金額,50116,116_ブルネイ,2020000000,2020年,15727422,千円
30000000,3_鉱物性燃料,200,4月_金額,50116,116_ブルネイ,2019000000,2019年,25411588,千円
30000000,3_鉱物性燃料,200,4月_金額,50116,116_ブルネイ,2018000000,2018年,12730903,千円
30000000,3_鉱物性燃料,200,4月_金額,50116,116_ブルネイ,2017000000,2017年,21463443,千円
30000000,3_鉱物性燃料,200,4月_金額,50116,116_ブルネイ,2016000000,2016年,11479817,千円
30000000,3_鉱物性燃料,200,4月_金額,50117,117_フィリピン,2020000000,2020年,1552,千円
30000000,3_鉱物性燃料,200,4月_金額,50117,117_フィリピン,2019000000,2019年,17932,千円
30000000,3_鉱物性燃料,200,4月_金額,50117,117_フィリピン,2018000000,2018年,3949,千円
30000000,3_鉱物性燃料,200,4月_金額,50117,117_フィリピン,2017000000,2017年,328446,千円
30000000,3_鉱物性燃料,200,4月_金額,50117,117_フィリピン,2016000000,2016年,0,千円
30000000,3_鉱物性燃料,200,4月_金額,50118,118_インドネシア,2020000000,2020年,23457786,千円
30000000,3_鉱物性燃料,200,4月_金額,50118,118_インドネシア,2019000000,2019年,29576463,千円
30000000,3_鉱物性燃料,200,4月_金額,50118,118_インドネシア,2018000000,2018年,46030210,千円
30000000,3_鉱物性燃料,200,4月_金額,50118,118_インドネシア,2017000000,2017年,54759400,千円
30000000,3_鉱物性燃料,200,4月_金額,50118,118_インドネシア,2016000000,2016年,43792371,千円
30000000,3_鉱物性燃料,200,4月_金額,50123,123_インド,2020000000,2020年,11809267,千円
30000000,3_鉱物性燃料,200,4月_金額,50123,123_インド,2019000000,2019年,6529077,千円
30000000,3_鉱物性燃料,200,4月_金額,50123,123_インド,2018000000,2018年,6591653,千円
30000000,3_鉱物性燃料,200,4月_金額,50123,123_インド,2017000000,2017年,6398723,千円
30000000,3_鉱物性燃料,200,4月_金額,50123,123_インド,2016000000,2016年,5927340,千円
30000000,3_鉱物性燃料,200,4月_金額,50124,124_パキスタン,2020000000,2020年,0,千円
30000000,3_鉱物性燃料,200,4月_金額,50124,124_パキスタン,2019000000,2019年,0,千円
30000000,3_鉱物性燃料,200,4月_金額,50124,124_パキスタン,2018000000,2018年,1645868,千円
30000000,3_鉱物性燃料,200,4月_金額,50124,124_パキスタン,2017000000,2017年,2265820,千円
30000000,3_鉱物性燃料,200,4月_金額,50124,124_パキスタン,2016000000,2016年,0,千円
30000000,3_鉱物性燃料,200,4月_金額,50125,125_スリランカ,2020000000,2020年,0,千円
30000000,3_鉱物性燃料,200,4月_金額,50125,125_スリランカ,2018000000,2018年,530,千円
30000000,3_鉱物性燃料,200,4月_金額,50125,125_スリランカ,2017000000,2017年,0,千円
30000000,3_鉱物性燃料,200,4月_金額,50125,125_スリランカ,2016000000,2016年,0,千円
30000000,3_鉱物性燃料,200,4月_金額,50127,127_バングラデシュ,2019000000,2019年,0,千円
30000000,3_鉱物性燃料,200,4月_金額,50128,128_東ティモール,2020000000,2020年,0,千円
30000000,3_鉱物性燃料,200,4月_金額,50128,128_東ティモール,2019000000,2019年,0,千円
30000000,3_鉱物性燃料,200,4月_金額,50129,129_マカオ,2018000000,2018年,0,千円
30000000,3_鉱物性燃料,200,4月_金額,50133,133_イラン,2019000000,2019年,37812073,千円
30000000,3_鉱物性燃料,200,4月_金額,50133,133_イラン,2018000000,2018年,3739467,千円
30000000,3_鉱物性燃料,200,4月_金額,50133,133_イラン,2017000000,2017年,7505183,千円
30000000,3_鉱物性燃料,200,4月_金額,50133,133_イラン,2016000000,2016年,0,千円
30000000,3_鉱物性燃料,200,4月_金額,50134,134_イラク,2020000000,2020年,8296390,千円
30000000,3_鉱物性燃料,200,4月_金額,50134,134_イラク,2019000000,2019年,14369358,千円
30000000,3_鉱物性燃料,200,4月_金額,50134,134_イラク,2018000000,2018年,13105273,千円
30000000,3_鉱物性燃料,200,4月_金額,50134,134_イラク,2017000000,2017年,18801120,千円
30000000,3_鉱物性燃料,200,4月_金額,50134,134_イラク,2016000000,2016年,18554759,千円
30000000,3_鉱物性燃料,200,4月_金額,50135,135_バーレーン,2020000000,2020年,5448681,千円
30000000,3_鉱物性燃料,200,4月_金額,50135,135_バーレーン,2019000000,2019年,3667475,千円
30000000,3_鉱物性燃料,200,4月_金額,50135,135_バーレーン,2018000000,2018年,10005921,千円
30000000,3_鉱物性燃料,200,4月_金額,50135,135_バーレーン,2017000000,2017年,4685763,千円
30000000,3_鉱物性燃料,200,4月_金額,50135,135_バーレーン,2016000000,2016年,1113140,千円
30000000,3_鉱物性燃料,200,4月_金額,50137,137_サウジアラビア,2020000000,2020年,158745771,千円
30000000,3_鉱物性燃料,200,4月_金額,50137,137_サウジアラビア,2019000000,2019年,277691125,千円
30000000,3_鉱物性燃料,200,4月_金額,50137,137_サウジアラビア,2018000000,2018年,294262260,千円
30000000,3_鉱物性燃料,200,4月_金額,50137,137_サウジアラビア,2017000000,2017年,244618032,千円
30000000,3_鉱物性燃料,200,4月_金額,50137,137_サウジアラビア,2016000000,2016年,147677667,千円
30000000,3_鉱物性燃料,200,4月_金額,50138,138_クウェート,2020000000,2020年,43535530,千円
30000000,3_鉱物性燃料,200,4月_金額,50138,138_クウェート,2019000000,2019年,84437582,千円
30000000,3_鉱物性燃料,200,4月_金額,50138,138_クウェート,2018000000,2018年,64074869,千円
30000000,3_鉱物性燃料,200,4月_金額,50138,138_クウェート,2017000000,2017年,54431074,千円
30000000,3_鉱物性燃料,200,4月_金額,50138,138_クウェート,2016000000,2016年,30919836,千円
30000000,3_鉱物性燃料,200,4月_金額,50140,140_カタール,2020000000,2020年,65557537,千円
30000000,3_鉱物性燃料,200,4月_金額,50140,140_カタール,2019000000,2019年,119846647,千円
30000000,3_鉱物性燃料,200,4月_金額,50140,140_カタール,2018000000,2018年,118305838,千円
30000000,3_鉱物性燃料,200,4月_金額,50140,140_カタール,2017000000,2017年,86816617,千円
30000000,3_鉱物性燃料,200,4月_金額,50140,140_カタール,2016000000,2016年,92654583,千円
30000000,3_鉱物性燃料,200,4月_金額,50141,141_オマーン,2020000000,2020年,17087523,千円
30000000,3_鉱物性燃料,200,4月_金額,50141,141_オマーン,2019000000,2019年,25753027,千円
30000000,3_鉱物性燃料,200,4月_金額,50141,141_オマーン,2018000000,2018年,14498932,千円
30000000,3_鉱物性燃料,200,4月_金額,50141,141_オマーン,2017000000,2017年,15122333,千円
30000000,3_鉱物性燃料,200,4月_金額,50141,141_オマーン,2016000000,2016年,17252435,千円
30000000,3_鉱物性燃料,200,4月_金額,50143,143_イスラエル,2020000000,2020年,3042,千円
30000000,3_鉱物性燃料,200,4月_金額,50143,143_イスラエル,2019000000,2019年,0,千円
30000000,3_鉱物性燃料,200,4月_金額,50143,143_イスラエル,2018000000,2018年,2600,千円
30000000,3_鉱物性燃料,200,4月_金額,50143,143_イスラエル,2017000000,2017年,0,千円
30000000,3_鉱物性燃料,200,4月_金額,50143,143_イスラエル,2016000000,2016年,10088,千円
30000000,3_鉱物性燃料,200,4月_金額,50147,147_アラブ首長国連邦,2020000000,2020年,145994859,千円
30000000,3_鉱物性燃料,200,4月_金額,50147,147_アラブ首長国連邦,2019000000,2019年,199182175,千円
30000000,3_鉱物性燃料,200,4月_金額,50147,147_アラブ首長国連邦,2018000000,2018年,221371732,千円
30000000,3_鉱物性燃料,200,4月_金額,50147,147_アラブ首長国連邦,2017000000,2017年,167624135,千円
30000000,3_鉱物性燃料,200,4月_金額,50147,147_アラブ首長国連邦,2016000000,2016年,98386793,千円
30000000,3_鉱物性燃料,200,4月_金額,50149,149_イエメン,2018000000,2018年,0,千円
30000000,3_鉱物性燃料,200,4月_金額,50150,150_アゼルバイジャン,2020000000,2020年,0,千円
30000000,3_鉱物性燃料,200,4月_金額,50153,153_カザフスタン,2020000000,2020年,10054698,千円
30000000,3_鉱物性燃料,200,4月_金額,50153,153_カザフスタン,2019000000,2019年,8054200,千円
30000000,3_鉱物性燃料,200,4月_金額,50153,153_カザフスタン,2018000000,2018年,0,千円
30000000,3_鉱物性燃料,200,4月_金額,50153,153_カザフスタン,2017000000,2017年,4673371,千円
30000000,3_鉱物性燃料,200,4月_金額,50153,153_カザフスタン,2016000000,2016年,0,千円
30000000,3_鉱物性燃料,200,4月_金額,50202,202_ノルウェー,2020000000,2020年,1169834,千円
30000000,3_鉱物性燃料,200,4月_金額,50202,202_ノルウェー,2019000000,2019年,1077498,千円
30000000,3_鉱物性燃料,200,4月_金額,50202,202_ノルウェー,2018000000,2018年,4236,千円
30000000,3_鉱物性燃料,200,4月_金額,50202,202_ノルウェー,2017000000,2017年,1852535,千円
30000000,3_鉱物性燃料,200,4月_金額,50202,202_ノルウェー,2016000000,2016年,866109,千円
30000000,3_鉱物性燃料,200,4月_金額,50203,203_スウェーデン,2020000000,2020年,8704,千円
30000000,3_鉱物性燃料,200,4月_金額,50203,203_スウェーデン,2019000000,2019年,14907,千円
30000000,3_鉱物性燃料,200,4月_金額,50203,203_スウェーデン,2018000000,2018年,13232,千円
30000000,3_鉱物性燃料,200,4月_金額,50203,203_スウェーデン,2017000000,2017年,9130,千円
30000000,3_鉱物性燃料,200,4月_金額,50203,203_スウェーデン,2016000000,2016年,37697,千円
30000000,3_鉱物性燃料,200,4月_金額,50204,204_デンマーク,2020000000,2020年,2192,千円
30000000,3_鉱物性燃料,200,4月_金額,50204,204_デンマーク,2019000000,2019年,376,千円
30000000,3_鉱物性燃料,200,4月_金額,50204,204_デンマーク,2018000000,2018年,0,千円
30000000,3_鉱物性燃料,200,4月_金額,50204,204_デンマーク,2017000000,2017年,2227,千円
30000000,3_鉱物性燃料,200,4月_金額,50204,204_デンマーク,2016000000,2016年,941,千円
30000000,3_鉱物性燃料,200,4月_金額,50205,205_英国,2020000000,2020年,98286,千円
30000000,3_鉱物性燃料,200,4月_金額,50205,205_英国,2019000000,2019年,49009,千円
30000000,3_鉱物性燃料,200,4月_金額,50205,205_英国,2018000000,2018年,37656,千円
30000000,3_鉱物性燃料,200,4月_金額,50205,205_英国,2017000000,2017年,27188,千円
30000000,3_鉱物性燃料,200,4月_金額,50205,205_英国,2016000000,2016年,74004,千円
30000000,3_鉱物性燃料,200,4月_金額,50206,206_アイルランド,2020000000,2020年,3288,千円
30000000,3_鉱物性燃料,200,4月_金額,50206,206_アイルランド,2019000000,2019年,678,千円
30000000,3_鉱物性燃料,200,4月_金額,50206,206_アイルランド,2018000000,2018年,3483,千円
30000000,3_鉱物性燃料,200,4月_金額,50206,206_アイルランド,2017000000,2017年,1519,千円
30000000,3_鉱物性燃料,200,4月_金額,50206,206_アイルランド,2016000000,2016年,0,千円
30000000,3_鉱物性燃料,200,4月_金額,50207,207_オランダ,2020000000,2020年,32663,千円
30000000,3_鉱物性燃料,200,4月_金額,50207,207_オランダ,2019000000,2019年,33238,千円
30000000,3_鉱物性燃料,200,4月_金額,50207,207_オランダ,2018000000,2018年,35751,千円
30000000,3_鉱物性燃料,200,4月_金額,50207,207_オランダ,2017000000,2017年,45448,千円
30000000,3_鉱物性燃料,200,4月_金額,50207,207_オランダ,2016000000,2016年,41439,千円
30000000,3_鉱物性燃料,200,4月_金額,50208,208_ベルギー,2020000000,2020年,51396,千円
30000000,3_鉱物性燃料,200,4月_金額,50208,208_ベルギー,2019000000,2019年,69235,千円
30000000,3_鉱物性燃料,200,4月_金額,50208,208_ベルギー,2018000000,2018年,69277,千円
30000000,3_鉱物性燃料,200,4月_金額,50208,208_ベルギー,2017000000,2017年,76063,千円
30000000,3_鉱物性燃料,200,4月_金額,50208,208_ベルギー,2016000000,2016年,148549,千円
30000000,3_鉱物性燃料,200,4月_金額,50210,210_フランス,2020000000,2020年,186286,千円
30000000,3_鉱物性燃料,200,4月_金額,50210,210_フランス,2019000000,2019年,260200,千円
30000000,3_鉱物性燃料,200,4月_金額,50210,210_フランス,2018000000,2018年,286416,千円
30000000,3_鉱物性燃料,200,4月_金額,50210,210_フランス,2017000000,2017年,230309,千円
30000000,3_鉱物性燃料,200,4月_金額,50210,210_フランス,2016000000,2016年,136215,千円
30000000,3_鉱物性燃料,200,4月_金額,50213,213_ドイツ,2020000000,2020年,187038,千円
30000000,3_鉱物性燃料,200,4月_金額,50213,213_ドイツ,2019000000,2019年,133419,千円
30000000,3_鉱物性燃料,200,4月_金額,50213,213_ドイツ,2018000000,2018年,156408,千円
30000000,3_鉱物性燃料,200,4月_金額,50213,213_ドイツ,2017000000,2017年,170258,千円
30000000,3_鉱物性燃料,200,4月_金額,50213,213_ドイツ,2016000000,2016年,184114,千円
30000000,3_鉱物性燃料,200,4月_金額,50215,215_スイス,2020000000,2020年,19677,千円
30000000,3_鉱物性燃料,200,4月_金額,50215,215_スイス,2019000000,2019年,31364,千円
30000000,3_鉱物性燃料,200,4月_金額,50215,215_スイス,2018000000,2018年,9140,千円
30000000,3_鉱物性燃料,200,4月_金額,50215,215_スイス,2017000000,2017年,12594,千円
30000000,3_鉱物性燃料,200,4月_金額,50215,215_スイス,2016000000,2016年,25099,千円
30000000,3_鉱物性燃料,200,4月_金額,50218,218_スペイン,2020000000,2020年,19302,千円
30000000,3_鉱物性燃料,200,4月_金額,50218,218_スペイン,2019000000,2019年,22612,千円
30000000,3_鉱物性燃料,200,4月_金額,50218,218_スペイン,2018000000,2018年,21178,千円
30000000,3_鉱物性燃料,200,4月_金額,50218,218_スペイン,2017000000,2017年,2637,千円
30000000,3_鉱物性燃料,200,4月_金額,50218,218_スペイン,2016000000,2016年,3156,千円
30000000,3_鉱物性燃料,200,4月_金額,50220,220_イタリア,2020000000,2020年,3591,千円
30000000,3_鉱物性燃料,200,4月_金額,50220,220_イタリア,2019000000,2019年,19511,千円
30000000,3_鉱物性燃料,200,4月_金額,50220,220_イタリア,2018000000,2018年,25479,千円
30000000,3_鉱物性燃料,200,4月_金額,50220,220_イタリア,2017000000,2017年,31075,千円
30000000,3_鉱物性燃料,200,4月_金額,50220,220_イタリア,2016000000,2016年,1250,千円
30000000,3_鉱物性燃料,200,4月_金額,50221,221_マルタ,2020000000,2020年,0,千円
30000000,3_鉱物性燃料,200,4月_金額,50222,222_フィンランド,2020000000,2020年,2043,千円
30000000,3_鉱物性燃料,200,4月_金額,50222,222_フィンランド,2019000000,2019年,4113,千円
30000000,3_鉱物性燃料,200,4月_金額,50222,222_フィンランド,2018000000,2018年,4572,千円
30000000,3_鉱物性燃料,200,4月_金額,50222,222_フィンランド,2017000000,2017年,2832,千円
30000000,3_鉱物性燃料,200,4月_金額,50222,222_フィンランド,2016000000,2016年,3449,千円
30000000,3_鉱物性燃料,200,4月_金額,50223,223_ポーランド,2020000000,2020年,4050,千円
30000000,3_鉱物性燃料,200,4月_金額,50223,223_ポーランド,2019000000,2019年,403,千円
30000000,3_鉱物性燃料,200,4月_金額,50223,223_ポーランド,2018000000,2018年,0,千円
30000000,3_鉱物性燃料,200,4月_金額,50223,223_ポーランド,2017000000,2017年,0,千円
30000000,3_鉱物性燃料,200,4月_金額,50223,223_ポーランド,2016000000,2016年,0,千円
30000000,3_鉱物性燃料,200,4月_金額,50224,224_ロシア,2020000000,2020年,53096831,千円
30000000,3_鉱物性燃料,200,4月_金額,50224,224_ロシア,2019000000,2019年,105114342,千円
30000000,3_鉱物性燃料,200,4月_金額,50224,224_ロシア,2018000000,2018年,81400884,千円
30000000,3_鉱物性燃料,200,4月_金額,50224,224_ロシア,2017000000,2017年,91146999,千円
30000000,3_鉱物性燃料,200,4月_金額,50224,224_ロシア,2016000000,2016年,57203397,千円
30000000,3_鉱物性燃料,200,4月_金額,50225,225_オーストリア,2020000000,2020年,211,千円
30000000,3_鉱物性燃料,200,4月_金額,50225,225_オーストリア,2019000000,2019年,908,千円
30000000,3_鉱物性燃料,200,4月_金額,50225,225_オーストリア,2018000000,2018年,440,千円
30000000,3_鉱物性燃料,200,4月_金額,50225,225_オーストリア,2017000000,2017年,0,千円
30000000,3_鉱物性燃料,200,4月_金額,50225,225_オーストリア,2016000000,2016年,0,千円
30000000,3_鉱物性燃料,200,4月_金額,50227,227_ハンガリー,2018000000,2018年,0,千円
30000000,3_鉱物性燃料,200,4月_金額,50227,227_ハンガリー,2017000000,2017年,318,千円
30000000,3_鉱物性燃料,200,4月_金額,50227,227_ハンガリー,2016000000,2016年,537,千円
30000000,3_鉱物性燃料,200,4月_金額,50230,230_ギリシャ,2020000000,2020年,0,千円
30000000,3_鉱物性燃料,200,4月_金額,50230,230_ギリシャ,2019000000,2019年,0,千円
30000000,3_鉱物性燃料,200,4月_金額,50230,230_ギリシャ,2018000000,2018年,0,千円
30000000,3_鉱物性燃料,200,4月_金額,50230,230_ギリシャ,2017000000,2017年,300,千円
30000000,3_鉱物性燃料,200,4月_金額,50230,230_ギリシャ,2016000000,2016年,2356,千円
30000000,3_鉱物性燃料,200,4月_金額,50232,232_ブルガリア,2020000000,2020年,0,千円
30000000,3_鉱物性燃料,200,4月_金額,50232,232_ブルガリア,2019000000,2019年,0,千円
30000000,3_鉱物性燃料,200,4月_金額,50234,234_トルコ,2020000000,2020年,5822,千円
30000000,3_鉱物性燃料,200,4月_金額,50234,234_トルコ,2019000000,2019年,0,千円
30000000,3_鉱物性燃料,200,4月_金額,50234,234_トルコ,2018000000,2018年,236,千円
30000000,3_鉱物性燃料,200,4月_金額,50234,234_トルコ,2017000000,2017年,0,千円
30000000,3_鉱物性燃料,200,4月_金額,50234,234_トルコ,2016000000,2016年,222,千円
30000000,3_鉱物性燃料,200,4月_金額,50235,235_エストニア,2020000000,2020年,8610,千円
30000000,3_鉱物性燃料,200,4月_金額,50235,235_エストニア,2019000000,2019年,4098,千円
30000000,3_鉱物性燃料,200,4月_金額,50235,235_エストニア,2018000000,2018年,5495,千円
30000000,3_鉱物性燃料,200,4月_金額,50235,235_エストニア,2017000000,2017年,14058,千円
30000000,3_鉱物性燃料,200,4月_金額,50235,235_エストニア,2016000000,2016年,16131,千円
30000000,3_鉱物性燃料,200,4月_金額,50236,236_ラトビア,2020000000,2020年,73036,千円
30000000,3_鉱物性燃料,200,4月_金額,50236,236_ラトビア,2019000000,2019年,59092,千円
30000000,3_鉱物性燃料,200,4月_金額,50236,236_ラトビア,2018000000,2018年,65111,千円
30000000,3_鉱物性燃料,200,4月_金額,50236,236_ラトビア,2017000000,2017年,51773,千円
30000000,3_鉱物性燃料,200,4月_金額,50236,236_ラトビア,2016000000,2016年,65090,千円
30000000,3_鉱物性燃料,200,4月_金額,50237,237_リトアニア,2020000000,2020年,14889,千円
30000000,3_鉱物性燃料,200,4月_金額,50237,237_リトアニア,2019000000,2019年,12654,千円
30000000,3_鉱物性燃料,200,4月_金額,50237,237_リトアニア,2018000000,2018年,11244,千円
30000000,3_鉱物性燃料,200,4月_金額,50237,237_リトアニア,2017000000,2017年,22612,千円
30000000,3_鉱物性燃料,200,4月_金額,50237,237_リトアニア,2016000000,2016年,19678,千円
30000000,3_鉱物性燃料,200,4月_金額,50238,238_ウクライナ,2019000000,2019年,0,千円
30000000,3_鉱物性燃料,200,4月_金額,50238,238_ウクライナ,2018000000,2018年,0,千円
30000000,3_鉱物性燃料,200,4月_金額,50245,245_チェコ,2020000000,2020年,0,千円
30000000,3_鉱物性燃料,200,4月_金額,50245,245_チェコ,2019000000,2019年,0,千円
30000000,3_鉱物性燃料,200,4月_金額,50245,245_チェコ,2018000000,2018年,657,千円
30000000,3_鉱物性燃料,200,4月_金額,50245,245_チェコ,2017000000,2017年,0,千円
30000000,3_鉱物性燃料,200,4月_金額,50245,245_チェコ,2016000000,2016年,0,千円
30000000,3_鉱物性燃料,200,4月_金額,50302,302_カナダ,2020000000,2020年,25835386,千円
30000000,3_鉱物性燃料,200,4月_金額,50302,302_カナダ,2019000000,2019年,25511118,千円
30000000,3_鉱物性燃料,200,4月_金額,50302,302_カナダ,2018000000,2018年,25880701,千円
30000000,3_鉱物性燃料,200,4月_金額,50302,302_カナダ,2017000000,2017年,17364538,千円
30000000,3_鉱物性燃料,200,4月_金額,50302,302_カナダ,2016000000,2016年,6892180,千円
30000000,3_鉱物性燃料,200,4月_金額,50304,304_アメリカ合衆国,2020000000,2020年,69749420,千円
30000000,3_鉱物性燃料,200,4月_金額,50304,304_アメリカ合衆国,2019000000,2019年,71871785,千円
30000000,3_鉱物性燃料,200,4月_金額,50304,304_アメリカ合衆国,2018000000,2018年,61187953,千円
30000000,3_鉱物性燃料,200,4月_金額,50304,304_アメリカ合衆国,2017000000,2017年,51816288,千円
30000000,3_鉱物性燃料,200,4月_金額,50304,304_アメリカ合衆国,2016000000,2016年,17535700,千円
30000000,3_鉱物性燃料,200,4月_金額,50305,305_メキシコ,2020000000,2020年,377723,千円
30000000,3_鉱物性燃料,200,4月_金額,50305,305_メキシコ,2019000000,2019年,6648249,千円
30000000,3_鉱物性燃料,200,4月_金額,50305,305_メキシコ,2018000000,2018年,12542454,千円
30000000,3_鉱物性燃料,200,4月_金額,50305,305_メキシコ,2017000000,2017年,5991906,千円
30000000,3_鉱物性燃料,200,4月_金額,50305,305_メキシコ,2016000000,2016年,4904324,千円
30000000,3_鉱物性燃料,200,4月_金額,50312,312_パナマ,2020000000,2020年,0,千円
30000000,3_鉱物性燃料,200,4月_金額,50312,312_パナマ,2019000000,2019年,4627,千円
30000000,3_鉱物性燃料,200,4月_金額,50312,312_パナマ,2018000000,2018年,2763,千円
30000000,3_鉱物性燃料,200,4月_金額,50312,312_パナマ,2016000000,2016年,0,千円
30000000,3_鉱物性燃料,200,4月_金額,50315,315_バハマ,2016000000,2016年,0,千円
30000000,3_鉱物性燃料,200,4月_金額,50320,320_トリニダード・トバゴ,2018000000,2018年,0,千円
30000000,3_鉱物性燃料,200,4月_金額,50320,320_トリニダード・トバゴ,2017000000,2017年,1810903,千円
30000000,3_鉱物性燃料,200,4月_金額,50320,320_トリニダード・トバゴ,2016000000,2016年,0,千円
30000000,3_鉱物性燃料,200,4月_金額,50323,323_ドミニカ共和国,2019000000,2019年,0,千円
30000000,3_鉱物性燃料,200,4月_金額,50326,326_蘭領アンティール,2019000000,2019年,0,千円
30000000,3_鉱物性燃料,200,4月_金額,50326,326_蘭領アンティール,2018000000,2018年,2711,千円
30000000,3_鉱物性燃料,200,4月_金額,50326,326_蘭領アンティール,2017000000,2017年,0,千円
30000000,3_鉱物性燃料,200,4月_金額,50326,326_蘭領アンティール,2016000000,2016年,2839,千円
30000000,3_鉱物性燃料,200,4月_金額,50327,327_仏領西インド諸島,2017000000,2017年,0,千円
30000000,3_鉱物性燃料,200,4月_金額,50401,401_コロンビア,2020000000,2020年,1022675,千円
30000000,3_鉱物性燃料,200,4月_金額,50401,401_コロンビア,2019000000,2019年,2384595,千円
30000000,3_鉱物性燃料,200,4月_金額,50401,401_コロンビア,2018000000,2018年,3246309,千円
30000000,3_鉱物性燃料,200,4月_金額,50401,401_コロンビア,2017000000,2017年,3226882,千円
30000000,3_鉱物性燃料,200,4月_金額,50401,401_コロンビア,2016000000,2016年,215,千円
30000000,3_鉱物性燃料,200,4月_金額,50402,402_ベネズエラ,2017000000,2017年,6631866,千円
30000000,3_鉱物性燃料,200,4月_金額,50402,402_ベネズエラ,2016000000,2016年,0,千円
30000000,3_鉱物性燃料,200,4月_金額,50404,404_スリナム,2016000000,2016年,0,千円
30000000,3_鉱物性燃料,200,4月_金額,50406,406_エクアドル,2020000000,2020年,5824165,千円
30000000,3_鉱物性燃料,200,4月_金額,50406,406_エクアドル,2019000000,2019年,5178592,千円
30000000,3_鉱物性燃料,200,4月_金額,50406,406_エクアドル,2018000000,2018年,5876081,千円
30000000,3_鉱物性燃料,200,4月_金額,50406,406_エクアドル,2017000000,2017年,8308837,千円
30000000,3_鉱物性燃料,200,4月_金額,50406,406_エクアドル,2016000000,2016年,2403816,千円
30000000,3_鉱物性燃料,200,4月_金額,50407,407_ペルー,2020000000,2020年,3323130,千円
30000000,3_鉱物性燃料,200,4月_金額,50407,407_ペルー,2019000000,2019年,5179889,千円
30000000,3_鉱物性燃料,200,4月_金額,50407,407_ペルー,2018000000,2018年,3539594,千円
30000000,3_鉱物性燃料,200,4月_金額,50407,407_ペルー,2017000000,2017年,9623001,千円
30000000,3_鉱物性燃料,200,4月_金額,50407,407_ペルー,2016000000,2016年,3622002,千円
30000000,3_鉱物性燃料,200,4月_金額,50410,410_ブラジル,2020000000,2020年,0,千円
30000000,3_鉱物性燃料,200,4月_金額,50410,410_ブラジル,2019000000,2019年,0,千円
30000000,3_鉱物性燃料,200,4月_金額,50410,410_ブラジル,2018000000,2018年,613,千円
30000000,3_鉱物性燃料,200,4月_金額,50410,410_ブラジル,2017000000,2017年,360,千円
30000000,3_鉱物性燃料,200,4月_金額,50410,410_ブラジル,2016000000,2016年,635,千円
30000000,3_鉱物性燃料,200,4月_金額,50503,503_アルジェリア,2020000000,2020年,0,千円
30000000,3_鉱物性燃料,200,4月_金額,50503,503_アルジェリア,2019000000,2019年,9008872,千円
30000000,3_鉱物性燃料,200,4月_金額,50503,503_アルジェリア,2018000000,2018年,0,千円
30000000,3_鉱物性燃料,200,4月_金額,50503,503_アルジェリア,2017000000,2017年,10473223,千円
30000000,3_鉱物性燃料,200,4月_金額,50503,503_アルジェリア,2016000000,2016年,1394058,千円
30000000,3_鉱物性燃料,200,4月_金額,50505,505_リビア,2020000000,2020年,0,千円
30000000,3_鉱物性燃料,200,4月_金額,50506,506_エジプト,2020000000,2020年,579376,千円
30000000,3_鉱物性燃料,200,4月_金額,50506,506_エジプト,2019000000,2019年,2168577,千円
30000000,3_鉱物性燃料,200,4月_金額,50506,506_エジプト,2018000000,2018年,0,千円
30000000,3_鉱物性燃料,200,4月_金額,50506,506_エジプト,2017000000,2017年,2137603,千円
30000000,3_鉱物性燃料,200,4月_金額,50506,506_エジプト,2016000000,2016年,19124,千円
30000000,3_鉱物性燃料,200,4月_金額,50507,507_スーダン,2016000000,2016年,0,千円
30000000,3_鉱物性燃料,200,4月_金額,50510,510_セネガル,2017000000,2017年,0,千円
30000000,3_鉱物性燃料,200,4月_金額,50515,515_リベリア,2020000000,2020年,0,千円
30000000,3_鉱物性燃料,200,4月_金額,50515,515_リベリア,2017000000,2017年,0,千円
30000000,3_鉱物性燃料,200,4月_金額,50517,517_ガーナ,2017000000,2017年,0,千円
30000000,3_鉱物性燃料,200,4月_金額,50524,524_ナイジェリア,2020000000,2020年,4931732,千円
30000000,3_鉱物性燃料,200,4月_金額,50524,524_ナイジェリア,2019000000,2019年,0,千円
30000000,3_鉱物性燃料,200,4月_金額,50524,524_ナイジェリア,2018000000,2018年,7369757,千円
30000000,3_鉱物性燃料,200,4月_金額,50524,524_ナイジェリア,2017000000,2017年,5354946,千円
30000000,3_鉱物性燃料,200,4月_金額,50524,524_ナイジェリア,2016000000,2016年,7992258,千円
30000000,3_鉱物性燃料,200,4月_金額,50527,527_カメルーン,2019000000,2019年,0,千円
30000000,3_鉱物性燃料,200,4月_金額,50528,528_チャド,2016000000,2016年,0,千円
30000000,3_鉱物性燃料,200,4月_金額,50530,530_赤道ギニア,2019000000,2019年,0,千円
30000000,3_鉱物性燃料,200,4月_金額,50530,530_赤道ギニア,2018000000,2018年,2796779,千円
30000000,3_鉱物性燃料,200,4月_金額,50530,530_赤道ギニア,2017000000,2017年,0,千円
30000000,3_鉱物性燃料,200,4月_金額,50530,530_赤道ギニア,2016000000,2016年,0,千円
30000000,3_鉱物性燃料,200,4月_金額,50531,531_ガボン,2019000000,2019年,0,千円
30000000,3_鉱物性燃料,200,4月_金額,50531,531_ガボン,2018000000,2018年,0,千円
30000000,3_鉱物性燃料,200,4月_金額,50531,531_ガボン,2016000000,2016年,0,千円
30000000,3_鉱物性燃料,200,4月_金額,50532,532_コンゴ共和国,2016000000,2016年,0,千円
30000000,3_鉱物性燃料,200,4月_金額,50535,535_アンゴラ,2020000000,2020年,0,千円
30000000,3_鉱物性燃料,200,4月_金額,50535,535_アンゴラ,2019000000,2019年,0,千円
30000000,3_鉱物性燃料,200,4月_金額,50535,535_アンゴラ,2018000000,2018年,3983435,千円
30000000,3_鉱物性燃料,200,4月_金額,50535,535_アンゴラ,2017000000,2017年,0,千円
30000000,3_鉱物性燃料,200,4月_金額,50535,535_アンゴラ,2016000000,2016年,0,千円
30000000,3_鉱物性燃料,200,4月_金額,50543,543_タンザニア,2018000000,2018年,0,千円
30000000,3_鉱物性燃料,200,4月_金額,50545,545_モザンビーク,2020000000,2020年,1508862,千円
30000000,3_鉱物性燃料,200,4月_金額,50545,545_モザンビーク,2019000000,2019年,3870623,千円
30000000,3_鉱物性燃料,200,4月_金額,50545,545_モザンビーク,2018000000,2018年,0,千円
30000000,3_鉱物性燃料,200,4月_金額,50545,545_モザンビーク,2017000000,2017年,0,千円
30000000,3_鉱物性燃料,200,4月_金額,50545,545_モザンビーク,2016000000,2016年,0,千円
30000000,3_鉱物性燃料,200,4月_金額,50547,547_モーリシャス,2018000000,2018年,0,千円
30000000,3_鉱物性燃料,200,4月_金額,50551,551_南アフリカ共和国,2020000000,2020年,71956,千円
30000000,3_鉱物性燃料,200,4月_金額,50551,551_南アフリカ共和国,2019000000,2019年,1461223,千円
30000000,3_鉱物性燃料,200,4月_金額,50551,551_南アフリカ共和国,2018000000,2018年,783931,千円
30000000,3_鉱物性燃料,200,4月_金額,50551,551_南アフリカ共和国,2017000000,2017年,52570,千円
30000000,3_鉱物性燃料,200,4月_金額,50551,551_南アフリカ共和国,2016000000,2016年,153731,千円
30000000,3_鉱物性燃料,200,4月_金額,50556,556_エスワティニ,2018000000,2018年,0,千円
30000000,3_鉱物性燃料,200,4月_金額,50601,601_オーストラリア,2020000000,2020年,239719956,千円
30000000,3_鉱物性燃料,200,4月_金額,50601,601_オーストラリア,2019000000,2019年,277848641,千円
30000000,3_鉱物性燃料,200,4月_金額,50601,601_オーストラリア,2018000000,2018年,257445158,千円
30000000,3_鉱物性燃料,200,4月_金額,50601,601_オーストラリア,2017000000,2017年,213540783,千円
30000000,3_鉱物性燃料,200,4月_金額,50601,601_オーストラリア,2016000000,2016年,140424365,千円
30000000,3_鉱物性燃料,200,4月_金額,50602,602_パプアニューギニア,2020000000,2020年,14579931,千円
30000000,3_鉱物性燃料,200,4月_金額,50602,602_パプアニューギニア,2019000000,2019年,16537420,千円
30000000,3_鉱物性燃料,200,4月_金額,50602,602_パプアニューギニア,2018000000,2018年,624768,千円
30000000,3_鉱物性燃料,200,4月_金額,50602,602_パプアニューギニア,2017000000,2017年,14987441,千円
30000000,3_鉱物性燃料,200,4月_金額,50602,602_パプアニューギニア,2016000000,2016年,13220524,千円
30000000,3_鉱物性燃料,200,4月_金額,50606,606_ニュージーランド,2020000000,2020年,0,千円
30000000,3_鉱物性燃料,200,4月_金額,50606,606_ニュージーランド,2019000000,2019年,1198914,千円
30000000,3_鉱物性燃料,200,4月_金額,50606,606_ニュージーランド,2018000000,2018年,0,千円
30000000,3_鉱物性燃料,200,4月_金額,50606,606_ニュージーランド,2017000000,2017年,0,千円
30000000,3_鉱物性燃料,200,4月_金額,50606,606_ニュージーランド,2016000000,2016年,0,千円
30000000,3_鉱物性燃料,200,4月_金額,50620,620_グアム(米),2020000000,2020年,0,千円
30000000,3_鉱物性燃料,200,4月_金額,50625,625_マーシャル,2018000000,2018年,0,千円
30000000,3_鉱物性燃料,200,4月_金額,50626,626_ミクロネシア,2017000000,2017年,0,千円
30000000,3_鉱物性燃料,200,4月_金額,50626,626_ミクロネシア,2016000000,2016年,0,千円
30000000,3_鉱物性燃料,200,4月_金額,50702,702_不明,2020000000,2020年,4005,千円
30000000,3_鉱物性燃料,200,4月_金額,50702,702_不明,2019000000,2019年,13759,千円
30000000,3_鉱物性燃料,200,4月_金額,50702,702_不明,2018000000,2018年,58421,千円
30000000,3_鉱物性燃料,200,4月_金額,50702,702_不明,2017000000,2017年,23408,千円
30000000,3_鉱物性燃料,200,4月_金額,50702,702_不明,2016000000,2016年,8052,千円
30000000,3_鉱物性燃料,220,5月_金額,50103,103_大韓民国,2020000000,2020年,16847589,千円
30000000,3_鉱物性燃料,220,5月_金額,50103,103_大韓民国,2019000000,2019年,39740750,千円
30000000,3_鉱物性燃料,220,5月_金額,50103,103_大韓民国,2018000000,2018年,28850029,千円
30000000,3_鉱物性燃料,220,5月_金額,50103,103_大韓民国,2017000000,2017年,28774631,千円
30000000,3_鉱物性燃料,220,5月_金額,50103,103_大韓民国,2016000000,2016年,16299874,千円
30000000,3_鉱物性燃料,220,5月_金額,50105,105_中華人民共和国,2020000000,2020年,3495707,千円
30000000,3_鉱物性燃料,220,5月_金額,50105,105_中華人民共和国,2019000000,2019年,12364232,千円
30000000,3_鉱物性燃料,220,5月_金額,50105,105_中華人民共和国,2018000000,2018年,13869717,千円
30000000,3_鉱物性燃料,220,5月_金額,50105,105_中華人民共和国,2017000000,2017年,15063412,千円
30000000,3_鉱物性燃料,220,5月_金額,50105,105_中華人民共和国,2016000000,2016年,5594911,千円
30000000,3_鉱物性燃料,220,5月_金額,50106,106_台湾,2020000000,2020年,68331,千円
30000000,3_鉱物性燃料,220,5月_金額,50106,106_台湾,2019000000,2019年,597685,千円
30000000,3_鉱物性燃料,220,5月_金額,50106,106_台湾,2018000000,2018年,414721,千円
30000000,3_鉱物性燃料,220,5月_金額,50106,106_台湾,2017000000,2017年,122984,千円
30000000,3_鉱物性燃料,220,5月_金額,50106,106_台湾,2016000000,2016年,237031,千円
30000000,3_鉱物性燃料,220,5月_金額,50107,107_モンゴル,2017000000,2017年,1052858,千円
30000000,3_鉱物性燃料,220,5月_金額,50107,107_モンゴル,2016000000,2016年,0,千円
30000000,3_鉱物性燃料,220,5月_金額,50108,108_香港,2020000000,2020年,6732,千円
30000000,3_鉱物性燃料,220,5月_金額,50108,108_香港,2019000000,2019年,20028,千円
30000000,3_鉱物性燃料,220,5月_金額,50108,108_香港,2018000000,2018年,28482,千円
30000000,3_鉱物性燃料,220,5月_金額,50108,108_香港,2017000000,2017年,9885,千円
30000000,3_鉱物性燃料,220,5月_金額,50108,108_香港,2016000000,2016年,16166,千円
30000000,3_鉱物性燃料,220,5月_金額,50110,110_ベトナム,2020000000,2020年,189129,千円
30000000,3_鉱物性燃料,220,5月_金額,50110,110_ベトナム,2019000000,2019年,2886595,千円
30000000,3_鉱物性燃料,220,5月_金額,50110,110_ベトナム,2018000000,2018年,7954221,千円
30000000,3_鉱物性燃料,220,5月_金額,50110,110_ベトナム,2017000000,2017年,8018683,千円
30000000,3_鉱物性燃料,220,5月_金額,50110,110_ベトナム,2016000000,2016年,3084207,千円
30000000,3_鉱物性燃料,220,5月_金額,50111,111_タイ,2020000000,2020年,44368,千円
30000000,3_鉱物性燃料,220,5月_金額,50111,111_タイ,2019000000,2019年,307587,千円
30000000,3_鉱物性燃料,220,5月_金額,50111,111_タイ,2018000000,2018年,110157,千円
30000000,3_鉱物性燃料,220,5月_金額,50111,111_タイ,2017000000,2017年,2212087,千円
30000000,3_鉱物性燃料,220,5月_金額,50111,111_タイ,2016000000,2016年,26634,千円
30000000,3_鉱物性燃料,220,5月_金額,50112,112_シンガポール,2020000000,2020年,365577,千円
30000000,3_鉱物性燃料,220,5月_金額,50112,112_シンガポール,2019000000,2019年,3242775,千円
30000000,3_鉱物性燃料,220,5月_金額,50112,112_シンガポール,2018000000,2018年,3743195,千円
30000000,3_鉱物性燃料,220,5月_金額,50112,112_シンガポール,2017000000,2017年,692453,千円
30000000,3_鉱物性燃料,220,5月_金額,50112,112_シンガポール,2016000000,2016年,2447862,千円
30000000,3_鉱物性燃料,220,5月_金額,50113,113_マレーシア,2020000000,2020年,34016205,千円
30000000,3_鉱物性燃料,220,5月_金額,50113,113_マレーシア,2019000000,2019年,43052193,千円
30000000,3_鉱物性燃料,220,5月_金額,50113,113_マレーシア,2018000000,2018年,49556266,千円
30000000,3_鉱物性燃料,220,5月_金額,50113,113_マレーシア,2017000000,2017年,53146829,千円
30000000,3_鉱物性燃料,220,5月_金額,50113,113_マレーシア,2016000000,2016年,38094664,千円
30000000,3_鉱物性燃料,220,5月_金額,50116,116_ブルネイ,2020000000,2020年,5218236,千円
30000000,3_鉱物性燃料,220,5月_金額,50116,116_ブルネイ,2019000000,2019年,19819267,千円
30000000,3_鉱物性燃料,220,5月_金額,50116,116_ブルネイ,2018000000,2018年,19233426,千円
30000000,3_鉱物性燃料,220,5月_金額,50116,116_ブルネイ,2017000000,2017年,13785316,千円
30000000,3_鉱物性燃料,220,5月_金額,50116,116_ブルネイ,2016000000,2016年,12074391,千円
30000000,3_鉱物性燃料,220,5月_金額,50117,117_フィリピン,2020000000,2020年,216604,千円
30000000,3_鉱物性燃料,220,5月_金額,50117,117_フィリピン,2019000000,2019年,2489,千円
30000000,3_鉱物性燃料,220,5月_金額,50117,117_フィリピン,2018000000,2018年,772,千円
30000000,3_鉱物性燃料,220,5月_金額,50117,117_フィリピン,2017000000,2017年,6424,千円
30000000,3_鉱物性燃料,220,5月_金額,50117,117_フィリピン,2016000000,2016年,4446,千円
30000000,3_鉱物性燃料,220,5月_金額,50118,118_インドネシア,2020000000,2020年,23529589,千円
30000000,3_鉱物性燃料,220,5月_金額,50118,118_インドネシア,2019000000,2019年,39811337,千円
30000000,3_鉱物性燃料,220,5月_金額,50118,118_インドネシア,2018000000,2018年,49239454,千円
30000000,3_鉱物性燃料,220,5月_金額,50118,118_インドネシア,2017000000,2017年,47897015,千円
30000000,3_鉱物性燃料,220,5月_金額,50118,118_インドネシア,2016000000,2016年,42627452,千円
30000000,3_鉱物性燃料,220,5月_金額,50123,123_インド,2020000000,2020年,2666300,千円
30000000,3_鉱物性燃料,220,5月_金額,50123,123_インド,2019000000,2019年,9517449,千円
30000000,3_鉱物性燃料,220,5月_金額,50123,123_インド,2018000000,2018年,10937577,千円
30000000,3_鉱物性燃料,220,5月_金額,50123,123_インド,2017000000,2017年,12874011,千円
30000000,3_鉱物性燃料,220,5月_金額,50123,123_インド,2016000000,2016年,10365903,千円
30000000,3_鉱物性燃料,220,5月_金額,50124,124_パキスタン,2020000000,2020年,0,千円
30000000,3_鉱物性燃料,220,5月_金額,50124,124_パキスタン,2019000000,2019年,0,千円
30000000,3_鉱物性燃料,220,5月_金額,50124,124_パキスタン,2018000000,2018年,1796805,千円
30000000,3_鉱物性燃料,220,5月_金額,50124,124_パキスタン,2017000000,2017年,0,千円
30000000,3_鉱物性燃料,220,5月_金額,50124,124_パキスタン,2016000000,2016年,1072402,千円
30000000,3_鉱物性燃料,220,5月_金額,50125,125_スリランカ,2020000000,2020年,0,千円
30000000,3_鉱物性燃料,220,5月_金額,50125,125_スリランカ,2018000000,2018年,1056,千円
30000000,3_鉱物性燃料,220,5月_金額,50125,125_スリランカ,2017000000,2017年,0,千円
30000000,3_鉱物性燃料,220,5月_金額,50125,125_スリランカ,2016000000,2016年,0,千円
30000000,3_鉱物性燃料,220,5月_金額,50127,127_バングラデシュ,2019000000,2019年,0,千円
30000000,3_鉱物性燃料,220,5月_金額,50128,128_東ティモール,2020000000,2020年,447261,千円
30000000,3_鉱物性燃料,220,5月_金額,50128,128_東ティモール,2019000000,2019年,0,千円
30000000,3_鉱物性燃料,220,5月_金額,50129,129_マカオ,2018000000,2018年,0,千円
30000000,3_鉱物性燃料,220,5月_金額,50133,133_イラン,2019000000,2019年,6323574,千円
30000000,3_鉱物性燃料,220,5月_金額,50133,133_イラン,2018000000,2018年,35947655,千円
30000000,3_鉱物性燃料,220,5月_金額,50133,133_イラン,2017000000,2017年,28421245,千円
30000000,3_鉱物性燃料,220,5月_金額,50133,133_イラン,2016000000,2016年,27607339,千円
30000000,3_鉱物性燃料,220,5月_金額,50134,134_イラク,2020000000,2020年,1461382,千円
30000000,3_鉱物性燃料,220,5月_金額,50134,134_イラク,2019000000,2019年,15496761,千円
30000000,3_鉱物性燃料,220,5月_金額,50134,134_イラク,2018000000,2018年,22672866,千円
30000000,3_鉱物性燃料,220,5月_金額,50134,134_イラク,2017000000,2017年,4417369,千円
30000000,3_鉱物性燃料,220,5月_金額,50134,134_イラク,2016000000,2016年,3247320,千円
30000000,3_鉱物性燃料,220,5月_金額,50135,135_バーレーン,2020000000,2020年,4602526,千円
30000000,3_鉱物性燃料,220,5月_金額,50135,135_バーレーン,2019000000,2019年,8608879,千円
30000000,3_鉱物性燃料,220,5月_金額,50135,135_バーレーン,2018000000,2018年,12907777,千円
30000000,3_鉱物性燃料,220,5月_金額,50135,135_バーレーン,2017000000,2017年,3618,千円
30000000,3_鉱物性燃料,220,5月_金額,50135,135_バーレーン,2016000000,2016年,1231585,千円
30000000,3_鉱物性燃料,220,5月_金額,50137,137_サウジアラビア,2020000000,2020年,67349249,千円
30000000,3_鉱物性燃料,220,5月_金額,50137,137_サウジアラビア,2019000000,2019年,256846511,千円
30000000,3_鉱物性燃料,220,5月_金額,50137,137_サウジアラビア,2018000000,2018年,281992354,千円
30000000,3_鉱物性燃料,220,5月_金額,50137,137_サウジアラビア,2017000000,2017年,214512533,千円
30000000,3_鉱物性燃料,220,5月_金額,50137,137_サウジアラビア,2016000000,2016年,162874754,千円
30000000,3_鉱物性燃料,220,5月_金額,50138,138_クウェート,2020000000,2020年,24366036,千円
30000000,3_鉱物性燃料,220,5月_金額,50138,138_クウェート,2019000000,2019年,85871669,千円
30000000,3_鉱物性燃料,220,5月_金額,50138,138_クウェート,2018000000,2018年,54297611,千円
30000000,3_鉱物性燃料,220,5月_金額,50138,138_クウェート,2017000000,2017年,60547959,千円
30000000,3_鉱物性燃料,220,5月_金額,50138,138_クウェート,2016000000,2016年,36312164,千円
30000000,3_鉱物性燃料,220,5月_金額,50140,140_カタール,2020000000,2020年,43764111,千円
30000000,3_鉱物性燃料,220,5月_金額,50140,140_カタール,2019000000,2019年,102224662,千円
30000000,3_鉱物性燃料,220,5月_金額,50140,140_カタール,2018000000,2018年,129774235,千円
30000000,3_鉱物性燃料,220,5月_金額,50140,140_カタール,2017000000,2017年,79896029,千円
30000000,3_鉱物性燃料,220,5月_金額,50140,140_カタール,2016000000,2016年,80369007,千円
30000000,3_鉱物性燃料,220,5月_金額,50141,141_オマーン,2020000000,2020年,9914691,千円
30000000,3_鉱物性燃料,220,5月_金額,50141,141_オマーン,2019000000,2019年,30071369,千円
30000000,3_鉱物性燃料,220,5月_金額,50141,141_オマーン,2018000000,2018年,32183649,千円
30000000,3_鉱物性燃料,220,5月_金額,50141,141_オマーン,2017000000,2017年,9186906,千円
30000000,3_鉱物性燃料,220,5月_金額,50141,141_オマーン,2016000000,2016年,14567105,千円
30000000,3_鉱物性燃料,220,5月_金額,50143,143_イスラエル,2020000000,2020年,4269,千円
30000000,3_鉱物性燃料,220,5月_金額,50143,143_イスラエル,2019000000,2019年,3396,千円
30000000,3_鉱物性燃料,220,5月_金額,50143,143_イスラエル,2018000000,2018年,3012,千円
30000000,3_鉱物性燃料,220,5月_金額,50143,143_イスラエル,2017000000,2017年,1803,千円
30000000,3_鉱物性燃料,220,5月_金額,50143,143_イスラエル,2016000000,2016年,244,千円
30000000,3_鉱物性燃料,220,5月_金額,50147,147_アラブ首長国連邦,2020000000,2020年,47200030,千円
30000000,3_鉱物性燃料,220,5月_金額,50147,147_アラブ首長国連邦,2019000000,2019年,269321128,千円
30000000,3_鉱物性燃料,220,5月_金額,50147,147_アラブ首長国連邦,2018000000,2018年,213682387,千円
30000000,3_鉱物性燃料,220,5月_金額,50147,147_アラブ首長国連邦,2017000000,2017年,187803783,千円
30000000,3_鉱物性燃料,220,5月_金額,50147,147_アラブ首長国連邦,2016000000,2016年,144359301,千円
30000000,3_鉱物性燃料,220,5月_金額,50149,149_イエメン,2018000000,2018年,0,千円
30000000,3_鉱物性燃料,220,5月_金額,50150,150_アゼルバイジャン,2020000000,2020年,0,千円
30000000,3_鉱物性燃料,220,5月_金額,50153,153_カザフスタン,2020000000,2020年,0,千円
30000000,3_鉱物性燃料,220,5月_金額,50153,153_カザフスタン,2019000000,2019年,0,千円
30000000,3_鉱物性燃料,220,5月_金額,50153,153_カザフスタン,2018000000,2018年,4257820,千円
30000000,3_鉱物性燃料,220,5月_金額,50153,153_カザフスタン,2017000000,2017年,7844713,千円
30000000,3_鉱物性燃料,220,5月_金額,50153,153_カザフスタン,2016000000,2016年,0,千円
30000000,3_鉱物性燃料,220,5月_金額,50202,202_ノルウェー,2020000000,2020年,573419,千円
30000000,3_鉱物性燃料,220,5月_金額,50202,202_ノルウェー,2019000000,2019年,2861002,千円
30000000,3_鉱物性燃料,220,5月_金額,50202,202_ノルウェー,2018000000,2018年,1747,千円
30000000,3_鉱物性燃料,220,5月_金額,50202,202_ノルウェー,2017000000,2017年,4422,千円
30000000,3_鉱物性燃料,220,5月_金額,50202,202_ノルウェー,2016000000,2016年,4102253,千円
30000000,3_鉱物性燃料,220,5月_金額,50203,203_スウェーデン,2020000000,2020年,21352,千円
30000000,3_鉱物性燃料,220,5月_金額,50203,203_スウェーデン,2019000000,2019年,11072,千円
30000000,3_鉱物性燃料,220,5月_金額,50203,203_スウェーデン,2018000000,2018年,12711,千円
30000000,3_鉱物性燃料,220,5月_金額,50203,203_スウェーデン,2017000000,2017年,21484,千円
30000000,3_鉱物性燃料,220,5月_金額,50203,203_スウェーデン,2016000000,2016年,44352,千円
30000000,3_鉱物性燃料,220,5月_金額,50204,204_デンマーク,2020000000,2020年,1923,千円
30000000,3_鉱物性燃料,220,5月_金額,50204,204_デンマーク,2019000000,2019年,1170,千円
30000000,3_鉱物性燃料,220,5月_金額,50204,204_デンマーク,2018000000,2018年,4467,千円
30000000,3_鉱物性燃料,220,5月_金額,50204,204_デンマーク,2017000000,2017年,1470,千円
30000000,3_鉱物性燃料,220,5月_金額,50204,204_デンマーク,2016000000,2016年,3006,千円
30000000,3_鉱物性燃料,220,5月_金額,50205,205_英国,2020000000,2020年,52980,千円
30000000,3_鉱物性燃料,220,5月_金額,50205,205_英国,2019000000,2019年,25406,千円
30000000,3_鉱物性燃料,220,5月_金額,50205,205_英国,2018000000,2018年,55740,千円
30000000,3_鉱物性燃料,220,5月_金額,50205,205_英国,2017000000,2017年,8754,千円
30000000,3_鉱物性燃料,220,5月_金額,50205,205_英国,2016000000,2016年,24212,千円
30000000,3_鉱物性燃料,220,5月_金額,50206,206_アイルランド,2020000000,2020年,3165,千円
30000000,3_鉱物性燃料,220,5月_金額,50206,206_アイルランド,2019000000,2019年,2524,千円
30000000,3_鉱物性燃料,220,5月_金額,50206,206_アイルランド,2018000000,2018年,1156,千円
30000000,3_鉱物性燃料,220,5月_金額,50206,206_アイルランド,2017000000,2017年,2686,千円
30000000,3_鉱物性燃料,220,5月_金額,50206,206_アイルランド,2016000000,2016年,2165,千円
30000000,3_鉱物性燃料,220,5月_金額,50207,207_オランダ,2020000000,2020年,42649,千円
30000000,3_鉱物性燃料,220,5月_金額,50207,207_オランダ,2019000000,2019年,40482,千円
30000000,3_鉱物性燃料,220,5月_金額,50207,207_オランダ,2018000000,2018年,47115,千円
30000000,3_鉱物性燃料,220,5月_金額,50207,207_オランダ,2017000000,2017年,34824,千円
30000000,3_鉱物性燃料,220,5月_金額,50207,207_オランダ,2016000000,2016年,40669,千円
30000000,3_鉱物性燃料,220,5月_金額,50208,208_ベルギー,2020000000,2020年,39262,千円
30000000,3_鉱物性燃料,220,5月_金額,50208,208_ベルギー,2019000000,2019年,73128,千円
30000000,3_鉱物性燃料,220,5月_金額,50208,208_ベルギー,2018000000,2018年,148698,千円
30000000,3_鉱物性燃料,220,5月_金額,50208,208_ベルギー,2017000000,2017年,80536,千円
30000000,3_鉱物性燃料,220,5月_金額,50208,208_ベルギー,2016000000,2016年,11806,千円
30000000,3_鉱物性燃料,220,5月_金額,50210,210_フランス,2020000000,2020年,194005,千円
30000000,3_鉱物性燃料,220,5月_金額,50210,210_フランス,2019000000,2019年,301761,千円
30000000,3_鉱物性燃料,220,5月_金額,50210,210_フランス,2018000000,2018年,252867,千円
30000000,3_鉱物性燃料,220,5月_金額,50210,210_フランス,2017000000,2017年,164102,千円
30000000,3_鉱物性燃料,220,5月_金額,50210,210_フランス,2016000000,2016年,2885439,千円
30000000,3_鉱物性燃料,220,5月_金額,50213,213_ドイツ,2020000000,2020年,207883,千円
30000000,3_鉱物性燃料,220,5月_金額,50213,213_ドイツ,2019000000,2019年,224228,千円
30000000,3_鉱物性燃料,220,5月_金額,50213,213_ドイツ,2018000000,2018年,247986,千円
30000000,3_鉱物性燃料,220,5月_金額,50213,213_ドイツ,2017000000,2017年,206893,千円
30000000,3_鉱物性燃料,220,5月_金額,50213,213_ドイツ,2016000000,2016年,183831,千円
30000000,3_鉱物性燃料,220,5月_金額,50215,215_スイス,2020000000,2020年,9921,千円
30000000,3_鉱物性燃料,220,5月_金額,50215,215_スイス,2019000000,2019年,14183,千円
30000000,3_鉱物性燃料,220,5月_金額,50215,215_スイス,2018000000,2018年,27317,千円
30000000,3_鉱物性燃料,220,5月_金額,50215,215_スイス,2017000000,2017年,22894,千円
30000000,3_鉱物性燃料,220,5月_金額,50215,215_スイス,2016000000,2016年,58045,千円
30000000,3_鉱物性燃料,220,5月_金額,50218,218_スペイン,2020000000,2020年,293776,千円
30000000,3_鉱物性燃料,220,5月_金額,50218,218_スペイン,2019000000,2019年,18725,千円
30000000,3_鉱物性燃料,220,5月_金額,50218,218_スペイン,2018000000,2018年,22591,千円
30000000,3_鉱物性燃料,220,5月_金額,50218,218_スペイン,2017000000,2017年,8222,千円
30000000,3_鉱物性燃料,220,5月_金額,50218,218_スペイン,2016000000,2016年,9339,千円
30000000,3_鉱物性燃料,220,5月_金額,50220,220_イタリア,2020000000,2020年,15746,千円
30000000,3_鉱物性燃料,220,5月_金額,50220,220_イタリア,2019000000,2019年,36699,千円
30000000,3_鉱物性燃料,220,5月_金額,50220,220_イタリア,2018000000,2018年,15760,千円
30000000,3_鉱物性燃料,220,5月_金額,50220,220_イタリア,2017000000,2017年,30844,千円
30000000,3_鉱物性燃料,220,5月_金額,50220,220_イタリア,2016000000,2016年,32965,千円
30000000,3_鉱物性燃料,220,5月_金額,50221,221_マルタ,2020000000,2020年,0,千円
30000000,3_鉱物性燃料,220,5月_金額,50222,222_フィンランド,2020000000,2020年,0,千円
30000000,3_鉱物性燃料,220,5月_金額,50222,222_フィンランド,2019000000,2019年,4204,千円
30000000,3_鉱物性燃料,220,5月_金額,50222,222_フィンランド,2018000000,2018年,10352,千円
30000000,3_鉱物性燃料,220,5月_金額,50222,222_フィンランド,2017000000,2017年,5786,千円
30000000,3_鉱物性燃料,220,5月_金額,50222,222_フィンランド,2016000000,2016年,6572,千円
30000000,3_鉱物性燃料,220,5月_金額,50223,223_ポーランド,2020000000,2020年,39373,千円
30000000,3_鉱物性燃料,220,5月_金額,50223,223_ポーランド,2019000000,2019年,2530,千円
30000000,3_鉱物性燃料,220,5月_金額,50223,223_ポーランド,2018000000,2018年,0,千円
30000000,3_鉱物性燃料,220,5月_金額,50223,223_ポーランド,2017000000,2017年,0,千円
30000000,3_鉱物性燃料,220,5月_金額,50223,223_ポーランド,2016000000,2016年,0,千円
30000000,3_鉱物性燃料,220,5月_金額,50224,224_ロシア,2020000000,2020年,46646548,千円
30000000,3_鉱物性燃料,220,5月_金額,50224,224_ロシア,2019000000,2019年,87620387,千円
30000000,3_鉱物性燃料,220,5月_金額,50224,224_ロシア,2018000000,2018年,91029596,千円
30000000,3_鉱物性燃料,220,5月_金額,50224,224_ロシア,2017000000,2017年,101596053,千円
30000000,3_鉱物性燃料,220,5月_金額,50224,224_ロシア,2016000000,2016年,63649955,千円
30000000,3_鉱物性燃料,220,5月_金額,50225,225_オーストリア,2020000000,2020年,302,千円
30000000,3_鉱物性燃料,220,5月_金額,50225,225_オーストリア,2019000000,2019年,521,千円
30000000,3_鉱物性燃料,220,5月_金額,50225,225_オーストリア,2018000000,2018年,641,千円
30000000,3_鉱物性燃料,220,5月_金額,50225,225_オーストリア,2017000000,2017年,1869,千円
30000000,3_鉱物性燃料,220,5月_金額,50225,225_オーストリア,2016000000,2016年,872,千円
30000000,3_鉱物性燃料,220,5月_金額,50227,227_ハンガリー,2018000000,2018年,0,千円
30000000,3_鉱物性燃料,220,5月_金額,50227,227_ハンガリー,2017000000,2017年,0,千円
30000000,3_鉱物性燃料,220,5月_金額,50227,227_ハンガリー,2016000000,2016年,0,千円
30000000,3_鉱物性燃料,220,5月_金額,50230,230_ギリシャ,2020000000,2020年,724335,千円
30000000,3_鉱物性燃料,220,5月_金額,50230,230_ギリシャ,2019000000,2019年,0,千円
30000000,3_鉱物性燃料,220,5月_金額,50230,230_ギリシャ,2018000000,2018年,0,千円
30000000,3_鉱物性燃料,220,5月_金額,50230,230_ギリシャ,2017000000,2017年,638262,千円
30000000,3_鉱物性燃料,220,5月_金額,50230,230_ギリシャ,2016000000,2016年,0,千円
30000000,3_鉱物性燃料,220,5月_金額,50232,232_ブルガリア,2020000000,2020年,0,千円
30000000,3_鉱物性燃料,220,5月_金額,50232,232_ブルガリア,2019000000,2019年,2625,千円
30000000,3_鉱物性燃料,220,5月_金額,50234,234_トルコ,2020000000,2020年,0,千円
30000000,3_鉱物性燃料,220,5月_金額,50234,234_トルコ,2019000000,2019年,0,千円
30000000,3_鉱物性燃料,220,5月_金額,50234,234_トルコ,2018000000,2018年,0,千円
30000000,3_鉱物性燃料,220,5月_金額,50234,234_トルコ,2017000000,2017年,0,千円
30000000,3_鉱物性燃料,220,5月_金額,50234,234_トルコ,2016000000,2016年,442,千円
30000000,3_鉱物性燃料,220,5月_金額,50235,235_エストニア,2020000000,2020年,10290,千円
30000000,3_鉱物性燃料,220,5月_金額,50235,235_エストニア,2019000000,2019年,8600,千円
30000000,3_鉱物性燃料,220,5月_金額,50235,235_エストニア,2018000000,2018年,12643,千円
30000000,3_鉱物性燃料,220,5月_金額,50235,235_エストニア,2017000000,2017年,19662,千円
30000000,3_鉱物性燃料,220,5月_金額,50235,235_エストニア,2016000000,2016年,14291,千円
30000000,3_鉱物性燃料,220,5月_金額,50236,236_ラトビア,2020000000,2020年,58181,千円
30000000,3_鉱物性燃料,220,5月_金額,50236,236_ラトビア,2019000000,2019年,58703,千円
30000000,3_鉱物性燃料,220,5月_金額,50236,236_ラトビア,2018000000,2018年,65807,千円
30000000,3_鉱物性燃料,220,5月_金額,50236,236_ラトビア,2017000000,2017年,65791,千円
30000000,3_鉱物性燃料,220,5月_金額,50236,236_ラトビア,2016000000,2016年,50803,千円
30000000,3_鉱物性燃料,220,5月_金額,50237,237_リトアニア,2020000000,2020年,9815,千円
30000000,3_鉱物性燃料,220,5月_金額,50237,237_リトアニア,2019000000,2019年,14512,千円
30000000,3_鉱物性燃料,220,5月_金額,50237,237_リトアニア,2018000000,2018年,22585,千円
30000000,3_鉱物性燃料,220,5月_金額,50237,237_リトアニア,2017000000,2017年,11993,千円
30000000,3_鉱物性燃料,220,5月_金額,50237,237_リトアニア,2016000000,2016年,18362,千円
30000000,3_鉱物性燃料,220,5月_金額,50238,238_ウクライナ,2019000000,2019年,0,千円
30000000,3_鉱物性燃料,220,5月_金額,50238,238_ウクライナ,2018000000,2018年,0,千円
30000000,3_鉱物性燃料,220,5月_金額,50245,245_チェコ,2020000000,2020年,0,千円
30000000,3_鉱物性燃料,220,5月_金額,50245,245_チェコ,2019000000,2019年,2123,千円
30000000,3_鉱物性燃料,220,5月_金額,50245,245_チェコ,2018000000,2018年,0,千円
30000000,3_鉱物性燃料,220,5月_金額,50245,245_チェコ,2017000000,2017年,0,千円
30000000,3_鉱物性燃料,220,5月_金額,50245,245_チェコ,2016000000,2016年,0,千円
30000000,3_鉱物性燃料,220,5月_金額,50302,302_カナダ,2020000000,2020年,8084888,千円
30000000,3_鉱物性燃料,220,5月_金額,50302,302_カナダ,2019000000,2019年,12667248,千円
30000000,3_鉱物性燃料,220,5月_金額,50302,302_カナダ,2018000000,2018年,7299993,千円
30000000,3_鉱物性燃料,220,5月_金額,50302,302_カナダ,2017000000,2017年,20173042,千円
30000000,3_鉱物性燃料,220,5月_金額,50302,302_カナダ,2016000000,2016年,7699004,千円
30000000,3_鉱物性燃料,220,5月_金額,50304,304_アメリカ合衆国,2020000000,2020年,65387521,千円
30000000,3_鉱物性燃料,220,5月_金額,50304,304_アメリカ合衆国,2019000000,2019年,99514639,千円
30000000,3_鉱物性燃料,220,5月_金額,50304,304_アメリカ合衆国,2018000000,2018年,72266414,千円
30000000,3_鉱物性燃料,220,5月_金額,50304,304_アメリカ合衆国,2017000000,2017年,53836096,千円
30000000,3_鉱物性燃料,220,5月_金額,50304,304_アメリカ合衆国,2016000000,2016年,27200615,千円
30000000,3_鉱物性燃料,220,5月_金額,50305,305_メキシコ,2020000000,2020年,1014,千円
30000000,3_鉱物性燃料,220,5月_金額,50305,305_メキシコ,2019000000,2019年,7017612,千円
30000000,3_鉱物性燃料,220,5月_金額,50305,305_メキシコ,2018000000,2018年,0,千円
30000000,3_鉱物性燃料,220,5月_金額,50305,305_メキシコ,2017000000,2017年,0,千円
30000000,3_鉱物性燃料,220,5月_金額,50305,305_メキシコ,2016000000,2016年,9643662,千円
30000000,3_鉱物性燃料,220,5月_金額,50312,312_パナマ,2020000000,2020年,1663,千円
30000000,3_鉱物性燃料,220,5月_金額,50312,312_パナマ,2019000000,2019年,0,千円
30000000,3_鉱物性燃料,220,5月_金額,50312,312_パナマ,2018000000,2018年,0,千円
30000000,3_鉱物性燃料,220,5月_金額,50312,312_パナマ,2016000000,2016年,0,千円
30000000,3_鉱物性燃料,220,5月_金額,50315,315_バハマ,2016000000,2016年,0,千円
30000000,3_鉱物性燃料,220,5月_金額,50320,320_トリニダード・トバゴ,2018000000,2018年,0,千円
30000000,3_鉱物性燃料,220,5月_金額,50320,320_トリニダード・トバゴ,2017000000,2017年,0,千円
30000000,3_鉱物性燃料,220,5月_金額,50320,320_トリニダード・トバゴ,2016000000,2016年,0,千円
30000000,3_鉱物性燃料,220,5月_金額,50323,323_ドミニカ共和国,2019000000,2019年,0,千円
30000000,3_鉱物性燃料,220,5月_金額,50326,326_蘭領アンティール,2019000000,2019年,0,千円
30000000,3_鉱物性燃料,220,5月_金額,50326,326_蘭領アンティール,2018000000,2018年,0,千円
30000000,3_鉱物性燃料,220,5月_金額,50326,326_蘭領アンティール,2017000000,2017年,0,千円
30000000,3_鉱物性燃料,220,5月_金額,50326,326_蘭領アンティール,2016000000,2016年,0,千円
30000000,3_鉱物性燃料,220,5月_金額,50327,327_仏領西インド諸島,2017000000,2017年,0,千円
30000000,3_鉱物性燃料,220,5月_金額,50401,401_コロンビア,2020000000,2020年,823675,千円
30000000,3_鉱物性燃料,220,5月_金額,50401,401_コロンビア,2019000000,2019年,2913991,千円
30000000,3_鉱物性燃料,220,5月_金額,50401,401_コロンビア,2018000000,2018年,6578806,千円
30000000,3_鉱物性燃料,220,5月_金額,50401,401_コロンビア,2017000000,2017年,5347990,千円
30000000,3_鉱物性燃料,220,5月_金額,50401,401_コロンビア,2016000000,2016年,847711,千円
30000000,3_鉱物性燃料,220,5月_金額,50402,402_ベネズエラ,2017000000,2017年,0,千円
30000000,3_鉱物性燃料,220,5月_金額,50402,402_ベネズエラ,2016000000,2016年,0,千円
30000000,3_鉱物性燃料,220,5月_金額,50404,404_スリナム,2016000000,2016年,0,千円
30000000,3_鉱物性燃料,220,5月_金額,50406,406_エクアドル,2020000000,2020年,860120,千円
30000000,3_鉱物性燃料,220,5月_金額,50406,406_エクアドル,2019000000,2019年,8960651,千円
30000000,3_鉱物性燃料,220,5月_金額,50406,406_エクアドル,2018000000,2018年,4396598,千円
30000000,3_鉱物性燃料,220,5月_金額,50406,406_エクアドル,2017000000,2017年,1422404,千円
30000000,3_鉱物性燃料,220,5月_金額,50406,406_エクアドル,2016000000,2016年,2261610,千円
30000000,3_鉱物性燃料,220,5月_金額,50407,407_ペルー,2020000000,2020年,3809384,千円
30000000,3_鉱物性燃料,220,5月_金額,50407,407_ペルー,2019000000,2019年,14055372,千円
30000000,3_鉱物性燃料,220,5月_金額,50407,407_ペルー,2018000000,2018年,6903770,千円
30000000,3_鉱物性燃料,220,5月_金額,50407,407_ペルー,2017000000,2017年,0,千円
30000000,3_鉱物性燃料,220,5月_金額,50407,407_ペルー,2016000000,2016年,331815,千円
30000000,3_鉱物性燃料,220,5月_金額,50410,410_ブラジル,2020000000,2020年,0,千円
30000000,3_鉱物性燃料,220,5月_金額,50410,410_ブラジル,2019000000,2019年,0,千円
30000000,3_鉱物性燃料,220,5月_金額,50410,410_ブラジル,2018000000,2018年,1482,千円
30000000,3_鉱物性燃料,220,5月_金額,50410,410_ブラジル,2017000000,2017年,1089,千円
30000000,3_鉱物性燃料,220,5月_金額,50410,410_ブラジル,2016000000,2016年,0,千円
30000000,3_鉱物性燃料,220,5月_金額,50503,503_アルジェリア,2020000000,2020年,2517640,千円
30000000,3_鉱物性燃料,220,5月_金額,50503,503_アルジェリア,2019000000,2019年,5160089,千円
30000000,3_鉱物性燃料,220,5月_金額,50503,503_アルジェリア,2018000000,2018年,2527906,千円
30000000,3_鉱物性燃料,220,5月_金額,50503,503_アルジェリア,2017000000,2017年,2737860,千円
30000000,3_鉱物性燃料,220,5月_金額,50503,503_アルジェリア,2016000000,2016年,975174,千円
30000000,3_鉱物性燃料,220,5月_金額,50505,505_リビア,2020000000,2020年,0,千円
30000000,3_鉱物性燃料,220,5月_金額,50506,506_エジプト,2020000000,2020年,2172063,千円
30000000,3_鉱物性燃料,220,5月_金額,50506,506_エジプト,2019000000,2019年,0,千円
30000000,3_鉱物性燃料,220,5月_金額,50506,506_エジプト,2018000000,2018年,2230281,千円
30000000,3_鉱物性燃料,220,5月_金額,50506,506_エジプト,2017000000,2017年,4871324,千円
30000000,3_鉱物性燃料,220,5月_金額,50506,506_エジプト,2016000000,2016年,1244802,千円
30000000,3_鉱物性燃料,220,5月_金額,50507,507_スーダン,2016000000,2016年,0,千円
30000000,3_鉱物性燃料,220,5月_金額,50510,510_セネガル,2017000000,2017年,0,千円
30000000,3_鉱物性燃料,220,5月_金額,50515,515_リベリア,2020000000,2020年,226,千円
30000000,3_鉱物性燃料,220,5月_金額,50515,515_リベリア,2017000000,2017年,0,千円
30000000,3_鉱物性燃料,220,5月_金額,50517,517_ガーナ,2017000000,2017年,0,千円
30000000,3_鉱物性燃料,220,5月_金額,50524,524_ナイジェリア,2020000000,2020年,7619074,千円
30000000,3_鉱物性燃料,220,5月_金額,50524,524_ナイジェリア,2019000000,2019年,2237247,千円
30000000,3_鉱物性燃料,220,5月_金額,50524,524_ナイジェリア,2018000000,2018年,6036974,千円
30000000,3_鉱物性燃料,220,5月_金額,50524,524_ナイジェリア,2017000000,2017年,0,千円
30000000,3_鉱物性燃料,220,5月_金額,50524,524_ナイジェリア,2016000000,2016年,4247710,千円
30000000,3_鉱物性燃料,220,5月_金額,50527,527_カメルーン,2019000000,2019年,2888435,千円
30000000,3_鉱物性燃料,220,5月_金額,50528,528_チャド,2016000000,2016年,0,千円
30000000,3_鉱物性燃料,220,5月_金額,50530,530_赤道ギニア,2019000000,2019年,0,千円
30000000,3_鉱物性燃料,220,5月_金額,50530,530_赤道ギニア,2018000000,2018年,0,千円
30000000,3_鉱物性燃料,220,5月_金額,50530,530_赤道ギニア,2017000000,2017年,0,千円
30000000,3_鉱物性燃料,220,5月_金額,50530,530_赤道ギニア,2016000000,2016年,0,千円
30000000,3_鉱物性燃料,220,5月_金額,50531,531_ガボン,2019000000,2019年,0,千円
30000000,3_鉱物性燃料,220,5月_金額,50531,531_ガボン,2018000000,2018年,0,千円
30000000,3_鉱物性燃料,220,5月_金額,50531,531_ガボン,2016000000,2016年,0,千円
30000000,3_鉱物性燃料,220,5月_金額,50532,532_コンゴ共和国,2016000000,2016年,0,千円
30000000,3_鉱物性燃料,220,5月_金額,50535,535_アンゴラ,2020000000,2020年,0,千円
30000000,3_鉱物性燃料,220,5月_金額,50535,535_アンゴラ,2019000000,2019年,0,千円
30000000,3_鉱物性燃料,220,5月_金額,50535,535_アンゴラ,2018000000,2018年,3080183,千円
30000000,3_鉱物性燃料,220,5月_金額,50535,535_アンゴラ,2017000000,2017年,6504254,千円
30000000,3_鉱物性燃料,220,5月_金額,50535,535_アンゴラ,2016000000,2016年,0,千円
30000000,3_鉱物性燃料,220,5月_金額,50543,543_タンザニア,2018000000,2018年,588025,千円
30000000,3_鉱物性燃料,220,5月_金額,50545,545_モザンビーク,2020000000,2020年,0,千円
30000000,3_鉱物性燃料,220,5月_金額,50545,545_モザンビーク,2019000000,2019年,0,千円
30000000,3_鉱物性燃料,220,5月_金額,50545,545_モザンビーク,2018000000,2018年,3732568,千円
30000000,3_鉱物性燃料,220,5月_金額,50545,545_モザンビーク,2017000000,2017年,2385280,千円
30000000,3_鉱物性燃料,220,5月_金額,50545,545_モザンビーク,2016000000,2016年,0,千円
30000000,3_鉱物性燃料,220,5月_金額,50547,547_モーリシャス,2018000000,2018年,0,千円
30000000,3_鉱物性燃料,220,5月_金額,50551,551_南アフリカ共和国,2020000000,2020年,17169,千円
30000000,3_鉱物性燃料,220,5月_金額,50551,551_南アフリカ共和国,2019000000,2019年,1024522,千円
30000000,3_鉱物性燃料,220,5月_金額,50551,551_南アフリカ共和国,2018000000,2018年,870282,千円
30000000,3_鉱物性燃料,220,5月_金額,50551,551_南アフリカ共和国,2017000000,2017年,12796,千円
30000000,3_鉱物性燃料,220,5月_金額,50551,551_南アフリカ共和国,2016000000,2016年,20034,千円
30000000,3_鉱物性燃料,220,5月_金額,50556,556_エスワティニ,2018000000,2018年,0,千円
30000000,3_鉱物性燃料,220,5月_金額,50601,601_オーストラリア,2020000000,2020年,182111484,千円
30000000,3_鉱物性燃料,220,5月_金額,50601,601_オーストラリア,2019000000,2019年,240245814,千円
30000000,3_鉱物性燃料,220,5月_金額,50601,601_オーストラリア,2018000000,2018年,279749691,千円
30000000,3_鉱物性燃料,220,5月_金額,50601,601_オーストラリア,2017000000,2017年,218646985,千円
30000000,3_鉱物性燃料,220,5月_金額,50601,601_オーストラリア,2016000000,2016年,128991094,千円
30000000,3_鉱物性燃料,220,5月_金額,50602,602_パプアニューギニア,2020000000,2020年,8574428,千円
30000000,3_鉱物性燃料,220,5月_金額,50602,602_パプアニューギニア,2019000000,2019年,16531793,千円
30000000,3_鉱物性燃料,220,5月_金額,50602,602_パプアニューギニア,2018000000,2018年,11326136,千円
30000000,3_鉱物性燃料,220,5月_金額,50602,602_パプアニューギニア,2017000000,2017年,22078073,千円
30000000,3_鉱物性燃料,220,5月_金額,50602,602_パプアニューギニア,2016000000,2016年,10134548,千円
30000000,3_鉱物性燃料,220,5月_金額,50606,606_ニュージーランド,2020000000,2020年,0,千円
30000000,3_鉱物性燃料,220,5月_金額,50606,606_ニュージーランド,2019000000,2019年,1997072,千円
30000000,3_鉱物性燃料,220,5月_金額,50606,606_ニュージーランド,2018000000,2018年,1173436,千円
30000000,3_鉱物性燃料,220,5月_金額,50606,606_ニュージーランド,2017000000,2017年,1646455,千円
30000000,3_鉱物性燃料,220,5月_金額,50606,606_ニュージーランド,2016000000,2016年,0,千円
30000000,3_鉱物性燃料,220,5月_金額,50620,620_グアム(米),2020000000,2020年,0,千円
30000000,3_鉱物性燃料,220,5月_金額,50625,625_マーシャル,2018000000,2018年,0,千円
30000000,3_鉱物性燃料,220,5月_金額,50626,626_ミクロネシア,2017000000,2017年,2377,千円
30000000,3_鉱物性燃料,220,5月_金額,50626,626_ミクロネシア,2016000000,2016年,0,千円
30000000,3_鉱物性燃料,220,5月_金額,50702,702_不明,2020000000,2020年,2945,千円
30000000,3_鉱物性燃料,220,5月_金額,50702,702_不明,2019000000,2019年,20425,千円
30000000,3_鉱物性燃料,220,5月_金額,50702,702_不明,2018000000,2018年,51318,千円
30000000,3_鉱物性燃料,220,5月_金額,50702,702_不明,2017000000,2017年,27027,千円
30000000,3_鉱物性燃料,220,5月_金額,50702,702_不明,2016000000,2016年,6084,千円
30000000,3_鉱物性燃料,240,6月_金額,50103,103_大韓民国,2020000000,2020年,15534861,千円
30000000,3_鉱物性燃料,240,6月_金額,50103,103_大韓民国,2019000000,2019年,28875593,千円
30000000,3_鉱物性燃料,240,6月_金額,50103,103_大韓民国,2018000000,2018年,39723781,千円
30000000,3_鉱物性燃料,240,6月_金額,50103,103_大韓民国,2017000000,2017年,22152365,千円
30000000,3_鉱物性燃料,240,6月_金額,50103,103_大韓民国,2016000000,2016年,22419793,千円
30000000,3_鉱物性燃料,240,6月_金額,50105,105_中華人民共和国,2020000000,2020年,3434568,千円
30000000,3_鉱物性燃料,240,6月_金額,50105,105_中華人民共和国,2019000000,2019年,8642788,千円
30000000,3_鉱物性燃料,240,6月_金額,50105,105_中華人民共和国,2018000000,2018年,8156206,千円
30000000,3_鉱物性燃料,240,6月_金額,50105,105_中華人民共和国,2017000000,2017年,5881110,千円
30000000,3_鉱物性燃料,240,6月_金額,50105,105_中華人民共和国,2016000000,2016年,8895920,千円
30000000,3_鉱物性燃料,240,6月_金額,50106,106_台湾,2020000000,2020年,62024,千円
30000000,3_鉱物性燃料,240,6月_金額,50106,106_台湾,2019000000,2019年,3171893,千円
30000000,3_鉱物性燃料,240,6月_金額,50106,106_台湾,2018000000,2018年,184308,千円
30000000,3_鉱物性燃料,240,6月_金額,50106,106_台湾,2017000000,2017年,180576,千円
30000000,3_鉱物性燃料,240,6月_金額,50106,106_台湾,2016000000,2016年,73558,千円
30000000,3_鉱物性燃料,240,6月_金額,50107,107_モンゴル,2017000000,2017年,0,千円
30000000,3_鉱物性燃料,240,6月_金額,50107,107_モンゴル,2016000000,2016年,0,千円
30000000,3_鉱物性燃料,240,6月_金額,50108,108_香港,2020000000,2020年,11905,千円
30000000,3_鉱物性燃料,240,6月_金額,50108,108_香港,2019000000,2019年,41028,千円
30000000,3_鉱物性燃料,240,6月_金額,50108,108_香港,2018000000,2018年,55118,千円
30000000,3_鉱物性燃料,240,6月_金額,50108,108_香港,2017000000,2017年,12211,千円
30000000,3_鉱物性燃料,240,6月_金額,50108,108_香港,2016000000,2016年,18995,千円
30000000,3_鉱物性燃料,240,6月_金額,50110,110_ベトナム,2020000000,2020年,1625628,千円
30000000,3_鉱物性燃料,240,6月_金額,50110,110_ベトナム,2019000000,2019年,5600190,千円
30000000,3_鉱物性燃料,240,6月_金額,50110,110_ベトナム,2018000000,2018年,6504379,千円
30000000,3_鉱物性燃料,240,6月_金額,50110,110_ベトナム,2017000000,2017年,4534996,千円
30000000,3_鉱物性燃料,240,6月_金額,50110,110_ベトナム,2016000000,2016年,2195803,千円
30000000,3_鉱物性燃料,240,6月_金額,50111,111_タイ,2020000000,2020年,361910,千円
30000000,3_鉱物性燃料,240,6月_金額,50111,111_タイ,2019000000,2019年,131605,千円
30000000,3_鉱物性燃料,240,6月_金額,50111,111_タイ,2018000000,2018年,85670,千円
30000000,3_鉱物性燃料,240,6月_金額,50111,111_タイ,2017000000,2017年,51945,千円
30000000,3_鉱物性燃料,240,6月_金額,50111,111_タイ,2016000000,2016年,43178,千円
30000000,3_鉱物性燃料,240,6月_金額,50112,112_シンガポール,2020000000,2020年,4312360,千円
30000000,3_鉱物性燃料,240,6月_金額,50112,112_シンガポール,2019000000,2019年,2491507,千円
30000000,3_鉱物性燃料,240,6月_金額,50112,112_シンガポール,2018000000,2018年,5200812,千円
30000000,3_鉱物性燃料,240,6月_金額,50112,112_シンガポール,2017000000,2017年,7502236,千円
30000000,3_鉱物性燃料,240,6月_金額,50112,112_シンガポール,2016000000,2016年,3862499,千円
30000000,3_鉱物性燃料,240,6月_金額,50113,113_マレーシア,2020000000,2020年,31796229,千円
30000000,3_鉱物性燃料,240,6月_金額,50113,113_マレーシア,2019000000,2019年,33840523,千円
30000000,3_鉱物性燃料,240,6月_金額,50113,113_マレーシア,2018000000,2018年,38071502,千円
30000000,3_鉱物性燃料,240,6月_金額,50113,113_マレーシア,2017000000,2017年,49999118,千円
30000000,3_鉱物性燃料,240,6月_金額,50113,113_マレーシア,2016000000,2016年,48075040,千円
30000000,3_鉱物性燃料,240,6月_金額,50116,116_ブルネイ,2020000000,2020年,17974779,千円
30000000,3_鉱物性燃料,240,6月_金額,50116,116_ブルネイ,2019000000,2019年,22461365,千円
30000000,3_鉱物性燃料,240,6月_金額,50116,116_ブルネイ,2018000000,2018年,23409659,千円
30000000,3_鉱物性燃料,240,6月_金額,50116,116_ブルネイ,2017000000,2017年,16701657,千円
30000000,3_鉱物性燃料,240,6月_金額,50116,116_ブルネイ,2016000000,2016年,16789520,千円
30000000,3_鉱物性燃料,240,6月_金額,50117,117_フィリピン,2020000000,2020年,147960,千円
30000000,3_鉱物性燃料,240,6月_金額,50117,117_フィリピン,2019000000,2019年,1985,千円
30000000,3_鉱物性燃料,240,6月_金額,50117,117_フィリピン,2018000000,2018年,189872,千円
30000000,3_鉱物性燃料,240,6月_金額,50117,117_フィリピン,2017000000,2017年,8950,千円
30000000,3_鉱物性燃料,240,6月_金額,50117,117_フィリピン,2016000000,2016年,5034,千円
30000000,3_鉱物性燃料,240,6月_金額,50118,118_インドネシア,2020000000,2020年,18748312,千円
30000000,3_鉱物性燃料,240,6月_金額,50118,118_インドネシア,2019000000,2019年,51769152,千円
30000000,3_鉱物性燃料,240,6月_金額,50118,118_インドネシア,2018000000,2018年,49166010,千円
30000000,3_鉱物性燃料,240,6月_金額,50118,118_インドネシア,2017000000,2017年,49471938,千円
30000000,3_鉱物性燃料,240,6月_金額,50118,118_インドネシア,2016000000,2016年,44727409,千円
30000000,3_鉱物性燃料,240,6月_金額,50123,123_インド,2020000000,2020年,443898,千円
30000000,3_鉱物性燃料,240,6月_金額,50123,123_インド,2019000000,2019年,1294484,千円
30000000,3_鉱物性燃料,240,6月_金額,50123,123_インド,2018000000,2018年,3480353,千円
30000000,3_鉱物性燃料,240,6月_金額,50123,123_インド,2017000000,2017年,10468699,千円
30000000,3_鉱物性燃料,240,6月_金額,50123,123_インド,2016000000,2016年,4608531,千円
30000000,3_鉱物性燃料,240,6月_金額,50124,124_パキスタン,2020000000,2020年,0,千円
30000000,3_鉱物性燃料,240,6月_金額,50124,124_パキスタン,2019000000,2019年,0,千円
30000000,3_鉱物性燃料,240,6月_金額,50124,124_パキスタン,2018000000,2018年,0,千円
30000000,3_鉱物性燃料,240,6月_金額,50124,124_パキスタン,2017000000,2017年,0,千円
30000000,3_鉱物性燃料,240,6月_金額,50124,124_パキスタン,2016000000,2016年,0,千円
30000000,3_鉱物性燃料,240,6月_金額,50125,125_スリランカ,2020000000,2020年,1244,千円
30000000,3_鉱物性燃料,240,6月_金額,50125,125_スリランカ,2018000000,2018年,0,千円
30000000,3_鉱物性燃料,240,6月_金額,50125,125_スリランカ,2017000000,2017年,0,千円
30000000,3_鉱物性燃料,240,6月_金額,50125,125_スリランカ,2016000000,2016年,0,千円
30000000,3_鉱物性燃料,240,6月_金額,50127,127_バングラデシュ,2019000000,2019年,0,千円
30000000,3_鉱物性燃料,240,6月_金額,50128,128_東ティモール,2020000000,2020年,570927,千円
30000000,3_鉱物性燃料,240,6月_金額,50128,128_東ティモール,2019000000,2019年,0,千円
30000000,3_鉱物性燃料,240,6月_金額,50129,129_マカオ,2018000000,2018年,391,千円
30000000,3_鉱物性燃料,240,6月_金額,50133,133_イラン,2019000000,2019年,0,千円
30000000,3_鉱物性燃料,240,6月_金額,50133,133_イラン,2018000000,2018年,34953745,千円
30000000,3_鉱物性燃料,240,6月_金額,50133,133_イラン,2017000000,2017年,20388475,千円
30000000,3_鉱物性燃料,240,6月_金額,50133,133_イラン,2016000000,2016年,46300748,千円
30000000,3_鉱物性燃料,240,6月_金額,50134,134_イラク,2020000000,2020年,0,千円
30000000,3_鉱物性燃料,240,6月_金額,50134,134_イラク,2019000000,2019年,0,千円
30000000,3_鉱物性燃料,240,6月_金額,50134,134_イラク,2018000000,2018年,17057504,千円
30000000,3_鉱物性燃料,240,6月_金額,50134,134_イラク,2017000000,2017年,4447789,千円
30000000,3_鉱物性燃料,240,6月_金額,50134,134_イラク,2016000000,2016年,16754394,千円
30000000,3_鉱物性燃料,240,6月_金額,50135,135_バーレーン,2020000000,2020年,3997163,千円
30000000,3_鉱物性燃料,240,6月_金額,50135,135_バーレーン,2019000000,2019年,5104332,千円
30000000,3_鉱物性燃料,240,6月_金額,50135,135_バーレーン,2018000000,2018年,8360018,千円
30000000,3_鉱物性燃料,240,6月_金額,50135,135_バーレーン,2017000000,2017年,2905036,千円
30000000,3_鉱物性燃料,240,6月_金額,50135,135_バーレーン,2016000000,2016年,121761,千円
30000000,3_鉱物性燃料,240,6月_金額,50137,137_サウジアラビア,2020000000,2020年,75468706,千円
30000000,3_鉱物性燃料,240,6月_金額,50137,137_サウジアラビア,2019000000,2019年,211796599,千円
30000000,3_鉱物性燃料,240,6月_金額,50137,137_サウジアラビア,2018000000,2018年,232026980,千円
30000000,3_鉱物性燃料,240,6月_金額,50137,137_サウジアラビア,2017000000,2017年,189791524,千円
30000000,3_鉱物性燃料,240,6月_金額,50137,137_サウジアラビア,2016000000,2016年,161026850,千円
30000000,3_鉱物性燃料,240,6月_金額,50138,138_クウェート,2020000000,2020年,23994761,千円
30000000,3_鉱物性燃料,240,6月_金額,50138,138_クウェート,2019000000,2019年,45606361,千円
30000000,3_鉱物性燃料,240,6月_金額,50138,138_クウェート,2018000000,2018年,62048160,千円
30000000,3_鉱物性燃料,240,6月_金額,50138,138_クウェート,2017000000,2017年,38630334,千円
30000000,3_鉱物性燃料,240,6月_金額,50138,138_クウェート,2016000000,2016年,32193061,千円
30000000,3_鉱物性燃料,240,6月_金額,50140,140_カタール,2020000000,2020年,58008126,千円
30000000,3_鉱物性燃料,240,6月_金額,50140,140_カタール,2019000000,2019年,105098574,千円
30000000,3_鉱物性燃料,240,6月_金額,50140,140_カタール,2018000000,2018年,112578685,千円
30000000,3_鉱物性燃料,240,6月_金額,50140,140_カタール,2017000000,2017年,86904219,千円
30000000,3_鉱物性燃料,240,6月_金額,50140,140_カタール,2016000000,2016年,87914888,千円
30000000,3_鉱物性燃料,240,6月_金額,50141,141_オマーン,2020000000,2020年,9856671,千円
30000000,3_鉱物性燃料,240,6月_金額,50141,141_オマーン,2019000000,2019年,25799756,千円
30000000,3_鉱物性燃料,240,6月_金額,50141,141_オマーン,2018000000,2018年,28721363,千円
30000000,3_鉱物性燃料,240,6月_金額,50141,141_オマーン,2017000000,2017年,12094732,千円
30000000,3_鉱物性燃料,240,6月_金額,50141,141_オマーン,2016000000,2016年,12534916,千円
30000000,3_鉱物性燃料,240,6月_金額,50143,143_イスラエル,2020000000,2020年,6652,千円
30000000,3_鉱物性燃料,240,6月_金額,50143,143_イスラエル,2019000000,2019年,449,千円
30000000,3_鉱物性燃料,240,6月_金額,50143,143_イスラエル,2018000000,2018年,0,千円
30000000,3_鉱物性燃料,240,6月_金額,50143,143_イスラエル,2017000000,2017年,0,千円
30000000,3_鉱物性燃料,240,6月_金額,50143,143_イスラエル,2016000000,2016年,774,千円
30000000,3_鉱物性燃料,240,6月_金額,50147,147_アラブ首長国連邦,2020000000,2020年,58563112,千円
30000000,3_鉱物性燃料,240,6月_金額,50147,147_アラブ首長国連邦,2019000000,2019年,230585588,千円
30000000,3_鉱物性燃料,240,6月_金額,50147,147_アラブ首長国連邦,2018000000,2018年,165893394,千円
30000000,3_鉱物性燃料,240,6月_金額,50147,147_アラブ首長国連邦,2017000000,2017年,157377938,千円
30000000,3_鉱物性燃料,240,6月_金額,50147,147_アラブ首長国連邦,2016000000,2016年,153858307,千円
30000000,3_鉱物性燃料,240,6月_金額,50149,149_イエメン,2018000000,2018年,0,千円
30000000,3_鉱物性燃料,240,6月_金額,50150,150_アゼルバイジャン,2020000000,2020年,0,千円
30000000,3_鉱物性燃料,240,6月_金額,50153,153_カザフスタン,2020000000,2020年,3937598,千円
30000000,3_鉱物性燃料,240,6月_金額,50153,153_カザフスタン,2019000000,2019年,23711786,千円
30000000,3_鉱物性燃料,240,6月_金額,50153,153_カザフスタン,2018000000,2018年,12718733,千円
30000000,3_鉱物性燃料,240,6月_金額,50153,153_カザフスタン,2017000000,2017年,9349961,千円
30000000,3_鉱物性燃料,240,6月_金額,50153,153_カザフスタン,2016000000,2016年,0,千円
30000000,3_鉱物性燃料,240,6月_金額,50202,202_ノルウェー,2020000000,2020年,827792,千円
30000000,3_鉱物性燃料,240,6月_金額,50202,202_ノルウェー,2019000000,2019年,7614,千円
30000000,3_鉱物性燃料,240,6月_金額,50202,202_ノルウェー,2018000000,2018年,3882,千円
30000000,3_鉱物性燃料,240,6月_金額,50202,202_ノルウェー,2017000000,2017年,1590,千円
30000000,3_鉱物性燃料,240,6月_金額,50202,202_ノルウェー,2016000000,2016年,6239,千円
30000000,3_鉱物性燃料,240,6月_金額,50203,203_スウェーデン,2020000000,2020年,11762,千円
30000000,3_鉱物性燃料,240,6月_金額,50203,203_スウェーデン,2019000000,2019年,17170,千円
30000000,3_鉱物性燃料,240,6月_金額,50203,203_スウェーデン,2018000000,2018年,25109,千円
30000000,3_鉱物性燃料,240,6月_金額,50203,203_スウェーデン,2017000000,2017年,33630,千円
30000000,3_鉱物性燃料,240,6月_金額,50203,203_スウェーデン,2016000000,2016年,16217,千円
30000000,3_鉱物性燃料,240,6月_金額,50204,204_デンマーク,2020000000,2020年,6298,千円
30000000,3_鉱物性燃料,240,6月_金額,50204,204_デンマーク,2019000000,2019年,749,千円
30000000,3_鉱物性燃料,240,6月_金額,50204,204_デンマーク,2018000000,2018年,205,千円
30000000,3_鉱物性燃料,240,6月_金額,50204,204_デンマーク,2017000000,2017年,1842,千円
30000000,3_鉱物性燃料,240,6月_金額,50204,204_デンマーク,2016000000,2016年,2809,千円
30000000,3_鉱物性燃料,240,6月_金額,50205,205_英国,2020000000,2020年,21490,千円
30000000,3_鉱物性燃料,240,6月_金額,50205,205_英国,2019000000,2019年,54305,千円
30000000,3_鉱物性燃料,240,6月_金額,50205,205_英国,2018000000,2018年,20810,千円
30000000,3_鉱物性燃料,240,6月_金額,50205,205_英国,2017000000,2017年,48094,千円
30000000,3_鉱物性燃料,240,6月_金額,50205,205_英国,2016000000,2016年,41582,千円
30000000,3_鉱物性燃料,240,6月_金額,50206,206_アイルランド,2020000000,2020年,4744,千円
30000000,3_鉱物性燃料,240,6月_金額,50206,206_アイルランド,2019000000,2019年,2219,千円
30000000,3_鉱物性燃料,240,6月_金額,50206,206_アイルランド,2018000000,2018年,8232,千円
30000000,3_鉱物性燃料,240,6月_金額,50206,206_アイルランド,2017000000,2017年,1811,千円
30000000,3_鉱物性燃料,240,6月_金額,50206,206_アイルランド,2016000000,2016年,1857,千円
30000000,3_鉱物性燃料,240,6月_金額,50207,207_オランダ,2020000000,2020年,51437,千円
30000000,3_鉱物性燃料,240,6月_金額,50207,207_オランダ,2019000000,2019年,51909,千円
30000000,3_鉱物性燃料,240,6月_金額,50207,207_オランダ,2018000000,2018年,35238,千円
30000000,3_鉱物性燃料,240,6月_金額,50207,207_オランダ,2017000000,2017年,35494,千円
30000000,3_鉱物性燃料,240,6月_金額,50207,207_オランダ,2016000000,2016年,35742,千円
30000000,3_鉱物性燃料,240,6月_金額,50208,208_ベルギー,2020000000,2020年,58914,千円
30000000,3_鉱物性燃料,240,6月_金額,50208,208_ベルギー,2019000000,2019年,225285,千円
30000000,3_鉱物性燃料,240,6月_金額,50208,208_ベルギー,2018000000,2018年,212524,千円
30000000,3_鉱物性燃料,240,6月_金額,50208,208_ベルギー,2017000000,2017年,238515,千円
30000000,3_鉱物性燃料,240,6月_金額,50208,208_ベルギー,2016000000,2016年,110172,千円
30000000,3_鉱物性燃料,240,6月_金額,50210,210_フランス,2020000000,2020年,305096,千円
30000000,3_鉱物性燃料,240,6月_金額,50210,210_フランス,2019000000,2019年,138622,千円
30000000,3_鉱物性燃料,240,6月_金額,50210,210_フランス,2018000000,2018年,176760,千円
30000000,3_鉱物性燃料,240,6月_金額,50210,210_フランス,2017000000,2017年,169619,千円
30000000,3_鉱物性燃料,240,6月_金額,50210,210_フランス,2016000000,2016年,174805,千円
30000000,3_鉱物性燃料,240,6月_金額,50213,213_ドイツ,2020000000,2020年,306092,千円
30000000,3_鉱物性燃料,240,6月_金額,50213,213_ドイツ,2019000000,2019年,204857,千円
30000000,3_鉱物性燃料,240,6月_金額,50213,213_ドイツ,2018000000,2018年,202517,千円
30000000,3_鉱物性燃料,240,6月_金額,50213,213_ドイツ,2017000000,2017年,222365,千円
30000000,3_鉱物性燃料,240,6月_金額,50213,213_ドイツ,2016000000,2016年,202409,千円
30000000,3_鉱物性燃料,240,6月_金額,50215,215_スイス,2020000000,2020年,19368,千円
30000000,3_鉱物性燃料,240,6月_金額,50215,215_スイス,2019000000,2019年,8376,千円
30000000,3_鉱物性燃料,240,6月_金額,50215,215_スイス,2018000000,2018年,27828,千円
30000000,3_鉱物性燃料,240,6月_金額,50215,215_スイス,2017000000,2017年,35970,千円
30000000,3_鉱物性燃料,240,6月_金額,50215,215_スイス,2016000000,2016年,24357,千円
30000000,3_鉱物性燃料,240,6月_金額,50218,218_スペイン,2020000000,2020年,978205,千円
30000000,3_鉱物性燃料,240,6月_金額,50218,218_スペイン,2019000000,2019年,37996,千円
30000000,3_鉱物性燃料,240,6月_金額,50218,218_スペイン,2018000000,2018年,24296,千円
30000000,3_鉱物性燃料,240,6月_金額,50218,218_スペイン,2017000000,2017年,4480945,千円
30000000,3_鉱物性燃料,240,6月_金額,50218,218_スペイン,2016000000,2016年,12509,千円
30000000,3_鉱物性燃料,240,6月_金額,50220,220_イタリア,2020000000,2020年,54817,千円
30000000,3_鉱物性燃料,240,6月_金額,50220,220_イタリア,2019000000,2019年,42020,千円
30000000,3_鉱物性燃料,240,6月_金額,50220,220_イタリア,2018000000,2018年,19118,千円
30000000,3_鉱物性燃料,240,6月_金額,50220,220_イタリア,2017000000,2017年,33415,千円
30000000,3_鉱物性燃料,240,6月_金額,50220,220_イタリア,2016000000,2016年,23479,千円
30000000,3_鉱物性燃料,240,6月_金額,50221,221_マルタ,2020000000,2020年,0,千円
30000000,3_鉱物性燃料,240,6月_金額,50222,222_フィンランド,2020000000,2020年,9275,千円
30000000,3_鉱物性燃料,240,6月_金額,50222,222_フィンランド,2019000000,2019年,8439,千円
30000000,3_鉱物性燃料,240,6月_金額,50222,222_フィンランド,2018000000,2018年,4854,千円
30000000,3_鉱物性燃料,240,6月_金額,50222,222_フィンランド,2017000000,2017年,5550,千円
30000000,3_鉱物性燃料,240,6月_金額,50222,222_フィンランド,2016000000,2016年,4641,千円
30000000,3_鉱物性燃料,240,6月_金額,50223,223_ポーランド,2020000000,2020年,608,千円
30000000,3_鉱物性燃料,240,6月_金額,50223,223_ポーランド,2019000000,2019年,0,千円
30000000,3_鉱物性燃料,240,6月_金額,50223,223_ポーランド,2018000000,2018年,1140,千円
30000000,3_鉱物性燃料,240,6月_金額,50223,223_ポーランド,2017000000,2017年,0,千円
30000000,3_鉱物性燃料,240,6月_金額,50223,223_ポーランド,2016000000,2016年,0,千円
30000000,3_鉱物性燃料,240,6月_金額,50224,224_ロシア,2020000000,2020年,33032678,千円
30000000,3_鉱物性燃料,240,6月_金額,50224,224_ロシア,2019000000,2019年,66310470,千円
30000000,3_鉱物性燃料,240,6月_金額,50224,224_ロシア,2018000000,2018年,69841040,千円
30000000,3_鉱物性燃料,240,6月_金額,50224,224_ロシア,2017000000,2017年,93524814,千円
30000000,3_鉱物性燃料,240,6月_金額,50224,224_ロシア,2016000000,2016年,58263971,千円
30000000,3_鉱物性燃料,240,6月_金額,50225,225_オーストリア,2020000000,2020年,560,千円
30000000,3_鉱物性燃料,240,6月_金額,50225,225_オーストリア,2019000000,2019年,1239,千円
30000000,3_鉱物性燃料,240,6月_金額,50225,225_オーストリア,2018000000,2018年,1191,千円
30000000,3_鉱物性燃料,240,6月_金額,50225,225_オーストリア,2017000000,2017年,23672,千円
30000000,3_鉱物性燃料,240,6月_金額,50225,225_オーストリア,2016000000,2016年,0,千円
30000000,3_鉱物性燃料,240,6月_金額,50227,227_ハンガリー,2018000000,2018年,0,千円
30000000,3_鉱物性燃料,240,6月_金額,50227,227_ハンガリー,2017000000,2017年,0,千円
30000000,3_鉱物性燃料,240,6月_金額,50227,227_ハンガリー,2016000000,2016年,0,千円
30000000,3_鉱物性燃料,240,6月_金額,50230,230_ギリシャ,2020000000,2020年,689,千円
30000000,3_鉱物性燃料,240,6月_金額,50230,230_ギリシャ,2019000000,2019年,0,千円
30000000,3_鉱物性燃料,240,6月_金額,50230,230_ギリシャ,2018000000,2018年,3453369,千円
30000000,3_鉱物性燃料,240,6月_金額,50230,230_ギリシャ,2017000000,2017年,297,千円
30000000,3_鉱物性燃料,240,6月_金額,50230,230_ギリシャ,2016000000,2016年,0,千円
30000000,3_鉱物性燃料,240,6月_金額,50232,232_ブルガリア,2020000000,2020年,619588,千円
30000000,3_鉱物性燃料,240,6月_金額,50232,232_ブルガリア,2019000000,2019年,0,千円
30000000,3_鉱物性燃料,240,6月_金額,50234,234_トルコ,2020000000,2020年,5718,千円
30000000,3_鉱物性燃料,240,6月_金額,50234,234_トルコ,2019000000,2019年,0,千円
30000000,3_鉱物性燃料,240,6月_金額,50234,234_トルコ,2018000000,2018年,0,千円
30000000,3_鉱物性燃料,240,6月_金額,50234,234_トルコ,2017000000,2017年,0,千円
30000000,3_鉱物性燃料,240,6月_金額,50234,234_トルコ,2016000000,2016年,0,千円
30000000,3_鉱物性燃料,240,6月_金額,50235,235_エストニア,2020000000,2020年,1187,千円
30000000,3_鉱物性燃料,240,6月_金額,50235,235_エストニア,2019000000,2019年,3492,千円
30000000,3_鉱物性燃料,240,6月_金額,50235,235_エストニア,2018000000,2018年,12230,千円
30000000,3_鉱物性燃料,240,6月_金額,50235,235_エストニア,2017000000,2017年,7301,千円
30000000,3_鉱物性燃料,240,6月_金額,50235,235_エストニア,2016000000,2016年,6686,千円
30000000,3_鉱物性燃料,240,6月_金額,50236,236_ラトビア,2020000000,2020年,72784,千円
30000000,3_鉱物性燃料,240,6月_金額,50236,236_ラトビア,2019000000,2019年,84928,千円
30000000,3_鉱物性燃料,240,6月_金額,50236,236_ラトビア,2018000000,2018年,66392,千円
30000000,3_鉱物性燃料,240,6月_金額,50236,236_ラトビア,2017000000,2017年,79562,千円
30000000,3_鉱物性燃料,240,6月_金額,50236,236_ラトビア,2016000000,2016年,48035,千円
30000000,3_鉱物性燃料,240,6月_金額,50237,237_リトアニア,2020000000,2020年,21594,千円
30000000,3_鉱物性燃料,240,6月_金額,50237,237_リトアニア,2019000000,2019年,8549,千円
30000000,3_鉱物性燃料,240,6月_金額,50237,237_リトアニア,2018000000,2018年,12523,千円
30000000,3_鉱物性燃料,240,6月_金額,50237,237_リトアニア,2017000000,2017年,33072,千円
30000000,3_鉱物性燃料,240,6月_金額,50237,237_リトアニア,2016000000,2016年,22662,千円
30000000,3_鉱物性燃料,240,6月_金額,50238,238_ウクライナ,2019000000,2019年,0,千円
30000000,3_鉱物性燃料,240,6月_金額,50238,238_ウクライナ,2018000000,2018年,0,千円
30000000,3_鉱物性燃料,240,6月_金額,50245,245_チェコ,2020000000,2020年,0,千円
30000000,3_鉱物性燃料,240,6月_金額,50245,245_チェコ,2019000000,2019年,0,千円
30000000,3_鉱物性燃料,240,6月_金額,50245,245_チェコ,2018000000,2018年,0,千円
30000000,3_鉱物性燃料,240,6月_金額,50245,245_チェコ,2017000000,2017年,0,千円
30000000,3_鉱物性燃料,240,6月_金額,50245,245_チェコ,2016000000,2016年,0,千円
30000000,3_鉱物性燃料,240,6月_金額,50302,302_カナダ,2020000000,2020年,19025841,千円
30000000,3_鉱物性燃料,240,6月_金額,50302,302_カナダ,2019000000,2019年,12745954,千円
30000000,3_鉱物性燃料,240,6月_金額,50302,302_カナダ,2018000000,2018年,21122328,千円
30000000,3_鉱物性燃料,240,6月_金額,50302,302_カナダ,2017000000,2017年,15521168,千円
30000000,3_鉱物性燃料,240,6月_金額,50302,302_カナダ,2016000000,2016年,4190161,千円
30000000,3_鉱物性燃料,240,6月_金額,50304,304_アメリカ合衆国,2020000000,2020年,43595898,千円
30000000,3_鉱物性燃料,240,6月_金額,50304,304_アメリカ合衆国,2019000000,2019年,75519323,千円
30000000,3_鉱物性燃料,240,6月_金額,50304,304_アメリカ合衆国,2018000000,2018年,70636849,千円
30000000,3_鉱物性燃料,240,6月_金額,50304,304_アメリカ合衆国,2017000000,2017年,56196251,千円
30000000,3_鉱物性燃料,240,6月_金額,50304,304_アメリカ合衆国,2016000000,2016年,18011232,千円
30000000,3_鉱物性燃料,240,6月_金額,50305,305_メキシコ,2020000000,2020年,0,千円
30000000,3_鉱物性燃料,240,6月_金額,50305,305_メキシコ,2019000000,2019年,0,千円
30000000,3_鉱物性燃料,240,6月_金額,50305,305_メキシコ,2018000000,2018年,5006273,千円
30000000,3_鉱物性燃料,240,6月_金額,50305,305_メキシコ,2017000000,2017年,3504818,千円
30000000,3_鉱物性燃料,240,6月_金額,50305,305_メキシコ,2016000000,2016年,4229275,千円
30000000,3_鉱物性燃料,240,6月_金額,50312,312_パナマ,2020000000,2020年,0,千円
30000000,3_鉱物性燃料,240,6月_金額,50312,312_パナマ,2019000000,2019年,0,千円
30000000,3_鉱物性燃料,240,6月_金額,50312,312_パナマ,2018000000,2018年,0,千円
30000000,3_鉱物性燃料,240,6月_金額,50312,312_パナマ,2016000000,2016年,0,千円
30000000,3_鉱物性燃料,240,6月_金額,50315,315_バハマ,2016000000,2016年,0,千円
30000000,3_鉱物性燃料,240,6月_金額,50320,320_トリニダード・トバゴ,2018000000,2018年,0,千円
30000000,3_鉱物性燃料,240,6月_金額,50320,320_トリニダード・トバゴ,2017000000,2017年,0,千円
30000000,3_鉱物性燃料,240,6月_金額,50320,320_トリニダード・トバゴ,2016000000,2016年,0,千円
30000000,3_鉱物性燃料,240,6月_金額,50323,323_ドミニカ共和国,2019000000,2019年,0,千円
30000000,3_鉱物性燃料,240,6月_金額,50326,326_蘭領アンティール,2019000000,2019年,0,千円
30000000,3_鉱物性燃料,240,6月_金額,50326,326_蘭領アンティール,2018000000,2018年,0,千円
30000000,3_鉱物性燃料,240,6月_金額,50326,326_蘭領アンティール,2017000000,2017年,0,千円
30000000,3_鉱物性燃料,240,6月_金額,50326,326_蘭領アンティール,2016000000,2016年,0,千円
30000000,3_鉱物性燃料,240,6月_金額,50327,327_仏領西インド諸島,2017000000,2017年,0,千円
30000000,3_鉱物性燃料,240,6月_金額,50401,401_コロンビア,2020000000,2020年,17807,千円
30000000,3_鉱物性燃料,240,6月_金額,50401,401_コロンビア,2019000000,2019年,836689,千円
30000000,3_鉱物性燃料,240,6月_金額,50401,401_コロンビア,2018000000,2018年,1495721,千円
30000000,3_鉱物性燃料,240,6月_金額,50401,401_コロンビア,2017000000,2017年,2438061,千円
30000000,3_鉱物性燃料,240,6月_金額,50401,401_コロンビア,2016000000,2016年,0,千円
30000000,3_鉱物性燃料,240,6月_金額,50402,402_ベネズエラ,2017000000,2017年,0,千円
30000000,3_鉱物性燃料,240,6月_金額,50402,402_ベネズエラ,2016000000,2016年,0,千円
30000000,3_鉱物性燃料,240,6月_金額,50404,404_スリナム,2016000000,2016年,0,千円
30000000,3_鉱物性燃料,240,6月_金額,50406,406_エクアドル,2020000000,2020年,2679135,千円
30000000,3_鉱物性燃料,240,6月_金額,50406,406_エクアドル,2019000000,2019年,11256306,千円
30000000,3_鉱物性燃料,240,6月_金額,50406,406_エクアドル,2018000000,2018年,7821879,千円
30000000,3_鉱物性燃料,240,6月_金額,50406,406_エクアドル,2017000000,2017年,4062388,千円
30000000,3_鉱物性燃料,240,6月_金額,50406,406_エクアドル,2016000000,2016年,1104661,千円
30000000,3_鉱物性燃料,240,6月_金額,50407,407_ペルー,2020000000,2020年,2285612,千円
30000000,3_鉱物性燃料,240,6月_金額,50407,407_ペルー,2019000000,2019年,705132,千円
30000000,3_鉱物性燃料,240,6月_金額,50407,407_ペルー,2018000000,2018年,2553432,千円
30000000,3_鉱物性燃料,240,6月_金額,50407,407_ペルー,2017000000,2017年,0,千円
30000000,3_鉱物性燃料,240,6月_金額,50407,407_ペルー,2016000000,2016年,0,千円
30000000,3_鉱物性燃料,240,6月_金額,50410,410_ブラジル,2020000000,2020年,0,千円
30000000,3_鉱物性燃料,240,6月_金額,50410,410_ブラジル,2019000000,2019年,1620,千円
30000000,3_鉱物性燃料,240,6月_金額,50410,410_ブラジル,2018000000,2018年,1436,千円
30000000,3_鉱物性燃料,240,6月_金額,50410,410_ブラジル,2017000000,2017年,785,千円
30000000,3_鉱物性燃料,240,6月_金額,50410,410_ブラジル,2016000000,2016年,2121,千円
30000000,3_鉱物性燃料,240,6月_金額,50503,503_アルジェリア,2020000000,2020年,957145,千円
30000000,3_鉱物性燃料,240,6月_金額,50503,503_アルジェリア,2019000000,2019年,1602681,千円
30000000,3_鉱物性燃料,240,6月_金額,50503,503_アルジェリア,2018000000,2018年,4659036,千円
30000000,3_鉱物性燃料,240,6月_金額,50503,503_アルジェリア,2017000000,2017年,5005351,千円
30000000,3_鉱物性燃料,240,6月_金額,50503,503_アルジェリア,2016000000,2016年,4166466,千円
30000000,3_鉱物性燃料,240,6月_金額,50505,505_リビア,2020000000,2020年,0,千円
30000000,3_鉱物性燃料,240,6月_金額,50506,506_エジプト,2020000000,2020年,347087,千円
30000000,3_鉱物性燃料,240,6月_金額,50506,506_エジプト,2019000000,2019年,1027,千円
30000000,3_鉱物性燃料,240,6月_金額,50506,506_エジプト,2018000000,2018年,1765246,千円
30000000,3_鉱物性燃料,240,6月_金額,50506,506_エジプト,2017000000,2017年,0,千円
30000000,3_鉱物性燃料,240,6月_金額,50506,506_エジプト,2016000000,2016年,0,千円
30000000,3_鉱物性燃料,240,6月_金額,50507,507_スーダン,2016000000,2016年,0,千円
30000000,3_鉱物性燃料,240,6月_金額,50510,510_セネガル,2017000000,2017年,0,千円
30000000,3_鉱物性燃料,240,6月_金額,50515,515_リベリア,2020000000,2020年,0,千円
30000000,3_鉱物性燃料,240,6月_金額,50515,515_リベリア,2017000000,2017年,0,千円
30000000,3_鉱物性燃料,240,6月_金額,50517,517_ガーナ,2017000000,2017年,0,千円
30000000,3_鉱物性燃料,240,6月_金額,50524,524_ナイジェリア,2020000000,2020年,4158987,千円
30000000,3_鉱物性燃料,240,6月_金額,50524,524_ナイジェリア,2019000000,2019年,4198650,千円
30000000,3_鉱物性燃料,240,6月_金額,50524,524_ナイジェリア,2018000000,2018年,4015680,千円
30000000,3_鉱物性燃料,240,6月_金額,50524,524_ナイジェリア,2017000000,2017年,0,千円
30000000,3_鉱物性燃料,240,6月_金額,50524,524_ナイジェリア,2016000000,2016年,6724415,千円
30000000,3_鉱物性燃料,240,6月_金額,50527,527_カメルーン,2019000000,2019年,0,千円
30000000,3_鉱物性燃料,240,6月_金額,50528,528_チャド,2016000000,2016年,0,千円
30000000,3_鉱物性燃料,240,6月_金額,50530,530_赤道ギニア,2019000000,2019年,0,千円
30000000,3_鉱物性燃料,240,6月_金額,50530,530_赤道ギニア,2018000000,2018年,0,千円
30000000,3_鉱物性燃料,240,6月_金額,50530,530_赤道ギニア,2017000000,2017年,0,千円
30000000,3_鉱物性燃料,240,6月_金額,50530,530_赤道ギニア,2016000000,2016年,0,千円
30000000,3_鉱物性燃料,240,6月_金額,50531,531_ガボン,2019000000,2019年,0,千円
30000000,3_鉱物性燃料,240,6月_金額,50531,531_ガボン,2018000000,2018年,0,千円
30000000,3_鉱物性燃料,240,6月_金額,50531,531_ガボン,2016000000,2016年,0,千円
30000000,3_鉱物性燃料,240,6月_金額,50532,532_コンゴ共和国,2016000000,2016年,0,千円
30000000,3_鉱物性燃料,240,6月_金額,50535,535_アンゴラ,2020000000,2020年,0,千円
30000000,3_鉱物性燃料,240,6月_金額,50535,535_アンゴラ,2019000000,2019年,0,千円
30000000,3_鉱物性燃料,240,6月_金額,50535,535_アンゴラ,2018000000,2018年,0,千円
30000000,3_鉱物性燃料,240,6月_金額,50535,535_アンゴラ,2017000000,2017年,0,千円
30000000,3_鉱物性燃料,240,6月_金額,50535,535_アンゴラ,2016000000,2016年,0,千円
30000000,3_鉱物性燃料,240,6月_金額,50543,543_タンザニア,2018000000,2018年,0,千円
30000000,3_鉱物性燃料,240,6月_金額,50545,545_モザンビーク,2020000000,2020年,0,千円
30000000,3_鉱物性燃料,240,6月_金額,50545,545_モザンビーク,2019000000,2019年,0,千円
30000000,3_鉱物性燃料,240,6月_金額,50545,545_モザンビーク,2018000000,2018年,0,千円
30000000,3_鉱物性燃料,240,6月_金額,50545,545_モザンビーク,2017000000,2017年,1173650,千円
30000000,3_鉱物性燃料,240,6月_金額,50545,545_モザンビーク,2016000000,2016年,1585135,千円
30000000,3_鉱物性燃料,240,6月_金額,50547,547_モーリシャス,2018000000,2018年,0,千円
30000000,3_鉱物性燃料,240,6月_金額,50551,551_南アフリカ共和国,2020000000,2020年,125075,千円
30000000,3_鉱物性燃料,240,6月_金額,50551,551_南アフリカ共和国,2019000000,2019年,19510,千円
30000000,3_鉱物性燃料,240,6月_金額,50551,551_南アフリカ共和国,2018000000,2018年,49633,千円
30000000,3_鉱物性燃料,240,6月_金額,50551,551_南アフリカ共和国,2017000000,2017年,116339,千円
30000000,3_鉱物性燃料,240,6月_金額,50551,551_南アフリカ共和国,2016000000,2016年,24055,千円
30000000,3_鉱物性燃料,240,6月_金額,50556,556_エスワティニ,2018000000,2018年,0,千円
30000000,3_鉱物性燃料,240,6月_金額,50601,601_オーストラリア,2020000000,2020年,165880225,千円
30000000,3_鉱物性燃料,240,6月_金額,50601,601_オーストラリア,2019000000,2019年,218127271,千円
30000000,3_鉱物性燃料,240,6月_金額,50601,601_オーストラリア,2018000000,2018年,220425186,千円
30000000,3_鉱物性燃料,240,6月_金額,50601,601_オーストラリア,2017000000,2017年,273363027,千円
30000000,3_鉱物性燃料,240,6月_金額,50601,601_オーストラリア,2016000000,2016年,128266555,千円
30000000,3_鉱物性燃料,240,6月_金額,50602,602_パプアニューギニア,2020000000,2020年,18109263,千円
30000000,3_鉱物性燃料,240,6月_金額,50602,602_パプアニューギニア,2019000000,2019年,23079908,千円
30000000,3_鉱物性燃料,240,6月_金額,50602,602_パプアニューギニア,2018000000,2018年,11721485,千円
30000000,3_鉱物性燃料,240,6月_金額,50602,602_パプアニューギニア,2017000000,2017年,13807931,千円
30000000,3_鉱物性燃料,240,6月_金額,50602,602_パプアニューギニア,2016000000,2016年,8810590,千円
30000000,3_鉱物性燃料,240,6月_金額,50606,606_ニュージーランド,2020000000,2020年,0,千円
30000000,3_鉱物性燃料,240,6月_金額,50606,606_ニュージーランド,2019000000,2019年,0,千円
30000000,3_鉱物性燃料,240,6月_金額,50606,606_ニュージーランド,2018000000,2018年,0,千円
30000000,3_鉱物性燃料,240,6月_金額,50606,606_ニュージーランド,2017000000,2017年,832338,千円
30000000,3_鉱物性燃料,240,6月_金額,50606,606_ニュージーランド,2016000000,2016年,0,千円
30000000,3_鉱物性燃料,240,6月_金額,50620,620_グアム(米),2020000000,2020年,0,千円
30000000,3_鉱物性燃料,240,6月_金額,50625,625_マーシャル,2018000000,2018年,0,千円
30000000,3_鉱物性燃料,240,6月_金額,50626,626_ミクロネシア,2017000000,2017年,0,千円
30000000,3_鉱物性燃料,240,6月_金額,50626,626_ミクロネシア,2016000000,2016年,0,千円
30000000,3_鉱物性燃料,240,6月_金額,50702,702_不明,2020000000,2020年,1154,千円
30000000,3_鉱物性燃料,240,6月_金額,50702,702_不明,2019000000,2019年,13659,千円
30000000,3_鉱物性燃料,240,6月_金額,50702,702_不明,2018000000,2018年,39681,千円
30000000,3_鉱物性燃料,240,6月_金額,50702,702_不明,2017000000,2017年,31493,千円
30000000,3_鉱物性燃料,240,6月_金額,50702,702_不明,2016000000,2016年,6164,千円
30000000,3_鉱物性燃料,260,7月_金額,50103,103_大韓民国,2020000000,2020年,20355219,千円
30000000,3_鉱物性燃料,260,7月_金額,50103,103_大韓民国,2019000000,2019年,29622025,千円
30000000,3_鉱物性燃料,260,7月_金額,50103,103_大韓民国,2018000000,2018年,42031447,千円
30000000,3_鉱物性燃料,260,7月_金額,50103,103_大韓民国,2017000000,2017年,24331252,千円
30000000,3_鉱物性燃料,260,7月_金額,50103,103_大韓民国,2016000000,2016年,19313907,千円
30000000,3_鉱物性燃料,260,7月_金額,50105,105_中華人民共和国,2020000000,2020年,5136480,千円
30000000,3_鉱物性燃料,260,7月_金額,50105,105_中華人民共和国,2019000000,2019年,11802058,千円
30000000,3_鉱物性燃料,260,7月_金額,50105,105_中華人民共和国,2018000000,2018年,10182854,千円
30000000,3_鉱物性燃料,260,7月_金額,50105,105_中華人民共和国,2017000000,2017年,5041844,千円
30000000,3_鉱物性燃料,260,7月_金額,50105,105_中華人民共和国,2016000000,2016年,6239837,千円
30000000,3_鉱物性燃料,260,7月_金額,50106,106_台湾,2020000000,2020年,239159,千円
30000000,3_鉱物性燃料,260,7月_金額,50106,106_台湾,2019000000,2019年,935452,千円
30000000,3_鉱物性燃料,260,7月_金額,50106,106_台湾,2018000000,2018年,329812,千円
30000000,3_鉱物性燃料,260,7月_金額,50106,106_台湾,2017000000,2017年,261213,千円
30000000,3_鉱物性燃料,260,7月_金額,50106,106_台湾,2016000000,2016年,211214,千円
30000000,3_鉱物性燃料,260,7月_金額,50107,107_モンゴル,2017000000,2017年,0,千円
30000000,3_鉱物性燃料,260,7月_金額,50107,107_モンゴル,2016000000,2016年,0,千円
30000000,3_鉱物性燃料,260,7月_金額,50108,108_香港,2020000000,2020年,202,千円
30000000,3_鉱物性燃料,260,7月_金額,50108,108_香港,2019000000,2019年,53044,千円
30000000,3_鉱物性燃料,260,7月_金額,50108,108_香港,2018000000,2018年,34805,千円
30000000,3_鉱物性燃料,260,7月_金額,50108,108_香港,2017000000,2017年,15838,千円
30000000,3_鉱物性燃料,260,7月_金額,50108,108_香港,2016000000,2016年,10046,千円
30000000,3_鉱物性燃料,260,7月_金額,50110,110_ベトナム,2020000000,2020年,3118240,千円
30000000,3_鉱物性燃料,260,7月_金額,50110,110_ベトナム,2019000000,2019年,1941009,千円
30000000,3_鉱物性燃料,260,7月_金額,50110,110_ベトナム,2018000000,2018年,89600,千円
30000000,3_鉱物性燃料,260,7月_金額,50110,110_ベトナム,2017000000,2017年,5486522,千円
30000000,3_鉱物性燃料,260,7月_金額,50110,110_ベトナム,2016000000,2016年,45139,千円
30000000,3_鉱物性燃料,260,7月_金額,50111,111_タイ,2020000000,2020年,140793,千円
30000000,3_鉱物性燃料,260,7月_金額,50111,111_タイ,2019000000,2019年,2196402,千円
30000000,3_鉱物性燃料,260,7月_金額,50111,111_タイ,2018000000,2018年,104700,千円
30000000,3_鉱物性燃料,260,7月_金額,50111,111_タイ,2017000000,2017年,2130501,千円
30000000,3_鉱物性燃料,260,7月_金額,50111,111_タイ,2016000000,2016年,25443,千円
30000000,3_鉱物性燃料,260,7月_金額,50112,112_シンガポール,2020000000,2020年,3421508,千円
30000000,3_鉱物性燃料,260,7月_金額,50112,112_シンガポール,2019000000,2019年,4501975,千円
30000000,3_鉱物性燃料,260,7月_金額,50112,112_シンガポール,2018000000,2018年,6489238,千円
30000000,3_鉱物性燃料,260,7月_金額,50112,112_シンガポール,2017000000,2017年,3374992,千円
30000000,3_鉱物性燃料,260,7月_金額,50112,112_シンガポール,2016000000,2016年,6503129,千円
30000000,3_鉱物性燃料,260,7月_金額,50113,113_マレーシア,2020000000,2020年,29209346,千円
30000000,3_鉱物性燃料,260,7月_金額,50113,113_マレーシア,2019000000,2019年,46457427,千円
30000000,3_鉱物性燃料,260,7月_金額,50113,113_マレーシア,2018000000,2018年,49994915,千円
30000000,3_鉱物性燃料,260,7月_金額,50113,113_マレーシア,2017000000,2017年,69495092,千円
30000000,3_鉱物性燃料,260,7月_金額,50113,113_マレーシア,2016000000,2016年,41416216,千円
30000000,3_鉱物性燃料,260,7月_金額,50116,116_ブルネイ,2020000000,2020年,6381000,千円
30000000,3_鉱物性燃料,260,7月_金額,50116,116_ブルネイ,2019000000,2019年,18454222,千円
30000000,3_鉱物性燃料,260,7月_金額,50116,116_ブルネイ,2018000000,2018年,16582403,千円
30000000,3_鉱物性燃料,260,7月_金額,50116,116_ブルネイ,2017000000,2017年,14665340,千円
30000000,3_鉱物性燃料,260,7月_金額,50116,116_ブルネイ,2016000000,2016年,13943238,千円
30000000,3_鉱物性燃料,260,7月_金額,50117,117_フィリピン,2020000000,2020年,20884,千円
30000000,3_鉱物性燃料,260,7月_金額,50117,117_フィリピン,2019000000,2019年,3232,千円
30000000,3_鉱物性燃料,260,7月_金額,50117,117_フィリピン,2018000000,2018年,232919,千円
30000000,3_鉱物性燃料,260,7月_金額,50117,117_フィリピン,2017000000,2017年,4999,千円
30000000,3_鉱物性燃料,260,7月_金額,50117,117_フィリピン,2016000000,2016年,4434,千円
30000000,3_鉱物性燃料,260,7月_金額,50118,118_インドネシア,2020000000,2020年,29081678,千円
30000000,3_鉱物性燃料,260,7月_金額,50118,118_インドネシア,2019000000,2019年,51961382,千円
30000000,3_鉱物性燃料,260,7月_金額,50118,118_インドネシア,2018000000,2018年,66885115,千円
30000000,3_鉱物性燃料,260,7月_金額,50118,118_インドネシア,2017000000,2017年,63246644,千円
30000000,3_鉱物性燃料,260,7月_金額,50118,118_インドネシア,2016000000,2016年,54133539,千円
30000000,3_鉱物性燃料,260,7月_金額,50123,123_インド,2020000000,2020年,3425614,千円
30000000,3_鉱物性燃料,260,7月_金額,50123,123_インド,2019000000,2019年,869763,千円
30000000,3_鉱物性燃料,260,7月_金額,50123,123_インド,2018000000,2018年,8691592,千円
30000000,3_鉱物性燃料,260,7月_金額,50123,123_インド,2017000000,2017年,11448087,千円
30000000,3_鉱物性燃料,260,7月_金額,50123,123_インド,2016000000,2016年,8875185,千円
30000000,3_鉱物性燃料,260,7月_金額,50124,124_パキスタン,2020000000,2020年,0,千円
30000000,3_鉱物性燃料,260,7月_金額,50124,124_パキスタン,2019000000,2019年,0,千円
30000000,3_鉱物性燃料,260,7月_金額,50124,124_パキスタン,2018000000,2018年,0,千円
30000000,3_鉱物性燃料,260,7月_金額,50124,124_パキスタン,2017000000,2017年,250,千円
30000000,3_鉱物性燃料,260,7月_金額,50124,124_パキスタン,2016000000,2016年,0,千円
30000000,3_鉱物性燃料,260,7月_金額,50125,125_スリランカ,2020000000,2020年,615,千円
30000000,3_鉱物性燃料,260,7月_金額,50125,125_スリランカ,2018000000,2018年,0,千円
30000000,3_鉱物性燃料,260,7月_金額,50125,125_スリランカ,2017000000,2017年,0,千円
30000000,3_鉱物性燃料,260,7月_金額,50125,125_スリランカ,2016000000,2016年,0,千円
30000000,3_鉱物性燃料,260,7月_金額,50127,127_バングラデシュ,2019000000,2019年,0,千円
30000000,3_鉱物性燃料,260,7月_金額,50128,128_東ティモール,2020000000,2020年,0,千円
30000000,3_鉱物性燃料,260,7月_金額,50128,128_東ティモール,2019000000,2019年,0,千円
30000000,3_鉱物性燃料,260,7月_金額,50129,129_マカオ,2018000000,2018年,0,千円
30000000,3_鉱物性燃料,260,7月_金額,50133,133_イラン,2019000000,2019年,0,千円
30000000,3_鉱物性燃料,260,7月_金額,50133,133_イラン,2018000000,2018年,64852067,千円
30000000,3_鉱物性燃料,260,7月_金額,50133,133_イラン,2017000000,2017年,14850507,千円
30000000,3_鉱物性燃料,260,7月_金額,50133,133_イラン,2016000000,2016年,42514208,千円
30000000,3_鉱物性燃料,260,7月_金額,50134,134_イラク,2020000000,2020年,0,千円
30000000,3_鉱物性燃料,260,7月_金額,50134,134_イラク,2019000000,2019年,13072930,千円
30000000,3_鉱物性燃料,260,7月_金額,50134,134_イラク,2018000000,2018年,16713467,千円
30000000,3_鉱物性燃料,260,7月_金額,50134,134_イラク,2017000000,2017年,11528574,千円
30000000,3_鉱物性燃料,260,7月_金額,50134,134_イラク,2016000000,2016年,14870154,千円
30000000,3_鉱物性燃料,260,7月_金額,50135,135_バーレーン,2020000000,2020年,3088146,千円
30000000,3_鉱物性燃料,260,7月_金額,50135,135_バーレーン,2019000000,2019年,17859334,千円
30000000,3_鉱物性燃料,260,7月_金額,50135,135_バーレーン,2018000000,2018年,6683827,千円
30000000,3_鉱物性燃料,260,7月_金額,50135,135_バーレーン,2017000000,2017年,1067476,千円
30000000,3_鉱物性燃料,260,7月_金額,50135,135_バーレーン,2016000000,2016年,6417830,千円
30000000,3_鉱物性燃料,260,7月_金額,50137,137_サウジアラビア,2020000000,2020年,111009500,千円
30000000,3_鉱物性燃料,260,7月_金額,50137,137_サウジアラビア,2019000000,2019年,237767690,千円
30000000,3_鉱物性燃料,260,7月_金額,50137,137_サウジアラビア,2018000000,2018年,288943146,千円
30000000,3_鉱物性燃料,260,7月_金額,50137,137_サウジアラビア,2017000000,2017年,234882545,千円
30000000,3_鉱物性燃料,260,7月_金額,50137,137_サウジアラビア,2016000000,2016年,159759330,千円
30000000,3_鉱物性燃料,260,7月_金額,50138,138_クウェート,2020000000,2020年,24268744,千円
30000000,3_鉱物性燃料,260,7月_金額,50138,138_クウェート,2019000000,2019年,62304871,千円
30000000,3_鉱物性燃料,260,7月_金額,50138,138_クウェート,2018000000,2018年,66883853,千円
30000000,3_鉱物性燃料,260,7月_金額,50138,138_クウェート,2017000000,2017年,42644409,千円
30000000,3_鉱物性燃料,260,7月_金額,50138,138_クウェート,2016000000,2016年,33323810,千円
30000000,3_鉱物性燃料,260,7月_金額,50140,140_カタール,2020000000,2020年,56089632,千円
30000000,3_鉱物性燃料,260,7月_金額,50140,140_カタール,2019000000,2019年,119033837,千円
30000000,3_鉱物性燃料,260,7月_金額,50140,140_カタール,2018000000,2018年,105352678,千円
30000000,3_鉱物性燃料,260,7月_金額,50140,140_カタール,2017000000,2017年,103050363,千円
30000000,3_鉱物性燃料,260,7月_金額,50140,140_カタール,2016000000,2016年,71139285,千円
30000000,3_鉱物性燃料,260,7月_金額,50141,141_オマーン,2020000000,2020年,9350897,千円
30000000,3_鉱物性燃料,260,7月_金額,50141,141_オマーン,2019000000,2019年,42435620,千円
30000000,3_鉱物性燃料,260,7月_金額,50141,141_オマーン,2018000000,2018年,30774101,千円
30000000,3_鉱物性燃料,260,7月_金額,50141,141_オマーン,2017000000,2017年,20081547,千円
30000000,3_鉱物性燃料,260,7月_金額,50141,141_オマーン,2016000000,2016年,20056701,千円
30000000,3_鉱物性燃料,260,7月_金額,50143,143_イスラエル,2020000000,2020年,0,千円
30000000,3_鉱物性燃料,260,7月_金額,50143,143_イスラエル,2019000000,2019年,3494,千円
30000000,3_鉱物性燃料,260,7月_金額,50143,143_イスラエル,2018000000,2018年,2733,千円
30000000,3_鉱物性燃料,260,7月_金額,50143,143_イスラエル,2017000000,2017年,4238,千円
30000000,3_鉱物性燃料,260,7月_金額,50143,143_イスラエル,2016000000,2016年,1239,千円
30000000,3_鉱物性燃料,260,7月_金額,50147,147_アラブ首長国連邦,2020000000,2020年,95474775,千円
30000000,3_鉱物性燃料,260,7月_金額,50147,147_アラブ首長国連邦,2019000000,2019年,243829208,千円
30000000,3_鉱物性燃料,260,7月_金額,50147,147_アラブ首長国連邦,2018000000,2018年,256670343,千円
30000000,3_鉱物性燃料,260,7月_金額,50147,147_アラブ首長国連邦,2017000000,2017年,171519730,千円
30000000,3_鉱物性燃料,260,7月_金額,50147,147_アラブ首長国連邦,2016000000,2016年,175550584,千円
30000000,3_鉱物性燃料,260,7月_金額,50149,149_イエメン,2018000000,2018年,0,千円
30000000,3_鉱物性燃料,260,7月_金額,50150,150_アゼルバイジャン,2020000000,2020年,0,千円
30000000,3_鉱物性燃料,260,7月_金額,50153,153_カザフスタン,2020000000,2020年,519764,千円
30000000,3_鉱物性燃料,260,7月_金額,50153,153_カザフスタン,2019000000,2019年,2614365,千円
30000000,3_鉱物性燃料,260,7月_金額,50153,153_カザフスタン,2018000000,2018年,727960,千円
30000000,3_鉱物性燃料,260,7月_金額,50153,153_カザフスタン,2017000000,2017年,1956792,千円
30000000,3_鉱物性燃料,260,7月_金額,50153,153_カザフスタン,2016000000,2016年,0,千円
30000000,3_鉱物性燃料,260,7月_金額,50202,202_ノルウェー,2020000000,2020年,2369,千円
30000000,3_鉱物性燃料,260,7月_金額,50202,202_ノルウェー,2019000000,2019年,1318,千円
30000000,3_鉱物性燃料,260,7月_金額,50202,202_ノルウェー,2018000000,2018年,326,千円
30000000,3_鉱物性燃料,260,7月_金額,50202,202_ノルウェー,2017000000,2017年,835,千円
30000000,3_鉱物性燃料,260,7月_金額,50202,202_ノルウェー,2016000000,2016年,857901,千円
30000000,3_鉱物性燃料,260,7月_金額,50203,203_スウェーデン,2020000000,2020年,27848,千円
30000000,3_鉱物性燃料,260,7月_金額,50203,203_スウェーデン,2019000000,2019年,13588,千円
30000000,3_鉱物性燃料,260,7月_金額,50203,203_スウェーデン,2018000000,2018年,21743,千円
30000000,3_鉱物性燃料,260,7月_金額,50203,203_スウェーデン,2017000000,2017年,26387,千円
30000000,3_鉱物性燃料,260,7月_金額,50203,203_スウェーデン,2016000000,2016年,19034,千円
30000000,3_鉱物性燃料,260,7月_金額,50204,204_デンマーク,2020000000,2020年,480,千円
30000000,3_鉱物性燃料,260,7月_金額,50204,204_デンマーク,2019000000,2019年,4150,千円
30000000,3_鉱物性燃料,260,7月_金額,50204,204_デンマーク,2018000000,2018年,2571,千円
30000000,3_鉱物性燃料,260,7月_金額,50204,204_デンマーク,2017000000,2017年,1117,千円
30000000,3_鉱物性燃料,260,7月_金額,50204,204_デンマーク,2016000000,2016年,2304,千円
30000000,3_鉱物性燃料,260,7月_金額,50205,205_英国,2020000000,2020年,49660,千円
30000000,3_鉱物性燃料,260,7月_金額,50205,205_英国,2019000000,2019年,103582,千円
30000000,3_鉱物性燃料,260,7月_金額,50205,205_英国,2018000000,2018年,21627,千円
30000000,3_鉱物性燃料,260,7月_金額,50205,205_英国,2017000000,2017年,23729,千円
30000000,3_鉱物性燃料,260,7月_金額,50205,205_英国,2016000000,2016年,43054,千円
30000000,3_鉱物性燃料,260,7月_金額,50206,206_アイルランド,2020000000,2020年,4688,千円
30000000,3_鉱物性燃料,260,7月_金額,50206,206_アイルランド,2019000000,2019年,2459,千円
30000000,3_鉱物性燃料,260,7月_金額,50206,206_アイルランド,2018000000,2018年,2411,千円
30000000,3_鉱物性燃料,260,7月_金額,50206,206_アイルランド,2017000000,2017年,4737,千円
30000000,3_鉱物性燃料,260,7月_金額,50206,206_アイルランド,2016000000,2016年,2076,千円
30000000,3_鉱物性燃料,260,7月_金額,50207,207_オランダ,2020000000,2020年,54144,千円
30000000,3_鉱物性燃料,260,7月_金額,50207,207_オランダ,2019000000,2019年,24390,千円
30000000,3_鉱物性燃料,260,7月_金額,50207,207_オランダ,2018000000,2018年,49399,千円
30000000,3_鉱物性燃料,260,7月_金額,50207,207_オランダ,2017000000,2017年,37008,千円
30000000,3_鉱物性燃料,260,7月_金額,50207,207_オランダ,2016000000,2016年,25563,千円
30000000,3_鉱物性燃料,260,7月_金額,50208,208_ベルギー,2020000000,2020年,46515,千円
30000000,3_鉱物性燃料,260,7月_金額,50208,208_ベルギー,2019000000,2019年,64952,千円
30000000,3_鉱物性燃料,260,7月_金額,50208,208_ベルギー,2018000000,2018年,87175,千円
30000000,3_鉱物性燃料,260,7月_金額,50208,208_ベルギー,2017000000,2017年,202792,千円
30000000,3_鉱物性燃料,260,7月_金額,50208,208_ベルギー,2016000000,2016年,119429,千円
30000000,3_鉱物性燃料,260,7月_金額,50210,210_フランス,2020000000,2020年,280700,千円
30000000,3_鉱物性燃料,260,7月_金額,50210,210_フランス,2019000000,2019年,276997,千円
30000000,3_鉱物性燃料,260,7月_金額,50210,210_フランス,2018000000,2018年,3680003,千円
30000000,3_鉱物性燃料,260,7月_金額,50210,210_フランス,2017000000,2017年,203763,千円
30000000,3_鉱物性燃料,260,7月_金額,50210,210_フランス,2016000000,2016年,199080,千円
30000000,3_鉱物性燃料,260,7月_金額,50213,213_ドイツ,2020000000,2020年,172358,千円
30000000,3_鉱物性燃料,260,7月_金額,50213,213_ドイツ,2019000000,2019年,225498,千円
30000000,3_鉱物性燃料,260,7月_金額,50213,213_ドイツ,2018000000,2018年,229952,千円
30000000,3_鉱物性燃料,260,7月_金額,50213,213_ドイツ,2017000000,2017年,164027,千円
30000000,3_鉱物性燃料,260,7月_金額,50213,213_ドイツ,2016000000,2016年,183563,千円
30000000,3_鉱物性燃料,260,7月_金額,50215,215_スイス,2020000000,2020年,10245,千円
30000000,3_鉱物性燃料,260,7月_金額,50215,215_スイス,2019000000,2019年,14945,千円
30000000,3_鉱物性燃料,260,7月_金額,50215,215_スイス,2018000000,2018年,32496,千円
30000000,3_鉱物性燃料,260,7月_金額,50215,215_スイス,2017000000,2017年,35953,千円
30000000,3_鉱物性燃料,260,7月_金額,50215,215_スイス,2016000000,2016年,31318,千円
30000000,3_鉱物性燃料,260,7月_金額,50218,218_スペイン,2020000000,2020年,11057,千円
30000000,3_鉱物性燃料,260,7月_金額,50218,218_スペイン,2019000000,2019年,19819,千円
30000000,3_鉱物性燃料,260,7月_金額,50218,218_スペイン,2018000000,2018年,15750,千円
30000000,3_鉱物性燃料,260,7月_金額,50218,218_スペイン,2017000000,2017年,27709,千円
30000000,3_鉱物性燃料,260,7月_金額,50218,218_スペイン,2016000000,2016年,18619,千円
30000000,3_鉱物性燃料,260,7月_金額,50220,220_イタリア,2020000000,2020年,32197,千円
30000000,3_鉱物性燃料,260,7月_金額,50220,220_イタリア,2019000000,2019年,88137,千円
30000000,3_鉱物性燃料,260,7月_金額,50220,220_イタリア,2018000000,2018年,4515,千円
30000000,3_鉱物性燃料,260,7月_金額,50220,220_イタリア,2017000000,2017年,11173,千円
30000000,3_鉱物性燃料,260,7月_金額,50220,220_イタリア,2016000000,2016年,30487,千円
30000000,3_鉱物性燃料,260,7月_金額,50221,221_マルタ,2020000000,2020年,0,千円
30000000,3_鉱物性燃料,260,7月_金額,50222,222_フィンランド,2020000000,2020年,0,千円
30000000,3_鉱物性燃料,260,7月_金額,50222,222_フィンランド,2019000000,2019年,2834,千円
30000000,3_鉱物性燃料,260,7月_金額,50222,222_フィンランド,2018000000,2018年,7658,千円
30000000,3_鉱物性燃料,260,7月_金額,50222,222_フィンランド,2017000000,2017年,4040,千円
30000000,3_鉱物性燃料,260,7月_金額,50222,222_フィンランド,2016000000,2016年,4851,千円
30000000,3_鉱物性燃料,260,7月_金額,50223,223_ポーランド,2020000000,2020年,0,千円
30000000,3_鉱物性燃料,260,7月_金額,50223,223_ポーランド,2019000000,2019年,664,千円
30000000,3_鉱物性燃料,260,7月_金額,50223,223_ポーランド,2018000000,2018年,0,千円
30000000,3_鉱物性燃料,260,7月_金額,50223,223_ポーランド,2017000000,2017年,0,千円
30000000,3_鉱物性燃料,260,7月_金額,50223,223_ポーランド,2016000000,2016年,2443,千円
30000000,3_鉱物性燃料,260,7月_金額,50224,224_ロシア,2020000000,2020年,45903313,千円
30000000,3_鉱物性燃料,260,7月_金額,50224,224_ロシア,2019000000,2019年,82640912,千円
30000000,3_鉱物性燃料,260,7月_金額,50224,224_ロシア,2018000000,2018年,107452762,千円
30000000,3_鉱物性燃料,260,7月_金額,50224,224_ロシア,2017000000,2017年,90243669,千円
30000000,3_鉱物性燃料,260,7月_金額,50224,224_ロシア,2016000000,2016年,60076254,千円
30000000,3_鉱物性燃料,260,7月_金額,50225,225_オーストリア,2020000000,2020年,366,千円
30000000,3_鉱物性燃料,260,7月_金額,50225,225_オーストリア,2019000000,2019年,486,千円
30000000,3_鉱物性燃料,260,7月_金額,50225,225_オーストリア,2018000000,2018年,799,千円
30000000,3_鉱物性燃料,260,7月_金額,50225,225_オーストリア,2017000000,2017年,414,千円
30000000,3_鉱物性燃料,260,7月_金額,50225,225_オーストリア,2016000000,2016年,0,千円
30000000,3_鉱物性燃料,260,7月_金額,50227,227_ハンガリー,2018000000,2018年,0,千円
30000000,3_鉱物性燃料,260,7月_金額,50227,227_ハンガリー,2017000000,2017年,0,千円
30000000,3_鉱物性燃料,260,7月_金額,50227,227_ハンガリー,2016000000,2016年,0,千円
30000000,3_鉱物性燃料,260,7月_金額,50230,230_ギリシャ,2020000000,2020年,430,千円
30000000,3_鉱物性燃料,260,7月_金額,50230,230_ギリシャ,2019000000,2019年,0,千円
30000000,3_鉱物性燃料,260,7月_金額,50230,230_ギリシャ,2018000000,2018年,0,千円
30000000,3_鉱物性燃料,260,7月_金額,50230,230_ギリシャ,2017000000,2017年,0,千円
30000000,3_鉱物性燃料,260,7月_金額,50230,230_ギリシャ,2016000000,2016年,0,千円
30000000,3_鉱物性燃料,260,7月_金額,50232,232_ブルガリア,2020000000,2020年,0,千円
30000000,3_鉱物性燃料,260,7月_金額,50232,232_ブルガリア,2019000000,2019年,0,千円
30000000,3_鉱物性燃料,260,7月_金額,50234,234_トルコ,2020000000,2020年,2918,千円
30000000,3_鉱物性燃料,260,7月_金額,50234,234_トルコ,2019000000,2019年,2813,千円
30000000,3_鉱物性燃料,260,7月_金額,50234,234_トルコ,2018000000,2018年,0,千円
30000000,3_鉱物性燃料,260,7月_金額,50234,234_トルコ,2017000000,2017年,362,千円
30000000,3_鉱物性燃料,260,7月_金額,50234,234_トルコ,2016000000,2016年,0,千円
30000000,3_鉱物性燃料,260,7月_金額,50235,235_エストニア,2020000000,2020年,3865,千円
30000000,3_鉱物性燃料,260,7月_金額,50235,235_エストニア,2019000000,2019年,3647,千円
30000000,3_鉱物性燃料,260,7月_金額,50235,235_エストニア,2018000000,2018年,11395,千円
30000000,3_鉱物性燃料,260,7月_金額,50235,235_エストニア,2017000000,2017年,9952,千円
30000000,3_鉱物性燃料,260,7月_金額,50235,235_エストニア,2016000000,2016年,10768,千円
30000000,3_鉱物性燃料,260,7月_金額,50236,236_ラトビア,2020000000,2020年,48125,千円
30000000,3_鉱物性燃料,260,7月_金額,50236,236_ラトビア,2019000000,2019年,75984,千円
30000000,3_鉱物性燃料,260,7月_金額,50236,236_ラトビア,2018000000,2018年,60969,千円
30000000,3_鉱物性燃料,260,7月_金額,50236,236_ラトビア,2017000000,2017年,67621,千円
30000000,3_鉱物性燃料,260,7月_金額,50236,236_ラトビア,2016000000,2016年,63127,千円
30000000,3_鉱物性燃料,260,7月_金額,50237,237_リトアニア,2020000000,2020年,19140,千円
30000000,3_鉱物性燃料,260,7月_金額,50237,237_リトアニア,2019000000,2019年,13043,千円
30000000,3_鉱物性燃料,260,7月_金額,50237,237_リトアニア,2018000000,2018年,18407,千円
30000000,3_鉱物性燃料,260,7月_金額,50237,237_リトアニア,2017000000,2017年,15817,千円
30000000,3_鉱物性燃料,260,7月_金額,50237,237_リトアニア,2016000000,2016年,17867,千円
30000000,3_鉱物性燃料,260,7月_金額,50238,238_ウクライナ,2019000000,2019年,0,千円
30000000,3_鉱物性燃料,260,7月_金額,50238,238_ウクライナ,2018000000,2018年,0,千円
30000000,3_鉱物性燃料,260,7月_金額,50245,245_チェコ,2020000000,2020年,0,千円
30000000,3_鉱物性燃料,260,7月_金額,50245,245_チェコ,2019000000,2019年,0,千円
30000000,3_鉱物性燃料,260,7月_金額,50245,245_チェコ,2018000000,2018年,6080,千円
30000000,3_鉱物性燃料,260,7月_金額,50245,245_チェコ,2017000000,2017年,0,千円
30000000,3_鉱物性燃料,260,7月_金額,50245,245_チェコ,2016000000,2016年,0,千円
30000000,3_鉱物性燃料,260,7月_金額,50302,302_カナダ,2020000000,2020年,10030170,千円
30000000,3_鉱物性燃料,260,7月_金額,50302,302_カナダ,2019000000,2019年,15915799,千円
30000000,3_鉱物性燃料,260,7月_金額,50302,302_カナダ,2018000000,2018年,16394883,千円
30000000,3_鉱物性燃料,260,7月_金額,50302,302_カナダ,2017000000,2017年,11620153,千円
30000000,3_鉱物性燃料,260,7月_金額,50302,302_カナダ,2016000000,2016年,7177426,千円
30000000,3_鉱物性燃料,260,7月_金額,50304,304_アメリカ合衆国,2020000000,2020年,64847450,千円
30000000,3_鉱物性燃料,260,7月_金額,50304,304_アメリカ合衆国,2019000000,2019年,91543910,千円
30000000,3_鉱物性燃料,260,7月_金額,50304,304_アメリカ合衆国,2018000000,2018年,74525024,千円
30000000,3_鉱物性燃料,260,7月_金額,50304,304_アメリカ合衆国,2017000000,2017年,46488280,千円
30000000,3_鉱物性燃料,260,7月_金額,50304,304_アメリカ合衆国,2016000000,2016年,19916714,千円
30000000,3_鉱物性燃料,260,7月_金額,50305,305_メキシコ,2020000000,2020年,0,千円
30000000,3_鉱物性燃料,260,7月_金額,50305,305_メキシコ,2019000000,2019年,0,千円
30000000,3_鉱物性燃料,260,7月_金額,50305,305_メキシコ,2018000000,2018年,22435942,千円
30000000,3_鉱物性燃料,260,7月_金額,50305,305_メキシコ,2017000000,2017年,1302825,千円
30000000,3_鉱物性燃料,260,7月_金額,50305,305_メキシコ,2016000000,2016年,27493094,千円
30000000,3_鉱物性燃料,260,7月_金額,50312,312_パナマ,2020000000,2020年,0,千円
30000000,3_鉱物性燃料,260,7月_金額,50312,312_パナマ,2019000000,2019年,0,千円
30000000,3_鉱物性燃料,260,7月_金額,50312,312_パナマ,2018000000,2018年,0,千円
30000000,3_鉱物性燃料,260,7月_金額,50312,312_パナマ,2016000000,2016年,0,千円
30000000,3_鉱物性燃料,260,7月_金額,50315,315_バハマ,2016000000,2016年,0,千円
30000000,3_鉱物性燃料,260,7月_金額,50320,320_トリニダード・トバゴ,2018000000,2018年,0,千円
30000000,3_鉱物性燃料,260,7月_金額,50320,320_トリニダード・トバゴ,2017000000,2017年,0,千円
30000000,3_鉱物性燃料,260,7月_金額,50320,320_トリニダード・トバゴ,2016000000,2016年,0,千円
30000000,3_鉱物性燃料,260,7月_金額,50323,323_ドミニカ共和国,2019000000,2019年,0,千円
30000000,3_鉱物性燃料,260,7月_金額,50326,326_蘭領アンティール,2019000000,2019年,0,千円
30000000,3_鉱物性燃料,260,7月_金額,50326,326_蘭領アンティール,2018000000,2018年,0,千円
30000000,3_鉱物性燃料,260,7月_金額,50326,326_蘭領アンティール,2017000000,2017年,0,千円
30000000,3_鉱物性燃料,260,7月_金額,50326,326_蘭領アンティール,2016000000,2016年,0,千円
30000000,3_鉱物性燃料,260,7月_金額,50327,327_仏領西インド諸島,2017000000,2017年,0,千円
30000000,3_鉱物性燃料,260,7月_金額,50401,401_コロンビア,2020000000,2020年,898139,千円
30000000,3_鉱物性燃料,260,7月_金額,50401,401_コロンビア,2019000000,2019年,2212635,千円
30000000,3_鉱物性燃料,260,7月_金額,50401,401_コロンビア,2018000000,2018年,1295222,千円
30000000,3_鉱物性燃料,260,7月_金額,50401,401_コロンビア,2017000000,2017年,2773962,千円
30000000,3_鉱物性燃料,260,7月_金額,50401,401_コロンビア,2016000000,2016年,3601523,千円
30000000,3_鉱物性燃料,260,7月_金額,50402,402_ベネズエラ,2017000000,2017年,0,千円
30000000,3_鉱物性燃料,260,7月_金額,50402,402_ベネズエラ,2016000000,2016年,0,千円
30000000,3_鉱物性燃料,260,7月_金額,50404,404_スリナム,2016000000,2016年,746,千円
30000000,3_鉱物性燃料,260,7月_金額,50406,406_エクアドル,2020000000,2020年,3576145,千円
30000000,3_鉱物性燃料,260,7月_金額,50406,406_エクアドル,2019000000,2019年,10319718,千円
30000000,3_鉱物性燃料,260,7月_金額,50406,406_エクアドル,2018000000,2018年,4781274,千円
30000000,3_鉱物性燃料,260,7月_金額,50406,406_エクアドル,2017000000,2017年,5436612,千円
30000000,3_鉱物性燃料,260,7月_金額,50406,406_エクアドル,2016000000,2016年,0,千円
30000000,3_鉱物性燃料,260,7月_金額,50407,407_ペルー,2020000000,2020年,3115039,千円
30000000,3_鉱物性燃料,260,7月_金額,50407,407_ペルー,2019000000,2019年,5654474,千円
30000000,3_鉱物性燃料,260,7月_金額,50407,407_ペルー,2018000000,2018年,7106290,千円
30000000,3_鉱物性燃料,260,7月_金額,50407,407_ペルー,2017000000,2017年,0,千円
30000000,3_鉱物性燃料,260,7月_金額,50407,407_ペルー,2016000000,2016年,0,千円
30000000,3_鉱物性燃料,260,7月_金額,50410,410_ブラジル,2020000000,2020年,275,千円
30000000,3_鉱物性燃料,260,7月_金額,50410,410_ブラジル,2019000000,2019年,0,千円
30000000,3_鉱物性燃料,260,7月_金額,50410,410_ブラジル,2018000000,2018年,836,千円
30000000,3_鉱物性燃料,260,7月_金額,50410,410_ブラジル,2017000000,2017年,1355,千円
30000000,3_鉱物性燃料,260,7月_金額,50410,410_ブラジル,2016000000,2016年,2586,千円
30000000,3_鉱物性燃料,260,7月_金額,50503,503_アルジェリア,2020000000,2020年,3990219,千円
30000000,3_鉱物性燃料,260,7月_金額,50503,503_アルジェリア,2019000000,2019年,4003417,千円
30000000,3_鉱物性燃料,260,7月_金額,50503,503_アルジェリア,2018000000,2018年,25005,千円
30000000,3_鉱物性燃料,260,7月_金額,50503,503_アルジェリア,2017000000,2017年,1112528,千円
30000000,3_鉱物性燃料,260,7月_金額,50503,503_アルジェリア,2016000000,2016年,0,千円
30000000,3_鉱物性燃料,260,7月_金額,50505,505_リビア,2020000000,2020年,0,千円
30000000,3_鉱物性燃料,260,7月_金額,50506,506_エジプト,2020000000,2020年,1122702,千円
30000000,3_鉱物性燃料,260,7月_金額,50506,506_エジプト,2019000000,2019年,0,千円
30000000,3_鉱物性燃料,260,7月_金額,50506,506_エジプト,2018000000,2018年,2289541,千円
30000000,3_鉱物性燃料,260,7月_金額,50506,506_エジプト,2017000000,2017年,35854,千円
30000000,3_鉱物性燃料,260,7月_金額,50506,506_エジプト,2016000000,2016年,2304220,千円
30000000,3_鉱物性燃料,260,7月_金額,50507,507_スーダン,2016000000,2016年,0,千円
30000000,3_鉱物性燃料,260,7月_金額,50510,510_セネガル,2017000000,2017年,0,千円
30000000,3_鉱物性燃料,260,7月_金額,50515,515_リベリア,2020000000,2020年,0,千円
30000000,3_鉱物性燃料,260,7月_金額,50515,515_リベリア,2017000000,2017年,0,千円
30000000,3_鉱物性燃料,260,7月_金額,50517,517_ガーナ,2017000000,2017年,0,千円
30000000,3_鉱物性燃料,260,7月_金額,50524,524_ナイジェリア,2020000000,2020年,5104247,千円
30000000,3_鉱物性燃料,260,7月_金額,50524,524_ナイジェリア,2019000000,2019年,3230728,千円
30000000,3_鉱物性燃料,260,7月_金額,50524,524_ナイジェリア,2018000000,2018年,2823524,千円
30000000,3_鉱物性燃料,260,7月_金額,50524,524_ナイジェリア,2017000000,2017年,7516898,千円
30000000,3_鉱物性燃料,260,7月_金額,50524,524_ナイジェリア,2016000000,2016年,0,千円
30000000,3_鉱物性燃料,260,7月_金額,50527,527_カメルーン,2019000000,2019年,0,千円
30000000,3_鉱物性燃料,260,7月_金額,50528,528_チャド,2016000000,2016年,0,千円
30000000,3_鉱物性燃料,260,7月_金額,50530,530_赤道ギニア,2019000000,2019年,0,千円
30000000,3_鉱物性燃料,260,7月_金額,50530,530_赤道ギニア,2018000000,2018年,0,千円
30000000,3_鉱物性燃料,260,7月_金額,50530,530_赤道ギニア,2017000000,2017年,0,千円
30000000,3_鉱物性燃料,260,7月_金額,50530,530_赤道ギニア,2016000000,2016年,0,千円
30000000,3_鉱物性燃料,260,7月_金額,50531,531_ガボン,2019000000,2019年,0,千円
30000000,3_鉱物性燃料,260,7月_金額,50531,531_ガボン,2018000000,2018年,0,千円
30000000,3_鉱物性燃料,260,7月_金額,50531,531_ガボン,2016000000,2016年,0,千円
30000000,3_鉱物性燃料,260,7月_金額,50532,532_コンゴ共和国,2016000000,2016年,0,千円
30000000,3_鉱物性燃料,260,7月_金額,50535,535_アンゴラ,2020000000,2020年,0,千円
30000000,3_鉱物性燃料,260,7月_金額,50535,535_アンゴラ,2019000000,2019年,0,千円
30000000,3_鉱物性燃料,260,7月_金額,50535,535_アンゴラ,2018000000,2018年,3978663,千円
30000000,3_鉱物性燃料,260,7月_金額,50535,535_アンゴラ,2017000000,2017年,0,千円
30000000,3_鉱物性燃料,260,7月_金額,50535,535_アンゴラ,2016000000,2016年,0,千円
30000000,3_鉱物性燃料,260,7月_金額,50543,543_タンザニア,2018000000,2018年,0,千円
30000000,3_鉱物性燃料,260,7月_金額,50545,545_モザンビーク,2020000000,2020年,0,千円
30000000,3_鉱物性燃料,260,7月_金額,50545,545_モザンビーク,2019000000,2019年,775906,千円
30000000,3_鉱物性燃料,260,7月_金額,50545,545_モザンビーク,2018000000,2018年,0,千円
30000000,3_鉱物性燃料,260,7月_金額,50545,545_モザンビーク,2017000000,2017年,0,千円
30000000,3_鉱物性燃料,260,7月_金額,50545,545_モザンビーク,2016000000,2016年,963723,千円
30000000,3_鉱物性燃料,260,7月_金額,50547,547_モーリシャス,2018000000,2018年,0,千円
30000000,3_鉱物性燃料,260,7月_金額,50551,551_南アフリカ共和国,2020000000,2020年,41077,千円
30000000,3_鉱物性燃料,260,7月_金額,50551,551_南アフリカ共和国,2019000000,2019年,832042,千円
30000000,3_鉱物性燃料,260,7月_金額,50551,551_南アフリカ共和国,2018000000,2018年,73508,千円
30000000,3_鉱物性燃料,260,7月_金額,50551,551_南アフリカ共和国,2017000000,2017年,187563,千円
30000000,3_鉱物性燃料,260,7月_金額,50551,551_南アフリカ共和国,2016000000,2016年,70281,千円
30000000,3_鉱物性燃料,260,7月_金額,50556,556_エスワティニ,2018000000,2018年,0,千円
30000000,3_鉱物性燃料,260,7月_金額,50601,601_オーストラリア,2020000000,2020年,200140562,千円
30000000,3_鉱物性燃料,260,7月_金額,50601,601_オーストラリア,2019000000,2019年,308835602,千円
30000000,3_鉱物性燃料,260,7月_金額,50601,601_オーストラリア,2018000000,2018年,287026898,千円
30000000,3_鉱物性燃料,260,7月_金額,50601,601_オーストラリア,2017000000,2017年,224480702,千円
30000000,3_鉱物性燃料,260,7月_金額,50601,601_オーストラリア,2016000000,2016年,156423571,千円
30000000,3_鉱物性燃料,260,7月_金額,50602,602_パプアニューギニア,2020000000,2020年,9402800,千円
30000000,3_鉱物性燃料,260,7月_金額,50602,602_パプアニューギニア,2019000000,2019年,17616384,千円
30000000,3_鉱物性燃料,260,7月_金額,50602,602_パプアニューギニア,2018000000,2018年,23654621,千円
30000000,3_鉱物性燃料,260,7月_金額,50602,602_パプアニューギニア,2017000000,2017年,26844457,千円
30000000,3_鉱物性燃料,260,7月_金額,50602,602_パプアニューギニア,2016000000,2016年,17502854,千円
30000000,3_鉱物性燃料,260,7月_金額,50606,606_ニュージーランド,2020000000,2020年,790225,千円
30000000,3_鉱物性燃料,260,7月_金額,50606,606_ニュージーランド,2019000000,2019年,0,千円
30000000,3_鉱物性燃料,260,7月_金額,50606,606_ニュージーランド,2018000000,2018年,0,千円
30000000,3_鉱物性燃料,260,7月_金額,50606,606_ニュージーランド,2017000000,2017年,295,千円
30000000,3_鉱物性燃料,260,7月_金額,50606,606_ニュージーランド,2016000000,2016年,0,千円
30000000,3_鉱物性燃料,260,7月_金額,50620,620_グアム(米),2020000000,2020年,0,千円
30000000,3_鉱物性燃料,260,7月_金額,50625,625_マーシャル,2018000000,2018年,0,千円
30000000,3_鉱物性燃料,260,7月_金額,50626,626_ミクロネシア,2017000000,2017年,0,千円
30000000,3_鉱物性燃料,260,7月_金額,50626,626_ミクロネシア,2016000000,2016年,0,千円
30000000,3_鉱物性燃料,260,7月_金額,50702,702_不明,2020000000,2020年,0,千円
30000000,3_鉱物性燃料,260,7月_金額,50702,702_不明,2019000000,2019年,21595,千円
30000000,3_鉱物性燃料,260,7月_金額,50702,702_不明,2018000000,2018年,39004,千円
30000000,3_鉱物性燃料,260,7月_金額,50702,702_不明,2017000000,2017年,34176,千円
30000000,3_鉱物性燃料,260,7月_金額,50702,702_不明,2016000000,2016年,2029,千円
30000000,3_鉱物性燃料,280,8月_金額,50103,103_大韓民国,2020000000,2020年,23967019,千円
30000000,3_鉱物性燃料,280,8月_金額,50103,103_大韓民国,2019000000,2019年,33904472,千円
30000000,3_鉱物性燃料,280,8月_金額,50103,103_大韓民国,2018000000,2018年,35415671,千円
30000000,3_鉱物性燃料,280,8月_金額,50103,103_大韓民国,2017000000,2017年,24982145,千円
30000000,3_鉱物性燃料,280,8月_金額,50103,103_大韓民国,2016000000,2016年,19552744,千円
30000000,3_鉱物性燃料,280,8月_金額,50105,105_中華人民共和国,2020000000,2020年,3634892,千円
30000000,3_鉱物性燃料,280,8月_金額,50105,105_中華人民共和国,2019000000,2019年,5244535,千円
30000000,3_鉱物性燃料,280,8月_金額,50105,105_中華人民共和国,2018000000,2018年,16501204,千円
30000000,3_鉱物性燃料,280,8月_金額,50105,105_中華人民共和国,2017000000,2017年,4639771,千円
30000000,3_鉱物性燃料,280,8月_金額,50105,105_中華人民共和国,2016000000,2016年,6378010,千円
30000000,3_鉱物性燃料,280,8月_金額,50106,106_台湾,2020000000,2020年,52090,千円
30000000,3_鉱物性燃料,280,8月_金額,50106,106_台湾,2019000000,2019年,3907815,千円
30000000,3_鉱物性燃料,280,8月_金額,50106,106_台湾,2018000000,2018年,103033,千円
30000000,3_鉱物性燃料,280,8月_金額,50106,106_台湾,2017000000,2017年,247451,千円
30000000,3_鉱物性燃料,280,8月_金額,50106,106_台湾,2016000000,2016年,199968,千円
30000000,3_鉱物性燃料,280,8月_金額,50107,107_モンゴル,2017000000,2017年,958922,千円
30000000,3_鉱物性燃料,280,8月_金額,50107,107_モンゴル,2016000000,2016年,0,千円
30000000,3_鉱物性燃料,280,8月_金額,50108,108_香港,2020000000,2020年,7244,千円
30000000,3_鉱物性燃料,280,8月_金額,50108,108_香港,2019000000,2019年,25805,千円
30000000,3_鉱物性燃料,280,8月_金額,50108,108_香港,2018000000,2018年,39463,千円
30000000,3_鉱物性燃料,280,8月_金額,50108,108_香港,2017000000,2017年,19925,千円
30000000,3_鉱物性燃料,280,8月_金額,50108,108_香港,2016000000,2016年,10607,千円
30000000,3_鉱物性燃料,280,8月_金額,50110,110_ベトナム,2020000000,2020年,1666828,千円
30000000,3_鉱物性燃料,280,8月_金額,50110,110_ベトナム,2019000000,2019年,5418126,千円
30000000,3_鉱物性燃料,280,8月_金額,50110,110_ベトナム,2018000000,2018年,2229735,千円
30000000,3_鉱物性燃料,280,8月_金額,50110,110_ベトナム,2017000000,2017年,2168890,千円
30000000,3_鉱物性燃料,280,8月_金額,50110,110_ベトナム,2016000000,2016年,2180072,千円
30000000,3_鉱物性燃料,280,8月_金額,50111,111_タイ,2020000000,2020年,1696575,千円
30000000,3_鉱物性燃料,280,8月_金額,50111,111_タイ,2019000000,2019年,4125235,千円
30000000,3_鉱物性燃料,280,8月_金額,50111,111_タイ,2018000000,2018年,381606,千円
30000000,3_鉱物性燃料,280,8月_金額,50111,111_タイ,2017000000,2017年,1493168,千円
30000000,3_鉱物性燃料,280,8月_金額,50111,111_タイ,2016000000,2016年,16354,千円
30000000,3_鉱物性燃料,280,8月_金額,50112,112_シンガポール,2020000000,2020年,392684,千円
30000000,3_鉱物性燃料,280,8月_金額,50112,112_シンガポール,2019000000,2019年,1436170,千円
30000000,3_鉱物性燃料,280,8月_金額,50112,112_シンガポール,2018000000,2018年,7832647,千円
30000000,3_鉱物性燃料,280,8月_金額,50112,112_シンガポール,2017000000,2017年,1968780,千円
30000000,3_鉱物性燃料,280,8月_金額,50112,112_シンガポール,2016000000,2016年,6149786,千円
30000000,3_鉱物性燃料,280,8月_金額,50113,113_マレーシア,2020000000,2020年,27295259,千円
30000000,3_鉱物性燃料,280,8月_金額,50113,113_マレーシア,2019000000,2019年,34362679,千円
30000000,3_鉱物性燃料,280,8月_金額,50113,113_マレーシア,2018000000,2018年,47234624,千円
30000000,3_鉱物性燃料,280,8月_金額,50113,113_マレーシア,2017000000,2017年,52828498,千円
30000000,3_鉱物性燃料,280,8月_金額,50113,113_マレーシア,2016000000,2016年,50293695,千円
30000000,3_鉱物性燃料,280,8月_金額,50116,116_ブルネイ,2020000000,2020年,7604654,千円
30000000,3_鉱物性燃料,280,8月_金額,50116,116_ブルネイ,2019000000,2019年,15977109,千円
30000000,3_鉱物性燃料,280,8月_金額,50116,116_ブルネイ,2018000000,2018年,25251330,千円
30000000,3_鉱物性燃料,280,8月_金額,50116,116_ブルネイ,2017000000,2017年,15571985,千円
30000000,3_鉱物性燃料,280,8月_金額,50116,116_ブルネイ,2016000000,2016年,14324630,千円
30000000,3_鉱物性燃料,280,8月_金額,50117,117_フィリピン,2020000000,2020年,0,千円
30000000,3_鉱物性燃料,280,8月_金額,50117,117_フィリピン,2019000000,2019年,0,千円
30000000,3_鉱物性燃料,280,8月_金額,50117,117_フィリピン,2018000000,2018年,1468,千円
30000000,3_鉱物性燃料,280,8月_金額,50117,117_フィリピン,2017000000,2017年,0,千円
30000000,3_鉱物性燃料,280,8月_金額,50117,117_フィリピン,2016000000,2016年,0,千円
30000000,3_鉱物性燃料,280,8月_金額,50118,118_インドネシア,2020000000,2020年,18239965,千円
30000000,3_鉱物性燃料,280,8月_金額,50118,118_インドネシア,2019000000,2019年,38557937,千円
30000000,3_鉱物性燃料,280,8月_金額,50118,118_インドネシア,2018000000,2018年,70856963,千円
30000000,3_鉱物性燃料,280,8月_金額,50118,118_インドネシア,2017000000,2017年,56078960,千円
30000000,3_鉱物性燃料,280,8月_金額,50118,118_インドネシア,2016000000,2016年,46688216,千円
30000000,3_鉱物性燃料,280,8月_金額,50123,123_インド,2020000000,2020年,1192388,千円
30000000,3_鉱物性燃料,280,8月_金額,50123,123_インド,2019000000,2019年,2894351,千円
30000000,3_鉱物性燃料,280,8月_金額,50123,123_インド,2018000000,2018年,1652737,千円
30000000,3_鉱物性燃料,280,8月_金額,50123,123_インド,2017000000,2017年,13728083,千円
30000000,3_鉱物性燃料,280,8月_金額,50123,123_インド,2016000000,2016年,4598200,千円
30000000,3_鉱物性燃料,280,8月_金額,50124,124_パキスタン,2020000000,2020年,0,千円
30000000,3_鉱物性燃料,280,8月_金額,50124,124_パキスタン,2019000000,2019年,0,千円
30000000,3_鉱物性燃料,280,8月_金額,50124,124_パキスタン,2018000000,2018年,0,千円
30000000,3_鉱物性燃料,280,8月_金額,50124,124_パキスタン,2017000000,2017年,0,千円
30000000,3_鉱物性燃料,280,8月_金額,50124,124_パキスタン,2016000000,2016年,0,千円
30000000,3_鉱物性燃料,280,8月_金額,50125,125_スリランカ,2020000000,2020年,766,千円
30000000,3_鉱物性燃料,280,8月_金額,50125,125_スリランカ,2018000000,2018年,1039,千円
30000000,3_鉱物性燃料,280,8月_金額,50125,125_スリランカ,2017000000,2017年,1599,千円
30000000,3_鉱物性燃料,280,8月_金額,50125,125_スリランカ,2016000000,2016年,0,千円
30000000,3_鉱物性燃料,280,8月_金額,50127,127_バングラデシュ,2019000000,2019年,0,千円
30000000,3_鉱物性燃料,280,8月_金額,50128,128_東ティモール,2020000000,2020年,0,千円
30000000,3_鉱物性燃料,280,8月_金額,50128,128_東ティモール,2019000000,2019年,0,千円
30000000,3_鉱物性燃料,280,8月_金額,50129,129_マカオ,2018000000,2018年,0,千円
30000000,3_鉱物性燃料,280,8月_金額,50133,133_イラン,2019000000,2019年,0,千円
30000000,3_鉱物性燃料,280,8月_金額,50133,133_イラン,2018000000,2018年,37439766,千円
30000000,3_鉱物性燃料,280,8月_金額,50133,133_イラン,2017000000,2017年,35378367,千円
30000000,3_鉱物性燃料,280,8月_金額,50133,133_イラン,2016000000,2016年,27396310,千円
30000000,3_鉱物性燃料,280,8月_金額,50134,134_イラク,2020000000,2020年,5340709,千円
30000000,3_鉱物性燃料,280,8月_金額,50134,134_イラク,2019000000,2019年,0,千円
30000000,3_鉱物性燃料,280,8月_金額,50134,134_イラク,2018000000,2018年,0,千円
30000000,3_鉱物性燃料,280,8月_金額,50134,134_イラク,2017000000,2017年,12416131,千円
30000000,3_鉱物性燃料,280,8月_金額,50134,134_イラク,2016000000,2016年,13217352,千円
30000000,3_鉱物性燃料,280,8月_金額,50135,135_バーレーン,2020000000,2020年,4498311,千円
30000000,3_鉱物性燃料,280,8月_金額,50135,135_バーレーン,2019000000,2019年,11856559,千円
30000000,3_鉱物性燃料,280,8月_金額,50135,135_バーレーン,2018000000,2018年,15336546,千円
30000000,3_鉱物性燃料,280,8月_金額,50135,135_バーレーン,2017000000,2017年,2107999,千円
30000000,3_鉱物性燃料,280,8月_金額,50135,135_バーレーン,2016000000,2016年,2125547,千円
30000000,3_鉱物性燃料,280,8月_金額,50137,137_サウジアラビア,2020000000,2020年,144614950,千円
30000000,3_鉱物性燃料,280,8月_金額,50137,137_サウジアラビア,2019000000,2019年,204711844,千円
30000000,3_鉱物性燃料,280,8月_金額,50137,137_サウジアラビア,2018000000,2018年,341851650,千円
30000000,3_鉱物性燃料,280,8月_金額,50137,137_サウジアラビア,2017000000,2017年,235162769,千円
30000000,3_鉱物性燃料,280,8月_金額,50137,137_サウジアラビア,2016000000,2016年,190549361,千円
30000000,3_鉱物性燃料,280,8月_金額,50138,138_クウェート,2020000000,2020年,19862299,千円
30000000,3_鉱物性燃料,280,8月_金額,50138,138_クウェート,2019000000,2019年,69703939,千円
30000000,3_鉱物性燃料,280,8月_金額,50138,138_クウェート,2018000000,2018年,85641516,千円
30000000,3_鉱物性燃料,280,8月_金額,50138,138_クウェート,2017000000,2017年,45396986,千円
30000000,3_鉱物性燃料,280,8月_金額,50138,138_クウェート,2016000000,2016年,40146892,千円
30000000,3_鉱物性燃料,280,8月_金額,50140,140_カタール,2020000000,2020年,60402986,千円
30000000,3_鉱物性燃料,280,8月_金額,50140,140_カタール,2019000000,2019年,131311295,千円
30000000,3_鉱物性燃料,280,8月_金額,50140,140_カタール,2018000000,2018年,152787956,千円
30000000,3_鉱物性燃料,280,8月_金額,50140,140_カタール,2017000000,2017年,89724195,千円
30000000,3_鉱物性燃料,280,8月_金額,50140,140_カタール,2016000000,2016年,109668613,千円
30000000,3_鉱物性燃料,280,8月_金額,50141,141_オマーン,2020000000,2020年,5933388,千円
30000000,3_鉱物性燃料,280,8月_金額,50141,141_オマーン,2019000000,2019年,20165123,千円
30000000,3_鉱物性燃料,280,8月_金額,50141,141_オマーン,2018000000,2018年,29820895,千円
30000000,3_鉱物性燃料,280,8月_金額,50141,141_オマーン,2017000000,2017年,19845213,千円
30000000,3_鉱物性燃料,280,8月_金額,50141,141_オマーン,2016000000,2016年,15735076,千円
30000000,3_鉱物性燃料,280,8月_金額,50143,143_イスラエル,2020000000,2020年,0,千円
30000000,3_鉱物性燃料,280,8月_金額,50143,143_イスラエル,2019000000,2019年,1531,千円
30000000,3_鉱物性燃料,280,8月_金額,50143,143_イスラエル,2018000000,2018年,4211,千円
30000000,3_鉱物性燃料,280,8月_金額,50143,143_イスラエル,2017000000,2017年,4545,千円
30000000,3_鉱物性燃料,280,8月_金額,50143,143_イスラエル,2016000000,2016年,3341,千円
30000000,3_鉱物性燃料,280,8月_金額,50147,147_アラブ首長国連邦,2020000000,2020年,114909247,千円
30000000,3_鉱物性燃料,280,8月_金額,50147,147_アラブ首長国連邦,2019000000,2019年,252176954,千円
30000000,3_鉱物性燃料,280,8月_金額,50147,147_アラブ首長国連邦,2018000000,2018年,331296646,千円
30000000,3_鉱物性燃料,280,8月_金額,50147,147_アラブ首長国連邦,2017000000,2017年,186888463,千円
30000000,3_鉱物性燃料,280,8月_金額,50147,147_アラブ首長国連邦,2016000000,2016年,163674732,千円
30000000,3_鉱物性燃料,280,8月_金額,50149,149_イエメン,2018000000,2018年,4359737,千円
30000000,3_鉱物性燃料,280,8月_金額,50150,150_アゼルバイジャン,2020000000,2020年,0,千円
30000000,3_鉱物性燃料,280,8月_金額,50153,153_カザフスタン,2020000000,2020年,0,千円
30000000,3_鉱物性燃料,280,8月_金額,50153,153_カザフスタン,2019000000,2019年,0,千円
30000000,3_鉱物性燃料,280,8月_金額,50153,153_カザフスタン,2018000000,2018年,12603530,千円
30000000,3_鉱物性燃料,280,8月_金額,50153,153_カザフスタン,2017000000,2017年,2472850,千円
30000000,3_鉱物性燃料,280,8月_金額,50153,153_カザフスタン,2016000000,2016年,0,千円
30000000,3_鉱物性燃料,280,8月_金額,50202,202_ノルウェー,2020000000,2020年,2313132,千円
30000000,3_鉱物性燃料,280,8月_金額,50202,202_ノルウェー,2019000000,2019年,1010,千円
30000000,3_鉱物性燃料,280,8月_金額,50202,202_ノルウェー,2018000000,2018年,714,千円
30000000,3_鉱物性燃料,280,8月_金額,50202,202_ノルウェー,2017000000,2017年,2248,千円
30000000,3_鉱物性燃料,280,8月_金額,50202,202_ノルウェー,2016000000,2016年,2470850,千円
30000000,3_鉱物性燃料,280,8月_金額,50203,203_スウェーデン,2020000000,2020年,16096,千円
30000000,3_鉱物性燃料,280,8月_金額,50203,203_スウェーデン,2019000000,2019年,12081,千円
30000000,3_鉱物性燃料,280,8月_金額,50203,203_スウェーデン,2018000000,2018年,15816,千円
30000000,3_鉱物性燃料,280,8月_金額,50203,203_スウェーデン,2017000000,2017年,138980,千円
30000000,3_鉱物性燃料,280,8月_金額,50203,203_スウェーデン,2016000000,2016年,20918,千円
30000000,3_鉱物性燃料,280,8月_金額,50204,204_デンマーク,2020000000,2020年,255,千円
30000000,3_鉱物性燃料,280,8月_金額,50204,204_デンマーク,2019000000,2019年,2344,千円
30000000,3_鉱物性燃料,280,8月_金額,50204,204_デンマーク,2018000000,2018年,815,千円
30000000,3_鉱物性燃料,280,8月_金額,50204,204_デンマーク,2017000000,2017年,2564,千円
30000000,3_鉱物性燃料,280,8月_金額,50204,204_デンマーク,2016000000,2016年,2355,千円
30000000,3_鉱物性燃料,280,8月_金額,50205,205_英国,2020000000,2020年,35265,千円
30000000,3_鉱物性燃料,280,8月_金額,50205,205_英国,2019000000,2019年,47078,千円
30000000,3_鉱物性燃料,280,8月_金額,50205,205_英国,2018000000,2018年,84897,千円
30000000,3_鉱物性燃料,280,8月_金額,50205,205_英国,2017000000,2017年,43928,千円
30000000,3_鉱物性燃料,280,8月_金額,50205,205_英国,2016000000,2016年,39821,千円
30000000,3_鉱物性燃料,280,8月_金額,50206,206_アイルランド,2020000000,2020年,7348,千円
30000000,3_鉱物性燃料,280,8月_金額,50206,206_アイルランド,2019000000,2019年,3015,千円
30000000,3_鉱物性燃料,280,8月_金額,50206,206_アイルランド,2018000000,2018年,3822,千円
30000000,3_鉱物性燃料,280,8月_金額,50206,206_アイルランド,2017000000,2017年,455,千円
30000000,3_鉱物性燃料,280,8月_金額,50206,206_アイルランド,2016000000,2016年,1608,千円
30000000,3_鉱物性燃料,280,8月_金額,50207,207_オランダ,2020000000,2020年,20186,千円
30000000,3_鉱物性燃料,280,8月_金額,50207,207_オランダ,2019000000,2019年,19444,千円
30000000,3_鉱物性燃料,280,8月_金額,50207,207_オランダ,2018000000,2018年,3994189,千円
30000000,3_鉱物性燃料,280,8月_金額,50207,207_オランダ,2017000000,2017年,31190,千円
30000000,3_鉱物性燃料,280,8月_金額,50207,207_オランダ,2016000000,2016年,40894,千円
30000000,3_鉱物性燃料,280,8月_金額,50208,208_ベルギー,2020000000,2020年,34171,千円
30000000,3_鉱物性燃料,280,8月_金額,50208,208_ベルギー,2019000000,2019年,47339,千円
30000000,3_鉱物性燃料,280,8月_金額,50208,208_ベルギー,2018000000,2018年,99045,千円
30000000,3_鉱物性燃料,280,8月_金額,50208,208_ベルギー,2017000000,2017年,123794,千円
30000000,3_鉱物性燃料,280,8月_金額,50208,208_ベルギー,2016000000,2016年,77433,千円
30000000,3_鉱物性燃料,280,8月_金額,50210,210_フランス,2020000000,2020年,342084,千円
30000000,3_鉱物性燃料,280,8月_金額,50210,210_フランス,2019000000,2019年,240055,千円
30000000,3_鉱物性燃料,280,8月_金額,50210,210_フランス,2018000000,2018年,3724373,千円
30000000,3_鉱物性燃料,280,8月_金額,50210,210_フランス,2017000000,2017年,199006,千円
30000000,3_鉱物性燃料,280,8月_金額,50210,210_フランス,2016000000,2016年,2763940,千円
30000000,3_鉱物性燃料,280,8月_金額,50213,213_ドイツ,2020000000,2020年,127065,千円
30000000,3_鉱物性燃料,280,8月_金額,50213,213_ドイツ,2019000000,2019年,157500,千円
30000000,3_鉱物性燃料,280,8月_金額,50213,213_ドイツ,2018000000,2018年,163596,千円
30000000,3_鉱物性燃料,280,8月_金額,50213,213_ドイツ,2017000000,2017年,248556,千円
30000000,3_鉱物性燃料,280,8月_金額,50213,213_ドイツ,2016000000,2016年,168630,千円
30000000,3_鉱物性燃料,280,8月_金額,50215,215_スイス,2020000000,2020年,14219,千円
30000000,3_鉱物性燃料,280,8月_金額,50215,215_スイス,2019000000,2019年,29422,千円
30000000,3_鉱物性燃料,280,8月_金額,50215,215_スイス,2018000000,2018年,18521,千円
30000000,3_鉱物性燃料,280,8月_金額,50215,215_スイス,2017000000,2017年,20369,千円
30000000,3_鉱物性燃料,280,8月_金額,50215,215_スイス,2016000000,2016年,35720,千円
30000000,3_鉱物性燃料,280,8月_金額,50218,218_スペイン,2020000000,2020年,734904,千円
30000000,3_鉱物性燃料,280,8月_金額,50218,218_スペイン,2019000000,2019年,6189,千円
30000000,3_鉱物性燃料,280,8月_金額,50218,218_スペイン,2018000000,2018年,22963,千円
30000000,3_鉱物性燃料,280,8月_金額,50218,218_スペイン,2017000000,2017年,10749,千円
30000000,3_鉱物性燃料,280,8月_金額,50218,218_スペイン,2016000000,2016年,17750,千円
30000000,3_鉱物性燃料,280,8月_金額,50220,220_イタリア,2020000000,2020年,16821,千円
30000000,3_鉱物性燃料,280,8月_金額,50220,220_イタリア,2019000000,2019年,28625,千円
30000000,3_鉱物性燃料,280,8月_金額,50220,220_イタリア,2018000000,2018年,59542,千円
30000000,3_鉱物性燃料,280,8月_金額,50220,220_イタリア,2017000000,2017年,59624,千円
30000000,3_鉱物性燃料,280,8月_金額,50220,220_イタリア,2016000000,2016年,16012,千円
30000000,3_鉱物性燃料,280,8月_金額,50221,221_マルタ,2020000000,2020年,0,千円
30000000,3_鉱物性燃料,280,8月_金額,50222,222_フィンランド,2020000000,2020年,5008,千円
30000000,3_鉱物性燃料,280,8月_金額,50222,222_フィンランド,2019000000,2019年,2809,千円
30000000,3_鉱物性燃料,280,8月_金額,50222,222_フィンランド,2018000000,2018年,7074,千円
30000000,3_鉱物性燃料,280,8月_金額,50222,222_フィンランド,2017000000,2017年,1888,千円
30000000,3_鉱物性燃料,280,8月_金額,50222,222_フィンランド,2016000000,2016年,4964,千円
30000000,3_鉱物性燃料,280,8月_金額,50223,223_ポーランド,2020000000,2020年,2065,千円
30000000,3_鉱物性燃料,280,8月_金額,50223,223_ポーランド,2019000000,2019年,2573,千円
30000000,3_鉱物性燃料,280,8月_金額,50223,223_ポーランド,2018000000,2018年,11185,千円
30000000,3_鉱物性燃料,280,8月_金額,50223,223_ポーランド,2017000000,2017年,0,千円
30000000,3_鉱物性燃料,280,8月_金額,50223,223_ポーランド,2016000000,2016年,0,千円
30000000,3_鉱物性燃料,280,8月_金額,50224,224_ロシア,2020000000,2020年,60824136,千円
30000000,3_鉱物性燃料,280,8月_金額,50224,224_ロシア,2019000000,2019年,105369701,千円
30000000,3_鉱物性燃料,280,8月_金額,50224,224_ロシア,2018000000,2018年,116853816,千円
30000000,3_鉱物性燃料,280,8月_金額,50224,224_ロシア,2017000000,2017年,80897578,千円
30000000,3_鉱物性燃料,280,8月_金額,50224,224_ロシア,2016000000,2016年,80059573,千円
30000000,3_鉱物性燃料,280,8月_金額,50225,225_オーストリア,2020000000,2020年,575,千円
30000000,3_鉱物性燃料,280,8月_金額,50225,225_オーストリア,2019000000,2019年,230,千円
30000000,3_鉱物性燃料,280,8月_金額,50225,225_オーストリア,2018000000,2018年,942,千円
30000000,3_鉱物性燃料,280,8月_金額,50225,225_オーストリア,2017000000,2017年,18555,千円
30000000,3_鉱物性燃料,280,8月_金額,50225,225_オーストリア,2016000000,2016年,0,千円
30000000,3_鉱物性燃料,280,8月_金額,50227,227_ハンガリー,2018000000,2018年,0,千円
30000000,3_鉱物性燃料,280,8月_金額,50227,227_ハンガリー,2017000000,2017年,343,千円
30000000,3_鉱物性燃料,280,8月_金額,50227,227_ハンガリー,2016000000,2016年,0,千円
30000000,3_鉱物性燃料,280,8月_金額,50230,230_ギリシャ,2020000000,2020年,539,千円
30000000,3_鉱物性燃料,280,8月_金額,50230,230_ギリシャ,2019000000,2019年,0,千円
30000000,3_鉱物性燃料,280,8月_金額,50230,230_ギリシャ,2018000000,2018年,0,千円
30000000,3_鉱物性燃料,280,8月_金額,50230,230_ギリシャ,2017000000,2017年,302,千円
30000000,3_鉱物性燃料,280,8月_金額,50230,230_ギリシャ,2016000000,2016年,0,千円
30000000,3_鉱物性燃料,280,8月_金額,50232,232_ブルガリア,2020000000,2020年,0,千円
30000000,3_鉱物性燃料,280,8月_金額,50232,232_ブルガリア,2019000000,2019年,0,千円
30000000,3_鉱物性燃料,280,8月_金額,50234,234_トルコ,2020000000,2020年,313,千円
30000000,3_鉱物性燃料,280,8月_金額,50234,234_トルコ,2019000000,2019年,0,千円
30000000,3_鉱物性燃料,280,8月_金額,50234,234_トルコ,2018000000,2018年,229,千円
30000000,3_鉱物性燃料,280,8月_金額,50234,234_トルコ,2017000000,2017年,0,千円
30000000,3_鉱物性燃料,280,8月_金額,50234,234_トルコ,2016000000,2016年,0,千円
30000000,3_鉱物性燃料,280,8月_金額,50235,235_エストニア,2020000000,2020年,8761,千円
30000000,3_鉱物性燃料,280,8月_金額,50235,235_エストニア,2019000000,2019年,1021,千円
30000000,3_鉱物性燃料,280,8月_金額,50235,235_エストニア,2018000000,2018年,17214,千円
30000000,3_鉱物性燃料,280,8月_金額,50235,235_エストニア,2017000000,2017年,15530,千円
30000000,3_鉱物性燃料,280,8月_金額,50235,235_エストニア,2016000000,2016年,10508,千円
30000000,3_鉱物性燃料,280,8月_金額,50236,236_ラトビア,2020000000,2020年,89598,千円
30000000,3_鉱物性燃料,280,8月_金額,50236,236_ラトビア,2019000000,2019年,31270,千円
30000000,3_鉱物性燃料,280,8月_金額,50236,236_ラトビア,2018000000,2018年,65434,千円
30000000,3_鉱物性燃料,280,8月_金額,50236,236_ラトビア,2017000000,2017年,85874,千円
30000000,3_鉱物性燃料,280,8月_金額,50236,236_ラトビア,2016000000,2016年,42903,千円
30000000,3_鉱物性燃料,280,8月_金額,50237,237_リトアニア,2020000000,2020年,12584,千円
30000000,3_鉱物性燃料,280,8月_金額,50237,237_リトアニア,2019000000,2019年,16273,千円
30000000,3_鉱物性燃料,280,8月_金額,50237,237_リトアニア,2018000000,2018年,9305,千円
30000000,3_鉱物性燃料,280,8月_金額,50237,237_リトアニア,2017000000,2017年,25652,千円
30000000,3_鉱物性燃料,280,8月_金額,50237,237_リトアニア,2016000000,2016年,12777,千円
30000000,3_鉱物性燃料,280,8月_金額,50238,238_ウクライナ,2019000000,2019年,0,千円
30000000,3_鉱物性燃料,280,8月_金額,50238,238_ウクライナ,2018000000,2018年,0,千円
30000000,3_鉱物性燃料,280,8月_金額,50245,245_チェコ,2020000000,2020年,0,千円
30000000,3_鉱物性燃料,280,8月_金額,50245,245_チェコ,2019000000,2019年,0,千円
30000000,3_鉱物性燃料,280,8月_金額,50245,245_チェコ,2018000000,2018年,0,千円
30000000,3_鉱物性燃料,280,8月_金額,50245,245_チェコ,2017000000,2017年,0,千円
30000000,3_鉱物性燃料,280,8月_金額,50245,245_チェコ,2016000000,2016年,0,千円
30000000,3_鉱物性燃料,280,8月_金額,50302,302_カナダ,2020000000,2020年,9943466,千円
30000000,3_鉱物性燃料,280,8月_金額,50302,302_カナダ,2019000000,2019年,16475455,千円
30000000,3_鉱物性燃料,280,8月_金額,50302,302_カナダ,2018000000,2018年,8776046,千円
30000000,3_鉱物性燃料,280,8月_金額,50302,302_カナダ,2017000000,2017年,13277178,千円
30000000,3_鉱物性燃料,280,8月_金額,50302,302_カナダ,2016000000,2016年,6953038,千円
30000000,3_鉱物性燃料,280,8月_金額,50304,304_アメリカ合衆国,2020000000,2020年,52178369,千円
30000000,3_鉱物性燃料,280,8月_金額,50304,304_アメリカ合衆国,2019000000,2019年,99418881,千円
30000000,3_鉱物性燃料,280,8月_金額,50304,304_アメリカ合衆国,2018000000,2018年,85290405,千円
30000000,3_鉱物性燃料,280,8月_金額,50304,304_アメリカ合衆国,2017000000,2017年,43335433,千円
30000000,3_鉱物性燃料,280,8月_金額,50304,304_アメリカ合衆国,2016000000,2016年,15912323,千円
30000000,3_鉱物性燃料,280,8月_金額,50305,305_メキシコ,2020000000,2020年,0,千円
30000000,3_鉱物性燃料,280,8月_金額,50305,305_メキシコ,2019000000,2019年,0,千円
30000000,3_鉱物性燃料,280,8月_金額,50305,305_メキシコ,2018000000,2018年,7491325,千円
30000000,3_鉱物性燃料,280,8月_金額,50305,305_メキシコ,2017000000,2017年,10019122,千円
30000000,3_鉱物性燃料,280,8月_金額,50305,305_メキシコ,2016000000,2016年,11608289,千円
30000000,3_鉱物性燃料,280,8月_金額,50312,312_パナマ,2020000000,2020年,1578,千円
30000000,3_鉱物性燃料,280,8月_金額,50312,312_パナマ,2019000000,2019年,0,千円
30000000,3_鉱物性燃料,280,8月_金額,50312,312_パナマ,2018000000,2018年,0,千円
30000000,3_鉱物性燃料,280,8月_金額,50312,312_パナマ,2016000000,2016年,0,千円
30000000,3_鉱物性燃料,280,8月_金額,50315,315_バハマ,2016000000,2016年,0,千円
30000000,3_鉱物性燃料,280,8月_金額,50320,320_トリニダード・トバゴ,2018000000,2018年,0,千円
30000000,3_鉱物性燃料,280,8月_金額,50320,320_トリニダード・トバゴ,2017000000,2017年,0,千円
30000000,3_鉱物性燃料,280,8月_金額,50320,320_トリニダード・トバゴ,2016000000,2016年,0,千円
30000000,3_鉱物性燃料,280,8月_金額,50323,323_ドミニカ共和国,2019000000,2019年,0,千円
30000000,3_鉱物性燃料,280,8月_金額,50326,326_蘭領アンティール,2019000000,2019年,738,千円
30000000,3_鉱物性燃料,280,8月_金額,50326,326_蘭領アンティール,2018000000,2018年,0,千円
30000000,3_鉱物性燃料,280,8月_金額,50326,326_蘭領アンティール,2017000000,2017年,0,千円
30000000,3_鉱物性燃料,280,8月_金額,50326,326_蘭領アンティール,2016000000,2016年,0,千円
30000000,3_鉱物性燃料,280,8月_金額,50327,327_仏領西インド諸島,2017000000,2017年,0,千円
30000000,3_鉱物性燃料,280,8月_金額,50401,401_コロンビア,2020000000,2020年,933861,千円
30000000,3_鉱物性燃料,280,8月_金額,50401,401_コロンビア,2019000000,2019年,2173471,千円
30000000,3_鉱物性燃料,280,8月_金額,50401,401_コロンビア,2018000000,2018年,1102016,千円
30000000,3_鉱物性燃料,280,8月_金額,50401,401_コロンビア,2017000000,2017年,766121,千円
30000000,3_鉱物性燃料,280,8月_金額,50401,401_コロンビア,2016000000,2016年,1459628,千円
30000000,3_鉱物性燃料,280,8月_金額,50402,402_ベネズエラ,2017000000,2017年,0,千円
30000000,3_鉱物性燃料,280,8月_金額,50402,402_ベネズエラ,2016000000,2016年,0,千円
30000000,3_鉱物性燃料,280,8月_金額,50404,404_スリナム,2016000000,2016年,0,千円
30000000,3_鉱物性燃料,280,8月_金額,50406,406_エクアドル,2020000000,2020年,6593295,千円
30000000,3_鉱物性燃料,280,8月_金額,50406,406_エクアドル,2019000000,2019年,13480757,千円
30000000,3_鉱物性燃料,280,8月_金額,50406,406_エクアドル,2018000000,2018年,3108873,千円
30000000,3_鉱物性燃料,280,8月_金額,50406,406_エクアドル,2017000000,2017年,8992362,千円
30000000,3_鉱物性燃料,280,8月_金額,50406,406_エクアドル,2016000000,2016年,2253346,千円
30000000,3_鉱物性燃料,280,8月_金額,50407,407_ペルー,2020000000,2020年,9194005,千円
30000000,3_鉱物性燃料,280,8月_金額,50407,407_ペルー,2019000000,2019年,0,千円
30000000,3_鉱物性燃料,280,8月_金額,50407,407_ペルー,2018000000,2018年,0,千円
30000000,3_鉱物性燃料,280,8月_金額,50407,407_ペルー,2017000000,2017年,0,千円
30000000,3_鉱物性燃料,280,8月_金額,50407,407_ペルー,2016000000,2016年,1220688,千円
30000000,3_鉱物性燃料,280,8月_金額,50410,410_ブラジル,2020000000,2020年,0,千円
30000000,3_鉱物性燃料,280,8月_金額,50410,410_ブラジル,2019000000,2019年,314,千円
30000000,3_鉱物性燃料,280,8月_金額,50410,410_ブラジル,2018000000,2018年,0,千円
30000000,3_鉱物性燃料,280,8月_金額,50410,410_ブラジル,2017000000,2017年,902,千円
30000000,3_鉱物性燃料,280,8月_金額,50410,410_ブラジル,2016000000,2016年,494,千円
30000000,3_鉱物性燃料,280,8月_金額,50503,503_アルジェリア,2020000000,2020年,1276657,千円
30000000,3_鉱物性燃料,280,8月_金額,50503,503_アルジェリア,2019000000,2019年,0,千円
30000000,3_鉱物性燃料,280,8月_金額,50503,503_アルジェリア,2018000000,2018年,0,千円
30000000,3_鉱物性燃料,280,8月_金額,50503,503_アルジェリア,2017000000,2017年,0,千円
30000000,3_鉱物性燃料,280,8月_金額,50503,503_アルジェリア,2016000000,2016年,2380143,千円
30000000,3_鉱物性燃料,280,8月_金額,50505,505_リビア,2020000000,2020年,0,千円
30000000,3_鉱物性燃料,280,8月_金額,50506,506_エジプト,2020000000,2020年,2420901,千円
30000000,3_鉱物性燃料,280,8月_金額,50506,506_エジプト,2019000000,2019年,0,千円
30000000,3_鉱物性燃料,280,8月_金額,50506,506_エジプト,2018000000,2018年,0,千円
30000000,3_鉱物性燃料,280,8月_金額,50506,506_エジプト,2017000000,2017年,36160,千円
30000000,3_鉱物性燃料,280,8月_金額,50506,506_エジプト,2016000000,2016年,0,千円
30000000,3_鉱物性燃料,280,8月_金額,50507,507_スーダン,2016000000,2016年,0,千円
30000000,3_鉱物性燃料,280,8月_金額,50510,510_セネガル,2017000000,2017年,0,千円
30000000,3_鉱物性燃料,280,8月_金額,50515,515_リベリア,2020000000,2020年,0,千円
30000000,3_鉱物性燃料,280,8月_金額,50515,515_リベリア,2017000000,2017年,0,千円
30000000,3_鉱物性燃料,280,8月_金額,50517,517_ガーナ,2017000000,2017年,5479876,千円
30000000,3_鉱物性燃料,280,8月_金額,50524,524_ナイジェリア,2020000000,2020年,0,千円
30000000,3_鉱物性燃料,280,8月_金額,50524,524_ナイジェリア,2019000000,2019年,1601659,千円
30000000,3_鉱物性燃料,280,8月_金額,50524,524_ナイジェリア,2018000000,2018年,11226612,千円
30000000,3_鉱物性燃料,280,8月_金額,50524,524_ナイジェリア,2017000000,2017年,1892360,千円
30000000,3_鉱物性燃料,280,8月_金額,50524,524_ナイジェリア,2016000000,2016年,4063339,千円
30000000,3_鉱物性燃料,280,8月_金額,50527,527_カメルーン,2019000000,2019年,0,千円
30000000,3_鉱物性燃料,280,8月_金額,50528,528_チャド,2016000000,2016年,0,千円
30000000,3_鉱物性燃料,280,8月_金額,50530,530_赤道ギニア,2019000000,2019年,0,千円
30000000,3_鉱物性燃料,280,8月_金額,50530,530_赤道ギニア,2018000000,2018年,0,千円
30000000,3_鉱物性燃料,280,8月_金額,50530,530_赤道ギニア,2017000000,2017年,0,千円
30000000,3_鉱物性燃料,280,8月_金額,50530,530_赤道ギニア,2016000000,2016年,0,千円
30000000,3_鉱物性燃料,280,8月_金額,50531,531_ガボン,2019000000,2019年,0,千円
30000000,3_鉱物性燃料,280,8月_金額,50531,531_ガボン,2018000000,2018年,0,千円
30000000,3_鉱物性燃料,280,8月_金額,50531,531_ガボン,2016000000,2016年,0,千円
30000000,3_鉱物性燃料,280,8月_金額,50532,532_コンゴ共和国,2016000000,2016年,0,千円
30000000,3_鉱物性燃料,280,8月_金額,50535,535_アンゴラ,2020000000,2020年,0,千円
30000000,3_鉱物性燃料,280,8月_金額,50535,535_アンゴラ,2019000000,2019年,0,千円
30000000,3_鉱物性燃料,280,8月_金額,50535,535_アンゴラ,2018000000,2018年,0,千円
30000000,3_鉱物性燃料,280,8月_金額,50535,535_アンゴラ,2017000000,2017年,1911197,千円
30000000,3_鉱物性燃料,280,8月_金額,50535,535_アンゴラ,2016000000,2016年,0,千円
30000000,3_鉱物性燃料,280,8月_金額,50543,543_タンザニア,2018000000,2018年,0,千円
30000000,3_鉱物性燃料,280,8月_金額,50545,545_モザンビーク,2020000000,2020年,0,千円
30000000,3_鉱物性燃料,280,8月_金額,50545,545_モザンビーク,2019000000,2019年,2727283,千円
30000000,3_鉱物性燃料,280,8月_金額,50545,545_モザンビーク,2018000000,2018年,3047306,千円
30000000,3_鉱物性燃料,280,8月_金額,50545,545_モザンビーク,2017000000,2017年,870880,千円
30000000,3_鉱物性燃料,280,8月_金額,50545,545_モザンビーク,2016000000,2016年,2066904,千円
30000000,3_鉱物性燃料,280,8月_金額,50547,547_モーリシャス,2018000000,2018年,0,千円
30000000,3_鉱物性燃料,280,8月_金額,50551,551_南アフリカ共和国,2020000000,2020年,18609,千円
30000000,3_鉱物性燃料,280,8月_金額,50551,551_南アフリカ共和国,2019000000,2019年,88335,千円
30000000,3_鉱物性燃料,280,8月_金額,50551,551_南アフリカ共和国,2018000000,2018年,11961,千円
30000000,3_鉱物性燃料,280,8月_金額,50551,551_南アフリカ共和国,2017000000,2017年,3197,千円
30000000,3_鉱物性燃料,280,8月_金額,50551,551_南アフリカ共和国,2016000000,2016年,49337,千円
30000000,3_鉱物性燃料,280,8月_金額,50556,556_エスワティニ,2018000000,2018年,0,千円
30000000,3_鉱物性燃料,280,8月_金額,50601,601_オーストラリア,2020000000,2020年,149652578,千円
30000000,3_鉱物性燃料,280,8月_金額,50601,601_オーストラリア,2019000000,2019年,288538312,千円
30000000,3_鉱物性燃料,280,8月_金額,50601,601_オーストラリア,2018000000,2018年,360740709,千円
30000000,3_鉱物性燃料,280,8月_金額,50601,601_オーストラリア,2017000000,2017年,269628375,千円
30000000,3_鉱物性燃料,280,8月_金額,50601,601_オーストラリア,2016000000,2016年,158054716,千円
30000000,3_鉱物性燃料,280,8月_金額,50602,602_パプアニューギニア,2020000000,2020年,18658650,千円
30000000,3_鉱物性燃料,280,8月_金額,50602,602_パプアニューギニア,2019000000,2019年,12785817,千円
30000000,3_鉱物性燃料,280,8月_金額,50602,602_パプアニューギニア,2018000000,2018年,26645388,千円
30000000,3_鉱物性燃料,280,8月_金額,50602,602_パプアニューギニア,2017000000,2017年,19614323,千円
30000000,3_鉱物性燃料,280,8月_金額,50602,602_パプアニューギニア,2016000000,2016年,10040549,千円
30000000,3_鉱物性燃料,280,8月_金額,50606,606_ニュージーランド,2020000000,2020年,259979,千円
30000000,3_鉱物性燃料,280,8月_金額,50606,606_ニュージーランド,2019000000,2019年,0,千円
30000000,3_鉱物性燃料,280,8月_金額,50606,606_ニュージーランド,2018000000,2018年,0,千円
30000000,3_鉱物性燃料,280,8月_金額,50606,606_ニュージーランド,2017000000,2017年,1155406,千円
30000000,3_鉱物性燃料,280,8月_金額,50606,606_ニュージーランド,2016000000,2016年,660777,千円
30000000,3_鉱物性燃料,280,8月_金額,50620,620_グアム(米),2020000000,2020年,0,千円
30000000,3_鉱物性燃料,280,8月_金額,50625,625_マーシャル,2018000000,2018年,0,千円
30000000,3_鉱物性燃料,280,8月_金額,50626,626_ミクロネシア,2017000000,2017年,0,千円
30000000,3_鉱物性燃料,280,8月_金額,50626,626_ミクロネシア,2016000000,2016年,0,千円
30000000,3_鉱物性燃料,280,8月_金額,50702,702_不明,2020000000,2020年,353,千円
30000000,3_鉱物性燃料,280,8月_金額,50702,702_不明,2019000000,2019年,21317,千円
30000000,3_鉱物性燃料,280,8月_金額,50702,702_不明,2018000000,2018年,51886,千円
30000000,3_鉱物性燃料,280,8月_金額,50702,702_不明,2017000000,2017年,28973,千円
30000000,3_鉱物性燃料,280,8月_金額,50702,702_不明,2016000000,2016年,25589,千円
30000000,3_鉱物性燃料,300,9月_金額,50103,103_大韓民国,2020000000,2020年,23036204,千円
30000000,3_鉱物性燃料,300,9月_金額,50103,103_大韓民国,2019000000,2019年,31221185,千円
30000000,3_鉱物性燃料,300,9月_金額,50103,103_大韓民国,2018000000,2018年,49588128,千円
30000000,3_鉱物性燃料,300,9月_金額,50103,103_大韓民国,2017000000,2017年,16142235,千円
30000000,3_鉱物性燃料,300,9月_金額,50103,103_大韓民国,2016000000,2016年,19981707,千円
30000000,3_鉱物性燃料,300,9月_金額,50105,105_中華人民共和国,2020000000,2020年,3474759,千円
30000000,3_鉱物性燃料,300,9月_金額,50105,105_中華人民共和国,2019000000,2019年,9547620,千円
30000000,3_鉱物性燃料,300,9月_金額,50105,105_中華人民共和国,2018000000,2018年,10091445,千円
30000000,3_鉱物性燃料,300,9月_金額,50105,105_中華人民共和国,2017000000,2017年,6025877,千円
30000000,3_鉱物性燃料,300,9月_金額,50105,105_中華人民共和国,2016000000,2016年,6279157,千円
30000000,3_鉱物性燃料,300,9月_金額,50106,106_台湾,2020000000,2020年,57200,千円
30000000,3_鉱物性燃料,300,9月_金額,50106,106_台湾,2019000000,2019年,2069684,千円
30000000,3_鉱物性燃料,300,9月_金額,50106,106_台湾,2018000000,2018年,374194,千円
30000000,3_鉱物性燃料,300,9月_金額,50106,106_台湾,2017000000,2017年,331147,千円
30000000,3_鉱物性燃料,300,9月_金額,50106,106_台湾,2016000000,2016年,217234,千円
30000000,3_鉱物性燃料,300,9月_金額,50107,107_モンゴル,2017000000,2017年,0,千円
30000000,3_鉱物性燃料,300,9月_金額,50107,107_モンゴル,2016000000,2016年,0,千円
30000000,3_鉱物性燃料,300,9月_金額,50108,108_香港,2020000000,2020年,2170,千円
30000000,3_鉱物性燃料,300,9月_金額,50108,108_香港,2019000000,2019年,36094,千円
30000000,3_鉱物性燃料,300,9月_金額,50108,108_香港,2018000000,2018年,42388,千円
30000000,3_鉱物性燃料,300,9月_金額,50108,108_香港,2017000000,2017年,19300,千円
30000000,3_鉱物性燃料,300,9月_金額,50108,108_香港,2016000000,2016年,11281,千円
30000000,3_鉱物性燃料,300,9月_金額,50110,110_ベトナム,2020000000,2020年,30927,千円
30000000,3_鉱物性燃料,300,9月_金額,50110,110_ベトナム,2019000000,2019年,5856089,千円
30000000,3_鉱物性燃料,300,9月_金額,50110,110_ベトナム,2018000000,2018年,4562835,千円
30000000,3_鉱物性燃料,300,9月_金額,50110,110_ベトナム,2017000000,2017年,6377035,千円
30000000,3_鉱物性燃料,300,9月_金額,50110,110_ベトナム,2016000000,2016年,3106466,千円
30000000,3_鉱物性燃料,300,9月_金額,50111,111_タイ,2020000000,2020年,60238,千円
30000000,3_鉱物性燃料,300,9月_金額,50111,111_タイ,2019000000,2019年,132241,千円
30000000,3_鉱物性燃料,300,9月_金額,50111,111_タイ,2018000000,2018年,3935865,千円
30000000,3_鉱物性燃料,300,9月_金額,50111,111_タイ,2017000000,2017年,189054,千円
30000000,3_鉱物性燃料,300,9月_金額,50111,111_タイ,2016000000,2016年,160352,千円
30000000,3_鉱物性燃料,300,9月_金額,50112,112_シンガポール,2020000000,2020年,490189,千円
30000000,3_鉱物性燃料,300,9月_金額,50112,112_シンガポール,2019000000,2019年,543306,千円
30000000,3_鉱物性燃料,300,9月_金額,50112,112_シンガポール,2018000000,2018年,6682359,千円
30000000,3_鉱物性燃料,300,9月_金額,50112,112_シンガポール,2017000000,2017年,1718484,千円
30000000,3_鉱物性燃料,300,9月_金額,50112,112_シンガポール,2016000000,2016年,3301095,千円
30000000,3_鉱物性燃料,300,9月_金額,50113,113_マレーシア,2020000000,2020年,19721752,千円
30000000,3_鉱物性燃料,300,9月_金額,50113,113_マレーシア,2019000000,2019年,53778655,千円
30000000,3_鉱物性燃料,300,9月_金額,50113,113_マレーシア,2018000000,2018年,54459420,千円
30000000,3_鉱物性燃料,300,9月_金額,50113,113_マレーシア,2017000000,2017年,50408897,千円
30000000,3_鉱物性燃料,300,9月_金額,50113,113_マレーシア,2016000000,2016年,53776799,千円
30000000,3_鉱物性燃料,300,9月_金額,50116,116_ブルネイ,2020000000,2020年,11921650,千円
30000000,3_鉱物性燃料,300,9月_金額,50116,116_ブルネイ,2019000000,2019年,10850258,千円
30000000,3_鉱物性燃料,300,9月_金額,50116,116_ブルネイ,2018000000,2018年,20414694,千円
30000000,3_鉱物性燃料,300,9月_金額,50116,116_ブルネイ,2017000000,2017年,10560814,千円
30000000,3_鉱物性燃料,300,9月_金額,50116,116_ブルネイ,2016000000,2016年,13908894,千円
30000000,3_鉱物性燃料,300,9月_金額,50117,117_フィリピン,2020000000,2020年,0,千円
30000000,3_鉱物性燃料,300,9月_金額,50117,117_フィリピン,2019000000,2019年,3365,千円
30000000,3_鉱物性燃料,300,9月_金額,50117,117_フィリピン,2018000000,2018年,852,千円
30000000,3_鉱物性燃料,300,9月_金額,50117,117_フィリピン,2017000000,2017年,2586,千円
30000000,3_鉱物性燃料,300,9月_金額,50117,117_フィリピン,2016000000,2016年,694,千円
30000000,3_鉱物性燃料,300,9月_金額,50118,118_インドネシア,2020000000,2020年,24357943,千円
30000000,3_鉱物性燃料,300,9月_金額,50118,118_インドネシア,2019000000,2019年,30586827,千円
30000000,3_鉱物性燃料,300,9月_金額,50118,118_インドネシア,2018000000,2018年,41776598,千円
30000000,3_鉱物性燃料,300,9月_金額,50118,118_インドネシア,2017000000,2017年,65632747,千円
30000000,3_鉱物性燃料,300,9月_金額,50118,118_インドネシア,2016000000,2016年,41936032,千円
30000000,3_鉱物性燃料,300,9月_金額,50123,123_インド,2020000000,2020年,7687570,千円
30000000,3_鉱物性燃料,300,9月_金額,50123,123_インド,2019000000,2019年,3518318,千円
30000000,3_鉱物性燃料,300,9月_金額,50123,123_インド,2018000000,2018年,10206017,千円
30000000,3_鉱物性燃料,300,9月_金額,50123,123_インド,2017000000,2017年,11691054,千円
30000000,3_鉱物性燃料,300,9月_金額,50123,123_インド,2016000000,2016年,3196919,千円
30000000,3_鉱物性燃料,300,9月_金額,50124,124_パキスタン,2020000000,2020年,0,千円
30000000,3_鉱物性燃料,300,9月_金額,50124,124_パキスタン,2019000000,2019年,0,千円
30000000,3_鉱物性燃料,300,9月_金額,50124,124_パキスタン,2018000000,2018年,0,千円
30000000,3_鉱物性燃料,300,9月_金額,50124,124_パキスタン,2017000000,2017年,0,千円
30000000,3_鉱物性燃料,300,9月_金額,50124,124_パキスタン,2016000000,2016年,0,千円
30000000,3_鉱物性燃料,300,9月_金額,50125,125_スリランカ,2020000000,2020年,0,千円
30000000,3_鉱物性燃料,300,9月_金額,50125,125_スリランカ,2018000000,2018年,2148,千円
30000000,3_鉱物性燃料,300,9月_金額,50125,125_スリランカ,2017000000,2017年,1433,千円
30000000,3_鉱物性燃料,300,9月_金額,50125,125_スリランカ,2016000000,2016年,498,千円
30000000,3_鉱物性燃料,300,9月_金額,50127,127_バングラデシュ,2019000000,2019年,0,千円
30000000,3_鉱物性燃料,300,9月_金額,50128,128_東ティモール,2020000000,2020年,677934,千円
30000000,3_鉱物性燃料,300,9月_金額,50128,128_東ティモール,2019000000,2019年,1053137,千円
30000000,3_鉱物性燃料,300,9月_金額,50129,129_マカオ,2018000000,2018年,0,千円
30000000,3_鉱物性燃料,300,9月_金額,50133,133_イラン,2019000000,2019年,0,千円
30000000,3_鉱物性燃料,300,9月_金額,50133,133_イラン,2018000000,2018年,33144043,千円
30000000,3_鉱物性燃料,300,9月_金額,50133,133_イラン,2017000000,2017年,32112416,千円
30000000,3_鉱物性燃料,300,9月_金額,50133,133_イラン,2016000000,2016年,44398961,千円
30000000,3_鉱物性燃料,300,9月_金額,50134,134_イラク,2020000000,2020年,733521,千円
30000000,3_鉱物性燃料,300,9月_金額,50134,134_イラク,2019000000,2019年,7276020,千円
30000000,3_鉱物性燃料,300,9月_金額,50134,134_イラク,2018000000,2018年,16816571,千円
30000000,3_鉱物性燃料,300,9月_金額,50134,134_イラク,2017000000,2017年,0,千円
30000000,3_鉱物性燃料,300,9月_金額,50134,134_イラク,2016000000,2016年,13621522,千円
30000000,3_鉱物性燃料,300,9月_金額,50135,135_バーレーン,2020000000,2020年,3649764,千円
30000000,3_鉱物性燃料,300,9月_金額,50135,135_バーレーン,2019000000,2019年,12219326,千円
30000000,3_鉱物性燃料,300,9月_金額,50135,135_バーレーン,2018000000,2018年,9364050,千円
30000000,3_鉱物性燃料,300,9月_金額,50135,135_バーレーン,2017000000,2017年,1265780,千円
30000000,3_鉱物性燃料,300,9月_金額,50135,135_バーレーン,2016000000,2016年,0,千円
30000000,3_鉱物性燃料,300,9月_金額,50137,137_サウジアラビア,2020000000,2020年,135022325,千円
30000000,3_鉱物性燃料,300,9月_金額,50137,137_サウジアラビア,2019000000,2019年,203587578,千円
30000000,3_鉱物性燃料,300,9月_金額,50137,137_サウジアラビア,2018000000,2018年,260755125,千円
30000000,3_鉱物性燃料,300,9月_金額,50137,137_サウジアラビア,2017000000,2017年,203328447,千円
30000000,3_鉱物性燃料,300,9月_金額,50137,137_サウジアラビア,2016000000,2016年,144558406,千円
30000000,3_鉱物性燃料,300,9月_金額,50138,138_クウェート,2020000000,2020年,35520385,千円
30000000,3_鉱物性燃料,300,9月_金額,50138,138_クウェート,2019000000,2019年,64668882,千円
30000000,3_鉱物性燃料,300,9月_金額,50138,138_クウェート,2018000000,2018年,64200147,千円
30000000,3_鉱物性燃料,300,9月_金額,50138,138_クウェート,2017000000,2017年,61604378,千円
30000000,3_鉱物性燃料,300,9月_金額,50138,138_クウェート,2016000000,2016年,38638289,千円
30000000,3_鉱物性燃料,300,9月_金額,50140,140_カタール,2020000000,2020年,57481518,千円
30000000,3_鉱物性燃料,300,9月_金額,50140,140_カタール,2019000000,2019年,110716453,千円
30000000,3_鉱物性燃料,300,9月_金額,50140,140_カタール,2018000000,2018年,111641752,千円
30000000,3_鉱物性燃料,300,9月_金額,50140,140_カタール,2017000000,2017年,83060021,千円
30000000,3_鉱物性燃料,300,9月_金額,50140,140_カタール,2016000000,2016年,96498988,千円
30000000,3_鉱物性燃料,300,9月_金額,50141,141_オマーン,2020000000,2020年,14896021,千円
30000000,3_鉱物性燃料,300,9月_金額,50141,141_オマーン,2019000000,2019年,21939812,千円
30000000,3_鉱物性燃料,300,9月_金額,50141,141_オマーン,2018000000,2018年,29545631,千円
30000000,3_鉱物性燃料,300,9月_金額,50141,141_オマーン,2017000000,2017年,17664852,千円
30000000,3_鉱物性燃料,300,9月_金額,50141,141_オマーン,2016000000,2016年,6278417,千円
30000000,3_鉱物性燃料,300,9月_金額,50143,143_イスラエル,2020000000,2020年,1211,千円
30000000,3_鉱物性燃料,300,9月_金額,50143,143_イスラエル,2019000000,2019年,4263,千円
30000000,3_鉱物性燃料,300,9月_金額,50143,143_イスラエル,2018000000,2018年,0,千円
30000000,3_鉱物性燃料,300,9月_金額,50143,143_イスラエル,2017000000,2017年,1891,千円
30000000,3_鉱物性燃料,300,9月_金額,50143,143_イスラエル,2016000000,2016年,435,千円
30000000,3_鉱物性燃料,300,9月_金額,50147,147_アラブ首長国連邦,2020000000,2020年,131897949,千円
30000000,3_鉱物性燃料,300,9月_金額,50147,147_アラブ首長国連邦,2019000000,2019年,238704585,千円
30000000,3_鉱物性燃料,300,9月_金額,50147,147_アラブ首長国連邦,2018000000,2018年,236914287,千円
30000000,3_鉱物性燃料,300,9月_金額,50147,147_アラブ首長国連邦,2017000000,2017年,160283106,千円
30000000,3_鉱物性燃料,300,9月_金額,50147,147_アラブ首長国連邦,2016000000,2016年,146700035,千円
30000000,3_鉱物性燃料,300,9月_金額,50149,149_イエメン,2018000000,2018年,0,千円
30000000,3_鉱物性燃料,300,9月_金額,50150,150_アゼルバイジャン,2020000000,2020年,4459755,千円
30000000,3_鉱物性燃料,300,9月_金額,50153,153_カザフスタン,2020000000,2020年,0,千円
30000000,3_鉱物性燃料,300,9月_金額,50153,153_カザフスタン,2019000000,2019年,0,千円
30000000,3_鉱物性燃料,300,9月_金額,50153,153_カザフスタン,2018000000,2018年,15815271,千円
30000000,3_鉱物性燃料,300,9月_金額,50153,153_カザフスタン,2017000000,2017年,5840380,千円
30000000,3_鉱物性燃料,300,9月_金額,50153,153_カザフスタン,2016000000,2016年,0,千円
30000000,3_鉱物性燃料,300,9月_金額,50202,202_ノルウェー,2020000000,2020年,6274,千円
30000000,3_鉱物性燃料,300,9月_金額,50202,202_ノルウェー,2019000000,2019年,2807,千円
30000000,3_鉱物性燃料,300,9月_金額,50202,202_ノルウェー,2018000000,2018年,5333157,千円
30000000,3_鉱物性燃料,300,9月_金額,50202,202_ノルウェー,2017000000,2017年,10552,千円
30000000,3_鉱物性燃料,300,9月_金額,50202,202_ノルウェー,2016000000,2016年,978,千円
30000000,3_鉱物性燃料,300,9月_金額,50203,203_スウェーデン,2020000000,2020年,27351,千円
30000000,3_鉱物性燃料,300,9月_金額,50203,203_スウェーデン,2019000000,2019年,14661,千円
30000000,3_鉱物性燃料,300,9月_金額,50203,203_スウェーデン,2018000000,2018年,34589,千円
30000000,3_鉱物性燃料,300,9月_金額,50203,203_スウェーデン,2017000000,2017年,38959,千円
30000000,3_鉱物性燃料,300,9月_金額,50203,203_スウェーデン,2016000000,2016年,29261,千円
30000000,3_鉱物性燃料,300,9月_金額,50204,204_デンマーク,2020000000,2020年,4404,千円
30000000,3_鉱物性燃料,300,9月_金額,50204,204_デンマーク,2019000000,2019年,974,千円
30000000,3_鉱物性燃料,300,9月_金額,50204,204_デンマーク,2018000000,2018年,1765,千円
30000000,3_鉱物性燃料,300,9月_金額,50204,204_デンマーク,2017000000,2017年,1723,千円
30000000,3_鉱物性燃料,300,9月_金額,50204,204_デンマーク,2016000000,2016年,1472,千円
30000000,3_鉱物性燃料,300,9月_金額,50205,205_英国,2020000000,2020年,38358,千円
30000000,3_鉱物性燃料,300,9月_金額,50205,205_英国,2019000000,2019年,54768,千円
30000000,3_鉱物性燃料,300,9月_金額,50205,205_英国,2018000000,2018年,39781,千円
30000000,3_鉱物性燃料,300,9月_金額,50205,205_英国,2017000000,2017年,40813,千円
30000000,3_鉱物性燃料,300,9月_金額,50205,205_英国,2016000000,2016年,28157,千円
30000000,3_鉱物性燃料,300,9月_金額,50206,206_アイルランド,2020000000,2020年,3584,千円
30000000,3_鉱物性燃料,300,9月_金額,50206,206_アイルランド,2019000000,2019年,1414,千円
30000000,3_鉱物性燃料,300,9月_金額,50206,206_アイルランド,2018000000,2018年,3214,千円
30000000,3_鉱物性燃料,300,9月_金額,50206,206_アイルランド,2017000000,2017年,6451,千円
30000000,3_鉱物性燃料,300,9月_金額,50206,206_アイルランド,2016000000,2016年,2993,千円
30000000,3_鉱物性燃料,300,9月_金額,50207,207_オランダ,2020000000,2020年,29775,千円
30000000,3_鉱物性燃料,300,9月_金額,50207,207_オランダ,2019000000,2019年,21938,千円
30000000,3_鉱物性燃料,300,9月_金額,50207,207_オランダ,2018000000,2018年,2592683,千円
30000000,3_鉱物性燃料,300,9月_金額,50207,207_オランダ,2017000000,2017年,27257,千円
30000000,3_鉱物性燃料,300,9月_金額,50207,207_オランダ,2016000000,2016年,34933,千円
30000000,3_鉱物性燃料,300,9月_金額,50208,208_ベルギー,2020000000,2020年,92663,千円
30000000,3_鉱物性燃料,300,9月_金額,50208,208_ベルギー,2019000000,2019年,128262,千円
30000000,3_鉱物性燃料,300,9月_金額,50208,208_ベルギー,2018000000,2018年,80565,千円
30000000,3_鉱物性燃料,300,9月_金額,50208,208_ベルギー,2017000000,2017年,209439,千円
30000000,3_鉱物性燃料,300,9月_金額,50208,208_ベルギー,2016000000,2016年,185944,千円
30000000,3_鉱物性燃料,300,9月_金額,50210,210_フランス,2020000000,2020年,130695,千円
30000000,3_鉱物性燃料,300,9月_金額,50210,210_フランス,2019000000,2019年,216601,千円
30000000,3_鉱物性燃料,300,9月_金額,50210,210_フランス,2018000000,2018年,240506,千円
30000000,3_鉱物性燃料,300,9月_金額,50210,210_フランス,2017000000,2017年,132042,千円
30000000,3_鉱物性燃料,300,9月_金額,50210,210_フランス,2016000000,2016年,3000050,千円
30000000,3_鉱物性燃料,300,9月_金額,50213,213_ドイツ,2020000000,2020年,169754,千円
30000000,3_鉱物性燃料,300,9月_金額,50213,213_ドイツ,2019000000,2019年,234129,千円
30000000,3_鉱物性燃料,300,9月_金額,50213,213_ドイツ,2018000000,2018年,178222,千円
30000000,3_鉱物性燃料,300,9月_金額,50213,213_ドイツ,2017000000,2017年,227566,千円
30000000,3_鉱物性燃料,300,9月_金額,50213,213_ドイツ,2016000000,2016年,202152,千円
30000000,3_鉱物性燃料,300,9月_金額,50215,215_スイス,2020000000,2020年,2319,千円
30000000,3_鉱物性燃料,300,9月_金額,50215,215_スイス,2019000000,2019年,12875,千円
30000000,3_鉱物性燃料,300,9月_金額,50215,215_スイス,2018000000,2018年,25998,千円
30000000,3_鉱物性燃料,300,9月_金額,50215,215_スイス,2017000000,2017年,25770,千円
30000000,3_鉱物性燃料,300,9月_金額,50215,215_スイス,2016000000,2016年,29099,千円
30000000,3_鉱物性燃料,300,9月_金額,50218,218_スペイン,2020000000,2020年,1735094,千円
30000000,3_鉱物性燃料,300,9月_金額,50218,218_スペイン,2019000000,2019年,3010895,千円
30000000,3_鉱物性燃料,300,9月_金額,50218,218_スペイン,2018000000,2018年,23496,千円
30000000,3_鉱物性燃料,300,9月_金額,50218,218_スペイン,2017000000,2017年,15345,千円
30000000,3_鉱物性燃料,300,9月_金額,50218,218_スペイン,2016000000,2016年,13301,千円
30000000,3_鉱物性燃料,300,9月_金額,50220,220_イタリア,2020000000,2020年,19396,千円
30000000,3_鉱物性燃料,300,9月_金額,50220,220_イタリア,2019000000,2019年,935,千円
30000000,3_鉱物性燃料,300,9月_金額,50220,220_イタリア,2018000000,2018年,9259,千円
30000000,3_鉱物性燃料,300,9月_金額,50220,220_イタリア,2017000000,2017年,21762,千円
30000000,3_鉱物性燃料,300,9月_金額,50220,220_イタリア,2016000000,2016年,16975,千円
30000000,3_鉱物性燃料,300,9月_金額,50221,221_マルタ,2020000000,2020年,0,千円
30000000,3_鉱物性燃料,300,9月_金額,50222,222_フィンランド,2020000000,2020年,3799,千円
30000000,3_鉱物性燃料,300,9月_金額,50222,222_フィンランド,2019000000,2019年,3357,千円
30000000,3_鉱物性燃料,300,9月_金額,50222,222_フィンランド,2018000000,2018年,3006,千円
30000000,3_鉱物性燃料,300,9月_金額,50222,222_フィンランド,2017000000,2017年,8249,千円
30000000,3_鉱物性燃料,300,9月_金額,50222,222_フィンランド,2016000000,2016年,4729,千円
30000000,3_鉱物性燃料,300,9月_金額,50223,223_ポーランド,2020000000,2020年,5340,千円
30000000,3_鉱物性燃料,300,9月_金額,50223,223_ポーランド,2019000000,2019年,546,千円
30000000,3_鉱物性燃料,300,9月_金額,50223,223_ポーランド,2018000000,2018年,0,千円
30000000,3_鉱物性燃料,300,9月_金額,50223,223_ポーランド,2017000000,2017年,513,千円
30000000,3_鉱物性燃料,300,9月_金額,50223,223_ポーランド,2016000000,2016年,0,千円
30000000,3_鉱物性燃料,300,9月_金額,50224,224_ロシア,2020000000,2020年,44477943,千円
30000000,3_鉱物性燃料,300,9月_金額,50224,224_ロシア,2019000000,2019年,83157320,千円
30000000,3_鉱物性燃料,300,9月_金額,50224,224_ロシア,2018000000,2018年,109062123,千円
30000000,3_鉱物性燃料,300,9月_金額,50224,224_ロシア,2017000000,2017年,67772414,千円
30000000,3_鉱物性燃料,300,9月_金額,50224,224_ロシア,2016000000,2016年,73352372,千円
30000000,3_鉱物性燃料,300,9月_金額,50225,225_オーストリア,2020000000,2020年,0,千円
30000000,3_鉱物性燃料,300,9月_金額,50225,225_オーストリア,2019000000,2019年,0,千円
30000000,3_鉱物性燃料,300,9月_金額,50225,225_オーストリア,2018000000,2018年,209,千円
30000000,3_鉱物性燃料,300,9月_金額,50225,225_オーストリア,2017000000,2017年,2986,千円
30000000,3_鉱物性燃料,300,9月_金額,50225,225_オーストリア,2016000000,2016年,218,千円
30000000,3_鉱物性燃料,300,9月_金額,50227,227_ハンガリー,2018000000,2018年,0,千円
30000000,3_鉱物性燃料,300,9月_金額,50227,227_ハンガリー,2017000000,2017年,0,千円
30000000,3_鉱物性燃料,300,9月_金額,50227,227_ハンガリー,2016000000,2016年,0,千円
30000000,3_鉱物性燃料,300,9月_金額,50230,230_ギリシャ,2020000000,2020年,2396765,千円
30000000,3_鉱物性燃料,300,9月_金額,50230,230_ギリシャ,2019000000,2019年,0,千円
30000000,3_鉱物性燃料,300,9月_金額,50230,230_ギリシャ,2018000000,2018年,600,千円
30000000,3_鉱物性燃料,300,9月_金額,50230,230_ギリシャ,2017000000,2017年,0,千円
30000000,3_鉱物性燃料,300,9月_金額,50230,230_ギリシャ,2016000000,2016年,0,千円
30000000,3_鉱物性燃料,300,9月_金額,50232,232_ブルガリア,2020000000,2020年,0,千円
30000000,3_鉱物性燃料,300,9月_金額,50232,232_ブルガリア,2019000000,2019年,0,千円
30000000,3_鉱物性燃料,300,9月_金額,50234,234_トルコ,2020000000,2020年,2829,千円
30000000,3_鉱物性燃料,300,9月_金額,50234,234_トルコ,2019000000,2019年,2581,千円
30000000,3_鉱物性燃料,300,9月_金額,50234,234_トルコ,2018000000,2018年,0,千円
30000000,3_鉱物性燃料,300,9月_金額,50234,234_トルコ,2017000000,2017年,0,千円
30000000,3_鉱物性燃料,300,9月_金額,50234,234_トルコ,2016000000,2016年,0,千円
30000000,3_鉱物性燃料,300,9月_金額,50235,235_エストニア,2020000000,2020年,4724,千円
30000000,3_鉱物性燃料,300,9月_金額,50235,235_エストニア,2019000000,2019年,6194,千円
30000000,3_鉱物性燃料,300,9月_金額,50235,235_エストニア,2018000000,2018年,5925,千円
30000000,3_鉱物性燃料,300,9月_金額,50235,235_エストニア,2017000000,2017年,7028,千円
30000000,3_鉱物性燃料,300,9月_金額,50235,235_エストニア,2016000000,2016年,6547,千円
30000000,3_鉱物性燃料,300,9月_金額,50236,236_ラトビア,2020000000,2020年,110181,千円
30000000,3_鉱物性燃料,300,9月_金額,50236,236_ラトビア,2019000000,2019年,67229,千円
30000000,3_鉱物性燃料,300,9月_金額,50236,236_ラトビア,2018000000,2018年,90682,千円
30000000,3_鉱物性燃料,300,9月_金額,50236,236_ラトビア,2017000000,2017年,65837,千円
30000000,3_鉱物性燃料,300,9月_金額,50236,236_ラトビア,2016000000,2016年,48468,千円
30000000,3_鉱物性燃料,300,9月_金額,50237,237_リトアニア,2020000000,2020年,6845,千円
30000000,3_鉱物性燃料,300,9月_金額,50237,237_リトアニア,2019000000,2019年,8892,千円
30000000,3_鉱物性燃料,300,9月_金額,50237,237_リトアニア,2018000000,2018年,9257,千円
30000000,3_鉱物性燃料,300,9月_金額,50237,237_リトアニア,2017000000,2017年,17005,千円
30000000,3_鉱物性燃料,300,9月_金額,50237,237_リトアニア,2016000000,2016年,15955,千円
30000000,3_鉱物性燃料,300,9月_金額,50238,238_ウクライナ,2019000000,2019年,0,千円
30000000,3_鉱物性燃料,300,9月_金額,50238,238_ウクライナ,2018000000,2018年,0,千円
30000000,3_鉱物性燃料,300,9月_金額,50245,245_チェコ,2020000000,2020年,0,千円
30000000,3_鉱物性燃料,300,9月_金額,50245,245_チェコ,2019000000,2019年,0,千円
30000000,3_鉱物性燃料,300,9月_金額,50245,245_チェコ,2018000000,2018年,0,千円
30000000,3_鉱物性燃料,300,9月_金額,50245,245_チェコ,2017000000,2017年,0,千円
30000000,3_鉱物性燃料,300,9月_金額,50245,245_チェコ,2016000000,2016年,0,千円
30000000,3_鉱物性燃料,300,9月_金額,50302,302_カナダ,2020000000,2020年,10551218,千円
30000000,3_鉱物性燃料,300,9月_金額,50302,302_カナダ,2019000000,2019年,19122925,千円
30000000,3_鉱物性燃料,300,9月_金額,50302,302_カナダ,2018000000,2018年,20300652,千円
30000000,3_鉱物性燃料,300,9月_金額,50302,302_カナダ,2017000000,2017年,9881912,千円
30000000,3_鉱物性燃料,300,9月_金額,50302,302_カナダ,2016000000,2016年,8743540,千円
30000000,3_鉱物性燃料,300,9月_金額,50304,304_アメリカ合衆国,2020000000,2020年,61049947,千円
30000000,3_鉱物性燃料,300,9月_金額,50304,304_アメリカ合衆国,2019000000,2019年,60481394,千円
30000000,3_鉱物性燃料,300,9月_金額,50304,304_アメリカ合衆国,2018000000,2018年,110139589,千円
30000000,3_鉱物性燃料,300,9月_金額,50304,304_アメリカ合衆国,2017000000,2017年,38019407,千円
30000000,3_鉱物性燃料,300,9月_金額,50304,304_アメリカ合衆国,2016000000,2016年,10657390,千円
30000000,3_鉱物性燃料,300,9月_金額,50305,305_メキシコ,2020000000,2020年,0,千円
30000000,3_鉱物性燃料,300,9月_金額,50305,305_メキシコ,2019000000,2019年,0,千円
30000000,3_鉱物性燃料,300,9月_金額,50305,305_メキシコ,2018000000,2018年,5044135,千円
30000000,3_鉱物性燃料,300,9月_金額,50305,305_メキシコ,2017000000,2017年,2269479,千円
30000000,3_鉱物性燃料,300,9月_金額,50305,305_メキシコ,2016000000,2016年,8822328,千円
30000000,3_鉱物性燃料,300,9月_金額,50312,312_パナマ,2020000000,2020年,0,千円
30000000,3_鉱物性燃料,300,9月_金額,50312,312_パナマ,2019000000,2019年,0,千円
30000000,3_鉱物性燃料,300,9月_金額,50312,312_パナマ,2018000000,2018年,0,千円
30000000,3_鉱物性燃料,300,9月_金額,50312,312_パナマ,2016000000,2016年,0,千円
30000000,3_鉱物性燃料,300,9月_金額,50315,315_バハマ,2016000000,2016年,0,千円
30000000,3_鉱物性燃料,300,9月_金額,50320,320_トリニダード・トバゴ,2018000000,2018年,0,千円
30000000,3_鉱物性燃料,300,9月_金額,50320,320_トリニダード・トバゴ,2017000000,2017年,0,千円
30000000,3_鉱物性燃料,300,9月_金額,50320,320_トリニダード・トバゴ,2016000000,2016年,0,千円
30000000,3_鉱物性燃料,300,9月_金額,50323,323_ドミニカ共和国,2019000000,2019年,231,千円
30000000,3_鉱物性燃料,300,9月_金額,50326,326_蘭領アンティール,2019000000,2019年,0,千円
30000000,3_鉱物性燃料,300,9月_金額,50326,326_蘭領アンティール,2018000000,2018年,0,千円
30000000,3_鉱物性燃料,300,9月_金額,50326,326_蘭領アンティール,2017000000,2017年,0,千円
30000000,3_鉱物性燃料,300,9月_金額,50326,326_蘭領アンティール,2016000000,2016年,0,千円
30000000,3_鉱物性燃料,300,9月_金額,50327,327_仏領西インド諸島,2017000000,2017年,0,千円
30000000,3_鉱物性燃料,300,9月_金額,50401,401_コロンビア,2020000000,2020年,638023,千円
30000000,3_鉱物性燃料,300,9月_金額,50401,401_コロンビア,2019000000,2019年,1281683,千円
30000000,3_鉱物性燃料,300,9月_金額,50401,401_コロンビア,2018000000,2018年,3346761,千円
30000000,3_鉱物性燃料,300,9月_金額,50401,401_コロンビア,2017000000,2017年,9029182,千円
30000000,3_鉱物性燃料,300,9月_金額,50401,401_コロンビア,2016000000,2016年,1011000,千円
30000000,3_鉱物性燃料,300,9月_金額,50402,402_ベネズエラ,2017000000,2017年,0,千円
30000000,3_鉱物性燃料,300,9月_金額,50402,402_ベネズエラ,2016000000,2016年,0,千円
30000000,3_鉱物性燃料,300,9月_金額,50404,404_スリナム,2016000000,2016年,0,千円
30000000,3_鉱物性燃料,300,9月_金額,50406,406_エクアドル,2020000000,2020年,10202579,千円
30000000,3_鉱物性燃料,300,9月_金額,50406,406_エクアドル,2019000000,2019年,10886560,千円
30000000,3_鉱物性燃料,300,9月_金額,50406,406_エクアドル,2018000000,2018年,5693347,千円
30000000,3_鉱物性燃料,300,9月_金額,50406,406_エクアドル,2017000000,2017年,773540,千円
30000000,3_鉱物性燃料,300,9月_金額,50406,406_エクアドル,2016000000,2016年,4111912,千円
30000000,3_鉱物性燃料,300,9月_金額,50407,407_ペルー,2020000000,2020年,3160591,千円
30000000,3_鉱物性燃料,300,9月_金額,50407,407_ペルー,2019000000,2019年,4517962,千円
30000000,3_鉱物性燃料,300,9月_金額,50407,407_ペルー,2018000000,2018年,626,千円
30000000,3_鉱物性燃料,300,9月_金額,50407,407_ペルー,2017000000,2017年,0,千円
30000000,3_鉱物性燃料,300,9月_金額,50407,407_ペルー,2016000000,2016年,1448468,千円
30000000,3_鉱物性燃料,300,9月_金額,50410,410_ブラジル,2020000000,2020年,1446,千円
30000000,3_鉱物性燃料,300,9月_金額,50410,410_ブラジル,2019000000,2019年,0,千円
30000000,3_鉱物性燃料,300,9月_金額,50410,410_ブラジル,2018000000,2018年,0,千円
30000000,3_鉱物性燃料,300,9月_金額,50410,410_ブラジル,2017000000,2017年,0,千円
30000000,3_鉱物性燃料,300,9月_金額,50410,410_ブラジル,2016000000,2016年,230,千円
30000000,3_鉱物性燃料,300,9月_金額,50503,503_アルジェリア,2020000000,2020年,1942903,千円
30000000,3_鉱物性燃料,300,9月_金額,50503,503_アルジェリア,2019000000,2019年,0,千円
30000000,3_鉱物性燃料,300,9月_金額,50503,503_アルジェリア,2018000000,2018年,0,千円
30000000,3_鉱物性燃料,300,9月_金額,50503,503_アルジェリア,2017000000,2017年,3705573,千円
30000000,3_鉱物性燃料,300,9月_金額,50503,503_アルジェリア,2016000000,2016年,2551489,千円
30000000,3_鉱物性燃料,300,9月_金額,50505,505_リビア,2020000000,2020年,0,千円
30000000,3_鉱物性燃料,300,9月_金額,50506,506_エジプト,2020000000,2020年,323151,千円
30000000,3_鉱物性燃料,300,9月_金額,50506,506_エジプト,2019000000,2019年,0,千円
30000000,3_鉱物性燃料,300,9月_金額,50506,506_エジプト,2018000000,2018年,0,千円
30000000,3_鉱物性燃料,300,9月_金額,50506,506_エジプト,2017000000,2017年,362,千円
30000000,3_鉱物性燃料,300,9月_金額,50506,506_エジプト,2016000000,2016年,31459,千円
30000000,3_鉱物性燃料,300,9月_金額,50507,507_スーダン,2016000000,2016年,0,千円
30000000,3_鉱物性燃料,300,9月_金額,50510,510_セネガル,2017000000,2017年,0,千円
30000000,3_鉱物性燃料,300,9月_金額,50515,515_リベリア,2020000000,2020年,0,千円
30000000,3_鉱物性燃料,300,9月_金額,50515,515_リベリア,2017000000,2017年,694,千円
30000000,3_鉱物性燃料,300,9月_金額,50517,517_ガーナ,2017000000,2017年,0,千円
30000000,3_鉱物性燃料,300,9月_金額,50524,524_ナイジェリア,2020000000,2020年,8412153,千円
30000000,3_鉱物性燃料,300,9月_金額,50524,524_ナイジェリア,2019000000,2019年,1663585,千円
30000000,3_鉱物性燃料,300,9月_金額,50524,524_ナイジェリア,2018000000,2018年,6951526,千円
30000000,3_鉱物性燃料,300,9月_金額,50524,524_ナイジェリア,2017000000,2017年,7154176,千円
30000000,3_鉱物性燃料,300,9月_金額,50524,524_ナイジェリア,2016000000,2016年,0,千円
30000000,3_鉱物性燃料,300,9月_金額,50527,527_カメルーン,2019000000,2019年,0,千円
30000000,3_鉱物性燃料,300,9月_金額,50528,528_チャド,2016000000,2016年,0,千円
30000000,3_鉱物性燃料,300,9月_金額,50530,530_赤道ギニア,2019000000,2019年,0,千円
30000000,3_鉱物性燃料,300,9月_金額,50530,530_赤道ギニア,2018000000,2018年,0,千円
30000000,3_鉱物性燃料,300,9月_金額,50530,530_赤道ギニア,2017000000,2017年,0,千円
30000000,3_鉱物性燃料,300,9月_金額,50530,530_赤道ギニア,2016000000,2016年,0,千円
30000000,3_鉱物性燃料,300,9月_金額,50531,531_ガボン,2019000000,2019年,0,千円
30000000,3_鉱物性燃料,300,9月_金額,50531,531_ガボン,2018000000,2018年,0,千円
30000000,3_鉱物性燃料,300,9月_金額,50531,531_ガボン,2016000000,2016年,0,千円
30000000,3_鉱物性燃料,300,9月_金額,50532,532_コンゴ共和国,2016000000,2016年,0,千円
30000000,3_鉱物性燃料,300,9月_金額,50535,535_アンゴラ,2020000000,2020年,0,千円
30000000,3_鉱物性燃料,300,9月_金額,50535,535_アンゴラ,2019000000,2019年,0,千円
30000000,3_鉱物性燃料,300,9月_金額,50535,535_アンゴラ,2018000000,2018年,3478452,千円
30000000,3_鉱物性燃料,300,9月_金額,50535,535_アンゴラ,2017000000,2017年,13418508,千円
30000000,3_鉱物性燃料,300,9月_金額,50535,535_アンゴラ,2016000000,2016年,0,千円
30000000,3_鉱物性燃料,300,9月_金額,50543,543_タンザニア,2018000000,2018年,0,千円
30000000,3_鉱物性燃料,300,9月_金額,50545,545_モザンビーク,2020000000,2020年,0,千円
30000000,3_鉱物性燃料,300,9月_金額,50545,545_モザンビーク,2019000000,2019年,363301,千円
30000000,3_鉱物性燃料,300,9月_金額,50545,545_モザンビーク,2018000000,2018年,1185602,千円
30000000,3_鉱物性燃料,300,9月_金額,50545,545_モザンビーク,2017000000,2017年,2088990,千円
30000000,3_鉱物性燃料,300,9月_金額,50545,545_モザンビーク,2016000000,2016年,0,千円
30000000,3_鉱物性燃料,300,9月_金額,50547,547_モーリシャス,2018000000,2018年,0,千円
30000000,3_鉱物性燃料,300,9月_金額,50551,551_南アフリカ共和国,2020000000,2020年,90851,千円
30000000,3_鉱物性燃料,300,9月_金額,50551,551_南アフリカ共和国,2019000000,2019年,26225,千円
30000000,3_鉱物性燃料,300,9月_金額,50551,551_南アフリカ共和国,2018000000,2018年,83093,千円
30000000,3_鉱物性燃料,300,9月_金額,50551,551_南アフリカ共和国,2017000000,2017年,24186,千円
30000000,3_鉱物性燃料,300,9月_金額,50551,551_南アフリカ共和国,2016000000,2016年,53150,千円
30000000,3_鉱物性燃料,300,9月_金額,50556,556_エスワティニ,2018000000,2018年,331,千円
30000000,3_鉱物性燃料,300,9月_金額,50601,601_オーストラリア,2020000000,2020年,156957204,千円
30000000,3_鉱物性燃料,300,9月_金額,50601,601_オーストラリア,2019000000,2019年,275946511,千円
30000000,3_鉱物性燃料,300,9月_金額,50601,601_オーストラリア,2018000000,2018年,302067847,千円
30000000,3_鉱物性燃料,300,9月_金額,50601,601_オーストラリア,2017000000,2017年,210791669,千円
30000000,3_鉱物性燃料,300,9月_金額,50601,601_オーストラリア,2016000000,2016年,166057661,千円
30000000,3_鉱物性燃料,300,9月_金額,50602,602_パプアニューギニア,2020000000,2020年,8464292,千円
30000000,3_鉱物性燃料,300,9月_金額,50602,602_パプアニューギニア,2019000000,2019年,12774090,千円
30000000,3_鉱物性燃料,300,9月_金額,50602,602_パプアニューギニア,2018000000,2018年,28056467,千円
30000000,3_鉱物性燃料,300,9月_金額,50602,602_パプアニューギニア,2017000000,2017年,15469715,千円
30000000,3_鉱物性燃料,300,9月_金額,50602,602_パプアニューギニア,2016000000,2016年,18750849,千円
30000000,3_鉱物性燃料,300,9月_金額,50606,606_ニュージーランド,2020000000,2020年,1199220,千円
30000000,3_鉱物性燃料,300,9月_金額,50606,606_ニュージーランド,2019000000,2019年,0,千円
30000000,3_鉱物性燃料,300,9月_金額,50606,606_ニュージーランド,2018000000,2018年,2634901,千円
30000000,3_鉱物性燃料,300,9月_金額,50606,606_ニュージーランド,2017000000,2017年,0,千円
30000000,3_鉱物性燃料,300,9月_金額,50606,606_ニュージーランド,2016000000,2016年,2421,千円
30000000,3_鉱物性燃料,300,9月_金額,50620,620_グアム(米),2020000000,2020年,0,千円
30000000,3_鉱物性燃料,300,9月_金額,50625,625_マーシャル,2018000000,2018年,0,千円
30000000,3_鉱物性燃料,300,9月_金額,50626,626_ミクロネシア,2017000000,2017年,0,千円
30000000,3_鉱物性燃料,300,9月_金額,50626,626_ミクロネシア,2016000000,2016年,4980,千円
30000000,3_鉱物性燃料,300,9月_金額,50702,702_不明,2020000000,2020年,5366,千円
30000000,3_鉱物性燃料,300,9月_金額,50702,702_不明,2019000000,2019年,24050,千円
30000000,3_鉱物性燃料,300,9月_金額,50702,702_不明,2018000000,2018年,46645,千円
30000000,3_鉱物性燃料,300,9月_金額,50702,702_不明,2017000000,2017年,32004,千円
30000000,3_鉱物性燃料,300,9月_金額,50702,702_不明,2016000000,2016年,37942,千円
30000000,3_鉱物性燃料,320,10月_金額,50103,103_大韓民国,2020000000,2020年,21382561,千円
30000000,3_鉱物性燃料,320,10月_金額,50103,103_大韓民国,2019000000,2019年,33244131,千円
30000000,3_鉱物性燃料,320,10月_金額,50103,103_大韓民国,2018000000,2018年,52351889,千円
30000000,3_鉱物性燃料,320,10月_金額,50103,103_大韓民国,2017000000,2017年,23497181,千円
30000000,3_鉱物性燃料,320,10月_金額,50103,103_大韓民国,2016000000,2016年,14279121,千円
30000000,3_鉱物性燃料,320,10月_金額,50105,105_中華人民共和国,2020000000,2020年,1492298,千円
30000000,3_鉱物性燃料,320,10月_金額,50105,105_中華人民共和国,2019000000,2019年,6437975,千円
30000000,3_鉱物性燃料,320,10月_金額,50105,105_中華人民共和国,2018000000,2018年,18653712,千円
30000000,3_鉱物性燃料,320,10月_金額,50105,105_中華人民共和国,2017000000,2017年,9219735,千円
30000000,3_鉱物性燃料,320,10月_金額,50105,105_中華人民共和国,2016000000,2016年,8080143,千円
30000000,3_鉱物性燃料,320,10月_金額,50106,106_台湾,2020000000,2020年,62765,千円
30000000,3_鉱物性燃料,320,10月_金額,50106,106_台湾,2019000000,2019年,3753295,千円
30000000,3_鉱物性燃料,320,10月_金額,50106,106_台湾,2018000000,2018年,377764,千円
30000000,3_鉱物性燃料,320,10月_金額,50106,106_台湾,2017000000,2017年,103690,千円
30000000,3_鉱物性燃料,320,10月_金額,50106,106_台湾,2016000000,2016年,265719,千円
30000000,3_鉱物性燃料,320,10月_金額,50107,107_モンゴル,2017000000,2017年,0,千円
30000000,3_鉱物性燃料,320,10月_金額,50107,107_モンゴル,2016000000,2016年,0,千円
30000000,3_鉱物性燃料,320,10月_金額,50108,108_香港,2020000000,2020年,350,千円
30000000,3_鉱物性燃料,320,10月_金額,50108,108_香港,2019000000,2019年,8817,千円
30000000,3_鉱物性燃料,320,10月_金額,50108,108_香港,2018000000,2018年,17944,千円
30000000,3_鉱物性燃料,320,10月_金額,50108,108_香港,2017000000,2017年,13863,千円
30000000,3_鉱物性燃料,320,10月_金額,50108,108_香港,2016000000,2016年,15472,千円
30000000,3_鉱物性燃料,320,10月_金額,50110,110_ベトナム,2020000000,2020年,642918,千円
30000000,3_鉱物性燃料,320,10月_金額,50110,110_ベトナム,2019000000,2019年,2854704,千円
30000000,3_鉱物性燃料,320,10月_金額,50110,110_ベトナム,2018000000,2018年,1314252,千円
30000000,3_鉱物性燃料,320,10月_金額,50110,110_ベトナム,2017000000,2017年,2949927,千円
30000000,3_鉱物性燃料,320,10月_金額,50110,110_ベトナム,2016000000,2016年,3850943,千円
30000000,3_鉱物性燃料,320,10月_金額,50111,111_タイ,2020000000,2020年,53218,千円
30000000,3_鉱物性燃料,320,10月_金額,50111,111_タイ,2019000000,2019年,282590,千円
30000000,3_鉱物性燃料,320,10月_金額,50111,111_タイ,2018000000,2018年,2538183,千円
30000000,3_鉱物性燃料,320,10月_金額,50111,111_タイ,2017000000,2017年,2899483,千円
30000000,3_鉱物性燃料,320,10月_金額,50111,111_タイ,2016000000,2016年,57075,千円
30000000,3_鉱物性燃料,320,10月_金額,50112,112_シンガポール,2020000000,2020年,814205,千円
30000000,3_鉱物性燃料,320,10月_金額,50112,112_シンガポール,2019000000,2019年,3676793,千円
30000000,3_鉱物性燃料,320,10月_金額,50112,112_シンガポール,2018000000,2018年,2898287,千円
30000000,3_鉱物性燃料,320,10月_金額,50112,112_シンガポール,2017000000,2017年,1594127,千円
30000000,3_鉱物性燃料,320,10月_金額,50112,112_シンガポール,2016000000,2016年,346368,千円
30000000,3_鉱物性燃料,320,10月_金額,50113,113_マレーシア,2020000000,2020年,28422099,千円
30000000,3_鉱物性燃料,320,10月_金額,50113,113_マレーシア,2019000000,2019年,34969179,千円
30000000,3_鉱物性燃料,320,10月_金額,50113,113_マレーシア,2018000000,2018年,53069657,千円
30000000,3_鉱物性燃料,320,10月_金額,50113,113_マレーシア,2017000000,2017年,49782067,千円
30000000,3_鉱物性燃料,320,10月_金額,50113,113_マレーシア,2016000000,2016年,41433940,千円
30000000,3_鉱物性燃料,320,10月_金額,50116,116_ブルネイ,2020000000,2020年,13738689,千円
30000000,3_鉱物性燃料,320,10月_金額,50116,116_ブルネイ,2019000000,2019年,23353334,千円
30000000,3_鉱物性燃料,320,10月_金額,50116,116_ブルネイ,2018000000,2018年,20905707,千円
30000000,3_鉱物性燃料,320,10月_金額,50116,116_ブルネイ,2017000000,2017年,12792701,千円
30000000,3_鉱物性燃料,320,10月_金額,50116,116_ブルネイ,2016000000,2016年,13812659,千円
30000000,3_鉱物性燃料,320,10月_金額,50117,117_フィリピン,2020000000,2020年,0,千円
30000000,3_鉱物性燃料,320,10月_金額,50117,117_フィリピン,2019000000,2019年,2388,千円
30000000,3_鉱物性燃料,320,10月_金額,50117,117_フィリピン,2018000000,2018年,1384,千円
30000000,3_鉱物性燃料,320,10月_金額,50117,117_フィリピン,2017000000,2017年,3012,千円
30000000,3_鉱物性燃料,320,10月_金額,50117,117_フィリピン,2016000000,2016年,0,千円
30000000,3_鉱物性燃料,320,10月_金額,50118,118_インドネシア,2020000000,2020年,16547530,千円
30000000,3_鉱物性燃料,320,10月_金額,50118,118_インドネシア,2019000000,2019年,39289018,千円
30000000,3_鉱物性燃料,320,10月_金額,50118,118_インドネシア,2018000000,2018年,57518752,千円
30000000,3_鉱物性燃料,320,10月_金額,50118,118_インドネシア,2017000000,2017年,66590960,千円
30000000,3_鉱物性燃料,320,10月_金額,50118,118_インドネシア,2016000000,2016年,55181342,千円
30000000,3_鉱物性燃料,320,10月_金額,50123,123_インド,2020000000,2020年,4821248,千円
30000000,3_鉱物性燃料,320,10月_金額,50123,123_インド,2019000000,2019年,2244110,千円
30000000,3_鉱物性燃料,320,10月_金額,50123,123_インド,2018000000,2018年,2467783,千円
30000000,3_鉱物性燃料,320,10月_金額,50123,123_インド,2017000000,2017年,9229301,千円
30000000,3_鉱物性燃料,320,10月_金額,50123,123_インド,2016000000,2016年,5332083,千円
30000000,3_鉱物性燃料,320,10月_金額,50124,124_パキスタン,2020000000,2020年,0,千円
30000000,3_鉱物性燃料,320,10月_金額,50124,124_パキスタン,2019000000,2019年,0,千円
30000000,3_鉱物性燃料,320,10月_金額,50124,124_パキスタン,2018000000,2018年,0,千円
30000000,3_鉱物性燃料,320,10月_金額,50124,124_パキスタン,2017000000,2017年,0,千円
30000000,3_鉱物性燃料,320,10月_金額,50124,124_パキスタン,2016000000,2016年,0,千円
30000000,3_鉱物性燃料,320,10月_金額,50125,125_スリランカ,2020000000,2020年,0,千円
30000000,3_鉱物性燃料,320,10月_金額,50125,125_スリランカ,2018000000,2018年,2269,千円
30000000,3_鉱物性燃料,320,10月_金額,50125,125_スリランカ,2017000000,2017年,1075,千円
30000000,3_鉱物性燃料,320,10月_金額,50125,125_スリランカ,2016000000,2016年,0,千円
30000000,3_鉱物性燃料,320,10月_金額,50127,127_バングラデシュ,2019000000,2019年,0,千円
30000000,3_鉱物性燃料,320,10月_金額,50128,128_東ティモール,2020000000,2020年,0,千円
30000000,3_鉱物性燃料,320,10月_金額,50128,128_東ティモール,2019000000,2019年,0,千円
30000000,3_鉱物性燃料,320,10月_金額,50129,129_マカオ,2018000000,2018年,401,千円
30000000,3_鉱物性燃料,320,10月_金額,50133,133_イラン,2019000000,2019年,0,千円
30000000,3_鉱物性燃料,320,10月_金額,50133,133_イラン,2018000000,2018年,30035955,千円
30000000,3_鉱物性燃料,320,10月_金額,50133,133_イラン,2017000000,2017年,26789042,千円
30000000,3_鉱物性燃料,320,10月_金額,50133,133_イラン,2016000000,2016年,23743591,千円
30000000,3_鉱物性燃料,320,10月_金額,50134,134_イラク,2020000000,2020年,0,千円
30000000,3_鉱物性燃料,320,10月_金額,50134,134_イラク,2019000000,2019年,12841661,千円
30000000,3_鉱物性燃料,320,10月_金額,50134,134_イラク,2018000000,2018年,0,千円
30000000,3_鉱物性燃料,320,10月_金額,50134,134_イラク,2017000000,2017年,0,千円
30000000,3_鉱物性燃料,320,10月_金額,50134,134_イラク,2016000000,2016年,0,千円
30000000,3_鉱物性燃料,320,10月_金額,50135,135_バーレーン,2020000000,2020年,5705022,千円
30000000,3_鉱物性燃料,320,10月_金額,50135,135_バーレーン,2019000000,2019年,11082335,千円
30000000,3_鉱物性燃料,320,10月_金額,50135,135_バーレーン,2018000000,2018年,17252540,千円
30000000,3_鉱物性燃料,320,10月_金額,50135,135_バーレーン,2017000000,2017年,4520973,千円
30000000,3_鉱物性燃料,320,10月_金額,50135,135_バーレーン,2016000000,2016年,1904966,千円
30000000,3_鉱物性燃料,320,10月_金額,50137,137_サウジアラビア,2020000000,2020年,149848224,千円
30000000,3_鉱物性燃料,320,10月_金額,50137,137_サウジアラビア,2019000000,2019年,217985965,千円
30000000,3_鉱物性燃料,320,10月_金額,50137,137_サウジアラビア,2018000000,2018年,311654084,千円
30000000,3_鉱物性燃料,320,10月_金額,50137,137_サウジアラビア,2017000000,2017年,265166801,千円
30000000,3_鉱物性燃料,320,10月_金額,50137,137_サウジアラビア,2016000000,2016年,175798307,千円
30000000,3_鉱物性燃料,320,10月_金額,50138,138_クウェート,2020000000,2020年,36894716,千円
30000000,3_鉱物性燃料,320,10月_金額,50138,138_クウェート,2019000000,2019年,62328992,千円
30000000,3_鉱物性燃料,320,10月_金額,50138,138_クウェート,2018000000,2018年,65596382,千円
30000000,3_鉱物性燃料,320,10月_金額,50138,138_クウェート,2017000000,2017年,45620680,千円
30000000,3_鉱物性燃料,320,10月_金額,50138,138_クウェート,2016000000,2016年,36416917,千円
30000000,3_鉱物性燃料,320,10月_金額,50140,140_カタール,2020000000,2020年,61418358,千円
30000000,3_鉱物性燃料,320,10月_金額,50140,140_カタール,2019000000,2019年,96684839,千円
30000000,3_鉱物性燃料,320,10月_金額,50140,140_カタール,2018000000,2018年,160397035,千円
30000000,3_鉱物性燃料,320,10月_金額,50140,140_カタール,2017000000,2017年,106098391,千円
30000000,3_鉱物性燃料,320,10月_金額,50140,140_カタール,2016000000,2016年,94296052,千円
30000000,3_鉱物性燃料,320,10月_金額,50141,141_オマーン,2020000000,2020年,9862018,千円
30000000,3_鉱物性燃料,320,10月_金額,50141,141_オマーン,2019000000,2019年,25069511,千円
30000000,3_鉱物性燃料,320,10月_金額,50141,141_オマーン,2018000000,2018年,38437969,千円
30000000,3_鉱物性燃料,320,10月_金額,50141,141_オマーン,2017000000,2017年,18960924,千円
30000000,3_鉱物性燃料,320,10月_金額,50141,141_オマーン,2016000000,2016年,16310465,千円
30000000,3_鉱物性燃料,320,10月_金額,50143,143_イスラエル,2020000000,2020年,285,千円
30000000,3_鉱物性燃料,320,10月_金額,50143,143_イスラエル,2019000000,2019年,0,千円
30000000,3_鉱物性燃料,320,10月_金額,50143,143_イスラエル,2018000000,2018年,3032,千円
30000000,3_鉱物性燃料,320,10月_金額,50143,143_イスラエル,2017000000,2017年,0,千円
30000000,3_鉱物性燃料,320,10月_金額,50143,143_イスラエル,2016000000,2016年,1792,千円
30000000,3_鉱物性燃料,320,10月_金額,50147,147_アラブ首長国連邦,2020000000,2020年,126633253,千円
30000000,3_鉱物性燃料,320,10月_金額,50147,147_アラブ首長国連邦,2019000000,2019年,206799793,千円
30000000,3_鉱物性燃料,320,10月_金額,50147,147_アラブ首長国連邦,2018000000,2018年,250282726,千円
30000000,3_鉱物性燃料,320,10月_金額,50147,147_アラブ首長国連邦,2017000000,2017年,189076415,千円
30000000,3_鉱物性燃料,320,10月_金額,50147,147_アラブ首長国連邦,2016000000,2016年,110422765,千円
30000000,3_鉱物性燃料,320,10月_金額,50149,149_イエメン,2018000000,2018年,0,千円
30000000,3_鉱物性燃料,320,10月_金額,50150,150_アゼルバイジャン,2020000000,2020年,0,千円
30000000,3_鉱物性燃料,320,10月_金額,50153,153_カザフスタン,2020000000,2020年,0,千円
30000000,3_鉱物性燃料,320,10月_金額,50153,153_カザフスタン,2019000000,2019年,3491028,千円
30000000,3_鉱物性燃料,320,10月_金額,50153,153_カザフスタン,2018000000,2018年,5004608,千円
30000000,3_鉱物性燃料,320,10月_金額,50153,153_カザフスタン,2017000000,2017年,10659953,千円
30000000,3_鉱物性燃料,320,10月_金額,50153,153_カザフスタン,2016000000,2016年,0,千円
30000000,3_鉱物性燃料,320,10月_金額,50202,202_ノルウェー,2020000000,2020年,3574253,千円
30000000,3_鉱物性燃料,320,10月_金額,50202,202_ノルウェー,2019000000,2019年,596,千円
30000000,3_鉱物性燃料,320,10月_金額,50202,202_ノルウェー,2018000000,2018年,2213937,千円
30000000,3_鉱物性燃料,320,10月_金額,50202,202_ノルウェー,2017000000,2017年,3395684,千円
30000000,3_鉱物性燃料,320,10月_金額,50202,202_ノルウェー,2016000000,2016年,10113,千円
30000000,3_鉱物性燃料,320,10月_金額,50203,203_スウェーデン,2020000000,2020年,16321,千円
30000000,3_鉱物性燃料,320,10月_金額,50203,203_スウェーデン,2019000000,2019年,9359,千円
30000000,3_鉱物性燃料,320,10月_金額,50203,203_スウェーデン,2018000000,2018年,43398,千円
30000000,3_鉱物性燃料,320,10月_金額,50203,203_スウェーデン,2017000000,2017年,41786,千円
30000000,3_鉱物性燃料,320,10月_金額,50203,203_スウェーデン,2016000000,2016年,17561,千円
30000000,3_鉱物性燃料,320,10月_金額,50204,204_デンマーク,2020000000,2020年,1047,千円
30000000,3_鉱物性燃料,320,10月_金額,50204,204_デンマーク,2019000000,2019年,1500,千円
30000000,3_鉱物性燃料,320,10月_金額,50204,204_デンマーク,2018000000,2018年,5089,千円
30000000,3_鉱物性燃料,320,10月_金額,50204,204_デンマーク,2017000000,2017年,849,千円
30000000,3_鉱物性燃料,320,10月_金額,50204,204_デンマーク,2016000000,2016年,0,千円
30000000,3_鉱物性燃料,320,10月_金額,50205,205_英国,2020000000,2020年,32609,千円
30000000,3_鉱物性燃料,320,10月_金額,50205,205_英国,2019000000,2019年,34913,千円
30000000,3_鉱物性燃料,320,10月_金額,50205,205_英国,2018000000,2018年,65390,千円
30000000,3_鉱物性燃料,320,10月_金額,50205,205_英国,2017000000,2017年,39575,千円
30000000,3_鉱物性燃料,320,10月_金額,50205,205_英国,2016000000,2016年,23738,千円
30000000,3_鉱物性燃料,320,10月_金額,50206,206_アイルランド,2020000000,2020年,1553,千円
30000000,3_鉱物性燃料,320,10月_金額,50206,206_アイルランド,2019000000,2019年,3213,千円
30000000,3_鉱物性燃料,320,10月_金額,50206,206_アイルランド,2018000000,2018年,2804,千円
30000000,3_鉱物性燃料,320,10月_金額,50206,206_アイルランド,2017000000,2017年,2557,千円
30000000,3_鉱物性燃料,320,10月_金額,50206,206_アイルランド,2016000000,2016年,2047,千円
30000000,3_鉱物性燃料,320,10月_金額,50207,207_オランダ,2020000000,2020年,37988,千円
30000000,3_鉱物性燃料,320,10月_金額,50207,207_オランダ,2019000000,2019年,36292,千円
30000000,3_鉱物性燃料,320,10月_金額,50207,207_オランダ,2018000000,2018年,7305740,千円
30000000,3_鉱物性燃料,320,10月_金額,50207,207_オランダ,2017000000,2017年,817558,千円
30000000,3_鉱物性燃料,320,10月_金額,50207,207_オランダ,2016000000,2016年,40056,千円
30000000,3_鉱物性燃料,320,10月_金額,50208,208_ベルギー,2020000000,2020年,17648,千円
30000000,3_鉱物性燃料,320,10月_金額,50208,208_ベルギー,2019000000,2019年,35332,千円
30000000,3_鉱物性燃料,320,10月_金額,50208,208_ベルギー,2018000000,2018年,251903,千円
30000000,3_鉱物性燃料,320,10月_金額,50208,208_ベルギー,2017000000,2017年,79338,千円
30000000,3_鉱物性燃料,320,10月_金額,50208,208_ベルギー,2016000000,2016年,114291,千円
30000000,3_鉱物性燃料,320,10月_金額,50210,210_フランス,2020000000,2020年,223478,千円
30000000,3_鉱物性燃料,320,10月_金額,50210,210_フランス,2019000000,2019年,206282,千円
30000000,3_鉱物性燃料,320,10月_金額,50210,210_フランス,2018000000,2018年,4765818,千円
30000000,3_鉱物性燃料,320,10月_金額,50210,210_フランス,2017000000,2017年,318326,千円
30000000,3_鉱物性燃料,320,10月_金額,50210,210_フランス,2016000000,2016年,136158,千円
30000000,3_鉱物性燃料,320,10月_金額,50213,213_ドイツ,2020000000,2020年,179443,千円
30000000,3_鉱物性燃料,320,10月_金額,50213,213_ドイツ,2019000000,2019年,271003,千円
30000000,3_鉱物性燃料,320,10月_金額,50213,213_ドイツ,2018000000,2018年,243176,千円
30000000,3_鉱物性燃料,320,10月_金額,50213,213_ドイツ,2017000000,2017年,189563,千円
30000000,3_鉱物性燃料,320,10月_金額,50213,213_ドイツ,2016000000,2016年,139589,千円
30000000,3_鉱物性燃料,320,10月_金額,50215,215_スイス,2020000000,2020年,14629,千円
30000000,3_鉱物性燃料,320,10月_金額,50215,215_スイス,2019000000,2019年,16545,千円
30000000,3_鉱物性燃料,320,10月_金額,50215,215_スイス,2018000000,2018年,23619,千円
30000000,3_鉱物性燃料,320,10月_金額,50215,215_スイス,2017000000,2017年,25174,千円
30000000,3_鉱物性燃料,320,10月_金額,50215,215_スイス,2016000000,2016年,26812,千円
30000000,3_鉱物性燃料,320,10月_金額,50218,218_スペイン,2020000000,2020年,2463,千円
30000000,3_鉱物性燃料,320,10月_金額,50218,218_スペイン,2019000000,2019年,2469113,千円
30000000,3_鉱物性燃料,320,10月_金額,50218,218_スペイン,2018000000,2018年,11298,千円
30000000,3_鉱物性燃料,320,10月_金額,50218,218_スペイン,2017000000,2017年,13584,千円
30000000,3_鉱物性燃料,320,10月_金額,50218,218_スペイン,2016000000,2016年,10396,千円
30000000,3_鉱物性燃料,320,10月_金額,50220,220_イタリア,2020000000,2020年,28628,千円
30000000,3_鉱物性燃料,320,10月_金額,50220,220_イタリア,2019000000,2019年,5757,千円
30000000,3_鉱物性燃料,320,10月_金額,50220,220_イタリア,2018000000,2018年,22679,千円
30000000,3_鉱物性燃料,320,10月_金額,50220,220_イタリア,2017000000,2017年,36736,千円
30000000,3_鉱物性燃料,320,10月_金額,50220,220_イタリア,2016000000,2016年,11246,千円
30000000,3_鉱物性燃料,320,10月_金額,50221,221_マルタ,2020000000,2020年,0,千円
30000000,3_鉱物性燃料,320,10月_金額,50222,222_フィンランド,2020000000,2020年,6899,千円
30000000,3_鉱物性燃料,320,10月_金額,50222,222_フィンランド,2019000000,2019年,7498,千円
30000000,3_鉱物性燃料,320,10月_金額,50222,222_フィンランド,2018000000,2018年,10319,千円
30000000,3_鉱物性燃料,320,10月_金額,50222,222_フィンランド,2017000000,2017年,8790,千円
30000000,3_鉱物性燃料,320,10月_金額,50222,222_フィンランド,2016000000,2016年,2676,千円
30000000,3_鉱物性燃料,320,10月_金額,50223,223_ポーランド,2020000000,2020年,607,千円
30000000,3_鉱物性燃料,320,10月_金額,50223,223_ポーランド,2019000000,2019年,1075,千円
30000000,3_鉱物性燃料,320,10月_金額,50223,223_ポーランド,2018000000,2018年,401,千円
30000000,3_鉱物性燃料,320,10月_金額,50223,223_ポーランド,2017000000,2017年,0,千円
30000000,3_鉱物性燃料,320,10月_金額,50223,223_ポーランド,2016000000,2016年,0,千円
30000000,3_鉱物性燃料,320,10月_金額,50224,224_ロシア,2020000000,2020年,53768268,千円
30000000,3_鉱物性燃料,320,10月_金額,50224,224_ロシア,2019000000,2019年,97749419,千円
30000000,3_鉱物性燃料,320,10月_金額,50224,224_ロシア,2018000000,2018年,108268649,千円
30000000,3_鉱物性燃料,320,10月_金額,50224,224_ロシア,2017000000,2017年,82634498,千円
30000000,3_鉱物性燃料,320,10月_金額,50224,224_ロシア,2016000000,2016年,63848443,千円
30000000,3_鉱物性燃料,320,10月_金額,50225,225_オーストリア,2020000000,2020年,266,千円
30000000,3_鉱物性燃料,320,10月_金額,50225,225_オーストリア,2019000000,2019年,1398,千円
30000000,3_鉱物性燃料,320,10月_金額,50225,225_オーストリア,2018000000,2018年,1380,千円
30000000,3_鉱物性燃料,320,10月_金額,50225,225_オーストリア,2017000000,2017年,13695,千円
30000000,3_鉱物性燃料,320,10月_金額,50225,225_オーストリア,2016000000,2016年,781,千円
30000000,3_鉱物性燃料,320,10月_金額,50227,227_ハンガリー,2018000000,2018年,1335,千円
30000000,3_鉱物性燃料,320,10月_金額,50227,227_ハンガリー,2017000000,2017年,0,千円
30000000,3_鉱物性燃料,320,10月_金額,50227,227_ハンガリー,2016000000,2016年,0,千円
30000000,3_鉱物性燃料,320,10月_金額,50230,230_ギリシャ,2020000000,2020年,246,千円
30000000,3_鉱物性燃料,320,10月_金額,50230,230_ギリシャ,2019000000,2019年,1123354,千円
30000000,3_鉱物性燃料,320,10月_金額,50230,230_ギリシャ,2018000000,2018年,0,千円
30000000,3_鉱物性燃料,320,10月_金額,50230,230_ギリシャ,2017000000,2017年,0,千円
30000000,3_鉱物性燃料,320,10月_金額,50230,230_ギリシャ,2016000000,2016年,0,千円
30000000,3_鉱物性燃料,320,10月_金額,50232,232_ブルガリア,2020000000,2020年,0,千円
30000000,3_鉱物性燃料,320,10月_金額,50232,232_ブルガリア,2019000000,2019年,0,千円
30000000,3_鉱物性燃料,320,10月_金額,50234,234_トルコ,2020000000,2020年,5762,千円
30000000,3_鉱物性燃料,320,10月_金額,50234,234_トルコ,2019000000,2019年,2583,千円
30000000,3_鉱物性燃料,320,10月_金額,50234,234_トルコ,2018000000,2018年,0,千円
30000000,3_鉱物性燃料,320,10月_金額,50234,234_トルコ,2017000000,2017年,0,千円
30000000,3_鉱物性燃料,320,10月_金額,50234,234_トルコ,2016000000,2016年,211,千円
30000000,3_鉱物性燃料,320,10月_金額,50235,235_エストニア,2020000000,2020年,8465,千円
30000000,3_鉱物性燃料,320,10月_金額,50235,235_エストニア,2019000000,2019年,1559,千円
30000000,3_鉱物性燃料,320,10月_金額,50235,235_エストニア,2018000000,2018年,13435,千円
30000000,3_鉱物性燃料,320,10月_金額,50235,235_エストニア,2017000000,2017年,23948,千円
30000000,3_鉱物性燃料,320,10月_金額,50235,235_エストニア,2016000000,2016年,19007,千円
30000000,3_鉱物性燃料,320,10月_金額,50236,236_ラトビア,2020000000,2020年,65169,千円
30000000,3_鉱物性燃料,320,10月_金額,50236,236_ラトビア,2019000000,2019年,37826,千円
30000000,3_鉱物性燃料,320,10月_金額,50236,236_ラトビア,2018000000,2018年,100939,千円
30000000,3_鉱物性燃料,320,10月_金額,50236,236_ラトビア,2017000000,2017年,81704,千円
30000000,3_鉱物性燃料,320,10月_金額,50236,236_ラトビア,2016000000,2016年,44701,千円
30000000,3_鉱物性燃料,320,10月_金額,50237,237_リトアニア,2020000000,2020年,6121,千円
30000000,3_鉱物性燃料,320,10月_金額,50237,237_リトアニア,2019000000,2019年,8474,千円
30000000,3_鉱物性燃料,320,10月_金額,50237,237_リトアニア,2018000000,2018年,12009,千円
30000000,3_鉱物性燃料,320,10月_金額,50237,237_リトアニア,2017000000,2017年,15281,千円
30000000,3_鉱物性燃料,320,10月_金額,50237,237_リトアニア,2016000000,2016年,13029,千円
30000000,3_鉱物性燃料,320,10月_金額,50238,238_ウクライナ,2019000000,2019年,0,千円
30000000,3_鉱物性燃料,320,10月_金額,50238,238_ウクライナ,2018000000,2018年,2263,千円
30000000,3_鉱物性燃料,320,10月_金額,50245,245_チェコ,2020000000,2020年,0,千円
30000000,3_鉱物性燃料,320,10月_金額,50245,245_チェコ,2019000000,2019年,0,千円
30000000,3_鉱物性燃料,320,10月_金額,50245,245_チェコ,2018000000,2018年,0,千円
30000000,3_鉱物性燃料,320,10月_金額,50245,245_チェコ,2017000000,2017年,840,千円
30000000,3_鉱物性燃料,320,10月_金額,50245,245_チェコ,2016000000,2016年,0,千円
30000000,3_鉱物性燃料,320,10月_金額,50302,302_カナダ,2020000000,2020年,10178779,千円
30000000,3_鉱物性燃料,320,10月_金額,50302,302_カナダ,2019000000,2019年,20167951,千円
30000000,3_鉱物性燃料,320,10月_金額,50302,302_カナダ,2018000000,2018年,11487106,千円
30000000,3_鉱物性燃料,320,10月_金額,50302,302_カナダ,2017000000,2017年,13646970,千円
30000000,3_鉱物性燃料,320,10月_金額,50302,302_カナダ,2016000000,2016年,5812994,千円
30000000,3_鉱物性燃料,320,10月_金額,50304,304_アメリカ合衆国,2020000000,2020年,45152129,千円
30000000,3_鉱物性燃料,320,10月_金額,50304,304_アメリカ合衆国,2019000000,2019年,71365786,千円
30000000,3_鉱物性燃料,320,10月_金額,50304,304_アメリカ合衆国,2018000000,2018年,110882381,千円
30000000,3_鉱物性燃料,320,10月_金額,50304,304_アメリカ合衆国,2017000000,2017年,33776936,千円
30000000,3_鉱物性燃料,320,10月_金額,50304,304_アメリカ合衆国,2016000000,2016年,16614156,千円
30000000,3_鉱物性燃料,320,10月_金額,50305,305_メキシコ,2020000000,2020年,0,千円
30000000,3_鉱物性燃料,320,10月_金額,50305,305_メキシコ,2019000000,2019年,995,千円
30000000,3_鉱物性燃料,320,10月_金額,50305,305_メキシコ,2018000000,2018年,14263251,千円
30000000,3_鉱物性燃料,320,10月_金額,50305,305_メキシコ,2017000000,2017年,12008966,千円
30000000,3_鉱物性燃料,320,10月_金額,50305,305_メキシコ,2016000000,2016年,8586313,千円
30000000,3_鉱物性燃料,320,10月_金額,50312,312_パナマ,2020000000,2020年,0,千円
30000000,3_鉱物性燃料,320,10月_金額,50312,312_パナマ,2019000000,2019年,4386,千円
30000000,3_鉱物性燃料,320,10月_金額,50312,312_パナマ,2018000000,2018年,2340,千円
30000000,3_鉱物性燃料,320,10月_金額,50312,312_パナマ,2016000000,2016年,0,千円
30000000,3_鉱物性燃料,320,10月_金額,50315,315_バハマ,2016000000,2016年,0,千円
30000000,3_鉱物性燃料,320,10月_金額,50320,320_トリニダード・トバゴ,2018000000,2018年,0,千円
30000000,3_鉱物性燃料,320,10月_金額,50320,320_トリニダード・トバゴ,2017000000,2017年,0,千円
30000000,3_鉱物性燃料,320,10月_金額,50320,320_トリニダード・トバゴ,2016000000,2016年,0,千円
30000000,3_鉱物性燃料,320,10月_金額,50323,323_ドミニカ共和国,2019000000,2019年,0,千円
30000000,3_鉱物性燃料,320,10月_金額,50326,326_蘭領アンティール,2019000000,2019年,0,千円
30000000,3_鉱物性燃料,320,10月_金額,50326,326_蘭領アンティール,2018000000,2018年,5710,千円
30000000,3_鉱物性燃料,320,10月_金額,50326,326_蘭領アンティール,2017000000,2017年,0,千円
30000000,3_鉱物性燃料,320,10月_金額,50326,326_蘭領アンティール,2016000000,2016年,0,千円
30000000,3_鉱物性燃料,320,10月_金額,50327,327_仏領西インド諸島,2017000000,2017年,0,千円
30000000,3_鉱物性燃料,320,10月_金額,50401,401_コロンビア,2020000000,2020年,921898,千円
30000000,3_鉱物性燃料,320,10月_金額,50401,401_コロンビア,2019000000,2019年,407113,千円
30000000,3_鉱物性燃料,320,10月_金額,50401,401_コロンビア,2018000000,2018年,3586545,千円
30000000,3_鉱物性燃料,320,10月_金額,50401,401_コロンビア,2017000000,2017年,1961649,千円
30000000,3_鉱物性燃料,320,10月_金額,50401,401_コロンビア,2016000000,2016年,1494328,千円
30000000,3_鉱物性燃料,320,10月_金額,50402,402_ベネズエラ,2017000000,2017年,0,千円
30000000,3_鉱物性燃料,320,10月_金額,50402,402_ベネズエラ,2016000000,2016年,0,千円
30000000,3_鉱物性燃料,320,10月_金額,50404,404_スリナム,2016000000,2016年,0,千円
30000000,3_鉱物性燃料,320,10月_金額,50406,406_エクアドル,2020000000,2020年,4765315,千円
30000000,3_鉱物性燃料,320,10月_金額,50406,406_エクアドル,2019000000,2019年,8188201,千円
30000000,3_鉱物性燃料,320,10月_金額,50406,406_エクアドル,2018000000,2018年,11219149,千円
30000000,3_鉱物性燃料,320,10月_金額,50406,406_エクアドル,2017000000,2017年,2991415,千円
30000000,3_鉱物性燃料,320,10月_金額,50406,406_エクアドル,2016000000,2016年,2324031,千円
30000000,3_鉱物性燃料,320,10月_金額,50407,407_ペルー,2020000000,2020年,7168964,千円
30000000,3_鉱物性燃料,320,10月_金額,50407,407_ペルー,2019000000,2019年,4991020,千円
30000000,3_鉱物性燃料,320,10月_金額,50407,407_ペルー,2018000000,2018年,0,千円
30000000,3_鉱物性燃料,320,10月_金額,50407,407_ペルー,2017000000,2017年,3002351,千円
30000000,3_鉱物性燃料,320,10月_金額,50407,407_ペルー,2016000000,2016年,137737,千円
30000000,3_鉱物性燃料,320,10月_金額,50410,410_ブラジル,2020000000,2020年,0,千円
30000000,3_鉱物性燃料,320,10月_金額,50410,410_ブラジル,2019000000,2019年,0,千円
30000000,3_鉱物性燃料,320,10月_金額,50410,410_ブラジル,2018000000,2018年,0,千円
30000000,3_鉱物性燃料,320,10月_金額,50410,410_ブラジル,2017000000,2017年,848,千円
30000000,3_鉱物性燃料,320,10月_金額,50410,410_ブラジル,2016000000,2016年,3071,千円
30000000,3_鉱物性燃料,320,10月_金額,50503,503_アルジェリア,2020000000,2020年,540915,千円
30000000,3_鉱物性燃料,320,10月_金額,50503,503_アルジェリア,2019000000,2019年,5150263,千円
30000000,3_鉱物性燃料,320,10月_金額,50503,503_アルジェリア,2018000000,2018年,2631701,千円
30000000,3_鉱物性燃料,320,10月_金額,50503,503_アルジェリア,2017000000,2017年,2934278,千円
30000000,3_鉱物性燃料,320,10月_金額,50503,503_アルジェリア,2016000000,2016年,1770147,千円
30000000,3_鉱物性燃料,320,10月_金額,50505,505_リビア,2020000000,2020年,0,千円
30000000,3_鉱物性燃料,320,10月_金額,50506,506_エジプト,2020000000,2020年,1361115,千円
30000000,3_鉱物性燃料,320,10月_金額,50506,506_エジプト,2019000000,2019年,0,千円
30000000,3_鉱物性燃料,320,10月_金額,50506,506_エジプト,2018000000,2018年,3773263,千円
30000000,3_鉱物性燃料,320,10月_金額,50506,506_エジプト,2017000000,2017年,0,千円
30000000,3_鉱物性燃料,320,10月_金額,50506,506_エジプト,2016000000,2016年,0,千円
30000000,3_鉱物性燃料,320,10月_金額,50507,507_スーダン,2016000000,2016年,0,千円
30000000,3_鉱物性燃料,320,10月_金額,50510,510_セネガル,2017000000,2017年,0,千円
30000000,3_鉱物性燃料,320,10月_金額,50515,515_リベリア,2020000000,2020年,0,千円
30000000,3_鉱物性燃料,320,10月_金額,50515,515_リベリア,2017000000,2017年,0,千円
30000000,3_鉱物性燃料,320,10月_金額,50517,517_ガーナ,2017000000,2017年,0,千円
30000000,3_鉱物性燃料,320,10月_金額,50524,524_ナイジェリア,2020000000,2020年,7648746,千円
30000000,3_鉱物性燃料,320,10月_金額,50524,524_ナイジェリア,2019000000,2019年,3420211,千円
30000000,3_鉱物性燃料,320,10月_金額,50524,524_ナイジェリア,2018000000,2018年,4483335,千円
30000000,3_鉱物性燃料,320,10月_金額,50524,524_ナイジェリア,2017000000,2017年,2220341,千円
30000000,3_鉱物性燃料,320,10月_金額,50524,524_ナイジェリア,2016000000,2016年,4386519,千円
30000000,3_鉱物性燃料,320,10月_金額,50527,527_カメルーン,2019000000,2019年,0,千円
30000000,3_鉱物性燃料,320,10月_金額,50528,528_チャド,2016000000,2016年,0,千円
30000000,3_鉱物性燃料,320,10月_金額,50530,530_赤道ギニア,2019000000,2019年,3623685,千円
30000000,3_鉱物性燃料,320,10月_金額,50530,530_赤道ギニア,2018000000,2018年,0,千円
30000000,3_鉱物性燃料,320,10月_金額,50530,530_赤道ギニア,2017000000,2017年,0,千円
30000000,3_鉱物性燃料,320,10月_金額,50530,530_赤道ギニア,2016000000,2016年,0,千円
30000000,3_鉱物性燃料,320,10月_金額,50531,531_ガボン,2019000000,2019年,1949294,千円
30000000,3_鉱物性燃料,320,10月_金額,50531,531_ガボン,2018000000,2018年,0,千円
30000000,3_鉱物性燃料,320,10月_金額,50531,531_ガボン,2016000000,2016年,0,千円
30000000,3_鉱物性燃料,320,10月_金額,50532,532_コンゴ共和国,2016000000,2016年,2435570,千円
30000000,3_鉱物性燃料,320,10月_金額,50535,535_アンゴラ,2020000000,2020年,0,千円
30000000,3_鉱物性燃料,320,10月_金額,50535,535_アンゴラ,2019000000,2019年,0,千円
30000000,3_鉱物性燃料,320,10月_金額,50535,535_アンゴラ,2018000000,2018年,0,千円
30000000,3_鉱物性燃料,320,10月_金額,50535,535_アンゴラ,2017000000,2017年,0,千円
30000000,3_鉱物性燃料,320,10月_金額,50535,535_アンゴラ,2016000000,2016年,0,千円
30000000,3_鉱物性燃料,320,10月_金額,50543,543_タンザニア,2018000000,2018年,0,千円
30000000,3_鉱物性燃料,320,10月_金額,50545,545_モザンビーク,2020000000,2020年,0,千円
30000000,3_鉱物性燃料,320,10月_金額,50545,545_モザンビーク,2019000000,2019年,413858,千円
30000000,3_鉱物性燃料,320,10月_金額,50545,545_モザンビーク,2018000000,2018年,2506519,千円
30000000,3_鉱物性燃料,320,10月_金額,50545,545_モザンビーク,2017000000,2017年,1011701,千円
30000000,3_鉱物性燃料,320,10月_金額,50545,545_モザンビーク,2016000000,2016年,0,千円
30000000,3_鉱物性燃料,320,10月_金額,50547,547_モーリシャス,2018000000,2018年,0,千円
30000000,3_鉱物性燃料,320,10月_金額,50551,551_南アフリカ共和国,2020000000,2020年,677707,千円
30000000,3_鉱物性燃料,320,10月_金額,50551,551_南アフリカ共和国,2019000000,2019年,95168,千円
30000000,3_鉱物性燃料,320,10月_金額,50551,551_南アフリカ共和国,2018000000,2018年,90874,千円
30000000,3_鉱物性燃料,320,10月_金額,50551,551_南アフリカ共和国,2017000000,2017年,68084,千円
30000000,3_鉱物性燃料,320,10月_金額,50551,551_南アフリカ共和国,2016000000,2016年,97925,千円
30000000,3_鉱物性燃料,320,10月_金額,50556,556_エスワティニ,2018000000,2018年,0,千円
30000000,3_鉱物性燃料,320,10月_金額,50601,601_オーストラリア,2020000000,2020年,156690188,千円
30000000,3_鉱物性燃料,320,10月_金額,50601,601_オーストラリア,2019000000,2019年,241015066,千円
30000000,3_鉱物性燃料,320,10月_金額,50601,601_オーストラリア,2018000000,2018年,294688710,千円
30000000,3_鉱物性燃料,320,10月_金額,50601,601_オーストラリア,2017000000,2017年,212009552,千円
30000000,3_鉱物性燃料,320,10月_金額,50601,601_オーストラリア,2016000000,2016年,180725327,千円
30000000,3_鉱物性燃料,320,10月_金額,50602,602_パプアニューギニア,2020000000,2020年,11334204,千円
30000000,3_鉱物性燃料,320,10月_金額,50602,602_パプアニューギニア,2019000000,2019年,16989241,千円
30000000,3_鉱物性燃料,320,10月_金額,50602,602_パプアニューギニア,2018000000,2018年,15245790,千円
30000000,3_鉱物性燃料,320,10月_金額,50602,602_パプアニューギニア,2017000000,2017年,20203581,千円
30000000,3_鉱物性燃料,320,10月_金額,50602,602_パプアニューギニア,2016000000,2016年,9044109,千円
30000000,3_鉱物性燃料,320,10月_金額,50606,606_ニュージーランド,2020000000,2020年,300032,千円
30000000,3_鉱物性燃料,320,10月_金額,50606,606_ニュージーランド,2019000000,2019年,1519330,千円
30000000,3_鉱物性燃料,320,10月_金額,50606,606_ニュージーランド,2018000000,2018年,0,千円
30000000,3_鉱物性燃料,320,10月_金額,50606,606_ニュージーランド,2017000000,2017年,0,千円
30000000,3_鉱物性燃料,320,10月_金額,50606,606_ニュージーランド,2016000000,2016年,0,千円
30000000,3_鉱物性燃料,320,10月_金額,50620,620_グアム(米),2020000000,2020年,0,千円
30000000,3_鉱物性燃料,320,10月_金額,50625,625_マーシャル,2018000000,2018年,0,千円
30000000,3_鉱物性燃料,320,10月_金額,50626,626_ミクロネシア,2017000000,2017年,0,千円
30000000,3_鉱物性燃料,320,10月_金額,50626,626_ミクロネシア,2016000000,2016年,0,千円
30000000,3_鉱物性燃料,320,10月_金額,50702,702_不明,2020000000,2020年,0,千円
30000000,3_鉱物性燃料,320,10月_金額,50702,702_不明,2019000000,2019年,23321,千円
30000000,3_鉱物性燃料,320,10月_金額,50702,702_不明,2018000000,2018年,25537,千円
30000000,3_鉱物性燃料,320,10月_金額,50702,702_不明,2017000000,2017年,30296,千円
30000000,3_鉱物性燃料,320,10月_金額,50702,702_不明,2016000000,2016年,21289,千円
30000000,3_鉱物性燃料,340,11月_金額,50103,103_大韓民国,2020000000,2020年,22591739,千円
30000000,3_鉱物性燃料,340,11月_金額,50103,103_大韓民国,2019000000,2019年,37171417,千円
30000000,3_鉱物性燃料,340,11月_金額,50103,103_大韓民国,2018000000,2018年,59695159,千円
30000000,3_鉱物性燃料,340,11月_金額,50103,103_大韓民国,2017000000,2017年,29428358,千円
30000000,3_鉱物性燃料,340,11月_金額,50103,103_大韓民国,2016000000,2016年,16851956,千円
30000000,3_鉱物性燃料,340,11月_金額,50105,105_中華人民共和国,2020000000,2020年,2864825,千円
30000000,3_鉱物性燃料,340,11月_金額,50105,105_中華人民共和国,2019000000,2019年,8842058,千円
30000000,3_鉱物性燃料,340,11月_金額,50105,105_中華人民共和国,2018000000,2018年,13823150,千円
30000000,3_鉱物性燃料,340,11月_金額,50105,105_中華人民共和国,2017000000,2017年,15021186,千円
30000000,3_鉱物性燃料,340,11月_金額,50105,105_中華人民共和国,2016000000,2016年,10814807,千円
30000000,3_鉱物性燃料,340,11月_金額,50106,106_台湾,2020000000,2020年,208894,千円
30000000,3_鉱物性燃料,340,11月_金額,50106,106_台湾,2019000000,2019年,273922,千円
30000000,3_鉱物性燃料,340,11月_金額,50106,106_台湾,2018000000,2018年,281039,千円
30000000,3_鉱物性燃料,340,11月_金額,50106,106_台湾,2017000000,2017年,365539,千円
30000000,3_鉱物性燃料,340,11月_金額,50106,106_台湾,2016000000,2016年,161740,千円
30000000,3_鉱物性燃料,340,11月_金額,50107,107_モンゴル,2017000000,2017年,0,千円
30000000,3_鉱物性燃料,340,11月_金額,50107,107_モンゴル,2016000000,2016年,0,千円
30000000,3_鉱物性燃料,340,11月_金額,50108,108_香港,2020000000,2020年,1792,千円
30000000,3_鉱物性燃料,340,11月_金額,50108,108_香港,2019000000,2019年,31378,千円
30000000,3_鉱物性燃料,340,11月_金額,50108,108_香港,2018000000,2018年,31949,千円
30000000,3_鉱物性燃料,340,11月_金額,50108,108_香港,2017000000,2017年,12214,千円
30000000,3_鉱物性燃料,340,11月_金額,50108,108_香港,2016000000,2016年,15188,千円
30000000,3_鉱物性燃料,340,11月_金額,50110,110_ベトナム,2020000000,2020年,3575669,千円
30000000,3_鉱物性燃料,340,11月_金額,50110,110_ベトナム,2019000000,2019年,511294,千円
30000000,3_鉱物性燃料,340,11月_金額,50110,110_ベトナム,2018000000,2018年,765910,千円
30000000,3_鉱物性燃料,340,11月_金額,50110,110_ベトナム,2017000000,2017年,3547360,千円
30000000,3_鉱物性燃料,340,11月_金額,50110,110_ベトナム,2016000000,2016年,2680496,千円
30000000,3_鉱物性燃料,340,11月_金額,50111,111_タイ,2020000000,2020年,50995,千円
30000000,3_鉱物性燃料,340,11月_金額,50111,111_タイ,2019000000,2019年,156362,千円
30000000,3_鉱物性燃料,340,11月_金額,50111,111_タイ,2018000000,2018年,2345248,千円
30000000,3_鉱物性燃料,340,11月_金額,50111,111_タイ,2017000000,2017年,1913002,千円
30000000,3_鉱物性燃料,340,11月_金額,50111,111_タイ,2016000000,2016年,42032,千円
30000000,3_鉱物性燃料,340,11月_金額,50112,112_シンガポール,2020000000,2020年,753596,千円
30000000,3_鉱物性燃料,340,11月_金額,50112,112_シンガポール,2019000000,2019年,1753059,千円
30000000,3_鉱物性燃料,340,11月_金額,50112,112_シンガポール,2018000000,2018年,2795961,千円
30000000,3_鉱物性燃料,340,11月_金額,50112,112_シンガポール,2017000000,2017年,4509642,千円
30000000,3_鉱物性燃料,340,11月_金額,50112,112_シンガポール,2016000000,2016年,4048831,千円
30000000,3_鉱物性燃料,340,11月_金額,50113,113_マレーシア,2020000000,2020年,31213500,千円
30000000,3_鉱物性燃料,340,11月_金額,50113,113_マレーシア,2019000000,2019年,39198099,千円
30000000,3_鉱物性燃料,340,11月_金額,50113,113_マレーシア,2018000000,2018年,57541639,千円
30000000,3_鉱物性燃料,340,11月_金額,50113,113_マレーシア,2017000000,2017年,59402791,千円
30000000,3_鉱物性燃料,340,11月_金額,50113,113_マレーシア,2016000000,2016年,56036886,千円
30000000,3_鉱物性燃料,340,11月_金額,50116,116_ブルネイ,2020000000,2020年,9997512,千円
30000000,3_鉱物性燃料,340,11月_金額,50116,116_ブルネイ,2019000000,2019年,20459993,千円
30000000,3_鉱物性燃料,340,11月_金額,50116,116_ブルネイ,2018000000,2018年,27094781,千円
30000000,3_鉱物性燃料,340,11月_金額,50116,116_ブルネイ,2017000000,2017年,14573174,千円
30000000,3_鉱物性燃料,340,11月_金額,50116,116_ブルネイ,2016000000,2016年,12884432,千円
30000000,3_鉱物性燃料,340,11月_金額,50117,117_フィリピン,2020000000,2020年,0,千円
30000000,3_鉱物性燃料,340,11月_金額,50117,117_フィリピン,2019000000,2019年,3024,千円
30000000,3_鉱物性燃料,340,11月_金額,50117,117_フィリピン,2018000000,2018年,935,千円
30000000,3_鉱物性燃料,340,11月_金額,50117,117_フィリピン,2017000000,2017年,213934,千円
30000000,3_鉱物性燃料,340,11月_金額,50117,117_フィリピン,2016000000,2016年,0,千円
30000000,3_鉱物性燃料,340,11月_金額,50118,118_インドネシア,2020000000,2020年,16868800,千円
30000000,3_鉱物性燃料,340,11月_金額,50118,118_インドネシア,2019000000,2019年,33666681,千円
30000000,3_鉱物性燃料,340,11月_金額,50118,118_インドネシア,2018000000,2018年,58037036,千円
30000000,3_鉱物性燃料,340,11月_金額,50118,118_インドネシア,2017000000,2017年,59819627,千円
30000000,3_鉱物性燃料,340,11月_金額,50118,118_インドネシア,2016000000,2016年,51656276,千円
30000000,3_鉱物性燃料,340,11月_金額,50123,123_インド,2020000000,2020年,832807,千円
30000000,3_鉱物性燃料,340,11月_金額,50123,123_インド,2019000000,2019年,3110171,千円
30000000,3_鉱物性燃料,340,11月_金額,50123,123_インド,2018000000,2018年,5313112,千円
30000000,3_鉱物性燃料,340,11月_金額,50123,123_インド,2017000000,2017年,6181609,千円
30000000,3_鉱物性燃料,340,11月_金額,50123,123_インド,2016000000,2016年,9725095,千円
30000000,3_鉱物性燃料,340,11月_金額,50124,124_パキスタン,2020000000,2020年,1127885,千円
30000000,3_鉱物性燃料,340,11月_金額,50124,124_パキスタン,2019000000,2019年,0,千円
30000000,3_鉱物性燃料,340,11月_金額,50124,124_パキスタン,2018000000,2018年,0,千円
30000000,3_鉱物性燃料,340,11月_金額,50124,124_パキスタン,2017000000,2017年,0,千円
30000000,3_鉱物性燃料,340,11月_金額,50124,124_パキスタン,2016000000,2016年,407005,千円
30000000,3_鉱物性燃料,340,11月_金額,50125,125_スリランカ,2020000000,2020年,634600,千円
30000000,3_鉱物性燃料,340,11月_金額,50125,125_スリランカ,2018000000,2018年,0,千円
30000000,3_鉱物性燃料,340,11月_金額,50125,125_スリランカ,2017000000,2017年,3139,千円
30000000,3_鉱物性燃料,340,11月_金額,50125,125_スリランカ,2016000000,2016年,367,千円
30000000,3_鉱物性燃料,340,11月_金額,50127,127_バングラデシュ,2019000000,2019年,0,千円
30000000,3_鉱物性燃料,340,11月_金額,50128,128_東ティモール,2020000000,2020年,142022,千円
30000000,3_鉱物性燃料,340,11月_金額,50128,128_東ティモール,2019000000,2019年,0,千円
30000000,3_鉱物性燃料,340,11月_金額,50129,129_マカオ,2018000000,2018年,0,千円
30000000,3_鉱物性燃料,340,11月_金額,50133,133_イラン,2019000000,2019年,0,千円
30000000,3_鉱物性燃料,340,11月_金額,50133,133_イラン,2018000000,2018年,0,千円
30000000,3_鉱物性燃料,340,11月_金額,50133,133_イラン,2017000000,2017年,44888291,千円
30000000,3_鉱物性燃料,340,11月_金額,50133,133_イラン,2016000000,2016年,36462191,千円
30000000,3_鉱物性燃料,340,11月_金額,50134,134_イラク,2020000000,2020年,0,千円
30000000,3_鉱物性燃料,340,11月_金額,50134,134_イラク,2019000000,2019年,6183330,千円
30000000,3_鉱物性燃料,340,11月_金額,50134,134_イラク,2018000000,2018年,0,千円
30000000,3_鉱物性燃料,340,11月_金額,50134,134_イラク,2017000000,2017年,12204308,千円
30000000,3_鉱物性燃料,340,11月_金額,50134,134_イラク,2016000000,2016年,10471626,千円
30000000,3_鉱物性燃料,340,11月_金額,50135,135_バーレーン,2020000000,2020年,3365519,千円
30000000,3_鉱物性燃料,340,11月_金額,50135,135_バーレーン,2019000000,2019年,9962684,千円
30000000,3_鉱物性燃料,340,11月_金額,50135,135_バーレーン,2018000000,2018年,13822782,千円
30000000,3_鉱物性燃料,340,11月_金額,50135,135_バーレーン,2017000000,2017年,9060072,千円
30000000,3_鉱物性燃料,340,11月_金額,50135,135_バーレーン,2016000000,2016年,3570440,千円
30000000,3_鉱物性燃料,340,11月_金額,50137,137_サウジアラビア,2020000000,2020年,149833903,千円
30000000,3_鉱物性燃料,340,11月_金額,50137,137_サウジアラビア,2019000000,2019年,213239394,千円
30000000,3_鉱物性燃料,340,11月_金額,50137,137_サウジアラビア,2018000000,2018年,394814929,千円
30000000,3_鉱物性燃料,340,11月_金額,50137,137_サウジアラビア,2017000000,2017年,268301884,千円
30000000,3_鉱物性燃料,340,11月_金額,50137,137_サウジアラビア,2016000000,2016年,199054166,千円
30000000,3_鉱物性燃料,340,11月_金額,50138,138_クウェート,2020000000,2020年,38012097,千円
30000000,3_鉱物性燃料,340,11月_金額,50138,138_クウェート,2019000000,2019年,47487100,千円
30000000,3_鉱物性燃料,340,11月_金額,50138,138_クウェート,2018000000,2018年,83271458,千円
30000000,3_鉱物性燃料,340,11月_金額,50138,138_クウェート,2017000000,2017年,49237036,千円
30000000,3_鉱物性燃料,340,11月_金額,50138,138_クウェート,2016000000,2016年,43387268,千円
30000000,3_鉱物性燃料,340,11月_金額,50140,140_カタール,2020000000,2020年,60471269,千円
30000000,3_鉱物性燃料,340,11月_金額,50140,140_カタール,2019000000,2019年,110662324,千円
30000000,3_鉱物性燃料,340,11月_金額,50140,140_カタール,2018000000,2018年,151239464,千円
30000000,3_鉱物性燃料,340,11月_金額,50140,140_カタール,2017000000,2017年,105631943,千円
30000000,3_鉱物性燃料,340,11月_金額,50140,140_カタール,2016000000,2016年,87507572,千円
30000000,3_鉱物性燃料,340,11月_金額,50141,141_オマーン,2020000000,2020年,6372702,千円
30000000,3_鉱物性燃料,340,11月_金額,50141,141_オマーン,2019000000,2019年,22358162,千円
30000000,3_鉱物性燃料,340,11月_金額,50141,141_オマーン,2018000000,2018年,25181872,千円
30000000,3_鉱物性燃料,340,11月_金額,50141,141_オマーン,2017000000,2017年,14878728,千円
30000000,3_鉱物性燃料,340,11月_金額,50141,141_オマーン,2016000000,2016年,13814328,千円
30000000,3_鉱物性燃料,340,11月_金額,50143,143_イスラエル,2020000000,2020年,1590,千円
30000000,3_鉱物性燃料,340,11月_金額,50143,143_イスラエル,2019000000,2019年,4239,千円
30000000,3_鉱物性燃料,340,11月_金額,50143,143_イスラエル,2018000000,2018年,1320,千円
30000000,3_鉱物性燃料,340,11月_金額,50143,143_イスラエル,2017000000,2017年,3280,千円
30000000,3_鉱物性燃料,340,11月_金額,50143,143_イスラエル,2016000000,2016年,1427,千円
30000000,3_鉱物性燃料,340,11月_金額,50147,147_アラブ首長国連邦,2020000000,2020年,96476589,千円
30000000,3_鉱物性燃料,340,11月_金額,50147,147_アラブ首長国連邦,2019000000,2019年,265942656,千円
30000000,3_鉱物性燃料,340,11月_金額,50147,147_アラブ首長国連邦,2018000000,2018年,328768940,千円
30000000,3_鉱物性燃料,340,11月_金額,50147,147_アラブ首長国連邦,2017000000,2017年,193460586,千円
30000000,3_鉱物性燃料,340,11月_金額,50147,147_アラブ首長国連邦,2016000000,2016年,170746726,千円
30000000,3_鉱物性燃料,340,11月_金額,50149,149_イエメン,2018000000,2018年,0,千円
30000000,3_鉱物性燃料,340,11月_金額,50150,150_アゼルバイジャン,2020000000,2020年,0,千円
30000000,3_鉱物性燃料,340,11月_金額,50153,153_カザフスタン,2020000000,2020年,0,千円
30000000,3_鉱物性燃料,340,11月_金額,50153,153_カザフスタン,2019000000,2019年,3717369,千円
30000000,3_鉱物性燃料,340,11月_金額,50153,153_カザフスタン,2018000000,2018年,17236289,千円
30000000,3_鉱物性燃料,340,11月_金額,50153,153_カザフスタン,2017000000,2017年,3838044,千円
30000000,3_鉱物性燃料,340,11月_金額,50153,153_カザフスタン,2016000000,2016年,210269,千円
30000000,3_鉱物性燃料,340,11月_金額,50202,202_ノルウェー,2020000000,2020年,6924,千円
30000000,3_鉱物性燃料,340,11月_金額,50202,202_ノルウェー,2019000000,2019年,1668997,千円
30000000,3_鉱物性燃料,340,11月_金額,50202,202_ノルウェー,2018000000,2018年,9482,千円
30000000,3_鉱物性燃料,340,11月_金額,50202,202_ノルウェー,2017000000,2017年,431223,千円
30000000,3_鉱物性燃料,340,11月_金額,50202,202_ノルウェー,2016000000,2016年,315,千円
30000000,3_鉱物性燃料,340,11月_金額,50203,203_スウェーデン,2020000000,2020年,24189,千円
30000000,3_鉱物性燃料,340,11月_金額,50203,203_スウェーデン,2019000000,2019年,30848,千円
30000000,3_鉱物性燃料,340,11月_金額,50203,203_スウェーデン,2018000000,2018年,22764,千円
30000000,3_鉱物性燃料,340,11月_金額,50203,203_スウェーデン,2017000000,2017年,36530,千円
30000000,3_鉱物性燃料,340,11月_金額,50203,203_スウェーデン,2016000000,2016年,22335,千円
30000000,3_鉱物性燃料,340,11月_金額,50204,204_デンマーク,2020000000,2020年,851,千円
30000000,3_鉱物性燃料,340,11月_金額,50204,204_デンマーク,2019000000,2019年,1202,千円
30000000,3_鉱物性燃料,340,11月_金額,50204,204_デンマーク,2018000000,2018年,1381,千円
30000000,3_鉱物性燃料,340,11月_金額,50204,204_デンマーク,2017000000,2017年,226,千円
30000000,3_鉱物性燃料,340,11月_金額,50204,204_デンマーク,2016000000,2016年,2338,千円
30000000,3_鉱物性燃料,340,11月_金額,50205,205_英国,2020000000,2020年,20588,千円
30000000,3_鉱物性燃料,340,11月_金額,50205,205_英国,2019000000,2019年,69484,千円
30000000,3_鉱物性燃料,340,11月_金額,50205,205_英国,2018000000,2018年,349053,千円
30000000,3_鉱物性燃料,340,11月_金額,50205,205_英国,2017000000,2017年,4191322,千円
30000000,3_鉱物性燃料,340,11月_金額,50205,205_英国,2016000000,2016年,38606,千円
30000000,3_鉱物性燃料,340,11月_金額,50206,206_アイルランド,2020000000,2020年,4248,千円
30000000,3_鉱物性燃料,340,11月_金額,50206,206_アイルランド,2019000000,2019年,4155,千円
30000000,3_鉱物性燃料,340,11月_金額,50206,206_アイルランド,2018000000,2018年,3604,千円
30000000,3_鉱物性燃料,340,11月_金額,50206,206_アイルランド,2017000000,2017年,463,千円
30000000,3_鉱物性燃料,340,11月_金額,50206,206_アイルランド,2016000000,2016年,2045,千円
30000000,3_鉱物性燃料,340,11月_金額,50207,207_オランダ,2020000000,2020年,25950,千円
30000000,3_鉱物性燃料,340,11月_金額,50207,207_オランダ,2019000000,2019年,25456,千円
30000000,3_鉱物性燃料,340,11月_金額,50207,207_オランダ,2018000000,2018年,28582,千円
30000000,3_鉱物性燃料,340,11月_金額,50207,207_オランダ,2017000000,2017年,2478624,千円
30000000,3_鉱物性燃料,340,11月_金額,50207,207_オランダ,2016000000,2016年,30986,千円
30000000,3_鉱物性燃料,340,11月_金額,50208,208_ベルギー,2020000000,2020年,26781,千円
30000000,3_鉱物性燃料,340,11月_金額,50208,208_ベルギー,2019000000,2019年,71921,千円
30000000,3_鉱物性燃料,340,11月_金額,50208,208_ベルギー,2018000000,2018年,58078,千円
30000000,3_鉱物性燃料,340,11月_金額,50208,208_ベルギー,2017000000,2017年,222730,千円
30000000,3_鉱物性燃料,340,11月_金額,50208,208_ベルギー,2016000000,2016年,149557,千円
30000000,3_鉱物性燃料,340,11月_金額,50210,210_フランス,2020000000,2020年,176035,千円
30000000,3_鉱物性燃料,340,11月_金額,50210,210_フランス,2019000000,2019年,399468,千円
30000000,3_鉱物性燃料,340,11月_金額,50210,210_フランス,2018000000,2018年,259180,千円
30000000,3_鉱物性燃料,340,11月_金額,50210,210_フランス,2017000000,2017年,317172,千円
30000000,3_鉱物性燃料,340,11月_金額,50210,210_フランス,2016000000,2016年,280964,千円
30000000,3_鉱物性燃料,340,11月_金額,50213,213_ドイツ,2020000000,2020年,149747,千円
30000000,3_鉱物性燃料,340,11月_金額,50213,213_ドイツ,2019000000,2019年,182986,千円
30000000,3_鉱物性燃料,340,11月_金額,50213,213_ドイツ,2018000000,2018年,234009,千円
30000000,3_鉱物性燃料,340,11月_金額,50213,213_ドイツ,2017000000,2017年,228971,千円
30000000,3_鉱物性燃料,340,11月_金額,50213,213_ドイツ,2016000000,2016年,206050,千円
30000000,3_鉱物性燃料,340,11月_金額,50215,215_スイス,2020000000,2020年,12445,千円
30000000,3_鉱物性燃料,340,11月_金額,50215,215_スイス,2019000000,2019年,29814,千円
30000000,3_鉱物性燃料,340,11月_金額,50215,215_スイス,2018000000,2018年,39705,千円
30000000,3_鉱物性燃料,340,11月_金額,50215,215_スイス,2017000000,2017年,41717,千円
30000000,3_鉱物性燃料,340,11月_金額,50215,215_スイス,2016000000,2016年,36024,千円
30000000,3_鉱物性燃料,340,11月_金額,50218,218_スペイン,2020000000,2020年,11227,千円
30000000,3_鉱物性燃料,340,11月_金額,50218,218_スペイン,2019000000,2019年,5605780,千円
30000000,3_鉱物性燃料,340,11月_金額,50218,218_スペイン,2018000000,2018年,27949,千円
30000000,3_鉱物性燃料,340,11月_金額,50218,218_スペイン,2017000000,2017年,19143,千円
30000000,3_鉱物性燃料,340,11月_金額,50218,218_スペイン,2016000000,2016年,12589,千円
30000000,3_鉱物性燃料,340,11月_金額,50220,220_イタリア,2020000000,2020年,3147,千円
30000000,3_鉱物性燃料,340,11月_金額,50220,220_イタリア,2019000000,2019年,1003,千円
30000000,3_鉱物性燃料,340,11月_金額,50220,220_イタリア,2018000000,2018年,7793,千円
30000000,3_鉱物性燃料,340,11月_金額,50220,220_イタリア,2017000000,2017年,75875,千円
30000000,3_鉱物性燃料,340,11月_金額,50220,220_イタリア,2016000000,2016年,1746,千円
30000000,3_鉱物性燃料,340,11月_金額,50221,221_マルタ,2020000000,2020年,0,千円
30000000,3_鉱物性燃料,340,11月_金額,50222,222_フィンランド,2020000000,2020年,2490,千円
30000000,3_鉱物性燃料,340,11月_金額,50222,222_フィンランド,2019000000,2019年,2618,千円
30000000,3_鉱物性燃料,340,11月_金額,50222,222_フィンランド,2018000000,2018年,6233,千円
30000000,3_鉱物性燃料,340,11月_金額,50222,222_フィンランド,2017000000,2017年,2454,千円
30000000,3_鉱物性燃料,340,11月_金額,50222,222_フィンランド,2016000000,2016年,6719,千円
30000000,3_鉱物性燃料,340,11月_金額,50223,223_ポーランド,2020000000,2020年,34466,千円
30000000,3_鉱物性燃料,340,11月_金額,50223,223_ポーランド,2019000000,2019年,6140,千円
30000000,3_鉱物性燃料,340,11月_金額,50223,223_ポーランド,2018000000,2018年,0,千円
30000000,3_鉱物性燃料,340,11月_金額,50223,223_ポーランド,2017000000,2017年,1898,千円
30000000,3_鉱物性燃料,340,11月_金額,50223,223_ポーランド,2016000000,2016年,0,千円
30000000,3_鉱物性燃料,340,11月_金額,50224,224_ロシア,2020000000,2020年,53950713,千円
30000000,3_鉱物性燃料,340,11月_金額,50224,224_ロシア,2019000000,2019年,95158939,千円
30000000,3_鉱物性燃料,340,11月_金額,50224,224_ロシア,2018000000,2018年,124171698,千円
30000000,3_鉱物性燃料,340,11月_金額,50224,224_ロシア,2017000000,2017年,66720079,千円
30000000,3_鉱物性燃料,340,11月_金額,50224,224_ロシア,2016000000,2016年,73278302,千円
30000000,3_鉱物性燃料,340,11月_金額,50225,225_オーストリア,2020000000,2020年,896,千円
30000000,3_鉱物性燃料,340,11月_金額,50225,225_オーストリア,2019000000,2019年,872,千円
30000000,3_鉱物性燃料,340,11月_金額,50225,225_オーストリア,2018000000,2018年,406,千円
30000000,3_鉱物性燃料,340,11月_金額,50225,225_オーストリア,2017000000,2017年,1697,千円
30000000,3_鉱物性燃料,340,11月_金額,50225,225_オーストリア,2016000000,2016年,0,千円
30000000,3_鉱物性燃料,340,11月_金額,50227,227_ハンガリー,2018000000,2018年,0,千円
30000000,3_鉱物性燃料,340,11月_金額,50227,227_ハンガリー,2017000000,2017年,0,千円
30000000,3_鉱物性燃料,340,11月_金額,50227,227_ハンガリー,2016000000,2016年,207,千円
30000000,3_鉱物性燃料,340,11月_金額,50230,230_ギリシャ,2020000000,2020年,0,千円
30000000,3_鉱物性燃料,340,11月_金額,50230,230_ギリシャ,2019000000,2019年,2098317,千円
30000000,3_鉱物性燃料,340,11月_金額,50230,230_ギリシャ,2018000000,2018年,0,千円
30000000,3_鉱物性燃料,340,11月_金額,50230,230_ギリシャ,2017000000,2017年,0,千円
30000000,3_鉱物性燃料,340,11月_金額,50230,230_ギリシャ,2016000000,2016年,0,千円
30000000,3_鉱物性燃料,340,11月_金額,50232,232_ブルガリア,2020000000,2020年,0,千円
30000000,3_鉱物性燃料,340,11月_金額,50232,232_ブルガリア,2019000000,2019年,2393,千円
30000000,3_鉱物性燃料,340,11月_金額,50234,234_トルコ,2020000000,2020年,0,千円
30000000,3_鉱物性燃料,340,11月_金額,50234,234_トルコ,2019000000,2019年,2848,千円
30000000,3_鉱物性燃料,340,11月_金額,50234,234_トルコ,2018000000,2018年,0,千円
30000000,3_鉱物性燃料,340,11月_金額,50234,234_トルコ,2017000000,2017年,3088,千円
30000000,3_鉱物性燃料,340,11月_金額,50234,234_トルコ,2016000000,2016年,0,千円
30000000,3_鉱物性燃料,340,11月_金額,50235,235_エストニア,2020000000,2020年,2048,千円
30000000,3_鉱物性燃料,340,11月_金額,50235,235_エストニア,2019000000,2019年,3921,千円
30000000,3_鉱物性燃料,340,11月_金額,50235,235_エストニア,2018000000,2018年,18194,千円
30000000,3_鉱物性燃料,340,11月_金額,50235,235_エストニア,2017000000,2017年,18064,千円
30000000,3_鉱物性燃料,340,11月_金額,50235,235_エストニア,2016000000,2016年,16043,千円
30000000,3_鉱物性燃料,340,11月_金額,50236,236_ラトビア,2020000000,2020年,57468,千円
30000000,3_鉱物性燃料,340,11月_金額,50236,236_ラトビア,2019000000,2019年,66041,千円
30000000,3_鉱物性燃料,340,11月_金額,50236,236_ラトビア,2018000000,2018年,96941,千円
30000000,3_鉱物性燃料,340,11月_金額,50236,236_ラトビア,2017000000,2017年,72797,千円
30000000,3_鉱物性燃料,340,11月_金額,50236,236_ラトビア,2016000000,2016年,63946,千円
30000000,3_鉱物性燃料,340,11月_金額,50237,237_リトアニア,2020000000,2020年,19737,千円
30000000,3_鉱物性燃料,340,11月_金額,50237,237_リトアニア,2019000000,2019年,18058,千円
30000000,3_鉱物性燃料,340,11月_金額,50237,237_リトアニア,2018000000,2018年,9654,千円
30000000,3_鉱物性燃料,340,11月_金額,50237,237_リトアニア,2017000000,2017年,22079,千円
30000000,3_鉱物性燃料,340,11月_金額,50237,237_リトアニア,2016000000,2016年,16365,千円
30000000,3_鉱物性燃料,340,11月_金額,50238,238_ウクライナ,2019000000,2019年,0,千円
30000000,3_鉱物性燃料,340,11月_金額,50238,238_ウクライナ,2018000000,2018年,0,千円
30000000,3_鉱物性燃料,340,11月_金額,50245,245_チェコ,2020000000,2020年,350,千円
30000000,3_鉱物性燃料,340,11月_金額,50245,245_チェコ,2019000000,2019年,0,千円
30000000,3_鉱物性燃料,340,11月_金額,50245,245_チェコ,2018000000,2018年,0,千円
30000000,3_鉱物性燃料,340,11月_金額,50245,245_チェコ,2017000000,2017年,0,千円
30000000,3_鉱物性燃料,340,11月_金額,50245,245_チェコ,2016000000,2016年,957,千円
30000000,3_鉱物性燃料,340,11月_金額,50302,302_カナダ,2020000000,2020年,13442557,千円
30000000,3_鉱物性燃料,340,11月_金額,50302,302_カナダ,2019000000,2019年,15813645,千円
30000000,3_鉱物性燃料,340,11月_金額,50302,302_カナダ,2018000000,2018年,22802518,千円
30000000,3_鉱物性燃料,340,11月_金額,50302,302_カナダ,2017000000,2017年,12367472,千円
30000000,3_鉱物性燃料,340,11月_金額,50302,302_カナダ,2016000000,2016年,9808591,千円
30000000,3_鉱物性燃料,340,11月_金額,50304,304_アメリカ合衆国,2020000000,2020年,72214952,千円
30000000,3_鉱物性燃料,340,11月_金額,50304,304_アメリカ合衆国,2019000000,2019年,97921248,千円
30000000,3_鉱物性燃料,340,11月_金額,50304,304_アメリカ合衆国,2018000000,2018年,88433847,千円
30000000,3_鉱物性燃料,340,11月_金額,50304,304_アメリカ合衆国,2017000000,2017年,80798421,千円
30000000,3_鉱物性燃料,340,11月_金額,50304,304_アメリカ合衆国,2016000000,2016年,21604850,千円
30000000,3_鉱物性燃料,340,11月_金額,50305,305_メキシコ,2020000000,2020年,0,千円
30000000,3_鉱物性燃料,340,11月_金額,50305,305_メキシコ,2019000000,2019年,1806857,千円
30000000,3_鉱物性燃料,340,11月_金額,50305,305_メキシコ,2018000000,2018年,4044007,千円
30000000,3_鉱物性燃料,340,11月_金額,50305,305_メキシコ,2017000000,2017年,13434427,千円
30000000,3_鉱物性燃料,340,11月_金額,50305,305_メキシコ,2016000000,2016年,22478199,千円
30000000,3_鉱物性燃料,340,11月_金額,50312,312_パナマ,2020000000,2020年,0,千円
30000000,3_鉱物性燃料,340,11月_金額,50312,312_パナマ,2019000000,2019年,0,千円
30000000,3_鉱物性燃料,340,11月_金額,50312,312_パナマ,2018000000,2018年,0,千円
30000000,3_鉱物性燃料,340,11月_金額,50312,312_パナマ,2016000000,2016年,5426,千円
30000000,3_鉱物性燃料,340,11月_金額,50315,315_バハマ,2016000000,2016年,0,千円
30000000,3_鉱物性燃料,340,11月_金額,50320,320_トリニダード・トバゴ,2018000000,2018年,0,千円
30000000,3_鉱物性燃料,340,11月_金額,50320,320_トリニダード・トバゴ,2017000000,2017年,0,千円
30000000,3_鉱物性燃料,340,11月_金額,50320,320_トリニダード・トバゴ,2016000000,2016年,0,千円
30000000,3_鉱物性燃料,340,11月_金額,50323,323_ドミニカ共和国,2019000000,2019年,0,千円
30000000,3_鉱物性燃料,340,11月_金額,50326,326_蘭領アンティール,2019000000,2019年,0,千円
30000000,3_鉱物性燃料,340,11月_金額,50326,326_蘭領アンティール,2018000000,2018年,0,千円
30000000,3_鉱物性燃料,340,11月_金額,50326,326_蘭領アンティール,2017000000,2017年,0,千円
30000000,3_鉱物性燃料,340,11月_金額,50326,326_蘭領アンティール,2016000000,2016年,0,千円
30000000,3_鉱物性燃料,340,11月_金額,50327,327_仏領西インド諸島,2017000000,2017年,0,千円
30000000,3_鉱物性燃料,340,11月_金額,50401,401_コロンビア,2020000000,2020年,590842,千円
30000000,3_鉱物性燃料,340,11月_金額,50401,401_コロンビア,2019000000,2019年,1484972,千円
30000000,3_鉱物性燃料,340,11月_金額,50401,401_コロンビア,2018000000,2018年,2423356,千円
30000000,3_鉱物性燃料,340,11月_金額,50401,401_コロンビア,2017000000,2017年,4305475,千円
30000000,3_鉱物性燃料,340,11月_金額,50401,401_コロンビア,2016000000,2016年,0,千円
30000000,3_鉱物性燃料,340,11月_金額,50402,402_ベネズエラ,2017000000,2017年,0,千円
30000000,3_鉱物性燃料,340,11月_金額,50402,402_ベネズエラ,2016000000,2016年,0,千円
30000000,3_鉱物性燃料,340,11月_金額,50404,404_スリナム,2016000000,2016年,0,千円
30000000,3_鉱物性燃料,340,11月_金額,50406,406_エクアドル,2020000000,2020年,7804364,千円
30000000,3_鉱物性燃料,340,11月_金額,50406,406_エクアドル,2019000000,2019年,0,千円
30000000,3_鉱物性燃料,340,11月_金額,50406,406_エクアドル,2018000000,2018年,13263211,千円
30000000,3_鉱物性燃料,340,11月_金額,50406,406_エクアドル,2017000000,2017年,5613471,千円
30000000,3_鉱物性燃料,340,11月_金額,50406,406_エクアドル,2016000000,2016年,0,千円
30000000,3_鉱物性燃料,340,11月_金額,50407,407_ペルー,2020000000,2020年,3145750,千円
30000000,3_鉱物性燃料,340,11月_金額,50407,407_ペルー,2019000000,2019年,2231009,千円
30000000,3_鉱物性燃料,340,11月_金額,50407,407_ペルー,2018000000,2018年,0,千円
30000000,3_鉱物性燃料,340,11月_金額,50407,407_ペルー,2017000000,2017年,0,千円
30000000,3_鉱物性燃料,340,11月_金額,50407,407_ペルー,2016000000,2016年,0,千円
30000000,3_鉱物性燃料,340,11月_金額,50410,410_ブラジル,2020000000,2020年,0,千円
30000000,3_鉱物性燃料,340,11月_金額,50410,410_ブラジル,2019000000,2019年,0,千円
30000000,3_鉱物性燃料,340,11月_金額,50410,410_ブラジル,2018000000,2018年,0,千円
30000000,3_鉱物性燃料,340,11月_金額,50410,410_ブラジル,2017000000,2017年,459,千円
30000000,3_鉱物性燃料,340,11月_金額,50410,410_ブラジル,2016000000,2016年,3166,千円
30000000,3_鉱物性燃料,340,11月_金額,50503,503_アルジェリア,2020000000,2020年,2276886,千円
30000000,3_鉱物性燃料,340,11月_金額,50503,503_アルジェリア,2019000000,2019年,4478987,千円
30000000,3_鉱物性燃料,340,11月_金額,50503,503_アルジェリア,2018000000,2018年,3022158,千円
30000000,3_鉱物性燃料,340,11月_金額,50503,503_アルジェリア,2017000000,2017年,6302810,千円
30000000,3_鉱物性燃料,340,11月_金額,50503,503_アルジェリア,2016000000,2016年,2734875,千円
30000000,3_鉱物性燃料,340,11月_金額,50505,505_リビア,2020000000,2020年,0,千円
30000000,3_鉱物性燃料,340,11月_金額,50506,506_エジプト,2020000000,2020年,1518915,千円
30000000,3_鉱物性燃料,340,11月_金額,50506,506_エジプト,2019000000,2019年,0,千円
30000000,3_鉱物性燃料,340,11月_金額,50506,506_エジプト,2018000000,2018年,5584300,千円
30000000,3_鉱物性燃料,340,11月_金額,50506,506_エジプト,2017000000,2017年,0,千円
30000000,3_鉱物性燃料,340,11月_金額,50506,506_エジプト,2016000000,2016年,65423,千円
30000000,3_鉱物性燃料,340,11月_金額,50507,507_スーダン,2016000000,2016年,0,千円
30000000,3_鉱物性燃料,340,11月_金額,50510,510_セネガル,2017000000,2017年,44242,千円
30000000,3_鉱物性燃料,340,11月_金額,50515,515_リベリア,2020000000,2020年,0,千円
30000000,3_鉱物性燃料,340,11月_金額,50515,515_リベリア,2017000000,2017年,0,千円
30000000,3_鉱物性燃料,340,11月_金額,50517,517_ガーナ,2017000000,2017年,0,千円
30000000,3_鉱物性燃料,340,11月_金額,50524,524_ナイジェリア,2020000000,2020年,2083315,千円
30000000,3_鉱物性燃料,340,11月_金額,50524,524_ナイジェリア,2019000000,2019年,10146111,千円
30000000,3_鉱物性燃料,340,11月_金額,50524,524_ナイジェリア,2018000000,2018年,10377564,千円
30000000,3_鉱物性燃料,340,11月_金額,50524,524_ナイジェリア,2017000000,2017年,5118718,千円
30000000,3_鉱物性燃料,340,11月_金額,50524,524_ナイジェリア,2016000000,2016年,9442009,千円
30000000,3_鉱物性燃料,340,11月_金額,50527,527_カメルーン,2019000000,2019年,0,千円
30000000,3_鉱物性燃料,340,11月_金額,50528,528_チャド,2016000000,2016年,0,千円
30000000,3_鉱物性燃料,340,11月_金額,50530,530_赤道ギニア,2019000000,2019年,0,千円
30000000,3_鉱物性燃料,340,11月_金額,50530,530_赤道ギニア,2018000000,2018年,0,千円
30000000,3_鉱物性燃料,340,11月_金額,50530,530_赤道ギニア,2017000000,2017年,0,千円
30000000,3_鉱物性燃料,340,11月_金額,50530,530_赤道ギニア,2016000000,2016年,0,千円
30000000,3_鉱物性燃料,340,11月_金額,50531,531_ガボン,2019000000,2019年,0,千円
30000000,3_鉱物性燃料,340,11月_金額,50531,531_ガボン,2018000000,2018年,0,千円
30000000,3_鉱物性燃料,340,11月_金額,50531,531_ガボン,2016000000,2016年,0,千円
30000000,3_鉱物性燃料,340,11月_金額,50532,532_コンゴ共和国,2016000000,2016年,0,千円
30000000,3_鉱物性燃料,340,11月_金額,50535,535_アンゴラ,2020000000,2020年,0,千円
30000000,3_鉱物性燃料,340,11月_金額,50535,535_アンゴラ,2019000000,2019年,0,千円
30000000,3_鉱物性燃料,340,11月_金額,50535,535_アンゴラ,2018000000,2018年,17157320,千円
30000000,3_鉱物性燃料,340,11月_金額,50535,535_アンゴラ,2017000000,2017年,3932680,千円
30000000,3_鉱物性燃料,340,11月_金額,50535,535_アンゴラ,2016000000,2016年,0,千円
30000000,3_鉱物性燃料,340,11月_金額,50543,543_タンザニア,2018000000,2018年,0,千円
30000000,3_鉱物性燃料,340,11月_金額,50545,545_モザンビーク,2020000000,2020年,437176,千円
30000000,3_鉱物性燃料,340,11月_金額,50545,545_モザンビーク,2019000000,2019年,0,千円
30000000,3_鉱物性燃料,340,11月_金額,50545,545_モザンビーク,2018000000,2018年,3723697,千円
30000000,3_鉱物性燃料,340,11月_金額,50545,545_モザンビーク,2017000000,2017年,2201740,千円
30000000,3_鉱物性燃料,340,11月_金額,50545,545_モザンビーク,2016000000,2016年,0,千円
30000000,3_鉱物性燃料,340,11月_金額,50547,547_モーリシャス,2018000000,2018年,0,千円
30000000,3_鉱物性燃料,340,11月_金額,50551,551_南アフリカ共和国,2020000000,2020年,61652,千円
30000000,3_鉱物性燃料,340,11月_金額,50551,551_南アフリカ共和国,2019000000,2019年,915895,千円
30000000,3_鉱物性燃料,340,11月_金額,50551,551_南アフリカ共和国,2018000000,2018年,1100705,千円
30000000,3_鉱物性燃料,340,11月_金額,50551,551_南アフリカ共和国,2017000000,2017年,809253,千円
30000000,3_鉱物性燃料,340,11月_金額,50551,551_南アフリカ共和国,2016000000,2016年,89587,千円
30000000,3_鉱物性燃料,340,11月_金額,50556,556_エスワティニ,2018000000,2018年,0,千円
30000000,3_鉱物性燃料,340,11月_金額,50601,601_オーストラリア,2020000000,2020年,176042273,千円
30000000,3_鉱物性燃料,340,11月_金額,50601,601_オーストラリア,2019000000,2019年,239447283,千円
30000000,3_鉱物性燃料,340,11月_金額,50601,601_オーストラリア,2018000000,2018年,321591450,千円
30000000,3_鉱物性燃料,340,11月_金額,50601,601_オーストラリア,2017000000,2017年,235345373,千円
30000000,3_鉱物性燃料,340,11月_金額,50601,601_オーストラリア,2016000000,2016年,220101198,千円
30000000,3_鉱物性燃料,340,11月_金額,50602,602_パプアニューギニア,2020000000,2020年,11336373,千円
30000000,3_鉱物性燃料,340,11月_金額,50602,602_パプアニューギニア,2019000000,2019年,12820721,千円
30000000,3_鉱物性燃料,340,11月_金額,50602,602_パプアニューギニア,2018000000,2018年,22639401,千円
30000000,3_鉱物性燃料,340,11月_金額,50602,602_パプアニューギニア,2017000000,2017年,14806586,千円
30000000,3_鉱物性燃料,340,11月_金額,50602,602_パプアニューギニア,2016000000,2016年,18790992,千円
30000000,3_鉱物性燃料,340,11月_金額,50606,606_ニュージーランド,2020000000,2020年,0,千円
30000000,3_鉱物性燃料,340,11月_金額,50606,606_ニュージーランド,2019000000,2019年,0,千円
30000000,3_鉱物性燃料,340,11月_金額,50606,606_ニュージーランド,2018000000,2018年,0,千円
30000000,3_鉱物性燃料,340,11月_金額,50606,606_ニュージーランド,2017000000,2017年,1061731,千円
30000000,3_鉱物性燃料,340,11月_金額,50606,606_ニュージーランド,2016000000,2016年,1269038,千円
30000000,3_鉱物性燃料,340,11月_金額,50620,620_グアム(米),2020000000,2020年,0,千円
30000000,3_鉱物性燃料,340,11月_金額,50625,625_マーシャル,2018000000,2018年,0,千円
30000000,3_鉱物性燃料,340,11月_金額,50626,626_ミクロネシア,2017000000,2017年,0,千円
30000000,3_鉱物性燃料,340,11月_金額,50626,626_ミクロネシア,2016000000,2016年,0,千円
30000000,3_鉱物性燃料,340,11月_金額,50702,702_不明,2020000000,2020年,1602,千円
30000000,3_鉱物性燃料,340,11月_金額,50702,702_不明,2019000000,2019年,21425,千円
30000000,3_鉱物性燃料,340,11月_金額,50702,702_不明,2018000000,2018年,31376,千円
30000000,3_鉱物性燃料,340,11月_金額,50702,702_不明,2017000000,2017年,31063,千円
30000000,3_鉱物性燃料,340,11月_金額,50702,702_不明,2016000000,2016年,20127,千円
30000000,3_鉱物性燃料,360,12月_金額,50103,103_大韓民国,2020000000,2020年,28379575,千円
30000000,3_鉱物性燃料,360,12月_金額,50103,103_大韓民国,2019000000,2019年,41425509,千円
30000000,3_鉱物性燃料,360,12月_金額,50103,103_大韓民国,2018000000,2018年,58993942,千円
30000000,3_鉱物性燃料,360,12月_金額,50103,103_大韓民国,2017000000,2017年,52699318,千円
30000000,3_鉱物性燃料,360,12月_金額,50103,103_大韓民国,2016000000,2016年,44477378,千円
30000000,3_鉱物性燃料,360,12月_金額,50105,105_中華人民共和国,2020000000,2020年,6021562,千円
30000000,3_鉱物性燃料,360,12月_金額,50105,105_中華人民共和国,2019000000,2019年,10345540,千円
30000000,3_鉱物性燃料,360,12月_金額,50105,105_中華人民共和国,2018000000,2018年,10291562,千円
30000000,3_鉱物性燃料,360,12月_金額,50105,105_中華人民共和国,2017000000,2017年,14783520,千円
30000000,3_鉱物性燃料,360,12月_金額,50105,105_中華人民共和国,2016000000,2016年,10578351,千円
30000000,3_鉱物性燃料,360,12月_金額,50106,106_台湾,2020000000,2020年,44739,千円
30000000,3_鉱物性燃料,360,12月_金額,50106,106_台湾,2019000000,2019年,69149,千円
30000000,3_鉱物性燃料,360,12月_金額,50106,106_台湾,2018000000,2018年,77638,千円
30000000,3_鉱物性燃料,360,12月_金額,50106,106_台湾,2017000000,2017年,276156,千円
30000000,3_鉱物性燃料,360,12月_金額,50106,106_台湾,2016000000,2016年,174028,千円
30000000,3_鉱物性燃料,360,12月_金額,50107,107_モンゴル,2017000000,2017年,0,千円
30000000,3_鉱物性燃料,360,12月_金額,50107,107_モンゴル,2016000000,2016年,0,千円
30000000,3_鉱物性燃料,360,12月_金額,50108,108_香港,2020000000,2020年,4645,千円
30000000,3_鉱物性燃料,360,12月_金額,50108,108_香港,2019000000,2019年,20611,千円
30000000,3_鉱物性燃料,360,12月_金額,50108,108_香港,2018000000,2018年,48038,千円
30000000,3_鉱物性燃料,360,12月_金額,50108,108_香港,2017000000,2017年,19717,千円
30000000,3_鉱物性燃料,360,12月_金額,50108,108_香港,2016000000,2016年,16016,千円
30000000,3_鉱物性燃料,360,12月_金額,50110,110_ベトナム,2020000000,2020年,372798,千円
30000000,3_鉱物性燃料,360,12月_金額,50110,110_ベトナム,2019000000,2019年,1254259,千円
30000000,3_鉱物性燃料,360,12月_金額,50110,110_ベトナム,2018000000,2018年,6049755,千円
30000000,3_鉱物性燃料,360,12月_金額,50110,110_ベトナム,2017000000,2017年,1268492,千円
30000000,3_鉱物性燃料,360,12月_金額,50110,110_ベトナム,2016000000,2016年,4323848,千円
30000000,3_鉱物性燃料,360,12月_金額,50111,111_タイ,2020000000,2020年,1066272,千円
30000000,3_鉱物性燃料,360,12月_金額,50111,111_タイ,2019000000,2019年,2430253,千円
30000000,3_鉱物性燃料,360,12月_金額,50111,111_タイ,2018000000,2018年,4394661,千円
30000000,3_鉱物性燃料,360,12月_金額,50111,111_タイ,2017000000,2017年,135350,千円
30000000,3_鉱物性燃料,360,12月_金額,50111,111_タイ,2016000000,2016年,37003,千円
30000000,3_鉱物性燃料,360,12月_金額,50112,112_シンガポール,2020000000,2020年,3669494,千円
30000000,3_鉱物性燃料,360,12月_金額,50112,112_シンガポール,2019000000,2019年,1454754,千円
30000000,3_鉱物性燃料,360,12月_金額,50112,112_シンガポール,2018000000,2018年,1394685,千円
30000000,3_鉱物性燃料,360,12月_金額,50112,112_シンガポール,2017000000,2017年,4691013,千円
30000000,3_鉱物性燃料,360,12月_金額,50112,112_シンガポール,2016000000,2016年,5677667,千円
30000000,3_鉱物性燃料,360,12月_金額,50113,113_マレーシア,2020000000,2020年,45610618,千円
30000000,3_鉱物性燃料,360,12月_金額,50113,113_マレーシア,2019000000,2019年,37923399,千円
30000000,3_鉱物性燃料,360,12月_金額,50113,113_マレーシア,2018000000,2018年,68735929,千円
30000000,3_鉱物性燃料,360,12月_金額,50113,113_マレーシア,2017000000,2017年,77239069,千円
30000000,3_鉱物性燃料,360,12月_金額,50113,113_マレーシア,2016000000,2016年,63179709,千円
30000000,3_鉱物性燃料,360,12月_金額,50116,116_ブルネイ,2020000000,2020年,12039825,千円
30000000,3_鉱物性燃料,360,12月_金額,50116,116_ブルネイ,2019000000,2019年,24591009,千円
30000000,3_鉱物性燃料,360,12月_金額,50116,116_ブルネイ,2018000000,2018年,20946657,千円
30000000,3_鉱物性燃料,360,12月_金額,50116,116_ブルネイ,2017000000,2017年,19158143,千円
30000000,3_鉱物性燃料,360,12月_金額,50116,116_ブルネイ,2016000000,2016年,15262744,千円
30000000,3_鉱物性燃料,360,12月_金額,50117,117_フィリピン,2020000000,2020年,0,千円
30000000,3_鉱物性燃料,360,12月_金額,50117,117_フィリピン,2019000000,2019年,1551,千円
30000000,3_鉱物性燃料,360,12月_金額,50117,117_フィリピン,2018000000,2018年,169571,千円
30000000,3_鉱物性燃料,360,12月_金額,50117,117_フィリピン,2017000000,2017年,2986,千円
30000000,3_鉱物性燃料,360,12月_金額,50117,117_フィリピン,2016000000,2016年,196348,千円
30000000,3_鉱物性燃料,360,12月_金額,50118,118_インドネシア,2020000000,2020年,32320575,千円
30000000,3_鉱物性燃料,360,12月_金額,50118,118_インドネシア,2019000000,2019年,50529649,千円
30000000,3_鉱物性燃料,360,12月_金額,50118,118_インドネシア,2018000000,2018年,76725151,千円
30000000,3_鉱物性燃料,360,12月_金額,50118,118_インドネシア,2017000000,2017年,82791745,千円
30000000,3_鉱物性燃料,360,12月_金額,50118,118_インドネシア,2016000000,2016年,55436141,千円
30000000,3_鉱物性燃料,360,12月_金額,50123,123_インド,2020000000,2020年,2019058,千円
30000000,3_鉱物性燃料,360,12月_金額,50123,123_インド,2019000000,2019年,14935748,千円
30000000,3_鉱物性燃料,360,12月_金額,50123,123_インド,2018000000,2018年,3471401,千円
30000000,3_鉱物性燃料,360,12月_金額,50123,123_インド,2017000000,2017年,18767168,千円
30000000,3_鉱物性燃料,360,12月_金額,50123,123_インド,2016000000,2016年,7849478,千円
30000000,3_鉱物性燃料,360,12月_金額,50124,124_パキスタン,2020000000,2020年,155836,千円
30000000,3_鉱物性燃料,360,12月_金額,50124,124_パキスタン,2019000000,2019年,885056,千円
30000000,3_鉱物性燃料,360,12月_金額,50124,124_パキスタン,2018000000,2018年,0,千円
30000000,3_鉱物性燃料,360,12月_金額,50124,124_パキスタン,2017000000,2017年,1959476,千円
30000000,3_鉱物性燃料,360,12月_金額,50124,124_パキスタン,2016000000,2016年,0,千円
30000000,3_鉱物性燃料,360,12月_金額,50125,125_スリランカ,2020000000,2020年,0,千円
30000000,3_鉱物性燃料,360,12月_金額,50125,125_スリランカ,2018000000,2018年,0,千円
30000000,3_鉱物性燃料,360,12月_金額,50125,125_スリランカ,2017000000,2017年,1080,千円
30000000,3_鉱物性燃料,360,12月_金額,50125,125_スリランカ,2016000000,2016年,0,千円
30000000,3_鉱物性燃料,360,12月_金額,50127,127_バングラデシュ,2019000000,2019年,0,千円
30000000,3_鉱物性燃料,360,12月_金額,50128,128_東ティモール,2020000000,2020年,0,千円
30000000,3_鉱物性燃料,360,12月_金額,50128,128_東ティモール,2019000000,2019年,0,千円
30000000,3_鉱物性燃料,360,12月_金額,50129,129_マカオ,2018000000,2018年,0,千円
30000000,3_鉱物性燃料,360,12月_金額,50133,133_イラン,2019000000,2019年,0,千円
30000000,3_鉱物性燃料,360,12月_金額,50133,133_イラン,2018000000,2018年,0,千円
30000000,3_鉱物性燃料,360,12月_金額,50133,133_イラン,2017000000,2017年,44911281,千円
30000000,3_鉱物性燃料,360,12月_金額,50133,133_イラン,2016000000,2016年,36284279,千円
30000000,3_鉱物性燃料,360,12月_金額,50134,134_イラク,2020000000,2020年,0,千円
30000000,3_鉱物性燃料,360,12月_金額,50134,134_イラク,2019000000,2019年,16387973,千円
30000000,3_鉱物性燃料,360,12月_金額,50134,134_イラク,2018000000,2018年,15386051,千円
30000000,3_鉱物性燃料,360,12月_金額,50134,134_イラク,2017000000,2017年,13818740,千円
30000000,3_鉱物性燃料,360,12月_金額,50134,134_イラク,2016000000,2016年,11733733,千円
30000000,3_鉱物性燃料,360,12月_金額,50135,135_バーレーン,2020000000,2020年,0,千円
30000000,3_鉱物性燃料,360,12月_金額,50135,135_バーレーン,2019000000,2019年,2091454,千円
30000000,3_鉱物性燃料,360,12月_金額,50135,135_バーレーン,2018000000,2018年,15759130,千円
30000000,3_鉱物性燃料,360,12月_金額,50135,135_バーレーン,2017000000,2017年,4486459,千円
30000000,3_鉱物性燃料,360,12月_金額,50135,135_バーレーン,2016000000,2016年,59920,千円
30000000,3_鉱物性燃料,360,12月_金額,50137,137_サウジアラビア,2020000000,2020年,191954004,千円
30000000,3_鉱物性燃料,360,12月_金額,50137,137_サウジアラビア,2019000000,2019年,302072637,千円
30000000,3_鉱物性燃料,360,12月_金額,50137,137_サウジアラビア,2018000000,2018年,345717992,千円
30000000,3_鉱物性燃料,360,12月_金額,50137,137_サウジアラビア,2017000000,2017年,316118692,千円
30000000,3_鉱物性燃料,360,12月_金額,50137,137_サウジアラビア,2016000000,2016年,234300444,千円
30000000,3_鉱物性燃料,360,12月_金額,50138,138_クウェート,2020000000,2020年,34384859,千円
30000000,3_鉱物性燃料,360,12月_金額,50138,138_クウェート,2019000000,2019年,70492999,千円
30000000,3_鉱物性燃料,360,12月_金額,50138,138_クウェート,2018000000,2018年,65296706,千円
30000000,3_鉱物性燃料,360,12月_金額,50138,138_クウェート,2017000000,2017年,71459843,千円
30000000,3_鉱物性燃料,360,12月_金額,50138,138_クウェート,2016000000,2016年,44610731,千円
30000000,3_鉱物性燃料,360,12月_金額,50140,140_カタール,2020000000,2020年,96280838,千円
30000000,3_鉱物性燃料,360,12月_金額,50140,140_カタール,2019000000,2019年,131574528,千円
30000000,3_鉱物性燃料,360,12月_金額,50140,140_カタール,2018000000,2018年,165127404,千円
30000000,3_鉱物性燃料,360,12月_金額,50140,140_カタール,2017000000,2017年,119496338,千円
30000000,3_鉱物性燃料,360,12月_金額,50140,140_カタール,2016000000,2016年,105890349,千円
30000000,3_鉱物性燃料,360,12月_金額,50141,141_オマーン,2020000000,2020年,10726098,千円
30000000,3_鉱物性燃料,360,12月_金額,50141,141_オマーン,2019000000,2019年,13629750,千円
30000000,3_鉱物性燃料,360,12月_金額,50141,141_オマーン,2018000000,2018年,13797090,千円
30000000,3_鉱物性燃料,360,12月_金額,50141,141_オマーン,2017000000,2017年,15300787,千円
30000000,3_鉱物性燃料,360,12月_金額,50141,141_オマーン,2016000000,2016年,17759515,千円
30000000,3_鉱物性燃料,360,12月_金額,50143,143_イスラエル,2020000000,2020年,1856,千円
30000000,3_鉱物性燃料,360,12月_金額,50143,143_イスラエル,2019000000,2019年,2871,千円
30000000,3_鉱物性燃料,360,12月_金額,50143,143_イスラエル,2018000000,2018年,13390,千円
30000000,3_鉱物性燃料,360,12月_金額,50143,143_イスラエル,2017000000,2017年,0,千円
30000000,3_鉱物性燃料,360,12月_金額,50143,143_イスラエル,2016000000,2016年,1353,千円
30000000,3_鉱物性燃料,360,12月_金額,50147,147_アラブ首長国連邦,2020000000,2020年,136052278,千円
30000000,3_鉱物性燃料,360,12月_金額,50147,147_アラブ首長国連邦,2019000000,2019年,253581664,千円
30000000,3_鉱物性燃料,360,12月_金額,50147,147_アラブ首長国連邦,2018000000,2018年,284246404,千円
30000000,3_鉱物性燃料,360,12月_金額,50147,147_アラブ首長国連邦,2017000000,2017年,249927688,千円
30000000,3_鉱物性燃料,360,12月_金額,50147,147_アラブ首長国連邦,2016000000,2016年,198511159,千円
30000000,3_鉱物性燃料,360,12月_金額,50149,149_イエメン,2018000000,2018年,0,千円
30000000,3_鉱物性燃料,360,12月_金額,50150,150_アゼルバイジャン,2020000000,2020年,0,千円
30000000,3_鉱物性燃料,360,12月_金額,50153,153_カザフスタン,2020000000,2020年,0,千円
30000000,3_鉱物性燃料,360,12月_金額,50153,153_カザフスタン,2019000000,2019年,8478777,千円
30000000,3_鉱物性燃料,360,12月_金額,50153,153_カザフスタン,2018000000,2018年,2838326,千円
30000000,3_鉱物性燃料,360,12月_金額,50153,153_カザフスタン,2017000000,2017年,5266738,千円
30000000,3_鉱物性燃料,360,12月_金額,50153,153_カザフスタン,2016000000,2016年,1497914,千円
30000000,3_鉱物性燃料,360,12月_金額,50202,202_ノルウェー,2020000000,2020年,3692,千円
30000000,3_鉱物性燃料,360,12月_金額,50202,202_ノルウェー,2019000000,2019年,2486749,千円
30000000,3_鉱物性燃料,360,12月_金額,50202,202_ノルウェー,2018000000,2018年,3926491,千円
30000000,3_鉱物性燃料,360,12月_金額,50202,202_ノルウェー,2017000000,2017年,1958927,千円
30000000,3_鉱物性燃料,360,12月_金額,50202,202_ノルウェー,2016000000,2016年,3341143,千円
30000000,3_鉱物性燃料,360,12月_金額,50203,203_スウェーデン,2020000000,2020年,24098,千円
30000000,3_鉱物性燃料,360,12月_金額,50203,203_スウェーデン,2019000000,2019年,16027,千円
30000000,3_鉱物性燃料,360,12月_金額,50203,203_スウェーデン,2018000000,2018年,23581,千円
30000000,3_鉱物性燃料,360,12月_金額,50203,203_スウェーデン,2017000000,2017年,27140,千円
30000000,3_鉱物性燃料,360,12月_金額,50203,203_スウェーデン,2016000000,2016年,18710,千円
30000000,3_鉱物性燃料,360,12月_金額,50204,204_デンマーク,2020000000,2020年,867,千円
30000000,3_鉱物性燃料,360,12月_金額,50204,204_デンマーク,2019000000,2019年,2190,千円
30000000,3_鉱物性燃料,360,12月_金額,50204,204_デンマーク,2018000000,2018年,0,千円
30000000,3_鉱物性燃料,360,12月_金額,50204,204_デンマーク,2017000000,2017年,6329,千円
30000000,3_鉱物性燃料,360,12月_金額,50204,204_デンマーク,2016000000,2016年,1377,千円
30000000,3_鉱物性燃料,360,12月_金額,50205,205_英国,2020000000,2020年,27069,千円
30000000,3_鉱物性燃料,360,12月_金額,50205,205_英国,2019000000,2019年,37960,千円
30000000,3_鉱物性燃料,360,12月_金額,50205,205_英国,2018000000,2018年,202118,千円
30000000,3_鉱物性燃料,360,12月_金額,50205,205_英国,2017000000,2017年,51208,千円
30000000,3_鉱物性燃料,360,12月_金額,50205,205_英国,2016000000,2016年,101422,千円
30000000,3_鉱物性燃料,360,12月_金額,50206,206_アイルランド,2020000000,2020年,3070,千円
30000000,3_鉱物性燃料,360,12月_金額,50206,206_アイルランド,2019000000,2019年,2310,千円
30000000,3_鉱物性燃料,360,12月_金額,50206,206_アイルランド,2018000000,2018年,3788,千円
30000000,3_鉱物性燃料,360,12月_金額,50206,206_アイルランド,2017000000,2017年,3888,千円
30000000,3_鉱物性燃料,360,12月_金額,50206,206_アイルランド,2016000000,2016年,2414,千円
30000000,3_鉱物性燃料,360,12月_金額,50207,207_オランダ,2020000000,2020年,24015,千円
30000000,3_鉱物性燃料,360,12月_金額,50207,207_オランダ,2019000000,2019年,23686,千円
30000000,3_鉱物性燃料,360,12月_金額,50207,207_オランダ,2018000000,2018年,26744,千円
30000000,3_鉱物性燃料,360,12月_金額,50207,207_オランダ,2017000000,2017年,1136932,千円
30000000,3_鉱物性燃料,360,12月_金額,50207,207_オランダ,2016000000,2016年,45358,千円
30000000,3_鉱物性燃料,360,12月_金額,50208,208_ベルギー,2020000000,2020年,49109,千円
30000000,3_鉱物性燃料,360,12月_金額,50208,208_ベルギー,2019000000,2019年,162626,千円
30000000,3_鉱物性燃料,360,12月_金額,50208,208_ベルギー,2018000000,2018年,394027,千円
30000000,3_鉱物性燃料,360,12月_金額,50208,208_ベルギー,2017000000,2017年,93582,千円
30000000,3_鉱物性燃料,360,12月_金額,50208,208_ベルギー,2016000000,2016年,122839,千円
30000000,3_鉱物性燃料,360,12月_金額,50210,210_フランス,2020000000,2020年,157797,千円
30000000,3_鉱物性燃料,360,12月_金額,50210,210_フランス,2019000000,2019年,159883,千円
30000000,3_鉱物性燃料,360,12月_金額,50210,210_フランス,2018000000,2018年,4332648,千円
30000000,3_鉱物性燃料,360,12月_金額,50210,210_フランス,2017000000,2017年,254044,千円
30000000,3_鉱物性燃料,360,12月_金額,50210,210_フランス,2016000000,2016年,3065635,千円
30000000,3_鉱物性燃料,360,12月_金額,50213,213_ドイツ,2020000000,2020年,153742,千円
30000000,3_鉱物性燃料,360,12月_金額,50213,213_ドイツ,2019000000,2019年,237399,千円
30000000,3_鉱物性燃料,360,12月_金額,50213,213_ドイツ,2018000000,2018年,192912,千円
30000000,3_鉱物性燃料,360,12月_金額,50213,213_ドイツ,2017000000,2017年,189831,千円
30000000,3_鉱物性燃料,360,12月_金額,50213,213_ドイツ,2016000000,2016年,134831,千円
30000000,3_鉱物性燃料,360,12月_金額,50215,215_スイス,2020000000,2020年,19716,千円
30000000,3_鉱物性燃料,360,12月_金額,50215,215_スイス,2019000000,2019年,22682,千円
30000000,3_鉱物性燃料,360,12月_金額,50215,215_スイス,2018000000,2018年,37010,千円
30000000,3_鉱物性燃料,360,12月_金額,50215,215_スイス,2017000000,2017年,28595,千円
30000000,3_鉱物性燃料,360,12月_金額,50215,215_スイス,2016000000,2016年,31334,千円
30000000,3_鉱物性燃料,360,12月_金額,50218,218_スペイン,2020000000,2020年,14507,千円
30000000,3_鉱物性燃料,360,12月_金額,50218,218_スペイン,2019000000,2019年,642891,千円
30000000,3_鉱物性燃料,360,12月_金額,50218,218_スペイン,2018000000,2018年,10337,千円
30000000,3_鉱物性燃料,360,12月_金額,50218,218_スペイン,2017000000,2017年,20785,千円
30000000,3_鉱物性燃料,360,12月_金額,50218,218_スペイン,2016000000,2016年,1709,千円
30000000,3_鉱物性燃料,360,12月_金額,50220,220_イタリア,2020000000,2020年,45927,千円
30000000,3_鉱物性燃料,360,12月_金額,50220,220_イタリア,2019000000,2019年,2330,千円
30000000,3_鉱物性燃料,360,12月_金額,50220,220_イタリア,2018000000,2018年,34364,千円
30000000,3_鉱物性燃料,360,12月_金額,50220,220_イタリア,2017000000,2017年,51281,千円
30000000,3_鉱物性燃料,360,12月_金額,50220,220_イタリア,2016000000,2016年,33792,千円
30000000,3_鉱物性燃料,360,12月_金額,50221,221_マルタ,2020000000,2020年,397,千円
30000000,3_鉱物性燃料,360,12月_金額,50222,222_フィンランド,2020000000,2020年,3337,千円
30000000,3_鉱物性燃料,360,12月_金額,50222,222_フィンランド,2019000000,2019年,3989,千円
30000000,3_鉱物性燃料,360,12月_金額,50222,222_フィンランド,2018000000,2018年,1574,千円
30000000,3_鉱物性燃料,360,12月_金額,50222,222_フィンランド,2017000000,2017年,0,千円
30000000,3_鉱物性燃料,360,12月_金額,50222,222_フィンランド,2016000000,2016年,2403,千円
30000000,3_鉱物性燃料,360,12月_金額,50223,223_ポーランド,2020000000,2020年,65207,千円
30000000,3_鉱物性燃料,360,12月_金額,50223,223_ポーランド,2019000000,2019年,0,千円
30000000,3_鉱物性燃料,360,12月_金額,50223,223_ポーランド,2018000000,2018年,555,千円
30000000,3_鉱物性燃料,360,12月_金額,50223,223_ポーランド,2017000000,2017年,0,千円
30000000,3_鉱物性燃料,360,12月_金額,50223,223_ポーランド,2016000000,2016年,0,千円
30000000,3_鉱物性燃料,360,12月_金額,50224,224_ロシア,2020000000,2020年,70406111,千円
30000000,3_鉱物性燃料,360,12月_金額,50224,224_ロシア,2019000000,2019年,111826756,千円
30000000,3_鉱物性燃料,360,12月_金額,50224,224_ロシア,2018000000,2018年,87110233,千円
30000000,3_鉱物性燃料,360,12月_金額,50224,224_ロシア,2017000000,2017年,96081250,千円
30000000,3_鉱物性燃料,360,12月_金額,50224,224_ロシア,2016000000,2016年,96713154,千円
30000000,3_鉱物性燃料,360,12月_金額,50225,225_オーストリア,2020000000,2020年,209,千円
30000000,3_鉱物性燃料,360,12月_金額,50225,225_オーストリア,2019000000,2019年,294,千円
30000000,3_鉱物性燃料,360,12月_金額,50225,225_オーストリア,2018000000,2018年,641,千円
30000000,3_鉱物性燃料,360,12月_金額,50225,225_オーストリア,2017000000,2017年,512,千円
30000000,3_鉱物性燃料,360,12月_金額,50225,225_オーストリア,2016000000,2016年,942,千円
30000000,3_鉱物性燃料,360,12月_金額,50227,227_ハンガリー,2018000000,2018年,0,千円
30000000,3_鉱物性燃料,360,12月_金額,50227,227_ハンガリー,2017000000,2017年,0,千円
30000000,3_鉱物性燃料,360,12月_金額,50227,227_ハンガリー,2016000000,2016年,0,千円
30000000,3_鉱物性燃料,360,12月_金額,50230,230_ギリシャ,2020000000,2020年,0,千円
30000000,3_鉱物性燃料,360,12月_金額,50230,230_ギリシャ,2019000000,2019年,0,千円
30000000,3_鉱物性燃料,360,12月_金額,50230,230_ギリシャ,2018000000,2018年,0,千円
30000000,3_鉱物性燃料,360,12月_金額,50230,230_ギリシャ,2017000000,2017年,605,千円
30000000,3_鉱物性燃料,360,12月_金額,50230,230_ギリシャ,2016000000,2016年,0,千円
30000000,3_鉱物性燃料,360,12月_金額,50232,232_ブルガリア,2020000000,2020年,0,千円
30000000,3_鉱物性燃料,360,12月_金額,50232,232_ブルガリア,2019000000,2019年,0,千円
30000000,3_鉱物性燃料,360,12月_金額,50234,234_トルコ,2020000000,2020年,5506,千円
30000000,3_鉱物性燃料,360,12月_金額,50234,234_トルコ,2019000000,2019年,2661,千円
30000000,3_鉱物性燃料,360,12月_金額,50234,234_トルコ,2018000000,2018年,0,千円
30000000,3_鉱物性燃料,360,12月_金額,50234,234_トルコ,2017000000,2017年,0,千円
30000000,3_鉱物性燃料,360,12月_金額,50234,234_トルコ,2016000000,2016年,0,千円
30000000,3_鉱物性燃料,360,12月_金額,50235,235_エストニア,2020000000,2020年,17227,千円
30000000,3_鉱物性燃料,360,12月_金額,50235,235_エストニア,2019000000,2019年,3181,千円
30000000,3_鉱物性燃料,360,12月_金額,50235,235_エストニア,2018000000,2018年,7181,千円
30000000,3_鉱物性燃料,360,12月_金額,50235,235_エストニア,2017000000,2017年,12250,千円
30000000,3_鉱物性燃料,360,12月_金額,50235,235_エストニア,2016000000,2016年,12475,千円
30000000,3_鉱物性燃料,360,12月_金額,50236,236_ラトビア,2020000000,2020年,64211,千円
30000000,3_鉱物性燃料,360,12月_金額,50236,236_ラトビア,2019000000,2019年,49854,千円
30000000,3_鉱物性燃料,360,12月_金額,50236,236_ラトビア,2018000000,2018年,43466,千円
30000000,3_鉱物性燃料,360,12月_金額,50236,236_ラトビア,2017000000,2017年,49507,千円
30000000,3_鉱物性燃料,360,12月_金額,50236,236_ラトビア,2016000000,2016年,42115,千円
30000000,3_鉱物性燃料,360,12月_金額,50237,237_リトアニア,2020000000,2020年,12262,千円
30000000,3_鉱物性燃料,360,12月_金額,50237,237_リトアニア,2019000000,2019年,16529,千円
30000000,3_鉱物性燃料,360,12月_金額,50237,237_リトアニア,2018000000,2018年,18902,千円
30000000,3_鉱物性燃料,360,12月_金額,50237,237_リトアニア,2017000000,2017年,25698,千円
30000000,3_鉱物性燃料,360,12月_金額,50237,237_リトアニア,2016000000,2016年,15569,千円
30000000,3_鉱物性燃料,360,12月_金額,50238,238_ウクライナ,2019000000,2019年,0,千円
30000000,3_鉱物性燃料,360,12月_金額,50238,238_ウクライナ,2018000000,2018年,0,千円
30000000,3_鉱物性燃料,360,12月_金額,50245,245_チェコ,2020000000,2020年,0,千円
30000000,3_鉱物性燃料,360,12月_金額,50245,245_チェコ,2019000000,2019年,0,千円
30000000,3_鉱物性燃料,360,12月_金額,50245,245_チェコ,2018000000,2018年,0,千円
30000000,3_鉱物性燃料,360,12月_金額,50245,245_チェコ,2017000000,2017年,0,千円
30000000,3_鉱物性燃料,360,12月_金額,50245,245_チェコ,2016000000,2016年,0,千円
30000000,3_鉱物性燃料,360,12月_金額,50302,302_カナダ,2020000000,2020年,9042289,千円
30000000,3_鉱物性燃料,360,12月_金額,50302,302_カナダ,2019000000,2019年,26835999,千円
30000000,3_鉱物性燃料,360,12月_金額,50302,302_カナダ,2018000000,2018年,13450086,千円
30000000,3_鉱物性燃料,360,12月_金額,50302,302_カナダ,2017000000,2017年,16278432,千円
30000000,3_鉱物性燃料,360,12月_金額,50302,302_カナダ,2016000000,2016年,20218911,千円
30000000,3_鉱物性燃料,360,12月_金額,50304,304_アメリカ合衆国,2020000000,2020年,77487562,千円
30000000,3_鉱物性燃料,360,12月_金額,50304,304_アメリカ合衆国,2019000000,2019年,107140136,千円
30000000,3_鉱物性燃料,360,12月_金額,50304,304_アメリカ合衆国,2018000000,2018年,165749136,千円
30000000,3_鉱物性燃料,360,12月_金額,50304,304_アメリカ合衆国,2017000000,2017年,82008578,千円
30000000,3_鉱物性燃料,360,12月_金額,50304,304_アメリカ合衆国,2016000000,2016年,33396791,千円
30000000,3_鉱物性燃料,360,12月_金額,50305,305_メキシコ,2020000000,2020年,0,千円
30000000,3_鉱物性燃料,360,12月_金額,50305,305_メキシコ,2019000000,2019年,5626474,千円
30000000,3_鉱物性燃料,360,12月_金額,50305,305_メキシコ,2018000000,2018年,4368597,千円
30000000,3_鉱物性燃料,360,12月_金額,50305,305_メキシコ,2017000000,2017年,15706890,千円
30000000,3_鉱物性燃料,360,12月_金額,50305,305_メキシコ,2016000000,2016年,22857739,千円
30000000,3_鉱物性燃料,360,12月_金額,50312,312_パナマ,2020000000,2020年,0,千円
30000000,3_鉱物性燃料,360,12月_金額,50312,312_パナマ,2019000000,2019年,0,千円
30000000,3_鉱物性燃料,360,12月_金額,50312,312_パナマ,2018000000,2018年,0,千円
30000000,3_鉱物性燃料,360,12月_金額,50312,312_パナマ,2016000000,2016年,0,千円
30000000,3_鉱物性燃料,360,12月_金額,50315,315_バハマ,2016000000,2016年,0,千円
30000000,3_鉱物性燃料,360,12月_金額,50320,320_トリニダード・トバゴ,2018000000,2018年,0,千円
30000000,3_鉱物性燃料,360,12月_金額,50320,320_トリニダード・トバゴ,2017000000,2017年,2738809,千円
30000000,3_鉱物性燃料,360,12月_金額,50320,320_トリニダード・トバゴ,2016000000,2016年,2467416,千円
30000000,3_鉱物性燃料,360,12月_金額,50323,323_ドミニカ共和国,2019000000,2019年,0,千円
30000000,3_鉱物性燃料,360,12月_金額,50326,326_蘭領アンティール,2019000000,2019年,0,千円
30000000,3_鉱物性燃料,360,12月_金額,50326,326_蘭領アンティール,2018000000,2018年,0,千円
30000000,3_鉱物性燃料,360,12月_金額,50326,326_蘭領アンティール,2017000000,2017年,0,千円
30000000,3_鉱物性燃料,360,12月_金額,50326,326_蘭領アンティール,2016000000,2016年,0,千円
30000000,3_鉱物性燃料,360,12月_金額,50327,327_仏領西インド諸島,2017000000,2017年,1559,千円
30000000,3_鉱物性燃料,360,12月_金額,50401,401_コロンビア,2020000000,2020年,0,千円
30000000,3_鉱物性燃料,360,12月_金額,50401,401_コロンビア,2019000000,2019年,447917,千円
30000000,3_鉱物性燃料,360,12月_金額,50401,401_コロンビア,2018000000,2018年,860343,千円
30000000,3_鉱物性燃料,360,12月_金額,50401,401_コロンビア,2017000000,2017年,3719984,千円
30000000,3_鉱物性燃料,360,12月_金額,50401,401_コロンビア,2016000000,2016年,3717298,千円
30000000,3_鉱物性燃料,360,12月_金額,50402,402_ベネズエラ,2017000000,2017年,0,千円
30000000,3_鉱物性燃料,360,12月_金額,50402,402_ベネズエラ,2016000000,2016年,0,千円
30000000,3_鉱物性燃料,360,12月_金額,50404,404_スリナム,2016000000,2016年,0,千円
30000000,3_鉱物性燃料,360,12月_金額,50406,406_エクアドル,2020000000,2020年,6360498,千円
30000000,3_鉱物性燃料,360,12月_金額,50406,406_エクアドル,2019000000,2019年,9931841,千円
30000000,3_鉱物性燃料,360,12月_金額,50406,406_エクアドル,2018000000,2018年,3402874,千円
30000000,3_鉱物性燃料,360,12月_金額,50406,406_エクアドル,2017000000,2017年,4132866,千円
30000000,3_鉱物性燃料,360,12月_金額,50406,406_エクアドル,2016000000,2016年,2464548,千円
30000000,3_鉱物性燃料,360,12月_金額,50407,407_ペルー,2020000000,2020年,6114073,千円
30000000,3_鉱物性燃料,360,12月_金額,50407,407_ペルー,2019000000,2019年,6871882,千円
30000000,3_鉱物性燃料,360,12月_金額,50407,407_ペルー,2018000000,2018年,5385940,千円
30000000,3_鉱物性燃料,360,12月_金額,50407,407_ペルー,2017000000,2017年,2169829,千円
30000000,3_鉱物性燃料,360,12月_金額,50407,407_ペルー,2016000000,2016年,0,千円
30000000,3_鉱物性燃料,360,12月_金額,50410,410_ブラジル,2020000000,2020年,0,千円
30000000,3_鉱物性燃料,360,12月_金額,50410,410_ブラジル,2019000000,2019年,13118,千円
30000000,3_鉱物性燃料,360,12月_金額,50410,410_ブラジル,2018000000,2018年,577,千円
30000000,3_鉱物性燃料,360,12月_金額,50410,410_ブラジル,2017000000,2017年,2108,千円
30000000,3_鉱物性燃料,360,12月_金額,50410,410_ブラジル,2016000000,2016年,1001,千円
30000000,3_鉱物性燃料,360,12月_金額,50503,503_アルジェリア,2020000000,2020年,579270,千円
30000000,3_鉱物性燃料,360,12月_金額,50503,503_アルジェリア,2019000000,2019年,0,千円
30000000,3_鉱物性燃料,360,12月_金額,50503,503_アルジェリア,2018000000,2018年,2864319,千円
30000000,3_鉱物性燃料,360,12月_金額,50503,503_アルジェリア,2017000000,2017年,1291125,千円
30000000,3_鉱物性燃料,360,12月_金額,50503,503_アルジェリア,2016000000,2016年,8521484,千円
30000000,3_鉱物性燃料,360,12月_金額,50505,505_リビア,2020000000,2020年,4329281,千円
30000000,3_鉱物性燃料,360,12月_金額,50506,506_エジプト,2020000000,2020年,2989554,千円
30000000,3_鉱物性燃料,360,12月_金額,50506,506_エジプト,2019000000,2019年,0,千円
30000000,3_鉱物性燃料,360,12月_金額,50506,506_エジプト,2018000000,2018年,2160894,千円
30000000,3_鉱物性燃料,360,12月_金額,50506,506_エジプト,2017000000,2017年,555645,千円
30000000,3_鉱物性燃料,360,12月_金額,50506,506_エジプト,2016000000,2016年,250,千円
30000000,3_鉱物性燃料,360,12月_金額,50507,507_スーダン,2016000000,2016年,0,千円
30000000,3_鉱物性燃料,360,12月_金額,50510,510_セネガル,2017000000,2017年,740053,千円
30000000,3_鉱物性燃料,360,12月_金額,50515,515_リベリア,2020000000,2020年,0,千円
30000000,3_鉱物性燃料,360,12月_金額,50515,515_リベリア,2017000000,2017年,0,千円
30000000,3_鉱物性燃料,360,12月_金額,50517,517_ガーナ,2017000000,2017年,0,千円
30000000,3_鉱物性燃料,360,12月_金額,50524,524_ナイジェリア,2020000000,2020年,0,千円
30000000,3_鉱物性燃料,360,12月_金額,50524,524_ナイジェリア,2019000000,2019年,1890218,千円
30000000,3_鉱物性燃料,360,12月_金額,50524,524_ナイジェリア,2018000000,2018年,0,千円
30000000,3_鉱物性燃料,360,12月_金額,50524,524_ナイジェリア,2017000000,2017年,10570850,千円
30000000,3_鉱物性燃料,360,12月_金額,50524,524_ナイジェリア,2016000000,2016年,5558882,千円
30000000,3_鉱物性燃料,360,12月_金額,50527,527_カメルーン,2019000000,2019年,0,千円
30000000,3_鉱物性燃料,360,12月_金額,50528,528_チャド,2016000000,2016年,0,千円
30000000,3_鉱物性燃料,360,12月_金額,50530,530_赤道ギニア,2019000000,2019年,0,千円
30000000,3_鉱物性燃料,360,12月_金額,50530,530_赤道ギニア,2018000000,2018年,0,千円
30000000,3_鉱物性燃料,360,12月_金額,50530,530_赤道ギニア,2017000000,2017年,0,千円
30000000,3_鉱物性燃料,360,12月_金額,50530,530_赤道ギニア,2016000000,2016年,7995802,千円
30000000,3_鉱物性燃料,360,12月_金額,50531,531_ガボン,2019000000,2019年,0,千円
30000000,3_鉱物性燃料,360,12月_金額,50531,531_ガボン,2018000000,2018年,0,千円
30000000,3_鉱物性燃料,360,12月_金額,50531,531_ガボン,2016000000,2016年,0,千円
30000000,3_鉱物性燃料,360,12月_金額,50532,532_コンゴ共和国,2016000000,2016年,0,千円
30000000,3_鉱物性燃料,360,12月_金額,50535,535_アンゴラ,2020000000,2020年,271,千円
30000000,3_鉱物性燃料,360,12月_金額,50535,535_アンゴラ,2019000000,2019年,6388959,千円
30000000,3_鉱物性燃料,360,12月_金額,50535,535_アンゴラ,2018000000,2018年,5003003,千円
30000000,3_鉱物性燃料,360,12月_金額,50535,535_アンゴラ,2017000000,2017年,0,千円
30000000,3_鉱物性燃料,360,12月_金額,50535,535_アンゴラ,2016000000,2016年,0,千円
30000000,3_鉱物性燃料,360,12月_金額,50543,543_タンザニア,2018000000,2018年,0,千円
30000000,3_鉱物性燃料,360,12月_金額,50545,545_モザンビーク,2020000000,2020年,0,千円
30000000,3_鉱物性燃料,360,12月_金額,50545,545_モザンビーク,2019000000,2019年,2171134,千円
30000000,3_鉱物性燃料,360,12月_金額,50545,545_モザンビーク,2018000000,2018年,0,千円
30000000,3_鉱物性燃料,360,12月_金額,50545,545_モザンビーク,2017000000,2017年,2110171,千円
30000000,3_鉱物性燃料,360,12月_金額,50545,545_モザンビーク,2016000000,2016年,3288815,千円
30000000,3_鉱物性燃料,360,12月_金額,50547,547_モーリシャス,2018000000,2018年,0,千円
30000000,3_鉱物性燃料,360,12月_金額,50551,551_南アフリカ共和国,2020000000,2020年,41762,千円
30000000,3_鉱物性燃料,360,12月_金額,50551,551_南アフリカ共和国,2019000000,2019年,58668,千円
30000000,3_鉱物性燃料,360,12月_金額,50551,551_南アフリカ共和国,2018000000,2018年,9889,千円
30000000,3_鉱物性燃料,360,12月_金額,50551,551_南アフリカ共和国,2017000000,2017年,73267,千円
30000000,3_鉱物性燃料,360,12月_金額,50551,551_南アフリカ共和国,2016000000,2016年,38649,千円
30000000,3_鉱物性燃料,360,12月_金額,50556,556_エスワティニ,2018000000,2018年,0,千円
30000000,3_鉱物性燃料,360,12月_金額,50601,601_オーストラリア,2020000000,2020年,201411222,千円
30000000,3_鉱物性燃料,360,12月_金額,50601,601_オーストラリア,2019000000,2019年,259205897,千円
30000000,3_鉱物性燃料,360,12月_金額,50601,601_オーストラリア,2018000000,2018年,329842022,千円
30000000,3_鉱物性燃料,360,12月_金額,50601,601_オーストラリア,2017000000,2017年,287119878,千円
30000000,3_鉱物性燃料,360,12月_金額,50601,601_オーストラリア,2016000000,2016年,224716567,千円
30000000,3_鉱物性燃料,360,12月_金額,50602,602_パプアニューギニア,2020000000,2020年,10175768,千円
30000000,3_鉱物性燃料,360,12月_金額,50602,602_パプアニューギニア,2019000000,2019年,24721429,千円
30000000,3_鉱物性燃料,360,12月_金額,50602,602_パプアニューギニア,2018000000,2018年,19440388,千円
30000000,3_鉱物性燃料,360,12月_金額,50602,602_パプアニューギニア,2017000000,2017年,24084320,千円
30000000,3_鉱物性燃料,360,12月_金額,50602,602_パプアニューギニア,2016000000,2016年,9684216,千円
30000000,3_鉱物性燃料,360,12月_金額,50606,606_ニュージーランド,2020000000,2020年,678331,千円
30000000,3_鉱物性燃料,360,12月_金額,50606,606_ニュージーランド,2019000000,2019年,383738,千円
30000000,3_鉱物性燃料,360,12月_金額,50606,606_ニュージーランド,2018000000,2018年,0,千円
30000000,3_鉱物性燃料,360,12月_金額,50606,606_ニュージーランド,2017000000,2017年,0,千円
30000000,3_鉱物性燃料,360,12月_金額,50606,606_ニュージーランド,2016000000,2016年,0,千円
30000000,3_鉱物性燃料,360,12月_金額,50620,620_グアム(米),2020000000,2020年,0,千円
30000000,3_鉱物性燃料,360,12月_金額,50625,625_マーシャル,2018000000,2018年,252,千円
30000000,3_鉱物性燃料,360,12月_金額,50626,626_ミクロネシア,2017000000,2017年,0,千円
30000000,3_鉱物性燃料,360,12月_金額,50626,626_ミクロネシア,2016000000,2016年,0,千円
30000000,3_鉱物性燃料,360,12月_金額,50702,702_不明,2020000000,2020年,1315,千円
30000000,3_鉱物性燃料,360,12月_金額,50702,702_不明,2019000000,2019年,22086,千円
30000000,3_鉱物性燃料,360,12月_金額,50702,702_不明,2018000000,2018年,20359,千円
30000000,3_鉱物性燃料,360,12月_金額,50702,702_不明,2017000000,2017年,23186,千円
30000000,3_鉱物性燃料,360,12月_金額,50702,702_不明,2016000000,2016年,18589,千円
