cat01_code,cat01_name,cat02_code,cat02_name,area_code,area_name,time_code,time_name,value,unit
30301000,30301_原油及び粗油,130,1月_数量,50103,103_大韓民国,2012000000,2012年,4991,
30301000,30301_原油及び粗油,130,1月_数量,50103,103_大韓民国,2011000000,2011年,57795,
30301000,30301_原油及び粗油,130,1月_数量,50105,105_中華人民共和国,2015000000,2015年,0,
30301000,30301_原油及び粗油,130,1月_数量,50105,105_中華人民共和国,2013000000,2013年,8077,
30301000,30301_原油及び粗油,130,1月_数量,50105,105_中華人民共和国,2012000000,2012年,0,
30301000,30301_原油及び粗油,130,1月_数量,50105,105_中華人民共和国,2011000000,2011年,0,
30301000,30301_原油及び粗油,130,1月_数量,50110,110_ベトナム,2015000000,2015年,211437,
30301000,30301_原油及び粗油,130,1月_数量,50110,110_ベトナム,2014000000,2014年,326292,
30301000,30301_原油及び粗油,130,1月_数量,50110,110_ベトナム,2013000000,2013年,277990,
30301000,30301_原油及び粗油,130,1月_数量,50110,110_ベトナム,2012000000,2012年,684047,
30301000,30301_原油及び粗油,130,1月_数量,50110,110_ベトナム,2011000000,2011年,111968,
30301000,30301_原油及び粗油,130,1月_数量,50112,112_シンガポール,2015000000,2015年,0,
30301000,30301_原油及び粗油,130,1月_数量,50112,112_シンガポール,2014000000,2014年,0,
30301000,30301_原油及び粗油,130,1月_数量,50112,112_シンガポール,2012000000,2012年,0,
30301000,30301_原油及び粗油,130,1月_数量,50112,112_シンガポール,2011000000,2011年,0,
30301000,30301_原油及び粗油,130,1月_数量,50113,113_マレーシア,2015000000,2015年,39446,
30301000,30301_原油及び粗油,130,1月_数量,50113,113_マレーシア,2014000000,2014年,64577,
30301000,30301_原油及び粗油,130,1月_数量,50113,113_マレーシア,2013000000,2013年,164946,
30301000,30301_原油及び粗油,130,1月_数量,50113,113_マレーシア,2012000000,2012年,63066,
30301000,30301_原油及び粗油,130,1月_数量,50113,113_マレーシア,2011000000,2011年,73009,
30301000,30301_原油及び粗油,130,1月_数量,50116,116_ブルネイ,2015000000,2015年,0,
30301000,30301_原油及び粗油,130,1月_数量,50116,116_ブルネイ,2014000000,2014年,47567,
30301000,30301_原油及び粗油,130,1月_数量,50116,116_ブルネイ,2013000000,2013年,0,
30301000,30301_原油及び粗油,130,1月_数量,50116,116_ブルネイ,2012000000,2012年,0,
30301000,30301_原油及び粗油,130,1月_数量,50116,116_ブルネイ,2011000000,2011年,47600,
30301000,30301_原油及び粗油,130,1月_数量,50118,118_インドネシア,2015000000,2015年,345172,
30301000,30301_原油及び粗油,130,1月_数量,50118,118_インドネシア,2014000000,2014年,445457,
30301000,30301_原油及び粗油,130,1月_数量,50118,118_インドネシア,2013000000,2013年,773408,
30301000,30301_原油及び粗油,130,1月_数量,50118,118_インドネシア,2012000000,2012年,659915,
30301000,30301_原油及び粗油,130,1月_数量,50118,118_インドネシア,2011000000,2011年,409088,
30301000,30301_原油及び粗油,130,1月_数量,50123,123_インド,2013000000,2013年,19119,
30301000,30301_原油及び粗油,130,1月_数量,50123,123_インド,2011000000,2011年,0,
30301000,30301_原油及び粗油,130,1月_数量,50125,125_スリランカ,2015000000,2015年,0,
30301000,30301_原油及び粗油,130,1月_数量,50128,128_東ティモール,2012000000,2012年,0,
30301000,30301_原油及び粗油,130,1月_数量,50133,133_イラン,2015000000,2015年,852583,
30301000,30301_原油及び粗油,130,1月_数量,50133,133_イラン,2014000000,2014年,824115,
30301000,30301_原油及び粗油,130,1月_数量,50133,133_イラン,2013000000,2013年,857700,
30301000,30301_原油及び粗油,130,1月_数量,50133,133_イラン,2012000000,2012年,1698280,
30301000,30301_原油及び粗油,130,1月_数量,50133,133_イラン,2011000000,2011年,1933172,
30301000,30301_原油及び粗油,130,1月_数量,50134,134_イラク,2015000000,2015年,305246,
30301000,30301_原油及び粗油,130,1月_数量,50134,134_イラク,2014000000,2014年,331439,
30301000,30301_原油及び粗油,130,1月_数量,50134,134_イラク,2013000000,2013年,322744,
30301000,30301_原油及び粗油,130,1月_数量,50134,134_イラク,2012000000,2012年,316940,
30301000,30301_原油及び粗油,130,1月_数量,50134,134_イラク,2011000000,2011年,526738,
30301000,30301_原油及び粗油,130,1月_数量,50137,137_サウジアラビア,2015000000,2015年,5198316,
30301000,30301_原油及び粗油,130,1月_数量,50137,137_サウジアラビア,2014000000,2014年,5992509,
30301000,30301_原油及び粗油,130,1月_数量,50137,137_サウジアラビア,2013000000,2013年,6059276,
30301000,30301_原油及び粗油,130,1月_数量,50137,137_サウジアラビア,2012000000,2012年,6145121,
30301000,30301_原油及び粗油,130,1月_数量,50137,137_サウジアラビア,2011000000,2011年,6252232,
30301000,30301_原油及び粗油,130,1月_数量,50138,138_クウェート,2015000000,2015年,1491066,
30301000,30301_原油及び粗油,130,1月_数量,50138,138_クウェート,2014000000,2014年,2037638,
30301000,30301_原油及び粗油,130,1月_数量,50138,138_クウェート,2013000000,2013年,1153641,
30301000,30301_原油及び粗油,130,1月_数量,50138,138_クウェート,2012000000,2012年,1309460,
30301000,30301_原油及び粗油,130,1月_数量,50138,138_クウェート,2011000000,2011年,1124214,
30301000,30301_原油及び粗油,130,1月_数量,50140,140_カタール,2015000000,2015年,1680462,
30301000,30301_原油及び粗油,130,1月_数量,50140,140_カタール,2014000000,2014年,2784683,
30301000,30301_原油及び粗油,130,1月_数量,50140,140_カタール,2013000000,2013年,2285439,
30301000,30301_原油及び粗油,130,1月_数量,50140,140_カタール,2012000000,2012年,1735666,
30301000,30301_原油及び粗油,130,1月_数量,50140,140_カタール,2011000000,2011年,2049490,
30301000,30301_原油及び粗油,130,1月_数量,50141,141_オマーン,2015000000,2015年,67114,
30301000,30301_原油及び粗油,130,1月_数量,50141,141_オマーン,2014000000,2014年,401201,
30301000,30301_原油及び粗油,130,1月_数量,50141,141_オマーン,2013000000,2013年,383717,
30301000,30301_原油及び粗油,130,1月_数量,50141,141_オマーン,2012000000,2012年,356725,
30301000,30301_原油及び粗油,130,1月_数量,50141,141_オマーン,2011000000,2011年,572047,
30301000,30301_原油及び粗油,130,1月_数量,50147,147_アラブ首長国連邦,2015000000,2015年,4655545,
30301000,30301_原油及び粗油,130,1月_数量,50147,147_アラブ首長国連邦,2014000000,2014年,3795382,
30301000,30301_原油及び粗油,130,1月_数量,50147,147_アラブ首長国連邦,2013000000,2013年,3883356,
30301000,30301_原油及び粗油,130,1月_数量,50147,147_アラブ首長国連邦,2012000000,2012年,4203685,
30301000,30301_原油及び粗油,130,1月_数量,50147,147_アラブ首長国連邦,2011000000,2011年,4004744,
30301000,30301_原油及び粗油,130,1月_数量,50149,149_イエメン,2015000000,2015年,0,
30301000,30301_原油及び粗油,130,1月_数量,50149,149_イエメン,2014000000,2014年,0,
30301000,30301_原油及び粗油,130,1月_数量,50149,149_イエメン,2013000000,2013年,23821,
30301000,30301_原油及び粗油,130,1月_数量,50149,149_イエメン,2012000000,2012年,0,
30301000,30301_原油及び粗油,130,1月_数量,50149,149_イエメン,2011000000,2011年,76730,
30301000,30301_原油及び粗油,130,1月_数量,50150,150_アゼルバイジャン,2012000000,2012年,0,
30301000,30301_原油及び粗油,130,1月_数量,50153,153_カザフスタン,2015000000,2015年,0,
30301000,30301_原油及び粗油,130,1月_数量,50153,153_カザフスタン,2014000000,2014年,0,
30301000,30301_原油及び粗油,130,1月_数量,50153,153_カザフスタン,2013000000,2013年,0,
30301000,30301_原油及び粗油,130,1月_数量,50202,202_ノルウェー,2014000000,2014年,0,
30301000,30301_原油及び粗油,130,1月_数量,50202,202_ノルウェー,2013000000,2013年,0,
30301000,30301_原油及び粗油,130,1月_数量,50205,205_英国,2012000000,2012年,0,
30301000,30301_原油及び粗油,130,1月_数量,50205,205_英国,2011000000,2011年,0,
30301000,30301_原油及び粗油,130,1月_数量,50213,213_ドイツ,2014000000,2014年,0,
30301000,30301_原油及び粗油,130,1月_数量,50224,224_ロシア,2015000000,2015年,1668918,
30301000,30301_原油及び粗油,130,1月_数量,50224,224_ロシア,2014000000,2014年,1023421,
30301000,30301_原油及び粗油,130,1月_数量,50224,224_ロシア,2013000000,2013年,1062270,
30301000,30301_原油及び粗油,130,1月_数量,50224,224_ロシア,2012000000,2012年,906946,
30301000,30301_原油及び粗油,130,1月_数量,50224,224_ロシア,2011000000,2011年,1421437,
30301000,30301_原油及び粗油,130,1月_数量,50304,304_アメリカ合衆国,2015000000,2015年,0,
30301000,30301_原油及び粗油,130,1月_数量,50304,304_アメリカ合衆国,2014000000,2014年,0,
30301000,30301_原油及び粗油,130,1月_数量,50305,305_メキシコ,2015000000,2015年,0,
30301000,30301_原油及び粗油,130,1月_数量,50305,305_メキシコ,2014000000,2014年,0,
30301000,30301_原油及び粗油,130,1月_数量,50315,315_バハマ,2015000000,2015年,0,
30301000,30301_原油及び粗油,130,1月_数量,50315,315_バハマ,2013000000,2013年,0,
30301000,30301_原油及び粗油,130,1月_数量,50401,401_コロンビア,2015000000,2015年,151795,
30301000,30301_原油及び粗油,130,1月_数量,50401,401_コロンビア,2014000000,2014年,0,
30301000,30301_原油及び粗油,130,1月_数量,50401,401_コロンビア,2011000000,2011年,0,
30301000,30301_原油及び粗油,130,1月_数量,50402,402_ベネズエラ,2015000000,2015年,41429,
30301000,30301_原油及び粗油,130,1月_数量,50402,402_ベネズエラ,2014000000,2014年,0,
30301000,30301_原油及び粗油,130,1月_数量,50402,402_ベネズエラ,2013000000,2013年,0,
30301000,30301_原油及び粗油,130,1月_数量,50402,402_ベネズエラ,2012000000,2012年,79668,
30301000,30301_原油及び粗油,130,1月_数量,50406,406_エクアドル,2015000000,2015年,173209,
30301000,30301_原油及び粗油,130,1月_数量,50406,406_エクアドル,2014000000,2014年,119554,
30301000,30301_原油及び粗油,130,1月_数量,50406,406_エクアドル,2013000000,2013年,60056,
30301000,30301_原油及び粗油,130,1月_数量,50406,406_エクアドル,2012000000,2012年,141363,
30301000,30301_原油及び粗油,130,1月_数量,50406,406_エクアドル,2011000000,2011年,97281,
30301000,30301_原油及び粗油,130,1月_数量,50410,410_ブラジル,2014000000,2014年,0,
30301000,30301_原油及び粗油,130,1月_数量,50413,413_アルゼンチン,2012000000,2012年,0,
30301000,30301_原油及び粗油,130,1月_数量,50503,503_アルジェリア,2013000000,2013年,0,
30301000,30301_原油及び粗油,130,1月_数量,50503,503_アルジェリア,2011000000,2011年,0,
30301000,30301_原油及び粗油,130,1月_数量,50505,505_リビア,2014000000,2014年,0,
30301000,30301_原油及び粗油,130,1月_数量,50505,505_リビア,2013000000,2013年,85564,
30301000,30301_原油及び粗油,130,1月_数量,50505,505_リビア,2012000000,2012年,0,
30301000,30301_原油及び粗油,130,1月_数量,50507,507_スーダン,2015000000,2015年,41564,
30301000,30301_原油及び粗油,130,1月_数量,50507,507_スーダン,2014000000,2014年,12115,
30301000,30301_原油及び粗油,130,1月_数量,50507,507_スーダン,2013000000,2013年,45812,
30301000,30301_原油及び粗油,130,1月_数量,50507,507_スーダン,2012000000,2012年,120622,
30301000,30301_原油及び粗油,130,1月_数量,50507,507_スーダン,2011000000,2011年,419459,
30301000,30301_原油及び粗油,130,1月_数量,50524,524_ナイジェリア,2014000000,2014年,0,
30301000,30301_原油及び粗油,130,1月_数量,50524,524_ナイジェリア,2013000000,2013年,0,
30301000,30301_原油及び粗油,130,1月_数量,50524,524_ナイジェリア,2012000000,2012年,0,
30301000,30301_原油及び粗油,130,1月_数量,50524,524_ナイジェリア,2011000000,2011年,0,
30301000,30301_原油及び粗油,130,1月_数量,50527,527_カメルーン,2013000000,2013年,0,
30301000,30301_原油及び粗油,130,1月_数量,50528,528_チャド,2015000000,2015年,51707,
30301000,30301_原油及び粗油,130,1月_数量,50528,528_チャド,2014000000,2014年,0,
30301000,30301_原油及び粗油,130,1月_数量,50528,528_チャド,2013000000,2013年,5649,
30301000,30301_原油及び粗油,130,1月_数量,50528,528_チャド,2012000000,2012年,0,
30301000,30301_原油及び粗油,130,1月_数量,50530,530_赤道ギニア,2012000000,2012年,0,
30301000,30301_原油及び粗油,130,1月_数量,50531,531_ガボン,2015000000,2015年,208310,
30301000,30301_原油及び粗油,130,1月_数量,50531,531_ガボン,2014000000,2014年,351584,
30301000,30301_原油及び粗油,130,1月_数量,50531,531_ガボン,2013000000,2013年,406202,
30301000,30301_原油及び粗油,130,1月_数量,50531,531_ガボン,2012000000,2012年,73503,
30301000,30301_原油及び粗油,130,1月_数量,50531,531_ガボン,2011000000,2011年,0,
30301000,30301_原油及び粗油,130,1月_数量,50535,535_アンゴラ,2015000000,2015年,0,
30301000,30301_原油及び粗油,130,1月_数量,50535,535_アンゴラ,2014000000,2014年,199222,
30301000,30301_原油及び粗油,130,1月_数量,50535,535_アンゴラ,2013000000,2013年,0,
30301000,30301_原油及び粗油,130,1月_数量,50535,535_アンゴラ,2012000000,2012年,0,
30301000,30301_原油及び粗油,130,1月_数量,50535,535_アンゴラ,2011000000,2011年,0,
30301000,30301_原油及び粗油,130,1月_数量,50560,560_南スーダン,2012000000,2012年,90553,
30301000,30301_原油及び粗油,130,1月_数量,50560,560_南スーダン,2011000000,2011年,0,
30301000,30301_原油及び粗油,130,1月_数量,50601,601_オーストラリア,2015000000,2015年,240443,
30301000,30301_原油及び粗油,130,1月_数量,50601,601_オーストラリア,2014000000,2014年,130665,
30301000,30301_原油及び粗油,130,1月_数量,50601,601_オーストラリア,2013000000,2013年,32423,
30301000,30301_原油及び粗油,130,1月_数量,50601,601_オーストラリア,2012000000,2012年,226216,
30301000,30301_原油及び粗油,130,1月_数量,50601,601_オーストラリア,2011000000,2011年,67073,
30301000,30301_原油及び粗油,130,1月_数量,50602,602_パプアニューギニア,2015000000,2015年,99278,
30301000,30301_原油及び粗油,130,1月_数量,50602,602_パプアニューギニア,2013000000,2013年,27124,
30301000,30301_原油及び粗油,130,1月_数量,50602,602_パプアニューギニア,2012000000,2012年,0,
30301000,30301_原油及び粗油,130,1月_数量,50602,602_パプアニューギニア,2011000000,2011年,0,
30301000,30301_原油及び粗油,130,1月_数量,50703,703_保税工場・総合保税地域,2014000000,2014年,0,
30301000,30301_原油及び粗油,140,1月_金額,50103,103_大韓民国,2012000000,2012年,305884,千円
30301000,30301_原油及び粗油,140,1月_金額,50103,103_大韓民国,2011000000,2011年,2543570,千円
30301000,30301_原油及び粗油,140,1月_金額,50105,105_中華人民共和国,2015000000,2015年,0,千円
30301000,30301_原油及び粗油,140,1月_金額,50105,105_中華人民共和国,2013000000,2013年,543527,千円
30301000,30301_原油及び粗油,140,1月_金額,50105,105_中華人民共和国,2012000000,2012年,0,千円
30301000,30301_原油及び粗油,140,1月_金額,50105,105_中華人民共和国,2011000000,2011年,0,千円
30301000,30301_原油及び粗油,140,1月_金額,50110,110_ベトナム,2015000000,2015年,9880050,千円
30301000,30301_原油及び粗油,140,1月_金額,50110,110_ベトナム,2014000000,2014年,25082949,千円
30301000,30301_原油及び粗油,140,1月_金額,50110,110_ベトナム,2013000000,2013年,17949024,千円
30301000,30301_原油及び粗油,140,1月_金額,50110,110_ベトナム,2012000000,2012年,40586718,千円
30301000,30301_原油及び粗油,140,1月_金額,50110,110_ベトナム,2011000000,2011年,5816723,千円
30301000,30301_原油及び粗油,140,1月_金額,50112,112_シンガポール,2015000000,2015年,0,千円
30301000,30301_原油及び粗油,140,1月_金額,50112,112_シンガポール,2014000000,2014年,0,千円
30301000,30301_原油及び粗油,140,1月_金額,50112,112_シンガポール,2012000000,2012年,0,千円
30301000,30301_原油及び粗油,140,1月_金額,50112,112_シンガポール,2011000000,2011年,0,千円
30301000,30301_原油及び粗油,140,1月_金額,50113,113_マレーシア,2015000000,2015年,1603792,千円
30301000,30301_原油及び粗油,140,1月_金額,50113,113_マレーシア,2014000000,2014年,5067021,千円
30301000,30301_原油及び粗油,140,1月_金額,50113,113_マレーシア,2013000000,2013年,10610951,千円
30301000,30301_原油及び粗油,140,1月_金額,50113,113_マレーシア,2012000000,2012年,3555042,千円
30301000,30301_原油及び粗油,140,1月_金額,50113,113_マレーシア,2011000000,2011年,3758835,千円
30301000,30301_原油及び粗油,140,1月_金額,50116,116_ブルネイ,2015000000,2015年,0,千円
30301000,30301_原油及び粗油,140,1月_金額,50116,116_ブルネイ,2014000000,2014年,3796962,千円
30301000,30301_原油及び粗油,140,1月_金額,50116,116_ブルネイ,2013000000,2013年,0,千円
30301000,30301_原油及び粗油,140,1月_金額,50116,116_ブルネイ,2012000000,2012年,0,千円
30301000,30301_原油及び粗油,140,1月_金額,50116,116_ブルネイ,2011000000,2011年,2416736,千円
30301000,30301_原油及び粗油,140,1月_金額,50118,118_インドネシア,2015000000,2015年,17317471,千円
30301000,30301_原油及び粗油,140,1月_金額,50118,118_インドネシア,2014000000,2014年,33743575,千円
30301000,30301_原油及び粗油,140,1月_金額,50118,118_インドネシア,2013000000,2013年,49418119,千円
30301000,30301_原油及び粗油,140,1月_金額,50118,118_インドネシア,2012000000,2012年,38089323,千円
30301000,30301_原油及び粗油,140,1月_金額,50118,118_インドネシア,2011000000,2011年,20110528,千円
30301000,30301_原油及び粗油,140,1月_金額,50123,123_インド,2013000000,2013年,1182549,千円
30301000,30301_原油及び粗油,140,1月_金額,50123,123_インド,2011000000,2011年,0,千円
30301000,30301_原油及び粗油,140,1月_金額,50125,125_スリランカ,2015000000,2015年,0,千円
30301000,30301_原油及び粗油,140,1月_金額,50128,128_東ティモール,2012000000,2012年,0,千円
30301000,30301_原油及び粗油,140,1月_金額,50133,133_イラン,2015000000,2015年,39881970,千円
30301000,30301_原油及び粗油,140,1月_金額,50133,133_イラン,2014000000,2014年,58995990,千円
30301000,30301_原油及び粗油,140,1月_金額,50133,133_イラン,2013000000,2013年,49040228,千円
30301000,30301_原油及び粗油,140,1月_金額,50133,133_イラン,2012000000,2012年,92072629,千円
30301000,30301_原油及び粗油,140,1月_金額,50133,133_イラン,2011000000,2011年,91833783,千円
30301000,30301_原油及び粗油,140,1月_金額,50134,134_イラク,2015000000,2015年,13088132,千円
30301000,30301_原油及び粗油,140,1月_金額,50134,134_イラク,2014000000,2014年,23647335,千円
30301000,30301_原油及び粗油,140,1月_金額,50134,134_イラク,2013000000,2013年,18538590,千円
30301000,30301_原油及び粗油,140,1月_金額,50134,134_イラク,2012000000,2012年,17226339,千円
30301000,30301_原油及び粗油,140,1月_金額,50134,134_イラク,2011000000,2011年,24564096,千円
30301000,30301_原油及び粗油,140,1月_金額,50137,137_サウジアラビア,2015000000,2015年,246145229,千円
30301000,30301_原油及び粗油,140,1月_金額,50137,137_サウジアラビア,2014000000,2014年,447913194,千円
30301000,30301_原油及び粗油,140,1月_金額,50137,137_サウジアラビア,2013000000,2013年,372944708,千円
30301000,30301_原油及び粗油,140,1月_金額,50137,137_サウジアラビア,2012000000,2012年,335116145,千円
30301000,30301_原油及び粗油,140,1月_金額,50137,137_サウジアラビア,2011000000,2011年,296857043,千円
30301000,30301_原油及び粗油,140,1月_金額,50138,138_クウェート,2015000000,2015年,69915937,千円
30301000,30301_原油及び粗油,140,1月_金額,50138,138_クウェート,2014000000,2014年,148568354,千円
30301000,30301_原油及び粗油,140,1月_金額,50138,138_クウェート,2013000000,2013年,68739277,千円
30301000,30301_原油及び粗油,140,1月_金額,50138,138_クウェート,2012000000,2012年,70330407,千円
30301000,30301_原油及び粗油,140,1月_金額,50138,138_クウェート,2011000000,2011年,52463837,千円
30301000,30301_原油及び粗油,140,1月_金額,50140,140_カタール,2015000000,2015年,79353192,千円
30301000,30301_原油及び粗油,140,1月_金額,50140,140_カタール,2014000000,2014年,207497981,千円
30301000,30301_原油及び粗油,140,1月_金額,50140,140_カタール,2013000000,2013年,138760618,千円
30301000,30301_原油及び粗油,140,1月_金額,50140,140_カタール,2012000000,2012年,95018922,千円
30301000,30301_原油及び粗油,140,1月_金額,50140,140_カタール,2011000000,2011年,98989916,千円
30301000,30301_原油及び粗油,140,1月_金額,50141,141_オマーン,2015000000,2015年,4526705,千円
30301000,30301_原油及び粗油,140,1月_金額,50141,141_オマーン,2014000000,2014年,29427051,千円
30301000,30301_原油及び粗油,140,1月_金額,50141,141_オマーン,2013000000,2013年,23440227,千円
30301000,30301_原油及び粗油,140,1月_金額,50141,141_オマーン,2012000000,2012年,19432438,千円
30301000,30301_原油及び粗油,140,1月_金額,50141,141_オマーン,2011000000,2011年,27136366,千円
30301000,30301_原油及び粗油,140,1月_金額,50147,147_アラブ首長国連邦,2015000000,2015年,225609016,千円
30301000,30301_原油及び粗油,140,1月_金額,50147,147_アラブ首長国連邦,2014000000,2014年,287479290,千円
30301000,30301_原油及び粗油,140,1月_金額,50147,147_アラブ首長国連邦,2013000000,2013年,239858500,千円
30301000,30301_原油及び粗油,140,1月_金額,50147,147_アラブ首長国連邦,2012000000,2012年,233165346,千円
30301000,30301_原油及び粗油,140,1月_金額,50147,147_アラブ首長国連邦,2011000000,2011年,194123823,千円
30301000,30301_原油及び粗油,140,1月_金額,50149,149_イエメン,2015000000,2015年,0,千円
30301000,30301_原油及び粗油,140,1月_金額,50149,149_イエメン,2014000000,2014年,0,千円
30301000,30301_原油及び粗油,140,1月_金額,50149,149_イエメン,2013000000,2013年,1544172,千円
30301000,30301_原油及び粗油,140,1月_金額,50149,149_イエメン,2012000000,2012年,0,千円
30301000,30301_原油及び粗油,140,1月_金額,50149,149_イエメン,2011000000,2011年,3767334,千円
30301000,30301_原油及び粗油,140,1月_金額,50150,150_アゼルバイジャン,2012000000,2012年,0,千円
30301000,30301_原油及び粗油,140,1月_金額,50153,153_カザフスタン,2015000000,2015年,0,千円
30301000,30301_原油及び粗油,140,1月_金額,50153,153_カザフスタン,2014000000,2014年,0,千円
30301000,30301_原油及び粗油,140,1月_金額,50153,153_カザフスタン,2013000000,2013年,0,千円
30301000,30301_原油及び粗油,140,1月_金額,50202,202_ノルウェー,2014000000,2014年,0,千円
30301000,30301_原油及び粗油,140,1月_金額,50202,202_ノルウェー,2013000000,2013年,0,千円
30301000,30301_原油及び粗油,140,1月_金額,50205,205_英国,2012000000,2012年,0,千円
30301000,30301_原油及び粗油,140,1月_金額,50205,205_英国,2011000000,2011年,0,千円
30301000,30301_原油及び粗油,140,1月_金額,50213,213_ドイツ,2014000000,2014年,0,千円
30301000,30301_原油及び粗油,140,1月_金額,50224,224_ロシア,2015000000,2015年,73720761,千円
30301000,30301_原油及び粗油,140,1月_金額,50224,224_ロシア,2014000000,2014年,77166509,千円
30301000,30301_原油及び粗油,140,1月_金額,50224,224_ロシア,2013000000,2013年,65784136,千円
30301000,30301_原油及び粗油,140,1月_金額,50224,224_ロシア,2012000000,2012年,50788049,千円
30301000,30301_原油及び粗油,140,1月_金額,50224,224_ロシア,2011000000,2011年,68487644,千円
30301000,30301_原油及び粗油,140,1月_金額,50304,304_アメリカ合衆国,2015000000,2015年,0,千円
30301000,30301_原油及び粗油,140,1月_金額,50304,304_アメリカ合衆国,2014000000,2014年,0,千円
30301000,30301_原油及び粗油,140,1月_金額,50305,305_メキシコ,2015000000,2015年,0,千円
30301000,30301_原油及び粗油,140,1月_金額,50305,305_メキシコ,2014000000,2014年,0,千円
30301000,30301_原油及び粗油,140,1月_金額,50315,315_バハマ,2015000000,2015年,0,千円
30301000,30301_原油及び粗油,140,1月_金額,50315,315_バハマ,2013000000,2013年,0,千円
30301000,30301_原油及び粗油,140,1月_金額,50401,401_コロンビア,2015000000,2015年,6177247,千円
30301000,30301_原油及び粗油,140,1月_金額,50401,401_コロンビア,2014000000,2014年,0,千円
30301000,30301_原油及び粗油,140,1月_金額,50401,401_コロンビア,2011000000,2011年,0,千円
30301000,30301_原油及び粗油,140,1月_金額,50402,402_ベネズエラ,2015000000,2015年,1915828,千円
30301000,30301_原油及び粗油,140,1月_金額,50402,402_ベネズエラ,2014000000,2014年,0,千円
30301000,30301_原油及び粗油,140,1月_金額,50402,402_ベネズエラ,2013000000,2013年,0,千円
30301000,30301_原油及び粗油,140,1月_金額,50402,402_ベネズエラ,2012000000,2012年,4554702,千円
30301000,30301_原油及び粗油,140,1月_金額,50406,406_エクアドル,2015000000,2015年,6805386,千円
30301000,30301_原油及び粗油,140,1月_金額,50406,406_エクアドル,2014000000,2014年,8218593,千円
30301000,30301_原油及び粗油,140,1月_金額,50406,406_エクアドル,2013000000,2013年,3392689,千円
30301000,30301_原油及び粗油,140,1月_金額,50406,406_エクアドル,2012000000,2012年,7485627,千円
30301000,30301_原油及び粗油,140,1月_金額,50406,406_エクアドル,2011000000,2011年,4367856,千円
30301000,30301_原油及び粗油,140,1月_金額,50410,410_ブラジル,2014000000,2014年,0,千円
30301000,30301_原油及び粗油,140,1月_金額,50413,413_アルゼンチン,2012000000,2012年,0,千円
30301000,30301_原油及び粗油,140,1月_金額,50503,503_アルジェリア,2013000000,2013年,0,千円
30301000,30301_原油及び粗油,140,1月_金額,50503,503_アルジェリア,2011000000,2011年,0,千円
30301000,30301_原油及び粗油,140,1月_金額,50505,505_リビア,2014000000,2014年,0,千円
30301000,30301_原油及び粗油,140,1月_金額,50505,505_リビア,2013000000,2013年,5418429,千円
30301000,30301_原油及び粗油,140,1月_金額,50505,505_リビア,2012000000,2012年,0,千円
30301000,30301_原油及び粗油,140,1月_金額,50507,507_スーダン,2015000000,2015年,2473098,千円
30301000,30301_原油及び粗油,140,1月_金額,50507,507_スーダン,2014000000,2014年,974375,千円
30301000,30301_原油及び粗油,140,1月_金額,50507,507_スーダン,2013000000,2013年,2952710,千円
30301000,30301_原油及び粗油,140,1月_金額,50507,507_スーダン,2012000000,2012年,7227324,千円
30301000,30301_原油及び粗油,140,1月_金額,50507,507_スーダン,2011000000,2011年,20271291,千円
30301000,30301_原油及び粗油,140,1月_金額,50524,524_ナイジェリア,2014000000,2014年,0,千円
30301000,30301_原油及び粗油,140,1月_金額,50524,524_ナイジェリア,2013000000,2013年,0,千円
30301000,30301_原油及び粗油,140,1月_金額,50524,524_ナイジェリア,2012000000,2012年,0,千円
30301000,30301_原油及び粗油,140,1月_金額,50524,524_ナイジェリア,2011000000,2011年,0,千円
30301000,30301_原油及び粗油,140,1月_金額,50527,527_カメルーン,2013000000,2013年,0,千円
30301000,30301_原油及び粗油,140,1月_金額,50528,528_チャド,2015000000,2015年,4446190,千円
30301000,30301_原油及び粗油,140,1月_金額,50528,528_チャド,2014000000,2014年,0,千円
30301000,30301_原油及び粗油,140,1月_金額,50528,528_チャド,2013000000,2013年,379948,千円
30301000,30301_原油及び粗油,140,1月_金額,50528,528_チャド,2012000000,2012年,0,千円
30301000,30301_原油及び粗油,140,1月_金額,50530,530_赤道ギニア,2012000000,2012年,0,千円
30301000,30301_原油及び粗油,140,1月_金額,50531,531_ガボン,2015000000,2015年,11854182,千円
30301000,30301_原油及び粗油,140,1月_金額,50531,531_ガボン,2014000000,2014年,27154306,千円
30301000,30301_原油及び粗油,140,1月_金額,50531,531_ガボン,2013000000,2013年,25847305,千円
30301000,30301_原油及び粗油,140,1月_金額,50531,531_ガボン,2012000000,2012年,4232634,千円
30301000,30301_原油及び粗油,140,1月_金額,50531,531_ガボン,2011000000,2011年,0,千円
30301000,30301_原油及び粗油,140,1月_金額,50535,535_アンゴラ,2015000000,2015年,0,千円
30301000,30301_原油及び粗油,140,1月_金額,50535,535_アンゴラ,2014000000,2014年,14965533,千円
30301000,30301_原油及び粗油,140,1月_金額,50535,535_アンゴラ,2013000000,2013年,0,千円
30301000,30301_原油及び粗油,140,1月_金額,50535,535_アンゴラ,2012000000,2012年,0,千円
30301000,30301_原油及び粗油,140,1月_金額,50535,535_アンゴラ,2011000000,2011年,0,千円
30301000,30301_原油及び粗油,140,1月_金額,50560,560_南スーダン,2012000000,2012年,5228662,千円
30301000,30301_原油及び粗油,140,1月_金額,50560,560_南スーダン,2011000000,2011年,0,千円
30301000,30301_原油及び粗油,140,1月_金額,50601,601_オーストラリア,2015000000,2015年,13194035,千円
30301000,30301_原油及び粗油,140,1月_金額,50601,601_オーストラリア,2014000000,2014年,9947280,千円
30301000,30301_原油及び粗油,140,1月_金額,50601,601_オーストラリア,2013000000,2013年,1984614,千円
30301000,30301_原油及び粗油,140,1月_金額,50601,601_オーストラリア,2012000000,2012年,12770418,千円
30301000,30301_原油及び粗油,140,1月_金額,50601,601_オーストラリア,2011000000,2011年,3315872,千円
30301000,30301_原油及び粗油,140,1月_金額,50602,602_パプアニューギニア,2015000000,2015年,4705492,千円
30301000,30301_原油及び粗油,140,1月_金額,50602,602_パプアニューギニア,2013000000,2013年,1704518,千円
30301000,30301_原油及び粗油,140,1月_金額,50602,602_パプアニューギニア,2012000000,2012年,0,千円
30301000,30301_原油及び粗油,140,1月_金額,50602,602_パプアニューギニア,2011000000,2011年,0,千円
30301000,30301_原油及び粗油,140,1月_金額,50703,703_保税工場・総合保税地域,2014000000,2014年,0,千円
30301000,30301_原油及び粗油,150,2月_数量,50103,103_大韓民国,2012000000,2012年,0,
30301000,30301_原油及び粗油,150,2月_数量,50103,103_大韓民国,2011000000,2011年,54344,
30301000,30301_原油及び粗油,150,2月_数量,50105,105_中華人民共和国,2015000000,2015年,0,
30301000,30301_原油及び粗油,150,2月_数量,50105,105_中華人民共和国,2013000000,2013年,0,
30301000,30301_原油及び粗油,150,2月_数量,50105,105_中華人民共和国,2012000000,2012年,26757,
30301000,30301_原油及び粗油,150,2月_数量,50105,105_中華人民共和国,2011000000,2011年,0,
30301000,30301_原油及び粗油,150,2月_数量,50110,110_ベトナム,2015000000,2015年,82438,
30301000,30301_原油及び粗油,150,2月_数量,50110,110_ベトナム,2014000000,2014年,145779,
30301000,30301_原油及び粗油,150,2月_数量,50110,110_ベトナム,2013000000,2013年,283811,
30301000,30301_原油及び粗油,150,2月_数量,50110,110_ベトナム,2012000000,2012年,333544,
30301000,30301_原油及び粗油,150,2月_数量,50110,110_ベトナム,2011000000,2011年,55480,
30301000,30301_原油及び粗油,150,2月_数量,50112,112_シンガポール,2015000000,2015年,0,
30301000,30301_原油及び粗油,150,2月_数量,50112,112_シンガポール,2014000000,2014年,0,
30301000,30301_原油及び粗油,150,2月_数量,50112,112_シンガポール,2012000000,2012年,0,
30301000,30301_原油及び粗油,150,2月_数量,50112,112_シンガポール,2011000000,2011年,0,
30301000,30301_原油及び粗油,150,2月_数量,50113,113_マレーシア,2015000000,2015年,31585,
30301000,30301_原油及び粗油,150,2月_数量,50113,113_マレーシア,2014000000,2014年,62834,
30301000,30301_原油及び粗油,150,2月_数量,50113,113_マレーシア,2013000000,2013年,112984,
30301000,30301_原油及び粗油,150,2月_数量,50113,113_マレーシア,2012000000,2012年,118386,
30301000,30301_原油及び粗油,150,2月_数量,50113,113_マレーシア,2011000000,2011年,113399,
30301000,30301_原油及び粗油,150,2月_数量,50116,116_ブルネイ,2015000000,2015年,32359,
30301000,30301_原油及び粗油,150,2月_数量,50116,116_ブルネイ,2014000000,2014年,0,
30301000,30301_原油及び粗油,150,2月_数量,50116,116_ブルネイ,2013000000,2013年,99360,
30301000,30301_原油及び粗油,150,2月_数量,50116,116_ブルネイ,2012000000,2012年,46518,
30301000,30301_原油及び粗油,150,2月_数量,50116,116_ブルネイ,2011000000,2011年,142730,
30301000,30301_原油及び粗油,150,2月_数量,50118,118_インドネシア,2015000000,2015年,364407,
30301000,30301_原油及び粗油,150,2月_数量,50118,118_インドネシア,2014000000,2014年,521589,
30301000,30301_原油及び粗油,150,2月_数量,50118,118_インドネシア,2013000000,2013年,657384,
30301000,30301_原油及び粗油,150,2月_数量,50118,118_インドネシア,2012000000,2012年,856043,
30301000,30301_原油及び粗油,150,2月_数量,50118,118_インドネシア,2011000000,2011年,402566,
30301000,30301_原油及び粗油,150,2月_数量,50123,123_インド,2013000000,2013年,0,
30301000,30301_原油及び粗油,150,2月_数量,50123,123_インド,2011000000,2011年,0,
30301000,30301_原油及び粗油,150,2月_数量,50125,125_スリランカ,2015000000,2015年,0,
30301000,30301_原油及び粗油,150,2月_数量,50128,128_東ティモール,2012000000,2012年,0,
30301000,30301_原油及び粗油,150,2月_数量,50133,133_イラン,2015000000,2015年,525646,
30301000,30301_原油及び粗油,150,2月_数量,50133,133_イラン,2014000000,2014年,939456,
30301000,30301_原油及び粗油,150,2月_数量,50133,133_イラン,2013000000,2013年,1430373,
30301000,30301_原油及び粗油,150,2月_数量,50133,133_イラン,2012000000,2012年,1234082,
30301000,30301_原油及び粗油,150,2月_数量,50133,133_イラン,2011000000,2011年,2180271,
30301000,30301_原油及び粗油,150,2月_数量,50134,134_イラク,2015000000,2015年,325281,
30301000,30301_原油及び粗油,150,2月_数量,50134,134_イラク,2014000000,2014年,156557,
30301000,30301_原油及び粗油,150,2月_数量,50134,134_イラク,2013000000,2013年,319716,
30301000,30301_原油及び粗油,150,2月_数量,50134,134_イラク,2012000000,2012年,314738,
30301000,30301_原油及び粗油,150,2月_数量,50134,134_イラク,2011000000,2011年,1239616,
30301000,30301_原油及び粗油,150,2月_数量,50137,137_サウジアラビア,2015000000,2015年,5152899,
30301000,30301_原油及び粗油,150,2月_数量,50137,137_サウジアラビア,2014000000,2014年,5585297,
30301000,30301_原油及び粗油,150,2月_数量,50137,137_サウジアラビア,2013000000,2013年,6036972,
30301000,30301_原油及び粗油,150,2月_数量,50137,137_サウジアラビア,2012000000,2012年,5971815,
30301000,30301_原油及び粗油,150,2月_数量,50137,137_サウジアラビア,2011000000,2011年,6115389,
30301000,30301_原油及び粗油,150,2月_数量,50138,138_クウェート,2015000000,2015年,1225645,
30301000,30301_原油及び粗油,150,2月_数量,50138,138_クウェート,2014000000,2014年,1041838,
30301000,30301_原油及び粗油,150,2月_数量,50138,138_クウェート,2013000000,2013年,1446489,
30301000,30301_原油及び粗油,150,2月_数量,50138,138_クウェート,2012000000,2012年,1166361,
30301000,30301_原油及び粗油,150,2月_数量,50138,138_クウェート,2011000000,2011年,774674,
30301000,30301_原油及び粗油,150,2月_数量,50140,140_カタール,2015000000,2015年,1409139,
30301000,30301_原油及び粗油,150,2月_数量,50140,140_カタール,2014000000,2014年,2052598,
30301000,30301_原油及び粗油,150,2月_数量,50140,140_カタール,2013000000,2013年,2064164,
30301000,30301_原油及び粗油,150,2月_数量,50140,140_カタール,2012000000,2012年,2070841,
30301000,30301_原油及び粗油,150,2月_数量,50140,140_カタール,2011000000,2011年,1962309,
30301000,30301_原油及び粗油,150,2月_数量,50141,141_オマーン,2015000000,2015年,217793,
30301000,30301_原油及び粗油,150,2月_数量,50141,141_オマーン,2014000000,2014年,142397,
30301000,30301_原油及び粗油,150,2月_数量,50141,141_オマーン,2013000000,2013年,239327,
30301000,30301_原油及び粗油,150,2月_数量,50141,141_オマーン,2012000000,2012年,670216,
30301000,30301_原油及び粗油,150,2月_数量,50141,141_オマーン,2011000000,2011年,481524,
30301000,30301_原油及び粗油,150,2月_数量,50147,147_アラブ首長国連邦,2015000000,2015年,3463155,
30301000,30301_原油及び粗油,150,2月_数量,50147,147_アラブ首長国連邦,2014000000,2014年,4219578,
30301000,30301_原油及び粗油,150,2月_数量,50147,147_アラブ首長国連邦,2013000000,2013年,4074830,
30301000,30301_原油及び粗油,150,2月_数量,50147,147_アラブ首長国連邦,2012000000,2012年,4383640,
30301000,30301_原油及び粗油,150,2月_数量,50147,147_アラブ首長国連邦,2011000000,2011年,3873474,
30301000,30301_原油及び粗油,150,2月_数量,50149,149_イエメン,2015000000,2015年,37159,
30301000,30301_原油及び粗油,150,2月_数量,50149,149_イエメン,2014000000,2014年,15901,
30301000,30301_原油及び粗油,150,2月_数量,50149,149_イエメン,2013000000,2013年,84880,
30301000,30301_原油及び粗油,150,2月_数量,50149,149_イエメン,2012000000,2012年,0,
30301000,30301_原油及び粗油,150,2月_数量,50149,149_イエメン,2011000000,2011年,66037,
30301000,30301_原油及び粗油,150,2月_数量,50150,150_アゼルバイジャン,2012000000,2012年,0,
30301000,30301_原油及び粗油,150,2月_数量,50153,153_カザフスタン,2015000000,2015年,0,
30301000,30301_原油及び粗油,150,2月_数量,50153,153_カザフスタン,2014000000,2014年,0,
30301000,30301_原油及び粗油,150,2月_数量,50153,153_カザフスタン,2013000000,2013年,0,
30301000,30301_原油及び粗油,150,2月_数量,50202,202_ノルウェー,2014000000,2014年,58683,
30301000,30301_原油及び粗油,150,2月_数量,50202,202_ノルウェー,2013000000,2013年,0,
30301000,30301_原油及び粗油,150,2月_数量,50205,205_英国,2012000000,2012年,0,
30301000,30301_原油及び粗油,150,2月_数量,50205,205_英国,2011000000,2011年,0,
30301000,30301_原油及び粗油,150,2月_数量,50213,213_ドイツ,2014000000,2014年,0,
30301000,30301_原油及び粗油,150,2月_数量,50224,224_ロシア,2015000000,2015年,1772568,
30301000,30301_原油及び粗油,150,2月_数量,50224,224_ロシア,2014000000,2014年,1816911,
30301000,30301_原油及び粗油,150,2月_数量,50224,224_ロシア,2013000000,2013年,1070500,
30301000,30301_原油及び粗油,150,2月_数量,50224,224_ロシア,2012000000,2012年,828280,
30301000,30301_原油及び粗油,150,2月_数量,50224,224_ロシア,2011000000,2011年,1150695,
30301000,30301_原油及び粗油,150,2月_数量,50304,304_アメリカ合衆国,2015000000,2015年,0,
30301000,30301_原油及び粗油,150,2月_数量,50304,304_アメリカ合衆国,2014000000,2014年,0,
30301000,30301_原油及び粗油,150,2月_数量,50305,305_メキシコ,2015000000,2015年,67012,
30301000,30301_原油及び粗油,150,2月_数量,50305,305_メキシコ,2014000000,2014年,0,
30301000,30301_原油及び粗油,150,2月_数量,50315,315_バハマ,2015000000,2015年,0,
30301000,30301_原油及び粗油,150,2月_数量,50315,315_バハマ,2013000000,2013年,0,
30301000,30301_原油及び粗油,150,2月_数量,50401,401_コロンビア,2015000000,2015年,155418,
30301000,30301_原油及び粗油,150,2月_数量,50401,401_コロンビア,2014000000,2014年,0,
30301000,30301_原油及び粗油,150,2月_数量,50401,401_コロンビア,2011000000,2011年,0,
30301000,30301_原油及び粗油,150,2月_数量,50402,402_ベネズエラ,2015000000,2015年,125228,
30301000,30301_原油及び粗油,150,2月_数量,50402,402_ベネズエラ,2014000000,2014年,0,
30301000,30301_原油及び粗油,150,2月_数量,50402,402_ベネズエラ,2013000000,2013年,0,
30301000,30301_原油及び粗油,150,2月_数量,50402,402_ベネズエラ,2012000000,2012年,80096,
30301000,30301_原油及び粗油,150,2月_数量,50406,406_エクアドル,2015000000,2015年,172327,
30301000,30301_原油及び粗油,150,2月_数量,50406,406_エクアドル,2014000000,2014年,112713,
30301000,30301_原油及び粗油,150,2月_数量,50406,406_エクアドル,2013000000,2013年,117708,
30301000,30301_原油及び粗油,150,2月_数量,50406,406_エクアドル,2012000000,2012年,94090,
30301000,30301_原油及び粗油,150,2月_数量,50406,406_エクアドル,2011000000,2011年,0,
30301000,30301_原油及び粗油,150,2月_数量,50410,410_ブラジル,2014000000,2014年,0,
30301000,30301_原油及び粗油,150,2月_数量,50413,413_アルゼンチン,2012000000,2012年,0,
30301000,30301_原油及び粗油,150,2月_数量,50503,503_アルジェリア,2013000000,2013年,0,
30301000,30301_原油及び粗油,150,2月_数量,50503,503_アルジェリア,2011000000,2011年,0,
30301000,30301_原油及び粗油,150,2月_数量,50505,505_リビア,2014000000,2014年,0,
30301000,30301_原油及び粗油,150,2月_数量,50505,505_リビア,2013000000,2013年,115755,
30301000,30301_原油及び粗油,150,2月_数量,50505,505_リビア,2012000000,2012年,45215,
30301000,30301_原油及び粗油,150,2月_数量,50507,507_スーダン,2015000000,2015年,0,
30301000,30301_原油及び粗油,150,2月_数量,50507,507_スーダン,2014000000,2014年,40500,
30301000,30301_原油及び粗油,150,2月_数量,50507,507_スーダン,2013000000,2013年,0,
30301000,30301_原油及び粗油,150,2月_数量,50507,507_スーダン,2012000000,2012年,116285,
30301000,30301_原油及び粗油,150,2月_数量,50507,507_スーダン,2011000000,2011年,160223,
30301000,30301_原油及び粗油,150,2月_数量,50524,524_ナイジェリア,2014000000,2014年,0,
30301000,30301_原油及び粗油,150,2月_数量,50524,524_ナイジェリア,2013000000,2013年,0,
30301000,30301_原油及び粗油,150,2月_数量,50524,524_ナイジェリア,2012000000,2012年,0,
30301000,30301_原油及び粗油,150,2月_数量,50524,524_ナイジェリア,2011000000,2011年,0,
30301000,30301_原油及び粗油,150,2月_数量,50527,527_カメルーン,2013000000,2013年,0,
30301000,30301_原油及び粗油,150,2月_数量,50528,528_チャド,2015000000,2015年,201520,
30301000,30301_原油及び粗油,150,2月_数量,50528,528_チャド,2014000000,2014年,191954,
30301000,30301_原油及び粗油,150,2月_数量,50528,528_チャド,2013000000,2013年,11795,
30301000,30301_原油及び粗油,150,2月_数量,50528,528_チャド,2012000000,2012年,0,
30301000,30301_原油及び粗油,150,2月_数量,50530,530_赤道ギニア,2012000000,2012年,0,
30301000,30301_原油及び粗油,150,2月_数量,50531,531_ガボン,2015000000,2015年,102797,
30301000,30301_原油及び粗油,150,2月_数量,50531,531_ガボン,2014000000,2014年,303359,
30301000,30301_原油及び粗油,150,2月_数量,50531,531_ガボン,2013000000,2013年,365936,
30301000,30301_原油及び粗油,150,2月_数量,50531,531_ガボン,2012000000,2012年,456893,
30301000,30301_原油及び粗油,150,2月_数量,50531,531_ガボン,2011000000,2011年,0,
30301000,30301_原油及び粗油,150,2月_数量,50535,535_アンゴラ,2015000000,2015年,0,
30301000,30301_原油及び粗油,150,2月_数量,50535,535_アンゴラ,2014000000,2014年,0,
30301000,30301_原油及び粗油,150,2月_数量,50535,535_アンゴラ,2013000000,2013年,0,
30301000,30301_原油及び粗油,150,2月_数量,50535,535_アンゴラ,2012000000,2012年,47824,
30301000,30301_原油及び粗油,150,2月_数量,50535,535_アンゴラ,2011000000,2011年,0,
30301000,30301_原油及び粗油,150,2月_数量,50560,560_南スーダン,2012000000,2012年,0,
30301000,30301_原油及び粗油,150,2月_数量,50560,560_南スーダン,2011000000,2011年,0,
30301000,30301_原油及び粗油,150,2月_数量,50601,601_オーストラリア,2015000000,2015年,0,
30301000,30301_原油及び粗油,150,2月_数量,50601,601_オーストラリア,2014000000,2014年,89886,
30301000,30301_原油及び粗油,150,2月_数量,50601,601_オーストラリア,2013000000,2013年,157087,
30301000,30301_原油及び粗油,150,2月_数量,50601,601_オーストラリア,2012000000,2012年,345419,
30301000,30301_原油及び粗油,150,2月_数量,50601,601_オーストラリア,2011000000,2011年,99126,
30301000,30301_原油及び粗油,150,2月_数量,50602,602_パプアニューギニア,2015000000,2015年,0,
30301000,30301_原油及び粗油,150,2月_数量,50602,602_パプアニューギニア,2013000000,2013年,0,
30301000,30301_原油及び粗油,150,2月_数量,50602,602_パプアニューギニア,2012000000,2012年,0,
30301000,30301_原油及び粗油,150,2月_数量,50602,602_パプアニューギニア,2011000000,2011年,0,
30301000,30301_原油及び粗油,150,2月_数量,50703,703_保税工場・総合保税地域,2014000000,2014年,0,
30301000,30301_原油及び粗油,160,2月_金額,50103,103_大韓民国,2012000000,2012年,0,千円
30301000,30301_原油及び粗油,160,2月_金額,50103,103_大韓民国,2011000000,2011年,2411465,千円
30301000,30301_原油及び粗油,160,2月_金額,50105,105_中華人民共和国,2015000000,2015年,0,千円
30301000,30301_原油及び粗油,160,2月_金額,50105,105_中華人民共和国,2013000000,2013年,0,千円
30301000,30301_原油及び粗油,160,2月_金額,50105,105_中華人民共和国,2012000000,2012年,1623060,千円
30301000,30301_原油及び粗油,160,2月_金額,50105,105_中華人民共和国,2011000000,2011年,0,千円
30301000,30301_原油及び粗油,160,2月_金額,50110,110_ベトナム,2015000000,2015年,5558369,千円
30301000,30301_原油及び粗油,160,2月_金額,50110,110_ベトナム,2014000000,2014年,11025204,千円
30301000,30301_原油及び粗油,160,2月_金額,50110,110_ベトナム,2013000000,2013年,19954121,千円
30301000,30301_原油及び粗油,160,2月_金額,50110,110_ベトナム,2012000000,2012年,20266464,千円
30301000,30301_原油及び粗油,160,2月_金額,50110,110_ベトナム,2011000000,2011年,2915397,千円
30301000,30301_原油及び粗油,160,2月_金額,50112,112_シンガポール,2015000000,2015年,0,千円
30301000,30301_原油及び粗油,160,2月_金額,50112,112_シンガポール,2014000000,2014年,0,千円
30301000,30301_原油及び粗油,160,2月_金額,50112,112_シンガポール,2012000000,2012年,0,千円
30301000,30301_原油及び粗油,160,2月_金額,50112,112_シンガポール,2011000000,2011年,0,千円
30301000,30301_原油及び粗油,160,2月_金額,50113,113_マレーシア,2015000000,2015年,1313039,千円
30301000,30301_原油及び粗油,160,2月_金額,50113,113_マレーシア,2014000000,2014年,4834893,千円
30301000,30301_原油及び粗油,160,2月_金額,50113,113_マレーシア,2013000000,2013年,8592163,千円
30301000,30301_原油及び粗油,160,2月_金額,50113,113_マレーシア,2012000000,2012年,7179483,千円
30301000,30301_原油及び粗油,160,2月_金額,50113,113_マレーシア,2011000000,2011年,5828851,千円
30301000,30301_原油及び粗油,160,2月_金額,50116,116_ブルネイ,2015000000,2015年,1285906,千円
30301000,30301_原油及び粗油,160,2月_金額,50116,116_ブルネイ,2014000000,2014年,0,千円
30301000,30301_原油及び粗油,160,2月_金額,50116,116_ブルネイ,2013000000,2013年,6643556,千円
30301000,30301_原油及び粗油,160,2月_金額,50116,116_ブルネイ,2012000000,2012年,2943018,千円
30301000,30301_原油及び粗油,160,2月_金額,50116,116_ブルネイ,2011000000,2011年,7511731,千円
30301000,30301_原油及び粗油,160,2月_金額,50118,118_インドネシア,2015000000,2015年,14758244,千円
30301000,30301_原油及び粗油,160,2月_金額,50118,118_インドネシア,2014000000,2014年,38868508,千円
30301000,30301_原油及び粗油,160,2月_金額,50118,118_インドネシア,2013000000,2013年,45663997,千円
30301000,30301_原油及び粗油,160,2月_金額,50118,118_インドネシア,2012000000,2012年,51156811,千円
30301000,30301_原油及び粗油,160,2月_金額,50118,118_インドネシア,2011000000,2011年,20764434,千円
30301000,30301_原油及び粗油,160,2月_金額,50123,123_インド,2013000000,2013年,0,千円
30301000,30301_原油及び粗油,160,2月_金額,50123,123_インド,2011000000,2011年,0,千円
30301000,30301_原油及び粗油,160,2月_金額,50125,125_スリランカ,2015000000,2015年,0,千円
30301000,30301_原油及び粗油,160,2月_金額,50128,128_東ティモール,2012000000,2012年,0,千円
30301000,30301_原油及び粗油,160,2月_金額,50133,133_イラン,2015000000,2015年,19054182,千円
30301000,30301_原油及び粗油,160,2月_金額,50133,133_イラン,2014000000,2014年,64822832,千円
30301000,30301_原油及び粗油,160,2月_金額,50133,133_イラン,2013000000,2013年,86780037,千円
30301000,30301_原油及び粗油,160,2月_金額,50133,133_イラン,2012000000,2012年,68054823,千円
30301000,30301_原油及び粗油,160,2月_金額,50133,133_イラン,2011000000,2011年,107475123,千円
30301000,30301_原油及び粗油,160,2月_金額,50134,134_イラク,2015000000,2015年,10131579,千円
30301000,30301_原油及び粗油,160,2月_金額,50134,134_イラク,2014000000,2014年,11318494,千円
30301000,30301_原油及び粗油,160,2月_金額,50134,134_イラク,2013000000,2013年,19368322,千円
30301000,30301_原油及び粗油,160,2月_金額,50134,134_イラク,2012000000,2012年,17173633,千円
30301000,30301_原油及び粗油,160,2月_金額,50134,134_イラク,2011000000,2011年,60161806,千円
30301000,30301_原油及び粗油,160,2月_金額,50137,137_サウジアラビア,2015000000,2015年,186977209,千円
30301000,30301_原油及び粗油,160,2月_金額,50137,137_サウジアラビア,2014000000,2014年,398840818,千円
30301000,30301_原油及び粗油,160,2月_金額,50137,137_サウジアラビア,2013000000,2013年,394449972,千円
30301000,30301_原油及び粗油,160,2月_金額,50137,137_サウジアラビア,2012000000,2012年,338285864,千円
30301000,30301_原油及び粗油,160,2月_金額,50137,137_サウジアラビア,2011000000,2011年,303835989,千円
30301000,30301_原油及び粗油,160,2月_金額,50138,138_クウェート,2015000000,2015年,41783581,千円
30301000,30301_原油及び粗油,160,2月_金額,50138,138_クウェート,2014000000,2014年,71831756,千円
30301000,30301_原油及び粗油,160,2月_金額,50138,138_クウェート,2013000000,2013年,91845714,千円
30301000,30301_原油及び粗油,160,2月_金額,50138,138_クウェート,2012000000,2012年,65392804,千円
30301000,30301_原油及び粗油,160,2月_金額,50138,138_クウェート,2011000000,2011年,37818589,千円
30301000,30301_原油及び粗油,160,2月_金額,50140,140_カタール,2015000000,2015年,49434122,千円
30301000,30301_原油及び粗油,160,2月_金額,50140,140_カタール,2014000000,2014年,146333741,千円
30301000,30301_原油及び粗油,160,2月_金額,50140,140_カタール,2013000000,2013年,133230814,千円
30301000,30301_原油及び粗油,160,2月_金額,50140,140_カタール,2012000000,2012年,114108788,千円
30301000,30301_原油及び粗油,160,2月_金額,50140,140_カタール,2011000000,2011年,96911032,千円
30301000,30301_原油及び粗油,160,2月_金額,50141,141_オマーン,2015000000,2015年,9609361,千円
30301000,30301_原油及び粗油,160,2月_金額,50141,141_オマーン,2014000000,2014年,10250486,千円
30301000,30301_原油及び粗油,160,2月_金額,50141,141_オマーン,2013000000,2013年,15479873,千円
30301000,30301_原油及び粗油,160,2月_金額,50141,141_オマーン,2012000000,2012年,37351220,千円
30301000,30301_原油及び粗油,160,2月_金額,50141,141_オマーン,2011000000,2011年,23076890,千円
30301000,30301_原油及び粗油,160,2月_金額,50147,147_アラブ首長国連邦,2015000000,2015年,126359886,千円
30301000,30301_原油及び粗油,160,2月_金額,50147,147_アラブ首長国連邦,2014000000,2014年,305374898,千円
30301000,30301_原油及び粗油,160,2月_金額,50147,147_アラブ首長国連邦,2013000000,2013年,267053783,千円
30301000,30301_原油及び粗油,160,2月_金額,50147,147_アラブ首長国連邦,2012000000,2012年,245373044,千円
30301000,30301_原油及び粗油,160,2月_金額,50147,147_アラブ首長国連邦,2011000000,2011年,194222175,千円
30301000,30301_原油及び粗油,160,2月_金額,50149,149_イエメン,2015000000,2015年,1552990,千円
30301000,30301_原油及び粗油,160,2月_金額,50149,149_イエメン,2014000000,2014年,1150801,千円
30301000,30301_原油及び粗油,160,2月_金額,50149,149_イエメン,2013000000,2013年,5783170,千円
30301000,30301_原油及び粗油,160,2月_金額,50149,149_イエメン,2012000000,2012年,0,千円
30301000,30301_原油及び粗油,160,2月_金額,50149,149_イエメン,2011000000,2011年,3452633,千円
30301000,30301_原油及び粗油,160,2月_金額,50150,150_アゼルバイジャン,2012000000,2012年,0,千円
30301000,30301_原油及び粗油,160,2月_金額,50153,153_カザフスタン,2015000000,2015年,0,千円
30301000,30301_原油及び粗油,160,2月_金額,50153,153_カザフスタン,2014000000,2014年,0,千円
30301000,30301_原油及び粗油,160,2月_金額,50153,153_カザフスタン,2013000000,2013年,0,千円
30301000,30301_原油及び粗油,160,2月_金額,50202,202_ノルウェー,2014000000,2014年,4513327,千円
30301000,30301_原油及び粗油,160,2月_金額,50202,202_ノルウェー,2013000000,2013年,0,千円
30301000,30301_原油及び粗油,160,2月_金額,50205,205_英国,2012000000,2012年,0,千円
30301000,30301_原油及び粗油,160,2月_金額,50205,205_英国,2011000000,2011年,0,千円
30301000,30301_原油及び粗油,160,2月_金額,50213,213_ドイツ,2014000000,2014年,13642,千円
30301000,30301_原油及び粗油,160,2月_金額,50224,224_ロシア,2015000000,2015年,68472594,千円
30301000,30301_原油及び粗油,160,2月_金額,50224,224_ロシア,2014000000,2014年,131799105,千円
30301000,30301_原油及び粗油,160,2月_金額,50224,224_ロシア,2013000000,2013年,70236445,千円
30301000,30301_原油及び粗油,160,2月_金額,50224,224_ロシア,2012000000,2012年,47838048,千円
30301000,30301_原油及び粗油,160,2月_金額,50224,224_ロシア,2011000000,2011年,58147183,千円
30301000,30301_原油及び粗油,160,2月_金額,50304,304_アメリカ合衆国,2015000000,2015年,0,千円
30301000,30301_原油及び粗油,160,2月_金額,50304,304_アメリカ合衆国,2014000000,2014年,0,千円
30301000,30301_原油及び粗油,160,2月_金額,50305,305_メキシコ,2015000000,2015年,2731283,千円
30301000,30301_原油及び粗油,160,2月_金額,50305,305_メキシコ,2014000000,2014年,0,千円
30301000,30301_原油及び粗油,160,2月_金額,50315,315_バハマ,2015000000,2015年,0,千円
30301000,30301_原油及び粗油,160,2月_金額,50315,315_バハマ,2013000000,2013年,0,千円
30301000,30301_原油及び粗油,160,2月_金額,50401,401_コロンビア,2015000000,2015年,4824511,千円
30301000,30301_原油及び粗油,160,2月_金額,50401,401_コロンビア,2014000000,2014年,0,千円
30301000,30301_原油及び粗油,160,2月_金額,50401,401_コロンビア,2011000000,2011年,0,千円
30301000,30301_原油及び粗油,160,2月_金額,50402,402_ベネズエラ,2015000000,2015年,5916484,千円
30301000,30301_原油及び粗油,160,2月_金額,50402,402_ベネズエラ,2014000000,2014年,0,千円
30301000,30301_原油及び粗油,160,2月_金額,50402,402_ベネズエラ,2013000000,2013年,0,千円
30301000,30301_原油及び粗油,160,2月_金額,50402,402_ベネズエラ,2012000000,2012年,4582696,千円
30301000,30301_原油及び粗油,160,2月_金額,50406,406_エクアドル,2015000000,2015年,5428744,千円
30301000,30301_原油及び粗油,160,2月_金額,50406,406_エクアドル,2014000000,2014年,7204655,千円
30301000,30301_原油及び粗油,160,2月_金額,50406,406_エクアドル,2013000000,2013年,7097207,千円
30301000,30301_原油及び粗油,160,2月_金額,50406,406_エクアドル,2012000000,2012年,5038047,千円
30301000,30301_原油及び粗油,160,2月_金額,50406,406_エクアドル,2011000000,2011年,0,千円
30301000,30301_原油及び粗油,160,2月_金額,50410,410_ブラジル,2014000000,2014年,0,千円
30301000,30301_原油及び粗油,160,2月_金額,50413,413_アルゼンチン,2012000000,2012年,0,千円
30301000,30301_原油及び粗油,160,2月_金額,50503,503_アルジェリア,2013000000,2013年,0,千円
30301000,30301_原油及び粗油,160,2月_金額,50503,503_アルジェリア,2011000000,2011年,0,千円
30301000,30301_原油及び粗油,160,2月_金額,50505,505_リビア,2014000000,2014年,0,千円
30301000,30301_原油及び粗油,160,2月_金額,50505,505_リビア,2013000000,2013年,8030048,千円
30301000,30301_原油及び粗油,160,2月_金額,50505,505_リビア,2012000000,2012年,2621412,千円
30301000,30301_原油及び粗油,160,2月_金額,50507,507_スーダン,2015000000,2015年,0,千円
30301000,30301_原油及び粗油,160,2月_金額,50507,507_スーダン,2014000000,2014年,3241621,千円
30301000,30301_原油及び粗油,160,2月_金額,50507,507_スーダン,2013000000,2013年,0,千円
30301000,30301_原油及び粗油,160,2月_金額,50507,507_スーダン,2012000000,2012年,7038286,千円
30301000,30301_原油及び粗油,160,2月_金額,50507,507_スーダン,2011000000,2011年,8153671,千円
30301000,30301_原油及び粗油,160,2月_金額,50524,524_ナイジェリア,2014000000,2014年,0,千円
30301000,30301_原油及び粗油,160,2月_金額,50524,524_ナイジェリア,2013000000,2013年,0,千円
30301000,30301_原油及び粗油,160,2月_金額,50524,524_ナイジェリア,2012000000,2012年,0,千円
30301000,30301_原油及び粗油,160,2月_金額,50524,524_ナイジェリア,2011000000,2011年,0,千円
30301000,30301_原油及び粗油,160,2月_金額,50527,527_カメルーン,2013000000,2013年,0,千円
30301000,30301_原油及び粗油,160,2月_金額,50528,528_チャド,2015000000,2015年,10135527,千円
30301000,30301_原油及び粗油,160,2月_金額,50528,528_チャド,2014000000,2014年,13553754,千円
30301000,30301_原油及び粗油,160,2月_金額,50528,528_チャド,2013000000,2013年,852268,千円
30301000,30301_原油及び粗油,160,2月_金額,50528,528_チャド,2012000000,2012年,0,千円
30301000,30301_原油及び粗油,160,2月_金額,50530,530_赤道ギニア,2012000000,2012年,0,千円
30301000,30301_原油及び粗油,160,2月_金額,50531,531_ガボン,2015000000,2015年,4110136,千円
30301000,30301_原油及び粗油,160,2月_金額,50531,531_ガボン,2014000000,2014年,23121253,千円
30301000,30301_原油及び粗油,160,2月_金額,50531,531_ガボン,2013000000,2013年,26055245,千円
30301000,30301_原油及び粗油,160,2月_金額,50531,531_ガボン,2012000000,2012年,26850569,千円
30301000,30301_原油及び粗油,160,2月_金額,50531,531_ガボン,2011000000,2011年,0,千円
30301000,30301_原油及び粗油,160,2月_金額,50535,535_アンゴラ,2015000000,2015年,0,千円
30301000,30301_原油及び粗油,160,2月_金額,50535,535_アンゴラ,2014000000,2014年,0,千円
30301000,30301_原油及び粗油,160,2月_金額,50535,535_アンゴラ,2013000000,2013年,0,千円
30301000,30301_原油及び粗油,160,2月_金額,50535,535_アンゴラ,2012000000,2012年,2753709,千円
30301000,30301_原油及び粗油,160,2月_金額,50535,535_アンゴラ,2011000000,2011年,0,千円
30301000,30301_原油及び粗油,160,2月_金額,50560,560_南スーダン,2012000000,2012年,0,千円
30301000,30301_原油及び粗油,160,2月_金額,50560,560_南スーダン,2011000000,2011年,0,千円
30301000,30301_原油及び粗油,160,2月_金額,50601,601_オーストラリア,2015000000,2015年,0,千円
30301000,30301_原油及び粗油,160,2月_金額,50601,601_オーストラリア,2014000000,2014年,7080385,千円
30301000,30301_原油及び粗油,160,2月_金額,50601,601_オーストラリア,2013000000,2013年,10483249,千円
30301000,30301_原油及び粗油,160,2月_金額,50601,601_オーストラリア,2012000000,2012年,18492682,千円
30301000,30301_原油及び粗油,160,2月_金額,50601,601_オーストラリア,2011000000,2011年,5313919,千円
30301000,30301_原油及び粗油,160,2月_金額,50602,602_パプアニューギニア,2015000000,2015年,0,千円
30301000,30301_原油及び粗油,160,2月_金額,50602,602_パプアニューギニア,2013000000,2013年,0,千円
30301000,30301_原油及び粗油,160,2月_金額,50602,602_パプアニューギニア,2012000000,2012年,0,千円
30301000,30301_原油及び粗油,160,2月_金額,50602,602_パプアニューギニア,2011000000,2011年,0,千円
30301000,30301_原油及び粗油,160,2月_金額,50703,703_保税工場・総合保税地域,2014000000,2014年,0,千円
30301000,30301_原油及び粗油,170,3月_数量,50103,103_大韓民国,2012000000,2012年,0,
30301000,30301_原油及び粗油,170,3月_数量,50103,103_大韓民国,2011000000,2011年,111736,
30301000,30301_原油及び粗油,170,3月_数量,50105,105_中華人民共和国,2015000000,2015年,0,
30301000,30301_原油及び粗油,170,3月_数量,50105,105_中華人民共和国,2013000000,2013年,31407,
30301000,30301_原油及び粗油,170,3月_数量,50105,105_中華人民共和国,2012000000,2012年,88492,
30301000,30301_原油及び粗油,170,3月_数量,50105,105_中華人民共和国,2011000000,2011年,0,
30301000,30301_原油及び粗油,170,3月_数量,50110,110_ベトナム,2015000000,2015年,130345,
30301000,30301_原油及び粗油,170,3月_数量,50110,110_ベトナム,2014000000,2014年,402257,
30301000,30301_原油及び粗油,170,3月_数量,50110,110_ベトナム,2013000000,2013年,109502,
30301000,30301_原油及び粗油,170,3月_数量,50110,110_ベトナム,2012000000,2012年,461190,
30301000,30301_原油及び粗油,170,3月_数量,50110,110_ベトナム,2011000000,2011年,25037,
30301000,30301_原油及び粗油,170,3月_数量,50112,112_シンガポール,2015000000,2015年,0,
30301000,30301_原油及び粗油,170,3月_数量,50112,112_シンガポール,2014000000,2014年,0,
30301000,30301_原油及び粗油,170,3月_数量,50112,112_シンガポール,2012000000,2012年,0,
30301000,30301_原油及び粗油,170,3月_数量,50112,112_シンガポール,2011000000,2011年,0,
30301000,30301_原油及び粗油,170,3月_数量,50113,113_マレーシア,2015000000,2015年,71465,
30301000,30301_原油及び粗油,170,3月_数量,50113,113_マレーシア,2014000000,2014年,129991,
30301000,30301_原油及び粗油,170,3月_数量,50113,113_マレーシア,2013000000,2013年,151239,
30301000,30301_原油及び粗油,170,3月_数量,50113,113_マレーシア,2012000000,2012年,96284,
30301000,30301_原油及び粗油,170,3月_数量,50113,113_マレーシア,2011000000,2011年,69835,
30301000,30301_原油及び粗油,170,3月_数量,50116,116_ブルネイ,2015000000,2015年,45200,
30301000,30301_原油及び粗油,170,3月_数量,50116,116_ブルネイ,2014000000,2014年,122304,
30301000,30301_原油及び粗油,170,3月_数量,50116,116_ブルネイ,2013000000,2013年,154284,
30301000,30301_原油及び粗油,170,3月_数量,50116,116_ブルネイ,2012000000,2012年,109005,
30301000,30301_原油及び粗油,170,3月_数量,50116,116_ブルネイ,2011000000,2011年,0,
30301000,30301_原油及び粗油,170,3月_数量,50118,118_インドネシア,2015000000,2015年,374276,
30301000,30301_原油及び粗油,170,3月_数量,50118,118_インドネシア,2014000000,2014年,600116,
30301000,30301_原油及び粗油,170,3月_数量,50118,118_インドネシア,2013000000,2013年,584406,
30301000,30301_原油及び粗油,170,3月_数量,50118,118_インドネシア,2012000000,2012年,745047,
30301000,30301_原油及び粗油,170,3月_数量,50118,118_インドネシア,2011000000,2011年,480892,
30301000,30301_原油及び粗油,170,3月_数量,50123,123_インド,2013000000,2013年,0,
30301000,30301_原油及び粗油,170,3月_数量,50123,123_インド,2011000000,2011年,0,
30301000,30301_原油及び粗油,170,3月_数量,50125,125_スリランカ,2015000000,2015年,15806,
30301000,30301_原油及び粗油,170,3月_数量,50128,128_東ティモール,2012000000,2012年,0,
30301000,30301_原油及び粗油,170,3月_数量,50133,133_イラン,2015000000,2015年,1660820,
30301000,30301_原油及び粗油,170,3月_数量,50133,133_イラン,2014000000,2014年,1122465,
30301000,30301_原油及び粗油,170,3月_数量,50133,133_イラン,2013000000,2013年,863502,
30301000,30301_原油及び粗油,170,3月_数量,50133,133_イラン,2012000000,2012年,1751737,
30301000,30301_原油及び粗油,170,3月_数量,50133,133_イラン,2011000000,2011年,1868763,
30301000,30301_原油及び粗油,170,3月_数量,50134,134_イラク,2015000000,2015年,277728,
30301000,30301_原油及び粗油,170,3月_数量,50134,134_イラク,2014000000,2014年,310710,
30301000,30301_原油及び粗油,170,3月_数量,50134,134_イラク,2013000000,2013年,442850,
30301000,30301_原油及び粗油,170,3月_数量,50134,134_イラク,2012000000,2012年,0,
30301000,30301_原油及び粗油,170,3月_数量,50134,134_イラク,2011000000,2011年,190649,
30301000,30301_原油及び粗油,170,3月_数量,50137,137_サウジアラビア,2015000000,2015年,5586011,
30301000,30301_原油及び粗油,170,3月_数量,50137,137_サウジアラビア,2014000000,2014年,6522216,
30301000,30301_原油及び粗油,170,3月_数量,50137,137_サウジアラビア,2013000000,2013年,5291296,
30301000,30301_原油及び粗油,170,3月_数量,50137,137_サウジアラビア,2012000000,2012年,6088325,
30301000,30301_原油及び粗油,170,3月_数量,50137,137_サウジアラビア,2011000000,2011年,6193384,
30301000,30301_原油及び粗油,170,3月_数量,50138,138_クウェート,2015000000,2015年,1232918,
30301000,30301_原油及び粗油,170,3月_数量,50138,138_クウェート,2014000000,2014年,1496723,
30301000,30301_原油及び粗油,170,3月_数量,50138,138_クウェート,2013000000,2013年,1096647,
30301000,30301_原油及び粗油,170,3月_数量,50138,138_クウェート,2012000000,2012年,1789932,
30301000,30301_原油及び粗油,170,3月_数量,50138,138_クウェート,2011000000,2011年,951354,
30301000,30301_原油及び粗油,170,3月_数量,50140,140_カタール,2015000000,2015年,1477908,
30301000,30301_原油及び粗油,170,3月_数量,50140,140_カタール,2014000000,2014年,3050335,
30301000,30301_原油及び粗油,170,3月_数量,50140,140_カタール,2013000000,2013年,2407241,
30301000,30301_原油及び粗油,170,3月_数量,50140,140_カタール,2012000000,2012年,2003343,
30301000,30301_原油及び粗油,170,3月_数量,50140,140_カタール,2011000000,2011年,2113332,
30301000,30301_原油及び粗油,170,3月_数量,50141,141_オマーン,2015000000,2015年,60669,
30301000,30301_原油及び粗油,170,3月_数量,50141,141_オマーン,2014000000,2014年,411594,
30301000,30301_原油及び粗油,170,3月_数量,50141,141_オマーン,2013000000,2013年,448438,
30301000,30301_原油及び粗油,170,3月_数量,50141,141_オマーン,2012000000,2012年,483275,
30301000,30301_原油及び粗油,170,3月_数量,50141,141_オマーン,2011000000,2011年,489139,
30301000,30301_原油及び粗油,170,3月_数量,50147,147_アラブ首長国連邦,2015000000,2015年,4886412,
30301000,30301_原油及び粗油,170,3月_数量,50147,147_アラブ首長国連邦,2014000000,2014年,4169078,
30301000,30301_原油及び粗油,170,3月_数量,50147,147_アラブ首長国連邦,2013000000,2013年,4040292,
30301000,30301_原油及び粗油,170,3月_数量,50147,147_アラブ首長国連邦,2012000000,2012年,3315405,
30301000,30301_原油及び粗油,170,3月_数量,50147,147_アラブ首長国連邦,2011000000,2011年,3970513,
30301000,30301_原油及び粗油,170,3月_数量,50149,149_イエメン,2015000000,2015年,0,
30301000,30301_原油及び粗油,170,3月_数量,50149,149_イエメン,2014000000,2014年,0,
30301000,30301_原油及び粗油,170,3月_数量,50149,149_イエメン,2013000000,2013年,24562,
30301000,30301_原油及び粗油,170,3月_数量,50149,149_イエメン,2012000000,2012年,0,
30301000,30301_原油及び粗油,170,3月_数量,50149,149_イエメン,2011000000,2011年,67851,
30301000,30301_原油及び粗油,170,3月_数量,50150,150_アゼルバイジャン,2012000000,2012年,0,
30301000,30301_原油及び粗油,170,3月_数量,50153,153_カザフスタン,2015000000,2015年,60038,
30301000,30301_原油及び粗油,170,3月_数量,50153,153_カザフスタン,2014000000,2014年,0,
30301000,30301_原油及び粗油,170,3月_数量,50153,153_カザフスタン,2013000000,2013年,0,
30301000,30301_原油及び粗油,170,3月_数量,50202,202_ノルウェー,2014000000,2014年,0,
30301000,30301_原油及び粗油,170,3月_数量,50202,202_ノルウェー,2013000000,2013年,0,
30301000,30301_原油及び粗油,170,3月_数量,50205,205_英国,2012000000,2012年,79834,
30301000,30301_原油及び粗油,170,3月_数量,50205,205_英国,2011000000,2011年,0,
30301000,30301_原油及び粗油,170,3月_数量,50213,213_ドイツ,2014000000,2014年,0,
30301000,30301_原油及び粗油,170,3月_数量,50224,224_ロシア,2015000000,2015年,1189733,
30301000,30301_原油及び粗油,170,3月_数量,50224,224_ロシア,2014000000,2014年,1943424,
30301000,30301_原油及び粗油,170,3月_数量,50224,224_ロシア,2013000000,2013年,1495978,
30301000,30301_原油及び粗油,170,3月_数量,50224,224_ロシア,2012000000,2012年,1050279,
30301000,30301_原油及び粗油,170,3月_数量,50224,224_ロシア,2011000000,2011年,873225,
30301000,30301_原油及び粗油,170,3月_数量,50304,304_アメリカ合衆国,2015000000,2015年,0,
30301000,30301_原油及び粗油,170,3月_数量,50304,304_アメリカ合衆国,2014000000,2014年,0,
30301000,30301_原油及び粗油,170,3月_数量,50305,305_メキシコ,2015000000,2015年,98883,
30301000,30301_原油及び粗油,170,3月_数量,50305,305_メキシコ,2014000000,2014年,0,
30301000,30301_原油及び粗油,170,3月_数量,50315,315_バハマ,2015000000,2015年,0,
30301000,30301_原油及び粗油,170,3月_数量,50315,315_バハマ,2013000000,2013年,0,
30301000,30301_原油及び粗油,170,3月_数量,50401,401_コロンビア,2015000000,2015年,81170,
30301000,30301_原油及び粗油,170,3月_数量,50401,401_コロンビア,2014000000,2014年,0,
30301000,30301_原油及び粗油,170,3月_数量,50401,401_コロンビア,2011000000,2011年,0,
30301000,30301_原油及び粗油,170,3月_数量,50402,402_ベネズエラ,2015000000,2015年,0,
30301000,30301_原油及び粗油,170,3月_数量,50402,402_ベネズエラ,2014000000,2014年,0,
30301000,30301_原油及び粗油,170,3月_数量,50402,402_ベネズエラ,2013000000,2013年,0,
30301000,30301_原油及び粗油,170,3月_数量,50402,402_ベネズエラ,2012000000,2012年,0,
30301000,30301_原油及び粗油,170,3月_数量,50406,406_エクアドル,2015000000,2015年,230973,
30301000,30301_原油及び粗油,170,3月_数量,50406,406_エクアドル,2014000000,2014年,316286,
30301000,30301_原油及び粗油,170,3月_数量,50406,406_エクアドル,2013000000,2013年,120195,
30301000,30301_原油及び粗油,170,3月_数量,50406,406_エクアドル,2012000000,2012年,111144,
30301000,30301_原油及び粗油,170,3月_数量,50406,406_エクアドル,2011000000,2011年,105237,
30301000,30301_原油及び粗油,170,3月_数量,50410,410_ブラジル,2014000000,2014年,0,
30301000,30301_原油及び粗油,170,3月_数量,50413,413_アルゼンチン,2012000000,2012年,0,
30301000,30301_原油及び粗油,170,3月_数量,50503,503_アルジェリア,2013000000,2013年,0,
30301000,30301_原油及び粗油,170,3月_数量,50503,503_アルジェリア,2011000000,2011年,0,
30301000,30301_原油及び粗油,170,3月_数量,50505,505_リビア,2014000000,2014年,0,
30301000,30301_原油及び粗油,170,3月_数量,50505,505_リビア,2013000000,2013年,0,
30301000,30301_原油及び粗油,170,3月_数量,50505,505_リビア,2012000000,2012年,0,
30301000,30301_原油及び粗油,170,3月_数量,50507,507_スーダン,2015000000,2015年,135989,
30301000,30301_原油及び粗油,170,3月_数量,50507,507_スーダン,2014000000,2014年,45773,
30301000,30301_原油及び粗油,170,3月_数量,50507,507_スーダン,2013000000,2013年,95031,
30301000,30301_原油及び粗油,170,3月_数量,50507,507_スーダン,2012000000,2012年,100932,
30301000,30301_原油及び粗油,170,3月_数量,50507,507_スーダン,2011000000,2011年,69717,
30301000,30301_原油及び粗油,170,3月_数量,50524,524_ナイジェリア,2014000000,2014年,162556,
30301000,30301_原油及び粗油,170,3月_数量,50524,524_ナイジェリア,2013000000,2013年,0,
30301000,30301_原油及び粗油,170,3月_数量,50524,524_ナイジェリア,2012000000,2012年,0,
30301000,30301_原油及び粗油,170,3月_数量,50524,524_ナイジェリア,2011000000,2011年,0,
30301000,30301_原油及び粗油,170,3月_数量,50527,527_カメルーン,2013000000,2013年,37823,
30301000,30301_原油及び粗油,170,3月_数量,50528,528_チャド,2015000000,2015年,0,
30301000,30301_原油及び粗油,170,3月_数量,50528,528_チャド,2014000000,2014年,0,
30301000,30301_原油及び粗油,170,3月_数量,50528,528_チャド,2013000000,2013年,7870,
30301000,30301_原油及び粗油,170,3月_数量,50528,528_チャド,2012000000,2012年,0,
30301000,30301_原油及び粗油,170,3月_数量,50530,530_赤道ギニア,2012000000,2012年,63475,
30301000,30301_原油及び粗油,170,3月_数量,50531,531_ガボン,2015000000,2015年,0,
30301000,30301_原油及び粗油,170,3月_数量,50531,531_ガボン,2014000000,2014年,103286,
30301000,30301_原油及び粗油,170,3月_数量,50531,531_ガボン,2013000000,2013年,370739,
30301000,30301_原油及び粗油,170,3月_数量,50531,531_ガボン,2012000000,2012年,382675,
30301000,30301_原油及び粗油,170,3月_数量,50531,531_ガボン,2011000000,2011年,0,
30301000,30301_原油及び粗油,170,3月_数量,50535,535_アンゴラ,2015000000,2015年,0,
30301000,30301_原油及び粗油,170,3月_数量,50535,535_アンゴラ,2014000000,2014年,0,
30301000,30301_原油及び粗油,170,3月_数量,50535,535_アンゴラ,2013000000,2013年,301931,
30301000,30301_原油及び粗油,170,3月_数量,50535,535_アンゴラ,2012000000,2012年,0,
30301000,30301_原油及び粗油,170,3月_数量,50535,535_アンゴラ,2011000000,2011年,0,
30301000,30301_原油及び粗油,170,3月_数量,50560,560_南スーダン,2012000000,2012年,0,
30301000,30301_原油及び粗油,170,3月_数量,50560,560_南スーダン,2011000000,2011年,0,
30301000,30301_原油及び粗油,170,3月_数量,50601,601_オーストラリア,2015000000,2015年,101619,
30301000,30301_原油及び粗油,170,3月_数量,50601,601_オーストラリア,2014000000,2014年,0,
30301000,30301_原油及び粗油,170,3月_数量,50601,601_オーストラリア,2013000000,2013年,159716,
30301000,30301_原油及び粗油,170,3月_数量,50601,601_オーストラリア,2012000000,2012年,115295,
30301000,30301_原油及び粗油,170,3月_数量,50601,601_オーストラリア,2011000000,2011年,195182,
30301000,30301_原油及び粗油,170,3月_数量,50602,602_パプアニューギニア,2015000000,2015年,0,
30301000,30301_原油及び粗油,170,3月_数量,50602,602_パプアニューギニア,2013000000,2013年,0,
30301000,30301_原油及び粗油,170,3月_数量,50602,602_パプアニューギニア,2012000000,2012年,0,
30301000,30301_原油及び粗油,170,3月_数量,50602,602_パプアニューギニア,2011000000,2011年,0,
30301000,30301_原油及び粗油,170,3月_数量,50703,703_保税工場・総合保税地域,2014000000,2014年,0,
30301000,30301_原油及び粗油,180,3月_金額,50103,103_大韓民国,2012000000,2012年,0,千円
30301000,30301_原油及び粗油,180,3月_金額,50103,103_大韓民国,2011000000,2011年,5913087,千円
30301000,30301_原油及び粗油,180,3月_金額,50105,105_中華人民共和国,2015000000,2015年,0,千円
30301000,30301_原油及び粗油,180,3月_金額,50105,105_中華人民共和国,2013000000,2013年,2055605,千円
30301000,30301_原油及び粗油,180,3月_金額,50105,105_中華人民共和国,2012000000,2012年,5943846,千円
30301000,30301_原油及び粗油,180,3月_金額,50105,105_中華人民共和国,2011000000,2011年,0,千円
30301000,30301_原油及び粗油,180,3月_金額,50110,110_ベトナム,2015000000,2015年,6044911,千円
30301000,30301_原油及び粗油,180,3月_金額,50110,110_ベトナム,2014000000,2014年,30289447,千円
30301000,30301_原油及び粗油,180,3月_金額,50110,110_ベトナム,2013000000,2013年,8193157,千円
30301000,30301_原油及び粗油,180,3月_金額,50110,110_ベトナム,2012000000,2012年,31878601,千円
30301000,30301_原油及び粗油,180,3月_金額,50110,110_ベトナム,2011000000,2011年,1520956,千円
30301000,30301_原油及び粗油,180,3月_金額,50112,112_シンガポール,2015000000,2015年,0,千円
30301000,30301_原油及び粗油,180,3月_金額,50112,112_シンガポール,2014000000,2014年,0,千円
30301000,30301_原油及び粗油,180,3月_金額,50112,112_シンガポール,2012000000,2012年,0,千円
30301000,30301_原油及び粗油,180,3月_金額,50112,112_シンガポール,2011000000,2011年,0,千円
30301000,30301_原油及び粗油,180,3月_金額,50113,113_マレーシア,2015000000,2015年,3347700,千円
30301000,30301_原油及び粗油,180,3月_金額,50113,113_マレーシア,2014000000,2014年,9934257,千円
30301000,30301_原油及び粗油,180,3月_金額,50113,113_マレーシア,2013000000,2013年,10857358,千円
30301000,30301_原油及び粗油,180,3月_金額,50113,113_マレーシア,2012000000,2012年,6647638,千円
30301000,30301_原油及び粗油,180,3月_金額,50113,113_マレーシア,2011000000,2011年,3924924,千円
30301000,30301_原油及び粗油,180,3月_金額,50116,116_ブルネイ,2015000000,2015年,2183871,千円
30301000,30301_原油及び粗油,180,3月_金額,50116,116_ブルネイ,2014000000,2014年,9269748,千円
30301000,30301_原油及び粗油,180,3月_金額,50116,116_ブルネイ,2013000000,2013年,11002762,千円
30301000,30301_原油及び粗油,180,3月_金額,50116,116_ブルネイ,2012000000,2012年,6765886,千円
30301000,30301_原油及び粗油,180,3月_金額,50116,116_ブルネイ,2011000000,2011年,0,千円
30301000,30301_原油及び粗油,180,3月_金額,50118,118_インドネシア,2015000000,2015年,17230360,千円
30301000,30301_原油及び粗油,180,3月_金額,50118,118_インドネシア,2014000000,2014年,43765353,千円
30301000,30301_原油及び粗油,180,3月_金額,50118,118_インドネシア,2013000000,2013年,42472746,千円
30301000,30301_原油及び粗油,180,3月_金額,50118,118_インドネシア,2012000000,2012年,49291556,千円
30301000,30301_原油及び粗油,180,3月_金額,50118,118_インドネシア,2011000000,2011年,26650043,千円
30301000,30301_原油及び粗油,180,3月_金額,50123,123_インド,2013000000,2013年,0,千円
30301000,30301_原油及び粗油,180,3月_金額,50123,123_インド,2011000000,2011年,0,千円
30301000,30301_原油及び粗油,180,3月_金額,50125,125_スリランカ,2015000000,2015年,705092,千円
30301000,30301_原油及び粗油,180,3月_金額,50128,128_東ティモール,2012000000,2012年,0,千円
30301000,30301_原油及び粗油,180,3月_金額,50133,133_イラン,2015000000,2015年,61024491,千円
30301000,30301_原油及び粗油,180,3月_金額,50133,133_イラン,2014000000,2014年,76965274,千円
30301000,30301_原油及び粗油,180,3月_金額,50133,133_イラン,2013000000,2013年,56614546,千円
30301000,30301_原油及び粗油,180,3月_金額,50133,133_イラン,2012000000,2012年,102253742,千円
30301000,30301_原油及び粗油,180,3月_金額,50133,133_イラン,2011000000,2011年,98503870,千円
30301000,30301_原油及び粗油,180,3月_金額,50134,134_イラク,2015000000,2015年,11313255,千円
30301000,30301_原油及び粗油,180,3月_金額,50134,134_イラク,2014000000,2014年,21163112,千円
30301000,30301_原油及び粗油,180,3月_金額,50134,134_イラク,2013000000,2013年,28877674,千円
30301000,30301_原油及び粗油,180,3月_金額,50134,134_イラク,2012000000,2012年,0,千円
30301000,30301_原油及び粗油,180,3月_金額,50134,134_イラク,2011000000,2011年,9946901,千円
30301000,30301_原油及び粗油,180,3月_金額,50137,137_サウジアラビア,2015000000,2015年,229842289,千円
30301000,30301_原油及び粗油,180,3月_金額,50137,137_サウジアラビア,2014000000,2014年,460138665,千円
30301000,30301_原油及び粗油,180,3月_金額,50137,137_サウジアラビア,2013000000,2013年,365091292,千円
30301000,30301_原油及び粗油,180,3月_金額,50137,137_サウジアラビア,2012000000,2012年,376430448,千円
30301000,30301_原油及び粗油,180,3月_金額,50137,137_サウジアラビア,2011000000,2011年,332539111,千円
30301000,30301_原油及び粗油,180,3月_金額,50138,138_クウェート,2015000000,2015年,48561362,千円
30301000,30301_原油及び粗油,180,3月_金額,50138,138_クウェート,2014000000,2014年,102987861,千円
30301000,30301_原油及び粗油,180,3月_金額,50138,138_クウェート,2013000000,2013年,73813657,千円
30301000,30301_原油及び粗油,180,3月_金額,50138,138_クウェート,2012000000,2012年,108657028,千円
30301000,30301_原油及び粗油,180,3月_金額,50138,138_クウェート,2011000000,2011年,49120481,千円
30301000,30301_原油及び粗油,180,3月_金額,50140,140_カタール,2015000000,2015年,61836151,千円
30301000,30301_原油及び粗油,180,3月_金額,50140,140_カタール,2014000000,2014年,215494963,千円
30301000,30301_原油及び粗油,180,3月_金額,50140,140_カタール,2013000000,2013年,163785458,千円
30301000,30301_原油及び粗油,180,3月_金額,50140,140_カタール,2012000000,2012年,122032293,千円
30301000,30301_原油及び粗油,180,3月_金額,50140,140_カタール,2011000000,2011年,112221443,千円
30301000,30301_原油及び粗油,180,3月_金額,50141,141_オマーン,2015000000,2015年,2837415,千円
30301000,30301_原油及び粗油,180,3月_金額,50141,141_オマーン,2014000000,2014年,28732659,千円
30301000,30301_原油及び粗油,180,3月_金額,50141,141_オマーン,2013000000,2013年,30230387,千円
30301000,30301_原油及び粗油,180,3月_金額,50141,141_オマーン,2012000000,2012年,29232746,千円
30301000,30301_原油及び粗油,180,3月_金額,50141,141_オマーン,2011000000,2011年,25101244,千円
30301000,30301_原油及び粗油,180,3月_金額,50147,147_アラブ首長国連邦,2015000000,2015年,207103281,千円
30301000,30301_原油及び粗油,180,3月_金額,50147,147_アラブ首長国連邦,2014000000,2014年,298667448,千円
30301000,30301_原油及び粗油,180,3月_金額,50147,147_アラブ首長国連邦,2013000000,2013年,273822440,千円
30301000,30301_原油及び粗油,180,3月_金額,50147,147_アラブ首長国連邦,2012000000,2012年,206033411,千円
30301000,30301_原油及び粗油,180,3月_金額,50147,147_アラブ首長国連邦,2011000000,2011年,212172531,千円
30301000,30301_原油及び粗油,180,3月_金額,50149,149_イエメン,2015000000,2015年,0,千円
30301000,30301_原油及び粗油,180,3月_金額,50149,149_イエメン,2014000000,2014年,0,千円
30301000,30301_原油及び粗油,180,3月_金額,50149,149_イエメン,2013000000,2013年,1676325,千円
30301000,30301_原油及び粗油,180,3月_金額,50149,149_イエメン,2012000000,2012年,0,千円
30301000,30301_原油及び粗油,180,3月_金額,50149,149_イエメン,2011000000,2011年,3750711,千円
30301000,30301_原油及び粗油,180,3月_金額,50150,150_アゼルバイジャン,2012000000,2012年,0,千円
30301000,30301_原油及び粗油,180,3月_金額,50153,153_カザフスタン,2015000000,2015年,2279983,千円
30301000,30301_原油及び粗油,180,3月_金額,50153,153_カザフスタン,2014000000,2014年,0,千円
30301000,30301_原油及び粗油,180,3月_金額,50153,153_カザフスタン,2013000000,2013年,0,千円
30301000,30301_原油及び粗油,180,3月_金額,50202,202_ノルウェー,2014000000,2014年,0,千円
30301000,30301_原油及び粗油,180,3月_金額,50202,202_ノルウェー,2013000000,2013年,0,千円
30301000,30301_原油及び粗油,180,3月_金額,50205,205_英国,2012000000,2012年,5129225,千円
30301000,30301_原油及び粗油,180,3月_金額,50205,205_英国,2011000000,2011年,0,千円
30301000,30301_原油及び粗油,180,3月_金額,50213,213_ドイツ,2014000000,2014年,0,千円
30301000,30301_原油及び粗油,180,3月_金額,50224,224_ロシア,2015000000,2015年,51990300,千円
30301000,30301_原油及び粗油,180,3月_金額,50224,224_ロシア,2014000000,2014年,140583645,千円
30301000,30301_原油及び粗油,180,3月_金額,50224,224_ロシア,2013000000,2013年,102932366,千円
30301000,30301_原油及び粗油,180,3月_金額,50224,224_ロシア,2012000000,2012年,66537500,千円
30301000,30301_原油及び粗油,180,3月_金額,50224,224_ロシア,2011000000,2011年,48139805,千円
30301000,30301_原油及び粗油,180,3月_金額,50304,304_アメリカ合衆国,2015000000,2015年,0,千円
30301000,30301_原油及び粗油,180,3月_金額,50304,304_アメリカ合衆国,2014000000,2014年,0,千円
30301000,30301_原油及び粗油,180,3月_金額,50305,305_メキシコ,2015000000,2015年,3803222,千円
30301000,30301_原油及び粗油,180,3月_金額,50305,305_メキシコ,2014000000,2014年,0,千円
30301000,30301_原油及び粗油,180,3月_金額,50315,315_バハマ,2015000000,2015年,0,千円
30301000,30301_原油及び粗油,180,3月_金額,50315,315_バハマ,2013000000,2013年,0,千円
30301000,30301_原油及び粗油,180,3月_金額,50401,401_コロンビア,2015000000,2015年,2512275,千円
30301000,30301_原油及び粗油,180,3月_金額,50401,401_コロンビア,2014000000,2014年,0,千円
30301000,30301_原油及び粗油,180,3月_金額,50401,401_コロンビア,2011000000,2011年,0,千円
30301000,30301_原油及び粗油,180,3月_金額,50402,402_ベネズエラ,2015000000,2015年,0,千円
30301000,30301_原油及び粗油,180,3月_金額,50402,402_ベネズエラ,2014000000,2014年,0,千円
30301000,30301_原油及び粗油,180,3月_金額,50402,402_ベネズエラ,2013000000,2013年,0,千円
30301000,30301_原油及び粗油,180,3月_金額,50402,402_ベネズエラ,2012000000,2012年,0,千円
30301000,30301_原油及び粗油,180,3月_金額,50406,406_エクアドル,2015000000,2015年,8437855,千円
30301000,30301_原油及び粗油,180,3月_金額,50406,406_エクアドル,2014000000,2014年,20594758,千円
30301000,30301_原油及び粗油,180,3月_金額,50406,406_エクアドル,2013000000,2013年,7679645,千円
30301000,30301_原油及び粗油,180,3月_金額,50406,406_エクアドル,2012000000,2012年,6458554,千円
30301000,30301_原油及び粗油,180,3月_金額,50406,406_エクアドル,2011000000,2011年,5285741,千円
30301000,30301_原油及び粗油,180,3月_金額,50410,410_ブラジル,2014000000,2014年,0,千円
30301000,30301_原油及び粗油,180,3月_金額,50413,413_アルゼンチン,2012000000,2012年,0,千円
30301000,30301_原油及び粗油,180,3月_金額,50503,503_アルジェリア,2013000000,2013年,0,千円
30301000,30301_原油及び粗油,180,3月_金額,50503,503_アルジェリア,2011000000,2011年,0,千円
30301000,30301_原油及び粗油,180,3月_金額,50505,505_リビア,2014000000,2014年,0,千円
30301000,30301_原油及び粗油,180,3月_金額,50505,505_リビア,2013000000,2013年,0,千円
30301000,30301_原油及び粗油,180,3月_金額,50505,505_リビア,2012000000,2012年,0,千円
30301000,30301_原油及び粗油,180,3月_金額,50507,507_スーダン,2015000000,2015年,6007915,千円
30301000,30301_原油及び粗油,180,3月_金額,50507,507_スーダン,2014000000,2014年,3432066,千円
30301000,30301_原油及び粗油,180,3月_金額,50507,507_スーダン,2013000000,2013年,6837556,千円
30301000,30301_原油及び粗油,180,3月_金額,50507,507_スーダン,2012000000,2012年,6645791,千円
30301000,30301_原油及び粗油,180,3月_金額,50507,507_スーダン,2011000000,2011年,3909306,千円
30301000,30301_原油及び粗油,180,3月_金額,50524,524_ナイジェリア,2014000000,2014年,12459502,千円
30301000,30301_原油及び粗油,180,3月_金額,50524,524_ナイジェリア,2013000000,2013年,0,千円
30301000,30301_原油及び粗油,180,3月_金額,50524,524_ナイジェリア,2012000000,2012年,0,千円
30301000,30301_原油及び粗油,180,3月_金額,50524,524_ナイジェリア,2011000000,2011年,0,千円
30301000,30301_原油及び粗油,180,3月_金額,50527,527_カメルーン,2013000000,2013年,2524431,千円
30301000,30301_原油及び粗油,180,3月_金額,50528,528_チャド,2015000000,2015年,0,千円
30301000,30301_原油及び粗油,180,3月_金額,50528,528_チャド,2014000000,2014年,0,千円
30301000,30301_原油及び粗油,180,3月_金額,50528,528_チャド,2013000000,2013年,584063,千円
30301000,30301_原油及び粗油,180,3月_金額,50528,528_チャド,2012000000,2012年,0,千円
30301000,30301_原油及び粗油,180,3月_金額,50530,530_赤道ギニア,2012000000,2012年,4211319,千円
30301000,30301_原油及び粗油,180,3月_金額,50531,531_ガボン,2015000000,2015年,0,千円
30301000,30301_原油及び粗油,180,3月_金額,50531,531_ガボン,2014000000,2014年,7776082,千円
30301000,30301_原油及び粗油,180,3月_金額,50531,531_ガボン,2013000000,2013年,26642866,千円
30301000,30301_原油及び粗油,180,3月_金額,50531,531_ガボン,2012000000,2012年,23980360,千円
30301000,30301_原油及び粗油,180,3月_金額,50531,531_ガボン,2011000000,2011年,0,千円
30301000,30301_原油及び粗油,180,3月_金額,50535,535_アンゴラ,2015000000,2015年,0,千円
30301000,30301_原油及び粗油,180,3月_金額,50535,535_アンゴラ,2014000000,2014年,0,千円
30301000,30301_原油及び粗油,180,3月_金額,50535,535_アンゴラ,2013000000,2013年,20948262,千円
30301000,30301_原油及び粗油,180,3月_金額,50535,535_アンゴラ,2012000000,2012年,0,千円
30301000,30301_原油及び粗油,180,3月_金額,50535,535_アンゴラ,2011000000,2011年,0,千円
30301000,30301_原油及び粗油,180,3月_金額,50560,560_南スーダン,2012000000,2012年,0,千円
30301000,30301_原油及び粗油,180,3月_金額,50560,560_南スーダン,2011000000,2011年,0,千円
30301000,30301_原油及び粗油,180,3月_金額,50601,601_オーストラリア,2015000000,2015年,5013285,千円
30301000,30301_原油及び粗油,180,3月_金額,50601,601_オーストラリア,2014000000,2014年,0,千円
30301000,30301_原油及び粗油,180,3月_金額,50601,601_オーストラリア,2013000000,2013年,11182450,千円
30301000,30301_原油及び粗油,180,3月_金額,50601,601_オーストラリア,2012000000,2012年,7706850,千円
30301000,30301_原油及び粗油,180,3月_金額,50601,601_オーストラリア,2011000000,2011年,10582719,千円
30301000,30301_原油及び粗油,180,3月_金額,50602,602_パプアニューギニア,2015000000,2015年,0,千円
30301000,30301_原油及び粗油,180,3月_金額,50602,602_パプアニューギニア,2013000000,2013年,0,千円
30301000,30301_原油及び粗油,180,3月_金額,50602,602_パプアニューギニア,2012000000,2012年,0,千円
30301000,30301_原油及び粗油,180,3月_金額,50602,602_パプアニューギニア,2011000000,2011年,0,千円
30301000,30301_原油及び粗油,180,3月_金額,50703,703_保税工場・総合保税地域,2014000000,2014年,0,千円
30301000,30301_原油及び粗油,190,4月_数量,50103,103_大韓民国,2012000000,2012年,0,
30301000,30301_原油及び粗油,190,4月_数量,50103,103_大韓民国,2011000000,2011年,14196,
30301000,30301_原油及び粗油,190,4月_数量,50105,105_中華人民共和国,2015000000,2015年,0,
30301000,30301_原油及び粗油,190,4月_数量,50105,105_中華人民共和国,2013000000,2013年,30868,
30301000,30301_原油及び粗油,190,4月_数量,50105,105_中華人民共和国,2012000000,2012年,0,
30301000,30301_原油及び粗油,190,4月_数量,50105,105_中華人民共和国,2011000000,2011年,0,
30301000,30301_原油及び粗油,190,4月_数量,50110,110_ベトナム,2015000000,2015年,220244,
30301000,30301_原油及び粗油,190,4月_数量,50110,110_ベトナム,2014000000,2014年,129014,
30301000,30301_原油及び粗油,190,4月_数量,50110,110_ベトナム,2013000000,2013年,250878,
30301000,30301_原油及び粗油,190,4月_数量,50110,110_ベトナム,2012000000,2012年,133997,
30301000,30301_原油及び粗油,190,4月_数量,50110,110_ベトナム,2011000000,2011年,101391,
30301000,30301_原油及び粗油,190,4月_数量,50112,112_シンガポール,2015000000,2015年,0,
30301000,30301_原油及び粗油,190,4月_数量,50112,112_シンガポール,2014000000,2014年,0,
30301000,30301_原油及び粗油,190,4月_数量,50112,112_シンガポール,2012000000,2012年,0,
30301000,30301_原油及び粗油,190,4月_数量,50112,112_シンガポール,2011000000,2011年,0,
30301000,30301_原油及び粗油,190,4月_数量,50113,113_マレーシア,2015000000,2015年,38298,
30301000,30301_原油及び粗油,190,4月_数量,50113,113_マレーシア,2014000000,2014年,144113,
30301000,30301_原油及び粗油,190,4月_数量,50113,113_マレーシア,2013000000,2013年,161080,
30301000,30301_原油及び粗油,190,4月_数量,50113,113_マレーシア,2012000000,2012年,214344,
30301000,30301_原油及び粗油,190,4月_数量,50113,113_マレーシア,2011000000,2011年,285156,
30301000,30301_原油及び粗油,190,4月_数量,50116,116_ブルネイ,2015000000,2015年,0,
30301000,30301_原油及び粗油,190,4月_数量,50116,116_ブルネイ,2014000000,2014年,0,
30301000,30301_原油及び粗油,190,4月_数量,50116,116_ブルネイ,2013000000,2013年,0,
30301000,30301_原油及び粗油,190,4月_数量,50116,116_ブルネイ,2012000000,2012年,0,
30301000,30301_原油及び粗油,190,4月_数量,50116,116_ブルネイ,2011000000,2011年,32558,
30301000,30301_原油及び粗油,190,4月_数量,50118,118_インドネシア,2015000000,2015年,586353,
30301000,30301_原油及び粗油,190,4月_数量,50118,118_インドネシア,2014000000,2014年,337973,
30301000,30301_原油及び粗油,190,4月_数量,50118,118_インドネシア,2013000000,2013年,617468,
30301000,30301_原油及び粗油,190,4月_数量,50118,118_インドネシア,2012000000,2012年,753167,
30301000,30301_原油及び粗油,190,4月_数量,50118,118_インドネシア,2011000000,2011年,490735,
30301000,30301_原油及び粗油,190,4月_数量,50123,123_インド,2013000000,2013年,0,
30301000,30301_原油及び粗油,190,4月_数量,50123,123_インド,2011000000,2011年,0,
30301000,30301_原油及び粗油,190,4月_数量,50125,125_スリランカ,2015000000,2015年,0,
30301000,30301_原油及び粗油,190,4月_数量,50128,128_東ティモール,2012000000,2012年,0,
30301000,30301_原油及び粗油,190,4月_数量,50133,133_イラン,2015000000,2015年,448505,
30301000,30301_原油及び粗油,190,4月_数量,50133,133_イラン,2014000000,2014年,0,
30301000,30301_原油及び粗油,190,4月_数量,50133,133_イラン,2013000000,2013年,530467,
30301000,30301_原油及び粗油,190,4月_数量,50133,133_イラン,2012000000,2012年,564962,
30301000,30301_原油及び粗油,190,4月_数量,50133,133_イラン,2011000000,2011年,1638085,
30301000,30301_原油及び粗油,190,4月_数量,50134,134_イラク,2015000000,2015年,126382,
30301000,30301_原油及び粗油,190,4月_数量,50134,134_イラク,2014000000,2014年,328483,
30301000,30301_原油及び粗油,190,4月_数量,50134,134_イラク,2013000000,2013年,490190,
30301000,30301_原油及び粗油,190,4月_数量,50134,134_イラク,2012000000,2012年,303549,
30301000,30301_原油及び粗油,190,4月_数量,50134,134_イラク,2011000000,2011年,559674,
30301000,30301_原油及び粗油,190,4月_数量,50137,137_サウジアラビア,2015000000,2015年,5804065,
30301000,30301_原油及び粗油,190,4月_数量,50137,137_サウジアラビア,2014000000,2014年,5541255,
30301000,30301_原油及び粗油,190,4月_数量,50137,137_サウジアラビア,2013000000,2013年,6013244,
30301000,30301_原油及び粗油,190,4月_数量,50137,137_サウジアラビア,2012000000,2012年,6581177,
30301000,30301_原油及び粗油,190,4月_数量,50137,137_サウジアラビア,2011000000,2011年,4824048,
30301000,30301_原油及び粗油,190,4月_数量,50138,138_クウェート,2015000000,2015年,1438378,
30301000,30301_原油及び粗油,190,4月_数量,50138,138_クウェート,2014000000,2014年,1162495,
30301000,30301_原油及び粗油,190,4月_数量,50138,138_クウェート,2013000000,2013年,1679124,
30301000,30301_原油及び粗油,190,4月_数量,50138,138_クウェート,2012000000,2012年,1655154,
30301000,30301_原油及び粗油,190,4月_数量,50138,138_クウェート,2011000000,2011年,1246092,
30301000,30301_原油及び粗油,190,4月_数量,50140,140_カタール,2015000000,2015年,1295107,
30301000,30301_原油及び粗油,190,4月_数量,50140,140_カタール,2014000000,2014年,1858362,
30301000,30301_原油及び粗油,190,4月_数量,50140,140_カタール,2013000000,2013年,2485251,
30301000,30301_原油及び粗油,190,4月_数量,50140,140_カタール,2012000000,2012年,1997942,
30301000,30301_原油及び粗油,190,4月_数量,50140,140_カタール,2011000000,2011年,1745089,
30301000,30301_原油及び粗油,190,4月_数量,50141,141_オマーン,2015000000,2015年,202410,
30301000,30301_原油及び粗油,190,4月_数量,50141,141_オマーン,2014000000,2014年,162413,
30301000,30301_原油及び粗油,190,4月_数量,50141,141_オマーン,2013000000,2013年,546162,
30301000,30301_原油及び粗油,190,4月_数量,50141,141_オマーン,2012000000,2012年,574156,
30301000,30301_原油及び粗油,190,4月_数量,50141,141_オマーン,2011000000,2011年,736423,
30301000,30301_原油及び粗油,190,4月_数量,50147,147_アラブ首長国連邦,2015000000,2015年,4436509,
30301000,30301_原油及び粗油,190,4月_数量,50147,147_アラブ首長国連邦,2014000000,2014年,4210150,
30301000,30301_原油及び粗油,190,4月_数量,50147,147_アラブ首長国連邦,2013000000,2013年,3398678,
30301000,30301_原油及び粗油,190,4月_数量,50147,147_アラブ首長国連邦,2012000000,2012年,4297090,
30301000,30301_原油及び粗油,190,4月_数量,50147,147_アラブ首長国連邦,2011000000,2011年,4228481,
30301000,30301_原油及び粗油,190,4月_数量,50149,149_イエメン,2015000000,2015年,0,
30301000,30301_原油及び粗油,190,4月_数量,50149,149_イエメン,2014000000,2014年,0,
30301000,30301_原油及び粗油,190,4月_数量,50149,149_イエメン,2013000000,2013年,0,
30301000,30301_原油及び粗油,190,4月_数量,50149,149_イエメン,2012000000,2012年,0,
30301000,30301_原油及び粗油,190,4月_数量,50149,149_イエメン,2011000000,2011年,68847,
30301000,30301_原油及び粗油,190,4月_数量,50150,150_アゼルバイジャン,2012000000,2012年,0,
30301000,30301_原油及び粗油,190,4月_数量,50153,153_カザフスタン,2015000000,2015年,0,
30301000,30301_原油及び粗油,190,4月_数量,50153,153_カザフスタン,2014000000,2014年,0,
30301000,30301_原油及び粗油,190,4月_数量,50153,153_カザフスタン,2013000000,2013年,0,
30301000,30301_原油及び粗油,190,4月_数量,50202,202_ノルウェー,2014000000,2014年,0,
30301000,30301_原油及び粗油,190,4月_数量,50202,202_ノルウェー,2013000000,2013年,0,
30301000,30301_原油及び粗油,190,4月_数量,50205,205_英国,2012000000,2012年,82595,
30301000,30301_原油及び粗油,190,4月_数量,50205,205_英国,2011000000,2011年,0,
30301000,30301_原油及び粗油,190,4月_数量,50213,213_ドイツ,2014000000,2014年,0,
30301000,30301_原油及び粗油,190,4月_数量,50224,224_ロシア,2015000000,2015年,1885852,
30301000,30301_原油及び粗油,190,4月_数量,50224,224_ロシア,2014000000,2014年,1300182,
30301000,30301_原油及び粗油,190,4月_数量,50224,224_ロシア,2013000000,2013年,1492287,
30301000,30301_原油及び粗油,190,4月_数量,50224,224_ロシア,2012000000,2012年,741933,
30301000,30301_原油及び粗油,190,4月_数量,50224,224_ロシア,2011000000,2011年,556872,
30301000,30301_原油及び粗油,190,4月_数量,50304,304_アメリカ合衆国,2015000000,2015年,0,
30301000,30301_原油及び粗油,190,4月_数量,50304,304_アメリカ合衆国,2014000000,2014年,0,
30301000,30301_原油及び粗油,190,4月_数量,50305,305_メキシコ,2015000000,2015年,316192,
30301000,30301_原油及び粗油,190,4月_数量,50305,305_メキシコ,2014000000,2014年,79824,
30301000,30301_原油及び粗油,190,4月_数量,50315,315_バハマ,2015000000,2015年,0,
30301000,30301_原油及び粗油,190,4月_数量,50315,315_バハマ,2013000000,2013年,0,
30301000,30301_原油及び粗油,190,4月_数量,50401,401_コロンビア,2015000000,2015年,83441,
30301000,30301_原油及び粗油,190,4月_数量,50401,401_コロンビア,2014000000,2014年,0,
30301000,30301_原油及び粗油,190,4月_数量,50401,401_コロンビア,2011000000,2011年,0,
30301000,30301_原油及び粗油,190,4月_数量,50402,402_ベネズエラ,2015000000,2015年,0,
30301000,30301_原油及び粗油,190,4月_数量,50402,402_ベネズエラ,2014000000,2014年,0,
30301000,30301_原油及び粗油,190,4月_数量,50402,402_ベネズエラ,2013000000,2013年,151377,
30301000,30301_原油及び粗油,190,4月_数量,50402,402_ベネズエラ,2012000000,2012年,0,
30301000,30301_原油及び粗油,190,4月_数量,50406,406_エクアドル,2015000000,2015年,142654,
30301000,30301_原油及び粗油,190,4月_数量,50406,406_エクアドル,2014000000,2014年,0,
30301000,30301_原油及び粗油,190,4月_数量,50406,406_エクアドル,2013000000,2013年,140627,
30301000,30301_原油及び粗油,190,4月_数量,50406,406_エクアドル,2012000000,2012年,104806,
30301000,30301_原油及び粗油,190,4月_数量,50406,406_エクアドル,2011000000,2011年,0,
30301000,30301_原油及び粗油,190,4月_数量,50410,410_ブラジル,2014000000,2014年,0,
30301000,30301_原油及び粗油,190,4月_数量,50413,413_アルゼンチン,2012000000,2012年,0,
30301000,30301_原油及び粗油,190,4月_数量,50503,503_アルジェリア,2013000000,2013年,0,
30301000,30301_原油及び粗油,190,4月_数量,50503,503_アルジェリア,2011000000,2011年,141130,
30301000,30301_原油及び粗油,190,4月_数量,50505,505_リビア,2014000000,2014年,0,
30301000,30301_原油及び粗油,190,4月_数量,50505,505_リビア,2013000000,2013年,0,
30301000,30301_原油及び粗油,190,4月_数量,50505,505_リビア,2012000000,2012年,66392,
30301000,30301_原油及び粗油,190,4月_数量,50507,507_スーダン,2015000000,2015年,0,
30301000,30301_原油及び粗油,190,4月_数量,50507,507_スーダン,2014000000,2014年,20142,
30301000,30301_原油及び粗油,190,4月_数量,50507,507_スーダン,2013000000,2013年,100276,
30301000,30301_原油及び粗油,190,4月_数量,50507,507_スーダン,2012000000,2012年,100070,
30301000,30301_原油及び粗油,190,4月_数量,50507,507_スーダン,2011000000,2011年,150108,
30301000,30301_原油及び粗油,190,4月_数量,50524,524_ナイジェリア,2014000000,2014年,0,
30301000,30301_原油及び粗油,190,4月_数量,50524,524_ナイジェリア,2013000000,2013年,0,
30301000,30301_原油及び粗油,190,4月_数量,50524,524_ナイジェリア,2012000000,2012年,150618,
30301000,30301_原油及び粗油,190,4月_数量,50524,524_ナイジェリア,2011000000,2011年,0,
30301000,30301_原油及び粗油,190,4月_数量,50527,527_カメルーン,2013000000,2013年,0,
30301000,30301_原油及び粗油,190,4月_数量,50528,528_チャド,2015000000,2015年,0,
30301000,30301_原油及び粗油,190,4月_数量,50528,528_チャド,2014000000,2014年,99801,
30301000,30301_原油及び粗油,190,4月_数量,50528,528_チャド,2013000000,2013年,41864,
30301000,30301_原油及び粗油,190,4月_数量,50528,528_チャド,2012000000,2012年,0,
30301000,30301_原油及び粗油,190,4月_数量,50530,530_赤道ギニア,2012000000,2012年,31615,
30301000,30301_原油及び粗油,190,4月_数量,50531,531_ガボン,2015000000,2015年,107267,
30301000,30301_原油及び粗油,190,4月_数量,50531,531_ガボン,2014000000,2014年,298075,
30301000,30301_原油及び粗油,190,4月_数量,50531,531_ガボン,2013000000,2013年,462339,
30301000,30301_原油及び粗油,190,4月_数量,50531,531_ガボン,2012000000,2012年,404566,
30301000,30301_原油及び粗油,190,4月_数量,50531,531_ガボン,2011000000,2011年,0,
30301000,30301_原油及び粗油,190,4月_数量,50535,535_アンゴラ,2015000000,2015年,0,
30301000,30301_原油及び粗油,190,4月_数量,50535,535_アンゴラ,2014000000,2014年,0,
30301000,30301_原油及び粗油,190,4月_数量,50535,535_アンゴラ,2013000000,2013年,0,
30301000,30301_原油及び粗油,190,4月_数量,50535,535_アンゴラ,2012000000,2012年,158785,
30301000,30301_原油及び粗油,190,4月_数量,50535,535_アンゴラ,2011000000,2011年,0,
30301000,30301_原油及び粗油,190,4月_数量,50560,560_南スーダン,2012000000,2012年,91534,
30301000,30301_原油及び粗油,190,4月_数量,50560,560_南スーダン,2011000000,2011年,0,
30301000,30301_原油及び粗油,190,4月_数量,50601,601_オーストラリア,2015000000,2015年,153459,
30301000,30301_原油及び粗油,190,4月_数量,50601,601_オーストラリア,2014000000,2014年,173764,
30301000,30301_原油及び粗油,190,4月_数量,50601,601_オーストラリア,2013000000,2013年,137277,
30301000,30301_原油及び粗油,190,4月_数量,50601,601_オーストラリア,2012000000,2012年,148701,
30301000,30301_原油及び粗油,190,4月_数量,50601,601_オーストラリア,2011000000,2011年,154816,
30301000,30301_原油及び粗油,190,4月_数量,50602,602_パプアニューギニア,2015000000,2015年,0,
30301000,30301_原油及び粗油,190,4月_数量,50602,602_パプアニューギニア,2013000000,2013年,0,
30301000,30301_原油及び粗油,190,4月_数量,50602,602_パプアニューギニア,2012000000,2012年,0,
30301000,30301_原油及び粗油,190,4月_数量,50602,602_パプアニューギニア,2011000000,2011年,0,
30301000,30301_原油及び粗油,190,4月_数量,50703,703_保税工場・総合保税地域,2014000000,2014年,213,
30301000,30301_原油及び粗油,200,4月_金額,50103,103_大韓民国,2012000000,2012年,0,千円
30301000,30301_原油及び粗油,200,4月_金額,50103,103_大韓民国,2011000000,2011年,781767,千円
30301000,30301_原油及び粗油,200,4月_金額,50105,105_中華人民共和国,2015000000,2015年,0,千円
30301000,30301_原油及び粗油,200,4月_金額,50105,105_中華人民共和国,2013000000,2013年,2030958,千円
30301000,30301_原油及び粗油,200,4月_金額,50105,105_中華人民共和国,2012000000,2012年,0,千円
30301000,30301_原油及び粗油,200,4月_金額,50105,105_中華人民共和国,2011000000,2011年,0,千円
30301000,30301_原油及び粗油,200,4月_金額,50110,110_ベトナム,2015000000,2015年,10258527,千円
30301000,30301_原油及び粗油,200,4月_金額,50110,110_ベトナム,2014000000,2014年,9735220,千円
30301000,30301_原油及び粗油,200,4月_金額,50110,110_ベトナム,2013000000,2013年,17316267,千円
30301000,30301_原油及び粗油,200,4月_金額,50110,110_ベトナム,2012000000,2012年,9798025,千円
30301000,30301_原油及び粗油,200,4月_金額,50110,110_ベトナム,2011000000,2011年,6844749,千円
30301000,30301_原油及び粗油,200,4月_金額,50112,112_シンガポール,2015000000,2015年,0,千円
30301000,30301_原油及び粗油,200,4月_金額,50112,112_シンガポール,2014000000,2014年,0,千円
30301000,30301_原油及び粗油,200,4月_金額,50112,112_シンガポール,2012000000,2012年,0,千円
30301000,30301_原油及び粗油,200,4月_金額,50112,112_シンガポール,2011000000,2011年,0,千円
30301000,30301_原油及び粗油,200,4月_金額,50113,113_マレーシア,2015000000,2015年,1845140,千円
30301000,30301_原油及び粗油,200,4月_金額,50113,113_マレーシア,2014000000,2014年,11030514,千円
30301000,30301_原油及び粗油,200,4月_金額,50113,113_マレーシア,2013000000,2013年,11234602,千円
30301000,30301_原油及び粗油,200,4月_金額,50113,113_マレーシア,2012000000,2012年,15034352,千円
30301000,30301_原油及び粗油,200,4月_金額,50113,113_マレーシア,2011000000,2011年,17924721,千円
30301000,30301_原油及び粗油,200,4月_金額,50116,116_ブルネイ,2015000000,2015年,0,千円
30301000,30301_原油及び粗油,200,4月_金額,50116,116_ブルネイ,2014000000,2014年,0,千円
30301000,30301_原油及び粗油,200,4月_金額,50116,116_ブルネイ,2013000000,2013年,0,千円
30301000,30301_原油及び粗油,200,4月_金額,50116,116_ブルネイ,2012000000,2012年,0,千円
30301000,30301_原油及び粗油,200,4月_金額,50116,116_ブルネイ,2011000000,2011年,2222710,千円
30301000,30301_原油及び粗油,200,4月_金額,50118,118_インドネシア,2015000000,2015年,26398023,千円
30301000,30301_原油及び粗油,200,4月_金額,50118,118_インドネシア,2014000000,2014年,25690834,千円
30301000,30301_原油及び粗油,200,4月_金額,50118,118_インドネシア,2013000000,2013年,43016804,千円
30301000,30301_原油及び粗油,200,4月_金額,50118,118_インドネシア,2012000000,2012年,52945828,千円
30301000,30301_原油及び粗油,200,4月_金額,50118,118_インドネシア,2011000000,2011年,29470185,千円
30301000,30301_原油及び粗油,200,4月_金額,50123,123_インド,2013000000,2013年,0,千円
30301000,30301_原油及び粗油,200,4月_金額,50123,123_インド,2011000000,2011年,0,千円
30301000,30301_原油及び粗油,200,4月_金額,50125,125_スリランカ,2015000000,2015年,0,千円
30301000,30301_原油及び粗油,200,4月_金額,50128,128_東ティモール,2012000000,2012年,0,千円
30301000,30301_原油及び粗油,200,4月_金額,50133,133_イラン,2015000000,2015年,18371933,千円
30301000,30301_原油及び粗油,200,4月_金額,50133,133_イラン,2014000000,2014年,0,千円
30301000,30301_原油及び粗油,200,4月_金額,50133,133_イラン,2013000000,2013年,34527722,千円
30301000,30301_原油及び粗油,200,4月_金額,50133,133_イラン,2012000000,2012年,36849715,千円
30301000,30301_原油及び粗油,200,4月_金額,50133,133_イラン,2011000000,2011年,93393772,千円
30301000,30301_原油及び粗油,200,4月_金額,50134,134_イラク,2015000000,2015年,4814452,千円
30301000,30301_原油及び粗油,200,4月_金額,50134,134_イラク,2014000000,2014年,22301615,千円
30301000,30301_原油及び粗油,200,4月_金額,50134,134_イラク,2013000000,2013年,32519884,千円
30301000,30301_原油及び粗油,200,4月_金額,50134,134_イラク,2012000000,2012年,18884286,千円
30301000,30301_原油及び粗油,200,4月_金額,50134,134_イラク,2011000000,2011年,30877029,千円
30301000,30301_原油及び粗油,200,4月_金額,50137,137_サウジアラビア,2015000000,2015年,240430410,千円
30301000,30301_原油及び粗油,200,4月_金額,50137,137_サウジアラビア,2014000000,2014年,387569717,千円
30301000,30301_原油及び粗油,200,4月_金額,50137,137_サウジアラビア,2013000000,2013年,400882223,千円
30301000,30301_原油及び粗油,200,4月_金額,50137,137_サウジアラビア,2012000000,2012年,429276328,千円
30301000,30301_原油及び粗油,200,4月_金額,50137,137_サウジアラビア,2011000000,2011年,283605062,千円
30301000,30301_原油及び粗油,200,4月_金額,50138,138_クウェート,2015000000,2015年,57458966,千円
30301000,30301_原油及び粗油,200,4月_金額,50138,138_クウェート,2014000000,2014年,79566358,千円
30301000,30301_原油及び粗油,200,4月_金額,50138,138_クウェート,2013000000,2013年,111435694,千円
30301000,30301_原油及び粗油,200,4月_金額,50138,138_クウェート,2012000000,2012年,106497040,千円
30301000,30301_原油及び粗油,200,4月_金額,50138,138_クウェート,2011000000,2011年,69770446,千円
30301000,30301_原油及び粗油,200,4月_金額,50140,140_カタール,2015000000,2015年,54714481,千円
30301000,30301_原油及び粗油,200,4月_金額,50140,140_カタール,2014000000,2014年,130201034,千円
30301000,30301_原油及び粗油,200,4月_金額,50140,140_カタール,2013000000,2013年,165932900,千円
30301000,30301_原油及び粗油,200,4月_金額,50140,140_カタール,2012000000,2012年,129933846,千円
30301000,30301_原油及び粗油,200,4月_金額,50140,140_カタール,2011000000,2011年,100677694,千円
30301000,30301_原油及び粗油,200,4月_金額,50141,141_オマーン,2015000000,2015年,8055377,千円
30301000,30301_原油及び粗油,200,4月_金額,50141,141_オマーン,2014000000,2014年,11248122,千円
30301000,30301_原油及び粗油,200,4月_金額,50141,141_オマーン,2013000000,2013年,36813992,千円
30301000,30301_原油及び粗油,200,4月_金額,50141,141_オマーン,2012000000,2012年,37054019,千円
30301000,30301_原油及び粗油,200,4月_金額,50141,141_オマーン,2011000000,2011年,42131838,千円
30301000,30301_原油及び粗油,200,4月_金額,50147,147_アラブ首長国連邦,2015000000,2015年,192267199,千円
30301000,30301_原油及び粗油,200,4月_金額,50147,147_アラブ首長国連邦,2014000000,2014年,297403824,千円
30301000,30301_原油及び粗油,200,4月_金額,50147,147_アラブ首長国連邦,2013000000,2013年,229825015,千円
30301000,30301_原油及び粗油,200,4月_金額,50147,147_アラブ首長国連邦,2012000000,2012年,283497453,千円
30301000,30301_原油及び粗油,200,4月_金額,50147,147_アラブ首長国連邦,2011000000,2011年,247191935,千円
30301000,30301_原油及び粗油,200,4月_金額,50149,149_イエメン,2015000000,2015年,0,千円
30301000,30301_原油及び粗油,200,4月_金額,50149,149_イエメン,2014000000,2014年,0,千円
30301000,30301_原油及び粗油,200,4月_金額,50149,149_イエメン,2013000000,2013年,0,千円
30301000,30301_原油及び粗油,200,4月_金額,50149,149_イエメン,2012000000,2012年,0,千円
30301000,30301_原油及び粗油,200,4月_金額,50149,149_イエメン,2011000000,2011年,4342735,千円
30301000,30301_原油及び粗油,200,4月_金額,50150,150_アゼルバイジャン,2012000000,2012年,0,千円
30301000,30301_原油及び粗油,200,4月_金額,50153,153_カザフスタン,2015000000,2015年,0,千円
30301000,30301_原油及び粗油,200,4月_金額,50153,153_カザフスタン,2014000000,2014年,0,千円
30301000,30301_原油及び粗油,200,4月_金額,50153,153_カザフスタン,2013000000,2013年,0,千円
30301000,30301_原油及び粗油,200,4月_金額,50202,202_ノルウェー,2014000000,2014年,0,千円
30301000,30301_原油及び粗油,200,4月_金額,50202,202_ノルウェー,2013000000,2013年,0,千円
30301000,30301_原油及び粗油,200,4月_金額,50205,205_英国,2012000000,2012年,5181244,千円
30301000,30301_原油及び粗油,200,4月_金額,50205,205_英国,2011000000,2011年,0,千円
30301000,30301_原油及び粗油,200,4月_金額,50213,213_ドイツ,2014000000,2014年,0,千円
30301000,30301_原油及び粗油,200,4月_金額,50224,224_ロシア,2015000000,2015年,85154745,千円
30301000,30301_原油及び粗油,200,4月_金額,50224,224_ロシア,2014000000,2014年,93615869,千円
30301000,30301_原油及び粗油,200,4月_金額,50224,224_ロシア,2013000000,2013年,99674727,千円
30301000,30301_原油及び粗油,200,4月_金額,50224,224_ロシア,2012000000,2012年,49393474,千円
30301000,30301_原油及び粗油,200,4月_金額,50224,224_ロシア,2011000000,2011年,34501230,千円
30301000,30301_原油及び粗油,200,4月_金額,50304,304_アメリカ合衆国,2015000000,2015年,289,千円
30301000,30301_原油及び粗油,200,4月_金額,50304,304_アメリカ合衆国,2014000000,2014年,0,千円
30301000,30301_原油及び粗油,200,4月_金額,50305,305_メキシコ,2015000000,2015年,12453682,千円
30301000,30301_原油及び粗油,200,4月_金額,50305,305_メキシコ,2014000000,2014年,5603631,千円
30301000,30301_原油及び粗油,200,4月_金額,50315,315_バハマ,2015000000,2015年,0,千円
30301000,30301_原油及び粗油,200,4月_金額,50315,315_バハマ,2013000000,2013年,0,千円
30301000,30301_原油及び粗油,200,4月_金額,50401,401_コロンビア,2015000000,2015年,3202634,千円
30301000,30301_原油及び粗油,200,4月_金額,50401,401_コロンビア,2014000000,2014年,0,千円
30301000,30301_原油及び粗油,200,4月_金額,50401,401_コロンビア,2011000000,2011年,0,千円
30301000,30301_原油及び粗油,200,4月_金額,50402,402_ベネズエラ,2015000000,2015年,0,千円
30301000,30301_原油及び粗油,200,4月_金額,50402,402_ベネズエラ,2014000000,2014年,0,千円
30301000,30301_原油及び粗油,200,4月_金額,50402,402_ベネズエラ,2013000000,2013年,10581924,千円
30301000,30301_原油及び粗油,200,4月_金額,50402,402_ベネズエラ,2012000000,2012年,0,千円
30301000,30301_原油及び粗油,200,4月_金額,50406,406_エクアドル,2015000000,2015年,5274570,千円
30301000,30301_原油及び粗油,200,4月_金額,50406,406_エクアドル,2014000000,2014年,0,千円
30301000,30301_原油及び粗油,200,4月_金額,50406,406_エクアドル,2013000000,2013年,8946996,千円
30301000,30301_原油及び粗油,200,4月_金額,50406,406_エクアドル,2012000000,2012年,6562163,千円
30301000,30301_原油及び粗油,200,4月_金額,50406,406_エクアドル,2011000000,2011年,0,千円
30301000,30301_原油及び粗油,200,4月_金額,50410,410_ブラジル,2014000000,2014年,0,千円
30301000,30301_原油及び粗油,200,4月_金額,50413,413_アルゼンチン,2012000000,2012年,0,千円
30301000,30301_原油及び粗油,200,4月_金額,50503,503_アルジェリア,2013000000,2013年,0,千円
30301000,30301_原油及び粗油,200,4月_金額,50503,503_アルジェリア,2011000000,2011年,8223075,千円
30301000,30301_原油及び粗油,200,4月_金額,50505,505_リビア,2014000000,2014年,0,千円
30301000,30301_原油及び粗油,200,4月_金額,50505,505_リビア,2013000000,2013年,0,千円
30301000,30301_原油及び粗油,200,4月_金額,50505,505_リビア,2012000000,2012年,4449567,千円
30301000,30301_原油及び粗油,200,4月_金額,50507,507_スーダン,2015000000,2015年,0,千円
30301000,30301_原油及び粗油,200,4月_金額,50507,507_スーダン,2014000000,2014年,1498801,千円
30301000,30301_原油及び粗油,200,4月_金額,50507,507_スーダン,2013000000,2013年,7123606,千円
30301000,30301_原油及び粗油,200,4月_金額,50507,507_スーダン,2012000000,2012年,6383210,千円
30301000,30301_原油及び粗油,200,4月_金額,50507,507_スーダン,2011000000,2011年,9410573,千円
30301000,30301_原油及び粗油,200,4月_金額,50524,524_ナイジェリア,2014000000,2014年,0,千円
30301000,30301_原油及び粗油,200,4月_金額,50524,524_ナイジェリア,2013000000,2013年,0,千円
30301000,30301_原油及び粗油,200,4月_金額,50524,524_ナイジェリア,2012000000,2012年,10386867,千円
30301000,30301_原油及び粗油,200,4月_金額,50524,524_ナイジェリア,2011000000,2011年,0,千円
30301000,30301_原油及び粗油,200,4月_金額,50527,527_カメルーン,2013000000,2013年,0,千円
30301000,30301_原油及び粗油,200,4月_金額,50528,528_チャド,2015000000,2015年,0,千円
30301000,30301_原油及び粗油,200,4月_金額,50528,528_チャド,2014000000,2014年,7191922,千円
30301000,30301_原油及び粗油,200,4月_金額,50528,528_チャド,2013000000,2013年,2874575,千円
30301000,30301_原油及び粗油,200,4月_金額,50528,528_チャド,2012000000,2012年,0,千円
30301000,30301_原油及び粗油,200,4月_金額,50530,530_赤道ギニア,2012000000,2012年,2235958,千円
30301000,30301_原油及び粗油,200,4月_金額,50531,531_ガボン,2015000000,2015年,4865277,千円
30301000,30301_原油及び粗油,200,4月_金額,50531,531_ガボン,2014000000,2014年,22105792,千円
30301000,30301_原油及び粗油,200,4月_金額,50531,531_ガボン,2013000000,2013年,32997162,千円
30301000,30301_原油及び粗油,200,4月_金額,50531,531_ガボン,2012000000,2012年,28048683,千円
30301000,30301_原油及び粗油,200,4月_金額,50531,531_ガボン,2011000000,2011年,0,千円
30301000,30301_原油及び粗油,200,4月_金額,50535,535_アンゴラ,2015000000,2015年,0,千円
30301000,30301_原油及び粗油,200,4月_金額,50535,535_アンゴラ,2014000000,2014年,0,千円
30301000,30301_原油及び粗油,200,4月_金額,50535,535_アンゴラ,2013000000,2013年,0,千円
30301000,30301_原油及び粗油,200,4月_金額,50535,535_アンゴラ,2012000000,2012年,10811106,千円
30301000,30301_原油及び粗油,200,4月_金額,50535,535_アンゴラ,2011000000,2011年,0,千円
30301000,30301_原油及び粗油,200,4月_金額,50560,560_南スーダン,2012000000,2012年,6260393,千円
30301000,30301_原油及び粗油,200,4月_金額,50560,560_南スーダン,2011000000,2011年,0,千円
30301000,30301_原油及び粗油,200,4月_金額,50601,601_オーストラリア,2015000000,2015年,7315554,千円
30301000,30301_原油及び粗油,200,4月_金額,50601,601_オーストラリア,2014000000,2014年,12627315,千円
30301000,30301_原油及び粗油,200,4月_金額,50601,601_オーストラリア,2013000000,2013年,9606644,千円
30301000,30301_原油及び粗油,200,4月_金額,50601,601_オーストラリア,2012000000,2012年,10278076,千円
30301000,30301_原油及び粗油,200,4月_金額,50601,601_オーストラリア,2011000000,2011年,9942527,千円
30301000,30301_原油及び粗油,200,4月_金額,50602,602_パプアニューギニア,2015000000,2015年,0,千円
30301000,30301_原油及び粗油,200,4月_金額,50602,602_パプアニューギニア,2013000000,2013年,0,千円
30301000,30301_原油及び粗油,200,4月_金額,50602,602_パプアニューギニア,2012000000,2012年,0,千円
30301000,30301_原油及び粗油,200,4月_金額,50602,602_パプアニューギニア,2011000000,2011年,0,千円
30301000,30301_原油及び粗油,200,4月_金額,50703,703_保税工場・総合保税地域,2014000000,2014年,14312,千円
30301000,30301_原油及び粗油,210,5月_数量,50103,103_大韓民国,2012000000,2012年,0,
30301000,30301_原油及び粗油,210,5月_数量,50103,103_大韓民国,2011000000,2011年,89942,
30301000,30301_原油及び粗油,210,5月_数量,50105,105_中華人民共和国,2015000000,2015年,0,
30301000,30301_原油及び粗油,210,5月_数量,50105,105_中華人民共和国,2013000000,2013年,0,
30301000,30301_原油及び粗油,210,5月_数量,50105,105_中華人民共和国,2012000000,2012年,0,
30301000,30301_原油及び粗油,210,5月_数量,50105,105_中華人民共和国,2011000000,2011年,0,
30301000,30301_原油及び粗油,210,5月_数量,50110,110_ベトナム,2015000000,2015年,173570,
30301000,30301_原油及び粗油,210,5月_数量,50110,110_ベトナム,2014000000,2014年,198503,
30301000,30301_原油及び粗油,210,5月_数量,50110,110_ベトナム,2013000000,2013年,309664,
30301000,30301_原油及び粗油,210,5月_数量,50110,110_ベトナム,2012000000,2012年,591029,
30301000,30301_原油及び粗油,210,5月_数量,50110,110_ベトナム,2011000000,2011年,161578,
30301000,30301_原油及び粗油,210,5月_数量,50112,112_シンガポール,2015000000,2015年,0,
30301000,30301_原油及び粗油,210,5月_数量,50112,112_シンガポール,2014000000,2014年,27210,
30301000,30301_原油及び粗油,210,5月_数量,50112,112_シンガポール,2012000000,2012年,0,
30301000,30301_原油及び粗油,210,5月_数量,50112,112_シンガポール,2011000000,2011年,0,
30301000,30301_原油及び粗油,210,5月_数量,50113,113_マレーシア,2015000000,2015年,72489,
30301000,30301_原油及び粗油,210,5月_数量,50113,113_マレーシア,2014000000,2014年,122908,
30301000,30301_原油及び粗油,210,5月_数量,50113,113_マレーシア,2013000000,2013年,146957,
30301000,30301_原油及び粗油,210,5月_数量,50113,113_マレーシア,2012000000,2012年,195311,
30301000,30301_原油及び粗油,210,5月_数量,50113,113_マレーシア,2011000000,2011年,227987,
30301000,30301_原油及び粗油,210,5月_数量,50116,116_ブルネイ,2015000000,2015年,0,
30301000,30301_原油及び粗油,210,5月_数量,50116,116_ブルネイ,2014000000,2014年,0,
30301000,30301_原油及び粗油,210,5月_数量,50116,116_ブルネイ,2013000000,2013年,47443,
30301000,30301_原油及び粗油,210,5月_数量,50116,116_ブルネイ,2012000000,2012年,79474,
30301000,30301_原油及び粗油,210,5月_数量,50116,116_ブルネイ,2011000000,2011年,79102,
30301000,30301_原油及び粗油,210,5月_数量,50118,118_インドネシア,2015000000,2015年,279907,
30301000,30301_原油及び粗油,210,5月_数量,50118,118_インドネシア,2014000000,2014年,628362,
30301000,30301_原油及び粗油,210,5月_数量,50118,118_インドネシア,2013000000,2013年,491267,
30301000,30301_原油及び粗油,210,5月_数量,50118,118_インドネシア,2012000000,2012年,514172,
30301000,30301_原油及び粗油,210,5月_数量,50118,118_インドネシア,2011000000,2011年,594433,
30301000,30301_原油及び粗油,210,5月_数量,50123,123_インド,2013000000,2013年,0,
30301000,30301_原油及び粗油,210,5月_数量,50123,123_インド,2011000000,2011年,0,
30301000,30301_原油及び粗油,210,5月_数量,50125,125_スリランカ,2015000000,2015年,0,
30301000,30301_原油及び粗油,210,5月_数量,50128,128_東ティモール,2012000000,2012年,0,
30301000,30301_原油及び粗油,210,5月_数量,50133,133_イラン,2015000000,2015年,584584,
30301000,30301_原油及び粗油,210,5月_数量,50133,133_イラン,2014000000,2014年,465959,
30301000,30301_原油及び粗油,210,5月_数量,50133,133_イラン,2013000000,2013年,1091800,
30301000,30301_原油及び粗油,210,5月_数量,50133,133_イラン,2012000000,2012年,523233,
30301000,30301_原油及び粗油,210,5月_数量,50133,133_イラン,2011000000,2011年,977844,
30301000,30301_原油及び粗油,210,5月_数量,50134,134_イラク,2015000000,2015年,116229,
30301000,30301_原油及び粗油,210,5月_数量,50134,134_イラク,2014000000,2014年,0,
30301000,30301_原油及び粗油,210,5月_数量,50134,134_イラク,2013000000,2013年,652593,
30301000,30301_原油及び粗油,210,5月_数量,50134,134_イラク,2012000000,2012年,389761,
30301000,30301_原油及び粗油,210,5月_数量,50134,134_イラク,2011000000,2011年,508573,
30301000,30301_原油及び粗油,210,5月_数量,50137,137_サウジアラビア,2015000000,2015年,5126994,
30301000,30301_原油及び粗油,210,5月_数量,50137,137_サウジアラビア,2014000000,2014年,4803163,
30301000,30301_原油及び粗油,210,5月_数量,50137,137_サウジアラビア,2013000000,2013年,4401753,
30301000,30301_原油及び粗油,210,5月_数量,50137,137_サウジアラビア,2012000000,2012年,5643511,
30301000,30301_原油及び粗油,210,5月_数量,50137,137_サウジアラビア,2011000000,2011年,5062320,
30301000,30301_原油及び粗油,210,5月_数量,50138,138_クウェート,2015000000,2015年,1722470,
30301000,30301_原油及び粗油,210,5月_数量,50138,138_クウェート,2014000000,2014年,907176,
30301000,30301_原油及び粗油,210,5月_数量,50138,138_クウェート,2013000000,2013年,1450396,
30301000,30301_原油及び粗油,210,5月_数量,50138,138_クウェート,2012000000,2012年,1251199,
30301000,30301_原油及び粗油,210,5月_数量,50138,138_クウェート,2011000000,2011年,1337352,
30301000,30301_原油及び粗油,210,5月_数量,50140,140_カタール,2015000000,2015年,952844,
30301000,30301_原油及び粗油,210,5月_数量,50140,140_カタール,2014000000,2014年,1619473,
30301000,30301_原油及び粗油,210,5月_数量,50140,140_カタール,2013000000,2013年,2190202,
30301000,30301_原油及び粗油,210,5月_数量,50140,140_カタール,2012000000,2012年,1687062,
30301000,30301_原油及び粗油,210,5月_数量,50140,140_カタール,2011000000,2011年,1592693,
30301000,30301_原油及び粗油,210,5月_数量,50141,141_オマーン,2015000000,2015年,66485,
30301000,30301_原油及び粗油,210,5月_数量,50141,141_オマーン,2014000000,2014年,218225,
30301000,30301_原油及び粗油,210,5月_数量,50141,141_オマーン,2013000000,2013年,332268,
30301000,30301_原油及び粗油,210,5月_数量,50141,141_オマーン,2012000000,2012年,601915,
30301000,30301_原油及び粗油,210,5月_数量,50141,141_オマーン,2011000000,2011年,76842,
30301000,30301_原油及び粗油,210,5月_数量,50147,147_アラブ首長国連邦,2015000000,2015年,3607103,
30301000,30301_原油及び粗油,210,5月_数量,50147,147_アラブ首長国連邦,2014000000,2014年,3295741,
30301000,30301_原油及び粗油,210,5月_数量,50147,147_アラブ首長国連邦,2013000000,2013年,3839711,
30301000,30301_原油及び粗油,210,5月_数量,50147,147_アラブ首長国連邦,2012000000,2012年,3328724,
30301000,30301_原油及び粗油,210,5月_数量,50147,147_アラブ首長国連邦,2011000000,2011年,3435333,
30301000,30301_原油及び粗油,210,5月_数量,50149,149_イエメン,2015000000,2015年,0,
30301000,30301_原油及び粗油,210,5月_数量,50149,149_イエメン,2014000000,2014年,0,
30301000,30301_原油及び粗油,210,5月_数量,50149,149_イエメン,2013000000,2013年,0,
30301000,30301_原油及び粗油,210,5月_数量,50149,149_イエメン,2012000000,2012年,0,
30301000,30301_原油及び粗油,210,5月_数量,50149,149_イエメン,2011000000,2011年,0,
30301000,30301_原油及び粗油,210,5月_数量,50150,150_アゼルバイジャン,2012000000,2012年,0,
30301000,30301_原油及び粗油,210,5月_数量,50153,153_カザフスタン,2015000000,2015年,0,
30301000,30301_原油及び粗油,210,5月_数量,50153,153_カザフスタン,2014000000,2014年,0,
30301000,30301_原油及び粗油,210,5月_数量,50153,153_カザフスタン,2013000000,2013年,0,
30301000,30301_原油及び粗油,210,5月_数量,50202,202_ノルウェー,2014000000,2014年,0,
30301000,30301_原油及び粗油,210,5月_数量,50202,202_ノルウェー,2013000000,2013年,0,
30301000,30301_原油及び粗油,210,5月_数量,50205,205_英国,2012000000,2012年,0,
30301000,30301_原油及び粗油,210,5月_数量,50205,205_英国,2011000000,2011年,0,
30301000,30301_原油及び粗油,210,5月_数量,50213,213_ドイツ,2014000000,2014年,0,
30301000,30301_原油及び粗油,210,5月_数量,50224,224_ロシア,2015000000,2015年,1072644,
30301000,30301_原油及び粗油,210,5月_数量,50224,224_ロシア,2014000000,2014年,666838,
30301000,30301_原油及び粗油,210,5月_数量,50224,224_ロシア,2013000000,2013年,775436,
30301000,30301_原油及び粗油,210,5月_数量,50224,224_ロシア,2012000000,2012年,921394,
30301000,30301_原油及び粗油,210,5月_数量,50224,224_ロシア,2011000000,2011年,649025,
30301000,30301_原油及び粗油,210,5月_数量,50304,304_アメリカ合衆国,2015000000,2015年,0,
30301000,30301_原油及び粗油,210,5月_数量,50304,304_アメリカ合衆国,2014000000,2014年,0,
30301000,30301_原油及び粗油,210,5月_数量,50305,305_メキシコ,2015000000,2015年,166345,
30301000,30301_原油及び粗油,210,5月_数量,50305,305_メキシコ,2014000000,2014年,207825,
30301000,30301_原油及び粗油,210,5月_数量,50315,315_バハマ,2015000000,2015年,0,
30301000,30301_原油及び粗油,210,5月_数量,50315,315_バハマ,2013000000,2013年,0,
30301000,30301_原油及び粗油,210,5月_数量,50401,401_コロンビア,2015000000,2015年,0,
30301000,30301_原油及び粗油,210,5月_数量,50401,401_コロンビア,2014000000,2014年,0,
30301000,30301_原油及び粗油,210,5月_数量,50401,401_コロンビア,2011000000,2011年,0,
30301000,30301_原油及び粗油,210,5月_数量,50402,402_ベネズエラ,2015000000,2015年,0,
30301000,30301_原油及び粗油,210,5月_数量,50402,402_ベネズエラ,2014000000,2014年,0,
30301000,30301_原油及び粗油,210,5月_数量,50402,402_ベネズエラ,2013000000,2013年,0,
30301000,30301_原油及び粗油,210,5月_数量,50402,402_ベネズエラ,2012000000,2012年,0,
30301000,30301_原油及び粗油,210,5月_数量,50406,406_エクアドル,2015000000,2015年,151537,
30301000,30301_原油及び粗油,210,5月_数量,50406,406_エクアドル,2014000000,2014年,103910,
30301000,30301_原油及び粗油,210,5月_数量,50406,406_エクアドル,2013000000,2013年,153576,
30301000,30301_原油及び粗油,210,5月_数量,50406,406_エクアドル,2012000000,2012年,94423,
30301000,30301_原油及び粗油,210,5月_数量,50406,406_エクアドル,2011000000,2011年,104692,
30301000,30301_原油及び粗油,210,5月_数量,50410,410_ブラジル,2014000000,2014年,0,
30301000,30301_原油及び粗油,210,5月_数量,50413,413_アルゼンチン,2012000000,2012年,0,
30301000,30301_原油及び粗油,210,5月_数量,50503,503_アルジェリア,2013000000,2013年,0,
30301000,30301_原油及び粗油,210,5月_数量,50503,503_アルジェリア,2011000000,2011年,0,
30301000,30301_原油及び粗油,210,5月_数量,50505,505_リビア,2014000000,2014年,0,
30301000,30301_原油及び粗油,210,5月_数量,50505,505_リビア,2013000000,2013年,128719,
30301000,30301_原油及び粗油,210,5月_数量,50505,505_リビア,2012000000,2012年,80425,
30301000,30301_原油及び粗油,210,5月_数量,50507,507_スーダン,2015000000,2015年,91173,
30301000,30301_原油及び粗油,210,5月_数量,50507,507_スーダン,2014000000,2014年,39050,
30301000,30301_原油及び粗油,210,5月_数量,50507,507_スーダン,2013000000,2013年,37841,
30301000,30301_原油及び粗油,210,5月_数量,50507,507_スーダン,2012000000,2012年,2025,
30301000,30301_原油及び粗油,210,5月_数量,50507,507_スーダン,2011000000,2011年,344967,
30301000,30301_原油及び粗油,210,5月_数量,50524,524_ナイジェリア,2014000000,2014年,0,
30301000,30301_原油及び粗油,210,5月_数量,50524,524_ナイジェリア,2013000000,2013年,151172,
30301000,30301_原油及び粗油,210,5月_数量,50524,524_ナイジェリア,2012000000,2012年,0,
30301000,30301_原油及び粗油,210,5月_数量,50524,524_ナイジェリア,2011000000,2011年,162907,
30301000,30301_原油及び粗油,210,5月_数量,50527,527_カメルーン,2013000000,2013年,0,
30301000,30301_原油及び粗油,210,5月_数量,50528,528_チャド,2015000000,2015年,151803,
30301000,30301_原油及び粗油,210,5月_数量,50528,528_チャド,2014000000,2014年,21827,
30301000,30301_原油及び粗油,210,5月_数量,50528,528_チャド,2013000000,2013年,3893,
30301000,30301_原油及び粗油,210,5月_数量,50528,528_チャド,2012000000,2012年,0,
30301000,30301_原油及び粗油,210,5月_数量,50530,530_赤道ギニア,2012000000,2012年,103035,
30301000,30301_原油及び粗油,210,5月_数量,50531,531_ガボン,2015000000,2015年,107559,
30301000,30301_原油及び粗油,210,5月_数量,50531,531_ガボン,2014000000,2014年,54480,
30301000,30301_原油及び粗油,210,5月_数量,50531,531_ガボン,2013000000,2013年,333344,
30301000,30301_原油及び粗油,210,5月_数量,50531,531_ガボン,2012000000,2012年,300550,
30301000,30301_原油及び粗油,210,5月_数量,50531,531_ガボン,2011000000,2011年,0,
30301000,30301_原油及び粗油,210,5月_数量,50535,535_アンゴラ,2015000000,2015年,0,
30301000,30301_原油及び粗油,210,5月_数量,50535,535_アンゴラ,2014000000,2014年,0,
30301000,30301_原油及び粗油,210,5月_数量,50535,535_アンゴラ,2013000000,2013年,0,
30301000,30301_原油及び粗油,210,5月_数量,50535,535_アンゴラ,2012000000,2012年,0,
30301000,30301_原油及び粗油,210,5月_数量,50535,535_アンゴラ,2011000000,2011年,0,
30301000,30301_原油及び粗油,210,5月_数量,50560,560_南スーダン,2012000000,2012年,0,
30301000,30301_原油及び粗油,210,5月_数量,50560,560_南スーダン,2011000000,2011年,0,
30301000,30301_原油及び粗油,210,5月_数量,50601,601_オーストラリア,2015000000,2015年,71536,
30301000,30301_原油及び粗油,210,5月_数量,50601,601_オーストラリア,2014000000,2014年,97423,
30301000,30301_原油及び粗油,210,5月_数量,50601,601_オーストラリア,2013000000,2013年,172322,
30301000,30301_原油及び粗油,210,5月_数量,50601,601_オーストラリア,2012000000,2012年,288170,
30301000,30301_原油及び粗油,210,5月_数量,50601,601_オーストラリア,2011000000,2011年,91865,
30301000,30301_原油及び粗油,210,5月_数量,50602,602_パプアニューギニア,2015000000,2015年,0,
30301000,30301_原油及び粗油,210,5月_数量,50602,602_パプアニューギニア,2013000000,2013年,0,
30301000,30301_原油及び粗油,210,5月_数量,50602,602_パプアニューギニア,2012000000,2012年,0,
30301000,30301_原油及び粗油,210,5月_数量,50602,602_パプアニューギニア,2011000000,2011年,0,
30301000,30301_原油及び粗油,210,5月_数量,50703,703_保税工場・総合保税地域,2014000000,2014年,0,
30301000,30301_原油及び粗油,220,5月_金額,50103,103_大韓民国,2012000000,2012年,0,千円
30301000,30301_原油及び粗油,220,5月_金額,50103,103_大韓民国,2011000000,2011年,4951368,千円
30301000,30301_原油及び粗油,220,5月_金額,50105,105_中華人民共和国,2015000000,2015年,0,千円
30301000,30301_原油及び粗油,220,5月_金額,50105,105_中華人民共和国,2013000000,2013年,0,千円
30301000,30301_原油及び粗油,220,5月_金額,50105,105_中華人民共和国,2012000000,2012年,0,千円
30301000,30301_原油及び粗油,220,5月_金額,50105,105_中華人民共和国,2011000000,2011年,0,千円
30301000,30301_原油及び粗油,220,5月_金額,50110,110_ベトナム,2015000000,2015年,8290657,千円
30301000,30301_原油及び粗油,220,5月_金額,50110,110_ベトナム,2014000000,2014年,14837867,千円
30301000,30301_原油及び粗油,220,5月_金額,50110,110_ベトナム,2013000000,2013年,22240290,千円
30301000,30301_原油及び粗油,220,5月_金額,50110,110_ベトナム,2012000000,2012年,40453834,千円
30301000,30301_原油及び粗油,220,5月_金額,50110,110_ベトナム,2011000000,2011年,10764079,千円
30301000,30301_原油及び粗油,220,5月_金額,50112,112_シンガポール,2015000000,2015年,0,千円
30301000,30301_原油及び粗油,220,5月_金額,50112,112_シンガポール,2014000000,2014年,2092631,千円
30301000,30301_原油及び粗油,220,5月_金額,50112,112_シンガポール,2012000000,2012年,0,千円
30301000,30301_原油及び粗油,220,5月_金額,50112,112_シンガポール,2011000000,2011年,0,千円
30301000,30301_原油及び粗油,220,5月_金額,50113,113_マレーシア,2015000000,2015年,3894131,千円
30301000,30301_原油及び粗油,220,5月_金額,50113,113_マレーシア,2014000000,2014年,9212583,千円
30301000,30301_原油及び粗油,220,5月_金額,50113,113_マレーシア,2013000000,2013年,10181471,千円
30301000,30301_原油及び粗油,220,5月_金額,50113,113_マレーシア,2012000000,2012年,13014907,千円
30301000,30301_原油及び粗油,220,5月_金額,50113,113_マレーシア,2011000000,2011年,14950923,千円
30301000,30301_原油及び粗油,220,5月_金額,50116,116_ブルネイ,2015000000,2015年,0,千円
30301000,30301_原油及び粗油,220,5月_金額,50116,116_ブルネイ,2014000000,2014年,0,千円
30301000,30301_原油及び粗油,220,5月_金額,50116,116_ブルネイ,2013000000,2013年,3332820,千円
30301000,30301_原油及び粗油,220,5月_金額,50116,116_ブルネイ,2012000000,2012年,5201104,千円
30301000,30301_原油及び粗油,220,5月_金額,50116,116_ブルネイ,2011000000,2011年,5287215,千円
30301000,30301_原油及び粗油,220,5月_金額,50118,118_インドネシア,2015000000,2015年,13418457,千円
30301000,30301_原油及び粗油,220,5月_金額,50118,118_インドネシア,2014000000,2014年,46930299,千円
30301000,30301_原油及び粗油,220,5月_金額,50118,118_インドネシア,2013000000,2013年,32949346,千円
30301000,30301_原油及び粗油,220,5月_金額,50118,118_インドネシア,2012000000,2012年,34733939,千円
30301000,30301_原油及び粗油,220,5月_金額,50118,118_インドネシア,2011000000,2011年,38524454,千円
30301000,30301_原油及び粗油,220,5月_金額,50123,123_インド,2013000000,2013年,0,千円
30301000,30301_原油及び粗油,220,5月_金額,50123,123_インド,2011000000,2011年,0,千円
30301000,30301_原油及び粗油,220,5月_金額,50125,125_スリランカ,2015000000,2015年,0,千円
30301000,30301_原油及び粗油,220,5月_金額,50128,128_東ティモール,2012000000,2012年,0,千円
30301000,30301_原油及び粗油,220,5月_金額,50133,133_イラン,2015000000,2015年,24626272,千円
30301000,30301_原油及び粗油,220,5月_金額,50133,133_イラン,2014000000,2014年,31757853,千円
30301000,30301_原油及び粗油,220,5月_金額,50133,133_イラン,2013000000,2013年,69868975,千円
30301000,30301_原油及び粗油,220,5月_金額,50133,133_イラン,2012000000,2012年,33591256,千円
30301000,30301_原油及び粗油,220,5月_金額,50133,133_イラン,2011000000,2011年,59577025,千円
30301000,30301_原油及び粗油,220,5月_金額,50134,134_イラク,2015000000,2015年,4885911,千円
30301000,30301_原油及び粗油,220,5月_金額,50134,134_イラク,2014000000,2014年,0,千円
30301000,30301_原油及び粗油,220,5月_金額,50134,134_イラク,2013000000,2013年,42528745,千円
30301000,30301_原油及び粗油,220,5月_金額,50134,134_イラク,2012000000,2012年,23475466,千円
30301000,30301_原油及び粗油,220,5月_金額,50134,134_イラク,2011000000,2011年,27985247,千円
30301000,30301_原油及び粗油,220,5月_金額,50137,137_サウジアラビア,2015000000,2015年,226923218,千円
30301000,30301_原油及び粗油,220,5月_金額,50137,137_サウジアラビア,2014000000,2014年,333993619,千円
30301000,30301_原油及び粗油,220,5月_金額,50137,137_サウジアラビア,2013000000,2013年,292888579,千円
30301000,30301_原油及び粗油,220,5月_金額,50137,137_サウジアラビア,2012000000,2012年,353404097,千円
30301000,30301_原油及び粗油,220,5月_金額,50137,137_サウジアラビア,2011000000,2011年,307067477,千円
30301000,30301_原油及び粗油,220,5月_金額,50138,138_クウェート,2015000000,2015年,72592001,千円
30301000,30301_原油及び粗油,220,5月_金額,50138,138_クウェート,2014000000,2014年,61912034,千円
30301000,30301_原油及び粗油,220,5月_金額,50138,138_クウェート,2013000000,2013年,93026997,千円
30301000,30301_原油及び粗油,220,5月_金額,50138,138_クウェート,2012000000,2012年,76294593,千円
30301000,30301_原油及び粗油,220,5月_金額,50138,138_クウェート,2011000000,2011年,79556314,千円
30301000,30301_原油及び粗油,220,5月_金額,50140,140_カタール,2015000000,2015年,42501041,千円
30301000,30301_原油及び粗油,220,5月_金額,50140,140_カタール,2014000000,2014年,113102542,千円
30301000,30301_原油及び粗油,220,5月_金額,50140,140_カタール,2013000000,2013年,145055776,千円
30301000,30301_原油及び粗油,220,5月_金額,50140,140_カタール,2012000000,2012年,104542904,千円
30301000,30301_原油及び粗油,220,5月_金額,50140,140_カタール,2011000000,2011年,96834693,千円
30301000,30301_原油及び粗油,220,5月_金額,50141,141_オマーン,2015000000,2015年,2874530,千円
30301000,30301_原油及び粗油,220,5月_金額,50141,141_オマーン,2014000000,2014年,14995248,千円
30301000,30301_原油及び粗油,220,5月_金額,50141,141_オマーン,2013000000,2013年,22283489,千円
30301000,30301_原油及び粗油,220,5月_金額,50141,141_オマーン,2012000000,2012年,37305011,千円
30301000,30301_原油及び粗油,220,5月_金額,50141,141_オマーン,2011000000,2011年,4448634,千円
30301000,30301_原油及び粗油,220,5月_金額,50147,147_アラブ首長国連邦,2015000000,2015年,165521166,千円
30301000,30301_原油及び粗油,220,5月_金額,50147,147_アラブ首長国連邦,2014000000,2014年,231850481,千円
30301000,30301_原油及び粗油,220,5月_金額,50147,147_アラブ首長国連邦,2013000000,2013年,258178407,千円
30301000,30301_原油及び粗油,220,5月_金額,50147,147_アラブ首長国連邦,2012000000,2012年,209806770,千円
30301000,30301_原油及び粗油,220,5月_金額,50147,147_アラブ首長国連邦,2011000000,2011年,207813539,千円
30301000,30301_原油及び粗油,220,5月_金額,50149,149_イエメン,2015000000,2015年,0,千円
30301000,30301_原油及び粗油,220,5月_金額,50149,149_イエメン,2014000000,2014年,0,千円
30301000,30301_原油及び粗油,220,5月_金額,50149,149_イエメン,2013000000,2013年,0,千円
30301000,30301_原油及び粗油,220,5月_金額,50149,149_イエメン,2012000000,2012年,0,千円
30301000,30301_原油及び粗油,220,5月_金額,50149,149_イエメン,2011000000,2011年,0,千円
30301000,30301_原油及び粗油,220,5月_金額,50150,150_アゼルバイジャン,2012000000,2012年,0,千円
30301000,30301_原油及び粗油,220,5月_金額,50153,153_カザフスタン,2015000000,2015年,0,千円
30301000,30301_原油及び粗油,220,5月_金額,50153,153_カザフスタン,2014000000,2014年,0,千円
30301000,30301_原油及び粗油,220,5月_金額,50153,153_カザフスタン,2013000000,2013年,0,千円
30301000,30301_原油及び粗油,220,5月_金額,50202,202_ノルウェー,2014000000,2014年,0,千円
30301000,30301_原油及び粗油,220,5月_金額,50202,202_ノルウェー,2013000000,2013年,0,千円
30301000,30301_原油及び粗油,220,5月_金額,50205,205_英国,2012000000,2012年,0,千円
30301000,30301_原油及び粗油,220,5月_金額,50205,205_英国,2011000000,2011年,0,千円
30301000,30301_原油及び粗油,220,5月_金額,50213,213_ドイツ,2014000000,2014年,0,千円
30301000,30301_原油及び粗油,220,5月_金額,50224,224_ロシア,2015000000,2015年,51284976,千円
30301000,30301_原油及び粗油,220,5月_金額,50224,224_ロシア,2014000000,2014年,47818845,千円
30301000,30301_原油及び粗油,220,5月_金額,50224,224_ロシア,2013000000,2013年,52041872,千円
30301000,30301_原油及び粗油,220,5月_金額,50224,224_ロシア,2012000000,2012年,57952769,千円
30301000,30301_原油及び粗油,220,5月_金額,50224,224_ロシア,2011000000,2011年,39882848,千円
30301000,30301_原油及び粗油,220,5月_金額,50304,304_アメリカ合衆国,2015000000,2015年,0,千円
30301000,30301_原油及び粗油,220,5月_金額,50304,304_アメリカ合衆国,2014000000,2014年,0,千円
30301000,30301_原油及び粗油,220,5月_金額,50305,305_メキシコ,2015000000,2015年,6405932,千円
30301000,30301_原油及び粗油,220,5月_金額,50305,305_メキシコ,2014000000,2014年,14448126,千円
30301000,30301_原油及び粗油,220,5月_金額,50315,315_バハマ,2015000000,2015年,0,千円
30301000,30301_原油及び粗油,220,5月_金額,50315,315_バハマ,2013000000,2013年,0,千円
30301000,30301_原油及び粗油,220,5月_金額,50401,401_コロンビア,2015000000,2015年,0,千円
30301000,30301_原油及び粗油,220,5月_金額,50401,401_コロンビア,2014000000,2014年,0,千円
30301000,30301_原油及び粗油,220,5月_金額,50401,401_コロンビア,2011000000,2011年,0,千円
30301000,30301_原油及び粗油,220,5月_金額,50402,402_ベネズエラ,2015000000,2015年,0,千円
30301000,30301_原油及び粗油,220,5月_金額,50402,402_ベネズエラ,2014000000,2014年,0,千円
30301000,30301_原油及び粗油,220,5月_金額,50402,402_ベネズエラ,2013000000,2013年,0,千円
30301000,30301_原油及び粗油,220,5月_金額,50402,402_ベネズエラ,2012000000,2012年,0,千円
30301000,30301_原油及び粗油,220,5月_金額,50406,406_エクアドル,2015000000,2015年,5617611,千円
30301000,30301_原油及び粗油,220,5月_金額,50406,406_エクアドル,2014000000,2014年,6746173,千円
30301000,30301_原油及び粗油,220,5月_金額,50406,406_エクアドル,2013000000,2013年,9515508,千円
30301000,30301_原油及び粗油,220,5月_金額,50406,406_エクアドル,2012000000,2012年,5467846,千円
30301000,30301_原油及び粗油,220,5月_金額,50406,406_エクアドル,2011000000,2011年,6075463,千円
30301000,30301_原油及び粗油,220,5月_金額,50410,410_ブラジル,2014000000,2014年,0,千円
30301000,30301_原油及び粗油,220,5月_金額,50413,413_アルゼンチン,2012000000,2012年,0,千円
30301000,30301_原油及び粗油,220,5月_金額,50503,503_アルジェリア,2013000000,2013年,0,千円
30301000,30301_原油及び粗油,220,5月_金額,50503,503_アルジェリア,2011000000,2011年,0,千円
30301000,30301_原油及び粗油,220,5月_金額,50505,505_リビア,2014000000,2014年,0,千円
30301000,30301_原油及び粗油,220,5月_金額,50505,505_リビア,2013000000,2013年,8900295,千円
30301000,30301_原油及び粗油,220,5月_金額,50505,505_リビア,2012000000,2012年,5244766,千円
30301000,30301_原油及び粗油,220,5月_金額,50507,507_スーダン,2015000000,2015年,4496332,千円
30301000,30301_原油及び粗油,220,5月_金額,50507,507_スーダン,2014000000,2014年,2881475,千円
30301000,30301_原油及び粗油,220,5月_金額,50507,507_スーダン,2013000000,2013年,2527696,千円
30301000,30301_原油及び粗油,220,5月_金額,50507,507_スーダン,2012000000,2012年,128619,千円
30301000,30301_原油及び粗油,220,5月_金額,50507,507_スーダン,2011000000,2011年,22424339,千円
30301000,30301_原油及び粗油,220,5月_金額,50524,524_ナイジェリア,2014000000,2014年,0,千円
30301000,30301_原油及び粗油,220,5月_金額,50524,524_ナイジェリア,2013000000,2013年,11125416,千円
30301000,30301_原油及び粗油,220,5月_金額,50524,524_ナイジェリア,2012000000,2012年,0,千円
30301000,30301_原油及び粗油,220,5月_金額,50524,524_ナイジェリア,2011000000,2011年,10456835,千円
30301000,30301_原油及び粗油,220,5月_金額,50527,527_カメルーン,2013000000,2013年,0,千円
30301000,30301_原油及び粗油,220,5月_金額,50528,528_チャド,2015000000,2015年,5410808,千円
30301000,30301_原油及び粗油,220,5月_金額,50528,528_チャド,2014000000,2014年,1590792,千円
30301000,30301_原油及び粗油,220,5月_金額,50528,528_チャド,2013000000,2013年,306038,千円
30301000,30301_原油及び粗油,220,5月_金額,50528,528_チャド,2012000000,2012年,0,千円
30301000,30301_原油及び粗油,220,5月_金額,50530,530_赤道ギニア,2012000000,2012年,6762038,千円
30301000,30301_原油及び粗油,220,5月_金額,50531,531_ガボン,2015000000,2015年,5534318,千円
30301000,30301_原油及び粗油,220,5月_金額,50531,531_ガボン,2014000000,2014年,4001095,千円
30301000,30301_原油及び粗油,220,5月_金額,50531,531_ガボン,2013000000,2013年,23765714,千円
30301000,30301_原油及び粗油,220,5月_金額,50531,531_ガボン,2012000000,2012年,20395555,千円
30301000,30301_原油及び粗油,220,5月_金額,50531,531_ガボン,2011000000,2011年,0,千円
30301000,30301_原油及び粗油,220,5月_金額,50535,535_アンゴラ,2015000000,2015年,0,千円
30301000,30301_原油及び粗油,220,5月_金額,50535,535_アンゴラ,2014000000,2014年,0,千円
30301000,30301_原油及び粗油,220,5月_金額,50535,535_アンゴラ,2013000000,2013年,0,千円
30301000,30301_原油及び粗油,220,5月_金額,50535,535_アンゴラ,2012000000,2012年,0,千円
30301000,30301_原油及び粗油,220,5月_金額,50535,535_アンゴラ,2011000000,2011年,0,千円
30301000,30301_原油及び粗油,220,5月_金額,50560,560_南スーダン,2012000000,2012年,0,千円
30301000,30301_原油及び粗油,220,5月_金額,50560,560_南スーダン,2011000000,2011年,0,千円
30301000,30301_原油及び粗油,220,5月_金額,50601,601_オーストラリア,2015000000,2015年,3416134,千円
30301000,30301_原油及び粗油,220,5月_金額,50601,601_オーストラリア,2014000000,2014年,6948436,千円
30301000,30301_原油及び粗油,220,5月_金額,50601,601_オーストラリア,2013000000,2013年,11851917,千円
30301000,30301_原油及び粗油,220,5月_金額,50601,601_オーストラリア,2012000000,2012年,17654938,千円
30301000,30301_原油及び粗油,220,5月_金額,50601,601_オーストラリア,2011000000,2011年,6040619,千円
30301000,30301_原油及び粗油,220,5月_金額,50602,602_パプアニューギニア,2015000000,2015年,0,千円
30301000,30301_原油及び粗油,220,5月_金額,50602,602_パプアニューギニア,2013000000,2013年,0,千円
30301000,30301_原油及び粗油,220,5月_金額,50602,602_パプアニューギニア,2012000000,2012年,0,千円
30301000,30301_原油及び粗油,220,5月_金額,50602,602_パプアニューギニア,2011000000,2011年,0,千円
30301000,30301_原油及び粗油,220,5月_金額,50703,703_保税工場・総合保税地域,2014000000,2014年,0,千円
30301000,30301_原油及び粗油,230,6月_数量,50103,103_大韓民国,2012000000,2012年,0,
30301000,30301_原油及び粗油,230,6月_数量,50103,103_大韓民国,2011000000,2011年,0,
30301000,30301_原油及び粗油,230,6月_数量,50105,105_中華人民共和国,2015000000,2015年,0,
30301000,30301_原油及び粗油,230,6月_数量,50105,105_中華人民共和国,2013000000,2013年,0,
30301000,30301_原油及び粗油,230,6月_数量,50105,105_中華人民共和国,2012000000,2012年,39712,
30301000,30301_原油及び粗油,230,6月_数量,50105,105_中華人民共和国,2011000000,2011年,0,
30301000,30301_原油及び粗油,230,6月_数量,50110,110_ベトナム,2015000000,2015年,128436,
30301000,30301_原油及び粗油,230,6月_数量,50110,110_ベトナム,2014000000,2014年,336545,
30301000,30301_原油及び粗油,230,6月_数量,50110,110_ベトナム,2013000000,2013年,328898,
30301000,30301_原油及び粗油,230,6月_数量,50110,110_ベトナム,2012000000,2012年,379324,
30301000,30301_原油及び粗油,230,6月_数量,50110,110_ベトナム,2011000000,2011年,299506,
30301000,30301_原油及び粗油,230,6月_数量,50112,112_シンガポール,2015000000,2015年,0,
30301000,30301_原油及び粗油,230,6月_数量,50112,112_シンガポール,2014000000,2014年,0,
30301000,30301_原油及び粗油,230,6月_数量,50112,112_シンガポール,2012000000,2012年,0,
30301000,30301_原油及び粗油,230,6月_数量,50112,112_シンガポール,2011000000,2011年,0,
30301000,30301_原油及び粗油,230,6月_数量,50113,113_マレーシア,2015000000,2015年,0,
30301000,30301_原油及び粗油,230,6月_数量,50113,113_マレーシア,2014000000,2014年,39259,
30301000,30301_原油及び粗油,230,6月_数量,50113,113_マレーシア,2013000000,2013年,87869,
30301000,30301_原油及び粗油,230,6月_数量,50113,113_マレーシア,2012000000,2012年,94644,
30301000,30301_原油及び粗油,230,6月_数量,50113,113_マレーシア,2011000000,2011年,217061,
30301000,30301_原油及び粗油,230,6月_数量,50116,116_ブルネイ,2015000000,2015年,0,
30301000,30301_原油及び粗油,230,6月_数量,50116,116_ブルネイ,2014000000,2014年,0,
30301000,30301_原油及び粗油,230,6月_数量,50116,116_ブルネイ,2013000000,2013年,0,
30301000,30301_原油及び粗油,230,6月_数量,50116,116_ブルネイ,2012000000,2012年,31584,
30301000,30301_原油及び粗油,230,6月_数量,50116,116_ブルネイ,2011000000,2011年,31847,
30301000,30301_原油及び粗油,230,6月_数量,50118,118_インドネシア,2015000000,2015年,354478,
30301000,30301_原油及び粗油,230,6月_数量,50118,118_インドネシア,2014000000,2014年,328190,
30301000,30301_原油及び粗油,230,6月_数量,50118,118_インドネシア,2013000000,2013年,506103,
30301000,30301_原油及び粗油,230,6月_数量,50118,118_インドネシア,2012000000,2012年,689638,
30301000,30301_原油及び粗油,230,6月_数量,50118,118_インドネシア,2011000000,2011年,488270,
30301000,30301_原油及び粗油,230,6月_数量,50123,123_インド,2013000000,2013年,0,
30301000,30301_原油及び粗油,230,6月_数量,50123,123_インド,2011000000,2011年,0,
30301000,30301_原油及び粗油,230,6月_数量,50125,125_スリランカ,2015000000,2015年,0,
30301000,30301_原油及び粗油,230,6月_数量,50128,128_東ティモール,2012000000,2012年,0,
30301000,30301_原油及び粗油,230,6月_数量,50133,133_イラン,2015000000,2015年,568197,
30301000,30301_原油及び粗油,230,6月_数量,50133,133_イラン,2014000000,2014年,1019788,
30301000,30301_原油及び粗油,230,6月_数量,50133,133_イラン,2013000000,2013年,576909,
30301000,30301_原油及び粗油,230,6月_数量,50133,133_イラン,2012000000,2012年,812693,
30301000,30301_原油及び粗油,230,6月_数量,50133,133_イラン,2011000000,2011年,1229098,
30301000,30301_原油及び粗油,230,6月_数量,50134,134_イラク,2015000000,2015年,0,
30301000,30301_原油及び粗油,230,6月_数量,50134,134_イラク,2014000000,2014年,0,
30301000,30301_原油及び粗油,230,6月_数量,50134,134_イラク,2013000000,2013年,13451,
30301000,30301_原油及び粗油,230,6月_数量,50134,134_イラク,2012000000,2012年,729645,
30301000,30301_原油及び粗油,230,6月_数量,50134,134_イラク,2011000000,2011年,0,
30301000,30301_原油及び粗油,230,6月_数量,50137,137_サウジアラビア,2015000000,2015年,5065071,
30301000,30301_原油及び粗油,230,6月_数量,50137,137_サウジアラビア,2014000000,2014年,4908368,
30301000,30301_原油及び粗油,230,6月_数量,50137,137_サウジアラビア,2013000000,2013年,4719699,
30301000,30301_原油及び粗油,230,6月_数量,50137,137_サウジアラビア,2012000000,2012年,5121251,
30301000,30301_原油及び粗油,230,6月_数量,50137,137_サウジアラビア,2011000000,2011年,5659283,
30301000,30301_原油及び粗油,230,6月_数量,50138,138_クウェート,2015000000,2015年,1132362,
30301000,30301_原油及び粗油,230,6月_数量,50138,138_クウェート,2014000000,2014年,1119594,
30301000,30301_原油及び粗油,230,6月_数量,50138,138_クウェート,2013000000,2013年,1130652,
30301000,30301_原油及び粗油,230,6月_数量,50138,138_クウェート,2012000000,2012年,797103,
30301000,30301_原油及び粗油,230,6月_数量,50138,138_クウェート,2011000000,2011年,851470,
30301000,30301_原油及び粗油,230,6月_数量,50140,140_カタール,2015000000,2015年,1140593,
30301000,30301_原油及び粗油,230,6月_数量,50140,140_カタール,2014000000,2014年,1109024,
30301000,30301_原油及び粗油,230,6月_数量,50140,140_カタール,2013000000,2013年,2241451,
30301000,30301_原油及び粗油,230,6月_数量,50140,140_カタール,2012000000,2012年,1681078,
30301000,30301_原油及び粗油,230,6月_数量,50140,140_カタール,2011000000,2011年,1544914,
30301000,30301_原油及び粗油,230,6月_数量,50141,141_オマーン,2015000000,2015年,67602,
30301000,30301_原油及び粗油,230,6月_数量,50141,141_オマーン,2014000000,2014年,158926,
30301000,30301_原油及び粗油,230,6月_数量,50141,141_オマーン,2013000000,2013年,217743,
30301000,30301_原油及び粗油,230,6月_数量,50141,141_オマーン,2012000000,2012年,544606,
30301000,30301_原油及び粗油,230,6月_数量,50141,141_オマーン,2011000000,2011年,65724,
30301000,30301_原油及び粗油,230,6月_数量,50147,147_アラブ首長国連邦,2015000000,2015年,3826089,
30301000,30301_原油及び粗油,230,6月_数量,50147,147_アラブ首長国連邦,2014000000,2014年,3693413,
30301000,30301_原油及び粗油,230,6月_数量,50147,147_アラブ首長国連邦,2013000000,2013年,3736312,
30301000,30301_原油及び粗油,230,6月_数量,50147,147_アラブ首長国連邦,2012000000,2012年,3719392,
30301000,30301_原油及び粗油,230,6月_数量,50147,147_アラブ首長国連邦,2011000000,2011年,4466245,
30301000,30301_原油及び粗油,230,6月_数量,50149,149_イエメン,2015000000,2015年,0,
30301000,30301_原油及び粗油,230,6月_数量,50149,149_イエメン,2014000000,2014年,53545,
30301000,30301_原油及び粗油,230,6月_数量,50149,149_イエメン,2013000000,2013年,0,
30301000,30301_原油及び粗油,230,6月_数量,50149,149_イエメン,2012000000,2012年,0,
30301000,30301_原油及び粗油,230,6月_数量,50149,149_イエメン,2011000000,2011年,0,
30301000,30301_原油及び粗油,230,6月_数量,50150,150_アゼルバイジャン,2012000000,2012年,0,
30301000,30301_原油及び粗油,230,6月_数量,50153,153_カザフスタン,2015000000,2015年,0,
30301000,30301_原油及び粗油,230,6月_数量,50153,153_カザフスタン,2014000000,2014年,0,
30301000,30301_原油及び粗油,230,6月_数量,50153,153_カザフスタン,2013000000,2013年,86678,
30301000,30301_原油及び粗油,230,6月_数量,50202,202_ノルウェー,2014000000,2014年,0,
30301000,30301_原油及び粗油,230,6月_数量,50202,202_ノルウェー,2013000000,2013年,0,
30301000,30301_原油及び粗油,230,6月_数量,50205,205_英国,2012000000,2012年,0,
30301000,30301_原油及び粗油,230,6月_数量,50205,205_英国,2011000000,2011年,0,
30301000,30301_原油及び粗油,230,6月_数量,50213,213_ドイツ,2014000000,2014年,0,
30301000,30301_原油及び粗油,230,6月_数量,50224,224_ロシア,2015000000,2015年,750588,
30301000,30301_原油及び粗油,230,6月_数量,50224,224_ロシア,2014000000,2014年,1495877,
30301000,30301_原油及び粗油,230,6月_数量,50224,224_ロシア,2013000000,2013年,866793,
30301000,30301_原油及び粗油,230,6月_数量,50224,224_ロシア,2012000000,2012年,528628,
30301000,30301_原油及び粗油,230,6月_数量,50224,224_ロシア,2011000000,2011年,187908,
30301000,30301_原油及び粗油,230,6月_数量,50304,304_アメリカ合衆国,2015000000,2015年,0,
30301000,30301_原油及び粗油,230,6月_数量,50304,304_アメリカ合衆国,2014000000,2014年,0,
30301000,30301_原油及び粗油,230,6月_数量,50305,305_メキシコ,2015000000,2015年,164187,
30301000,30301_原油及び粗油,230,6月_数量,50305,305_メキシコ,2014000000,2014年,38915,
30301000,30301_原油及び粗油,230,6月_数量,50315,315_バハマ,2015000000,2015年,0,
30301000,30301_原油及び粗油,230,6月_数量,50315,315_バハマ,2013000000,2013年,0,
30301000,30301_原油及び粗油,230,6月_数量,50401,401_コロンビア,2015000000,2015年,158945,
30301000,30301_原油及び粗油,230,6月_数量,50401,401_コロンビア,2014000000,2014年,0,
30301000,30301_原油及び粗油,230,6月_数量,50401,401_コロンビア,2011000000,2011年,47533,
30301000,30301_原油及び粗油,230,6月_数量,50402,402_ベネズエラ,2015000000,2015年,0,
30301000,30301_原油及び粗油,230,6月_数量,50402,402_ベネズエラ,2014000000,2014年,123037,
30301000,30301_原油及び粗油,230,6月_数量,50402,402_ベネズエラ,2013000000,2013年,0,
30301000,30301_原油及び粗油,230,6月_数量,50402,402_ベネズエラ,2012000000,2012年,81766,
30301000,30301_原油及び粗油,230,6月_数量,50406,406_エクアドル,2015000000,2015年,160039,
30301000,30301_原油及び粗油,230,6月_数量,50406,406_エクアドル,2014000000,2014年,0,
30301000,30301_原油及び粗油,230,6月_数量,50406,406_エクアドル,2013000000,2013年,115442,
30301000,30301_原油及び粗油,230,6月_数量,50406,406_エクアドル,2012000000,2012年,110015,
30301000,30301_原油及び粗油,230,6月_数量,50406,406_エクアドル,2011000000,2011年,0,
30301000,30301_原油及び粗油,230,6月_数量,50410,410_ブラジル,2014000000,2014年,0,
30301000,30301_原油及び粗油,230,6月_数量,50413,413_アルゼンチン,2012000000,2012年,0,
30301000,30301_原油及び粗油,230,6月_数量,50503,503_アルジェリア,2013000000,2013年,0,
30301000,30301_原油及び粗油,230,6月_数量,50503,503_アルジェリア,2011000000,2011年,0,
30301000,30301_原油及び粗油,230,6月_数量,50505,505_リビア,2014000000,2014年,0,
30301000,30301_原油及び粗油,230,6月_数量,50505,505_リビア,2013000000,2013年,0,
30301000,30301_原油及び粗油,230,6月_数量,50505,505_リビア,2012000000,2012年,0,
30301000,30301_原油及び粗油,230,6月_数量,50507,507_スーダン,2015000000,2015年,47632,
30301000,30301_原油及び粗油,230,6月_数量,50507,507_スーダン,2014000000,2014年,0,
30301000,30301_原油及び粗油,230,6月_数量,50507,507_スーダン,2013000000,2013年,0,
30301000,30301_原油及び粗油,230,6月_数量,50507,507_スーダン,2012000000,2012年,0,
30301000,30301_原油及び粗油,230,6月_数量,50507,507_スーダン,2011000000,2011年,65731,
30301000,30301_原油及び粗油,230,6月_数量,50524,524_ナイジェリア,2014000000,2014年,0,
30301000,30301_原油及び粗油,230,6月_数量,50524,524_ナイジェリア,2013000000,2013年,0,
30301000,30301_原油及び粗油,230,6月_数量,50524,524_ナイジェリア,2012000000,2012年,158538,
30301000,30301_原油及び粗油,230,6月_数量,50524,524_ナイジェリア,2011000000,2011年,0,
30301000,30301_原油及び粗油,230,6月_数量,50527,527_カメルーン,2013000000,2013年,0,
30301000,30301_原油及び粗油,230,6月_数量,50528,528_チャド,2015000000,2015年,0,
30301000,30301_原油及び粗油,230,6月_数量,50528,528_チャド,2014000000,2014年,131449,
30301000,30301_原油及び粗油,230,6月_数量,50528,528_チャド,2013000000,2013年,0,
30301000,30301_原油及び粗油,230,6月_数量,50528,528_チャド,2012000000,2012年,0,
30301000,30301_原油及び粗油,230,6月_数量,50530,530_赤道ギニア,2012000000,2012年,0,
30301000,30301_原油及び粗油,230,6月_数量,50531,531_ガボン,2015000000,2015年,0,
30301000,30301_原油及び粗油,230,6月_数量,50531,531_ガボン,2014000000,2014年,339020,
30301000,30301_原油及び粗油,230,6月_数量,50531,531_ガボン,2013000000,2013年,258494,
30301000,30301_原油及び粗油,230,6月_数量,50531,531_ガボン,2012000000,2012年,441276,
30301000,30301_原油及び粗油,230,6月_数量,50531,531_ガボン,2011000000,2011年,97566,
30301000,30301_原油及び粗油,230,6月_数量,50535,535_アンゴラ,2015000000,2015年,0,
30301000,30301_原油及び粗油,230,6月_数量,50535,535_アンゴラ,2014000000,2014年,0,
30301000,30301_原油及び粗油,230,6月_数量,50535,535_アンゴラ,2013000000,2013年,0,
30301000,30301_原油及び粗油,230,6月_数量,50535,535_アンゴラ,2012000000,2012年,0,
30301000,30301_原油及び粗油,230,6月_数量,50535,535_アンゴラ,2011000000,2011年,0,
30301000,30301_原油及び粗油,230,6月_数量,50560,560_南スーダン,2012000000,2012年,0,
30301000,30301_原油及び粗油,230,6月_数量,50560,560_南スーダン,2011000000,2011年,0,
30301000,30301_原油及び粗油,230,6月_数量,50601,601_オーストラリア,2015000000,2015年,37270,
30301000,30301_原油及び粗油,230,6月_数量,50601,601_オーストラリア,2014000000,2014年,164390,
30301000,30301_原油及び粗油,230,6月_数量,50601,601_オーストラリア,2013000000,2013年,26968,
30301000,30301_原油及び粗油,230,6月_数量,50601,601_オーストラリア,2012000000,2012年,229202,
30301000,30301_原油及び粗油,230,6月_数量,50601,601_オーストラリア,2011000000,2011年,133263,
30301000,30301_原油及び粗油,230,6月_数量,50602,602_パプアニューギニア,2015000000,2015年,0,
30301000,30301_原油及び粗油,230,6月_数量,50602,602_パプアニューギニア,2013000000,2013年,0,
30301000,30301_原油及び粗油,230,6月_数量,50602,602_パプアニューギニア,2012000000,2012年,0,
30301000,30301_原油及び粗油,230,6月_数量,50602,602_パプアニューギニア,2011000000,2011年,0,
30301000,30301_原油及び粗油,230,6月_数量,50703,703_保税工場・総合保税地域,2014000000,2014年,0,
30301000,30301_原油及び粗油,240,6月_金額,50103,103_大韓民国,2012000000,2012年,0,千円
30301000,30301_原油及び粗油,240,6月_金額,50103,103_大韓民国,2011000000,2011年,0,千円
30301000,30301_原油及び粗油,240,6月_金額,50105,105_中華人民共和国,2015000000,2015年,0,千円
30301000,30301_原油及び粗油,240,6月_金額,50105,105_中華人民共和国,2013000000,2013年,0,千円
30301000,30301_原油及び粗油,240,6月_金額,50105,105_中華人民共和国,2012000000,2012年,2680930,千円
30301000,30301_原油及び粗油,240,6月_金額,50105,105_中華人民共和国,2011000000,2011年,0,千円
30301000,30301_原油及び粗油,240,6月_金額,50110,110_ベトナム,2015000000,2015年,6727485,千円
30301000,30301_原油及び粗油,240,6月_金額,50110,110_ベトナム,2014000000,2014年,25451610,千円
30301000,30301_原油及び粗油,240,6月_金額,50110,110_ベトナム,2013000000,2013年,23267641,千円
30301000,30301_原油及び粗油,240,6月_金額,50110,110_ベトナム,2012000000,2012年,23596407,千円
30301000,30301_原油及び粗油,240,6月_金額,50110,110_ベトナム,2011000000,2011年,19125365,千円
30301000,30301_原油及び粗油,240,6月_金額,50112,112_シンガポール,2015000000,2015年,0,千円
30301000,30301_原油及び粗油,240,6月_金額,50112,112_シンガポール,2014000000,2014年,0,千円
30301000,30301_原油及び粗油,240,6月_金額,50112,112_シンガポール,2012000000,2012年,0,千円
30301000,30301_原油及び粗油,240,6月_金額,50112,112_シンガポール,2011000000,2011年,0,千円
30301000,30301_原油及び粗油,240,6月_金額,50113,113_マレーシア,2015000000,2015年,0,千円
30301000,30301_原油及び粗油,240,6月_金額,50113,113_マレーシア,2014000000,2014年,2924339,千円
30301000,30301_原油及び粗油,240,6月_金額,50113,113_マレーシア,2013000000,2013年,5829842,千円
30301000,30301_原油及び粗油,240,6月_金額,50113,113_マレーシア,2012000000,2012年,5666010,千円
30301000,30301_原油及び粗油,240,6月_金額,50113,113_マレーシア,2011000000,2011年,13841859,千円
30301000,30301_原油及び粗油,240,6月_金額,50116,116_ブルネイ,2015000000,2015年,0,千円
30301000,30301_原油及び粗油,240,6月_金額,50116,116_ブルネイ,2014000000,2014年,0,千円
30301000,30301_原油及び粗油,240,6月_金額,50116,116_ブルネイ,2013000000,2013年,0,千円
30301000,30301_原油及び粗油,240,6月_金額,50116,116_ブルネイ,2012000000,2012年,1704768,千円
30301000,30301_原油及び粗油,240,6月_金額,50116,116_ブルネイ,2011000000,2011年,2004041,千円
30301000,30301_原油及び粗油,240,6月_金額,50118,118_インドネシア,2015000000,2015年,18469668,千円
30301000,30301_原油及び粗油,240,6月_金額,50118,118_インドネシア,2014000000,2014年,24127797,千円
30301000,30301_原油及び粗油,240,6月_金額,50118,118_インドネシア,2013000000,2013年,34264522,千円
30301000,30301_原油及び粗油,240,6月_金額,50118,118_インドネシア,2012000000,2012年,43125030,千円
30301000,30301_原油及び粗油,240,6月_金額,50118,118_インドネシア,2011000000,2011年,29894974,千円
30301000,30301_原油及び粗油,240,6月_金額,50123,123_インド,2013000000,2013年,0,千円
30301000,30301_原油及び粗油,240,6月_金額,50123,123_インド,2011000000,2011年,0,千円
30301000,30301_原油及び粗油,240,6月_金額,50125,125_スリランカ,2015000000,2015年,0,千円
30301000,30301_原油及び粗油,240,6月_金額,50128,128_東ティモール,2012000000,2012年,0,千円
30301000,30301_原油及び粗油,240,6月_金額,50133,133_イラン,2015000000,2015年,25108674,千円
30301000,30301_原油及び粗油,240,6月_金額,50133,133_イラン,2014000000,2014年,69540035,千円
30301000,30301_原油及び粗油,240,6月_金額,50133,133_イラン,2013000000,2013年,36839068,千円
30301000,30301_原油及び粗油,240,6月_金額,50133,133_イラン,2012000000,2012年,47310882,千円
30301000,30301_原油及び粗油,240,6月_金額,50133,133_イラン,2011000000,2011年,68772255,千円
30301000,30301_原油及び粗油,240,6月_金額,50134,134_イラク,2015000000,2015年,0,千円
30301000,30301_原油及び粗油,240,6月_金額,50134,134_イラク,2014000000,2014年,0,千円
30301000,30301_原油及び粗油,240,6月_金額,50134,134_イラク,2013000000,2013年,865905,千円
30301000,30301_原油及び粗油,240,6月_金額,50134,134_イラク,2012000000,2012年,41363997,千円
30301000,30301_原油及び粗油,240,6月_金額,50134,134_イラク,2011000000,2011年,0,千円
30301000,30301_原油及び粗油,240,6月_金額,50137,137_サウジアラビア,2015000000,2015年,250959862,千円
30301000,30301_原油及び粗油,240,6月_金額,50137,137_サウジアラビア,2014000000,2014年,343821864,千円
30301000,30301_原油及び粗油,240,6月_金額,50137,137_サウジアラビア,2013000000,2013年,310052118,千円
30301000,30301_原油及び粗油,240,6月_金額,50137,137_サウジアラビア,2012000000,2012年,293241610,千円
30301000,30301_原油及び粗油,240,6月_金額,50137,137_サウジアラビア,2011000000,2011年,328487296,千円
30301000,30301_原油及び粗油,240,6月_金額,50138,138_クウェート,2015000000,2015年,54435196,千円
30301000,30301_原油及び粗油,240,6月_金額,50138,138_クウェート,2014000000,2014年,76924324,千円
30301000,30301_原油及び粗油,240,6月_金額,50138,138_クウェート,2013000000,2013年,72896006,千円
30301000,30301_原油及び粗油,240,6月_金額,50138,138_クウェート,2012000000,2012年,43957547,千円
30301000,30301_原油及び粗油,240,6月_金額,50138,138_クウェート,2011000000,2011年,47627986,千円
30301000,30301_原油及び粗油,240,6月_金額,50140,140_カタール,2015000000,2015年,57406339,千円
30301000,30301_原油及び粗油,240,6月_金額,50140,140_カタール,2014000000,2014年,77943078,千円
30301000,30301_原油及び粗油,240,6月_金額,50140,140_カタール,2013000000,2013年,145854060,千円
30301000,30301_原油及び粗油,240,6月_金額,50140,140_カタール,2012000000,2012年,95050490,千円
30301000,30301_原油及び粗油,240,6月_金額,50140,140_カタール,2011000000,2011年,88825721,千円
30301000,30301_原油及び粗油,240,6月_金額,50141,141_オマーン,2015000000,2015年,2956224,千円
30301000,30301_原油及び粗油,240,6月_金額,50141,141_オマーン,2014000000,2014年,11086162,千円
30301000,30301_原油及び粗油,240,6月_金額,50141,141_オマーン,2013000000,2013年,14032373,千円
30301000,30301_原油及び粗油,240,6月_金額,50141,141_オマーン,2012000000,2012年,31108366,千円
30301000,30301_原油及び粗油,240,6月_金額,50141,141_オマーン,2011000000,2011年,3788678,千円
30301000,30301_原油及び粗油,240,6月_金額,50147,147_アラブ首長国連邦,2015000000,2015年,194724936,千円
30301000,30301_原油及び粗油,240,6月_金額,50147,147_アラブ首長国連邦,2014000000,2014年,261342365,千円
30301000,30301_原油及び粗油,240,6月_金額,50147,147_アラブ首長国連邦,2013000000,2013年,246231013,千円
30301000,30301_原油及び粗油,240,6月_金額,50147,147_アラブ首長国連邦,2012000000,2012年,212821545,千円
30301000,30301_原油及び粗油,240,6月_金額,50147,147_アラブ首長国連邦,2011000000,2011年,264066150,千円
30301000,30301_原油及び粗油,240,6月_金額,50149,149_イエメン,2015000000,2015年,0,千円
30301000,30301_原油及び粗油,240,6月_金額,50149,149_イエメン,2014000000,2014年,3894265,千円
30301000,30301_原油及び粗油,240,6月_金額,50149,149_イエメン,2013000000,2013年,0,千円
30301000,30301_原油及び粗油,240,6月_金額,50149,149_イエメン,2012000000,2012年,0,千円
30301000,30301_原油及び粗油,240,6月_金額,50149,149_イエメン,2011000000,2011年,0,千円
30301000,30301_原油及び粗油,240,6月_金額,50150,150_アゼルバイジャン,2012000000,2012年,0,千円
30301000,30301_原油及び粗油,240,6月_金額,50153,153_カザフスタン,2015000000,2015年,0,千円
30301000,30301_原油及び粗油,240,6月_金額,50153,153_カザフスタン,2014000000,2014年,0,千円
30301000,30301_原油及び粗油,240,6月_金額,50153,153_カザフスタン,2013000000,2013年,5479438,千円
30301000,30301_原油及び粗油,240,6月_金額,50202,202_ノルウェー,2014000000,2014年,0,千円
30301000,30301_原油及び粗油,240,6月_金額,50202,202_ノルウェー,2013000000,2013年,0,千円
30301000,30301_原油及び粗油,240,6月_金額,50205,205_英国,2012000000,2012年,0,千円
30301000,30301_原油及び粗油,240,6月_金額,50205,205_英国,2011000000,2011年,0,千円
30301000,30301_原油及び粗油,240,6月_金額,50213,213_ドイツ,2014000000,2014年,0,千円
30301000,30301_原油及び粗油,240,6月_金額,50224,224_ロシア,2015000000,2015年,38003795,千円
30301000,30301_原油及び粗油,240,6月_金額,50224,224_ロシア,2014000000,2014年,107643697,千円
30301000,30301_原油及び粗油,240,6月_金額,50224,224_ロシア,2013000000,2013年,58020210,千円
30301000,30301_原油及び粗油,240,6月_金額,50224,224_ロシア,2012000000,2012年,29414873,千円
30301000,30301_原油及び粗油,240,6月_金額,50224,224_ロシア,2011000000,2011年,10887587,千円
30301000,30301_原油及び粗油,240,6月_金額,50304,304_アメリカ合衆国,2015000000,2015年,0,千円
30301000,30301_原油及び粗油,240,6月_金額,50304,304_アメリカ合衆国,2014000000,2014年,0,千円
30301000,30301_原油及び粗油,240,6月_金額,50305,305_メキシコ,2015000000,2015年,7198178,千円
30301000,30301_原油及び粗油,240,6月_金額,50305,305_メキシコ,2014000000,2014年,2707816,千円
30301000,30301_原油及び粗油,240,6月_金額,50315,315_バハマ,2015000000,2015年,0,千円
30301000,30301_原油及び粗油,240,6月_金額,50315,315_バハマ,2013000000,2013年,0,千円
30301000,30301_原油及び粗油,240,6月_金額,50401,401_コロンビア,2015000000,2015年,6799146,千円
30301000,30301_原油及び粗油,240,6月_金額,50401,401_コロンビア,2014000000,2014年,0,千円
30301000,30301_原油及び粗油,240,6月_金額,50401,401_コロンビア,2011000000,2011年,2462132,千円
30301000,30301_原油及び粗油,240,6月_金額,50402,402_ベネズエラ,2015000000,2015年,0,千円
30301000,30301_原油及び粗油,240,6月_金額,50402,402_ベネズエラ,2014000000,2014年,8812719,千円
30301000,30301_原油及び粗油,240,6月_金額,50402,402_ベネズエラ,2013000000,2013年,0,千円
30301000,30301_原油及び粗油,240,6月_金額,50402,402_ベネズエラ,2012000000,2012年,5046623,千円
30301000,30301_原油及び粗油,240,6月_金額,50406,406_エクアドル,2015000000,2015年,7066892,千円
30301000,30301_原油及び粗油,240,6月_金額,50406,406_エクアドル,2014000000,2014年,0,千円
30301000,30301_原油及び粗油,240,6月_金額,50406,406_エクアドル,2013000000,2013年,6926160,千円
30301000,30301_原油及び粗油,240,6月_金額,50406,406_エクアドル,2012000000,2012年,5743392,千円
30301000,30301_原油及び粗油,240,6月_金額,50406,406_エクアドル,2011000000,2011年,0,千円
30301000,30301_原油及び粗油,240,6月_金額,50410,410_ブラジル,2014000000,2014年,0,千円
30301000,30301_原油及び粗油,240,6月_金額,50413,413_アルゼンチン,2012000000,2012年,0,千円
30301000,30301_原油及び粗油,240,6月_金額,50503,503_アルジェリア,2013000000,2013年,0,千円
30301000,30301_原油及び粗油,240,6月_金額,50503,503_アルジェリア,2011000000,2011年,0,千円
30301000,30301_原油及び粗油,240,6月_金額,50505,505_リビア,2014000000,2014年,0,千円
30301000,30301_原油及び粗油,240,6月_金額,50505,505_リビア,2013000000,2013年,0,千円
30301000,30301_原油及び粗油,240,6月_金額,50505,505_リビア,2012000000,2012年,0,千円
30301000,30301_原油及び粗油,240,6月_金額,50507,507_スーダン,2015000000,2015年,2403109,千円
30301000,30301_原油及び粗油,240,6月_金額,50507,507_スーダン,2014000000,2014年,0,千円
30301000,30301_原油及び粗油,240,6月_金額,50507,507_スーダン,2013000000,2013年,0,千円
30301000,30301_原油及び粗油,240,6月_金額,50507,507_スーダン,2012000000,2012年,0,千円
30301000,30301_原油及び粗油,240,6月_金額,50507,507_スーダン,2011000000,2011年,4340169,千円
30301000,30301_原油及び粗油,240,6月_金額,50524,524_ナイジェリア,2014000000,2014年,0,千円
30301000,30301_原油及び粗油,240,6月_金額,50524,524_ナイジェリア,2013000000,2013年,0,千円
30301000,30301_原油及び粗油,240,6月_金額,50524,524_ナイジェリア,2012000000,2012年,10135798,千円
30301000,30301_原油及び粗油,240,6月_金額,50524,524_ナイジェリア,2011000000,2011年,0,千円
30301000,30301_原油及び粗油,240,6月_金額,50527,527_カメルーン,2013000000,2013年,0,千円
30301000,30301_原油及び粗油,240,6月_金額,50528,528_チャド,2015000000,2015年,0,千円
30301000,30301_原油及び粗油,240,6月_金額,50528,528_チャド,2014000000,2014年,9010744,千円
30301000,30301_原油及び粗油,240,6月_金額,50528,528_チャド,2013000000,2013年,0,千円
30301000,30301_原油及び粗油,240,6月_金額,50528,528_チャド,2012000000,2012年,0,千円
30301000,30301_原油及び粗油,240,6月_金額,50530,530_赤道ギニア,2012000000,2012年,0,千円
30301000,30301_原油及び粗油,240,6月_金額,50531,531_ガボン,2015000000,2015年,0,千円
30301000,30301_原油及び粗油,240,6月_金額,50531,531_ガボン,2014000000,2014年,25276919,千円
30301000,30301_原油及び粗油,240,6月_金額,50531,531_ガボン,2013000000,2013年,18098228,千円
30301000,30301_原油及び粗油,240,6月_金額,50531,531_ガボン,2012000000,2012年,26962780,千円
30301000,30301_原油及び粗油,240,6月_金額,50531,531_ガボン,2011000000,2011年,6067975,千円
30301000,30301_原油及び粗油,240,6月_金額,50535,535_アンゴラ,2015000000,2015年,0,千円
30301000,30301_原油及び粗油,240,6月_金額,50535,535_アンゴラ,2014000000,2014年,0,千円
30301000,30301_原油及び粗油,240,6月_金額,50535,535_アンゴラ,2013000000,2013年,0,千円
30301000,30301_原油及び粗油,240,6月_金額,50535,535_アンゴラ,2012000000,2012年,0,千円
30301000,30301_原油及び粗油,240,6月_金額,50535,535_アンゴラ,2011000000,2011年,0,千円
30301000,30301_原油及び粗油,240,6月_金額,50560,560_南スーダン,2012000000,2012年,0,千円
30301000,30301_原油及び粗油,240,6月_金額,50560,560_南スーダン,2011000000,2011年,0,千円
30301000,30301_原油及び粗油,240,6月_金額,50601,601_オーストラリア,2015000000,2015年,2008769,千円
30301000,30301_原油及び粗油,240,6月_金額,50601,601_オーストラリア,2014000000,2014年,12172779,千円
30301000,30301_原油及び粗油,240,6月_金額,50601,601_オーストラリア,2013000000,2013年,1899657,千円
30301000,30301_原油及び粗油,240,6月_金額,50601,601_オーストラリア,2012000000,2012年,12420256,千円
30301000,30301_原油及び粗油,240,6月_金額,50601,601_オーストラリア,2011000000,2011年,8354512,千円
30301000,30301_原油及び粗油,240,6月_金額,50602,602_パプアニューギニア,2015000000,2015年,0,千円
30301000,30301_原油及び粗油,240,6月_金額,50602,602_パプアニューギニア,2013000000,2013年,0,千円
30301000,30301_原油及び粗油,240,6月_金額,50602,602_パプアニューギニア,2012000000,2012年,0,千円
30301000,30301_原油及び粗油,240,6月_金額,50602,602_パプアニューギニア,2011000000,2011年,0,千円
30301000,30301_原油及び粗油,240,6月_金額,50703,703_保税工場・総合保税地域,2014000000,2014年,0,千円
30301000,30301_原油及び粗油,250,7月_数量,50103,103_大韓民国,2012000000,2012年,0,
30301000,30301_原油及び粗油,250,7月_数量,50103,103_大韓民国,2011000000,2011年,9881,
30301000,30301_原油及び粗油,250,7月_数量,50105,105_中華人民共和国,2015000000,2015年,0,
30301000,30301_原油及び粗油,250,7月_数量,50105,105_中華人民共和国,2013000000,2013年,0,
30301000,30301_原油及び粗油,250,7月_数量,50105,105_中華人民共和国,2012000000,2012年,0,
30301000,30301_原油及び粗油,250,7月_数量,50105,105_中華人民共和国,2011000000,2011年,0,
30301000,30301_原油及び粗油,250,7月_数量,50110,110_ベトナム,2015000000,2015年,159556,
30301000,30301_原油及び粗油,250,7月_数量,50110,110_ベトナム,2014000000,2014年,90154,
30301000,30301_原油及び粗油,250,7月_数量,50110,110_ベトナム,2013000000,2013年,126181,
30301000,30301_原油及び粗油,250,7月_数量,50110,110_ベトナム,2012000000,2012年,308558,
30301000,30301_原油及び粗油,250,7月_数量,50110,110_ベトナム,2011000000,2011年,182430,
30301000,30301_原油及び粗油,250,7月_数量,50112,112_シンガポール,2015000000,2015年,0,
30301000,30301_原油及び粗油,250,7月_数量,50112,112_シンガポール,2014000000,2014年,0,
30301000,30301_原油及び粗油,250,7月_数量,50112,112_シンガポール,2012000000,2012年,0,
30301000,30301_原油及び粗油,250,7月_数量,50112,112_シンガポール,2011000000,2011年,0,
30301000,30301_原油及び粗油,250,7月_数量,50113,113_マレーシア,2015000000,2015年,121000,
30301000,30301_原油及び粗油,250,7月_数量,50113,113_マレーシア,2014000000,2014年,71029,
30301000,30301_原油及び粗油,250,7月_数量,50113,113_マレーシア,2013000000,2013年,122882,
30301000,30301_原油及び粗油,250,7月_数量,50113,113_マレーシア,2012000000,2012年,41474,
30301000,30301_原油及び粗油,250,7月_数量,50113,113_マレーシア,2011000000,2011年,49673,
30301000,30301_原油及び粗油,250,7月_数量,50116,116_ブルネイ,2015000000,2015年,0,
30301000,30301_原油及び粗油,250,7月_数量,50116,116_ブルネイ,2014000000,2014年,48459,
30301000,30301_原油及び粗油,250,7月_数量,50116,116_ブルネイ,2013000000,2013年,0,
30301000,30301_原油及び粗油,250,7月_数量,50116,116_ブルネイ,2012000000,2012年,77966,
30301000,30301_原油及び粗油,250,7月_数量,50116,116_ブルネイ,2011000000,2011年,95208,
30301000,30301_原油及び粗油,250,7月_数量,50118,118_インドネシア,2015000000,2015年,381361,
30301000,30301_原油及び粗油,250,7月_数量,50118,118_インドネシア,2014000000,2014年,560615,
30301000,30301_原油及び粗油,250,7月_数量,50118,118_インドネシア,2013000000,2013年,756025,
30301000,30301_原油及び粗油,250,7月_数量,50118,118_インドネシア,2012000000,2012年,708042,
30301000,30301_原油及び粗油,250,7月_数量,50118,118_インドネシア,2011000000,2011年,625685,
30301000,30301_原油及び粗油,250,7月_数量,50123,123_インド,2013000000,2013年,0,
30301000,30301_原油及び粗油,250,7月_数量,50123,123_インド,2011000000,2011年,0,
30301000,30301_原油及び粗油,250,7月_数量,50125,125_スリランカ,2015000000,2015年,0,
30301000,30301_原油及び粗油,250,7月_数量,50128,128_東ティモール,2012000000,2012年,0,
30301000,30301_原油及び粗油,250,7月_数量,50133,133_イラン,2015000000,2015年,1188184,
30301000,30301_原油及び粗油,250,7月_数量,50133,133_イラン,2014000000,2014年,838156,
30301000,30301_原油及び粗油,250,7月_数量,50133,133_イラン,2013000000,2013年,1003972,
30301000,30301_原油及び粗油,250,7月_数量,50133,133_イラン,2012000000,2012年,624585,
30301000,30301_原油及び粗油,250,7月_数量,50133,133_イラン,2011000000,2011年,1314723,
30301000,30301_原油及び粗油,250,7月_数量,50134,134_イラク,2015000000,2015年,332953,
30301000,30301_原油及び粗油,250,7月_数量,50134,134_イラク,2014000000,2014年,0,
30301000,30301_原油及び粗油,250,7月_数量,50134,134_イラク,2013000000,2013年,0,
30301000,30301_原油及び粗油,250,7月_数量,50134,134_イラク,2012000000,2012年,772011,
30301000,30301_原油及び粗油,250,7月_数量,50134,134_イラク,2011000000,2011年,448083,
30301000,30301_原油及び粗油,250,7月_数量,50137,137_サウジアラビア,2015000000,2015年,5278362,
30301000,30301_原油及び粗油,250,7月_数量,50137,137_サウジアラビア,2014000000,2014年,5689858,
30301000,30301_原油及び粗油,250,7月_数量,50137,137_サウジアラビア,2013000000,2013年,5307756,
30301000,30301_原油及び粗油,250,7月_数量,50137,137_サウジアラビア,2012000000,2012年,5400651,
30301000,30301_原油及び粗油,250,7月_数量,50137,137_サウジアラビア,2011000000,2011年,5209036,
30301000,30301_原油及び粗油,250,7月_数量,50138,138_クウェート,2015000000,2015年,1069752,
30301000,30301_原油及び粗油,250,7月_数量,50138,138_クウェート,2014000000,2014年,1127664,
30301000,30301_原油及び粗油,250,7月_数量,50138,138_クウェート,2013000000,2013年,1190156,
30301000,30301_原油及び粗油,250,7月_数量,50138,138_クウェート,2012000000,2012年,1129522,
30301000,30301_原油及び粗油,250,7月_数量,50138,138_クウェート,2011000000,2011年,1214023,
30301000,30301_原油及び粗油,250,7月_数量,50140,140_カタール,2015000000,2015年,1494374,
30301000,30301_原油及び粗油,250,7月_数量,50140,140_カタール,2014000000,2014年,1922784,
30301000,30301_原油及び粗油,250,7月_数量,50140,140_カタール,2013000000,2013年,2563407,
30301000,30301_原油及び粗油,250,7月_数量,50140,140_カタール,2012000000,2012年,2093932,
30301000,30301_原油及び粗油,250,7月_数量,50140,140_カタール,2011000000,2011年,1143361,
30301000,30301_原油及び粗油,250,7月_数量,50141,141_オマーン,2015000000,2015年,0,
30301000,30301_原油及び粗油,250,7月_数量,50141,141_オマーン,2014000000,2014年,435758,
30301000,30301_原油及び粗油,250,7月_数量,50141,141_オマーン,2013000000,2013年,287523,
30301000,30301_原油及び粗油,250,7月_数量,50141,141_オマーン,2012000000,2012年,556161,
30301000,30301_原油及び粗油,250,7月_数量,50141,141_オマーン,2011000000,2011年,385803,
30301000,30301_原油及び粗油,250,7月_数量,50147,147_アラブ首長国連邦,2015000000,2015年,5299887,
30301000,30301_原油及び粗油,250,7月_数量,50147,147_アラブ首長国連邦,2014000000,2014年,4360848,
30301000,30301_原油及び粗油,250,7月_数量,50147,147_アラブ首長国連邦,2013000000,2013年,4239206,
30301000,30301_原油及び粗油,250,7月_数量,50147,147_アラブ首長国連邦,2012000000,2012年,3394646,
30301000,30301_原油及び粗油,250,7月_数量,50147,147_アラブ首長国連邦,2011000000,2011年,4189556,
30301000,30301_原油及び粗油,250,7月_数量,50149,149_イエメン,2015000000,2015年,0,
30301000,30301_原油及び粗油,250,7月_数量,50149,149_イエメン,2014000000,2014年,0,
30301000,30301_原油及び粗油,250,7月_数量,50149,149_イエメン,2013000000,2013年,0,
30301000,30301_原油及び粗油,250,7月_数量,50149,149_イエメン,2012000000,2012年,0,
30301000,30301_原油及び粗油,250,7月_数量,50149,149_イエメン,2011000000,2011年,0,
30301000,30301_原油及び粗油,250,7月_数量,50150,150_アゼルバイジャン,2012000000,2012年,0,
30301000,30301_原油及び粗油,250,7月_数量,50153,153_カザフスタン,2015000000,2015年,109469,
30301000,30301_原油及び粗油,250,7月_数量,50153,153_カザフスタン,2014000000,2014年,0,
30301000,30301_原油及び粗油,250,7月_数量,50153,153_カザフスタン,2013000000,2013年,0,
30301000,30301_原油及び粗油,250,7月_数量,50202,202_ノルウェー,2014000000,2014年,0,
30301000,30301_原油及び粗油,250,7月_数量,50202,202_ノルウェー,2013000000,2013年,0,
30301000,30301_原油及び粗油,250,7月_数量,50205,205_英国,2012000000,2012年,0,
30301000,30301_原油及び粗油,250,7月_数量,50205,205_英国,2011000000,2011年,0,
30301000,30301_原油及び粗油,250,7月_数量,50213,213_ドイツ,2014000000,2014年,0,
30301000,30301_原油及び粗油,250,7月_数量,50224,224_ロシア,2015000000,2015年,1344923,
30301000,30301_原油及び粗油,250,7月_数量,50224,224_ロシア,2014000000,2014年,819078,
30301000,30301_原油及び粗油,250,7月_数量,50224,224_ロシア,2013000000,2013年,945531,
30301000,30301_原油及び粗油,250,7月_数量,50224,224_ロシア,2012000000,2012年,781906,
30301000,30301_原油及び粗油,250,7月_数量,50224,224_ロシア,2011000000,2011年,549131,
30301000,30301_原油及び粗油,250,7月_数量,50304,304_アメリカ合衆国,2015000000,2015年,0,
30301000,30301_原油及び粗油,250,7月_数量,50304,304_アメリカ合衆国,2014000000,2014年,0,
30301000,30301_原油及び粗油,250,7月_数量,50305,305_メキシコ,2015000000,2015年,316675,
30301000,30301_原油及び粗油,250,7月_数量,50305,305_メキシコ,2014000000,2014年,0,
30301000,30301_原油及び粗油,250,7月_数量,50315,315_バハマ,2015000000,2015年,0,
30301000,30301_原油及び粗油,250,7月_数量,50315,315_バハマ,2013000000,2013年,0,
30301000,30301_原油及び粗油,250,7月_数量,50401,401_コロンビア,2015000000,2015年,231426,
30301000,30301_原油及び粗油,250,7月_数量,50401,401_コロンビア,2014000000,2014年,0,
30301000,30301_原油及び粗油,250,7月_数量,50401,401_コロンビア,2011000000,2011年,0,
30301000,30301_原油及び粗油,250,7月_数量,50402,402_ベネズエラ,2015000000,2015年,0,
30301000,30301_原油及び粗油,250,7月_数量,50402,402_ベネズエラ,2014000000,2014年,27672,
30301000,30301_原油及び粗油,250,7月_数量,50402,402_ベネズエラ,2013000000,2013年,0,
30301000,30301_原油及び粗油,250,7月_数量,50402,402_ベネズエラ,2012000000,2012年,0,
30301000,30301_原油及び粗油,250,7月_数量,50406,406_エクアドル,2015000000,2015年,213485,
30301000,30301_原油及び粗油,250,7月_数量,50406,406_エクアドル,2014000000,2014年,118667,
30301000,30301_原油及び粗油,250,7月_数量,50406,406_エクアドル,2013000000,2013年,64979,
30301000,30301_原油及び粗油,250,7月_数量,50406,406_エクアドル,2012000000,2012年,57399,
30301000,30301_原油及び粗油,250,7月_数量,50406,406_エクアドル,2011000000,2011年,0,
30301000,30301_原油及び粗油,250,7月_数量,50410,410_ブラジル,2014000000,2014年,0,
30301000,30301_原油及び粗油,250,7月_数量,50413,413_アルゼンチン,2012000000,2012年,0,
30301000,30301_原油及び粗油,250,7月_数量,50503,503_アルジェリア,2013000000,2013年,0,
30301000,30301_原油及び粗油,250,7月_数量,50503,503_アルジェリア,2011000000,2011年,0,
30301000,30301_原油及び粗油,250,7月_数量,50505,505_リビア,2014000000,2014年,0,
30301000,30301_原油及び粗油,250,7月_数量,50505,505_リビア,2013000000,2013年,0,
30301000,30301_原油及び粗油,250,7月_数量,50505,505_リビア,2012000000,2012年,0,
30301000,30301_原油及び粗油,250,7月_数量,50507,507_スーダン,2015000000,2015年,0,
30301000,30301_原油及び粗油,250,7月_数量,50507,507_スーダン,2014000000,2014年,0,
30301000,30301_原油及び粗油,250,7月_数量,50507,507_スーダン,2013000000,2013年,0,
30301000,30301_原油及び粗油,250,7月_数量,50507,507_スーダン,2012000000,2012年,0,
30301000,30301_原油及び粗油,250,7月_数量,50507,507_スーダン,2011000000,2011年,474835,
30301000,30301_原油及び粗油,250,7月_数量,50524,524_ナイジェリア,2014000000,2014年,0,
30301000,30301_原油及び粗油,250,7月_数量,50524,524_ナイジェリア,2013000000,2013年,0,
30301000,30301_原油及び粗油,250,7月_数量,50524,524_ナイジェリア,2012000000,2012年,0,
30301000,30301_原油及び粗油,250,7月_数量,50524,524_ナイジェリア,2011000000,2011年,0,
30301000,30301_原油及び粗油,250,7月_数量,50527,527_カメルーン,2013000000,2013年,0,
30301000,30301_原油及び粗油,250,7月_数量,50528,528_チャド,2015000000,2015年,0,
30301000,30301_原油及び粗油,250,7月_数量,50528,528_チャド,2014000000,2014年,0,
30301000,30301_原油及び粗油,250,7月_数量,50528,528_チャド,2013000000,2013年,51727,
30301000,30301_原油及び粗油,250,7月_数量,50528,528_チャド,2012000000,2012年,0,
30301000,30301_原油及び粗油,250,7月_数量,50530,530_赤道ギニア,2012000000,2012年,0,
30301000,30301_原油及び粗油,250,7月_数量,50531,531_ガボン,2015000000,2015年,0,
30301000,30301_原油及び粗油,250,7月_数量,50531,531_ガボン,2014000000,2014年,245323,
30301000,30301_原油及び粗油,250,7月_数量,50531,531_ガボン,2013000000,2013年,97963,
30301000,30301_原油及び粗油,250,7月_数量,50531,531_ガボン,2012000000,2012年,312100,
30301000,30301_原油及び粗油,250,7月_数量,50531,531_ガボン,2011000000,2011年,0,
30301000,30301_原油及び粗油,250,7月_数量,50535,535_アンゴラ,2015000000,2015年,150283,
30301000,30301_原油及び粗油,250,7月_数量,50535,535_アンゴラ,2014000000,2014年,0,
30301000,30301_原油及び粗油,250,7月_数量,50535,535_アンゴラ,2013000000,2013年,0,
30301000,30301_原油及び粗油,250,7月_数量,50535,535_アンゴラ,2012000000,2012年,0,
30301000,30301_原油及び粗油,250,7月_数量,50535,535_アンゴラ,2011000000,2011年,0,
30301000,30301_原油及び粗油,250,7月_数量,50560,560_南スーダン,2012000000,2012年,0,
30301000,30301_原油及び粗油,250,7月_数量,50560,560_南スーダン,2011000000,2011年,0,
30301000,30301_原油及び粗油,250,7月_数量,50601,601_オーストラリア,2015000000,2015年,60684,
30301000,30301_原油及び粗油,250,7月_数量,50601,601_オーストラリア,2014000000,2014年,26699,
30301000,30301_原油及び粗油,250,7月_数量,50601,601_オーストラリア,2013000000,2013年,72305,
30301000,30301_原油及び粗油,250,7月_数量,50601,601_オーストラリア,2012000000,2012年,170144,
30301000,30301_原油及び粗油,250,7月_数量,50601,601_オーストラリア,2011000000,2011年,139970,
30301000,30301_原油及び粗油,250,7月_数量,50602,602_パプアニューギニア,2015000000,2015年,103258,
30301000,30301_原油及び粗油,250,7月_数量,50602,602_パプアニューギニア,2013000000,2013年,0,
30301000,30301_原油及び粗油,250,7月_数量,50602,602_パプアニューギニア,2012000000,2012年,0,
30301000,30301_原油及び粗油,250,7月_数量,50602,602_パプアニューギニア,2011000000,2011年,0,
30301000,30301_原油及び粗油,250,7月_数量,50703,703_保税工場・総合保税地域,2014000000,2014年,0,
30301000,30301_原油及び粗油,260,7月_金額,50103,103_大韓民国,2012000000,2012年,0,千円
30301000,30301_原油及び粗油,260,7月_金額,50103,103_大韓民国,2011000000,2011年,535983,千円
30301000,30301_原油及び粗油,260,7月_金額,50105,105_中華人民共和国,2015000000,2015年,0,千円
30301000,30301_原油及び粗油,260,7月_金額,50105,105_中華人民共和国,2013000000,2013年,0,千円
30301000,30301_原油及び粗油,260,7月_金額,50105,105_中華人民共和国,2012000000,2012年,0,千円
30301000,30301_原油及び粗油,260,7月_金額,50105,105_中華人民共和国,2011000000,2011年,0,千円
30301000,30301_原油及び粗油,260,7月_金額,50110,110_ベトナム,2015000000,2015年,8063579,千円
30301000,30301_原油及び粗油,260,7月_金額,50110,110_ベトナム,2014000000,2014年,6740823,千円
30301000,30301_原油及び粗油,260,7月_金額,50110,110_ベトナム,2013000000,2013年,8508752,千円
30301000,30301_原油及び粗油,260,7月_金額,50110,110_ベトナム,2012000000,2012年,17105784,千円
30301000,30301_原油及び粗油,260,7月_金額,50110,110_ベトナム,2011000000,2011年,11263536,千円
30301000,30301_原油及び粗油,260,7月_金額,50112,112_シンガポール,2015000000,2015年,0,千円
30301000,30301_原油及び粗油,260,7月_金額,50112,112_シンガポール,2014000000,2014年,0,千円
30301000,30301_原油及び粗油,260,7月_金額,50112,112_シンガポール,2012000000,2012年,0,千円
30301000,30301_原油及び粗油,260,7月_金額,50112,112_シンガポール,2011000000,2011年,0,千円
30301000,30301_原油及び粗油,260,7月_金額,50113,113_マレーシア,2015000000,2015年,6191144,千円
30301000,30301_原油及び粗油,260,7月_金額,50113,113_マレーシア,2014000000,2014年,5360440,千円
30301000,30301_原油及び粗油,260,7月_金額,50113,113_マレーシア,2013000000,2013年,8532122,千円
30301000,30301_原油及び粗油,260,7月_金額,50113,113_マレーシア,2012000000,2012年,2211334,千円
30301000,30301_原油及び粗油,260,7月_金額,50113,113_マレーシア,2011000000,2011年,3066872,千円
30301000,30301_原油及び粗油,260,7月_金額,50116,116_ブルネイ,2015000000,2015年,0,千円
30301000,30301_原油及び粗油,260,7月_金額,50116,116_ブルネイ,2014000000,2014年,3645023,千円
30301000,30301_原油及び粗油,260,7月_金額,50116,116_ブルネイ,2013000000,2013年,0,千円
30301000,30301_原油及び粗油,260,7月_金額,50116,116_ブルネイ,2012000000,2012年,4574368,千円
30301000,30301_原油及び粗油,260,7月_金額,50116,116_ブルネイ,2011000000,2011年,5953983,千円
30301000,30301_原油及び粗油,260,7月_金額,50118,118_インドネシア,2015000000,2015年,19343472,千円
30301000,30301_原油及び粗油,260,7月_金額,50118,118_インドネシア,2014000000,2014年,41874475,千円
30301000,30301_原油及び粗油,260,7月_金額,50118,118_インドネシア,2013000000,2013年,51227755,千円
30301000,30301_原油及び粗油,260,7月_金額,50118,118_インドネシア,2012000000,2012年,39391865,千円
30301000,30301_原油及び粗油,260,7月_金額,50118,118_インドネシア,2011000000,2011年,38027374,千円
30301000,30301_原油及び粗油,260,7月_金額,50123,123_インド,2013000000,2013年,0,千円
30301000,30301_原油及び粗油,260,7月_金額,50123,123_インド,2011000000,2011年,0,千円
30301000,30301_原油及び粗油,260,7月_金額,50125,125_スリランカ,2015000000,2015年,0,千円
30301000,30301_原油及び粗油,260,7月_金額,50128,128_東ティモール,2012000000,2012年,0,千円
30301000,30301_原油及び粗油,260,7月_金額,50133,133_イラン,2015000000,2015年,55496665,千円
30301000,30301_原油及び粗油,260,7月_金額,50133,133_イラン,2014000000,2014年,58203058,千円
30301000,30301_原油及び粗油,260,7月_金額,50133,133_イラン,2013000000,2013年,62211047,千円
30301000,30301_原油及び粗油,260,7月_金額,50133,133_イラン,2012000000,2012年,31711147,千円
30301000,30301_原油及び粗油,260,7月_金額,50133,133_イラン,2011000000,2011年,72932698,千円
30301000,30301_原油及び粗油,260,7月_金額,50134,134_イラク,2015000000,2015年,15781679,千円
30301000,30301_原油及び粗油,260,7月_金額,50134,134_イラク,2014000000,2014年,0,千円
30301000,30301_原油及び粗油,260,7月_金額,50134,134_イラク,2013000000,2013年,0,千円
30301000,30301_原油及び粗油,260,7月_金額,50134,134_イラク,2012000000,2012年,38180810,千円
30301000,30301_原油及び粗油,260,7月_金額,50134,134_イラク,2011000000,2011年,24816970,千円
30301000,30301_原油及び粗油,260,7月_金額,50137,137_サウジアラビア,2015000000,2015年,258601657,千円
30301000,30301_原油及び粗油,260,7月_金額,50137,137_サウジアラビア,2014000000,2014年,404113741,千円
30301000,30301_原油及び粗油,260,7月_金額,50137,137_サウジアラビア,2013000000,2013年,346407906,千円
30301000,30301_原油及び粗油,260,7月_金額,50137,137_サウジアラビア,2012000000,2012年,273161556,千円
30301000,30301_原油及び粗油,260,7月_金額,50137,137_サウジアラビア,2011000000,2011年,297635471,千円
30301000,30301_原油及び粗油,260,7月_金額,50138,138_クウェート,2015000000,2015年,51038734,千円
30301000,30301_原油及び粗油,260,7月_金額,50138,138_クウェート,2014000000,2014年,78505251,千円
30301000,30301_原油及び粗油,260,7月_金額,50138,138_クウェート,2013000000,2013年,76216238,千円
30301000,30301_原油及び粗油,260,7月_金額,50138,138_クウェート,2012000000,2012年,56475039,千円
30301000,30301_原油及び粗油,260,7月_金額,50138,138_クウェート,2011000000,2011年,66868535,千円
30301000,30301_原油及び粗油,260,7月_金額,50140,140_カタール,2015000000,2015年,74762985,千円
30301000,30301_原油及び粗油,260,7月_金額,50140,140_カタール,2014000000,2014年,137194030,千円
30301000,30301_原油及び粗油,260,7月_金額,50140,140_カタール,2013000000,2013年,165331664,千円
30301000,30301_原油及び粗油,260,7月_金額,50140,140_カタール,2012000000,2012年,106782987,千円
30301000,30301_原油及び粗油,260,7月_金額,50140,140_カタール,2011000000,2011年,65037664,千円
30301000,30301_原油及び粗油,260,7月_金額,50141,141_オマーン,2015000000,2015年,0,千円
30301000,30301_原油及び粗油,260,7月_金額,50141,141_オマーン,2014000000,2014年,30533876,千円
30301000,30301_原油及び粗油,260,7月_金額,50141,141_オマーン,2013000000,2013年,18692344,千円
30301000,30301_原油及び粗油,260,7月_金額,50141,141_オマーン,2012000000,2012年,27980643,千円
30301000,30301_原油及び粗油,260,7月_金額,50141,141_オマーン,2011000000,2011年,22096712,千円
30301000,30301_原油及び粗油,260,7月_金額,50147,147_アラブ首長国連邦,2015000000,2015年,267703425,千円
30301000,30301_原油及び粗油,260,7月_金額,50147,147_アラブ首長国連邦,2014000000,2014年,313496124,千円
30301000,30301_原油及び粗油,260,7月_金額,50147,147_アラブ首長国連邦,2013000000,2013年,276109559,千円
30301000,30301_原油及び粗油,260,7月_金額,50147,147_アラブ首長国連邦,2012000000,2012年,173403654,千円
30301000,30301_原油及び粗油,260,7月_金額,50147,147_アラブ首長国連邦,2011000000,2011年,242060959,千円
30301000,30301_原油及び粗油,260,7月_金額,50149,149_イエメン,2015000000,2015年,0,千円
30301000,30301_原油及び粗油,260,7月_金額,50149,149_イエメン,2014000000,2014年,0,千円
30301000,30301_原油及び粗油,260,7月_金額,50149,149_イエメン,2013000000,2013年,0,千円
30301000,30301_原油及び粗油,260,7月_金額,50149,149_イエメン,2012000000,2012年,0,千円
30301000,30301_原油及び粗油,260,7月_金額,50149,149_イエメン,2011000000,2011年,0,千円
30301000,30301_原油及び粗油,260,7月_金額,50150,150_アゼルバイジャン,2012000000,2012年,0,千円
30301000,30301_原油及び粗油,260,7月_金額,50153,153_カザフスタン,2015000000,2015年,5582151,千円
30301000,30301_原油及び粗油,260,7月_金額,50153,153_カザフスタン,2014000000,2014年,0,千円
30301000,30301_原油及び粗油,260,7月_金額,50153,153_カザフスタン,2013000000,2013年,0,千円
30301000,30301_原油及び粗油,260,7月_金額,50202,202_ノルウェー,2014000000,2014年,0,千円
30301000,30301_原油及び粗油,260,7月_金額,50202,202_ノルウェー,2013000000,2013年,0,千円
30301000,30301_原油及び粗油,260,7月_金額,50205,205_英国,2012000000,2012年,0,千円
30301000,30301_原油及び粗油,260,7月_金額,50205,205_英国,2011000000,2011年,0,千円
30301000,30301_原油及び粗油,260,7月_金額,50213,213_ドイツ,2014000000,2014年,0,千円
30301000,30301_原油及び粗油,260,7月_金額,50224,224_ロシア,2015000000,2015年,68192816,千円
30301000,30301_原油及び粗油,260,7月_金額,50224,224_ロシア,2014000000,2014年,59793109,千円
30301000,30301_原油及び粗油,260,7月_金額,50224,224_ロシア,2013000000,2013年,62438400,千円
30301000,30301_原油及び粗油,260,7月_金額,50224,224_ロシア,2012000000,2012年,40226083,千円
30301000,30301_原油及び粗油,260,7月_金額,50224,224_ロシア,2011000000,2011年,32134574,千円
30301000,30301_原油及び粗油,260,7月_金額,50304,304_アメリカ合衆国,2015000000,2015年,0,千円
30301000,30301_原油及び粗油,260,7月_金額,50304,304_アメリカ合衆国,2014000000,2014年,0,千円
30301000,30301_原油及び粗油,260,7月_金額,50305,305_メキシコ,2015000000,2015年,15133410,千円
30301000,30301_原油及び粗油,260,7月_金額,50305,305_メキシコ,2014000000,2014年,0,千円
30301000,30301_原油及び粗油,260,7月_金額,50315,315_バハマ,2015000000,2015年,0,千円
30301000,30301_原油及び粗油,260,7月_金額,50315,315_バハマ,2013000000,2013年,0,千円
30301000,30301_原油及び粗油,260,7月_金額,50401,401_コロンビア,2015000000,2015年,10239962,千円
30301000,30301_原油及び粗油,260,7月_金額,50401,401_コロンビア,2014000000,2014年,0,千円
30301000,30301_原油及び粗油,260,7月_金額,50401,401_コロンビア,2011000000,2011年,0,千円
30301000,30301_原油及び粗油,260,7月_金額,50402,402_ベネズエラ,2015000000,2015年,0,千円
30301000,30301_原油及び粗油,260,7月_金額,50402,402_ベネズエラ,2014000000,2014年,2028387,千円
30301000,30301_原油及び粗油,260,7月_金額,50402,402_ベネズエラ,2013000000,2013年,0,千円
30301000,30301_原油及び粗油,260,7月_金額,50402,402_ベネズエラ,2012000000,2012年,0,千円
30301000,30301_原油及び粗油,260,7月_金額,50406,406_エクアドル,2015000000,2015年,8757892,千円
30301000,30301_原油及び粗油,260,7月_金額,50406,406_エクアドル,2014000000,2014年,7900842,千円
30301000,30301_原油及び粗油,260,7月_金額,50406,406_エクアドル,2013000000,2013年,4013398,千円
30301000,30301_原油及び粗油,260,7月_金額,50406,406_エクアドル,2012000000,2012年,2764206,千円
30301000,30301_原油及び粗油,260,7月_金額,50406,406_エクアドル,2011000000,2011年,0,千円
30301000,30301_原油及び粗油,260,7月_金額,50410,410_ブラジル,2014000000,2014年,0,千円
30301000,30301_原油及び粗油,260,7月_金額,50413,413_アルゼンチン,2012000000,2012年,0,千円
30301000,30301_原油及び粗油,260,7月_金額,50503,503_アルジェリア,2013000000,2013年,0,千円
30301000,30301_原油及び粗油,260,7月_金額,50503,503_アルジェリア,2011000000,2011年,0,千円
30301000,30301_原油及び粗油,260,7月_金額,50505,505_リビア,2014000000,2014年,0,千円
30301000,30301_原油及び粗油,260,7月_金額,50505,505_リビア,2013000000,2013年,0,千円
30301000,30301_原油及び粗油,260,7月_金額,50505,505_リビア,2012000000,2012年,0,千円
30301000,30301_原油及び粗油,260,7月_金額,50507,507_スーダン,2015000000,2015年,0,千円
30301000,30301_原油及び粗油,260,7月_金額,50507,507_スーダン,2014000000,2014年,0,千円
30301000,30301_原油及び粗油,260,7月_金額,50507,507_スーダン,2013000000,2013年,0,千円
30301000,30301_原油及び粗油,260,7月_金額,50507,507_スーダン,2012000000,2012年,0,千円
30301000,30301_原油及び粗油,260,7月_金額,50507,507_スーダン,2011000000,2011年,29150922,千円
30301000,30301_原油及び粗油,260,7月_金額,50524,524_ナイジェリア,2014000000,2014年,0,千円
30301000,30301_原油及び粗油,260,7月_金額,50524,524_ナイジェリア,2013000000,2013年,0,千円
30301000,30301_原油及び粗油,260,7月_金額,50524,524_ナイジェリア,2012000000,2012年,0,千円
30301000,30301_原油及び粗油,260,7月_金額,50524,524_ナイジェリア,2011000000,2011年,0,千円
30301000,30301_原油及び粗油,260,7月_金額,50527,527_カメルーン,2013000000,2013年,0,千円
30301000,30301_原油及び粗油,260,7月_金額,50528,528_チャド,2015000000,2015年,0,千円
30301000,30301_原油及び粗油,260,7月_金額,50528,528_チャド,2014000000,2014年,0,千円
30301000,30301_原油及び粗油,260,7月_金額,50528,528_チャド,2013000000,2013年,2974708,千円
30301000,30301_原油及び粗油,260,7月_金額,50528,528_チャド,2012000000,2012年,0,千円
30301000,30301_原油及び粗油,260,7月_金額,50530,530_赤道ギニア,2012000000,2012年,0,千円
30301000,30301_原油及び粗油,260,7月_金額,50531,531_ガボン,2015000000,2015年,0,千円
30301000,30301_原油及び粗油,260,7月_金額,50531,531_ガボン,2014000000,2014年,18458387,千円
30301000,30301_原油及び粗油,260,7月_金額,50531,531_ガボン,2013000000,2013年,6685199,千円
30301000,30301_原油及び粗油,260,7月_金額,50531,531_ガボン,2012000000,2012年,17083248,千円
30301000,30301_原油及び粗油,260,7月_金額,50531,531_ガボン,2011000000,2011年,0,千円
30301000,30301_原油及び粗油,260,7月_金額,50535,535_アンゴラ,2015000000,2015年,7663047,千円
30301000,30301_原油及び粗油,260,7月_金額,50535,535_アンゴラ,2014000000,2014年,0,千円
30301000,30301_原油及び粗油,260,7月_金額,50535,535_アンゴラ,2013000000,2013年,0,千円
30301000,30301_原油及び粗油,260,7月_金額,50535,535_アンゴラ,2012000000,2012年,0,千円
30301000,30301_原油及び粗油,260,7月_金額,50535,535_アンゴラ,2011000000,2011年,0,千円
30301000,30301_原油及び粗油,260,7月_金額,50560,560_南スーダン,2012000000,2012年,0,千円
30301000,30301_原油及び粗油,260,7月_金額,50560,560_南スーダン,2011000000,2011年,0,千円
30301000,30301_原油及び粗油,260,7月_金額,50601,601_オーストラリア,2015000000,2015年,3377764,千円
30301000,30301_原油及び粗油,260,7月_金額,50601,601_オーストラリア,2014000000,2014年,2160902,千円
30301000,30301_原油及び粗油,260,7月_金額,50601,601_オーストラリア,2013000000,2013年,5102602,千円
30301000,30301_原油及び粗油,260,7月_金額,50601,601_オーストラリア,2012000000,2012年,9295234,千円
30301000,30301_原油及び粗油,260,7月_金額,50601,601_オーストラリア,2011000000,2011年,8399350,千円
30301000,30301_原油及び粗油,260,7月_金額,50602,602_パプアニューギニア,2015000000,2015年,5341143,千円
30301000,30301_原油及び粗油,260,7月_金額,50602,602_パプアニューギニア,2013000000,2013年,0,千円
30301000,30301_原油及び粗油,260,7月_金額,50602,602_パプアニューギニア,2012000000,2012年,0,千円
30301000,30301_原油及び粗油,260,7月_金額,50602,602_パプアニューギニア,2011000000,2011年,0,千円
30301000,30301_原油及び粗油,260,7月_金額,50703,703_保税工場・総合保税地域,2014000000,2014年,0,千円
30301000,30301_原油及び粗油,270,8月_数量,50103,103_大韓民国,2012000000,2012年,0,
30301000,30301_原油及び粗油,270,8月_数量,50103,103_大韓民国,2011000000,2011年,0,
30301000,30301_原油及び粗油,270,8月_数量,50105,105_中華人民共和国,2015000000,2015年,0,
30301000,30301_原油及び粗油,270,8月_数量,50105,105_中華人民共和国,2013000000,2013年,0,
30301000,30301_原油及び粗油,270,8月_数量,50105,105_中華人民共和国,2012000000,2012年,0,
30301000,30301_原油及び粗油,270,8月_数量,50105,105_中華人民共和国,2011000000,2011年,0,
30301000,30301_原油及び粗油,270,8月_数量,50110,110_ベトナム,2015000000,2015年,128495,
30301000,30301_原油及び粗油,270,8月_数量,50110,110_ベトナム,2014000000,2014年,137132,
30301000,30301_原油及び粗油,270,8月_数量,50110,110_ベトナム,2013000000,2013年,324967,
30301000,30301_原油及び粗油,270,8月_数量,50110,110_ベトナム,2012000000,2012年,246935,
30301000,30301_原油及び粗油,270,8月_数量,50110,110_ベトナム,2011000000,2011年,258555,
30301000,30301_原油及び粗油,270,8月_数量,50112,112_シンガポール,2015000000,2015年,0,
30301000,30301_原油及び粗油,270,8月_数量,50112,112_シンガポール,2014000000,2014年,0,
30301000,30301_原油及び粗油,270,8月_数量,50112,112_シンガポール,2012000000,2012年,0,
30301000,30301_原油及び粗油,270,8月_数量,50112,112_シンガポール,2011000000,2011年,0,
30301000,30301_原油及び粗油,270,8月_数量,50113,113_マレーシア,2015000000,2015年,104947,
30301000,30301_原油及び粗油,270,8月_数量,50113,113_マレーシア,2014000000,2014年,30328,
30301000,30301_原油及び粗油,270,8月_数量,50113,113_マレーシア,2013000000,2013年,71722,
30301000,30301_原油及び粗油,270,8月_数量,50113,113_マレーシア,2012000000,2012年,173014,
30301000,30301_原油及び粗油,270,8月_数量,50113,113_マレーシア,2011000000,2011年,37924,
30301000,30301_原油及び粗油,270,8月_数量,50116,116_ブルネイ,2015000000,2015年,0,
30301000,30301_原油及び粗油,270,8月_数量,50116,116_ブルネイ,2014000000,2014年,0,
30301000,30301_原油及び粗油,270,8月_数量,50116,116_ブルネイ,2013000000,2013年,45788,
30301000,30301_原油及び粗油,270,8月_数量,50116,116_ブルネイ,2012000000,2012年,110826,
30301000,30301_原油及び粗油,270,8月_数量,50116,116_ブルネイ,2011000000,2011年,78604,
30301000,30301_原油及び粗油,270,8月_数量,50118,118_インドネシア,2015000000,2015年,279402,
30301000,30301_原油及び粗油,270,8月_数量,50118,118_インドネシア,2014000000,2014年,355338,
30301000,30301_原油及び粗油,270,8月_数量,50118,118_インドネシア,2013000000,2013年,595742,
30301000,30301_原油及び粗油,270,8月_数量,50118,118_インドネシア,2012000000,2012年,548041,
30301000,30301_原油及び粗油,270,8月_数量,50118,118_インドネシア,2011000000,2011年,679582,
30301000,30301_原油及び粗油,270,8月_数量,50123,123_インド,2013000000,2013年,0,
30301000,30301_原油及び粗油,270,8月_数量,50123,123_インド,2011000000,2011年,0,
30301000,30301_原油及び粗油,270,8月_数量,50125,125_スリランカ,2015000000,2015年,0,
30301000,30301_原油及び粗油,270,8月_数量,50128,128_東ティモール,2012000000,2012年,0,
30301000,30301_原油及び粗油,270,8月_数量,50133,133_イラン,2015000000,2015年,865119,
30301000,30301_原油及び粗油,270,8月_数量,50133,133_イラン,2014000000,2014年,1075965,
30301000,30301_原油及び粗油,270,8月_数量,50133,133_イラン,2013000000,2013年,873651,
30301000,30301_原油及び粗油,270,8月_数量,50133,133_イラン,2012000000,2012年,418203,
30301000,30301_原油及び粗油,270,8月_数量,50133,133_イラン,2011000000,2011年,1270595,
30301000,30301_原油及び粗油,270,8月_数量,50134,134_イラク,2015000000,2015年,0,
30301000,30301_原油及び粗油,270,8月_数量,50134,134_イラク,2014000000,2014年,0,
30301000,30301_原油及び粗油,270,8月_数量,50134,134_イラク,2013000000,2013年,315203,
30301000,30301_原油及び粗油,270,8月_数量,50134,134_イラク,2012000000,2012年,311183,
30301000,30301_原油及び粗油,270,8月_数量,50134,134_イラク,2011000000,2011年,806778,
30301000,30301_原油及び粗油,270,8月_数量,50137,137_サウジアラビア,2015000000,2015年,5778862,
30301000,30301_原油及び粗油,270,8月_数量,50137,137_サウジアラビア,2014000000,2014年,4986882,
30301000,30301_原油及び粗油,270,8月_数量,50137,137_サウジアラビア,2013000000,2013年,6016273,
30301000,30301_原油及び粗油,270,8月_数量,50137,137_サウジアラビア,2012000000,2012年,6467174,
30301000,30301_原油及び粗油,270,8月_数量,50137,137_サウジアラビア,2011000000,2011年,6236054,
30301000,30301_原油及び粗油,270,8月_数量,50138,138_クウェート,2015000000,2015年,1180737,
30301000,30301_原油及び粗油,270,8月_数量,50138,138_クウェート,2014000000,2014年,1052340,
30301000,30301_原油及び粗油,270,8月_数量,50138,138_クウェート,2013000000,2013年,1194469,
30301000,30301_原油及び粗油,270,8月_数量,50138,138_クウェート,2012000000,2012年,1701325,
30301000,30301_原油及び粗油,270,8月_数量,50138,138_クウェート,2011000000,2011年,1249640,
30301000,30301_原油及び粗油,270,8月_数量,50140,140_カタール,2015000000,2015年,1287434,
30301000,30301_原油及び粗油,270,8月_数量,50140,140_カタール,2014000000,2014年,1830194,
30301000,30301_原油及び粗油,270,8月_数量,50140,140_カタール,2013000000,2013年,2628503,
30301000,30301_原油及び粗油,270,8月_数量,50140,140_カタール,2012000000,2012年,1951081,
30301000,30301_原油及び粗油,270,8月_数量,50140,140_カタール,2011000000,2011年,2565560,
30301000,30301_原油及び粗油,270,8月_数量,50141,141_オマーン,2015000000,2015年,289002,
30301000,30301_原油及び粗油,270,8月_数量,50141,141_オマーン,2014000000,2014年,255967,
30301000,30301_原油及び粗油,270,8月_数量,50141,141_オマーン,2013000000,2013年,406993,
30301000,30301_原油及び粗油,270,8月_数量,50141,141_オマーン,2012000000,2012年,682392,
30301000,30301_原油及び粗油,270,8月_数量,50141,141_オマーン,2011000000,2011年,225986,
30301000,30301_原油及び粗油,270,8月_数量,50147,147_アラブ首長国連邦,2015000000,2015年,4250980,
30301000,30301_原油及び粗油,270,8月_数量,50147,147_アラブ首長国連邦,2014000000,2014年,4841827,
30301000,30301_原油及び粗油,270,8月_数量,50147,147_アラブ首長国連邦,2013000000,2013年,3800887,
30301000,30301_原油及び粗油,270,8月_数量,50147,147_アラブ首長国連邦,2012000000,2012年,4245190,
30301000,30301_原油及び粗油,270,8月_数量,50147,147_アラブ首長国連邦,2011000000,2011年,3774384,
30301000,30301_原油及び粗油,270,8月_数量,50149,149_イエメン,2015000000,2015年,0,
30301000,30301_原油及び粗油,270,8月_数量,50149,149_イエメン,2014000000,2014年,0,
30301000,30301_原油及び粗油,270,8月_数量,50149,149_イエメン,2013000000,2013年,0,
30301000,30301_原油及び粗油,270,8月_数量,50149,149_イエメン,2012000000,2012年,102797,
30301000,30301_原油及び粗油,270,8月_数量,50149,149_イエメン,2011000000,2011年,0,
30301000,30301_原油及び粗油,270,8月_数量,50150,150_アゼルバイジャン,2012000000,2012年,0,
30301000,30301_原油及び粗油,270,8月_数量,50153,153_カザフスタン,2015000000,2015年,99874,
30301000,30301_原油及び粗油,270,8月_数量,50153,153_カザフスタン,2014000000,2014年,0,
30301000,30301_原油及び粗油,270,8月_数量,50153,153_カザフスタン,2013000000,2013年,0,
30301000,30301_原油及び粗油,270,8月_数量,50202,202_ノルウェー,2014000000,2014年,0,
30301000,30301_原油及び粗油,270,8月_数量,50202,202_ノルウェー,2013000000,2013年,0,
30301000,30301_原油及び粗油,270,8月_数量,50205,205_英国,2012000000,2012年,0,
30301000,30301_原油及び粗油,270,8月_数量,50205,205_英国,2011000000,2011年,0,
30301000,30301_原油及び粗油,270,8月_数量,50213,213_ドイツ,2014000000,2014年,0,
30301000,30301_原油及び粗油,270,8月_数量,50224,224_ロシア,2015000000,2015年,1364372,
30301000,30301_原油及び粗油,270,8月_数量,50224,224_ロシア,2014000000,2014年,1155338,
30301000,30301_原油及び粗油,270,8月_数量,50224,224_ロシア,2013000000,2013年,1249282,
30301000,30301_原油及び粗油,270,8月_数量,50224,224_ロシア,2012000000,2012年,635079,
30301000,30301_原油及び粗油,270,8月_数量,50224,224_ロシア,2011000000,2011年,663117,
30301000,30301_原油及び粗油,270,8月_数量,50304,304_アメリカ合衆国,2015000000,2015年,0,
30301000,30301_原油及び粗油,270,8月_数量,50304,304_アメリカ合衆国,2014000000,2014年,0,
30301000,30301_原油及び粗油,270,8月_数量,50305,305_メキシコ,2015000000,2015年,158507,
30301000,30301_原油及び粗油,270,8月_数量,50305,305_メキシコ,2014000000,2014年,0,
30301000,30301_原油及び粗油,270,8月_数量,50315,315_バハマ,2015000000,2015年,0,
30301000,30301_原油及び粗油,270,8月_数量,50315,315_バハマ,2013000000,2013年,0,
30301000,30301_原油及び粗油,270,8月_数量,50401,401_コロンビア,2015000000,2015年,150988,
30301000,30301_原油及び粗油,270,8月_数量,50401,401_コロンビア,2014000000,2014年,0,
30301000,30301_原油及び粗油,270,8月_数量,50401,401_コロンビア,2011000000,2011年,0,
30301000,30301_原油及び粗油,270,8月_数量,50402,402_ベネズエラ,2015000000,2015年,0,
30301000,30301_原油及び粗油,270,8月_数量,50402,402_ベネズエラ,2014000000,2014年,0,
30301000,30301_原油及び粗油,270,8月_数量,50402,402_ベネズエラ,2013000000,2013年,153432,
30301000,30301_原油及び粗油,270,8月_数量,50402,402_ベネズエラ,2012000000,2012年,82035,
30301000,30301_原油及び粗油,270,8月_数量,50406,406_エクアドル,2015000000,2015年,158966,
30301000,30301_原油及び粗油,270,8月_数量,50406,406_エクアドル,2014000000,2014年,60034,
30301000,30301_原油及び粗油,270,8月_数量,50406,406_エクアドル,2013000000,2013年,139475,
30301000,30301_原油及び粗油,270,8月_数量,50406,406_エクアドル,2012000000,2012年,177825,
30301000,30301_原油及び粗油,270,8月_数量,50406,406_エクアドル,2011000000,2011年,105461,
30301000,30301_原油及び粗油,270,8月_数量,50410,410_ブラジル,2014000000,2014年,0,
30301000,30301_原油及び粗油,270,8月_数量,50413,413_アルゼンチン,2012000000,2012年,0,
30301000,30301_原油及び粗油,270,8月_数量,50503,503_アルジェリア,2013000000,2013年,166530,
30301000,30301_原油及び粗油,270,8月_数量,50503,503_アルジェリア,2011000000,2011年,0,
30301000,30301_原油及び粗油,270,8月_数量,50505,505_リビア,2014000000,2014年,0,
30301000,30301_原油及び粗油,270,8月_数量,50505,505_リビア,2013000000,2013年,0,
30301000,30301_原油及び粗油,270,8月_数量,50505,505_リビア,2012000000,2012年,49539,
30301000,30301_原油及び粗油,270,8月_数量,50507,507_スーダン,2015000000,2015年,0,
30301000,30301_原油及び粗油,270,8月_数量,50507,507_スーダン,2014000000,2014年,0,
30301000,30301_原油及び粗油,270,8月_数量,50507,507_スーダン,2013000000,2013年,0,
30301000,30301_原油及び粗油,270,8月_数量,50507,507_スーダン,2012000000,2012年,0,
30301000,30301_原油及び粗油,270,8月_数量,50507,507_スーダン,2011000000,2011年,190620,
30301000,30301_原油及び粗油,270,8月_数量,50524,524_ナイジェリア,2014000000,2014年,0,
30301000,30301_原油及び粗油,270,8月_数量,50524,524_ナイジェリア,2013000000,2013年,0,
30301000,30301_原油及び粗油,270,8月_数量,50524,524_ナイジェリア,2012000000,2012年,0,
30301000,30301_原油及び粗油,270,8月_数量,50524,524_ナイジェリア,2011000000,2011年,0,
30301000,30301_原油及び粗油,270,8月_数量,50527,527_カメルーン,2013000000,2013年,0,
30301000,30301_原油及び粗油,270,8月_数量,50528,528_チャド,2015000000,2015年,54066,
30301000,30301_原油及び粗油,270,8月_数量,50528,528_チャド,2014000000,2014年,0,
30301000,30301_原油及び粗油,270,8月_数量,50528,528_チャド,2013000000,2013年,0,
30301000,30301_原油及び粗油,270,8月_数量,50528,528_チャド,2012000000,2012年,0,
30301000,30301_原油及び粗油,270,8月_数量,50530,530_赤道ギニア,2012000000,2012年,80818,
30301000,30301_原油及び粗油,270,8月_数量,50531,531_ガボン,2015000000,2015年,0,
30301000,30301_原油及び粗油,270,8月_数量,50531,531_ガボン,2014000000,2014年,141415,
30301000,30301_原油及び粗油,270,8月_数量,50531,531_ガボン,2013000000,2013年,30450,
30301000,30301_原油及び粗油,270,8月_数量,50531,531_ガボン,2012000000,2012年,481009,
30301000,30301_原油及び粗油,270,8月_数量,50531,531_ガボン,2011000000,2011年,0,
30301000,30301_原油及び粗油,270,8月_数量,50535,535_アンゴラ,2015000000,2015年,143003,
30301000,30301_原油及び粗油,270,8月_数量,50535,535_アンゴラ,2014000000,2014年,0,
30301000,30301_原油及び粗油,270,8月_数量,50535,535_アンゴラ,2013000000,2013年,0,
30301000,30301_原油及び粗油,270,8月_数量,50535,535_アンゴラ,2012000000,2012年,52603,
30301000,30301_原油及び粗油,270,8月_数量,50535,535_アンゴラ,2011000000,2011年,34953,
30301000,30301_原油及び粗油,270,8月_数量,50560,560_南スーダン,2012000000,2012年,0,
30301000,30301_原油及び粗油,270,8月_数量,50560,560_南スーダン,2011000000,2011年,0,
30301000,30301_原油及び粗油,270,8月_数量,50601,601_オーストラリア,2015000000,2015年,177359,
30301000,30301_原油及び粗油,270,8月_数量,50601,601_オーストラリア,2014000000,2014年,126748,
30301000,30301_原油及び粗油,270,8月_数量,50601,601_オーストラリア,2013000000,2013年,114060,
30301000,30301_原油及び粗油,270,8月_数量,50601,601_オーストラリア,2012000000,2012年,43681,
30301000,30301_原油及び粗油,270,8月_数量,50601,601_オーストラリア,2011000000,2011年,99007,
30301000,30301_原油及び粗油,270,8月_数量,50602,602_パプアニューギニア,2015000000,2015年,105050,
30301000,30301_原油及び粗油,270,8月_数量,50602,602_パプアニューギニア,2013000000,2013年,0,
30301000,30301_原油及び粗油,270,8月_数量,50602,602_パプアニューギニア,2012000000,2012年,0,
30301000,30301_原油及び粗油,270,8月_数量,50602,602_パプアニューギニア,2011000000,2011年,98715,
30301000,30301_原油及び粗油,270,8月_数量,50703,703_保税工場・総合保税地域,2014000000,2014年,0,
30301000,30301_原油及び粗油,280,8月_金額,50103,103_大韓民国,2012000000,2012年,0,千円
30301000,30301_原油及び粗油,280,8月_金額,50103,103_大韓民国,2011000000,2011年,0,千円
30301000,30301_原油及び粗油,280,8月_金額,50105,105_中華人民共和国,2015000000,2015年,0,千円
30301000,30301_原油及び粗油,280,8月_金額,50105,105_中華人民共和国,2013000000,2013年,0,千円
30301000,30301_原油及び粗油,280,8月_金額,50105,105_中華人民共和国,2012000000,2012年,0,千円
30301000,30301_原油及び粗油,280,8月_金額,50105,105_中華人民共和国,2011000000,2011年,0,千円
30301000,30301_原油及び粗油,280,8月_金額,50110,110_ベトナム,2015000000,2015年,6142325,千円
30301000,30301_原油及び粗油,280,8月_金額,50110,110_ベトナム,2014000000,2014年,10181265,千円
30301000,30301_原油及び粗油,280,8月_金額,50110,110_ベトナム,2013000000,2013年,23175945,千円
30301000,30301_原油及び粗油,280,8月_金額,50110,110_ベトナム,2012000000,2012年,13486130,千円
30301000,30301_原油及び粗油,280,8月_金額,50110,110_ベトナム,2011000000,2011年,16075931,千円
30301000,30301_原油及び粗油,280,8月_金額,50112,112_シンガポール,2015000000,2015年,0,千円
30301000,30301_原油及び粗油,280,8月_金額,50112,112_シンガポール,2014000000,2014年,0,千円
30301000,30301_原油及び粗油,280,8月_金額,50112,112_シンガポール,2012000000,2012年,0,千円
30301000,30301_原油及び粗油,280,8月_金額,50112,112_シンガポール,2011000000,2011年,0,千円
30301000,30301_原油及び粗油,280,8月_金額,50113,113_マレーシア,2015000000,2015年,4931305,千円
30301000,30301_原油及び粗油,280,8月_金額,50113,113_マレーシア,2014000000,2014年,2256290,千円
30301000,30301_原油及び粗油,280,8月_金額,50113,113_マレーシア,2013000000,2013年,5090257,千円
30301000,30301_原油及び粗油,280,8月_金額,50113,113_マレーシア,2012000000,2012年,9561905,千円
30301000,30301_原油及び粗油,280,8月_金額,50113,113_マレーシア,2011000000,2011年,2373849,千円
30301000,30301_原油及び粗油,280,8月_金額,50116,116_ブルネイ,2015000000,2015年,0,千円
30301000,30301_原油及び粗油,280,8月_金額,50116,116_ブルネイ,2014000000,2014年,0,千円
30301000,30301_原油及び粗油,280,8月_金額,50116,116_ブルネイ,2013000000,2013年,3382572,千円
30301000,30301_原油及び粗油,280,8月_金額,50116,116_ブルネイ,2012000000,2012年,6287295,千円
30301000,30301_原油及び粗油,280,8月_金額,50116,116_ブルネイ,2011000000,2011年,4905176,千円
30301000,30301_原油及び粗油,280,8月_金額,50118,118_インドネシア,2015000000,2015年,12665816,千円
30301000,30301_原油及び粗油,280,8月_金額,50118,118_インドネシア,2014000000,2014年,26186320,千円
30301000,30301_原油及び粗油,280,8月_金額,50118,118_インドネシア,2013000000,2013年,40818556,千円
30301000,30301_原油及び粗油,280,8月_金額,50118,118_インドネシア,2012000000,2012年,30651658,千円
30301000,30301_原油及び粗油,280,8月_金額,50118,118_インドネシア,2011000000,2011年,40913026,千円
30301000,30301_原油及び粗油,280,8月_金額,50123,123_インド,2013000000,2013年,0,千円
30301000,30301_原油及び粗油,280,8月_金額,50123,123_インド,2011000000,2011年,0,千円
30301000,30301_原油及び粗油,280,8月_金額,50125,125_スリランカ,2015000000,2015年,0,千円
30301000,30301_原油及び粗油,280,8月_金額,50128,128_東ティモール,2012000000,2012年,0,千円
30301000,30301_原油及び粗油,280,8月_金額,50133,133_イラン,2015000000,2015年,37594399,千円
30301000,30301_原油及び粗油,280,8月_金額,50133,133_イラン,2014000000,2014年,74770692,千円
30301000,30301_原油及び粗油,280,8月_金額,50133,133_イラン,2013000000,2013年,57268026,千円
30301000,30301_原油及び粗油,280,8月_金額,50133,133_イラン,2012000000,2012年,21164343,千円
30301000,30301_原油及び粗油,280,8月_金額,50133,133_イラン,2011000000,2011年,71557551,千円
30301000,30301_原油及び粗油,280,8月_金額,50134,134_イラク,2015000000,2015年,0,千円
30301000,30301_原油及び粗油,280,8月_金額,50134,134_イラク,2014000000,2014年,0,千円
30301000,30301_原油及び粗油,280,8月_金額,50134,134_イラク,2013000000,2013年,20174592,千円
30301000,30301_原油及び粗油,280,8月_金額,50134,134_イラク,2012000000,2012年,15266266,千円
30301000,30301_原油及び粗油,280,8月_金額,50134,134_イラク,2011000000,2011年,43724257,千円
30301000,30301_原油及び粗油,280,8月_金額,50137,137_サウジアラビア,2015000000,2015年,265289722,千円
30301000,30301_原油及び粗油,280,8月_金額,50137,137_サウジアラビア,2014000000,2014年,353924070,千円
30301000,30301_原油及び粗油,280,8月_金額,50137,137_サウジアラビア,2013000000,2013年,398282375,千円
30301000,30301_原油及び粗油,280,8月_金額,50137,137_サウジアラビア,2012000000,2012年,327906788,千円
30301000,30301_原油及び粗油,280,8月_金額,50137,137_サウジアラビア,2011000000,2011年,349231387,千円
30301000,30301_原油及び粗油,280,8月_金額,50138,138_クウェート,2015000000,2015年,53121660,千円
30301000,30301_原油及び粗油,280,8月_金額,50138,138_クウェート,2014000000,2014年,73501381,千円
30301000,30301_原油及び粗油,280,8月_金額,50138,138_クウェート,2013000000,2013年,77875757,千円
30301000,30301_原油及び粗油,280,8月_金額,50138,138_クウェート,2012000000,2012年,84198702,千円
30301000,30301_原油及び粗油,280,8月_金額,50138,138_クウェート,2011000000,2011年,68263429,千円
30301000,30301_原油及び粗油,280,8月_金額,50140,140_カタール,2015000000,2015年,58354665,千円
30301000,30301_原油及び粗油,280,8月_金額,50140,140_カタール,2014000000,2014年,129806689,千円
30301000,30301_原油及び粗油,280,8月_金額,50140,140_カタール,2013000000,2013年,172859511,千円
30301000,30301_原油及び粗油,280,8月_金額,50140,140_カタール,2012000000,2012年,97467477,千円
30301000,30301_原油及び粗油,280,8月_金額,50140,140_カタール,2011000000,2011年,142969873,千円
30301000,30301_原油及び粗油,280,8月_金額,50141,141_オマーン,2015000000,2015年,13583489,千円
30301000,30301_原油及び粗油,280,8月_金額,50141,141_オマーン,2014000000,2014年,17970187,千円
30301000,30301_原油及び粗油,280,8月_金額,50141,141_オマーン,2013000000,2013年,26819464,千円
30301000,30301_原油及び粗油,280,8月_金額,50141,141_オマーン,2012000000,2012年,34660954,千円
30301000,30301_原油及び粗油,280,8月_金額,50141,141_オマーン,2011000000,2011年,12568381,千円
30301000,30301_原油及び粗油,280,8月_金額,50147,147_アラブ首長国連邦,2015000000,2015年,198592835,千円
30301000,30301_原油及び粗油,280,8月_金額,50147,147_アラブ首長国連邦,2014000000,2014年,345348983,千円
30301000,30301_原油及び粗油,280,8月_金額,50147,147_アラブ首長国連邦,2013000000,2013年,253249802,千円
30301000,30301_原油及び粗油,280,8月_金額,50147,147_アラブ首長国連邦,2012000000,2012年,214365389,千円
30301000,30301_原油及び粗油,280,8月_金額,50147,147_アラブ首長国連邦,2011000000,2011年,212116007,千円
30301000,30301_原油及び粗油,280,8月_金額,50149,149_イエメン,2015000000,2015年,0,千円
30301000,30301_原油及び粗油,280,8月_金額,50149,149_イエメン,2014000000,2014年,0,千円
30301000,30301_原油及び粗油,280,8月_金額,50149,149_イエメン,2013000000,2013年,0,千円
30301000,30301_原油及び粗油,280,8月_金額,50149,149_イエメン,2012000000,2012年,5203305,千円
30301000,30301_原油及び粗油,280,8月_金額,50149,149_イエメン,2011000000,2011年,0,千円
30301000,30301_原油及び粗油,280,8月_金額,50150,150_アゼルバイジャン,2012000000,2012年,0,千円
30301000,30301_原油及び粗油,280,8月_金額,50153,153_カザフスタン,2015000000,2015年,5023783,千円
30301000,30301_原油及び粗油,280,8月_金額,50153,153_カザフスタン,2014000000,2014年,0,千円
30301000,30301_原油及び粗油,280,8月_金額,50153,153_カザフスタン,2013000000,2013年,0,千円
30301000,30301_原油及び粗油,280,8月_金額,50202,202_ノルウェー,2014000000,2014年,0,千円
30301000,30301_原油及び粗油,280,8月_金額,50202,202_ノルウェー,2013000000,2013年,0,千円
30301000,30301_原油及び粗油,280,8月_金額,50205,205_英国,2012000000,2012年,0,千円
30301000,30301_原油及び粗油,280,8月_金額,50205,205_英国,2011000000,2011年,0,千円
30301000,30301_原油及び粗油,280,8月_金額,50213,213_ドイツ,2014000000,2014年,0,千円
30301000,30301_原油及び粗油,280,8月_金額,50224,224_ロシア,2015000000,2015年,63844348,千円
30301000,30301_原油及び粗油,280,8月_金額,50224,224_ロシア,2014000000,2014年,82631010,千円
30301000,30301_原油及び粗油,280,8月_金額,50224,224_ロシア,2013000000,2013年,84745941,千円
30301000,30301_原油及び粗油,280,8月_金額,50224,224_ロシア,2012000000,2012年,32885418,千円
30301000,30301_原油及び粗油,280,8月_金額,50224,224_ロシア,2011000000,2011年,36473002,千円
30301000,30301_原油及び粗油,280,8月_金額,50304,304_アメリカ合衆国,2015000000,2015年,0,千円
30301000,30301_原油及び粗油,280,8月_金額,50304,304_アメリカ合衆国,2014000000,2014年,0,千円
30301000,30301_原油及び粗油,280,8月_金額,50305,305_メキシコ,2015000000,2015年,7102485,千円
30301000,30301_原油及び粗油,280,8月_金額,50305,305_メキシコ,2014000000,2014年,0,千円
30301000,30301_原油及び粗油,280,8月_金額,50315,315_バハマ,2015000000,2015年,0,千円
30301000,30301_原油及び粗油,280,8月_金額,50315,315_バハマ,2013000000,2013年,0,千円
30301000,30301_原油及び粗油,280,8月_金額,50401,401_コロンビア,2015000000,2015年,6966462,千円
30301000,30301_原油及び粗油,280,8月_金額,50401,401_コロンビア,2014000000,2014年,0,千円
30301000,30301_原油及び粗油,280,8月_金額,50401,401_コロンビア,2011000000,2011年,0,千円
30301000,30301_原油及び粗油,280,8月_金額,50402,402_ベネズエラ,2015000000,2015年,0,千円
30301000,30301_原油及び粗油,280,8月_金額,50402,402_ベネズエラ,2014000000,2014年,0,千円
30301000,30301_原油及び粗油,280,8月_金額,50402,402_ベネズエラ,2013000000,2013年,9911966,千円
30301000,30301_原油及び粗油,280,8月_金額,50402,402_ベネズエラ,2012000000,2012年,4970289,千円
30301000,30301_原油及び粗油,280,8月_金額,50406,406_エクアドル,2015000000,2015年,6484457,千円
30301000,30301_原油及び粗油,280,8月_金額,50406,406_エクアドル,2014000000,2014年,3789022,千円
30301000,30301_原油及び粗油,280,8月_金額,50406,406_エクアドル,2013000000,2013年,8933999,千円
30301000,30301_原油及び粗油,280,8月_金額,50406,406_エクアドル,2012000000,2012年,8443458,千円
30301000,30301_原油及び粗油,280,8月_金額,50406,406_エクアドル,2011000000,2011年,5548235,千円
30301000,30301_原油及び粗油,280,8月_金額,50410,410_ブラジル,2014000000,2014年,0,千円
30301000,30301_原油及び粗油,280,8月_金額,50413,413_アルゼンチン,2012000000,2012年,0,千円
30301000,30301_原油及び粗油,280,8月_金額,50503,503_アルジェリア,2013000000,2013年,10654406,千円
30301000,30301_原油及び粗油,280,8月_金額,50503,503_アルジェリア,2011000000,2011年,0,千円
30301000,30301_原油及び粗油,280,8月_金額,50505,505_リビア,2014000000,2014年,0,千円
30301000,30301_原油及び粗油,280,8月_金額,50505,505_リビア,2013000000,2013年,0,千円
30301000,30301_原油及び粗油,280,8月_金額,50505,505_リビア,2012000000,2012年,2552273,千円
30301000,30301_原油及び粗油,280,8月_金額,50507,507_スーダン,2015000000,2015年,0,千円
30301000,30301_原油及び粗油,280,8月_金額,50507,507_スーダン,2014000000,2014年,0,千円
30301000,30301_原油及び粗油,280,8月_金額,50507,507_スーダン,2013000000,2013年,0,千円
30301000,30301_原油及び粗油,280,8月_金額,50507,507_スーダン,2012000000,2012年,0,千円
30301000,30301_原油及び粗油,280,8月_金額,50507,507_スーダン,2011000000,2011年,11341787,千円
30301000,30301_原油及び粗油,280,8月_金額,50524,524_ナイジェリア,2014000000,2014年,0,千円
30301000,30301_原油及び粗油,280,8月_金額,50524,524_ナイジェリア,2013000000,2013年,0,千円
30301000,30301_原油及び粗油,280,8月_金額,50524,524_ナイジェリア,2012000000,2012年,0,千円
30301000,30301_原油及び粗油,280,8月_金額,50524,524_ナイジェリア,2011000000,2011年,0,千円
30301000,30301_原油及び粗油,280,8月_金額,50527,527_カメルーン,2013000000,2013年,0,千円
30301000,30301_原油及び粗油,280,8月_金額,50528,528_チャド,2015000000,2015年,3040139,千円
30301000,30301_原油及び粗油,280,8月_金額,50528,528_チャド,2014000000,2014年,0,千円
30301000,30301_原油及び粗油,280,8月_金額,50528,528_チャド,2013000000,2013年,0,千円
30301000,30301_原油及び粗油,280,8月_金額,50528,528_チャド,2012000000,2012年,0,千円
30301000,30301_原油及び粗油,280,8月_金額,50530,530_赤道ギニア,2012000000,2012年,4248184,千円
30301000,30301_原油及び粗油,280,8月_金額,50531,531_ガボン,2015000000,2015年,0,千円
30301000,30301_原油及び粗油,280,8月_金額,50531,531_ガボン,2014000000,2014年,10459263,千円
30301000,30301_原油及び粗油,280,8月_金額,50531,531_ガボン,2013000000,2013年,2065730,千円
30301000,30301_原油及び粗油,280,8月_金額,50531,531_ガボン,2012000000,2012年,25997779,千円
30301000,30301_原油及び粗油,280,8月_金額,50531,531_ガボン,2011000000,2011年,0,千円
30301000,30301_原油及び粗油,280,8月_金額,50535,535_アンゴラ,2015000000,2015年,6828017,千円
30301000,30301_原油及び粗油,280,8月_金額,50535,535_アンゴラ,2014000000,2014年,0,千円
30301000,30301_原油及び粗油,280,8月_金額,50535,535_アンゴラ,2013000000,2013年,0,千円
30301000,30301_原油及び粗油,280,8月_金額,50535,535_アンゴラ,2012000000,2012年,2736179,千円
30301000,30301_原油及び粗油,280,8月_金額,50535,535_アンゴラ,2011000000,2011年,2114330,千円
30301000,30301_原油及び粗油,280,8月_金額,50560,560_南スーダン,2012000000,2012年,0,千円
30301000,30301_原油及び粗油,280,8月_金額,50560,560_南スーダン,2011000000,2011年,0,千円
30301000,30301_原油及び粗油,280,8月_金額,50601,601_オーストラリア,2015000000,2015年,9182129,千円
30301000,30301_原油及び粗油,280,8月_金額,50601,601_オーストラリア,2014000000,2014年,9286143,千円
30301000,30301_原油及び粗油,280,8月_金額,50601,601_オーストラリア,2013000000,2013年,7657638,千円
30301000,30301_原油及び粗油,280,8月_金額,50601,601_オーストラリア,2012000000,2012年,2694055,千円
30301000,30301_原油及び粗油,280,8月_金額,50601,601_オーストラリア,2011000000,2011年,5816894,千円
30301000,30301_原油及び粗油,280,8月_金額,50602,602_パプアニューギニア,2015000000,2015年,5028722,千円
30301000,30301_原油及び粗油,280,8月_金額,50602,602_パプアニューギニア,2013000000,2013年,0,千円
30301000,30301_原油及び粗油,280,8月_金額,50602,602_パプアニューギニア,2012000000,2012年,0,千円
30301000,30301_原油及び粗油,280,8月_金額,50602,602_パプアニューギニア,2011000000,2011年,5986126,千円
30301000,30301_原油及び粗油,280,8月_金額,50703,703_保税工場・総合保税地域,2014000000,2014年,0,千円
30301000,30301_原油及び粗油,290,9月_数量,50103,103_大韓民国,2012000000,2012年,0,
30301000,30301_原油及び粗油,290,9月_数量,50103,103_大韓民国,2011000000,2011年,0,
30301000,30301_原油及び粗油,290,9月_数量,50105,105_中華人民共和国,2015000000,2015年,0,
30301000,30301_原油及び粗油,290,9月_数量,50105,105_中華人民共和国,2013000000,2013年,0,
30301000,30301_原油及び粗油,290,9月_数量,50105,105_中華人民共和国,2012000000,2012年,0,
30301000,30301_原油及び粗油,290,9月_数量,50105,105_中華人民共和国,2011000000,2011年,0,
30301000,30301_原油及び粗油,290,9月_数量,50110,110_ベトナム,2015000000,2015年,129715,
30301000,30301_原油及び粗油,290,9月_数量,50110,110_ベトナム,2014000000,2014年,230214,
30301000,30301_原油及び粗油,290,9月_数量,50110,110_ベトナム,2013000000,2013年,298122,
30301000,30301_原油及び粗油,290,9月_数量,50110,110_ベトナム,2012000000,2012年,794121,
30301000,30301_原油及び粗油,290,9月_数量,50110,110_ベトナム,2011000000,2011年,280067,
30301000,30301_原油及び粗油,290,9月_数量,50112,112_シンガポール,2015000000,2015年,0,
30301000,30301_原油及び粗油,290,9月_数量,50112,112_シンガポール,2014000000,2014年,0,
30301000,30301_原油及び粗油,290,9月_数量,50112,112_シンガポール,2012000000,2012年,0,
30301000,30301_原油及び粗油,290,9月_数量,50112,112_シンガポール,2011000000,2011年,0,
30301000,30301_原油及び粗油,290,9月_数量,50113,113_マレーシア,2015000000,2015年,75740,
30301000,30301_原油及び粗油,290,9月_数量,50113,113_マレーシア,2014000000,2014年,162316,
30301000,30301_原油及び粗油,290,9月_数量,50113,113_マレーシア,2013000000,2013年,77257,
30301000,30301_原油及び粗油,290,9月_数量,50113,113_マレーシア,2012000000,2012年,222504,
30301000,30301_原油及び粗油,290,9月_数量,50113,113_マレーシア,2011000000,2011年,124590,
30301000,30301_原油及び粗油,290,9月_数量,50116,116_ブルネイ,2015000000,2015年,0,
30301000,30301_原油及び粗油,290,9月_数量,50116,116_ブルネイ,2014000000,2014年,62290,
30301000,30301_原油及び粗油,290,9月_数量,50116,116_ブルネイ,2013000000,2013年,0,
30301000,30301_原油及び粗油,290,9月_数量,50116,116_ブルネイ,2012000000,2012年,82302,
30301000,30301_原油及び粗油,290,9月_数量,50116,116_ブルネイ,2011000000,2011年,0,
30301000,30301_原油及び粗油,290,9月_数量,50118,118_インドネシア,2015000000,2015年,389479,
30301000,30301_原油及び粗油,290,9月_数量,50118,118_インドネシア,2014000000,2014年,219329,
30301000,30301_原油及び粗油,290,9月_数量,50118,118_インドネシア,2013000000,2013年,468729,
30301000,30301_原油及び粗油,290,9月_数量,50118,118_インドネシア,2012000000,2012年,482393,
30301000,30301_原油及び粗油,290,9月_数量,50118,118_インドネシア,2011000000,2011年,675019,
30301000,30301_原油及び粗油,290,9月_数量,50123,123_インド,2013000000,2013年,0,
30301000,30301_原油及び粗油,290,9月_数量,50123,123_インド,2011000000,2011年,0,
30301000,30301_原油及び粗油,290,9月_数量,50125,125_スリランカ,2015000000,2015年,0,
30301000,30301_原油及び粗油,290,9月_数量,50128,128_東ティモール,2012000000,2012年,0,
30301000,30301_原油及び粗油,290,9月_数量,50133,133_イラン,2015000000,2015年,577378,
30301000,30301_原油及び粗油,290,9月_数量,50133,133_イラン,2014000000,2014年,948308,
30301000,30301_原油及び粗油,290,9月_数量,50133,133_イラン,2013000000,2013年,991274,
30301000,30301_原油及び粗油,290,9月_数量,50133,133_イラン,2012000000,2012年,897822,
30301000,30301_原油及び粗油,290,9月_数量,50133,133_イラン,2011000000,2011年,1437989,
30301000,30301_原油及び粗油,290,9月_数量,50134,134_イラク,2015000000,2015年,795773,
30301000,30301_原油及び粗油,290,9月_数量,50134,134_イラク,2014000000,2014年,665502,
30301000,30301_原油及び粗油,290,9月_数量,50134,134_イラク,2013000000,2013年,203365,
30301000,30301_原油及び粗油,290,9月_数量,50134,134_イラク,2012000000,2012年,318526,
30301000,30301_原油及び粗油,290,9月_数量,50134,134_イラク,2011000000,2011年,497616,
30301000,30301_原油及び粗油,290,9月_数量,50137,137_サウジアラビア,2015000000,2015年,5416289,
30301000,30301_原油及び粗油,290,9月_数量,50137,137_サウジアラビア,2014000000,2014年,5176612,
30301000,30301_原油及び粗油,290,9月_数量,50137,137_サウジアラビア,2013000000,2013年,5302783,
30301000,30301_原油及び粗油,290,9月_数量,50137,137_サウジアラビア,2012000000,2012年,6776535,
30301000,30301_原油及び粗油,290,9月_数量,50137,137_サウジアラビア,2011000000,2011年,5039480,
30301000,30301_原油及び粗油,290,9月_数量,50138,138_クウェート,2015000000,2015年,706607,
30301000,30301_原油及び粗油,290,9月_数量,50138,138_クウェート,2014000000,2014年,907015,
30301000,30301_原油及び粗油,290,9月_数量,50138,138_クウェート,2013000000,2013年,1212289,
30301000,30301_原油及び粗油,290,9月_数量,50138,138_クウェート,2012000000,2012年,1602125,
30301000,30301_原油及び粗油,290,9月_数量,50138,138_クウェート,2011000000,2011年,1177115,
30301000,30301_原油及び粗油,290,9月_数量,50140,140_カタール,2015000000,2015年,1721870,
30301000,30301_原油及び粗油,290,9月_数量,50140,140_カタール,2014000000,2014年,1472679,
30301000,30301_原油及び粗油,290,9月_数量,50140,140_カタール,2013000000,2013年,1891542,
30301000,30301_原油及び粗油,290,9月_数量,50140,140_カタール,2012000000,2012年,2928455,
30301000,30301_原油及び粗油,290,9月_数量,50140,140_カタール,2011000000,2011年,1263693,
30301000,30301_原油及び粗油,290,9月_数量,50141,141_オマーン,2015000000,2015年,68582,
30301000,30301_原油及び粗油,290,9月_数量,50141,141_オマーン,2014000000,2014年,149282,
30301000,30301_原油及び粗油,290,9月_数量,50141,141_オマーン,2013000000,2013年,591149,
30301000,30301_原油及び粗油,290,9月_数量,50141,141_オマーン,2012000000,2012年,594432,
30301000,30301_原油及び粗油,290,9月_数量,50141,141_オマーン,2011000000,2011年,666284,
30301000,30301_原油及び粗油,290,9月_数量,50147,147_アラブ首長国連邦,2015000000,2015年,4221593,
30301000,30301_原油及び粗油,290,9月_数量,50147,147_アラブ首長国連邦,2014000000,2014年,4195748,
30301000,30301_原油及び粗油,290,9月_数量,50147,147_アラブ首長国連邦,2013000000,2013年,3920515,
30301000,30301_原油及び粗油,290,9月_数量,50147,147_アラブ首長国連邦,2012000000,2012年,4160172,
30301000,30301_原油及び粗油,290,9月_数量,50147,147_アラブ首長国連邦,2011000000,2011年,4077706,
30301000,30301_原油及び粗油,290,9月_数量,50149,149_イエメン,2015000000,2015年,0,
30301000,30301_原油及び粗油,290,9月_数量,50149,149_イエメン,2014000000,2014年,0,
30301000,30301_原油及び粗油,290,9月_数量,50149,149_イエメン,2013000000,2013年,0,
30301000,30301_原油及び粗油,290,9月_数量,50149,149_イエメン,2012000000,2012年,0,
30301000,30301_原油及び粗油,290,9月_数量,50149,149_イエメン,2011000000,2011年,0,
30301000,30301_原油及び粗油,290,9月_数量,50150,150_アゼルバイジャン,2012000000,2012年,0,
30301000,30301_原油及び粗油,290,9月_数量,50153,153_カザフスタン,2015000000,2015年,110863,
30301000,30301_原油及び粗油,290,9月_数量,50153,153_カザフスタン,2014000000,2014年,84820,
30301000,30301_原油及び粗油,290,9月_数量,50153,153_カザフスタン,2013000000,2013年,0,
30301000,30301_原油及び粗油,290,9月_数量,50202,202_ノルウェー,2014000000,2014年,0,
30301000,30301_原油及び粗油,290,9月_数量,50202,202_ノルウェー,2013000000,2013年,0,
30301000,30301_原油及び粗油,290,9月_数量,50205,205_英国,2012000000,2012年,0,
30301000,30301_原油及び粗油,290,9月_数量,50205,205_英国,2011000000,2011年,0,
30301000,30301_原油及び粗油,290,9月_数量,50213,213_ドイツ,2014000000,2014年,0,
30301000,30301_原油及び粗油,290,9月_数量,50224,224_ロシア,2015000000,2015年,1377528,
30301000,30301_原油及び粗油,290,9月_数量,50224,224_ロシア,2014000000,2014年,1237143,
30301000,30301_原油及び粗油,290,9月_数量,50224,224_ロシア,2013000000,2013年,1001667,
30301000,30301_原油及び粗油,290,9月_数量,50224,224_ロシア,2012000000,2012年,818551,
30301000,30301_原油及び粗油,290,9月_数量,50224,224_ロシア,2011000000,2011年,1061524,
30301000,30301_原油及び粗油,290,9月_数量,50304,304_アメリカ合衆国,2015000000,2015年,50681,
30301000,30301_原油及び粗油,290,9月_数量,50304,304_アメリカ合衆国,2014000000,2014年,0,
30301000,30301_原油及び粗油,290,9月_数量,50305,305_メキシコ,2015000000,2015年,158452,
30301000,30301_原油及び粗油,290,9月_数量,50305,305_メキシコ,2014000000,2014年,0,
30301000,30301_原油及び粗油,290,9月_数量,50315,315_バハマ,2015000000,2015年,0,
30301000,30301_原油及び粗油,290,9月_数量,50315,315_バハマ,2013000000,2013年,0,
30301000,30301_原油及び粗油,290,9月_数量,50401,401_コロンビア,2015000000,2015年,96634,
30301000,30301_原油及び粗油,290,9月_数量,50401,401_コロンビア,2014000000,2014年,53557,
30301000,30301_原油及び粗油,290,9月_数量,50401,401_コロンビア,2011000000,2011年,0,
30301000,30301_原油及び粗油,290,9月_数量,50402,402_ベネズエラ,2015000000,2015年,0,
30301000,30301_原油及び粗油,290,9月_数量,50402,402_ベネズエラ,2014000000,2014年,0,
30301000,30301_原油及び粗油,290,9月_数量,50402,402_ベネズエラ,2013000000,2013年,152027,
30301000,30301_原油及び粗油,290,9月_数量,50402,402_ベネズエラ,2012000000,2012年,0,
30301000,30301_原油及び粗油,290,9月_数量,50406,406_エクアドル,2015000000,2015年,100348,
30301000,30301_原油及び粗油,290,9月_数量,50406,406_エクアドル,2014000000,2014年,296537,
30301000,30301_原油及び粗油,290,9月_数量,50406,406_エクアドル,2013000000,2013年,123036,
30301000,30301_原油及び粗油,290,9月_数量,50406,406_エクアドル,2012000000,2012年,216299,
30301000,30301_原油及び粗油,290,9月_数量,50406,406_エクアドル,2011000000,2011年,0,
30301000,30301_原油及び粗油,290,9月_数量,50410,410_ブラジル,2014000000,2014年,0,
30301000,30301_原油及び粗油,290,9月_数量,50413,413_アルゼンチン,2012000000,2012年,0,
30301000,30301_原油及び粗油,290,9月_数量,50503,503_アルジェリア,2013000000,2013年,0,
30301000,30301_原油及び粗油,290,9月_数量,50503,503_アルジェリア,2011000000,2011年,0,
30301000,30301_原油及び粗油,290,9月_数量,50505,505_リビア,2014000000,2014年,0,
30301000,30301_原油及び粗油,290,9月_数量,50505,505_リビア,2013000000,2013年,0,
30301000,30301_原油及び粗油,290,9月_数量,50505,505_リビア,2012000000,2012年,49705,
30301000,30301_原油及び粗油,290,9月_数量,50507,507_スーダン,2015000000,2015年,44252,
30301000,30301_原油及び粗油,290,9月_数量,50507,507_スーダン,2014000000,2014年,0,
30301000,30301_原油及び粗油,290,9月_数量,50507,507_スーダン,2013000000,2013年,205602,
30301000,30301_原油及び粗油,290,9月_数量,50507,507_スーダン,2012000000,2012年,0,
30301000,30301_原油及び粗油,290,9月_数量,50507,507_スーダン,2011000000,2011年,298914,
30301000,30301_原油及び粗油,290,9月_数量,50524,524_ナイジェリア,2014000000,2014年,65916,
30301000,30301_原油及び粗油,290,9月_数量,50524,524_ナイジェリア,2013000000,2013年,0,
30301000,30301_原油及び粗油,290,9月_数量,50524,524_ナイジェリア,2012000000,2012年,0,
30301000,30301_原油及び粗油,290,9月_数量,50524,524_ナイジェリア,2011000000,2011年,102649,
30301000,30301_原油及び粗油,290,9月_数量,50527,527_カメルーン,2013000000,2013年,0,
30301000,30301_原油及び粗油,290,9月_数量,50528,528_チャド,2015000000,2015年,0,
30301000,30301_原油及び粗油,290,9月_数量,50528,528_チャド,2014000000,2014年,0,
30301000,30301_原油及び粗油,290,9月_数量,50528,528_チャド,2013000000,2013年,0,
30301000,30301_原油及び粗油,290,9月_数量,50528,528_チャド,2012000000,2012年,0,
30301000,30301_原油及び粗油,290,9月_数量,50530,530_赤道ギニア,2012000000,2012年,63322,
30301000,30301_原油及び粗油,290,9月_数量,50531,531_ガボン,2015000000,2015年,0,
30301000,30301_原油及び粗油,290,9月_数量,50531,531_ガボン,2014000000,2014年,0,
30301000,30301_原油及び粗油,290,9月_数量,50531,531_ガボン,2013000000,2013年,296571,
30301000,30301_原油及び粗油,290,9月_数量,50531,531_ガボン,2012000000,2012年,350855,
30301000,30301_原油及び粗油,290,9月_数量,50531,531_ガボン,2011000000,2011年,197859,
30301000,30301_原油及び粗油,290,9月_数量,50535,535_アンゴラ,2015000000,2015年,146012,
30301000,30301_原油及び粗油,290,9月_数量,50535,535_アンゴラ,2014000000,2014年,0,
30301000,30301_原油及び粗油,290,9月_数量,50535,535_アンゴラ,2013000000,2013年,0,
30301000,30301_原油及び粗油,290,9月_数量,50535,535_アンゴラ,2012000000,2012年,125745,
30301000,30301_原油及び粗油,290,9月_数量,50535,535_アンゴラ,2011000000,2011年,0,
30301000,30301_原油及び粗油,290,9月_数量,50560,560_南スーダン,2012000000,2012年,0,
30301000,30301_原油及び粗油,290,9月_数量,50560,560_南スーダン,2011000000,2011年,0,
30301000,30301_原油及び粗油,290,9月_数量,50601,601_オーストラリア,2015000000,2015年,53688,
30301000,30301_原油及び粗油,290,9月_数量,50601,601_オーストラリア,2014000000,2014年,240120,
30301000,30301_原油及び粗油,290,9月_数量,50601,601_オーストラリア,2013000000,2013年,52676,
30301000,30301_原油及び粗油,290,9月_数量,50601,601_オーストラリア,2012000000,2012年,216110,
30301000,30301_原油及び粗油,290,9月_数量,50601,601_オーストラリア,2011000000,2011年,69228,
30301000,30301_原油及び粗油,290,9月_数量,50602,602_パプアニューギニア,2015000000,2015年,103055,
30301000,30301_原油及び粗油,290,9月_数量,50602,602_パプアニューギニア,2013000000,2013年,0,
30301000,30301_原油及び粗油,290,9月_数量,50602,602_パプアニューギニア,2012000000,2012年,91237,
30301000,30301_原油及び粗油,290,9月_数量,50602,602_パプアニューギニア,2011000000,2011年,0,
30301000,30301_原油及び粗油,290,9月_数量,50703,703_保税工場・総合保税地域,2014000000,2014年,0,
30301000,30301_原油及び粗油,300,9月_金額,50103,103_大韓民国,2012000000,2012年,0,千円
30301000,30301_原油及び粗油,300,9月_金額,50103,103_大韓民国,2011000000,2011年,0,千円
30301000,30301_原油及び粗油,300,9月_金額,50105,105_中華人民共和国,2015000000,2015年,0,千円
30301000,30301_原油及び粗油,300,9月_金額,50105,105_中華人民共和国,2013000000,2013年,0,千円
30301000,30301_原油及び粗油,300,9月_金額,50105,105_中華人民共和国,2012000000,2012年,0,千円
30301000,30301_原油及び粗油,300,9月_金額,50105,105_中華人民共和国,2011000000,2011年,0,千円
30301000,30301_原油及び粗油,300,9月_金額,50110,110_ベトナム,2015000000,2015年,5303460,千円
30301000,30301_原油及び粗油,300,9月_金額,50110,110_ベトナム,2014000000,2014年,16896868,千円
30301000,30301_原油及び粗油,300,9月_金額,50110,110_ベトナム,2013000000,2013年,21345466,千円
30301000,30301_原油及び粗油,300,9月_金額,50110,110_ベトナム,2012000000,2012年,47199540,千円
30301000,30301_原油及び粗油,300,9月_金額,50110,110_ベトナム,2011000000,2011年,16669583,千円
30301000,30301_原油及び粗油,300,9月_金額,50112,112_シンガポール,2015000000,2015年,0,千円
30301000,30301_原油及び粗油,300,9月_金額,50112,112_シンガポール,2014000000,2014年,0,千円
30301000,30301_原油及び粗油,300,9月_金額,50112,112_シンガポール,2012000000,2012年,0,千円
30301000,30301_原油及び粗油,300,9月_金額,50112,112_シンガポール,2011000000,2011年,0,千円
30301000,30301_原油及び粗油,300,9月_金額,50113,113_マレーシア,2015000000,2015年,2928798,千円
30301000,30301_原油及び粗油,300,9月_金額,50113,113_マレーシア,2014000000,2014年,11825948,千円
30301000,30301_原油及び粗油,300,9月_金額,50113,113_マレーシア,2013000000,2013年,5544051,千円
30301000,30301_原油及び粗油,300,9月_金額,50113,113_マレーシア,2012000000,2012年,12793410,千円
30301000,30301_原油及び粗油,300,9月_金額,50113,113_マレーシア,2011000000,2011年,7231658,千円
30301000,30301_原油及び粗油,300,9月_金額,50116,116_ブルネイ,2015000000,2015年,0,千円
30301000,30301_原油及び粗油,300,9月_金額,50116,116_ブルネイ,2014000000,2014年,4270384,千円
30301000,30301_原油及び粗油,300,9月_金額,50116,116_ブルネイ,2013000000,2013年,0,千円
30301000,30301_原油及び粗油,300,9月_金額,50116,116_ブルネイ,2012000000,2012年,4829059,千円
30301000,30301_原油及び粗油,300,9月_金額,50116,116_ブルネイ,2011000000,2011年,0,千円
30301000,30301_原油及び粗油,300,9月_金額,50118,118_インドネシア,2015000000,2015年,15002099,千円
30301000,30301_原油及び粗油,300,9月_金額,50118,118_インドネシア,2014000000,2014年,15826573,千円
30301000,30301_原油及び粗油,300,9月_金額,50118,118_インドネシア,2013000000,2013年,32835694,千円
30301000,30301_原油及び粗油,300,9月_金額,50118,118_インドネシア,2012000000,2012年,28392650,千円
30301000,30301_原油及び粗油,300,9月_金額,50118,118_インドネシア,2011000000,2011年,38842333,千円
30301000,30301_原油及び粗油,300,9月_金額,50123,123_インド,2013000000,2013年,0,千円
30301000,30301_原油及び粗油,300,9月_金額,50123,123_インド,2011000000,2011年,0,千円
30301000,30301_原油及び粗油,300,9月_金額,50125,125_スリランカ,2015000000,2015年,0,千円
30301000,30301_原油及び粗油,300,9月_金額,50128,128_東ティモール,2012000000,2012年,0,千円
30301000,30301_原油及び粗油,300,9月_金額,50133,133_イラン,2015000000,2015年,21135444,千円
30301000,30301_原油及び粗油,300,9月_金額,50133,133_イラン,2014000000,2014年,64702817,千円
30301000,30301_原油及び粗油,300,9月_金額,50133,133_イラン,2013000000,2013年,66287037,千円
30301000,30301_原油及び粗油,300,9月_金額,50133,133_イラン,2012000000,2012年,48807544,千円
30301000,30301_原油及び粗油,300,9月_金額,50133,133_イラン,2011000000,2011年,75641133,千円
30301000,30301_原油及び粗油,300,9月_金額,50134,134_イラク,2015000000,2015年,29218270,千円
30301000,30301_原油及び粗油,300,9月_金額,50134,134_イラク,2014000000,2014年,45794750,千円
30301000,30301_原油及び粗油,300,9月_金額,50134,134_イラク,2013000000,2013年,13775639,千円
30301000,30301_原油及び粗油,300,9月_金額,50134,134_イラク,2012000000,2012年,17485952,千円
30301000,30301_原油及び粗油,300,9月_金額,50134,134_イラク,2011000000,2011年,25591410,千円
30301000,30301_原油及び粗油,300,9月_金額,50137,137_サウジアラビア,2015000000,2015年,208727555,千円
30301000,30301_原油及び粗油,300,9月_金額,50137,137_サウジアラビア,2014000000,2014年,365372424,千円
30301000,30301_原油及び粗油,300,9月_金額,50137,137_サウジアラビア,2013000000,2013年,364018195,千円
30301000,30301_原油及び粗油,300,9月_金額,50137,137_サウジアラビア,2012000000,2012年,371644810,千円
30301000,30301_原油及び粗油,300,9月_金額,50137,137_サウジアラビア,2011000000,2011年,268026509,千円
30301000,30301_原油及び粗油,300,9月_金額,50138,138_クウェート,2015000000,2015年,25348686,千円
30301000,30301_原油及び粗油,300,9月_金額,50138,138_クウェート,2014000000,2014年,62764611,千円
30301000,30301_原油及び粗油,300,9月_金額,50138,138_クウェート,2013000000,2013年,82136848,千円
30301000,30301_原油及び粗油,300,9月_金額,50138,138_クウェート,2012000000,2012年,88272618,千円
30301000,30301_原油及び粗油,300,9月_金額,50138,138_クウェート,2011000000,2011年,61243614,千円
30301000,30301_原油及び粗油,300,9月_金額,50140,140_カタール,2015000000,2015年,68862525,千円
30301000,30301_原油及び粗油,300,9月_金額,50140,140_カタール,2014000000,2014年,102853911,千円
30301000,30301_原油及び粗油,300,9月_金額,50140,140_カタール,2013000000,2013年,129755687,千円
30301000,30301_原油及び粗油,300,9月_金額,50140,140_カタール,2012000000,2012年,158336643,千円
30301000,30301_原油及び粗油,300,9月_金額,50140,140_カタール,2011000000,2011年,67157507,千円
30301000,30301_原油及び粗油,300,9月_金額,50141,141_オマーン,2015000000,2015年,3268926,千円
30301000,30301_原油及び粗油,300,9月_金額,50141,141_オマーン,2014000000,2014年,10477603,千円
30301000,30301_原油及び粗油,300,9月_金額,50141,141_オマーン,2013000000,2013年,39670862,千円
30301000,30301_原油及び粗油,300,9月_金額,50141,141_オマーン,2012000000,2012年,32077437,千円
30301000,30301_原油及び粗油,300,9月_金額,50141,141_オマーン,2011000000,2011年,35157103,千円
30301000,30301_原油及び粗油,300,9月_金額,50147,147_アラブ首長国連邦,2015000000,2015年,167160954,千円
30301000,30301_原油及び粗油,300,9月_金額,50147,147_アラブ首長国連邦,2014000000,2014年,294675309,千円
30301000,30301_原油及び粗油,300,9月_金額,50147,147_アラブ首長国連邦,2013000000,2013年,273850854,千円
30301000,30301_原油及び粗油,300,9月_金額,50147,147_アラブ首長国連邦,2012000000,2012年,227912113,千円
30301000,30301_原油及び粗油,300,9月_金額,50147,147_アラブ首長国連邦,2011000000,2011年,218321782,千円
30301000,30301_原油及び粗油,300,9月_金額,50149,149_イエメン,2015000000,2015年,0,千円
30301000,30301_原油及び粗油,300,9月_金額,50149,149_イエメン,2014000000,2014年,0,千円
30301000,30301_原油及び粗油,300,9月_金額,50149,149_イエメン,2013000000,2013年,0,千円
30301000,30301_原油及び粗油,300,9月_金額,50149,149_イエメン,2012000000,2012年,0,千円
30301000,30301_原油及び粗油,300,9月_金額,50149,149_イエメン,2011000000,2011年,0,千円
30301000,30301_原油及び粗油,300,9月_金額,50150,150_アゼルバイジャン,2012000000,2012年,0,千円
30301000,30301_原油及び粗油,300,9月_金額,50153,153_カザフスタン,2015000000,2015年,4971632,千円
30301000,30301_原油及び粗油,300,9月_金額,50153,153_カザフスタン,2014000000,2014年,5978088,千円
30301000,30301_原油及び粗油,300,9月_金額,50153,153_カザフスタン,2013000000,2013年,0,千円
30301000,30301_原油及び粗油,300,9月_金額,50202,202_ノルウェー,2014000000,2014年,0,千円
30301000,30301_原油及び粗油,300,9月_金額,50202,202_ノルウェー,2013000000,2013年,0,千円
30301000,30301_原油及び粗油,300,9月_金額,50205,205_英国,2012000000,2012年,0,千円
30301000,30301_原油及び粗油,300,9月_金額,50205,205_英国,2011000000,2011年,0,千円
30301000,30301_原油及び粗油,300,9月_金額,50213,213_ドイツ,2014000000,2014年,0,千円
30301000,30301_原油及び粗油,300,9月_金額,50224,224_ロシア,2015000000,2015年,55164180,千円
30301000,30301_原油及び粗油,300,9月_金額,50224,224_ロシア,2014000000,2014年,86867846,千円
30301000,30301_原油及び粗油,300,9月_金額,50224,224_ロシア,2013000000,2013年,71044172,千円
30301000,30301_原油及び粗油,300,9月_金額,50224,224_ロシア,2012000000,2012年,45716066,千円
30301000,30301_原油及び粗油,300,9月_金額,50224,224_ロシア,2011000000,2011年,56978010,千円
30301000,30301_原油及び粗油,300,9月_金額,50304,304_アメリカ合衆国,2015000000,2015年,1964565,千円
30301000,30301_原油及び粗油,300,9月_金額,50304,304_アメリカ合衆国,2014000000,2014年,0,千円
30301000,30301_原油及び粗油,300,9月_金額,50305,305_メキシコ,2015000000,2015年,6896516,千円
30301000,30301_原油及び粗油,300,9月_金額,50305,305_メキシコ,2014000000,2014年,0,千円
30301000,30301_原油及び粗油,300,9月_金額,50315,315_バハマ,2015000000,2015年,0,千円
30301000,30301_原油及び粗油,300,9月_金額,50315,315_バハマ,2013000000,2013年,0,千円
30301000,30301_原油及び粗油,300,9月_金額,50401,401_コロンビア,2015000000,2015年,3899550,千円
30301000,30301_原油及び粗油,300,9月_金額,50401,401_コロンビア,2014000000,2014年,3705226,千円
30301000,30301_原油及び粗油,300,9月_金額,50401,401_コロンビア,2011000000,2011年,0,千円
30301000,30301_原油及び粗油,300,9月_金額,50402,402_ベネズエラ,2015000000,2015年,0,千円
30301000,30301_原油及び粗油,300,9月_金額,50402,402_ベネズエラ,2014000000,2014年,0,千円
30301000,30301_原油及び粗油,300,9月_金額,50402,402_ベネズエラ,2013000000,2013年,10420602,千円
30301000,30301_原油及び粗油,300,9月_金額,50402,402_ベネズエラ,2012000000,2012年,0,千円
30301000,30301_原油及び粗油,300,9月_金額,50406,406_エクアドル,2015000000,2015年,3396374,千円
30301000,30301_原油及び粗油,300,9月_金額,50406,406_エクアドル,2014000000,2014年,18361877,千円
30301000,30301_原油及び粗油,300,9月_金額,50406,406_エクアドル,2013000000,2013年,7876297,千円
30301000,30301_原油及び粗油,300,9月_金額,50406,406_エクアドル,2012000000,2012年,11241206,千円
30301000,30301_原油及び粗油,300,9月_金額,50406,406_エクアドル,2011000000,2011年,0,千円
30301000,30301_原油及び粗油,300,9月_金額,50410,410_ブラジル,2014000000,2014年,261,千円
30301000,30301_原油及び粗油,300,9月_金額,50413,413_アルゼンチン,2012000000,2012年,0,千円
30301000,30301_原油及び粗油,300,9月_金額,50503,503_アルジェリア,2013000000,2013年,0,千円
30301000,30301_原油及び粗油,300,9月_金額,50503,503_アルジェリア,2011000000,2011年,0,千円
30301000,30301_原油及び粗油,300,9月_金額,50505,505_リビア,2014000000,2014年,0,千円
30301000,30301_原油及び粗油,300,9月_金額,50505,505_リビア,2013000000,2013年,0,千円
30301000,30301_原油及び粗油,300,9月_金額,50505,505_リビア,2012000000,2012年,2737981,千円
30301000,30301_原油及び粗油,300,9月_金額,50507,507_スーダン,2015000000,2015年,1914161,千円
30301000,30301_原油及び粗油,300,9月_金額,50507,507_スーダン,2014000000,2014年,0,千円
30301000,30301_原油及び粗油,300,9月_金額,50507,507_スーダン,2013000000,2013年,14480376,千円
30301000,30301_原油及び粗油,300,9月_金額,50507,507_スーダン,2012000000,2012年,0,千円
30301000,30301_原油及び粗油,300,9月_金額,50507,507_スーダン,2011000000,2011年,16873838,千円
30301000,30301_原油及び粗油,300,9月_金額,50524,524_ナイジェリア,2014000000,2014年,4837375,千円
30301000,30301_原油及び粗油,300,9月_金額,50524,524_ナイジェリア,2013000000,2013年,0,千円
30301000,30301_原油及び粗油,300,9月_金額,50524,524_ナイジェリア,2012000000,2012年,0,千円
30301000,30301_原油及び粗油,300,9月_金額,50524,524_ナイジェリア,2011000000,2011年,5751123,千円
30301000,30301_原油及び粗油,300,9月_金額,50527,527_カメルーン,2013000000,2013年,0,千円
30301000,30301_原油及び粗油,300,9月_金額,50528,528_チャド,2015000000,2015年,0,千円
30301000,30301_原油及び粗油,300,9月_金額,50528,528_チャド,2014000000,2014年,0,千円
30301000,30301_原油及び粗油,300,9月_金額,50528,528_チャド,2013000000,2013年,0,千円
30301000,30301_原油及び粗油,300,9月_金額,50528,528_チャド,2012000000,2012年,0,千円
30301000,30301_原油及び粗油,300,9月_金額,50530,530_赤道ギニア,2012000000,2012年,3324831,千円
30301000,30301_原油及び粗油,300,9月_金額,50531,531_ガボン,2015000000,2015年,0,千円
30301000,30301_原油及び粗油,300,9月_金額,50531,531_ガボン,2014000000,2014年,0,千円
30301000,30301_原油及び粗油,300,9月_金額,50531,531_ガボン,2013000000,2013年,21282806,千円
30301000,30301_原油及び粗油,300,9月_金額,50531,531_ガボン,2012000000,2012年,20145080,千円
30301000,30301_原油及び粗油,300,9月_金額,50531,531_ガボン,2011000000,2011年,11411354,千円
30301000,30301_原油及び粗油,300,9月_金額,50535,535_アンゴラ,2015000000,2015年,5587785,千円
30301000,30301_原油及び粗油,300,9月_金額,50535,535_アンゴラ,2014000000,2014年,0,千円
30301000,30301_原油及び粗油,300,9月_金額,50535,535_アンゴラ,2013000000,2013年,0,千円
30301000,30301_原油及び粗油,300,9月_金額,50535,535_アンゴラ,2012000000,2012年,6600608,千円
30301000,30301_原油及び粗油,300,9月_金額,50535,535_アンゴラ,2011000000,2011年,0,千円
30301000,30301_原油及び粗油,300,9月_金額,50560,560_南スーダン,2012000000,2012年,0,千円
30301000,30301_原油及び粗油,300,9月_金額,50560,560_南スーダン,2011000000,2011年,0,千円
30301000,30301_原油及び粗油,300,9月_金額,50601,601_オーストラリア,2015000000,2015年,2272110,千円
30301000,30301_原油及び粗油,300,9月_金額,50601,601_オーストラリア,2014000000,2014年,16947054,千円
30301000,30301_原油及び粗油,300,9月_金額,50601,601_オーストラリア,2013000000,2013年,4080041,千円
30301000,30301_原油及び粗油,300,9月_金額,50601,601_オーストラリア,2012000000,2012年,12420004,千円
30301000,30301_原油及び粗油,300,9月_金額,50601,601_オーストラリア,2011000000,2011年,3846873,千円
30301000,30301_原油及び粗油,300,9月_金額,50602,602_パプアニューギニア,2015000000,2015年,4103726,千円
30301000,30301_原油及び粗油,300,9月_金額,50602,602_パプアニューギニア,2013000000,2013年,0,千円
30301000,30301_原油及び粗油,300,9月_金額,50602,602_パプアニューギニア,2012000000,2012年,5279875,千円
30301000,30301_原油及び粗油,300,9月_金額,50602,602_パプアニューギニア,2011000000,2011年,0,千円
30301000,30301_原油及び粗油,300,9月_金額,50703,703_保税工場・総合保税地域,2014000000,2014年,0,千円
30301000,30301_原油及び粗油,310,10月_数量,50103,103_大韓民国,2012000000,2012年,0,
30301000,30301_原油及び粗油,310,10月_数量,50103,103_大韓民国,2011000000,2011年,0,
30301000,30301_原油及び粗油,310,10月_数量,50105,105_中華人民共和国,2015000000,2015年,0,
30301000,30301_原油及び粗油,310,10月_数量,50105,105_中華人民共和国,2013000000,2013年,0,
30301000,30301_原油及び粗油,310,10月_数量,50105,105_中華人民共和国,2012000000,2012年,0,
30301000,30301_原油及び粗油,310,10月_数量,50105,105_中華人民共和国,2011000000,2011年,0,
30301000,30301_原油及び粗油,310,10月_数量,50110,110_ベトナム,2015000000,2015年,204557,
30301000,30301_原油及び粗油,310,10月_数量,50110,110_ベトナム,2014000000,2014年,95271,
30301000,30301_原油及び粗油,310,10月_数量,50110,110_ベトナム,2013000000,2013年,230764,
30301000,30301_原油及び粗油,310,10月_数量,50110,110_ベトナム,2012000000,2012年,210296,
30301000,30301_原油及び粗油,310,10月_数量,50110,110_ベトナム,2011000000,2011年,304023,
30301000,30301_原油及び粗油,310,10月_数量,50112,112_シンガポール,2015000000,2015年,0,
30301000,30301_原油及び粗油,310,10月_数量,50112,112_シンガポール,2014000000,2014年,0,
30301000,30301_原油及び粗油,310,10月_数量,50112,112_シンガポール,2012000000,2012年,0,
30301000,30301_原油及び粗油,310,10月_数量,50112,112_シンガポール,2011000000,2011年,0,
30301000,30301_原油及び粗油,310,10月_数量,50113,113_マレーシア,2015000000,2015年,92577,
30301000,30301_原油及び粗油,310,10月_数量,50113,113_マレーシア,2014000000,2014年,39869,
30301000,30301_原油及び粗油,310,10月_数量,50113,113_マレーシア,2013000000,2013年,110084,
30301000,30301_原油及び粗油,310,10月_数量,50113,113_マレーシア,2012000000,2012年,86969,
30301000,30301_原油及び粗油,310,10月_数量,50113,113_マレーシア,2011000000,2011年,158632,
30301000,30301_原油及び粗油,310,10月_数量,50116,116_ブルネイ,2015000000,2015年,0,
30301000,30301_原油及び粗油,310,10月_数量,50116,116_ブルネイ,2014000000,2014年,0,
30301000,30301_原油及び粗油,310,10月_数量,50116,116_ブルネイ,2013000000,2013年,112534,
30301000,30301_原油及び粗油,310,10月_数量,50116,116_ブルネイ,2012000000,2012年,0,
30301000,30301_原油及び粗油,310,10月_数量,50116,116_ブルネイ,2011000000,2011年,94630,
30301000,30301_原油及び粗油,310,10月_数量,50118,118_インドネシア,2015000000,2015年,254591,
30301000,30301_原油及び粗油,310,10月_数量,50118,118_インドネシア,2014000000,2014年,304731,
30301000,30301_原油及び粗油,310,10月_数量,50118,118_インドネシア,2013000000,2013年,436146,
30301000,30301_原油及び粗油,310,10月_数量,50118,118_インドネシア,2012000000,2012年,349773,
30301000,30301_原油及び粗油,310,10月_数量,50118,118_インドネシア,2011000000,2011年,408905,
30301000,30301_原油及び粗油,310,10月_数量,50123,123_インド,2013000000,2013年,0,
30301000,30301_原油及び粗油,310,10月_数量,50123,123_インド,2011000000,2011年,0,
30301000,30301_原油及び粗油,310,10月_数量,50125,125_スリランカ,2015000000,2015年,0,
30301000,30301_原油及び粗油,310,10月_数量,50128,128_東ティモール,2012000000,2012年,87219,
30301000,30301_原油及び粗油,310,10月_数量,50133,133_イラン,2015000000,2015年,815554,
30301000,30301_原油及び粗油,310,10月_数量,50133,133_イラン,2014000000,2014年,641205,
30301000,30301_原油及び粗油,310,10月_数量,50133,133_イラン,2013000000,2013年,712223,
30301000,30301_原油及び粗油,310,10月_数量,50133,133_イラン,2012000000,2012年,469024,
30301000,30301_原油及び粗油,310,10月_数量,50133,133_イラン,2011000000,2011年,1279771,
30301000,30301_原油及び粗油,310,10月_数量,50134,134_イラク,2015000000,2015年,202883,
30301000,30301_原油及び粗油,310,10月_数量,50134,134_イラク,2014000000,2014年,105600,
30301000,30301_原油及び粗油,310,10月_数量,50134,134_イラク,2013000000,2013年,438989,
30301000,30301_原油及び粗油,310,10月_数量,50134,134_イラク,2012000000,2012年,309121,
30301000,30301_原油及び粗油,310,10月_数量,50134,134_イラク,2011000000,2011年,323294,
30301000,30301_原油及び粗油,310,10月_数量,50137,137_サウジアラビア,2015000000,2015年,4867652,
30301000,30301_原油及び粗油,310,10月_数量,50137,137_サウジアラビア,2014000000,2014年,5912259,
30301000,30301_原油及び粗油,310,10月_数量,50137,137_サウジアラビア,2013000000,2013年,5779763,
30301000,30301_原油及び粗油,310,10月_数量,50137,137_サウジアラビア,2012000000,2012年,4121590,
30301000,30301_原油及び粗油,310,10月_数量,50137,137_サウジアラビア,2011000000,2011年,5812877,
30301000,30301_原油及び粗油,310,10月_数量,50138,138_クウェート,2015000000,2015年,683115,
30301000,30301_原油及び粗油,310,10月_数量,50138,138_クウェート,2014000000,2014年,1579202,
30301000,30301_原油及び粗油,310,10月_数量,50138,138_クウェート,2013000000,2013年,1273070,
30301000,30301_原油及び粗油,310,10月_数量,50138,138_クウェート,2012000000,2012年,855211,
30301000,30301_原油及び粗油,310,10月_数量,50138,138_クウェート,2011000000,2011年,1158414,
30301000,30301_原油及び粗油,310,10月_数量,50140,140_カタール,2015000000,2015年,1073593,
30301000,30301_原油及び粗油,310,10月_数量,50140,140_カタール,2014000000,2014年,1302641,
30301000,30301_原油及び粗油,310,10月_数量,50140,140_カタール,2013000000,2013年,1914135,
30301000,30301_原油及び粗油,310,10月_数量,50140,140_カタール,2012000000,2012年,1276244,
30301000,30301_原油及び粗油,310,10月_数量,50140,140_カタール,2011000000,2011年,1550747,
30301000,30301_原油及び粗油,310,10月_数量,50141,141_オマーン,2015000000,2015年,66724,
30301000,30301_原油及び粗油,310,10月_数量,50141,141_オマーン,2014000000,2014年,141865,
30301000,30301_原油及び粗油,310,10月_数量,50141,141_オマーン,2013000000,2013年,343806,
30301000,30301_原油及び粗油,310,10月_数量,50141,141_オマーン,2012000000,2012年,338004,
30301000,30301_原油及び粗油,310,10月_数量,50141,141_オマーン,2011000000,2011年,305866,
30301000,30301_原油及び粗油,310,10月_数量,50147,147_アラブ首長国連邦,2015000000,2015年,4296956,
30301000,30301_原油及び粗油,310,10月_数量,50147,147_アラブ首長国連邦,2014000000,2014年,4044937,
30301000,30301_原油及び粗油,310,10月_数量,50147,147_アラブ首長国連邦,2013000000,2013年,3675696,
30301000,30301_原油及び粗油,310,10月_数量,50147,147_アラブ首長国連邦,2012000000,2012年,3583055,
30301000,30301_原油及び粗油,310,10月_数量,50147,147_アラブ首長国連邦,2011000000,2011年,3681999,
30301000,30301_原油及び粗油,310,10月_数量,50149,149_イエメン,2015000000,2015年,0,
30301000,30301_原油及び粗油,310,10月_数量,50149,149_イエメン,2014000000,2014年,0,
30301000,30301_原油及び粗油,310,10月_数量,50149,149_イエメン,2013000000,2013年,0,
30301000,30301_原油及び粗油,310,10月_数量,50149,149_イエメン,2012000000,2012年,0,
30301000,30301_原油及び粗油,310,10月_数量,50149,149_イエメン,2011000000,2011年,32452,
30301000,30301_原油及び粗油,310,10月_数量,50150,150_アゼルバイジャン,2012000000,2012年,0,
30301000,30301_原油及び粗油,310,10月_数量,50153,153_カザフスタン,2015000000,2015年,181604,
30301000,30301_原油及び粗油,310,10月_数量,50153,153_カザフスタン,2014000000,2014年,0,
30301000,30301_原油及び粗油,310,10月_数量,50153,153_カザフスタン,2013000000,2013年,0,
30301000,30301_原油及び粗油,310,10月_数量,50202,202_ノルウェー,2014000000,2014年,0,
30301000,30301_原油及び粗油,310,10月_数量,50202,202_ノルウェー,2013000000,2013年,0,
30301000,30301_原油及び粗油,310,10月_数量,50205,205_英国,2012000000,2012年,0,
30301000,30301_原油及び粗油,310,10月_数量,50205,205_英国,2011000000,2011年,71215,
30301000,30301_原油及び粗油,310,10月_数量,50213,213_ドイツ,2014000000,2014年,0,
30301000,30301_原油及び粗油,310,10月_数量,50224,224_ロシア,2015000000,2015年,1520806,
30301000,30301_原油及び粗油,310,10月_数量,50224,224_ロシア,2014000000,2014年,1125916,
30301000,30301_原油及び粗油,310,10月_数量,50224,224_ロシア,2013000000,2013年,1754766,
30301000,30301_原油及び粗油,310,10月_数量,50224,224_ロシア,2012000000,2012年,467515,
30301000,30301_原油及び粗油,310,10月_数量,50224,224_ロシア,2011000000,2011年,986634,
30301000,30301_原油及び粗油,310,10月_数量,50304,304_アメリカ合衆国,2015000000,2015年,0,
30301000,30301_原油及び粗油,310,10月_数量,50304,304_アメリカ合衆国,2014000000,2014年,47157,
30301000,30301_原油及び粗油,310,10月_数量,50305,305_メキシコ,2015000000,2015年,193785,
30301000,30301_原油及び粗油,310,10月_数量,50305,305_メキシコ,2014000000,2014年,0,
30301000,30301_原油及び粗油,310,10月_数量,50315,315_バハマ,2015000000,2015年,0,
30301000,30301_原油及び粗油,310,10月_数量,50315,315_バハマ,2013000000,2013年,0,
30301000,30301_原油及び粗油,310,10月_数量,50401,401_コロンビア,2015000000,2015年,317455,
30301000,30301_原油及び粗油,310,10月_数量,50401,401_コロンビア,2014000000,2014年,83444,
30301000,30301_原油及び粗油,310,10月_数量,50401,401_コロンビア,2011000000,2011年,0,
30301000,30301_原油及び粗油,310,10月_数量,50402,402_ベネズエラ,2015000000,2015年,0,
30301000,30301_原油及び粗油,310,10月_数量,50402,402_ベネズエラ,2014000000,2014年,0,
30301000,30301_原油及び粗油,310,10月_数量,50402,402_ベネズエラ,2013000000,2013年,122412,
30301000,30301_原油及び粗油,310,10月_数量,50402,402_ベネズエラ,2012000000,2012年,0,
30301000,30301_原油及び粗油,310,10月_数量,50406,406_エクアドル,2015000000,2015年,92187,
30301000,30301_原油及び粗油,310,10月_数量,50406,406_エクアドル,2014000000,2014年,224251,
30301000,30301_原油及び粗油,310,10月_数量,50406,406_エクアドル,2013000000,2013年,96326,
30301000,30301_原油及び粗油,310,10月_数量,50406,406_エクアドル,2012000000,2012年,112573,
30301000,30301_原油及び粗油,310,10月_数量,50406,406_エクアドル,2011000000,2011年,93674,
30301000,30301_原油及び粗油,310,10月_数量,50410,410_ブラジル,2014000000,2014年,0,
30301000,30301_原油及び粗油,310,10月_数量,50413,413_アルゼンチン,2012000000,2012年,0,
30301000,30301_原油及び粗油,310,10月_数量,50503,503_アルジェリア,2013000000,2013年,0,
30301000,30301_原油及び粗油,310,10月_数量,50503,503_アルジェリア,2011000000,2011年,0,
30301000,30301_原油及び粗油,310,10月_数量,50505,505_リビア,2014000000,2014年,0,
30301000,30301_原油及び粗油,310,10月_数量,50505,505_リビア,2013000000,2013年,0,
30301000,30301_原油及び粗油,310,10月_数量,50505,505_リビア,2012000000,2012年,0,
30301000,30301_原油及び粗油,310,10月_数量,50507,507_スーダン,2015000000,2015年,0,
30301000,30301_原油及び粗油,310,10月_数量,50507,507_スーダン,2014000000,2014年,0,
30301000,30301_原油及び粗油,310,10月_数量,50507,507_スーダン,2013000000,2013年,50774,
30301000,30301_原油及び粗油,310,10月_数量,50507,507_スーダン,2012000000,2012年,54230,
30301000,30301_原油及び粗油,310,10月_数量,50507,507_スーダン,2011000000,2011年,337201,
30301000,30301_原油及び粗油,310,10月_数量,50524,524_ナイジェリア,2014000000,2014年,0,
30301000,30301_原油及び粗油,310,10月_数量,50524,524_ナイジェリア,2013000000,2013年,0,
30301000,30301_原油及び粗油,310,10月_数量,50524,524_ナイジェリア,2012000000,2012年,124513,
30301000,30301_原油及び粗油,310,10月_数量,50524,524_ナイジェリア,2011000000,2011年,0,
30301000,30301_原油及び粗油,310,10月_数量,50527,527_カメルーン,2013000000,2013年,0,
30301000,30301_原油及び粗油,310,10月_数量,50528,528_チャド,2015000000,2015年,0,
30301000,30301_原油及び粗油,310,10月_数量,50528,528_チャド,2014000000,2014年,0,
30301000,30301_原油及び粗油,310,10月_数量,50528,528_チャド,2013000000,2013年,0,
30301000,30301_原油及び粗油,310,10月_数量,50528,528_チャド,2012000000,2012年,0,
30301000,30301_原油及び粗油,310,10月_数量,50530,530_赤道ギニア,2012000000,2012年,0,
30301000,30301_原油及び粗油,310,10月_数量,50531,531_ガボン,2015000000,2015年,102506,
30301000,30301_原油及び粗油,310,10月_数量,50531,531_ガボン,2014000000,2014年,0,
30301000,30301_原油及び粗油,310,10月_数量,50531,531_ガボン,2013000000,2013年,99042,
30301000,30301_原油及び粗油,310,10月_数量,50531,531_ガボン,2012000000,2012年,87944,
30301000,30301_原油及び粗油,310,10月_数量,50531,531_ガボン,2011000000,2011年,99486,
30301000,30301_原油及び粗油,310,10月_数量,50535,535_アンゴラ,2015000000,2015年,0,
30301000,30301_原油及び粗油,310,10月_数量,50535,535_アンゴラ,2014000000,2014年,0,
30301000,30301_原油及び粗油,310,10月_数量,50535,535_アンゴラ,2013000000,2013年,0,
30301000,30301_原油及び粗油,310,10月_数量,50535,535_アンゴラ,2012000000,2012年,63123,
30301000,30301_原油及び粗油,310,10月_数量,50535,535_アンゴラ,2011000000,2011年,0,
30301000,30301_原油及び粗油,310,10月_数量,50560,560_南スーダン,2012000000,2012年,0,
30301000,30301_原油及び粗油,310,10月_数量,50560,560_南スーダン,2011000000,2011年,0,
30301000,30301_原油及び粗油,310,10月_数量,50601,601_オーストラリア,2015000000,2015年,80591,
30301000,30301_原油及び粗油,310,10月_数量,50601,601_オーストラリア,2014000000,2014年,76104,
30301000,30301_原油及び粗油,310,10月_数量,50601,601_オーストラリア,2013000000,2013年,82857,
30301000,30301_原油及び粗油,310,10月_数量,50601,601_オーストラリア,2012000000,2012年,55395,
30301000,30301_原油及び粗油,310,10月_数量,50601,601_オーストラリア,2011000000,2011年,47073,
30301000,30301_原油及び粗油,310,10月_数量,50602,602_パプアニューギニア,2015000000,2015年,102869,
30301000,30301_原油及び粗油,310,10月_数量,50602,602_パプアニューギニア,2013000000,2013年,0,
30301000,30301_原油及び粗油,310,10月_数量,50602,602_パプアニューギニア,2012000000,2012年,0,
30301000,30301_原油及び粗油,310,10月_数量,50602,602_パプアニューギニア,2011000000,2011年,0,
30301000,30301_原油及び粗油,310,10月_数量,50703,703_保税工場・総合保税地域,2014000000,2014年,0,
30301000,30301_原油及び粗油,320,10月_金額,50103,103_大韓民国,2012000000,2012年,0,千円
30301000,30301_原油及び粗油,320,10月_金額,50103,103_大韓民国,2011000000,2011年,0,千円
30301000,30301_原油及び粗油,320,10月_金額,50105,105_中華人民共和国,2015000000,2015年,0,千円
30301000,30301_原油及び粗油,320,10月_金額,50105,105_中華人民共和国,2013000000,2013年,0,千円
30301000,30301_原油及び粗油,320,10月_金額,50105,105_中華人民共和国,2012000000,2012年,0,千円
30301000,30301_原油及び粗油,320,10月_金額,50105,105_中華人民共和国,2011000000,2011年,0,千円
30301000,30301_原油及び粗油,320,10月_金額,50110,110_ベトナム,2015000000,2015年,7707610,千円
30301000,30301_原油及び粗油,320,10月_金額,50110,110_ベトナム,2014000000,2014年,6882235,千円
30301000,30301_原油及び粗油,320,10月_金額,50110,110_ベトナム,2013000000,2013年,16587903,千円
30301000,30301_原油及び粗油,320,10月_金額,50110,110_ベトナム,2012000000,2012年,12573136,千円
30301000,30301_原油及び粗油,320,10月_金額,50110,110_ベトナム,2011000000,2011年,17216632,千円
30301000,30301_原油及び粗油,320,10月_金額,50112,112_シンガポール,2015000000,2015年,0,千円
30301000,30301_原油及び粗油,320,10月_金額,50112,112_シンガポール,2014000000,2014年,0,千円
30301000,30301_原油及び粗油,320,10月_金額,50112,112_シンガポール,2012000000,2012年,0,千円
30301000,30301_原油及び粗油,320,10月_金額,50112,112_シンガポール,2011000000,2011年,0,千円
30301000,30301_原油及び粗油,320,10月_金額,50113,113_マレーシア,2015000000,2015年,3617420,千円
30301000,30301_原油及び粗油,320,10月_金額,50113,113_マレーシア,2014000000,2014年,2799928,千円
30301000,30301_原油及び粗油,320,10月_金額,50113,113_マレーシア,2013000000,2013年,8061834,千円
30301000,30301_原油及び粗油,320,10月_金額,50113,113_マレーシア,2012000000,2012年,4808588,千円
30301000,30301_原油及び粗油,320,10月_金額,50113,113_マレーシア,2011000000,2011年,9312836,千円
30301000,30301_原油及び粗油,320,10月_金額,50116,116_ブルネイ,2015000000,2015年,0,千円
30301000,30301_原油及び粗油,320,10月_金額,50116,116_ブルネイ,2014000000,2014年,0,千円
30301000,30301_原油及び粗油,320,10月_金額,50116,116_ブルネイ,2013000000,2013年,8220825,千円
30301000,30301_原油及び粗油,320,10月_金額,50116,116_ブルネイ,2012000000,2012年,0,千円
30301000,30301_原油及び粗油,320,10月_金額,50116,116_ブルネイ,2011000000,2011年,5318737,千円
30301000,30301_原油及び粗油,320,10月_金額,50118,118_インドネシア,2015000000,2015年,9102046,千円
30301000,30301_原油及び粗油,320,10月_金額,50118,118_インドネシア,2014000000,2014年,21970854,千円
30301000,30301_原油及び粗油,320,10月_金額,50118,118_インドネシア,2013000000,2013年,31104148,千円
30301000,30301_原油及び粗油,320,10月_金額,50118,118_インドネシア,2012000000,2012年,20565568,千円
30301000,30301_原油及び粗油,320,10月_金額,50118,118_インドネシア,2011000000,2011年,23052812,千円
30301000,30301_原油及び粗油,320,10月_金額,50123,123_インド,2013000000,2013年,0,千円
30301000,30301_原油及び粗油,320,10月_金額,50123,123_インド,2011000000,2011年,0,千円
30301000,30301_原油及び粗油,320,10月_金額,50125,125_スリランカ,2015000000,2015年,0,千円
30301000,30301_原油及び粗油,320,10月_金額,50128,128_東ティモール,2012000000,2012年,4782840,千円
30301000,30301_原油及び粗油,320,10月_金額,50133,133_イラン,2015000000,2015年,27810787,千円
30301000,30301_原油及び粗油,320,10月_金額,50133,133_イラン,2014000000,2014年,41456621,千円
30301000,30301_原油及び粗油,320,10月_金額,50133,133_イラン,2013000000,2013年,48464001,千円
30301000,30301_原油及び粗油,320,10月_金額,50133,133_イラン,2012000000,2012年,26162633,千円
30301000,30301_原油及び粗油,320,10月_金額,50133,133_イラン,2011000000,2011年,67210337,千円
30301000,30301_原油及び粗油,320,10月_金額,50134,134_イラク,2015000000,2015年,6446468,千円
30301000,30301_原油及び粗油,320,10月_金額,50134,134_イラク,2014000000,2014年,6705533,千円
30301000,30301_原油及び粗油,320,10月_金額,50134,134_イラク,2013000000,2013年,29612811,千円
30301000,30301_原油及び粗油,320,10月_金額,50134,134_イラク,2012000000,2012年,16913235,千円
30301000,30301_原油及び粗油,320,10月_金額,50134,134_イラク,2011000000,2011年,16718392,千円
30301000,30301_原油及び粗油,320,10月_金額,50137,137_サウジアラビア,2015000000,2015年,175495532,千円
30301000,30301_原油及び粗油,320,10月_金額,50137,137_サウジアラビア,2014000000,2014年,407561049,千円
30301000,30301_原油及び粗油,320,10月_金額,50137,137_サウジアラビア,2013000000,2013年,403365542,千円
30301000,30301_原油及び粗油,320,10月_金額,50137,137_サウジアラビア,2012000000,2012年,233840844,千円
30301000,30301_原油及び粗油,320,10月_金額,50137,137_サウジアラビア,2011000000,2011年,308864876,千円
30301000,30301_原油及び粗油,320,10月_金額,50138,138_クウェート,2015000000,2015年,23507929,千円
30301000,30301_原油及び粗油,320,10月_金額,50138,138_クウェート,2014000000,2014年,108142986,千円
30301000,30301_原油及び粗油,320,10月_金額,50138,138_クウェート,2013000000,2013年,87760430,千円
30301000,30301_原油及び粗油,320,10月_金額,50138,138_クウェート,2012000000,2012年,47882355,千円
30301000,30301_原油及び粗油,320,10月_金額,50138,138_クウェート,2011000000,2011年,60251279,千円
30301000,30301_原油及び粗油,320,10月_金額,50140,140_カタール,2015000000,2015年,38634547,千円
30301000,30301_原油及び粗油,320,10月_金額,50140,140_カタール,2014000000,2014年,90601106,千円
30301000,30301_原油及び粗油,320,10月_金額,50140,140_カタール,2013000000,2013年,132862637,千円
30301000,30301_原油及び粗油,320,10月_金額,50140,140_カタール,2012000000,2012年,71895013,千円
30301000,30301_原油及び粗油,320,10月_金額,50140,140_カタール,2011000000,2011年,82148477,千円
30301000,30301_原油及び粗油,320,10月_金額,50141,141_オマーン,2015000000,2015年,2896767,千円
30301000,30301_原油及び粗油,320,10月_金額,50141,141_オマーン,2014000000,2014年,10321420,千円
30301000,30301_原油及び粗油,320,10月_金額,50141,141_オマーン,2013000000,2013年,23396823,千円
30301000,30301_原油及び粗油,320,10月_金額,50141,141_オマーン,2012000000,2012年,18774798,千円
30301000,30301_原油及び粗油,320,10月_金額,50141,141_オマーン,2011000000,2011年,16208063,千円
30301000,30301_原油及び粗油,320,10月_金額,50147,147_アラブ首長国連邦,2015000000,2015年,158713152,千円
30301000,30301_原油及び粗油,320,10月_金額,50147,147_アラブ首長国連邦,2014000000,2014年,275662186,千円
30301000,30301_原油及び粗油,320,10月_金額,50147,147_アラブ首長国連邦,2013000000,2013年,262992037,千円
30301000,30301_原油及び粗油,320,10月_金額,50147,147_アラブ首長国連邦,2012000000,2012年,205502121,千円
30301000,30301_原油及び粗油,320,10月_金額,50147,147_アラブ首長国連邦,2011000000,2011年,198389357,千円
30301000,30301_原油及び粗油,320,10月_金額,50149,149_イエメン,2015000000,2015年,0,千円
30301000,30301_原油及び粗油,320,10月_金額,50149,149_イエメン,2014000000,2014年,0,千円
30301000,30301_原油及び粗油,320,10月_金額,50149,149_イエメン,2013000000,2013年,0,千円
30301000,30301_原油及び粗油,320,10月_金額,50149,149_イエメン,2012000000,2012年,0,千円
30301000,30301_原油及び粗油,320,10月_金額,50149,149_イエメン,2011000000,2011年,1827462,千円
30301000,30301_原油及び粗油,320,10月_金額,50150,150_アゼルバイジャン,2012000000,2012年,0,千円
30301000,30301_原油及び粗油,320,10月_金額,50153,153_カザフスタン,2015000000,2015年,7106166,千円
30301000,30301_原油及び粗油,320,10月_金額,50153,153_カザフスタン,2014000000,2014年,0,千円
30301000,30301_原油及び粗油,320,10月_金額,50153,153_カザフスタン,2013000000,2013年,0,千円
30301000,30301_原油及び粗油,320,10月_金額,50202,202_ノルウェー,2014000000,2014年,0,千円
30301000,30301_原油及び粗油,320,10月_金額,50202,202_ノルウェー,2013000000,2013年,0,千円
30301000,30301_原油及び粗油,320,10月_金額,50205,205_英国,2012000000,2012年,0,千円
30301000,30301_原油及び粗油,320,10月_金額,50205,205_英国,2011000000,2011年,3886420,千円
30301000,30301_原油及び粗油,320,10月_金額,50213,213_ドイツ,2014000000,2014年,0,千円
30301000,30301_原油及び粗油,320,10月_金額,50224,224_ロシア,2015000000,2015年,56062687,千円
30301000,30301_原油及び粗油,320,10月_金額,50224,224_ロシア,2014000000,2014年,77871343,千円
30301000,30301_原油及び粗油,320,10月_金額,50224,224_ロシア,2013000000,2013年,124626051,千円
30301000,30301_原油及び粗油,320,10月_金額,50224,224_ロシア,2012000000,2012年,26592039,千円
30301000,30301_原油及び粗油,320,10月_金額,50224,224_ロシア,2011000000,2011年,53359087,千円
30301000,30301_原油及び粗油,320,10月_金額,50304,304_アメリカ合衆国,2015000000,2015年,0,千円
30301000,30301_原油及び粗油,320,10月_金額,50304,304_アメリカ合衆国,2014000000,2014年,3413830,千円
30301000,30301_原油及び粗油,320,10月_金額,50305,305_メキシコ,2015000000,2015年,7020697,千円
30301000,30301_原油及び粗油,320,10月_金額,50305,305_メキシコ,2014000000,2014年,0,千円
30301000,30301_原油及び粗油,320,10月_金額,50315,315_バハマ,2015000000,2015年,0,千円
30301000,30301_原油及び粗油,320,10月_金額,50315,315_バハマ,2013000000,2013年,0,千円
30301000,30301_原油及び粗油,320,10月_金額,50401,401_コロンビア,2015000000,2015年,10231109,千円
30301000,30301_原油及び粗油,320,10月_金額,50401,401_コロンビア,2014000000,2014年,5917215,千円
30301000,30301_原油及び粗油,320,10月_金額,50401,401_コロンビア,2011000000,2011年,0,千円
30301000,30301_原油及び粗油,320,10月_金額,50402,402_ベネズエラ,2015000000,2015年,0,千円
30301000,30301_原油及び粗油,320,10月_金額,50402,402_ベネズエラ,2014000000,2014年,0,千円
30301000,30301_原油及び粗油,320,10月_金額,50402,402_ベネズエラ,2013000000,2013年,8628786,千円
30301000,30301_原油及び粗油,320,10月_金額,50402,402_ベネズエラ,2012000000,2012年,0,千円
30301000,30301_原油及び粗油,320,10月_金額,50406,406_エクアドル,2015000000,2015年,2825079,千円
30301000,30301_原油及び粗油,320,10月_金額,50406,406_エクアドル,2014000000,2014年,13563556,千円
30301000,30301_原油及び粗油,320,10月_金額,50406,406_エクアドル,2013000000,2013年,6374139,千円
30301000,30301_原油及び粗油,320,10月_金額,50406,406_エクアドル,2012000000,2012年,6081133,千円
30301000,30301_原油及び粗油,320,10月_金額,50406,406_エクアドル,2011000000,2011年,4597268,千円
30301000,30301_原油及び粗油,320,10月_金額,50410,410_ブラジル,2014000000,2014年,0,千円
30301000,30301_原油及び粗油,320,10月_金額,50413,413_アルゼンチン,2012000000,2012年,0,千円
30301000,30301_原油及び粗油,320,10月_金額,50503,503_アルジェリア,2013000000,2013年,0,千円
30301000,30301_原油及び粗油,320,10月_金額,50503,503_アルジェリア,2011000000,2011年,0,千円
30301000,30301_原油及び粗油,320,10月_金額,50505,505_リビア,2014000000,2014年,0,千円
30301000,30301_原油及び粗油,320,10月_金額,50505,505_リビア,2013000000,2013年,0,千円
30301000,30301_原油及び粗油,320,10月_金額,50505,505_リビア,2012000000,2012年,0,千円
30301000,30301_原油及び粗油,320,10月_金額,50507,507_スーダン,2015000000,2015年,0,千円
30301000,30301_原油及び粗油,320,10月_金額,50507,507_スーダン,2014000000,2014年,0,千円
30301000,30301_原油及び粗油,320,10月_金額,50507,507_スーダン,2013000000,2013年,3599112,千円
30301000,30301_原油及び粗油,320,10月_金額,50507,507_スーダン,2012000000,2012年,3621841,千円
30301000,30301_原油及び粗油,320,10月_金額,50507,507_スーダン,2011000000,2011年,18974646,千円
30301000,30301_原油及び粗油,320,10月_金額,50524,524_ナイジェリア,2014000000,2014年,0,千円
30301000,30301_原油及び粗油,320,10月_金額,50524,524_ナイジェリア,2013000000,2013年,0,千円
30301000,30301_原油及び粗油,320,10月_金額,50524,524_ナイジェリア,2012000000,2012年,7229465,千円
30301000,30301_原油及び粗油,320,10月_金額,50524,524_ナイジェリア,2011000000,2011年,0,千円
30301000,30301_原油及び粗油,320,10月_金額,50527,527_カメルーン,2013000000,2013年,0,千円
30301000,30301_原油及び粗油,320,10月_金額,50528,528_チャド,2015000000,2015年,0,千円
30301000,30301_原油及び粗油,320,10月_金額,50528,528_チャド,2014000000,2014年,0,千円
30301000,30301_原油及び粗油,320,10月_金額,50528,528_チャド,2013000000,2013年,0,千円
30301000,30301_原油及び粗油,320,10月_金額,50528,528_チャド,2012000000,2012年,0,千円
30301000,30301_原油及び粗油,320,10月_金額,50530,530_赤道ギニア,2012000000,2012年,0,千円
30301000,30301_原油及び粗油,320,10月_金額,50531,531_ガボン,2015000000,2015年,3902754,千円
30301000,30301_原油及び粗油,320,10月_金額,50531,531_ガボン,2014000000,2014年,0,千円
30301000,30301_原油及び粗油,320,10月_金額,50531,531_ガボン,2013000000,2013年,7109361,千円
30301000,30301_原油及び粗油,320,10月_金額,50531,531_ガボン,2012000000,2012年,5741380,千円
30301000,30301_原油及び粗油,320,10月_金額,50531,531_ガボン,2011000000,2011年,5865394,千円
30301000,30301_原油及び粗油,320,10月_金額,50535,535_アンゴラ,2015000000,2015年,0,千円
30301000,30301_原油及び粗油,320,10月_金額,50535,535_アンゴラ,2014000000,2014年,0,千円
30301000,30301_原油及び粗油,320,10月_金額,50535,535_アンゴラ,2013000000,2013年,0,千円
30301000,30301_原油及び粗油,320,10月_金額,50535,535_アンゴラ,2012000000,2012年,3735807,千円
30301000,30301_原油及び粗油,320,10月_金額,50535,535_アンゴラ,2011000000,2011年,0,千円
30301000,30301_原油及び粗油,320,10月_金額,50560,560_南スーダン,2012000000,2012年,0,千円
30301000,30301_原油及び粗油,320,10月_金額,50560,560_南スーダン,2011000000,2011年,0,千円
30301000,30301_原油及び粗油,320,10月_金額,50601,601_オーストラリア,2015000000,2015年,3022199,千円
30301000,30301_原油及び粗油,320,10月_金額,50601,601_オーストラリア,2014000000,2014年,5647460,千円
30301000,30301_原油及び粗油,320,10月_金額,50601,601_オーストラリア,2013000000,2013年,6446108,千円
30301000,30301_原油及び粗油,320,10月_金額,50601,601_オーストラリア,2012000000,2012年,3412434,千円
30301000,30301_原油及び粗油,320,10月_金額,50601,601_オーストラリア,2011000000,2011年,2794065,千円
30301000,30301_原油及び粗油,320,10月_金額,50602,602_パプアニューギニア,2015000000,2015年,3790400,千円
30301000,30301_原油及び粗油,320,10月_金額,50602,602_パプアニューギニア,2013000000,2013年,0,千円
30301000,30301_原油及び粗油,320,10月_金額,50602,602_パプアニューギニア,2012000000,2012年,0,千円
30301000,30301_原油及び粗油,320,10月_金額,50602,602_パプアニューギニア,2011000000,2011年,0,千円
30301000,30301_原油及び粗油,320,10月_金額,50703,703_保税工場・総合保税地域,2014000000,2014年,0,千円
30301000,30301_原油及び粗油,330,11月_数量,50103,103_大韓民国,2012000000,2012年,0,
30301000,30301_原油及び粗油,330,11月_数量,50103,103_大韓民国,2011000000,2011年,0,
30301000,30301_原油及び粗油,330,11月_数量,50105,105_中華人民共和国,2015000000,2015年,0,
30301000,30301_原油及び粗油,330,11月_数量,50105,105_中華人民共和国,2013000000,2013年,0,
30301000,30301_原油及び粗油,330,11月_数量,50105,105_中華人民共和国,2012000000,2012年,0,
30301000,30301_原油及び粗油,330,11月_数量,50105,105_中華人民共和国,2011000000,2011年,0,
30301000,30301_原油及び粗油,330,11月_数量,50110,110_ベトナム,2015000000,2015年,0,
30301000,30301_原油及び粗油,330,11月_数量,50110,110_ベトナム,2014000000,2014年,105252,
30301000,30301_原油及び粗油,330,11月_数量,50110,110_ベトナム,2013000000,2013年,88128,
30301000,30301_原油及び粗油,330,11月_数量,50110,110_ベトナム,2012000000,2012年,352487,
30301000,30301_原油及び粗油,330,11月_数量,50110,110_ベトナム,2011000000,2011年,311450,
30301000,30301_原油及び粗油,330,11月_数量,50112,112_シンガポール,2015000000,2015年,0,
30301000,30301_原油及び粗油,330,11月_数量,50112,112_シンガポール,2014000000,2014年,0,
30301000,30301_原油及び粗油,330,11月_数量,50112,112_シンガポール,2012000000,2012年,34940,
30301000,30301_原油及び粗油,330,11月_数量,50112,112_シンガポール,2011000000,2011年,0,
30301000,30301_原油及び粗油,330,11月_数量,50113,113_マレーシア,2015000000,2015年,72772,
30301000,30301_原油及び粗油,330,11月_数量,50113,113_マレーシア,2014000000,2014年,32160,
30301000,30301_原油及び粗油,330,11月_数量,50113,113_マレーシア,2013000000,2013年,39669,
30301000,30301_原油及び粗油,330,11月_数量,50113,113_マレーシア,2012000000,2012年,87808,
30301000,30301_原油及び粗油,330,11月_数量,50113,113_マレーシア,2011000000,2011年,31799,
30301000,30301_原油及び粗油,330,11月_数量,50116,116_ブルネイ,2015000000,2015年,63352,
30301000,30301_原油及び粗油,330,11月_数量,50116,116_ブルネイ,2014000000,2014年,0,
30301000,30301_原油及び粗油,330,11月_数量,50116,116_ブルネイ,2013000000,2013年,16938,
30301000,30301_原油及び粗油,330,11月_数量,50116,116_ブルネイ,2012000000,2012年,86608,
30301000,30301_原油及び粗油,330,11月_数量,50116,116_ブルネイ,2011000000,2011年,39299,
30301000,30301_原油及び粗油,330,11月_数量,50118,118_インドネシア,2015000000,2015年,341296,
30301000,30301_原油及び粗油,330,11月_数量,50118,118_インドネシア,2014000000,2014年,420291,
30301000,30301_原油及び粗油,330,11月_数量,50118,118_インドネシア,2013000000,2013年,583135,
30301000,30301_原油及び粗油,330,11月_数量,50118,118_インドネシア,2012000000,2012年,659484,
30301000,30301_原油及び粗油,330,11月_数量,50118,118_インドネシア,2011000000,2011年,427089,
30301000,30301_原油及び粗油,330,11月_数量,50123,123_インド,2013000000,2013年,0,
30301000,30301_原油及び粗油,330,11月_数量,50123,123_インド,2011000000,2011年,0,
30301000,30301_原油及び粗油,330,11月_数量,50125,125_スリランカ,2015000000,2015年,0,
30301000,30301_原油及び粗油,330,11月_数量,50128,128_東ティモール,2012000000,2012年,0,
30301000,30301_原油及び粗油,330,11月_数量,50133,133_イラン,2015000000,2015年,776071,
30301000,30301_原油及び粗油,330,11月_数量,50133,133_イラン,2014000000,2014年,941402,
30301000,30301_原油及び粗油,330,11月_数量,50133,133_イラン,2013000000,2013年,547278,
30301000,30301_原油及び粗油,330,11月_数量,50133,133_イラン,2012000000,2012年,1246176,
30301000,30301_原油及び粗油,330,11月_数量,50133,133_イラン,2011000000,2011年,1533956,
30301000,30301_原油及び粗油,330,11月_数量,50134,134_イラク,2015000000,2015年,527593,
30301000,30301_原油及び粗油,330,11月_数量,50134,134_イラク,2014000000,2014年,231643,
30301000,30301_原油及び粗油,330,11月_数量,50134,134_イラク,2013000000,2013年,360918,
30301000,30301_原油及び粗油,330,11月_数量,50134,134_イラク,2012000000,2012年,153532,
30301000,30301_原油及び粗油,330,11月_数量,50134,134_イラク,2011000000,2011年,627260,
30301000,30301_原油及び粗油,330,11月_数量,50137,137_サウジアラビア,2015000000,2015年,6082684,
30301000,30301_原油及び粗油,330,11月_数量,50137,137_サウジアラビア,2014000000,2014年,5540981,
30301000,30301_原油及び粗油,330,11月_数量,50137,137_サウジアラビア,2013000000,2013年,6108664,
30301000,30301_原油及び粗油,330,11月_数量,50137,137_サウジアラビア,2012000000,2012年,5420480,
30301000,30301_原油及び粗油,330,11月_数量,50137,137_サウジアラビア,2011000000,2011年,6051549,
30301000,30301_原油及び粗油,330,11月_数量,50138,138_クウェート,2015000000,2015年,1266713,
30301000,30301_原油及び粗油,330,11月_数量,50138,138_クウェート,2014000000,2014年,713926,
30301000,30301_原油及び粗油,330,11月_数量,50138,138_クウェート,2013000000,2013年,1157162,
30301000,30301_原油及び粗油,330,11月_数量,50138,138_クウェート,2012000000,2012年,1130478,
30301000,30301_原油及び粗油,330,11月_数量,50138,138_クウェート,2011000000,2011年,1174842,
30301000,30301_原油及び粗油,330,11月_数量,50140,140_カタール,2015000000,2015年,959568,
30301000,30301_原油及び粗油,330,11月_数量,50140,140_カタール,2014000000,2014年,1274413,
30301000,30301_原油及び粗油,330,11月_数量,50140,140_カタール,2013000000,2013年,1895692,
30301000,30301_原油及び粗油,330,11月_数量,50140,140_カタール,2012000000,2012年,1265821,
30301000,30301_原油及び粗油,330,11月_数量,50140,140_カタール,2011000000,2011年,1858236,
30301000,30301_原油及び粗油,330,11月_数量,50141,141_オマーン,2015000000,2015年,67040,
30301000,30301_原油及び粗油,330,11月_数量,50141,141_オマーン,2014000000,2014年,68502,
30301000,30301_原油及び粗油,330,11月_数量,50141,141_オマーン,2013000000,2013年,442677,
30301000,30301_原油及び粗油,330,11月_数量,50141,141_オマーン,2012000000,2012年,256006,
30301000,30301_原油及び粗油,330,11月_数量,50141,141_オマーン,2011000000,2011年,303802,
30301000,30301_原油及び粗油,330,11月_数量,50147,147_アラブ首長国連邦,2015000000,2015年,2978173,
30301000,30301_原油及び粗油,330,11月_数量,50147,147_アラブ首長国連邦,2014000000,2014年,3728024,
30301000,30301_原油及び粗油,330,11月_数量,50147,147_アラブ首長国連邦,2013000000,2013年,4943408,
30301000,30301_原油及び粗油,330,11月_数量,50147,147_アラブ首長国連邦,2012000000,2012年,3663419,
30301000,30301_原油及び粗油,330,11月_数量,50147,147_アラブ首長国連邦,2011000000,2011年,3624994,
30301000,30301_原油及び粗油,330,11月_数量,50149,149_イエメン,2015000000,2015年,0,
30301000,30301_原油及び粗油,330,11月_数量,50149,149_イエメン,2014000000,2014年,0,
30301000,30301_原油及び粗油,330,11月_数量,50149,149_イエメン,2013000000,2013年,0,
30301000,30301_原油及び粗油,330,11月_数量,50149,149_イエメン,2012000000,2012年,0,
30301000,30301_原油及び粗油,330,11月_数量,50149,149_イエメン,2011000000,2011年,64092,
30301000,30301_原油及び粗油,330,11月_数量,50150,150_アゼルバイジャン,2012000000,2012年,0,
30301000,30301_原油及び粗油,330,11月_数量,50153,153_カザフスタン,2015000000,2015年,127846,
30301000,30301_原油及び粗油,330,11月_数量,50153,153_カザフスタン,2014000000,2014年,0,
30301000,30301_原油及び粗油,330,11月_数量,50153,153_カザフスタン,2013000000,2013年,0,
30301000,30301_原油及び粗油,330,11月_数量,50202,202_ノルウェー,2014000000,2014年,0,
30301000,30301_原油及び粗油,330,11月_数量,50202,202_ノルウェー,2013000000,2013年,0,
30301000,30301_原油及び粗油,330,11月_数量,50205,205_英国,2012000000,2012年,0,
30301000,30301_原油及び粗油,330,11月_数量,50205,205_英国,2011000000,2011年,23920,
30301000,30301_原油及び粗油,330,11月_数量,50213,213_ドイツ,2014000000,2014年,0,
30301000,30301_原油及び粗油,330,11月_数量,50224,224_ロシア,2015000000,2015年,1782011,
30301000,30301_原油及び粗油,330,11月_数量,50224,224_ロシア,2014000000,2014年,1503093,
30301000,30301_原油及び粗油,330,11月_数量,50224,224_ロシア,2013000000,2013年,1039848,
30301000,30301_原油及び粗油,330,11月_数量,50224,224_ロシア,2012000000,2012年,1259710,
30301000,30301_原油及び粗油,330,11月_数量,50224,224_ロシア,2011000000,2011年,431225,
30301000,30301_原油及び粗油,330,11月_数量,50304,304_アメリカ合衆国,2015000000,2015年,0,
30301000,30301_原油及び粗油,330,11月_数量,50304,304_アメリカ合衆国,2014000000,2014年,0,
30301000,30301_原油及び粗油,330,11月_数量,50305,305_メキシコ,2015000000,2015年,289993,
30301000,30301_原油及び粗油,330,11月_数量,50305,305_メキシコ,2014000000,2014年,0,
30301000,30301_原油及び粗油,330,11月_数量,50315,315_バハマ,2015000000,2015年,150498,
30301000,30301_原油及び粗油,330,11月_数量,50315,315_バハマ,2013000000,2013年,0,
30301000,30301_原油及び粗油,330,11月_数量,50401,401_コロンビア,2015000000,2015年,0,
30301000,30301_原油及び粗油,330,11月_数量,50401,401_コロンビア,2014000000,2014年,161844,
30301000,30301_原油及び粗油,330,11月_数量,50401,401_コロンビア,2011000000,2011年,28761,
30301000,30301_原油及び粗油,330,11月_数量,50402,402_ベネズエラ,2015000000,2015年,0,
30301000,30301_原油及び粗油,330,11月_数量,50402,402_ベネズエラ,2014000000,2014年,82282,
30301000,30301_原油及び粗油,330,11月_数量,50402,402_ベネズエラ,2013000000,2013年,40213,
30301000,30301_原油及び粗油,330,11月_数量,50402,402_ベネズエラ,2012000000,2012年,0,
30301000,30301_原油及び粗油,330,11月_数量,50406,406_エクアドル,2015000000,2015年,94766,
30301000,30301_原油及び粗油,330,11月_数量,50406,406_エクアドル,2014000000,2014年,110572,
30301000,30301_原油及び粗油,330,11月_数量,50406,406_エクアドル,2013000000,2013年,120058,
30301000,30301_原油及び粗油,330,11月_数量,50406,406_エクアドル,2012000000,2012年,113501,
30301000,30301_原油及び粗油,330,11月_数量,50406,406_エクアドル,2011000000,2011年,0,
30301000,30301_原油及び粗油,330,11月_数量,50410,410_ブラジル,2014000000,2014年,0,
30301000,30301_原油及び粗油,330,11月_数量,50413,413_アルゼンチン,2012000000,2012年,23675,
30301000,30301_原油及び粗油,330,11月_数量,50503,503_アルジェリア,2013000000,2013年,0,
30301000,30301_原油及び粗油,330,11月_数量,50503,503_アルジェリア,2011000000,2011年,0,
30301000,30301_原油及び粗油,330,11月_数量,50505,505_リビア,2014000000,2014年,0,
30301000,30301_原油及び粗油,330,11月_数量,50505,505_リビア,2013000000,2013年,104425,
30301000,30301_原油及び粗油,330,11月_数量,50505,505_リビア,2012000000,2012年,0,
30301000,30301_原油及び粗油,330,11月_数量,50507,507_スーダン,2015000000,2015年,49999,
30301000,30301_原油及び粗油,330,11月_数量,50507,507_スーダン,2014000000,2014年,0,
30301000,30301_原油及び粗油,330,11月_数量,50507,507_スーダン,2013000000,2013年,26707,
30301000,30301_原油及び粗油,330,11月_数量,50507,507_スーダン,2012000000,2012年,0,
30301000,30301_原油及び粗油,330,11月_数量,50507,507_スーダン,2011000000,2011年,140097,
30301000,30301_原油及び粗油,330,11月_数量,50524,524_ナイジェリア,2014000000,2014年,0,
30301000,30301_原油及び粗油,330,11月_数量,50524,524_ナイジェリア,2013000000,2013年,0,
30301000,30301_原油及び粗油,330,11月_数量,50524,524_ナイジェリア,2012000000,2012年,179891,
30301000,30301_原油及び粗油,330,11月_数量,50524,524_ナイジェリア,2011000000,2011年,6476,
30301000,30301_原油及び粗油,330,11月_数量,50527,527_カメルーン,2013000000,2013年,0,
30301000,30301_原油及び粗油,330,11月_数量,50528,528_チャド,2015000000,2015年,0,
30301000,30301_原油及び粗油,330,11月_数量,50528,528_チャド,2014000000,2014年,0,
30301000,30301_原油及び粗油,330,11月_数量,50528,528_チャド,2013000000,2013年,43653,
30301000,30301_原油及び粗油,330,11月_数量,50528,528_チャド,2012000000,2012年,49229,
30301000,30301_原油及び粗油,330,11月_数量,50530,530_赤道ギニア,2012000000,2012年,0,
30301000,30301_原油及び粗油,330,11月_数量,50531,531_ガボン,2015000000,2015年,0,
30301000,30301_原油及び粗油,330,11月_数量,50531,531_ガボン,2014000000,2014年,103538,
30301000,30301_原油及び粗油,330,11月_数量,50531,531_ガボン,2013000000,2013年,185635,
30301000,30301_原油及び粗油,330,11月_数量,50531,531_ガボン,2012000000,2012年,40047,
30301000,30301_原油及び粗油,330,11月_数量,50531,531_ガボン,2011000000,2011年,89610,
30301000,30301_原油及び粗油,330,11月_数量,50535,535_アンゴラ,2015000000,2015年,99310,
30301000,30301_原油及び粗油,330,11月_数量,50535,535_アンゴラ,2014000000,2014年,150384,
30301000,30301_原油及び粗油,330,11月_数量,50535,535_アンゴラ,2013000000,2013年,0,
30301000,30301_原油及び粗油,330,11月_数量,50535,535_アンゴラ,2012000000,2012年,0,
30301000,30301_原油及び粗油,330,11月_数量,50535,535_アンゴラ,2011000000,2011年,0,
30301000,30301_原油及び粗油,330,11月_数量,50560,560_南スーダン,2012000000,2012年,0,
30301000,30301_原油及び粗油,330,11月_数量,50560,560_南スーダン,2011000000,2011年,224114,
30301000,30301_原油及び粗油,330,11月_数量,50601,601_オーストラリア,2015000000,2015年,205654,
30301000,30301_原油及び粗油,330,11月_数量,50601,601_オーストラリア,2014000000,2014年,181883,
30301000,30301_原油及び粗油,330,11月_数量,50601,601_オーストラリア,2013000000,2013年,81256,
30301000,30301_原油及び粗油,330,11月_数量,50601,601_オーストラリア,2012000000,2012年,72557,
30301000,30301_原油及び粗油,330,11月_数量,50601,601_オーストラリア,2011000000,2011年,165505,
30301000,30301_原油及び粗油,330,11月_数量,50602,602_パプアニューギニア,2015000000,2015年,0,
30301000,30301_原油及び粗油,330,11月_数量,50602,602_パプアニューギニア,2013000000,2013年,0,
30301000,30301_原油及び粗油,330,11月_数量,50602,602_パプアニューギニア,2012000000,2012年,0,
30301000,30301_原油及び粗油,330,11月_数量,50602,602_パプアニューギニア,2011000000,2011年,0,
30301000,30301_原油及び粗油,330,11月_数量,50703,703_保税工場・総合保税地域,2014000000,2014年,0,
30301000,30301_原油及び粗油,340,11月_金額,50103,103_大韓民国,2012000000,2012年,0,千円
30301000,30301_原油及び粗油,340,11月_金額,50103,103_大韓民国,2011000000,2011年,0,千円
30301000,30301_原油及び粗油,340,11月_金額,50105,105_中華人民共和国,2015000000,2015年,0,千円
30301000,30301_原油及び粗油,340,11月_金額,50105,105_中華人民共和国,2013000000,2013年,0,千円
30301000,30301_原油及び粗油,340,11月_金額,50105,105_中華人民共和国,2012000000,2012年,0,千円
30301000,30301_原油及び粗油,340,11月_金額,50105,105_中華人民共和国,2011000000,2011年,0,千円
30301000,30301_原油及び粗油,340,11月_金額,50110,110_ベトナム,2015000000,2015年,0,千円
30301000,30301_原油及び粗油,340,11月_金額,50110,110_ベトナム,2014000000,2014年,7008694,千円
30301000,30301_原油及び粗油,340,11月_金額,50110,110_ベトナム,2013000000,2013年,6446936,千円
30301000,30301_原油及び粗油,340,11月_金額,50110,110_ベトナム,2012000000,2012年,21255221,千円
30301000,30301_原油及び粗油,340,11月_金額,50110,110_ベトナム,2011000000,2011年,18137111,千円
30301000,30301_原油及び粗油,340,11月_金額,50112,112_シンガポール,2015000000,2015年,0,千円
30301000,30301_原油及び粗油,340,11月_金額,50112,112_シンガポール,2014000000,2014年,0,千円
30301000,30301_原油及び粗油,340,11月_金額,50112,112_シンガポール,2012000000,2012年,1860219,千円
30301000,30301_原油及び粗油,340,11月_金額,50112,112_シンガポール,2011000000,2011年,0,千円
30301000,30301_原油及び粗油,340,11月_金額,50113,113_マレーシア,2015000000,2015年,2883121,千円
30301000,30301_原油及び粗油,340,11月_金額,50113,113_マレーシア,2014000000,2014年,2089046,千円
30301000,30301_原油及び粗油,340,11月_金額,50113,113_マレーシア,2013000000,2013年,2982088,千円
30301000,30301_原油及び粗油,340,11月_金額,50113,113_マレーシア,2012000000,2012年,5178041,千円
30301000,30301_原油及び粗油,340,11月_金額,50113,113_マレーシア,2011000000,2011年,1874179,千円
30301000,30301_原油及び粗油,340,11月_金額,50116,116_ブルネイ,2015000000,2015年,2401672,千円
30301000,30301_原油及び粗油,340,11月_金額,50116,116_ブルネイ,2014000000,2014年,0,千円
30301000,30301_原油及び粗油,340,11月_金額,50116,116_ブルネイ,2013000000,2013年,1245553,千円
30301000,30301_原油及び粗油,340,11月_金額,50116,116_ブルネイ,2012000000,2012年,5138041,千円
30301000,30301_原油及び粗油,340,11月_金額,50116,116_ブルネイ,2011000000,2011年,2337690,千円
30301000,30301_原油及び粗油,340,11月_金額,50118,118_インドネシア,2015000000,2015年,12620473,千円
30301000,30301_原油及び粗油,340,11月_金額,50118,118_インドネシア,2014000000,2014年,29067528,千円
30301000,30301_原油及び粗油,340,11月_金額,50118,118_インドネシア,2013000000,2013年,41154532,千円
30301000,30301_原油及び粗油,340,11月_金額,50118,118_インドネシア,2012000000,2012年,38685069,千円
30301000,30301_原油及び粗油,340,11月_金額,50118,118_インドネシア,2011000000,2011年,23888882,千円
30301000,30301_原油及び粗油,340,11月_金額,50123,123_インド,2013000000,2013年,0,千円
30301000,30301_原油及び粗油,340,11月_金額,50123,123_インド,2011000000,2011年,0,千円
30301000,30301_原油及び粗油,340,11月_金額,50125,125_スリランカ,2015000000,2015年,0,千円
30301000,30301_原油及び粗油,340,11月_金額,50128,128_東ティモール,2012000000,2012年,0,千円
30301000,30301_原油及び粗油,340,11月_金額,50133,133_イラン,2015000000,2015年,26745210,千円
30301000,30301_原油及び粗油,340,11月_金額,50133,133_イラン,2014000000,2014年,59547087,千円
30301000,30301_原油及び粗油,340,11月_金額,50133,133_イラン,2013000000,2013年,36894191,千円
30301000,30301_原油及び粗油,340,11月_金額,50133,133_イラン,2012000000,2012年,68506086,千円
30301000,30301_原油及び粗油,340,11月_金額,50133,133_イラン,2011000000,2011年,79080297,千円
30301000,30301_原油及び粗油,340,11月_金額,50134,134_イラク,2015000000,2015年,17285432,千円
30301000,30301_原油及び粗油,340,11月_金額,50134,134_イラク,2014000000,2014年,14860118,千円
30301000,30301_原油及び粗油,340,11月_金額,50134,134_イラク,2013000000,2013年,24196982,千円
30301000,30301_原油及び粗油,340,11月_金額,50134,134_イラク,2012000000,2012年,8469535,千円
30301000,30301_原油及び粗油,340,11月_金額,50134,134_イラク,2011000000,2011年,32493995,千円
30301000,30301_原油及び粗油,340,11月_金額,50137,137_サウジアラビア,2015000000,2015年,221623003,千円
30301000,30301_原油及び粗油,340,11月_金額,50137,137_サウジアラビア,2014000000,2014年,352397609,千円
30301000,30301_原油及び粗油,340,11月_金額,50137,137_サウジアラビア,2013000000,2013年,425483316,千円
30301000,30301_原油及び粗油,340,11月_金額,50137,137_サウジアラビア,2012000000,2012年,309776725,千円
30301000,30301_原油及び粗油,340,11月_金額,50137,137_サウジアラビア,2011000000,2011年,319726373,千円
30301000,30301_原油及び粗油,340,11月_金額,50138,138_クウェート,2015000000,2015年,44013937,千円
30301000,30301_原油及び粗油,340,11月_金額,50138,138_クウェート,2014000000,2014年,44669461,千円
30301000,30301_原油及び粗油,340,11月_金額,50138,138_クウェート,2013000000,2013年,78907523,千円
30301000,30301_原油及び粗油,340,11月_金額,50138,138_クウェート,2012000000,2012年,63511103,千円
30301000,30301_原油及び粗油,340,11月_金額,50138,138_クウェート,2011000000,2011年,60886739,千円
30301000,30301_原油及び粗油,340,11月_金額,50140,140_カタール,2015000000,2015年,34484915,千円
30301000,30301_原油及び粗油,340,11月_金額,50140,140_カタール,2014000000,2014年,81041800,千円
30301000,30301_原油及び粗油,340,11月_金額,50140,140_カタール,2013000000,2013年,131385170,千円
30301000,30301_原油及び粗油,340,11月_金額,50140,140_カタール,2012000000,2012年,71596331,千円
30301000,30301_原油及び粗油,340,11月_金額,50140,140_カタール,2011000000,2011年,97631017,千円
30301000,30301_原油及び粗油,340,11月_金額,50141,141_オマーン,2015000000,2015年,2471267,千円
30301000,30301_原油及び粗油,340,11月_金額,50141,141_オマーン,2014000000,2014年,5138199,千円
30301000,30301_原油及び粗油,340,11月_金額,50141,141_オマーン,2013000000,2013年,30288208,千円
30301000,30301_原油及び粗油,340,11月_金額,50141,141_オマーン,2012000000,2012年,14600278,千円
30301000,30301_原油及び粗油,340,11月_金額,50141,141_オマーン,2011000000,2011年,16030152,千円
30301000,30301_原油及び粗油,340,11月_金額,50147,147_アラブ首長国連邦,2015000000,2015年,108669843,千円
30301000,30301_原油及び粗油,340,11月_金額,50147,147_アラブ首長国連邦,2014000000,2014年,236152475,千円
30301000,30301_原油及び粗油,340,11月_金額,50147,147_アラブ首長国連邦,2013000000,2013年,348795356,千円
30301000,30301_原油及び粗油,340,11月_金額,50147,147_アラブ首長国連邦,2012000000,2012年,212421196,千円
30301000,30301_原油及び粗油,340,11月_金額,50147,147_アラブ首長国連邦,2011000000,2011年,194223805,千円
30301000,30301_原油及び粗油,340,11月_金額,50149,149_イエメン,2015000000,2015年,0,千円
30301000,30301_原油及び粗油,340,11月_金額,50149,149_イエメン,2014000000,2014年,0,千円
30301000,30301_原油及び粗油,340,11月_金額,50149,149_イエメン,2013000000,2013年,0,千円
30301000,30301_原油及び粗油,340,11月_金額,50149,149_イエメン,2012000000,2012年,0,千円
30301000,30301_原油及び粗油,340,11月_金額,50149,149_イエメン,2011000000,2011年,3455547,千円
30301000,30301_原油及び粗油,340,11月_金額,50150,150_アゼルバイジャン,2012000000,2012年,0,千円
30301000,30301_原油及び粗油,340,11月_金額,50153,153_カザフスタン,2015000000,2015年,5672987,千円
30301000,30301_原油及び粗油,340,11月_金額,50153,153_カザフスタン,2014000000,2014年,0,千円
30301000,30301_原油及び粗油,340,11月_金額,50153,153_カザフスタン,2013000000,2013年,0,千円
30301000,30301_原油及び粗油,340,11月_金額,50202,202_ノルウェー,2014000000,2014年,0,千円
30301000,30301_原油及び粗油,340,11月_金額,50202,202_ノルウェー,2013000000,2013年,0,千円
30301000,30301_原油及び粗油,340,11月_金額,50205,205_英国,2012000000,2012年,0,千円
30301000,30301_原油及び粗油,340,11月_金額,50205,205_英国,2011000000,2011年,1291161,千円
30301000,30301_原油及び粗油,340,11月_金額,50213,213_ドイツ,2014000000,2014年,0,千円
30301000,30301_原油及び粗油,340,11月_金額,50224,224_ロシア,2015000000,2015年,65789314,千円
30301000,30301_原油及び粗油,340,11月_金額,50224,224_ロシア,2014000000,2014年,91877845,千円
30301000,30301_原油及び粗油,340,11月_金額,50224,224_ロシア,2013000000,2013年,74213368,千円
30301000,30301_原油及び粗油,340,11月_金額,50224,224_ロシア,2012000000,2012年,72051976,千円
30301000,30301_原油及び粗油,340,11月_金額,50224,224_ロシア,2011000000,2011年,23977141,千円
30301000,30301_原油及び粗油,340,11月_金額,50304,304_アメリカ合衆国,2015000000,2015年,0,千円
30301000,30301_原油及び粗油,340,11月_金額,50304,304_アメリカ合衆国,2014000000,2014年,0,千円
30301000,30301_原油及び粗油,340,11月_金額,50305,305_メキシコ,2015000000,2015年,10125564,千円
30301000,30301_原油及び粗油,340,11月_金額,50305,305_メキシコ,2014000000,2014年,0,千円
30301000,30301_原油及び粗油,340,11月_金額,50315,315_バハマ,2015000000,2015年,5829761,千円
30301000,30301_原油及び粗油,340,11月_金額,50315,315_バハマ,2013000000,2013年,0,千円
30301000,30301_原油及び粗油,340,11月_金額,50401,401_コロンビア,2015000000,2015年,0,千円
30301000,30301_原油及び粗油,340,11月_金額,50401,401_コロンビア,2014000000,2014年,10448942,千円
30301000,30301_原油及び粗油,340,11月_金額,50401,401_コロンビア,2011000000,2011年,1419593,千円
30301000,30301_原油及び粗油,340,11月_金額,50402,402_ベネズエラ,2015000000,2015年,0,千円
30301000,30301_原油及び粗油,340,11月_金額,50402,402_ベネズエラ,2014000000,2014年,5329331,千円
30301000,30301_原油及び粗油,340,11月_金額,50402,402_ベネズエラ,2013000000,2013年,2873292,千円
30301000,30301_原油及び粗油,340,11月_金額,50402,402_ベネズエラ,2012000000,2012年,0,千円
30301000,30301_原油及び粗油,340,11月_金額,50406,406_エクアドル,2015000000,2015年,3043077,千円
30301000,30301_原油及び粗油,340,11月_金額,50406,406_エクアドル,2014000000,2014年,6020132,千円
30301000,30301_原油及び粗油,340,11月_金額,50406,406_エクアドル,2013000000,2013年,7697292,千円
30301000,30301_原油及び粗油,340,11月_金額,50406,406_エクアドル,2012000000,2012年,5937187,千円
30301000,30301_原油及び粗油,340,11月_金額,50406,406_エクアドル,2011000000,2011年,0,千円
30301000,30301_原油及び粗油,340,11月_金額,50410,410_ブラジル,2014000000,2014年,0,千円
30301000,30301_原油及び粗油,340,11月_金額,50413,413_アルゼンチン,2012000000,2012年,1403568,千円
30301000,30301_原油及び粗油,340,11月_金額,50503,503_アルジェリア,2013000000,2013年,0,千円
30301000,30301_原油及び粗油,340,11月_金額,50503,503_アルジェリア,2011000000,2011年,0,千円
30301000,30301_原油及び粗油,340,11月_金額,50505,505_リビア,2014000000,2014年,0,千円
30301000,30301_原油及び粗油,340,11月_金額,50505,505_リビア,2013000000,2013年,7688883,千円
30301000,30301_原油及び粗油,340,11月_金額,50505,505_リビア,2012000000,2012年,0,千円
30301000,30301_原油及び粗油,340,11月_金額,50507,507_スーダン,2015000000,2015年,1791850,千円
30301000,30301_原油及び粗油,340,11月_金額,50507,507_スーダン,2014000000,2014年,0,千円
30301000,30301_原油及び粗油,340,11月_金額,50507,507_スーダン,2013000000,2013年,1924585,千円
30301000,30301_原油及び粗油,340,11月_金額,50507,507_スーダン,2012000000,2012年,0,千円
30301000,30301_原油及び粗油,340,11月_金額,50507,507_スーダン,2011000000,2011年,7860200,千円
30301000,30301_原油及び粗油,340,11月_金額,50524,524_ナイジェリア,2014000000,2014年,0,千円
30301000,30301_原油及び粗油,340,11月_金額,50524,524_ナイジェリア,2013000000,2013年,0,千円
30301000,30301_原油及び粗油,340,11月_金額,50524,524_ナイジェリア,2012000000,2012年,10783187,千円
30301000,30301_原油及び粗油,340,11月_金額,50524,524_ナイジェリア,2011000000,2011年,354502,千円
30301000,30301_原油及び粗油,340,11月_金額,50527,527_カメルーン,2013000000,2013年,0,千円
30301000,30301_原油及び粗油,340,11月_金額,50528,528_チャド,2015000000,2015年,0,千円
30301000,30301_原油及び粗油,340,11月_金額,50528,528_チャド,2014000000,2014年,0,千円
30301000,30301_原油及び粗油,340,11月_金額,50528,528_チャド,2013000000,2013年,3048999,千円
30301000,30301_原油及び粗油,340,11月_金額,50528,528_チャド,2012000000,2012年,2875067,千円
30301000,30301_原油及び粗油,340,11月_金額,50530,530_赤道ギニア,2012000000,2012年,0,千円
30301000,30301_原油及び粗油,340,11月_金額,50531,531_ガボン,2015000000,2015年,0,千円
30301000,30301_原油及び粗油,340,11月_金額,50531,531_ガボン,2014000000,2014年,8217881,千円
30301000,30301_原油及び粗油,340,11月_金額,50531,531_ガボン,2013000000,2013年,13265914,千円
30301000,30301_原油及び粗油,340,11月_金額,50531,531_ガボン,2012000000,2012年,2418979,千円
30301000,30301_原油及び粗油,340,11月_金額,50531,531_ガボン,2011000000,2011年,5273963,千円
30301000,30301_原油及び粗油,340,11月_金額,50535,535_アンゴラ,2015000000,2015年,3580561,千円
30301000,30301_原油及び粗油,340,11月_金額,50535,535_アンゴラ,2014000000,2014年,9912304,千円
30301000,30301_原油及び粗油,340,11月_金額,50535,535_アンゴラ,2013000000,2013年,0,千円
30301000,30301_原油及び粗油,340,11月_金額,50535,535_アンゴラ,2012000000,2012年,0,千円
30301000,30301_原油及び粗油,340,11月_金額,50535,535_アンゴラ,2011000000,2011年,0,千円
30301000,30301_原油及び粗油,340,11月_金額,50560,560_南スーダン,2012000000,2012年,0,千円
30301000,30301_原油及び粗油,340,11月_金額,50560,560_南スーダン,2011000000,2011年,12820089,千円
30301000,30301_原油及び粗油,340,11月_金額,50601,601_オーストラリア,2015000000,2015年,8038163,千円
30301000,30301_原油及び粗油,340,11月_金額,50601,601_オーストラリア,2014000000,2014年,12251658,千円
30301000,30301_原油及び粗油,340,11月_金額,50601,601_オーストラリア,2013000000,2013年,6018299,千円
30301000,30301_原油及び粗油,340,11月_金額,50601,601_オーストラリア,2012000000,2012年,4191065,千円
30301000,30301_原油及び粗油,340,11月_金額,50601,601_オーストラリア,2011000000,2011年,9601250,千円
30301000,30301_原油及び粗油,340,11月_金額,50602,602_パプアニューギニア,2015000000,2015年,0,千円
30301000,30301_原油及び粗油,340,11月_金額,50602,602_パプアニューギニア,2013000000,2013年,0,千円
30301000,30301_原油及び粗油,340,11月_金額,50602,602_パプアニューギニア,2012000000,2012年,0,千円
30301000,30301_原油及び粗油,340,11月_金額,50602,602_パプアニューギニア,2011000000,2011年,0,千円
30301000,30301_原油及び粗油,340,11月_金額,50703,703_保税工場・総合保税地域,2014000000,2014年,0,千円
30301000,30301_原油及び粗油,350,12月_数量,50103,103_大韓民国,2012000000,2012年,0,
30301000,30301_原油及び粗油,350,12月_数量,50103,103_大韓民国,2011000000,2011年,0,
30301000,30301_原油及び粗油,350,12月_数量,50105,105_中華人民共和国,2015000000,2015年,75207,
30301000,30301_原油及び粗油,350,12月_数量,50105,105_中華人民共和国,2013000000,2013年,0,
30301000,30301_原油及び粗油,350,12月_数量,50105,105_中華人民共和国,2012000000,2012年,0,
30301000,30301_原油及び粗油,350,12月_数量,50105,105_中華人民共和国,2011000000,2011年,66344,
30301000,30301_原油及び粗油,350,12月_数量,50110,110_ベトナム,2015000000,2015年,110554,
30301000,30301_原油及び粗油,350,12月_数量,50110,110_ベトナム,2014000000,2014年,191580,
30301000,30301_原油及び粗油,350,12月_数量,50110,110_ベトナム,2013000000,2013年,372625,
30301000,30301_原油及び粗油,350,12月_数量,50110,110_ベトナム,2012000000,2012年,341309,
30301000,30301_原油及び粗油,350,12月_数量,50110,110_ベトナム,2011000000,2011年,208283,
30301000,30301_原油及び粗油,350,12月_数量,50112,112_シンガポール,2015000000,2015年,17095,
30301000,30301_原油及び粗油,350,12月_数量,50112,112_シンガポール,2014000000,2014年,0,
30301000,30301_原油及び粗油,350,12月_数量,50112,112_シンガポール,2012000000,2012年,0,
30301000,30301_原油及び粗油,350,12月_数量,50112,112_シンガポール,2011000000,2011年,34483,
30301000,30301_原油及び粗油,350,12月_数量,50113,113_マレーシア,2015000000,2015年,158280,
30301000,30301_原油及び粗油,350,12月_数量,50113,113_マレーシア,2014000000,2014年,59473,
30301000,30301_原油及び粗油,350,12月_数量,50113,113_マレーシア,2013000000,2013年,0,
30301000,30301_原油及び粗油,350,12月_数量,50113,113_マレーシア,2012000000,2012年,181187,
30301000,30301_原油及び粗油,350,12月_数量,50113,113_マレーシア,2011000000,2011年,134935,
30301000,30301_原油及び粗油,350,12月_数量,50116,116_ブルネイ,2015000000,2015年,0,
30301000,30301_原油及び粗油,350,12月_数量,50116,116_ブルネイ,2014000000,2014年,0,
30301000,30301_原油及び粗油,350,12月_数量,50116,116_ブルネイ,2013000000,2013年,0,
30301000,30301_原油及び粗油,350,12月_数量,50116,116_ブルネイ,2012000000,2012年,136378,
30301000,30301_原油及び粗油,350,12月_数量,50116,116_ブルネイ,2011000000,2011年,46683,
30301000,30301_原油及び粗油,350,12月_数量,50118,118_インドネシア,2015000000,2015年,349247,
30301000,30301_原油及び粗油,350,12月_数量,50118,118_インドネシア,2014000000,2014年,541187,
30301000,30301_原油及び粗油,350,12月_数量,50118,118_インドネシア,2013000000,2013年,562971,
30301000,30301_原油及び粗油,350,12月_数量,50118,118_インドネシア,2012000000,2012年,939400,
30301000,30301_原油及び粗油,350,12月_数量,50118,118_インドネシア,2011000000,2011年,823156,
30301000,30301_原油及び粗油,350,12月_数量,50123,123_インド,2013000000,2013年,0,
30301000,30301_原油及び粗油,350,12月_数量,50123,123_インド,2011000000,2011年,5289,
30301000,30301_原油及び粗油,350,12月_数量,50125,125_スリランカ,2015000000,2015年,0,
30301000,30301_原油及び粗油,350,12月_数量,50128,128_東ティモール,2012000000,2012年,0,
30301000,30301_原油及び粗油,350,12月_数量,50133,133_イラン,2015000000,2015年,936737,
30301000,30301_原油及び粗油,350,12月_数量,50133,133_イラン,2014000000,2014年,832787,
30301000,30301_原油及び粗油,350,12月_数量,50133,133_イラン,2013000000,2013年,973831,
30301000,30301_原油及び粗油,350,12月_数量,50133,133_イラン,2012000000,2012年,875239,
30301000,30301_原油及び粗油,350,12月_数量,50133,133_イラン,2011000000,2011年,1564798,
30301000,30301_原油及び粗油,350,12月_数量,50134,134_イラク,2015000000,2015年,274652,
30301000,30301_原油及び粗油,350,12月_数量,50134,134_イラク,2014000000,2014年,315713,
30301000,30301_原油及び粗油,350,12月_数量,50134,134_イラク,2013000000,2013年,330843,
30301000,30301_原油及び粗油,350,12月_数量,50134,134_イラク,2012000000,2012年,162149,
30301000,30301_原油及び粗油,350,12月_数量,50134,134_イラク,2011000000,2011年,0,
30301000,30301_原油及び粗油,350,12月_数量,50137,137_サウジアラビア,2015000000,2015年,5961967,
30301000,30301_原油及び粗油,350,12月_数量,50137,137_サウジアラビア,2014000000,2014年,5926873,
30301000,30301_原油及び粗油,350,12月_数量,50137,137_サウジアラビア,2013000000,2013年,6253631,
30301000,30301_原油及び粗油,350,12月_数量,50137,137_サウジアラビア,2012000000,2012年,6508236,
30301000,30301_原油及び粗油,350,12月_数量,50137,137_サウジアラビア,2011000000,2011年,6131105,
30301000,30301_原油及び粗油,350,12月_数量,50138,138_クウェート,2015000000,2015年,2086000,
30301000,30301_原油及び粗油,350,12月_数量,50138,138_クウェート,2014000000,2014年,1490483,
30301000,30301_原油及び粗油,350,12月_数量,50138,138_クウェート,2013000000,2013年,1526832,
30301000,30301_原油及び粗油,350,12月_数量,50138,138_クウェート,2012000000,2012年,1886667,
30301000,30301_原油及び粗油,350,12月_数量,50138,138_クウェート,2011000000,2011年,1905213,
30301000,30301_原油及び粗油,350,12月_数量,50140,140_カタール,2015000000,2015年,1440207,
30301000,30301_原油及び粗油,350,12月_数量,50140,140_カタール,2014000000,2014年,1698531,
30301000,30301_原油及び粗油,350,12月_数量,50140,140_カタール,2013000000,2013年,2254609,
30301000,30301_原油及び粗油,350,12月_数量,50140,140_カタール,2012000000,2012年,2200750,
30301000,30301_原油及び粗油,350,12月_数量,50140,140_カタール,2011000000,2011年,2468612,
30301000,30301_原油及び粗油,350,12月_数量,50141,141_オマーン,2015000000,2015年,64729,
30301000,30301_原油及び粗油,350,12月_数量,50141,141_オマーン,2014000000,2014年,130971,
30301000,30301_原油及び粗油,350,12月_数量,50141,141_オマーン,2013000000,2013年,281154,
30301000,30301_原油及び粗油,350,12月_数量,50141,141_オマーン,2012000000,2012年,461439,
30301000,30301_原油及び粗油,350,12月_数量,50141,141_オマーン,2011000000,2011年,460591,
30301000,30301_原油及び粗油,350,12月_数量,50147,147_アラブ首長国連邦,2015000000,2015年,3585236,
30301000,30301_原油及び粗油,350,12月_数量,50147,147_アラブ首長国連邦,2014000000,2014年,3945985,
30301000,30301_原油及び粗油,350,12月_数量,50147,147_アラブ首長国連邦,2013000000,2013年,4439050,
30301000,30301_原油及び粗油,350,12月_数量,50147,147_アラブ首長国連邦,2012000000,2012年,4175903,
30301000,30301_原油及び粗油,350,12月_数量,50147,147_アラブ首長国連邦,2011000000,2011年,4516055,
30301000,30301_原油及び粗油,350,12月_数量,50149,149_イエメン,2015000000,2015年,0,
30301000,30301_原油及び粗油,350,12月_数量,50149,149_イエメン,2014000000,2014年,0,
30301000,30301_原油及び粗油,350,12月_数量,50149,149_イエメン,2013000000,2013年,0,
30301000,30301_原油及び粗油,350,12月_数量,50149,149_イエメン,2012000000,2012年,29087,
30301000,30301_原油及び粗油,350,12月_数量,50149,149_イエメン,2011000000,2011年,0,
30301000,30301_原油及び粗油,350,12月_数量,50150,150_アゼルバイジャン,2012000000,2012年,31665,
30301000,30301_原油及び粗油,350,12月_数量,50153,153_カザフスタン,2015000000,2015年,39626,
30301000,30301_原油及び粗油,350,12月_数量,50153,153_カザフスタン,2014000000,2014年,89721,
30301000,30301_原油及び粗油,350,12月_数量,50153,153_カザフスタン,2013000000,2013年,0,
30301000,30301_原油及び粗油,350,12月_数量,50202,202_ノルウェー,2014000000,2014年,0,
30301000,30301_原油及び粗油,350,12月_数量,50202,202_ノルウェー,2013000000,2013年,72962,
30301000,30301_原油及び粗油,350,12月_数量,50205,205_英国,2012000000,2012年,0,
30301000,30301_原油及び粗油,350,12月_数量,50205,205_英国,2011000000,2011年,0,
30301000,30301_原油及び粗油,350,12月_数量,50213,213_ドイツ,2014000000,2014年,0,
30301000,30301_原油及び粗油,350,12月_数量,50224,224_ロシア,2015000000,2015年,1424679,
30301000,30301_原油及び粗油,350,12月_数量,50224,224_ロシア,2014000000,2014年,2205423,
30301000,30301_原油及び粗油,350,12月_数量,50224,224_ロシア,2013000000,2013年,1755089,
30301000,30301_原油及び粗油,350,12月_数量,50224,224_ロシア,2012000000,2012年,1083684,
30301000,30301_原油及び粗油,350,12月_数量,50224,224_ロシア,2011000000,2011年,582557,
30301000,30301_原油及び粗油,350,12月_数量,50304,304_アメリカ合衆国,2015000000,2015年,99423,
30301000,30301_原油及び粗油,350,12月_数量,50304,304_アメリカ合衆国,2014000000,2014年,0,
30301000,30301_原油及び粗油,350,12月_数量,50305,305_メキシコ,2015000000,2015年,399729,
30301000,30301_原油及び粗油,350,12月_数量,50305,305_メキシコ,2014000000,2014年,0,
30301000,30301_原油及び粗油,350,12月_数量,50315,315_バハマ,2015000000,2015年,0,
30301000,30301_原油及び粗油,350,12月_数量,50315,315_バハマ,2013000000,2013年,95330,
30301000,30301_原油及び粗油,350,12月_数量,50401,401_コロンビア,2015000000,2015年,0,
30301000,30301_原油及び粗油,350,12月_数量,50401,401_コロンビア,2014000000,2014年,291294,
30301000,30301_原油及び粗油,350,12月_数量,50401,401_コロンビア,2011000000,2011年,0,
30301000,30301_原油及び粗油,350,12月_数量,50402,402_ベネズエラ,2015000000,2015年,79904,
30301000,30301_原油及び粗油,350,12月_数量,50402,402_ベネズエラ,2014000000,2014年,220014,
30301000,30301_原油及び粗油,350,12月_数量,50402,402_ベネズエラ,2013000000,2013年,64052,
30301000,30301_原油及び粗油,350,12月_数量,50402,402_ベネズエラ,2012000000,2012年,0,
30301000,30301_原油及び粗油,350,12月_数量,50406,406_エクアドル,2015000000,2015年,32910,
30301000,30301_原油及び粗油,350,12月_数量,50406,406_エクアドル,2014000000,2014年,222682,
30301000,30301_原油及び粗油,350,12月_数量,50406,406_エクアドル,2013000000,2013年,120411,
30301000,30301_原油及び粗油,350,12月_数量,50406,406_エクアドル,2012000000,2012年,175803,
30301000,30301_原油及び粗油,350,12月_数量,50406,406_エクアドル,2011000000,2011年,73496,
30301000,30301_原油及び粗油,350,12月_数量,50410,410_ブラジル,2014000000,2014年,0,
30301000,30301_原油及び粗油,350,12月_数量,50413,413_アルゼンチン,2012000000,2012年,0,
30301000,30301_原油及び粗油,350,12月_数量,50503,503_アルジェリア,2013000000,2013年,0,
30301000,30301_原油及び粗油,350,12月_数量,50503,503_アルジェリア,2011000000,2011年,0,
30301000,30301_原油及び粗油,350,12月_数量,50505,505_リビア,2014000000,2014年,56895,
30301000,30301_原油及び粗油,350,12月_数量,50505,505_リビア,2013000000,2013年,0,
30301000,30301_原油及び粗油,350,12月_数量,50505,505_リビア,2012000000,2012年,0,
30301000,30301_原油及び粗油,350,12月_数量,50507,507_スーダン,2015000000,2015年,0,
30301000,30301_原油及び粗油,350,12月_数量,50507,507_スーダン,2014000000,2014年,0,
30301000,30301_原油及び粗油,350,12月_数量,50507,507_スーダン,2013000000,2013年,50118,
30301000,30301_原油及び粗油,350,12月_数量,50507,507_スーダン,2012000000,2012年,49959,
30301000,30301_原油及び粗油,350,12月_数量,50507,507_スーダン,2011000000,2011年,92072,
30301000,30301_原油及び粗油,350,12月_数量,50524,524_ナイジェリア,2014000000,2014年,0,
30301000,30301_原油及び粗油,350,12月_数量,50524,524_ナイジェリア,2013000000,2013年,0,
30301000,30301_原油及び粗油,350,12月_数量,50524,524_ナイジェリア,2012000000,2012年,0,
30301000,30301_原油及び粗油,350,12月_数量,50524,524_ナイジェリア,2011000000,2011年,0,
30301000,30301_原油及び粗油,350,12月_数量,50527,527_カメルーン,2013000000,2013年,0,
30301000,30301_原油及び粗油,350,12月_数量,50528,528_チャド,2015000000,2015年,104629,
30301000,30301_原油及び粗油,350,12月_数量,50528,528_チャド,2014000000,2014年,0,
30301000,30301_原油及び粗油,350,12月_数量,50528,528_チャド,2013000000,2013年,100396,
30301000,30301_原油及び粗油,350,12月_数量,50528,528_チャド,2012000000,2012年,1944,
30301000,30301_原油及び粗油,350,12月_数量,50530,530_赤道ギニア,2012000000,2012年,0,
30301000,30301_原油及び粗油,350,12月_数量,50531,531_ガボン,2015000000,2015年,0,
30301000,30301_原油及び粗油,350,12月_数量,50531,531_ガボン,2014000000,2014年,46511,
30301000,30301_原油及び粗油,350,12月_数量,50531,531_ガボン,2013000000,2013年,206763,
30301000,30301_原油及び粗油,350,12月_数量,50531,531_ガボン,2012000000,2012年,242466,
30301000,30301_原油及び粗油,350,12月_数量,50531,531_ガボン,2011000000,2011年,382543,
30301000,30301_原油及び粗油,350,12月_数量,50535,535_アンゴラ,2015000000,2015年,55965,
30301000,30301_原油及び粗油,350,12月_数量,50535,535_アンゴラ,2014000000,2014年,294301,
30301000,30301_原油及び粗油,350,12月_数量,50535,535_アンゴラ,2013000000,2013年,0,
30301000,30301_原油及び粗油,350,12月_数量,50535,535_アンゴラ,2012000000,2012年,0,
30301000,30301_原油及び粗油,350,12月_数量,50535,535_アンゴラ,2011000000,2011年,0,
30301000,30301_原油及び粗油,350,12月_数量,50560,560_南スーダン,2012000000,2012年,0,
30301000,30301_原油及び粗油,350,12月_数量,50560,560_南スーダン,2011000000,2011年,142613,
30301000,30301_原油及び粗油,350,12月_数量,50601,601_オーストラリア,2015000000,2015年,139665,
30301000,30301_原油及び粗油,350,12月_数量,50601,601_オーストラリア,2014000000,2014年,224287,
30301000,30301_原油及び粗油,350,12月_数量,50601,601_オーストラリア,2013000000,2013年,268871,
30301000,30301_原油及び粗油,350,12月_数量,50601,601_オーストラリア,2012000000,2012年,203753,
30301000,30301_原油及び粗油,350,12月_数量,50601,601_オーストラリア,2011000000,2011年,202689,
30301000,30301_原油及び粗油,350,12月_数量,50602,602_パプアニューギニア,2015000000,2015年,92347,
30301000,30301_原油及び粗油,350,12月_数量,50602,602_パプアニューギニア,2013000000,2013年,0,
30301000,30301_原油及び粗油,350,12月_数量,50602,602_パプアニューギニア,2012000000,2012年,0,
30301000,30301_原油及び粗油,350,12月_数量,50602,602_パプアニューギニア,2011000000,2011年,0,
30301000,30301_原油及び粗油,350,12月_数量,50703,703_保税工場・総合保税地域,2014000000,2014年,0,
30301000,30301_原油及び粗油,360,12月_金額,50103,103_大韓民国,2012000000,2012年,0,千円
30301000,30301_原油及び粗油,360,12月_金額,50103,103_大韓民国,2011000000,2011年,0,千円
30301000,30301_原油及び粗油,360,12月_金額,50105,105_中華人民共和国,2015000000,2015年,2129372,千円
30301000,30301_原油及び粗油,360,12月_金額,50105,105_中華人民共和国,2013000000,2013年,0,千円
30301000,30301_原油及び粗油,360,12月_金額,50105,105_中華人民共和国,2012000000,2012年,0,千円
30301000,30301_原油及び粗油,360,12月_金額,50105,105_中華人民共和国,2011000000,2011年,3896761,千円
30301000,30301_原油及び粗油,360,12月_金額,50110,110_ベトナム,2015000000,2015年,3883079,千円
30301000,30301_原油及び粗油,360,12月_金額,50110,110_ベトナム,2014000000,2014年,12842527,千円
30301000,30301_原油及び粗油,360,12月_金額,50110,110_ベトナム,2013000000,2013年,28371952,千円
30301000,30301_原油及び粗油,360,12月_金額,50110,110_ベトナム,2012000000,2012年,20897630,千円
30301000,30301_原油及び粗油,360,12月_金額,50110,110_ベトナム,2011000000,2011年,12729657,千円
30301000,30301_原油及び粗油,360,12月_金額,50112,112_シンガポール,2015000000,2015年,616481,千円
30301000,30301_原油及び粗油,360,12月_金額,50112,112_シンガポール,2014000000,2014年,0,千円
30301000,30301_原油及び粗油,360,12月_金額,50112,112_シンガポール,2012000000,2012年,0,千円
30301000,30301_原油及び粗油,360,12月_金額,50112,112_シンガポール,2011000000,2011年,1904624,千円
30301000,30301_原油及び粗油,360,12月_金額,50113,113_マレーシア,2015000000,2015年,5906407,千円
30301000,30301_原油及び粗油,360,12月_金額,50113,113_マレーシア,2014000000,2014年,3542237,千円
30301000,30301_原油及び粗油,360,12月_金額,50113,113_マレーシア,2013000000,2013年,0,千円
30301000,30301_原油及び粗油,360,12月_金額,50113,113_マレーシア,2012000000,2012年,11791548,千円
30301000,30301_原油及び粗油,360,12月_金額,50113,113_マレーシア,2011000000,2011年,7691777,千円
30301000,30301_原油及び粗油,360,12月_金額,50116,116_ブルネイ,2015000000,2015年,0,千円
30301000,30301_原油及び粗油,360,12月_金額,50116,116_ブルネイ,2014000000,2014年,0,千円
30301000,30301_原油及び粗油,360,12月_金額,50116,116_ブルネイ,2013000000,2013年,0,千円
30301000,30301_原油及び粗油,360,12月_金額,50116,116_ブルネイ,2012000000,2012年,8174153,千円
30301000,30301_原油及び粗油,360,12月_金額,50116,116_ブルネイ,2011000000,2011年,2729454,千円
30301000,30301_原油及び粗油,360,12月_金額,50118,118_インドネシア,2015000000,2015年,12535631,千円
30301000,30301_原油及び粗油,360,12月_金額,50118,118_インドネシア,2014000000,2014年,35120643,千円
30301000,30301_原油及び粗油,360,12月_金額,50118,118_インドネシア,2013000000,2013年,40722285,千円
30301000,30301_原油及び粗油,360,12月_金額,50118,118_インドネシア,2012000000,2012年,56147538,千円
30301000,30301_原油及び粗油,360,12月_金額,50118,118_インドネシア,2011000000,2011年,48227470,千円
30301000,30301_原油及び粗油,360,12月_金額,50123,123_インド,2013000000,2013年,0,千円
30301000,30301_原油及び粗油,360,12月_金額,50123,123_インド,2011000000,2011年,317180,千円
30301000,30301_原油及び粗油,360,12月_金額,50125,125_スリランカ,2015000000,2015年,0,千円
30301000,30301_原油及び粗油,360,12月_金額,50128,128_東ティモール,2012000000,2012年,0,千円
30301000,30301_原油及び粗油,360,12月_金額,50133,133_イラン,2015000000,2015年,30226024,千円
30301000,30301_原油及び粗油,360,12月_金額,50133,133_イラン,2014000000,2014年,47543027,千円
30301000,30301_原油及び粗油,360,12月_金額,50133,133_イラン,2013000000,2013年,65919789,千円
30301000,30301_原油及び粗油,360,12月_金額,50133,133_イラン,2012000000,2012年,49060599,千円
30301000,30301_原油及び粗油,360,12月_金額,50133,133_イラン,2011000000,2011年,85224580,千円
30301000,30301_原油及び粗油,360,12月_金額,50134,134_イラク,2015000000,2015年,7601628,千円
30301000,30301_原油及び粗油,360,12月_金額,50134,134_イラク,2014000000,2014年,17348964,千円
30301000,30301_原油及び粗油,360,12月_金額,50134,134_イラク,2013000000,2013年,22947327,千円
30301000,30301_原油及び粗油,360,12月_金額,50134,134_イラク,2012000000,2012年,9239552,千円
30301000,30301_原油及び粗油,360,12月_金額,50134,134_イラク,2011000000,2011年,0,千円
30301000,30301_原油及び粗油,360,12月_金額,50137,137_サウジアラビア,2015000000,2015年,196502116,千円
30301000,30301_原油及び粗油,360,12月_金額,50137,137_サウジアラビア,2014000000,2014年,344225079,千円
30301000,30301_原油及び粗油,360,12月_金額,50137,137_サウジアラビア,2013000000,2013年,447951917,千円
30301000,30301_原油及び粗油,360,12月_金額,50137,137_サウジアラビア,2012000000,2012年,381195616,千円
30301000,30301_原油及び粗油,360,12月_金額,50137,137_サウジアラビア,2011000000,2011年,341286342,千円
30301000,30301_原油及び粗油,360,12月_金額,50138,138_クウェート,2015000000,2015年,65432853,千円
30301000,30301_原油及び粗油,360,12月_金額,50138,138_クウェート,2014000000,2014年,88551221,千円
30301000,30301_原油及び粗油,360,12月_金額,50138,138_クウェート,2013000000,2013年,106929563,千円
30301000,30301_原油及び粗油,360,12月_金額,50138,138_クウェート,2012000000,2012年,107519691,千円
30301000,30301_原油及び粗油,360,12月_金額,50138,138_クウェート,2011000000,2011年,102955523,千円
30301000,30301_原油及び粗油,360,12月_金額,50140,140_カタール,2015000000,2015年,47427222,千円
30301000,30301_原油及び粗油,360,12月_金額,50140,140_カタール,2014000000,2014年,99464259,千円
30301000,30301_原油及び粗油,360,12月_金額,50140,140_カタール,2013000000,2013年,162227033,千円
30301000,30301_原油及び粗油,360,12月_金額,50140,140_カタール,2012000000,2012年,127473333,千円
30301000,30301_原油及び粗油,360,12月_金額,50140,140_カタール,2011000000,2011年,135926934,千円
30301000,30301_原油及び粗油,360,12月_金額,50141,141_オマーン,2015000000,2015年,2340988,千円
30301000,30301_原油及び粗油,360,12月_金額,50141,141_オマーン,2014000000,2014年,8559634,千円
30301000,30301_原油及び粗油,360,12月_金額,50141,141_オマーン,2013000000,2013年,20071449,千円
30301000,30301_原油及び粗油,360,12月_金額,50141,141_オマーン,2012000000,2012年,26738169,千円
30301000,30301_原油及び粗油,360,12月_金額,50141,141_オマーン,2011000000,2011年,24825248,千円
30301000,30301_原油及び粗油,360,12月_金額,50147,147_アラブ首長国連邦,2015000000,2015年,125125903,千円
30301000,30301_原油及び粗油,360,12月_金額,50147,147_アラブ首長国連邦,2014000000,2014年,233581457,千円
30301000,30301_原油及び粗油,360,12月_金額,50147,147_アラブ首長国連邦,2013000000,2013年,324107039,千円
30301000,30301_原油及び粗油,360,12月_金額,50147,147_アラブ首長国連邦,2012000000,2012年,247179874,千円
30301000,30301_原油及び粗油,360,12月_金額,50147,147_アラブ首長国連邦,2011000000,2011年,253194631,千円
30301000,30301_原油及び粗油,360,12月_金額,50149,149_イエメン,2015000000,2015年,0,千円
30301000,30301_原油及び粗油,360,12月_金額,50149,149_イエメン,2014000000,2014年,0,千円
30301000,30301_原油及び粗油,360,12月_金額,50149,149_イエメン,2013000000,2013年,0,千円
30301000,30301_原油及び粗油,360,12月_金額,50149,149_イエメン,2012000000,2012年,1720617,千円
30301000,30301_原油及び粗油,360,12月_金額,50149,149_イエメン,2011000000,2011年,0,千円
30301000,30301_原油及び粗油,360,12月_金額,50150,150_アゼルバイジャン,2012000000,2012年,1890685,千円
30301000,30301_原油及び粗油,360,12月_金額,50153,153_カザフスタン,2015000000,2015年,1565125,千円
30301000,30301_原油及び粗油,360,12月_金額,50153,153_カザフスタン,2014000000,2014年,5979107,千円
30301000,30301_原油及び粗油,360,12月_金額,50153,153_カザフスタン,2013000000,2013年,0,千円
30301000,30301_原油及び粗油,360,12月_金額,50202,202_ノルウェー,2014000000,2014年,0,千円
30301000,30301_原油及び粗油,360,12月_金額,50202,202_ノルウェー,2013000000,2013年,5421786,千円
30301000,30301_原油及び粗油,360,12月_金額,50205,205_英国,2012000000,2012年,0,千円
30301000,30301_原油及び粗油,360,12月_金額,50205,205_英国,2011000000,2011年,0,千円
30301000,30301_原油及び粗油,360,12月_金額,50213,213_ドイツ,2014000000,2014年,0,千円
30301000,30301_原油及び粗油,360,12月_金額,50224,224_ロシア,2015000000,2015年,48935019,千円
30301000,30301_原油及び粗油,360,12月_金額,50224,224_ロシア,2014000000,2014年,127259785,千円
30301000,30301_原油及び粗油,360,12月_金額,50224,224_ロシア,2013000000,2013年,128011310,千円
30301000,30301_原油及び粗油,360,12月_金額,50224,224_ロシア,2012000000,2012年,63794509,千円
30301000,30301_原油及び粗油,360,12月_金額,50224,224_ロシア,2011000000,2011年,32844602,千円
30301000,30301_原油及び粗油,360,12月_金額,50304,304_アメリカ合衆国,2015000000,2015年,3898669,千円
30301000,30301_原油及び粗油,360,12月_金額,50304,304_アメリカ合衆国,2014000000,2014年,0,千円
30301000,30301_原油及び粗油,360,12月_金額,50305,305_メキシコ,2015000000,2015年,13662120,千円
30301000,30301_原油及び粗油,360,12月_金額,50305,305_メキシコ,2014000000,2014年,0,千円
30301000,30301_原油及び粗油,360,12月_金額,50315,315_バハマ,2015000000,2015年,0,千円
30301000,30301_原油及び粗油,360,12月_金額,50315,315_バハマ,2013000000,2013年,7126215,千円
30301000,30301_原油及び粗油,360,12月_金額,50401,401_コロンビア,2015000000,2015年,0,千円
30301000,30301_原油及び粗油,360,12月_金額,50401,401_コロンビア,2014000000,2014年,15876208,千円
30301000,30301_原油及び粗油,360,12月_金額,50401,401_コロンビア,2011000000,2011年,0,千円
30301000,30301_原油及び粗油,360,12月_金額,50402,402_ベネズエラ,2015000000,2015年,2777601,千円
30301000,30301_原油及び粗油,360,12月_金額,50402,402_ベネズエラ,2014000000,2014年,14717913,千円
30301000,30301_原油及び粗油,360,12月_金額,50402,402_ベネズエラ,2013000000,2013年,4743997,千円
30301000,30301_原油及び粗油,360,12月_金額,50402,402_ベネズエラ,2012000000,2012年,0,千円
30301000,30301_原油及び粗油,360,12月_金額,50406,406_エクアドル,2015000000,2015年,1027003,千円
30301000,30301_原油及び粗油,360,12月_金額,50406,406_エクアドル,2014000000,2014年,10945165,千円
30301000,30301_原油及び粗油,360,12月_金額,50406,406_エクアドル,2013000000,2013年,8094123,千円
30301000,30301_原油及び粗油,360,12月_金額,50406,406_エクアドル,2012000000,2012年,9514849,千円
30301000,30301_原油及び粗油,360,12月_金額,50406,406_エクアドル,2011000000,2011年,3782663,千円
30301000,30301_原油及び粗油,360,12月_金額,50410,410_ブラジル,2014000000,2014年,0,千円
30301000,30301_原油及び粗油,360,12月_金額,50413,413_アルゼンチン,2012000000,2012年,0,千円
30301000,30301_原油及び粗油,360,12月_金額,50503,503_アルジェリア,2013000000,2013年,0,千円
30301000,30301_原油及び粗油,360,12月_金額,50503,503_アルジェリア,2011000000,2011年,0,千円
30301000,30301_原油及び粗油,360,12月_金額,50505,505_リビア,2014000000,2014年,3401842,千円
30301000,30301_原油及び粗油,360,12月_金額,50505,505_リビア,2013000000,2013年,0,千円
30301000,30301_原油及び粗油,360,12月_金額,50505,505_リビア,2012000000,2012年,0,千円
30301000,30301_原油及び粗油,360,12月_金額,50507,507_スーダン,2015000000,2015年,0,千円
30301000,30301_原油及び粗油,360,12月_金額,50507,507_スーダン,2014000000,2014年,0,千円
30301000,30301_原油及び粗油,360,12月_金額,50507,507_スーダン,2013000000,2013年,3786364,千円
30301000,30301_原油及び粗油,360,12月_金額,50507,507_スーダン,2012000000,2012年,3095941,千円
30301000,30301_原油及び粗油,360,12月_金額,50507,507_スーダン,2011000000,2011年,5268639,千円
30301000,30301_原油及び粗油,360,12月_金額,50524,524_ナイジェリア,2014000000,2014年,0,千円
30301000,30301_原油及び粗油,360,12月_金額,50524,524_ナイジェリア,2013000000,2013年,0,千円
30301000,30301_原油及び粗油,360,12月_金額,50524,524_ナイジェリア,2012000000,2012年,0,千円
30301000,30301_原油及び粗油,360,12月_金額,50524,524_ナイジェリア,2011000000,2011年,0,千円
30301000,30301_原油及び粗油,360,12月_金額,50527,527_カメルーン,2013000000,2013年,0,千円
30301000,30301_原油及び粗油,360,12月_金額,50528,528_チャド,2015000000,2015年,7135529,千円
30301000,30301_原油及び粗油,360,12月_金額,50528,528_チャド,2014000000,2014年,0,千円
30301000,30301_原油及び粗油,360,12月_金額,50528,528_チャド,2013000000,2013年,7214254,千円
30301000,30301_原油及び粗油,360,12月_金額,50528,528_チャド,2012000000,2012年,120019,千円
30301000,30301_原油及び粗油,360,12月_金額,50530,530_赤道ギニア,2012000000,2012年,0,千円
30301000,30301_原油及び粗油,360,12月_金額,50531,531_ガボン,2015000000,2015年,0,千円
30301000,30301_原油及び粗油,360,12月_金額,50531,531_ガボン,2014000000,2014年,4324827,千円
30301000,30301_原油及び粗油,360,12月_金額,50531,531_ガボン,2013000000,2013年,15341632,千円
30301000,30301_原油及び粗油,360,12月_金額,50531,531_ガボン,2012000000,2012年,14783005,千円
30301000,30301_原油及び粗油,360,12月_金額,50531,531_ガボン,2011000000,2011年,22265202,千円
30301000,30301_原油及び粗油,360,12月_金額,50535,535_アンゴラ,2015000000,2015年,1785786,千円
30301000,30301_原油及び粗油,360,12月_金額,50535,535_アンゴラ,2014000000,2014年,17035875,千円
30301000,30301_原油及び粗油,360,12月_金額,50535,535_アンゴラ,2013000000,2013年,0,千円
30301000,30301_原油及び粗油,360,12月_金額,50535,535_アンゴラ,2012000000,2012年,0,千円
30301000,30301_原油及び粗油,360,12月_金額,50535,535_アンゴラ,2011000000,2011年,0,千円
30301000,30301_原油及び粗油,360,12月_金額,50560,560_南スーダン,2012000000,2012年,0,千円
30301000,30301_原油及び粗油,360,12月_金額,50560,560_南スーダン,2011000000,2011年,8541032,千円
30301000,30301_原油及び粗油,360,12月_金額,50601,601_オーストラリア,2015000000,2015年,4962327,千円
30301000,30301_原油及び粗油,360,12月_金額,50601,601_オーストラリア,2014000000,2014年,13992248,千円
30301000,30301_原油及び粗油,360,12月_金額,50601,601_オーストラリア,2013000000,2013年,20346415,千円
30301000,30301_原油及び粗油,360,12月_金額,50601,601_オーストラリア,2012000000,2012年,12100415,千円
30301000,30301_原油及び粗油,360,12月_金額,50601,601_オーストラリア,2011000000,2011年,11455038,千円
30301000,30301_原油及び粗油,360,12月_金額,50602,602_パプアニューギニア,2015000000,2015年,3169208,千円
30301000,30301_原油及び粗油,360,12月_金額,50602,602_パプアニューギニア,2013000000,2013年,0,千円
30301000,30301_原油及び粗油,360,12月_金額,50602,602_パプアニューギニア,2012000000,2012年,0,千円
30301000,30301_原油及び粗油,360,12月_金額,50602,602_パプアニューギニア,2011000000,2011年,0,千円
30301000,30301_原油及び粗油,360,12月_金額,50703,703_保税工場・総合保税地域,2014000000,2014年,0,千円
