tab_code,tab_name,cat01_code,cat01_name,area_code,area_name,time_code,time_name,value,unit
1,指数,0001,0001 総合,00000,全国,2026000808,2026年8月,114.3,
1,指数,0001,0001 総合,00000,全国,2026000707,2026年7月,114.2,
1,指数,0001,0001 総合,00000,全国,2026000606,2026年6月,113.6,
1,指数,0001,0001 総合,00000,全国,2026000505,2026年5月,113.5,
1,指数,0001,0001 総合,00000,全国,2026000404,2026年4月,113.0,
1,指数,0001,0001 総合,00000,全国,2026000303,2026年3月,112.7,
1,指数,0001,0001 総合,00000,全国,2026000202,2026年2月,112.2,
1,指数,0001,0001 総合,00000,全国,2026000101,2026年1月,112.9,
1,指数,0001,0001 総合,00000,全国,2025001212,2025年12月,113.0,
1,指数,0001,0001 総合,00000,全国,2025001111,2025年11月,113.2,
1,指数,0001,0001 総合,00000,全国,2025001010,2025年10月,112.8,
1,指数,0001,0001 総合,00000,全国,2025000909,2025年9月,112.0,
1,指数,0001,0001 総合,00000,全国,2025000808,2025年8月,112.1,
1,指数,0001,0001 総合,00000,全国,2025000707,2025年7月,111.9,
1,指数,0001,0001 総合,00000,全国,2025000606,2025年6月,111.7,
1,指数,0001,0001 総合,00000,全国,2025000505,2025年5月,111.8,
1,指数,0001,0001 総合,00000,全国,2025000404,2025年4月,111.5,
1,指数,0001,0001 総合,00000,全国,2025000303,2025年3月,111.1,
1,指数,0001,0001 総合,00000,全国,2025000202,2025年2月,110.8,
1,指数,0001,0001 総合,00000,全国,2025000101,2025年1月,111.2,
1,指数,0001,0001 総合,00000,全国,2024001212,2024年12月,110.7,
1,指数,0001,0001 総合,00000,全国,2024001111,2024年11月,110.0,
1,指数,0001,0001 総合,00000,全国,2024001010,2024年10月,109.5,
1,指数,0001,0001 総合,00000,全国,2024000909,2024年9月,108.9,
1,指数,0001,0001 総合,00000,全国,2024000808,2024年8月,109.1,
1,指数,0001,0001 総合,00000,全国,2024000707,2024年7月,108.6,
1,指数,0001,0001 総合,00000,全国,2024000606,2024年6月,108.2,
1,指数,0001,0001 総合,00000,全国,2024000505,2024年5月,108.1,
1,指数,0001,0001 総合,00000,全国,2024000404,2024年4月,107.7,
1,指数,0001,0001 総合,00000,全国,2024000303,2024年3月,107.2,
1,指数,0001,0001 総合,00000,全国,2024000202,2024年2月,106.9,
1,指数,0001,0001 総合,00000,全国,2024000101,2024年1月,106.9,
1,指数,0001,0001 総合,00000,全国,2023001212,2023年12月,106.8,
1,指数,0001,0001 総合,00000,全国,2023001111,2023年11月,106.9,
1,指数,0001,0001 総合,00000,全国,2023001010,2023年10月,107.1,
1,指数,0001,0001 総合,00000,全国,2023000909,2023年9月,106.2,
1,指数,0001,0001 総合,00000,全国,2023000808,2023年8月,105.9,
1,指数,0001,0001 総合,00000,全国,2023000707,2023年7月,105.7,
1,指数,0001,0001 総合,00000,全国,2023000606,2023年6月,105.2,
1,指数,0001,0001 総合,00000,全国,2023000505,2023年5月,105.1,
1,指数,0001,0001 総合,00000,全国,2023000404,2023年4月,105.1,
1,指数,0001,0001 総合,00000,全国,2023000303,2023年3月,104.4,
1,指数,0001,0001 総合,00000,全国,2023000202,2023年2月,104.0,
1,指数,0001,0001 総合,00000,全国,2023000101,2023年1月,104.7,
1,指数,0001,0001 総合,00000,全国,2022001212,2022年12月,104.1,
1,指数,0001,0001 総合,00000,全国,2022001111,2022年11月,103.9,
1,指数,0001,0001 総合,00000,全国,2022001010,2022年10月,103.7,
1,指数,0001,0001 総合,00000,全国,2022000909,2022年9月,103.1,
1,指数,0001,0001 総合,00000,全国,2022000808,2022年8月,102.7,
1,指数,0001,0001 総合,00000,全国,2022000707,2022年7月,102.3,
1,指数,0001,0001 総合,00000,全国,2022000606,2022年6月,101.8,
1,指数,0001,0001 総合,00000,全国,2022000505,2022年5月,101.8,
1,指数,0001,0001 総合,00000,全国,2022000404,2022年4月,101.5,
1,指数,0001,0001 総合,00000,全国,2022000303,2022年3月,101.1,
1,指数,0001,0001 総合,00000,全国,2022000202,2022年2月,100.7,
1,指数,0001,0001 総合,00000,全国,2022000101,2022年1月,100.3,
1,指数,0001,0001 総合,00000,全国,2021001212,2021年12月,100.1,
1,指数,0001,0001 総合,00000,全国,2021001111,2021年11月,100.1,
1,指数,0001,0001 総合,00000,全国,2021001010,2021年10月,99.9,
1,指数,0001,0001 総合,00000,全国,2021000909,2021年9月,100.1,
1,指数,0001,0001 総合,00000,全国,2021000808,2021年8月,99.7,
1,指数,0001,0001 総合,00000,全国,2021000707,2021年7月,99.7,
1,指数,0001,0001 総合,00000,全国,2021000606,2021年6月,99.5,
1,指数,0001,0001 総合,00000,全国,2021000505,2021年5月,99.4,
1,指数,0001,0001 総合,00000,全国,2021000404,2021年4月,99.1,
1,指数,0001,0001 総合,00000,全国,2021000303,2021年3月,99.9,
1,指数,0001,0001 総合,00000,全国,2021000202,2021年2月,99.8,
1,指数,0001,0001 総合,00000,全国,2021000101,2021年1月,99.8,
1,指数,0001,0001 総合,00000,全国,2020001212,2020年12月,99.3,
1,指数,0001,0001 総合,00000,全国,2020001111,2020年11月,99.5,
1,指数,0001,0001 総合,00000,全国,2020001010,2020年10月,99.8,
1,指数,0001,0001 総合,00000,全国,2020000909,2020年9月,99.9,
1,指数,0001,0001 総合,00000,全国,2020000808,2020年8月,100.1,
1,指数,0001,0001 総合,00000,全国,2020000707,2020年7月,100.0,
1,指数,0001,0001 総合,00000,全国,2020000606,2020年6月,99.9,
1,指数,0001,0001 総合,00000,全国,2020000505,2020年5月,100.1,
1,指数,0001,0001 総合,00000,全国,2020000404,2020年4月,100.2,
1,指数,0001,0001 総合,00000,全国,2020000303,2020年3月,100.3,
1,指数,0001,0001 総合,00000,全国,2020000202,2020年2月,100.3,
1,指数,0001,0001 総合,00000,全国,2020000101,2020年1月,100.5,
1,指数,0001,0001 総合,00000,全国,2019001212,2019年12月,100.5,
1,指数,0001,0001 総合,00000,全国,2019001111,2019年11月,100.5,
1,指数,0001,0001 総合,00000,全国,2019001010,2019年10月,100.4,
1,指数,0001,0001 総合,00000,全国,2019000909,2019年9月,100.1,
1,指数,0001,0001 総合,00000,全国,2019000808,2019年8月,100.0,
1,指数,0001,0001 総合,00000,全国,2019000707,2019年7月,99.8,
1,指数,0001,0001 総合,00000,全国,2019000606,2019年6月,99.8,
1,指数,0001,0001 総合,00000,全国,2019000505,2019年5月,100.0,
1,指数,0001,0001 総合,00000,全国,2019000404,2019年4月,100.0,
1,指数,0001,0001 総合,00000,全国,2019000303,2019年3月,99.7,
1,指数,0001,0001 総合,00000,全国,2019000202,2019年2月,99.7,
1,指数,0001,0001 総合,00000,全国,2019000101,2019年1月,99.7,
1,指数,0001,0001 総合,00000,全国,2018001212,2018年12月,99.7,
1,指数,0001,0001 総合,00000,全国,2018001111,2018年11月,100.0,
1,指数,0001,0001 総合,00000,全国,2018001010,2018年10月,100.2,
1,指数,0001,0001 総合,00000,全国,2018000909,2018年9月,99.9,
1,指数,0001,0001 総合,00000,全国,2018000808,2018年8月,99.8,
1,指数,0001,0001 総合,00000,全国,2018000707,2018年7月,99.2,
1,指数,0001,0001 総合,00000,全国,2018000606,2018年6月,99.2,
1,指数,0001,0001 総合,00000,全国,2018000505,2018年5月,99.3,
1,指数,0001,0001 総合,00000,全国,2018000404,2018年4月,99.1,
1,指数,0001,0001 総合,00000,全国,2018000303,2018年3月,99.2,
1,指数,0001,0001 総合,00000,全国,2018000202,2018年2月,99.5,
1,指数,0001,0001 総合,00000,全国,2018000101,2018年1月,99.5,
1,指数,0001,0001 総合,00000,全国,2017001212,2017年12月,99.4,
1,指数,0001,0001 総合,00000,全国,2017001111,2017年11月,99.1,
1,指数,0001,0001 総合,00000,全国,2017001010,2017年10月,98.8,
1,指数,0001,0001 総合,00000,全国,2017000909,2017年9月,98.8,
1,指数,0001,0001 総合,00000,全国,2017000808,2017年8月,98.5,
1,指数,0001,0001 総合,00000,全国,2017000707,2017年7月,98.3,
1,指数,0001,0001 総合,00000,全国,2017000606,2017年6月,98.5,
1,指数,0001,0001 総合,00000,全国,2017000505,2017年5月,98.6,
1,指数,0001,0001 総合,00000,全国,2017000404,2017年4月,98.5,
1,指数,0001,0001 総合,00000,全国,2017000303,2017年3月,98.1,
1,指数,0001,0001 総合,00000,全国,2017000202,2017年2月,98.1,
1,指数,0001,0001 総合,00000,全国,2017000101,2017年1月,98.2,
1,指数,0001,0001 総合,00000,全国,2016001212,2016年12月,98.4,
1,指数,0001,0001 総合,00000,全国,2016001111,2016年11月,98.6,
1,指数,0001,0001 総合,00000,全国,2016001010,2016年10月,98.6,
1,指数,0001,0001 総合,00000,全国,2016000909,2016年9月,98.0,
1,指数,0001,0001 総合,00000,全国,2016000808,2016年8月,97.9,
1,指数,0001,0001 総合,00000,全国,2016000707,2016年7月,97.9,
1,指数,0001,0001 総合,00000,全国,2016000606,2016年6月,98.1,
1,指数,0001,0001 総合,00000,全国,2016000505,2016年5月,98.2,
1,指数,0001,0001 総合,00000,全国,2016000404,2016年4月,98.1,
1,指数,0001,0001 総合,00000,全国,2016000303,2016年3月,97.9,
1,指数,0001,0001 総合,00000,全国,2016000202,2016年2月,97.8,
1,指数,0001,0001 総合,00000,全国,2016000101,2016年1月,97.7,
1,指数,0001,0001 総合,00000,全国,2015001212,2015年12月,98.1,
1,指数,0001,0001 総合,00000,全国,2015001111,2015年11月,98.1,
1,指数,0001,0001 総合,00000,全国,2015001010,2015年10月,98.5,
1,指数,0001,0001 総合,00000,全国,2015000909,2015年9月,98.5,
1,指数,0001,0001 総合,00000,全国,2015000808,2015年8月,98.4,
1,指数,0001,0001 総合,00000,全国,2015000707,2015年7月,98.3,
1,指数,0001,0001 総合,00000,全国,2015000606,2015年6月,98.4,
1,指数,0001,0001 総合,00000,全国,2015000505,2015年5月,98.7,
1,指数,0001,0001 総合,00000,全国,2015000404,2015年4月,98.4,
1,指数,0001,0001 総合,00000,全国,2015000303,2015年3月,97.9,
1,指数,0001,0001 総合,00000,全国,2015000202,2015年2月,97.6,
1,指数,0001,0001 総合,00000,全国,2015000101,2015年1月,97.8,
1,指数,0001,0001 総合,00000,全国,2014001212,2014年12月,97.9,
1,指数,0001,0001 総合,00000,全国,2014001111,2014年11月,97.9,
1,指数,0001,0001 総合,00000,全国,2014001010,2014年10月,98.2,
1,指数,0001,0001 総合,00000,全国,2014000909,2014年9月,98.5,
1,指数,0001,0001 総合,00000,全国,2014000808,2014年8月,98.3,
1,指数,0001,0001 総合,00000,全国,2014000707,2014年7月,98.1,
1,指数,0001,0001 総合,00000,全国,2014000606,2014年6月,98.0,
1,指数,0001,0001 総合,00000,全国,2014000505,2014年5月,98.1,
1,指数,0001,0001 総合,00000,全国,2014000404,2014年4月,97.7,
1,指数,0001,0001 総合,00000,全国,2014000303,2014年3月,95.7,
1,指数,0001,0001 総合,00000,全国,2014000202,2014年2月,95.5,
1,指数,0001,0001 総合,00000,全国,2014000101,2014年1月,95.5,
1,指数,0001,0001 総合,00000,全国,2013001212,2013年12月,95.6,
1,指数,0001,0001 総合,00000,全国,2013001111,2013年11月,95.5,
1,指数,0001,0001 総合,00000,全国,2013001010,2013年10月,95.5,
1,指数,0001,0001 総合,00000,全国,2013000909,2013年9月,95.4,
1,指数,0001,0001 総合,00000,全国,2013000808,2013年8月,95.1,
1,指数,0001,0001 総合,00000,全国,2013000707,2013年7月,94.8,
1,指数,0001,0001 総合,00000,全国,2013000606,2013年6月,94.6,
1,指数,0001,0001 総合,00000,全国,2013000505,2013年5月,94.6,
1,指数,0001,0001 総合,00000,全国,2013000404,2013年4月,94.5,
1,指数,0001,0001 総合,00000,全国,2013000303,2013年3月,94.2,
1,指数,0001,0001 総合,00000,全国,2013000202,2013年2月,94.0,
1,指数,0001,0001 総合,00000,全国,2013000101,2013年1月,94.2,
1,指数,0001,0001 総合,00000,全国,2012001212,2012年12月,94.1,
1,指数,0001,0001 総合,00000,全国,2012001111,2012年11月,94.1,
1,指数,0001,0001 総合,00000,全国,2012001010,2012年10月,94.4,
1,指数,0001,0001 総合,00000,全国,2012000909,2012年9月,94.4,
1,指数,0001,0001 総合,00000,全国,2012000808,2012年8月,94.3,
1,指数,0001,0001 総合,00000,全国,2012000707,2012年7月,94.1,
1,指数,0001,0001 総合,00000,全国,2012000606,2012年6月,94.4,
1,指数,0001,0001 総合,00000,全国,2012000505,2012年5月,94.9,
1,指数,0001,0001 総合,00000,全国,2012000404,2012年4月,95.2,
1,指数,0001,0001 総合,00000,全国,2012000303,2012年3月,95.1,
1,指数,0001,0001 総合,00000,全国,2012000202,2012年2月,94.7,
1,指数,0001,0001 総合,00000,全国,2012000101,2012年1月,94.5,
1,指数,0001,0001 総合,00000,全国,2011001212,2011年12月,94.3,
1,指数,0001,0001 総合,00000,全国,2011001111,2011年11月,94.2,
1,指数,0001,0001 総合,00000,全国,2011001010,2011年10月,94.8,
1,指数,0001,0001 総合,00000,全国,2011000909,2011年9月,94.7,
1,指数,0001,0001 総合,00000,全国,2011000808,2011年8月,94.7,
1,指数,0001,0001 総合,00000,全国,2011000707,2011年7月,94.6,
1,指数,0001,0001 総合,00000,全国,2011000606,2011年6月,94.6,
1,指数,0001,0001 総合,00000,全国,2011000505,2011年5月,94.7,
1,指数,0001,0001 総合,00000,全国,2011000404,2011年4月,94.7,
1,指数,0001,0001 総合,00000,全国,2011000303,2011年3月,94.6,
1,指数,0001,0001 総合,00000,全国,2011000202,2011年2月,94.4,
1,指数,0001,0001 総合,00000,全国,2011000101,2011年1月,94.4,
1,指数,0001,0001 総合,00000,全国,2010001212,2010年12月,94.5,
1,指数,0001,0001 総合,00000,全国,2010001111,2010年11月,94.7,
1,指数,0001,0001 総合,00000,全国,2010001010,2010年10月,95.0,
1,指数,0001,0001 総合,00000,全国,2010000909,2010年9月,94.7,
1,指数,0001,0001 総合,00000,全国,2010000808,2010年8月,94.5,
1,指数,0001,0001 総合,00000,全国,2010000707,2010年7月,94.4,
1,指数,0001,0001 総合,00000,全国,2010000606,2010年6月,94.9,
1,指数,0001,0001 総合,00000,全国,2010000505,2010年5月,95.1,
1,指数,0001,0001 総合,00000,全国,2010000404,2010年4月,95.1,
1,指数,0001,0001 総合,00000,全国,2010000303,2010年3月,95.1,
1,指数,0001,0001 総合,00000,全国,2010000202,2010年2月,94.9,
1,指数,0001,0001 総合,00000,全国,2010000101,2010年1月,94.9,
1,指数,0001,0001 総合,00000,全国,2009001212,2009年12月,94.8,
1,指数,0001,0001 総合,00000,全国,2009001111,2009年11月,95.0,
1,指数,0001,0001 総合,00000,全国,2009001010,2009年10月,95.2,
1,指数,0001,0001 総合,00000,全国,2009000909,2009年9月,95.6,
1,指数,0001,0001 総合,00000,全国,2009000808,2009年8月,95.6,
1,指数,0001,0001 総合,00000,全国,2009000707,2009年7月,95.3,
1,指数,0001,0001 総合,00000,全国,2009000606,2009年6月,95.6,
1,指数,0001,0001 総合,00000,全国,2009000505,2009年5月,95.8,
1,指数,0001,0001 総合,00000,全国,2009000404,2009年4月,96.0,
1,指数,0001,0001 総合,00000,全国,2009000303,2009年3月,95.9,
1,指数,0001,0001 総合,00000,全国,2009000202,2009年2月,95.6,
1,指数,0001,0001 総合,00000,全国,2009000101,2009年1月,95.9,
1,指数,0001,0001 総合,00000,全国,2008001212,2008年12月,96.4,
1,指数,0001,0001 総合,00000,全国,2008001111,2008年11月,96.8,
1,指数,0001,0001 総合,00000,全国,2008001010,2008年10月,97.7,
1,指数,0001,0001 総合,00000,全国,2008000909,2008年9月,97.8,
1,指数,0001,0001 総合,00000,全国,2008000808,2008年8月,97.8,
1,指数,0001,0001 総合,00000,全国,2008000707,2008年7月,97.5,
1,指数,0001,0001 総合,00000,全国,2008000606,2008年6月,97.3,
1,指数,0001,0001 総合,00000,全国,2008000505,2008年5月,96.8,
1,指数,0001,0001 総合,00000,全国,2008000404,2008年4月,96.0,
1,指数,0001,0001 総合,00000,全国,2008000303,2008年3月,96.1,
1,指数,0001,0001 総合,00000,全国,2008000202,2008年2月,95.7,
1,指数,0001,0001 総合,00000,全国,2008000101,2008年1月,95.9,
1,指数,0001,0001 総合,00000,全国,2007001212,2007年12月,96.0,
1,指数,0001,0001 総合,00000,全国,2007001111,2007年11月,95.9,
1,指数,0001,0001 総合,00000,全国,2007001010,2007年10月,96.0,
1,指数,0001,0001 総合,00000,全国,2007000909,2007年9月,95.8,
1,指数,0001,0001 総合,00000,全国,2007000808,2007年8月,95.8,
1,指数,0001,0001 総合,00000,全国,2007000707,2007年7月,95.3,
1,指数,0001,0001 総合,00000,全国,2007000606,2007年6月,95.4,
1,指数,0001,0001 総合,00000,全国,2007000505,2007年5月,95.6,
1,指数,0001,0001 総合,00000,全国,2007000404,2007年4月,95.3,
1,指数,0001,0001 総合,00000,全国,2007000303,2007年3月,95.0,
1,指数,0001,0001 総合,00000,全国,2007000202,2007年2月,94.7,
1,指数,0001,0001 総合,00000,全国,2007000101,2007年1月,95.2,
1,指数,0001,0001 総合,00000,全国,2006001212,2006年12月,95.4,
1,指数,0001,0001 総合,00000,全国,2006001111,2006年11月,95.3,
1,指数,0001,0001 総合,00000,全国,2006001010,2006年10月,95.8,
1,指数,0001,0001 総合,00000,全国,2006000909,2006年9月,96.0,
1,指数,0001,0001 総合,00000,全国,2006000808,2006年8月,96.0,
1,指数,0001,0001 総合,00000,全国,2006000707,2006年7月,95.3,
1,指数,0001,0001 総合,00000,全国,2006000606,2006年6月,95.6,
1,指数,0001,0001 総合,00000,全国,2006000505,2006年5月,95.6,
1,指数,0001,0001 総合,00000,全国,2006000404,2006年4月,95.3,
1,指数,0001,0001 総合,00000,全国,2006000303,2006年3月,95.1,
1,指数,0001,0001 総合,00000,全国,2006000202,2006年2月,94.9,
1,指数,0001,0001 総合,00000,全国,2006000101,2006年1月,95.2,
1,指数,0001,0001 総合,00000,全国,2005001212,2005年12月,95.1,
1,指数,0001,0001 総合,00000,全国,2005001111,2005年11月,95.0,
1,指数,0001,0001 総合,00000,全国,2005001010,2005年10月,95.4,
1,指数,0001,0001 総合,00000,全国,2005000909,2005年9月,95.4,
1,指数,0001,0001 総合,00000,全国,2005000808,2005年8月,95.1,
1,指数,0001,0001 総合,00000,全国,2005000707,2005年7月,95.0,
1,指数,0001,0001 総合,00000,全国,2005000606,2005年6月,95.1,
1,指数,0001,0001 総合,00000,全国,2005000505,2005年5月,95.5,
1,指数,0001,0001 総合,00000,全国,2005000404,2005年4月,95.4,
1,指数,0001,0001 総合,00000,全国,2005000303,2005年3月,95.3,
1,指数,0001,0001 総合,00000,全国,2005000202,2005年2月,95.0,
1,指数,0001,0001 総合,00000,全国,2005000101,2005年1月,95.3,
1,指数,0001,0001 総合,00000,全国,2004001212,2004年12月,95.5,
1,指数,0001,0001 総合,00000,全国,2004001111,2004年11月,96.0,
1,指数,0001,0001 総合,00000,全国,2004001010,2004年10月,96.2,
1,指数,0001,0001 総合,00000,全国,2004000909,2004年9月,95.7,
1,指数,0001,0001 総合,00000,全国,2004000808,2004年8月,95.4,
1,指数,0001,0001 総合,00000,全国,2004000707,2004年7月,95.3,
1,指数,0001,0001 総合,00000,全国,2004000606,2004年6月,95.6,
1,指数,0001,0001 総合,00000,全国,2004000505,2004年5月,95.4,
1,指数,0001,0001 総合,00000,全国,2004000404,2004年4月,95.3,
1,指数,0001,0001 総合,00000,全国,2004000303,2004年3月,95.3,
1,指数,0001,0001 総合,00000,全国,2004000202,2004年2月,95.1,
1,指数,0001,0001 総合,00000,全国,2004000101,2004年1月,95.1,
1,指数,0001,0001 総合,00000,全国,2003001212,2003年12月,95.3,
1,指数,0001,0001 総合,00000,全国,2003001111,2003年11月,95.2,
1,指数,0001,0001 総合,00000,全国,2003001010,2003年10月,95.7,
1,指数,0001,0001 総合,00000,全国,2003000909,2003年9月,95.7,
1,指数,0001,0001 総合,00000,全国,2003000808,2003年8月,95.6,
1,指数,0001,0001 総合,00000,全国,2003000707,2003年7月,95.4,
1,指数,0001,0001 総合,00000,全国,2003000606,2003年6月,95.6,
1,指数,0001,0001 総合,00000,全国,2003000505,2003年5月,95.9,
1,指数,0001,0001 総合,00000,全国,2003000404,2003年4月,95.7,
1,指数,0001,0001 総合,00000,全国,2003000303,2003年3月,95.4,
1,指数,0001,0001 総合,00000,全国,2003000202,2003年2月,95.1,
1,指数,0001,0001 総合,00000,全国,2003000101,2003年1月,95.4,
1,指数,0001,0001 総合,00000,全国,2002001212,2002年12月,95.7,
1,指数,0001,0001 総合,00000,全国,2002001111,2002年11月,95.7,
1,指数,0001,0001 総合,00000,全国,2002001010,2002年10月,95.7,
1,指数,0001,0001 総合,00000,全国,2002000909,2002年9月,95.9,
1,指数,0001,0001 総合,00000,全国,2002000808,2002年8月,95.9,
1,指数,0001,0001 総合,00000,全国,2002000707,2002年7月,95.6,
1,指数,0001,0001 総合,00000,全国,2002000606,2002年6月,96.0,
1,指数,0001,0001 総合,00000,全国,2002000505,2002年5月,96.1,
1,指数,0001,0001 総合,00000,全国,2002000404,2002年4月,95.8,
1,指数,0001,0001 総合,00000,全国,2002000303,2002年3月,95.5,
1,指数,0001,0001 総合,00000,全国,2002000202,2002年2月,95.3,
1,指数,0001,0001 総合,00000,全国,2002000101,2002年1月,95.8,
1,指数,0001,0001 総合,00000,全国,2001001212,2001年12月,96.0,
1,指数,0001,0001 総合,00000,全国,2001001111,2001年11月,96.1,
1,指数,0001,0001 総合,00000,全国,2001001010,2001年10月,96.6,
1,指数,0001,0001 総合,00000,全国,2001000909,2001年9月,96.6,
1,指数,0001,0001 総合,00000,全国,2001000808,2001年8月,96.7,
1,指数,0001,0001 総合,00000,全国,2001000707,2001年7月,96.4,
1,指数,0001,0001 総合,00000,全国,2001000606,2001年6月,96.7,
1,指数,0001,0001 総合,00000,全国,2001000505,2001年5月,96.9,
1,指数,0001,0001 総合,00000,全国,2001000404,2001年4月,96.8,
1,指数,0001,0001 総合,00000,全国,2001000303,2001年3月,96.7,
1,指数,0001,0001 総合,00000,全国,2001000202,2001年2月,96.8,
1,指数,0001,0001 総合,00000,全国,2001000101,2001年1月,97.1,
1,指数,0001,0001 総合,00000,全国,2000001212,2000年12月,97.1,
1,指数,0001,0001 総合,00000,全国,2000001111,2000年11月,97.0,
1,指数,0001,0001 総合,00000,全国,2000001010,2000年10月,97.3,
1,指数,0001,0001 総合,00000,全国,2000000909,2000年9月,97.3,
1,指数,0001,0001 総合,00000,全国,2000000808,2000年8月,97.4,
1,指数,0001,0001 総合,00000,全国,2000000707,2000年7月,97.1,
1,指数,0001,0001 総合,00000,全国,2000000606,2000年6月,97.4,
1,指数,0001,0001 総合,00000,全国,2000000505,2000年5月,97.6,
1,指数,0001,0001 総合,00000,全国,2000000404,2000年4月,97.5,
1,指数,0001,0001 総合,00000,全国,2000000303,2000年3月,97.3,
1,指数,0001,0001 総合,00000,全国,2000000202,2000年2月,97.1,
1,指数,0001,0001 総合,00000,全国,2000000101,2000年1月,97.4,
1,指数,0001,0001 総合,00000,全国,1999001212,1999年12月,97.5,
1,指数,0001,0001 総合,00000,全国,1999001111,1999年11月,97.8,
1,指数,0001,0001 総合,00000,全国,1999001010,1999年10月,98.4,
1,指数,0001,0001 総合,00000,全国,1999000909,1999年9月,98.2,
1,指数,0001,0001 総合,00000,全国,1999000808,1999年8月,97.9,
1,指数,0001,0001 総合,00000,全国,1999000707,1999年7月,97.6,
1,指数,0001,0001 総合,00000,全国,1999000606,1999年6月,98.0,
1,指数,0001,0001 総合,00000,全国,1999000505,1999年5月,98.3,
1,指数,0001,0001 総合,00000,全国,1999000404,1999年4月,98.3,
1,指数,0001,0001 総合,00000,全国,1999000303,1999年3月,97.8,
1,指数,0001,0001 総合,00000,全国,1999000202,1999年2月,97.7,
1,指数,0001,0001 総合,00000,全国,1999000101,1999年1月,98.1,
1,指数,0001,0001 総合,00000,全国,1998001212,1998年12月,98.6,
1,指数,0001,0001 総合,00000,全国,1998001111,1998年11月,99.0,
1,指数,0001,0001 総合,00000,全国,1998001010,1998年10月,99.1,
1,指数,0001,0001 総合,00000,全国,1998000909,1998年9月,98.4,
1,指数,0001,0001 総合,00000,全国,1998000808,1998年8月,97.6,
1,指数,0001,0001 総合,00000,全国,1998000707,1998年7月,97.7,
1,指数,0001,0001 総合,00000,全国,1998000606,1998年6月,98.3,
1,指数,0001,0001 総合,00000,全国,1998000505,1998年5月,98.7,
1,指数,0001,0001 総合,00000,全国,1998000404,1998年4月,98.4,
1,指数,0001,0001 総合,00000,全国,1998000303,1998年3月,98.2,
1,指数,0001,0001 総合,00000,全国,1998000202,1998年2月,97.8,
1,指数,0001,0001 総合,00000,全国,1998000101,1998年1月,97.9,
1,指数,0001,0001 総合,00000,全国,1997001212,1997年12月,98.0,
1,指数,0001,0001 総合,00000,全国,1997001111,1997年11月,98.2,
1,指数,0001,0001 総合,00000,全国,1997001010,1997年10月,98.9,
1,指数,0001,0001 総合,00000,全国,1997000909,1997年9月,98.6,
1,指数,0001,0001 総合,00000,全国,1997000808,1997年8月,97.9,
1,指数,0001,0001 総合,00000,全国,1997000707,1997年7月,97.8,
1,指数,0001,0001 総合,00000,全国,1997000606,1997年6月,98.2,
1,指数,0001,0001 総合,00000,全国,1997000505,1997年5月,98.2,
1,指数,0001,0001 総合,00000,全国,1997000404,1997年4月,98.0,
1,指数,0001,0001 総合,00000,全国,1997000303,1997年3月,96.1,
1,指数,0001,0001 総合,00000,全国,1997000202,1997年2月,96.0,
1,指数,0001,0001 総合,00000,全国,1997000101,1997年1月,96.2,
1,指数,0001,0001 総合,00000,全国,1996001212,1996年12月,96.3,
1,指数,0001,0001 総合,00000,全国,1996001111,1996年11月,96.2,
1,指数,0001,0001 総合,00000,全国,1996001010,1996年10月,96.5,
1,指数,0001,0001 総合,00000,全国,1996000909,1996年9月,96.3,
1,指数,0001,0001 総合,00000,全国,1996000808,1996年8月,95.9,
1,指数,0001,0001 総合,00000,全国,1996000707,1996年7月,96.0,
1,指数,0001,0001 総合,00000,全国,1996000606,1996年6月,96.1,
1,指数,0001,0001 総合,00000,全国,1996000505,1996年5月,96.4,
1,指数,0001,0001 総合,00000,全国,1996000404,1996年4月,96.2,
1,指数,0001,0001 総合,00000,全国,1996000303,1996年3月,95.6,
1,指数,0001,0001 総合,00000,全国,1996000202,1996年2月,95.4,
1,指数,0001,0001 総合,00000,全国,1996000101,1996年1月,95.6,
1,指数,0001,0001 総合,00000,全国,1995001212,1995年12月,95.7,
1,指数,0001,0001 総合,00000,全国,1995001111,1995年11月,95.7,
1,指数,0001,0001 総合,00000,全国,1995001010,1995年10月,96.0,
1,指数,0001,0001 総合,00000,全国,1995000909,1995年9月,96.3,
1,指数,0001,0001 総合,00000,全国,1995000808,1995年8月,95.7,
1,指数,0001,0001 総合,00000,全国,1995000707,1995年7月,95.6,
1,指数,0001,0001 総合,00000,全国,1995000606,1995年6月,96.1,
1,指数,0001,0001 総合,00000,全国,1995000505,1995年5月,96.2,
1,指数,0001,0001 総合,00000,全国,1995000404,1995年4月,96.0,
1,指数,0001,0001 総合,00000,全国,1995000303,1995年3月,95.7,
1,指数,0001,0001 総合,00000,全国,1995000202,1995年2月,95.8,
1,指数,0001,0001 総合,00000,全国,1995000101,1995年1月,96.1,
1,指数,0001,0001 総合,00000,全国,1994001212,1994年12月,96.1,
1,指数,0001,0001 総合,00000,全国,1994001111,1994年11月,96.3,
1,指数,0001,0001 総合,00000,全国,1994001010,1994年10月,96.6,
1,指数,0001,0001 総合,00000,全国,1994000909,1994年9月,96.2,
1,指数,0001,0001 総合,00000,全国,1994000808,1994年8月,95.9,
1,指数,0001,0001 総合,00000,全国,1994000707,1994年7月,95.4,
1,指数,0001,0001 総合,00000,全国,1994000606,1994年6月,95.9,
1,指数,0001,0001 総合,00000,全国,1994000505,1994年5月,96.3,
1,指数,0001,0001 総合,00000,全国,1994000404,1994年4月,96.2,
1,指数,0001,0001 総合,00000,全国,1994000303,1994年3月,96.0,
1,指数,0001,0001 総合,00000,全国,1994000202,1994年2月,95.5,
1,指数,0001,0001 総合,00000,全国,1994000101,1994年1月,95.5,
1,指数,0001,0001 総合,00000,全国,1993001212,1993年12月,95.4,
1,指数,0001,0001 総合,00000,全国,1993001111,1993年11月,95.4,
1,指数,0001,0001 総合,00000,全国,1993001010,1993年10月,95.9,
1,指数,0001,0001 総合,00000,全国,1993000909,1993年9月,96.0,
1,指数,0001,0001 総合,00000,全国,1993000808,1993年8月,95.9,
1,指数,0001,0001 総合,00000,全国,1993000707,1993年7月,95.6,
1,指数,0001,0001 総合,00000,全国,1993000606,1993年6月,95.4,
1,指数,0001,0001 総合,00000,全国,1993000505,1993年5月,95.4,
1,指数,0001,0001 総合,00000,全国,1993000404,1993年4月,95.4,
1,指数,0001,0001 総合,00000,全国,1993000303,1993年3月,94.7,
1,指数,0001,0001 総合,00000,全国,1993000202,1993年2月,94.5,
1,指数,0001,0001 総合,00000,全国,1993000101,1993年1月,94.4,
1,指数,0001,0001 総合,00000,全国,1992001212,1992年12月,94.5,
1,指数,0001,0001 総合,00000,全国,1992001111,1992年11月,94.5,
1,指数,0001,0001 総合,00000,全国,1992001010,1992年10月,94.6,
1,指数,0001,0001 総合,00000,全国,1992000909,1992年9月,94.6,
1,指数,0001,0001 総合,00000,全国,1992000808,1992年8月,94.1,
1,指数,0001,0001 総合,00000,全国,1992000707,1992年7月,93.8,
1,指数,0001,0001 総合,00000,全国,1992000606,1992年6月,94.6,
1,指数,0001,0001 総合,00000,全国,1992000505,1992年5月,94.6,
1,指数,0001,0001 総合,00000,全国,1992000404,1992年4月,94.6,
1,指数,0001,0001 総合,00000,全国,1992000303,1992年3月,93.6,
1,指数,0001,0001 総合,00000,全国,1992000202,1992年2月,93.1,
1,指数,0001,0001 総合,00000,全国,1992000101,1992年1月,93.2,
1,指数,0001,0001 総合,00000,全国,1991001212,1991年12月,93.4,
1,指数,0001,0001 総合,00000,全国,1991001111,1991年11月,93.8,
1,指数,0001,0001 総合,00000,全国,1991001010,1991年10月,93.7,
1,指数,0001,0001 総合,00000,全国,1991000909,1991年9月,92.7,
1,指数,0001,0001 総合,00000,全国,1991000808,1991年8月,92.5,
1,指数,0001,0001 総合,00000,全国,1991000707,1991年7月,92.3,
1,指数,0001,0001 総合,00000,全国,1991000606,1991年6月,92.4,
1,指数,0001,0001 総合,00000,全国,1991000505,1991年5月,92.8,
1,指数,0001,0001 総合,00000,全国,1991000404,1991年4月,92.3,
1,指数,0001,0001 総合,00000,全国,1991000303,1991年3月,91.8,
1,指数,0001,0001 総合,00000,全国,1991000202,1991年2月,91.3,
1,指数,0001,0001 総合,00000,全国,1991000101,1991年1月,91.6,
1,指数,0001,0001 総合,00000,全国,1990001212,1990年12月,91.0,
1,指数,0001,0001 総合,00000,全国,1990001111,1990年11月,91.1,
1,指数,0001,0001 総合,00000,全国,1990001010,1990年10月,91.2,
1,指数,0001,0001 総合,00000,全国,1990000909,1990年9月,90.2,
1,指数,0001,0001 総合,00000,全国,1990000808,1990年8月,89.5,
1,指数,0001,0001 総合,00000,全国,1990000707,1990年7月,89.2,
1,指数,0001,0001 総合,00000,全国,1990000606,1990年6月,89.4,
1,指数,0001,0001 総合,00000,全国,1990000505,1990年5月,89.7,
1,指数,0001,0001 総合,00000,全国,1990000404,1990年4月,89.3,
1,指数,0001,0001 総合,00000,全国,1990000303,1990年3月,88.5,
1,指数,0001,0001 総合,00000,全国,1990000202,1990年2月,88.2,
1,指数,0001,0001 総合,00000,全国,1990000101,1990年1月,88.1,
1,指数,0001,0001 総合,00000,全国,1989001212,1989年12月,87.7,
1,指数,0001,0001 総合,00000,全国,1989001111,1989年11月,87.6,
1,指数,0001,0001 総合,00000,全国,1989001010,1989年10月,88.5,
1,指数,0001,0001 総合,00000,全国,1989000909,1989年9月,87.9,
1,指数,0001,0001 総合,00000,全国,1989000808,1989年8月,87.1,
1,指数,0001,0001 総合,00000,全国,1989000707,1989年7月,87.2,
1,指数,0001,0001 総合,00000,全国,1989000606,1989年6月,87.4,
1,指数,0001,0001 総合,00000,全国,1989000505,1989年5月,87.4,
1,指数,0001,0001 総合,00000,全国,1989000404,1989年4月,86.9,
1,指数,0001,0001 総合,00000,全国,1989000303,1989年3月,85.4,
1,指数,0001,0001 総合,00000,全国,1989000202,1989年2月,85.0,
1,指数,0001,0001 総合,00000,全国,1989000101,1989年1月,85.3,
1,指数,0001,0001 総合,00000,全国,1988001212,1988年12月,85.4,
1,指数,0001,0001 総合,00000,全国,1988001111,1988年11月,85.7,
1,指数,0001,0001 総合,00000,全国,1988001010,1988年10月,86.0,
1,指数,0001,0001 総合,00000,全国,1988000909,1988年9月,85.6,
1,指数,0001,0001 総合,00000,全国,1988000808,1988年8月,84.9,
1,指数,0001,0001 総合,00000,全国,1988000707,1988年7月,84.7,
1,指数,0001,0001 総合,00000,全国,1988000606,1988年6月,84.8,
1,指数,0001,0001 総合,00000,全国,1988000505,1988年5月,85.0,
1,指数,0001,0001 総合,00000,全国,1988000404,1988年4月,84.9,
1,指数,0001,0001 総合,00000,全国,1988000303,1988年3月,84.5,
1,指数,0001,0001 総合,00000,全国,1988000202,1988年2月,84.2,
1,指数,0001,0001 総合,00000,全国,1988000101,1988年1月,84.3,
1,指数,0001,0001 総合,00000,全国,1987001212,1987年12月,84.6,
1,指数,0001,0001 総合,00000,全国,1987001111,1987年11月,84.7,
1,指数,0001,0001 総合,00000,全国,1987001010,1987年10月,85.1,
1,指数,0001,0001 総合,00000,全国,1987000909,1987年9月,85.1,
1,指数,0001,0001 総合,00000,全国,1987000808,1987年8月,84.3,
1,指数,0001,0001 総合,00000,全国,1987000707,1987年7月,84.3,
1,指数,0001,0001 総合,00000,全国,1987000606,1987年6月,84.7,
1,指数,0001,0001 総合,00000,全国,1987000505,1987年5月,84.8,
1,指数,0001,0001 総合,00000,全国,1987000404,1987年4月,84.7,
1,指数,0001,0001 総合,00000,全国,1987000303,1987年3月,83.9,
1,指数,0001,0001 総合,00000,全国,1987000202,1987年2月,83.6,
1,指数,0001,0001 総合,00000,全国,1987000101,1987年1月,83.6,
1,指数,0001,0001 総合,00000,全国,1986001212,1986年12月,83.9,
1,指数,0001,0001 総合,00000,全国,1986001111,1986年11月,84.1,
1,指数,0001,0001 総合,00000,全国,1986001010,1986年10月,84.5,
1,指数,0001,0001 総合,00000,全国,1986000909,1986年9月,84.4,
1,指数,0001,0001 総合,00000,全国,1986000808,1986年8月,84.0,
1,指数,0001,0001 総合,00000,全国,1986000707,1986年7月,84.2,
1,指数,0001,0001 総合,00000,全国,1986000606,1986年6月,84.4,
1,指数,0001,0001 総合,00000,全国,1986000505,1986年5月,84.8,
1,指数,0001,0001 総合,00000,全国,1986000404,1986年4月,84.6,
1,指数,0001,0001 総合,00000,全国,1986000303,1986年3月,84.3,
1,指数,0001,0001 総合,00000,全国,1986000202,1986年2月,84.4,
1,指数,0001,0001 総合,00000,全国,1986000101,1986年1月,84.5,
1,指数,0001,0001 総合,00000,全国,1985001212,1985年12月,84.2,
1,指数,0001,0001 総合,00000,全国,1985001111,1985年11月,84.1,
1,指数,0001,0001 総合,00000,全国,1985001010,1985年10月,84.8,
1,指数,0001,0001 総合,00000,全国,1985000909,1985年9月,84.0,
1,指数,0001,0001 総合,00000,全国,1985000808,1985年8月,83.9,
1,指数,0001,0001 総合,00000,全国,1985000707,1985年7月,84.1,
1,指数,0001,0001 総合,00000,全国,1985000606,1985年6月,83.9,
1,指数,0001,0001 総合,00000,全国,1985000505,1985年5月,83.9,
1,指数,0001,0001 総合,00000,全国,1985000404,1985年4月,83.8,
1,指数,0001,0001 総合,00000,全国,1985000303,1985年3月,83.2,
1,指数,0001,0001 総合,00000,全国,1985000202,1985年2月,82.9,
1,指数,0001,0001 総合,00000,全国,1985000101,1985年1月,83.2,
1,指数,0001,0001 総合,00000,全国,1984001212,1984年12月,83.0,
1,指数,0001,0001 総合,00000,全国,1984001111,1984年11月,82.8,
1,指数,0001,0001 総合,00000,全国,1984001010,1984年10月,83.2,
1,指数,0001,0001 総合,00000,全国,1984000909,1984年9月,82.7,
1,指数,0001,0001 総合,00000,全国,1984000808,1984年8月,81.4,
1,指数,0001,0001 総合,00000,全国,1984000707,1984年7月,82.1,
1,指数,0001,0001 総合,00000,全国,1984000606,1984年6月,81.9,
1,指数,0001,0001 総合,00000,全国,1984000505,1984年5月,82.5,
1,指数,0001,0001 総合,00000,全国,1984000404,1984年4月,81.9,
1,指数,0001,0001 総合,00000,全国,1984000303,1984年3月,81.7,
1,指数,0001,0001 総合,00000,全国,1984000202,1984年2月,81.6,
1,指数,0001,0001 総合,00000,全国,1984000101,1984年1月,81.1,
1,指数,0001,0001 総合,00000,全国,1983001212,1983年12月,80.8,
1,指数,0001,0001 総合,00000,全国,1983001111,1983年11月,81.1,
1,指数,0001,0001 総合,00000,全国,1983001010,1983年10月,81.5,
1,指数,0001,0001 総合,00000,全国,1983000909,1983年9月,80.8,
1,指数,0001,0001 総合,00000,全国,1983000808,1983年8月,79.9,
1,指数,0001,0001 総合,00000,全国,1983000707,1983年7月,80.1,
1,指数,0001,0001 総合,00000,全国,1983000606,1983年6月,80.4,
1,指数,0001,0001 総合,00000,全国,1983000505,1983年5月,80.9,
1,指数,0001,0001 総合,00000,全国,1983000404,1983年4月,80.1,
1,指数,0001,0001 総合,00000,全国,1983000303,1983年3月,79.7,
1,指数,0001,0001 総合,00000,全国,1983000202,1983年2月,79.3,
1,指数,0001,0001 総合,00000,全国,1983000101,1983年1月,79.6,
1,指数,0001,0001 総合,00000,全国,1982001212,1982年12月,79.5,
1,指数,0001,0001 総合,00000,全国,1982001111,1982年11月,79.6,
1,指数,0001,0001 総合,00000,全国,1982001010,1982年10月,80.3,
1,指数,0001,0001 総合,00000,全国,1982000909,1982年9月,80.1,
1,指数,0001,0001 総合,00000,全国,1982000808,1982年8月,78.9,
1,指数,0001,0001 総合,00000,全国,1982000707,1982年7月,78.3,
1,指数,0001,0001 総合,00000,全国,1982000606,1982年6月,78.8,
1,指数,0001,0001 総合,00000,全国,1982000505,1982年5月,78.8,
1,指数,0001,0001 総合,00000,全国,1982000404,1982年4月,78.5,
1,指数,0001,0001 総合,00000,全国,1982000303,1982年3月,77.9,
1,指数,0001,0001 総合,00000,全国,1982000202,1982年2月,77.8,
1,指数,0001,0001 総合,00000,全国,1982000101,1982年1月,77.9,
1,指数,0001,0001 総合,00000,全国,1981001212,1981年12月,77.9,
1,指数,0001,0001 総合,00000,全国,1981001111,1981年11月,77.8,
1,指数,0001,0001 総合,00000,全国,1981001010,1981年10月,77.9,
1,指数,0001,0001 総合,00000,全国,1981000909,1981年9月,77.6,
1,指数,0001,0001 総合,00000,全国,1981000808,1981年8月,76.5,
1,指数,0001,0001 総合,00000,全国,1981000707,1981年7月,76.8,
1,指数,0001,0001 総合,00000,全国,1981000606,1981年6月,77.0,
1,指数,0001,0001 総合,00000,全国,1981000505,1981年5月,76.9,
1,指数,0001,0001 総合,00000,全国,1981000404,1981年4月,76.2,
1,指数,0001,0001 総合,00000,全国,1981000303,1981年3月,75.6,
1,指数,0001,0001 総合,00000,全国,1981000202,1981年2月,75.4,
1,指数,0001,0001 総合,00000,全国,1981000101,1981年1月,75.5,
1,指数,0001,0001 総合,00000,全国,1980001212,1980年12月,74.7,
1,指数,0001,0001 総合,00000,全国,1980001111,1980年11月,74.9,
1,指数,0001,0001 総合,00000,全国,1980001010,1980年10月,74.8,
1,指数,0001,0001 総合,00000,全国,1980000909,1980年9月,74.6,
1,指数,0001,0001 総合,00000,全国,1980000808,1980年8月,73.4,
1,指数,0001,0001 総合,00000,全国,1980000707,1980年7月,73.6,
1,指数,0001,0001 総合,00000,全国,1980000606,1980年6月,73.5,
1,指数,0001,0001 総合,00000,全国,1980000505,1980年5月,73.2,
1,指数,0001,0001 総合,00000,全国,1980000404,1980年4月,72.6,
1,指数,0001,0001 総合,00000,全国,1980000303,1980年3月,71.3,
1,指数,0001,0001 総合,00000,全国,1980000202,1980年2月,70.9,
1,指数,0001,0001 総合,00000,全国,1980000101,1980年1月,70.3,
1,指数,0001,0001 総合,00000,全国,1979001212,1979年12月,69.7,
1,指数,0001,0001 総合,00000,全国,1979001111,1979年11月,69.2,
1,指数,0001,0001 総合,00000,全国,1979001010,1979年10月,69.5,
1,指数,0001,0001 総合,00000,全国,1979000909,1979年9月,68.7,
1,指数,0001,0001 総合,00000,全国,1979000808,1979年8月,67.8,
1,指数,0001,0001 総合,00000,全国,1979000707,1979年7月,68.5,
1,指数,0001,0001 総合,00000,全国,1979000606,1979年6月,67.9,
1,指数,0001,0001 総合,00000,全国,1979000505,1979年5月,67.8,
1,指数,0001,0001 総合,00000,全国,1979000404,1979年4月,67.2,
1,指数,0001,0001 総合,00000,全国,1979000303,1979年3月,66.4,
1,指数,0001,0001 総合,00000,全国,1979000202,1979年2月,65.8,
1,指数,0001,0001 総合,00000,全国,1979000101,1979年1月,66.0,
1,指数,0001,0001 総合,00000,全国,1978001212,1978年12月,65.9,
1,指数,0001,0001 総合,00000,全国,1978001111,1978年11月,66.0,
1,指数,0001,0001 総合,00000,全国,1978001010,1978年10月,66.6,
1,指数,0001,0001 総合,00000,全国,1978000909,1978年9月,66.5,
1,指数,0001,0001 総合,00000,全国,1978000808,1978年8月,65.8,
1,指数,0001,0001 総合,00000,全国,1978000707,1978年7月,65.6,
1,指数,0001,0001 総合,00000,全国,1978000606,1978年6月,65.4,
1,指数,0001,0001 総合,00000,全国,1978000505,1978年5月,65.7,
1,指数,0001,0001 総合,00000,全国,1978000404,1978年4月,65.3,
1,指数,0001,0001 総合,00000,全国,1978000303,1978年3月,64.6,
1,指数,0001,0001 総合,00000,全国,1978000202,1978年2月,64.1,
1,指数,0001,0001 総合,00000,全国,1978000101,1978年1月,63.7,
1,指数,0001,0001 総合,00000,全国,1977001212,1977年12月,63.5,
1,指数,0001,0001 総合,00000,全国,1977001111,1977年11月,63.6,
1,指数,0001,0001 総合,00000,全国,1977001010,1977年10月,64.3,
1,指数,0001,0001 総合,00000,全国,1977000909,1977年9月,63.9,
1,指数,0001,0001 総合,00000,全国,1977000808,1977年8月,62.9,
1,指数,0001,0001 総合,00000,全国,1977000707,1977年7月,62.8,
1,指数,0001,0001 総合,00000,全国,1977000606,1977年6月,63.0,
1,指数,0001,0001 総合,00000,全国,1977000505,1977年5月,63.2,
1,指数,0001,0001 総合,00000,全国,1977000404,1977年4月,62.6,
1,指数,0001,0001 総合,00000,全国,1977000303,1977年3月,61.6,
1,指数,0001,0001 総合,00000,全国,1977000202,1977年2月,61.3,
1,指数,0001,0001 総合,00000,全国,1977000101,1977年1月,60.9,
1,指数,0001,0001 総合,00000,全国,1976001212,1976年12月,60.4,
1,指数,0001,0001 総合,00000,全国,1976001111,1976年11月,59.7,
1,指数,0001,0001 総合,00000,全国,1976001010,1976年10月,59.7,
1,指数,0001,0001 総合,00000,全国,1976000909,1976年9月,59.4,
1,指数,0001,0001 総合,00000,全国,1976000808,1976年8月,57.9,
1,指数,0001,0001 総合,00000,全国,1976000707,1976年7月,58.3,
1,指数,0001,0001 総合,00000,全国,1976000606,1976年6月,57.9,
1,指数,0001,0001 総合,00000,全国,1976000505,1976年5月,57.8,
1,指数,0001,0001 総合,00000,全国,1976000404,1976年4月,57.6,
1,指数,0001,0001 総合,00000,全国,1976000303,1976年3月,56.3,
1,指数,0001,0001 総合,00000,全国,1976000202,1976年2月,56.1,
1,指数,0001,0001 総合,00000,全国,1976000101,1976年1月,55.7,
1,指数,0001,0001 総合,00000,全国,1975001212,1975年12月,54.7,
1,指数,0001,0001 総合,00000,全国,1975001111,1975年11月,54.7,
1,指数,0001,0001 総合,00000,全国,1975001010,1975年10月,54.9,
1,指数,0001,0001 総合,00000,全国,1975000909,1975年9月,54.1,
1,指数,0001,0001 総合,00000,全国,1975000808,1975年8月,52.9,
1,指数,0001,0001 総合,00000,全国,1975000707,1975年7月,53.1,
1,指数,0001,0001 総合,00000,全国,1975000606,1975年6月,52.9,
1,指数,0001,0001 総合,00000,全国,1975000505,1975年5月,52.9,
1,指数,0001,0001 総合,00000,全国,1975000404,1975年4月,52.6,
1,指数,0001,0001 総合,00000,全国,1975000303,1975年3月,51.7,
1,指数,0001,0001 総合,00000,全国,1975000202,1975年2月,51.3,
1,指数,0001,0001 総合,00000,全国,1975000101,1975年1月,51.2,
1,指数,0001,0001 総合,00000,全国,1974001212,1974年12月,50.6,
1,指数,0001,0001 総合,00000,全国,1974001111,1974年11月,50.5,
1,指数,0001,0001 総合,00000,全国,1974001010,1974年10月,50.1,
1,指数,0001,0001 総合,00000,全国,1974000909,1974年9月,49.0,
1,指数,0001,0001 総合,00000,全国,1974000808,1974年8月,48.3,
1,指数,0001,0001 総合,00000,全国,1974000707,1974年7月,47.8,
1,指数,0001,0001 総合,00000,全国,1974000606,1974年6月,46.9,
1,指数,0001,0001 総合,00000,全国,1974000505,1974年5月,46.6,
1,指数,0001,0001 総合,00000,全国,1974000404,1974年4月,46.4,
1,指数,0001,0001 総合,00000,全国,1974000303,1974年3月,45.3,
1,指数,0001,0001 総合,00000,全国,1974000202,1974年2月,45.0,
1,指数,0001,0001 総合,00000,全国,1974000101,1974年1月,43.6,
1,指数,0001,0001 総合,00000,全国,1973001212,1973年12月,41.8,
1,指数,0001,0001 総合,00000,全国,1973001111,1973年11月,40.5,
1,指数,0001,0001 総合,00000,全国,1973001010,1973年10月,40.2,
1,指数,0001,0001 総合,00000,全国,1973000909,1973年9月,40.0,
1,指数,0001,0001 総合,00000,全国,1973000808,1973年8月,38.9,
1,指数,0001,0001 総合,00000,全国,1973000707,1973年7月,38.6,
1,指数,0001,0001 総合,00000,全国,1973000606,1973年6月,38.3,
1,指数,0001,0001 総合,00000,全国,1973000505,1973年5月,38.2,
1,指数,0001,0001 総合,00000,全国,1973000404,1973年4月,37.6,
1,指数,0001,0001 総合,00000,全国,1973000303,1973年3月,36.9,
1,指数,0001,0001 総合,00000,全国,1973000202,1973年2月,36.0,
1,指数,0001,0001 総合,00000,全国,1973000101,1973年1月,35.7,
1,指数,0001,0001 総合,00000,全国,1972001212,1972年12月,35.4,
1,指数,0001,0001 総合,00000,全国,1972001111,1972年11月,35.1,
1,指数,0001,0001 総合,00000,全国,1972001010,1972年10月,35.2,
1,指数,0001,0001 総合,00000,全国,1972000909,1972年9月,35.0,
1,指数,0001,0001 総合,00000,全国,1972000808,1972年8月,34.8,
1,指数,0001,0001 総合,00000,全国,1972000707,1972年7月,34.5,
1,指数,0001,0001 総合,00000,全国,1972000606,1972年6月,34.5,
1,指数,0001,0001 総合,00000,全国,1972000505,1972年5月,34.5,
1,指数,0001,0001 総合,00000,全国,1972000404,1972年4月,34.4,
1,指数,0001,0001 総合,00000,全国,1972000303,1972年3月,34.0,
1,指数,0001,0001 総合,00000,全国,1972000202,1972年2月,33.7,
1,指数,0001,0001 総合,00000,全国,1972000101,1972年1月,33.5,
1,指数,0001,0001 総合,00000,全国,1971001212,1971年12月,33.5,
1,指数,0001,0001 総合,00000,全国,1971001111,1971年11月,33.5,
1,指数,0001,0001 総合,00000,全国,1971001010,1971年10月,33.8,
1,指数,0001,0001 総合,00000,全国,1971000909,1971年9月,33.7,
1,指数,0001,0001 総合,00000,全国,1971000808,1971年8月,32.9,
1,指数,0001,0001 総合,00000,全国,1971000707,1971年7月,32.9,
1,指数,0001,0001 総合,00000,全国,1971000606,1971年6月,32.9,
1,指数,0001,0001 総合,00000,全国,1971000505,1971年5月,32.8,
1,指数,0001,0001 総合,00000,全国,1971000404,1971年4月,32.7,
1,指数,0001,0001 総合,00000,全国,1971000303,1971年3月,32.3,
1,指数,0001,0001 総合,00000,全国,1971000202,1971年2月,32.2,
1,指数,0001,0001 総合,00000,全国,1971000101,1971年1月,32.2,
1,指数,0001,0001 総合,00000,全国,1970001212,1970年12月,31.9,
1,指数,0001,0001 総合,00000,全国,1970001111,1970年11月,31.7,
1,指数,0001,0001 総合,00000,全国,1970001010,1970年10月,31.7,
1,指数,0001,0001 総合,00000,全国,1970000909,1970年9月,31.2,
1,指数,0001,0001 総合,00000,全国,1970000808,1970年8月,30.7,
1,指数,0001,0001 総合,00000,全国,1970000707,1970年7月,30.8,
1,指数,0001,0001 総合,00000,全国,1970000606,1970年6月,30.8,
1,指数,0001,0001 総合,00000,全国,1970000505,1970年5月,30.8,
1,指数,0001,0001 総合,00000,全国,1970000404,1970年4月,30.9,
1,指数,0001,0001 総合,00000,全国,1970000303,1970年3月,30.6,
1,指数,0001,0001 総合,00000,全国,1970000202,1970年2月,30.3,
1,指数,0001,0001 総合,00000,全国,1970000101,1970年1月,30.3,
1,指数,0161,0161 生鮮食品を除く総合,00000,全国,2026000808,2026年8月,113.6,
1,指数,0161,0161 生鮮食品を除く総合,00000,全国,2026000707,2026年7月,113.6,
1,指数,0161,0161 生鮮食品を除く総合,00000,全国,2026000606,2026年6月,113.1,
1,指数,0161,0161 生鮮食品を除く総合,00000,全国,2026000505,2026年5月,113.0,
1,指数,0161,0161 生鮮食品を除く総合,00000,全国,2026000404,2026年4月,112.5,
1,指数,0161,0161 生鮮食品を除く総合,00000,全国,2026000303,2026年3月,112.1,
1,指数,0161,0161 生鮮食品を除く総合,00000,全国,2026000202,2026年2月,111.4,
1,指数,0161,0161 生鮮食品を除く総合,00000,全国,2026000101,2026年1月,112.0,
1,指数,0161,0161 生鮮食品を除く総合,00000,全国,2025001212,2025年12月,112.2,
1,指数,0161,0161 生鮮食品を除く総合,00000,全国,2025001111,2025年11月,112.5,
1,指数,0161,0161 生鮮食品を除く総合,00000,全国,2025001010,2025年10月,112.1,
1,指数,0161,0161 生鮮食品を除く総合,00000,全国,2025000909,2025年9月,111.4,
1,指数,0161,0161 生鮮食品を除く総合,00000,全国,2025000808,2025年8月,111.6,
1,指数,0161,0161 生鮮食品を除く総合,00000,全国,2025000707,2025年7月,111.6,
1,指数,0161,0161 生鮮食品を除く総合,00000,全国,2025000606,2025年6月,111.4,
1,指数,0161,0161 生鮮食品を除く総合,00000,全国,2025000505,2025年5月,111.4,
1,指数,0161,0161 生鮮食品を除く総合,00000,全国,2025000404,2025年4月,110.9,
1,指数,0161,0161 生鮮食品を除く総合,00000,全国,2025000303,2025年3月,110.2,
1,指数,0161,0161 生鮮食品を除く総合,00000,全国,2025000202,2025年2月,109.7,
1,指数,0161,0161 生鮮食品を除く総合,00000,全国,2025000101,2025年1月,109.8,
1,指数,0161,0161 生鮮食品を除く総合,00000,全国,2024001212,2024年12月,109.6,
1,指数,0161,0161 生鮮食品を除く総合,00000,全国,2024001111,2024年11月,109.2,
1,指数,0161,0161 生鮮食品を除く総合,00000,全国,2024001010,2024年10月,108.8,
1,指数,0161,0161 生鮮食品を除く総合,00000,全国,2024000909,2024年9月,108.2,
1,指数,0161,0161 生鮮食品を除く総合,00000,全国,2024000808,2024年8月,108.7,
1,指数,0161,0161 生鮮食品を除く総合,00000,全国,2024000707,2024年7月,108.3,
1,指数,0161,0161 生鮮食品を除く総合,00000,全国,2024000606,2024年6月,107.8,
1,指数,0161,0161 生鮮食品を除く総合,00000,全国,2024000505,2024年5月,107.5,
1,指数,0161,0161 生鮮食品を除く総合,00000,全国,2024000404,2024年4月,107.1,
1,指数,0161,0161 生鮮食品を除く総合,00000,全国,2024000303,2024年3月,106.8,
1,指数,0161,0161 生鮮食品を除く総合,00000,全国,2024000202,2024年2月,106.5,
1,指数,0161,0161 生鮮食品を除く総合,00000,全国,2024000101,2024年1月,106.4,
1,指数,0161,0161 生鮮食品を除く総合,00000,全国,2023001212,2023年12月,106.4,
1,指数,0161,0161 生鮮食品を除く総合,00000,全国,2023001111,2023年11月,106.4,
1,指数,0161,0161 生鮮食品を除く総合,00000,全国,2023001010,2023年10月,106.4,
1,指数,0161,0161 生鮮食品を除く総合,00000,全国,2023000909,2023年9月,105.7,
1,指数,0161,0161 生鮮食品を除く総合,00000,全国,2023000808,2023年8月,105.7,
1,指数,0161,0161 生鮮食品を除く総合,00000,全国,2023000707,2023年7月,105.4,
1,指数,0161,0161 生鮮食品を除く総合,00000,全国,2023000606,2023年6月,105.0,
1,指数,0161,0161 生鮮食品を除く総合,00000,全国,2023000505,2023年5月,104.8,
1,指数,0161,0161 生鮮食品を除く総合,00000,全国,2023000404,2023年4月,104.8,
1,指数,0161,0161 生鮮食品を除く総合,00000,全国,2023000303,2023年3月,104.1,
1,指数,0161,0161 生鮮食品を除く総合,00000,全国,2023000202,2023年2月,103.6,
1,指数,0161,0161 生鮮食品を除く総合,00000,全国,2023000101,2023年1月,104.3,
1,指数,0161,0161 生鮮食品を除く総合,00000,全国,2022001212,2022年12月,104.1,
1,指数,0161,0161 生鮮食品を除く総合,00000,全国,2022001111,2022年11月,103.8,
1,指数,0161,0161 生鮮食品を除く総合,00000,全国,2022001010,2022年10月,103.4,
1,指数,0161,0161 生鮮食品を除く総合,00000,全国,2022000909,2022年9月,102.9,
1,指数,0161,0161 生鮮食品を除く総合,00000,全国,2022000808,2022年8月,102.5,
1,指数,0161,0161 生鮮食品を除く総合,00000,全国,2022000707,2022年7月,102.2,
1,指数,0161,0161 生鮮食品を除く総合,00000,全国,2022000606,2022年6月,101.7,
1,指数,0161,0161 生鮮食品を除く総合,00000,全国,2022000505,2022年5月,101.6,
1,指数,0161,0161 生鮮食品を除く総合,00000,全国,2022000404,2022年4月,101.4,
1,指数,0161,0161 生鮮食品を除く総合,00000,全国,2022000303,2022年3月,100.9,
1,指数,0161,0161 生鮮食品を除く総合,00000,全国,2022000202,2022年2月,100.5,
1,指数,0161,0161 生鮮食品を除く総合,00000,全国,2022000101,2022年1月,100.1,
1,指数,0161,0161 生鮮食品を除く総合,00000,全国,2021001212,2021年12月,100.0,
1,指数,0161,0161 生鮮食品を除く総合,00000,全国,2021001111,2021年11月,100.1,
1,指数,0161,0161 生鮮食品を除く総合,00000,全国,2021001010,2021年10月,99.9,
1,指数,0161,0161 生鮮食品を除く総合,00000,全国,2021000909,2021年9月,99.8,
1,指数,0161,0161 生鮮食品を除く総合,00000,全国,2021000808,2021年8月,99.8,
1,指数,0161,0161 生鮮食品を除く総合,00000,全国,2021000707,2021年7月,99.8,
1,指数,0161,0161 生鮮食品を除く総合,00000,全国,2021000606,2021年6月,99.5,
1,指数,0161,0161 生鮮食品を除く総合,00000,全国,2021000505,2021年5月,99.5,
1,指数,0161,0161 生鮮食品を除く総合,00000,全国,2021000404,2021年4月,99.3,
1,指数,0161,0161 生鮮食品を除く総合,00000,全国,2021000303,2021年3月,100.1,
1,指数,0161,0161 生鮮食品を除く総合,00000,全国,2021000202,2021年2月,99.9,
1,指数,0161,0161 生鮮食品を除く総合,00000,全国,2021000101,2021年1月,99.8,
1,指数,0161,0161 生鮮食品を除く総合,00000,全国,2020001212,2020年12月,99.6,
1,指数,0161,0161 生鮮食品を除く総合,00000,全国,2020001111,2020年11月,99.6,
1,指数,0161,0161 生鮮食品を除く総合,00000,全国,2020001010,2020年10月,99.7,
1,指数,0161,0161 生鮮食品を除く総合,00000,全国,2020000909,2020年9月,99.7,
1,指数,0161,0161 生鮮食品を除く総合,00000,全国,2020000808,2020年8月,99.8,
1,指数,0161,0161 生鮮食品を除く総合,00000,全国,2020000707,2020年7月,100.0,
1,指数,0161,0161 生鮮食品を除く総合,00000,全国,2020000606,2020年6月,100.0,
1,指数,0161,0161 生鮮食品を除く総合,00000,全国,2020000505,2020年5月,100.1,
1,指数,0161,0161 生鮮食品を除く総合,00000,全国,2020000404,2020年4月,100.1,
1,指数,0161,0161 生鮮食品を除く総合,00000,全国,2020000303,2020年3月,100.5,
1,指数,0161,0161 生鮮食品を除く総合,00000,全国,2020000202,2020年2月,100.4,
1,指数,0161,0161 生鮮食品を除く総合,00000,全国,2020000101,2020年1月,100.5,
1,指数,0161,0161 生鮮食品を除く総合,00000,全国,2019001212,2019年12月,100.6,
1,指数,0161,0161 生鮮食品を除く総合,00000,全国,2019001111,2019年11月,100.6,
1,指数,0161,0161 生鮮食品を除く総合,00000,全国,2019001010,2019年10月,100.5,
1,指数,0161,0161 生鮮食品を除く総合,00000,全国,2019000909,2019年9月,100.1,
1,指数,0161,0161 生鮮食品を除く総合,00000,全国,2019000808,2019年8月,100.2,
1,指数,0161,0161 生鮮食品を除く総合,00000,全国,2019000707,2019年7月,100.0,
1,指数,0161,0161 生鮮食品を除く総合,00000,全国,2019000606,2019年6月,100.1,
1,指数,0161,0161 生鮮食品を除く総合,00000,全国,2019000505,2019年5月,100.2,
1,指数,0161,0161 生鮮食品を除く総合,00000,全国,2019000404,2019年4月,100.2,
1,指数,0161,0161 生鮮食品を除く総合,00000,全国,2019000303,2019年3月,99.9,
1,指数,0161,0161 生鮮食品を除く総合,00000,全国,2019000202,2019年2月,99.8,
1,指数,0161,0161 生鮮食品を除く総合,00000,全国,2019000101,2019年1月,99.7,
1,指数,0161,0161 生鮮食品を除く総合,00000,全国,2018001212,2018年12月,99.9,
1,指数,0161,0161 生鮮食品を除く総合,00000,全国,2018001111,2018年11月,100.1,
1,指数,0161,0161 生鮮食品を除く総合,00000,全国,2018001010,2018年10月,100.1,
1,指数,0161,0161 生鮮食品を除く総合,00000,全国,2018000909,2018年9月,99.7,
1,指数,0161,0161 生鮮食品を除く総合,00000,全国,2018000808,2018年8月,99.7,
1,指数,0161,0161 生鮮食品を除く総合,00000,全国,2018000707,2018年7月,99.4,
1,指数,0161,0161 生鮮食品を除く総合,00000,全国,2018000606,2018年6月,99.5,
1,指数,0161,0161 生鮮食品を除く総合,00000,全国,2018000505,2018年5月,99.5,
1,指数,0161,0161 生鮮食品を除く総合,00000,全国,2018000404,2018年4月,99.3,
1,指数,0161,0161 生鮮食品を除く総合,00000,全国,2018000303,2018年3月,99.1,
1,指数,0161,0161 生鮮食品を除く総合,00000,全国,2018000202,2018年2月,99.1,
1,指数,0161,0161 生鮮食品を除く総合,00000,全国,2018000101,2018年1月,98.9,
1,指数,0161,0161 生鮮食品を除く総合,00000,全国,2017001212,2017年12月,99.2,
1,指数,0161,0161 生鮮食品を除く総合,00000,全国,2017001111,2017年11月,99.2,
1,指数,0161,0161 生鮮食品を除く総合,00000,全国,2017001010,2017年10月,99.1,
1,指数,0161,0161 生鮮食品を除く総合,00000,全国,2017000909,2017年9月,98.8,
1,指数,0161,0161 生鮮食品を除く総合,00000,全国,2017000808,2017年8月,98.8,
1,指数,0161,0161 生鮮食品を除く総合,00000,全国,2017000707,2017年7月,98.6,
1,指数,0161,0161 生鮮食品を除く総合,00000,全国,2017000606,2017年6月,98.7,
1,指数,0161,0161 生鮮食品を除く総合,00000,全国,2017000505,2017年5月,98.8,
1,指数,0161,0161 生鮮食品を除く総合,00000,全国,2017000404,2017年4月,98.6,
1,指数,0161,0161 生鮮食品を除く総合,00000,全国,2017000303,2017年3月,98.3,
1,指数,0161,0161 生鮮食品を除く総合,00000,全国,2017000202,2017年2月,98.1,
1,指数,0161,0161 生鮮食品を除く総合,00000,全国,2017000101,2017年1月,98.1,
1,指数,0161,0161 生鮮食品を除く総合,00000,全国,2016001212,2016年12月,98.3,
1,指数,0161,0161 生鮮食品を除く総合,00000,全国,2016001111,2016年11月,98.3,
1,指数,0161,0161 生鮮食品を除く総合,00000,全国,2016001010,2016年10月,98.3,
1,指数,0161,0161 生鮮食品を除く総合,00000,全国,2016000909,2016年9月,98.1,
1,指数,0161,0161 生鮮食品を除く総合,00000,全国,2016000808,2016年8月,98.1,
1,指数,0161,0161 生鮮食品を除く総合,00000,全国,2016000707,2016年7月,98.1,
1,指数,0161,0161 生鮮食品を除く総合,00000,全国,2016000606,2016年6月,98.3,
1,指数,0161,0161 生鮮食品を除く総合,00000,全国,2016000505,2016年5月,98.4,
1,指数,0161,0161 生鮮食品を除く総合,00000,全国,2016000404,2016年4月,98.3,
1,指数,0161,0161 生鮮食品を除く総合,00000,全国,2016000303,2016年3月,98.0,
1,指数,0161,0161 生鮮食品を除く総合,00000,全国,2016000202,2016年2月,97.9,
1,指数,0161,0161 生鮮食品を除く総合,00000,全国,2016000101,2016年1月,98.0,
1,指数,0161,0161 生鮮食品を除く総合,00000,全国,2015001212,2015年12月,98.5,
1,指数,0161,0161 生鮮食品を除く総合,00000,全国,2015001111,2015年11月,98.6,
1,指数,0161,0161 生鮮食品を除く総合,00000,全国,2015001010,2015年10月,98.6,
1,指数,0161,0161 生鮮食品を除く総合,00000,全国,2015000909,2015年9月,98.6,
1,指数,0161,0161 生鮮食品を除く総合,00000,全国,2015000808,2015年8月,98.6,
1,指数,0161,0161 生鮮食品を除く総合,00000,全国,2015000707,2015年7月,98.6,
1,指数,0161,0161 生鮮食品を除く総合,00000,全国,2015000606,2015年6月,98.7,
1,指数,0161,0161 生鮮食品を除く総合,00000,全国,2015000505,2015年5月,98.8,
1,指数,0161,0161 生鮮食品を除く総合,00000,全国,2015000404,2015年4月,98.7,
1,指数,0161,0161 生鮮食品を除く総合,00000,全国,2015000303,2015年3月,98.3,
1,指数,0161,0161 生鮮食品を除く総合,00000,全国,2015000202,2015年2月,97.9,
1,指数,0161,0161 生鮮食品を除く総合,00000,全国,2015000101,2015年1月,98.0,
1,指数,0161,0161 生鮮食品を除く総合,00000,全国,2014001212,2014年12月,98.5,
1,指数,0161,0161 生鮮食品を除く総合,00000,全国,2014001111,2014年11月,98.6,
1,指数,0161,0161 生鮮食品を除く総合,00000,全国,2014001010,2014年10月,98.9,
1,指数,0161,0161 生鮮食品を除く総合,00000,全国,2014000909,2014年9月,98.8,
1,指数,0161,0161 生鮮食品を除く総合,00000,全国,2014000808,2014年8月,98.8,
1,指数,0161,0161 生鮮食品を除く総合,00000,全国,2014000707,2014年7月,98.7,
1,指数,0161,0161 生鮮食品を除く総合,00000,全国,2014000606,2014年6月,98.6,
1,指数,0161,0161 生鮮食品を除く総合,00000,全国,2014000505,2014年5月,98.6,
1,指数,0161,0161 生鮮食品を除く総合,00000,全国,2014000404,2014年4月,98.3,
1,指数,0161,0161 生鮮食品を除く総合,00000,全国,2014000303,2014年3月,96.2,
1,指数,0161,0161 生鮮食品を除く総合,00000,全国,2014000202,2014年2月,95.9,
1,指数,0161,0161 生鮮食品を除く総合,00000,全国,2014000101,2014年1月,95.8,
1,指数,0161,0161 生鮮食品を除く総合,00000,全国,2013001212,2013年12月,96.0,
1,指数,0161,0161 生鮮食品を除く総合,00000,全国,2013001111,2013年11月,96.1,
1,指数,0161,0161 生鮮食品を除く総合,00000,全国,2013001010,2013年10月,96.1,
1,指数,0161,0161 生鮮食品を除く総合,00000,全国,2013000909,2013年9月,95.9,
1,指数,0161,0161 生鮮食品を除く総合,00000,全国,2013000808,2013年8月,95.8,
1,指数,0161,0161 生鮮食品を除く総合,00000,全国,2013000707,2013年7月,95.5,
1,指数,0161,0161 生鮮食品を除く総合,00000,全国,2013000606,2013年6月,95.4,
1,指数,0161,0161 生鮮食品を除く総合,00000,全国,2013000505,2013年5月,95.4,
1,指数,0161,0161 生鮮食品を除く総合,00000,全国,2013000404,2013年4月,95.2,
1,指数,0161,0161 生鮮食品を除く総合,00000,全国,2013000303,2013年3月,94.9,
1,指数,0161,0161 生鮮食品を除く総合,00000,全国,2013000202,2013年2月,94.6,
1,指数,0161,0161 生鮮食品を除く総合,00000,全国,2013000101,2013年1月,94.5,
1,指数,0161,0161 生鮮食品を除く総合,00000,全国,2012001212,2012年12月,94.8,
1,指数,0161,0161 生鮮食品を除く総合,00000,全国,2012001111,2012年11月,95.0,
1,指数,0161,0161 生鮮食品を除く総合,00000,全国,2012001010,2012年10月,95.3,
1,指数,0161,0161 生鮮食品を除く総合,00000,全国,2012000909,2012年9月,95.3,
1,指数,0161,0161 生鮮食品を除く総合,00000,全国,2012000808,2012年8月,95.1,
1,指数,0161,0161 生鮮食品を除く総合,00000,全国,2012000707,2012年7月,94.9,
1,指数,0161,0161 生鮮食品を除く総合,00000,全国,2012000606,2012年6月,95.1,
1,指数,0161,0161 生鮮食品を除く総合,00000,全国,2012000505,2012年5月,95.4,
1,指数,0161,0161 生鮮食品を除く総合,00000,全国,2012000404,2012年4月,95.6,
1,指数,0161,0161 生鮮食品を除く総合,00000,全国,2012000303,2012年3月,95.4,
1,指数,0161,0161 生鮮食品を除く総合,00000,全国,2012000202,2012年2月,94.9,
1,指数,0161,0161 生鮮食品を除く総合,00000,全国,2012000101,2012年1月,94.8,
1,指数,0161,0161 生鮮食品を除く総合,00000,全国,2011001212,2011年12月,95.0,
1,指数,0161,0161 生鮮食品を除く総合,00000,全国,2011001111,2011年11月,95.0,
1,指数,0161,0161 生鮮食品を除く総合,00000,全国,2011001010,2011年10月,95.3,
1,指数,0161,0161 生鮮食品を除く総合,00000,全国,2011000909,2011年9月,95.3,
1,指数,0161,0161 生鮮食品を除く総合,00000,全国,2011000808,2011年8月,95.3,
1,指数,0161,0161 生鮮食品を除く総合,00000,全国,2011000707,2011年7月,95.2,
1,指数,0161,0161 生鮮食品を除く総合,00000,全国,2011000606,2011年6月,95.3,
1,指数,0161,0161 生鮮食品を除く総合,00000,全国,2011000505,2011年5月,95.5,
1,指数,0161,0161 生鮮食品を除く総合,00000,全国,2011000404,2011年4月,95.4,
1,指数,0161,0161 生鮮食品を除く総合,00000,全国,2011000303,2011年3月,95.2,
1,指数,0161,0161 生鮮食品を除く総合,00000,全国,2011000202,2011年2月,94.8,
1,指数,0161,0161 生鮮食品を除く総合,00000,全国,2011000101,2011年1月,94.8,
1,指数,0161,0161 生鮮食品を除く総合,00000,全国,2010001212,2010年12月,95.1,
1,指数,0161,0161 生鮮食品を除く総合,00000,全国,2010001111,2010年11月,95.2,
1,指数,0161,0161 生鮮食品を除く総合,00000,全国,2010001010,2010年10月,95.4,
1,指数,0161,0161 生鮮食品を除く総合,00000,全国,2010000909,2010年9月,95.1,
1,指数,0161,0161 生鮮食品を除く総合,00000,全国,2010000808,2010年8月,95.1,
1,指数,0161,0161 生鮮食品を除く総合,00000,全国,2010000707,2010年7月,95.1,
1,指数,0161,0161 生鮮食品を除く総合,00000,全国,2010000606,2010年6月,95.5,
1,指数,0161,0161 生鮮食品を除く総合,00000,全国,2010000505,2010年5月,95.7,
1,指数,0161,0161 生鮮食品を除く総合,00000,全国,2010000404,2010年4月,95.7,
1,指数,0161,0161 生鮮食品を除く総合,00000,全国,2010000303,2010年3月,95.8,
1,指数,0161,0161 生鮮食品を除く総合,00000,全国,2010000202,2010年2月,95.6,
1,指数,0161,0161 生鮮食品を除く総合,00000,全国,2010000101,2010年1月,95.6,
1,指数,0161,0161 生鮮食品を除く総合,00000,全国,2009001212,2009年12月,95.9,
1,指数,0161,0161 生鮮食品を除く総合,00000,全国,2009001111,2009年11月,96.0,
1,指数,0161,0161 生鮮食品を除く総合,00000,全国,2009001010,2009年10月,96.2,
1,指数,0161,0161 生鮮食品を除く総合,00000,全国,2009000909,2009年9月,96.3,
1,指数,0161,0161 生鮮食品を除く総合,00000,全国,2009000808,2009年8月,96.2,
1,指数,0161,0161 生鮮食品を除く総合,00000,全国,2009000707,2009年7月,96.2,
1,指数,0161,0161 生鮮食品を除く総合,00000,全国,2009000606,2009年6月,96.4,
1,指数,0161,0161 生鮮食品を除く総合,00000,全国,2009000505,2009年5月,96.6,
1,指数,0161,0161 生鮮食品を除く総合,00000,全国,2009000404,2009年4月,96.8,
1,指数,0161,0161 生鮮食品を除く総合,00000,全国,2009000303,2009年3月,96.8,
1,指数,0161,0161 生鮮食品を除く総合,00000,全国,2009000202,2009年2月,96.5,
1,指数,0161,0161 生鮮食品を除く総合,00000,全国,2009000101,2009年1月,96.6,
1,指数,0161,0161 生鮮食品を除く総合,00000,全国,2008001212,2008年12月,97.2,
1,指数,0161,0161 生鮮食品を除く総合,00000,全国,2008001111,2008年11月,97.6,
1,指数,0161,0161 生鮮食品を除く総合,00000,全国,2008001010,2008年10月,98.4,
1,指数,0161,0161 生鮮食品を除く総合,00000,全国,2008000909,2008年9月,98.6,
1,指数,0161,0161 生鮮食品を除く総合,00000,全国,2008000808,2008年8月,98.6,
1,指数,0161,0161 生鮮食品を除く総合,00000,全国,2008000707,2008年7月,98.4,
1,指数,0161,0161 生鮮食品を除く総合,00000,全国,2008000606,2008年6月,98.0,
1,指数,0161,0161 生鮮食品を除く総合,00000,全国,2008000505,2008年5月,97.6,
1,指数,0161,0161 生鮮食品を除く総合,00000,全国,2008000404,2008年4月,96.9,
1,指数,0161,0161 生鮮食品を除く総合,00000,全国,2008000303,2008年3月,96.9,
1,指数,0161,0161 生鮮食品を除く総合,00000,全国,2008000202,2008年2月,96.5,
1,指数,0161,0161 生鮮食品を除く総合,00000,全国,2008000101,2008年1月,96.6,
1,指数,0161,0161 生鮮食品を除く総合,00000,全国,2007001212,2007年12月,97.0,
1,指数,0161,0161 生鮮食品を除く総合,00000,全国,2007001111,2007年11月,96.7,
1,指数,0161,0161 生鮮食品を除く総合,00000,全国,2007001010,2007年10月,96.6,
1,指数,0161,0161 生鮮食品を除く総合,00000,全国,2007000909,2007年9月,96.4,
1,指数,0161,0161 生鮮食品を除く総合,00000,全国,2007000808,2007年8月,96.3,
1,指数,0161,0161 生鮮食品を除く総合,00000,全国,2007000707,2007年7月,96.1,
1,指数,0161,0161 生鮮食品を除く総合,00000,全国,2007000606,2007年6月,96.2,
1,指数,0161,0161 生鮮食品を除く総合,00000,全国,2007000505,2007年5月,96.2,
1,指数,0161,0161 生鮮食品を除く総合,00000,全国,2007000404,2007年4月,96.0,
1,指数,0161,0161 生鮮食品を除く総合,00000,全国,2007000303,2007年3月,95.7,
1,指数,0161,0161 生鮮食品を除く総合,00000,全国,2007000202,2007年2月,95.5,
1,指数,0161,0161 生鮮食品を除く総合,00000,全国,2007000101,2007年1月,95.8,
1,指数,0161,0161 生鮮食品を除く総合,00000,全国,2006001212,2006年12月,96.2,
1,指数,0161,0161 生鮮食品を除く総合,00000,全国,2006001111,2006年11月,96.3,
1,指数,0161,0161 生鮮食品を除く総合,00000,全国,2006001010,2006年10月,96.5,
1,指数,0161,0161 生鮮食品を除く総合,00000,全国,2006000909,2006年9月,96.5,
1,指数,0161,0161 生鮮食品を除く総合,00000,全国,2006000808,2006年8月,96.4,
1,指数,0161,0161 生鮮食品を除く総合,00000,全国,2006000707,2006年7月,96.2,
1,指数,0161,0161 生鮮食品を除く総合,00000,全国,2006000606,2006年6月,96.3,
1,指数,0161,0161 生鮮食品を除く総合,00000,全国,2006000505,2006年5月,96.3,
1,指数,0161,0161 生鮮食品を除く総合,00000,全国,2006000404,2006年4月,96.1,
1,指数,0161,0161 生鮮食品を除く総合,00000,全国,2006000303,2006年3月,96.0,
1,指数,0161,0161 生鮮食品を除く総合,00000,全国,2006000202,2006年2月,95.6,
1,指数,0161,0161 生鮮食品を除く総合,00000,全国,2006000101,2006年1月,95.8,
1,指数,0161,0161 生鮮食品を除く総合,00000,全国,2005001212,2005年12月,96.1,
1,指数,0161,0161 生鮮食品を除く総合,00000,全国,2005001111,2005年11月,96.1,
1,指数,0161,0161 生鮮食品を除く総合,00000,全国,2005001010,2005年10月,96.4,
1,指数,0161,0161 生鮮食品を除く総合,00000,全国,2005000909,2005年9月,96.3,
1,指数,0161,0161 生鮮食品を除く総合,00000,全国,2005000808,2005年8月,96.1,
1,指数,0161,0161 生鮮食品を除く総合,00000,全国,2005000707,2005年7月,96.0,
1,指数,0161,0161 生鮮食品を除く総合,00000,全国,2005000606,2005年6月,96.1,
1,指数,0161,0161 生鮮食品を除く総合,00000,全国,2005000505,2005年5月,96.3,
1,指数,0161,0161 生鮮食品を除く総合,00000,全国,2005000404,2005年4月,96.2,
1,指数,0161,0161 生鮮食品を除く総合,00000,全国,2005000303,2005年3月,95.9,
1,指数,0161,0161 生鮮食品を除く総合,00000,全国,2005000202,2005年2月,95.6,
1,指数,0161,0161 生鮮食品を除く総合,00000,全国,2005000101,2005年1月,95.9,
1,指数,0161,0161 生鮮食品を除く総合,00000,全国,2004001212,2004年12月,96.3,
1,指数,0161,0161 生鮮食品を除く総合,00000,全国,2004001111,2004年11月,96.2,
1,指数,0161,0161 生鮮食品を除く総合,00000,全国,2004001010,2004年10月,96.5,
1,指数,0161,0161 生鮮食品を除く総合,00000,全国,2004000909,2004年9月,96.5,
1,指数,0161,0161 生鮮食品を除く総合,00000,全国,2004000808,2004年8月,96.3,
1,指数,0161,0161 生鮮食品を除く総合,00000,全国,2004000707,2004年7月,96.2,
1,指数,0161,0161 生鮮食品を除く総合,00000,全国,2004000606,2004年6月,96.3,
1,指数,0161,0161 生鮮食品を除く総合,00000,全国,2004000505,2004年5月,96.2,
1,指数,0161,0161 生鮮食品を除く総合,00000,全国,2004000404,2004年4月,96.2,
1,指数,0161,0161 生鮮食品を除く総合,00000,全国,2004000303,2004年3月,96.0,
1,指数,0161,0161 生鮮食品を除く総合,00000,全国,2004000202,2004年2月,95.8,
1,指数,0161,0161 生鮮食品を除く総合,00000,全国,2004000101,2004年1月,95.8,
1,指数,0161,0161 生鮮食品を除く総合,00000,全国,2003001212,2003年12月,96.5,
1,指数,0161,0161 生鮮食品を除く総合,00000,全国,2003001111,2003年11月,96.4,
1,指数,0161,0161 生鮮食品を除く総合,00000,全国,2003001010,2003年10月,96.6,
1,指数,0161,0161 生鮮食品を除く総合,00000,全国,2003000909,2003年9月,96.5,
1,指数,0161,0161 生鮮食品を除く総合,00000,全国,2003000808,2003年8月,96.5,
1,指数,0161,0161 生鮮食品を除く総合,00000,全国,2003000707,2003年7月,96.4,
1,指数,0161,0161 生鮮食品を除く総合,00000,全国,2003000606,2003年6月,96.4,
1,指数,0161,0161 生鮮食品を除く総合,00000,全国,2003000505,2003年5月,96.5,
1,指数,0161,0161 生鮮食品を除く総合,00000,全国,2003000404,2003年4月,96.4,
1,指数,0161,0161 生鮮食品を除く総合,00000,全国,2003000303,2003年3月,96.1,
1,指数,0161,0161 生鮮食品を除く総合,00000,全国,2003000202,2003年2月,95.8,
1,指数,0161,0161 生鮮食品を除く総合,00000,全国,2003000101,2003年1月,95.9,
1,指数,0161,0161 生鮮食品を除く総合,00000,全国,2002001212,2002年12月,96.5,
1,指数,0161,0161 生鮮食品を除く総合,00000,全国,2002001111,2002年11月,96.5,
1,指数,0161,0161 生鮮食品を除く総合,00000,全国,2002001010,2002年10月,96.5,
1,指数,0161,0161 生鮮食品を除く総合,00000,全国,2002000909,2002年9月,96.6,
1,指数,0161,0161 生鮮食品を除く総合,00000,全国,2002000808,2002年8月,96.6,
1,指数,0161,0161 生鮮食品を除く総合,00000,全国,2002000707,2002年7月,96.6,
1,指数,0161,0161 生鮮食品を除く総合,00000,全国,2002000606,2002年6月,96.8,
1,指数,0161,0161 生鮮食品を除く総合,00000,全国,2002000505,2002年5月,96.9,
1,指数,0161,0161 生鮮食品を除く総合,00000,全国,2002000404,2002年4月,96.8,
1,指数,0161,0161 生鮮食品を除く総合,00000,全国,2002000303,2002年3月,96.7,
1,指数,0161,0161 生鮮食品を除く総合,00000,全国,2002000202,2002年2月,96.5,
1,指数,0161,0161 生鮮食品を除く総合,00000,全国,2002000101,2002年1月,96.7,
1,指数,0161,0161 生鮮食品を除く総合,00000,全国,2001001212,2001年12月,97.2,
1,指数,0161,0161 生鮮食品を除く総合,00000,全国,2001001111,2001年11月,97.3,
1,指数,0161,0161 生鮮食品を除く総合,00000,全国,2001001010,2001年10月,97.4,
1,指数,0161,0161 生鮮食品を除く総合,00000,全国,2001000909,2001年9月,97.5,
1,指数,0161,0161 生鮮食品を除く総合,00000,全国,2001000808,2001年8月,97.5,
1,指数,0161,0161 生鮮食品を除く総合,00000,全国,2001000707,2001年7月,97.4,
1,指数,0161,0161 生鮮食品を除く総合,00000,全国,2001000606,2001年6月,97.6,
1,指数,0161,0161 生鮮食品を除く総合,00000,全国,2001000505,2001年5月,97.7,
1,指数,0161,0161 生鮮食品を除く総合,00000,全国,2001000404,2001年4月,97.7,
1,指数,0161,0161 生鮮食品を除く総合,00000,全国,2001000303,2001年3月,97.4,
1,指数,0161,0161 生鮮食品を除く総合,00000,全国,2001000202,2001年2月,97.3,
1,指数,0161,0161 生鮮食品を除く総合,00000,全国,2001000101,2001年1月,97.5,
1,指数,0161,0161 生鮮食品を除く総合,00000,全国,2000001212,2000年12月,98.1,
1,指数,0161,0161 生鮮食品を除く総合,00000,全国,2000001111,2000年11月,98.1,
1,指数,0161,0161 生鮮食品を除く総合,00000,全国,2000001010,2000年10月,98.1,
1,指数,0161,0161 生鮮食品を除く総合,00000,全国,2000000909,2000年9月,98.3,
1,指数,0161,0161 生鮮食品を除く総合,00000,全国,2000000808,2000年8月,98.4,
1,指数,0161,0161 生鮮食品を除く総合,00000,全国,2000000707,2000年7月,98.3,
1,指数,0161,0161 生鮮食品を除く総合,00000,全国,2000000606,2000年6月,98.5,
1,指数,0161,0161 生鮮食品を除く総合,00000,全国,2000000505,2000年5月,98.7,
1,指数,0161,0161 生鮮食品を除く総合,00000,全国,2000000404,2000年4月,98.5,
1,指数,0161,0161 生鮮食品を除く総合,00000,全国,2000000303,2000年3月,98.3,
1,指数,0161,0161 生鮮食品を除く総合,00000,全国,2000000202,2000年2月,98.1,
1,指数,0161,0161 生鮮食品を除く総合,00000,全国,2000000101,2000年1月,98.3,
1,指数,0161,0161 生鮮食品を除く総合,00000,全国,1999001212,1999年12月,98.7,
1,指数,0161,0161 生鮮食品を除く総合,00000,全国,1999001111,1999年11月,98.7,
1,指数,0161,0161 生鮮食品を除く総合,00000,全国,1999001010,1999年10月,98.8,
1,指数,0161,0161 生鮮食品を除く総合,00000,全国,1999000909,1999年9月,98.7,
1,指数,0161,0161 生鮮食品を除く総合,00000,全国,1999000808,1999年8月,98.4,
1,指数,0161,0161 生鮮食品を除く総合,00000,全国,1999000707,1999年7月,98.5,
1,指数,0161,0161 生鮮食品を除く総合,00000,全国,1999000606,1999年6月,98.7,
1,指数,0161,0161 生鮮食品を除く総合,00000,全国,1999000505,1999年5月,98.8,
1,指数,0161,0161 生鮮食品を除く総合,00000,全国,1999000404,1999年4月,98.7,
1,指数,0161,0161 生鮮食品を除く総合,00000,全国,1999000303,1999年3月,98.5,
1,指数,0161,0161 生鮮食品を除く総合,00000,全国,1999000202,1999年2月,98.2,
1,指数,0161,0161 生鮮食品を除く総合,00000,全国,1999000101,1999年1月,98.5,
1,指数,0161,0161 生鮮食品を除く総合,00000,全国,1998001212,1998年12月,98.8,
1,指数,0161,0161 生鮮食品を除く総合,00000,全国,1998001111,1998年11月,98.9,
1,指数,0161,0161 生鮮食品を除く総合,00000,全国,1998001010,1998年10月,98.9,
1,指数,0161,0161 生鮮食品を除く総合,00000,全国,1998000909,1998年9月,98.7,
1,指数,0161,0161 生鮮食品を除く総合,00000,全国,1998000808,1998年8月,98.4,
1,指数,0161,0161 生鮮食品を除く総合,00000,全国,1998000707,1998年7月,98.5,
1,指数,0161,0161 生鮮食品を除く総合,00000,全国,1998000606,1998年6月,98.7,
1,指数,0161,0161 生鮮食品を除く総合,00000,全国,1998000505,1998年5月,98.8,
1,指数,0161,0161 生鮮食品を除く総合,00000,全国,1998000404,1998年4月,98.8,
1,指数,0161,0161 生鮮食品を除く総合,00000,全国,1998000303,1998年3月,98.6,
1,指数,0161,0161 生鮮食品を除く総合,00000,全国,1998000202,1998年2月,98.3,
1,指数,0161,0161 生鮮食品を除く総合,00000,全国,1998000101,1998年1月,98.6,
1,指数,0161,0161 生鮮食品を除く総合,00000,全国,1997001212,1997年12月,99.1,
1,指数,0161,0161 生鮮食品を除く総合,00000,全国,1997001111,1997年11月,99.2,
1,指数,0161,0161 生鮮食品を除く総合,00000,全国,1997001010,1997年10月,99.3,
1,指数,0161,0161 生鮮食品を除く総合,00000,全国,1997000909,1997年9月,99.2,
1,指数,0161,0161 生鮮食品を除く総合,00000,全国,1997000808,1997年8月,98.5,
1,指数,0161,0161 生鮮食品を除く総合,00000,全国,1997000707,1997年7月,98.6,
1,指数,0161,0161 生鮮食品を除く総合,00000,全国,1997000606,1997年6月,98.7,
1,指数,0161,0161 生鮮食品を除く総合,00000,全国,1997000505,1997年5月,98.8,
1,指数,0161,0161 生鮮食品を除く総合,00000,全国,1997000404,1997年4月,98.6,
1,指数,0161,0161 生鮮食品を除く総合,00000,全国,1997000303,1997年3月,96.8,
1,指数,0161,0161 生鮮食品を除く総合,00000,全国,1997000202,1997年2月,96.5,
1,指数,0161,0161 生鮮食品を除く総合,00000,全国,1997000101,1997年1月,96.6,
1,指数,0161,0161 生鮮食品を除く総合,00000,全国,1996001212,1996年12月,97.0,
1,指数,0161,0161 生鮮食品を除く総合,00000,全国,1996001111,1996年11月,97.1,
1,指数,0161,0161 生鮮食品を除く総合,00000,全国,1996001010,1996年10月,97.0,
1,指数,0161,0161 生鮮食品を除く総合,00000,全国,1996000909,1996年9月,96.9,
1,指数,0161,0161 生鮮食品を除く総合,00000,全国,1996000808,1996年8月,96.4,
1,指数,0161,0161 生鮮食品を除く総合,00000,全国,1996000707,1996年7月,96.6,
1,指数,0161,0161 生鮮食品を除く総合,00000,全国,1996000606,1996年6月,96.8,
1,指数,0161,0161 生鮮食品を除く総合,00000,全国,1996000505,1996年5月,96.8,
1,指数,0161,0161 生鮮食品を除く総合,00000,全国,1996000404,1996年4月,96.7,
1,指数,0161,0161 生鮮食品を除く総合,00000,全国,1996000303,1996年3月,96.3,
1,指数,0161,0161 生鮮食品を除く総合,00000,全国,1996000202,1996年2月,96.1,
1,指数,0161,0161 生鮮食品を除く総合,00000,全国,1996000101,1996年1月,96.1,
1,指数,0161,0161 生鮮食品を除く総合,00000,全国,1995001212,1995年12月,96.7,
1,指数,0161,0161 生鮮食品を除く総合,00000,全国,1995001111,1995年11月,96.7,
1,指数,0161,0161 生鮮食品を除く総合,00000,全国,1995001010,1995年10月,96.8,
1,指数,0161,0161 生鮮食品を除く総合,00000,全国,1995000909,1995年9月,96.7,
1,指数,0161,0161 生鮮食品を除く総合,00000,全国,1995000808,1995年8月,96.2,
1,指数,0161,0161 生鮮食品を除く総合,00000,全国,1995000707,1995年7月,96.3,
1,指数,0161,0161 生鮮食品を除く総合,00000,全国,1995000606,1995年6月,96.6,
1,指数,0161,0161 生鮮食品を除く総合,00000,全国,1995000505,1995年5月,96.7,
1,指数,0161,0161 生鮮食品を除く総合,00000,全国,1995000404,1995年4月,96.6,
1,指数,0161,0161 生鮮食品を除く総合,00000,全国,1995000303,1995年3月,96.3,
1,指数,0161,0161 生鮮食品を除く総合,00000,全国,1995000202,1995年2月,96.1,
1,指数,0161,0161 生鮮食品を除く総合,00000,全国,1995000101,1995年1月,96.3,
1,指数,0161,0161 生鮮食品を除く総合,00000,全国,1994001212,1994年12月,96.6,
1,指数,0161,0161 生鮮食品を除く総合,00000,全国,1994001111,1994年11月,96.7,
1,指数,0161,0161 生鮮食品を除く総合,00000,全国,1994001010,1994年10月,96.7,
1,指数,0161,0161 生鮮食品を除く総合,00000,全国,1994000909,1994年9月,96.6,
1,指数,0161,0161 生鮮食品を除く総合,00000,全国,1994000808,1994年8月,96.4,
1,指数,0161,0161 生鮮食品を除く総合,00000,全国,1994000707,1994年7月,96.5,
1,指数,0161,0161 生鮮食品を除く総合,00000,全国,1994000606,1994年6月,96.9,
1,指数,0161,0161 生鮮食品を除く総合,00000,全国,1994000505,1994年5月,97.0,
1,指数,0161,0161 生鮮食品を除く総合,00000,全国,1994000404,1994年4月,96.7,
1,指数,0161,0161 生鮮食品を除く総合,00000,全国,1994000303,1994年3月,96.1,
1,指数,0161,0161 生鮮食品を除く総合,00000,全国,1994000202,1994年2月,95.7,
1,指数,0161,0161 生鮮食品を除く総合,00000,全国,1994000101,1994年1月,95.8,
1,指数,0161,0161 生鮮食品を除く総合,00000,全国,1993001212,1993年12月,96.2,
1,指数,0161,0161 生鮮食品を除く総合,00000,全国,1993001111,1993年11月,96.3,
1,指数,0161,0161 生鮮食品を除く総合,00000,全国,1993001010,1993年10月,96.3,
1,指数,0161,0161 生鮮食品を除く総合,00000,全国,1993000909,1993年9月,96.1,
1,指数,0161,0161 生鮮食品を除く総合,00000,全国,1993000808,1993年8月,95.7,
1,指数,0161,0161 生鮮食品を除く総合,00000,全国,1993000707,1993年7月,95.8,
1,指数,0161,0161 生鮮食品を除く総合,00000,全国,1993000606,1993年6月,96.1,
1,指数,0161,0161 生鮮食品を除く総合,00000,全国,1993000505,1993年5月,96.0,
1,指数,0161,0161 生鮮食品を除く総合,00000,全国,1993000404,1993年4月,95.8,
1,指数,0161,0161 生鮮食品を除く総合,00000,全国,1993000303,1993年3月,95.2,
1,指数,0161,0161 生鮮食品を除く総合,00000,全国,1993000202,1993年2月,94.9,
1,指数,0161,0161 生鮮食品を除く総合,00000,全国,1993000101,1993年1月,94.9,
1,指数,0161,0161 生鮮食品を除く総合,00000,全国,1992001212,1992年12月,95.4,
1,指数,0161,0161 生鮮食品を除く総合,00000,全国,1992001111,1992年11月,95.4,
1,指数,0161,0161 生鮮食品を除く総合,00000,全国,1992001010,1992年10月,95.2,
1,指数,0161,0161 生鮮食品を除く総合,00000,全国,1992000909,1992年9月,95.0,
1,指数,0161,0161 生鮮食品を除く総合,00000,全国,1992000808,1992年8月,94.5,
1,指数,0161,0161 生鮮食品を除く総合,00000,全国,1992000707,1992年7月,94.6,
1,指数,0161,0161 生鮮食品を除く総合,00000,全国,1992000606,1992年6月,94.9,
1,指数,0161,0161 生鮮食品を除く総合,00000,全国,1992000505,1992年5月,94.8,
1,指数,0161,0161 生鮮食品を除く総合,00000,全国,1992000404,1992年4月,94.5,
1,指数,0161,0161 生鮮食品を除く総合,00000,全国,1992000303,1992年3月,93.6,
1,指数,0161,0161 生鮮食品を除く総合,00000,全国,1992000202,1992年2月,93.3,
1,指数,0161,0161 生鮮食品を除く総合,00000,全国,1992000101,1992年1月,93.3,
1,指数,0161,0161 生鮮食品を除く総合,00000,全国,1991001212,1991年12月,93.6,
1,指数,0161,0161 生鮮食品を除く総合,00000,全国,1991001111,1991年11月,93.4,
1,指数,0161,0161 生鮮食品を除く総合,00000,全国,1991001010,1991年10月,93.2,
1,指数,0161,0161 生鮮食品を除く総合,00000,全国,1991000909,1991年9月,92.9,
1,指数,0161,0161 生鮮食品を除く総合,00000,全国,1991000808,1991年8月,92.5,
1,指数,0161,0161 生鮮食品を除く総合,00000,全国,1991000707,1991年7月,92.6,
1,指数,0161,0161 生鮮食品を除く総合,00000,全国,1991000606,1991年6月,92.6,
1,指数,0161,0161 生鮮食品を除く総合,00000,全国,1991000505,1991年5月,92.5,
1,指数,0161,0161 生鮮食品を除く総合,00000,全国,1991000404,1991年4月,92.1,
1,指数,0161,0161 生鮮食品を除く総合,00000,全国,1991000303,1991年3月,91.6,
1,指数,0161,0161 生鮮食品を除く総合,00000,全国,1991000202,1991年2月,91.2,
1,指数,0161,0161 生鮮食品を除く総合,00000,全国,1991000101,1991年1月,91.4,
1,指数,0161,0161 生鮮食品を除く総合,00000,全国,1990001212,1990年12月,91.5,
1,指数,0161,0161 生鮮食品を除く総合,00000,全国,1990001111,1990年11月,91.3,
1,指数,0161,0161 生鮮食品を除く総合,00000,全国,1990001010,1990年10月,91.0,
1,指数,0161,0161 生鮮食品を除く総合,00000,全国,1990000909,1990年9月,90.4,
1,指数,0161,0161 生鮮食品を除く総合,00000,全国,1990000808,1990年8月,89.8,
1,指数,0161,0161 生鮮食品を除く総合,00000,全国,1990000707,1990年7月,89.8,
1,指数,0161,0161 生鮮食品を除く総合,00000,全国,1990000606,1990年6月,89.8,
1,指数,0161,0161 生鮮食品を除く総合,00000,全国,1990000505,1990年5月,89.8,
1,指数,0161,0161 生鮮食品を除く総合,00000,全国,1990000404,1990年4月,89.4,
1,指数,0161,0161 生鮮食品を除く総合,00000,全国,1990000303,1990年3月,88.8,
1,指数,0161,0161 生鮮食品を除く総合,00000,全国,1990000202,1990年2月,88.4,
1,指数,0161,0161 生鮮食品を除く総合,00000,全国,1990000101,1990年1月,88.5,
1,指数,0161,0161 生鮮食品を除く総合,00000,全国,1989001212,1989年12月,88.6,
1,指数,0161,0161 生鮮食品を除く総合,00000,全国,1989001111,1989年11月,88.5,
1,指数,0161,0161 生鮮食品を除く総合,00000,全国,1989001010,1989年10月,88.4,
1,指数,0161,0161 生鮮食品を除く総合,00000,全国,1989000909,1989年9月,88.2,
1,指数,0161,0161 生鮮食品を除く総合,00000,全国,1989000808,1989年8月,87.8,
1,指数,0161,0161 生鮮食品を除く総合,00000,全国,1989000707,1989年7月,87.9,
1,指数,0161,0161 生鮮食品を除く総合,00000,全国,1989000606,1989年6月,88.0,
1,指数,0161,0161 生鮮食品を除く総合,00000,全国,1989000505,1989年5月,87.9,
1,指数,0161,0161 生鮮食品を除く総合,00000,全国,1989000404,1989年4月,87.5,
1,指数,0161,0161 生鮮食品を除く総合,00000,全国,1989000303,1989年3月,86.0,
1,指数,0161,0161 生鮮食品を除く総合,00000,全国,1989000202,1989年2月,85.7,
1,指数,0161,0161 生鮮食品を除く総合,00000,全国,1989000101,1989年1月,85.7,
1,指数,0161,0161 生鮮食品を除く総合,00000,全国,1988001212,1988年12月,86.1,
1,指数,0161,0161 生鮮食品を除く総合,00000,全国,1988001111,1988年11月,86.0,
1,指数,0161,0161 生鮮食品を除く総合,00000,全国,1988001010,1988年10月,85.9,
1,指数,0161,0161 生鮮食品を除く総合,00000,全国,1988000909,1988年9月,85.7,
1,指数,0161,0161 生鮮食品を除く総合,00000,全国,1988000808,1988年8月,85.3,
1,指数,0161,0161 生鮮食品を除く総合,00000,全国,1988000707,1988年7月,85.4,
1,指数,0161,0161 生鮮食品を除く総合,00000,全国,1988000606,1988年6月,85.6,
1,指数,0161,0161 生鮮食品を除く総合,00000,全国,1988000505,1988年5月,85.6,
1,指数,0161,0161 生鮮食品を除く総合,00000,全国,1988000404,1988年4月,85.4,
1,指数,0161,0161 生鮮食品を除く総合,00000,全国,1988000303,1988年3月,85.1,
1,指数,0161,0161 生鮮食品を除く総合,00000,全国,1988000202,1988年2月,85.0,
1,指数,0161,0161 生鮮食品を除く総合,00000,全国,1988000101,1988年1月,85.1,
1,指数,0161,0161 生鮮食品を除く総合,00000,全国,1987001212,1987年12月,85.5,
1,指数,0161,0161 生鮮食品を除く総合,00000,全国,1987001111,1987年11月,85.5,
1,指数,0161,0161 生鮮食品を除く総合,00000,全国,1987001010,1987年10月,85.5,
1,指数,0161,0161 生鮮食品を除く総合,00000,全国,1987000909,1987年9月,85.3,
1,指数,0161,0161 生鮮食品を除く総合,00000,全国,1987000808,1987年8月,85.1,
1,指数,0161,0161 生鮮食品を除く総合,00000,全国,1987000707,1987年7月,85.2,
1,指数,0161,0161 生鮮食品を除く総合,00000,全国,1987000606,1987年6月,85.3,
1,指数,0161,0161 生鮮食品を除く総合,00000,全国,1987000505,1987年5月,85.2,
1,指数,0161,0161 生鮮食品を除く総合,00000,全国,1987000404,1987年4月,85.2,
1,指数,0161,0161 生鮮食品を除く総合,00000,全国,1987000303,1987年3月,84.7,
1,指数,0161,0161 生鮮食品を除く総合,00000,全国,1987000202,1987年2月,84.6,
1,指数,0161,0161 生鮮食品を除く総合,00000,全国,1987000101,1987年1月,84.5,
1,指数,0161,0161 生鮮食品を除く総合,00000,全国,1986001212,1986年12月,85.0,
1,指数,0161,0161 生鮮食品を除く総合,00000,全国,1986001111,1986年11月,85.0,
1,指数,0161,0161 生鮮食品を除く総合,00000,全国,1986001010,1986年10月,85.1,
1,指数,0161,0161 生鮮食品を除く総合,00000,全国,1986000909,1986年9月,84.9,
1,指数,0161,0161 生鮮食品を除く総合,00000,全国,1986000808,1986年8月,84.6,
1,指数,0161,0161 生鮮食品を除く総合,00000,全国,1986000707,1986年7月,84.8,
1,指数,0161,0161 生鮮食品を除く総合,00000,全国,1986000606,1986年6月,85.1,
1,指数,0161,0161 生鮮食品を除く総合,00000,全国,1986000505,1986年5月,85.4,
1,指数,0161,0161 生鮮食品を除く総合,00000,全国,1986000404,1986年4月,85.1,
1,指数,0161,0161 生鮮食品を除く総合,00000,全国,1986000303,1986年3月,84.7,
1,指数,0161,0161 生鮮食品を除く総合,00000,全国,1986000202,1986年2月,84.7,
1,指数,0161,0161 生鮮食品を除く総合,00000,全国,1986000101,1986年1月,84.7,
1,指数,0161,0161 生鮮食品を除く総合,00000,全国,1985001212,1985年12月,84.9,
1,指数,0161,0161 生鮮食品を除く総合,00000,全国,1985001111,1985年11月,84.8,
1,指数,0161,0161 生鮮食品を除く総合,00000,全国,1985001010,1985年10月,84.7,
1,指数,0161,0161 生鮮食品を除く総合,00000,全国,1985000909,1985年9月,84.5,
1,指数,0161,0161 生鮮食品を除く総合,00000,全国,1985000808,1985年8月,84.1,
1,指数,0161,0161 生鮮食品を除く総合,00000,全国,1985000707,1985年7月,84.3,
1,指数,0161,0161 生鮮食品を除く総合,00000,全国,1985000606,1985年6月,84.4,
1,指数,0161,0161 生鮮食品を除く総合,00000,全国,1985000505,1985年5月,84.3,
1,指数,0161,0161 生鮮食品を除く総合,00000,全国,1985000404,1985年4月,84.1,
1,指数,0161,0161 生鮮食品を除く総合,00000,全国,1985000303,1985年3月,83.6,
1,指数,0161,0161 生鮮食品を除く総合,00000,全国,1985000202,1985年2月,83.3,
1,指数,0161,0161 生鮮食品を除く総合,00000,全国,1985000101,1985年1月,83.6,
1,指数,0161,0161 生鮮食品を除く総合,00000,全国,1984001212,1984年12月,83.7,
1,指数,0161,0161 生鮮食品を除く総合,00000,全国,1984001111,1984年11月,83.7,
1,指数,0161,0161 生鮮食品を除く総合,00000,全国,1984001010,1984年10月,83.6,
1,指数,0161,0161 生鮮食品を除く総合,00000,全国,1984000909,1984年9月,83.1,
1,指数,0161,0161 生鮮食品を除く総合,00000,全国,1984000808,1984年8月,82.1,
1,指数,0161,0161 生鮮食品を除く総合,00000,全国,1984000707,1984年7月,82.6,
1,指数,0161,0161 生鮮食品を除く総合,00000,全国,1984000606,1984年6月,82.7,
1,指数,0161,0161 生鮮食品を除く総合,00000,全国,1984000505,1984年5月,82.8,
1,指数,0161,0161 生鮮食品を除く総合,00000,全国,1984000404,1984年4月,81.9,
1,指数,0161,0161 生鮮食品を除く総合,00000,全国,1984000303,1984年3月,81.6,
1,指数,0161,0161 生鮮食品を除く総合,00000,全国,1984000202,1984年2月,81.4,
1,指数,0161,0161 生鮮食品を除く総合,00000,全国,1984000101,1984年1月,81.5,
1,指数,0161,0161 生鮮食品を除く総合,00000,全国,1983001212,1983年12月,81.8,
1,指数,0161,0161 生鮮食品を除く総合,00000,全国,1983001111,1983年11月,81.9,
1,指数,0161,0161 生鮮食品を除く総合,00000,全国,1983001010,1983年10月,81.7,
1,指数,0161,0161 生鮮食品を除く総合,00000,全国,1983000909,1983年9月,81.3,
1,指数,0161,0161 生鮮食品を除く総合,00000,全国,1983000808,1983年8月,80.3,
1,指数,0161,0161 生鮮食品を除く総合,00000,全国,1983000707,1983年7月,80.9,
1,指数,0161,0161 生鮮食品を除く総合,00000,全国,1983000606,1983年6月,81.0,
1,指数,0161,0161 生鮮食品を除く総合,00000,全国,1983000505,1983年5月,80.9,
1,指数,0161,0161 生鮮食品を除く総合,00000,全国,1983000404,1983年4月,80.4,
1,指数,0161,0161 生鮮食品を除く総合,00000,全国,1983000303,1983年3月,80.0,
1,指数,0161,0161 生鮮食品を除く総合,00000,全国,1983000202,1983年2月,79.8,
1,指数,0161,0161 生鮮食品を除く総合,00000,全国,1983000101,1983年1月,80.2,
1,指数,0161,0161 生鮮食品を除く総合,00000,全国,1982001212,1982年12月,80.5,
1,指数,0161,0161 生鮮食品を除く総合,00000,全国,1982001111,1982年11月,80.5,
1,指数,0161,0161 生鮮食品を除く総合,00000,全国,1982001010,1982年10月,80.4,
1,指数,0161,0161 生鮮食品を除く総合,00000,全国,1982000909,1982年9月,80.1,
1,指数,0161,0161 生鮮食品を除く総合,00000,全国,1982000808,1982年8月,79.3,
1,指数,0161,0161 生鮮食品を除く総合,00000,全国,1982000707,1982年7月,79.5,
1,指数,0161,0161 生鮮食品を除く総合,00000,全国,1982000606,1982年6月,79.6,
1,指数,0161,0161 生鮮食品を除く総合,00000,全国,1982000505,1982年5月,79.4,
1,指数,0161,0161 生鮮食品を除く総合,00000,全国,1982000404,1982年4月,78.7,
1,指数,0161,0161 生鮮食品を除く総合,00000,全国,1982000303,1982年3月,78.2,
1,指数,0161,0161 生鮮食品を除く総合,00000,全国,1982000202,1982年2月,78.1,
1,指数,0161,0161 生鮮食品を除く総合,00000,全国,1982000101,1982年1月,78.3,
1,指数,0161,0161 生鮮食品を除く総合,00000,全国,1981001212,1981年12月,78.5,
1,指数,0161,0161 生鮮食品を除く総合,00000,全国,1981001111,1981年11月,78.4,
1,指数,0161,0161 生鮮食品を除く総合,00000,全国,1981001010,1981年10月,78.2,
1,指数,0161,0161 生鮮食品を除く総合,00000,全国,1981000909,1981年9月,77.9,
1,指数,0161,0161 生鮮食品を除く総合,00000,全国,1981000808,1981年8月,77.0,
1,指数,0161,0161 生鮮食品を除く総合,00000,全国,1981000707,1981年7月,77.2,
1,指数,0161,0161 生鮮食品を除く総合,00000,全国,1981000606,1981年6月,77.3,
1,指数,0161,0161 生鮮食品を除く総合,00000,全国,1981000505,1981年5月,77.1,
1,指数,0161,0161 生鮮食品を除く総合,00000,全国,1981000404,1981年4月,76.1,
1,指数,0161,0161 生鮮食品を除く総合,00000,全国,1981000303,1981年3月,75.6,
1,指数,0161,0161 生鮮食品を除く総合,00000,全国,1981000202,1981年2月,75.4,
1,指数,0161,0161 生鮮食品を除く総合,00000,全国,1981000101,1981年1月,75.5,
1,指数,0161,0161 生鮮食品を除く総合,00000,全国,1980001212,1980年12月,75.5,
1,指数,0161,0161 生鮮食品を除く総合,00000,全国,1980001111,1980年11月,75.4,
1,指数,0161,0161 生鮮食品を除く総合,00000,全国,1980001010,1980年10月,75.2,
1,指数,0161,0161 生鮮食品を除く総合,00000,全国,1980000909,1980年9月,74.7,
1,指数,0161,0161 生鮮食品を除く総合,00000,全国,1980000808,1980年8月,74.0,
1,指数,0161,0161 生鮮食品を除く総合,00000,全国,1980000707,1980年7月,74.4,
1,指数,0161,0161 生鮮食品を除く総合,00000,全国,1980000606,1980年6月,74.2,
1,指数,0161,0161 生鮮食品を除く総合,00000,全国,1980000505,1980年5月,73.8,
1,指数,0161,0161 生鮮食品を除く総合,00000,全国,1980000404,1980年4月,72.8,
1,指数,0161,0161 生鮮食品を除く総合,00000,全国,1980000303,1980年3月,71.1,
1,指数,0161,0161 生鮮食品を除く総合,00000,全国,1980000202,1980年2月,70.6,
1,指数,0161,0161 生鮮食品を除く総合,00000,全国,1980000101,1980年1月,70.3,
1,指数,0161,0161 生鮮食品を除く総合,00000,全国,1979001212,1979年12月,70.1,
1,指数,0161,0161 生鮮食品を除く総合,00000,全国,1979001111,1979年11月,69.7,
1,指数,0161,0161 生鮮食品を除く総合,00000,全国,1979001010,1979年10月,69.5,
1,指数,0161,0161 生鮮食品を除く総合,00000,全国,1979000909,1979年9月,69.2,
1,指数,0161,0161 生鮮食品を除く総合,00000,全国,1979000808,1979年8月,68.4,
1,指数,0161,0161 生鮮食品を除く総合,00000,全国,1979000707,1979年7月,68.7,
1,指数,0161,0161 生鮮食品を除く総合,00000,全国,1979000606,1979年6月,68.5,
1,指数,0161,0161 生鮮食品を除く総合,00000,全国,1979000505,1979年5月,68.1,
1,指数,0161,0161 生鮮食品を除く総合,00000,全国,1979000404,1979年4月,67.6,
1,指数,0161,0161 生鮮食品を除く総合,00000,全国,1979000303,1979年3月,66.9,
1,指数,0161,0161 生鮮食品を除く総合,00000,全国,1979000202,1979年2月,66.6,
1,指数,0161,0161 生鮮食品を除く総合,00000,全国,1979000101,1979年1月,66.7,
1,指数,0161,0161 生鮮食品を除く総合,00000,全国,1978001212,1978年12月,66.8,
1,指数,0161,0161 生鮮食品を除く総合,00000,全国,1978001111,1978年11月,66.7,
1,指数,0161,0161 生鮮食品を除く総合,00000,全国,1978001010,1978年10月,66.6,
1,指数,0161,0161 生鮮食品を除く総合,00000,全国,1978000909,1978年9月,66.5,
1,指数,0161,0161 生鮮食品を除く総合,00000,全国,1978000808,1978年8月,66.0,
1,指数,0161,0161 生鮮食品を除く総合,00000,全国,1978000707,1978年7月,66.3,
1,指数,0161,0161 生鮮食品を除く総合,00000,全国,1978000606,1978年6月,66.1,
1,指数,0161,0161 生鮮食品を除く総合,00000,全国,1978000505,1978年5月,66.1,
1,指数,0161,0161 生鮮食品を除く総合,00000,全国,1978000404,1978年4月,65.6,
1,指数,0161,0161 生鮮食品を除く総合,00000,全国,1978000303,1978年3月,65.0,
1,指数,0161,0161 生鮮食品を除く総合,00000,全国,1978000202,1978年2月,64.7,
1,指数,0161,0161 生鮮食品を除く総合,00000,全国,1978000101,1978年1月,64.6,
1,指数,0161,0161 生鮮食品を除く総合,00000,全国,1977001212,1977年12月,64.7,
1,指数,0161,0161 生鮮食品を除く総合,00000,全国,1977001111,1977年11月,64.5,
1,指数,0161,0161 生鮮食品を除く総合,00000,全国,1977001010,1977年10月,64.4,
1,指数,0161,0161 生鮮食品を除く総合,00000,全国,1977000909,1977年9月,64.1,
1,指数,0161,0161 生鮮食品を除く総合,00000,全国,1977000808,1977年8月,63.3,
1,指数,0161,0161 生鮮食品を除く総合,00000,全国,1977000707,1977年7月,63.5,
1,指数,0161,0161 生鮮食品を除く総合,00000,全国,1977000606,1977年6月,63.4,
1,指数,0161,0161 生鮮食品を除く総合,00000,全国,1977000505,1977年5月,63.1,
1,指数,0161,0161 生鮮食品を除く総合,00000,全国,1977000404,1977年4月,62.5,
1,指数,0161,0161 生鮮食品を除く総合,00000,全国,1977000303,1977年3月,61.6,
1,指数,0161,0161 生鮮食品を除く総合,00000,全国,1977000202,1977年2月,61.3,
1,指数,0161,0161 生鮮食品を除く総合,00000,全国,1977000101,1977年1月,61.2,
1,指数,0161,0161 生鮮食品を除く総合,00000,全国,1976001212,1976年12月,61.2,
1,指数,0161,0161 生鮮食品を除く総合,00000,全国,1976001111,1976年11月,60.3,
1,指数,0161,0161 生鮮食品を除く総合,00000,全国,1976001010,1976年10月,59.9,
1,指数,0161,0161 生鮮食品を除く総合,00000,全国,1976000909,1976年9月,59.6,
1,指数,0161,0161 生鮮食品を除く総合,00000,全国,1976000808,1976年8月,58.6,
1,指数,0161,0161 生鮮食品を除く総合,00000,全国,1976000707,1976年7月,58.7,
1,指数,0161,0161 生鮮食品を除く総合,00000,全国,1976000606,1976年6月,58.3,
1,指数,0161,0161 生鮮食品を除く総合,00000,全国,1976000505,1976年5月,58.0,
1,指数,0161,0161 生鮮食品を除く総合,00000,全国,1976000404,1976年4月,57.6,
1,指数,0161,0161 生鮮食品を除く総合,00000,全国,1976000303,1976年3月,56.5,
1,指数,0161,0161 生鮮食品を除く総合,00000,全国,1976000202,1976年2月,56.3,
1,指数,0161,0161 生鮮食品を除く総合,00000,全国,1976000101,1976年1月,56.0,
1,指数,0161,0161 生鮮食品を除く総合,00000,全国,1975001212,1975年12月,55.3,
1,指数,0161,0161 生鮮食品を除く総合,00000,全国,1975001111,1975年11月,55.1,
1,指数,0161,0161 生鮮食品を除く総合,00000,全国,1975001010,1975年10月,54.9,
1,指数,0161,0161 生鮮食品を除く総合,00000,全国,1975000909,1975年9月,54.6,
1,指数,0161,0161 生鮮食品を除く総合,00000,全国,1975000808,1975年8月,53.7,
1,指数,0161,0161 生鮮食品を除く総合,00000,全国,1975000707,1975年7月,53.9,
1,指数,0161,0161 生鮮食品を除く総合,00000,全国,1975000606,1975年6月,53.6,
1,指数,0161,0161 生鮮食品を除く総合,00000,全国,1975000505,1975年5月,53.3,
1,指数,0161,0161 生鮮食品を除く総合,00000,全国,1975000404,1975年4月,53.1,
1,指数,0161,0161 生鮮食品を除く総合,00000,全国,1975000303,1975年3月,52.1,
1,指数,0161,0161 生鮮食品を除く総合,00000,全国,1975000202,1975年2月,51.9,
1,指数,0161,0161 生鮮食品を除く総合,00000,全国,1975000101,1975年1月,51.8,
1,指数,0161,0161 生鮮食品を除く総合,00000,全国,1974001212,1974年12月,51.5,
1,指数,0161,0161 生鮮食品を除く総合,00000,全国,1974001111,1974年11月,51.2,
1,指数,0161,0161 生鮮食品を除く総合,00000,全国,1974001010,1974年10月,50.6,
1,指数,0161,0161 生鮮食品を除く総合,00000,全国,1974000909,1974年9月,49.0,
1,指数,0161,0161 生鮮食品を除く総合,00000,全国,1974000808,1974年8月,48.4,
1,指数,0161,0161 生鮮食品を除く総合,00000,全国,1974000707,1974年7月,48.2,
1,指数,0161,0161 生鮮食品を除く総合,00000,全国,1974000606,1974年6月,47.6,
1,指数,0161,0161 生鮮食品を除く総合,00000,全国,1974000505,1974年5月,47.0,
1,指数,0161,0161 生鮮食品を除く総合,00000,全国,1974000404,1974年4月,46.3,
1,指数,0161,0161 生鮮食品を除く総合,00000,全国,1974000303,1974年3月,45.5,
1,指数,0161,0161 生鮮食品を除く総合,00000,全国,1974000202,1974年2月,45.1,
1,指数,0161,0161 生鮮食品を除く総合,00000,全国,1974000101,1974年1月,43.9,
1,指数,0161,0161 生鮮食品を除く総合,00000,全国,1973001212,1973年12月,42.5,
1,指数,0161,0161 生鮮食品を除く総合,00000,全国,1973001111,1973年11月,41.3,
1,指数,0161,0161 生鮮食品を除く総合,00000,全国,1973001010,1973年10月,40.6,
1,指数,0161,0161 生鮮食品を除く総合,00000,全国,1973000909,1973年9月,40.1,
1,指数,0161,0161 生鮮食品を除く総合,00000,全国,1973000808,1973年8月,39.3,
1,指数,0161,0161 生鮮食品を除く総合,00000,全国,1973000707,1973年7月,39.2,
1,指数,0161,0161 生鮮食品を除く総合,00000,全国,1973000606,1973年6月,38.9,
1,指数,0161,0161 生鮮食品を除く総合,00000,全国,1973000505,1973年5月,38.5,
1,指数,0161,0161 生鮮食品を除く総合,00000,全国,1973000404,1973年4月,37.9,
1,指数,0161,0161 生鮮食品を除く総合,00000,全国,1973000303,1973年3月,37.4,
1,指数,0161,0161 生鮮食品を除く総合,00000,全国,1973000202,1973年2月,36.8,
1,指数,0161,0161 生鮮食品を除く総合,00000,全国,1973000101,1973年1月,36.3,
1,指数,0161,0161 生鮮食品を除く総合,00000,全国,1972001212,1972年12月,36.2,
1,指数,0161,0161 生鮮食品を除く総合,00000,全国,1972001111,1972年11月,35.9,
1,指数,0161,0161 生鮮食品を除く総合,00000,全国,1972001010,1972年10月,35.8,
1,指数,0161,0161 生鮮食品を除く総合,00000,全国,1972000909,1972年9月,35.4,
1,指数,0161,0161 生鮮食品を除く総合,00000,全国,1972000808,1972年8月,35.2,
1,指数,0161,0161 生鮮食品を除く総合,00000,全国,1972000707,1972年7月,35.2,
1,指数,0161,0161 生鮮食品を除く総合,00000,全国,1972000606,1972年6月,35.1,
1,指数,0161,0161 生鮮食品を除く総合,00000,全国,1972000505,1972年5月,34.9,
1,指数,0161,0161 生鮮食品を除く総合,00000,全国,1972000404,1972年4月,34.7,
1,指数,0161,0161 生鮮食品を除く総合,00000,全国,1972000303,1972年3月,34.4,
1,指数,0161,0161 生鮮食品を除く総合,00000,全国,1972000202,1972年2月,34.3,
1,指数,0161,0161 生鮮食品を除く総合,00000,全国,1972000101,1972年1月,34.1,
1,指数,0161,0161 生鮮食品を除く総合,00000,全国,1971001212,1971年12月,34.1,
1,指数,0161,0161 生鮮食品を除く総合,00000,全国,1971001111,1971年11月,34.0,
1,指数,0161,0161 生鮮食品を除く総合,00000,全国,1971001010,1971年10月,33.9,
1,指数,0161,0161 生鮮食品を除く総合,00000,全国,1971000909,1971年9月,33.8,
1,指数,0161,0161 生鮮食品を除く総合,00000,全国,1971000808,1971年8月,33.5,
1,指数,0161,0161 生鮮食品を除く総合,00000,全国,1971000707,1971年7月,33.5,
1,指数,0161,0161 生鮮食品を除く総合,00000,全国,1971000606,1971年6月,33.5,
1,指数,0161,0161 生鮮食品を除く総合,00000,全国,1971000505,1971年5月,33.2,
1,指数,0161,0161 生鮮食品を除く総合,00000,全国,1971000404,1971年4月,33.0,
1,指数,0161,0161 生鮮食品を除く総合,00000,全国,1971000303,1971年3月,32.6,
1,指数,0161,0161 生鮮食品を除く総合,00000,全国,1971000202,1971年2月,32.4,
1,指数,0161,0161 生鮮食品を除く総合,00000,全国,1971000101,1971年1月,32.4,
1,指数,0161,0161 生鮮食品を除く総合,00000,全国,1970001212,1970年12月,32.3,
1,指数,0161,0161 生鮮食品を除く総合,00000,全国,1970001111,1970年11月,32.1,
1,指数,0161,0161 生鮮食品を除く総合,00000,全国,1970001010,1970年10月,31.9,
1,指数,0161,0161 生鮮食品を除く総合,00000,全国,1970000909,1970年9月,31.5,
1,指数,0161,0161 生鮮食品を除く総合,00000,全国,1970000808,1970年8月,31.2,
1,指数,0161,0161 生鮮食品を除く総合,00000,全国,1970000707,1970年7月,31.2,
1,指数,0161,0161 生鮮食品を除く総合,00000,全国,1970000606,1970年6月,31.1,
1,指数,0161,0161 生鮮食品を除く総合,00000,全国,1970000505,1970年5月,31.0,
1,指数,0161,0161 生鮮食品を除く総合,00000,全国,1970000404,1970年4月,30.9,
1,指数,0161,0161 生鮮食品を除く総合,00000,全国,1970000303,1970年3月,30.6,
1,指数,0161,0161 生鮮食品を除く総合,00000,全国,1970000202,1970年2月,30.6,
1,指数,0161,0161 生鮮食品を除く総合,00000,全国,1970000101,1970年1月,30.5,
1,指数,0178,0178 生鮮食品及びエネルギーを除く総合,00000,全国,2026000808,2026年8月,113.1,
1,指数,0178,0178 生鮮食品及びエネルギーを除く総合,00000,全国,2026000707,2026年7月,112.6,
1,指数,0178,0178 生鮮食品及びエネルギーを除く総合,00000,全国,2026000606,2026年6月,112.2,
1,指数,0178,0178 生鮮食品及びエネルギーを除く総合,00000,全国,2026000505,2026年5月,112.0,
1,指数,0178,0178 生鮮食品及びエネルギーを除く総合,00000,全国,2026000404,2026年4月,111.8,
1,指数,0178,0178 生鮮食品及びエネルギーを除く総合,00000,全国,2026000303,2026年3月,111.9,
1,指数,0178,0178 生鮮食品及びエネルギーを除く総合,00000,全国,2026000202,2026年2月,111.5,
1,指数,0178,0178 生鮮食品及びエネルギーを除く総合,00000,全国,2026000101,2026年1月,111.4,
1,指数,0178,0178 生鮮食品及びエネルギーを除く総合,00000,全国,2025001212,2025年12月,111.5,
1,指数,0178,0178 生鮮食品及びエネルギーを除く総合,00000,全国,2025001111,2025年11月,111.6,
1,指数,0178,0178 生鮮食品及びエネルギーを除く総合,00000,全国,2025001010,2025年10月,111.5,
1,指数,0178,0178 生鮮食品及びエネルギーを除く総合,00000,全国,2025000909,2025年9月,110.8,
1,指数,0178,0178 生鮮食品及びエネルギーを除く総合,00000,全国,2025000808,2025年8月,110.9,
1,指数,0178,0178 生鮮食品及びエネルギーを除く総合,00000,全国,2025000707,2025年7月,110.5,
1,指数,0178,0178 生鮮食品及びエネルギーを除く総合,00000,全国,2025000606,2025年6月,110.3,
1,指数,0178,0178 生鮮食品及びエネルギーを除く総合,00000,全国,2025000505,2025年5月,110.0,
1,指数,0178,0178 生鮮食品及びエネルギーを除く総合,00000,全国,2025000404,2025年4月,109.7,
1,指数,0178,0178 生鮮食品及びエネルギーを除く総合,00000,全国,2025000303,2025年3月,109.2,
1,指数,0178,0178 生鮮食品及びエネルギーを除く総合,00000,全国,2025000202,2025年2月,108.7,
1,指数,0178,0178 生鮮食品及びエネルギーを除く総合,00000,全国,2025000101,2025年1月,108.5,
1,指数,0178,0178 生鮮食品及びエネルギーを除く総合,00000,全国,2024001212,2024年12月,108.4,
1,指数,0178,0178 生鮮食品及びエネルギーを除く総合,00000,全国,2024001111,2024年11月,108.4,
1,指数,0178,0178 生鮮食品及びエネルギーを除く総合,00000,全国,2024001010,2024年10月,108.1,
1,指数,0178,0178 生鮮食品及びエネルギーを除く総合,00000,全国,2024000909,2024年9月,107.5,
1,指数,0178,0178 生鮮食品及びエネルギーを除く総合,00000,全国,2024000808,2024年8月,107.4,
1,指数,0178,0178 生鮮食品及びエネルギーを除く総合,00000,全国,2024000707,2024年7月,106.9,
1,指数,0178,0178 生鮮食品及びエネルギーを除く総合,00000,全国,2024000606,2024年6月,106.6,
1,指数,0178,0178 生鮮食品及びエネルギーを除く総合,00000,全国,2024000505,2024年5月,106.6,
1,指数,0178,0178 生鮮食品及びエネルギーを除く総合,00000,全国,2024000404,2024年4月,106.5,
1,指数,0178,0178 生鮮食品及びエネルギーを除く総合,00000,全国,2024000303,2024年3月,106.2,
1,指数,0178,0178 生鮮食品及びエネルギーを除く総合,00000,全国,2024000202,2024年2月,105.9,
1,指数,0178,0178 生鮮食品及びエネルギーを除く総合,00000,全国,2024000101,2024年1月,105.8,
1,指数,0178,0178 生鮮食品及びエネルギーを除く総合,00000,全国,2023001212,2023年12月,105.9,
1,指数,0178,0178 生鮮食品及びエネルギーを除く総合,00000,全国,2023001111,2023年11月,105.9,
1,指数,0178,0178 生鮮食品及びエネルギーを除く総合,00000,全国,2023001010,2023年10月,105.8,
1,指数,0178,0178 生鮮食品及びエネルギーを除く総合,00000,全国,2023000909,2023年9月,105.4,
1,指数,0178,0178 生鮮食品及びエネルギーを除く総合,00000,全国,2023000808,2023年8月,105.2,
1,指数,0178,0178 生鮮食品及びエネルギーを除く総合,00000,全国,2023000707,2023年7月,104.9,
1,指数,0178,0178 生鮮食品及びエネルギーを除く総合,00000,全国,2023000606,2023年6月,104.4,
1,指数,0178,0178 生鮮食品及びエネルギーを除く総合,00000,全国,2023000505,2023年5月,104.3,
1,指数,0178,0178 生鮮食品及びエネルギーを除く総合,00000,全国,2023000404,2023年4月,104.0,
1,指数,0178,0178 生鮮食品及びエネルギーを除く総合,00000,全国,2023000303,2023年3月,103.2,
1,指数,0178,0178 生鮮食品及びエネルギーを除く総合,00000,全国,2023000202,2023年2月,102.6,
1,指数,0178,0178 生鮮食品及びエネルギーを除く総合,00000,全国,2023000101,2023年1月,102.2,
1,指数,0178,0178 生鮮食品及びエネルギーを除く総合,00000,全国,2022001212,2022年12月,102.1,
1,指数,0178,0178 生鮮食品及びエネルギーを除く総合,00000,全国,2022001111,2022年11月,102.0,
1,指数,0178,0178 生鮮食品及びエネルギーを除く総合,00000,全国,2022001010,2022年10月,101.7,
1,指数,0178,0178 生鮮食品及びエネルギーを除く総合,00000,全国,2022000909,2022年9月,101.1,
1,指数,0178,0178 生鮮食品及びエネルギーを除く総合,00000,全国,2022000808,2022年8月,100.9,
1,指数,0178,0178 生鮮食品及びエネルギーを除く総合,00000,全国,2022000707,2022年7月,100.6,
1,指数,0178,0178 生鮮食品及びエネルギーを除く総合,00000,全国,2022000606,2022年6月,100.1,
1,指数,0178,0178 生鮮食品及びエネルギーを除く総合,00000,全国,2022000505,2022年5月,100.1,
1,指数,0178,0178 生鮮食品及びエネルギーを除く総合,00000,全国,2022000404,2022年4月,99.9,
1,指数,0178,0178 生鮮食品及びエネルギーを除く総合,00000,全国,2022000303,2022年3月,99.5,
1,指数,0178,0178 生鮮食品及びエネルギーを除く総合,00000,全国,2022000202,2022年2月,99.2,
1,指数,0178,0178 生鮮食品及びエネルギーを除く総合,00000,全国,2022000101,2022年1月,99.0,
1,指数,0178,0178 生鮮食品及びエネルギーを除く総合,00000,全国,2021001212,2021年12月,99.1,
1,指数,0178,0178 生鮮食品及びエネルギーを除く総合,00000,全国,2021001111,2021年11月,99.2,
1,指数,0178,0178 生鮮食品及びエネルギーを除く総合,00000,全国,2021001010,2021年10月,99.2,
1,指数,0178,0178 生鮮食品及びエネルギーを除く総合,00000,全国,2021000909,2021年9月,99.3,
1,指数,0178,0178 生鮮食品及びエネルギーを除く総合,00000,全国,2021000808,2021年8月,99.3,
1,指数,0178,0178 生鮮食品及びエネルギーを除く総合,00000,全国,2021000707,2021年7月,99.4,
1,指数,0178,0178 生鮮食品及びエネルギーを除く総合,00000,全国,2021000606,2021年6月,99.2,
1,指数,0178,0178 生鮮食品及びエネルギーを除く総合,00000,全国,2021000505,2021年5月,99.3,
1,指数,0178,0178 生鮮食品及びエネルギーを除く総合,00000,全国,2021000404,2021年4月,99.1,
1,指数,0178,0178 生鮮食品及びエネルギーを除く総合,00000,全国,2021000303,2021年3月,100.2,
1,指数,0178,0178 生鮮食品及びエネルギーを除く総合,00000,全国,2021000202,2021年2月,100.1,
1,指数,0178,0178 生鮮食品及びエネルギーを除く総合,00000,全国,2021000101,2021年1月,100.2,
1,指数,0178,0178 生鮮食品及びエネルギーを除く総合,00000,全国,2020001212,2020年12月,99.9,
1,指数,0178,0178 生鮮食品及びエネルギーを除く総合,00000,全国,2020001111,2020年11月,99.9,
1,指数,0178,0178 生鮮食品及びエネルギーを除く総合,00000,全国,2020001010,2020年10月,99.9,
1,指数,0178,0178 生鮮食品及びエネルギーを除く総合,00000,全国,2020000909,2020年9月,99.8,
1,指数,0178,0178 生鮮食品及びエネルギーを除く総合,00000,全国,2020000808,2020年8月,99.8,
1,指数,0178,0178 生鮮食品及びエネルギーを除く総合,00000,全国,2020000707,2020年7月,100.0,
1,指数,0178,0178 生鮮食品及びエネルギーを除く総合,00000,全国,2020000606,2020年6月,100.0,
1,指数,0178,0178 生鮮食品及びエネルギーを除く総合,00000,全国,2020000505,2020年5月,100.2,
1,指数,0178,0178 生鮮食品及びエネルギーを除く総合,00000,全国,2020000404,2020年4月,100.1,
1,指数,0178,0178 生鮮食品及びエネルギーを除く総合,00000,全国,2020000303,2020年3月,100.2,
1,指数,0178,0178 生鮮食品及びエネルギーを除く総合,00000,全国,2020000202,2020年2月,100.1,
1,指数,0178,0178 生鮮食品及びエネルギーを除く総合,00000,全国,2020000101,2020年1月,100.2,
1,指数,0178,0178 生鮮食品及びエネルギーを除く総合,00000,全国,2019001212,2019年12月,100.3,
1,指数,0178,0178 生鮮食品及びエネルギーを除く総合,00000,全国,2019001111,2019年11月,100.3,
1,指数,0178,0178 生鮮食品及びエネルギーを除く総合,00000,全国,2019001010,2019年10月,100.2,
1,指数,0178,0178 生鮮食品及びエネルギーを除く総合,00000,全国,2019000909,2019年9月,99.9,
1,指数,0178,0178 生鮮食品及びエネルギーを除く総合,00000,全国,2019000808,2019年8月,99.9,
1,指数,0178,0178 生鮮食品及びエネルギーを除く総合,00000,全国,2019000707,2019年7月,99.6,
1,指数,0178,0178 生鮮食品及びエネルギーを除く総合,00000,全国,2019000606,2019年6月,99.6,
1,指数,0178,0178 生鮮食品及びエネルギーを除く総合,00000,全国,2019000505,2019年5月,99.8,
1,指数,0178,0178 生鮮食品及びエネルギーを除く総合,00000,全国,2019000404,2019年4月,99.8,
1,指数,0178,0178 生鮮食品及びエネルギーを除く総合,00000,全国,2019000303,2019年3月,99.5,
1,指数,0178,0178 生鮮食品及びエネルギーを除く総合,00000,全国,2019000202,2019年2月,99.4,
1,指数,0178,0178 生鮮食品及びエネルギーを除く総合,00000,全国,2019000101,2019年1月,99.3,
1,指数,0178,0178 生鮮食品及びエネルギーを除く総合,00000,全国,2018001212,2018年12月,99.4,
1,指数,0178,0178 生鮮食品及びエネルギーを除く総合,00000,全国,2018001111,2018年11月,99.5,
1,指数,0178,0178 生鮮食品及びエネルギーを除く総合,00000,全国,2018001010,2018年10月,99.5,
1,指数,0178,0178 生鮮食品及びエネルギーを除く総合,00000,全国,2018000909,2018年9月,99.3,
1,指数,0178,0178 生鮮食品及びエネルギーを除く総合,00000,全国,2018000808,2018年8月,99.4,
1,指数,0178,0178 生鮮食品及びエネルギーを除く総合,00000,全国,2018000707,2018年7月,99.1,
1,指数,0178,0178 生鮮食品及びエネルギーを除く総合,00000,全国,2018000606,2018年6月,99.1,
1,指数,0178,0178 生鮮食品及びエネルギーを除く総合,00000,全国,2018000505,2018年5月,99.3,
1,指数,0178,0178 生鮮食品及びエネルギーを除く総合,00000,全国,2018000404,2018年4月,99.2,
1,指数,0178,0178 生鮮食品及びエネルギーを除く総合,00000,全国,2018000303,2018年3月,99.0,
1,指数,0178,0178 生鮮食品及びエネルギーを除く総合,00000,全国,2018000202,2018年2月,99.0,
1,指数,0178,0178 生鮮食品及びエネルギーを除く総合,00000,全国,2018000101,2018年1月,98.9,
1,指数,0178,0178 生鮮食品及びエネルギーを除く総合,00000,全国,2017001212,2017年12月,99.2,
1,指数,0178,0178 生鮮食品及びエネルギーを除く総合,00000,全国,2017001111,2017年11月,99.2,
1,指数,0178,0178 生鮮食品及びエネルギーを除く総合,00000,全国,2017001010,2017年10月,99.2,
1,指数,0178,0178 生鮮食品及びエネルギーを除く総合,00000,全国,2017000909,2017年9月,99.0,
1,指数,0178,0178 生鮮食品及びエネルギーを除く総合,00000,全国,2017000808,2017年8月,99.0,
1,指数,0178,0178 生鮮食品及びエネルギーを除く総合,00000,全国,2017000707,2017年7月,98.8,
1,指数,0178,0178 生鮮食品及びエネルギーを除く総合,00000,全国,2017000606,2017年6月,98.9,
1,指数,0178,0178 生鮮食品及びエネルギーを除く総合,00000,全国,2017000505,2017年5月,99.0,
1,指数,0178,0178 生鮮食品及びエネルギーを除く総合,00000,全国,2017000404,2017年4月,98.9,
1,指数,0178,0178 生鮮食品及びエネルギーを除く総合,00000,全国,2017000303,2017年3月,98.6,
1,指数,0178,0178 生鮮食品及びエネルギーを除く総合,00000,全国,2017000202,2017年2月,98.5,
1,指数,0178,0178 生鮮食品及びエネルギーを除く総合,00000,全国,2017000101,2017年1月,98.5,
1,指数,0178,0178 生鮮食品及びエネルギーを除く総合,00000,全国,2016001212,2016年12月,98.8,
1,指数,0178,0178 生鮮食品及びエネルギーを除く総合,00000,全国,2016001111,2016年11月,98.9,
1,指数,0178,0178 生鮮食品及びエネルギーを除く総合,00000,全国,2016001010,2016年10月,99.0,
1,指数,0178,0178 生鮮食品及びエネルギーを除く総合,00000,全国,2016000909,2016年9月,98.8,
1,指数,0178,0178 生鮮食品及びエネルギーを除く総合,00000,全国,2016000808,2016年8月,98.8,
1,指数,0178,0178 生鮮食品及びエネルギーを除く総合,00000,全国,2016000707,2016年7月,98.7,
1,指数,0178,0178 生鮮食品及びエネルギーを除く総合,00000,全国,2016000606,2016年6月,98.9,
1,指数,0178,0178 生鮮食品及びエネルギーを除く総合,00000,全国,2016000505,2016年5月,98.9,
1,指数,0178,0178 生鮮食品及びエネルギーを除く総合,00000,全国,2016000404,2016年4月,98.9,
1,指数,0178,0178 生鮮食品及びエネルギーを除く総合,00000,全国,2016000303,2016年3月,98.6,
1,指数,0178,0178 生鮮食品及びエネルギーを除く総合,00000,全国,2016000202,2016年2月,98.4,
1,指数,0178,0178 生鮮食品及びエネルギーを除く総合,00000,全国,2016000101,2016年1月,98.3,
1,指数,0178,0178 生鮮食品及びエネルギーを除く総合,00000,全国,2015001212,2015年12月,98.7,
1,指数,0178,0178 生鮮食品及びエネルギーを除く総合,00000,全国,2015001111,2015年11月,98.7,
1,指数,0178,0178 生鮮食品及びエネルギーを除く総合,00000,全国,2015001010,2015年10月,98.7,
1,指数,0178,0178 生鮮食品及びエネルギーを除く総合,00000,全国,2015000909,2015年9月,98.6,
1,指数,0178,0178 生鮮食品及びエネルギーを除く総合,00000,全国,2015000808,2015年8月,98.4,
1,指数,0178,0178 生鮮食品及びエネルギーを除く総合,00000,全国,2015000707,2015年7月,98.2,
1,指数,0178,0178 生鮮食品及びエネルギーを除く総合,00000,全国,2015000606,2015年6月,98.2,
1,指数,0178,0178 生鮮食品及びエネルギーを除く総合,00000,全国,2015000505,2015年5月,98.2,
1,指数,0178,0178 生鮮食品及びエネルギーを除く総合,00000,全国,2015000404,2015年4月,98.1,
1,指数,0178,0178 生鮮食品及びエネルギーを除く総合,00000,全国,2015000303,2015年3月,97.7,
1,指数,0178,0178 生鮮食品及びエネルギーを除く総合,00000,全国,2015000202,2015年2月,97.4,
1,指数,0178,0178 生鮮食品及びエネルギーを除く総合,00000,全国,2015000101,2015年1月,97.4,
1,指数,0178,0178 生鮮食品及びエネルギーを除く総合,00000,全国,2014001212,2014年12月,97.6,
1,指数,0178,0178 生鮮食品及びエネルギーを除く総合,00000,全国,2014001111,2014年11月,97.6,
1,指数,0178,0178 生鮮食品及びエネルギーを除く総合,00000,全国,2014001010,2014年10月,97.7,
1,指数,0178,0178 生鮮食品及びエネルギーを除く総合,00000,全国,2014000909,2014年9月,97.5,
1,指数,0178,0178 生鮮食品及びエネルギーを除く総合,00000,全国,2014000808,2014年8月,97.5,
1,指数,0178,0178 生鮮食品及びエネルギーを除く総合,00000,全国,2014000707,2014年7月,97.4,
1,指数,0178,0178 生鮮食品及びエネルギーを除く総合,00000,全国,2014000606,2014年6月,97.4,
1,指数,0178,0178 生鮮食品及びエネルギーを除く総合,00000,全国,2014000505,2014年5月,97.4,
1,指数,0178,0178 生鮮食品及びエネルギーを除く総合,00000,全国,2014000404,2014年4月,97.3,
1,指数,0178,0178 生鮮食品及びエネルギーを除く総合,00000,全国,2014000303,2014年3月,95.3,
1,指数,0178,0178 生鮮食品及びエネルギーを除く総合,00000,全国,2014000202,2014年2月,95.0,
1,指数,0178,0178 生鮮食品及びエネルギーを除く総合,00000,全国,2014000101,2014年1月,94.9,
1,指数,0178,0178 生鮮食品及びエネルギーを除く総合,00000,全国,2013001212,2013年12月,95.2,
1,指数,0178,0178 生鮮食品及びエネルギーを除く総合,00000,全国,2013001111,2013年11月,95.2,
1,指数,0178,0178 生鮮食品及びエネルギーを除く総合,00000,全国,2013001010,2013年10月,95.2,
1,指数,0178,0178 生鮮食品及びエネルギーを除く総合,00000,全国,2013000909,2013年9月,94.9,
1,指数,0178,0178 生鮮食品及びエネルギーを除く総合,00000,全国,2013000808,2013年8月,94.9,
1,指数,0178,0178 生鮮食品及びエネルギーを除く総合,00000,全国,2013000707,2013年7月,94.8,
1,指数,0178,0178 生鮮食品及びエネルギーを除く総合,00000,全国,2013000606,2013年6月,94.8,
1,指数,0178,0178 生鮮食品及びエネルギーを除く総合,00000,全国,2013000505,2013年5月,94.8,
1,指数,0178,0178 生鮮食品及びエネルギーを除く総合,00000,全国,2013000404,2013年4月,94.8,
1,指数,0178,0178 生鮮食品及びエネルギーを除く総合,00000,全国,2013000303,2013年3月,94.5,
1,指数,0178,0178 生鮮食品及びエネルギーを除く総合,00000,全国,2013000202,2013年2月,94.2,
1,指数,0178,0178 生鮮食品及びエネルギーを除く総合,00000,全国,2013000101,2013年1月,94.2,
1,指数,0178,0178 生鮮食品及びエネルギーを除く総合,00000,全国,2012001212,2012年12月,94.5,
1,指数,0178,0178 生鮮食品及びエネルギーを除く総合,00000,全国,2012001111,2012年11月,94.7,
1,指数,0178,0178 生鮮食品及びエネルギーを除く総合,00000,全国,2012001010,2012年10月,94.9,
1,指数,0178,0178 生鮮食品及びエネルギーを除く総合,00000,全国,2012000909,2012年9月,94.9,
1,指数,0178,0178 生鮮食品及びエネルギーを除く総合,00000,全国,2012000808,2012年8月,94.9,
1,指数,0178,0178 生鮮食品及びエネルギーを除く総合,00000,全国,2012000707,2012年7月,94.9,
1,指数,0178,0178 生鮮食品及びエネルギーを除く総合,00000,全国,2012000606,2012年6月,95.0,
1,指数,0178,0178 生鮮食品及びエネルギーを除く総合,00000,全国,2012000505,2012年5月,95.2,
1,指数,0178,0178 生鮮食品及びエネルギーを除く総合,00000,全国,2012000404,2012年4月,95.3,
1,指数,0178,0178 生鮮食品及びエネルギーを除く総合,00000,全国,2012000303,2012年3月,95.2,
1,指数,0178,0178 生鮮食品及びエネルギーを除く総合,00000,全国,2012000202,2012年2月,94.9,
1,指数,0178,0178 生鮮食品及びエネルギーを除く総合,00000,全国,2012000101,2012年1月,94.8,
1,指数,0178,0178 生鮮食品及びエネルギーを除く総合,00000,全国,2011001212,2011年12月,95.0,
1,指数,0178,0178 生鮮食品及びエネルギーを除く総合,00000,全国,2011001111,2011年11月,95.1,
1,指数,0178,0178 生鮮食品及びエネルギーを除く総合,00000,全国,2011001010,2011年10月,95.4,
1,指数,0178,0178 生鮮食品及びエネルギーを除く総合,00000,全国,2011000909,2011年9月,95.4,
1,指数,0178,0178 生鮮食品及びエネルギーを除く総合,00000,全国,2011000808,2011年8月,95.3,
1,指数,0178,0178 生鮮食品及びエネルギーを除く総合,00000,全国,2011000707,2011年7月,95.3,
1,指数,0178,0178 生鮮食品及びエネルギーを除く総合,00000,全国,2011000606,2011年6月,95.4,
1,指数,0178,0178 生鮮食品及びエネルギーを除く総合,00000,全国,2011000505,2011年5月,95.6,
1,指数,0178,0178 生鮮食品及びエネルギーを除く総合,00000,全国,2011000404,2011年4月,95.6,
1,指数,0178,0178 生鮮食品及びエネルギーを除く総合,00000,全国,2011000303,2011年3月,95.4,
1,指数,0178,0178 生鮮食品及びエネルギーを除く総合,00000,全国,2011000202,2011年2月,95.3,
1,指数,0178,0178 生鮮食品及びエネルギーを除く総合,00000,全国,2011000101,2011年1月,95.3,
1,指数,0178,0178 生鮮食品及びエネルギーを除く総合,00000,全国,2010001212,2010年12月,95.7,
1,指数,0178,0178 生鮮食品及びエネルギーを除く総合,00000,全国,2010001111,2010年11月,95.8,
1,指数,0178,0178 生鮮食品及びエネルギーを除く総合,00000,全国,2010001010,2010年10月,96.0,
1,指数,0178,0178 生鮮食品及びエネルギーを除く総合,00000,全国,2010000909,2010年9月,95.7,
1,指数,0178,0178 生鮮食品及びエネルギーを除く総合,00000,全国,2010000808,2010年8月,95.7,
1,指数,0178,0178 生鮮食品及びエネルギーを除く総合,00000,全国,2010000707,2010年7月,95.7,
1,指数,0178,0178 生鮮食品及びエネルギーを除く総合,00000,全国,2010000606,2010年6月,96.1,
1,指数,0178,0178 生鮮食品及びエネルギーを除く総合,00000,全国,2010000505,2010年5月,96.2,
1,指数,0178,0178 生鮮食品及びエネルギーを除く総合,00000,全国,2010000404,2010年4月,96.4,
1,指数,0178,0178 生鮮食品及びエネルギーを除く総合,00000,全国,2010000303,2010年3月,96.6,
1,指数,0178,0178 生鮮食品及びエネルギーを除く総合,00000,全国,2010000202,2010年2月,96.4,
1,指数,0178,0178 生鮮食品及びエネルギーを除く総合,00000,全国,2010000101,2010年1月,96.6,
1,指数,0178,0178 生鮮食品及びエネルギーを除く総合,00000,全国,2009001212,2009年12月,97.0,
1,指数,0178,0178 生鮮食品及びエネルギーを除く総合,00000,全国,2009001111,2009年11月,97.2,
1,指数,0178,0178 生鮮食品及びエネルギーを除く総合,00000,全国,2009001010,2009年10月,97.3,
1,指数,0178,0178 生鮮食品及びエネルギーを除く総合,00000,全国,2009000909,2009年9月,97.4,
1,指数,0178,0178 生鮮食品及びエネルギーを除く総合,00000,全国,2009000808,2009年8月,97.3,
1,指数,0178,0178 生鮮食品及びエネルギーを除く総合,00000,全国,2009000707,2009年7月,97.3,
1,指数,0178,0178 生鮮食品及びエネルギーを除く総合,00000,全国,2009000606,2009年6月,97.5,
1,指数,0178,0178 生鮮食品及びエネルギーを除く総合,00000,全国,2009000505,2009年5月,97.6,
1,指数,0178,0178 生鮮食品及びエネルギーを除く総合,00000,全国,2009000404,2009年4月,97.6,
1,指数,0178,0178 生鮮食品及びエネルギーを除く総合,00000,全国,2009000303,2009年3月,97.6,
1,指数,0178,0178 生鮮食品及びエネルギーを除く総合,00000,全国,2009000202,2009年2月,97.4,
1,指数,0178,0178 生鮮食品及びエネルギーを除く総合,00000,全国,2009000101,2009年1月,97.6,
1,指数,0178,0178 生鮮食品及びエネルギーを除く総合,00000,全国,2008001212,2008年12月,98.1,
1,指数,0178,0178 生鮮食品及びエネルギーを除く総合,00000,全国,2008001111,2008年11月,98.2,
1,指数,0178,0178 生鮮食品及びエネルギーを除く総合,00000,全国,2008001010,2008年10月,98.3,
1,指数,0178,0178 生鮮食品及びエネルギーを除く総合,00000,全国,2008000909,2008年9月,98.2,
1,指数,0178,0178 生鮮食品及びエネルギーを除く総合,00000,全国,2008000808,2008年8月,98.0,
1,指数,0178,0178 生鮮食品及びエネルギーを除く総合,00000,全国,2008000707,2008年7月,97.8,
1,指数,0178,0178 生鮮食品及びエネルギーを除く総合,00000,全国,2008000606,2008年6月,97.8,
1,指数,0178,0178 生鮮食品及びエネルギーを除く総合,00000,全国,2008000505,2008年5月,97.7,
1,指数,0178,0178 生鮮食品及びエネルギーを除く総合,00000,全国,2008000404,2008年4月,97.5,
1,指数,0178,0178 生鮮食品及びエネルギーを除く総合,00000,全国,2008000303,2008年3月,97.2,
1,指数,0178,0178 生鮮食品及びエネルギーを除く総合,00000,全国,2008000202,2008年2月,96.8,
1,指数,0178,0178 生鮮食品及びエネルギーを除く総合,00000,全国,2008000101,2008年1月,96.9,
1,指数,0178,0178 生鮮食品及びエネルギーを除く総合,00000,全国,2007001212,2007年12月,97.3,
1,指数,0178,0178 生鮮食品及びエネルギーを除く総合,00000,全国,2007001111,2007年11月,97.2,
1,指数,0178,0178 生鮮食品及びエネルギーを除く総合,00000,全国,2007001010,2007年10月,97.2,
1,指数,0178,0178 生鮮食品及びエネルギーを除く総合,00000,全国,2007000909,2007年9月,97.1,
1,指数,0178,0178 生鮮食品及びエネルギーを除く総合,00000,全国,2007000808,2007年8月,97.0,
1,指数,0178,0178 生鮮食品及びエネルギーを除く総合,00000,全国,2007000707,2007年7月,96.9,
1,指数,0178,0178 生鮮食品及びエネルギーを除く総合,00000,全国,2007000606,2007年6月,97.0,
1,指数,0178,0178 生鮮食品及びエネルギーを除く総合,00000,全国,2007000505,2007年5月,97.1,
1,指数,0178,0178 生鮮食品及びエネルギーを除く総合,00000,全国,2007000404,2007年4月,97.0,
1,指数,0178,0178 生鮮食品及びエネルギーを除く総合,00000,全国,2007000303,2007年3月,96.8,
1,指数,0178,0178 生鮮食品及びエネルギーを除く総合,00000,全国,2007000202,2007年2月,96.5,
1,指数,0178,0178 生鮮食品及びエネルギーを除く総合,00000,全国,2007000101,2007年1月,96.7,
1,指数,0178,0178 生鮮食品及びエネルギーを除く総合,00000,全国,2006001212,2006年12月,97.2,
1,指数,0178,0178 生鮮食品及びエネルギーを除く総合,00000,全国,2006001111,2006年11月,97.2,
1,指数,0178,0178 生鮮食品及びエネルギーを除く総合,00000,全国,2006001010,2006年10月,97.3,
1,指数,0178,0178 生鮮食品及びエネルギーを除く総合,00000,全国,2006000909,2006年9月,97.3,
1,指数,0178,0178 生鮮食品及びエネルギーを除く総合,00000,全国,2006000808,2006年8月,97.1,
1,指数,0178,0178 生鮮食品及びエネルギーを除く総合,00000,全国,2006000707,2006年7月,97.1,
1,指数,0178,0178 生鮮食品及びエネルギーを除く総合,00000,全国,2006000606,2006年6月,97.2,
1,指数,0178,0178 生鮮食品及びエネルギーを除く総合,00000,全国,2006000505,2006年5月,97.2,
1,指数,0178,0178 生鮮食品及びエネルギーを除く総合,00000,全国,2006000404,2006年4月,97.1,
1,指数,0178,0178 生鮮食品及びエネルギーを除く総合,00000,全国,2006000303,2006年3月,96.9,
1,指数,0178,0178 生鮮食品及びエネルギーを除く総合,00000,全国,2006000202,2006年2月,96.6,
1,指数,0178,0178 生鮮食品及びエネルギーを除く総合,00000,全国,2006000101,2006年1月,96.8,
1,指数,0178,0178 生鮮食品及びエネルギーを除く総合,00000,全国,2005001212,2005年12月,97.4,
1,指数,0178,0178 生鮮食品及びエネルギーを除く総合,00000,全国,2005001111,2005年11月,97.3,
1,指数,0178,0178 生鮮食品及びエネルギーを除く総合,00000,全国,2005001010,2005年10月,97.6,
1,指数,0178,0178 生鮮食品及びエネルギーを除く総合,00000,全国,2005000909,2005年9月,97.6,
1,指数,0178,0178 生鮮食品及びエネルギーを除く総合,00000,全国,2005000808,2005年8月,97.4,
1,指数,0178,0178 生鮮食品及びエネルギーを除く総合,00000,全国,2005000707,2005年7月,97.4,
1,指数,0178,0178 生鮮食品及びエネルギーを除く総合,00000,全国,2005000606,2005年6月,97.6,
1,指数,0178,0178 生鮮食品及びエネルギーを除く総合,00000,全国,2005000505,2005年5月,97.7,
1,指数,0178,0178 生鮮食品及びエネルギーを除く総合,00000,全国,2005000404,2005年4月,97.6,
1,指数,0178,0178 生鮮食品及びエネルギーを除く総合,00000,全国,2005000303,2005年3月,97.5,
1,指数,0178,0178 生鮮食品及びエネルギーを除く総合,00000,全国,2005000202,2005年2月,97.2,
1,指数,0178,0178 生鮮食品及びエネルギーを除く総合,00000,全国,2005000101,2005年1月,97.4,
1,指数,0178,0178 生鮮食品及びエネルギーを除く総合,00000,全国,2004001212,2004年12月,97.9,
1,指数,0178,0178 生鮮食品及びエネルギーを除く総合,00000,全国,2004001111,2004年11月,97.8,
1,指数,0178,0178 生鮮食品及びエネルギーを除く総合,00000,全国,2004001010,2004年10月,98.1,
1,指数,0178,0178 生鮮食品及びエネルギーを除く総合,00000,全国,2004000909,2004年9月,98.1,
1,指数,0178,0178 生鮮食品及びエネルギーを除く総合,00000,全国,2004000808,2004年8月,98.0,
1,指数,0178,0178 生鮮食品及びエネルギーを除く総合,00000,全国,2004000707,2004年7月,97.9,
1,指数,0178,0178 生鮮食品及びエネルギーを除く総合,00000,全国,2004000606,2004年6月,98.1,
1,指数,0178,0178 生鮮食品及びエネルギーを除く総合,00000,全国,2004000505,2004年5月,98.1,
1,指数,0178,0178 生鮮食品及びエネルギーを除く総合,00000,全国,2004000404,2004年4月,98.1,
1,指数,0178,0178 生鮮食品及びエネルギーを除く総合,00000,全国,2004000303,2004年3月,97.9,
1,指数,0178,0178 生鮮食品及びエネルギーを除く総合,00000,全国,2004000202,2004年2月,97.7,
1,指数,0178,0178 生鮮食品及びエネルギーを除く総合,00000,全国,2004000101,2004年1月,97.7,
1,指数,0178,0178 生鮮食品及びエネルギーを除く総合,00000,全国,2003001212,2003年12月,98.4,
1,指数,0178,0178 生鮮食品及びエネルギーを除く総合,00000,全国,2003001111,2003年11月,98.3,
1,指数,0178,0178 生鮮食品及びエネルギーを除く総合,00000,全国,2003001010,2003年10月,98.5,
1,指数,0178,0178 生鮮食品及びエネルギーを除く総合,00000,全国,2003000909,2003年9月,98.4,
1,指数,0178,0178 生鮮食品及びエネルギーを除く総合,00000,全国,2003000808,2003年8月,98.4,
1,指数,0178,0178 生鮮食品及びエネルギーを除く総合,00000,全国,2003000707,2003年7月,98.3,
1,指数,0178,0178 生鮮食品及びエネルギーを除く総合,00000,全国,2003000606,2003年6月,98.3,
1,指数,0178,0178 生鮮食品及びエネルギーを除く総合,00000,全国,2003000505,2003年5月,98.4,
1,指数,0178,0178 生鮮食品及びエネルギーを除く総合,00000,全国,2003000404,2003年4月,98.2,
1,指数,0178,0178 生鮮食品及びエネルギーを除く総合,00000,全国,2003000303,2003年3月,98.0,
1,指数,0178,0178 生鮮食品及びエネルギーを除く総合,00000,全国,2003000202,2003年2月,97.7,
1,指数,0178,0178 生鮮食品及びエネルギーを除く総合,00000,全国,2003000101,2003年1月,97.8,
1,指数,0178,0178 生鮮食品及びエネルギーを除く総合,00000,全国,2002001212,2002年12月,98.5,
1,指数,0178,0178 生鮮食品及びエネルギーを除く総合,00000,全国,2002001111,2002年11月,98.5,
1,指数,0178,0178 生鮮食品及びエネルギーを除く総合,00000,全国,2002001010,2002年10月,98.5,
1,指数,0178,0178 生鮮食品及びエネルギーを除く総合,00000,全国,2002000909,2002年9月,98.6,
1,指数,0178,0178 生鮮食品及びエネルギーを除く総合,00000,全国,2002000808,2002年8月,98.5,
1,指数,0178,0178 生鮮食品及びエネルギーを除く総合,00000,全国,2002000707,2002年7月,98.5,
1,指数,0178,0178 生鮮食品及びエネルギーを除く総合,00000,全国,2002000606,2002年6月,98.7,
1,指数,0178,0178 生鮮食品及びエネルギーを除く総合,00000,全国,2002000505,2002年5月,98.8,
1,指数,0178,0178 生鮮食品及びエネルギーを除く総合,00000,全国,2002000404,2002年4月,98.7,
1,指数,0178,0178 生鮮食品及びエネルギーを除く総合,00000,全国,2002000303,2002年3月,98.6,
1,指数,0178,0178 生鮮食品及びエネルギーを除く総合,00000,全国,2002000202,2002年2月,98.3,
1,指数,0178,0178 生鮮食品及びエネルギーを除く総合,00000,全国,2002000101,2002年1月,98.5,
1,指数,0178,0178 生鮮食品及びエネルギーを除く総合,00000,全国,2001001212,2001年12月,99.0,
1,指数,0178,0178 生鮮食品及びエネルギーを除く総合,00000,全国,2001001111,2001年11月,99.1,
1,指数,0178,0178 生鮮食品及びエネルギーを除く総合,00000,全国,2001001010,2001年10月,99.2,
1,指数,0178,0178 生鮮食品及びエネルギーを除く総合,00000,全国,2001000909,2001年9月,99.3,
1,指数,0178,0178 生鮮食品及びエネルギーを除く総合,00000,全国,2001000808,2001年8月,99.3,
1,指数,0178,0178 生鮮食品及びエネルギーを除く総合,00000,全国,2001000707,2001年7月,99.2,
1,指数,0178,0178 生鮮食品及びエネルギーを除く総合,00000,全国,2001000606,2001年6月,99.4,
1,指数,0178,0178 生鮮食品及びエネルギーを除く総合,00000,全国,2001000505,2001年5月,99.5,
1,指数,0178,0178 生鮮食品及びエネルギーを除く総合,00000,全国,2001000404,2001年4月,99.5,
1,指数,0178,0178 生鮮食品及びエネルギーを除く総合,00000,全国,2001000303,2001年3月,99.2,
1,指数,0178,0178 生鮮食品及びエネルギーを除く総合,00000,全国,2001000202,2001年2月,99.1,
1,指数,0178,0178 生鮮食品及びエネルギーを除く総合,00000,全国,2001000101,2001年1月,99.3,
1,指数,0178,0178 生鮮食品及びエネルギーを除く総合,00000,全国,2000001212,2000年12月,99.9,
1,指数,0178,0178 生鮮食品及びエネルギーを除く総合,00000,全国,2000001111,2000年11月,99.9,
1,指数,0178,0178 生鮮食品及びエネルギーを除く総合,00000,全国,2000001010,2000年10月,100.0,
1,指数,0178,0178 生鮮食品及びエネルギーを除く総合,00000,全国,2000000909,2000年9月,100.1,
1,指数,0178,0178 生鮮食品及びエネルギーを除く総合,00000,全国,2000000808,2000年8月,100.2,
1,指数,0178,0178 生鮮食品及びエネルギーを除く総合,00000,全国,2000000707,2000年7月,100.1,
1,指数,0178,0178 生鮮食品及びエネルギーを除く総合,00000,全国,2000000606,2000年6月,100.4,
1,指数,0178,0178 生鮮食品及びエネルギーを除く総合,00000,全国,2000000505,2000年5月,100.6,
1,指数,0178,0178 生鮮食品及びエネルギーを除く総合,00000,全国,2000000404,2000年4月,100.4,
1,指数,0178,0178 生鮮食品及びエネルギーを除く総合,00000,全国,2000000303,2000年3月,100.3,
1,指数,0178,0178 生鮮食品及びエネルギーを除く総合,00000,全国,2000000202,2000年2月,100.1,
1,指数,0178,0178 生鮮食品及びエネルギーを除く総合,00000,全国,2000000101,2000年1月,100.3,
1,指数,0178,0178 生鮮食品及びエネルギーを除く総合,00000,全国,1999001212,1999年12月,100.8,
1,指数,0178,0178 生鮮食品及びエネルギーを除く総合,00000,全国,1999001111,1999年11月,100.8,
1,指数,0178,0178 生鮮食品及びエネルギーを除く総合,00000,全国,1999001010,1999年10月,100.9,
1,指数,0178,0178 生鮮食品及びエネルギーを除く総合,00000,全国,1999000909,1999年9月,100.9,
1,指数,0178,0178 生鮮食品及びエネルギーを除く総合,00000,全国,1999000808,1999年8月,100.6,
1,指数,0178,0178 生鮮食品及びエネルギーを除く総合,00000,全国,1999000707,1999年7月,100.6,
1,指数,0178,0178 生鮮食品及びエネルギーを除く総合,00000,全国,1999000606,1999年6月,100.9,
1,指数,0178,0178 生鮮食品及びエネルギーを除く総合,00000,全国,1999000505,1999年5月,101.0,
1,指数,0178,0178 生鮮食品及びエネルギーを除く総合,00000,全国,1999000404,1999年4月,100.9,
1,指数,0178,0178 生鮮食品及びエネルギーを除く総合,00000,全国,1999000303,1999年3月,100.6,
1,指数,0178,0178 生鮮食品及びエネルギーを除く総合,00000,全国,1999000202,1999年2月,100.3,
1,指数,0178,0178 生鮮食品及びエネルギーを除く総合,00000,全国,1999000101,1999年1月,100.6,
1,指数,0178,0178 生鮮食品及びエネルギーを除く総合,00000,全国,1998001212,1998年12月,100.9,
1,指数,0178,0178 生鮮食品及びエネルギーを除く総合,00000,全国,1998001111,1998年11月,101.1,
1,指数,0178,0178 生鮮食品及びエネルギーを除く総合,00000,全国,1998001010,1998年10月,101.0,
1,指数,0178,0178 生鮮食品及びエネルギーを除く総合,00000,全国,1998000909,1998年9月,100.8,
1,指数,0178,0178 生鮮食品及びエネルギーを除く総合,00000,全国,1998000808,1998年8月,100.5,
1,指数,0178,0178 生鮮食品及びエネルギーを除く総合,00000,全国,1998000707,1998年7月,100.6,
1,指数,0178,0178 生鮮食品及びエネルギーを除く総合,00000,全国,1998000606,1998年6月,100.8,
1,指数,0178,0178 生鮮食品及びエネルギーを除く総合,00000,全国,1998000505,1998年5月,100.9,
1,指数,0178,0178 生鮮食品及びエネルギーを除く総合,00000,全国,1998000404,1998年4月,100.9,
1,指数,0178,0178 生鮮食品及びエネルギーを除く総合,00000,全国,1998000303,1998年3月,100.6,
1,指数,0178,0178 生鮮食品及びエネルギーを除く総合,00000,全国,1998000202,1998年2月,100.2,
1,指数,0178,0178 生鮮食品及びエネルギーを除く総合,00000,全国,1998000101,1998年1月,100.4,
1,指数,0178,0178 生鮮食品及びエネルギーを除く総合,00000,全国,1997001212,1997年12月,100.9,
1,指数,0178,0178 生鮮食品及びエネルギーを除く総合,00000,全国,1997001111,1997年11月,101.0,
1,指数,0178,0178 生鮮食品及びエネルギーを除く総合,00000,全国,1997001010,1997年10月,101.1,
1,指数,0178,0178 生鮮食品及びエネルギーを除く総合,00000,全国,1997000909,1997年9月,100.9,
1,指数,0178,0178 生鮮食品及びエネルギーを除く総合,00000,全国,1997000808,1997年8月,100.2,
1,指数,0178,0178 生鮮食品及びエネルギーを除く総合,00000,全国,1997000707,1997年7月,100.3,
1,指数,0178,0178 生鮮食品及びエネルギーを除く総合,00000,全国,1997000606,1997年6月,100.5,
1,指数,0178,0178 生鮮食品及びエネルギーを除く総合,00000,全国,1997000505,1997年5月,100.6,
1,指数,0178,0178 生鮮食品及びエネルギーを除く総合,00000,全国,1997000404,1997年4月,100.4,
1,指数,0178,0178 生鮮食品及びエネルギーを除く総合,00000,全国,1997000303,1997年3月,98.5,
1,指数,0178,0178 生鮮食品及びエネルギーを除く総合,00000,全国,1997000202,1997年2月,98.2,
1,指数,0178,0178 生鮮食品及びエネルギーを除く総合,00000,全国,1997000101,1997年1月,98.3,
1,指数,0178,0178 生鮮食品及びエネルギーを除く総合,00000,全国,1996001212,1996年12月,98.8,
1,指数,0178,0178 生鮮食品及びエネルギーを除く総合,00000,全国,1996001111,1996年11月,98.9,
1,指数,0178,0178 生鮮食品及びエネルギーを除く総合,00000,全国,1996001010,1996年10月,98.8,
1,指数,0178,0178 生鮮食品及びエネルギーを除く総合,00000,全国,1996000909,1996年9月,98.7,
1,指数,0178,0178 生鮮食品及びエネルギーを除く総合,00000,全国,1996000808,1996年8月,98.2,
1,指数,0178,0178 生鮮食品及びエネルギーを除く総合,00000,全国,1996000707,1996年7月,98.4,
1,指数,0178,0178 生鮮食品及びエネルギーを除く総合,00000,全国,1996000606,1996年6月,98.6,
1,指数,0178,0178 生鮮食品及びエネルギーを除く総合,00000,全国,1996000505,1996年5月,98.6,
1,指数,0178,0178 生鮮食品及びエネルギーを除く総合,00000,全国,1996000404,1996年4月,98.5,
1,指数,0178,0178 生鮮食品及びエネルギーを除く総合,00000,全国,1996000303,1996年3月,98.1,
1,指数,0178,0178 生鮮食品及びエネルギーを除く総合,00000,全国,1996000202,1996年2月,97.9,
1,指数,0178,0178 生鮮食品及びエネルギーを除く総合,00000,全国,1996000101,1996年1月,97.9,
1,指数,0178,0178 生鮮食品及びエネルギーを除く総合,00000,全国,1995001212,1995年12月,98.4,
1,指数,0178,0178 生鮮食品及びエネルギーを除く総合,00000,全国,1995001111,1995年11月,98.4,
1,指数,0178,0178 生鮮食品及びエネルギーを除く総合,00000,全国,1995001010,1995年10月,98.5,
1,指数,0178,0178 生鮮食品及びエネルギーを除く総合,00000,全国,1995000909,1995年9月,98.3,
1,指数,0178,0178 生鮮食品及びエネルギーを除く総合,00000,全国,1995000808,1995年8月,97.8,
1,指数,0178,0178 生鮮食品及びエネルギーを除く総合,00000,全国,1995000707,1995年7月,97.9,
1,指数,0178,0178 生鮮食品及びエネルギーを除く総合,00000,全国,1995000606,1995年6月,98.2,
1,指数,0178,0178 生鮮食品及びエネルギーを除く総合,00000,全国,1995000505,1995年5月,98.3,
1,指数,0178,0178 生鮮食品及びエネルギーを除く総合,00000,全国,1995000404,1995年4月,98.2,
1,指数,0178,0178 生鮮食品及びエネルギーを除く総合,00000,全国,1995000303,1995年3月,97.8,
1,指数,0178,0178 生鮮食品及びエネルギーを除く総合,00000,全国,1995000202,1995年2月,97.6,
1,指数,0178,0178 生鮮食品及びエネルギーを除く総合,00000,全国,1995000101,1995年1月,97.8,
1,指数,0178,0178 生鮮食品及びエネルギーを除く総合,00000,全国,1994001212,1994年12月,98.1,
1,指数,0178,0178 生鮮食品及びエネルギーを除く総合,00000,全国,1994001111,1994年11月,98.2,
1,指数,0178,0178 生鮮食品及びエネルギーを除く総合,00000,全国,1994001010,1994年10月,98.2,
1,指数,0178,0178 生鮮食品及びエネルギーを除く総合,00000,全国,1994000909,1994年9月,98.1,
1,指数,0178,0178 生鮮食品及びエネルギーを除く総合,00000,全国,1994000808,1994年8月,97.9,
1,指数,0178,0178 生鮮食品及びエネルギーを除く総合,00000,全国,1994000707,1994年7月,98.0,
1,指数,0178,0178 生鮮食品及びエネルギーを除く総合,00000,全国,1994000606,1994年6月,98.4,
1,指数,0178,0178 生鮮食品及びエネルギーを除く総合,00000,全国,1994000505,1994年5月,98.5,
1,指数,0178,0178 生鮮食品及びエネルギーを除く総合,00000,全国,1994000404,1994年4月,98.1,
1,指数,0178,0178 生鮮食品及びエネルギーを除く総合,00000,全国,1994000303,1994年3月,97.5,
1,指数,0178,0178 生鮮食品及びエネルギーを除く総合,00000,全国,1994000202,1994年2月,97.1,
1,指数,0178,0178 生鮮食品及びエネルギーを除く総合,00000,全国,1994000101,1994年1月,97.2,
1,指数,0178,0178 生鮮食品及びエネルギーを除く総合,00000,全国,1993001212,1993年12月,97.6,
1,指数,0178,0178 生鮮食品及びエネルギーを除く総合,00000,全国,1993001111,1993年11月,97.6,
1,指数,0178,0178 生鮮食品及びエネルギーを除く総合,00000,全国,1993001010,1993年10月,97.6,
1,指数,0178,0178 生鮮食品及びエネルギーを除く総合,00000,全国,1993000909,1993年9月,97.4,
1,指数,0178,0178 生鮮食品及びエネルギーを除く総合,00000,全国,1993000808,1993年8月,97.0,
1,指数,0178,0178 生鮮食品及びエネルギーを除く総合,00000,全国,1993000707,1993年7月,97.1,
1,指数,0178,0178 生鮮食品及びエネルギーを除く総合,00000,全国,1993000606,1993年6月,97.4,
1,指数,0178,0178 生鮮食品及びエネルギーを除く総合,00000,全国,1993000505,1993年5月,97.3,
1,指数,0178,0178 生鮮食品及びエネルギーを除く総合,00000,全国,1993000404,1993年4月,97.0,
1,指数,0178,0178 生鮮食品及びエネルギーを除く総合,00000,全国,1993000303,1993年3月,96.4,
1,指数,0178,0178 生鮮食品及びエネルギーを除く総合,00000,全国,1993000202,1993年2月,96.1,
1,指数,0178,0178 生鮮食品及びエネルギーを除く総合,00000,全国,1993000101,1993年1月,96.1,
1,指数,0178,0178 生鮮食品及びエネルギーを除く総合,00000,全国,1992001212,1992年12月,96.6,
1,指数,0178,0178 生鮮食品及びエネルギーを除く総合,00000,全国,1992001111,1992年11月,96.6,
1,指数,0178,0178 生鮮食品及びエネルギーを除く総合,00000,全国,1992001010,1992年10月,96.4,
1,指数,0178,0178 生鮮食品及びエネルギーを除く総合,00000,全国,1992000909,1992年9月,96.2,
1,指数,0178,0178 生鮮食品及びエネルギーを除く総合,00000,全国,1992000808,1992年8月,95.7,
1,指数,0178,0178 生鮮食品及びエネルギーを除く総合,00000,全国,1992000707,1992年7月,95.8,
1,指数,0178,0178 生鮮食品及びエネルギーを除く総合,00000,全国,1992000606,1992年6月,96.1,
1,指数,0178,0178 生鮮食品及びエネルギーを除く総合,00000,全国,1992000505,1992年5月,96.0,
1,指数,0178,0178 生鮮食品及びエネルギーを除く総合,00000,全国,1992000404,1992年4月,95.6,
1,指数,0178,0178 生鮮食品及びエネルギーを除く総合,00000,全国,1992000303,1992年3月,94.7,
1,指数,0178,0178 生鮮食品及びエネルギーを除く総合,00000,全国,1992000202,1992年2月,94.4,
1,指数,0178,0178 生鮮食品及びエネルギーを除く総合,00000,全国,1992000101,1992年1月,94.3,
1,指数,0178,0178 生鮮食品及びエネルギーを除く総合,00000,全国,1991001212,1991年12月,94.6,
1,指数,0178,0178 生鮮食品及びエネルギーを除く総合,00000,全国,1991001111,1991年11月,94.4,
1,指数,0178,0178 生鮮食品及びエネルギーを除く総合,00000,全国,1991001010,1991年10月,94.2,
1,指数,0178,0178 生鮮食品及びエネルギーを除く総合,00000,全国,1991000909,1991年9月,93.9,
1,指数,0178,0178 生鮮食品及びエネルギーを除く総合,00000,全国,1991000808,1991年8月,93.5,
1,指数,0178,0178 生鮮食品及びエネルギーを除く総合,00000,全国,1991000707,1991年7月,93.6,
1,指数,0178,0178 生鮮食品及びエネルギーを除く総合,00000,全国,1991000606,1991年6月,93.6,
1,指数,0178,0178 生鮮食品及びエネルギーを除く総合,00000,全国,1991000505,1991年5月,93.5,
1,指数,0178,0178 生鮮食品及びエネルギーを除く総合,00000,全国,1991000404,1991年4月,93.0,
1,指数,0178,0178 生鮮食品及びエネルギーを除く総合,00000,全国,1991000303,1991年3月,92.4,
1,指数,0178,0178 生鮮食品及びエネルギーを除く総合,00000,全国,1991000202,1991年2月,91.9,
1,指数,0178,0178 生鮮食品及びエネルギーを除く総合,00000,全国,1991000101,1991年1月,92.1,
1,指数,0178,0178 生鮮食品及びエネルギーを除く総合,00000,全国,1990001212,1990年12月,92.1,
1,指数,0178,0178 生鮮食品及びエネルギーを除く総合,00000,全国,1990001111,1990年11月,91.9,
1,指数,0178,0178 生鮮食品及びエネルギーを除く総合,00000,全国,1990001010,1990年10月,91.7,
1,指数,0178,0178 生鮮食品及びエネルギーを除く総合,00000,全国,1990000909,1990年9月,91.4,
1,指数,0178,0178 生鮮食品及びエネルギーを除く総合,00000,全国,1990000808,1990年8月,90.7,
1,指数,0178,0178 生鮮食品及びエネルギーを除く総合,00000,全国,1990000707,1990年7月,90.7,
1,指数,0178,0178 生鮮食品及びエネルギーを除く総合,00000,全国,1990000606,1990年6月,90.7,
1,指数,0178,0178 生鮮食品及びエネルギーを除く総合,00000,全国,1990000505,1990年5月,90.7,
1,指数,0178,0178 生鮮食品及びエネルギーを除く総合,00000,全国,1990000404,1990年4月,90.4,
1,指数,0178,0178 生鮮食品及びエネルギーを除く総合,00000,全国,1990000303,1990年3月,89.7,
1,指数,0178,0178 生鮮食品及びエネルギーを除く総合,00000,全国,1990000202,1990年2月,89.3,
1,指数,0178,0178 生鮮食品及びエネルギーを除く総合,00000,全国,1990000101,1990年1月,89.5,
1,指数,0178,0178 生鮮食品及びエネルギーを除く総合,00000,全国,1989001212,1989年12月,89.6,
1,指数,0178,0178 生鮮食品及びエネルギーを除く総合,00000,全国,1989001111,1989年11月,89.5,
1,指数,0178,0178 生鮮食品及びエネルギーを除く総合,00000,全国,1989001010,1989年10月,89.4,
1,指数,0178,0178 生鮮食品及びエネルギーを除く総合,00000,全国,1989000909,1989年9月,89.2,
1,指数,0178,0178 生鮮食品及びエネルギーを除く総合,00000,全国,1989000808,1989年8月,88.7,
1,指数,0178,0178 生鮮食品及びエネルギーを除く総合,00000,全国,1989000707,1989年7月,88.8,
1,指数,0178,0178 生鮮食品及びエネルギーを除く総合,00000,全国,1989000606,1989年6月,89.0,
1,指数,0178,0178 生鮮食品及びエネルギーを除く総合,00000,全国,1989000505,1989年5月,88.9,
1,指数,0178,0178 生鮮食品及びエネルギーを除く総合,00000,全国,1989000404,1989年4月,88.5,
1,指数,0178,0178 生鮮食品及びエネルギーを除く総合,00000,全国,1989000303,1989年3月,86.8,
1,指数,0178,0178 生鮮食品及びエネルギーを除く総合,00000,全国,1989000202,1989年2月,86.6,
1,指数,0178,0178 生鮮食品及びエネルギーを除く総合,00000,全国,1989000101,1989年1月,86.6,
1,指数,0178,0178 生鮮食品及びエネルギーを除く総合,00000,全国,1988001212,1988年12月,86.9,
1,指数,0178,0178 生鮮食品及びエネルギーを除く総合,00000,全国,1988001111,1988年11月,86.8,
1,指数,0178,0178 生鮮食品及びエネルギーを除く総合,00000,全国,1988001010,1988年10月,86.7,
1,指数,0178,0178 生鮮食品及びエネルギーを除く総合,00000,全国,1988000909,1988年9月,86.4,
1,指数,0178,0178 生鮮食品及びエネルギーを除く総合,00000,全国,1988000808,1988年8月,86.1,
1,指数,0178,0178 生鮮食品及びエネルギーを除く総合,00000,全国,1988000707,1988年7月,86.2,
1,指数,0178,0178 生鮮食品及びエネルギーを除く総合,00000,全国,1988000606,1988年6月,86.4,
1,指数,0178,0178 生鮮食品及びエネルギーを除く総合,00000,全国,1988000505,1988年5月,86.3,
1,指数,0178,0178 生鮮食品及びエネルギーを除く総合,00000,全国,1988000404,1988年4月,86.2,
1,指数,0178,0178 生鮮食品及びエネルギーを除く総合,00000,全国,1988000303,1988年3月,85.7,
1,指数,0178,0178 生鮮食品及びエネルギーを除く総合,00000,全国,1988000202,1988年2月,85.6,
1,指数,0178,0178 生鮮食品及びエネルギーを除く総合,00000,全国,1988000101,1988年1月,85.7,
1,指数,0178,0178 生鮮食品及びエネルギーを除く総合,00000,全国,1987001212,1987年12月,86.1,
1,指数,0178,0178 生鮮食品及びエネルギーを除く総合,00000,全国,1987001111,1987年11月,86.0,
1,指数,0178,0178 生鮮食品及びエネルギーを除く総合,00000,全国,1987001010,1987年10月,86.0,
1,指数,0178,0178 生鮮食品及びエネルギーを除く総合,00000,全国,1987000909,1987年9月,85.8,
1,指数,0178,0178 生鮮食品及びエネルギーを除く総合,00000,全国,1987000808,1987年8月,85.6,
1,指数,0178,0178 生鮮食品及びエネルギーを除く総合,00000,全国,1987000707,1987年7月,85.7,
1,指数,0178,0178 生鮮食品及びエネルギーを除く総合,00000,全国,1987000606,1987年6月,85.8,
1,指数,0178,0178 生鮮食品及びエネルギーを除く総合,00000,全国,1987000505,1987年5月,85.6,
1,指数,0178,0178 生鮮食品及びエネルギーを除く総合,00000,全国,1987000404,1987年4月,85.6,
1,指数,0178,0178 生鮮食品及びエネルギーを除く総合,00000,全国,1987000303,1987年3月,85.2,
1,指数,0178,0178 生鮮食品及びエネルギーを除く総合,00000,全国,1987000202,1987年2月,85.1,
1,指数,0178,0178 生鮮食品及びエネルギーを除く総合,00000,全国,1987000101,1987年1月,85.1,
1,指数,0178,0178 生鮮食品及びエネルギーを除く総合,00000,全国,1986001212,1986年12月,85.5,
1,指数,0178,0178 生鮮食品及びエネルギーを除く総合,00000,全国,1986001111,1986年11月,85.4,
1,指数,0178,0178 生鮮食品及びエネルギーを除く総合,00000,全国,1986001010,1986年10月,85.4,
1,指数,0178,0178 生鮮食品及びエネルギーを除く総合,00000,全国,1986000909,1986年9月,85.1,
1,指数,0178,0178 生鮮食品及びエネルギーを除く総合,00000,全国,1986000808,1986年8月,84.7,
1,指数,0178,0178 生鮮食品及びエネルギーを除く総合,00000,全国,1986000707,1986年7月,85.0,
1,指数,0178,0178 生鮮食品及びエネルギーを除く総合,00000,全国,1986000606,1986年6月,85.1,
1,指数,0178,0178 生鮮食品及びエネルギーを除く総合,00000,全国,1986000505,1986年5月,85.1,
1,指数,0178,0178 生鮮食品及びエネルギーを除く総合,00000,全国,1986000404,1986年4月,84.6,
1,指数,0178,0178 生鮮食品及びエネルギーを除く総合,00000,全国,1986000303,1986年3月,84.2,
1,指数,0178,0178 生鮮食品及びエネルギーを除く総合,00000,全国,1986000202,1986年2月,84.1,
1,指数,0178,0178 生鮮食品及びエネルギーを除く総合,00000,全国,1986000101,1986年1月,84.1,
1,指数,0178,0178 生鮮食品及びエネルギーを除く総合,00000,全国,1985001212,1985年12月,84.3,
1,指数,0178,0178 生鮮食品及びエネルギーを除く総合,00000,全国,1985001111,1985年11月,84.2,
1,指数,0178,0178 生鮮食品及びエネルギーを除く総合,00000,全国,1985001010,1985年10月,84.1,
1,指数,0178,0178 生鮮食品及びエネルギーを除く総合,00000,全国,1985000909,1985年9月,83.9,
1,指数,0178,0178 生鮮食品及びエネルギーを除く総合,00000,全国,1985000808,1985年8月,83.5,
1,指数,0178,0178 生鮮食品及びエネルギーを除く総合,00000,全国,1985000707,1985年7月,83.6,
1,指数,0178,0178 生鮮食品及びエネルギーを除く総合,00000,全国,1985000606,1985年6月,83.7,
1,指数,0178,0178 生鮮食品及びエネルギーを除く総合,00000,全国,1985000505,1985年5月,83.6,
1,指数,0178,0178 生鮮食品及びエネルギーを除く総合,00000,全国,1985000404,1985年4月,83.3,
1,指数,0178,0178 生鮮食品及びエネルギーを除く総合,00000,全国,1985000303,1985年3月,82.8,
1,指数,0178,0178 生鮮食品及びエネルギーを除く総合,00000,全国,1985000202,1985年2月,82.6,
1,指数,0178,0178 生鮮食品及びエネルギーを除く総合,00000,全国,1985000101,1985年1月,82.7,
1,指数,0178,0178 生鮮食品及びエネルギーを除く総合,00000,全国,1984001212,1984年12月,82.8,
1,指数,0178,0178 生鮮食品及びエネルギーを除く総合,00000,全国,1984001111,1984年11月,82.8,
1,指数,0178,0178 生鮮食品及びエネルギーを除く総合,00000,全国,1984001010,1984年10月,82.7,
1,指数,0178,0178 生鮮食品及びエネルギーを除く総合,00000,全国,1984000909,1984年9月,82.1,
1,指数,0178,0178 生鮮食品及びエネルギーを除く総合,00000,全国,1984000808,1984年8月,81.2,
1,指数,0178,0178 生鮮食品及びエネルギーを除く総合,00000,全国,1984000707,1984年7月,81.8,
1,指数,0178,0178 生鮮食品及びエネルギーを除く総合,00000,全国,1984000606,1984年6月,81.8,
1,指数,0178,0178 生鮮食品及びエネルギーを除く総合,00000,全国,1984000505,1984年5月,82.0,
1,指数,0178,0178 生鮮食品及びエネルギーを除く総合,00000,全国,1984000404,1984年4月,81.0,
1,指数,0178,0178 生鮮食品及びエネルギーを除く総合,00000,全国,1984000303,1984年3月,80.5,
1,指数,0178,0178 生鮮食品及びエネルギーを除く総合,00000,全国,1984000202,1984年2月,80.5,
1,指数,0178,0178 生鮮食品及びエネルギーを除く総合,00000,全国,1984000101,1984年1月,80.5,
1,指数,0178,0178 生鮮食品及びエネルギーを除く総合,00000,全国,1983001212,1983年12月,80.8,
1,指数,0178,0178 生鮮食品及びエネルギーを除く総合,00000,全国,1983001111,1983年11月,80.8,
1,指数,0178,0178 生鮮食品及びエネルギーを除く総合,00000,全国,1983001010,1983年10月,80.5,
1,指数,0178,0178 生鮮食品及びエネルギーを除く総合,00000,全国,1983000909,1983年9月,80.2,
1,指数,0178,0178 生鮮食品及びエネルギーを除く総合,00000,全国,1983000808,1983年8月,79.2,
1,指数,0178,0178 生鮮食品及びエネルギーを除く総合,00000,全国,1983000707,1983年7月,79.8,
1,指数,0178,0178 生鮮食品及びエネルギーを除く総合,00000,全国,1983000606,1983年6月,79.9,
1,指数,0178,0178 生鮮食品及びエネルギーを除く総合,00000,全国,1983000505,1983年5月,79.8,
1,指数,0178,0178 生鮮食品及びエネルギーを除く総合,00000,全国,1983000404,1983年4月,79.2,
1,指数,0178,0178 生鮮食品及びエネルギーを除く総合,00000,全国,1983000303,1983年3月,78.6,
1,指数,0178,0178 生鮮食品及びエネルギーを除く総合,00000,全国,1983000202,1983年2月,78.4,
1,指数,0178,0178 生鮮食品及びエネルギーを除く総合,00000,全国,1983000101,1983年1月,78.6,
1,指数,0178,0178 生鮮食品及びエネルギーを除く総合,00000,全国,1982001212,1982年12月,79.0,
1,指数,0178,0178 生鮮食品及びエネルギーを除く総合,00000,全国,1982001111,1982年11月,78.9,
1,指数,0178,0178 生鮮食品及びエネルギーを除く総合,00000,全国,1982001010,1982年10月,78.9,
1,指数,0178,0178 生鮮食品及びエネルギーを除く総合,00000,全国,1982000909,1982年9月,78.6,
1,指数,0178,0178 生鮮食品及びエネルギーを除く総合,00000,全国,1982000808,1982年8月,77.6,
1,指数,0178,0178 生鮮食品及びエネルギーを除く総合,00000,全国,1982000707,1982年7月,78.0,
1,指数,0178,0178 生鮮食品及びエネルギーを除く総合,00000,全国,1982000606,1982年6月,78.1,
1,指数,0178,0178 生鮮食品及びエネルギーを除く総合,00000,全国,1982000505,1982年5月,78.0,
1,指数,0178,0178 生鮮食品及びエネルギーを除く総合,00000,全国,1982000404,1982年4月,77.3,
1,指数,0178,0178 生鮮食品及びエネルギーを除く総合,00000,全国,1982000303,1982年3月,76.8,
1,指数,0178,0178 生鮮食品及びエネルギーを除く総合,00000,全国,1982000202,1982年2月,76.6,
1,指数,0178,0178 生鮮食品及びエネルギーを除く総合,00000,全国,1982000101,1982年1月,76.8,
1,指数,0178,0178 生鮮食品及びエネルギーを除く総合,00000,全国,1981001212,1981年12月,77.1,
1,指数,0178,0178 生鮮食品及びエネルギーを除く総合,00000,全国,1981001111,1981年11月,76.9,
1,指数,0178,0178 生鮮食品及びエネルギーを除く総合,00000,全国,1981001010,1981年10月,76.8,
1,指数,0178,0178 生鮮食品及びエネルギーを除く総合,00000,全国,1981000909,1981年9月,76.4,
1,指数,0178,0178 生鮮食品及びエネルギーを除く総合,00000,全国,1981000808,1981年8月,75.5,
1,指数,0178,0178 生鮮食品及びエネルギーを除く総合,00000,全国,1981000707,1981年7月,75.9,
1,指数,0178,0178 生鮮食品及びエネルギーを除く総合,00000,全国,1981000606,1981年6月,75.9,
1,指数,0178,0178 生鮮食品及びエネルギーを除く総合,00000,全国,1981000505,1981年5月,75.7,
1,指数,0178,0178 生鮮食品及びエネルギーを除く総合,00000,全国,1981000404,1981年4月,74.9,
1,指数,0178,0178 生鮮食品及びエネルギーを除く総合,00000,全国,1981000303,1981年3月,74.3,
1,指数,0178,0178 生鮮食品及びエネルギーを除く総合,00000,全国,1981000202,1981年2月,74.0,
1,指数,0178,0178 生鮮食品及びエネルギーを除く総合,00000,全国,1981000101,1981年1月,74.2,
1,指数,0178,0178 生鮮食品及びエネルギーを除く総合,00000,全国,1980001212,1980年12月,74.2,
1,指数,0178,0178 生鮮食品及びエネルギーを除く総合,00000,全国,1980001111,1980年11月,74.0,
1,指数,0178,0178 生鮮食品及びエネルギーを除く総合,00000,全国,1980001010,1980年10月,73.8,
1,指数,0178,0178 生鮮食品及びエネルギーを除く総合,00000,全国,1980000909,1980年9月,73.3,
1,指数,0178,0178 生鮮食品及びエネルギーを除く総合,00000,全国,1980000808,1980年8月,72.5,
1,指数,0178,0178 生鮮食品及びエネルギーを除く総合,00000,全国,1980000707,1980年7月,72.9,
1,指数,0178,0178 生鮮食品及びエネルギーを除く総合,00000,全国,1980000606,1980年6月,72.7,
1,指数,0178,0178 生鮮食品及びエネルギーを除く総合,00000,全国,1980000505,1980年5月,72.3,
1,指数,0178,0178 生鮮食品及びエネルギーを除く総合,00000,全国,1980000404,1980年4月,71.2,
1,指数,0178,0178 生鮮食品及びエネルギーを除く総合,00000,全国,1980000303,1980年3月,70.3,
1,指数,0178,0178 生鮮食品及びエネルギーを除く総合,00000,全国,1980000202,1980年2月,69.8,
1,指数,0178,0178 生鮮食品及びエネルギーを除く総合,00000,全国,1980000101,1980年1月,69.8,
1,指数,0178,0178 生鮮食品及びエネルギーを除く総合,00000,全国,1979001212,1979年12月,69.5,
1,指数,0178,0178 生鮮食品及びエネルギーを除く総合,00000,全国,1979001111,1979年11月,69.3,
1,指数,0178,0178 生鮮食品及びエネルギーを除く総合,00000,全国,1979001010,1979年10月,69.1,
1,指数,0178,0178 生鮮食品及びエネルギーを除く総合,00000,全国,1979000909,1979年9月,68.8,
1,指数,0178,0178 生鮮食品及びエネルギーを除く総合,00000,全国,1979000808,1979年8月,68.1,
1,指数,0178,0178 生鮮食品及びエネルギーを除く総合,00000,全国,1979000707,1979年7月,68.4,
1,指数,0178,0178 生鮮食品及びエネルギーを除く総合,00000,全国,1979000606,1979年6月,68.3,
1,指数,0178,0178 生鮮食品及びエネルギーを除く総合,00000,全国,1979000505,1979年5月,68.2,
1,指数,0178,0178 生鮮食品及びエネルギーを除く総合,00000,全国,1979000404,1979年4月,67.6,
1,指数,0178,0178 生鮮食品及びエネルギーを除く総合,00000,全国,1979000303,1979年3月,67.1,
1,指数,0178,0178 生鮮食品及びエネルギーを除く総合,00000,全国,1979000202,1979年2月,66.8,
1,指数,0178,0178 生鮮食品及びエネルギーを除く総合,00000,全国,1979000101,1979年1月,66.9,
1,指数,0178,0178 生鮮食品及びエネルギーを除く総合,00000,全国,1978001212,1978年12月,67.1,
1,指数,0178,0178 生鮮食品及びエネルギーを除く総合,00000,全国,1978001111,1978年11月,66.9,
1,指数,0178,0178 生鮮食品及びエネルギーを除く総合,00000,全国,1978001010,1978年10月,66.8,
1,指数,0178,0178 生鮮食品及びエネルギーを除く総合,00000,全国,1978000909,1978年9月,66.6,
1,指数,0178,0178 生鮮食品及びエネルギーを除く総合,00000,全国,1978000808,1978年8月,65.9,
1,指数,0178,0178 生鮮食品及びエネルギーを除く総合,00000,全国,1978000707,1978年7月,66.3,
1,指数,0178,0178 生鮮食品及びエネルギーを除く総合,00000,全国,1978000606,1978年6月,66.1,
1,指数,0178,0178 生鮮食品及びエネルギーを除く総合,00000,全国,1978000505,1978年5月,66.0,
1,指数,0178,0178 生鮮食品及びエネルギーを除く総合,00000,全国,1978000404,1978年4月,65.5,
1,指数,0178,0178 生鮮食品及びエネルギーを除く総合,00000,全国,1978000303,1978年3月,64.8,
1,指数,0178,0178 生鮮食品及びエネルギーを除く総合,00000,全国,1978000202,1978年2月,64.4,
1,指数,0178,0178 生鮮食品及びエネルギーを除く総合,00000,全国,1978000101,1978年1月,64.3,
1,指数,0178,0178 生鮮食品及びエネルギーを除く総合,00000,全国,1977001212,1977年12月,64.4,
1,指数,0178,0178 生鮮食品及びエネルギーを除く総合,00000,全国,1977001111,1977年11月,64.2,
1,指数,0178,0178 生鮮食品及びエネルギーを除く総合,00000,全国,1977001010,1977年10月,64.1,
1,指数,0178,0178 生鮮食品及びエネルギーを除く総合,00000,全国,1977000909,1977年9月,63.8,
1,指数,0178,0178 生鮮食品及びエネルギーを除く総合,00000,全国,1977000808,1977年8月,63.0,
1,指数,0178,0178 生鮮食品及びエネルギーを除く総合,00000,全国,1977000707,1977年7月,63.2,
1,指数,0178,0178 生鮮食品及びエネルギーを除く総合,00000,全国,1977000606,1977年6月,63.0,
1,指数,0178,0178 生鮮食品及びエネルギーを除く総合,00000,全国,1977000505,1977年5月,62.8,
1,指数,0178,0178 生鮮食品及びエネルギーを除く総合,00000,全国,1977000404,1977年4月,62.2,
1,指数,0178,0178 生鮮食品及びエネルギーを除く総合,00000,全国,1977000303,1977年3月,61.1,
1,指数,0178,0178 生鮮食品及びエネルギーを除く総合,00000,全国,1977000202,1977年2月,60.8,
1,指数,0178,0178 生鮮食品及びエネルギーを除く総合,00000,全国,1977000101,1977年1月,60.8,
1,指数,0178,0178 生鮮食品及びエネルギーを除く総合,00000,全国,1976001212,1976年12月,60.7,
1,指数,0178,0178 生鮮食品及びエネルギーを除く総合,00000,全国,1976001111,1976年11月,59.9,
1,指数,0178,0178 生鮮食品及びエネルギーを除く総合,00000,全国,1976001010,1976年10月,59.4,
1,指数,0178,0178 生鮮食品及びエネルギーを除く総合,00000,全国,1976000909,1976年9月,59.1,
1,指数,0178,0178 生鮮食品及びエネルギーを除く総合,00000,全国,1976000808,1976年8月,58.2,
1,指数,0178,0178 生鮮食品及びエネルギーを除く総合,00000,全国,1976000707,1976年7月,58.4,
1,指数,0178,0178 生鮮食品及びエネルギーを除く総合,00000,全国,1976000606,1976年6月,58.2,
1,指数,0178,0178 生鮮食品及びエネルギーを除く総合,00000,全国,1976000505,1976年5月,57.8,
1,指数,0178,0178 生鮮食品及びエネルギーを除く総合,00000,全国,1976000404,1976年4月,57.4,
1,指数,0178,0178 生鮮食品及びエネルギーを除く総合,00000,全国,1976000303,1976年3月,56.3,
1,指数,0178,0178 生鮮食品及びエネルギーを除く総合,00000,全国,1976000202,1976年2月,56.0,
1,指数,0178,0178 生鮮食品及びエネルギーを除く総合,00000,全国,1976000101,1976年1月,55.7,
1,指数,0178,0178 生鮮食品及びエネルギーを除く総合,00000,全国,1975001212,1975年12月,55.1,
1,指数,0178,0178 生鮮食品及びエネルギーを除く総合,00000,全国,1975001111,1975年11月,54.9,
1,指数,0178,0178 生鮮食品及びエネルギーを除く総合,00000,全国,1975001010,1975年10月,54.6,
1,指数,0178,0178 生鮮食品及びエネルギーを除く総合,00000,全国,1975000909,1975年9月,54.3,
1,指数,0178,0178 生鮮食品及びエネルギーを除く総合,00000,全国,1975000808,1975年8月,53.3,
1,指数,0178,0178 生鮮食品及びエネルギーを除く総合,00000,全国,1975000707,1975年7月,53.5,
1,指数,0178,0178 生鮮食品及びエネルギーを除く総合,00000,全国,1975000606,1975年6月,53.2,
1,指数,0178,0178 生鮮食品及びエネルギーを除く総合,00000,全国,1975000505,1975年5月,53.0,
1,指数,0178,0178 生鮮食品及びエネルギーを除く総合,00000,全国,1975000404,1975年4月,52.7,
1,指数,0178,0178 生鮮食品及びエネルギーを除く総合,00000,全国,1975000303,1975年3月,51.8,
1,指数,0178,0178 生鮮食品及びエネルギーを除く総合,00000,全国,1975000202,1975年2月,51.5,
1,指数,0178,0178 生鮮食品及びエネルギーを除く総合,00000,全国,1975000101,1975年1月,51.3,
1,指数,0178,0178 生鮮食品及びエネルギーを除く総合,00000,全国,1974001212,1974年12月,51.1,
1,指数,0178,0178 生鮮食品及びエネルギーを除く総合,00000,全国,1974001111,1974年11月,50.7,
1,指数,0178,0178 生鮮食品及びエネルギーを除く総合,00000,全国,1974001010,1974年10月,50.3,
1,指数,0178,0178 生鮮食品及びエネルギーを除く総合,00000,全国,1974000909,1974年9月,48.6,
1,指数,0178,0178 生鮮食品及びエネルギーを除く総合,00000,全国,1974000808,1974年8月,48.0,
1,指数,0178,0178 生鮮食品及びエネルギーを除く総合,00000,全国,1974000707,1974年7月,47.9,
1,指数,0178,0178 生鮮食品及びエネルギーを除く総合,00000,全国,1974000606,1974年6月,47.2,
1,指数,0178,0178 生鮮食品及びエネルギーを除く総合,00000,全国,1974000505,1974年5月,46.9,
1,指数,0178,0178 生鮮食品及びエネルギーを除く総合,00000,全国,1974000404,1974年4月,46.2,
1,指数,0178,0178 生鮮食品及びエネルギーを除く総合,00000,全国,1974000303,1974年3月,45.4,
1,指数,0178,0178 生鮮食品及びエネルギーを除く総合,00000,全国,1974000202,1974年2月,45.0,
1,指数,0178,0178 生鮮食品及びエネルギーを除く総合,00000,全国,1974000101,1974年1月,43.7,
1,指数,0178,0178 生鮮食品及びエネルギーを除く総合,00000,全国,1973001212,1973年12月,42.4,
1,指数,0178,0178 生鮮食品及びエネルギーを除く総合,00000,全国,1973001111,1973年11月,41.2,
1,指数,0178,0178 生鮮食品及びエネルギーを除く総合,00000,全国,1973001010,1973年10月,40.6,
1,指数,0178,0178 生鮮食品及びエネルギーを除く総合,00000,全国,1973000909,1973年9月,40.1,
1,指数,0178,0178 生鮮食品及びエネルギーを除く総合,00000,全国,1973000808,1973年8月,39.4,
1,指数,0178,0178 生鮮食品及びエネルギーを除く総合,00000,全国,1973000707,1973年7月,39.2,
1,指数,0178,0178 生鮮食品及びエネルギーを除く総合,00000,全国,1973000606,1973年6月,38.8,
1,指数,0178,0178 生鮮食品及びエネルギーを除く総合,00000,全国,1973000505,1973年5月,38.4,
1,指数,0178,0178 生鮮食品及びエネルギーを除く総合,00000,全国,1973000404,1973年4月,37.9,
1,指数,0178,0178 生鮮食品及びエネルギーを除く総合,00000,全国,1973000303,1973年3月,37.3,
1,指数,0178,0178 生鮮食品及びエネルギーを除く総合,00000,全国,1973000202,1973年2月,36.6,
1,指数,0178,0178 生鮮食品及びエネルギーを除く総合,00000,全国,1973000101,1973年1月,36.3,
1,指数,0178,0178 生鮮食品及びエネルギーを除く総合,00000,全国,1972001212,1972年12月,36.1,
1,指数,0178,0178 生鮮食品及びエネルギーを除く総合,00000,全国,1972001111,1972年11月,35.8,
1,指数,0178,0178 生鮮食品及びエネルギーを除く総合,00000,全国,1972001010,1972年10月,35.7,
1,指数,0178,0178 生鮮食品及びエネルギーを除く総合,00000,全国,1972000909,1972年9月,35.3,
1,指数,0178,0178 生鮮食品及びエネルギーを除く総合,00000,全国,1972000808,1972年8月,35.1,
1,指数,0178,0178 生鮮食品及びエネルギーを除く総合,00000,全国,1972000707,1972年7月,35.0,
1,指数,0178,0178 生鮮食品及びエネルギーを除く総合,00000,全国,1972000606,1972年6月,34.9,
1,指数,0178,0178 生鮮食品及びエネルギーを除く総合,00000,全国,1972000505,1972年5月,34.8,
1,指数,0178,0178 生鮮食品及びエネルギーを除く総合,00000,全国,1972000404,1972年4月,34.6,
1,指数,0178,0178 生鮮食品及びエネルギーを除く総合,00000,全国,1972000303,1972年3月,34.3,
1,指数,0178,0178 生鮮食品及びエネルギーを除く総合,00000,全国,1972000202,1972年2月,34.1,
1,指数,0178,0178 生鮮食品及びエネルギーを除く総合,00000,全国,1972000101,1972年1月,33.9,
1,指数,0178,0178 生鮮食品及びエネルギーを除く総合,00000,全国,1971001212,1971年12月,34.0,
1,指数,0178,0178 生鮮食品及びエネルギーを除く総合,00000,全国,1971001111,1971年11月,33.8,
1,指数,0178,0178 生鮮食品及びエネルギーを除く総合,00000,全国,1971001010,1971年10月,33.7,
1,指数,0178,0178 生鮮食品及びエネルギーを除く総合,00000,全国,1971000909,1971年9月,33.6,
1,指数,0178,0178 生鮮食品及びエネルギーを除く総合,00000,全国,1971000808,1971年8月,33.2,
1,指数,0178,0178 生鮮食品及びエネルギーを除く総合,00000,全国,1971000707,1971年7月,33.3,
1,指数,0178,0178 生鮮食品及びエネルギーを除く総合,00000,全国,1971000606,1971年6月,33.2,
1,指数,0178,0178 生鮮食品及びエネルギーを除く総合,00000,全国,1971000505,1971年5月,33.0,
1,指数,0178,0178 生鮮食品及びエネルギーを除く総合,00000,全国,1971000404,1971年4月,32.8,
1,指数,0178,0178 生鮮食品及びエネルギーを除く総合,00000,全国,1971000303,1971年3月,32.3,
1,指数,0178,0178 生鮮食品及びエネルギーを除く総合,00000,全国,1971000202,1971年2月,32.2,
1,指数,0178,0178 生鮮食品及びエネルギーを除く総合,00000,全国,1971000101,1971年1月,32.2,
1,指数,0178,0178 生鮮食品及びエネルギーを除く総合,00000,全国,1970001212,1970年12月,32.1,
1,指数,0178,0178 生鮮食品及びエネルギーを除く総合,00000,全国,1970001111,1970年11月,31.9,
1,指数,0178,0178 生鮮食品及びエネルギーを除く総合,00000,全国,1970001010,1970年10月,31.7,
1,指数,0178,0178 生鮮食品及びエネルギーを除く総合,00000,全国,1970000909,1970年9月,31.3,
1,指数,0178,0178 生鮮食品及びエネルギーを除く総合,00000,全国,1970000808,1970年8月,31.0,
1,指数,0178,0178 生鮮食品及びエネルギーを除く総合,00000,全国,1970000707,1970年7月,31.0,
1,指数,0178,0178 生鮮食品及びエネルギーを除く総合,00000,全国,1970000606,1970年6月,30.9,
1,指数,0178,0178 生鮮食品及びエネルギーを除く総合,00000,全国,1970000505,1970年5月,30.8,
1,指数,0178,0178 生鮮食品及びエネルギーを除く総合,00000,全国,1970000404,1970年4月,30.7,
1,指数,0178,0178 生鮮食品及びエネルギーを除く総合,00000,全国,1970000303,1970年3月,30.4,
1,指数,0178,0178 生鮮食品及びエネルギーを除く総合,00000,全国,1970000202,1970年2月,30.4,
1,指数,0178,0178 生鮮食品及びエネルギーを除く総合,00000,全国,1970000101,1970年1月,30.3,
1,指数,0202,0202 財,00000,全国,2026000808,2026年8月,123.6,
1,指数,0202,0202 財,00000,全国,2026000707,2026年7月,123.8,
1,指数,0202,0202 財,00000,全国,2026000606,2026年6月,123.1,
1,指数,0202,0202 財,00000,全国,2026000505,2026年5月,123.0,
1,指数,0202,0202 財,00000,全国,2026000404,2026年4月,122.2,
1,指数,0202,0202 財,00000,全国,2026000303,2026年3月,121.1,
1,指数,0202,0202 財,00000,全国,2026000202,2026年2月,120.4,
1,指数,0202,0202 財,00000,全国,2026000101,2026年1月,121.9,
1,指数,0202,0202 財,00000,全国,2025001212,2025年12月,122.0,
1,指数,0202,0202 財,00000,全国,2025001111,2025年11月,122.4,
1,指数,0202,0202 財,00000,全国,2025001010,2025年10月,121.6,
1,指数,0202,0202 財,00000,全国,2025000909,2025年9月,120.7,
1,指数,0202,0202 財,00000,全国,2025000808,2025年8月,120.3,
1,指数,0202,0202 財,00000,全国,2025000707,2025年7月,120.5,
1,指数,0202,0202 財,00000,全国,2025000606,2025年6月,120.4,
1,指数,0202,0202 財,00000,全国,2025000505,2025年5月,120.7,
1,指数,0202,0202 財,00000,全国,2025000404,2025年4月,120.1,
1,指数,0202,0202 財,00000,全国,2025000303,2025年3月,119.3,
1,指数,0202,0202 財,00000,全国,2025000202,2025年2月,119.1,
1,指数,0202,0202 財,00000,全国,2025000101,2025年1月,120.0,
1,指数,0202,0202 財,00000,全国,2024001212,2024年12月,118.7,
1,指数,0202,0202 財,00000,全国,2024001111,2024年11月,117.6,
1,指数,0202,0202 財,00000,全国,2024001010,2024年10月,116.8,
1,指数,0202,0202 財,00000,全国,2024000909,2024年9月,115.8,
1,指数,0202,0202 財,00000,全国,2024000808,2024年8月,116.0,
1,指数,0202,0202 財,00000,全国,2024000707,2024年7月,115.3,
1,指数,0202,0202 財,00000,全国,2024000606,2024年6月,114.9,
1,指数,0202,0202 財,00000,全国,2024000505,2024年5月,114.6,
1,指数,0202,0202 財,00000,全国,2024000404,2024年4月,113.8,
1,指数,0202,0202 財,00000,全国,2024000303,2024年3月,113.0,
1,指数,0202,0202 財,00000,全国,2024000202,2024年2月,112.6,
1,指数,0202,0202 財,00000,全国,2024000101,2024年1月,112.8,
1,指数,0202,0202 財,00000,全国,2023001212,2023年12月,112.7,
1,指数,0202,0202 財,00000,全国,2023001111,2023年11月,113.0,
1,指数,0202,0202 財,00000,全国,2023001010,2023年10月,113.5,
1,指数,0202,0202 財,00000,全国,2023000909,2023年9月,111.9,
1,指数,0202,0202 財,00000,全国,2023000808,2023年8月,111.0,
1,指数,0202,0202 財,00000,全国,2023000707,2023年7月,110.9,
1,指数,0202,0202 財,00000,全国,2023000606,2023年6月,110.6,
1,指数,0202,0202 財,00000,全国,2023000505,2023年5月,110.3,
1,指数,0202,0202 財,00000,全国,2023000404,2023年4月,110.4,
1,指数,0202,0202 財,00000,全国,2023000303,2023年3月,109.4,
1,指数,0202,0202 財,00000,全国,2023000202,2023年2月,109.0,
1,指数,0202,0202 財,00000,全国,2023000101,2023年1月,110.5,
1,指数,0202,0202 財,00000,全国,2022001212,2022年12月,109.6,
1,指数,0202,0202 財,00000,全国,2022001111,2022年11月,109.4,
1,指数,0202,0202 財,00000,全国,2022001010,2022年10月,108.7,
1,指数,0202,0202 財,00000,全国,2022000909,2022年9月,107.7,
1,指数,0202,0202 財,00000,全国,2022000808,2022年8月,106.5,
1,指数,0202,0202 財,00000,全国,2022000707,2022年7月,106.2,
1,指数,0202,0202 財,00000,全国,2022000606,2022年6月,105.5,
1,指数,0202,0202 財,00000,全国,2022000505,2022年5月,105.4,
1,指数,0202,0202 財,00000,全国,2022000404,2022年4月,105.0,
1,指数,0202,0202 財,00000,全国,2022000303,2022年3月,104.4,
1,指数,0202,0202 財,00000,全国,2022000202,2022年2月,103.7,
1,指数,0202,0202 財,00000,全国,2022000101,2022年1月,103.0,
1,指数,0202,0202 財,00000,全国,2021001212,2021年12月,102.3,
1,指数,0202,0202 財,00000,全国,2021001111,2021年11月,102.5,
1,指数,0202,0202 財,00000,全国,2021001010,2021年10月,102.1,
1,指数,0202,0202 財,00000,全国,2021000909,2021年9月,101.9,
1,指数,0202,0202 財,00000,全国,2021000808,2021年8月,100.8,
1,指数,0202,0202 財,00000,全国,2021000707,2021年7月,100.7,
1,指数,0202,0202 財,00000,全国,2021000606,2021年6月,100.6,
1,指数,0202,0202 財,00000,全国,2021000505,2021年5月,100.3,
1,指数,0202,0202 財,00000,全国,2021000404,2021年4月,99.8,
1,指数,0202,0202 財,00000,全国,2021000303,2021年3月,99.5,
1,指数,0202,0202 財,00000,全国,2021000202,2021年2月,99.2,
1,指数,0202,0202 財,00000,全国,2021000101,2021年1月,99.3,
1,指数,0202,0202 財,00000,全国,2020001212,2020年12月,99.0,
1,指数,0202,0202 財,00000,全国,2020001111,2020年11月,99.5,
1,指数,0202,0202 財,00000,全国,2020001010,2020年10月,100.2,
1,指数,0202,0202 財,00000,全国,2020000909,2020年9月,100.2,
1,指数,0202,0202 財,00000,全国,2020000808,2020年8月,100.3,
1,指数,0202,0202 財,00000,全国,2020000707,2020年7月,99.9,
1,指数,0202,0202 財,00000,全国,2020000606,2020年6月,99.8,
1,指数,0202,0202 財,00000,全国,2020000505,2020年5月,100.0,
1,指数,0202,0202 財,00000,全国,2020000404,2020年4月,100.2,
1,指数,0202,0202 財,00000,全国,2020000303,2020年3月,100.1,
1,指数,0202,0202 財,00000,全国,2020000202,2020年2月,100.2,
1,指数,0202,0202 財,00000,全国,2020000101,2020年1月,100.7,
1,指数,0202,0202 財,00000,全国,2019001212,2019年12月,100.4,
1,指数,0202,0202 財,00000,全国,2019001111,2019年11月,100.5,
1,指数,0202,0202 財,00000,全国,2019001010,2019年10月,100.5,
1,指数,0202,0202 財,00000,全国,2019000909,2019年9月,99.7,
1,指数,0202,0202 財,00000,全国,2019000808,2019年8月,99.1,
1,指数,0202,0202 財,00000,全国,2019000707,2019年7月,99.1,
1,指数,0202,0202 財,00000,全国,2019000606,2019年6月,99.2,
1,指数,0202,0202 財,00000,全国,2019000505,2019年5月,99.4,
1,指数,0202,0202 財,00000,全国,2019000404,2019年4月,99.3,
1,指数,0202,0202 財,00000,全国,2019000303,2019年3月,99.1,
1,指数,0202,0202 財,00000,全国,2019000202,2019年2月,99.0,
1,指数,0202,0202 財,00000,全国,2019000101,2019年1月,99.1,
1,指数,0202,0202 財,00000,全国,2018001212,2018年12月,98.9,
1,指数,0202,0202 財,00000,全国,2018001111,2018年11月,99.6,
1,指数,0202,0202 財,00000,全国,2018001010,2018年10月,100.0,
1,指数,0202,0202 財,00000,全国,2018000909,2018年9月,99.6,
1,指数,0202,0202 財,00000,全国,2018000808,2018年8月,98.8,
1,指数,0202,0202 財,00000,全国,2018000707,2018年7月,98.3,
1,指数,0202,0202 財,00000,全国,2018000606,2018年6月,98.2,
1,指数,0202,0202 財,00000,全国,2018000505,2018年5月,98.3,
1,指数,0202,0202 財,00000,全国,2018000404,2018年4月,98.1,
1,指数,0202,0202 財,00000,全国,2018000303,2018年3月,98.4,
1,指数,0202,0202 財,00000,全国,2018000202,2018年2月,99.1,
1,指数,0202,0202 財,00000,全国,2018000101,2018年1月,99.3,
1,指数,0202,0202 財,00000,全国,2017001212,2017年12月,98.7,
1,指数,0202,0202 財,00000,全国,2017001111,2017年11月,98.2,
1,指数,0202,0202 財,00000,全国,2017001010,2017年10月,97.5,
1,指数,0202,0202 財,00000,全国,2017000909,2017年9月,97.5,
1,指数,0202,0202 財,00000,全国,2017000808,2017年8月,96.8,
1,指数,0202,0202 財,00000,全国,2017000707,2017年7月,96.7,
1,指数,0202,0202 財,00000,全国,2017000606,2017年6月,97.1,
1,指数,0202,0202 財,00000,全国,2017000505,2017年5月,97.3,
1,指数,0202,0202 財,00000,全国,2017000404,2017年4月,97.1,
1,指数,0202,0202 財,00000,全国,2017000303,2017年3月,96.4,
1,指数,0202,0202 財,00000,全国,2017000202,2017年2月,96.5,
1,指数,0202,0202 財,00000,全国,2017000101,2017年1月,96.7,
1,指数,0202,0202 財,00000,全国,2016001212,2016年12月,96.8,
1,指数,0202,0202 財,00000,全国,2016001111,2016年11月,97.2,
1,指数,0202,0202 財,00000,全国,2016001010,2016年10月,97.1,
1,指数,0202,0202 財,00000,全国,2016000909,2016年9月,96.1,
1,指数,0202,0202 財,00000,全国,2016000808,2016年8月,95.5,
1,指数,0202,0202 財,00000,全国,2016000707,2016年7月,95.8,
1,指数,0202,0202 財,00000,全国,2016000606,2016年6月,96.3,
1,指数,0202,0202 財,00000,全国,2016000505,2016年5月,96.4,
1,指数,0202,0202 財,00000,全国,2016000404,2016年4月,96.3,
1,指数,0202,0202 財,00000,全国,2016000303,2016年3月,96.1,
1,指数,0202,0202 財,00000,全国,2016000202,2016年2月,96.0,
1,指数,0202,0202 財,00000,全国,2016000101,2016年1月,96.0,
1,指数,0202,0202 財,00000,全国,2015001212,2015年12月,96.3,
1,指数,0202,0202 財,00000,全国,2015001111,2015年11月,96.4,
1,指数,0202,0202 財,00000,全国,2015001010,2015年10月,97.1,
1,指数,0202,0202 財,00000,全国,2015000909,2015年9月,97.3,
1,指数,0202,0202 財,00000,全国,2015000808,2015年8月,96.7,
1,指数,0202,0202 財,00000,全国,2015000707,2015年7月,96.9,
1,指数,0202,0202 財,00000,全国,2015000606,2015年6月,97.3,
1,指数,0202,0202 財,00000,全国,2015000505,2015年5月,97.7,
1,指数,0202,0202 財,00000,全国,2015000404,2015年4月,97.3,
1,指数,0202,0202 財,00000,全国,2015000303,2015年3月,96.5,
1,指数,0202,0202 財,00000,全国,2015000202,2015年2月,96.0,
1,指数,0202,0202 財,00000,全国,2015000101,2015年1月,96.5,
1,指数,0202,0202 財,00000,全国,2014001212,2014年12月,96.5,
1,指数,0202,0202 財,00000,全国,2014001111,2014年11月,96.4,
1,指数,0202,0202 財,00000,全国,2014001010,2014年10月,97.0,
1,指数,0202,0202 財,00000,全国,2014000909,2014年9月,97.8,
1,指数,0202,0202 財,00000,全国,2014000808,2014年8月,96.9,
1,指数,0202,0202 財,00000,全国,2014000707,2014年7月,96.9,
1,指数,0202,0202 財,00000,全国,2014000606,2014年6月,97.1,
1,指数,0202,0202 財,00000,全国,2014000505,2014年5月,97.1,
1,指数,0202,0202 財,00000,全国,2014000404,2014年4月,96.4,
1,指数,0202,0202 財,00000,全国,2014000303,2014年3月,93.8,
1,指数,0202,0202 財,00000,全国,2014000202,2014年2月,93.5,
1,指数,0202,0202 財,00000,全国,2014000101,2014年1月,93.5,
1,指数,0202,0202 財,00000,全国,2013001212,2013年12月,93.6,
1,指数,0202,0202 財,00000,全国,2013001111,2013年11月,93.4,
1,指数,0202,0202 財,00000,全国,2013001010,2013年10月,93.3,
1,指数,0202,0202 財,00000,全国,2013000909,2013年9月,93.4,
1,指数,0202,0202 財,00000,全国,2013000808,2013年8月,92.3,
1,指数,0202,0202 財,00000,全国,2013000707,2013年7月,92.2,
1,指数,0202,0202 財,00000,全国,2013000606,2013年6月,91.9,
1,指数,0202,0202 財,00000,全国,2013000505,2013年5月,91.9,
1,指数,0202,0202 財,00000,全国,2013000404,2013年4月,91.7,
1,指数,0202,0202 財,00000,全国,2013000303,2013年3月,91.5,
1,指数,0202,0202 財,00000,全国,2013000202,2013年2月,91.2,
1,指数,0202,0202 財,00000,全国,2013000101,2013年1月,91.5,
1,指数,0202,0202 財,00000,全国,2012001212,2012年12月,91.2,
1,指数,0202,0202 財,00000,全国,2012001111,2012年11月,91.1,
1,指数,0202,0202 財,00000,全国,2012001010,2012年10月,91.6,
1,指数,0202,0202 財,00000,全国,2012000909,2012年9月,91.5,
1,指数,0202,0202 財,00000,全国,2012000808,2012年8月,90.7,
1,指数,0202,0202 財,00000,全国,2012000707,2012年7月,90.9,
1,指数,0202,0202 財,00000,全国,2012000606,2012年6月,91.6,
1,指数,0202,0202 財,00000,全国,2012000505,2012年5月,92.5,
1,指数,0202,0202 財,00000,全国,2012000404,2012年4月,93.0,
1,指数,0202,0202 財,00000,全国,2012000303,2012年3月,93.0,
1,指数,0202,0202 財,00000,全国,2012000202,2012年2月,92.4,
1,指数,0202,0202 財,00000,全国,2012000101,2012年1月,91.9,
1,指数,0202,0202 財,00000,全国,2011001212,2011年12月,91.3,
1,指数,0202,0202 財,00000,全国,2011001111,2011年11月,91.4,
1,指数,0202,0202 財,00000,全国,2011001010,2011年10月,92.1,
1,指数,0202,0202 財,00000,全国,2011000909,2011年9月,91.9,
1,指数,0202,0202 財,00000,全国,2011000808,2011年8月,91.5,
1,指数,0202,0202 財,00000,全国,2011000707,2011年7月,91.7,
1,指数,0202,0202 財,00000,全国,2011000606,2011年6月,91.9,
1,指数,0202,0202 財,00000,全国,2011000505,2011年5月,92.2,
1,指数,0202,0202 財,00000,全国,2011000404,2011年4月,92.3,
1,指数,0202,0202 財,00000,全国,2011000303,2011年3月,92.0,
1,指数,0202,0202 財,00000,全国,2011000202,2011年2月,91.7,
1,指数,0202,0202 財,00000,全国,2011000101,2011年1月,91.7,
1,指数,0202,0202 財,00000,全国,2010001212,2010年12月,91.7,
1,指数,0202,0202 財,00000,全国,2010001111,2010年11月,92.3,
1,指数,0202,0202 財,00000,全国,2010001010,2010年10月,92.6,
1,指数,0202,0202 財,00000,全国,2010000909,2010年9月,92.3,
1,指数,0202,0202 財,00000,全国,2010000808,2010年8月,91.5,
1,指数,0202,0202 財,00000,全国,2010000707,2010年7月,91.7,
1,指数,0202,0202 財,00000,全国,2010000606,2010年6月,92.8,
1,指数,0202,0202 財,00000,全国,2010000505,2010年5月,93.2,
1,指数,0202,0202 財,00000,全国,2010000404,2010年4月,93.3,
1,指数,0202,0202 財,00000,全国,2010000303,2010年3月,92.7,
1,指数,0202,0202 財,00000,全国,2010000202,2010年2月,92.3,
1,指数,0202,0202 財,00000,全国,2010000101,2010年1月,92.4,
1,指数,0202,0202 財,00000,全国,2009001212,2009年12月,91.8,
1,指数,0202,0202 財,00000,全国,2009001111,2009年11月,92.0,
1,指数,0202,0202 財,00000,全国,2009001010,2009年10月,92.5,
1,指数,0202,0202 財,00000,全国,2009000909,2009年9月,93.0,
1,指数,0202,0202 財,00000,全国,2009000808,2009年8月,92.7,
1,指数,0202,0202 財,00000,全国,2009000707,2009年7月,92.4,
1,指数,0202,0202 財,00000,全国,2009000606,2009年6月,93.0,
1,指数,0202,0202 財,00000,全国,2009000505,2009年5月,93.5,
1,指数,0202,0202 財,00000,全国,2009000404,2009年4月,93.7,
1,指数,0202,0202 財,00000,全国,2009000303,2009年3月,93.5,
1,指数,0202,0202 財,00000,全国,2009000202,2009年2月,93.1,
1,指数,0202,0202 財,00000,全国,2009000101,2009年1月,93.6,
1,指数,0202,0202 財,00000,全国,2008001212,2008年12月,94.3,
1,指数,0202,0202 財,00000,全国,2008001111,2008年11月,95.2,
1,指数,0202,0202 財,00000,全国,2008001010,2008年10月,96.7,
1,指数,0202,0202 財,00000,全国,2008000909,2008年9月,96.9,
1,指数,0202,0202 財,00000,全国,2008000808,2008年8月,96.7,
1,指数,0202,0202 財,00000,全国,2008000707,2008年7月,96.5,
1,指数,0202,0202 財,00000,全国,2008000606,2008年6月,96.3,
1,指数,0202,0202 財,00000,全国,2008000505,2008年5月,95.5,
1,指数,0202,0202 財,00000,全国,2008000404,2008年4月,94.1,
1,指数,0202,0202 財,00000,全国,2008000303,2008年3月,94.2,
1,指数,0202,0202 財,00000,全国,2008000202,2008年2月,93.4,
1,指数,0202,0202 財,00000,全国,2008000101,2008年1月,93.8,
1,指数,0202,0202 財,00000,全国,2007001212,2007年12月,94.1,
1,指数,0202,0202 財,00000,全国,2007001111,2007年11月,93.7,
1,指数,0202,0202 財,00000,全国,2007001010,2007年10月,93.9,
1,指数,0202,0202 財,00000,全国,2007000909,2007年9月,93.5,
1,指数,0202,0202 財,00000,全国,2007000808,2007年8月,93.0,
1,指数,0202,0202 財,00000,全国,2007000707,2007年7月,92.5,
1,指数,0202,0202 財,00000,全国,2007000606,2007年6月,92.9,
1,指数,0202,0202 財,00000,全国,2007000505,2007年5月,93.1,
1,指数,0202,0202 財,00000,全国,2007000404,2007年4月,92.8,
1,指数,0202,0202 財,00000,全国,2007000303,2007年3月,92.4,
1,指数,0202,0202 財,00000,全国,2007000202,2007年2月,91.9,
1,指数,0202,0202 財,00000,全国,2007000101,2007年1月,92.7,
1,指数,0202,0202 財,00000,全国,2006001212,2006年12月,92.9,
1,指数,0202,0202 財,00000,全国,2006001111,2006年11月,92.9,
1,指数,0202,0202 財,00000,全国,2006001010,2006年10月,93.6,
1,指数,0202,0202 財,00000,全国,2006000909,2006年9月,94.0,
1,指数,0202,0202 財,00000,全国,2006000808,2006年8月,93.6,
1,指数,0202,0202 財,00000,全国,2006000707,2006年7月,92.7,
1,指数,0202,0202 財,00000,全国,2006000606,2006年6月,93.3,
1,指数,0202,0202 財,00000,全国,2006000505,2006年5月,93.3,
1,指数,0202,0202 財,00000,全国,2006000404,2006年4月,92.8,
1,指数,0202,0202 財,00000,全国,2006000303,2006年3月,92.5,
1,指数,0202,0202 財,00000,全国,2006000202,2006年2月,92.3,
1,指数,0202,0202 財,00000,全国,2006000101,2006年1月,92.9,
1,指数,0202,0202 財,00000,全国,2005001212,2005年12月,92.4,
1,指数,0202,0202 財,00000,全国,2005001111,2005年11月,92.4,
1,指数,0202,0202 財,00000,全国,2005001010,2005年10月,92.7,
1,指数,0202,0202 財,00000,全国,2005000909,2005年9月,92.7,
1,指数,0202,0202 財,00000,全国,2005000808,2005年8月,91.8,
1,指数,0202,0202 財,00000,全国,2005000707,2005年7月,91.8,
1,指数,0202,0202 財,00000,全国,2005000606,2005年6月,92.2,
1,指数,0202,0202 財,00000,全国,2005000505,2005年5月,93.0,
1,指数,0202,0202 財,00000,全国,2005000404,2005年4月,92.9,
1,指数,0202,0202 財,00000,全国,2005000303,2005年3月,92.8,
1,指数,0202,0202 財,00000,全国,2005000202,2005年2月,92.4,
1,指数,0202,0202 財,00000,全国,2005000101,2005年1月,92.9,
1,指数,0202,0202 財,00000,全国,2004001212,2004年12月,93.2,
1,指数,0202,0202 財,00000,全国,2004001111,2004年11月,94.1,
1,指数,0202,0202 財,00000,全国,2004001010,2004年10月,94.0,
1,指数,0202,0202 財,00000,全国,2004000909,2004年9月,93.0,
1,指数,0202,0202 財,00000,全国,2004000808,2004年8月,91.9,
1,指数,0202,0202 財,00000,全国,2004000707,2004年7月,92.1,
1,指数,0202,0202 財,00000,全国,2004000606,2004年6月,93.0,
1,指数,0202,0202 財,00000,全国,2004000505,2004年5月,92.7,
1,指数,0202,0202 財,00000,全国,2004000404,2004年4月,92.5,
1,指数,0202,0202 財,00000,全国,2004000303,2004年3月,92.4,
1,指数,0202,0202 財,00000,全国,2004000202,2004年2月,92.3,
1,指数,0202,0202 財,00000,全国,2004000101,2004年1月,92.3,
1,指数,0202,0202 財,00000,全国,2003001212,2003年12月,92.5,
1,指数,0202,0202 財,00000,全国,2003001111,2003年11月,92.3,
1,指数,0202,0202 財,00000,全国,2003001010,2003年10月,93.0,
1,指数,0202,0202 財,00000,全国,2003000909,2003年9月,92.9,
1,指数,0202,0202 財,00000,全国,2003000808,2003年8月,92.1,
1,指数,0202,0202 財,00000,全国,2003000707,2003年7月,92.2,
1,指数,0202,0202 財,00000,全国,2003000606,2003年6月,92.9,
1,指数,0202,0202 財,00000,全国,2003000505,2003年5月,93.5,
1,指数,0202,0202 財,00000,全国,2003000404,2003年4月,93.3,
1,指数,0202,0202 財,00000,全国,2003000303,2003年3月,92.8,
1,指数,0202,0202 財,00000,全国,2003000202,2003年2月,92.5,
1,指数,0202,0202 財,00000,全国,2003000101,2003年1月,92.9,
1,指数,0202,0202 財,00000,全国,2002001212,2002年12月,93.4,
1,指数,0202,0202 財,00000,全国,2002001111,2002年11月,93.6,
1,指数,0202,0202 財,00000,全国,2002001010,2002年10月,93.5,
1,指数,0202,0202 財,00000,全国,2002000909,2002年9月,93.7,
1,指数,0202,0202 財,00000,全国,2002000808,2002年8月,93.3,
1,指数,0202,0202 財,00000,全国,2002000707,2002年7月,93.1,
1,指数,0202,0202 財,00000,全国,2002000606,2002年6月,93.9,
1,指数,0202,0202 財,00000,全国,2002000505,2002年5月,94.2,
1,指数,0202,0202 財,00000,全国,2002000404,2002年4月,93.7,
1,指数,0202,0202 財,00000,全国,2002000303,2002年3月,93.1,
1,指数,0202,0202 財,00000,全国,2002000202,2002年2月,92.9,
1,指数,0202,0202 財,00000,全国,2002000101,2002年1月,93.7,
1,指数,0202,0202 財,00000,全国,2001001212,2001年12月,93.8,
1,指数,0202,0202 財,00000,全国,2001001111,2001年11月,94.2,
1,指数,0202,0202 財,00000,全国,2001001010,2001年10月,95.1,
1,指数,0202,0202 財,00000,全国,2001000909,2001年9月,95.1,
1,指数,0202,0202 財,00000,全国,2001000808,2001年8月,94.8,
1,指数,0202,0202 財,00000,全国,2001000707,2001年7月,94.5,
1,指数,0202,0202 財,00000,全国,2001000606,2001年6月,95.3,
1,指数,0202,0202 財,00000,全国,2001000505,2001年5月,95.9,
1,指数,0202,0202 財,00000,全国,2001000404,2001年4月,95.7,
1,指数,0202,0202 財,00000,全国,2001000303,2001年3月,95.6,
1,指数,0202,0202 財,00000,全国,2001000202,2001年2月,95.9,
1,指数,0202,0202 財,00000,全国,2001000101,2001年1月,96.5,
1,指数,0202,0202 財,00000,全国,2000001212,2000年12月,96.4,
1,指数,0202,0202 財,00000,全国,2000001111,2000年11月,96.3,
1,指数,0202,0202 財,00000,全国,2000001010,2000年10月,96.6,
1,指数,0202,0202 財,00000,全国,2000000909,2000年9月,96.5,
1,指数,0202,0202 財,00000,全国,2000000808,2000年8月,96.1,
1,指数,0202,0202 財,00000,全国,2000000707,2000年7月,96.1,
1,指数,0202,0202 財,00000,全国,2000000606,2000年6月,96.7,
1,指数,0202,0202 財,00000,全国,2000000505,2000年5月,97.0,
1,指数,0202,0202 財,00000,全国,2000000404,2000年4月,97.0,
1,指数,0202,0202 財,00000,全国,2000000303,2000年3月,96.7,
1,指数,0202,0202 財,00000,全国,2000000202,2000年2月,96.4,
1,指数,0202,0202 財,00000,全国,2000000101,2000年1月,96.8,
1,指数,0202,0202 財,00000,全国,1999001212,1999年12月,96.8,
1,指数,0202,0202 財,00000,全国,1999001111,1999年11月,97.4,
1,指数,0202,0202 財,00000,全国,1999001010,1999年10月,98.5,
1,指数,0202,0202 財,00000,全国,1999000909,1999年9月,98.2,
1,指数,0202,0202 財,00000,全国,1999000808,1999年8月,97.4,
1,指数,0202,0202 財,00000,全国,1999000707,1999年7月,96.9,
1,指数,0202,0202 財,00000,全国,1999000606,1999年6月,97.7,
1,指数,0202,0202 財,00000,全国,1999000505,1999年5月,98.3,
1,指数,0202,0202 財,00000,全国,1999000404,1999年4月,98.2,
1,指数,0202,0202 財,00000,全国,1999000303,1999年3月,97.5,
1,指数,0202,0202 財,00000,全国,1999000202,1999年2月,97.5,
1,指数,0202,0202 財,00000,全国,1999000101,1999年1月,98.2,
1,指数,0202,0202 財,00000,全国,1998001212,1998年12月,99.2,
1,指数,0202,0202 財,00000,全国,1998001111,1998年11月,99.8,
1,指数,0202,0202 財,00000,全国,1998001010,1998年10月,99.9,
1,指数,0202,0202 財,00000,全国,1998000909,1998年9月,98.5,
1,指数,0202,0202 財,00000,全国,1998000808,1998年8月,96.9,
1,指数,0202,0202 財,00000,全国,1998000707,1998年7月,97.2,
1,指数,0202,0202 財,00000,全国,1998000606,1998年6月,98.5,
1,指数,0202,0202 財,00000,全国,1998000505,1998年5月,99.2,
1,指数,0202,0202 財,00000,全国,1998000404,1998年4月,98.5,
1,指数,0202,0202 財,00000,全国,1998000303,1998年3月,98.3,
1,指数,0202,0202 財,00000,全国,1998000202,1998年2月,97.5,
1,指数,0202,0202 財,00000,全国,1998000101,1998年1月,97.8,
1,指数,0202,0202 財,00000,全国,1997001212,1997年12月,97.9,
1,指数,0202,0202 財,00000,全国,1997001111,1997年11月,98.2,
1,指数,0202,0202 財,00000,全国,1997001010,1997年10月,99.4,
1,指数,0202,0202 財,00000,全国,1997000909,1997年9月,99.2,
1,指数,0202,0202 財,00000,全国,1997000808,1997年8月,98.4,
1,指数,0202,0202 財,00000,全国,1997000707,1997年7月,98.3,
1,指数,0202,0202 財,00000,全国,1997000606,1997年6月,99.2,
1,指数,0202,0202 財,00000,全国,1997000505,1997年5月,99.2,
1,指数,0202,0202 財,00000,全国,1997000404,1997年4月,99.0,
1,指数,0202,0202 財,00000,全国,1997000303,1997年3月,96.5,
1,指数,0202,0202 財,00000,全国,1997000202,1997年2月,96.4,
1,指数,0202,0202 財,00000,全国,1997000101,1997年1月,96.6,
1,指数,0202,0202 財,00000,全国,1996001212,1996年12月,97.2,
1,指数,0202,0202 財,00000,全国,1996001111,1996年11月,96.7,
1,指数,0202,0202 財,00000,全国,1996001010,1996年10月,97.3,
1,指数,0202,0202 財,00000,全国,1996000909,1996年9月,97.0,
1,指数,0202,0202 財,00000,全国,1996000808,1996年8月,96.4,
1,指数,0202,0202 財,00000,全国,1996000707,1996年7月,96.6,
1,指数,0202,0202 財,00000,全国,1996000606,1996年6月,96.8,
1,指数,0202,0202 財,00000,全国,1996000505,1996年5月,97.4,
1,指数,0202,0202 財,00000,全国,1996000404,1996年4月,97.2,
1,指数,0202,0202 財,00000,全国,1996000303,1996年3月,96.5,
1,指数,0202,0202 財,00000,全国,1996000202,1996年2月,96.2,
1,指数,0202,0202 財,00000,全国,1996000101,1996年1月,96.5,
1,指数,0202,0202 財,00000,全国,1995001212,1995年12月,96.7,
1,指数,0202,0202 財,00000,全国,1995001111,1995年11月,96.7,
1,指数,0202,0202 財,00000,全国,1995001010,1995年10月,97.4,
1,指数,0202,0202 財,00000,全国,1995000909,1995年9月,97.9,
1,指数,0202,0202 財,00000,全国,1995000808,1995年8月,96.9,
1,指数,0202,0202 財,00000,全国,1995000707,1995年7月,96.8,
1,指数,0202,0202 財,00000,全国,1995000606,1995年6月,98.0,
1,指数,0202,0202 財,00000,全国,1995000505,1995年5月,98.2,
1,指数,0202,0202 財,00000,全国,1995000404,1995年4月,97.8,
1,指数,0202,0202 財,00000,全国,1995000303,1995年3月,97.5,
1,指数,0202,0202 財,00000,全国,1995000202,1995年2月,97.7,
1,指数,0202,0202 財,00000,全国,1995000101,1995年1月,98.4,
1,指数,0202,0202 財,00000,全国,1994001212,1994年12月,98.5,
1,指数,0202,0202 財,00000,全国,1994001111,1994年11月,99.0,
1,指数,0202,0202 財,00000,全国,1994001010,1994年10月,99.6,
1,指数,0202,0202 財,00000,全国,1994000909,1994年9月,99.0,
1,指数,0202,0202 財,00000,全国,1994000808,1994年8月,98.4,
1,指数,0202,0202 財,00000,全国,1994000707,1994年7月,97.6,
1,指数,0202,0202 財,00000,全国,1994000606,1994年6月,98.5,
1,指数,0202,0202 財,00000,全国,1994000505,1994年5月,99.3,
1,指数,0202,0202 財,00000,全国,1994000404,1994年4月,99.2,
1,指数,0202,0202 財,00000,全国,1994000303,1994年3月,99.5,
1,指数,0202,0202 財,00000,全国,1994000202,1994年2月,98.8,
1,指数,0202,0202 財,00000,全国,1994000101,1994年1月,98.8,
1,指数,0202,0202 財,00000,全国,1993001212,1993年12月,98.8,
1,指数,0202,0202 財,00000,全国,1993001111,1993年11月,98.6,
1,指数,0202,0202 財,00000,全国,1993001010,1993年10月,99.5,
1,指数,0202,0202 財,00000,全国,1993000909,1993年9月,99.9,
1,指数,0202,0202 財,00000,全国,1993000808,1993年8月,99.6,
1,指数,0202,0202 財,00000,全国,1993000707,1993年7月,99.2,
1,指数,0202,0202 財,00000,全国,1993000606,1993年6月,98.9,
1,指数,0202,0202 財,00000,全国,1993000505,1993年5月,99.2,
1,指数,0202,0202 財,00000,全国,1993000404,1993年4月,99.0,
1,指数,0202,0202 財,00000,全国,1993000303,1993年3月,98.7,
1,指数,0202,0202 財,00000,全国,1993000202,1993年2月,98.2,
1,指数,0202,0202 財,00000,全国,1993000101,1993年1月,98.1,
1,指数,0202,0202 財,00000,全国,1992001212,1992年12月,98.4,
1,指数,0202,0202 財,00000,全国,1992001111,1992年11月,98.4,
1,指数,0202,0202 財,00000,全国,1992001010,1992年10月,98.9,
1,指数,0202,0202 財,00000,全国,1992000909,1992年9月,98.9,
1,指数,0202,0202 財,00000,全国,1992000808,1992年8月,97.9,
1,指数,0202,0202 財,00000,全国,1992000707,1992年7月,97.6,
1,指数,0202,0202 財,00000,全国,1992000606,1992年6月,98.9,
1,指数,0202,0202 財,00000,全国,1992000505,1992年5月,99.4,
1,指数,0202,0202 財,00000,全国,1992000404,1992年4月,99.5,
1,指数,0202,0202 財,00000,全国,1992000303,1992年3月,98.5,
1,指数,0202,0202 財,00000,全国,1992000202,1992年2月,97.8,
1,指数,0202,0202 財,00000,全国,1992000101,1992年1月,98.1,
1,指数,0202,0202 財,00000,全国,1991001212,1991年12月,98.7,
1,指数,0202,0202 財,00000,全国,1991001111,1991年11月,99.6,
1,指数,0202,0202 財,00000,全国,1991001010,1991年10月,99.2,
1,指数,0202,0202 財,00000,全国,1991000909,1991年9月,97.6,
1,指数,0202,0202 財,00000,全国,1991000808,1991年8月,97.2,
1,指数,0202,0202 財,00000,全国,1991000707,1991年7月,97.1,
1,指数,0202,0202 財,00000,全国,1991000606,1991年6月,97.4,
1,指数,0202,0202 財,00000,全国,1991000505,1991年5月,98.2,
1,指数,0202,0202 財,00000,全国,1991000404,1991年4月,97.6,
1,指数,0202,0202 財,00000,全国,1991000303,1991年3月,97.1,
1,指数,0202,0202 財,00000,全国,1991000202,1991年2月,96.4,
1,指数,0202,0202 財,00000,全国,1991000101,1991年1月,96.8,
1,指数,0202,0202 財,00000,全国,1990001212,1990年12月,95.9,
1,指数,0202,0202 財,00000,全国,1990001111,1990年11月,96.2,
1,指数,0202,0202 財,00000,全国,1990001010,1990年10月,96.7,
1,指数,0202,0202 財,00000,全国,1990000909,1990年9月,95.0,
1,指数,0202,0202 財,00000,全国,1990000808,1990年8月,93.6,
1,指数,0202,0202 財,00000,全国,1990000707,1990年7月,93.2,
1,指数,0202,0202 財,00000,全国,1990000606,1990年6月,93.6,
1,指数,0202,0202 財,00000,全国,1990000505,1990年5月,94.4,
1,指数,0202,0202 財,00000,全国,1990000404,1990年4月,93.8,
1,指数,0202,0202 財,00000,全国,1990000303,1990年3月,93.3,
1,指数,0202,0202 財,00000,全国,1990000202,1990年2月,92.6,
1,指数,0202,0202 財,00000,全国,1990000101,1990年1月,92.3,
1,指数,0202,0202 財,00000,全国,1989001212,1989年12月,91.8,
1,指数,0202,0202 財,00000,全国,1989001111,1989年11月,91.8,
1,指数,0202,0202 財,00000,全国,1989001010,1989年10月,93.6,
1,指数,0202,0202 財,00000,全国,1989000909,1989年9月,92.4,
1,指数,0202,0202 財,00000,全国,1989000808,1989年8月,90.8,
1,指数,0202,0202 財,00000,全国,1989000707,1989年7月,91.2,
1,指数,0202,0202 財,00000,全国,1989000606,1989年6月,91.7,
1,指数,0202,0202 財,00000,全国,1989000505,1989年5月,91.9,
1,指数,0202,0202 財,00000,全国,1989000404,1989年4月,91.2,
1,指数,0202,0202 財,00000,全国,1989000303,1989年3月,89.9,
1,指数,0202,0202 財,00000,全国,1989000202,1989年2月,89.3,
1,指数,0202,0202 財,00000,全国,1989000101,1989年1月,89.6,
1,指数,0202,0202 財,00000,全国,1988001212,1988年12月,90.1,
1,指数,0202,0202 財,00000,全国,1988001111,1988年11月,90.6,
1,指数,0202,0202 財,00000,全国,1988001010,1988年10月,91.4,
1,指数,0202,0202 財,00000,全国,1988000909,1988年9月,90.7,
1,指数,0202,0202 財,00000,全国,1988000808,1988年8月,89.3,
1,指数,0202,0202 財,00000,全国,1988000707,1988年7月,89.0,
1,指数,0202,0202 財,00000,全国,1988000606,1988年6月,89.4,
1,指数,0202,0202 財,00000,全国,1988000505,1988年5月,89.7,
1,指数,0202,0202 財,00000,全国,1988000404,1988年4月,89.6,
1,指数,0202,0202 財,00000,全国,1988000303,1988年3月,89.4,
1,指数,0202,0202 財,00000,全国,1988000202,1988年2月,88.7,
1,指数,0202,0202 財,00000,全国,1988000101,1988年1月,89.1,
1,指数,0202,0202 財,00000,全国,1987001212,1987年12月,89.6,
1,指数,0202,0202 財,00000,全国,1987001111,1987年11月,89.6,
1,指数,0202,0202 財,00000,全国,1987001010,1987年10月,90.6,
1,指数,0202,0202 財,00000,全国,1987000909,1987年9月,90.7,
1,指数,0202,0202 財,00000,全国,1987000808,1987年8月,89.1,
1,指数,0202,0202 財,00000,全国,1987000707,1987年7月,89.0,
1,指数,0202,0202 財,00000,全国,1987000606,1987年6月,90.0,
1,指数,0202,0202 財,00000,全国,1987000505,1987年5月,90.5,
1,指数,0202,0202 財,00000,全国,1987000404,1987年4月,90.3,
1,指数,0202,0202 財,00000,全国,1987000303,1987年3月,89.4,
1,指数,0202,0202 財,00000,全国,1987000202,1987年2月,88.8,
1,指数,0202,0202 財,00000,全国,1987000101,1987年1月,88.9,
1,指数,0202,0202 財,00000,全国,1986001212,1986年12月,89.6,
1,指数,0202,0202 財,00000,全国,1986001111,1986年11月,90.0,
1,指数,0202,0202 財,00000,全国,1986001010,1986年10月,90.7,
1,指数,0202,0202 財,00000,全国,1986000909,1986年9月,90.7,
1,指数,0202,0202 財,00000,全国,1986000808,1986年8月,90.2,
1,指数,0202,0202 財,00000,全国,1986000707,1986年7月,90.6,
1,指数,0202,0202 財,00000,全国,1986000606,1986年6月,91.0,
1,指数,0202,0202 財,00000,全国,1986000505,1986年5月,92.0,
1,指数,0202,0202 財,00000,全国,1986000404,1986年4月,91.7,
1,指数,0202,0202 財,00000,全国,1986000303,1986年3月,91.7,
1,指数,0202,0202 財,00000,全国,1986000202,1986年2月,91.8,
1,指数,0202,0202 財,00000,全国,1986000101,1986年1月,92.2,
1,指数,0202,0202 財,00000,全国,1985001212,1985年12月,91.6,
1,指数,0202,0202 財,00000,全国,1985001111,1985年11月,91.4,
1,指数,0202,0202 財,00000,全国,1985001010,1985年10月,92.8,
1,指数,0202,0202 財,00000,全国,1985000909,1985年9月,91.6,
1,指数,0202,0202 財,00000,全国,1985000808,1985年8月,91.4,
1,指数,0202,0202 財,00000,全国,1985000707,1985年7月,91.8,
1,指数,0202,0202 財,00000,全国,1985000606,1985年6月,91.6,
1,指数,0202,0202 財,00000,全国,1985000505,1985年5月,91.7,
1,指数,0202,0202 財,00000,全国,1985000404,1985年4月,91.8,
1,指数,0202,0202 財,00000,全国,1985000303,1985年3月,91.4,
1,指数,0202,0202 財,00000,全国,1985000202,1985年2月,90.8,
1,指数,0202,0202 財,00000,全国,1985000101,1985年1月,91.4,
1,指数,0202,0202 財,00000,全国,1984001212,1984年12月,91.2,
1,指数,0202,0202 財,00000,全国,1984001111,1984年11月,90.9,
1,指数,0202,0202 財,00000,全国,1984001010,1984年10月,91.8,
1,指数,0202,0202 財,00000,全国,1984000909,1984年9月,91.0,
1,指数,0202,0202 財,00000,全国,1984000808,1984年8月,88.6,
1,指数,0202,0202 財,00000,全国,1984000707,1984年7月,90.0,
1,指数,0202,0202 財,00000,全国,1984000606,1984年6月,89.8,
1,指数,0202,0202 財,00000,全国,1984000505,1984年5月,90.9,
1,指数,0202,0202 財,00000,全国,1984000404,1984年4月,90.3,
1,指数,0202,0202 財,00000,全国,1984000303,1984年3月,90.5,
1,指数,0202,0202 財,00000,全国,1984000202,1984年2月,90.2,
1,指数,0202,0202 財,00000,全国,1984000101,1984年1月,89.5,
1,指数,0202,0202 財,00000,全国,1983001212,1983年12月,89.1,
1,指数,0202,0202 財,00000,全国,1983001111,1983年11月,89.6,
1,指数,0202,0202 財,00000,全国,1983001010,1983年10月,90.5,
1,指数,0202,0202 財,00000,全国,1983000909,1983年9月,89.4,
1,指数,0202,0202 財,00000,全国,1983000808,1983年8月,87.6,
1,指数,0202,0202 財,00000,全国,1983000707,1983年7月,88.1,
1,指数,0202,0202 財,00000,全国,1983000606,1983年6月,88.7,
1,指数,0202,0202 財,00000,全国,1983000505,1983年5月,89.6,
1,指数,0202,0202 財,00000,全国,1983000404,1983年4月,88.3,
1,指数,0202,0202 財,00000,全国,1983000303,1983年3月,88.4,
1,指数,0202,0202 財,00000,全国,1983000202,1983年2月,87.6,
1,指数,0202,0202 財,00000,全国,1983000101,1983年1月,88.1,
1,指数,0202,0202 財,00000,全国,1982001212,1982年12月,88.0,
1,指数,0202,0202 財,00000,全国,1982001111,1982年11月,88.2,
1,指数,0202,0202 財,00000,全国,1982001010,1982年10月,89.7,
1,指数,0202,0202 財,00000,全国,1982000909,1982年9月,89.5,
1,指数,0202,0202 財,00000,全国,1982000808,1982年8月,87.2,
1,指数,0202,0202 財,00000,全国,1982000707,1982年7月,86.2,
1,指数,0202,0202 財,00000,全国,1982000606,1982年6月,87.4,
1,指数,0202,0202 財,00000,全国,1982000505,1982年5月,87.4,
1,指数,0202,0202 財,00000,全国,1982000404,1982年4月,87.2,
1,指数,0202,0202 財,00000,全国,1982000303,1982年3月,86.7,
1,指数,0202,0202 財,00000,全国,1982000202,1982年2月,86.5,
1,指数,0202,0202 財,00000,全国,1982000101,1982年1月,87.0,
1,指数,0202,0202 財,00000,全国,1981001212,1981年12月,87.3,
1,指数,0202,0202 財,00000,全国,1981001111,1981年11月,86.9,
1,指数,0202,0202 財,00000,全国,1981001010,1981年10月,87.4,
1,指数,0202,0202 財,00000,全国,1981000909,1981年9月,86.8,
1,指数,0202,0202 財,00000,全国,1981000808,1981年8月,84.9,
1,指数,0202,0202 財,00000,全国,1981000707,1981年7月,85.6,
1,指数,0202,0202 財,00000,全国,1981000606,1981年6月,86.1,
1,指数,0202,0202 財,00000,全国,1981000505,1981年5月,86.0,
1,指数,0202,0202 財,00000,全国,1981000404,1981年4月,85.3,
1,指数,0202,0202 財,00000,全国,1981000303,1981年3月,85.1,
1,指数,0202,0202 財,00000,全国,1981000202,1981年2月,84.5,
1,指数,0202,0202 財,00000,全国,1981000101,1981年1月,84.8,
1,指数,0202,0202 財,00000,全国,1980001212,1980年12月,83.7,
1,指数,0202,0202 財,00000,全国,1980001111,1980年11月,84.2,
1,指数,0202,0202 財,00000,全国,1980001010,1980年10月,84.0,
1,指数,0202,0202 財,00000,全国,1980000909,1980年9月,83.8,
1,指数,0202,0202 財,00000,全国,1980000808,1980年8月,81.6,
1,指数,0202,0202 財,00000,全国,1980000707,1980年7月,82.1,
1,指数,0202,0202 財,00000,全国,1980000606,1980年6月,82.2,
1,指数,0202,0202 財,00000,全国,1980000505,1980年5月,81.8,
1,指数,0202,0202 財,00000,全国,1980000404,1980年4月,81.1,
1,指数,0202,0202 財,00000,全国,1980000303,1980年3月,79.8,
1,指数,0202,0202 財,00000,全国,1980000202,1980年2月,79.2,
1,指数,0202,0202 財,00000,全国,1980000101,1980年1月,78.3,
1,指数,0202,0202 財,00000,全国,1979001212,1979年12月,77.5,
1,指数,0202,0202 財,00000,全国,1979001111,1979年11月,76.9,
1,指数,0202,0202 財,00000,全国,1979001010,1979年10月,77.5,
1,指数,0202,0202 財,00000,全国,1979000909,1979年9月,76.2,
1,指数,0202,0202 財,00000,全国,1979000808,1979年8月,74.7,
1,指数,0202,0202 財,00000,全国,1979000707,1979年7月,76.1,
1,指数,0202,0202 財,00000,全国,1979000606,1979年6月,75.1,
1,指数,0202,0202 財,00000,全国,1979000505,1979年5月,75.3,
1,指数,0202,0202 財,00000,全国,1979000404,1979年4月,74.3,
1,指数,0202,0202 財,00000,全国,1979000303,1979年3月,73.5,
1,指数,0202,0202 財,00000,全国,1979000202,1979年2月,72.6,
1,指数,0202,0202 財,00000,全国,1979000101,1979年1月,73.0,
1,指数,0202,0202 財,00000,全国,1978001212,1978年12月,73.0,
1,指数,0202,0202 財,00000,全国,1978001111,1978年11月,73.3,
1,指数,0202,0202 財,00000,全国,1978001010,1978年10月,74.6,
1,指数,0202,0202 財,00000,全国,1978000909,1978年9月,74.5,
1,指数,0202,0202 財,00000,全国,1978000808,1978年8月,73.3,
1,指数,0202,0202 財,00000,全国,1978000707,1978年7月,73.2,
1,指数,0202,0202 財,00000,全国,1978000606,1978年6月,72.8,
1,指数,0202,0202 財,00000,全国,1978000505,1978年5月,73.6,
1,指数,0202,0202 財,00000,全国,1978000404,1978年4月,73.1,
1,指数,0202,0202 財,00000,全国,1978000303,1978年3月,72.7,
1,指数,0202,0202 財,00000,全国,1978000202,1978年2月,71.9,
1,指数,0202,0202 財,00000,全国,1978000101,1978年1月,71.7,
1,指数,0202,0202 財,00000,全国,1977001212,1977年12月,71.3,
1,指数,0202,0202 財,00000,全国,1977001111,1977年11月,71.7,
1,指数,0202,0202 財,00000,全国,1977001010,1977年10月,73.0,
1,指数,0202,0202 財,00000,全国,1977000909,1977年9月,72.6,
1,指数,0202,0202 財,00000,全国,1977000808,1977年8月,70.8,
1,指数,0202,0202 財,00000,全国,1977000707,1977年7月,70.8,
1,指数,0202,0202 財,00000,全国,1977000606,1977年6月,71.2,
1,指数,0202,0202 財,00000,全国,1977000505,1977年5月,71.9,
1,指数,0202,0202 財,00000,全国,1977000404,1977年4月,71.3,
1,指数,0202,0202 財,00000,全国,1977000303,1977年3月,71.0,
1,指数,0202,0202 財,00000,全国,1977000202,1977年2月,70.4,
1,指数,0202,0202 財,00000,全国,1977000101,1977年1月,70.0,
1,指数,0202,0202 財,00000,全国,1976001212,1976年12月,69.2,
1,指数,0202,0202 財,00000,全国,1976001111,1976年11月,69.0,
1,指数,0202,0202 財,00000,全国,1976001010,1976年10月,69.6,
1,指数,0202,0202 財,00000,全国,1976000909,1976年9月,69.0,
1,指数,0202,0202 財,00000,全国,1976000808,1976年8月,66.7,
1,指数,0202,0202 財,00000,全国,1976000707,1976年7月,67.5,
1,指数,0202,0202 財,00000,全国,1976000606,1976年6月,67.1,
1,指数,0202,0202 財,00000,全国,1976000505,1976年5月,67.2,
1,指数,0202,0202 財,00000,全国,1976000404,1976年4月,67.1,
1,指数,0202,0202 財,00000,全国,1976000303,1976年3月,66.1,
1,指数,0202,0202 財,00000,全国,1976000202,1976年2月,65.7,
1,指数,0202,0202 財,00000,全国,1976000101,1976年1月,65.5,
1,指数,0202,0202 財,00000,全国,1975001212,1975年12月,64.1,
1,指数,0202,0202 財,00000,全国,1975001111,1975年11月,64.3,
1,指数,0202,0202 財,00000,全国,1975001010,1975年10月,64.9,
1,指数,0202,0202 財,00000,全国,1975000909,1975年9月,63.5,
1,指数,0202,0202 財,00000,全国,1975000808,1975年8月,61.6,
1,指数,0202,0202 財,00000,全国,1975000707,1975年7月,61.9,
1,指数,0202,0202 財,00000,全国,1975000606,1975年6月,61.9,
1,指数,0202,0202 財,00000,全国,1975000505,1975年5月,62.1,
1,指数,0202,0202 財,00000,全国,1975000404,1975年4月,61.9,
1,指数,0202,0202 財,00000,全国,1975000303,1975年3月,61.5,
1,指数,0202,0202 財,00000,全国,1975000202,1975年2月,60.8,
1,指数,0202,0202 財,00000,全国,1975000101,1975年1月,60.8,
1,指数,0202,0202 財,00000,全国,1974001212,1974年12月,60.3,
1,指数,0202,0202 財,00000,全国,1974001111,1974年11月,60.2,
1,指数,0202,0202 財,00000,全国,1974001010,1974年10月,59.9,
1,指数,0202,0202 財,00000,全国,1974000909,1974年9月,58.9,
1,指数,0202,0202 財,00000,全国,1974000808,1974年8月,57.8,
1,指数,0202,0202 財,00000,全国,1974000707,1974年7月,57.2,
1,指数,0202,0202 財,00000,全国,1974000606,1974年6月,55.8,
1,指数,0202,0202 財,00000,全国,1974000505,1974年5月,55.4,
1,指数,0202,0202 財,00000,全国,1974000404,1974年4月,55.6,
1,指数,0202,0202 財,00000,全国,1974000303,1974年3月,54.2,
1,指数,0202,0202 財,00000,全国,1974000202,1974年2月,53.9,
1,指数,0202,0202 財,00000,全国,1974000101,1974年1月,52.0,
1,指数,0202,0202 財,00000,全国,1973001212,1973年12月,49.4,
1,指数,0202,0202 財,00000,全国,1973001111,1973年11月,47.4,
1,指数,0202,0202 財,00000,全国,1973001010,1973年10月,47.1,
1,指数,0202,0202 財,00000,全国,1973000909,1973年9月,46.7,
1,指数,0202,0202 財,00000,全国,1973000808,1973年8月,45.1,
1,指数,0202,0202 財,00000,全国,1973000707,1973年7月,44.4,
1,指数,0202,0202 財,00000,全国,1973000606,1973年6月,44.1,
1,指数,0202,0202 財,00000,全国,1973000505,1973年5月,44.4,
1,指数,0202,0202 財,00000,全国,1973000404,1973年4月,43.5,
1,指数,0202,0202 財,00000,全国,1973000303,1973年3月,42.8,
1,指数,0202,0202 財,00000,全国,1973000202,1973年2月,41.4,
1,指数,0202,0202 財,00000,全国,1973000101,1973年1月,41.1,
1,指数,0202,0202 財,00000,全国,1972001212,1972年12月,40.7,
1,指数,0202,0202 財,00000,全国,1972001111,1972年11月,40.4,
1,指数,0202,0202 財,00000,全国,1972001010,1972年10月,40.7,
1,指数,0202,0202 財,00000,全国,1972000909,1972年9月,40.4,
1,指数,0202,0202 財,00000,全国,1972000808,1972年8月,40.0,
1,指数,0202,0202 財,00000,全国,1972000707,1972年7月,39.7,
1,指数,0202,0202 財,00000,全国,1972000606,1972年6月,39.7,
1,指数,0202,0202 財,00000,全国,1972000505,1972年5月,39.7,
1,指数,0202,0202 財,00000,全国,1972000404,1972年4月,39.7,
1,指数,0202,0202 財,00000,全国,1972000303,1972年3月,39.4,
1,指数,0202,0202 財,00000,全国,1972000202,1972年2月,39.0,
1,指数,0202,0202 財,00000,全国,1972000101,1972年1月,39.0,
1,指数,0202,0202 財,00000,全国,1971001212,1971年12月,39.0,
1,指数,0202,0202 財,00000,全国,1971001111,1971年11月,39.1,
1,指数,0202,0202 財,00000,全国,1971001010,1971年10月,39.7,
1,指数,0202,0202 財,00000,全国,1971000909,1971年9月,39.7,
1,指数,0202,0202 財,00000,全国,1971000808,1971年8月,38.3,
1,指数,0202,0202 財,00000,全国,1971000707,1971年7月,38.3,
1,指数,0202,0202 財,00000,全国,1971000606,1971年6月,38.5,
1,指数,0202,0202 財,00000,全国,1971000505,1971年5月,38.3,
1,指数,0202,0202 財,00000,全国,1971000404,1971年4月,38.3,
1,指数,0202,0202 財,00000,全国,1971000303,1971年3月,38.1,
1,指数,0202,0202 財,00000,全国,1971000202,1971年2月,38.1,
1,指数,0202,0202 財,00000,全国,1971000101,1971年1月,38.1,
1,指数,0202,0202 財,00000,全国,1970001212,1970年12月,37.7,
1,指数,0202,0202 財,00000,全国,1970001111,1970年11月,37.5,
1,指数,0202,0202 財,00000,全国,1970001010,1970年10月,37.5,
1,指数,0202,0202 財,00000,全国,1970000909,1970年9月,36.7,
1,指数,0202,0202 財,00000,全国,1970000808,1970年8月,35.9,
1,指数,0202,0202 財,00000,全国,1970000707,1970年7月,36.2,
1,指数,0202,0202 財,00000,全国,1970000606,1970年6月,36.4,
1,指数,0202,0202 財,00000,全国,1970000505,1970年5月,36.4,
1,指数,0202,0202 財,00000,全国,1970000404,1970年4月,36.7,
1,指数,0202,0202 財,00000,全国,1970000303,1970年3月,36.4,
1,指数,0202,0202 財,00000,全国,1970000202,1970年2月,36.1,
1,指数,0202,0202 財,00000,全国,1970000101,1970年1月,35.9,
1,指数,0220,0220 サービス,00000,全国,2026000808,2026年8月,104.9,
1,指数,0220,0220 サービス,00000,全国,2026000707,2026年7月,104.3,
1,指数,0220,0220 サービス,00000,全国,2026000606,2026年6月,103.9,
1,指数,0220,0220 サービス,00000,全国,2026000505,2026年5月,103.9,
1,指数,0220,0220 サービス,00000,全国,2026000404,2026年4月,103.7,
1,指数,0220,0220 サービス,00000,全国,2026000303,2026年3月,104.2,
1,指数,0220,0220 サービス,00000,全国,2026000202,2026年2月,103.8,
1,指数,0220,0220 サービス,00000,全国,2026000101,2026年1月,103.7,
1,指数,0220,0220 サービス,00000,全国,2025001212,2025年12月,103.9,
1,指数,0220,0220 サービス,00000,全国,2025001111,2025年11月,103.9,
1,指数,0220,0220 サービス,00000,全国,2025001010,2025年10月,103.8,
1,指数,0220,0220 サービス,00000,全国,2025000909,2025年9月,103.2,
1,指数,0220,0220 サービス,00000,全国,2025000808,2025年8月,103.8,
1,指数,0220,0220 サービス,00000,全国,2025000707,2025年7月,103.2,
1,指数,0220,0220 サービス,00000,全国,2025000606,2025年6月,102.9,
1,指数,0220,0220 サービス,00000,全国,2025000505,2025年5月,102.8,
1,指数,0220,0220 サービス,00000,全国,2025000404,2025年4月,102.7,
1,指数,0220,0220 サービス,00000,全国,2025000303,2025年3月,102.7,
1,指数,0220,0220 サービス,00000,全国,2025000202,2025年2月,102.4,
1,指数,0220,0220 サービス,00000,全国,2025000101,2025年1月,102.3,
1,指数,0220,0220 サービス,00000,全国,2024001212,2024年12月,102.4,
1,指数,0220,0220 サービス,00000,全国,2024001111,2024年11月,102.2,
1,指数,0220,0220 サービス,00000,全国,2024001010,2024年10月,102.2,
1,指数,0220,0220 サービス,00000,全国,2024000909,2024年9月,101.8,
1,指数,0220,0220 サービス,00000,全国,2024000808,2024年8月,102.2,
1,指数,0220,0220 サービス,00000,全国,2024000707,2024年7月,101.7,
1,指数,0220,0220 サービス,00000,全国,2024000606,2024年6月,101.4,
1,指数,0220,0220 サービス,00000,全国,2024000505,2024年5月,101.4,
1,指数,0220,0220 サービス,00000,全国,2024000404,2024年4月,101.4,
1,指数,0220,0220 サービス,00000,全国,2024000303,2024年3月,101.3,
1,指数,0220,0220 サービス,00000,全国,2024000202,2024年2月,101.1,
1,指数,0220,0220 サービス,00000,全国,2024000101,2024年1月,100.9,
1,指数,0220,0220 サービス,00000,全国,2023001212,2023年12月,100.8,
1,指数,0220,0220 サービス,00000,全国,2023001111,2023年11月,100.7,
1,指数,0220,0220 サービス,00000,全国,2023001010,2023年10月,100.6,
1,指数,0220,0220 サービス,00000,全国,2023000909,2023年9月,100.4,
1,指数,0220,0220 サービス,00000,全国,2023000808,2023年8月,100.8,
1,指数,0220,0220 サービス,00000,全国,2023000707,2023年7月,100.3,
1,指数,0220,0220 サービス,00000,全国,2023000606,2023年6月,99.6,
1,指数,0220,0220 サービス,00000,全国,2023000505,2023年5月,99.9,
1,指数,0220,0220 サービス,00000,全国,2023000404,2023年4月,99.7,
1,指数,0220,0220 サービス,00000,全国,2023000303,2023年3月,99.3,
1,指数,0220,0220 サービス,00000,全国,2023000202,2023年2月,98.9,
1,指数,0220,0220 サービス,00000,全国,2023000101,2023年1月,98.7,
1,指数,0220,0220 サービス,00000,全国,2022001212,2022年12月,98.6,
1,指数,0220,0220 サービス,00000,全国,2022001111,2022年11月,98.4,
1,指数,0220,0220 サービス,00000,全国,2022001010,2022年10月,98.5,
1,指数,0220,0220 サービス,00000,全国,2022000909,2022年9月,98.4,
1,指数,0220,0220 サービス,00000,全国,2022000808,2022年8月,98.8,
1,指数,0220,0220 サービス,00000,全国,2022000707,2022年7月,98.4,
1,指数,0220,0220 サービス,00000,全国,2022000606,2022年6月,98.1,
1,指数,0220,0220 サービス,00000,全国,2022000505,2022年5月,98.2,
1,指数,0220,0220 サービス,00000,全国,2022000404,2022年4月,98.0,
1,指数,0220,0220 サービス,00000,全国,2022000303,2022年3月,97.8,
1,指数,0220,0220 サービス,00000,全国,2022000202,2022年2月,97.7,
1,指数,0220,0220 サービス,00000,全国,2022000101,2022年1月,97.6,
1,指数,0220,0220 サービス,00000,全国,2021001212,2021年12月,97.8,
1,指数,0220,0220 サービス,00000,全国,2021001111,2021年11月,97.7,
1,指数,0220,0220 サービス,00000,全国,2021001010,2021年10月,97.7,
1,指数,0220,0220 サービス,00000,全国,2021000909,2021年9月,98.2,
1,指数,0220,0220 サービス,00000,全国,2021000808,2021年8月,98.6,
1,指数,0220,0220 サービス,00000,全国,2021000707,2021年7月,98.6,
1,指数,0220,0220 サービス,00000,全国,2021000606,2021年6月,98.4,
1,指数,0220,0220 サービス,00000,全国,2021000505,2021年5月,98.5,
1,指数,0220,0220 サービス,00000,全国,2021000404,2021年4月,98.3,
1,指数,0220,0220 サービス,00000,全国,2021000303,2021年3月,100.3,
1,指数,0220,0220 サービス,00000,全国,2021000202,2021年2月,100.3,
1,指数,0220,0220 サービス,00000,全国,2021000101,2021年1月,100.4,
1,指数,0220,0220 サービス,00000,全国,2020001212,2020年12月,99.7,
1,指数,0220,0220 サービス,00000,全国,2020001111,2020年11月,99.5,
1,指数,0220,0220 サービス,00000,全国,2020001010,2020年10月,99.5,
1,指数,0220,0220 サービス,00000,全国,2020000909,2020年9月,99.6,
1,指数,0220,0220 サービス,00000,全国,2020000808,2020年8月,99.9,
1,指数,0220,0220 サービス,00000,全国,2020000707,2020年7月,100.1,
1,指数,0220,0220 サービス,00000,全国,2020000606,2020年6月,100.0,
1,指数,0220,0220 サービス,00000,全国,2020000505,2020年5月,100.3,
1,指数,0220,0220 サービス,00000,全国,2020000404,2020年4月,100.2,
1,指数,0220,0220 サービス,00000,全国,2020000303,2020年3月,100.5,
1,指数,0220,0220 サービス,00000,全国,2020000202,2020年2月,100.4,
1,指数,0220,0220 サービス,00000,全国,2020000101,2020年1月,100.4,
1,指数,0220,0220 サービス,00000,全国,2019001212,2019年12月,100.5,
1,指数,0220,0220 サービス,00000,全国,2019001111,2019年11月,100.4,
1,指数,0220,0220 サービス,00000,全国,2019001010,2019年10月,100.4,
1,指数,0220,0220 サービス,00000,全国,2019000909,2019年9月,100.5,
1,指数,0220,0220 サービス,00000,全国,2019000808,2019年8月,101.0,
1,指数,0220,0220 サービス,00000,全国,2019000707,2019年7月,100.5,
1,指数,0220,0220 サービス,00000,全国,2019000606,2019年6月,100.4,
1,指数,0220,0220 サービス,00000,全国,2019000505,2019年5月,100.6,
1,指数,0220,0220 サービス,00000,全国,2019000404,2019年4月,100.7,
1,指数,0220,0220 サービス,00000,全国,2019000303,2019年3月,100.4,
1,指数,0220,0220 サービス,00000,全国,2019000202,2019年2月,100.4,
1,指数,0220,0220 サービス,00000,全国,2019000101,2019年1月,100.3,
1,指数,0220,0220 サービス,00000,全国,2018001212,2018年12月,100.4,
1,指数,0220,0220 サービス,00000,全国,2018001111,2018年11月,100.4,
1,指数,0220,0220 サービス,00000,全国,2018001010,2018年10月,100.4,
1,指数,0220,0220 サービス,00000,全国,2018000909,2018年9月,100.2,
1,指数,0220,0220 サービス,00000,全国,2018000808,2018年8月,100.8,
1,指数,0220,0220 サービス,00000,全国,2018000707,2018年7月,100.2,
1,指数,0220,0220 サービス,00000,全国,2018000606,2018年6月,100.1,
1,指数,0220,0220 サービス,00000,全国,2018000505,2018年5月,100.2,
1,指数,0220,0220 サービス,00000,全国,2018000404,2018年4月,100.2,
1,指数,0220,0220 サービス,00000,全国,2018000303,2018年3月,100.0,
1,指数,0220,0220 サービス,00000,全国,2018000202,2018年2月,100.0,
1,指数,0220,0220 サービス,00000,全国,2018000101,2018年1月,99.8,
1,指数,0220,0220 サービス,00000,全国,2017001212,2017年12月,100.1,
1,指数,0220,0220 サービス,00000,全国,2017001111,2017年11月,100.1,
1,指数,0220,0220 サービス,00000,全国,2017001010,2017年10月,100.1,
1,指数,0220,0220 サービス,00000,全国,2017000909,2017年9月,100.0,
1,指数,0220,0220 サービス,00000,全国,2017000808,2017年8月,100.3,
1,指数,0220,0220 サービス,00000,全国,2017000707,2017年7月,100.0,
1,指数,0220,0220 サービス,00000,全国,2017000606,2017年6月,99.8,
1,指数,0220,0220 サービス,00000,全国,2017000505,2017年5月,100.0,
1,指数,0220,0220 サービス,00000,全国,2017000404,2017年4月,99.9,
1,指数,0220,0220 サービス,00000,全国,2017000303,2017年3月,99.8,
1,指数,0220,0220 サービス,00000,全国,2017000202,2017年2月,99.7,
1,指数,0220,0220 サービス,00000,全国,2017000101,2017年1月,99.7,
1,指数,0220,0220 サービス,00000,全国,2016001212,2016年12月,100.0,
1,指数,0220,0220 サービス,00000,全国,2016001111,2016年11月,100.0,
1,指数,0220,0220 サービス,00000,全国,2016001010,2016年10月,100.1,
1,指数,0220,0220 サービス,00000,全国,2016000909,2016年9月,100.0,
1,指数,0220,0220 サービス,00000,全国,2016000808,2016年8月,100.3,
1,指数,0220,0220 サービス,00000,全国,2016000707,2016年7月,100.0,
1,指数,0220,0220 サービス,00000,全国,2016000606,2016年6月,100.0,
1,指数,0220,0220 サービス,00000,全国,2016000505,2016年5月,100.0,
1,指数,0220,0220 サービス,00000,全国,2016000404,2016年4月,100.0,
1,指数,0220,0220 サービス,00000,全国,2016000303,2016年3月,99.8,
1,指数,0220,0220 サービス,00000,全国,2016000202,2016年2月,99.6,
1,指数,0220,0220 サービス,00000,全国,2016000101,2016年1月,99.5,
1,指数,0220,0220 サービス,00000,全国,2015001212,2015年12月,99.8,
1,指数,0220,0220 サービス,00000,全国,2015001111,2015年11月,99.8,
1,指数,0220,0220 サービス,00000,全国,2015001010,2015年10月,99.9,
1,指数,0220,0220 サービス,00000,全国,2015000909,2015年9月,99.7,
1,指数,0220,0220 サービス,00000,全国,2015000808,2015年8月,100.1,
1,指数,0220,0220 サービス,00000,全国,2015000707,2015年7月,99.7,
1,指数,0220,0220 サービス,00000,全国,2015000606,2015年6月,99.6,
1,指数,0220,0220 サービス,00000,全国,2015000505,2015年5月,99.6,
1,指数,0220,0220 サービス,00000,全国,2015000404,2015年4月,99.6,
1,指数,0220,0220 サービス,00000,全国,2015000303,2015年3月,99.4,
1,指数,0220,0220 サービス,00000,全国,2015000202,2015年2月,99.2,
1,指数,0220,0220 サービス,00000,全国,2015000101,2015年1月,99.2,
1,指数,0220,0220 サービス,00000,全国,2014001212,2014年12月,99.4,
1,指数,0220,0220 サービス,00000,全国,2014001111,2014年11月,99.3,
1,指数,0220,0220 サービス,00000,全国,2014001010,2014年10月,99.5,
1,指数,0220,0220 サービス,00000,全国,2014000909,2014年9月,99.3,
1,指数,0220,0220 サービス,00000,全国,2014000808,2014年8月,99.7,
1,指数,0220,0220 サービス,00000,全国,2014000707,2014年7月,99.3,
1,指数,0220,0220 サービス,00000,全国,2014000606,2014年6月,99.0,
1,指数,0220,0220 サービス,00000,全国,2014000505,2014年5月,99.1,
1,指数,0220,0220 サービス,00000,全国,2014000404,2014年4月,99.1,
1,指数,0220,0220 サービス,00000,全国,2014000303,2014年3月,97.7,
1,指数,0220,0220 サービス,00000,全国,2014000202,2014年2月,97.5,
1,指数,0220,0220 サービス,00000,全国,2014000101,2014年1月,97.4,
1,指数,0220,0220 サービス,00000,全国,2013001212,2013年12月,97.7,
1,指数,0220,0220 サービス,00000,全国,2013001111,2013年11月,97.7,
1,指数,0220,0220 サービス,00000,全国,2013001010,2013年10月,97.7,
1,指数,0220,0220 サービス,00000,全国,2013000909,2013年9月,97.4,
1,指数,0220,0220 サービス,00000,全国,2013000808,2013年8月,97.9,
1,指数,0220,0220 サービス,00000,全国,2013000707,2013年7月,97.5,
1,指数,0220,0220 サービス,00000,全国,2013000606,2013年6月,97.3,
1,指数,0220,0220 サービス,00000,全国,2013000505,2013年5月,97.4,
1,指数,0220,0220 サービス,00000,全国,2013000404,2013年4月,97.4,
1,指数,0220,0220 サービス,00000,全国,2013000303,2013年3月,97.0,
1,指数,0220,0220 サービス,00000,全国,2013000202,2013年2月,96.9,
1,指数,0220,0220 サービス,00000,全国,2013000101,2013年1月,97.0,
1,指数,0220,0220 サービス,00000,全国,2012001212,2012年12月,97.1,
1,指数,0220,0220 サービス,00000,全国,2012001111,2012年11月,97.1,
1,指数,0220,0220 サービス,00000,全国,2012001010,2012年10月,97.4,
1,指数,0220,0220 サービス,00000,全国,2012000909,2012年9月,97.4,
1,指数,0220,0220 サービス,00000,全国,2012000808,2012年8月,97.9,
1,指数,0220,0220 サービス,00000,全国,2012000707,2012年7月,97.4,
1,指数,0220,0220 サービス,00000,全国,2012000606,2012年6月,97.3,
1,指数,0220,0220 サービス,00000,全国,2012000505,2012年5月,97.4,
1,指数,0220,0220 サービス,00000,全国,2012000404,2012年4月,97.3,
1,指数,0220,0220 サービス,00000,全国,2012000303,2012年3月,97.2,
1,指数,0220,0220 サービス,00000,全国,2012000202,2012年2月,97.0,
1,指数,0220,0220 サービス,00000,全国,2012000101,2012年1月,97.2,
1,指数,0220,0220 サービス,00000,全国,2011001212,2011年12月,97.3,
1,指数,0220,0220 サービス,00000,全国,2011001111,2011年11月,97.2,
1,指数,0220,0220 サービス,00000,全国,2011001010,2011年10月,97.6,
1,指数,0220,0220 サービス,00000,全国,2011000909,2011年9月,97.6,
1,指数,0220,0220 サービス,00000,全国,2011000808,2011年8月,97.9,
1,指数,0220,0220 サービス,00000,全国,2011000707,2011年7月,97.5,
1,指数,0220,0220 サービス,00000,全国,2011000606,2011年6月,97.3,
1,指数,0220,0220 サービス,00000,全国,2011000505,2011年5月,97.4,
1,指数,0220,0220 サービス,00000,全国,2011000404,2011年4月,97.3,
1,指数,0220,0220 サービス,00000,全国,2011000303,2011年3月,97.2,
1,指数,0220,0220 サービス,00000,全国,2011000202,2011年2月,97.1,
1,指数,0220,0220 サービス,00000,全国,2011000101,2011年1月,97.1,
1,指数,0220,0220 サービス,00000,全国,2010001212,2010年12月,97.3,
1,指数,0220,0220 サービス,00000,全国,2010001111,2010年11月,97.2,
1,指数,0220,0220 サービス,00000,全国,2010001010,2010年10月,97.5,
1,指数,0220,0220 サービス,00000,全国,2010000909,2010年9月,97.1,
1,指数,0220,0220 サービス,00000,全国,2010000808,2010年8月,97.6,
1,指数,0220,0220 サービス,00000,全国,2010000707,2010年7月,97.1,
1,指数,0220,0220 サービス,00000,全国,2010000606,2010年6月,97.0,
1,指数,0220,0220 サービス,00000,全国,2010000505,2010年5月,97.0,
1,指数,0220,0220 サービス,00000,全国,2010000404,2010年4月,97.0,
1,指数,0220,0220 サービス,00000,全国,2010000303,2010年3月,97.6,
1,指数,0220,0220 サービス,00000,全国,2010000202,2010年2月,97.4,
1,指数,0220,0220 サービス,00000,全国,2010000101,2010年1月,97.4,
1,指数,0220,0220 サービス,00000,全国,2009001212,2009年12月,98.1,
1,指数,0220,0220 サービス,00000,全国,2009001111,2009年11月,98.0,
1,指数,0220,0220 サービス,00000,全国,2009001010,2009年10月,98.1,
1,指数,0220,0220 サービス,00000,全国,2009000909,2009年9月,98.2,
1,指数,0220,0220 サービス,00000,全国,2009000808,2009年8月,98.5,
1,指数,0220,0220 サービス,00000,全国,2009000707,2009年7月,98.3,
1,指数,0220,0220 サービス,00000,全国,2009000606,2009年6月,98.2,
1,指数,0220,0220 サービス,00000,全国,2009000505,2009年5月,98.3,
1,指数,0220,0220 サービス,00000,全国,2009000404,2009年4月,98.2,
1,指数,0220,0220 サービス,00000,全国,2009000303,2009年3月,98.4,
1,指数,0220,0220 サービス,00000,全国,2009000202,2009年2月,98.2,
1,指数,0220,0220 サービス,00000,全国,2009000101,2009年1月,98.3,
1,指数,0220,0220 サービス,00000,全国,2008001212,2008年12月,98.4,
1,指数,0220,0220 サービス,00000,全国,2008001111,2008年11月,98.4,
1,指数,0220,0220 サービス,00000,全国,2008001010,2008年10月,98.5,
1,指数,0220,0220 サービス,00000,全国,2008000909,2008年9月,98.5,
1,指数,0220,0220 サービス,00000,全国,2008000808,2008年8月,98.9,
1,指数,0220,0220 サービス,00000,全国,2008000707,2008年7月,98.5,
1,指数,0220,0220 サービス,00000,全国,2008000606,2008年6月,98.4,
1,指数,0220,0220 サービス,00000,全国,2008000505,2008年5月,98.3,
1,指数,0220,0220 サービス,00000,全国,2008000404,2008年4月,98.2,
1,指数,0220,0220 サービス,00000,全国,2008000303,2008年3月,98.2,
1,指数,0220,0220 サービス,00000,全国,2008000202,2008年2月,98.0,
1,指数,0220,0220 サービス,00000,全国,2008000101,2008年1月,98.1,
1,指数,0220,0220 サービス,00000,全国,2007001212,2007年12月,98.2,
1,指数,0220,0220 サービス,00000,全国,2007001111,2007年11月,98.0,
1,指数,0220,0220 サービス,00000,全国,2007001010,2007年10月,98.2,
1,指数,0220,0220 サービス,00000,全国,2007000909,2007年9月,98.2,
1,指数,0220,0220 サービス,00000,全国,2007000808,2007年8月,98.5,
1,指数,0220,0220 サービス,00000,全国,2007000707,2007年7月,98.1,
1,指数,0220,0220 サービス,00000,全国,2007000606,2007年6月,98.0,
1,指数,0220,0220 サービス,00000,全国,2007000505,2007年5月,98.0,
1,指数,0220,0220 サービス,00000,全国,2007000404,2007年4月,97.9,
1,指数,0220,0220 サービス,00000,全国,2007000303,2007年3月,97.7,
1,指数,0220,0220 サービス,00000,全国,2007000202,2007年2月,97.7,
1,指数,0220,0220 サービス,00000,全国,2007000101,2007年1月,97.8,
1,指数,0220,0220 サービス,00000,全国,2006001212,2006年12月,97.9,
1,指数,0220,0220 サービス,00000,全国,2006001111,2006年11月,97.8,
1,指数,0220,0220 サービス,00000,全国,2006001010,2006年10月,98.0,
1,指数,0220,0220 サービス,00000,全国,2006000909,2006年9月,98.0,
1,指数,0220,0220 サービス,00000,全国,2006000808,2006年8月,98.4,
1,指数,0220,0220 サービス,00000,全国,2006000707,2006年7月,98.1,
1,指数,0220,0220 サービス,00000,全国,2006000606,2006年6月,98.0,
1,指数,0220,0220 サービス,00000,全国,2006000505,2006年5月,98.0,
1,指数,0220,0220 サービス,00000,全国,2006000404,2006年4月,97.8,
1,指数,0220,0220 サービス,00000,全国,2006000303,2006年3月,97.8,
1,指数,0220,0220 サービス,00000,全国,2006000202,2006年2月,97.6,
1,指数,0220,0220 サービス,00000,全国,2006000101,2006年1月,97.7,
1,指数,0220,0220 サービス,00000,全国,2005001212,2005年12月,97.9,
1,指数,0220,0220 サービス,00000,全国,2005001111,2005年11月,97.7,
1,指数,0220,0220 サービス,00000,全国,2005001010,2005年10月,98.2,
1,指数,0220,0220 サービス,00000,全国,2005000909,2005年9月,98.2,
1,指数,0220,0220 サービス,00000,全国,2005000808,2005年8月,98.4,
1,指数,0220,0220 サービス,00000,全国,2005000707,2005年7月,98.2,
1,指数,0220,0220 サービス,00000,全国,2005000606,2005年6月,98.0,
1,指数,0220,0220 サービス,00000,全国,2005000505,2005年5月,98.1,
1,指数,0220,0220 サービス,00000,全国,2005000404,2005年4月,97.9,
1,指数,0220,0220 サービス,00000,全国,2005000303,2005年3月,97.9,
1,指数,0220,0220 サービス,00000,全国,2005000202,2005年2月,97.7,
1,指数,0220,0220 サービス,00000,全国,2005000101,2005年1月,97.7,
1,指数,0220,0220 サービス,00000,全国,2004001212,2004年12月,98.0,
1,指数,0220,0220 サービス,00000,全国,2004001111,2004年11月,97.8,
1,指数,0220,0220 サービス,00000,全国,2004001010,2004年10月,98.3,
1,指数,0220,0220 サービス,00000,全国,2004000909,2004年9月,98.4,
1,指数,0220,0220 サービス,00000,全国,2004000808,2004年8月,98.9,
1,指数,0220,0220 サービス,00000,全国,2004000707,2004年7月,98.5,
1,指数,0220,0220 サービス,00000,全国,2004000606,2004年6月,98.3,
1,指数,0220,0220 サービス,00000,全国,2004000505,2004年5月,98.2,
1,指数,0220,0220 サービス,00000,全国,2004000404,2004年4月,98.2,
1,指数,0220,0220 サービス,00000,全国,2004000303,2004年3月,98.2,
1,指数,0220,0220 サービス,00000,全国,2004000202,2004年2月,98.0,
1,指数,0220,0220 サービス,00000,全国,2004000101,2004年1月,98.0,
1,指数,0220,0220 サービス,00000,全国,2003001212,2003年12月,98.3,
1,指数,0220,0220 サービス,00000,全国,2003001111,2003年11月,98.2,
1,指数,0220,0220 サービス,00000,全国,2003001010,2003年10月,98.4,
1,指数,0220,0220 サービス,00000,全国,2003000909,2003年9月,98.5,
1,指数,0220,0220 サービス,00000,全国,2003000808,2003年8月,99.2,
1,指数,0220,0220 サービス,00000,全国,2003000707,2003年7月,98.7,
1,指数,0220,0220 サービス,00000,全国,2003000606,2003年6月,98.4,
1,指数,0220,0220 サービス,00000,全国,2003000505,2003年5月,98.3,
1,指数,0220,0220 サービス,00000,全国,2003000404,2003年4月,98.3,
1,指数,0220,0220 サービス,00000,全国,2003000303,2003年3月,98.0,
1,指数,0220,0220 サービス,00000,全国,2003000202,2003年2月,97.8,
1,指数,0220,0220 サービス,00000,全国,2003000101,2003年1月,97.9,
1,指数,0220,0220 サービス,00000,全国,2002001212,2002年12月,98.1,
1,指数,0220,0220 サービス,00000,全国,2002001111,2002年11月,97.9,
1,指数,0220,0220 サービス,00000,全国,2002001010,2002年10月,98.0,
1,指数,0220,0220 サービス,00000,全国,2002000909,2002年9月,98.1,
1,指数,0220,0220 サービス,00000,全国,2002000808,2002年8月,98.6,
1,指数,0220,0220 サービス,00000,全国,2002000707,2002年7月,98.2,
1,指数,0220,0220 サービス,00000,全国,2002000606,2002年6月,98.0,
1,指数,0220,0220 サービス,00000,全国,2002000505,2002年5月,97.9,
1,指数,0220,0220 サービス,00000,全国,2002000404,2002年4月,98.0,
1,指数,0220,0220 サービス,00000,全国,2002000303,2002年3月,98.0,
1,指数,0220,0220 サービス,00000,全国,2002000202,2002年2月,97.8,
1,指数,0220,0220 サービス,00000,全国,2002000101,2002年1月,97.8,
1,指数,0220,0220 サービス,00000,全国,2001001212,2001年12月,98.0,
1,指数,0220,0220 サービス,00000,全国,2001001111,2001年11月,97.9,
1,指数,0220,0220 サービス,00000,全国,2001001010,2001年10月,98.1,
1,指数,0220,0220 サービス,00000,全国,2001000909,2001年9月,98.1,
1,指数,0220,0220 サービス,00000,全国,2001000808,2001年8月,98.6,
1,指数,0220,0220 サービス,00000,全国,2001000707,2001年7月,98.2,
1,指数,0220,0220 サービス,00000,全国,2001000606,2001年6月,98.0,
1,指数,0220,0220 サービス,00000,全国,2001000505,2001年5月,98.0,
1,指数,0220,0220 サービス,00000,全国,2001000404,2001年4月,98.0,
1,指数,0220,0220 サービス,00000,全国,2001000303,2001年3月,97.8,
1,指数,0220,0220 サービス,00000,全国,2001000202,2001年2月,97.7,
1,指数,0220,0220 サービス,00000,全国,2001000101,2001年1月,97.8,
1,指数,0220,0220 サービス,00000,全国,2000001212,2000年12月,98.0,
1,指数,0220,0220 サービス,00000,全国,2000001111,2000年11月,97.9,
1,指数,0220,0220 サービス,00000,全国,2000001010,2000年10月,98.0,
1,指数,0220,0220 サービス,00000,全国,2000000909,2000年9月,98.2,
1,指数,0220,0220 サービス,00000,全国,2000000808,2000年8月,98.7,
1,指数,0220,0220 サービス,00000,全国,2000000707,2000年7月,98.3,
1,指数,0220,0220 サービス,00000,全国,2000000606,2000年6月,98.1,
1,指数,0220,0220 サービス,00000,全国,2000000505,2000年5月,98.3,
1,指数,0220,0220 サービス,00000,全国,2000000404,2000年4月,97.9,
1,指数,0220,0220 サービス,00000,全国,2000000303,2000年3月,98.0,
1,指数,0220,0220 サービス,00000,全国,2000000202,2000年2月,97.9,
1,指数,0220,0220 サービス,00000,全国,2000000101,2000年1月,97.9,
1,指数,0220,0220 サービス,00000,全国,1999001212,1999年12月,98.1,
1,指数,0220,0220 サービス,00000,全国,1999001111,1999年11月,98.2,
1,指数,0220,0220 サービス,00000,全国,1999001010,1999年10月,98.2,
1,指数,0220,0220 サービス,00000,全国,1999000909,1999年9月,98.2,
1,指数,0220,0220 サービス,00000,全国,1999000808,1999年8月,98.2,
1,指数,0220,0220 サービス,00000,全国,1999000707,1999年7月,98.2,
1,指数,0220,0220 サービス,00000,全国,1999000606,1999年6月,98.2,
1,指数,0220,0220 サービス,00000,全国,1999000505,1999年5月,98.2,
1,指数,0220,0220 サービス,00000,全国,1999000404,1999年4月,98.2,
1,指数,0220,0220 サービス,00000,全国,1999000303,1999年3月,98.0,
1,指数,0220,0220 サービス,00000,全国,1999000202,1999年2月,97.9,
1,指数,0220,0220 サービス,00000,全国,1999000101,1999年1月,98.0,
1,指数,0220,0220 サービス,00000,全国,1998001212,1998年12月,97.9,
1,指数,0220,0220 サービス,00000,全国,1998001111,1998年11月,98.1,
1,指数,0220,0220 サービス,00000,全国,1998001010,1998年10月,98.2,
1,指数,0220,0220 サービス,00000,全国,1998000909,1998年9月,98.1,
1,指数,0220,0220 サービス,00000,全国,1998000808,1998年8月,98.2,
1,指数,0220,0220 サービス,00000,全国,1998000707,1998年7月,98.0,
1,指数,0220,0220 サービス,00000,全国,1998000606,1998年6月,98.1,
1,指数,0220,0220 サービス,00000,全国,1998000505,1998年5月,98.1,
1,指数,0220,0220 サービス,00000,全国,1998000404,1998年4月,98.2,
1,指数,0220,0220 サービス,00000,全国,1998000303,1998年3月,97.9,
1,指数,0220,0220 サービス,00000,全国,1998000202,1998年2月,98.0,
1,指数,0220,0220 サービス,00000,全国,1998000101,1998年1月,98.0,
1,指数,0220,0220 サービス,00000,全国,1997001212,1997年12月,98.0,
1,指数,0220,0220 サービス,00000,全国,1997001111,1997年11月,98.1,
1,指数,0220,0220 サービス,00000,全国,1997001010,1997年10月,98.2,
1,指数,0220,0220 サービス,00000,全国,1997000909,1997年9月,97.9,
1,指数,0220,0220 サービス,00000,全国,1997000808,1997年8月,97.3,
1,指数,0220,0220 サービス,00000,全国,1997000707,1997年7月,97.1,
1,指数,0220,0220 サービス,00000,全国,1997000606,1997年6月,97.1,
1,指数,0220,0220 サービス,00000,全国,1997000505,1997年5月,97.0,
1,指数,0220,0220 サービス,00000,全国,1997000404,1997年4月,96.9,
1,指数,0220,0220 サービス,00000,全国,1997000303,1997年3月,95.5,
1,指数,0220,0220 サービス,00000,全国,1997000202,1997年2月,95.5,
1,指数,0220,0220 サービス,00000,全国,1997000101,1997年1月,95.4,
1,指数,0220,0220 サービス,00000,全国,1996001212,1996年12月,95.3,
1,指数,0220,0220 サービス,00000,全国,1996001111,1996年11月,95.5,
1,指数,0220,0220 サービス,00000,全国,1996001010,1996年10月,95.4,
1,指数,0220,0220 サービス,00000,全国,1996000909,1996年9月,95.4,
1,指数,0220,0220 サービス,00000,全国,1996000808,1996年8月,95.4,
1,指数,0220,0220 サービス,00000,全国,1996000707,1996年7月,95.2,
1,指数,0220,0220 サービス,00000,全国,1996000606,1996年6月,95.2,
1,指数,0220,0220 サービス,00000,全国,1996000505,1996年5月,95.1,
1,指数,0220,0220 サービス,00000,全国,1996000404,1996年4月,95.0,
1,指数,0220,0220 サービス,00000,全国,1996000303,1996年3月,94.8,
1,指数,0220,0220 サービス,00000,全国,1996000202,1996年2月,94.7,
1,指数,0220,0220 サービス,00000,全国,1996000101,1996年1月,94.6,
1,指数,0220,0220 サービス,00000,全国,1995001212,1995年12月,94.5,
1,指数,0220,0220 サービス,00000,全国,1995001111,1995年11月,94.5,
1,指数,0220,0220 サービス,00000,全国,1995001010,1995年10月,94.5,
1,指数,0220,0220 サービス,00000,全国,1995000909,1995年9月,94.4,
1,指数,0220,0220 サービス,00000,全国,1995000808,1995年8月,94.3,
1,指数,0220,0220 サービス,00000,全国,1995000707,1995年7月,94.1,
1,指数,0220,0220 サービス,00000,全国,1995000606,1995年6月,94.1,
1,指数,0220,0220 サービス,00000,全国,1995000505,1995年5月,94.0,
1,指数,0220,0220 サービス,00000,全国,1995000404,1995年4月,94.0,
1,指数,0220,0220 サービス,00000,全国,1995000303,1995年3月,93.7,
1,指数,0220,0220 サービス,00000,全国,1995000202,1995年2月,93.6,
1,指数,0220,0220 サービス,00000,全国,1995000101,1995年1月,93.5,
1,指数,0220,0220 サービス,00000,全国,1994001212,1994年12月,93.3,
1,指数,0220,0220 サービス,00000,全国,1994001111,1994年11月,93.3,
1,指数,0220,0220 サービス,00000,全国,1994001010,1994年10月,93.3,
1,指数,0220,0220 サービス,00000,全国,1994000909,1994年9月,92.9,
1,指数,0220,0220 サービス,00000,全国,1994000808,1994年8月,93.1,
1,指数,0220,0220 サービス,00000,全国,1994000707,1994年7月,93.0,
1,指数,0220,0220 サービス,00000,全国,1994000606,1994年6月,92.9,
1,指数,0220,0220 サービス,00000,全国,1994000505,1994年5月,92.8,
1,指数,0220,0220 サービス,00000,全国,1994000404,1994年4月,92.6,
1,指数,0220,0220 サービス,00000,全国,1994000303,1994年3月,91.9,
1,指数,0220,0220 サービス,00000,全国,1994000202,1994年2月,91.8,
1,指数,0220,0220 サービス,00000,全国,1994000101,1994年1月,91.7,
1,指数,0220,0220 サービス,00000,全国,1993001212,1993年12月,91.6,
1,指数,0220,0220 サービス,00000,全国,1993001111,1993年11月,91.6,
1,指数,0220,0220 サービス,00000,全国,1993001010,1993年10月,91.8,
1,指数,0220,0220 サービス,00000,全国,1993000909,1993年9月,91.7,
1,指数,0220,0220 サービス,00000,全国,1993000808,1993年8月,91.7,
1,指数,0220,0220 サービス,00000,全国,1993000707,1993年7月,91.5,
1,指数,0220,0220 サービス,00000,全国,1993000606,1993年6月,91.4,
1,指数,0220,0220 サービス,00000,全国,1993000505,1993年5月,91.3,
1,指数,0220,0220 サービス,00000,全国,1993000404,1993年4月,91.1,
1,指数,0220,0220 サービス,00000,全国,1993000303,1993年3月,90.3,
1,指数,0220,0220 サービス,00000,全国,1993000202,1993年2月,90.2,
1,指数,0220,0220 サービス,00000,全国,1993000101,1993年1月,90.1,
1,指数,0220,0220 サービス,00000,全国,1992001212,1992年12月,90.0,
1,指数,0220,0220 サービス,00000,全国,1992001111,1992年11月,89.9,
1,指数,0220,0220 サービス,00000,全国,1992001010,1992年10月,89.6,
1,指数,0220,0220 サービス,00000,全国,1992000909,1992年9月,89.7,
1,指数,0220,0220 サービス,00000,全国,1992000808,1992年8月,89.7,
1,指数,0220,0220 サービス,00000,全国,1992000707,1992年7月,89.5,
1,指数,0220,0220 サービス,00000,全国,1992000606,1992年6月,89.5,
1,指数,0220,0220 サービス,00000,全国,1992000505,1992年5月,89.4,
1,指数,0220,0220 サービス,00000,全国,1992000404,1992年4月,89.0,
1,指数,0220,0220 サービス,00000,全国,1992000303,1992年3月,88.0,
1,指数,0220,0220 サービス,00000,全国,1992000202,1992年2月,87.9,
1,指数,0220,0220 サービス,00000,全国,1992000101,1992年1月,87.7,
1,指数,0220,0220 サービス,00000,全国,1991001212,1991年12月,87.4,
1,指数,0220,0220 サービス,00000,全国,1991001111,1991年11月,87.4,
1,指数,0220,0220 サービス,00000,全国,1991001010,1991年10月,87.3,
1,指数,0220,0220 サービス,00000,全国,1991000909,1991年9月,87.1,
1,指数,0220,0220 サービス,00000,全国,1991000808,1991年8月,87.2,
1,指数,0220,0220 サービス,00000,全国,1991000707,1991年7月,87.0,
1,指数,0220,0220 サービス,00000,全国,1991000606,1991年6月,86.8,
1,指数,0220,0220 サービス,00000,全国,1991000505,1991年5月,86.6,
1,指数,0220,0220 サービス,00000,全国,1991000404,1991年4月,86.3,
1,指数,0220,0220 サービス,00000,全国,1991000303,1991年3月,85.7,
1,指数,0220,0220 サービス,00000,全国,1991000202,1991年2月,85.6,
1,指数,0220,0220 サービス,00000,全国,1991000101,1991年1月,85.7,
1,指数,0220,0220 サービス,00000,全国,1990001212,1990年12月,85.3,
1,指数,0220,0220 サービス,00000,全国,1990001111,1990年11月,85.2,
1,指数,0220,0220 サービス,00000,全国,1990001010,1990年10月,85.0,
1,指数,0220,0220 サービス,00000,全国,1990000909,1990年9月,84.8,
1,指数,0220,0220 サービス,00000,全国,1990000808,1990年8月,84.9,
1,指数,0220,0220 サービス,00000,全国,1990000707,1990年7月,84.7,
1,指数,0220,0220 サービス,00000,全国,1990000606,1990年6月,84.5,
1,指数,0220,0220 サービス,00000,全国,1990000505,1990年5月,84.5,
1,指数,0220,0220 サービス,00000,全国,1990000404,1990年4月,84.2,
1,指数,0220,0220 サービス,00000,全国,1990000303,1990年3月,83.3,
1,指数,0220,0220 サービス,00000,全国,1990000202,1990年2月,83.1,
1,指数,0220,0220 サービス,00000,全国,1990000101,1990年1月,83.2,
1,指数,0220,0220 サービス,00000,全国,1989001212,1989年12月,82.8,
1,指数,0220,0220 サービス,00000,全国,1989001111,1989年11月,82.8,
1,指数,0220,0220 サービス,00000,全国,1989001010,1989年10月,82.8,
1,指数,0220,0220 サービス,00000,全国,1989000909,1989年9月,82.6,
1,指数,0220,0220 サービス,00000,全国,1989000808,1989年8月,82.7,
1,指数,0220,0220 サービス,00000,全国,1989000707,1989年7月,82.5,
1,指数,0220,0220 サービス,00000,全国,1989000606,1989年6月,82.5,
1,指数,0220,0220 サービス,00000,全国,1989000505,1989年5月,82.2,
1,指数,0220,0220 サービス,00000,全国,1989000404,1989年4月,81.9,
1,指数,0220,0220 サービス,00000,全国,1989000303,1989年3月,80.3,
1,指数,0220,0220 サービス,00000,全国,1989000202,1989年2月,80.1,
1,指数,0220,0220 サービス,00000,全国,1989000101,1989年1月,80.1,
1,指数,0220,0220 サービス,00000,全国,1988001212,1988年12月,80.0,
1,指数,0220,0220 サービス,00000,全国,1988001111,1988年11月,80.0,
1,指数,0220,0220 サービス,00000,全国,1988001010,1988年10月,79.9,
1,指数,0220,0220 サービス,00000,全国,1988000909,1988年9月,79.8,
1,指数,0220,0220 サービス,00000,全国,1988000808,1988年8月,79.8,
1,指数,0220,0220 サービス,00000,全国,1988000707,1988年7月,79.6,
1,指数,0220,0220 サービス,00000,全国,1988000606,1988年6月,79.6,
1,指数,0220,0220 サービス,00000,全国,1988000505,1988年5月,79.5,
1,指数,0220,0220 サービス,00000,全国,1988000404,1988年4月,79.4,
1,指数,0220,0220 サービス,00000,全国,1988000303,1988年3月,78.9,
1,指数,0220,0220 サービス,00000,全国,1988000202,1988年2月,78.9,
1,指数,0220,0220 サービス,00000,全国,1988000101,1988年1月,78.9,
1,指数,0220,0220 サービス,00000,全国,1987001212,1987年12月,78.8,
1,指数,0220,0220 サービス,00000,全国,1987001111,1987年11月,78.9,
1,指数,0220,0220 サービス,00000,全国,1987001010,1987年10月,78.8,
1,指数,0220,0220 サービス,00000,全国,1987000909,1987年9月,78.7,
1,指数,0220,0220 サービス,00000,全国,1987000808,1987年8月,78.8,
1,指数,0220,0220 サービス,00000,全国,1987000707,1987年7月,78.6,
1,指数,0220,0220 サービス,00000,全国,1987000606,1987年6月,78.6,
1,指数,0220,0220 サービス,00000,全国,1987000505,1987年5月,78.2,
1,指数,0220,0220 サービス,00000,全国,1987000404,1987年4月,78.1,
1,指数,0220,0220 サービス,00000,全国,1987000303,1987年3月,77.6,
1,指数,0220,0220 サービス,00000,全国,1987000202,1987年2月,77.5,
1,指数,0220,0220 サービス,00000,全国,1987000101,1987年1月,77.4,
1,指数,0220,0220 サービス,00000,全国,1986001212,1986年12月,77.3,
1,指数,0220,0220 サービス,00000,全国,1986001111,1986年11月,77.3,
1,指数,0220,0220 サービス,00000,全国,1986001010,1986年10月,77.3,
1,指数,0220,0220 サービス,00000,全国,1986000909,1986年9月,77.1,
1,指数,0220,0220 サービス,00000,全国,1986000808,1986年8月,76.9,
1,指数,0220,0220 サービス,00000,全国,1986000707,1986年7月,76.8,
1,指数,0220,0220 サービス,00000,全国,1986000606,1986年6月,76.8,
1,指数,0220,0220 サービス,00000,全国,1986000505,1986年5月,76.7,
1,指数,0220,0220 サービス,00000,全国,1986000404,1986年4月,76.5,
1,指数,0220,0220 サービス,00000,全国,1986000303,1986年3月,75.9,
1,指数,0220,0220 サービス,00000,全国,1986000202,1986年2月,75.8,
1,指数,0220,0220 サービス,00000,全国,1986000101,1986年1月,75.8,
1,指数,0220,0220 サービス,00000,全国,1985001212,1985年12月,75.7,
1,指数,0220,0220 サービス,00000,全国,1985001111,1985年11月,75.6,
1,指数,0220,0220 サービス,00000,全国,1985001010,1985年10月,75.6,
1,指数,0220,0220 サービス,00000,全国,1985000909,1985年9月,75.3,
1,指数,0220,0220 サービス,00000,全国,1985000808,1985年8月,75.3,
1,指数,0220,0220 サービス,00000,全国,1985000707,1985年7月,75.3,
1,指数,0220,0220 サービス,00000,全国,1985000606,1985年6月,75.2,
1,指数,0220,0220 サービス,00000,全国,1985000505,1985年5月,75.1,
1,指数,0220,0220 サービス,00000,全国,1985000404,1985年4月,74.7,
1,指数,0220,0220 サービス,00000,全国,1985000303,1985年3月,74.1,
1,指数,0220,0220 サービス,00000,全国,1985000202,1985年2月,73.9,
1,指数,0220,0220 サービス,00000,全国,1985000101,1985年1月,73.9,
1,指数,0220,0220 サービス,00000,全国,1984001212,1984年12月,73.5,
1,指数,0220,0220 サービス,00000,全国,1984001111,1984年11月,73.4,
1,指数,0220,0220 サービス,00000,全国,1984001010,1984年10月,73.3,
1,指数,0220,0220 サービス,00000,全国,1984000909,1984年9月,73.0,
1,指数,0220,0220 サービス,00000,全国,1984000808,1984年8月,73.1,
1,指数,0220,0220 サービス,00000,全国,1984000707,1984年7月,73.0,
1,指数,0220,0220 サービス,00000,全国,1984000606,1984年6月,72.8,
1,指数,0220,0220 サービス,00000,全国,1984000505,1984年5月,72.7,
1,指数,0220,0220 サービス,00000,全国,1984000404,1984年4月,72.3,
1,指数,0220,0220 サービス,00000,全国,1984000303,1984年3月,71.5,
1,指数,0220,0220 サービス,00000,全国,1984000202,1984年2月,71.4,
1,指数,0220,0220 サービス,00000,全国,1984000101,1984年1月,71.3,
1,指数,0220,0220 サービス,00000,全国,1983001212,1983年12月,71.2,
1,指数,0220,0220 サービス,00000,全国,1983001111,1983年11月,71.2,
1,指数,0220,0220 サービス,00000,全国,1983001010,1983年10月,71.1,
1,指数,0220,0220 サービス,00000,全国,1983000909,1983年9月,70.9,
1,指数,0220,0220 サービス,00000,全国,1983000808,1983年8月,70.9,
1,指数,0220,0220 サービス,00000,全国,1983000707,1983年7月,70.8,
1,指数,0220,0220 サービス,00000,全国,1983000606,1983年6月,70.8,
1,指数,0220,0220 サービス,00000,全国,1983000505,1983年5月,70.7,
1,指数,0220,0220 サービス,00000,全国,1983000404,1983年4月,70.5,
1,指数,0220,0220 サービス,00000,全国,1983000303,1983年3月,69.7,
1,指数,0220,0220 サービス,00000,全国,1983000202,1983年2月,69.6,
1,指数,0220,0220 サービス,00000,全国,1983000101,1983年1月,69.6,
1,指数,0220,0220 サービス,00000,全国,1982001212,1982年12月,69.5,
1,指数,0220,0220 サービス,00000,全国,1982001111,1982年11月,69.3,
1,指数,0220,0220 サービス,00000,全国,1982001010,1982年10月,69.3,
1,指数,0220,0220 サービス,00000,全国,1982000909,1982年9月,69.2,
1,指数,0220,0220 サービス,00000,全国,1982000808,1982年8月,69.2,
1,指数,0220,0220 サービス,00000,全国,1982000707,1982年7月,69.0,
1,指数,0220,0220 サービス,00000,全国,1982000606,1982年6月,68.9,
1,指数,0220,0220 サービス,00000,全国,1982000505,1982年5月,68.7,
1,指数,0220,0220 サービス,00000,全国,1982000404,1982年4月,68.4,
1,指数,0220,0220 サービス,00000,全国,1982000303,1982年3月,67.7,
1,指数,0220,0220 サービス,00000,全国,1982000202,1982年2月,67.4,
1,指数,0220,0220 サービス,00000,全国,1982000101,1982年1月,67.3,
1,指数,0220,0220 サービス,00000,全国,1981001212,1981年12月,67.1,
1,指数,0220,0220 サービス,00000,全国,1981001111,1981年11月,66.9,
1,指数,0220,0220 サービス,00000,全国,1981001010,1981年10月,66.9,
1,指数,0220,0220 サービス,00000,全国,1981000909,1981年9月,66.8,
1,指数,0220,0220 サービス,00000,全国,1981000808,1981年8月,66.7,
1,指数,0220,0220 サービス,00000,全国,1981000707,1981年7月,66.6,
1,指数,0220,0220 サービス,00000,全国,1981000606,1981年6月,66.5,
1,指数,0220,0220 サービス,00000,全国,1981000505,1981年5月,66.3,
1,指数,0220,0220 サービス,00000,全国,1981000404,1981年4月,65.6,
1,指数,0220,0220 サービス,00000,全国,1981000303,1981年3月,64.7,
1,指数,0220,0220 サービス,00000,全国,1981000202,1981年2月,64.5,
1,指数,0220,0220 サービス,00000,全国,1981000101,1981年1月,64.5,
1,指数,0220,0220 サービス,00000,全国,1980001212,1980年12月,64.1,
1,指数,0220,0220 サービス,00000,全国,1980001111,1980年11月,64.1,
1,指数,0220,0220 サービス,00000,全国,1980001010,1980年10月,63.9,
1,指数,0220,0220 サービス,00000,全国,1980000909,1980年9月,63.8,
1,指数,0220,0220 サービス,00000,全国,1980000808,1980年8月,63.7,
1,指数,0220,0220 サービス,00000,全国,1980000707,1980年7月,63.6,
1,指数,0220,0220 サービス,00000,全国,1980000606,1980年6月,63.3,
1,指数,0220,0220 サービス,00000,全国,1980000505,1980年5月,63.2,
1,指数,0220,0220 サービス,00000,全国,1980000404,1980年4月,62.5,
1,指数,0220,0220 サービス,00000,全国,1980000303,1980年3月,61.4,
1,指数,0220,0220 サービス,00000,全国,1980000202,1980年2月,61.2,
1,指数,0220,0220 サービス,00000,全国,1980000101,1980年1月,61.0,
1,指数,0220,0220 サービス,00000,全国,1979001212,1979年12月,59.5,
1,指数,0220,0220 サービス,00000,全国,1979001111,1979年11月,59.4,
1,指数,0220,0220 サービス,00000,全国,1979001010,1979年10月,59.2,
1,指数,0220,0220 サービス,00000,全国,1979000909,1979年9月,59.1,
1,指数,0220,0220 サービス,00000,全国,1979000808,1979年8月,59.0,
1,指数,0220,0220 サービス,00000,全国,1979000707,1979年7月,58.8,
1,指数,0220,0220 サービス,00000,全国,1979000606,1979年6月,58.7,
1,指数,0220,0220 サービス,00000,全国,1979000505,1979年5月,58.5,
1,指数,0220,0220 サービス,00000,全国,1979000404,1979年4月,58.2,
1,指数,0220,0220 サービス,00000,全国,1979000303,1979年3月,57.1,
1,指数,0220,0220 サービス,00000,全国,1979000202,1979年2月,57.0,
1,指数,0220,0220 サービス,00000,全国,1979000101,1979年1月,56.9,
1,指数,0220,0220 サービス,00000,全国,1978001212,1978年12月,56.7,
1,指数,0220,0220 サービス,00000,全国,1978001111,1978年11月,56.6,
1,指数,0220,0220 サービス,00000,全国,1978001010,1978年10月,56.5,
1,指数,0220,0220 サービス,00000,全国,1978000909,1978年9月,56.5,
1,指数,0220,0220 サービス,00000,全国,1978000808,1978年8月,56.4,
1,指数,0220,0220 サービス,00000,全国,1978000707,1978年7月,56.3,
1,指数,0220,0220 サービス,00000,全国,1978000606,1978年6月,56.0,
1,指数,0220,0220 サービス,00000,全国,1978000505,1978年5月,55.8,
1,指数,0220,0220 サービス,00000,全国,1978000404,1978年4月,55.6,
1,指数,0220,0220 サービス,00000,全国,1978000303,1978年3月,54.5,
1,指数,0220,0220 サービス,00000,全国,1978000202,1978年2月,54.4,
1,指数,0220,0220 サービス,00000,全国,1978000101,1978年1月,54.0,
1,指数,0220,0220 サービス,00000,全国,1977001212,1977年12月,53.7,
1,指数,0220,0220 サービス,00000,全国,1977001111,1977年11月,53.7,
1,指数,0220,0220 サービス,00000,全国,1977001010,1977年10月,53.5,
1,指数,0220,0220 サービス,00000,全国,1977000909,1977年9月,53.3,
1,指数,0220,0220 サービス,00000,全国,1977000808,1977年8月,53.1,
1,指数,0220,0220 サービス,00000,全国,1977000707,1977年7月,53.0,
1,指数,0220,0220 サービス,00000,全国,1977000606,1977年6月,52.9,
1,指数,0220,0220 サービス,00000,全国,1977000505,1977年5月,52.7,
1,指数,0220,0220 サービス,00000,全国,1977000404,1977年4月,51.9,
1,指数,0220,0220 サービス,00000,全国,1977000303,1977年3月,50.4,
1,指数,0220,0220 サービス,00000,全国,1977000202,1977年2月,50.2,
1,指数,0220,0220 サービス,00000,全国,1977000101,1977年1月,50.0,
1,指数,0220,0220 サービス,00000,全国,1976001212,1976年12月,49.7,
1,指数,0220,0220 サービス,00000,全国,1976001111,1976年11月,48.6,
1,指数,0220,0220 サービス,00000,全国,1976001010,1976年10月,48.0,
1,指数,0220,0220 サービス,00000,全国,1976000909,1976年9月,47.7,
1,指数,0220,0220 サービス,00000,全国,1976000808,1976年8月,47.2,
1,指数,0220,0220 サービス,00000,全国,1976000707,1976年7月,46.9,
1,指数,0220,0220 サービス,00000,全国,1976000606,1976年6月,46.7,
1,指数,0220,0220 サービス,00000,全国,1976000505,1976年5月,46.3,
1,指数,0220,0220 サービス,00000,全国,1976000404,1976年4月,45.9,
1,指数,0220,0220 サービス,00000,全国,1976000303,1976年3月,44.3,
1,指数,0220,0220 サービス,00000,全国,1976000202,1976年2月,44.1,
1,指数,0220,0220 サービス,00000,全国,1976000101,1976年1月,43.8,
1,指数,0220,0220 サービス,00000,全国,1975001212,1975年12月,43.3,
1,指数,0220,0220 サービス,00000,全国,1975001111,1975年11月,43.1,
1,指数,0220,0220 サービス,00000,全国,1975001010,1975年10月,42.8,
1,指数,0220,0220 サービス,00000,全国,1975000909,1975年9月,42.6,
1,指数,0220,0220 サービス,00000,全国,1975000808,1975年8月,42.3,
1,指数,0220,0220 サービス,00000,全国,1975000707,1975年7月,42.2,
1,指数,0220,0220 サービス,00000,全国,1975000606,1975年6月,42.0,
1,指数,0220,0220 サービス,00000,全国,1975000505,1975年5月,41.7,
1,指数,0220,0220 サービス,00000,全国,1975000404,1975年4月,41.5,
1,指数,0220,0220 サービス,00000,全国,1975000303,1975年3月,39.9,
1,指数,0220,0220 サービス,00000,全国,1975000202,1975年2月,39.8,
1,指数,0220,0220 サービス,00000,全国,1975000101,1975年1月,39.6,
1,指数,0220,0220 サービス,00000,全国,1974001212,1974年12月,39.1,
1,指数,0220,0220 サービス,00000,全国,1974001111,1974年11月,38.8,
1,指数,0220,0220 サービス,00000,全国,1974001010,1974年10月,38.2,
1,指数,0220,0220 サービス,00000,全国,1974000909,1974年9月,37.1,
1,指数,0220,0220 サービス,00000,全国,1974000808,1974年8月,36.7,
1,指数,0220,0220 サービス,00000,全国,1974000707,1974年7月,36.4,
1,指数,0220,0220 サービス,00000,全国,1974000606,1974年6月,36.1,
1,指数,0220,0220 サービス,00000,全国,1974000505,1974年5月,35.5,
1,指数,0220,0220 サービス,00000,全国,1974000404,1974年4月,35.2,
1,指数,0220,0220 サービス,00000,全国,1974000303,1974年3月,34.3,
1,指数,0220,0220 サービス,00000,全国,1974000202,1974年2月,34.0,
1,指数,0220,0220 サービス,00000,全国,1974000101,1974年1月,33.3,
1,指数,0220,0220 サービス,00000,全国,1973001212,1973年12月,32.7,
1,指数,0220,0220 サービス,00000,全国,1973001111,1973年11月,32.2,
1,指数,0220,0220 サービス,00000,全国,1973001010,1973年10月,31.9,
1,指数,0220,0220 サービス,00000,全国,1973000909,1973年9月,31.9,
1,指数,0220,0220 サービス,00000,全国,1973000808,1973年8月,31.6,
1,指数,0220,0220 サービス,00000,全国,1973000707,1973年7月,31.6,
1,指数,0220,0220 サービス,00000,全国,1973000606,1973年6月,31.3,
1,指数,0220,0220 サービス,00000,全国,1973000505,1973年5月,30.8,
1,指数,0220,0220 サービス,00000,全国,1973000404,1973年4月,30.6,
1,指数,0220,0220 サービス,00000,全国,1973000303,1973年3月,29.9,
1,指数,0220,0220 サービス,00000,全国,1973000202,1973年2月,29.7,
1,指数,0220,0220 サービス,00000,全国,1973000101,1973年1月,29.5,
1,指数,0220,0220 サービス,00000,全国,1972001212,1972年12月,29.3,
1,指数,0220,0220 サービス,00000,全国,1972001111,1972年11月,29.2,
1,指数,0220,0220 サービス,00000,全国,1972001010,1972年10月,29.0,
1,指数,0220,0220 サービス,00000,全国,1972000909,1972年9月,28.8,
1,指数,0220,0220 サービス,00000,全国,1972000808,1972年8月,28.7,
1,指数,0220,0220 サービス,00000,全国,1972000707,1972年7月,28.6,
1,指数,0220,0220 サービス,00000,全国,1972000606,1972年6月,28.4,
1,指数,0220,0220 サービス,00000,全国,1972000505,1972年5月,28.3,
1,指数,0220,0220 サービス,00000,全国,1972000404,1972年4月,28.1,
1,指数,0220,0220 サービス,00000,全国,1972000303,1972年3月,27.6,
1,指数,0220,0220 サービス,00000,全国,1972000202,1972年2月,27.5,
1,指数,0220,0220 サービス,00000,全国,1972000101,1972年1月,27.1,
1,指数,0220,0220 サービス,00000,全国,1971001212,1971年12月,27.0,
1,指数,0220,0220 サービス,00000,全国,1971001111,1971年11月,26.9,
1,指数,0220,0220 サービス,00000,全国,1971001010,1971年10月,26.8,
1,指数,0220,0220 サービス,00000,全国,1971000909,1971年9月,26.7,
1,指数,0220,0220 サービス,00000,全国,1971000808,1971年8月,26.6,
1,指数,0220,0220 サービス,00000,全国,1971000707,1971年7月,26.6,
1,指数,0220,0220 サービス,00000,全国,1971000606,1971年6月,26.5,
1,指数,0220,0220 サービス,00000,全国,1971000505,1971年5月,26.4,
1,指数,0220,0220 サービス,00000,全国,1971000404,1971年4月,26.2,
1,指数,0220,0220 サービス,00000,全国,1971000303,1971年3月,25.6,
1,指数,0220,0220 サービス,00000,全国,1971000202,1971年2月,25.6,
1,指数,0220,0220 サービス,00000,全国,1971000101,1971年1月,25.4,
1,指数,0220,0220 サービス,00000,全国,1970001212,1970年12月,25.3,
1,指数,0220,0220 サービス,00000,全国,1970001111,1970年11月,25.1,
1,指数,0220,0220 サービス,00000,全国,1970001010,1970年10月,25.0,
1,指数,0220,0220 サービス,00000,全国,1970000909,1970年9月,24.8,
1,指数,0220,0220 サービス,00000,全国,1970000808,1970年8月,24.7,
1,指数,0220,0220 サービス,00000,全国,1970000707,1970年7月,24.6,
1,指数,0220,0220 サービス,00000,全国,1970000606,1970年6月,24.6,
1,指数,0220,0220 サービス,00000,全国,1970000505,1970年5月,24.4,
1,指数,0220,0220 サービス,00000,全国,1970000404,1970年4月,24.4,
1,指数,0220,0220 サービス,00000,全国,1970000303,1970年3月,24.0,
1,指数,0220,0220 サービス,00000,全国,1970000202,1970年2月,23.9,
1,指数,0220,0220 サービス,00000,全国,1970000101,1970年1月,23.7,
