cat01_code,cat01_name,cat02_code,cat02_name,area_code,area_name,time_code,time_name,value,unit
30000000,3_鉱物性燃料,130,1月_数量,50103,103_大韓民国,2025000000,2025年,0,
30000000,3_鉱物性燃料,130,1月_数量,50103,103_大韓民国,2024000000,2024年,0,
30000000,3_鉱物性燃料,130,1月_数量,50103,103_大韓民国,2023000000,2023年,0,
30000000,3_鉱物性燃料,130,1月_数量,50103,103_大韓民国,2022000000,2022年,0,
30000000,3_鉱物性燃料,130,1月_数量,50103,103_大韓民国,2021000000,2021年,0,
30000000,3_鉱物性燃料,130,1月_数量,50105,105_中華人民共和国,2025000000,2025年,0,
30000000,3_鉱物性燃料,130,1月_数量,50105,105_中華人民共和国,2024000000,2024年,0,
30000000,3_鉱物性燃料,130,1月_数量,50105,105_中華人民共和国,2023000000,2023年,0,
30000000,3_鉱物性燃料,130,1月_数量,50105,105_中華人民共和国,2022000000,2022年,0,
30000000,3_鉱物性燃料,130,1月_数量,50105,105_中華人民共和国,2021000000,2021年,0,
30000000,3_鉱物性燃料,130,1月_数量,50106,106_台湾,2025000000,2025年,0,
30000000,3_鉱物性燃料,130,1月_数量,50106,106_台湾,2024000000,2024年,0,
30000000,3_鉱物性燃料,130,1月_数量,50106,106_台湾,2023000000,2023年,0,
30000000,3_鉱物性燃料,130,1月_数量,50106,106_台湾,2022000000,2022年,0,
30000000,3_鉱物性燃料,130,1月_数量,50106,106_台湾,2021000000,2021年,0,
30000000,3_鉱物性燃料,130,1月_数量,50108,108_香港,2025000000,2025年,0,
30000000,3_鉱物性燃料,130,1月_数量,50108,108_香港,2024000000,2024年,0,
30000000,3_鉱物性燃料,130,1月_数量,50108,108_香港,2023000000,2023年,0,
30000000,3_鉱物性燃料,130,1月_数量,50108,108_香港,2022000000,2022年,0,
30000000,3_鉱物性燃料,130,1月_数量,50108,108_香港,2021000000,2021年,0,
30000000,3_鉱物性燃料,130,1月_数量,50110,110_ベトナム,2025000000,2025年,0,
30000000,3_鉱物性燃料,130,1月_数量,50110,110_ベトナム,2024000000,2024年,0,
30000000,3_鉱物性燃料,130,1月_数量,50110,110_ベトナム,2023000000,2023年,0,
30000000,3_鉱物性燃料,130,1月_数量,50110,110_ベトナム,2022000000,2022年,0,
30000000,3_鉱物性燃料,130,1月_数量,50110,110_ベトナム,2021000000,2021年,0,
30000000,3_鉱物性燃料,130,1月_数量,50111,111_タイ,2025000000,2025年,0,
30000000,3_鉱物性燃料,130,1月_数量,50111,111_タイ,2024000000,2024年,0,
30000000,3_鉱物性燃料,130,1月_数量,50111,111_タイ,2023000000,2023年,0,
30000000,3_鉱物性燃料,130,1月_数量,50111,111_タイ,2022000000,2022年,0,
30000000,3_鉱物性燃料,130,1月_数量,50111,111_タイ,2021000000,2021年,0,
30000000,3_鉱物性燃料,130,1月_数量,50112,112_シンガポール,2025000000,2025年,0,
30000000,3_鉱物性燃料,130,1月_数量,50112,112_シンガポール,2024000000,2024年,0,
30000000,3_鉱物性燃料,130,1月_数量,50112,112_シンガポール,2023000000,2023年,0,
30000000,3_鉱物性燃料,130,1月_数量,50112,112_シンガポール,2022000000,2022年,0,
30000000,3_鉱物性燃料,130,1月_数量,50112,112_シンガポール,2021000000,2021年,0,
30000000,3_鉱物性燃料,130,1月_数量,50113,113_マレーシア,2025000000,2025年,0,
30000000,3_鉱物性燃料,130,1月_数量,50113,113_マレーシア,2024000000,2024年,0,
30000000,3_鉱物性燃料,130,1月_数量,50113,113_マレーシア,2023000000,2023年,0,
30000000,3_鉱物性燃料,130,1月_数量,50113,113_マレーシア,2022000000,2022年,0,
30000000,3_鉱物性燃料,130,1月_数量,50113,113_マレーシア,2021000000,2021年,0,
30000000,3_鉱物性燃料,130,1月_数量,50116,116_ブルネイ,2025000000,2025年,0,
30000000,3_鉱物性燃料,130,1月_数量,50116,116_ブルネイ,2024000000,2024年,0,
30000000,3_鉱物性燃料,130,1月_数量,50116,116_ブルネイ,2023000000,2023年,0,
30000000,3_鉱物性燃料,130,1月_数量,50116,116_ブルネイ,2022000000,2022年,0,
30000000,3_鉱物性燃料,130,1月_数量,50116,116_ブルネイ,2021000000,2021年,0,
30000000,3_鉱物性燃料,130,1月_数量,50117,117_フィリピン,2025000000,2025年,0,
30000000,3_鉱物性燃料,130,1月_数量,50117,117_フィリピン,2024000000,2024年,0,
30000000,3_鉱物性燃料,130,1月_数量,50117,117_フィリピン,2023000000,2023年,0,
30000000,3_鉱物性燃料,130,1月_数量,50117,117_フィリピン,2022000000,2022年,0,
30000000,3_鉱物性燃料,130,1月_数量,50117,117_フィリピン,2021000000,2021年,0,
30000000,3_鉱物性燃料,130,1月_数量,50118,118_インドネシア,2025000000,2025年,0,
30000000,3_鉱物性燃料,130,1月_数量,50118,118_インドネシア,2024000000,2024年,0,
30000000,3_鉱物性燃料,130,1月_数量,50118,118_インドネシア,2023000000,2023年,0,
30000000,3_鉱物性燃料,130,1月_数量,50118,118_インドネシア,2022000000,2022年,0,
30000000,3_鉱物性燃料,130,1月_数量,50118,118_インドネシア,2021000000,2021年,0,
30000000,3_鉱物性燃料,130,1月_数量,50123,123_インド,2025000000,2025年,0,
30000000,3_鉱物性燃料,130,1月_数量,50123,123_インド,2024000000,2024年,0,
30000000,3_鉱物性燃料,130,1月_数量,50123,123_インド,2023000000,2023年,0,
30000000,3_鉱物性燃料,130,1月_数量,50123,123_インド,2022000000,2022年,0,
30000000,3_鉱物性燃料,130,1月_数量,50123,123_インド,2021000000,2021年,0,
30000000,3_鉱物性燃料,130,1月_数量,50124,124_パキスタン,2025000000,2025年,0,
30000000,3_鉱物性燃料,130,1月_数量,50124,124_パキスタン,2023000000,2023年,0,
30000000,3_鉱物性燃料,130,1月_数量,50124,124_パキスタン,2022000000,2022年,0,
30000000,3_鉱物性燃料,130,1月_数量,50124,124_パキスタン,2021000000,2021年,0,
30000000,3_鉱物性燃料,130,1月_数量,50125,125_スリランカ,2025000000,2025年,0,
30000000,3_鉱物性燃料,130,1月_数量,50125,125_スリランカ,2024000000,2024年,0,
30000000,3_鉱物性燃料,130,1月_数量,50125,125_スリランカ,2023000000,2023年,0,
30000000,3_鉱物性燃料,130,1月_数量,50125,125_スリランカ,2022000000,2022年,0,
30000000,3_鉱物性燃料,130,1月_数量,50125,125_スリランカ,2021000000,2021年,0,
30000000,3_鉱物性燃料,130,1月_数量,50126,126_モルディブ,2022000000,2022年,0,
30000000,3_鉱物性燃料,130,1月_数量,50127,127_バングラデシュ,2024000000,2024年,0,
30000000,3_鉱物性燃料,130,1月_数量,50128,128_東ティモール,2025000000,2025年,0,
30000000,3_鉱物性燃料,130,1月_数量,50128,128_東ティモール,2023000000,2023年,0,
30000000,3_鉱物性燃料,130,1月_数量,50128,128_東ティモール,2022000000,2022年,0,
30000000,3_鉱物性燃料,130,1月_数量,50128,128_東ティモール,2021000000,2021年,0,
30000000,3_鉱物性燃料,130,1月_数量,50134,134_イラク,2025000000,2025年,0,
30000000,3_鉱物性燃料,130,1月_数量,50134,134_イラク,2024000000,2024年,0,
30000000,3_鉱物性燃料,130,1月_数量,50134,134_イラク,2023000000,2023年,0,
30000000,3_鉱物性燃料,130,1月_数量,50134,134_イラク,2021000000,2021年,0,
30000000,3_鉱物性燃料,130,1月_数量,50135,135_バーレーン,2025000000,2025年,0,
30000000,3_鉱物性燃料,130,1月_数量,50135,135_バーレーン,2024000000,2024年,0,
30000000,3_鉱物性燃料,130,1月_数量,50135,135_バーレーン,2023000000,2023年,0,
30000000,3_鉱物性燃料,130,1月_数量,50135,135_バーレーン,2022000000,2022年,0,
30000000,3_鉱物性燃料,130,1月_数量,50135,135_バーレーン,2021000000,2021年,0,
30000000,3_鉱物性燃料,130,1月_数量,50137,137_サウジアラビア,2025000000,2025年,0,
30000000,3_鉱物性燃料,130,1月_数量,50137,137_サウジアラビア,2024000000,2024年,0,
30000000,3_鉱物性燃料,130,1月_数量,50137,137_サウジアラビア,2023000000,2023年,0,
30000000,3_鉱物性燃料,130,1月_数量,50137,137_サウジアラビア,2022000000,2022年,0,
30000000,3_鉱物性燃料,130,1月_数量,50137,137_サウジアラビア,2021000000,2021年,0,
30000000,3_鉱物性燃料,130,1月_数量,50138,138_クウェート,2025000000,2025年,0,
30000000,3_鉱物性燃料,130,1月_数量,50138,138_クウェート,2024000000,2024年,0,
30000000,3_鉱物性燃料,130,1月_数量,50138,138_クウェート,2023000000,2023年,0,
30000000,3_鉱物性燃料,130,1月_数量,50138,138_クウェート,2022000000,2022年,0,
30000000,3_鉱物性燃料,130,1月_数量,50138,138_クウェート,2021000000,2021年,0,
30000000,3_鉱物性燃料,130,1月_数量,50140,140_カタール,2025000000,2025年,0,
30000000,3_鉱物性燃料,130,1月_数量,50140,140_カタール,2024000000,2024年,0,
30000000,3_鉱物性燃料,130,1月_数量,50140,140_カタール,2023000000,2023年,0,
30000000,3_鉱物性燃料,130,1月_数量,50140,140_カタール,2022000000,2022年,0,
30000000,3_鉱物性燃料,130,1月_数量,50140,140_カタール,2021000000,2021年,0,
30000000,3_鉱物性燃料,130,1月_数量,50141,141_オマーン,2025000000,2025年,0,
30000000,3_鉱物性燃料,130,1月_数量,50141,141_オマーン,2024000000,2024年,0,
30000000,3_鉱物性燃料,130,1月_数量,50141,141_オマーン,2023000000,2023年,0,
30000000,3_鉱物性燃料,130,1月_数量,50141,141_オマーン,2022000000,2022年,0,
30000000,3_鉱物性燃料,130,1月_数量,50141,141_オマーン,2021000000,2021年,0,
30000000,3_鉱物性燃料,130,1月_数量,50143,143_イスラエル,2025000000,2025年,0,
30000000,3_鉱物性燃料,130,1月_数量,50143,143_イスラエル,2024000000,2024年,0,
30000000,3_鉱物性燃料,130,1月_数量,50143,143_イスラエル,2023000000,2023年,0,
30000000,3_鉱物性燃料,130,1月_数量,50143,143_イスラエル,2022000000,2022年,0,
30000000,3_鉱物性燃料,130,1月_数量,50143,143_イスラエル,2021000000,2021年,0,
30000000,3_鉱物性燃料,130,1月_数量,50147,147_アラブ首長国連邦,2025000000,2025年,0,
30000000,3_鉱物性燃料,130,1月_数量,50147,147_アラブ首長国連邦,2024000000,2024年,0,
30000000,3_鉱物性燃料,130,1月_数量,50147,147_アラブ首長国連邦,2023000000,2023年,0,
30000000,3_鉱物性燃料,130,1月_数量,50147,147_アラブ首長国連邦,2022000000,2022年,0,
30000000,3_鉱物性燃料,130,1月_数量,50147,147_アラブ首長国連邦,2021000000,2021年,0,
30000000,3_鉱物性燃料,130,1月_数量,50153,153_カザフスタン,2025000000,2025年,0,
30000000,3_鉱物性燃料,130,1月_数量,50153,153_カザフスタン,2024000000,2024年,0,
30000000,3_鉱物性燃料,130,1月_数量,50153,153_カザフスタン,2023000000,2023年,0,
30000000,3_鉱物性燃料,130,1月_数量,50153,153_カザフスタン,2022000000,2022年,0,
30000000,3_鉱物性燃料,130,1月_数量,50153,153_カザフスタン,2021000000,2021年,0,
30000000,3_鉱物性燃料,130,1月_数量,50202,202_ノルウェー,2025000000,2025年,0,
30000000,3_鉱物性燃料,130,1月_数量,50202,202_ノルウェー,2024000000,2024年,0,
30000000,3_鉱物性燃料,130,1月_数量,50202,202_ノルウェー,2023000000,2023年,0,
30000000,3_鉱物性燃料,130,1月_数量,50202,202_ノルウェー,2022000000,2022年,0,
30000000,3_鉱物性燃料,130,1月_数量,50202,202_ノルウェー,2021000000,2021年,0,
30000000,3_鉱物性燃料,130,1月_数量,50203,203_スウェーデン,2025000000,2025年,0,
30000000,3_鉱物性燃料,130,1月_数量,50203,203_スウェーデン,2024000000,2024年,0,
30000000,3_鉱物性燃料,130,1月_数量,50203,203_スウェーデン,2023000000,2023年,0,
30000000,3_鉱物性燃料,130,1月_数量,50203,203_スウェーデン,2022000000,2022年,0,
30000000,3_鉱物性燃料,130,1月_数量,50203,203_スウェーデン,2021000000,2021年,0,
30000000,3_鉱物性燃料,130,1月_数量,50204,204_デンマーク,2025000000,2025年,0,
30000000,3_鉱物性燃料,130,1月_数量,50204,204_デンマーク,2024000000,2024年,0,
30000000,3_鉱物性燃料,130,1月_数量,50204,204_デンマーク,2023000000,2023年,0,
30000000,3_鉱物性燃料,130,1月_数量,50204,204_デンマーク,2022000000,2022年,0,
30000000,3_鉱物性燃料,130,1月_数量,50204,204_デンマーク,2021000000,2021年,0,
30000000,3_鉱物性燃料,130,1月_数量,50205,205_英国,2025000000,2025年,0,
30000000,3_鉱物性燃料,130,1月_数量,50205,205_英国,2024000000,2024年,0,
30000000,3_鉱物性燃料,130,1月_数量,50205,205_英国,2023000000,2023年,0,
30000000,3_鉱物性燃料,130,1月_数量,50205,205_英国,2022000000,2022年,0,
30000000,3_鉱物性燃料,130,1月_数量,50205,205_英国,2021000000,2021年,0,
30000000,3_鉱物性燃料,130,1月_数量,50206,206_アイルランド,2025000000,2025年,0,
30000000,3_鉱物性燃料,130,1月_数量,50206,206_アイルランド,2024000000,2024年,0,
30000000,3_鉱物性燃料,130,1月_数量,50206,206_アイルランド,2023000000,2023年,0,
30000000,3_鉱物性燃料,130,1月_数量,50206,206_アイルランド,2022000000,2022年,0,
30000000,3_鉱物性燃料,130,1月_数量,50206,206_アイルランド,2021000000,2021年,0,
30000000,3_鉱物性燃料,130,1月_数量,50207,207_オランダ,2025000000,2025年,0,
30000000,3_鉱物性燃料,130,1月_数量,50207,207_オランダ,2024000000,2024年,0,
30000000,3_鉱物性燃料,130,1月_数量,50207,207_オランダ,2023000000,2023年,0,
30000000,3_鉱物性燃料,130,1月_数量,50207,207_オランダ,2022000000,2022年,0,
30000000,3_鉱物性燃料,130,1月_数量,50207,207_オランダ,2021000000,2021年,0,
30000000,3_鉱物性燃料,130,1月_数量,50208,208_ベルギー,2025000000,2025年,0,
30000000,3_鉱物性燃料,130,1月_数量,50208,208_ベルギー,2024000000,2024年,0,
30000000,3_鉱物性燃料,130,1月_数量,50208,208_ベルギー,2023000000,2023年,0,
30000000,3_鉱物性燃料,130,1月_数量,50208,208_ベルギー,2022000000,2022年,0,
30000000,3_鉱物性燃料,130,1月_数量,50208,208_ベルギー,2021000000,2021年,0,
30000000,3_鉱物性燃料,130,1月_数量,50209,209_ルクセンブルク,2025000000,2025年,0,
30000000,3_鉱物性燃料,130,1月_数量,50209,209_ルクセンブルク,2021000000,2021年,0,
30000000,3_鉱物性燃料,130,1月_数量,50210,210_フランス,2025000000,2025年,0,
30000000,3_鉱物性燃料,130,1月_数量,50210,210_フランス,2024000000,2024年,0,
30000000,3_鉱物性燃料,130,1月_数量,50210,210_フランス,2023000000,2023年,0,
30000000,3_鉱物性燃料,130,1月_数量,50210,210_フランス,2022000000,2022年,0,
30000000,3_鉱物性燃料,130,1月_数量,50210,210_フランス,2021000000,2021年,0,
30000000,3_鉱物性燃料,130,1月_数量,50213,213_ドイツ,2025000000,2025年,0,
30000000,3_鉱物性燃料,130,1月_数量,50213,213_ドイツ,2024000000,2024年,0,
30000000,3_鉱物性燃料,130,1月_数量,50213,213_ドイツ,2023000000,2023年,0,
30000000,3_鉱物性燃料,130,1月_数量,50213,213_ドイツ,2022000000,2022年,0,
30000000,3_鉱物性燃料,130,1月_数量,50213,213_ドイツ,2021000000,2021年,0,
30000000,3_鉱物性燃料,130,1月_数量,50215,215_スイス,2025000000,2025年,0,
30000000,3_鉱物性燃料,130,1月_数量,50215,215_スイス,2024000000,2024年,0,
30000000,3_鉱物性燃料,130,1月_数量,50215,215_スイス,2023000000,2023年,0,
30000000,3_鉱物性燃料,130,1月_数量,50215,215_スイス,2022000000,2022年,0,
30000000,3_鉱物性燃料,130,1月_数量,50215,215_スイス,2021000000,2021年,0,
30000000,3_鉱物性燃料,130,1月_数量,50218,218_スペイン,2025000000,2025年,0,
30000000,3_鉱物性燃料,130,1月_数量,50218,218_スペイン,2024000000,2024年,0,
30000000,3_鉱物性燃料,130,1月_数量,50218,218_スペイン,2023000000,2023年,0,
30000000,3_鉱物性燃料,130,1月_数量,50218,218_スペイン,2022000000,2022年,0,
30000000,3_鉱物性燃料,130,1月_数量,50218,218_スペイン,2021000000,2021年,0,
30000000,3_鉱物性燃料,130,1月_数量,50220,220_イタリア,2025000000,2025年,0,
30000000,3_鉱物性燃料,130,1月_数量,50220,220_イタリア,2024000000,2024年,0,
30000000,3_鉱物性燃料,130,1月_数量,50220,220_イタリア,2023000000,2023年,0,
30000000,3_鉱物性燃料,130,1月_数量,50220,220_イタリア,2022000000,2022年,0,
30000000,3_鉱物性燃料,130,1月_数量,50220,220_イタリア,2021000000,2021年,0,
30000000,3_鉱物性燃料,130,1月_数量,50221,221_マルタ,2023000000,2023年,0,
30000000,3_鉱物性燃料,130,1月_数量,50221,221_マルタ,2021000000,2021年,0,
30000000,3_鉱物性燃料,130,1月_数量,50222,222_フィンランド,2025000000,2025年,0,
30000000,3_鉱物性燃料,130,1月_数量,50222,222_フィンランド,2024000000,2024年,0,
30000000,3_鉱物性燃料,130,1月_数量,50222,222_フィンランド,2023000000,2023年,0,
30000000,3_鉱物性燃料,130,1月_数量,50222,222_フィンランド,2022000000,2022年,0,
30000000,3_鉱物性燃料,130,1月_数量,50222,222_フィンランド,2021000000,2021年,0,
30000000,3_鉱物性燃料,130,1月_数量,50223,223_ポーランド,2025000000,2025年,0,
30000000,3_鉱物性燃料,130,1月_数量,50223,223_ポーランド,2024000000,2024年,0,
30000000,3_鉱物性燃料,130,1月_数量,50223,223_ポーランド,2023000000,2023年,0,
30000000,3_鉱物性燃料,130,1月_数量,50223,223_ポーランド,2022000000,2022年,0,
30000000,3_鉱物性燃料,130,1月_数量,50223,223_ポーランド,2021000000,2021年,0,
30000000,3_鉱物性燃料,130,1月_数量,50224,224_ロシア,2025000000,2025年,0,
30000000,3_鉱物性燃料,130,1月_数量,50224,224_ロシア,2024000000,2024年,0,
30000000,3_鉱物性燃料,130,1月_数量,50224,224_ロシア,2023000000,2023年,0,
30000000,3_鉱物性燃料,130,1月_数量,50224,224_ロシア,2022000000,2022年,0,
30000000,3_鉱物性燃料,130,1月_数量,50224,224_ロシア,2021000000,2021年,0,
30000000,3_鉱物性燃料,130,1月_数量,50225,225_オーストリア,2025000000,2025年,0,
30000000,3_鉱物性燃料,130,1月_数量,50225,225_オーストリア,2024000000,2024年,0,
30000000,3_鉱物性燃料,130,1月_数量,50225,225_オーストリア,2023000000,2023年,0,
30000000,3_鉱物性燃料,130,1月_数量,50225,225_オーストリア,2022000000,2022年,0,
30000000,3_鉱物性燃料,130,1月_数量,50225,225_オーストリア,2021000000,2021年,0,
30000000,3_鉱物性燃料,130,1月_数量,50227,227_ハンガリー,2025000000,2025年,0,
30000000,3_鉱物性燃料,130,1月_数量,50227,227_ハンガリー,2023000000,2023年,0,
30000000,3_鉱物性燃料,130,1月_数量,50227,227_ハンガリー,2021000000,2021年,0,
30000000,3_鉱物性燃料,130,1月_数量,50228,228_セルビア,2022000000,2022年,0,
30000000,3_鉱物性燃料,130,1月_数量,50228,228_セルビア,2021000000,2021年,0,
30000000,3_鉱物性燃料,130,1月_数量,50230,230_ギリシャ,2025000000,2025年,0,
30000000,3_鉱物性燃料,130,1月_数量,50230,230_ギリシャ,2024000000,2024年,0,
30000000,3_鉱物性燃料,130,1月_数量,50230,230_ギリシャ,2023000000,2023年,0,
30000000,3_鉱物性燃料,130,1月_数量,50230,230_ギリシャ,2022000000,2022年,0,
30000000,3_鉱物性燃料,130,1月_数量,50230,230_ギリシャ,2021000000,2021年,0,
30000000,3_鉱物性燃料,130,1月_数量,50231,231_ルーマニア,2025000000,2025年,0,
30000000,3_鉱物性燃料,130,1月_数量,50231,231_ルーマニア,2021000000,2021年,0,
30000000,3_鉱物性燃料,130,1月_数量,50232,232_ブルガリア,2023000000,2023年,0,
30000000,3_鉱物性燃料,130,1月_数量,50232,232_ブルガリア,2022000000,2022年,0,
30000000,3_鉱物性燃料,130,1月_数量,50234,234_トルコ,2025000000,2025年,0,
30000000,3_鉱物性燃料,130,1月_数量,50234,234_トルコ,2024000000,2024年,0,
30000000,3_鉱物性燃料,130,1月_数量,50234,234_トルコ,2023000000,2023年,0,
30000000,3_鉱物性燃料,130,1月_数量,50234,234_トルコ,2022000000,2022年,0,
30000000,3_鉱物性燃料,130,1月_数量,50234,234_トルコ,2021000000,2021年,0,
30000000,3_鉱物性燃料,130,1月_数量,50235,235_エストニア,2025000000,2025年,0,
30000000,3_鉱物性燃料,130,1月_数量,50235,235_エストニア,2024000000,2024年,0,
30000000,3_鉱物性燃料,130,1月_数量,50235,235_エストニア,2023000000,2023年,0,
30000000,3_鉱物性燃料,130,1月_数量,50235,235_エストニア,2022000000,2022年,0,
30000000,3_鉱物性燃料,130,1月_数量,50235,235_エストニア,2021000000,2021年,0,
30000000,3_鉱物性燃料,130,1月_数量,50236,236_ラトビア,2025000000,2025年,0,
30000000,3_鉱物性燃料,130,1月_数量,50236,236_ラトビア,2024000000,2024年,0,
30000000,3_鉱物性燃料,130,1月_数量,50236,236_ラトビア,2023000000,2023年,0,
30000000,3_鉱物性燃料,130,1月_数量,50236,236_ラトビア,2022000000,2022年,0,
30000000,3_鉱物性燃料,130,1月_数量,50236,236_ラトビア,2021000000,2021年,0,
30000000,3_鉱物性燃料,130,1月_数量,50237,237_リトアニア,2025000000,2025年,0,
30000000,3_鉱物性燃料,130,1月_数量,50237,237_リトアニア,2024000000,2024年,0,
30000000,3_鉱物性燃料,130,1月_数量,50237,237_リトアニア,2023000000,2023年,0,
30000000,3_鉱物性燃料,130,1月_数量,50237,237_リトアニア,2022000000,2022年,0,
30000000,3_鉱物性燃料,130,1月_数量,50237,237_リトアニア,2021000000,2021年,0,
30000000,3_鉱物性燃料,130,1月_数量,50238,238_ウクライナ,2025000000,2025年,0,
30000000,3_鉱物性燃料,130,1月_数量,50238,238_ウクライナ,2024000000,2024年,0,
30000000,3_鉱物性燃料,130,1月_数量,50238,238_ウクライナ,2023000000,2023年,0,
30000000,3_鉱物性燃料,130,1月_数量,50238,238_ウクライナ,2022000000,2022年,0,
30000000,3_鉱物性燃料,130,1月_数量,50238,238_ウクライナ,2021000000,2021年,0,
30000000,3_鉱物性燃料,130,1月_数量,50241,241_クロアチア,2025000000,2025年,0,
30000000,3_鉱物性燃料,130,1月_数量,50241,241_クロアチア,2021000000,2021年,0,
30000000,3_鉱物性燃料,130,1月_数量,50245,245_チェコ,2025000000,2025年,0,
30000000,3_鉱物性燃料,130,1月_数量,50245,245_チェコ,2024000000,2024年,0,
30000000,3_鉱物性燃料,130,1月_数量,50245,245_チェコ,2023000000,2023年,0,
30000000,3_鉱物性燃料,130,1月_数量,50245,245_チェコ,2021000000,2021年,0,
30000000,3_鉱物性燃料,130,1月_数量,50246,246_スロバキア,2023000000,2023年,0,
30000000,3_鉱物性燃料,130,1月_数量,50302,302_カナダ,2025000000,2025年,0,
30000000,3_鉱物性燃料,130,1月_数量,50302,302_カナダ,2024000000,2024年,0,
30000000,3_鉱物性燃料,130,1月_数量,50302,302_カナダ,2023000000,2023年,0,
30000000,3_鉱物性燃料,130,1月_数量,50302,302_カナダ,2022000000,2022年,0,
30000000,3_鉱物性燃料,130,1月_数量,50302,302_カナダ,2021000000,2021年,0,
30000000,3_鉱物性燃料,130,1月_数量,50304,304_アメリカ合衆国,2025000000,2025年,0,
30000000,3_鉱物性燃料,130,1月_数量,50304,304_アメリカ合衆国,2024000000,2024年,0,
30000000,3_鉱物性燃料,130,1月_数量,50304,304_アメリカ合衆国,2023000000,2023年,0,
30000000,3_鉱物性燃料,130,1月_数量,50304,304_アメリカ合衆国,2022000000,2022年,0,
30000000,3_鉱物性燃料,130,1月_数量,50304,304_アメリカ合衆国,2021000000,2021年,0,
30000000,3_鉱物性燃料,130,1月_数量,50305,305_メキシコ,2025000000,2025年,0,
30000000,3_鉱物性燃料,130,1月_数量,50305,305_メキシコ,2024000000,2024年,0,
30000000,3_鉱物性燃料,130,1月_数量,50305,305_メキシコ,2023000000,2023年,0,
30000000,3_鉱物性燃料,130,1月_数量,50305,305_メキシコ,2022000000,2022年,0,
30000000,3_鉱物性燃料,130,1月_数量,50305,305_メキシコ,2021000000,2021年,0,
30000000,3_鉱物性燃料,130,1月_数量,50309,309_エルサルバドル,2025000000,2025年,0,
30000000,3_鉱物性燃料,130,1月_数量,50309,309_エルサルバドル,2024000000,2024年,0,
30000000,3_鉱物性燃料,130,1月_数量,50309,309_エルサルバドル,2022000000,2022年,0,
30000000,3_鉱物性燃料,130,1月_数量,50311,311_コスタリカ,2025000000,2025年,0,
30000000,3_鉱物性燃料,130,1月_数量,50311,311_コスタリカ,2024000000,2024年,0,
30000000,3_鉱物性燃料,130,1月_数量,50311,311_コスタリカ,2023000000,2023年,0,
30000000,3_鉱物性燃料,130,1月_数量,50311,311_コスタリカ,2022000000,2022年,0,
30000000,3_鉱物性燃料,130,1月_数量,50311,311_コスタリカ,2021000000,2021年,0,
30000000,3_鉱物性燃料,130,1月_数量,50312,312_パナマ,2024000000,2024年,0,
30000000,3_鉱物性燃料,130,1月_数量,50312,312_パナマ,2023000000,2023年,0,
30000000,3_鉱物性燃料,130,1月_数量,50312,312_パナマ,2022000000,2022年,0,
30000000,3_鉱物性燃料,130,1月_数量,50320,320_トリニダード・トバゴ,2024000000,2024年,0,
30000000,3_鉱物性燃料,130,1月_数量,50320,320_トリニダード・トバゴ,2023000000,2023年,0,
30000000,3_鉱物性燃料,130,1月_数量,50320,320_トリニダード・トバゴ,2022000000,2022年,0,
30000000,3_鉱物性燃料,130,1月_数量,50321,321_キューバ,2023000000,2023年,0,
30000000,3_鉱物性燃料,130,1月_数量,50328,328_ケイマン諸島(英),2023000000,2023年,0,
30000000,3_鉱物性燃料,130,1月_数量,50401,401_コロンビア,2025000000,2025年,0,
30000000,3_鉱物性燃料,130,1月_数量,50401,401_コロンビア,2024000000,2024年,0,
30000000,3_鉱物性燃料,130,1月_数量,50401,401_コロンビア,2023000000,2023年,0,
30000000,3_鉱物性燃料,130,1月_数量,50401,401_コロンビア,2022000000,2022年,0,
30000000,3_鉱物性燃料,130,1月_数量,50401,401_コロンビア,2021000000,2021年,0,
30000000,3_鉱物性燃料,130,1月_数量,50406,406_エクアドル,2025000000,2025年,0,
30000000,3_鉱物性燃料,130,1月_数量,50406,406_エクアドル,2024000000,2024年,0,
30000000,3_鉱物性燃料,130,1月_数量,50406,406_エクアドル,2023000000,2023年,0,
30000000,3_鉱物性燃料,130,1月_数量,50406,406_エクアドル,2022000000,2022年,0,
30000000,3_鉱物性燃料,130,1月_数量,50406,406_エクアドル,2021000000,2021年,0,
30000000,3_鉱物性燃料,130,1月_数量,50407,407_ペルー,2025000000,2025年,0,
30000000,3_鉱物性燃料,130,1月_数量,50407,407_ペルー,2024000000,2024年,0,
30000000,3_鉱物性燃料,130,1月_数量,50407,407_ペルー,2023000000,2023年,0,
30000000,3_鉱物性燃料,130,1月_数量,50407,407_ペルー,2022000000,2022年,0,
30000000,3_鉱物性燃料,130,1月_数量,50407,407_ペルー,2021000000,2021年,0,
30000000,3_鉱物性燃料,130,1月_数量,50409,409_チリ,2023000000,2023年,0,
30000000,3_鉱物性燃料,130,1月_数量,50409,409_チリ,2022000000,2022年,0,
30000000,3_鉱物性燃料,130,1月_数量,50410,410_ブラジル,2025000000,2025年,0,
30000000,3_鉱物性燃料,130,1月_数量,50410,410_ブラジル,2024000000,2024年,0,
30000000,3_鉱物性燃料,130,1月_数量,50410,410_ブラジル,2023000000,2023年,0,
30000000,3_鉱物性燃料,130,1月_数量,50410,410_ブラジル,2022000000,2022年,0,
30000000,3_鉱物性燃料,130,1月_数量,50410,410_ブラジル,2021000000,2021年,0,
30000000,3_鉱物性燃料,130,1月_数量,50411,411_パラグアイ,2023000000,2023年,0,
30000000,3_鉱物性燃料,130,1月_数量,50412,412_ウルグアイ,2022000000,2022年,0,
30000000,3_鉱物性燃料,130,1月_数量,50413,413_アルゼンチン,2023000000,2023年,0,
30000000,3_鉱物性燃料,130,1月_数量,50503,503_アルジェリア,2025000000,2025年,0,
30000000,3_鉱物性燃料,130,1月_数量,50503,503_アルジェリア,2024000000,2024年,0,
30000000,3_鉱物性燃料,130,1月_数量,50503,503_アルジェリア,2023000000,2023年,0,
30000000,3_鉱物性燃料,130,1月_数量,50503,503_アルジェリア,2022000000,2022年,0,
30000000,3_鉱物性燃料,130,1月_数量,50503,503_アルジェリア,2021000000,2021年,0,
30000000,3_鉱物性燃料,130,1月_数量,50505,505_リビア,2021000000,2021年,0,
30000000,3_鉱物性燃料,130,1月_数量,50506,506_エジプト,2025000000,2025年,0,
30000000,3_鉱物性燃料,130,1月_数量,50506,506_エジプト,2024000000,2024年,0,
30000000,3_鉱物性燃料,130,1月_数量,50506,506_エジプト,2023000000,2023年,0,
30000000,3_鉱物性燃料,130,1月_数量,50506,506_エジプト,2022000000,2022年,0,
30000000,3_鉱物性燃料,130,1月_数量,50506,506_エジプト,2021000000,2021年,0,
30000000,3_鉱物性燃料,130,1月_数量,50524,524_ナイジェリア,2025000000,2025年,0,
30000000,3_鉱物性燃料,130,1月_数量,50524,524_ナイジェリア,2024000000,2024年,0,
30000000,3_鉱物性燃料,130,1月_数量,50524,524_ナイジェリア,2023000000,2023年,0,
30000000,3_鉱物性燃料,130,1月_数量,50524,524_ナイジェリア,2022000000,2022年,0,
30000000,3_鉱物性燃料,130,1月_数量,50524,524_ナイジェリア,2021000000,2021年,0,
30000000,3_鉱物性燃料,130,1月_数量,50525,525_ニジェール,2025000000,2025年,0,
30000000,3_鉱物性燃料,130,1月_数量,50527,527_カメルーン,2024000000,2024年,0,
30000000,3_鉱物性燃料,130,1月_数量,50530,530_赤道ギニア,2025000000,2025年,0,
30000000,3_鉱物性燃料,130,1月_数量,50530,530_赤道ギニア,2024000000,2024年,0,
30000000,3_鉱物性燃料,130,1月_数量,50530,530_赤道ギニア,2023000000,2023年,0,
30000000,3_鉱物性燃料,130,1月_数量,50530,530_赤道ギニア,2022000000,2022年,0,
30000000,3_鉱物性燃料,130,1月_数量,50530,530_赤道ギニア,2021000000,2021年,0,
30000000,3_鉱物性燃料,130,1月_数量,50535,535_アンゴラ,2022000000,2022年,0,
30000000,3_鉱物性燃料,130,1月_数量,50545,545_モザンビーク,2025000000,2025年,0,
30000000,3_鉱物性燃料,130,1月_数量,50545,545_モザンビーク,2024000000,2024年,0,
30000000,3_鉱物性燃料,130,1月_数量,50545,545_モザンビーク,2023000000,2023年,0,
30000000,3_鉱物性燃料,130,1月_数量,50545,545_モザンビーク,2022000000,2022年,0,
30000000,3_鉱物性燃料,130,1月_数量,50545,545_モザンビーク,2021000000,2021年,0,
30000000,3_鉱物性燃料,130,1月_数量,50547,547_モーリシャス,2024000000,2024年,0,
30000000,3_鉱物性燃料,130,1月_数量,50547,547_モーリシャス,2022000000,2022年,0,
30000000,3_鉱物性燃料,130,1月_数量,50547,547_モーリシャス,2021000000,2021年,0,
30000000,3_鉱物性燃料,130,1月_数量,50551,551_南アフリカ共和国,2025000000,2025年,0,
30000000,3_鉱物性燃料,130,1月_数量,50551,551_南アフリカ共和国,2024000000,2024年,0,
30000000,3_鉱物性燃料,130,1月_数量,50551,551_南アフリカ共和国,2023000000,2023年,0,
30000000,3_鉱物性燃料,130,1月_数量,50551,551_南アフリカ共和国,2022000000,2022年,0,
30000000,3_鉱物性燃料,130,1月_数量,50551,551_南アフリカ共和国,2021000000,2021年,0,
30000000,3_鉱物性燃料,130,1月_数量,50560,560_南スーダン,2025000000,2025年,0,
30000000,3_鉱物性燃料,130,1月_数量,50560,560_南スーダン,2024000000,2024年,0,
30000000,3_鉱物性燃料,130,1月_数量,50560,560_南スーダン,2023000000,2023年,0,
30000000,3_鉱物性燃料,130,1月_数量,50560,560_南スーダン,2022000000,2022年,0,
30000000,3_鉱物性燃料,130,1月_数量,50560,560_南スーダン,2021000000,2021年,0,
30000000,3_鉱物性燃料,130,1月_数量,50601,601_オーストラリア,2025000000,2025年,0,
30000000,3_鉱物性燃料,130,1月_数量,50601,601_オーストラリア,2024000000,2024年,0,
30000000,3_鉱物性燃料,130,1月_数量,50601,601_オーストラリア,2023000000,2023年,0,
30000000,3_鉱物性燃料,130,1月_数量,50601,601_オーストラリア,2022000000,2022年,0,
30000000,3_鉱物性燃料,130,1月_数量,50601,601_オーストラリア,2021000000,2021年,0,
30000000,3_鉱物性燃料,130,1月_数量,50602,602_パプアニューギニア,2025000000,2025年,0,
30000000,3_鉱物性燃料,130,1月_数量,50602,602_パプアニューギニア,2024000000,2024年,0,
30000000,3_鉱物性燃料,130,1月_数量,50602,602_パプアニューギニア,2023000000,2023年,0,
30000000,3_鉱物性燃料,130,1月_数量,50602,602_パプアニューギニア,2022000000,2022年,0,
30000000,3_鉱物性燃料,130,1月_数量,50602,602_パプアニューギニア,2021000000,2021年,0,
30000000,3_鉱物性燃料,130,1月_数量,50606,606_ニュージーランド,2025000000,2025年,0,
30000000,3_鉱物性燃料,130,1月_数量,50606,606_ニュージーランド,2024000000,2024年,0,
30000000,3_鉱物性燃料,130,1月_数量,50606,606_ニュージーランド,2023000000,2023年,0,
30000000,3_鉱物性燃料,130,1月_数量,50606,606_ニュージーランド,2022000000,2022年,0,
30000000,3_鉱物性燃料,130,1月_数量,50606,606_ニュージーランド,2021000000,2021年,0,
30000000,3_鉱物性燃料,130,1月_数量,50618,618_ニューカレドニア(仏),2024000000,2024年,0,
30000000,3_鉱物性燃料,130,1月_数量,50618,618_ニューカレドニア(仏),2023000000,2023年,0,
30000000,3_鉱物性燃料,130,1月_数量,50625,625_マーシャル,2024000000,2024年,0,
30000000,3_鉱物性燃料,130,1月_数量,50625,625_マーシャル,2022000000,2022年,0,
30000000,3_鉱物性燃料,130,1月_数量,50625,625_マーシャル,2021000000,2021年,0,
30000000,3_鉱物性燃料,130,1月_数量,50626,626_ミクロネシア,2021000000,2021年,0,
30000000,3_鉱物性燃料,130,1月_数量,50628,628_パラオ,2025000000,2025年,0,
30000000,3_鉱物性燃料,130,1月_数量,50702,702_不明,2025000000,2025年,0,
30000000,3_鉱物性燃料,130,1月_数量,50702,702_不明,2024000000,2024年,0,
30000000,3_鉱物性燃料,130,1月_数量,50702,702_不明,2023000000,2023年,0,
30000000,3_鉱物性燃料,130,1月_数量,50702,702_不明,2022000000,2022年,0,
30000000,3_鉱物性燃料,130,1月_数量,50702,702_不明,2021000000,2021年,0,
30000000,3_鉱物性燃料,140,1月_金額,50103,103_大韓民国,2025000000,2025年,102897329,千円
30000000,3_鉱物性燃料,140,1月_金額,50103,103_大韓民国,2024000000,2024年,88438777,千円
30000000,3_鉱物性燃料,140,1月_金額,50103,103_大韓民国,2023000000,2023年,65779018,千円
30000000,3_鉱物性燃料,140,1月_金額,50103,103_大韓民国,2022000000,2022年,55985359,千円
30000000,3_鉱物性燃料,140,1月_金額,50103,103_大韓民国,2021000000,2021年,39349772,千円
30000000,3_鉱物性燃料,140,1月_金額,50105,105_中華人民共和国,2025000000,2025年,21347688,千円
30000000,3_鉱物性燃料,140,1月_金額,50105,105_中華人民共和国,2024000000,2024年,29267253,千円
30000000,3_鉱物性燃料,140,1月_金額,50105,105_中華人民共和国,2023000000,2023年,39724263,千円
30000000,3_鉱物性燃料,140,1月_金額,50105,105_中華人民共和国,2022000000,2022年,15148467,千円
30000000,3_鉱物性燃料,140,1月_金額,50105,105_中華人民共和国,2021000000,2021年,6498871,千円
30000000,3_鉱物性燃料,140,1月_金額,50106,106_台湾,2025000000,2025年,4429509,千円
30000000,3_鉱物性燃料,140,1月_金額,50106,106_台湾,2024000000,2024年,432023,千円
30000000,3_鉱物性燃料,140,1月_金額,50106,106_台湾,2023000000,2023年,495827,千円
30000000,3_鉱物性燃料,140,1月_金額,50106,106_台湾,2022000000,2022年,124856,千円
30000000,3_鉱物性燃料,140,1月_金額,50106,106_台湾,2021000000,2021年,74095,千円
30000000,3_鉱物性燃料,140,1月_金額,50108,108_香港,2025000000,2025年,31170,千円
30000000,3_鉱物性燃料,140,1月_金額,50108,108_香港,2024000000,2024年,24107,千円
30000000,3_鉱物性燃料,140,1月_金額,50108,108_香港,2023000000,2023年,13857,千円
30000000,3_鉱物性燃料,140,1月_金額,50108,108_香港,2022000000,2022年,6831,千円
30000000,3_鉱物性燃料,140,1月_金額,50108,108_香港,2021000000,2021年,0,千円
30000000,3_鉱物性燃料,140,1月_金額,50110,110_ベトナム,2025000000,2025年,1371882,千円
30000000,3_鉱物性燃料,140,1月_金額,50110,110_ベトナム,2024000000,2024年,1556025,千円
30000000,3_鉱物性燃料,140,1月_金額,50110,110_ベトナム,2023000000,2023年,6570284,千円
30000000,3_鉱物性燃料,140,1月_金額,50110,110_ベトナム,2022000000,2022年,766142,千円
30000000,3_鉱物性燃料,140,1月_金額,50110,110_ベトナム,2021000000,2021年,2360154,千円
30000000,3_鉱物性燃料,140,1月_金額,50111,111_タイ,2025000000,2025年,3331396,千円
30000000,3_鉱物性燃料,140,1月_金額,50111,111_タイ,2024000000,2024年,95370,千円
30000000,3_鉱物性燃料,140,1月_金額,50111,111_タイ,2023000000,2023年,148154,千円
30000000,3_鉱物性燃料,140,1月_金額,50111,111_タイ,2022000000,2022年,90398,千円
30000000,3_鉱物性燃料,140,1月_金額,50111,111_タイ,2021000000,2021年,864026,千円
30000000,3_鉱物性燃料,140,1月_金額,50112,112_シンガポール,2025000000,2025年,2688715,千円
30000000,3_鉱物性燃料,140,1月_金額,50112,112_シンガポール,2024000000,2024年,2504889,千円
30000000,3_鉱物性燃料,140,1月_金額,50112,112_シンガポール,2023000000,2023年,2972187,千円
30000000,3_鉱物性燃料,140,1月_金額,50112,112_シンガポール,2022000000,2022年,1774537,千円
30000000,3_鉱物性燃料,140,1月_金額,50112,112_シンガポール,2021000000,2021年,3564253,千円
30000000,3_鉱物性燃料,140,1月_金額,50113,113_マレーシア,2025000000,2025年,146679447,千円
30000000,3_鉱物性燃料,140,1月_金額,50113,113_マレーシア,2024000000,2024年,111003814,千円
30000000,3_鉱物性燃料,140,1月_金額,50113,113_マレーシア,2023000000,2023年,143826628,千円
30000000,3_鉱物性燃料,140,1月_金額,50113,113_マレーシア,2022000000,2022年,82654776,千円
30000000,3_鉱物性燃料,140,1月_金額,50113,113_マレーシア,2021000000,2021年,48395445,千円
30000000,3_鉱物性燃料,140,1月_金額,50116,116_ブルネイ,2025000000,2025年,31547919,千円
30000000,3_鉱物性燃料,140,1月_金額,50116,116_ブルネイ,2024000000,2024年,20469672,千円
30000000,3_鉱物性燃料,140,1月_金額,50116,116_ブルネイ,2023000000,2023年,41001551,千円
30000000,3_鉱物性燃料,140,1月_金額,50116,116_ブルネイ,2022000000,2022年,34129854,千円
30000000,3_鉱物性燃料,140,1月_金額,50116,116_ブルネイ,2021000000,2021年,21700998,千円
30000000,3_鉱物性燃料,140,1月_金額,50117,117_フィリピン,2025000000,2025年,4745,千円
30000000,3_鉱物性燃料,140,1月_金額,50117,117_フィリピン,2024000000,2024年,6199,千円
30000000,3_鉱物性燃料,140,1月_金額,50117,117_フィリピン,2023000000,2023年,2516,千円
30000000,3_鉱物性燃料,140,1月_金額,50117,117_フィリピン,2022000000,2022年,0,千円
30000000,3_鉱物性燃料,140,1月_金額,50117,117_フィリピン,2021000000,2021年,0,千円
30000000,3_鉱物性燃料,140,1月_金額,50118,118_インドネシア,2025000000,2025年,79529375,千円
30000000,3_鉱物性燃料,140,1月_金額,50118,118_インドネシア,2024000000,2024年,79688344,千円
30000000,3_鉱物性燃料,140,1月_金額,50118,118_インドネシア,2023000000,2023年,169986254,千円
30000000,3_鉱物性燃料,140,1月_金額,50118,118_インドネシア,2022000000,2022年,67229564,千円
30000000,3_鉱物性燃料,140,1月_金額,50118,118_インドネシア,2021000000,2021年,29828679,千円
30000000,3_鉱物性燃料,140,1月_金額,50123,123_インド,2025000000,2025年,0,千円
30000000,3_鉱物性燃料,140,1月_金額,50123,123_インド,2024000000,2024年,3469478,千円
30000000,3_鉱物性燃料,140,1月_金額,50123,123_インド,2023000000,2023年,2040790,千円
30000000,3_鉱物性燃料,140,1月_金額,50123,123_インド,2022000000,2022年,6280227,千円
30000000,3_鉱物性燃料,140,1月_金額,50123,123_インド,2021000000,2021年,7471948,千円
30000000,3_鉱物性燃料,140,1月_金額,50124,124_パキスタン,2025000000,2025年,0,千円
30000000,3_鉱物性燃料,140,1月_金額,50124,124_パキスタン,2023000000,2023年,0,千円
30000000,3_鉱物性燃料,140,1月_金額,50124,124_パキスタン,2022000000,2022年,0,千円
30000000,3_鉱物性燃料,140,1月_金額,50124,124_パキスタン,2021000000,2021年,1375276,千円
30000000,3_鉱物性燃料,140,1月_金額,50125,125_スリランカ,2025000000,2025年,0,千円
30000000,3_鉱物性燃料,140,1月_金額,50125,125_スリランカ,2024000000,2024年,0,千円
30000000,3_鉱物性燃料,140,1月_金額,50125,125_スリランカ,2023000000,2023年,0,千円
30000000,3_鉱物性燃料,140,1月_金額,50125,125_スリランカ,2022000000,2022年,237,千円
30000000,3_鉱物性燃料,140,1月_金額,50125,125_スリランカ,2021000000,2021年,1189,千円
30000000,3_鉱物性燃料,140,1月_金額,50126,126_モルディブ,2022000000,2022年,0,千円
30000000,3_鉱物性燃料,140,1月_金額,50127,127_バングラデシュ,2024000000,2024年,0,千円
30000000,3_鉱物性燃料,140,1月_金額,50128,128_東ティモール,2025000000,2025年,0,千円
30000000,3_鉱物性燃料,140,1月_金額,50128,128_東ティモール,2023000000,2023年,2174241,千円
30000000,3_鉱物性燃料,140,1月_金額,50128,128_東ティモール,2022000000,2022年,0,千円
30000000,3_鉱物性燃料,140,1月_金額,50128,128_東ティモール,2021000000,2021年,0,千円
30000000,3_鉱物性燃料,140,1月_金額,50134,134_イラク,2025000000,2025年,2289781,千円
30000000,3_鉱物性燃料,140,1月_金額,50134,134_イラク,2024000000,2024年,0,千円
30000000,3_鉱物性燃料,140,1月_金額,50134,134_イラク,2023000000,2023年,0,千円
30000000,3_鉱物性燃料,140,1月_金額,50134,134_イラク,2021000000,2021年,10237544,千円
30000000,3_鉱物性燃料,140,1月_金額,50135,135_バーレーン,2025000000,2025年,7491030,千円
30000000,3_鉱物性燃料,140,1月_金額,50135,135_バーレーン,2024000000,2024年,14323644,千円
30000000,3_鉱物性燃料,140,1月_金額,50135,135_バーレーン,2023000000,2023年,7653339,千円
30000000,3_鉱物性燃料,140,1月_金額,50135,135_バーレーン,2022000000,2022年,13393086,千円
30000000,3_鉱物性燃料,140,1月_金額,50135,135_バーレーン,2021000000,2021年,11928683,千円
30000000,3_鉱物性燃料,140,1月_金額,50137,137_サウジアラビア,2025000000,2025年,421229037,千円
30000000,3_鉱物性燃料,140,1月_金額,50137,137_サウジアラビア,2024000000,2024年,378743659,千円
30000000,3_鉱物性燃料,140,1月_金額,50137,137_サウジアラビア,2023000000,2023年,441671535,千円
30000000,3_鉱物性燃料,140,1月_金額,50137,137_サウジアラビア,2022000000,2022年,358019234,千円
30000000,3_鉱物性燃料,140,1月_金額,50137,137_サウジアラビア,2021000000,2021年,171726884,千円
30000000,3_鉱物性燃料,140,1月_金額,50138,138_クウェート,2025000000,2025年,101057333,千円
30000000,3_鉱物性燃料,140,1月_金額,50138,138_クウェート,2024000000,2024年,69849605,千円
30000000,3_鉱物性燃料,140,1月_金額,50138,138_クウェート,2023000000,2023年,126693539,千円
30000000,3_鉱物性燃料,140,1月_金額,50138,138_クウェート,2022000000,2022年,69935504,千円
30000000,3_鉱物性燃料,140,1月_金額,50138,138_クウェート,2021000000,2021年,35038595,千円
30000000,3_鉱物性燃料,140,1月_金額,50140,140_カタール,2025000000,2025年,105374246,千円
30000000,3_鉱物性燃料,140,1月_金額,50140,140_カタール,2024000000,2024年,97511064,千円
30000000,3_鉱物性燃料,140,1月_金額,50140,140_カタール,2023000000,2023年,139557170,千円
30000000,3_鉱物性燃料,140,1月_金額,50140,140_カタール,2022000000,2022年,104666675,千円
30000000,3_鉱物性燃料,140,1月_金額,50140,140_カタール,2021000000,2021年,80276630,千円
30000000,3_鉱物性燃料,140,1月_金額,50141,141_オマーン,2025000000,2025年,51754505,千円
30000000,3_鉱物性燃料,140,1月_金額,50141,141_オマーン,2024000000,2024年,26696929,千円
30000000,3_鉱物性燃料,140,1月_金額,50141,141_オマーン,2023000000,2023年,38159007,千円
30000000,3_鉱物性燃料,140,1月_金額,50141,141_オマーン,2022000000,2022年,16756487,千円
30000000,3_鉱物性燃料,140,1月_金額,50141,141_オマーン,2021000000,2021年,20933295,千円
30000000,3_鉱物性燃料,140,1月_金額,50143,143_イスラエル,2025000000,2025年,0,千円
30000000,3_鉱物性燃料,140,1月_金額,50143,143_イスラエル,2024000000,2024年,393,千円
30000000,3_鉱物性燃料,140,1月_金額,50143,143_イスラエル,2023000000,2023年,1093,千円
30000000,3_鉱物性燃料,140,1月_金額,50143,143_イスラエル,2022000000,2022年,4697,千円
30000000,3_鉱物性燃料,140,1月_金額,50143,143_イスラエル,2021000000,2021年,2132,千円
30000000,3_鉱物性燃料,140,1月_金額,50147,147_アラブ首長国連邦,2025000000,2025年,457226098,千円
30000000,3_鉱物性燃料,140,1月_金額,50147,147_アラブ首長国連邦,2024000000,2024年,428380813,千円
30000000,3_鉱物性燃料,140,1月_金額,50147,147_アラブ首長国連邦,2023000000,2023年,439408151,千円
30000000,3_鉱物性燃料,140,1月_金額,50147,147_アラブ首長国連邦,2022000000,2022年,325758174,千円
30000000,3_鉱物性燃料,140,1月_金額,50147,147_アラブ首長国連邦,2021000000,2021年,143864480,千円
30000000,3_鉱物性燃料,140,1月_金額,50153,153_カザフスタン,2025000000,2025年,1447751,千円
30000000,3_鉱物性燃料,140,1月_金額,50153,153_カザフスタン,2024000000,2024年,1578766,千円
30000000,3_鉱物性燃料,140,1月_金額,50153,153_カザフスタン,2023000000,2023年,0,千円
30000000,3_鉱物性燃料,140,1月_金額,50153,153_カザフスタン,2022000000,2022年,0,千円
30000000,3_鉱物性燃料,140,1月_金額,50153,153_カザフスタン,2021000000,2021年,236606,千円
30000000,3_鉱物性燃料,140,1月_金額,50202,202_ノルウェー,2025000000,2025年,390,千円
30000000,3_鉱物性燃料,140,1月_金額,50202,202_ノルウェー,2024000000,2024年,1110,千円
30000000,3_鉱物性燃料,140,1月_金額,50202,202_ノルウェー,2023000000,2023年,314,千円
30000000,3_鉱物性燃料,140,1月_金額,50202,202_ノルウェー,2022000000,2022年,3575,千円
30000000,3_鉱物性燃料,140,1月_金額,50202,202_ノルウェー,2021000000,2021年,1105433,千円
30000000,3_鉱物性燃料,140,1月_金額,50203,203_スウェーデン,2025000000,2025年,78925,千円
30000000,3_鉱物性燃料,140,1月_金額,50203,203_スウェーデン,2024000000,2024年,22369,千円
30000000,3_鉱物性燃料,140,1月_金額,50203,203_スウェーデン,2023000000,2023年,6779,千円
30000000,3_鉱物性燃料,140,1月_金額,50203,203_スウェーデン,2022000000,2022年,35197,千円
30000000,3_鉱物性燃料,140,1月_金額,50203,203_スウェーデン,2021000000,2021年,16404,千円
30000000,3_鉱物性燃料,140,1月_金額,50204,204_デンマーク,2025000000,2025年,2745,千円
30000000,3_鉱物性燃料,140,1月_金額,50204,204_デンマーク,2024000000,2024年,3447,千円
30000000,3_鉱物性燃料,140,1月_金額,50204,204_デンマーク,2023000000,2023年,6154,千円
30000000,3_鉱物性燃料,140,1月_金額,50204,204_デンマーク,2022000000,2022年,4765,千円
30000000,3_鉱物性燃料,140,1月_金額,50204,204_デンマーク,2021000000,2021年,3998,千円
30000000,3_鉱物性燃料,140,1月_金額,50205,205_英国,2025000000,2025年,142397,千円
30000000,3_鉱物性燃料,140,1月_金額,50205,205_英国,2024000000,2024年,39773,千円
30000000,3_鉱物性燃料,140,1月_金額,50205,205_英国,2023000000,2023年,94066,千円
30000000,3_鉱物性燃料,140,1月_金額,50205,205_英国,2022000000,2022年,62822,千円
30000000,3_鉱物性燃料,140,1月_金額,50205,205_英国,2021000000,2021年,59262,千円
30000000,3_鉱物性燃料,140,1月_金額,50206,206_アイルランド,2025000000,2025年,4443,千円
30000000,3_鉱物性燃料,140,1月_金額,50206,206_アイルランド,2024000000,2024年,1959,千円
30000000,3_鉱物性燃料,140,1月_金額,50206,206_アイルランド,2023000000,2023年,8396,千円
30000000,3_鉱物性燃料,140,1月_金額,50206,206_アイルランド,2022000000,2022年,6767,千円
30000000,3_鉱物性燃料,140,1月_金額,50206,206_アイルランド,2021000000,2021年,5806,千円
30000000,3_鉱物性燃料,140,1月_金額,50207,207_オランダ,2025000000,2025年,48248,千円
30000000,3_鉱物性燃料,140,1月_金額,50207,207_オランダ,2024000000,2024年,4326,千円
30000000,3_鉱物性燃料,140,1月_金額,50207,207_オランダ,2023000000,2023年,32764,千円
30000000,3_鉱物性燃料,140,1月_金額,50207,207_オランダ,2022000000,2022年,4128294,千円
30000000,3_鉱物性燃料,140,1月_金額,50207,207_オランダ,2021000000,2021年,23566,千円
30000000,3_鉱物性燃料,140,1月_金額,50208,208_ベルギー,2025000000,2025年,43612,千円
30000000,3_鉱物性燃料,140,1月_金額,50208,208_ベルギー,2024000000,2024年,31628,千円
30000000,3_鉱物性燃料,140,1月_金額,50208,208_ベルギー,2023000000,2023年,44293,千円
30000000,3_鉱物性燃料,140,1月_金額,50208,208_ベルギー,2022000000,2022年,32442,千円
30000000,3_鉱物性燃料,140,1月_金額,50208,208_ベルギー,2021000000,2021年,125841,千円
30000000,3_鉱物性燃料,140,1月_金額,50209,209_ルクセンブルク,2025000000,2025年,0,千円
30000000,3_鉱物性燃料,140,1月_金額,50209,209_ルクセンブルク,2021000000,2021年,0,千円
30000000,3_鉱物性燃料,140,1月_金額,50210,210_フランス,2025000000,2025年,544885,千円
30000000,3_鉱物性燃料,140,1月_金額,50210,210_フランス,2024000000,2024年,226491,千円
30000000,3_鉱物性燃料,140,1月_金額,50210,210_フランス,2023000000,2023年,332124,千円
30000000,3_鉱物性燃料,140,1月_金額,50210,210_フランス,2022000000,2022年,413095,千円
30000000,3_鉱物性燃料,140,1月_金額,50210,210_フランス,2021000000,2021年,139499,千円
30000000,3_鉱物性燃料,140,1月_金額,50213,213_ドイツ,2025000000,2025年,343512,千円
30000000,3_鉱物性燃料,140,1月_金額,50213,213_ドイツ,2024000000,2024年,193945,千円
30000000,3_鉱物性燃料,140,1月_金額,50213,213_ドイツ,2023000000,2023年,237576,千円
30000000,3_鉱物性燃料,140,1月_金額,50213,213_ドイツ,2022000000,2022年,324894,千円
30000000,3_鉱物性燃料,140,1月_金額,50213,213_ドイツ,2021000000,2021年,120258,千円
30000000,3_鉱物性燃料,140,1月_金額,50215,215_スイス,2025000000,2025年,32722,千円
30000000,3_鉱物性燃料,140,1月_金額,50215,215_スイス,2024000000,2024年,24667,千円
30000000,3_鉱物性燃料,140,1月_金額,50215,215_スイス,2023000000,2023年,22149,千円
30000000,3_鉱物性燃料,140,1月_金額,50215,215_スイス,2022000000,2022年,35591,千円
30000000,3_鉱物性燃料,140,1月_金額,50215,215_スイス,2021000000,2021年,18652,千円
30000000,3_鉱物性燃料,140,1月_金額,50218,218_スペイン,2025000000,2025年,97810,千円
30000000,3_鉱物性燃料,140,1月_金額,50218,218_スペイン,2024000000,2024年,14066,千円
30000000,3_鉱物性燃料,140,1月_金額,50218,218_スペイン,2023000000,2023年,4861254,千円
30000000,3_鉱物性燃料,140,1月_金額,50218,218_スペイン,2022000000,2022年,4799852,千円
30000000,3_鉱物性燃料,140,1月_金額,50218,218_スペイン,2021000000,2021年,15485,千円
30000000,3_鉱物性燃料,140,1月_金額,50220,220_イタリア,2025000000,2025年,5379,千円
30000000,3_鉱物性燃料,140,1月_金額,50220,220_イタリア,2024000000,2024年,89906,千円
30000000,3_鉱物性燃料,140,1月_金額,50220,220_イタリア,2023000000,2023年,28589,千円
30000000,3_鉱物性燃料,140,1月_金額,50220,220_イタリア,2022000000,2022年,38845,千円
30000000,3_鉱物性燃料,140,1月_金額,50220,220_イタリア,2021000000,2021年,40653,千円
30000000,3_鉱物性燃料,140,1月_金額,50221,221_マルタ,2023000000,2023年,0,千円
30000000,3_鉱物性燃料,140,1月_金額,50221,221_マルタ,2021000000,2021年,0,千円
30000000,3_鉱物性燃料,140,1月_金額,50222,222_フィンランド,2025000000,2025年,2187,千円
30000000,3_鉱物性燃料,140,1月_金額,50222,222_フィンランド,2024000000,2024年,3380,千円
30000000,3_鉱物性燃料,140,1月_金額,50222,222_フィンランド,2023000000,2023年,5639,千円
30000000,3_鉱物性燃料,140,1月_金額,50222,222_フィンランド,2022000000,2022年,6677,千円
30000000,3_鉱物性燃料,140,1月_金額,50222,222_フィンランド,2021000000,2021年,954,千円
30000000,3_鉱物性燃料,140,1月_金額,50223,223_ポーランド,2025000000,2025年,0,千円
30000000,3_鉱物性燃料,140,1月_金額,50223,223_ポーランド,2024000000,2024年,1136,千円
30000000,3_鉱物性燃料,140,1月_金額,50223,223_ポーランド,2023000000,2023年,411,千円
30000000,3_鉱物性燃料,140,1月_金額,50223,223_ポーランド,2022000000,2022年,30726,千円
30000000,3_鉱物性燃料,140,1月_金額,50223,223_ポーランド,2021000000,2021年,0,千円
30000000,3_鉱物性燃料,140,1月_金額,50224,224_ロシア,2025000000,2025年,54867887,千円
30000000,3_鉱物性燃料,140,1月_金額,50224,224_ロシア,2024000000,2024年,65623474,千円
30000000,3_鉱物性燃料,140,1月_金額,50224,224_ロシア,2023000000,2023年,107944737,千円
30000000,3_鉱物性燃料,140,1月_金額,50224,224_ロシア,2022000000,2022年,118462075,千円
30000000,3_鉱物性燃料,140,1月_金額,50224,224_ロシア,2021000000,2021年,51943810,千円
30000000,3_鉱物性燃料,140,1月_金額,50225,225_オーストリア,2025000000,2025年,1844,千円
30000000,3_鉱物性燃料,140,1月_金額,50225,225_オーストリア,2024000000,2024年,634,千円
30000000,3_鉱物性燃料,140,1月_金額,50225,225_オーストリア,2023000000,2023年,641,千円
30000000,3_鉱物性燃料,140,1月_金額,50225,225_オーストリア,2022000000,2022年,0,千円
30000000,3_鉱物性燃料,140,1月_金額,50225,225_オーストリア,2021000000,2021年,326,千円
30000000,3_鉱物性燃料,140,1月_金額,50227,227_ハンガリー,2025000000,2025年,0,千円
30000000,3_鉱物性燃料,140,1月_金額,50227,227_ハンガリー,2023000000,2023年,0,千円
30000000,3_鉱物性燃料,140,1月_金額,50227,227_ハンガリー,2021000000,2021年,0,千円
30000000,3_鉱物性燃料,140,1月_金額,50228,228_セルビア,2022000000,2022年,4744,千円
30000000,3_鉱物性燃料,140,1月_金額,50228,228_セルビア,2021000000,2021年,0,千円
30000000,3_鉱物性燃料,140,1月_金額,50230,230_ギリシャ,2025000000,2025年,0,千円
30000000,3_鉱物性燃料,140,1月_金額,50230,230_ギリシャ,2024000000,2024年,605,千円
30000000,3_鉱物性燃料,140,1月_金額,50230,230_ギリシャ,2023000000,2023年,0,千円
30000000,3_鉱物性燃料,140,1月_金額,50230,230_ギリシャ,2022000000,2022年,302,千円
30000000,3_鉱物性燃料,140,1月_金額,50230,230_ギリシャ,2021000000,2021年,0,千円
30000000,3_鉱物性燃料,140,1月_金額,50231,231_ルーマニア,2025000000,2025年,0,千円
30000000,3_鉱物性燃料,140,1月_金額,50231,231_ルーマニア,2021000000,2021年,0,千円
30000000,3_鉱物性燃料,140,1月_金額,50232,232_ブルガリア,2023000000,2023年,0,千円
30000000,3_鉱物性燃料,140,1月_金額,50232,232_ブルガリア,2022000000,2022年,0,千円
30000000,3_鉱物性燃料,140,1月_金額,50234,234_トルコ,2025000000,2025年,0,千円
30000000,3_鉱物性燃料,140,1月_金額,50234,234_トルコ,2024000000,2024年,0,千円
30000000,3_鉱物性燃料,140,1月_金額,50234,234_トルコ,2023000000,2023年,0,千円
30000000,3_鉱物性燃料,140,1月_金額,50234,234_トルコ,2022000000,2022年,0,千円
30000000,3_鉱物性燃料,140,1月_金額,50234,234_トルコ,2021000000,2021年,0,千円
30000000,3_鉱物性燃料,140,1月_金額,50235,235_エストニア,2025000000,2025年,15885,千円
30000000,3_鉱物性燃料,140,1月_金額,50235,235_エストニア,2024000000,2024年,5453,千円
30000000,3_鉱物性燃料,140,1月_金額,50235,235_エストニア,2023000000,2023年,37442,千円
30000000,3_鉱物性燃料,140,1月_金額,50235,235_エストニア,2022000000,2022年,26756,千円
30000000,3_鉱物性燃料,140,1月_金額,50235,235_エストニア,2021000000,2021年,4162,千円
30000000,3_鉱物性燃料,140,1月_金額,50236,236_ラトビア,2025000000,2025年,153478,千円
30000000,3_鉱物性燃料,140,1月_金額,50236,236_ラトビア,2024000000,2024年,121448,千円
30000000,3_鉱物性燃料,140,1月_金額,50236,236_ラトビア,2023000000,2023年,297837,千円
30000000,3_鉱物性燃料,140,1月_金額,50236,236_ラトビア,2022000000,2022年,89383,千円
30000000,3_鉱物性燃料,140,1月_金額,50236,236_ラトビア,2021000000,2021年,55185,千円
30000000,3_鉱物性燃料,140,1月_金額,50237,237_リトアニア,2025000000,2025年,15760,千円
30000000,3_鉱物性燃料,140,1月_金額,50237,237_リトアニア,2024000000,2024年,21893,千円
30000000,3_鉱物性燃料,140,1月_金額,50237,237_リトアニア,2023000000,2023年,38931,千円
30000000,3_鉱物性燃料,140,1月_金額,50237,237_リトアニア,2022000000,2022年,27078,千円
30000000,3_鉱物性燃料,140,1月_金額,50237,237_リトアニア,2021000000,2021年,20501,千円
30000000,3_鉱物性燃料,140,1月_金額,50238,238_ウクライナ,2025000000,2025年,0,千円
30000000,3_鉱物性燃料,140,1月_金額,50238,238_ウクライナ,2024000000,2024年,1733,千円
30000000,3_鉱物性燃料,140,1月_金額,50238,238_ウクライナ,2023000000,2023年,365,千円
30000000,3_鉱物性燃料,140,1月_金額,50238,238_ウクライナ,2022000000,2022年,0,千円
30000000,3_鉱物性燃料,140,1月_金額,50238,238_ウクライナ,2021000000,2021年,384,千円
30000000,3_鉱物性燃料,140,1月_金額,50241,241_クロアチア,2025000000,2025年,0,千円
30000000,3_鉱物性燃料,140,1月_金額,50241,241_クロアチア,2021000000,2021年,0,千円
30000000,3_鉱物性燃料,140,1月_金額,50245,245_チェコ,2025000000,2025年,0,千円
30000000,3_鉱物性燃料,140,1月_金額,50245,245_チェコ,2024000000,2024年,0,千円
30000000,3_鉱物性燃料,140,1月_金額,50245,245_チェコ,2023000000,2023年,0,千円
30000000,3_鉱物性燃料,140,1月_金額,50245,245_チェコ,2021000000,2021年,1554,千円
30000000,3_鉱物性燃料,140,1月_金額,50246,246_スロバキア,2023000000,2023年,0,千円
30000000,3_鉱物性燃料,140,1月_金額,50302,302_カナダ,2025000000,2025年,46020704,千円
30000000,3_鉱物性燃料,140,1月_金額,50302,302_カナダ,2024000000,2024年,62428203,千円
30000000,3_鉱物性燃料,140,1月_金額,50302,302_カナダ,2023000000,2023年,53349724,千円
30000000,3_鉱物性燃料,140,1月_金額,50302,302_カナダ,2022000000,2022年,33700666,千円
30000000,3_鉱物性燃料,140,1月_金額,50302,302_カナダ,2021000000,2021年,16145470,千円
30000000,3_鉱物性燃料,140,1月_金額,50304,304_アメリカ合衆国,2025000000,2025年,154720282,千円
30000000,3_鉱物性燃料,140,1月_金額,50304,304_アメリカ合衆国,2024000000,2024年,234530090,千円
30000000,3_鉱物性燃料,140,1月_金額,50304,304_アメリカ合衆国,2023000000,2023年,188070294,千円
30000000,3_鉱物性燃料,140,1月_金額,50304,304_アメリカ合衆国,2022000000,2022年,158428529,千円
30000000,3_鉱物性燃料,140,1月_金額,50304,304_アメリカ合衆国,2021000000,2021年,114861773,千円
30000000,3_鉱物性燃料,140,1月_金額,50305,305_メキシコ,2025000000,2025年,0,千円
30000000,3_鉱物性燃料,140,1月_金額,50305,305_メキシコ,2024000000,2024年,9375357,千円
30000000,3_鉱物性燃料,140,1月_金額,50305,305_メキシコ,2023000000,2023年,0,千円
30000000,3_鉱物性燃料,140,1月_金額,50305,305_メキシコ,2022000000,2022年,15615,千円
30000000,3_鉱物性燃料,140,1月_金額,50305,305_メキシコ,2021000000,2021年,0,千円
30000000,3_鉱物性燃料,140,1月_金額,50309,309_エルサルバドル,2025000000,2025年,0,千円
30000000,3_鉱物性燃料,140,1月_金額,50309,309_エルサルバドル,2024000000,2024年,0,千円
30000000,3_鉱物性燃料,140,1月_金額,50309,309_エルサルバドル,2022000000,2022年,0,千円
30000000,3_鉱物性燃料,140,1月_金額,50311,311_コスタリカ,2025000000,2025年,957,千円
30000000,3_鉱物性燃料,140,1月_金額,50311,311_コスタリカ,2024000000,2024年,0,千円
30000000,3_鉱物性燃料,140,1月_金額,50311,311_コスタリカ,2023000000,2023年,1169,千円
30000000,3_鉱物性燃料,140,1月_金額,50311,311_コスタリカ,2022000000,2022年,261,千円
30000000,3_鉱物性燃料,140,1月_金額,50311,311_コスタリカ,2021000000,2021年,0,千円
30000000,3_鉱物性燃料,140,1月_金額,50312,312_パナマ,2024000000,2024年,0,千円
30000000,3_鉱物性燃料,140,1月_金額,50312,312_パナマ,2023000000,2023年,404,千円
30000000,3_鉱物性燃料,140,1月_金額,50312,312_パナマ,2022000000,2022年,0,千円
30000000,3_鉱物性燃料,140,1月_金額,50320,320_トリニダード・トバゴ,2024000000,2024年,0,千円
30000000,3_鉱物性燃料,140,1月_金額,50320,320_トリニダード・トバゴ,2023000000,2023年,0,千円
30000000,3_鉱物性燃料,140,1月_金額,50320,320_トリニダード・トバゴ,2022000000,2022年,3799492,千円
30000000,3_鉱物性燃料,140,1月_金額,50321,321_キューバ,2023000000,2023年,0,千円
30000000,3_鉱物性燃料,140,1月_金額,50328,328_ケイマン諸島(英),2023000000,2023年,0,千円
30000000,3_鉱物性燃料,140,1月_金額,50401,401_コロンビア,2025000000,2025年,3389121,千円
30000000,3_鉱物性燃料,140,1月_金額,50401,401_コロンビア,2024000000,2024年,1572236,千円
30000000,3_鉱物性燃料,140,1月_金額,50401,401_コロンビア,2023000000,2023年,69575,千円
30000000,3_鉱物性燃料,140,1月_金額,50401,401_コロンビア,2022000000,2022年,1762123,千円
30000000,3_鉱物性燃料,140,1月_金額,50401,401_コロンビア,2021000000,2021年,600515,千円
30000000,3_鉱物性燃料,140,1月_金額,50406,406_エクアドル,2025000000,2025年,18304570,千円
30000000,3_鉱物性燃料,140,1月_金額,50406,406_エクアドル,2024000000,2024年,22510680,千円
30000000,3_鉱物性燃料,140,1月_金額,50406,406_エクアドル,2023000000,2023年,11815791,千円
30000000,3_鉱物性燃料,140,1月_金額,50406,406_エクアドル,2022000000,2022年,11700901,千円
30000000,3_鉱物性燃料,140,1月_金額,50406,406_エクアドル,2021000000,2021年,7160285,千円
30000000,3_鉱物性燃料,140,1月_金額,50407,407_ペルー,2025000000,2025年,13675359,千円
30000000,3_鉱物性燃料,140,1月_金額,50407,407_ペルー,2024000000,2024年,16387520,千円
30000000,3_鉱物性燃料,140,1月_金額,50407,407_ペルー,2023000000,2023年,9517086,千円
30000000,3_鉱物性燃料,140,1月_金額,50407,407_ペルー,2022000000,2022年,9109312,千円
30000000,3_鉱物性燃料,140,1月_金額,50407,407_ペルー,2021000000,2021年,5976811,千円
30000000,3_鉱物性燃料,140,1月_金額,50409,409_チリ,2023000000,2023年,0,千円
30000000,3_鉱物性燃料,140,1月_金額,50409,409_チリ,2022000000,2022年,217,千円
30000000,3_鉱物性燃料,140,1月_金額,50410,410_ブラジル,2025000000,2025年,0,千円
30000000,3_鉱物性燃料,140,1月_金額,50410,410_ブラジル,2024000000,2024年,0,千円
30000000,3_鉱物性燃料,140,1月_金額,50410,410_ブラジル,2023000000,2023年,75683,千円
30000000,3_鉱物性燃料,140,1月_金額,50410,410_ブラジル,2022000000,2022年,9475,千円
30000000,3_鉱物性燃料,140,1月_金額,50410,410_ブラジル,2021000000,2021年,0,千円
30000000,3_鉱物性燃料,140,1月_金額,50411,411_パラグアイ,2023000000,2023年,347,千円
30000000,3_鉱物性燃料,140,1月_金額,50412,412_ウルグアイ,2022000000,2022年,0,千円
30000000,3_鉱物性燃料,140,1月_金額,50413,413_アルゼンチン,2023000000,2023年,0,千円
30000000,3_鉱物性燃料,140,1月_金額,50503,503_アルジェリア,2025000000,2025年,0,千円
30000000,3_鉱物性燃料,140,1月_金額,50503,503_アルジェリア,2024000000,2024年,0,千円
30000000,3_鉱物性燃料,140,1月_金額,50503,503_アルジェリア,2023000000,2023年,5890374,千円
30000000,3_鉱物性燃料,140,1月_金額,50503,503_アルジェリア,2022000000,2022年,0,千円
30000000,3_鉱物性燃料,140,1月_金額,50503,503_アルジェリア,2021000000,2021年,2799422,千円
30000000,3_鉱物性燃料,140,1月_金額,50505,505_リビア,2021000000,2021年,0,千円
30000000,3_鉱物性燃料,140,1月_金額,50506,506_エジプト,2025000000,2025年,14022,千円
30000000,3_鉱物性燃料,140,1月_金額,50506,506_エジプト,2024000000,2024年,11661,千円
30000000,3_鉱物性燃料,140,1月_金額,50506,506_エジプト,2023000000,2023年,13738700,千円
30000000,3_鉱物性燃料,140,1月_金額,50506,506_エジプト,2022000000,2022年,11165124,千円
30000000,3_鉱物性燃料,140,1月_金額,50506,506_エジプト,2021000000,2021年,6732641,千円
30000000,3_鉱物性燃料,140,1月_金額,50524,524_ナイジェリア,2025000000,2025年,14750813,千円
30000000,3_鉱物性燃料,140,1月_金額,50524,524_ナイジェリア,2024000000,2024年,0,千円
30000000,3_鉱物性燃料,140,1月_金額,50524,524_ナイジェリア,2023000000,2023年,0,千円
30000000,3_鉱物性燃料,140,1月_金額,50524,524_ナイジェリア,2022000000,2022年,0,千円
30000000,3_鉱物性燃料,140,1月_金額,50524,524_ナイジェリア,2021000000,2021年,7214906,千円
30000000,3_鉱物性燃料,140,1月_金額,50525,525_ニジェール,2025000000,2025年,0,千円
30000000,3_鉱物性燃料,140,1月_金額,50527,527_カメルーン,2024000000,2024年,0,千円
30000000,3_鉱物性燃料,140,1月_金額,50530,530_赤道ギニア,2025000000,2025年,0,千円
30000000,3_鉱物性燃料,140,1月_金額,50530,530_赤道ギニア,2024000000,2024年,0,千円
30000000,3_鉱物性燃料,140,1月_金額,50530,530_赤道ギニア,2023000000,2023年,14332879,千円
30000000,3_鉱物性燃料,140,1月_金額,50530,530_赤道ギニア,2022000000,2022年,0,千円
30000000,3_鉱物性燃料,140,1月_金額,50530,530_赤道ギニア,2021000000,2021年,0,千円
30000000,3_鉱物性燃料,140,1月_金額,50535,535_アンゴラ,2022000000,2022年,0,千円
30000000,3_鉱物性燃料,140,1月_金額,50545,545_モザンビーク,2025000000,2025年,2108913,千円
30000000,3_鉱物性燃料,140,1月_金額,50545,545_モザンビーク,2024000000,2024年,0,千円
30000000,3_鉱物性燃料,140,1月_金額,50545,545_モザンビーク,2023000000,2023年,605558,千円
30000000,3_鉱物性燃料,140,1月_金額,50545,545_モザンビーク,2022000000,2022年,1416391,千円
30000000,3_鉱物性燃料,140,1月_金額,50545,545_モザンビーク,2021000000,2021年,432012,千円
30000000,3_鉱物性燃料,140,1月_金額,50547,547_モーリシャス,2024000000,2024年,0,千円
30000000,3_鉱物性燃料,140,1月_金額,50547,547_モーリシャス,2022000000,2022年,0,千円
30000000,3_鉱物性燃料,140,1月_金額,50547,547_モーリシャス,2021000000,2021年,0,千円
30000000,3_鉱物性燃料,140,1月_金額,50551,551_南アフリカ共和国,2025000000,2025年,14129684,千円
30000000,3_鉱物性燃料,140,1月_金額,50551,551_南アフリカ共和国,2024000000,2024年,4984580,千円
30000000,3_鉱物性燃料,140,1月_金額,50551,551_南アフリカ共和国,2023000000,2023年,11788836,千円
30000000,3_鉱物性燃料,140,1月_金額,50551,551_南アフリカ共和国,2022000000,2022年,57863,千円
30000000,3_鉱物性燃料,140,1月_金額,50551,551_南アフリカ共和国,2021000000,2021年,60654,千円
30000000,3_鉱物性燃料,140,1月_金額,50560,560_南スーダン,2025000000,2025年,0,千円
30000000,3_鉱物性燃料,140,1月_金額,50560,560_南スーダン,2024000000,2024年,0,千円
30000000,3_鉱物性燃料,140,1月_金額,50560,560_南スーダン,2023000000,2023年,0,千円
30000000,3_鉱物性燃料,140,1月_金額,50560,560_南スーダン,2022000000,2022年,2892585,千円
30000000,3_鉱物性燃料,140,1月_金額,50560,560_南スーダン,2021000000,2021年,0,千円
30000000,3_鉱物性燃料,140,1月_金額,50601,601_オーストラリア,2025000000,2025年,527920585,千円
30000000,3_鉱物性燃料,140,1月_金額,50601,601_オーストラリア,2024000000,2024年,532404825,千円
30000000,3_鉱物性燃料,140,1月_金額,50601,601_オーストラリア,2023000000,2023年,856983691,千円
30000000,3_鉱物性燃料,140,1月_金額,50601,601_オーストラリア,2022000000,2022年,516002960,千円
30000000,3_鉱物性燃料,140,1月_金額,50601,601_オーストラリア,2021000000,2021年,238575458,千円
30000000,3_鉱物性燃料,140,1月_金額,50602,602_パプアニューギニア,2025000000,2025年,26202878,千円
30000000,3_鉱物性燃料,140,1月_金額,50602,602_パプアニューギニア,2024000000,2024年,24068000,千円
30000000,3_鉱物性燃料,140,1月_金額,50602,602_パプアニューギニア,2023000000,2023年,53739426,千円
30000000,3_鉱物性燃料,140,1月_金額,50602,602_パプアニューギニア,2022000000,2022年,17112635,千円
30000000,3_鉱物性燃料,140,1月_金額,50602,602_パプアニューギニア,2021000000,2021年,13492763,千円
30000000,3_鉱物性燃料,140,1月_金額,50606,606_ニュージーランド,2025000000,2025年,664089,千円
30000000,3_鉱物性燃料,140,1月_金額,50606,606_ニュージーランド,2024000000,2024年,0,千円
30000000,3_鉱物性燃料,140,1月_金額,50606,606_ニュージーランド,2023000000,2023年,0,千円
30000000,3_鉱物性燃料,140,1月_金額,50606,606_ニュージーランド,2022000000,2022年,1836753,千円
30000000,3_鉱物性燃料,140,1月_金額,50606,606_ニュージーランド,2021000000,2021年,686625,千円
30000000,3_鉱物性燃料,140,1月_金額,50618,618_ニューカレドニア(仏),2024000000,2024年,5728,千円
30000000,3_鉱物性燃料,140,1月_金額,50618,618_ニューカレドニア(仏),2023000000,2023年,0,千円
30000000,3_鉱物性燃料,140,1月_金額,50625,625_マーシャル,2024000000,2024年,0,千円
30000000,3_鉱物性燃料,140,1月_金額,50625,625_マーシャル,2022000000,2022年,0,千円
30000000,3_鉱物性燃料,140,1月_金額,50625,625_マーシャル,2021000000,2021年,0,千円
30000000,3_鉱物性燃料,140,1月_金額,50626,626_ミクロネシア,2021000000,2021年,0,千円
30000000,3_鉱物性燃料,140,1月_金額,50628,628_パラオ,2025000000,2025年,0,千円
30000000,3_鉱物性燃料,140,1月_金額,50702,702_不明,2025000000,2025年,33338,千円
30000000,3_鉱物性燃料,140,1月_金額,50702,702_不明,2024000000,2024年,26051,千円
30000000,3_鉱物性燃料,140,1月_金額,50702,702_不明,2023000000,2023年,9516,千円
30000000,3_鉱物性燃料,140,1月_金額,50702,702_不明,2022000000,2022年,4762,千円
30000000,3_鉱物性燃料,140,1月_金額,50702,702_不明,2021000000,2021年,11730,千円
30000000,3_鉱物性燃料,150,2月_数量,50103,103_大韓民国,2025000000,2025年,0,
30000000,3_鉱物性燃料,150,2月_数量,50103,103_大韓民国,2024000000,2024年,0,
30000000,3_鉱物性燃料,150,2月_数量,50103,103_大韓民国,2023000000,2023年,0,
30000000,3_鉱物性燃料,150,2月_数量,50103,103_大韓民国,2022000000,2022年,0,
30000000,3_鉱物性燃料,150,2月_数量,50103,103_大韓民国,2021000000,2021年,0,
30000000,3_鉱物性燃料,150,2月_数量,50105,105_中華人民共和国,2025000000,2025年,0,
30000000,3_鉱物性燃料,150,2月_数量,50105,105_中華人民共和国,2024000000,2024年,0,
30000000,3_鉱物性燃料,150,2月_数量,50105,105_中華人民共和国,2023000000,2023年,0,
30000000,3_鉱物性燃料,150,2月_数量,50105,105_中華人民共和国,2022000000,2022年,0,
30000000,3_鉱物性燃料,150,2月_数量,50105,105_中華人民共和国,2021000000,2021年,0,
30000000,3_鉱物性燃料,150,2月_数量,50106,106_台湾,2025000000,2025年,0,
30000000,3_鉱物性燃料,150,2月_数量,50106,106_台湾,2024000000,2024年,0,
30000000,3_鉱物性燃料,150,2月_数量,50106,106_台湾,2023000000,2023年,0,
30000000,3_鉱物性燃料,150,2月_数量,50106,106_台湾,2022000000,2022年,0,
30000000,3_鉱物性燃料,150,2月_数量,50106,106_台湾,2021000000,2021年,0,
30000000,3_鉱物性燃料,150,2月_数量,50108,108_香港,2025000000,2025年,0,
30000000,3_鉱物性燃料,150,2月_数量,50108,108_香港,2024000000,2024年,0,
30000000,3_鉱物性燃料,150,2月_数量,50108,108_香港,2023000000,2023年,0,
30000000,3_鉱物性燃料,150,2月_数量,50108,108_香港,2022000000,2022年,0,
30000000,3_鉱物性燃料,150,2月_数量,50108,108_香港,2021000000,2021年,0,
30000000,3_鉱物性燃料,150,2月_数量,50110,110_ベトナム,2025000000,2025年,0,
30000000,3_鉱物性燃料,150,2月_数量,50110,110_ベトナム,2024000000,2024年,0,
30000000,3_鉱物性燃料,150,2月_数量,50110,110_ベトナム,2023000000,2023年,0,
30000000,3_鉱物性燃料,150,2月_数量,50110,110_ベトナム,2022000000,2022年,0,
30000000,3_鉱物性燃料,150,2月_数量,50110,110_ベトナム,2021000000,2021年,0,
30000000,3_鉱物性燃料,150,2月_数量,50111,111_タイ,2025000000,2025年,0,
30000000,3_鉱物性燃料,150,2月_数量,50111,111_タイ,2024000000,2024年,0,
30000000,3_鉱物性燃料,150,2月_数量,50111,111_タイ,2023000000,2023年,0,
30000000,3_鉱物性燃料,150,2月_数量,50111,111_タイ,2022000000,2022年,0,
30000000,3_鉱物性燃料,150,2月_数量,50111,111_タイ,2021000000,2021年,0,
30000000,3_鉱物性燃料,150,2月_数量,50112,112_シンガポール,2025000000,2025年,0,
30000000,3_鉱物性燃料,150,2月_数量,50112,112_シンガポール,2024000000,2024年,0,
30000000,3_鉱物性燃料,150,2月_数量,50112,112_シンガポール,2023000000,2023年,0,
30000000,3_鉱物性燃料,150,2月_数量,50112,112_シンガポール,2022000000,2022年,0,
30000000,3_鉱物性燃料,150,2月_数量,50112,112_シンガポール,2021000000,2021年,0,
30000000,3_鉱物性燃料,150,2月_数量,50113,113_マレーシア,2025000000,2025年,0,
30000000,3_鉱物性燃料,150,2月_数量,50113,113_マレーシア,2024000000,2024年,0,
30000000,3_鉱物性燃料,150,2月_数量,50113,113_マレーシア,2023000000,2023年,0,
30000000,3_鉱物性燃料,150,2月_数量,50113,113_マレーシア,2022000000,2022年,0,
30000000,3_鉱物性燃料,150,2月_数量,50113,113_マレーシア,2021000000,2021年,0,
30000000,3_鉱物性燃料,150,2月_数量,50116,116_ブルネイ,2025000000,2025年,0,
30000000,3_鉱物性燃料,150,2月_数量,50116,116_ブルネイ,2024000000,2024年,0,
30000000,3_鉱物性燃料,150,2月_数量,50116,116_ブルネイ,2023000000,2023年,0,
30000000,3_鉱物性燃料,150,2月_数量,50116,116_ブルネイ,2022000000,2022年,0,
30000000,3_鉱物性燃料,150,2月_数量,50116,116_ブルネイ,2021000000,2021年,0,
30000000,3_鉱物性燃料,150,2月_数量,50117,117_フィリピン,2025000000,2025年,0,
30000000,3_鉱物性燃料,150,2月_数量,50117,117_フィリピン,2024000000,2024年,0,
30000000,3_鉱物性燃料,150,2月_数量,50117,117_フィリピン,2023000000,2023年,0,
30000000,3_鉱物性燃料,150,2月_数量,50117,117_フィリピン,2022000000,2022年,0,
30000000,3_鉱物性燃料,150,2月_数量,50117,117_フィリピン,2021000000,2021年,0,
30000000,3_鉱物性燃料,150,2月_数量,50118,118_インドネシア,2025000000,2025年,0,
30000000,3_鉱物性燃料,150,2月_数量,50118,118_インドネシア,2024000000,2024年,0,
30000000,3_鉱物性燃料,150,2月_数量,50118,118_インドネシア,2023000000,2023年,0,
30000000,3_鉱物性燃料,150,2月_数量,50118,118_インドネシア,2022000000,2022年,0,
30000000,3_鉱物性燃料,150,2月_数量,50118,118_インドネシア,2021000000,2021年,0,
30000000,3_鉱物性燃料,150,2月_数量,50123,123_インド,2025000000,2025年,0,
30000000,3_鉱物性燃料,150,2月_数量,50123,123_インド,2024000000,2024年,0,
30000000,3_鉱物性燃料,150,2月_数量,50123,123_インド,2023000000,2023年,0,
30000000,3_鉱物性燃料,150,2月_数量,50123,123_インド,2022000000,2022年,0,
30000000,3_鉱物性燃料,150,2月_数量,50123,123_インド,2021000000,2021年,0,
30000000,3_鉱物性燃料,150,2月_数量,50124,124_パキスタン,2025000000,2025年,0,
30000000,3_鉱物性燃料,150,2月_数量,50124,124_パキスタン,2023000000,2023年,0,
30000000,3_鉱物性燃料,150,2月_数量,50124,124_パキスタン,2022000000,2022年,0,
30000000,3_鉱物性燃料,150,2月_数量,50124,124_パキスタン,2021000000,2021年,0,
30000000,3_鉱物性燃料,150,2月_数量,50125,125_スリランカ,2025000000,2025年,0,
30000000,3_鉱物性燃料,150,2月_数量,50125,125_スリランカ,2024000000,2024年,0,
30000000,3_鉱物性燃料,150,2月_数量,50125,125_スリランカ,2023000000,2023年,0,
30000000,3_鉱物性燃料,150,2月_数量,50125,125_スリランカ,2022000000,2022年,0,
30000000,3_鉱物性燃料,150,2月_数量,50125,125_スリランカ,2021000000,2021年,0,
30000000,3_鉱物性燃料,150,2月_数量,50126,126_モルディブ,2022000000,2022年,0,
30000000,3_鉱物性燃料,150,2月_数量,50127,127_バングラデシュ,2024000000,2024年,0,
30000000,3_鉱物性燃料,150,2月_数量,50128,128_東ティモール,2025000000,2025年,0,
30000000,3_鉱物性燃料,150,2月_数量,50128,128_東ティモール,2023000000,2023年,0,
30000000,3_鉱物性燃料,150,2月_数量,50128,128_東ティモール,2022000000,2022年,0,
30000000,3_鉱物性燃料,150,2月_数量,50128,128_東ティモール,2021000000,2021年,0,
30000000,3_鉱物性燃料,150,2月_数量,50134,134_イラク,2025000000,2025年,0,
30000000,3_鉱物性燃料,150,2月_数量,50134,134_イラク,2024000000,2024年,0,
30000000,3_鉱物性燃料,150,2月_数量,50134,134_イラク,2023000000,2023年,0,
30000000,3_鉱物性燃料,150,2月_数量,50134,134_イラク,2021000000,2021年,0,
30000000,3_鉱物性燃料,150,2月_数量,50135,135_バーレーン,2025000000,2025年,0,
30000000,3_鉱物性燃料,150,2月_数量,50135,135_バーレーン,2024000000,2024年,0,
30000000,3_鉱物性燃料,150,2月_数量,50135,135_バーレーン,2023000000,2023年,0,
30000000,3_鉱物性燃料,150,2月_数量,50135,135_バーレーン,2022000000,2022年,0,
30000000,3_鉱物性燃料,150,2月_数量,50135,135_バーレーン,2021000000,2021年,0,
30000000,3_鉱物性燃料,150,2月_数量,50137,137_サウジアラビア,2025000000,2025年,0,
30000000,3_鉱物性燃料,150,2月_数量,50137,137_サウジアラビア,2024000000,2024年,0,
30000000,3_鉱物性燃料,150,2月_数量,50137,137_サウジアラビア,2023000000,2023年,0,
30000000,3_鉱物性燃料,150,2月_数量,50137,137_サウジアラビア,2022000000,2022年,0,
30000000,3_鉱物性燃料,150,2月_数量,50137,137_サウジアラビア,2021000000,2021年,0,
30000000,3_鉱物性燃料,150,2月_数量,50138,138_クウェート,2025000000,2025年,0,
30000000,3_鉱物性燃料,150,2月_数量,50138,138_クウェート,2024000000,2024年,0,
30000000,3_鉱物性燃料,150,2月_数量,50138,138_クウェート,2023000000,2023年,0,
30000000,3_鉱物性燃料,150,2月_数量,50138,138_クウェート,2022000000,2022年,0,
30000000,3_鉱物性燃料,150,2月_数量,50138,138_クウェート,2021000000,2021年,0,
30000000,3_鉱物性燃料,150,2月_数量,50140,140_カタール,2025000000,2025年,0,
30000000,3_鉱物性燃料,150,2月_数量,50140,140_カタール,2024000000,2024年,0,
30000000,3_鉱物性燃料,150,2月_数量,50140,140_カタール,2023000000,2023年,0,
30000000,3_鉱物性燃料,150,2月_数量,50140,140_カタール,2022000000,2022年,0,
30000000,3_鉱物性燃料,150,2月_数量,50140,140_カタール,2021000000,2021年,0,
30000000,3_鉱物性燃料,150,2月_数量,50141,141_オマーン,2025000000,2025年,0,
30000000,3_鉱物性燃料,150,2月_数量,50141,141_オマーン,2024000000,2024年,0,
30000000,3_鉱物性燃料,150,2月_数量,50141,141_オマーン,2023000000,2023年,0,
30000000,3_鉱物性燃料,150,2月_数量,50141,141_オマーン,2022000000,2022年,0,
30000000,3_鉱物性燃料,150,2月_数量,50141,141_オマーン,2021000000,2021年,0,
30000000,3_鉱物性燃料,150,2月_数量,50143,143_イスラエル,2025000000,2025年,0,
30000000,3_鉱物性燃料,150,2月_数量,50143,143_イスラエル,2024000000,2024年,0,
30000000,3_鉱物性燃料,150,2月_数量,50143,143_イスラエル,2023000000,2023年,0,
30000000,3_鉱物性燃料,150,2月_数量,50143,143_イスラエル,2022000000,2022年,0,
30000000,3_鉱物性燃料,150,2月_数量,50143,143_イスラエル,2021000000,2021年,0,
30000000,3_鉱物性燃料,150,2月_数量,50147,147_アラブ首長国連邦,2025000000,2025年,0,
30000000,3_鉱物性燃料,150,2月_数量,50147,147_アラブ首長国連邦,2024000000,2024年,0,
30000000,3_鉱物性燃料,150,2月_数量,50147,147_アラブ首長国連邦,2023000000,2023年,0,
30000000,3_鉱物性燃料,150,2月_数量,50147,147_アラブ首長国連邦,2022000000,2022年,0,
30000000,3_鉱物性燃料,150,2月_数量,50147,147_アラブ首長国連邦,2021000000,2021年,0,
30000000,3_鉱物性燃料,150,2月_数量,50153,153_カザフスタン,2025000000,2025年,0,
30000000,3_鉱物性燃料,150,2月_数量,50153,153_カザフスタン,2024000000,2024年,0,
30000000,3_鉱物性燃料,150,2月_数量,50153,153_カザフスタン,2023000000,2023年,0,
30000000,3_鉱物性燃料,150,2月_数量,50153,153_カザフスタン,2022000000,2022年,0,
30000000,3_鉱物性燃料,150,2月_数量,50153,153_カザフスタン,2021000000,2021年,0,
30000000,3_鉱物性燃料,150,2月_数量,50202,202_ノルウェー,2025000000,2025年,0,
30000000,3_鉱物性燃料,150,2月_数量,50202,202_ノルウェー,2024000000,2024年,0,
30000000,3_鉱物性燃料,150,2月_数量,50202,202_ノルウェー,2023000000,2023年,0,
30000000,3_鉱物性燃料,150,2月_数量,50202,202_ノルウェー,2022000000,2022年,0,
30000000,3_鉱物性燃料,150,2月_数量,50202,202_ノルウェー,2021000000,2021年,0,
30000000,3_鉱物性燃料,150,2月_数量,50203,203_スウェーデン,2025000000,2025年,0,
30000000,3_鉱物性燃料,150,2月_数量,50203,203_スウェーデン,2024000000,2024年,0,
30000000,3_鉱物性燃料,150,2月_数量,50203,203_スウェーデン,2023000000,2023年,0,
30000000,3_鉱物性燃料,150,2月_数量,50203,203_スウェーデン,2022000000,2022年,0,
30000000,3_鉱物性燃料,150,2月_数量,50203,203_スウェーデン,2021000000,2021年,0,
30000000,3_鉱物性燃料,150,2月_数量,50204,204_デンマーク,2025000000,2025年,0,
30000000,3_鉱物性燃料,150,2月_数量,50204,204_デンマーク,2024000000,2024年,0,
30000000,3_鉱物性燃料,150,2月_数量,50204,204_デンマーク,2023000000,2023年,0,
30000000,3_鉱物性燃料,150,2月_数量,50204,204_デンマーク,2022000000,2022年,0,
30000000,3_鉱物性燃料,150,2月_数量,50204,204_デンマーク,2021000000,2021年,0,
30000000,3_鉱物性燃料,150,2月_数量,50205,205_英国,2025000000,2025年,0,
30000000,3_鉱物性燃料,150,2月_数量,50205,205_英国,2024000000,2024年,0,
30000000,3_鉱物性燃料,150,2月_数量,50205,205_英国,2023000000,2023年,0,
30000000,3_鉱物性燃料,150,2月_数量,50205,205_英国,2022000000,2022年,0,
30000000,3_鉱物性燃料,150,2月_数量,50205,205_英国,2021000000,2021年,0,
30000000,3_鉱物性燃料,150,2月_数量,50206,206_アイルランド,2025000000,2025年,0,
30000000,3_鉱物性燃料,150,2月_数量,50206,206_アイルランド,2024000000,2024年,0,
30000000,3_鉱物性燃料,150,2月_数量,50206,206_アイルランド,2023000000,2023年,0,
30000000,3_鉱物性燃料,150,2月_数量,50206,206_アイルランド,2022000000,2022年,0,
30000000,3_鉱物性燃料,150,2月_数量,50206,206_アイルランド,2021000000,2021年,0,
30000000,3_鉱物性燃料,150,2月_数量,50207,207_オランダ,2025000000,2025年,0,
30000000,3_鉱物性燃料,150,2月_数量,50207,207_オランダ,2024000000,2024年,0,
30000000,3_鉱物性燃料,150,2月_数量,50207,207_オランダ,2023000000,2023年,0,
30000000,3_鉱物性燃料,150,2月_数量,50207,207_オランダ,2022000000,2022年,0,
30000000,3_鉱物性燃料,150,2月_数量,50207,207_オランダ,2021000000,2021年,0,
30000000,3_鉱物性燃料,150,2月_数量,50208,208_ベルギー,2025000000,2025年,0,
30000000,3_鉱物性燃料,150,2月_数量,50208,208_ベルギー,2024000000,2024年,0,
30000000,3_鉱物性燃料,150,2月_数量,50208,208_ベルギー,2023000000,2023年,0,
30000000,3_鉱物性燃料,150,2月_数量,50208,208_ベルギー,2022000000,2022年,0,
30000000,3_鉱物性燃料,150,2月_数量,50208,208_ベルギー,2021000000,2021年,0,
30000000,3_鉱物性燃料,150,2月_数量,50209,209_ルクセンブルク,2025000000,2025年,0,
30000000,3_鉱物性燃料,150,2月_数量,50209,209_ルクセンブルク,2021000000,2021年,0,
30000000,3_鉱物性燃料,150,2月_数量,50210,210_フランス,2025000000,2025年,0,
30000000,3_鉱物性燃料,150,2月_数量,50210,210_フランス,2024000000,2024年,0,
30000000,3_鉱物性燃料,150,2月_数量,50210,210_フランス,2023000000,2023年,0,
30000000,3_鉱物性燃料,150,2月_数量,50210,210_フランス,2022000000,2022年,0,
30000000,3_鉱物性燃料,150,2月_数量,50210,210_フランス,2021000000,2021年,0,
30000000,3_鉱物性燃料,150,2月_数量,50213,213_ドイツ,2025000000,2025年,0,
30000000,3_鉱物性燃料,150,2月_数量,50213,213_ドイツ,2024000000,2024年,0,
30000000,3_鉱物性燃料,150,2月_数量,50213,213_ドイツ,2023000000,2023年,0,
30000000,3_鉱物性燃料,150,2月_数量,50213,213_ドイツ,2022000000,2022年,0,
30000000,3_鉱物性燃料,150,2月_数量,50213,213_ドイツ,2021000000,2021年,0,
30000000,3_鉱物性燃料,150,2月_数量,50215,215_スイス,2025000000,2025年,0,
30000000,3_鉱物性燃料,150,2月_数量,50215,215_スイス,2024000000,2024年,0,
30000000,3_鉱物性燃料,150,2月_数量,50215,215_スイス,2023000000,2023年,0,
30000000,3_鉱物性燃料,150,2月_数量,50215,215_スイス,2022000000,2022年,0,
30000000,3_鉱物性燃料,150,2月_数量,50215,215_スイス,2021000000,2021年,0,
30000000,3_鉱物性燃料,150,2月_数量,50218,218_スペイン,2025000000,2025年,0,
30000000,3_鉱物性燃料,150,2月_数量,50218,218_スペイン,2024000000,2024年,0,
30000000,3_鉱物性燃料,150,2月_数量,50218,218_スペイン,2023000000,2023年,0,
30000000,3_鉱物性燃料,150,2月_数量,50218,218_スペイン,2022000000,2022年,0,
30000000,3_鉱物性燃料,150,2月_数量,50218,218_スペイン,2021000000,2021年,0,
30000000,3_鉱物性燃料,150,2月_数量,50220,220_イタリア,2025000000,2025年,0,
30000000,3_鉱物性燃料,150,2月_数量,50220,220_イタリア,2024000000,2024年,0,
30000000,3_鉱物性燃料,150,2月_数量,50220,220_イタリア,2023000000,2023年,0,
30000000,3_鉱物性燃料,150,2月_数量,50220,220_イタリア,2022000000,2022年,0,
30000000,3_鉱物性燃料,150,2月_数量,50220,220_イタリア,2021000000,2021年,0,
30000000,3_鉱物性燃料,150,2月_数量,50221,221_マルタ,2023000000,2023年,0,
30000000,3_鉱物性燃料,150,2月_数量,50221,221_マルタ,2021000000,2021年,0,
30000000,3_鉱物性燃料,150,2月_数量,50222,222_フィンランド,2025000000,2025年,0,
30000000,3_鉱物性燃料,150,2月_数量,50222,222_フィンランド,2024000000,2024年,0,
30000000,3_鉱物性燃料,150,2月_数量,50222,222_フィンランド,2023000000,2023年,0,
30000000,3_鉱物性燃料,150,2月_数量,50222,222_フィンランド,2022000000,2022年,0,
30000000,3_鉱物性燃料,150,2月_数量,50222,222_フィンランド,2021000000,2021年,0,
30000000,3_鉱物性燃料,150,2月_数量,50223,223_ポーランド,2025000000,2025年,0,
30000000,3_鉱物性燃料,150,2月_数量,50223,223_ポーランド,2024000000,2024年,0,
30000000,3_鉱物性燃料,150,2月_数量,50223,223_ポーランド,2023000000,2023年,0,
30000000,3_鉱物性燃料,150,2月_数量,50223,223_ポーランド,2022000000,2022年,0,
30000000,3_鉱物性燃料,150,2月_数量,50223,223_ポーランド,2021000000,2021年,0,
30000000,3_鉱物性燃料,150,2月_数量,50224,224_ロシア,2025000000,2025年,0,
30000000,3_鉱物性燃料,150,2月_数量,50224,224_ロシア,2024000000,2024年,0,
30000000,3_鉱物性燃料,150,2月_数量,50224,224_ロシア,2023000000,2023年,0,
30000000,3_鉱物性燃料,150,2月_数量,50224,224_ロシア,2022000000,2022年,0,
30000000,3_鉱物性燃料,150,2月_数量,50224,224_ロシア,2021000000,2021年,0,
30000000,3_鉱物性燃料,150,2月_数量,50225,225_オーストリア,2025000000,2025年,0,
30000000,3_鉱物性燃料,150,2月_数量,50225,225_オーストリア,2024000000,2024年,0,
30000000,3_鉱物性燃料,150,2月_数量,50225,225_オーストリア,2023000000,2023年,0,
30000000,3_鉱物性燃料,150,2月_数量,50225,225_オーストリア,2022000000,2022年,0,
30000000,3_鉱物性燃料,150,2月_数量,50225,225_オーストリア,2021000000,2021年,0,
30000000,3_鉱物性燃料,150,2月_数量,50227,227_ハンガリー,2025000000,2025年,0,
30000000,3_鉱物性燃料,150,2月_数量,50227,227_ハンガリー,2023000000,2023年,0,
30000000,3_鉱物性燃料,150,2月_数量,50227,227_ハンガリー,2021000000,2021年,0,
30000000,3_鉱物性燃料,150,2月_数量,50228,228_セルビア,2022000000,2022年,0,
30000000,3_鉱物性燃料,150,2月_数量,50228,228_セルビア,2021000000,2021年,0,
30000000,3_鉱物性燃料,150,2月_数量,50230,230_ギリシャ,2025000000,2025年,0,
30000000,3_鉱物性燃料,150,2月_数量,50230,230_ギリシャ,2024000000,2024年,0,
30000000,3_鉱物性燃料,150,2月_数量,50230,230_ギリシャ,2023000000,2023年,0,
30000000,3_鉱物性燃料,150,2月_数量,50230,230_ギリシャ,2022000000,2022年,0,
30000000,3_鉱物性燃料,150,2月_数量,50230,230_ギリシャ,2021000000,2021年,0,
30000000,3_鉱物性燃料,150,2月_数量,50231,231_ルーマニア,2025000000,2025年,0,
30000000,3_鉱物性燃料,150,2月_数量,50231,231_ルーマニア,2021000000,2021年,0,
30000000,3_鉱物性燃料,150,2月_数量,50232,232_ブルガリア,2023000000,2023年,0,
30000000,3_鉱物性燃料,150,2月_数量,50232,232_ブルガリア,2022000000,2022年,0,
30000000,3_鉱物性燃料,150,2月_数量,50234,234_トルコ,2025000000,2025年,0,
30000000,3_鉱物性燃料,150,2月_数量,50234,234_トルコ,2024000000,2024年,0,
30000000,3_鉱物性燃料,150,2月_数量,50234,234_トルコ,2023000000,2023年,0,
30000000,3_鉱物性燃料,150,2月_数量,50234,234_トルコ,2022000000,2022年,0,
30000000,3_鉱物性燃料,150,2月_数量,50234,234_トルコ,2021000000,2021年,0,
30000000,3_鉱物性燃料,150,2月_数量,50235,235_エストニア,2025000000,2025年,0,
30000000,3_鉱物性燃料,150,2月_数量,50235,235_エストニア,2024000000,2024年,0,
30000000,3_鉱物性燃料,150,2月_数量,50235,235_エストニア,2023000000,2023年,0,
30000000,3_鉱物性燃料,150,2月_数量,50235,235_エストニア,2022000000,2022年,0,
30000000,3_鉱物性燃料,150,2月_数量,50235,235_エストニア,2021000000,2021年,0,
30000000,3_鉱物性燃料,150,2月_数量,50236,236_ラトビア,2025000000,2025年,0,
30000000,3_鉱物性燃料,150,2月_数量,50236,236_ラトビア,2024000000,2024年,0,
30000000,3_鉱物性燃料,150,2月_数量,50236,236_ラトビア,2023000000,2023年,0,
30000000,3_鉱物性燃料,150,2月_数量,50236,236_ラトビア,2022000000,2022年,0,
30000000,3_鉱物性燃料,150,2月_数量,50236,236_ラトビア,2021000000,2021年,0,
30000000,3_鉱物性燃料,150,2月_数量,50237,237_リトアニア,2025000000,2025年,0,
30000000,3_鉱物性燃料,150,2月_数量,50237,237_リトアニア,2024000000,2024年,0,
30000000,3_鉱物性燃料,150,2月_数量,50237,237_リトアニア,2023000000,2023年,0,
30000000,3_鉱物性燃料,150,2月_数量,50237,237_リトアニア,2022000000,2022年,0,
30000000,3_鉱物性燃料,150,2月_数量,50237,237_リトアニア,2021000000,2021年,0,
30000000,3_鉱物性燃料,150,2月_数量,50238,238_ウクライナ,2025000000,2025年,0,
30000000,3_鉱物性燃料,150,2月_数量,50238,238_ウクライナ,2024000000,2024年,0,
30000000,3_鉱物性燃料,150,2月_数量,50238,238_ウクライナ,2023000000,2023年,0,
30000000,3_鉱物性燃料,150,2月_数量,50238,238_ウクライナ,2022000000,2022年,0,
30000000,3_鉱物性燃料,150,2月_数量,50238,238_ウクライナ,2021000000,2021年,0,
30000000,3_鉱物性燃料,150,2月_数量,50241,241_クロアチア,2025000000,2025年,0,
30000000,3_鉱物性燃料,150,2月_数量,50241,241_クロアチア,2021000000,2021年,0,
30000000,3_鉱物性燃料,150,2月_数量,50245,245_チェコ,2025000000,2025年,0,
30000000,3_鉱物性燃料,150,2月_数量,50245,245_チェコ,2024000000,2024年,0,
30000000,3_鉱物性燃料,150,2月_数量,50245,245_チェコ,2023000000,2023年,0,
30000000,3_鉱物性燃料,150,2月_数量,50245,245_チェコ,2021000000,2021年,0,
30000000,3_鉱物性燃料,150,2月_数量,50246,246_スロバキア,2023000000,2023年,0,
30000000,3_鉱物性燃料,150,2月_数量,50302,302_カナダ,2025000000,2025年,0,
30000000,3_鉱物性燃料,150,2月_数量,50302,302_カナダ,2024000000,2024年,0,
30000000,3_鉱物性燃料,150,2月_数量,50302,302_カナダ,2023000000,2023年,0,
30000000,3_鉱物性燃料,150,2月_数量,50302,302_カナダ,2022000000,2022年,0,
30000000,3_鉱物性燃料,150,2月_数量,50302,302_カナダ,2021000000,2021年,0,
30000000,3_鉱物性燃料,150,2月_数量,50304,304_アメリカ合衆国,2025000000,2025年,0,
30000000,3_鉱物性燃料,150,2月_数量,50304,304_アメリカ合衆国,2024000000,2024年,0,
30000000,3_鉱物性燃料,150,2月_数量,50304,304_アメリカ合衆国,2023000000,2023年,0,
30000000,3_鉱物性燃料,150,2月_数量,50304,304_アメリカ合衆国,2022000000,2022年,0,
30000000,3_鉱物性燃料,150,2月_数量,50304,304_アメリカ合衆国,2021000000,2021年,0,
30000000,3_鉱物性燃料,150,2月_数量,50305,305_メキシコ,2025000000,2025年,0,
30000000,3_鉱物性燃料,150,2月_数量,50305,305_メキシコ,2024000000,2024年,0,
30000000,3_鉱物性燃料,150,2月_数量,50305,305_メキシコ,2023000000,2023年,0,
30000000,3_鉱物性燃料,150,2月_数量,50305,305_メキシコ,2022000000,2022年,0,
30000000,3_鉱物性燃料,150,2月_数量,50305,305_メキシコ,2021000000,2021年,0,
30000000,3_鉱物性燃料,150,2月_数量,50309,309_エルサルバドル,2025000000,2025年,0,
30000000,3_鉱物性燃料,150,2月_数量,50309,309_エルサルバドル,2024000000,2024年,0,
30000000,3_鉱物性燃料,150,2月_数量,50309,309_エルサルバドル,2022000000,2022年,0,
30000000,3_鉱物性燃料,150,2月_数量,50311,311_コスタリカ,2025000000,2025年,0,
30000000,3_鉱物性燃料,150,2月_数量,50311,311_コスタリカ,2024000000,2024年,0,
30000000,3_鉱物性燃料,150,2月_数量,50311,311_コスタリカ,2023000000,2023年,0,
30000000,3_鉱物性燃料,150,2月_数量,50311,311_コスタリカ,2022000000,2022年,0,
30000000,3_鉱物性燃料,150,2月_数量,50311,311_コスタリカ,2021000000,2021年,0,
30000000,3_鉱物性燃料,150,2月_数量,50312,312_パナマ,2024000000,2024年,0,
30000000,3_鉱物性燃料,150,2月_数量,50312,312_パナマ,2023000000,2023年,0,
30000000,3_鉱物性燃料,150,2月_数量,50312,312_パナマ,2022000000,2022年,0,
30000000,3_鉱物性燃料,150,2月_数量,50320,320_トリニダード・トバゴ,2024000000,2024年,0,
30000000,3_鉱物性燃料,150,2月_数量,50320,320_トリニダード・トバゴ,2023000000,2023年,0,
30000000,3_鉱物性燃料,150,2月_数量,50320,320_トリニダード・トバゴ,2022000000,2022年,0,
30000000,3_鉱物性燃料,150,2月_数量,50321,321_キューバ,2023000000,2023年,0,
30000000,3_鉱物性燃料,150,2月_数量,50328,328_ケイマン諸島(英),2023000000,2023年,0,
30000000,3_鉱物性燃料,150,2月_数量,50401,401_コロンビア,2025000000,2025年,0,
30000000,3_鉱物性燃料,150,2月_数量,50401,401_コロンビア,2024000000,2024年,0,
30000000,3_鉱物性燃料,150,2月_数量,50401,401_コロンビア,2023000000,2023年,0,
30000000,3_鉱物性燃料,150,2月_数量,50401,401_コロンビア,2022000000,2022年,0,
30000000,3_鉱物性燃料,150,2月_数量,50401,401_コロンビア,2021000000,2021年,0,
30000000,3_鉱物性燃料,150,2月_数量,50406,406_エクアドル,2025000000,2025年,0,
30000000,3_鉱物性燃料,150,2月_数量,50406,406_エクアドル,2024000000,2024年,0,
30000000,3_鉱物性燃料,150,2月_数量,50406,406_エクアドル,2023000000,2023年,0,
30000000,3_鉱物性燃料,150,2月_数量,50406,406_エクアドル,2022000000,2022年,0,
30000000,3_鉱物性燃料,150,2月_数量,50406,406_エクアドル,2021000000,2021年,0,
30000000,3_鉱物性燃料,150,2月_数量,50407,407_ペルー,2025000000,2025年,0,
30000000,3_鉱物性燃料,150,2月_数量,50407,407_ペルー,2024000000,2024年,0,
30000000,3_鉱物性燃料,150,2月_数量,50407,407_ペルー,2023000000,2023年,0,
30000000,3_鉱物性燃料,150,2月_数量,50407,407_ペルー,2022000000,2022年,0,
30000000,3_鉱物性燃料,150,2月_数量,50407,407_ペルー,2021000000,2021年,0,
30000000,3_鉱物性燃料,150,2月_数量,50409,409_チリ,2023000000,2023年,0,
30000000,3_鉱物性燃料,150,2月_数量,50409,409_チリ,2022000000,2022年,0,
30000000,3_鉱物性燃料,150,2月_数量,50410,410_ブラジル,2025000000,2025年,0,
30000000,3_鉱物性燃料,150,2月_数量,50410,410_ブラジル,2024000000,2024年,0,
30000000,3_鉱物性燃料,150,2月_数量,50410,410_ブラジル,2023000000,2023年,0,
30000000,3_鉱物性燃料,150,2月_数量,50410,410_ブラジル,2022000000,2022年,0,
30000000,3_鉱物性燃料,150,2月_数量,50410,410_ブラジル,2021000000,2021年,0,
30000000,3_鉱物性燃料,150,2月_数量,50411,411_パラグアイ,2023000000,2023年,0,
30000000,3_鉱物性燃料,150,2月_数量,50412,412_ウルグアイ,2022000000,2022年,0,
30000000,3_鉱物性燃料,150,2月_数量,50413,413_アルゼンチン,2023000000,2023年,0,
30000000,3_鉱物性燃料,150,2月_数量,50503,503_アルジェリア,2025000000,2025年,0,
30000000,3_鉱物性燃料,150,2月_数量,50503,503_アルジェリア,2024000000,2024年,0,
30000000,3_鉱物性燃料,150,2月_数量,50503,503_アルジェリア,2023000000,2023年,0,
30000000,3_鉱物性燃料,150,2月_数量,50503,503_アルジェリア,2022000000,2022年,0,
30000000,3_鉱物性燃料,150,2月_数量,50503,503_アルジェリア,2021000000,2021年,0,
30000000,3_鉱物性燃料,150,2月_数量,50505,505_リビア,2021000000,2021年,0,
30000000,3_鉱物性燃料,150,2月_数量,50506,506_エジプト,2025000000,2025年,0,
30000000,3_鉱物性燃料,150,2月_数量,50506,506_エジプト,2024000000,2024年,0,
30000000,3_鉱物性燃料,150,2月_数量,50506,506_エジプト,2023000000,2023年,0,
30000000,3_鉱物性燃料,150,2月_数量,50506,506_エジプト,2022000000,2022年,0,
30000000,3_鉱物性燃料,150,2月_数量,50506,506_エジプト,2021000000,2021年,0,
30000000,3_鉱物性燃料,150,2月_数量,50524,524_ナイジェリア,2025000000,2025年,0,
30000000,3_鉱物性燃料,150,2月_数量,50524,524_ナイジェリア,2024000000,2024年,0,
30000000,3_鉱物性燃料,150,2月_数量,50524,524_ナイジェリア,2023000000,2023年,0,
30000000,3_鉱物性燃料,150,2月_数量,50524,524_ナイジェリア,2022000000,2022年,0,
30000000,3_鉱物性燃料,150,2月_数量,50524,524_ナイジェリア,2021000000,2021年,0,
30000000,3_鉱物性燃料,150,2月_数量,50525,525_ニジェール,2025000000,2025年,0,
30000000,3_鉱物性燃料,150,2月_数量,50527,527_カメルーン,2024000000,2024年,0,
30000000,3_鉱物性燃料,150,2月_数量,50530,530_赤道ギニア,2025000000,2025年,0,
30000000,3_鉱物性燃料,150,2月_数量,50530,530_赤道ギニア,2024000000,2024年,0,
30000000,3_鉱物性燃料,150,2月_数量,50530,530_赤道ギニア,2023000000,2023年,0,
30000000,3_鉱物性燃料,150,2月_数量,50530,530_赤道ギニア,2022000000,2022年,0,
30000000,3_鉱物性燃料,150,2月_数量,50530,530_赤道ギニア,2021000000,2021年,0,
30000000,3_鉱物性燃料,150,2月_数量,50535,535_アンゴラ,2022000000,2022年,0,
30000000,3_鉱物性燃料,150,2月_数量,50545,545_モザンビーク,2025000000,2025年,0,
30000000,3_鉱物性燃料,150,2月_数量,50545,545_モザンビーク,2024000000,2024年,0,
30000000,3_鉱物性燃料,150,2月_数量,50545,545_モザンビーク,2023000000,2023年,0,
30000000,3_鉱物性燃料,150,2月_数量,50545,545_モザンビーク,2022000000,2022年,0,
30000000,3_鉱物性燃料,150,2月_数量,50545,545_モザンビーク,2021000000,2021年,0,
30000000,3_鉱物性燃料,150,2月_数量,50547,547_モーリシャス,2024000000,2024年,0,
30000000,3_鉱物性燃料,150,2月_数量,50547,547_モーリシャス,2022000000,2022年,0,
30000000,3_鉱物性燃料,150,2月_数量,50547,547_モーリシャス,2021000000,2021年,0,
30000000,3_鉱物性燃料,150,2月_数量,50551,551_南アフリカ共和国,2025000000,2025年,0,
30000000,3_鉱物性燃料,150,2月_数量,50551,551_南アフリカ共和国,2024000000,2024年,0,
30000000,3_鉱物性燃料,150,2月_数量,50551,551_南アフリカ共和国,2023000000,2023年,0,
30000000,3_鉱物性燃料,150,2月_数量,50551,551_南アフリカ共和国,2022000000,2022年,0,
30000000,3_鉱物性燃料,150,2月_数量,50551,551_南アフリカ共和国,2021000000,2021年,0,
30000000,3_鉱物性燃料,150,2月_数量,50560,560_南スーダン,2025000000,2025年,0,
30000000,3_鉱物性燃料,150,2月_数量,50560,560_南スーダン,2024000000,2024年,0,
30000000,3_鉱物性燃料,150,2月_数量,50560,560_南スーダン,2023000000,2023年,0,
30000000,3_鉱物性燃料,150,2月_数量,50560,560_南スーダン,2022000000,2022年,0,
30000000,3_鉱物性燃料,150,2月_数量,50560,560_南スーダン,2021000000,2021年,0,
30000000,3_鉱物性燃料,150,2月_数量,50601,601_オーストラリア,2025000000,2025年,0,
30000000,3_鉱物性燃料,150,2月_数量,50601,601_オーストラリア,2024000000,2024年,0,
30000000,3_鉱物性燃料,150,2月_数量,50601,601_オーストラリア,2023000000,2023年,0,
30000000,3_鉱物性燃料,150,2月_数量,50601,601_オーストラリア,2022000000,2022年,0,
30000000,3_鉱物性燃料,150,2月_数量,50601,601_オーストラリア,2021000000,2021年,0,
30000000,3_鉱物性燃料,150,2月_数量,50602,602_パプアニューギニア,2025000000,2025年,0,
30000000,3_鉱物性燃料,150,2月_数量,50602,602_パプアニューギニア,2024000000,2024年,0,
30000000,3_鉱物性燃料,150,2月_数量,50602,602_パプアニューギニア,2023000000,2023年,0,
30000000,3_鉱物性燃料,150,2月_数量,50602,602_パプアニューギニア,2022000000,2022年,0,
30000000,3_鉱物性燃料,150,2月_数量,50602,602_パプアニューギニア,2021000000,2021年,0,
30000000,3_鉱物性燃料,150,2月_数量,50606,606_ニュージーランド,2025000000,2025年,0,
30000000,3_鉱物性燃料,150,2月_数量,50606,606_ニュージーランド,2024000000,2024年,0,
30000000,3_鉱物性燃料,150,2月_数量,50606,606_ニュージーランド,2023000000,2023年,0,
30000000,3_鉱物性燃料,150,2月_数量,50606,606_ニュージーランド,2022000000,2022年,0,
30000000,3_鉱物性燃料,150,2月_数量,50606,606_ニュージーランド,2021000000,2021年,0,
30000000,3_鉱物性燃料,150,2月_数量,50618,618_ニューカレドニア(仏),2024000000,2024年,0,
30000000,3_鉱物性燃料,150,2月_数量,50618,618_ニューカレドニア(仏),2023000000,2023年,0,
30000000,3_鉱物性燃料,150,2月_数量,50625,625_マーシャル,2024000000,2024年,0,
30000000,3_鉱物性燃料,150,2月_数量,50625,625_マーシャル,2022000000,2022年,0,
30000000,3_鉱物性燃料,150,2月_数量,50625,625_マーシャル,2021000000,2021年,0,
30000000,3_鉱物性燃料,150,2月_数量,50626,626_ミクロネシア,2021000000,2021年,0,
30000000,3_鉱物性燃料,150,2月_数量,50628,628_パラオ,2025000000,2025年,0,
30000000,3_鉱物性燃料,150,2月_数量,50702,702_不明,2025000000,2025年,0,
30000000,3_鉱物性燃料,150,2月_数量,50702,702_不明,2024000000,2024年,0,
30000000,3_鉱物性燃料,150,2月_数量,50702,702_不明,2023000000,2023年,0,
30000000,3_鉱物性燃料,150,2月_数量,50702,702_不明,2022000000,2022年,0,
30000000,3_鉱物性燃料,150,2月_数量,50702,702_不明,2021000000,2021年,0,
30000000,3_鉱物性燃料,160,2月_金額,50103,103_大韓民国,2025000000,2025年,92829549,千円
30000000,3_鉱物性燃料,160,2月_金額,50103,103_大韓民国,2024000000,2024年,71185161,千円
30000000,3_鉱物性燃料,160,2月_金額,50103,103_大韓民国,2023000000,2023年,61275247,千円
30000000,3_鉱物性燃料,160,2月_金額,50103,103_大韓民国,2022000000,2022年,52045426,千円
30000000,3_鉱物性燃料,160,2月_金額,50103,103_大韓民国,2021000000,2021年,33973926,千円
30000000,3_鉱物性燃料,160,2月_金額,50105,105_中華人民共和国,2025000000,2025年,25391024,千円
30000000,3_鉱物性燃料,160,2月_金額,50105,105_中華人民共和国,2024000000,2024年,27954159,千円
30000000,3_鉱物性燃料,160,2月_金額,50105,105_中華人民共和国,2023000000,2023年,15383144,千円
30000000,3_鉱物性燃料,160,2月_金額,50105,105_中華人民共和国,2022000000,2022年,17468118,千円
30000000,3_鉱物性燃料,160,2月_金額,50105,105_中華人民共和国,2021000000,2021年,13514531,千円
30000000,3_鉱物性燃料,160,2月_金額,50106,106_台湾,2025000000,2025年,537058,千円
30000000,3_鉱物性燃料,160,2月_金額,50106,106_台湾,2024000000,2024年,490653,千円
30000000,3_鉱物性燃料,160,2月_金額,50106,106_台湾,2023000000,2023年,139994,千円
30000000,3_鉱物性燃料,160,2月_金額,50106,106_台湾,2022000000,2022年,98165,千円
30000000,3_鉱物性燃料,160,2月_金額,50106,106_台湾,2021000000,2021年,78308,千円
30000000,3_鉱物性燃料,160,2月_金額,50108,108_香港,2025000000,2025年,21651,千円
30000000,3_鉱物性燃料,160,2月_金額,50108,108_香港,2024000000,2024年,23297,千円
30000000,3_鉱物性燃料,160,2月_金額,50108,108_香港,2023000000,2023年,32421,千円
30000000,3_鉱物性燃料,160,2月_金額,50108,108_香港,2022000000,2022年,13484,千円
30000000,3_鉱物性燃料,160,2月_金額,50108,108_香港,2021000000,2021年,1559,千円
30000000,3_鉱物性燃料,160,2月_金額,50110,110_ベトナム,2025000000,2025年,619937,千円
30000000,3_鉱物性燃料,160,2月_金額,50110,110_ベトナム,2024000000,2024年,1755140,千円
30000000,3_鉱物性燃料,160,2月_金額,50110,110_ベトナム,2023000000,2023年,133252,千円
30000000,3_鉱物性燃料,160,2月_金額,50110,110_ベトナム,2022000000,2022年,6034573,千円
30000000,3_鉱物性燃料,160,2月_金額,50110,110_ベトナム,2021000000,2021年,390681,千円
30000000,3_鉱物性燃料,160,2月_金額,50111,111_タイ,2025000000,2025年,150879,千円
30000000,3_鉱物性燃料,160,2月_金額,50111,111_タイ,2024000000,2024年,235045,千円
30000000,3_鉱物性燃料,160,2月_金額,50111,111_タイ,2023000000,2023年,3819932,千円
30000000,3_鉱物性燃料,160,2月_金額,50111,111_タイ,2022000000,2022年,60132,千円
30000000,3_鉱物性燃料,160,2月_金額,50111,111_タイ,2021000000,2021年,6428237,千円
30000000,3_鉱物性燃料,160,2月_金額,50112,112_シンガポール,2025000000,2025年,2847114,千円
30000000,3_鉱物性燃料,160,2月_金額,50112,112_シンガポール,2024000000,2024年,801285,千円
30000000,3_鉱物性燃料,160,2月_金額,50112,112_シンガポール,2023000000,2023年,4890920,千円
30000000,3_鉱物性燃料,160,2月_金額,50112,112_シンガポール,2022000000,2022年,10744231,千円
30000000,3_鉱物性燃料,160,2月_金額,50112,112_シンガポール,2021000000,2021年,716730,千円
30000000,3_鉱物性燃料,160,2月_金額,50113,113_マレーシア,2025000000,2025年,82749761,千円
30000000,3_鉱物性燃料,160,2月_金額,50113,113_マレーシア,2024000000,2024年,105822534,千円
30000000,3_鉱物性燃料,160,2月_金額,50113,113_マレーシア,2023000000,2023年,141809870,千円
30000000,3_鉱物性燃料,160,2月_金額,50113,113_マレーシア,2022000000,2022年,81832035,千円
30000000,3_鉱物性燃料,160,2月_金額,50113,113_マレーシア,2021000000,2021年,59510422,千円
30000000,3_鉱物性燃料,160,2月_金額,50116,116_ブルネイ,2025000000,2025年,44934592,千円
30000000,3_鉱物性燃料,160,2月_金額,50116,116_ブルネイ,2024000000,2024年,23802329,千円
30000000,3_鉱物性燃料,160,2月_金額,50116,116_ブルネイ,2023000000,2023年,38572162,千円
30000000,3_鉱物性燃料,160,2月_金額,50116,116_ブルネイ,2022000000,2022年,30628194,千円
30000000,3_鉱物性燃料,160,2月_金額,50116,116_ブルネイ,2021000000,2021年,21868731,千円
30000000,3_鉱物性燃料,160,2月_金額,50117,117_フィリピン,2025000000,2025年,3741,千円
30000000,3_鉱物性燃料,160,2月_金額,50117,117_フィリピン,2024000000,2024年,3723,千円
30000000,3_鉱物性燃料,160,2月_金額,50117,117_フィリピン,2023000000,2023年,1317173,千円
30000000,3_鉱物性燃料,160,2月_金額,50117,117_フィリピン,2022000000,2022年,0,千円
30000000,3_鉱物性燃料,160,2月_金額,50117,117_フィリピン,2021000000,2021年,0,千円
30000000,3_鉱物性燃料,160,2月_金額,50118,118_インドネシア,2025000000,2025年,73785902,千円
30000000,3_鉱物性燃料,160,2月_金額,50118,118_インドネシア,2024000000,2024年,91755882,千円
30000000,3_鉱物性燃料,160,2月_金額,50118,118_インドネシア,2023000000,2023年,158236412,千円
30000000,3_鉱物性燃料,160,2月_金額,50118,118_インドネシア,2022000000,2022年,79561889,千円
30000000,3_鉱物性燃料,160,2月_金額,50118,118_インドネシア,2021000000,2021年,32974359,千円
30000000,3_鉱物性燃料,160,2月_金額,50123,123_インド,2025000000,2025年,10597730,千円
30000000,3_鉱物性燃料,160,2月_金額,50123,123_インド,2024000000,2024年,206,千円
30000000,3_鉱物性燃料,160,2月_金額,50123,123_インド,2023000000,2023年,2395,千円
30000000,3_鉱物性燃料,160,2月_金額,50123,123_インド,2022000000,2022年,8125675,千円
30000000,3_鉱物性燃料,160,2月_金額,50123,123_インド,2021000000,2021年,1712152,千円
30000000,3_鉱物性燃料,160,2月_金額,50124,124_パキスタン,2025000000,2025年,0,千円
30000000,3_鉱物性燃料,160,2月_金額,50124,124_パキスタン,2023000000,2023年,0,千円
30000000,3_鉱物性燃料,160,2月_金額,50124,124_パキスタン,2022000000,2022年,0,千円
30000000,3_鉱物性燃料,160,2月_金額,50124,124_パキスタン,2021000000,2021年,1758819,千円
30000000,3_鉱物性燃料,160,2月_金額,50125,125_スリランカ,2025000000,2025年,2578,千円
30000000,3_鉱物性燃料,160,2月_金額,50125,125_スリランカ,2024000000,2024年,1564,千円
30000000,3_鉱物性燃料,160,2月_金額,50125,125_スリランカ,2023000000,2023年,0,千円
30000000,3_鉱物性燃料,160,2月_金額,50125,125_スリランカ,2022000000,2022年,0,千円
30000000,3_鉱物性燃料,160,2月_金額,50125,125_スリランカ,2021000000,2021年,0,千円
30000000,3_鉱物性燃料,160,2月_金額,50126,126_モルディブ,2022000000,2022年,0,千円
30000000,3_鉱物性燃料,160,2月_金額,50127,127_バングラデシュ,2024000000,2024年,0,千円
30000000,3_鉱物性燃料,160,2月_金額,50128,128_東ティモール,2025000000,2025年,0,千円
30000000,3_鉱物性燃料,160,2月_金額,50128,128_東ティモール,2023000000,2023年,380252,千円
30000000,3_鉱物性燃料,160,2月_金額,50128,128_東ティモール,2022000000,2022年,3062772,千円
30000000,3_鉱物性燃料,160,2月_金額,50128,128_東ティモール,2021000000,2021年,0,千円
30000000,3_鉱物性燃料,160,2月_金額,50134,134_イラク,2025000000,2025年,0,千円
30000000,3_鉱物性燃料,160,2月_金額,50134,134_イラク,2024000000,2024年,0,千円
30000000,3_鉱物性燃料,160,2月_金額,50134,134_イラク,2023000000,2023年,0,千円
30000000,3_鉱物性燃料,160,2月_金額,50134,134_イラク,2021000000,2021年,0,千円
30000000,3_鉱物性燃料,160,2月_金額,50135,135_バーレーン,2025000000,2025年,6581503,千円
30000000,3_鉱物性燃料,160,2月_金額,50135,135_バーレーン,2024000000,2024年,5854376,千円
30000000,3_鉱物性燃料,160,2月_金額,50135,135_バーレーン,2023000000,2023年,5892741,千円
30000000,3_鉱物性燃料,160,2月_金額,50135,135_バーレーン,2022000000,2022年,5254334,千円
30000000,3_鉱物性燃料,160,2月_金額,50135,135_バーレーン,2021000000,2021年,12467464,千円
30000000,3_鉱物性燃料,160,2月_金額,50137,137_サウジアラビア,2025000000,2025年,377575699,千円
30000000,3_鉱物性燃料,160,2月_金額,50137,137_サウジアラビア,2024000000,2024年,351066412,千円
30000000,3_鉱物性燃料,160,2月_金額,50137,137_サウジアラビア,2023000000,2023年,419302389,千円
30000000,3_鉱物性燃料,160,2月_金額,50137,137_サウジアラビア,2022000000,2022年,328241501,千円
30000000,3_鉱物性燃料,160,2月_金額,50137,137_サウジアラビア,2021000000,2021年,209102243,千円
30000000,3_鉱物性燃料,160,2月_金額,50138,138_クウェート,2025000000,2025年,70062129,千円
30000000,3_鉱物性燃料,160,2月_金額,50138,138_クウェート,2024000000,2024年,101550521,千円
30000000,3_鉱物性燃料,160,2月_金額,50138,138_クウェート,2023000000,2023年,75861471,千円
30000000,3_鉱物性燃料,160,2月_金額,50138,138_クウェート,2022000000,2022年,104679259,千円
30000000,3_鉱物性燃料,160,2月_金額,50138,138_クウェート,2021000000,2021年,51419492,千円
30000000,3_鉱物性燃料,160,2月_金額,50140,140_カタール,2025000000,2025年,79428193,千円
30000000,3_鉱物性燃料,160,2月_金額,50140,140_カタール,2024000000,2024年,114142255,千円
30000000,3_鉱物性燃料,160,2月_金額,50140,140_カタール,2023000000,2023年,140031628,千円
30000000,3_鉱物性燃料,160,2月_金額,50140,140_カタール,2022000000,2022年,133305428,千円
30000000,3_鉱物性燃料,160,2月_金額,50140,140_カタール,2021000000,2021年,112990379,千円
30000000,3_鉱物性燃料,160,2月_金額,50141,141_オマーン,2025000000,2025年,22416277,千円
30000000,3_鉱物性燃料,160,2月_金額,50141,141_オマーン,2024000000,2024年,21065626,千円
30000000,3_鉱物性燃料,160,2月_金額,50141,141_オマーン,2023000000,2023年,37803350,千円
30000000,3_鉱物性燃料,160,2月_金額,50141,141_オマーン,2022000000,2022年,28177623,千円
30000000,3_鉱物性燃料,160,2月_金額,50141,141_オマーン,2021000000,2021年,5196423,千円
30000000,3_鉱物性燃料,160,2月_金額,50143,143_イスラエル,2025000000,2025年,7407,千円
30000000,3_鉱物性燃料,160,2月_金額,50143,143_イスラエル,2024000000,2024年,5622,千円
30000000,3_鉱物性燃料,160,2月_金額,50143,143_イスラエル,2023000000,2023年,4809,千円
30000000,3_鉱物性燃料,160,2月_金額,50143,143_イスラエル,2022000000,2022年,1422,千円
30000000,3_鉱物性燃料,160,2月_金額,50143,143_イスラエル,2021000000,2021年,7056,千円
30000000,3_鉱物性燃料,160,2月_金額,50147,147_アラブ首長国連邦,2025000000,2025年,362615702,千円
30000000,3_鉱物性燃料,160,2月_金額,50147,147_アラブ首長国連邦,2024000000,2024年,451860245,千円
30000000,3_鉱物性燃料,160,2月_金額,50147,147_アラブ首長国連邦,2023000000,2023年,350610849,千円
30000000,3_鉱物性燃料,160,2月_金額,50147,147_アラブ首長国連邦,2022000000,2022年,308228697,千円
30000000,3_鉱物性燃料,160,2月_金額,50147,147_アラブ首長国連邦,2021000000,2021年,118528292,千円
30000000,3_鉱物性燃料,160,2月_金額,50153,153_カザフスタン,2025000000,2025年,1389898,千円
30000000,3_鉱物性燃料,160,2月_金額,50153,153_カザフスタン,2024000000,2024年,0,千円
30000000,3_鉱物性燃料,160,2月_金額,50153,153_カザフスタン,2023000000,2023年,0,千円
30000000,3_鉱物性燃料,160,2月_金額,50153,153_カザフスタン,2022000000,2022年,11312457,千円
30000000,3_鉱物性燃料,160,2月_金額,50153,153_カザフスタン,2021000000,2021年,0,千円
30000000,3_鉱物性燃料,160,2月_金額,50202,202_ノルウェー,2025000000,2025年,7732,千円
30000000,3_鉱物性燃料,160,2月_金額,50202,202_ノルウェー,2024000000,2024年,1648,千円
30000000,3_鉱物性燃料,160,2月_金額,50202,202_ノルウェー,2023000000,2023年,402,千円
30000000,3_鉱物性燃料,160,2月_金額,50202,202_ノルウェー,2022000000,2022年,2515637,千円
30000000,3_鉱物性燃料,160,2月_金額,50202,202_ノルウェー,2021000000,2021年,2574689,千円
30000000,3_鉱物性燃料,160,2月_金額,50203,203_スウェーデン,2025000000,2025年,8671,千円
30000000,3_鉱物性燃料,160,2月_金額,50203,203_スウェーデン,2024000000,2024年,34133,千円
30000000,3_鉱物性燃料,160,2月_金額,50203,203_スウェーデン,2023000000,2023年,13973,千円
30000000,3_鉱物性燃料,160,2月_金額,50203,203_スウェーデン,2022000000,2022年,47797,千円
30000000,3_鉱物性燃料,160,2月_金額,50203,203_スウェーデン,2021000000,2021年,18961,千円
30000000,3_鉱物性燃料,160,2月_金額,50204,204_デンマーク,2025000000,2025年,2907,千円
30000000,3_鉱物性燃料,160,2月_金額,50204,204_デンマーク,2024000000,2024年,6054,千円
30000000,3_鉱物性燃料,160,2月_金額,50204,204_デンマーク,2023000000,2023年,2183,千円
30000000,3_鉱物性燃料,160,2月_金額,50204,204_デンマーク,2022000000,2022年,4492,千円
30000000,3_鉱物性燃料,160,2月_金額,50204,204_デンマーク,2021000000,2021年,3399,千円
30000000,3_鉱物性燃料,160,2月_金額,50205,205_英国,2025000000,2025年,139932,千円
30000000,3_鉱物性燃料,160,2月_金額,50205,205_英国,2024000000,2024年,201872,千円
30000000,3_鉱物性燃料,160,2月_金額,50205,205_英国,2023000000,2023年,62167,千円
30000000,3_鉱物性燃料,160,2月_金額,50205,205_英国,2022000000,2022年,62873,千円
30000000,3_鉱物性燃料,160,2月_金額,50205,205_英国,2021000000,2021年,25972,千円
30000000,3_鉱物性燃料,160,2月_金額,50206,206_アイルランド,2025000000,2025年,12037,千円
30000000,3_鉱物性燃料,160,2月_金額,50206,206_アイルランド,2024000000,2024年,7375,千円
30000000,3_鉱物性燃料,160,2月_金額,50206,206_アイルランド,2023000000,2023年,7443,千円
30000000,3_鉱物性燃料,160,2月_金額,50206,206_アイルランド,2022000000,2022年,2128,千円
30000000,3_鉱物性燃料,160,2月_金額,50206,206_アイルランド,2021000000,2021年,3406,千円
30000000,3_鉱物性燃料,160,2月_金額,50207,207_オランダ,2025000000,2025年,40283,千円
30000000,3_鉱物性燃料,160,2月_金額,50207,207_オランダ,2024000000,2024年,48204,千円
30000000,3_鉱物性燃料,160,2月_金額,50207,207_オランダ,2023000000,2023年,459495,千円
30000000,3_鉱物性燃料,160,2月_金額,50207,207_オランダ,2022000000,2022年,2997033,千円
30000000,3_鉱物性燃料,160,2月_金額,50207,207_オランダ,2021000000,2021年,39316,千円
30000000,3_鉱物性燃料,160,2月_金額,50208,208_ベルギー,2025000000,2025年,463301,千円
30000000,3_鉱物性燃料,160,2月_金額,50208,208_ベルギー,2024000000,2024年,43972,千円
30000000,3_鉱物性燃料,160,2月_金額,50208,208_ベルギー,2023000000,2023年,99223,千円
30000000,3_鉱物性燃料,160,2月_金額,50208,208_ベルギー,2022000000,2022年,74574,千円
30000000,3_鉱物性燃料,160,2月_金額,50208,208_ベルギー,2021000000,2021年,40380,千円
30000000,3_鉱物性燃料,160,2月_金額,50209,209_ルクセンブルク,2025000000,2025年,0,千円
30000000,3_鉱物性燃料,160,2月_金額,50209,209_ルクセンブルク,2021000000,2021年,0,千円
30000000,3_鉱物性燃料,160,2月_金額,50210,210_フランス,2025000000,2025年,370034,千円
30000000,3_鉱物性燃料,160,2月_金額,50210,210_フランス,2024000000,2024年,353975,千円
30000000,3_鉱物性燃料,160,2月_金額,50210,210_フランス,2023000000,2023年,280862,千円
30000000,3_鉱物性燃料,160,2月_金額,50210,210_フランス,2022000000,2022年,371765,千円
30000000,3_鉱物性燃料,160,2月_金額,50210,210_フランス,2021000000,2021年,2393804,千円
30000000,3_鉱物性燃料,160,2月_金額,50213,213_ドイツ,2025000000,2025年,489432,千円
30000000,3_鉱物性燃料,160,2月_金額,50213,213_ドイツ,2024000000,2024年,384349,千円
30000000,3_鉱物性燃料,160,2月_金額,50213,213_ドイツ,2023000000,2023年,349316,千円
30000000,3_鉱物性燃料,160,2月_金額,50213,213_ドイツ,2022000000,2022年,241563,千円
30000000,3_鉱物性燃料,160,2月_金額,50213,213_ドイツ,2021000000,2021年,220923,千円
30000000,3_鉱物性燃料,160,2月_金額,50215,215_スイス,2025000000,2025年,34484,千円
30000000,3_鉱物性燃料,160,2月_金額,50215,215_スイス,2024000000,2024年,28985,千円
30000000,3_鉱物性燃料,160,2月_金額,50215,215_スイス,2023000000,2023年,30543,千円
30000000,3_鉱物性燃料,160,2月_金額,50215,215_スイス,2022000000,2022年,17021,千円
30000000,3_鉱物性燃料,160,2月_金額,50215,215_スイス,2021000000,2021年,23021,千円
30000000,3_鉱物性燃料,160,2月_金額,50218,218_スペイン,2025000000,2025年,61734,千円
30000000,3_鉱物性燃料,160,2月_金額,50218,218_スペイン,2024000000,2024年,77897,千円
30000000,3_鉱物性燃料,160,2月_金額,50218,218_スペイン,2023000000,2023年,68193,千円
30000000,3_鉱物性燃料,160,2月_金額,50218,218_スペイン,2022000000,2022年,15679,千円
30000000,3_鉱物性燃料,160,2月_金額,50218,218_スペイン,2021000000,2021年,2112708,千円
30000000,3_鉱物性燃料,160,2月_金額,50220,220_イタリア,2025000000,2025年,116577,千円
30000000,3_鉱物性燃料,160,2月_金額,50220,220_イタリア,2024000000,2024年,36067,千円
30000000,3_鉱物性燃料,160,2月_金額,50220,220_イタリア,2023000000,2023年,37495,千円
30000000,3_鉱物性燃料,160,2月_金額,50220,220_イタリア,2022000000,2022年,89082,千円
30000000,3_鉱物性燃料,160,2月_金額,50220,220_イタリア,2021000000,2021年,152466,千円
30000000,3_鉱物性燃料,160,2月_金額,50221,221_マルタ,2023000000,2023年,0,千円
30000000,3_鉱物性燃料,160,2月_金額,50221,221_マルタ,2021000000,2021年,0,千円
30000000,3_鉱物性燃料,160,2月_金額,50222,222_フィンランド,2025000000,2025年,2315,千円
30000000,3_鉱物性燃料,160,2月_金額,50222,222_フィンランド,2024000000,2024年,9145,千円
30000000,3_鉱物性燃料,160,2月_金額,50222,222_フィンランド,2023000000,2023年,8240,千円
30000000,3_鉱物性燃料,160,2月_金額,50222,222_フィンランド,2022000000,2022年,5644,千円
30000000,3_鉱物性燃料,160,2月_金額,50222,222_フィンランド,2021000000,2021年,3359,千円
30000000,3_鉱物性燃料,160,2月_金額,50223,223_ポーランド,2025000000,2025年,0,千円
30000000,3_鉱物性燃料,160,2月_金額,50223,223_ポーランド,2024000000,2024年,0,千円
30000000,3_鉱物性燃料,160,2月_金額,50223,223_ポーランド,2023000000,2023年,30798,千円
30000000,3_鉱物性燃料,160,2月_金額,50223,223_ポーランド,2022000000,2022年,69570,千円
30000000,3_鉱物性燃料,160,2月_金額,50223,223_ポーランド,2021000000,2021年,542,千円
30000000,3_鉱物性燃料,160,2月_金額,50224,224_ロシア,2025000000,2025年,54883956,千円
30000000,3_鉱物性燃料,160,2月_金額,50224,224_ロシア,2024000000,2024年,60074126,千円
30000000,3_鉱物性燃料,160,2月_金額,50224,224_ロシア,2023000000,2023年,62076995,千円
30000000,3_鉱物性燃料,160,2月_金額,50224,224_ロシア,2022000000,2022年,152777039,千円
30000000,3_鉱物性燃料,160,2月_金額,50224,224_ロシア,2021000000,2021年,60368981,千円
30000000,3_鉱物性燃料,160,2月_金額,50225,225_オーストリア,2025000000,2025年,1008,千円
30000000,3_鉱物性燃料,160,2月_金額,50225,225_オーストリア,2024000000,2024年,3036,千円
30000000,3_鉱物性燃料,160,2月_金額,50225,225_オーストリア,2023000000,2023年,282,千円
30000000,3_鉱物性燃料,160,2月_金額,50225,225_オーストリア,2022000000,2022年,0,千円
30000000,3_鉱物性燃料,160,2月_金額,50225,225_オーストリア,2021000000,2021年,0,千円
30000000,3_鉱物性燃料,160,2月_金額,50227,227_ハンガリー,2025000000,2025年,0,千円
30000000,3_鉱物性燃料,160,2月_金額,50227,227_ハンガリー,2023000000,2023年,373,千円
30000000,3_鉱物性燃料,160,2月_金額,50227,227_ハンガリー,2021000000,2021年,0,千円
30000000,3_鉱物性燃料,160,2月_金額,50228,228_セルビア,2022000000,2022年,0,千円
30000000,3_鉱物性燃料,160,2月_金額,50228,228_セルビア,2021000000,2021年,0,千円
30000000,3_鉱物性燃料,160,2月_金額,50230,230_ギリシャ,2025000000,2025年,0,千円
30000000,3_鉱物性燃料,160,2月_金額,50230,230_ギリシャ,2024000000,2024年,0,千円
30000000,3_鉱物性燃料,160,2月_金額,50230,230_ギリシャ,2023000000,2023年,0,千円
30000000,3_鉱物性燃料,160,2月_金額,50230,230_ギリシャ,2022000000,2022年,0,千円
30000000,3_鉱物性燃料,160,2月_金額,50230,230_ギリシャ,2021000000,2021年,0,千円
30000000,3_鉱物性燃料,160,2月_金額,50231,231_ルーマニア,2025000000,2025年,0,千円
30000000,3_鉱物性燃料,160,2月_金額,50231,231_ルーマニア,2021000000,2021年,0,千円
30000000,3_鉱物性燃料,160,2月_金額,50232,232_ブルガリア,2023000000,2023年,0,千円
30000000,3_鉱物性燃料,160,2月_金額,50232,232_ブルガリア,2022000000,2022年,0,千円
30000000,3_鉱物性燃料,160,2月_金額,50234,234_トルコ,2025000000,2025年,0,千円
30000000,3_鉱物性燃料,160,2月_金額,50234,234_トルコ,2024000000,2024年,0,千円
30000000,3_鉱物性燃料,160,2月_金額,50234,234_トルコ,2023000000,2023年,1011,千円
30000000,3_鉱物性燃料,160,2月_金額,50234,234_トルコ,2022000000,2022年,0,千円
30000000,3_鉱物性燃料,160,2月_金額,50234,234_トルコ,2021000000,2021年,8552,千円
30000000,3_鉱物性燃料,160,2月_金額,50235,235_エストニア,2025000000,2025年,29409,千円
30000000,3_鉱物性燃料,160,2月_金額,50235,235_エストニア,2024000000,2024年,6388,千円
30000000,3_鉱物性燃料,160,2月_金額,50235,235_エストニア,2023000000,2023年,47283,千円
30000000,3_鉱物性燃料,160,2月_金額,50235,235_エストニア,2022000000,2022年,28404,千円
30000000,3_鉱物性燃料,160,2月_金額,50235,235_エストニア,2021000000,2021年,4042,千円
30000000,3_鉱物性燃料,160,2月_金額,50236,236_ラトビア,2025000000,2025年,246927,千円
30000000,3_鉱物性燃料,160,2月_金額,50236,236_ラトビア,2024000000,2024年,93013,千円
30000000,3_鉱物性燃料,160,2月_金額,50236,236_ラトビア,2023000000,2023年,142108,千円
30000000,3_鉱物性燃料,160,2月_金額,50236,236_ラトビア,2022000000,2022年,155152,千円
30000000,3_鉱物性燃料,160,2月_金額,50236,236_ラトビア,2021000000,2021年,72947,千円
30000000,3_鉱物性燃料,160,2月_金額,50237,237_リトアニア,2025000000,2025年,25781,千円
30000000,3_鉱物性燃料,160,2月_金額,50237,237_リトアニア,2024000000,2024年,15818,千円
30000000,3_鉱物性燃料,160,2月_金額,50237,237_リトアニア,2023000000,2023年,41202,千円
30000000,3_鉱物性燃料,160,2月_金額,50237,237_リトアニア,2022000000,2022年,27723,千円
30000000,3_鉱物性燃料,160,2月_金額,50237,237_リトアニア,2021000000,2021年,18472,千円
30000000,3_鉱物性燃料,160,2月_金額,50238,238_ウクライナ,2025000000,2025年,5455,千円
30000000,3_鉱物性燃料,160,2月_金額,50238,238_ウクライナ,2024000000,2024年,4699,千円
30000000,3_鉱物性燃料,160,2月_金額,50238,238_ウクライナ,2023000000,2023年,1040,千円
30000000,3_鉱物性燃料,160,2月_金額,50238,238_ウクライナ,2022000000,2022年,0,千円
30000000,3_鉱物性燃料,160,2月_金額,50238,238_ウクライナ,2021000000,2021年,0,千円
30000000,3_鉱物性燃料,160,2月_金額,50241,241_クロアチア,2025000000,2025年,0,千円
30000000,3_鉱物性燃料,160,2月_金額,50241,241_クロアチア,2021000000,2021年,0,千円
30000000,3_鉱物性燃料,160,2月_金額,50245,245_チェコ,2025000000,2025年,0,千円
30000000,3_鉱物性燃料,160,2月_金額,50245,245_チェコ,2024000000,2024年,0,千円
30000000,3_鉱物性燃料,160,2月_金額,50245,245_チェコ,2023000000,2023年,0,千円
30000000,3_鉱物性燃料,160,2月_金額,50245,245_チェコ,2021000000,2021年,0,千円
30000000,3_鉱物性燃料,160,2月_金額,50246,246_スロバキア,2023000000,2023年,0,千円
30000000,3_鉱物性燃料,160,2月_金額,50302,302_カナダ,2025000000,2025年,45192162,千円
30000000,3_鉱物性燃料,160,2月_金額,50302,302_カナダ,2024000000,2024年,31087654,千円
30000000,3_鉱物性燃料,160,2月_金額,50302,302_カナダ,2023000000,2023年,44210015,千円
30000000,3_鉱物性燃料,160,2月_金額,50302,302_カナダ,2022000000,2022年,28289827,千円
30000000,3_鉱物性燃料,160,2月_金額,50302,302_カナダ,2021000000,2021年,14803989,千円
30000000,3_鉱物性燃料,160,2月_金額,50304,304_アメリカ合衆国,2025000000,2025年,107939754,千円
30000000,3_鉱物性燃料,160,2月_金額,50304,304_アメリカ合衆国,2024000000,2024年,168955550,千円
30000000,3_鉱物性燃料,160,2月_金額,50304,304_アメリカ合衆国,2023000000,2023年,166156722,千円
30000000,3_鉱物性燃料,160,2月_金額,50304,304_アメリカ合衆国,2022000000,2022年,156077490,千円
30000000,3_鉱物性燃料,160,2月_金額,50304,304_アメリカ合衆国,2021000000,2021年,141427433,千円
30000000,3_鉱物性燃料,160,2月_金額,50305,305_メキシコ,2025000000,2025年,32370,千円
30000000,3_鉱物性燃料,160,2月_金額,50305,305_メキシコ,2024000000,2024年,0,千円
30000000,3_鉱物性燃料,160,2月_金額,50305,305_メキシコ,2023000000,2023年,0,千円
30000000,3_鉱物性燃料,160,2月_金額,50305,305_メキシコ,2022000000,2022年,2351585,千円
30000000,3_鉱物性燃料,160,2月_金額,50305,305_メキシコ,2021000000,2021年,0,千円
30000000,3_鉱物性燃料,160,2月_金額,50309,309_エルサルバドル,2025000000,2025年,0,千円
30000000,3_鉱物性燃料,160,2月_金額,50309,309_エルサルバドル,2024000000,2024年,0,千円
30000000,3_鉱物性燃料,160,2月_金額,50309,309_エルサルバドル,2022000000,2022年,0,千円
30000000,3_鉱物性燃料,160,2月_金額,50311,311_コスタリカ,2025000000,2025年,0,千円
30000000,3_鉱物性燃料,160,2月_金額,50311,311_コスタリカ,2024000000,2024年,720,千円
30000000,3_鉱物性燃料,160,2月_金額,50311,311_コスタリカ,2023000000,2023年,1900,千円
30000000,3_鉱物性燃料,160,2月_金額,50311,311_コスタリカ,2022000000,2022年,260,千円
30000000,3_鉱物性燃料,160,2月_金額,50311,311_コスタリカ,2021000000,2021年,0,千円
30000000,3_鉱物性燃料,160,2月_金額,50312,312_パナマ,2024000000,2024年,0,千円
30000000,3_鉱物性燃料,160,2月_金額,50312,312_パナマ,2023000000,2023年,0,千円
30000000,3_鉱物性燃料,160,2月_金額,50312,312_パナマ,2022000000,2022年,0,千円
30000000,3_鉱物性燃料,160,2月_金額,50320,320_トリニダード・トバゴ,2024000000,2024年,0,千円
30000000,3_鉱物性燃料,160,2月_金額,50320,320_トリニダード・トバゴ,2023000000,2023年,0,千円
30000000,3_鉱物性燃料,160,2月_金額,50320,320_トリニダード・トバゴ,2022000000,2022年,0,千円
30000000,3_鉱物性燃料,160,2月_金額,50321,321_キューバ,2023000000,2023年,0,千円
30000000,3_鉱物性燃料,160,2月_金額,50328,328_ケイマン諸島(英),2023000000,2023年,0,千円
30000000,3_鉱物性燃料,160,2月_金額,50401,401_コロンビア,2025000000,2025年,1383161,千円
30000000,3_鉱物性燃料,160,2月_金額,50401,401_コロンビア,2024000000,2024年,2628248,千円
30000000,3_鉱物性燃料,160,2月_金額,50401,401_コロンビア,2023000000,2023年,6892366,千円
30000000,3_鉱物性燃料,160,2月_金額,50401,401_コロンビア,2022000000,2022年,3188099,千円
30000000,3_鉱物性燃料,160,2月_金額,50401,401_コロンビア,2021000000,2021年,1175648,千円
30000000,3_鉱物性燃料,160,2月_金額,50406,406_エクアドル,2025000000,2025年,0,千円
30000000,3_鉱物性燃料,160,2月_金額,50406,406_エクアドル,2024000000,2024年,17810402,千円
30000000,3_鉱物性燃料,160,2月_金額,50406,406_エクアドル,2023000000,2023年,8669351,千円
30000000,3_鉱物性燃料,160,2月_金額,50406,406_エクアドル,2022000000,2022年,11812042,千円
30000000,3_鉱物性燃料,160,2月_金額,50406,406_エクアドル,2021000000,2021年,7918434,千円
30000000,3_鉱物性燃料,160,2月_金額,50407,407_ペルー,2025000000,2025年,12955839,千円
30000000,3_鉱物性燃料,160,2月_金額,50407,407_ペルー,2024000000,2024年,17639806,千円
30000000,3_鉱物性燃料,160,2月_金額,50407,407_ペルー,2023000000,2023年,18992877,千円
30000000,3_鉱物性燃料,160,2月_金額,50407,407_ペルー,2022000000,2022年,24965131,千円
30000000,3_鉱物性燃料,160,2月_金額,50407,407_ペルー,2021000000,2021年,14229111,千円
30000000,3_鉱物性燃料,160,2月_金額,50409,409_チリ,2023000000,2023年,0,千円
30000000,3_鉱物性燃料,160,2月_金額,50409,409_チリ,2022000000,2022年,0,千円
30000000,3_鉱物性燃料,160,2月_金額,50410,410_ブラジル,2025000000,2025年,0,千円
30000000,3_鉱物性燃料,160,2月_金額,50410,410_ブラジル,2024000000,2024年,0,千円
30000000,3_鉱物性燃料,160,2月_金額,50410,410_ブラジル,2023000000,2023年,0,千円
30000000,3_鉱物性燃料,160,2月_金額,50410,410_ブラジル,2022000000,2022年,34605,千円
30000000,3_鉱物性燃料,160,2月_金額,50410,410_ブラジル,2021000000,2021年,14676,千円
30000000,3_鉱物性燃料,160,2月_金額,50411,411_パラグアイ,2023000000,2023年,0,千円
30000000,3_鉱物性燃料,160,2月_金額,50412,412_ウルグアイ,2022000000,2022年,0,千円
30000000,3_鉱物性燃料,160,2月_金額,50413,413_アルゼンチン,2023000000,2023年,0,千円
30000000,3_鉱物性燃料,160,2月_金額,50503,503_アルジェリア,2025000000,2025年,0,千円
30000000,3_鉱物性燃料,160,2月_金額,50503,503_アルジェリア,2024000000,2024年,2509932,千円
30000000,3_鉱物性燃料,160,2月_金額,50503,503_アルジェリア,2023000000,2023年,7380009,千円
30000000,3_鉱物性燃料,160,2月_金額,50503,503_アルジェリア,2022000000,2022年,0,千円
30000000,3_鉱物性燃料,160,2月_金額,50503,503_アルジェリア,2021000000,2021年,5195782,千円
30000000,3_鉱物性燃料,160,2月_金額,50505,505_リビア,2021000000,2021年,0,千円
30000000,3_鉱物性燃料,160,2月_金額,50506,506_エジプト,2025000000,2025年,26427,千円
30000000,3_鉱物性燃料,160,2月_金額,50506,506_エジプト,2024000000,2024年,13951,千円
30000000,3_鉱物性燃料,160,2月_金額,50506,506_エジプト,2023000000,2023年,0,千円
30000000,3_鉱物性燃料,160,2月_金額,50506,506_エジプト,2022000000,2022年,3337278,千円
30000000,3_鉱物性燃料,160,2月_金額,50506,506_エジプト,2021000000,2021年,17098,千円
30000000,3_鉱物性燃料,160,2月_金額,50524,524_ナイジェリア,2025000000,2025年,0,千円
30000000,3_鉱物性燃料,160,2月_金額,50524,524_ナイジェリア,2024000000,2024年,12907661,千円
30000000,3_鉱物性燃料,160,2月_金額,50524,524_ナイジェリア,2023000000,2023年,0,千円
30000000,3_鉱物性燃料,160,2月_金額,50524,524_ナイジェリア,2022000000,2022年,9721606,千円
30000000,3_鉱物性燃料,160,2月_金額,50524,524_ナイジェリア,2021000000,2021年,9347816,千円
30000000,3_鉱物性燃料,160,2月_金額,50525,525_ニジェール,2025000000,2025年,0,千円
30000000,3_鉱物性燃料,160,2月_金額,50527,527_カメルーン,2024000000,2024年,0,千円
30000000,3_鉱物性燃料,160,2月_金額,50530,530_赤道ギニア,2025000000,2025年,0,千円
30000000,3_鉱物性燃料,160,2月_金額,50530,530_赤道ギニア,2024000000,2024年,0,千円
30000000,3_鉱物性燃料,160,2月_金額,50530,530_赤道ギニア,2023000000,2023年,0,千円
30000000,3_鉱物性燃料,160,2月_金額,50530,530_赤道ギニア,2022000000,2022年,7493141,千円
30000000,3_鉱物性燃料,160,2月_金額,50530,530_赤道ギニア,2021000000,2021年,8425412,千円
30000000,3_鉱物性燃料,160,2月_金額,50535,535_アンゴラ,2022000000,2022年,0,千円
30000000,3_鉱物性燃料,160,2月_金額,50545,545_モザンビーク,2025000000,2025年,7244184,千円
30000000,3_鉱物性燃料,160,2月_金額,50545,545_モザンビーク,2024000000,2024年,0,千円
30000000,3_鉱物性燃料,160,2月_金額,50545,545_モザンビーク,2023000000,2023年,0,千円
30000000,3_鉱物性燃料,160,2月_金額,50545,545_モザンビーク,2022000000,2022年,1497263,千円
30000000,3_鉱物性燃料,160,2月_金額,50545,545_モザンビーク,2021000000,2021年,0,千円
30000000,3_鉱物性燃料,160,2月_金額,50547,547_モーリシャス,2024000000,2024年,1800,千円
30000000,3_鉱物性燃料,160,2月_金額,50547,547_モーリシャス,2022000000,2022年,0,千円
30000000,3_鉱物性燃料,160,2月_金額,50547,547_モーリシャス,2021000000,2021年,13485,千円
30000000,3_鉱物性燃料,160,2月_金額,50551,551_南アフリカ共和国,2025000000,2025年,9532263,千円
30000000,3_鉱物性燃料,160,2月_金額,50551,551_南アフリカ共和国,2024000000,2024年,5926127,千円
30000000,3_鉱物性燃料,160,2月_金額,50551,551_南アフリカ共和国,2023000000,2023年,18484444,千円
30000000,3_鉱物性燃料,160,2月_金額,50551,551_南アフリカ共和国,2022000000,2022年,1428457,千円
30000000,3_鉱物性燃料,160,2月_金額,50551,551_南アフリカ共和国,2021000000,2021年,35774,千円
30000000,3_鉱物性燃料,160,2月_金額,50560,560_南スーダン,2025000000,2025年,0,千円
30000000,3_鉱物性燃料,160,2月_金額,50560,560_南スーダン,2024000000,2024年,0,千円
30000000,3_鉱物性燃料,160,2月_金額,50560,560_南スーダン,2023000000,2023年,0,千円
30000000,3_鉱物性燃料,160,2月_金額,50560,560_南スーダン,2022000000,2022年,0,千円
30000000,3_鉱物性燃料,160,2月_金額,50560,560_南スーダン,2021000000,2021年,0,千円
30000000,3_鉱物性燃料,160,2月_金額,50601,601_オーストラリア,2025000000,2025年,438717791,千円
30000000,3_鉱物性燃料,160,2月_金額,50601,601_オーストラリア,2024000000,2024年,481661841,千円
30000000,3_鉱物性燃料,160,2月_金額,50601,601_オーストラリア,2023000000,2023年,760804567,千円
30000000,3_鉱物性燃料,160,2月_金額,50601,601_オーストラリア,2022000000,2022年,510863316,千円
30000000,3_鉱物性燃料,160,2月_金額,50601,601_オーストラリア,2021000000,2021年,218548440,千円
30000000,3_鉱物性燃料,160,2月_金額,50602,602_パプアニューギニア,2025000000,2025年,32988728,千円
30000000,3_鉱物性燃料,160,2月_金額,50602,602_パプアニューギニア,2024000000,2024年,39540921,千円
30000000,3_鉱物性燃料,160,2月_金額,50602,602_パプアニューギニア,2023000000,2023年,27831484,千円
30000000,3_鉱物性燃料,160,2月_金額,50602,602_パプアニューギニア,2022000000,2022年,45754661,千円
30000000,3_鉱物性燃料,160,2月_金額,50602,602_パプアニューギニア,2021000000,2021年,26103557,千円
30000000,3_鉱物性燃料,160,2月_金額,50606,606_ニュージーランド,2025000000,2025年,0,千円
30000000,3_鉱物性燃料,160,2月_金額,50606,606_ニュージーランド,2024000000,2024年,3033527,千円
30000000,3_鉱物性燃料,160,2月_金額,50606,606_ニュージーランド,2023000000,2023年,1722175,千円
30000000,3_鉱物性燃料,160,2月_金額,50606,606_ニュージーランド,2022000000,2022年,0,千円
30000000,3_鉱物性燃料,160,2月_金額,50606,606_ニュージーランド,2021000000,2021年,0,千円
30000000,3_鉱物性燃料,160,2月_金額,50618,618_ニューカレドニア(仏),2024000000,2024年,0,千円
30000000,3_鉱物性燃料,160,2月_金額,50618,618_ニューカレドニア(仏),2023000000,2023年,0,千円
30000000,3_鉱物性燃料,160,2月_金額,50625,625_マーシャル,2024000000,2024年,0,千円
30000000,3_鉱物性燃料,160,2月_金額,50625,625_マーシャル,2022000000,2022年,0,千円
30000000,3_鉱物性燃料,160,2月_金額,50625,625_マーシャル,2021000000,2021年,0,千円
30000000,3_鉱物性燃料,160,2月_金額,50626,626_ミクロネシア,2021000000,2021年,1516,千円
30000000,3_鉱物性燃料,160,2月_金額,50628,628_パラオ,2025000000,2025年,0,千円
30000000,3_鉱物性燃料,160,2月_金額,50702,702_不明,2025000000,2025年,38591,千円
30000000,3_鉱物性燃料,160,2月_金額,50702,702_不明,2024000000,2024年,32861,千円
30000000,3_鉱物性燃料,160,2月_金額,50702,702_不明,2023000000,2023年,16029,千円
30000000,3_鉱物性燃料,160,2月_金額,50702,702_不明,2022000000,2022年,3387,千円
30000000,3_鉱物性燃料,160,2月_金額,50702,702_不明,2021000000,2021年,0,千円
30000000,3_鉱物性燃料,170,3月_数量,50103,103_大韓民国,2025000000,2025年,0,
30000000,3_鉱物性燃料,170,3月_数量,50103,103_大韓民国,2024000000,2024年,0,
30000000,3_鉱物性燃料,170,3月_数量,50103,103_大韓民国,2023000000,2023年,0,
30000000,3_鉱物性燃料,170,3月_数量,50103,103_大韓民国,2022000000,2022年,0,
30000000,3_鉱物性燃料,170,3月_数量,50103,103_大韓民国,2021000000,2021年,0,
30000000,3_鉱物性燃料,170,3月_数量,50105,105_中華人民共和国,2025000000,2025年,0,
30000000,3_鉱物性燃料,170,3月_数量,50105,105_中華人民共和国,2024000000,2024年,0,
30000000,3_鉱物性燃料,170,3月_数量,50105,105_中華人民共和国,2023000000,2023年,0,
30000000,3_鉱物性燃料,170,3月_数量,50105,105_中華人民共和国,2022000000,2022年,0,
30000000,3_鉱物性燃料,170,3月_数量,50105,105_中華人民共和国,2021000000,2021年,0,
30000000,3_鉱物性燃料,170,3月_数量,50106,106_台湾,2025000000,2025年,0,
30000000,3_鉱物性燃料,170,3月_数量,50106,106_台湾,2024000000,2024年,0,
30000000,3_鉱物性燃料,170,3月_数量,50106,106_台湾,2023000000,2023年,0,
30000000,3_鉱物性燃料,170,3月_数量,50106,106_台湾,2022000000,2022年,0,
30000000,3_鉱物性燃料,170,3月_数量,50106,106_台湾,2021000000,2021年,0,
30000000,3_鉱物性燃料,170,3月_数量,50108,108_香港,2025000000,2025年,0,
30000000,3_鉱物性燃料,170,3月_数量,50108,108_香港,2024000000,2024年,0,
30000000,3_鉱物性燃料,170,3月_数量,50108,108_香港,2023000000,2023年,0,
30000000,3_鉱物性燃料,170,3月_数量,50108,108_香港,2022000000,2022年,0,
30000000,3_鉱物性燃料,170,3月_数量,50108,108_香港,2021000000,2021年,0,
30000000,3_鉱物性燃料,170,3月_数量,50110,110_ベトナム,2025000000,2025年,0,
30000000,3_鉱物性燃料,170,3月_数量,50110,110_ベトナム,2024000000,2024年,0,
30000000,3_鉱物性燃料,170,3月_数量,50110,110_ベトナム,2023000000,2023年,0,
30000000,3_鉱物性燃料,170,3月_数量,50110,110_ベトナム,2022000000,2022年,0,
30000000,3_鉱物性燃料,170,3月_数量,50110,110_ベトナム,2021000000,2021年,0,
30000000,3_鉱物性燃料,170,3月_数量,50111,111_タイ,2025000000,2025年,0,
30000000,3_鉱物性燃料,170,3月_数量,50111,111_タイ,2024000000,2024年,0,
30000000,3_鉱物性燃料,170,3月_数量,50111,111_タイ,2023000000,2023年,0,
30000000,3_鉱物性燃料,170,3月_数量,50111,111_タイ,2022000000,2022年,0,
30000000,3_鉱物性燃料,170,3月_数量,50111,111_タイ,2021000000,2021年,0,
30000000,3_鉱物性燃料,170,3月_数量,50112,112_シンガポール,2025000000,2025年,0,
30000000,3_鉱物性燃料,170,3月_数量,50112,112_シンガポール,2024000000,2024年,0,
30000000,3_鉱物性燃料,170,3月_数量,50112,112_シンガポール,2023000000,2023年,0,
30000000,3_鉱物性燃料,170,3月_数量,50112,112_シンガポール,2022000000,2022年,0,
30000000,3_鉱物性燃料,170,3月_数量,50112,112_シンガポール,2021000000,2021年,0,
30000000,3_鉱物性燃料,170,3月_数量,50113,113_マレーシア,2025000000,2025年,0,
30000000,3_鉱物性燃料,170,3月_数量,50113,113_マレーシア,2024000000,2024年,0,
30000000,3_鉱物性燃料,170,3月_数量,50113,113_マレーシア,2023000000,2023年,0,
30000000,3_鉱物性燃料,170,3月_数量,50113,113_マレーシア,2022000000,2022年,0,
30000000,3_鉱物性燃料,170,3月_数量,50113,113_マレーシア,2021000000,2021年,0,
30000000,3_鉱物性燃料,170,3月_数量,50116,116_ブルネイ,2025000000,2025年,0,
30000000,3_鉱物性燃料,170,3月_数量,50116,116_ブルネイ,2024000000,2024年,0,
30000000,3_鉱物性燃料,170,3月_数量,50116,116_ブルネイ,2023000000,2023年,0,
30000000,3_鉱物性燃料,170,3月_数量,50116,116_ブルネイ,2022000000,2022年,0,
30000000,3_鉱物性燃料,170,3月_数量,50116,116_ブルネイ,2021000000,2021年,0,
30000000,3_鉱物性燃料,170,3月_数量,50117,117_フィリピン,2025000000,2025年,0,
30000000,3_鉱物性燃料,170,3月_数量,50117,117_フィリピン,2024000000,2024年,0,
30000000,3_鉱物性燃料,170,3月_数量,50117,117_フィリピン,2023000000,2023年,0,
30000000,3_鉱物性燃料,170,3月_数量,50117,117_フィリピン,2022000000,2022年,0,
30000000,3_鉱物性燃料,170,3月_数量,50117,117_フィリピン,2021000000,2021年,0,
30000000,3_鉱物性燃料,170,3月_数量,50118,118_インドネシア,2025000000,2025年,0,
30000000,3_鉱物性燃料,170,3月_数量,50118,118_インドネシア,2024000000,2024年,0,
30000000,3_鉱物性燃料,170,3月_数量,50118,118_インドネシア,2023000000,2023年,0,
30000000,3_鉱物性燃料,170,3月_数量,50118,118_インドネシア,2022000000,2022年,0,
30000000,3_鉱物性燃料,170,3月_数量,50118,118_インドネシア,2021000000,2021年,0,
30000000,3_鉱物性燃料,170,3月_数量,50123,123_インド,2025000000,2025年,0,
30000000,3_鉱物性燃料,170,3月_数量,50123,123_インド,2024000000,2024年,0,
30000000,3_鉱物性燃料,170,3月_数量,50123,123_インド,2023000000,2023年,0,
30000000,3_鉱物性燃料,170,3月_数量,50123,123_インド,2022000000,2022年,0,
30000000,3_鉱物性燃料,170,3月_数量,50123,123_インド,2021000000,2021年,0,
30000000,3_鉱物性燃料,170,3月_数量,50124,124_パキスタン,2025000000,2025年,0,
30000000,3_鉱物性燃料,170,3月_数量,50124,124_パキスタン,2023000000,2023年,0,
30000000,3_鉱物性燃料,170,3月_数量,50124,124_パキスタン,2022000000,2022年,0,
30000000,3_鉱物性燃料,170,3月_数量,50124,124_パキスタン,2021000000,2021年,0,
30000000,3_鉱物性燃料,170,3月_数量,50125,125_スリランカ,2025000000,2025年,0,
30000000,3_鉱物性燃料,170,3月_数量,50125,125_スリランカ,2024000000,2024年,0,
30000000,3_鉱物性燃料,170,3月_数量,50125,125_スリランカ,2023000000,2023年,0,
30000000,3_鉱物性燃料,170,3月_数量,50125,125_スリランカ,2022000000,2022年,0,
30000000,3_鉱物性燃料,170,3月_数量,50125,125_スリランカ,2021000000,2021年,0,
30000000,3_鉱物性燃料,170,3月_数量,50126,126_モルディブ,2022000000,2022年,0,
30000000,3_鉱物性燃料,170,3月_数量,50127,127_バングラデシュ,2024000000,2024年,0,
30000000,3_鉱物性燃料,170,3月_数量,50128,128_東ティモール,2025000000,2025年,0,
30000000,3_鉱物性燃料,170,3月_数量,50128,128_東ティモール,2023000000,2023年,0,
30000000,3_鉱物性燃料,170,3月_数量,50128,128_東ティモール,2022000000,2022年,0,
30000000,3_鉱物性燃料,170,3月_数量,50128,128_東ティモール,2021000000,2021年,0,
30000000,3_鉱物性燃料,170,3月_数量,50134,134_イラク,2025000000,2025年,0,
30000000,3_鉱物性燃料,170,3月_数量,50134,134_イラク,2024000000,2024年,0,
30000000,3_鉱物性燃料,170,3月_数量,50134,134_イラク,2023000000,2023年,0,
30000000,3_鉱物性燃料,170,3月_数量,50134,134_イラク,2021000000,2021年,0,
30000000,3_鉱物性燃料,170,3月_数量,50135,135_バーレーン,2025000000,2025年,0,
30000000,3_鉱物性燃料,170,3月_数量,50135,135_バーレーン,2024000000,2024年,0,
30000000,3_鉱物性燃料,170,3月_数量,50135,135_バーレーン,2023000000,2023年,0,
30000000,3_鉱物性燃料,170,3月_数量,50135,135_バーレーン,2022000000,2022年,0,
30000000,3_鉱物性燃料,170,3月_数量,50135,135_バーレーン,2021000000,2021年,0,
30000000,3_鉱物性燃料,170,3月_数量,50137,137_サウジアラビア,2025000000,2025年,0,
30000000,3_鉱物性燃料,170,3月_数量,50137,137_サウジアラビア,2024000000,2024年,0,
30000000,3_鉱物性燃料,170,3月_数量,50137,137_サウジアラビア,2023000000,2023年,0,
30000000,3_鉱物性燃料,170,3月_数量,50137,137_サウジアラビア,2022000000,2022年,0,
30000000,3_鉱物性燃料,170,3月_数量,50137,137_サウジアラビア,2021000000,2021年,0,
30000000,3_鉱物性燃料,170,3月_数量,50138,138_クウェート,2025000000,2025年,0,
30000000,3_鉱物性燃料,170,3月_数量,50138,138_クウェート,2024000000,2024年,0,
30000000,3_鉱物性燃料,170,3月_数量,50138,138_クウェート,2023000000,2023年,0,
30000000,3_鉱物性燃料,170,3月_数量,50138,138_クウェート,2022000000,2022年,0,
30000000,3_鉱物性燃料,170,3月_数量,50138,138_クウェート,2021000000,2021年,0,
30000000,3_鉱物性燃料,170,3月_数量,50140,140_カタール,2025000000,2025年,0,
30000000,3_鉱物性燃料,170,3月_数量,50140,140_カタール,2024000000,2024年,0,
30000000,3_鉱物性燃料,170,3月_数量,50140,140_カタール,2023000000,2023年,0,
30000000,3_鉱物性燃料,170,3月_数量,50140,140_カタール,2022000000,2022年,0,
30000000,3_鉱物性燃料,170,3月_数量,50140,140_カタール,2021000000,2021年,0,
30000000,3_鉱物性燃料,170,3月_数量,50141,141_オマーン,2025000000,2025年,0,
30000000,3_鉱物性燃料,170,3月_数量,50141,141_オマーン,2024000000,2024年,0,
30000000,3_鉱物性燃料,170,3月_数量,50141,141_オマーン,2023000000,2023年,0,
30000000,3_鉱物性燃料,170,3月_数量,50141,141_オマーン,2022000000,2022年,0,
30000000,3_鉱物性燃料,170,3月_数量,50141,141_オマーン,2021000000,2021年,0,
30000000,3_鉱物性燃料,170,3月_数量,50143,143_イスラエル,2025000000,2025年,0,
30000000,3_鉱物性燃料,170,3月_数量,50143,143_イスラエル,2024000000,2024年,0,
30000000,3_鉱物性燃料,170,3月_数量,50143,143_イスラエル,2023000000,2023年,0,
30000000,3_鉱物性燃料,170,3月_数量,50143,143_イスラエル,2022000000,2022年,0,
30000000,3_鉱物性燃料,170,3月_数量,50143,143_イスラエル,2021000000,2021年,0,
30000000,3_鉱物性燃料,170,3月_数量,50147,147_アラブ首長国連邦,2025000000,2025年,0,
30000000,3_鉱物性燃料,170,3月_数量,50147,147_アラブ首長国連邦,2024000000,2024年,0,
30000000,3_鉱物性燃料,170,3月_数量,50147,147_アラブ首長国連邦,2023000000,2023年,0,
30000000,3_鉱物性燃料,170,3月_数量,50147,147_アラブ首長国連邦,2022000000,2022年,0,
30000000,3_鉱物性燃料,170,3月_数量,50147,147_アラブ首長国連邦,2021000000,2021年,0,
30000000,3_鉱物性燃料,170,3月_数量,50153,153_カザフスタン,2025000000,2025年,0,
30000000,3_鉱物性燃料,170,3月_数量,50153,153_カザフスタン,2024000000,2024年,0,
30000000,3_鉱物性燃料,170,3月_数量,50153,153_カザフスタン,2023000000,2023年,0,
30000000,3_鉱物性燃料,170,3月_数量,50153,153_カザフスタン,2022000000,2022年,0,
30000000,3_鉱物性燃料,170,3月_数量,50153,153_カザフスタン,2021000000,2021年,0,
30000000,3_鉱物性燃料,170,3月_数量,50202,202_ノルウェー,2025000000,2025年,0,
30000000,3_鉱物性燃料,170,3月_数量,50202,202_ノルウェー,2024000000,2024年,0,
30000000,3_鉱物性燃料,170,3月_数量,50202,202_ノルウェー,2023000000,2023年,0,
30000000,3_鉱物性燃料,170,3月_数量,50202,202_ノルウェー,2022000000,2022年,0,
30000000,3_鉱物性燃料,170,3月_数量,50202,202_ノルウェー,2021000000,2021年,0,
30000000,3_鉱物性燃料,170,3月_数量,50203,203_スウェーデン,2025000000,2025年,0,
30000000,3_鉱物性燃料,170,3月_数量,50203,203_スウェーデン,2024000000,2024年,0,
30000000,3_鉱物性燃料,170,3月_数量,50203,203_スウェーデン,2023000000,2023年,0,
30000000,3_鉱物性燃料,170,3月_数量,50203,203_スウェーデン,2022000000,2022年,0,
30000000,3_鉱物性燃料,170,3月_数量,50203,203_スウェーデン,2021000000,2021年,0,
30000000,3_鉱物性燃料,170,3月_数量,50204,204_デンマーク,2025000000,2025年,0,
30000000,3_鉱物性燃料,170,3月_数量,50204,204_デンマーク,2024000000,2024年,0,
30000000,3_鉱物性燃料,170,3月_数量,50204,204_デンマーク,2023000000,2023年,0,
30000000,3_鉱物性燃料,170,3月_数量,50204,204_デンマーク,2022000000,2022年,0,
30000000,3_鉱物性燃料,170,3月_数量,50204,204_デンマーク,2021000000,2021年,0,
30000000,3_鉱物性燃料,170,3月_数量,50205,205_英国,2025000000,2025年,0,
30000000,3_鉱物性燃料,170,3月_数量,50205,205_英国,2024000000,2024年,0,
30000000,3_鉱物性燃料,170,3月_数量,50205,205_英国,2023000000,2023年,0,
30000000,3_鉱物性燃料,170,3月_数量,50205,205_英国,2022000000,2022年,0,
30000000,3_鉱物性燃料,170,3月_数量,50205,205_英国,2021000000,2021年,0,
30000000,3_鉱物性燃料,170,3月_数量,50206,206_アイルランド,2025000000,2025年,0,
30000000,3_鉱物性燃料,170,3月_数量,50206,206_アイルランド,2024000000,2024年,0,
30000000,3_鉱物性燃料,170,3月_数量,50206,206_アイルランド,2023000000,2023年,0,
30000000,3_鉱物性燃料,170,3月_数量,50206,206_アイルランド,2022000000,2022年,0,
30000000,3_鉱物性燃料,170,3月_数量,50206,206_アイルランド,2021000000,2021年,0,
30000000,3_鉱物性燃料,170,3月_数量,50207,207_オランダ,2025000000,2025年,0,
30000000,3_鉱物性燃料,170,3月_数量,50207,207_オランダ,2024000000,2024年,0,
30000000,3_鉱物性燃料,170,3月_数量,50207,207_オランダ,2023000000,2023年,0,
30000000,3_鉱物性燃料,170,3月_数量,50207,207_オランダ,2022000000,2022年,0,
30000000,3_鉱物性燃料,170,3月_数量,50207,207_オランダ,2021000000,2021年,0,
30000000,3_鉱物性燃料,170,3月_数量,50208,208_ベルギー,2025000000,2025年,0,
30000000,3_鉱物性燃料,170,3月_数量,50208,208_ベルギー,2024000000,2024年,0,
30000000,3_鉱物性燃料,170,3月_数量,50208,208_ベルギー,2023000000,2023年,0,
30000000,3_鉱物性燃料,170,3月_数量,50208,208_ベルギー,2022000000,2022年,0,
30000000,3_鉱物性燃料,170,3月_数量,50208,208_ベルギー,2021000000,2021年,0,
30000000,3_鉱物性燃料,170,3月_数量,50209,209_ルクセンブルク,2025000000,2025年,0,
30000000,3_鉱物性燃料,170,3月_数量,50209,209_ルクセンブルク,2021000000,2021年,0,
30000000,3_鉱物性燃料,170,3月_数量,50210,210_フランス,2025000000,2025年,0,
30000000,3_鉱物性燃料,170,3月_数量,50210,210_フランス,2024000000,2024年,0,
30000000,3_鉱物性燃料,170,3月_数量,50210,210_フランス,2023000000,2023年,0,
30000000,3_鉱物性燃料,170,3月_数量,50210,210_フランス,2022000000,2022年,0,
30000000,3_鉱物性燃料,170,3月_数量,50210,210_フランス,2021000000,2021年,0,
30000000,3_鉱物性燃料,170,3月_数量,50213,213_ドイツ,2025000000,2025年,0,
30000000,3_鉱物性燃料,170,3月_数量,50213,213_ドイツ,2024000000,2024年,0,
30000000,3_鉱物性燃料,170,3月_数量,50213,213_ドイツ,2023000000,2023年,0,
30000000,3_鉱物性燃料,170,3月_数量,50213,213_ドイツ,2022000000,2022年,0,
30000000,3_鉱物性燃料,170,3月_数量,50213,213_ドイツ,2021000000,2021年,0,
30000000,3_鉱物性燃料,170,3月_数量,50215,215_スイス,2025000000,2025年,0,
30000000,3_鉱物性燃料,170,3月_数量,50215,215_スイス,2024000000,2024年,0,
30000000,3_鉱物性燃料,170,3月_数量,50215,215_スイス,2023000000,2023年,0,
30000000,3_鉱物性燃料,170,3月_数量,50215,215_スイス,2022000000,2022年,0,
30000000,3_鉱物性燃料,170,3月_数量,50215,215_スイス,2021000000,2021年,0,
30000000,3_鉱物性燃料,170,3月_数量,50218,218_スペイン,2025000000,2025年,0,
30000000,3_鉱物性燃料,170,3月_数量,50218,218_スペイン,2024000000,2024年,0,
30000000,3_鉱物性燃料,170,3月_数量,50218,218_スペイン,2023000000,2023年,0,
30000000,3_鉱物性燃料,170,3月_数量,50218,218_スペイン,2022000000,2022年,0,
30000000,3_鉱物性燃料,170,3月_数量,50218,218_スペイン,2021000000,2021年,0,
30000000,3_鉱物性燃料,170,3月_数量,50220,220_イタリア,2025000000,2025年,0,
30000000,3_鉱物性燃料,170,3月_数量,50220,220_イタリア,2024000000,2024年,0,
30000000,3_鉱物性燃料,170,3月_数量,50220,220_イタリア,2023000000,2023年,0,
30000000,3_鉱物性燃料,170,3月_数量,50220,220_イタリア,2022000000,2022年,0,
30000000,3_鉱物性燃料,170,3月_数量,50220,220_イタリア,2021000000,2021年,0,
30000000,3_鉱物性燃料,170,3月_数量,50221,221_マルタ,2023000000,2023年,0,
30000000,3_鉱物性燃料,170,3月_数量,50221,221_マルタ,2021000000,2021年,0,
30000000,3_鉱物性燃料,170,3月_数量,50222,222_フィンランド,2025000000,2025年,0,
30000000,3_鉱物性燃料,170,3月_数量,50222,222_フィンランド,2024000000,2024年,0,
30000000,3_鉱物性燃料,170,3月_数量,50222,222_フィンランド,2023000000,2023年,0,
30000000,3_鉱物性燃料,170,3月_数量,50222,222_フィンランド,2022000000,2022年,0,
30000000,3_鉱物性燃料,170,3月_数量,50222,222_フィンランド,2021000000,2021年,0,
30000000,3_鉱物性燃料,170,3月_数量,50223,223_ポーランド,2025000000,2025年,0,
30000000,3_鉱物性燃料,170,3月_数量,50223,223_ポーランド,2024000000,2024年,0,
30000000,3_鉱物性燃料,170,3月_数量,50223,223_ポーランド,2023000000,2023年,0,
30000000,3_鉱物性燃料,170,3月_数量,50223,223_ポーランド,2022000000,2022年,0,
30000000,3_鉱物性燃料,170,3月_数量,50223,223_ポーランド,2021000000,2021年,0,
30000000,3_鉱物性燃料,170,3月_数量,50224,224_ロシア,2025000000,2025年,0,
30000000,3_鉱物性燃料,170,3月_数量,50224,224_ロシア,2024000000,2024年,0,
30000000,3_鉱物性燃料,170,3月_数量,50224,224_ロシア,2023000000,2023年,0,
30000000,3_鉱物性燃料,170,3月_数量,50224,224_ロシア,2022000000,2022年,0,
30000000,3_鉱物性燃料,170,3月_数量,50224,224_ロシア,2021000000,2021年,0,
30000000,3_鉱物性燃料,170,3月_数量,50225,225_オーストリア,2025000000,2025年,0,
30000000,3_鉱物性燃料,170,3月_数量,50225,225_オーストリア,2024000000,2024年,0,
30000000,3_鉱物性燃料,170,3月_数量,50225,225_オーストリア,2023000000,2023年,0,
30000000,3_鉱物性燃料,170,3月_数量,50225,225_オーストリア,2022000000,2022年,0,
30000000,3_鉱物性燃料,170,3月_数量,50225,225_オーストリア,2021000000,2021年,0,
30000000,3_鉱物性燃料,170,3月_数量,50227,227_ハンガリー,2025000000,2025年,0,
30000000,3_鉱物性燃料,170,3月_数量,50227,227_ハンガリー,2023000000,2023年,0,
30000000,3_鉱物性燃料,170,3月_数量,50227,227_ハンガリー,2021000000,2021年,0,
30000000,3_鉱物性燃料,170,3月_数量,50228,228_セルビア,2022000000,2022年,0,
30000000,3_鉱物性燃料,170,3月_数量,50228,228_セルビア,2021000000,2021年,0,
30000000,3_鉱物性燃料,170,3月_数量,50230,230_ギリシャ,2025000000,2025年,0,
30000000,3_鉱物性燃料,170,3月_数量,50230,230_ギリシャ,2024000000,2024年,0,
30000000,3_鉱物性燃料,170,3月_数量,50230,230_ギリシャ,2023000000,2023年,0,
30000000,3_鉱物性燃料,170,3月_数量,50230,230_ギリシャ,2022000000,2022年,0,
30000000,3_鉱物性燃料,170,3月_数量,50230,230_ギリシャ,2021000000,2021年,0,
30000000,3_鉱物性燃料,170,3月_数量,50231,231_ルーマニア,2025000000,2025年,0,
30000000,3_鉱物性燃料,170,3月_数量,50231,231_ルーマニア,2021000000,2021年,0,
30000000,3_鉱物性燃料,170,3月_数量,50232,232_ブルガリア,2023000000,2023年,0,
30000000,3_鉱物性燃料,170,3月_数量,50232,232_ブルガリア,2022000000,2022年,0,
30000000,3_鉱物性燃料,170,3月_数量,50234,234_トルコ,2025000000,2025年,0,
30000000,3_鉱物性燃料,170,3月_数量,50234,234_トルコ,2024000000,2024年,0,
30000000,3_鉱物性燃料,170,3月_数量,50234,234_トルコ,2023000000,2023年,0,
30000000,3_鉱物性燃料,170,3月_数量,50234,234_トルコ,2022000000,2022年,0,
30000000,3_鉱物性燃料,170,3月_数量,50234,234_トルコ,2021000000,2021年,0,
30000000,3_鉱物性燃料,170,3月_数量,50235,235_エストニア,2025000000,2025年,0,
30000000,3_鉱物性燃料,170,3月_数量,50235,235_エストニア,2024000000,2024年,0,
30000000,3_鉱物性燃料,170,3月_数量,50235,235_エストニア,2023000000,2023年,0,
30000000,3_鉱物性燃料,170,3月_数量,50235,235_エストニア,2022000000,2022年,0,
30000000,3_鉱物性燃料,170,3月_数量,50235,235_エストニア,2021000000,2021年,0,
30000000,3_鉱物性燃料,170,3月_数量,50236,236_ラトビア,2025000000,2025年,0,
30000000,3_鉱物性燃料,170,3月_数量,50236,236_ラトビア,2024000000,2024年,0,
30000000,3_鉱物性燃料,170,3月_数量,50236,236_ラトビア,2023000000,2023年,0,
30000000,3_鉱物性燃料,170,3月_数量,50236,236_ラトビア,2022000000,2022年,0,
30000000,3_鉱物性燃料,170,3月_数量,50236,236_ラトビア,2021000000,2021年,0,
30000000,3_鉱物性燃料,170,3月_数量,50237,237_リトアニア,2025000000,2025年,0,
30000000,3_鉱物性燃料,170,3月_数量,50237,237_リトアニア,2024000000,2024年,0,
30000000,3_鉱物性燃料,170,3月_数量,50237,237_リトアニア,2023000000,2023年,0,
30000000,3_鉱物性燃料,170,3月_数量,50237,237_リトアニア,2022000000,2022年,0,
30000000,3_鉱物性燃料,170,3月_数量,50237,237_リトアニア,2021000000,2021年,0,
30000000,3_鉱物性燃料,170,3月_数量,50238,238_ウクライナ,2025000000,2025年,0,
30000000,3_鉱物性燃料,170,3月_数量,50238,238_ウクライナ,2024000000,2024年,0,
30000000,3_鉱物性燃料,170,3月_数量,50238,238_ウクライナ,2023000000,2023年,0,
30000000,3_鉱物性燃料,170,3月_数量,50238,238_ウクライナ,2022000000,2022年,0,
30000000,3_鉱物性燃料,170,3月_数量,50238,238_ウクライナ,2021000000,2021年,0,
30000000,3_鉱物性燃料,170,3月_数量,50241,241_クロアチア,2025000000,2025年,0,
30000000,3_鉱物性燃料,170,3月_数量,50241,241_クロアチア,2021000000,2021年,0,
30000000,3_鉱物性燃料,170,3月_数量,50245,245_チェコ,2025000000,2025年,0,
30000000,3_鉱物性燃料,170,3月_数量,50245,245_チェコ,2024000000,2024年,0,
30000000,3_鉱物性燃料,170,3月_数量,50245,245_チェコ,2023000000,2023年,0,
30000000,3_鉱物性燃料,170,3月_数量,50245,245_チェコ,2021000000,2021年,0,
30000000,3_鉱物性燃料,170,3月_数量,50246,246_スロバキア,2023000000,2023年,0,
30000000,3_鉱物性燃料,170,3月_数量,50302,302_カナダ,2025000000,2025年,0,
30000000,3_鉱物性燃料,170,3月_数量,50302,302_カナダ,2024000000,2024年,0,
30000000,3_鉱物性燃料,170,3月_数量,50302,302_カナダ,2023000000,2023年,0,
30000000,3_鉱物性燃料,170,3月_数量,50302,302_カナダ,2022000000,2022年,0,
30000000,3_鉱物性燃料,170,3月_数量,50302,302_カナダ,2021000000,2021年,0,
30000000,3_鉱物性燃料,170,3月_数量,50304,304_アメリカ合衆国,2025000000,2025年,0,
30000000,3_鉱物性燃料,170,3月_数量,50304,304_アメリカ合衆国,2024000000,2024年,0,
30000000,3_鉱物性燃料,170,3月_数量,50304,304_アメリカ合衆国,2023000000,2023年,0,
30000000,3_鉱物性燃料,170,3月_数量,50304,304_アメリカ合衆国,2022000000,2022年,0,
30000000,3_鉱物性燃料,170,3月_数量,50304,304_アメリカ合衆国,2021000000,2021年,0,
30000000,3_鉱物性燃料,170,3月_数量,50305,305_メキシコ,2025000000,2025年,0,
30000000,3_鉱物性燃料,170,3月_数量,50305,305_メキシコ,2024000000,2024年,0,
30000000,3_鉱物性燃料,170,3月_数量,50305,305_メキシコ,2023000000,2023年,0,
30000000,3_鉱物性燃料,170,3月_数量,50305,305_メキシコ,2022000000,2022年,0,
30000000,3_鉱物性燃料,170,3月_数量,50305,305_メキシコ,2021000000,2021年,0,
30000000,3_鉱物性燃料,170,3月_数量,50309,309_エルサルバドル,2025000000,2025年,0,
30000000,3_鉱物性燃料,170,3月_数量,50309,309_エルサルバドル,2024000000,2024年,0,
30000000,3_鉱物性燃料,170,3月_数量,50309,309_エルサルバドル,2022000000,2022年,0,
30000000,3_鉱物性燃料,170,3月_数量,50311,311_コスタリカ,2025000000,2025年,0,
30000000,3_鉱物性燃料,170,3月_数量,50311,311_コスタリカ,2024000000,2024年,0,
30000000,3_鉱物性燃料,170,3月_数量,50311,311_コスタリカ,2023000000,2023年,0,
30000000,3_鉱物性燃料,170,3月_数量,50311,311_コスタリカ,2022000000,2022年,0,
30000000,3_鉱物性燃料,170,3月_数量,50311,311_コスタリカ,2021000000,2021年,0,
30000000,3_鉱物性燃料,170,3月_数量,50312,312_パナマ,2024000000,2024年,0,
30000000,3_鉱物性燃料,170,3月_数量,50312,312_パナマ,2023000000,2023年,0,
30000000,3_鉱物性燃料,170,3月_数量,50312,312_パナマ,2022000000,2022年,0,
30000000,3_鉱物性燃料,170,3月_数量,50320,320_トリニダード・トバゴ,2024000000,2024年,0,
30000000,3_鉱物性燃料,170,3月_数量,50320,320_トリニダード・トバゴ,2023000000,2023年,0,
30000000,3_鉱物性燃料,170,3月_数量,50320,320_トリニダード・トバゴ,2022000000,2022年,0,
30000000,3_鉱物性燃料,170,3月_数量,50321,321_キューバ,2023000000,2023年,0,
30000000,3_鉱物性燃料,170,3月_数量,50328,328_ケイマン諸島(英),2023000000,2023年,0,
30000000,3_鉱物性燃料,170,3月_数量,50401,401_コロンビア,2025000000,2025年,0,
30000000,3_鉱物性燃料,170,3月_数量,50401,401_コロンビア,2024000000,2024年,0,
30000000,3_鉱物性燃料,170,3月_数量,50401,401_コロンビア,2023000000,2023年,0,
30000000,3_鉱物性燃料,170,3月_数量,50401,401_コロンビア,2022000000,2022年,0,
30000000,3_鉱物性燃料,170,3月_数量,50401,401_コロンビア,2021000000,2021年,0,
30000000,3_鉱物性燃料,170,3月_数量,50406,406_エクアドル,2025000000,2025年,0,
30000000,3_鉱物性燃料,170,3月_数量,50406,406_エクアドル,2024000000,2024年,0,
30000000,3_鉱物性燃料,170,3月_数量,50406,406_エクアドル,2023000000,2023年,0,
30000000,3_鉱物性燃料,170,3月_数量,50406,406_エクアドル,2022000000,2022年,0,
30000000,3_鉱物性燃料,170,3月_数量,50406,406_エクアドル,2021000000,2021年,0,
30000000,3_鉱物性燃料,170,3月_数量,50407,407_ペルー,2025000000,2025年,0,
30000000,3_鉱物性燃料,170,3月_数量,50407,407_ペルー,2024000000,2024年,0,
30000000,3_鉱物性燃料,170,3月_数量,50407,407_ペルー,2023000000,2023年,0,
30000000,3_鉱物性燃料,170,3月_数量,50407,407_ペルー,2022000000,2022年,0,
30000000,3_鉱物性燃料,170,3月_数量,50407,407_ペルー,2021000000,2021年,0,
30000000,3_鉱物性燃料,170,3月_数量,50409,409_チリ,2023000000,2023年,0,
30000000,3_鉱物性燃料,170,3月_数量,50409,409_チリ,2022000000,2022年,0,
30000000,3_鉱物性燃料,170,3月_数量,50410,410_ブラジル,2025000000,2025年,0,
30000000,3_鉱物性燃料,170,3月_数量,50410,410_ブラジル,2024000000,2024年,0,
30000000,3_鉱物性燃料,170,3月_数量,50410,410_ブラジル,2023000000,2023年,0,
30000000,3_鉱物性燃料,170,3月_数量,50410,410_ブラジル,2022000000,2022年,0,
30000000,3_鉱物性燃料,170,3月_数量,50410,410_ブラジル,2021000000,2021年,0,
30000000,3_鉱物性燃料,170,3月_数量,50411,411_パラグアイ,2023000000,2023年,0,
30000000,3_鉱物性燃料,170,3月_数量,50412,412_ウルグアイ,2022000000,2022年,0,
30000000,3_鉱物性燃料,170,3月_数量,50413,413_アルゼンチン,2023000000,2023年,0,
30000000,3_鉱物性燃料,170,3月_数量,50503,503_アルジェリア,2025000000,2025年,0,
30000000,3_鉱物性燃料,170,3月_数量,50503,503_アルジェリア,2024000000,2024年,0,
30000000,3_鉱物性燃料,170,3月_数量,50503,503_アルジェリア,2023000000,2023年,0,
30000000,3_鉱物性燃料,170,3月_数量,50503,503_アルジェリア,2022000000,2022年,0,
30000000,3_鉱物性燃料,170,3月_数量,50503,503_アルジェリア,2021000000,2021年,0,
30000000,3_鉱物性燃料,170,3月_数量,50505,505_リビア,2021000000,2021年,0,
30000000,3_鉱物性燃料,170,3月_数量,50506,506_エジプト,2025000000,2025年,0,
30000000,3_鉱物性燃料,170,3月_数量,50506,506_エジプト,2024000000,2024年,0,
30000000,3_鉱物性燃料,170,3月_数量,50506,506_エジプト,2023000000,2023年,0,
30000000,3_鉱物性燃料,170,3月_数量,50506,506_エジプト,2022000000,2022年,0,
30000000,3_鉱物性燃料,170,3月_数量,50506,506_エジプト,2021000000,2021年,0,
30000000,3_鉱物性燃料,170,3月_数量,50524,524_ナイジェリア,2025000000,2025年,0,
30000000,3_鉱物性燃料,170,3月_数量,50524,524_ナイジェリア,2024000000,2024年,0,
30000000,3_鉱物性燃料,170,3月_数量,50524,524_ナイジェリア,2023000000,2023年,0,
30000000,3_鉱物性燃料,170,3月_数量,50524,524_ナイジェリア,2022000000,2022年,0,
30000000,3_鉱物性燃料,170,3月_数量,50524,524_ナイジェリア,2021000000,2021年,0,
30000000,3_鉱物性燃料,170,3月_数量,50525,525_ニジェール,2025000000,2025年,0,
30000000,3_鉱物性燃料,170,3月_数量,50527,527_カメルーン,2024000000,2024年,0,
30000000,3_鉱物性燃料,170,3月_数量,50530,530_赤道ギニア,2025000000,2025年,0,
30000000,3_鉱物性燃料,170,3月_数量,50530,530_赤道ギニア,2024000000,2024年,0,
30000000,3_鉱物性燃料,170,3月_数量,50530,530_赤道ギニア,2023000000,2023年,0,
30000000,3_鉱物性燃料,170,3月_数量,50530,530_赤道ギニア,2022000000,2022年,0,
30000000,3_鉱物性燃料,170,3月_数量,50530,530_赤道ギニア,2021000000,2021年,0,
30000000,3_鉱物性燃料,170,3月_数量,50535,535_アンゴラ,2022000000,2022年,0,
30000000,3_鉱物性燃料,170,3月_数量,50545,545_モザンビーク,2025000000,2025年,0,
30000000,3_鉱物性燃料,170,3月_数量,50545,545_モザンビーク,2024000000,2024年,0,
30000000,3_鉱物性燃料,170,3月_数量,50545,545_モザンビーク,2023000000,2023年,0,
30000000,3_鉱物性燃料,170,3月_数量,50545,545_モザンビーク,2022000000,2022年,0,
30000000,3_鉱物性燃料,170,3月_数量,50545,545_モザンビーク,2021000000,2021年,0,
30000000,3_鉱物性燃料,170,3月_数量,50547,547_モーリシャス,2024000000,2024年,0,
30000000,3_鉱物性燃料,170,3月_数量,50547,547_モーリシャス,2022000000,2022年,0,
30000000,3_鉱物性燃料,170,3月_数量,50547,547_モーリシャス,2021000000,2021年,0,
30000000,3_鉱物性燃料,170,3月_数量,50551,551_南アフリカ共和国,2025000000,2025年,0,
30000000,3_鉱物性燃料,170,3月_数量,50551,551_南アフリカ共和国,2024000000,2024年,0,
30000000,3_鉱物性燃料,170,3月_数量,50551,551_南アフリカ共和国,2023000000,2023年,0,
30000000,3_鉱物性燃料,170,3月_数量,50551,551_南アフリカ共和国,2022000000,2022年,0,
30000000,3_鉱物性燃料,170,3月_数量,50551,551_南アフリカ共和国,2021000000,2021年,0,
30000000,3_鉱物性燃料,170,3月_数量,50560,560_南スーダン,2025000000,2025年,0,
30000000,3_鉱物性燃料,170,3月_数量,50560,560_南スーダン,2024000000,2024年,0,
30000000,3_鉱物性燃料,170,3月_数量,50560,560_南スーダン,2023000000,2023年,0,
30000000,3_鉱物性燃料,170,3月_数量,50560,560_南スーダン,2022000000,2022年,0,
30000000,3_鉱物性燃料,170,3月_数量,50560,560_南スーダン,2021000000,2021年,0,
30000000,3_鉱物性燃料,170,3月_数量,50601,601_オーストラリア,2025000000,2025年,0,
30000000,3_鉱物性燃料,170,3月_数量,50601,601_オーストラリア,2024000000,2024年,0,
30000000,3_鉱物性燃料,170,3月_数量,50601,601_オーストラリア,2023000000,2023年,0,
30000000,3_鉱物性燃料,170,3月_数量,50601,601_オーストラリア,2022000000,2022年,0,
30000000,3_鉱物性燃料,170,3月_数量,50601,601_オーストラリア,2021000000,2021年,0,
30000000,3_鉱物性燃料,170,3月_数量,50602,602_パプアニューギニア,2025000000,2025年,0,
30000000,3_鉱物性燃料,170,3月_数量,50602,602_パプアニューギニア,2024000000,2024年,0,
30000000,3_鉱物性燃料,170,3月_数量,50602,602_パプアニューギニア,2023000000,2023年,0,
30000000,3_鉱物性燃料,170,3月_数量,50602,602_パプアニューギニア,2022000000,2022年,0,
30000000,3_鉱物性燃料,170,3月_数量,50602,602_パプアニューギニア,2021000000,2021年,0,
30000000,3_鉱物性燃料,170,3月_数量,50606,606_ニュージーランド,2025000000,2025年,0,
30000000,3_鉱物性燃料,170,3月_数量,50606,606_ニュージーランド,2024000000,2024年,0,
30000000,3_鉱物性燃料,170,3月_数量,50606,606_ニュージーランド,2023000000,2023年,0,
30000000,3_鉱物性燃料,170,3月_数量,50606,606_ニュージーランド,2022000000,2022年,0,
30000000,3_鉱物性燃料,170,3月_数量,50606,606_ニュージーランド,2021000000,2021年,0,
30000000,3_鉱物性燃料,170,3月_数量,50618,618_ニューカレドニア(仏),2024000000,2024年,0,
30000000,3_鉱物性燃料,170,3月_数量,50618,618_ニューカレドニア(仏),2023000000,2023年,0,
30000000,3_鉱物性燃料,170,3月_数量,50625,625_マーシャル,2024000000,2024年,0,
30000000,3_鉱物性燃料,170,3月_数量,50625,625_マーシャル,2022000000,2022年,0,
30000000,3_鉱物性燃料,170,3月_数量,50625,625_マーシャル,2021000000,2021年,0,
30000000,3_鉱物性燃料,170,3月_数量,50626,626_ミクロネシア,2021000000,2021年,0,
30000000,3_鉱物性燃料,170,3月_数量,50628,628_パラオ,2025000000,2025年,0,
30000000,3_鉱物性燃料,170,3月_数量,50702,702_不明,2025000000,2025年,0,
30000000,3_鉱物性燃料,170,3月_数量,50702,702_不明,2024000000,2024年,0,
30000000,3_鉱物性燃料,170,3月_数量,50702,702_不明,2023000000,2023年,0,
30000000,3_鉱物性燃料,170,3月_数量,50702,702_不明,2022000000,2022年,0,
30000000,3_鉱物性燃料,170,3月_数量,50702,702_不明,2021000000,2021年,0,
30000000,3_鉱物性燃料,180,3月_金額,50103,103_大韓民国,2025000000,2025年,71635281,千円
30000000,3_鉱物性燃料,180,3月_金額,50103,103_大韓民国,2024000000,2024年,64130321,千円
30000000,3_鉱物性燃料,180,3月_金額,50103,103_大韓民国,2023000000,2023年,42725313,千円
30000000,3_鉱物性燃料,180,3月_金額,50103,103_大韓民国,2022000000,2022年,45550811,千円
30000000,3_鉱物性燃料,180,3月_金額,50103,103_大韓民国,2021000000,2021年,39978285,千円
30000000,3_鉱物性燃料,180,3月_金額,50105,105_中華人民共和国,2025000000,2025年,42241065,千円
30000000,3_鉱物性燃料,180,3月_金額,50105,105_中華人民共和国,2024000000,2024年,23870448,千円
30000000,3_鉱物性燃料,180,3月_金額,50105,105_中華人民共和国,2023000000,2023年,23541147,千円
30000000,3_鉱物性燃料,180,3月_金額,50105,105_中華人民共和国,2022000000,2022年,9844069,千円
30000000,3_鉱物性燃料,180,3月_金額,50105,105_中華人民共和国,2021000000,2021年,15908122,千円
30000000,3_鉱物性燃料,180,3月_金額,50106,106_台湾,2025000000,2025年,6197957,千円
30000000,3_鉱物性燃料,180,3月_金額,50106,106_台湾,2024000000,2024年,755251,千円
30000000,3_鉱物性燃料,180,3月_金額,50106,106_台湾,2023000000,2023年,195947,千円
30000000,3_鉱物性燃料,180,3月_金額,50106,106_台湾,2022000000,2022年,123769,千円
30000000,3_鉱物性燃料,180,3月_金額,50106,106_台湾,2021000000,2021年,92916,千円
30000000,3_鉱物性燃料,180,3月_金額,50108,108_香港,2025000000,2025年,39588,千円
30000000,3_鉱物性燃料,180,3月_金額,50108,108_香港,2024000000,2024年,19045,千円
30000000,3_鉱物性燃料,180,3月_金額,50108,108_香港,2023000000,2023年,19372,千円
30000000,3_鉱物性燃料,180,3月_金額,50108,108_香港,2022000000,2022年,13554,千円
30000000,3_鉱物性燃料,180,3月_金額,50108,108_香港,2021000000,2021年,7633,千円
30000000,3_鉱物性燃料,180,3月_金額,50110,110_ベトナム,2025000000,2025年,3441596,千円
30000000,3_鉱物性燃料,180,3月_金額,50110,110_ベトナム,2024000000,2024年,4248985,千円
30000000,3_鉱物性燃料,180,3月_金額,50110,110_ベトナム,2023000000,2023年,6784786,千円
30000000,3_鉱物性燃料,180,3月_金額,50110,110_ベトナム,2022000000,2022年,452807,千円
30000000,3_鉱物性燃料,180,3月_金額,50110,110_ベトナム,2021000000,2021年,618025,千円
30000000,3_鉱物性燃料,180,3月_金額,50111,111_タイ,2025000000,2025年,148182,千円
30000000,3_鉱物性燃料,180,3月_金額,50111,111_タイ,2024000000,2024年,2617965,千円
30000000,3_鉱物性燃料,180,3月_金額,50111,111_タイ,2023000000,2023年,150366,千円
30000000,3_鉱物性燃料,180,3月_金額,50111,111_タイ,2022000000,2022年,121692,千円
30000000,3_鉱物性燃料,180,3月_金額,50111,111_タイ,2021000000,2021年,801201,千円
30000000,3_鉱物性燃料,180,3月_金額,50112,112_シンガポール,2025000000,2025年,2866655,千円
30000000,3_鉱物性燃料,180,3月_金額,50112,112_シンガポール,2024000000,2024年,1634766,千円
30000000,3_鉱物性燃料,180,3月_金額,50112,112_シンガポール,2023000000,2023年,1956775,千円
30000000,3_鉱物性燃料,180,3月_金額,50112,112_シンガポール,2022000000,2022年,8668329,千円
30000000,3_鉱物性燃料,180,3月_金額,50112,112_シンガポール,2021000000,2021年,2329507,千円
30000000,3_鉱物性燃料,180,3月_金額,50113,113_マレーシア,2025000000,2025年,81760430,千円
30000000,3_鉱物性燃料,180,3月_金額,50113,113_マレーシア,2024000000,2024年,85208325,千円
30000000,3_鉱物性燃料,180,3月_金額,50113,113_マレーシア,2023000000,2023年,112794878,千円
30000000,3_鉱物性燃料,180,3月_金額,50113,113_マレーシア,2022000000,2022年,87018512,千円
30000000,3_鉱物性燃料,180,3月_金額,50113,113_マレーシア,2021000000,2021年,46086969,千円
30000000,3_鉱物性燃料,180,3月_金額,50116,116_ブルネイ,2025000000,2025年,10532179,千円
30000000,3_鉱物性燃料,180,3月_金額,50116,116_ブルネイ,2024000000,2024年,31780205,千円
30000000,3_鉱物性燃料,180,3月_金額,50116,116_ブルネイ,2023000000,2023年,27205382,千円
30000000,3_鉱物性燃料,180,3月_金額,50116,116_ブルネイ,2022000000,2022年,29342917,千円
30000000,3_鉱物性燃料,180,3月_金額,50116,116_ブルネイ,2021000000,2021年,20399109,千円
30000000,3_鉱物性燃料,180,3月_金額,50117,117_フィリピン,2025000000,2025年,4169,千円
30000000,3_鉱物性燃料,180,3月_金額,50117,117_フィリピン,2024000000,2024年,2636,千円
30000000,3_鉱物性燃料,180,3月_金額,50117,117_フィリピン,2023000000,2023年,0,千円
30000000,3_鉱物性燃料,180,3月_金額,50117,117_フィリピン,2022000000,2022年,1207,千円
30000000,3_鉱物性燃料,180,3月_金額,50117,117_フィリピン,2021000000,2021年,0,千円
30000000,3_鉱物性燃料,180,3月_金額,50118,118_インドネシア,2025000000,2025年,73576155,千円
30000000,3_鉱物性燃料,180,3月_金額,50118,118_インドネシア,2024000000,2024年,62390357,千円
30000000,3_鉱物性燃料,180,3月_金額,50118,118_インドネシア,2023000000,2023年,124633720,千円
30000000,3_鉱物性燃料,180,3月_金額,50118,118_インドネシア,2022000000,2022年,85892440,千円
30000000,3_鉱物性燃料,180,3月_金額,50118,118_インドネシア,2021000000,2021年,34061605,千円
30000000,3_鉱物性燃料,180,3月_金額,50123,123_インド,2025000000,2025年,2771113,千円
30000000,3_鉱物性燃料,180,3月_金額,50123,123_インド,2024000000,2024年,6827,千円
30000000,3_鉱物性燃料,180,3月_金額,50123,123_インド,2023000000,2023年,2651839,千円
30000000,3_鉱物性燃料,180,3月_金額,50123,123_インド,2022000000,2022年,3983953,千円
30000000,3_鉱物性燃料,180,3月_金額,50123,123_インド,2021000000,2021年,7915966,千円
30000000,3_鉱物性燃料,180,3月_金額,50124,124_パキスタン,2025000000,2025年,0,千円
30000000,3_鉱物性燃料,180,3月_金額,50124,124_パキスタン,2023000000,2023年,747,千円
30000000,3_鉱物性燃料,180,3月_金額,50124,124_パキスタン,2022000000,2022年,3044725,千円
30000000,3_鉱物性燃料,180,3月_金額,50124,124_パキスタン,2021000000,2021年,0,千円
30000000,3_鉱物性燃料,180,3月_金額,50125,125_スリランカ,2025000000,2025年,2644,千円
30000000,3_鉱物性燃料,180,3月_金額,50125,125_スリランカ,2024000000,2024年,0,千円
30000000,3_鉱物性燃料,180,3月_金額,50125,125_スリランカ,2023000000,2023年,4315,千円
30000000,3_鉱物性燃料,180,3月_金額,50125,125_スリランカ,2022000000,2022年,0,千円
30000000,3_鉱物性燃料,180,3月_金額,50125,125_スリランカ,2021000000,2021年,0,千円
30000000,3_鉱物性燃料,180,3月_金額,50126,126_モルディブ,2022000000,2022年,0,千円
30000000,3_鉱物性燃料,180,3月_金額,50127,127_バングラデシュ,2024000000,2024年,0,千円
30000000,3_鉱物性燃料,180,3月_金額,50128,128_東ティモール,2025000000,2025年,0,千円
30000000,3_鉱物性燃料,180,3月_金額,50128,128_東ティモール,2023000000,2023年,0,千円
30000000,3_鉱物性燃料,180,3月_金額,50128,128_東ティモール,2022000000,2022年,237730,千円
30000000,3_鉱物性燃料,180,3月_金額,50128,128_東ティモール,2021000000,2021年,0,千円
30000000,3_鉱物性燃料,180,3月_金額,50134,134_イラク,2025000000,2025年,0,千円
30000000,3_鉱物性燃料,180,3月_金額,50134,134_イラク,2024000000,2024年,0,千円
30000000,3_鉱物性燃料,180,3月_金額,50134,134_イラク,2023000000,2023年,0,千円
30000000,3_鉱物性燃料,180,3月_金額,50134,134_イラク,2021000000,2021年,0,千円
30000000,3_鉱物性燃料,180,3月_金額,50135,135_バーレーン,2025000000,2025年,14118491,千円
30000000,3_鉱物性燃料,180,3月_金額,50135,135_バーレーン,2024000000,2024年,0,千円
30000000,3_鉱物性燃料,180,3月_金額,50135,135_バーレーン,2023000000,2023年,17398209,千円
30000000,3_鉱物性燃料,180,3月_金額,50135,135_バーレーン,2022000000,2022年,23205099,千円
30000000,3_鉱物性燃料,180,3月_金額,50135,135_バーレーン,2021000000,2021年,14066041,千円
30000000,3_鉱物性燃料,180,3月_金額,50137,137_サウジアラビア,2025000000,2025年,297766053,千円
30000000,3_鉱物性燃料,180,3月_金額,50137,137_サウジアラビア,2024000000,2024年,422901741,千円
30000000,3_鉱物性燃料,180,3月_金額,50137,137_サウジアラビア,2023000000,2023年,379442061,千円
30000000,3_鉱物性燃料,180,3月_金額,50137,137_サウジアラビア,2022000000,2022年,351028517,千円
30000000,3_鉱物性燃料,180,3月_金額,50137,137_サウジアラビア,2021000000,2021年,240253325,千円
30000000,3_鉱物性燃料,180,3月_金額,50138,138_クウェート,2025000000,2025年,57470337,千円
30000000,3_鉱物性燃料,180,3月_金額,50138,138_クウェート,2024000000,2024年,128467591,千円
30000000,3_鉱物性燃料,180,3月_金額,50138,138_クウェート,2023000000,2023年,149534506,千円
30000000,3_鉱物性燃料,180,3月_金額,50138,138_クウェート,2022000000,2022年,84445465,千円
30000000,3_鉱物性燃料,180,3月_金額,50138,138_クウェート,2021000000,2021年,50312203,千円
30000000,3_鉱物性燃料,180,3月_金額,50140,140_カタール,2025000000,2025年,97108759,千円
30000000,3_鉱物性燃料,180,3月_金額,50140,140_カタール,2024000000,2024年,61233132,千円
30000000,3_鉱物性燃料,180,3月_金額,50140,140_カタール,2023000000,2023年,108942042,千円
30000000,3_鉱物性燃料,180,3月_金額,50140,140_カタール,2022000000,2022年,152291013,千円
30000000,3_鉱物性燃料,180,3月_金額,50140,140_カタール,2021000000,2021年,101971528,千円
30000000,3_鉱物性燃料,180,3月_金額,50141,141_オマーン,2025000000,2025年,52018922,千円
30000000,3_鉱物性燃料,180,3月_金額,50141,141_オマーン,2024000000,2024年,42445242,千円
30000000,3_鉱物性燃料,180,3月_金額,50141,141_オマーン,2023000000,2023年,30469964,千円
30000000,3_鉱物性燃料,180,3月_金額,50141,141_オマーン,2022000000,2022年,54857370,千円
30000000,3_鉱物性燃料,180,3月_金額,50141,141_オマーン,2021000000,2021年,5196384,千円
30000000,3_鉱物性燃料,180,3月_金額,50143,143_イスラエル,2025000000,2025年,0,千円
30000000,3_鉱物性燃料,180,3月_金額,50143,143_イスラエル,2024000000,2024年,5402,千円
30000000,3_鉱物性燃料,180,3月_金額,50143,143_イスラエル,2023000000,2023年,3399,千円
30000000,3_鉱物性燃料,180,3月_金額,50143,143_イスラエル,2022000000,2022年,3011,千円
30000000,3_鉱物性燃料,180,3月_金額,50143,143_イスラエル,2021000000,2021年,292,千円
30000000,3_鉱物性燃料,180,3月_金額,50147,147_アラブ首長国連邦,2025000000,2025年,407156689,千円
30000000,3_鉱物性燃料,180,3月_金額,50147,147_アラブ首長国連邦,2024000000,2024年,450135657,千円
30000000,3_鉱物性燃料,180,3月_金額,50147,147_アラブ首長国連邦,2023000000,2023年,429282996,千円
30000000,3_鉱物性燃料,180,3月_金額,50147,147_アラブ首長国連邦,2022000000,2022年,335604955,千円
30000000,3_鉱物性燃料,180,3月_金額,50147,147_アラブ首長国連邦,2021000000,2021年,162841969,千円
30000000,3_鉱物性燃料,180,3月_金額,50153,153_カザフスタン,2025000000,2025年,0,千円
30000000,3_鉱物性燃料,180,3月_金額,50153,153_カザフスタン,2024000000,2024年,0,千円
30000000,3_鉱物性燃料,180,3月_金額,50153,153_カザフスタン,2023000000,2023年,0,千円
30000000,3_鉱物性燃料,180,3月_金額,50153,153_カザフスタン,2022000000,2022年,0,千円
30000000,3_鉱物性燃料,180,3月_金額,50153,153_カザフスタン,2021000000,2021年,0,千円
30000000,3_鉱物性燃料,180,3月_金額,50202,202_ノルウェー,2025000000,2025年,0,千円
30000000,3_鉱物性燃料,180,3月_金額,50202,202_ノルウェー,2024000000,2024年,0,千円
30000000,3_鉱物性燃料,180,3月_金額,50202,202_ノルウェー,2023000000,2023年,1180,千円
30000000,3_鉱物性燃料,180,3月_金額,50202,202_ノルウェー,2022000000,2022年,1685,千円
30000000,3_鉱物性燃料,180,3月_金額,50202,202_ノルウェー,2021000000,2021年,310,千円
30000000,3_鉱物性燃料,180,3月_金額,50203,203_スウェーデン,2025000000,2025年,12106,千円
30000000,3_鉱物性燃料,180,3月_金額,50203,203_スウェーデン,2024000000,2024年,16678,千円
30000000,3_鉱物性燃料,180,3月_金額,50203,203_スウェーデン,2023000000,2023年,20965,千円
30000000,3_鉱物性燃料,180,3月_金額,50203,203_スウェーデン,2022000000,2022年,31753,千円
30000000,3_鉱物性燃料,180,3月_金額,50203,203_スウェーデン,2021000000,2021年,19096,千円
30000000,3_鉱物性燃料,180,3月_金額,50204,204_デンマーク,2025000000,2025年,4638,千円
30000000,3_鉱物性燃料,180,3月_金額,50204,204_デンマーク,2024000000,2024年,10406,千円
30000000,3_鉱物性燃料,180,3月_金額,50204,204_デンマーク,2023000000,2023年,13544,千円
30000000,3_鉱物性燃料,180,3月_金額,50204,204_デンマーク,2022000000,2022年,4480,千円
30000000,3_鉱物性燃料,180,3月_金額,50204,204_デンマーク,2021000000,2021年,8106,千円
30000000,3_鉱物性燃料,180,3月_金額,50205,205_英国,2025000000,2025年,296078,千円
30000000,3_鉱物性燃料,180,3月_金額,50205,205_英国,2024000000,2024年,127846,千円
30000000,3_鉱物性燃料,180,3月_金額,50205,205_英国,2023000000,2023年,98403,千円
30000000,3_鉱物性燃料,180,3月_金額,50205,205_英国,2022000000,2022年,117888,千円
30000000,3_鉱物性燃料,180,3月_金額,50205,205_英国,2021000000,2021年,37229,千円
30000000,3_鉱物性燃料,180,3月_金額,50206,206_アイルランド,2025000000,2025年,462,千円
30000000,3_鉱物性燃料,180,3月_金額,50206,206_アイルランド,2024000000,2024年,2217,千円
30000000,3_鉱物性燃料,180,3月_金額,50206,206_アイルランド,2023000000,2023年,6700,千円
30000000,3_鉱物性燃料,180,3月_金額,50206,206_アイルランド,2022000000,2022年,7415,千円
30000000,3_鉱物性燃料,180,3月_金額,50206,206_アイルランド,2021000000,2021年,5765,千円
30000000,3_鉱物性燃料,180,3月_金額,50207,207_オランダ,2025000000,2025年,17493,千円
30000000,3_鉱物性燃料,180,3月_金額,50207,207_オランダ,2024000000,2024年,30923,千円
30000000,3_鉱物性燃料,180,3月_金額,50207,207_オランダ,2023000000,2023年,31269,千円
30000000,3_鉱物性燃料,180,3月_金額,50207,207_オランダ,2022000000,2022年,22526,千円
30000000,3_鉱物性燃料,180,3月_金額,50207,207_オランダ,2021000000,2021年,36134,千円
30000000,3_鉱物性燃料,180,3月_金額,50208,208_ベルギー,2025000000,2025年,39480,千円
30000000,3_鉱物性燃料,180,3月_金額,50208,208_ベルギー,2024000000,2024年,85055,千円
30000000,3_鉱物性燃料,180,3月_金額,50208,208_ベルギー,2023000000,2023年,45274,千円
30000000,3_鉱物性燃料,180,3月_金額,50208,208_ベルギー,2022000000,2022年,86032,千円
30000000,3_鉱物性燃料,180,3月_金額,50208,208_ベルギー,2021000000,2021年,47609,千円
30000000,3_鉱物性燃料,180,3月_金額,50209,209_ルクセンブルク,2025000000,2025年,0,千円
30000000,3_鉱物性燃料,180,3月_金額,50209,209_ルクセンブルク,2021000000,2021年,0,千円
30000000,3_鉱物性燃料,180,3月_金額,50210,210_フランス,2025000000,2025年,124607,千円
30000000,3_鉱物性燃料,180,3月_金額,50210,210_フランス,2024000000,2024年,356681,千円
30000000,3_鉱物性燃料,180,3月_金額,50210,210_フランス,2023000000,2023年,393128,千円
30000000,3_鉱物性燃料,180,3月_金額,50210,210_フランス,2022000000,2022年,401129,千円
30000000,3_鉱物性燃料,180,3月_金額,50210,210_フランス,2021000000,2021年,255092,千円
30000000,3_鉱物性燃料,180,3月_金額,50213,213_ドイツ,2025000000,2025年,196600,千円
30000000,3_鉱物性燃料,180,3月_金額,50213,213_ドイツ,2024000000,2024年,321188,千円
30000000,3_鉱物性燃料,180,3月_金額,50213,213_ドイツ,2023000000,2023年,467641,千円
30000000,3_鉱物性燃料,180,3月_金額,50213,213_ドイツ,2022000000,2022年,233592,千円
30000000,3_鉱物性燃料,180,3月_金額,50213,213_ドイツ,2021000000,2021年,204074,千円
30000000,3_鉱物性燃料,180,3月_金額,50215,215_スイス,2025000000,2025年,3111,千円
30000000,3_鉱物性燃料,180,3月_金額,50215,215_スイス,2024000000,2024年,27375,千円
30000000,3_鉱物性燃料,180,3月_金額,50215,215_スイス,2023000000,2023年,36254,千円
30000000,3_鉱物性燃料,180,3月_金額,50215,215_スイス,2022000000,2022年,20370,千円
30000000,3_鉱物性燃料,180,3月_金額,50215,215_スイス,2021000000,2021年,17257,千円
30000000,3_鉱物性燃料,180,3月_金額,50218,218_スペイン,2025000000,2025年,38473,千円
30000000,3_鉱物性燃料,180,3月_金額,50218,218_スペイン,2024000000,2024年,100565,千円
30000000,3_鉱物性燃料,180,3月_金額,50218,218_スペイン,2023000000,2023年,93956,千円
30000000,3_鉱物性燃料,180,3月_金額,50218,218_スペイン,2022000000,2022年,34125,千円
30000000,3_鉱物性燃料,180,3月_金額,50218,218_スペイン,2021000000,2021年,924646,千円
30000000,3_鉱物性燃料,180,3月_金額,50220,220_イタリア,2025000000,2025年,4603,千円
30000000,3_鉱物性燃料,180,3月_金額,50220,220_イタリア,2024000000,2024年,15408,千円
30000000,3_鉱物性燃料,180,3月_金額,50220,220_イタリア,2023000000,2023年,79797,千円
30000000,3_鉱物性燃料,180,3月_金額,50220,220_イタリア,2022000000,2022年,24239,千円
30000000,3_鉱物性燃料,180,3月_金額,50220,220_イタリア,2021000000,2021年,38598,千円
30000000,3_鉱物性燃料,180,3月_金額,50221,221_マルタ,2023000000,2023年,886,千円
30000000,3_鉱物性燃料,180,3月_金額,50221,221_マルタ,2021000000,2021年,0,千円
30000000,3_鉱物性燃料,180,3月_金額,50222,222_フィンランド,2025000000,2025年,4018,千円
30000000,3_鉱物性燃料,180,3月_金額,50222,222_フィンランド,2024000000,2024年,8323,千円
30000000,3_鉱物性燃料,180,3月_金額,50222,222_フィンランド,2023000000,2023年,15516,千円
30000000,3_鉱物性燃料,180,3月_金額,50222,222_フィンランド,2022000000,2022年,0,千円
30000000,3_鉱物性燃料,180,3月_金額,50222,222_フィンランド,2021000000,2021年,2287,千円
30000000,3_鉱物性燃料,180,3月_金額,50223,223_ポーランド,2025000000,2025年,0,千円
30000000,3_鉱物性燃料,180,3月_金額,50223,223_ポーランド,2024000000,2024年,0,千円
30000000,3_鉱物性燃料,180,3月_金額,50223,223_ポーランド,2023000000,2023年,27661,千円
30000000,3_鉱物性燃料,180,3月_金額,50223,223_ポーランド,2022000000,2022年,37240,千円
30000000,3_鉱物性燃料,180,3月_金額,50223,223_ポーランド,2021000000,2021年,36874,千円
30000000,3_鉱物性燃料,180,3月_金額,50224,224_ロシア,2025000000,2025年,57975873,千円
30000000,3_鉱物性燃料,180,3月_金額,50224,224_ロシア,2024000000,2024年,59703723,千円
30000000,3_鉱物性燃料,180,3月_金額,50224,224_ロシア,2023000000,2023年,63027959,千円
30000000,3_鉱物性燃料,180,3月_金額,50224,224_ロシア,2022000000,2022年,123549325,千円
30000000,3_鉱物性燃料,180,3月_金額,50224,224_ロシア,2021000000,2021年,55363309,千円
30000000,3_鉱物性燃料,180,3月_金額,50225,225_オーストリア,2025000000,2025年,215,千円
30000000,3_鉱物性燃料,180,3月_金額,50225,225_オーストリア,2024000000,2024年,311,千円
30000000,3_鉱物性燃料,180,3月_金額,50225,225_オーストリア,2023000000,2023年,1684,千円
30000000,3_鉱物性燃料,180,3月_金額,50225,225_オーストリア,2022000000,2022年,781,千円
30000000,3_鉱物性燃料,180,3月_金額,50225,225_オーストリア,2021000000,2021年,0,千円
30000000,3_鉱物性燃料,180,3月_金額,50227,227_ハンガリー,2025000000,2025年,0,千円
30000000,3_鉱物性燃料,180,3月_金額,50227,227_ハンガリー,2023000000,2023年,0,千円
30000000,3_鉱物性燃料,180,3月_金額,50227,227_ハンガリー,2021000000,2021年,261,千円
30000000,3_鉱物性燃料,180,3月_金額,50228,228_セルビア,2022000000,2022年,0,千円
30000000,3_鉱物性燃料,180,3月_金額,50228,228_セルビア,2021000000,2021年,0,千円
30000000,3_鉱物性燃料,180,3月_金額,50230,230_ギリシャ,2025000000,2025年,2013,千円
30000000,3_鉱物性燃料,180,3月_金額,50230,230_ギリシャ,2024000000,2024年,1091,千円
30000000,3_鉱物性燃料,180,3月_金額,50230,230_ギリシャ,2023000000,2023年,1011,千円
30000000,3_鉱物性燃料,180,3月_金額,50230,230_ギリシャ,2022000000,2022年,6464991,千円
30000000,3_鉱物性燃料,180,3月_金額,50230,230_ギリシャ,2021000000,2021年,0,千円
30000000,3_鉱物性燃料,180,3月_金額,50231,231_ルーマニア,2025000000,2025年,0,千円
30000000,3_鉱物性燃料,180,3月_金額,50231,231_ルーマニア,2021000000,2021年,0,千円
30000000,3_鉱物性燃料,180,3月_金額,50232,232_ブルガリア,2023000000,2023年,0,千円
30000000,3_鉱物性燃料,180,3月_金額,50232,232_ブルガリア,2022000000,2022年,0,千円
30000000,3_鉱物性燃料,180,3月_金額,50234,234_トルコ,2025000000,2025年,0,千円
30000000,3_鉱物性燃料,180,3月_金額,50234,234_トルコ,2024000000,2024年,242,千円
30000000,3_鉱物性燃料,180,3月_金額,50234,234_トルコ,2023000000,2023年,547,千円
30000000,3_鉱物性燃料,180,3月_金額,50234,234_トルコ,2022000000,2022年,2413,千円
30000000,3_鉱物性燃料,180,3月_金額,50234,234_トルコ,2021000000,2021年,0,千円
30000000,3_鉱物性燃料,180,3月_金額,50235,235_エストニア,2025000000,2025年,8948,千円
30000000,3_鉱物性燃料,180,3月_金額,50235,235_エストニア,2024000000,2024年,38328,千円
30000000,3_鉱物性燃料,180,3月_金額,50235,235_エストニア,2023000000,2023年,12479,千円
30000000,3_鉱物性燃料,180,3月_金額,50235,235_エストニア,2022000000,2022年,20519,千円
30000000,3_鉱物性燃料,180,3月_金額,50235,235_エストニア,2021000000,2021年,4449668,千円
30000000,3_鉱物性燃料,180,3月_金額,50236,236_ラトビア,2025000000,2025年,124312,千円
30000000,3_鉱物性燃料,180,3月_金額,50236,236_ラトビア,2024000000,2024年,175782,千円
30000000,3_鉱物性燃料,180,3月_金額,50236,236_ラトビア,2023000000,2023年,106528,千円
30000000,3_鉱物性燃料,180,3月_金額,50236,236_ラトビア,2022000000,2022年,221838,千円
30000000,3_鉱物性燃料,180,3月_金額,50236,236_ラトビア,2021000000,2021年,121520,千円
30000000,3_鉱物性燃料,180,3月_金額,50237,237_リトアニア,2025000000,2025年,53875,千円
30000000,3_鉱物性燃料,180,3月_金額,50237,237_リトアニア,2024000000,2024年,51139,千円
30000000,3_鉱物性燃料,180,3月_金額,50237,237_リトアニア,2023000000,2023年,21279,千円
30000000,3_鉱物性燃料,180,3月_金額,50237,237_リトアニア,2022000000,2022年,49029,千円
30000000,3_鉱物性燃料,180,3月_金額,50237,237_リトアニア,2021000000,2021年,17953,千円
30000000,3_鉱物性燃料,180,3月_金額,50238,238_ウクライナ,2025000000,2025年,1133,千円
30000000,3_鉱物性燃料,180,3月_金額,50238,238_ウクライナ,2024000000,2024年,0,千円
30000000,3_鉱物性燃料,180,3月_金額,50238,238_ウクライナ,2023000000,2023年,636,千円
30000000,3_鉱物性燃料,180,3月_金額,50238,238_ウクライナ,2022000000,2022年,0,千円
30000000,3_鉱物性燃料,180,3月_金額,50238,238_ウクライナ,2021000000,2021年,0,千円
30000000,3_鉱物性燃料,180,3月_金額,50241,241_クロアチア,2025000000,2025年,0,千円
30000000,3_鉱物性燃料,180,3月_金額,50241,241_クロアチア,2021000000,2021年,0,千円
30000000,3_鉱物性燃料,180,3月_金額,50245,245_チェコ,2025000000,2025年,0,千円
30000000,3_鉱物性燃料,180,3月_金額,50245,245_チェコ,2024000000,2024年,0,千円
30000000,3_鉱物性燃料,180,3月_金額,50245,245_チェコ,2023000000,2023年,0,千円
30000000,3_鉱物性燃料,180,3月_金額,50245,245_チェコ,2021000000,2021年,0,千円
30000000,3_鉱物性燃料,180,3月_金額,50246,246_スロバキア,2023000000,2023年,0,千円
30000000,3_鉱物性燃料,180,3月_金額,50302,302_カナダ,2025000000,2025年,36181993,千円
30000000,3_鉱物性燃料,180,3月_金額,50302,302_カナダ,2024000000,2024年,48146853,千円
30000000,3_鉱物性燃料,180,3月_金額,50302,302_カナダ,2023000000,2023年,68279701,千円
30000000,3_鉱物性燃料,180,3月_金額,50302,302_カナダ,2022000000,2022年,42354670,千円
30000000,3_鉱物性燃料,180,3月_金額,50302,302_カナダ,2021000000,2021年,11108689,千円
30000000,3_鉱物性燃料,180,3月_金額,50304,304_アメリカ合衆国,2025000000,2025年,154647939,千円
30000000,3_鉱物性燃料,180,3月_金額,50304,304_アメリカ合衆国,2024000000,2024年,135331231,千円
30000000,3_鉱物性燃料,180,3月_金額,50304,304_アメリカ合衆国,2023000000,2023年,171558802,千円
30000000,3_鉱物性燃料,180,3月_金額,50304,304_アメリカ合衆国,2022000000,2022年,125576913,千円
30000000,3_鉱物性燃料,180,3月_金額,50304,304_アメリカ合衆国,2021000000,2021年,144355107,千円
30000000,3_鉱物性燃料,180,3月_金額,50305,305_メキシコ,2025000000,2025年,0,千円
30000000,3_鉱物性燃料,180,3月_金額,50305,305_メキシコ,2024000000,2024年,0,千円
30000000,3_鉱物性燃料,180,3月_金額,50305,305_メキシコ,2023000000,2023年,0,千円
30000000,3_鉱物性燃料,180,3月_金額,50305,305_メキシコ,2022000000,2022年,7884476,千円
30000000,3_鉱物性燃料,180,3月_金額,50305,305_メキシコ,2021000000,2021年,0,千円
30000000,3_鉱物性燃料,180,3月_金額,50309,309_エルサルバドル,2025000000,2025年,0,千円
30000000,3_鉱物性燃料,180,3月_金額,50309,309_エルサルバドル,2024000000,2024年,279,千円
30000000,3_鉱物性燃料,180,3月_金額,50309,309_エルサルバドル,2022000000,2022年,0,千円
30000000,3_鉱物性燃料,180,3月_金額,50311,311_コスタリカ,2025000000,2025年,0,千円
30000000,3_鉱物性燃料,180,3月_金額,50311,311_コスタリカ,2024000000,2024年,0,千円
30000000,3_鉱物性燃料,180,3月_金額,50311,311_コスタリカ,2023000000,2023年,810,千円
30000000,3_鉱物性燃料,180,3月_金額,50311,311_コスタリカ,2022000000,2022年,629,千円
30000000,3_鉱物性燃料,180,3月_金額,50311,311_コスタリカ,2021000000,2021年,0,千円
30000000,3_鉱物性燃料,180,3月_金額,50312,312_パナマ,2024000000,2024年,4055,千円
30000000,3_鉱物性燃料,180,3月_金額,50312,312_パナマ,2023000000,2023年,0,千円
30000000,3_鉱物性燃料,180,3月_金額,50312,312_パナマ,2022000000,2022年,5043,千円
30000000,3_鉱物性燃料,180,3月_金額,50320,320_トリニダード・トバゴ,2024000000,2024年,0,千円
30000000,3_鉱物性燃料,180,3月_金額,50320,320_トリニダード・トバゴ,2023000000,2023年,4325517,千円
30000000,3_鉱物性燃料,180,3月_金額,50320,320_トリニダード・トバゴ,2022000000,2022年,4853529,千円
30000000,3_鉱物性燃料,180,3月_金額,50321,321_キューバ,2023000000,2023年,0,千円
30000000,3_鉱物性燃料,180,3月_金額,50328,328_ケイマン諸島(英),2023000000,2023年,0,千円
30000000,3_鉱物性燃料,180,3月_金額,50401,401_コロンビア,2025000000,2025年,1284828,千円
30000000,3_鉱物性燃料,180,3月_金額,50401,401_コロンビア,2024000000,2024年,8753803,千円
30000000,3_鉱物性燃料,180,3月_金額,50401,401_コロンビア,2023000000,2023年,6445418,千円
30000000,3_鉱物性燃料,180,3月_金額,50401,401_コロンビア,2022000000,2022年,1401574,千円
30000000,3_鉱物性燃料,180,3月_金額,50401,401_コロンビア,2021000000,2021年,0,千円
30000000,3_鉱物性燃料,180,3月_金額,50406,406_エクアドル,2025000000,2025年,18297116,千円
30000000,3_鉱物性燃料,180,3月_金額,50406,406_エクアドル,2024000000,2024年,6444765,千円
30000000,3_鉱物性燃料,180,3月_金額,50406,406_エクアドル,2023000000,2023年,6498458,千円
30000000,3_鉱物性燃料,180,3月_金額,50406,406_エクアドル,2022000000,2022年,14597262,千円
30000000,3_鉱物性燃料,180,3月_金額,50406,406_エクアドル,2021000000,2021年,9087330,千円
30000000,3_鉱物性燃料,180,3月_金額,50407,407_ペルー,2025000000,2025年,10526333,千円
30000000,3_鉱物性燃料,180,3月_金額,50407,407_ペルー,2024000000,2024年,6800966,千円
30000000,3_鉱物性燃料,180,3月_金額,50407,407_ペルー,2023000000,2023年,6366382,千円
30000000,3_鉱物性燃料,180,3月_金額,50407,407_ペルー,2022000000,2022年,7617078,千円
30000000,3_鉱物性燃料,180,3月_金額,50407,407_ペルー,2021000000,2021年,8512049,千円
30000000,3_鉱物性燃料,180,3月_金額,50409,409_チリ,2023000000,2023年,0,千円
30000000,3_鉱物性燃料,180,3月_金額,50409,409_チリ,2022000000,2022年,0,千円
30000000,3_鉱物性燃料,180,3月_金額,50410,410_ブラジル,2025000000,2025年,503,千円
30000000,3_鉱物性燃料,180,3月_金額,50410,410_ブラジル,2024000000,2024年,417,千円
30000000,3_鉱物性燃料,180,3月_金額,50410,410_ブラジル,2023000000,2023年,17933,千円
30000000,3_鉱物性燃料,180,3月_金額,50410,410_ブラジル,2022000000,2022年,95098,千円
30000000,3_鉱物性燃料,180,3月_金額,50410,410_ブラジル,2021000000,2021年,234,千円
30000000,3_鉱物性燃料,180,3月_金額,50411,411_パラグアイ,2023000000,2023年,0,千円
30000000,3_鉱物性燃料,180,3月_金額,50412,412_ウルグアイ,2022000000,2022年,0,千円
30000000,3_鉱物性燃料,180,3月_金額,50413,413_アルゼンチン,2023000000,2023年,0,千円
30000000,3_鉱物性燃料,180,3月_金額,50503,503_アルジェリア,2025000000,2025年,0,千円
30000000,3_鉱物性燃料,180,3月_金額,50503,503_アルジェリア,2024000000,2024年,0,千円
30000000,3_鉱物性燃料,180,3月_金額,50503,503_アルジェリア,2023000000,2023年,8557507,千円
30000000,3_鉱物性燃料,180,3月_金額,50503,503_アルジェリア,2022000000,2022年,5482439,千円
30000000,3_鉱物性燃料,180,3月_金額,50503,503_アルジェリア,2021000000,2021年,0,千円
30000000,3_鉱物性燃料,180,3月_金額,50505,505_リビア,2021000000,2021年,0,千円
30000000,3_鉱物性燃料,180,3月_金額,50506,506_エジプト,2025000000,2025年,26256,千円
30000000,3_鉱物性燃料,180,3月_金額,50506,506_エジプト,2024000000,2024年,0,千円
30000000,3_鉱物性燃料,180,3月_金額,50506,506_エジプト,2023000000,2023年,0,千円
30000000,3_鉱物性燃料,180,3月_金額,50506,506_エジプト,2022000000,2022年,416634,千円
30000000,3_鉱物性燃料,180,3月_金額,50506,506_エジプト,2021000000,2021年,0,千円
30000000,3_鉱物性燃料,180,3月_金額,50524,524_ナイジェリア,2025000000,2025年,0,千円
30000000,3_鉱物性燃料,180,3月_金額,50524,524_ナイジェリア,2024000000,2024年,0,千円
30000000,3_鉱物性燃料,180,3月_金額,50524,524_ナイジェリア,2023000000,2023年,0,千円
30000000,3_鉱物性燃料,180,3月_金額,50524,524_ナイジェリア,2022000000,2022年,0,千円
30000000,3_鉱物性燃料,180,3月_金額,50524,524_ナイジェリア,2021000000,2021年,2928089,千円
30000000,3_鉱物性燃料,180,3月_金額,50525,525_ニジェール,2025000000,2025年,0,千円
30000000,3_鉱物性燃料,180,3月_金額,50527,527_カメルーン,2024000000,2024年,0,千円
30000000,3_鉱物性燃料,180,3月_金額,50530,530_赤道ギニア,2025000000,2025年,0,千円
30000000,3_鉱物性燃料,180,3月_金額,50530,530_赤道ギニア,2024000000,2024年,0,千円
30000000,3_鉱物性燃料,180,3月_金額,50530,530_赤道ギニア,2023000000,2023年,0,千円
30000000,3_鉱物性燃料,180,3月_金額,50530,530_赤道ギニア,2022000000,2022年,0,千円
30000000,3_鉱物性燃料,180,3月_金額,50530,530_赤道ギニア,2021000000,2021年,2781233,千円
30000000,3_鉱物性燃料,180,3月_金額,50535,535_アンゴラ,2022000000,2022年,5920685,千円
30000000,3_鉱物性燃料,180,3月_金額,50545,545_モザンビーク,2025000000,2025年,0,千円
30000000,3_鉱物性燃料,180,3月_金額,50545,545_モザンビーク,2024000000,2024年,0,千円
30000000,3_鉱物性燃料,180,3月_金額,50545,545_モザンビーク,2023000000,2023年,0,千円
30000000,3_鉱物性燃料,180,3月_金額,50545,545_モザンビーク,2022000000,2022年,1454693,千円
30000000,3_鉱物性燃料,180,3月_金額,50545,545_モザンビーク,2021000000,2021年,0,千円
30000000,3_鉱物性燃料,180,3月_金額,50547,547_モーリシャス,2024000000,2024年,0,千円
30000000,3_鉱物性燃料,180,3月_金額,50547,547_モーリシャス,2022000000,2022年,0,千円
30000000,3_鉱物性燃料,180,3月_金額,50547,547_モーリシャス,2021000000,2021年,0,千円
30000000,3_鉱物性燃料,180,3月_金額,50551,551_南アフリカ共和国,2025000000,2025年,7653743,千円
30000000,3_鉱物性燃料,180,3月_金額,50551,551_南アフリカ共和国,2024000000,2024年,2681528,千円
30000000,3_鉱物性燃料,180,3月_金額,50551,551_南アフリカ共和国,2023000000,2023年,5298560,千円
30000000,3_鉱物性燃料,180,3月_金額,50551,551_南アフリカ共和国,2022000000,2022年,1801010,千円
30000000,3_鉱物性燃料,180,3月_金額,50551,551_南アフリカ共和国,2021000000,2021年,105726,千円
30000000,3_鉱物性燃料,180,3月_金額,50560,560_南スーダン,2025000000,2025年,0,千円
30000000,3_鉱物性燃料,180,3月_金額,50560,560_南スーダン,2024000000,2024年,0,千円
30000000,3_鉱物性燃料,180,3月_金額,50560,560_南スーダン,2023000000,2023年,0,千円
30000000,3_鉱物性燃料,180,3月_金額,50560,560_南スーダン,2022000000,2022年,3652880,千円
30000000,3_鉱物性燃料,180,3月_金額,50560,560_南スーダン,2021000000,2021年,0,千円
30000000,3_鉱物性燃料,180,3月_金額,50601,601_オーストラリア,2025000000,2025年,382651545,千円
30000000,3_鉱物性燃料,180,3月_金額,50601,601_オーストラリア,2024000000,2024年,512564093,千円
30000000,3_鉱物性燃料,180,3月_金額,50601,601_オーストラリア,2023000000,2023年,641884468,千円
30000000,3_鉱物性燃料,180,3月_金額,50601,601_オーストラリア,2022000000,2022年,552223480,千円
30000000,3_鉱物性燃料,180,3月_金額,50601,601_オーストラリア,2021000000,2021年,205079749,千円
30000000,3_鉱物性燃料,180,3月_金額,50602,602_パプアニューギニア,2025000000,2025年,24644226,千円
30000000,3_鉱物性燃料,180,3月_金額,50602,602_パプアニューギニア,2024000000,2024年,28359924,千円
30000000,3_鉱物性燃料,180,3月_金額,50602,602_パプアニューギニア,2023000000,2023年,34570716,千円
30000000,3_鉱物性燃料,180,3月_金額,50602,602_パプアニューギニア,2022000000,2022年,38348770,千円
30000000,3_鉱物性燃料,180,3月_金額,50602,602_パプアニューギニア,2021000000,2021年,15660563,千円
30000000,3_鉱物性燃料,180,3月_金額,50606,606_ニュージーランド,2025000000,2025年,0,千円
30000000,3_鉱物性燃料,180,3月_金額,50606,606_ニュージーランド,2024000000,2024年,0,千円
30000000,3_鉱物性燃料,180,3月_金額,50606,606_ニュージーランド,2023000000,2023年,1765340,千円
30000000,3_鉱物性燃料,180,3月_金額,50606,606_ニュージーランド,2022000000,2022年,0,千円
30000000,3_鉱物性燃料,180,3月_金額,50606,606_ニュージーランド,2021000000,2021年,0,千円
30000000,3_鉱物性燃料,180,3月_金額,50618,618_ニューカレドニア(仏),2024000000,2024年,0,千円
30000000,3_鉱物性燃料,180,3月_金額,50618,618_ニューカレドニア(仏),2023000000,2023年,0,千円
30000000,3_鉱物性燃料,180,3月_金額,50625,625_マーシャル,2024000000,2024年,0,千円
30000000,3_鉱物性燃料,180,3月_金額,50625,625_マーシャル,2022000000,2022年,0,千円
30000000,3_鉱物性燃料,180,3月_金額,50625,625_マーシャル,2021000000,2021年,0,千円
30000000,3_鉱物性燃料,180,3月_金額,50626,626_ミクロネシア,2021000000,2021年,0,千円
30000000,3_鉱物性燃料,180,3月_金額,50628,628_パラオ,2025000000,2025年,0,千円
30000000,3_鉱物性燃料,180,3月_金額,50702,702_不明,2025000000,2025年,34420,千円
30000000,3_鉱物性燃料,180,3月_金額,50702,702_不明,2024000000,2024年,32843,千円
30000000,3_鉱物性燃料,180,3月_金額,50702,702_不明,2023000000,2023年,18919,千円
30000000,3_鉱物性燃料,180,3月_金額,50702,702_不明,2022000000,2022年,0,千円
30000000,3_鉱物性燃料,180,3月_金額,50702,702_不明,2021000000,2021年,1348,千円
30000000,3_鉱物性燃料,190,4月_数量,50103,103_大韓民国,2025000000,2025年,0,
30000000,3_鉱物性燃料,190,4月_数量,50103,103_大韓民国,2024000000,2024年,0,
30000000,3_鉱物性燃料,190,4月_数量,50103,103_大韓民国,2023000000,2023年,0,
30000000,3_鉱物性燃料,190,4月_数量,50103,103_大韓民国,2022000000,2022年,0,
30000000,3_鉱物性燃料,190,4月_数量,50103,103_大韓民国,2021000000,2021年,0,
30000000,3_鉱物性燃料,190,4月_数量,50105,105_中華人民共和国,2025000000,2025年,0,
30000000,3_鉱物性燃料,190,4月_数量,50105,105_中華人民共和国,2024000000,2024年,0,
30000000,3_鉱物性燃料,190,4月_数量,50105,105_中華人民共和国,2023000000,2023年,0,
30000000,3_鉱物性燃料,190,4月_数量,50105,105_中華人民共和国,2022000000,2022年,0,
30000000,3_鉱物性燃料,190,4月_数量,50105,105_中華人民共和国,2021000000,2021年,0,
30000000,3_鉱物性燃料,190,4月_数量,50106,106_台湾,2025000000,2025年,0,
30000000,3_鉱物性燃料,190,4月_数量,50106,106_台湾,2024000000,2024年,0,
30000000,3_鉱物性燃料,190,4月_数量,50106,106_台湾,2023000000,2023年,0,
30000000,3_鉱物性燃料,190,4月_数量,50106,106_台湾,2022000000,2022年,0,
30000000,3_鉱物性燃料,190,4月_数量,50106,106_台湾,2021000000,2021年,0,
30000000,3_鉱物性燃料,190,4月_数量,50108,108_香港,2025000000,2025年,0,
30000000,3_鉱物性燃料,190,4月_数量,50108,108_香港,2024000000,2024年,0,
30000000,3_鉱物性燃料,190,4月_数量,50108,108_香港,2023000000,2023年,0,
30000000,3_鉱物性燃料,190,4月_数量,50108,108_香港,2022000000,2022年,0,
30000000,3_鉱物性燃料,190,4月_数量,50108,108_香港,2021000000,2021年,0,
30000000,3_鉱物性燃料,190,4月_数量,50110,110_ベトナム,2025000000,2025年,0,
30000000,3_鉱物性燃料,190,4月_数量,50110,110_ベトナム,2024000000,2024年,0,
30000000,3_鉱物性燃料,190,4月_数量,50110,110_ベトナム,2023000000,2023年,0,
30000000,3_鉱物性燃料,190,4月_数量,50110,110_ベトナム,2022000000,2022年,0,
30000000,3_鉱物性燃料,190,4月_数量,50110,110_ベトナム,2021000000,2021年,0,
30000000,3_鉱物性燃料,190,4月_数量,50111,111_タイ,2025000000,2025年,0,
30000000,3_鉱物性燃料,190,4月_数量,50111,111_タイ,2024000000,2024年,0,
30000000,3_鉱物性燃料,190,4月_数量,50111,111_タイ,2023000000,2023年,0,
30000000,3_鉱物性燃料,190,4月_数量,50111,111_タイ,2022000000,2022年,0,
30000000,3_鉱物性燃料,190,4月_数量,50111,111_タイ,2021000000,2021年,0,
30000000,3_鉱物性燃料,190,4月_数量,50112,112_シンガポール,2025000000,2025年,0,
30000000,3_鉱物性燃料,190,4月_数量,50112,112_シンガポール,2024000000,2024年,0,
30000000,3_鉱物性燃料,190,4月_数量,50112,112_シンガポール,2023000000,2023年,0,
30000000,3_鉱物性燃料,190,4月_数量,50112,112_シンガポール,2022000000,2022年,0,
30000000,3_鉱物性燃料,190,4月_数量,50112,112_シンガポール,2021000000,2021年,0,
30000000,3_鉱物性燃料,190,4月_数量,50113,113_マレーシア,2025000000,2025年,0,
30000000,3_鉱物性燃料,190,4月_数量,50113,113_マレーシア,2024000000,2024年,0,
30000000,3_鉱物性燃料,190,4月_数量,50113,113_マレーシア,2023000000,2023年,0,
30000000,3_鉱物性燃料,190,4月_数量,50113,113_マレーシア,2022000000,2022年,0,
30000000,3_鉱物性燃料,190,4月_数量,50113,113_マレーシア,2021000000,2021年,0,
30000000,3_鉱物性燃料,190,4月_数量,50116,116_ブルネイ,2025000000,2025年,0,
30000000,3_鉱物性燃料,190,4月_数量,50116,116_ブルネイ,2024000000,2024年,0,
30000000,3_鉱物性燃料,190,4月_数量,50116,116_ブルネイ,2023000000,2023年,0,
30000000,3_鉱物性燃料,190,4月_数量,50116,116_ブルネイ,2022000000,2022年,0,
30000000,3_鉱物性燃料,190,4月_数量,50116,116_ブルネイ,2021000000,2021年,0,
30000000,3_鉱物性燃料,190,4月_数量,50117,117_フィリピン,2025000000,2025年,0,
30000000,3_鉱物性燃料,190,4月_数量,50117,117_フィリピン,2024000000,2024年,0,
30000000,3_鉱物性燃料,190,4月_数量,50117,117_フィリピン,2023000000,2023年,0,
30000000,3_鉱物性燃料,190,4月_数量,50117,117_フィリピン,2022000000,2022年,0,
30000000,3_鉱物性燃料,190,4月_数量,50117,117_フィリピン,2021000000,2021年,0,
30000000,3_鉱物性燃料,190,4月_数量,50118,118_インドネシア,2025000000,2025年,0,
30000000,3_鉱物性燃料,190,4月_数量,50118,118_インドネシア,2024000000,2024年,0,
30000000,3_鉱物性燃料,190,4月_数量,50118,118_インドネシア,2023000000,2023年,0,
30000000,3_鉱物性燃料,190,4月_数量,50118,118_インドネシア,2022000000,2022年,0,
30000000,3_鉱物性燃料,190,4月_数量,50118,118_インドネシア,2021000000,2021年,0,
30000000,3_鉱物性燃料,190,4月_数量,50123,123_インド,2025000000,2025年,0,
30000000,3_鉱物性燃料,190,4月_数量,50123,123_インド,2024000000,2024年,0,
30000000,3_鉱物性燃料,190,4月_数量,50123,123_インド,2023000000,2023年,0,
30000000,3_鉱物性燃料,190,4月_数量,50123,123_インド,2022000000,2022年,0,
30000000,3_鉱物性燃料,190,4月_数量,50123,123_インド,2021000000,2021年,0,
30000000,3_鉱物性燃料,190,4月_数量,50124,124_パキスタン,2025000000,2025年,0,
30000000,3_鉱物性燃料,190,4月_数量,50124,124_パキスタン,2023000000,2023年,0,
30000000,3_鉱物性燃料,190,4月_数量,50124,124_パキスタン,2022000000,2022年,0,
30000000,3_鉱物性燃料,190,4月_数量,50124,124_パキスタン,2021000000,2021年,0,
30000000,3_鉱物性燃料,190,4月_数量,50125,125_スリランカ,2025000000,2025年,0,
30000000,3_鉱物性燃料,190,4月_数量,50125,125_スリランカ,2024000000,2024年,0,
30000000,3_鉱物性燃料,190,4月_数量,50125,125_スリランカ,2023000000,2023年,0,
30000000,3_鉱物性燃料,190,4月_数量,50125,125_スリランカ,2022000000,2022年,0,
30000000,3_鉱物性燃料,190,4月_数量,50125,125_スリランカ,2021000000,2021年,0,
30000000,3_鉱物性燃料,190,4月_数量,50126,126_モルディブ,2022000000,2022年,0,
30000000,3_鉱物性燃料,190,4月_数量,50127,127_バングラデシュ,2024000000,2024年,0,
30000000,3_鉱物性燃料,190,4月_数量,50128,128_東ティモール,2025000000,2025年,0,
30000000,3_鉱物性燃料,190,4月_数量,50128,128_東ティモール,2023000000,2023年,0,
30000000,3_鉱物性燃料,190,4月_数量,50128,128_東ティモール,2022000000,2022年,0,
30000000,3_鉱物性燃料,190,4月_数量,50128,128_東ティモール,2021000000,2021年,0,
30000000,3_鉱物性燃料,190,4月_数量,50134,134_イラク,2025000000,2025年,0,
30000000,3_鉱物性燃料,190,4月_数量,50134,134_イラク,2024000000,2024年,0,
30000000,3_鉱物性燃料,190,4月_数量,50134,134_イラク,2023000000,2023年,0,
30000000,3_鉱物性燃料,190,4月_数量,50134,134_イラク,2021000000,2021年,0,
30000000,3_鉱物性燃料,190,4月_数量,50135,135_バーレーン,2025000000,2025年,0,
30000000,3_鉱物性燃料,190,4月_数量,50135,135_バーレーン,2024000000,2024年,0,
30000000,3_鉱物性燃料,190,4月_数量,50135,135_バーレーン,2023000000,2023年,0,
30000000,3_鉱物性燃料,190,4月_数量,50135,135_バーレーン,2022000000,2022年,0,
30000000,3_鉱物性燃料,190,4月_数量,50135,135_バーレーン,2021000000,2021年,0,
30000000,3_鉱物性燃料,190,4月_数量,50137,137_サウジアラビア,2025000000,2025年,0,
30000000,3_鉱物性燃料,190,4月_数量,50137,137_サウジアラビア,2024000000,2024年,0,
30000000,3_鉱物性燃料,190,4月_数量,50137,137_サウジアラビア,2023000000,2023年,0,
30000000,3_鉱物性燃料,190,4月_数量,50137,137_サウジアラビア,2022000000,2022年,0,
30000000,3_鉱物性燃料,190,4月_数量,50137,137_サウジアラビア,2021000000,2021年,0,
30000000,3_鉱物性燃料,190,4月_数量,50138,138_クウェート,2025000000,2025年,0,
30000000,3_鉱物性燃料,190,4月_数量,50138,138_クウェート,2024000000,2024年,0,
30000000,3_鉱物性燃料,190,4月_数量,50138,138_クウェート,2023000000,2023年,0,
30000000,3_鉱物性燃料,190,4月_数量,50138,138_クウェート,2022000000,2022年,0,
30000000,3_鉱物性燃料,190,4月_数量,50138,138_クウェート,2021000000,2021年,0,
30000000,3_鉱物性燃料,190,4月_数量,50140,140_カタール,2025000000,2025年,0,
30000000,3_鉱物性燃料,190,4月_数量,50140,140_カタール,2024000000,2024年,0,
30000000,3_鉱物性燃料,190,4月_数量,50140,140_カタール,2023000000,2023年,0,
30000000,3_鉱物性燃料,190,4月_数量,50140,140_カタール,2022000000,2022年,0,
30000000,3_鉱物性燃料,190,4月_数量,50140,140_カタール,2021000000,2021年,0,
30000000,3_鉱物性燃料,190,4月_数量,50141,141_オマーン,2025000000,2025年,0,
30000000,3_鉱物性燃料,190,4月_数量,50141,141_オマーン,2024000000,2024年,0,
30000000,3_鉱物性燃料,190,4月_数量,50141,141_オマーン,2023000000,2023年,0,
30000000,3_鉱物性燃料,190,4月_数量,50141,141_オマーン,2022000000,2022年,0,
30000000,3_鉱物性燃料,190,4月_数量,50141,141_オマーン,2021000000,2021年,0,
30000000,3_鉱物性燃料,190,4月_数量,50143,143_イスラエル,2025000000,2025年,0,
30000000,3_鉱物性燃料,190,4月_数量,50143,143_イスラエル,2024000000,2024年,0,
30000000,3_鉱物性燃料,190,4月_数量,50143,143_イスラエル,2023000000,2023年,0,
30000000,3_鉱物性燃料,190,4月_数量,50143,143_イスラエル,2022000000,2022年,0,
30000000,3_鉱物性燃料,190,4月_数量,50143,143_イスラエル,2021000000,2021年,0,
30000000,3_鉱物性燃料,190,4月_数量,50147,147_アラブ首長国連邦,2025000000,2025年,0,
30000000,3_鉱物性燃料,190,4月_数量,50147,147_アラブ首長国連邦,2024000000,2024年,0,
30000000,3_鉱物性燃料,190,4月_数量,50147,147_アラブ首長国連邦,2023000000,2023年,0,
30000000,3_鉱物性燃料,190,4月_数量,50147,147_アラブ首長国連邦,2022000000,2022年,0,
30000000,3_鉱物性燃料,190,4月_数量,50147,147_アラブ首長国連邦,2021000000,2021年,0,
30000000,3_鉱物性燃料,190,4月_数量,50153,153_カザフスタン,2025000000,2025年,0,
30000000,3_鉱物性燃料,190,4月_数量,50153,153_カザフスタン,2024000000,2024年,0,
30000000,3_鉱物性燃料,190,4月_数量,50153,153_カザフスタン,2023000000,2023年,0,
30000000,3_鉱物性燃料,190,4月_数量,50153,153_カザフスタン,2022000000,2022年,0,
30000000,3_鉱物性燃料,190,4月_数量,50153,153_カザフスタン,2021000000,2021年,0,
30000000,3_鉱物性燃料,190,4月_数量,50202,202_ノルウェー,2025000000,2025年,0,
30000000,3_鉱物性燃料,190,4月_数量,50202,202_ノルウェー,2024000000,2024年,0,
30000000,3_鉱物性燃料,190,4月_数量,50202,202_ノルウェー,2023000000,2023年,0,
30000000,3_鉱物性燃料,190,4月_数量,50202,202_ノルウェー,2022000000,2022年,0,
30000000,3_鉱物性燃料,190,4月_数量,50202,202_ノルウェー,2021000000,2021年,0,
30000000,3_鉱物性燃料,190,4月_数量,50203,203_スウェーデン,2025000000,2025年,0,
30000000,3_鉱物性燃料,190,4月_数量,50203,203_スウェーデン,2024000000,2024年,0,
30000000,3_鉱物性燃料,190,4月_数量,50203,203_スウェーデン,2023000000,2023年,0,
30000000,3_鉱物性燃料,190,4月_数量,50203,203_スウェーデン,2022000000,2022年,0,
30000000,3_鉱物性燃料,190,4月_数量,50203,203_スウェーデン,2021000000,2021年,0,
30000000,3_鉱物性燃料,190,4月_数量,50204,204_デンマーク,2025000000,2025年,0,
30000000,3_鉱物性燃料,190,4月_数量,50204,204_デンマーク,2024000000,2024年,0,
30000000,3_鉱物性燃料,190,4月_数量,50204,204_デンマーク,2023000000,2023年,0,
30000000,3_鉱物性燃料,190,4月_数量,50204,204_デンマーク,2022000000,2022年,0,
30000000,3_鉱物性燃料,190,4月_数量,50204,204_デンマーク,2021000000,2021年,0,
30000000,3_鉱物性燃料,190,4月_数量,50205,205_英国,2025000000,2025年,0,
30000000,3_鉱物性燃料,190,4月_数量,50205,205_英国,2024000000,2024年,0,
30000000,3_鉱物性燃料,190,4月_数量,50205,205_英国,2023000000,2023年,0,
30000000,3_鉱物性燃料,190,4月_数量,50205,205_英国,2022000000,2022年,0,
30000000,3_鉱物性燃料,190,4月_数量,50205,205_英国,2021000000,2021年,0,
30000000,3_鉱物性燃料,190,4月_数量,50206,206_アイルランド,2025000000,2025年,0,
30000000,3_鉱物性燃料,190,4月_数量,50206,206_アイルランド,2024000000,2024年,0,
30000000,3_鉱物性燃料,190,4月_数量,50206,206_アイルランド,2023000000,2023年,0,
30000000,3_鉱物性燃料,190,4月_数量,50206,206_アイルランド,2022000000,2022年,0,
30000000,3_鉱物性燃料,190,4月_数量,50206,206_アイルランド,2021000000,2021年,0,
30000000,3_鉱物性燃料,190,4月_数量,50207,207_オランダ,2025000000,2025年,0,
30000000,3_鉱物性燃料,190,4月_数量,50207,207_オランダ,2024000000,2024年,0,
30000000,3_鉱物性燃料,190,4月_数量,50207,207_オランダ,2023000000,2023年,0,
30000000,3_鉱物性燃料,190,4月_数量,50207,207_オランダ,2022000000,2022年,0,
30000000,3_鉱物性燃料,190,4月_数量,50207,207_オランダ,2021000000,2021年,0,
30000000,3_鉱物性燃料,190,4月_数量,50208,208_ベルギー,2025000000,2025年,0,
30000000,3_鉱物性燃料,190,4月_数量,50208,208_ベルギー,2024000000,2024年,0,
30000000,3_鉱物性燃料,190,4月_数量,50208,208_ベルギー,2023000000,2023年,0,
30000000,3_鉱物性燃料,190,4月_数量,50208,208_ベルギー,2022000000,2022年,0,
30000000,3_鉱物性燃料,190,4月_数量,50208,208_ベルギー,2021000000,2021年,0,
30000000,3_鉱物性燃料,190,4月_数量,50209,209_ルクセンブルク,2025000000,2025年,0,
30000000,3_鉱物性燃料,190,4月_数量,50209,209_ルクセンブルク,2021000000,2021年,0,
30000000,3_鉱物性燃料,190,4月_数量,50210,210_フランス,2025000000,2025年,0,
30000000,3_鉱物性燃料,190,4月_数量,50210,210_フランス,2024000000,2024年,0,
30000000,3_鉱物性燃料,190,4月_数量,50210,210_フランス,2023000000,2023年,0,
30000000,3_鉱物性燃料,190,4月_数量,50210,210_フランス,2022000000,2022年,0,
30000000,3_鉱物性燃料,190,4月_数量,50210,210_フランス,2021000000,2021年,0,
30000000,3_鉱物性燃料,190,4月_数量,50213,213_ドイツ,2025000000,2025年,0,
30000000,3_鉱物性燃料,190,4月_数量,50213,213_ドイツ,2024000000,2024年,0,
30000000,3_鉱物性燃料,190,4月_数量,50213,213_ドイツ,2023000000,2023年,0,
30000000,3_鉱物性燃料,190,4月_数量,50213,213_ドイツ,2022000000,2022年,0,
30000000,3_鉱物性燃料,190,4月_数量,50213,213_ドイツ,2021000000,2021年,0,
30000000,3_鉱物性燃料,190,4月_数量,50215,215_スイス,2025000000,2025年,0,
30000000,3_鉱物性燃料,190,4月_数量,50215,215_スイス,2024000000,2024年,0,
30000000,3_鉱物性燃料,190,4月_数量,50215,215_スイス,2023000000,2023年,0,
30000000,3_鉱物性燃料,190,4月_数量,50215,215_スイス,2022000000,2022年,0,
30000000,3_鉱物性燃料,190,4月_数量,50215,215_スイス,2021000000,2021年,0,
30000000,3_鉱物性燃料,190,4月_数量,50218,218_スペイン,2025000000,2025年,0,
30000000,3_鉱物性燃料,190,4月_数量,50218,218_スペイン,2024000000,2024年,0,
30000000,3_鉱物性燃料,190,4月_数量,50218,218_スペイン,2023000000,2023年,0,
30000000,3_鉱物性燃料,190,4月_数量,50218,218_スペイン,2022000000,2022年,0,
30000000,3_鉱物性燃料,190,4月_数量,50218,218_スペイン,2021000000,2021年,0,
30000000,3_鉱物性燃料,190,4月_数量,50220,220_イタリア,2025000000,2025年,0,
30000000,3_鉱物性燃料,190,4月_数量,50220,220_イタリア,2024000000,2024年,0,
30000000,3_鉱物性燃料,190,4月_数量,50220,220_イタリア,2023000000,2023年,0,
30000000,3_鉱物性燃料,190,4月_数量,50220,220_イタリア,2022000000,2022年,0,
30000000,3_鉱物性燃料,190,4月_数量,50220,220_イタリア,2021000000,2021年,0,
30000000,3_鉱物性燃料,190,4月_数量,50221,221_マルタ,2023000000,2023年,0,
30000000,3_鉱物性燃料,190,4月_数量,50221,221_マルタ,2021000000,2021年,0,
30000000,3_鉱物性燃料,190,4月_数量,50222,222_フィンランド,2025000000,2025年,0,
30000000,3_鉱物性燃料,190,4月_数量,50222,222_フィンランド,2024000000,2024年,0,
30000000,3_鉱物性燃料,190,4月_数量,50222,222_フィンランド,2023000000,2023年,0,
30000000,3_鉱物性燃料,190,4月_数量,50222,222_フィンランド,2022000000,2022年,0,
30000000,3_鉱物性燃料,190,4月_数量,50222,222_フィンランド,2021000000,2021年,0,
30000000,3_鉱物性燃料,190,4月_数量,50223,223_ポーランド,2025000000,2025年,0,
30000000,3_鉱物性燃料,190,4月_数量,50223,223_ポーランド,2024000000,2024年,0,
30000000,3_鉱物性燃料,190,4月_数量,50223,223_ポーランド,2023000000,2023年,0,
30000000,3_鉱物性燃料,190,4月_数量,50223,223_ポーランド,2022000000,2022年,0,
30000000,3_鉱物性燃料,190,4月_数量,50223,223_ポーランド,2021000000,2021年,0,
30000000,3_鉱物性燃料,190,4月_数量,50224,224_ロシア,2025000000,2025年,0,
30000000,3_鉱物性燃料,190,4月_数量,50224,224_ロシア,2024000000,2024年,0,
30000000,3_鉱物性燃料,190,4月_数量,50224,224_ロシア,2023000000,2023年,0,
30000000,3_鉱物性燃料,190,4月_数量,50224,224_ロシア,2022000000,2022年,0,
30000000,3_鉱物性燃料,190,4月_数量,50224,224_ロシア,2021000000,2021年,0,
30000000,3_鉱物性燃料,190,4月_数量,50225,225_オーストリア,2025000000,2025年,0,
30000000,3_鉱物性燃料,190,4月_数量,50225,225_オーストリア,2024000000,2024年,0,
30000000,3_鉱物性燃料,190,4月_数量,50225,225_オーストリア,2023000000,2023年,0,
30000000,3_鉱物性燃料,190,4月_数量,50225,225_オーストリア,2022000000,2022年,0,
30000000,3_鉱物性燃料,190,4月_数量,50225,225_オーストリア,2021000000,2021年,0,
30000000,3_鉱物性燃料,190,4月_数量,50227,227_ハンガリー,2025000000,2025年,0,
30000000,3_鉱物性燃料,190,4月_数量,50227,227_ハンガリー,2023000000,2023年,0,
30000000,3_鉱物性燃料,190,4月_数量,50227,227_ハンガリー,2021000000,2021年,0,
30000000,3_鉱物性燃料,190,4月_数量,50228,228_セルビア,2022000000,2022年,0,
30000000,3_鉱物性燃料,190,4月_数量,50228,228_セルビア,2021000000,2021年,0,
30000000,3_鉱物性燃料,190,4月_数量,50230,230_ギリシャ,2025000000,2025年,0,
30000000,3_鉱物性燃料,190,4月_数量,50230,230_ギリシャ,2024000000,2024年,0,
30000000,3_鉱物性燃料,190,4月_数量,50230,230_ギリシャ,2023000000,2023年,0,
30000000,3_鉱物性燃料,190,4月_数量,50230,230_ギリシャ,2022000000,2022年,0,
30000000,3_鉱物性燃料,190,4月_数量,50230,230_ギリシャ,2021000000,2021年,0,
30000000,3_鉱物性燃料,190,4月_数量,50231,231_ルーマニア,2025000000,2025年,0,
30000000,3_鉱物性燃料,190,4月_数量,50231,231_ルーマニア,2021000000,2021年,0,
30000000,3_鉱物性燃料,190,4月_数量,50232,232_ブルガリア,2023000000,2023年,0,
30000000,3_鉱物性燃料,190,4月_数量,50232,232_ブルガリア,2022000000,2022年,0,
30000000,3_鉱物性燃料,190,4月_数量,50234,234_トルコ,2025000000,2025年,0,
30000000,3_鉱物性燃料,190,4月_数量,50234,234_トルコ,2024000000,2024年,0,
30000000,3_鉱物性燃料,190,4月_数量,50234,234_トルコ,2023000000,2023年,0,
30000000,3_鉱物性燃料,190,4月_数量,50234,234_トルコ,2022000000,2022年,0,
30000000,3_鉱物性燃料,190,4月_数量,50234,234_トルコ,2021000000,2021年,0,
30000000,3_鉱物性燃料,190,4月_数量,50235,235_エストニア,2025000000,2025年,0,
30000000,3_鉱物性燃料,190,4月_数量,50235,235_エストニア,2024000000,2024年,0,
30000000,3_鉱物性燃料,190,4月_数量,50235,235_エストニア,2023000000,2023年,0,
30000000,3_鉱物性燃料,190,4月_数量,50235,235_エストニア,2022000000,2022年,0,
30000000,3_鉱物性燃料,190,4月_数量,50235,235_エストニア,2021000000,2021年,0,
30000000,3_鉱物性燃料,190,4月_数量,50236,236_ラトビア,2025000000,2025年,0,
30000000,3_鉱物性燃料,190,4月_数量,50236,236_ラトビア,2024000000,2024年,0,
30000000,3_鉱物性燃料,190,4月_数量,50236,236_ラトビア,2023000000,2023年,0,
30000000,3_鉱物性燃料,190,4月_数量,50236,236_ラトビア,2022000000,2022年,0,
30000000,3_鉱物性燃料,190,4月_数量,50236,236_ラトビア,2021000000,2021年,0,
30000000,3_鉱物性燃料,190,4月_数量,50237,237_リトアニア,2025000000,2025年,0,
30000000,3_鉱物性燃料,190,4月_数量,50237,237_リトアニア,2024000000,2024年,0,
30000000,3_鉱物性燃料,190,4月_数量,50237,237_リトアニア,2023000000,2023年,0,
30000000,3_鉱物性燃料,190,4月_数量,50237,237_リトアニア,2022000000,2022年,0,
30000000,3_鉱物性燃料,190,4月_数量,50237,237_リトアニア,2021000000,2021年,0,
30000000,3_鉱物性燃料,190,4月_数量,50238,238_ウクライナ,2025000000,2025年,0,
30000000,3_鉱物性燃料,190,4月_数量,50238,238_ウクライナ,2024000000,2024年,0,
30000000,3_鉱物性燃料,190,4月_数量,50238,238_ウクライナ,2023000000,2023年,0,
30000000,3_鉱物性燃料,190,4月_数量,50238,238_ウクライナ,2022000000,2022年,0,
30000000,3_鉱物性燃料,190,4月_数量,50238,238_ウクライナ,2021000000,2021年,0,
30000000,3_鉱物性燃料,190,4月_数量,50241,241_クロアチア,2025000000,2025年,0,
30000000,3_鉱物性燃料,190,4月_数量,50241,241_クロアチア,2021000000,2021年,0,
30000000,3_鉱物性燃料,190,4月_数量,50245,245_チェコ,2025000000,2025年,0,
30000000,3_鉱物性燃料,190,4月_数量,50245,245_チェコ,2024000000,2024年,0,
30000000,3_鉱物性燃料,190,4月_数量,50245,245_チェコ,2023000000,2023年,0,
30000000,3_鉱物性燃料,190,4月_数量,50245,245_チェコ,2021000000,2021年,0,
30000000,3_鉱物性燃料,190,4月_数量,50246,246_スロバキア,2023000000,2023年,0,
30000000,3_鉱物性燃料,190,4月_数量,50302,302_カナダ,2025000000,2025年,0,
30000000,3_鉱物性燃料,190,4月_数量,50302,302_カナダ,2024000000,2024年,0,
30000000,3_鉱物性燃料,190,4月_数量,50302,302_カナダ,2023000000,2023年,0,
30000000,3_鉱物性燃料,190,4月_数量,50302,302_カナダ,2022000000,2022年,0,
30000000,3_鉱物性燃料,190,4月_数量,50302,302_カナダ,2021000000,2021年,0,
30000000,3_鉱物性燃料,190,4月_数量,50304,304_アメリカ合衆国,2025000000,2025年,0,
30000000,3_鉱物性燃料,190,4月_数量,50304,304_アメリカ合衆国,2024000000,2024年,0,
30000000,3_鉱物性燃料,190,4月_数量,50304,304_アメリカ合衆国,2023000000,2023年,0,
30000000,3_鉱物性燃料,190,4月_数量,50304,304_アメリカ合衆国,2022000000,2022年,0,
30000000,3_鉱物性燃料,190,4月_数量,50304,304_アメリカ合衆国,2021000000,2021年,0,
30000000,3_鉱物性燃料,190,4月_数量,50305,305_メキシコ,2025000000,2025年,0,
30000000,3_鉱物性燃料,190,4月_数量,50305,305_メキシコ,2024000000,2024年,0,
30000000,3_鉱物性燃料,190,4月_数量,50305,305_メキシコ,2023000000,2023年,0,
30000000,3_鉱物性燃料,190,4月_数量,50305,305_メキシコ,2022000000,2022年,0,
30000000,3_鉱物性燃料,190,4月_数量,50305,305_メキシコ,2021000000,2021年,0,
30000000,3_鉱物性燃料,190,4月_数量,50309,309_エルサルバドル,2025000000,2025年,0,
30000000,3_鉱物性燃料,190,4月_数量,50309,309_エルサルバドル,2024000000,2024年,0,
30000000,3_鉱物性燃料,190,4月_数量,50309,309_エルサルバドル,2022000000,2022年,0,
30000000,3_鉱物性燃料,190,4月_数量,50311,311_コスタリカ,2025000000,2025年,0,
30000000,3_鉱物性燃料,190,4月_数量,50311,311_コスタリカ,2024000000,2024年,0,
30000000,3_鉱物性燃料,190,4月_数量,50311,311_コスタリカ,2023000000,2023年,0,
30000000,3_鉱物性燃料,190,4月_数量,50311,311_コスタリカ,2022000000,2022年,0,
30000000,3_鉱物性燃料,190,4月_数量,50311,311_コスタリカ,2021000000,2021年,0,
30000000,3_鉱物性燃料,190,4月_数量,50312,312_パナマ,2024000000,2024年,0,
30000000,3_鉱物性燃料,190,4月_数量,50312,312_パナマ,2023000000,2023年,0,
30000000,3_鉱物性燃料,190,4月_数量,50312,312_パナマ,2022000000,2022年,0,
30000000,3_鉱物性燃料,190,4月_数量,50320,320_トリニダード・トバゴ,2024000000,2024年,0,
30000000,3_鉱物性燃料,190,4月_数量,50320,320_トリニダード・トバゴ,2023000000,2023年,0,
30000000,3_鉱物性燃料,190,4月_数量,50320,320_トリニダード・トバゴ,2022000000,2022年,0,
30000000,3_鉱物性燃料,190,4月_数量,50321,321_キューバ,2023000000,2023年,0,
30000000,3_鉱物性燃料,190,4月_数量,50328,328_ケイマン諸島(英),2023000000,2023年,0,
30000000,3_鉱物性燃料,190,4月_数量,50401,401_コロンビア,2025000000,2025年,0,
30000000,3_鉱物性燃料,190,4月_数量,50401,401_コロンビア,2024000000,2024年,0,
30000000,3_鉱物性燃料,190,4月_数量,50401,401_コロンビア,2023000000,2023年,0,
30000000,3_鉱物性燃料,190,4月_数量,50401,401_コロンビア,2022000000,2022年,0,
30000000,3_鉱物性燃料,190,4月_数量,50401,401_コロンビア,2021000000,2021年,0,
30000000,3_鉱物性燃料,190,4月_数量,50406,406_エクアドル,2025000000,2025年,0,
30000000,3_鉱物性燃料,190,4月_数量,50406,406_エクアドル,2024000000,2024年,0,
30000000,3_鉱物性燃料,190,4月_数量,50406,406_エクアドル,2023000000,2023年,0,
30000000,3_鉱物性燃料,190,4月_数量,50406,406_エクアドル,2022000000,2022年,0,
30000000,3_鉱物性燃料,190,4月_数量,50406,406_エクアドル,2021000000,2021年,0,
30000000,3_鉱物性燃料,190,4月_数量,50407,407_ペルー,2025000000,2025年,0,
30000000,3_鉱物性燃料,190,4月_数量,50407,407_ペルー,2024000000,2024年,0,
30000000,3_鉱物性燃料,190,4月_数量,50407,407_ペルー,2023000000,2023年,0,
30000000,3_鉱物性燃料,190,4月_数量,50407,407_ペルー,2022000000,2022年,0,
30000000,3_鉱物性燃料,190,4月_数量,50407,407_ペルー,2021000000,2021年,0,
30000000,3_鉱物性燃料,190,4月_数量,50409,409_チリ,2023000000,2023年,0,
30000000,3_鉱物性燃料,190,4月_数量,50409,409_チリ,2022000000,2022年,0,
30000000,3_鉱物性燃料,190,4月_数量,50410,410_ブラジル,2025000000,2025年,0,
30000000,3_鉱物性燃料,190,4月_数量,50410,410_ブラジル,2024000000,2024年,0,
30000000,3_鉱物性燃料,190,4月_数量,50410,410_ブラジル,2023000000,2023年,0,
30000000,3_鉱物性燃料,190,4月_数量,50410,410_ブラジル,2022000000,2022年,0,
30000000,3_鉱物性燃料,190,4月_数量,50410,410_ブラジル,2021000000,2021年,0,
30000000,3_鉱物性燃料,190,4月_数量,50411,411_パラグアイ,2023000000,2023年,0,
30000000,3_鉱物性燃料,190,4月_数量,50412,412_ウルグアイ,2022000000,2022年,0,
30000000,3_鉱物性燃料,190,4月_数量,50413,413_アルゼンチン,2023000000,2023年,0,
30000000,3_鉱物性燃料,190,4月_数量,50503,503_アルジェリア,2025000000,2025年,0,
30000000,3_鉱物性燃料,190,4月_数量,50503,503_アルジェリア,2024000000,2024年,0,
30000000,3_鉱物性燃料,190,4月_数量,50503,503_アルジェリア,2023000000,2023年,0,
30000000,3_鉱物性燃料,190,4月_数量,50503,503_アルジェリア,2022000000,2022年,0,
30000000,3_鉱物性燃料,190,4月_数量,50503,503_アルジェリア,2021000000,2021年,0,
30000000,3_鉱物性燃料,190,4月_数量,50505,505_リビア,2021000000,2021年,0,
30000000,3_鉱物性燃料,190,4月_数量,50506,506_エジプト,2025000000,2025年,0,
30000000,3_鉱物性燃料,190,4月_数量,50506,506_エジプト,2024000000,2024年,0,
30000000,3_鉱物性燃料,190,4月_数量,50506,506_エジプト,2023000000,2023年,0,
30000000,3_鉱物性燃料,190,4月_数量,50506,506_エジプト,2022000000,2022年,0,
30000000,3_鉱物性燃料,190,4月_数量,50506,506_エジプト,2021000000,2021年,0,
30000000,3_鉱物性燃料,190,4月_数量,50524,524_ナイジェリア,2025000000,2025年,0,
30000000,3_鉱物性燃料,190,4月_数量,50524,524_ナイジェリア,2024000000,2024年,0,
30000000,3_鉱物性燃料,190,4月_数量,50524,524_ナイジェリア,2023000000,2023年,0,
30000000,3_鉱物性燃料,190,4月_数量,50524,524_ナイジェリア,2022000000,2022年,0,
30000000,3_鉱物性燃料,190,4月_数量,50524,524_ナイジェリア,2021000000,2021年,0,
30000000,3_鉱物性燃料,190,4月_数量,50525,525_ニジェール,2025000000,2025年,0,
30000000,3_鉱物性燃料,190,4月_数量,50527,527_カメルーン,2024000000,2024年,0,
30000000,3_鉱物性燃料,190,4月_数量,50530,530_赤道ギニア,2025000000,2025年,0,
30000000,3_鉱物性燃料,190,4月_数量,50530,530_赤道ギニア,2024000000,2024年,0,
30000000,3_鉱物性燃料,190,4月_数量,50530,530_赤道ギニア,2023000000,2023年,0,
30000000,3_鉱物性燃料,190,4月_数量,50530,530_赤道ギニア,2022000000,2022年,0,
30000000,3_鉱物性燃料,190,4月_数量,50530,530_赤道ギニア,2021000000,2021年,0,
30000000,3_鉱物性燃料,190,4月_数量,50535,535_アンゴラ,2022000000,2022年,0,
30000000,3_鉱物性燃料,190,4月_数量,50545,545_モザンビーク,2025000000,2025年,0,
30000000,3_鉱物性燃料,190,4月_数量,50545,545_モザンビーク,2024000000,2024年,0,
30000000,3_鉱物性燃料,190,4月_数量,50545,545_モザンビーク,2023000000,2023年,0,
30000000,3_鉱物性燃料,190,4月_数量,50545,545_モザンビーク,2022000000,2022年,0,
30000000,3_鉱物性燃料,190,4月_数量,50545,545_モザンビーク,2021000000,2021年,0,
30000000,3_鉱物性燃料,190,4月_数量,50547,547_モーリシャス,2024000000,2024年,0,
30000000,3_鉱物性燃料,190,4月_数量,50547,547_モーリシャス,2022000000,2022年,0,
30000000,3_鉱物性燃料,190,4月_数量,50547,547_モーリシャス,2021000000,2021年,0,
30000000,3_鉱物性燃料,190,4月_数量,50551,551_南アフリカ共和国,2025000000,2025年,0,
30000000,3_鉱物性燃料,190,4月_数量,50551,551_南アフリカ共和国,2024000000,2024年,0,
30000000,3_鉱物性燃料,190,4月_数量,50551,551_南アフリカ共和国,2023000000,2023年,0,
30000000,3_鉱物性燃料,190,4月_数量,50551,551_南アフリカ共和国,2022000000,2022年,0,
30000000,3_鉱物性燃料,190,4月_数量,50551,551_南アフリカ共和国,2021000000,2021年,0,
30000000,3_鉱物性燃料,190,4月_数量,50560,560_南スーダン,2025000000,2025年,0,
30000000,3_鉱物性燃料,190,4月_数量,50560,560_南スーダン,2024000000,2024年,0,
30000000,3_鉱物性燃料,190,4月_数量,50560,560_南スーダン,2023000000,2023年,0,
30000000,3_鉱物性燃料,190,4月_数量,50560,560_南スーダン,2022000000,2022年,0,
30000000,3_鉱物性燃料,190,4月_数量,50560,560_南スーダン,2021000000,2021年,0,
30000000,3_鉱物性燃料,190,4月_数量,50601,601_オーストラリア,2025000000,2025年,0,
30000000,3_鉱物性燃料,190,4月_数量,50601,601_オーストラリア,2024000000,2024年,0,
30000000,3_鉱物性燃料,190,4月_数量,50601,601_オーストラリア,2023000000,2023年,0,
30000000,3_鉱物性燃料,190,4月_数量,50601,601_オーストラリア,2022000000,2022年,0,
30000000,3_鉱物性燃料,190,4月_数量,50601,601_オーストラリア,2021000000,2021年,0,
30000000,3_鉱物性燃料,190,4月_数量,50602,602_パプアニューギニア,2025000000,2025年,0,
30000000,3_鉱物性燃料,190,4月_数量,50602,602_パプアニューギニア,2024000000,2024年,0,
30000000,3_鉱物性燃料,190,4月_数量,50602,602_パプアニューギニア,2023000000,2023年,0,
30000000,3_鉱物性燃料,190,4月_数量,50602,602_パプアニューギニア,2022000000,2022年,0,
30000000,3_鉱物性燃料,190,4月_数量,50602,602_パプアニューギニア,2021000000,2021年,0,
30000000,3_鉱物性燃料,190,4月_数量,50606,606_ニュージーランド,2025000000,2025年,0,
30000000,3_鉱物性燃料,190,4月_数量,50606,606_ニュージーランド,2024000000,2024年,0,
30000000,3_鉱物性燃料,190,4月_数量,50606,606_ニュージーランド,2023000000,2023年,0,
30000000,3_鉱物性燃料,190,4月_数量,50606,606_ニュージーランド,2022000000,2022年,0,
30000000,3_鉱物性燃料,190,4月_数量,50606,606_ニュージーランド,2021000000,2021年,0,
30000000,3_鉱物性燃料,190,4月_数量,50618,618_ニューカレドニア(仏),2024000000,2024年,0,
30000000,3_鉱物性燃料,190,4月_数量,50618,618_ニューカレドニア(仏),2023000000,2023年,0,
30000000,3_鉱物性燃料,190,4月_数量,50625,625_マーシャル,2024000000,2024年,0,
30000000,3_鉱物性燃料,190,4月_数量,50625,625_マーシャル,2022000000,2022年,0,
30000000,3_鉱物性燃料,190,4月_数量,50625,625_マーシャル,2021000000,2021年,0,
30000000,3_鉱物性燃料,190,4月_数量,50626,626_ミクロネシア,2021000000,2021年,0,
30000000,3_鉱物性燃料,190,4月_数量,50628,628_パラオ,2025000000,2025年,0,
30000000,3_鉱物性燃料,190,4月_数量,50702,702_不明,2025000000,2025年,0,
30000000,3_鉱物性燃料,190,4月_数量,50702,702_不明,2024000000,2024年,0,
30000000,3_鉱物性燃料,190,4月_数量,50702,702_不明,2023000000,2023年,0,
30000000,3_鉱物性燃料,190,4月_数量,50702,702_不明,2022000000,2022年,0,
30000000,3_鉱物性燃料,190,4月_数量,50702,702_不明,2021000000,2021年,0,
30000000,3_鉱物性燃料,200,4月_金額,50103,103_大韓民国,2025000000,2025年,50992020,千円
30000000,3_鉱物性燃料,200,4月_金額,50103,103_大韓民国,2024000000,2024年,73552618,千円
30000000,3_鉱物性燃料,200,4月_金額,50103,103_大韓民国,2023000000,2023年,42629991,千円
30000000,3_鉱物性燃料,200,4月_金額,50103,103_大韓民国,2022000000,2022年,44939355,千円
30000000,3_鉱物性燃料,200,4月_金額,50103,103_大韓民国,2021000000,2021年,43616267,千円
30000000,3_鉱物性燃料,200,4月_金額,50105,105_中華人民共和国,2025000000,2025年,27104527,千円
30000000,3_鉱物性燃料,200,4月_金額,50105,105_中華人民共和国,2024000000,2024年,12570089,千円
30000000,3_鉱物性燃料,200,4月_金額,50105,105_中華人民共和国,2023000000,2023年,7156457,千円
30000000,3_鉱物性燃料,200,4月_金額,50105,105_中華人民共和国,2022000000,2022年,10236291,千円
30000000,3_鉱物性燃料,200,4月_金額,50105,105_中華人民共和国,2021000000,2021年,26565764,千円
30000000,3_鉱物性燃料,200,4月_金額,50106,106_台湾,2025000000,2025年,670082,千円
30000000,3_鉱物性燃料,200,4月_金額,50106,106_台湾,2024000000,2024年,1062541,千円
30000000,3_鉱物性燃料,200,4月_金額,50106,106_台湾,2023000000,2023年,159979,千円
30000000,3_鉱物性燃料,200,4月_金額,50106,106_台湾,2022000000,2022年,109989,千円
30000000,3_鉱物性燃料,200,4月_金額,50106,106_台湾,2021000000,2021年,1661215,千円
30000000,3_鉱物性燃料,200,4月_金額,50108,108_香港,2025000000,2025年,38052,千円
30000000,3_鉱物性燃料,200,4月_金額,50108,108_香港,2024000000,2024年,27172,千円
30000000,3_鉱物性燃料,200,4月_金額,50108,108_香港,2023000000,2023年,31279,千円
30000000,3_鉱物性燃料,200,4月_金額,50108,108_香港,2022000000,2022年,9966,千円
30000000,3_鉱物性燃料,200,4月_金額,50108,108_香港,2021000000,2021年,7468,千円
30000000,3_鉱物性燃料,200,4月_金額,50110,110_ベトナム,2025000000,2025年,550234,千円
30000000,3_鉱物性燃料,200,4月_金額,50110,110_ベトナム,2024000000,2024年,1890771,千円
30000000,3_鉱物性燃料,200,4月_金額,50110,110_ベトナム,2023000000,2023年,1299711,千円
30000000,3_鉱物性燃料,200,4月_金額,50110,110_ベトナム,2022000000,2022年,3514960,千円
30000000,3_鉱物性燃料,200,4月_金額,50110,110_ベトナム,2021000000,2021年,795179,千円
30000000,3_鉱物性燃料,200,4月_金額,50111,111_タイ,2025000000,2025年,266833,千円
30000000,3_鉱物性燃料,200,4月_金額,50111,111_タイ,2024000000,2024年,369723,千円
30000000,3_鉱物性燃料,200,4月_金額,50111,111_タイ,2023000000,2023年,3641072,千円
30000000,3_鉱物性燃料,200,4月_金額,50111,111_タイ,2022000000,2022年,3761624,千円
30000000,3_鉱物性燃料,200,4月_金額,50111,111_タイ,2021000000,2021年,915086,千円
30000000,3_鉱物性燃料,200,4月_金額,50112,112_シンガポール,2025000000,2025年,7175292,千円
30000000,3_鉱物性燃料,200,4月_金額,50112,112_シンガポール,2024000000,2024年,2070743,千円
30000000,3_鉱物性燃料,200,4月_金額,50112,112_シンガポール,2023000000,2023年,766942,千円
30000000,3_鉱物性燃料,200,4月_金額,50112,112_シンガポール,2022000000,2022年,10117860,千円
30000000,3_鉱物性燃料,200,4月_金額,50112,112_シンガポール,2021000000,2021年,3365724,千円
30000000,3_鉱物性燃料,200,4月_金額,50113,113_マレーシア,2025000000,2025年,79000187,千円
30000000,3_鉱物性燃料,200,4月_金額,50113,113_マレーシア,2024000000,2024年,65618209,千円
30000000,3_鉱物性燃料,200,4月_金額,50113,113_マレーシア,2023000000,2023年,53439377,千円
30000000,3_鉱物性燃料,200,4月_金額,50113,113_マレーシア,2022000000,2022年,92528671,千円
30000000,3_鉱物性燃料,200,4月_金額,50113,113_マレーシア,2021000000,2021年,44123370,千円
30000000,3_鉱物性燃料,200,4月_金額,50116,116_ブルネイ,2025000000,2025年,28602499,千円
30000000,3_鉱物性燃料,200,4月_金額,50116,116_ブルネイ,2024000000,2024年,15928282,千円
30000000,3_鉱物性燃料,200,4月_金額,50116,116_ブルネイ,2023000000,2023年,19555323,千円
30000000,3_鉱物性燃料,200,4月_金額,50116,116_ブルネイ,2022000000,2022年,21546596,千円
30000000,3_鉱物性燃料,200,4月_金額,50116,116_ブルネイ,2021000000,2021年,15924603,千円
30000000,3_鉱物性燃料,200,4月_金額,50117,117_フィリピン,2025000000,2025年,4433,千円
30000000,3_鉱物性燃料,200,4月_金額,50117,117_フィリピン,2024000000,2024年,4402,千円
30000000,3_鉱物性燃料,200,4月_金額,50117,117_フィリピン,2023000000,2023年,0,千円
30000000,3_鉱物性燃料,200,4月_金額,50117,117_フィリピン,2022000000,2022年,0,千円
30000000,3_鉱物性燃料,200,4月_金額,50117,117_フィリピン,2021000000,2021年,0,千円
30000000,3_鉱物性燃料,200,4月_金額,50118,118_インドネシア,2025000000,2025年,59694992,千円
30000000,3_鉱物性燃料,200,4月_金額,50118,118_インドネシア,2024000000,2024年,90887453,千円
30000000,3_鉱物性燃料,200,4月_金額,50118,118_インドネシア,2023000000,2023年,100896070,千円
30000000,3_鉱物性燃料,200,4月_金額,50118,118_インドネシア,2022000000,2022年,144730440,千円
30000000,3_鉱物性燃料,200,4月_金額,50118,118_インドネシア,2021000000,2021年,26434917,千円
30000000,3_鉱物性燃料,200,4月_金額,50123,123_インド,2025000000,2025年,7472055,千円
30000000,3_鉱物性燃料,200,4月_金額,50123,123_インド,2024000000,2024年,2331843,千円
30000000,3_鉱物性燃料,200,4月_金額,50123,123_インド,2023000000,2023年,2203291,千円
30000000,3_鉱物性燃料,200,4月_金額,50123,123_インド,2022000000,2022年,7203029,千円
30000000,3_鉱物性燃料,200,4月_金額,50123,123_インド,2021000000,2021年,9268210,千円
30000000,3_鉱物性燃料,200,4月_金額,50124,124_パキスタン,2025000000,2025年,0,千円
30000000,3_鉱物性燃料,200,4月_金額,50124,124_パキスタン,2023000000,2023年,0,千円
30000000,3_鉱物性燃料,200,4月_金額,50124,124_パキスタン,2022000000,2022年,0,千円
30000000,3_鉱物性燃料,200,4月_金額,50124,124_パキスタン,2021000000,2021年,0,千円
30000000,3_鉱物性燃料,200,4月_金額,50125,125_スリランカ,2025000000,2025年,3281,千円
30000000,3_鉱物性燃料,200,4月_金額,50125,125_スリランカ,2024000000,2024年,0,千円
30000000,3_鉱物性燃料,200,4月_金額,50125,125_スリランカ,2023000000,2023年,0,千円
30000000,3_鉱物性燃料,200,4月_金額,50125,125_スリランカ,2022000000,2022年,0,千円
30000000,3_鉱物性燃料,200,4月_金額,50125,125_スリランカ,2021000000,2021年,530041,千円
30000000,3_鉱物性燃料,200,4月_金額,50126,126_モルディブ,2022000000,2022年,623,千円
30000000,3_鉱物性燃料,200,4月_金額,50127,127_バングラデシュ,2024000000,2024年,0,千円
30000000,3_鉱物性燃料,200,4月_金額,50128,128_東ティモール,2025000000,2025年,0,千円
30000000,3_鉱物性燃料,200,4月_金額,50128,128_東ティモール,2023000000,2023年,0,千円
30000000,3_鉱物性燃料,200,4月_金額,50128,128_東ティモール,2022000000,2022年,828308,千円
30000000,3_鉱物性燃料,200,4月_金額,50128,128_東ティモール,2021000000,2021年,0,千円
30000000,3_鉱物性燃料,200,4月_金額,50134,134_イラク,2025000000,2025年,2595540,千円
30000000,3_鉱物性燃料,200,4月_金額,50134,134_イラク,2024000000,2024年,0,千円
30000000,3_鉱物性燃料,200,4月_金額,50134,134_イラク,2023000000,2023年,1953503,千円
30000000,3_鉱物性燃料,200,4月_金額,50134,134_イラク,2021000000,2021年,1715204,千円
30000000,3_鉱物性燃料,200,4月_金額,50135,135_バーレーン,2025000000,2025年,5298164,千円
30000000,3_鉱物性燃料,200,4月_金額,50135,135_バーレーン,2024000000,2024年,0,千円
30000000,3_鉱物性燃料,200,4月_金額,50135,135_バーレーン,2023000000,2023年,7645336,千円
30000000,3_鉱物性燃料,200,4月_金額,50135,135_バーレーン,2022000000,2022年,20949560,千円
30000000,3_鉱物性燃料,200,4月_金額,50135,135_バーレーン,2021000000,2021年,6328375,千円
30000000,3_鉱物性燃料,200,4月_金額,50137,137_サウジアラビア,2025000000,2025年,328576385,千円
30000000,3_鉱物性燃料,200,4月_金額,50137,137_サウジアラビア,2024000000,2024年,406852233,千円
30000000,3_鉱物性燃料,200,4月_金額,50137,137_サウジアラビア,2023000000,2023年,335518517,千円
30000000,3_鉱物性燃料,200,4月_金額,50137,137_サウジアラビア,2022000000,2022年,515448912,千円
30000000,3_鉱物性燃料,200,4月_金額,50137,137_サウジアラビア,2021000000,2021年,222532945,千円
30000000,3_鉱物性燃料,200,4月_金額,50138,138_クウェート,2025000000,2025年,73604896,千円
30000000,3_鉱物性燃料,200,4月_金額,50138,138_クウェート,2024000000,2024年,94551733,千円
30000000,3_鉱物性燃料,200,4月_金額,50138,138_クウェート,2023000000,2023年,103484798,千円
30000000,3_鉱物性燃料,200,4月_金額,50138,138_クウェート,2022000000,2022年,98528642,千円
30000000,3_鉱物性燃料,200,4月_金額,50138,138_クウェート,2021000000,2021年,64015684,千円
30000000,3_鉱物性燃料,200,4月_金額,50140,140_カタール,2025000000,2025年,121857784,千円
30000000,3_鉱物性燃料,200,4月_金額,50140,140_カタール,2024000000,2024年,94277801,千円
30000000,3_鉱物性燃料,200,4月_金額,50140,140_カタール,2023000000,2023年,98274086,千円
30000000,3_鉱物性燃料,200,4月_金額,50140,140_カタール,2022000000,2022年,160567768,千円
30000000,3_鉱物性燃料,200,4月_金額,50140,140_カタール,2021000000,2021年,92487601,千円
30000000,3_鉱物性燃料,200,4月_金額,50141,141_オマーン,2025000000,2025年,43173974,千円
30000000,3_鉱物性燃料,200,4月_金額,50141,141_オマーン,2024000000,2024年,33123871,千円
30000000,3_鉱物性燃料,200,4月_金額,50141,141_オマーン,2023000000,2023年,20749917,千円
30000000,3_鉱物性燃料,200,4月_金額,50141,141_オマーン,2022000000,2022年,34735635,千円
30000000,3_鉱物性燃料,200,4月_金額,50141,141_オマーン,2021000000,2021年,5904538,千円
30000000,3_鉱物性燃料,200,4月_金額,50143,143_イスラエル,2025000000,2025年,4370,千円
30000000,3_鉱物性燃料,200,4月_金額,50143,143_イスラエル,2024000000,2024年,4943,千円
30000000,3_鉱物性燃料,200,4月_金額,50143,143_イスラエル,2023000000,2023年,1877,千円
30000000,3_鉱物性燃料,200,4月_金額,50143,143_イスラエル,2022000000,2022年,7208,千円
30000000,3_鉱物性燃料,200,4月_金額,50143,143_イスラエル,2021000000,2021年,2231,千円
30000000,3_鉱物性燃料,200,4月_金額,50147,147_アラブ首長国連邦,2025000000,2025年,453472426,千円
30000000,3_鉱物性燃料,200,4月_金額,50147,147_アラブ首長国連邦,2024000000,2024年,504125746,千円
30000000,3_鉱物性燃料,200,4月_金額,50147,147_アラブ首長国連邦,2023000000,2023年,407024700,千円
30000000,3_鉱物性燃料,200,4月_金額,50147,147_アラブ首長国連邦,2022000000,2022年,411493184,千円
30000000,3_鉱物性燃料,200,4月_金額,50147,147_アラブ首長国連邦,2021000000,2021年,229187658,千円
30000000,3_鉱物性燃料,200,4月_金額,50153,153_カザフスタン,2025000000,2025年,0,千円
30000000,3_鉱物性燃料,200,4月_金額,50153,153_カザフスタン,2024000000,2024年,0,千円
30000000,3_鉱物性燃料,200,4月_金額,50153,153_カザフスタン,2023000000,2023年,0,千円
30000000,3_鉱物性燃料,200,4月_金額,50153,153_カザフスタン,2022000000,2022年,0,千円
30000000,3_鉱物性燃料,200,4月_金額,50153,153_カザフスタン,2021000000,2021年,0,千円
30000000,3_鉱物性燃料,200,4月_金額,50202,202_ノルウェー,2025000000,2025年,1532,千円
30000000,3_鉱物性燃料,200,4月_金額,50202,202_ノルウェー,2024000000,2024年,1555,千円
30000000,3_鉱物性燃料,200,4月_金額,50202,202_ノルウェー,2023000000,2023年,720,千円
30000000,3_鉱物性燃料,200,4月_金額,50202,202_ノルウェー,2022000000,2022年,6210,千円
30000000,3_鉱物性燃料,200,4月_金額,50202,202_ノルウェー,2021000000,2021年,626,千円
30000000,3_鉱物性燃料,200,4月_金額,50203,203_スウェーデン,2025000000,2025年,21265,千円
30000000,3_鉱物性燃料,200,4月_金額,50203,203_スウェーデン,2024000000,2024年,60469,千円
30000000,3_鉱物性燃料,200,4月_金額,50203,203_スウェーデン,2023000000,2023年,12049,千円
30000000,3_鉱物性燃料,200,4月_金額,50203,203_スウェーデン,2022000000,2022年,29313,千円
30000000,3_鉱物性燃料,200,4月_金額,50203,203_スウェーデン,2021000000,2021年,10187,千円
30000000,3_鉱物性燃料,200,4月_金額,50204,204_デンマーク,2025000000,2025年,6415,千円
30000000,3_鉱物性燃料,200,4月_金額,50204,204_デンマーク,2024000000,2024年,2589,千円
30000000,3_鉱物性燃料,200,4月_金額,50204,204_デンマーク,2023000000,2023年,4713,千円
30000000,3_鉱物性燃料,200,4月_金額,50204,204_デンマーク,2022000000,2022年,4406,千円
30000000,3_鉱物性燃料,200,4月_金額,50204,204_デンマーク,2021000000,2021年,1449,千円
30000000,3_鉱物性燃料,200,4月_金額,50205,205_英国,2025000000,2025年,223307,千円
30000000,3_鉱物性燃料,200,4月_金額,50205,205_英国,2024000000,2024年,78111,千円
30000000,3_鉱物性燃料,200,4月_金額,50205,205_英国,2023000000,2023年,124033,千円
30000000,3_鉱物性燃料,200,4月_金額,50205,205_英国,2022000000,2022年,82101,千円
30000000,3_鉱物性燃料,200,4月_金額,50205,205_英国,2021000000,2021年,34920,千円
30000000,3_鉱物性燃料,200,4月_金額,50206,206_アイルランド,2025000000,2025年,11917,千円
30000000,3_鉱物性燃料,200,4月_金額,50206,206_アイルランド,2024000000,2024年,12321,千円
30000000,3_鉱物性燃料,200,4月_金額,50206,206_アイルランド,2023000000,2023年,7785,千円
30000000,3_鉱物性燃料,200,4月_金額,50206,206_アイルランド,2022000000,2022年,3681,千円
30000000,3_鉱物性燃料,200,4月_金額,50206,206_アイルランド,2021000000,2021年,5996,千円
30000000,3_鉱物性燃料,200,4月_金額,50207,207_オランダ,2025000000,2025年,35146,千円
30000000,3_鉱物性燃料,200,4月_金額,50207,207_オランダ,2024000000,2024年,47849,千円
30000000,3_鉱物性燃料,200,4月_金額,50207,207_オランダ,2023000000,2023年,1075624,千円
30000000,3_鉱物性燃料,200,4月_金額,50207,207_オランダ,2022000000,2022年,23613,千円
30000000,3_鉱物性燃料,200,4月_金額,50207,207_オランダ,2021000000,2021年,46969,千円
30000000,3_鉱物性燃料,200,4月_金額,50208,208_ベルギー,2025000000,2025年,64407,千円
30000000,3_鉱物性燃料,200,4月_金額,50208,208_ベルギー,2024000000,2024年,240979,千円
30000000,3_鉱物性燃料,200,4月_金額,50208,208_ベルギー,2023000000,2023年,80753,千円
30000000,3_鉱物性燃料,200,4月_金額,50208,208_ベルギー,2022000000,2022年,36843,千円
30000000,3_鉱物性燃料,200,4月_金額,50208,208_ベルギー,2021000000,2021年,167185,千円
30000000,3_鉱物性燃料,200,4月_金額,50209,209_ルクセンブルク,2025000000,2025年,0,千円
30000000,3_鉱物性燃料,200,4月_金額,50209,209_ルクセンブルク,2021000000,2021年,0,千円
30000000,3_鉱物性燃料,200,4月_金額,50210,210_フランス,2025000000,2025年,360157,千円
30000000,3_鉱物性燃料,200,4月_金額,50210,210_フランス,2024000000,2024年,538437,千円
30000000,3_鉱物性燃料,200,4月_金額,50210,210_フランス,2023000000,2023年,472313,千円
30000000,3_鉱物性燃料,200,4月_金額,50210,210_フランス,2022000000,2022年,610596,千円
30000000,3_鉱物性燃料,200,4月_金額,50210,210_フランス,2021000000,2021年,267713,千円
30000000,3_鉱物性燃料,200,4月_金額,50213,213_ドイツ,2025000000,2025年,461363,千円
30000000,3_鉱物性燃料,200,4月_金額,50213,213_ドイツ,2024000000,2024年,396853,千円
30000000,3_鉱物性燃料,200,4月_金額,50213,213_ドイツ,2023000000,2023年,331371,千円
30000000,3_鉱物性燃料,200,4月_金額,50213,213_ドイツ,2022000000,2022年,288810,千円
30000000,3_鉱物性燃料,200,4月_金額,50213,213_ドイツ,2021000000,2021年,232816,千円
30000000,3_鉱物性燃料,200,4月_金額,50215,215_スイス,2025000000,2025年,59056,千円
30000000,3_鉱物性燃料,200,4月_金額,50215,215_スイス,2024000000,2024年,23241,千円
30000000,3_鉱物性燃料,200,4月_金額,50215,215_スイス,2023000000,2023年,22433,千円
30000000,3_鉱物性燃料,200,4月_金額,50215,215_スイス,2022000000,2022年,30663,千円
30000000,3_鉱物性燃料,200,4月_金額,50215,215_スイス,2021000000,2021年,16758,千円
30000000,3_鉱物性燃料,200,4月_金額,50218,218_スペイン,2025000000,2025年,67367,千円
30000000,3_鉱物性燃料,200,4月_金額,50218,218_スペイン,2024000000,2024年,40286,千円
30000000,3_鉱物性燃料,200,4月_金額,50218,218_スペイン,2023000000,2023年,104007,千円
30000000,3_鉱物性燃料,200,4月_金額,50218,218_スペイン,2022000000,2022年,10353708,千円
30000000,3_鉱物性燃料,200,4月_金額,50218,218_スペイン,2021000000,2021年,5174331,千円
30000000,3_鉱物性燃料,200,4月_金額,50220,220_イタリア,2025000000,2025年,92183,千円
30000000,3_鉱物性燃料,200,4月_金額,50220,220_イタリア,2024000000,2024年,41731,千円
30000000,3_鉱物性燃料,200,4月_金額,50220,220_イタリア,2023000000,2023年,54897,千円
30000000,3_鉱物性燃料,200,4月_金額,50220,220_イタリア,2022000000,2022年,27797,千円
30000000,3_鉱物性燃料,200,4月_金額,50220,220_イタリア,2021000000,2021年,111488,千円
30000000,3_鉱物性燃料,200,4月_金額,50221,221_マルタ,2023000000,2023年,0,千円
30000000,3_鉱物性燃料,200,4月_金額,50221,221_マルタ,2021000000,2021年,0,千円
30000000,3_鉱物性燃料,200,4月_金額,50222,222_フィンランド,2025000000,2025年,5069,千円
30000000,3_鉱物性燃料,200,4月_金額,50222,222_フィンランド,2024000000,2024年,7760,千円
30000000,3_鉱物性燃料,200,4月_金額,50222,222_フィンランド,2023000000,2023年,7288,千円
30000000,3_鉱物性燃料,200,4月_金額,50222,222_フィンランド,2022000000,2022年,1753,千円
30000000,3_鉱物性燃料,200,4月_金額,50222,222_フィンランド,2021000000,2021年,0,千円
30000000,3_鉱物性燃料,200,4月_金額,50223,223_ポーランド,2025000000,2025年,4298,千円
30000000,3_鉱物性燃料,200,4月_金額,50223,223_ポーランド,2024000000,2024年,0,千円
30000000,3_鉱物性燃料,200,4月_金額,50223,223_ポーランド,2023000000,2023年,0,千円
30000000,3_鉱物性燃料,200,4月_金額,50223,223_ポーランド,2022000000,2022年,0,千円
30000000,3_鉱物性燃料,200,4月_金額,50223,223_ポーランド,2021000000,2021年,30819,千円
30000000,3_鉱物性燃料,200,4月_金額,50224,224_ロシア,2025000000,2025年,31537369,千円
30000000,3_鉱物性燃料,200,4月_金額,50224,224_ロシア,2024000000,2024年,29883324,千円
30000000,3_鉱物性燃料,200,4月_金額,50224,224_ロシア,2023000000,2023年,41026143,千円
30000000,3_鉱物性燃料,200,4月_金額,50224,224_ロシア,2022000000,2022年,129662434,千円
30000000,3_鉱物性燃料,200,4月_金額,50224,224_ロシア,2021000000,2021年,69898029,千円
30000000,3_鉱物性燃料,200,4月_金額,50225,225_オーストリア,2025000000,2025年,2517,千円
30000000,3_鉱物性燃料,200,4月_金額,50225,225_オーストリア,2024000000,2024年,606,千円
30000000,3_鉱物性燃料,200,4月_金額,50225,225_オーストリア,2023000000,2023年,3018,千円
30000000,3_鉱物性燃料,200,4月_金額,50225,225_オーストリア,2022000000,2022年,0,千円
30000000,3_鉱物性燃料,200,4月_金額,50225,225_オーストリア,2021000000,2021年,980,千円
30000000,3_鉱物性燃料,200,4月_金額,50227,227_ハンガリー,2025000000,2025年,0,千円
30000000,3_鉱物性燃料,200,4月_金額,50227,227_ハンガリー,2023000000,2023年,0,千円
30000000,3_鉱物性燃料,200,4月_金額,50227,227_ハンガリー,2021000000,2021年,0,千円
30000000,3_鉱物性燃料,200,4月_金額,50228,228_セルビア,2022000000,2022年,0,千円
30000000,3_鉱物性燃料,200,4月_金額,50228,228_セルビア,2021000000,2021年,0,千円
30000000,3_鉱物性燃料,200,4月_金額,50230,230_ギリシャ,2025000000,2025年,5166931,千円
30000000,3_鉱物性燃料,200,4月_金額,50230,230_ギリシャ,2024000000,2024年,221,千円
30000000,3_鉱物性燃料,200,4月_金額,50230,230_ギリシャ,2023000000,2023年,0,千円
30000000,3_鉱物性燃料,200,4月_金額,50230,230_ギリシャ,2022000000,2022年,0,千円
30000000,3_鉱物性燃料,200,4月_金額,50230,230_ギリシャ,2021000000,2021年,0,千円
30000000,3_鉱物性燃料,200,4月_金額,50231,231_ルーマニア,2025000000,2025年,0,千円
30000000,3_鉱物性燃料,200,4月_金額,50231,231_ルーマニア,2021000000,2021年,0,千円
30000000,3_鉱物性燃料,200,4月_金額,50232,232_ブルガリア,2023000000,2023年,0,千円
30000000,3_鉱物性燃料,200,4月_金額,50232,232_ブルガリア,2022000000,2022年,333,千円
30000000,3_鉱物性燃料,200,4月_金額,50234,234_トルコ,2025000000,2025年,244,千円
30000000,3_鉱物性燃料,200,4月_金額,50234,234_トルコ,2024000000,2024年,0,千円
30000000,3_鉱物性燃料,200,4月_金額,50234,234_トルコ,2023000000,2023年,3703,千円
30000000,3_鉱物性燃料,200,4月_金額,50234,234_トルコ,2022000000,2022年,0,千円
30000000,3_鉱物性燃料,200,4月_金額,50234,234_トルコ,2021000000,2021年,6734,千円
30000000,3_鉱物性燃料,200,4月_金額,50235,235_エストニア,2025000000,2025年,6997,千円
30000000,3_鉱物性燃料,200,4月_金額,50235,235_エストニア,2024000000,2024年,10475,千円
30000000,3_鉱物性燃料,200,4月_金額,50235,235_エストニア,2023000000,2023年,18784,千円
30000000,3_鉱物性燃料,200,4月_金額,50235,235_エストニア,2022000000,2022年,20077,千円
30000000,3_鉱物性燃料,200,4月_金額,50235,235_エストニア,2021000000,2021年,2559,千円
30000000,3_鉱物性燃料,200,4月_金額,50236,236_ラトビア,2025000000,2025年,112050,千円
30000000,3_鉱物性燃料,200,4月_金額,50236,236_ラトビア,2024000000,2024年,101247,千円
30000000,3_鉱物性燃料,200,4月_金額,50236,236_ラトビア,2023000000,2023年,101633,千円
30000000,3_鉱物性燃料,200,4月_金額,50236,236_ラトビア,2022000000,2022年,58783,千円
30000000,3_鉱物性燃料,200,4月_金額,50236,236_ラトビア,2021000000,2021年,60253,千円
30000000,3_鉱物性燃料,200,4月_金額,50237,237_リトアニア,2025000000,2025年,16251,千円
30000000,3_鉱物性燃料,200,4月_金額,50237,237_リトアニア,2024000000,2024年,45260,千円
30000000,3_鉱物性燃料,200,4月_金額,50237,237_リトアニア,2023000000,2023年,46557,千円
30000000,3_鉱物性燃料,200,4月_金額,50237,237_リトアニア,2022000000,2022年,40720,千円
30000000,3_鉱物性燃料,200,4月_金額,50237,237_リトアニア,2021000000,2021年,12915,千円
30000000,3_鉱物性燃料,200,4月_金額,50238,238_ウクライナ,2025000000,2025年,0,千円
30000000,3_鉱物性燃料,200,4月_金額,50238,238_ウクライナ,2024000000,2024年,0,千円
30000000,3_鉱物性燃料,200,4月_金額,50238,238_ウクライナ,2023000000,2023年,0,千円
30000000,3_鉱物性燃料,200,4月_金額,50238,238_ウクライナ,2022000000,2022年,0,千円
30000000,3_鉱物性燃料,200,4月_金額,50238,238_ウクライナ,2021000000,2021年,0,千円
30000000,3_鉱物性燃料,200,4月_金額,50241,241_クロアチア,2025000000,2025年,0,千円
30000000,3_鉱物性燃料,200,4月_金額,50241,241_クロアチア,2021000000,2021年,0,千円
30000000,3_鉱物性燃料,200,4月_金額,50245,245_チェコ,2025000000,2025年,7727,千円
30000000,3_鉱物性燃料,200,4月_金額,50245,245_チェコ,2024000000,2024年,0,千円
30000000,3_鉱物性燃料,200,4月_金額,50245,245_チェコ,2023000000,2023年,0,千円
30000000,3_鉱物性燃料,200,4月_金額,50245,245_チェコ,2021000000,2021年,10943,千円
30000000,3_鉱物性燃料,200,4月_金額,50246,246_スロバキア,2023000000,2023年,0,千円
30000000,3_鉱物性燃料,200,4月_金額,50302,302_カナダ,2025000000,2025年,53032237,千円
30000000,3_鉱物性燃料,200,4月_金額,50302,302_カナダ,2024000000,2024年,64658591,千円
30000000,3_鉱物性燃料,200,4月_金額,50302,302_カナダ,2023000000,2023年,68040392,千円
30000000,3_鉱物性燃料,200,4月_金額,50302,302_カナダ,2022000000,2022年,41737070,千円
30000000,3_鉱物性燃料,200,4月_金額,50302,302_カナダ,2021000000,2021年,23974633,千円
30000000,3_鉱物性燃料,200,4月_金額,50304,304_アメリカ合衆国,2025000000,2025年,111133919,千円
30000000,3_鉱物性燃料,200,4月_金額,50304,304_アメリカ合衆国,2024000000,2024年,160576804,千円
30000000,3_鉱物性燃料,200,4月_金額,50304,304_アメリカ合衆国,2023000000,2023年,130144208,千円
30000000,3_鉱物性燃料,200,4月_金額,50304,304_アメリカ合衆国,2022000000,2022年,143269290,千円
30000000,3_鉱物性燃料,200,4月_金額,50304,304_アメリカ合衆国,2021000000,2021年,67310658,千円
30000000,3_鉱物性燃料,200,4月_金額,50305,305_メキシコ,2025000000,2025年,0,千円
30000000,3_鉱物性燃料,200,4月_金額,50305,305_メキシコ,2024000000,2024年,0,千円
30000000,3_鉱物性燃料,200,4月_金額,50305,305_メキシコ,2023000000,2023年,0,千円
30000000,3_鉱物性燃料,200,4月_金額,50305,305_メキシコ,2022000000,2022年,11182359,千円
30000000,3_鉱物性燃料,200,4月_金額,50305,305_メキシコ,2021000000,2021年,0,千円
30000000,3_鉱物性燃料,200,4月_金額,50309,309_エルサルバドル,2025000000,2025年,0,千円
30000000,3_鉱物性燃料,200,4月_金額,50309,309_エルサルバドル,2024000000,2024年,0,千円
30000000,3_鉱物性燃料,200,4月_金額,50309,309_エルサルバドル,2022000000,2022年,0,千円
30000000,3_鉱物性燃料,200,4月_金額,50311,311_コスタリカ,2025000000,2025年,970,千円
30000000,3_鉱物性燃料,200,4月_金額,50311,311_コスタリカ,2024000000,2024年,750,千円
30000000,3_鉱物性燃料,200,4月_金額,50311,311_コスタリカ,2023000000,2023年,986,千円
30000000,3_鉱物性燃料,200,4月_金額,50311,311_コスタリカ,2022000000,2022年,820,千円
30000000,3_鉱物性燃料,200,4月_金額,50311,311_コスタリカ,2021000000,2021年,0,千円
30000000,3_鉱物性燃料,200,4月_金額,50312,312_パナマ,2024000000,2024年,0,千円
30000000,3_鉱物性燃料,200,4月_金額,50312,312_パナマ,2023000000,2023年,0,千円
30000000,3_鉱物性燃料,200,4月_金額,50312,312_パナマ,2022000000,2022年,0,千円
30000000,3_鉱物性燃料,200,4月_金額,50320,320_トリニダード・トバゴ,2024000000,2024年,0,千円
30000000,3_鉱物性燃料,200,4月_金額,50320,320_トリニダード・トバゴ,2023000000,2023年,0,千円
30000000,3_鉱物性燃料,200,4月_金額,50320,320_トリニダード・トバゴ,2022000000,2022年,0,千円
30000000,3_鉱物性燃料,200,4月_金額,50321,321_キューバ,2023000000,2023年,0,千円
30000000,3_鉱物性燃料,200,4月_金額,50328,328_ケイマン諸島(英),2023000000,2023年,0,千円
30000000,3_鉱物性燃料,200,4月_金額,50401,401_コロンビア,2025000000,2025年,1995859,千円
30000000,3_鉱物性燃料,200,4月_金額,50401,401_コロンビア,2024000000,2024年,1519341,千円
30000000,3_鉱物性燃料,200,4月_金額,50401,401_コロンビア,2023000000,2023年,4282323,千円
30000000,3_鉱物性燃料,200,4月_金額,50401,401_コロンビア,2022000000,2022年,3740055,千円
30000000,3_鉱物性燃料,200,4月_金額,50401,401_コロンビア,2021000000,2021年,724749,千円
30000000,3_鉱物性燃料,200,4月_金額,50406,406_エクアドル,2025000000,2025年,6783340,千円
30000000,3_鉱物性燃料,200,4月_金額,50406,406_エクアドル,2024000000,2024年,12417734,千円
30000000,3_鉱物性燃料,200,4月_金額,50406,406_エクアドル,2023000000,2023年,5996790,千円
30000000,3_鉱物性燃料,200,4月_金額,50406,406_エクアドル,2022000000,2022年,27566608,千円
30000000,3_鉱物性燃料,200,4月_金額,50406,406_エクアドル,2021000000,2021年,11239898,千円
30000000,3_鉱物性燃料,200,4月_金額,50407,407_ペルー,2025000000,2025年,5863819,千円
30000000,3_鉱物性燃料,200,4月_金額,50407,407_ペルー,2024000000,2024年,18563075,千円
30000000,3_鉱物性燃料,200,4月_金額,50407,407_ペルー,2023000000,2023年,2955467,千円
30000000,3_鉱物性燃料,200,4月_金額,50407,407_ペルー,2022000000,2022年,10310788,千円
30000000,3_鉱物性燃料,200,4月_金額,50407,407_ペルー,2021000000,2021年,13185353,千円
30000000,3_鉱物性燃料,200,4月_金額,50409,409_チリ,2023000000,2023年,0,千円
30000000,3_鉱物性燃料,200,4月_金額,50409,409_チリ,2022000000,2022年,0,千円
30000000,3_鉱物性燃料,200,4月_金額,50410,410_ブラジル,2025000000,2025年,0,千円
30000000,3_鉱物性燃料,200,4月_金額,50410,410_ブラジル,2024000000,2024年,1132,千円
30000000,3_鉱物性燃料,200,4月_金額,50410,410_ブラジル,2023000000,2023年,52812,千円
30000000,3_鉱物性燃料,200,4月_金額,50410,410_ブラジル,2022000000,2022年,545,千円
30000000,3_鉱物性燃料,200,4月_金額,50410,410_ブラジル,2021000000,2021年,0,千円
30000000,3_鉱物性燃料,200,4月_金額,50411,411_パラグアイ,2023000000,2023年,0,千円
30000000,3_鉱物性燃料,200,4月_金額,50412,412_ウルグアイ,2022000000,2022年,0,千円
30000000,3_鉱物性燃料,200,4月_金額,50413,413_アルゼンチン,2023000000,2023年,0,千円
30000000,3_鉱物性燃料,200,4月_金額,50503,503_アルジェリア,2025000000,2025年,0,千円
30000000,3_鉱物性燃料,200,4月_金額,50503,503_アルジェリア,2024000000,2024年,0,千円
30000000,3_鉱物性燃料,200,4月_金額,50503,503_アルジェリア,2023000000,2023年,17842435,千円
30000000,3_鉱物性燃料,200,4月_金額,50503,503_アルジェリア,2022000000,2022年,9647757,千円
30000000,3_鉱物性燃料,200,4月_金額,50503,503_アルジェリア,2021000000,2021年,5702860,千円
30000000,3_鉱物性燃料,200,4月_金額,50505,505_リビア,2021000000,2021年,0,千円
30000000,3_鉱物性燃料,200,4月_金額,50506,506_エジプト,2025000000,2025年,554,千円
30000000,3_鉱物性燃料,200,4月_金額,50506,506_エジプト,2024000000,2024年,21190,千円
30000000,3_鉱物性燃料,200,4月_金額,50506,506_エジプト,2023000000,2023年,9198229,千円
30000000,3_鉱物性燃料,200,4月_金額,50506,506_エジプト,2022000000,2022年,0,千円
30000000,3_鉱物性燃料,200,4月_金額,50506,506_エジプト,2021000000,2021年,2419450,千円
30000000,3_鉱物性燃料,200,4月_金額,50524,524_ナイジェリア,2025000000,2025年,5052103,千円
30000000,3_鉱物性燃料,200,4月_金額,50524,524_ナイジェリア,2024000000,2024年,7936257,千円
30000000,3_鉱物性燃料,200,4月_金額,50524,524_ナイジェリア,2023000000,2023年,0,千円
30000000,3_鉱物性燃料,200,4月_金額,50524,524_ナイジェリア,2022000000,2022年,2486590,千円
30000000,3_鉱物性燃料,200,4月_金額,50524,524_ナイジェリア,2021000000,2021年,0,千円
30000000,3_鉱物性燃料,200,4月_金額,50525,525_ニジェール,2025000000,2025年,0,千円
30000000,3_鉱物性燃料,200,4月_金額,50527,527_カメルーン,2024000000,2024年,0,千円
30000000,3_鉱物性燃料,200,4月_金額,50530,530_赤道ギニア,2025000000,2025年,0,千円
30000000,3_鉱物性燃料,200,4月_金額,50530,530_赤道ギニア,2024000000,2024年,4924254,千円
30000000,3_鉱物性燃料,200,4月_金額,50530,530_赤道ギニア,2023000000,2023年,0,千円
30000000,3_鉱物性燃料,200,4月_金額,50530,530_赤道ギニア,2022000000,2022年,0,千円
30000000,3_鉱物性燃料,200,4月_金額,50530,530_赤道ギニア,2021000000,2021年,0,千円
30000000,3_鉱物性燃料,200,4月_金額,50535,535_アンゴラ,2022000000,2022年,0,千円
30000000,3_鉱物性燃料,200,4月_金額,50545,545_モザンビーク,2025000000,2025年,0,千円
30000000,3_鉱物性燃料,200,4月_金額,50545,545_モザンビーク,2024000000,2024年,5161725,千円
30000000,3_鉱物性燃料,200,4月_金額,50545,545_モザンビーク,2023000000,2023年,0,千円
30000000,3_鉱物性燃料,200,4月_金額,50545,545_モザンビーク,2022000000,2022年,1555069,千円
30000000,3_鉱物性燃料,200,4月_金額,50545,545_モザンビーク,2021000000,2021年,0,千円
30000000,3_鉱物性燃料,200,4月_金額,50547,547_モーリシャス,2024000000,2024年,0,千円
30000000,3_鉱物性燃料,200,4月_金額,50547,547_モーリシャス,2022000000,2022年,0,千円
30000000,3_鉱物性燃料,200,4月_金額,50547,547_モーリシャス,2021000000,2021年,0,千円
30000000,3_鉱物性燃料,200,4月_金額,50551,551_南アフリカ共和国,2025000000,2025年,2664983,千円
30000000,3_鉱物性燃料,200,4月_金額,50551,551_南アフリカ共和国,2024000000,2024年,4906917,千円
30000000,3_鉱物性燃料,200,4月_金額,50551,551_南アフリカ共和国,2023000000,2023年,1465372,千円
30000000,3_鉱物性燃料,200,4月_金額,50551,551_南アフリカ共和国,2022000000,2022年,2197593,千円
30000000,3_鉱物性燃料,200,4月_金額,50551,551_南アフリカ共和国,2021000000,2021年,59828,千円
30000000,3_鉱物性燃料,200,4月_金額,50560,560_南スーダン,2025000000,2025年,3538712,千円
30000000,3_鉱物性燃料,200,4月_金額,50560,560_南スーダン,2024000000,2024年,0,千円
30000000,3_鉱物性燃料,200,4月_金額,50560,560_南スーダン,2023000000,2023年,0,千円
30000000,3_鉱物性燃料,200,4月_金額,50560,560_南スーダン,2022000000,2022年,0,千円
30000000,3_鉱物性燃料,200,4月_金額,50560,560_南スーダン,2021000000,2021年,2694903,千円
30000000,3_鉱物性燃料,200,4月_金額,50601,601_オーストラリア,2025000000,2025年,364906800,千円
30000000,3_鉱物性燃料,200,4月_金額,50601,601_オーストラリア,2024000000,2024年,472553392,千円
30000000,3_鉱物性燃料,200,4月_金額,50601,601_オーストラリア,2023000000,2023年,561482569,千円
30000000,3_鉱物性燃料,200,4月_金額,50601,601_オーストラリア,2022000000,2022年,533553898,千円
30000000,3_鉱物性燃料,200,4月_金額,50601,601_オーストラリア,2021000000,2021年,196040698,千円
30000000,3_鉱物性燃料,200,4月_金額,50602,602_パプアニューギニア,2025000000,2025年,37340974,千円
30000000,3_鉱物性燃料,200,4月_金額,50602,602_パプアニューギニア,2024000000,2024年,25472451,千円
30000000,3_鉱物性燃料,200,4月_金額,50602,602_パプアニューギニア,2023000000,2023年,35704863,千円
30000000,3_鉱物性燃料,200,4月_金額,50602,602_パプアニューギニア,2022000000,2022年,44173454,千円
30000000,3_鉱物性燃料,200,4月_金額,50602,602_パプアニューギニア,2021000000,2021年,13576392,千円
30000000,3_鉱物性燃料,200,4月_金額,50606,606_ニュージーランド,2025000000,2025年,0,千円
30000000,3_鉱物性燃料,200,4月_金額,50606,606_ニュージーランド,2024000000,2024年,792421,千円
30000000,3_鉱物性燃料,200,4月_金額,50606,606_ニュージーランド,2023000000,2023年,1894286,千円
30000000,3_鉱物性燃料,200,4月_金額,50606,606_ニュージーランド,2022000000,2022年,0,千円
30000000,3_鉱物性燃料,200,4月_金額,50606,606_ニュージーランド,2021000000,2021年,846145,千円
30000000,3_鉱物性燃料,200,4月_金額,50618,618_ニューカレドニア(仏),2024000000,2024年,0,千円
30000000,3_鉱物性燃料,200,4月_金額,50618,618_ニューカレドニア(仏),2023000000,2023年,0,千円
30000000,3_鉱物性燃料,200,4月_金額,50625,625_マーシャル,2024000000,2024年,0,千円
30000000,3_鉱物性燃料,200,4月_金額,50625,625_マーシャル,2022000000,2022年,0,千円
30000000,3_鉱物性燃料,200,4月_金額,50625,625_マーシャル,2021000000,2021年,0,千円
30000000,3_鉱物性燃料,200,4月_金額,50626,626_ミクロネシア,2021000000,2021年,0,千円
30000000,3_鉱物性燃料,200,4月_金額,50628,628_パラオ,2025000000,2025年,0,千円
30000000,3_鉱物性燃料,200,4月_金額,50702,702_不明,2025000000,2025年,35575,千円
30000000,3_鉱物性燃料,200,4月_金額,50702,702_不明,2024000000,2024年,36720,千円
30000000,3_鉱物性燃料,200,4月_金額,50702,702_不明,2023000000,2023年,25457,千円
30000000,3_鉱物性燃料,200,4月_金額,50702,702_不明,2022000000,2022年,232,千円
30000000,3_鉱物性燃料,200,4月_金額,50702,702_不明,2021000000,2021年,960,千円
30000000,3_鉱物性燃料,210,5月_数量,50103,103_大韓民国,2025000000,2025年,0,
30000000,3_鉱物性燃料,210,5月_数量,50103,103_大韓民国,2024000000,2024年,0,
30000000,3_鉱物性燃料,210,5月_数量,50103,103_大韓民国,2023000000,2023年,0,
30000000,3_鉱物性燃料,210,5月_数量,50103,103_大韓民国,2022000000,2022年,0,
30000000,3_鉱物性燃料,210,5月_数量,50103,103_大韓民国,2021000000,2021年,0,
30000000,3_鉱物性燃料,210,5月_数量,50105,105_中華人民共和国,2025000000,2025年,0,
30000000,3_鉱物性燃料,210,5月_数量,50105,105_中華人民共和国,2024000000,2024年,0,
30000000,3_鉱物性燃料,210,5月_数量,50105,105_中華人民共和国,2023000000,2023年,0,
30000000,3_鉱物性燃料,210,5月_数量,50105,105_中華人民共和国,2022000000,2022年,0,
30000000,3_鉱物性燃料,210,5月_数量,50105,105_中華人民共和国,2021000000,2021年,0,
30000000,3_鉱物性燃料,210,5月_数量,50106,106_台湾,2025000000,2025年,0,
30000000,3_鉱物性燃料,210,5月_数量,50106,106_台湾,2024000000,2024年,0,
30000000,3_鉱物性燃料,210,5月_数量,50106,106_台湾,2023000000,2023年,0,
30000000,3_鉱物性燃料,210,5月_数量,50106,106_台湾,2022000000,2022年,0,
30000000,3_鉱物性燃料,210,5月_数量,50106,106_台湾,2021000000,2021年,0,
30000000,3_鉱物性燃料,210,5月_数量,50108,108_香港,2025000000,2025年,0,
30000000,3_鉱物性燃料,210,5月_数量,50108,108_香港,2024000000,2024年,0,
30000000,3_鉱物性燃料,210,5月_数量,50108,108_香港,2023000000,2023年,0,
30000000,3_鉱物性燃料,210,5月_数量,50108,108_香港,2022000000,2022年,0,
30000000,3_鉱物性燃料,210,5月_数量,50108,108_香港,2021000000,2021年,0,
30000000,3_鉱物性燃料,210,5月_数量,50110,110_ベトナム,2025000000,2025年,0,
30000000,3_鉱物性燃料,210,5月_数量,50110,110_ベトナム,2024000000,2024年,0,
30000000,3_鉱物性燃料,210,5月_数量,50110,110_ベトナム,2023000000,2023年,0,
30000000,3_鉱物性燃料,210,5月_数量,50110,110_ベトナム,2022000000,2022年,0,
30000000,3_鉱物性燃料,210,5月_数量,50110,110_ベトナム,2021000000,2021年,0,
30000000,3_鉱物性燃料,210,5月_数量,50111,111_タイ,2025000000,2025年,0,
30000000,3_鉱物性燃料,210,5月_数量,50111,111_タイ,2024000000,2024年,0,
30000000,3_鉱物性燃料,210,5月_数量,50111,111_タイ,2023000000,2023年,0,
30000000,3_鉱物性燃料,210,5月_数量,50111,111_タイ,2022000000,2022年,0,
30000000,3_鉱物性燃料,210,5月_数量,50111,111_タイ,2021000000,2021年,0,
30000000,3_鉱物性燃料,210,5月_数量,50112,112_シンガポール,2025000000,2025年,0,
30000000,3_鉱物性燃料,210,5月_数量,50112,112_シンガポール,2024000000,2024年,0,
30000000,3_鉱物性燃料,210,5月_数量,50112,112_シンガポール,2023000000,2023年,0,
30000000,3_鉱物性燃料,210,5月_数量,50112,112_シンガポール,2022000000,2022年,0,
30000000,3_鉱物性燃料,210,5月_数量,50112,112_シンガポール,2021000000,2021年,0,
30000000,3_鉱物性燃料,210,5月_数量,50113,113_マレーシア,2025000000,2025年,0,
30000000,3_鉱物性燃料,210,5月_数量,50113,113_マレーシア,2024000000,2024年,0,
30000000,3_鉱物性燃料,210,5月_数量,50113,113_マレーシア,2023000000,2023年,0,
30000000,3_鉱物性燃料,210,5月_数量,50113,113_マレーシア,2022000000,2022年,0,
30000000,3_鉱物性燃料,210,5月_数量,50113,113_マレーシア,2021000000,2021年,0,
30000000,3_鉱物性燃料,210,5月_数量,50116,116_ブルネイ,2025000000,2025年,0,
30000000,3_鉱物性燃料,210,5月_数量,50116,116_ブルネイ,2024000000,2024年,0,
30000000,3_鉱物性燃料,210,5月_数量,50116,116_ブルネイ,2023000000,2023年,0,
30000000,3_鉱物性燃料,210,5月_数量,50116,116_ブルネイ,2022000000,2022年,0,
30000000,3_鉱物性燃料,210,5月_数量,50116,116_ブルネイ,2021000000,2021年,0,
30000000,3_鉱物性燃料,210,5月_数量,50117,117_フィリピン,2025000000,2025年,0,
30000000,3_鉱物性燃料,210,5月_数量,50117,117_フィリピン,2024000000,2024年,0,
30000000,3_鉱物性燃料,210,5月_数量,50117,117_フィリピン,2023000000,2023年,0,
30000000,3_鉱物性燃料,210,5月_数量,50117,117_フィリピン,2022000000,2022年,0,
30000000,3_鉱物性燃料,210,5月_数量,50117,117_フィリピン,2021000000,2021年,0,
30000000,3_鉱物性燃料,210,5月_数量,50118,118_インドネシア,2025000000,2025年,0,
30000000,3_鉱物性燃料,210,5月_数量,50118,118_インドネシア,2024000000,2024年,0,
30000000,3_鉱物性燃料,210,5月_数量,50118,118_インドネシア,2023000000,2023年,0,
30000000,3_鉱物性燃料,210,5月_数量,50118,118_インドネシア,2022000000,2022年,0,
30000000,3_鉱物性燃料,210,5月_数量,50118,118_インドネシア,2021000000,2021年,0,
30000000,3_鉱物性燃料,210,5月_数量,50123,123_インド,2025000000,2025年,0,
30000000,3_鉱物性燃料,210,5月_数量,50123,123_インド,2024000000,2024年,0,
30000000,3_鉱物性燃料,210,5月_数量,50123,123_インド,2023000000,2023年,0,
30000000,3_鉱物性燃料,210,5月_数量,50123,123_インド,2022000000,2022年,0,
30000000,3_鉱物性燃料,210,5月_数量,50123,123_インド,2021000000,2021年,0,
30000000,3_鉱物性燃料,210,5月_数量,50124,124_パキスタン,2025000000,2025年,0,
30000000,3_鉱物性燃料,210,5月_数量,50124,124_パキスタン,2023000000,2023年,0,
30000000,3_鉱物性燃料,210,5月_数量,50124,124_パキスタン,2022000000,2022年,0,
30000000,3_鉱物性燃料,210,5月_数量,50124,124_パキスタン,2021000000,2021年,0,
30000000,3_鉱物性燃料,210,5月_数量,50125,125_スリランカ,2025000000,2025年,0,
30000000,3_鉱物性燃料,210,5月_数量,50125,125_スリランカ,2024000000,2024年,0,
30000000,3_鉱物性燃料,210,5月_数量,50125,125_スリランカ,2023000000,2023年,0,
30000000,3_鉱物性燃料,210,5月_数量,50125,125_スリランカ,2022000000,2022年,0,
30000000,3_鉱物性燃料,210,5月_数量,50125,125_スリランカ,2021000000,2021年,0,
30000000,3_鉱物性燃料,210,5月_数量,50126,126_モルディブ,2022000000,2022年,0,
30000000,3_鉱物性燃料,210,5月_数量,50127,127_バングラデシュ,2024000000,2024年,0,
30000000,3_鉱物性燃料,210,5月_数量,50128,128_東ティモール,2025000000,2025年,0,
30000000,3_鉱物性燃料,210,5月_数量,50128,128_東ティモール,2023000000,2023年,0,
30000000,3_鉱物性燃料,210,5月_数量,50128,128_東ティモール,2022000000,2022年,0,
30000000,3_鉱物性燃料,210,5月_数量,50128,128_東ティモール,2021000000,2021年,0,
30000000,3_鉱物性燃料,210,5月_数量,50134,134_イラク,2025000000,2025年,0,
30000000,3_鉱物性燃料,210,5月_数量,50134,134_イラク,2024000000,2024年,0,
30000000,3_鉱物性燃料,210,5月_数量,50134,134_イラク,2023000000,2023年,0,
30000000,3_鉱物性燃料,210,5月_数量,50134,134_イラク,2021000000,2021年,0,
30000000,3_鉱物性燃料,210,5月_数量,50135,135_バーレーン,2025000000,2025年,0,
30000000,3_鉱物性燃料,210,5月_数量,50135,135_バーレーン,2024000000,2024年,0,
30000000,3_鉱物性燃料,210,5月_数量,50135,135_バーレーン,2023000000,2023年,0,
30000000,3_鉱物性燃料,210,5月_数量,50135,135_バーレーン,2022000000,2022年,0,
30000000,3_鉱物性燃料,210,5月_数量,50135,135_バーレーン,2021000000,2021年,0,
30000000,3_鉱物性燃料,210,5月_数量,50137,137_サウジアラビア,2025000000,2025年,0,
30000000,3_鉱物性燃料,210,5月_数量,50137,137_サウジアラビア,2024000000,2024年,0,
30000000,3_鉱物性燃料,210,5月_数量,50137,137_サウジアラビア,2023000000,2023年,0,
30000000,3_鉱物性燃料,210,5月_数量,50137,137_サウジアラビア,2022000000,2022年,0,
30000000,3_鉱物性燃料,210,5月_数量,50137,137_サウジアラビア,2021000000,2021年,0,
30000000,3_鉱物性燃料,210,5月_数量,50138,138_クウェート,2025000000,2025年,0,
30000000,3_鉱物性燃料,210,5月_数量,50138,138_クウェート,2024000000,2024年,0,
30000000,3_鉱物性燃料,210,5月_数量,50138,138_クウェート,2023000000,2023年,0,
30000000,3_鉱物性燃料,210,5月_数量,50138,138_クウェート,2022000000,2022年,0,
30000000,3_鉱物性燃料,210,5月_数量,50138,138_クウェート,2021000000,2021年,0,
30000000,3_鉱物性燃料,210,5月_数量,50140,140_カタール,2025000000,2025年,0,
30000000,3_鉱物性燃料,210,5月_数量,50140,140_カタール,2024000000,2024年,0,
30000000,3_鉱物性燃料,210,5月_数量,50140,140_カタール,2023000000,2023年,0,
30000000,3_鉱物性燃料,210,5月_数量,50140,140_カタール,2022000000,2022年,0,
30000000,3_鉱物性燃料,210,5月_数量,50140,140_カタール,2021000000,2021年,0,
30000000,3_鉱物性燃料,210,5月_数量,50141,141_オマーン,2025000000,2025年,0,
30000000,3_鉱物性燃料,210,5月_数量,50141,141_オマーン,2024000000,2024年,0,
30000000,3_鉱物性燃料,210,5月_数量,50141,141_オマーン,2023000000,2023年,0,
30000000,3_鉱物性燃料,210,5月_数量,50141,141_オマーン,2022000000,2022年,0,
30000000,3_鉱物性燃料,210,5月_数量,50141,141_オマーン,2021000000,2021年,0,
30000000,3_鉱物性燃料,210,5月_数量,50143,143_イスラエル,2025000000,2025年,0,
30000000,3_鉱物性燃料,210,5月_数量,50143,143_イスラエル,2024000000,2024年,0,
30000000,3_鉱物性燃料,210,5月_数量,50143,143_イスラエル,2023000000,2023年,0,
30000000,3_鉱物性燃料,210,5月_数量,50143,143_イスラエル,2022000000,2022年,0,
30000000,3_鉱物性燃料,210,5月_数量,50143,143_イスラエル,2021000000,2021年,0,
30000000,3_鉱物性燃料,210,5月_数量,50147,147_アラブ首長国連邦,2025000000,2025年,0,
30000000,3_鉱物性燃料,210,5月_数量,50147,147_アラブ首長国連邦,2024000000,2024年,0,
30000000,3_鉱物性燃料,210,5月_数量,50147,147_アラブ首長国連邦,2023000000,2023年,0,
30000000,3_鉱物性燃料,210,5月_数量,50147,147_アラブ首長国連邦,2022000000,2022年,0,
30000000,3_鉱物性燃料,210,5月_数量,50147,147_アラブ首長国連邦,2021000000,2021年,0,
30000000,3_鉱物性燃料,210,5月_数量,50153,153_カザフスタン,2025000000,2025年,0,
30000000,3_鉱物性燃料,210,5月_数量,50153,153_カザフスタン,2024000000,2024年,0,
30000000,3_鉱物性燃料,210,5月_数量,50153,153_カザフスタン,2023000000,2023年,0,
30000000,3_鉱物性燃料,210,5月_数量,50153,153_カザフスタン,2022000000,2022年,0,
30000000,3_鉱物性燃料,210,5月_数量,50153,153_カザフスタン,2021000000,2021年,0,
30000000,3_鉱物性燃料,210,5月_数量,50202,202_ノルウェー,2025000000,2025年,0,
30000000,3_鉱物性燃料,210,5月_数量,50202,202_ノルウェー,2024000000,2024年,0,
30000000,3_鉱物性燃料,210,5月_数量,50202,202_ノルウェー,2023000000,2023年,0,
30000000,3_鉱物性燃料,210,5月_数量,50202,202_ノルウェー,2022000000,2022年,0,
30000000,3_鉱物性燃料,210,5月_数量,50202,202_ノルウェー,2021000000,2021年,0,
30000000,3_鉱物性燃料,210,5月_数量,50203,203_スウェーデン,2025000000,2025年,0,
30000000,3_鉱物性燃料,210,5月_数量,50203,203_スウェーデン,2024000000,2024年,0,
30000000,3_鉱物性燃料,210,5月_数量,50203,203_スウェーデン,2023000000,2023年,0,
30000000,3_鉱物性燃料,210,5月_数量,50203,203_スウェーデン,2022000000,2022年,0,
30000000,3_鉱物性燃料,210,5月_数量,50203,203_スウェーデン,2021000000,2021年,0,
30000000,3_鉱物性燃料,210,5月_数量,50204,204_デンマーク,2025000000,2025年,0,
30000000,3_鉱物性燃料,210,5月_数量,50204,204_デンマーク,2024000000,2024年,0,
30000000,3_鉱物性燃料,210,5月_数量,50204,204_デンマーク,2023000000,2023年,0,
30000000,3_鉱物性燃料,210,5月_数量,50204,204_デンマーク,2022000000,2022年,0,
30000000,3_鉱物性燃料,210,5月_数量,50204,204_デンマーク,2021000000,2021年,0,
30000000,3_鉱物性燃料,210,5月_数量,50205,205_英国,2025000000,2025年,0,
30000000,3_鉱物性燃料,210,5月_数量,50205,205_英国,2024000000,2024年,0,
30000000,3_鉱物性燃料,210,5月_数量,50205,205_英国,2023000000,2023年,0,
30000000,3_鉱物性燃料,210,5月_数量,50205,205_英国,2022000000,2022年,0,
30000000,3_鉱物性燃料,210,5月_数量,50205,205_英国,2021000000,2021年,0,
30000000,3_鉱物性燃料,210,5月_数量,50206,206_アイルランド,2025000000,2025年,0,
30000000,3_鉱物性燃料,210,5月_数量,50206,206_アイルランド,2024000000,2024年,0,
30000000,3_鉱物性燃料,210,5月_数量,50206,206_アイルランド,2023000000,2023年,0,
30000000,3_鉱物性燃料,210,5月_数量,50206,206_アイルランド,2022000000,2022年,0,
30000000,3_鉱物性燃料,210,5月_数量,50206,206_アイルランド,2021000000,2021年,0,
30000000,3_鉱物性燃料,210,5月_数量,50207,207_オランダ,2025000000,2025年,0,
30000000,3_鉱物性燃料,210,5月_数量,50207,207_オランダ,2024000000,2024年,0,
30000000,3_鉱物性燃料,210,5月_数量,50207,207_オランダ,2023000000,2023年,0,
30000000,3_鉱物性燃料,210,5月_数量,50207,207_オランダ,2022000000,2022年,0,
30000000,3_鉱物性燃料,210,5月_数量,50207,207_オランダ,2021000000,2021年,0,
30000000,3_鉱物性燃料,210,5月_数量,50208,208_ベルギー,2025000000,2025年,0,
30000000,3_鉱物性燃料,210,5月_数量,50208,208_ベルギー,2024000000,2024年,0,
30000000,3_鉱物性燃料,210,5月_数量,50208,208_ベルギー,2023000000,2023年,0,
30000000,3_鉱物性燃料,210,5月_数量,50208,208_ベルギー,2022000000,2022年,0,
30000000,3_鉱物性燃料,210,5月_数量,50208,208_ベルギー,2021000000,2021年,0,
30000000,3_鉱物性燃料,210,5月_数量,50209,209_ルクセンブルク,2025000000,2025年,0,
30000000,3_鉱物性燃料,210,5月_数量,50209,209_ルクセンブルク,2021000000,2021年,0,
30000000,3_鉱物性燃料,210,5月_数量,50210,210_フランス,2025000000,2025年,0,
30000000,3_鉱物性燃料,210,5月_数量,50210,210_フランス,2024000000,2024年,0,
30000000,3_鉱物性燃料,210,5月_数量,50210,210_フランス,2023000000,2023年,0,
30000000,3_鉱物性燃料,210,5月_数量,50210,210_フランス,2022000000,2022年,0,
30000000,3_鉱物性燃料,210,5月_数量,50210,210_フランス,2021000000,2021年,0,
30000000,3_鉱物性燃料,210,5月_数量,50213,213_ドイツ,2025000000,2025年,0,
30000000,3_鉱物性燃料,210,5月_数量,50213,213_ドイツ,2024000000,2024年,0,
30000000,3_鉱物性燃料,210,5月_数量,50213,213_ドイツ,2023000000,2023年,0,
30000000,3_鉱物性燃料,210,5月_数量,50213,213_ドイツ,2022000000,2022年,0,
30000000,3_鉱物性燃料,210,5月_数量,50213,213_ドイツ,2021000000,2021年,0,
30000000,3_鉱物性燃料,210,5月_数量,50215,215_スイス,2025000000,2025年,0,
30000000,3_鉱物性燃料,210,5月_数量,50215,215_スイス,2024000000,2024年,0,
30000000,3_鉱物性燃料,210,5月_数量,50215,215_スイス,2023000000,2023年,0,
30000000,3_鉱物性燃料,210,5月_数量,50215,215_スイス,2022000000,2022年,0,
30000000,3_鉱物性燃料,210,5月_数量,50215,215_スイス,2021000000,2021年,0,
30000000,3_鉱物性燃料,210,5月_数量,50218,218_スペイン,2025000000,2025年,0,
30000000,3_鉱物性燃料,210,5月_数量,50218,218_スペイン,2024000000,2024年,0,
30000000,3_鉱物性燃料,210,5月_数量,50218,218_スペイン,2023000000,2023年,0,
30000000,3_鉱物性燃料,210,5月_数量,50218,218_スペイン,2022000000,2022年,0,
30000000,3_鉱物性燃料,210,5月_数量,50218,218_スペイン,2021000000,2021年,0,
30000000,3_鉱物性燃料,210,5月_数量,50220,220_イタリア,2025000000,2025年,0,
30000000,3_鉱物性燃料,210,5月_数量,50220,220_イタリア,2024000000,2024年,0,
30000000,3_鉱物性燃料,210,5月_数量,50220,220_イタリア,2023000000,2023年,0,
30000000,3_鉱物性燃料,210,5月_数量,50220,220_イタリア,2022000000,2022年,0,
30000000,3_鉱物性燃料,210,5月_数量,50220,220_イタリア,2021000000,2021年,0,
30000000,3_鉱物性燃料,210,5月_数量,50221,221_マルタ,2023000000,2023年,0,
30000000,3_鉱物性燃料,210,5月_数量,50221,221_マルタ,2021000000,2021年,0,
30000000,3_鉱物性燃料,210,5月_数量,50222,222_フィンランド,2025000000,2025年,0,
30000000,3_鉱物性燃料,210,5月_数量,50222,222_フィンランド,2024000000,2024年,0,
30000000,3_鉱物性燃料,210,5月_数量,50222,222_フィンランド,2023000000,2023年,0,
30000000,3_鉱物性燃料,210,5月_数量,50222,222_フィンランド,2022000000,2022年,0,
30000000,3_鉱物性燃料,210,5月_数量,50222,222_フィンランド,2021000000,2021年,0,
30000000,3_鉱物性燃料,210,5月_数量,50223,223_ポーランド,2025000000,2025年,0,
30000000,3_鉱物性燃料,210,5月_数量,50223,223_ポーランド,2024000000,2024年,0,
30000000,3_鉱物性燃料,210,5月_数量,50223,223_ポーランド,2023000000,2023年,0,
30000000,3_鉱物性燃料,210,5月_数量,50223,223_ポーランド,2022000000,2022年,0,
30000000,3_鉱物性燃料,210,5月_数量,50223,223_ポーランド,2021000000,2021年,0,
30000000,3_鉱物性燃料,210,5月_数量,50224,224_ロシア,2025000000,2025年,0,
30000000,3_鉱物性燃料,210,5月_数量,50224,224_ロシア,2024000000,2024年,0,
30000000,3_鉱物性燃料,210,5月_数量,50224,224_ロシア,2023000000,2023年,0,
30000000,3_鉱物性燃料,210,5月_数量,50224,224_ロシア,2022000000,2022年,0,
30000000,3_鉱物性燃料,210,5月_数量,50224,224_ロシア,2021000000,2021年,0,
30000000,3_鉱物性燃料,210,5月_数量,50225,225_オーストリア,2025000000,2025年,0,
30000000,3_鉱物性燃料,210,5月_数量,50225,225_オーストリア,2024000000,2024年,0,
30000000,3_鉱物性燃料,210,5月_数量,50225,225_オーストリア,2023000000,2023年,0,
30000000,3_鉱物性燃料,210,5月_数量,50225,225_オーストリア,2022000000,2022年,0,
30000000,3_鉱物性燃料,210,5月_数量,50225,225_オーストリア,2021000000,2021年,0,
30000000,3_鉱物性燃料,210,5月_数量,50227,227_ハンガリー,2025000000,2025年,0,
30000000,3_鉱物性燃料,210,5月_数量,50227,227_ハンガリー,2023000000,2023年,0,
30000000,3_鉱物性燃料,210,5月_数量,50227,227_ハンガリー,2021000000,2021年,0,
30000000,3_鉱物性燃料,210,5月_数量,50228,228_セルビア,2022000000,2022年,0,
30000000,3_鉱物性燃料,210,5月_数量,50228,228_セルビア,2021000000,2021年,0,
30000000,3_鉱物性燃料,210,5月_数量,50230,230_ギリシャ,2025000000,2025年,0,
30000000,3_鉱物性燃料,210,5月_数量,50230,230_ギリシャ,2024000000,2024年,0,
30000000,3_鉱物性燃料,210,5月_数量,50230,230_ギリシャ,2023000000,2023年,0,
30000000,3_鉱物性燃料,210,5月_数量,50230,230_ギリシャ,2022000000,2022年,0,
30000000,3_鉱物性燃料,210,5月_数量,50230,230_ギリシャ,2021000000,2021年,0,
30000000,3_鉱物性燃料,210,5月_数量,50231,231_ルーマニア,2025000000,2025年,0,
30000000,3_鉱物性燃料,210,5月_数量,50231,231_ルーマニア,2021000000,2021年,0,
30000000,3_鉱物性燃料,210,5月_数量,50232,232_ブルガリア,2023000000,2023年,0,
30000000,3_鉱物性燃料,210,5月_数量,50232,232_ブルガリア,2022000000,2022年,0,
30000000,3_鉱物性燃料,210,5月_数量,50234,234_トルコ,2025000000,2025年,0,
30000000,3_鉱物性燃料,210,5月_数量,50234,234_トルコ,2024000000,2024年,0,
30000000,3_鉱物性燃料,210,5月_数量,50234,234_トルコ,2023000000,2023年,0,
30000000,3_鉱物性燃料,210,5月_数量,50234,234_トルコ,2022000000,2022年,0,
30000000,3_鉱物性燃料,210,5月_数量,50234,234_トルコ,2021000000,2021年,0,
30000000,3_鉱物性燃料,210,5月_数量,50235,235_エストニア,2025000000,2025年,0,
30000000,3_鉱物性燃料,210,5月_数量,50235,235_エストニア,2024000000,2024年,0,
30000000,3_鉱物性燃料,210,5月_数量,50235,235_エストニア,2023000000,2023年,0,
30000000,3_鉱物性燃料,210,5月_数量,50235,235_エストニア,2022000000,2022年,0,
30000000,3_鉱物性燃料,210,5月_数量,50235,235_エストニア,2021000000,2021年,0,
30000000,3_鉱物性燃料,210,5月_数量,50236,236_ラトビア,2025000000,2025年,0,
30000000,3_鉱物性燃料,210,5月_数量,50236,236_ラトビア,2024000000,2024年,0,
30000000,3_鉱物性燃料,210,5月_数量,50236,236_ラトビア,2023000000,2023年,0,
30000000,3_鉱物性燃料,210,5月_数量,50236,236_ラトビア,2022000000,2022年,0,
30000000,3_鉱物性燃料,210,5月_数量,50236,236_ラトビア,2021000000,2021年,0,
30000000,3_鉱物性燃料,210,5月_数量,50237,237_リトアニア,2025000000,2025年,0,
30000000,3_鉱物性燃料,210,5月_数量,50237,237_リトアニア,2024000000,2024年,0,
30000000,3_鉱物性燃料,210,5月_数量,50237,237_リトアニア,2023000000,2023年,0,
30000000,3_鉱物性燃料,210,5月_数量,50237,237_リトアニア,2022000000,2022年,0,
30000000,3_鉱物性燃料,210,5月_数量,50237,237_リトアニア,2021000000,2021年,0,
30000000,3_鉱物性燃料,210,5月_数量,50238,238_ウクライナ,2025000000,2025年,0,
30000000,3_鉱物性燃料,210,5月_数量,50238,238_ウクライナ,2024000000,2024年,0,
30000000,3_鉱物性燃料,210,5月_数量,50238,238_ウクライナ,2023000000,2023年,0,
30000000,3_鉱物性燃料,210,5月_数量,50238,238_ウクライナ,2022000000,2022年,0,
30000000,3_鉱物性燃料,210,5月_数量,50238,238_ウクライナ,2021000000,2021年,0,
30000000,3_鉱物性燃料,210,5月_数量,50241,241_クロアチア,2025000000,2025年,0,
30000000,3_鉱物性燃料,210,5月_数量,50241,241_クロアチア,2021000000,2021年,0,
30000000,3_鉱物性燃料,210,5月_数量,50245,245_チェコ,2025000000,2025年,0,
30000000,3_鉱物性燃料,210,5月_数量,50245,245_チェコ,2024000000,2024年,0,
30000000,3_鉱物性燃料,210,5月_数量,50245,245_チェコ,2023000000,2023年,0,
30000000,3_鉱物性燃料,210,5月_数量,50245,245_チェコ,2021000000,2021年,0,
30000000,3_鉱物性燃料,210,5月_数量,50246,246_スロバキア,2023000000,2023年,0,
30000000,3_鉱物性燃料,210,5月_数量,50302,302_カナダ,2025000000,2025年,0,
30000000,3_鉱物性燃料,210,5月_数量,50302,302_カナダ,2024000000,2024年,0,
30000000,3_鉱物性燃料,210,5月_数量,50302,302_カナダ,2023000000,2023年,0,
30000000,3_鉱物性燃料,210,5月_数量,50302,302_カナダ,2022000000,2022年,0,
30000000,3_鉱物性燃料,210,5月_数量,50302,302_カナダ,2021000000,2021年,0,
30000000,3_鉱物性燃料,210,5月_数量,50304,304_アメリカ合衆国,2025000000,2025年,0,
30000000,3_鉱物性燃料,210,5月_数量,50304,304_アメリカ合衆国,2024000000,2024年,0,
30000000,3_鉱物性燃料,210,5月_数量,50304,304_アメリカ合衆国,2023000000,2023年,0,
30000000,3_鉱物性燃料,210,5月_数量,50304,304_アメリカ合衆国,2022000000,2022年,0,
30000000,3_鉱物性燃料,210,5月_数量,50304,304_アメリカ合衆国,2021000000,2021年,0,
30000000,3_鉱物性燃料,210,5月_数量,50305,305_メキシコ,2025000000,2025年,0,
30000000,3_鉱物性燃料,210,5月_数量,50305,305_メキシコ,2024000000,2024年,0,
30000000,3_鉱物性燃料,210,5月_数量,50305,305_メキシコ,2023000000,2023年,0,
30000000,3_鉱物性燃料,210,5月_数量,50305,305_メキシコ,2022000000,2022年,0,
30000000,3_鉱物性燃料,210,5月_数量,50305,305_メキシコ,2021000000,2021年,0,
30000000,3_鉱物性燃料,210,5月_数量,50309,309_エルサルバドル,2025000000,2025年,0,
30000000,3_鉱物性燃料,210,5月_数量,50309,309_エルサルバドル,2024000000,2024年,0,
30000000,3_鉱物性燃料,210,5月_数量,50309,309_エルサルバドル,2022000000,2022年,0,
30000000,3_鉱物性燃料,210,5月_数量,50311,311_コスタリカ,2025000000,2025年,0,
30000000,3_鉱物性燃料,210,5月_数量,50311,311_コスタリカ,2024000000,2024年,0,
30000000,3_鉱物性燃料,210,5月_数量,50311,311_コスタリカ,2023000000,2023年,0,
30000000,3_鉱物性燃料,210,5月_数量,50311,311_コスタリカ,2022000000,2022年,0,
30000000,3_鉱物性燃料,210,5月_数量,50311,311_コスタリカ,2021000000,2021年,0,
30000000,3_鉱物性燃料,210,5月_数量,50312,312_パナマ,2024000000,2024年,0,
30000000,3_鉱物性燃料,210,5月_数量,50312,312_パナマ,2023000000,2023年,0,
30000000,3_鉱物性燃料,210,5月_数量,50312,312_パナマ,2022000000,2022年,0,
30000000,3_鉱物性燃料,210,5月_数量,50320,320_トリニダード・トバゴ,2024000000,2024年,0,
30000000,3_鉱物性燃料,210,5月_数量,50320,320_トリニダード・トバゴ,2023000000,2023年,0,
30000000,3_鉱物性燃料,210,5月_数量,50320,320_トリニダード・トバゴ,2022000000,2022年,0,
30000000,3_鉱物性燃料,210,5月_数量,50321,321_キューバ,2023000000,2023年,0,
30000000,3_鉱物性燃料,210,5月_数量,50328,328_ケイマン諸島(英),2023000000,2023年,0,
30000000,3_鉱物性燃料,210,5月_数量,50401,401_コロンビア,2025000000,2025年,0,
30000000,3_鉱物性燃料,210,5月_数量,50401,401_コロンビア,2024000000,2024年,0,
30000000,3_鉱物性燃料,210,5月_数量,50401,401_コロンビア,2023000000,2023年,0,
30000000,3_鉱物性燃料,210,5月_数量,50401,401_コロンビア,2022000000,2022年,0,
30000000,3_鉱物性燃料,210,5月_数量,50401,401_コロンビア,2021000000,2021年,0,
30000000,3_鉱物性燃料,210,5月_数量,50406,406_エクアドル,2025000000,2025年,0,
30000000,3_鉱物性燃料,210,5月_数量,50406,406_エクアドル,2024000000,2024年,0,
30000000,3_鉱物性燃料,210,5月_数量,50406,406_エクアドル,2023000000,2023年,0,
30000000,3_鉱物性燃料,210,5月_数量,50406,406_エクアドル,2022000000,2022年,0,
30000000,3_鉱物性燃料,210,5月_数量,50406,406_エクアドル,2021000000,2021年,0,
30000000,3_鉱物性燃料,210,5月_数量,50407,407_ペルー,2025000000,2025年,0,
30000000,3_鉱物性燃料,210,5月_数量,50407,407_ペルー,2024000000,2024年,0,
30000000,3_鉱物性燃料,210,5月_数量,50407,407_ペルー,2023000000,2023年,0,
30000000,3_鉱物性燃料,210,5月_数量,50407,407_ペルー,2022000000,2022年,0,
30000000,3_鉱物性燃料,210,5月_数量,50407,407_ペルー,2021000000,2021年,0,
30000000,3_鉱物性燃料,210,5月_数量,50409,409_チリ,2023000000,2023年,0,
30000000,3_鉱物性燃料,210,5月_数量,50409,409_チリ,2022000000,2022年,0,
30000000,3_鉱物性燃料,210,5月_数量,50410,410_ブラジル,2025000000,2025年,0,
30000000,3_鉱物性燃料,210,5月_数量,50410,410_ブラジル,2024000000,2024年,0,
30000000,3_鉱物性燃料,210,5月_数量,50410,410_ブラジル,2023000000,2023年,0,
30000000,3_鉱物性燃料,210,5月_数量,50410,410_ブラジル,2022000000,2022年,0,
30000000,3_鉱物性燃料,210,5月_数量,50410,410_ブラジル,2021000000,2021年,0,
30000000,3_鉱物性燃料,210,5月_数量,50411,411_パラグアイ,2023000000,2023年,0,
30000000,3_鉱物性燃料,210,5月_数量,50412,412_ウルグアイ,2022000000,2022年,0,
30000000,3_鉱物性燃料,210,5月_数量,50413,413_アルゼンチン,2023000000,2023年,0,
30000000,3_鉱物性燃料,210,5月_数量,50503,503_アルジェリア,2025000000,2025年,0,
30000000,3_鉱物性燃料,210,5月_数量,50503,503_アルジェリア,2024000000,2024年,0,
30000000,3_鉱物性燃料,210,5月_数量,50503,503_アルジェリア,2023000000,2023年,0,
30000000,3_鉱物性燃料,210,5月_数量,50503,503_アルジェリア,2022000000,2022年,0,
30000000,3_鉱物性燃料,210,5月_数量,50503,503_アルジェリア,2021000000,2021年,0,
30000000,3_鉱物性燃料,210,5月_数量,50505,505_リビア,2021000000,2021年,0,
30000000,3_鉱物性燃料,210,5月_数量,50506,506_エジプト,2025000000,2025年,0,
30000000,3_鉱物性燃料,210,5月_数量,50506,506_エジプト,2024000000,2024年,0,
30000000,3_鉱物性燃料,210,5月_数量,50506,506_エジプト,2023000000,2023年,0,
30000000,3_鉱物性燃料,210,5月_数量,50506,506_エジプト,2022000000,2022年,0,
30000000,3_鉱物性燃料,210,5月_数量,50506,506_エジプト,2021000000,2021年,0,
30000000,3_鉱物性燃料,210,5月_数量,50524,524_ナイジェリア,2025000000,2025年,0,
30000000,3_鉱物性燃料,210,5月_数量,50524,524_ナイジェリア,2024000000,2024年,0,
30000000,3_鉱物性燃料,210,5月_数量,50524,524_ナイジェリア,2023000000,2023年,0,
30000000,3_鉱物性燃料,210,5月_数量,50524,524_ナイジェリア,2022000000,2022年,0,
30000000,3_鉱物性燃料,210,5月_数量,50524,524_ナイジェリア,2021000000,2021年,0,
30000000,3_鉱物性燃料,210,5月_数量,50525,525_ニジェール,2025000000,2025年,0,
30000000,3_鉱物性燃料,210,5月_数量,50527,527_カメルーン,2024000000,2024年,0,
30000000,3_鉱物性燃料,210,5月_数量,50530,530_赤道ギニア,2025000000,2025年,0,
30000000,3_鉱物性燃料,210,5月_数量,50530,530_赤道ギニア,2024000000,2024年,0,
30000000,3_鉱物性燃料,210,5月_数量,50530,530_赤道ギニア,2023000000,2023年,0,
30000000,3_鉱物性燃料,210,5月_数量,50530,530_赤道ギニア,2022000000,2022年,0,
30000000,3_鉱物性燃料,210,5月_数量,50530,530_赤道ギニア,2021000000,2021年,0,
30000000,3_鉱物性燃料,210,5月_数量,50535,535_アンゴラ,2022000000,2022年,0,
30000000,3_鉱物性燃料,210,5月_数量,50545,545_モザンビーク,2025000000,2025年,0,
30000000,3_鉱物性燃料,210,5月_数量,50545,545_モザンビーク,2024000000,2024年,0,
30000000,3_鉱物性燃料,210,5月_数量,50545,545_モザンビーク,2023000000,2023年,0,
30000000,3_鉱物性燃料,210,5月_数量,50545,545_モザンビーク,2022000000,2022年,0,
30000000,3_鉱物性燃料,210,5月_数量,50545,545_モザンビーク,2021000000,2021年,0,
30000000,3_鉱物性燃料,210,5月_数量,50547,547_モーリシャス,2024000000,2024年,0,
30000000,3_鉱物性燃料,210,5月_数量,50547,547_モーリシャス,2022000000,2022年,0,
30000000,3_鉱物性燃料,210,5月_数量,50547,547_モーリシャス,2021000000,2021年,0,
30000000,3_鉱物性燃料,210,5月_数量,50551,551_南アフリカ共和国,2025000000,2025年,0,
30000000,3_鉱物性燃料,210,5月_数量,50551,551_南アフリカ共和国,2024000000,2024年,0,
30000000,3_鉱物性燃料,210,5月_数量,50551,551_南アフリカ共和国,2023000000,2023年,0,
30000000,3_鉱物性燃料,210,5月_数量,50551,551_南アフリカ共和国,2022000000,2022年,0,
30000000,3_鉱物性燃料,210,5月_数量,50551,551_南アフリカ共和国,2021000000,2021年,0,
30000000,3_鉱物性燃料,210,5月_数量,50560,560_南スーダン,2025000000,2025年,0,
30000000,3_鉱物性燃料,210,5月_数量,50560,560_南スーダン,2024000000,2024年,0,
30000000,3_鉱物性燃料,210,5月_数量,50560,560_南スーダン,2023000000,2023年,0,
30000000,3_鉱物性燃料,210,5月_数量,50560,560_南スーダン,2022000000,2022年,0,
30000000,3_鉱物性燃料,210,5月_数量,50560,560_南スーダン,2021000000,2021年,0,
30000000,3_鉱物性燃料,210,5月_数量,50601,601_オーストラリア,2025000000,2025年,0,
30000000,3_鉱物性燃料,210,5月_数量,50601,601_オーストラリア,2024000000,2024年,0,
30000000,3_鉱物性燃料,210,5月_数量,50601,601_オーストラリア,2023000000,2023年,0,
30000000,3_鉱物性燃料,210,5月_数量,50601,601_オーストラリア,2022000000,2022年,0,
30000000,3_鉱物性燃料,210,5月_数量,50601,601_オーストラリア,2021000000,2021年,0,
30000000,3_鉱物性燃料,210,5月_数量,50602,602_パプアニューギニア,2025000000,2025年,0,
30000000,3_鉱物性燃料,210,5月_数量,50602,602_パプアニューギニア,2024000000,2024年,0,
30000000,3_鉱物性燃料,210,5月_数量,50602,602_パプアニューギニア,2023000000,2023年,0,
30000000,3_鉱物性燃料,210,5月_数量,50602,602_パプアニューギニア,2022000000,2022年,0,
30000000,3_鉱物性燃料,210,5月_数量,50602,602_パプアニューギニア,2021000000,2021年,0,
30000000,3_鉱物性燃料,210,5月_数量,50606,606_ニュージーランド,2025000000,2025年,0,
30000000,3_鉱物性燃料,210,5月_数量,50606,606_ニュージーランド,2024000000,2024年,0,
30000000,3_鉱物性燃料,210,5月_数量,50606,606_ニュージーランド,2023000000,2023年,0,
30000000,3_鉱物性燃料,210,5月_数量,50606,606_ニュージーランド,2022000000,2022年,0,
30000000,3_鉱物性燃料,210,5月_数量,50606,606_ニュージーランド,2021000000,2021年,0,
30000000,3_鉱物性燃料,210,5月_数量,50618,618_ニューカレドニア(仏),2024000000,2024年,0,
30000000,3_鉱物性燃料,210,5月_数量,50618,618_ニューカレドニア(仏),2023000000,2023年,0,
30000000,3_鉱物性燃料,210,5月_数量,50625,625_マーシャル,2024000000,2024年,0,
30000000,3_鉱物性燃料,210,5月_数量,50625,625_マーシャル,2022000000,2022年,0,
30000000,3_鉱物性燃料,210,5月_数量,50625,625_マーシャル,2021000000,2021年,0,
30000000,3_鉱物性燃料,210,5月_数量,50626,626_ミクロネシア,2021000000,2021年,0,
30000000,3_鉱物性燃料,210,5月_数量,50628,628_パラオ,2025000000,2025年,0,
30000000,3_鉱物性燃料,210,5月_数量,50702,702_不明,2025000000,2025年,0,
30000000,3_鉱物性燃料,210,5月_数量,50702,702_不明,2024000000,2024年,0,
30000000,3_鉱物性燃料,210,5月_数量,50702,702_不明,2023000000,2023年,0,
30000000,3_鉱物性燃料,210,5月_数量,50702,702_不明,2022000000,2022年,0,
30000000,3_鉱物性燃料,210,5月_数量,50702,702_不明,2021000000,2021年,0,
30000000,3_鉱物性燃料,220,5月_金額,50103,103_大韓民国,2025000000,2025年,57573906,千円
30000000,3_鉱物性燃料,220,5月_金額,50103,103_大韓民国,2024000000,2024年,93230639,千円
30000000,3_鉱物性燃料,220,5月_金額,50103,103_大韓民国,2023000000,2023年,48018649,千円
30000000,3_鉱物性燃料,220,5月_金額,50103,103_大韓民国,2022000000,2022年,64430127,千円
30000000,3_鉱物性燃料,220,5月_金額,50103,103_大韓民国,2021000000,2021年,38943618,千円
30000000,3_鉱物性燃料,220,5月_金額,50105,105_中華人民共和国,2025000000,2025年,25042542,千円
30000000,3_鉱物性燃料,220,5月_金額,50105,105_中華人民共和国,2024000000,2024年,12270402,千円
30000000,3_鉱物性燃料,220,5月_金額,50105,105_中華人民共和国,2023000000,2023年,9722553,千円
30000000,3_鉱物性燃料,220,5月_金額,50105,105_中華人民共和国,2022000000,2022年,10828675,千円
30000000,3_鉱物性燃料,220,5月_金額,50105,105_中華人民共和国,2021000000,2021年,20665215,千円
30000000,3_鉱物性燃料,220,5月_金額,50106,106_台湾,2025000000,2025年,773268,千円
30000000,3_鉱物性燃料,220,5月_金額,50106,106_台湾,2024000000,2024年,883621,千円
30000000,3_鉱物性燃料,220,5月_金額,50106,106_台湾,2023000000,2023年,168749,千円
30000000,3_鉱物性燃料,220,5月_金額,50106,106_台湾,2022000000,2022年,97631,千円
30000000,3_鉱物性燃料,220,5月_金額,50106,106_台湾,2021000000,2021年,412103,千円
30000000,3_鉱物性燃料,220,5月_金額,50108,108_香港,2025000000,2025年,39933,千円
30000000,3_鉱物性燃料,220,5月_金額,50108,108_香港,2024000000,2024年,34640,千円
30000000,3_鉱物性燃料,220,5月_金額,50108,108_香港,2023000000,2023年,27479,千円
30000000,3_鉱物性燃料,220,5月_金額,50108,108_香港,2022000000,2022年,10239,千円
30000000,3_鉱物性燃料,220,5月_金額,50108,108_香港,2021000000,2021年,6311,千円
30000000,3_鉱物性燃料,220,5月_金額,50110,110_ベトナム,2025000000,2025年,1206636,千円
30000000,3_鉱物性燃料,220,5月_金額,50110,110_ベトナム,2024000000,2024年,2224514,千円
30000000,3_鉱物性燃料,220,5月_金額,50110,110_ベトナム,2023000000,2023年,623833,千円
30000000,3_鉱物性燃料,220,5月_金額,50110,110_ベトナム,2022000000,2022年,5306617,千円
30000000,3_鉱物性燃料,220,5月_金額,50110,110_ベトナム,2021000000,2021年,540187,千円
30000000,3_鉱物性燃料,220,5月_金額,50111,111_タイ,2025000000,2025年,181759,千円
30000000,3_鉱物性燃料,220,5月_金額,50111,111_タイ,2024000000,2024年,356761,千円
30000000,3_鉱物性燃料,220,5月_金額,50111,111_タイ,2023000000,2023年,3947013,千円
30000000,3_鉱物性燃料,220,5月_金額,50111,111_タイ,2022000000,2022年,74996,千円
30000000,3_鉱物性燃料,220,5月_金額,50111,111_タイ,2021000000,2021年,3283126,千円
30000000,3_鉱物性燃料,220,5月_金額,50112,112_シンガポール,2025000000,2025年,7005817,千円
30000000,3_鉱物性燃料,220,5月_金額,50112,112_シンガポール,2024000000,2024年,2102544,千円
30000000,3_鉱物性燃料,220,5月_金額,50112,112_シンガポール,2023000000,2023年,528469,千円
30000000,3_鉱物性燃料,220,5月_金額,50112,112_シンガポール,2022000000,2022年,5366479,千円
30000000,3_鉱物性燃料,220,5月_金額,50112,112_シンガポール,2021000000,2021年,3200297,千円
30000000,3_鉱物性燃料,220,5月_金額,50113,113_マレーシア,2025000000,2025年,22561884,千円
30000000,3_鉱物性燃料,220,5月_金額,50113,113_マレーシア,2024000000,2024年,93050613,千円
30000000,3_鉱物性燃料,220,5月_金額,50113,113_マレーシア,2023000000,2023年,76237531,千円
30000000,3_鉱物性燃料,220,5月_金額,50113,113_マレーシア,2022000000,2022年,101050948,千円
30000000,3_鉱物性燃料,220,5月_金額,50113,113_マレーシア,2021000000,2021年,26718110,千円
30000000,3_鉱物性燃料,220,5月_金額,50116,116_ブルネイ,2025000000,2025年,3101495,千円
30000000,3_鉱物性燃料,220,5月_金額,50116,116_ブルネイ,2024000000,2024年,21802183,千円
30000000,3_鉱物性燃料,220,5月_金額,50116,116_ブルネイ,2023000000,2023年,20253240,千円
30000000,3_鉱物性燃料,220,5月_金額,50116,116_ブルネイ,2022000000,2022年,23392937,千円
30000000,3_鉱物性燃料,220,5月_金額,50116,116_ブルネイ,2021000000,2021年,18272728,千円
30000000,3_鉱物性燃料,220,5月_金額,50117,117_フィリピン,2025000000,2025年,0,千円
30000000,3_鉱物性燃料,220,5月_金額,50117,117_フィリピン,2024000000,2024年,3092,千円
30000000,3_鉱物性燃料,220,5月_金額,50117,117_フィリピン,2023000000,2023年,1471,千円
30000000,3_鉱物性燃料,220,5月_金額,50117,117_フィリピン,2022000000,2022年,0,千円
30000000,3_鉱物性燃料,220,5月_金額,50117,117_フィリピン,2021000000,2021年,1593,千円
30000000,3_鉱物性燃料,220,5月_金額,50118,118_インドネシア,2025000000,2025年,47238909,千円
30000000,3_鉱物性燃料,220,5月_金額,50118,118_インドネシア,2024000000,2024年,77907720,千円
30000000,3_鉱物性燃料,220,5月_金額,50118,118_インドネシア,2023000000,2023年,51514213,千円
30000000,3_鉱物性燃料,220,5月_金額,50118,118_インドネシア,2022000000,2022年,87874918,千円
30000000,3_鉱物性燃料,220,5月_金額,50118,118_インドネシア,2021000000,2021年,19454801,千円
30000000,3_鉱物性燃料,220,5月_金額,50123,123_インド,2025000000,2025年,28207,千円
30000000,3_鉱物性燃料,220,5月_金額,50123,123_インド,2024000000,2024年,4414604,千円
30000000,3_鉱物性燃料,220,5月_金額,50123,123_インド,2023000000,2023年,1307682,千円
30000000,3_鉱物性燃料,220,5月_金額,50123,123_インド,2022000000,2022年,7681645,千円
30000000,3_鉱物性燃料,220,5月_金額,50123,123_インド,2021000000,2021年,5085288,千円
30000000,3_鉱物性燃料,220,5月_金額,50124,124_パキスタン,2025000000,2025年,0,千円
30000000,3_鉱物性燃料,220,5月_金額,50124,124_パキスタン,2023000000,2023年,0,千円
30000000,3_鉱物性燃料,220,5月_金額,50124,124_パキスタン,2022000000,2022年,0,千円
30000000,3_鉱物性燃料,220,5月_金額,50124,124_パキスタン,2021000000,2021年,0,千円
30000000,3_鉱物性燃料,220,5月_金額,50125,125_スリランカ,2025000000,2025年,0,千円
30000000,3_鉱物性燃料,220,5月_金額,50125,125_スリランカ,2024000000,2024年,0,千円
30000000,3_鉱物性燃料,220,5月_金額,50125,125_スリランカ,2023000000,2023年,0,千円
30000000,3_鉱物性燃料,220,5月_金額,50125,125_スリランカ,2022000000,2022年,0,千円
30000000,3_鉱物性燃料,220,5月_金額,50125,125_スリランカ,2021000000,2021年,2985,千円
30000000,3_鉱物性燃料,220,5月_金額,50126,126_モルディブ,2022000000,2022年,0,千円
30000000,3_鉱物性燃料,220,5月_金額,50127,127_バングラデシュ,2024000000,2024年,0,千円
30000000,3_鉱物性燃料,220,5月_金額,50128,128_東ティモール,2025000000,2025年,0,千円
30000000,3_鉱物性燃料,220,5月_金額,50128,128_東ティモール,2023000000,2023年,0,千円
30000000,3_鉱物性燃料,220,5月_金額,50128,128_東ティモール,2022000000,2022年,0,千円
30000000,3_鉱物性燃料,220,5月_金額,50128,128_東ティモール,2021000000,2021年,1830414,千円
30000000,3_鉱物性燃料,220,5月_金額,50134,134_イラク,2025000000,2025年,0,千円
30000000,3_鉱物性燃料,220,5月_金額,50134,134_イラク,2024000000,2024年,2315120,千円
30000000,3_鉱物性燃料,220,5月_金額,50134,134_イラク,2023000000,2023年,2100611,千円
30000000,3_鉱物性燃料,220,5月_金額,50134,134_イラク,2021000000,2021年,0,千円
30000000,3_鉱物性燃料,220,5月_金額,50135,135_バーレーン,2025000000,2025年,2252715,千円
30000000,3_鉱物性燃料,220,5月_金額,50135,135_バーレーン,2024000000,2024年,2782233,千円
30000000,3_鉱物性燃料,220,5月_金額,50135,135_バーレーン,2023000000,2023年,10800518,千円
30000000,3_鉱物性燃料,220,5月_金額,50135,135_バーレーン,2022000000,2022年,3656865,千円
30000000,3_鉱物性燃料,220,5月_金額,50135,135_バーレーン,2021000000,2021年,7619130,千円
30000000,3_鉱物性燃料,220,5月_金額,50137,137_サウジアラビア,2025000000,2025年,276064639,千円
30000000,3_鉱物性燃料,220,5月_金額,50137,137_サウジアラビア,2024000000,2024年,326231377,千円
30000000,3_鉱物性燃料,220,5月_金額,50137,137_サウジアラビア,2023000000,2023年,339293841,千円
30000000,3_鉱物性燃料,220,5月_金額,50137,137_サウジアラビア,2022000000,2022年,381466900,千円
30000000,3_鉱物性燃料,220,5月_金額,50137,137_サウジアラビア,2021000000,2021年,145720848,千円
30000000,3_鉱物性燃料,220,5月_金額,50138,138_クウェート,2025000000,2025年,66769873,千円
30000000,3_鉱物性燃料,220,5月_金額,50138,138_クウェート,2024000000,2024年,102777579,千円
30000000,3_鉱物性燃料,220,5月_金額,50138,138_クウェート,2023000000,2023年,98722366,千円
30000000,3_鉱物性燃料,220,5月_金額,50138,138_クウェート,2022000000,2022年,126201397,千円
30000000,3_鉱物性燃料,220,5月_金額,50138,138_クウェート,2021000000,2021年,45803424,千円
30000000,3_鉱物性燃料,220,5月_金額,50140,140_カタール,2025000000,2025年,64145639,千円
30000000,3_鉱物性燃料,220,5月_金額,50140,140_カタール,2024000000,2024年,84375303,千円
30000000,3_鉱物性燃料,220,5月_金額,50140,140_カタール,2023000000,2023年,85811669,千円
30000000,3_鉱物性燃料,220,5月_金額,50140,140_カタール,2022000000,2022年,139578814,千円
30000000,3_鉱物性燃料,220,5月_金額,50140,140_カタール,2021000000,2021年,86864682,千円
30000000,3_鉱物性燃料,220,5月_金額,50141,141_オマーン,2025000000,2025年,15354680,千円
30000000,3_鉱物性燃料,220,5月_金額,50141,141_オマーン,2024000000,2024年,23771362,千円
30000000,3_鉱物性燃料,220,5月_金額,50141,141_オマーン,2023000000,2023年,17721638,千円
30000000,3_鉱物性燃料,220,5月_金額,50141,141_オマーン,2022000000,2022年,47712871,千円
30000000,3_鉱物性燃料,220,5月_金額,50141,141_オマーン,2021000000,2021年,8375728,千円
30000000,3_鉱物性燃料,220,5月_金額,50143,143_イスラエル,2025000000,2025年,6327,千円
30000000,3_鉱物性燃料,220,5月_金額,50143,143_イスラエル,2024000000,2024年,7438,千円
30000000,3_鉱物性燃料,220,5月_金額,50143,143_イスラエル,2023000000,2023年,1035,千円
30000000,3_鉱物性燃料,220,5月_金額,50143,143_イスラエル,2022000000,2022年,7308,千円
30000000,3_鉱物性燃料,220,5月_金額,50143,143_イスラエル,2021000000,2021年,532555,千円
30000000,3_鉱物性燃料,220,5月_金額,50147,147_アラブ首長国連邦,2025000000,2025年,416482690,千円
30000000,3_鉱物性燃料,220,5月_金額,50147,147_アラブ首長国連邦,2024000000,2024年,495585997,千円
30000000,3_鉱物性燃料,220,5月_金額,50147,147_アラブ首長国連邦,2023000000,2023年,386146712,千円
30000000,3_鉱物性燃料,220,5月_金額,50147,147_アラブ首長国連邦,2022000000,2022年,512438267,千円
30000000,3_鉱物性燃料,220,5月_金額,50147,147_アラブ首長国連邦,2021000000,2021年,205726442,千円
30000000,3_鉱物性燃料,220,5月_金額,50153,153_カザフスタン,2025000000,2025年,582140,千円
30000000,3_鉱物性燃料,220,5月_金額,50153,153_カザフスタン,2024000000,2024年,270315,千円
30000000,3_鉱物性燃料,220,5月_金額,50153,153_カザフスタン,2023000000,2023年,1378,千円
30000000,3_鉱物性燃料,220,5月_金額,50153,153_カザフスタン,2022000000,2022年,0,千円
30000000,3_鉱物性燃料,220,5月_金額,50153,153_カザフスタン,2021000000,2021年,0,千円
30000000,3_鉱物性燃料,220,5月_金額,50202,202_ノルウェー,2025000000,2025年,803,千円
30000000,3_鉱物性燃料,220,5月_金額,50202,202_ノルウェー,2024000000,2024年,0,千円
30000000,3_鉱物性燃料,220,5月_金額,50202,202_ノルウェー,2023000000,2023年,678,千円
30000000,3_鉱物性燃料,220,5月_金額,50202,202_ノルウェー,2022000000,2022年,0,千円
30000000,3_鉱物性燃料,220,5月_金額,50202,202_ノルウェー,2021000000,2021年,982,千円
30000000,3_鉱物性燃料,220,5月_金額,50203,203_スウェーデン,2025000000,2025年,30120,千円
30000000,3_鉱物性燃料,220,5月_金額,50203,203_スウェーデン,2024000000,2024年,7113,千円
30000000,3_鉱物性燃料,220,5月_金額,50203,203_スウェーデン,2023000000,2023年,53735,千円
30000000,3_鉱物性燃料,220,5月_金額,50203,203_スウェーデン,2022000000,2022年,7634,千円
30000000,3_鉱物性燃料,220,5月_金額,50203,203_スウェーデン,2021000000,2021年,45115,千円
30000000,3_鉱物性燃料,220,5月_金額,50204,204_デンマーク,2025000000,2025年,6149,千円
30000000,3_鉱物性燃料,220,5月_金額,50204,204_デンマーク,2024000000,2024年,19927,千円
30000000,3_鉱物性燃料,220,5月_金額,50204,204_デンマーク,2023000000,2023年,12733,千円
30000000,3_鉱物性燃料,220,5月_金額,50204,204_デンマーク,2022000000,2022年,4511497,千円
30000000,3_鉱物性燃料,220,5月_金額,50204,204_デンマーク,2021000000,2021年,1311,千円
30000000,3_鉱物性燃料,220,5月_金額,50205,205_英国,2025000000,2025年,217748,千円
30000000,3_鉱物性燃料,220,5月_金額,50205,205_英国,2024000000,2024年,180230,千円
30000000,3_鉱物性燃料,220,5月_金額,50205,205_英国,2023000000,2023年,111275,千円
30000000,3_鉱物性燃料,220,5月_金額,50205,205_英国,2022000000,2022年,96663,千円
30000000,3_鉱物性燃料,220,5月_金額,50205,205_英国,2021000000,2021年,108501,千円
30000000,3_鉱物性燃料,220,5月_金額,50206,206_アイルランド,2025000000,2025年,17304,千円
30000000,3_鉱物性燃料,220,5月_金額,50206,206_アイルランド,2024000000,2024年,3824,千円
30000000,3_鉱物性燃料,220,5月_金額,50206,206_アイルランド,2023000000,2023年,7202,千円
30000000,3_鉱物性燃料,220,5月_金額,50206,206_アイルランド,2022000000,2022年,12626,千円
30000000,3_鉱物性燃料,220,5月_金額,50206,206_アイルランド,2021000000,2021年,6488,千円
30000000,3_鉱物性燃料,220,5月_金額,50207,207_オランダ,2025000000,2025年,45847,千円
30000000,3_鉱物性燃料,220,5月_金額,50207,207_オランダ,2024000000,2024年,63854,千円
30000000,3_鉱物性燃料,220,5月_金額,50207,207_オランダ,2023000000,2023年,37229,千円
30000000,3_鉱物性燃料,220,5月_金額,50207,207_オランダ,2022000000,2022年,54670,千円
30000000,3_鉱物性燃料,220,5月_金額,50207,207_オランダ,2021000000,2021年,45732,千円
30000000,3_鉱物性燃料,220,5月_金額,50208,208_ベルギー,2025000000,2025年,303122,千円
30000000,3_鉱物性燃料,220,5月_金額,50208,208_ベルギー,2024000000,2024年,66780,千円
30000000,3_鉱物性燃料,220,5月_金額,50208,208_ベルギー,2023000000,2023年,102610,千円
30000000,3_鉱物性燃料,220,5月_金額,50208,208_ベルギー,2022000000,2022年,38751,千円
30000000,3_鉱物性燃料,220,5月_金額,50208,208_ベルギー,2021000000,2021年,180237,千円
30000000,3_鉱物性燃料,220,5月_金額,50209,209_ルクセンブルク,2025000000,2025年,0,千円
30000000,3_鉱物性燃料,220,5月_金額,50209,209_ルクセンブルク,2021000000,2021年,0,千円
30000000,3_鉱物性燃料,220,5月_金額,50210,210_フランス,2025000000,2025年,357601,千円
30000000,3_鉱物性燃料,220,5月_金額,50210,210_フランス,2024000000,2024年,634493,千円
30000000,3_鉱物性燃料,220,5月_金額,50210,210_フランス,2023000000,2023年,235296,千円
30000000,3_鉱物性燃料,220,5月_金額,50210,210_フランス,2022000000,2022年,666936,千円
30000000,3_鉱物性燃料,220,5月_金額,50210,210_フランス,2021000000,2021年,208466,千円
30000000,3_鉱物性燃料,220,5月_金額,50213,213_ドイツ,2025000000,2025年,450770,千円
30000000,3_鉱物性燃料,220,5月_金額,50213,213_ドイツ,2024000000,2024年,414836,千円
30000000,3_鉱物性燃料,220,5月_金額,50213,213_ドイツ,2023000000,2023年,337094,千円
30000000,3_鉱物性燃料,220,5月_金額,50213,213_ドイツ,2022000000,2022年,361485,千円
30000000,3_鉱物性燃料,220,5月_金額,50213,213_ドイツ,2021000000,2021年,206342,千円
30000000,3_鉱物性燃料,220,5月_金額,50215,215_スイス,2025000000,2025年,30694,千円
30000000,3_鉱物性燃料,220,5月_金額,50215,215_スイス,2024000000,2024年,31833,千円
30000000,3_鉱物性燃料,220,5月_金額,50215,215_スイス,2023000000,2023年,31779,千円
30000000,3_鉱物性燃料,220,5月_金額,50215,215_スイス,2022000000,2022年,21567,千円
30000000,3_鉱物性燃料,220,5月_金額,50215,215_スイス,2021000000,2021年,13386,千円
30000000,3_鉱物性燃料,220,5月_金額,50218,218_スペイン,2025000000,2025年,5019135,千円
30000000,3_鉱物性燃料,220,5月_金額,50218,218_スペイン,2024000000,2024年,116840,千円
30000000,3_鉱物性燃料,220,5月_金額,50218,218_スペイン,2023000000,2023年,155228,千円
30000000,3_鉱物性燃料,220,5月_金額,50218,218_スペイン,2022000000,2022年,9387188,千円
30000000,3_鉱物性燃料,220,5月_金額,50218,218_スペイン,2021000000,2021年,17391,千円
30000000,3_鉱物性燃料,220,5月_金額,50220,220_イタリア,2025000000,2025年,3856,千円
30000000,3_鉱物性燃料,220,5月_金額,50220,220_イタリア,2024000000,2024年,45535,千円
30000000,3_鉱物性燃料,220,5月_金額,50220,220_イタリア,2023000000,2023年,1781443,千円
30000000,3_鉱物性燃料,220,5月_金額,50220,220_イタリア,2022000000,2022年,85157,千円
30000000,3_鉱物性燃料,220,5月_金額,50220,220_イタリア,2021000000,2021年,42816,千円
30000000,3_鉱物性燃料,220,5月_金額,50221,221_マルタ,2023000000,2023年,0,千円
30000000,3_鉱物性燃料,220,5月_金額,50221,221_マルタ,2021000000,2021年,978743,千円
30000000,3_鉱物性燃料,220,5月_金額,50222,222_フィンランド,2025000000,2025年,4101,千円
30000000,3_鉱物性燃料,220,5月_金額,50222,222_フィンランド,2024000000,2024年,1212,千円
30000000,3_鉱物性燃料,220,5月_金額,50222,222_フィンランド,2023000000,2023年,283836,千円
30000000,3_鉱物性燃料,220,5月_金額,50222,222_フィンランド,2022000000,2022年,28572,千円
30000000,3_鉱物性燃料,220,5月_金額,50222,222_フィンランド,2021000000,2021年,2201,千円
30000000,3_鉱物性燃料,220,5月_金額,50223,223_ポーランド,2025000000,2025年,303,千円
30000000,3_鉱物性燃料,220,5月_金額,50223,223_ポーランド,2024000000,2024年,0,千円
30000000,3_鉱物性燃料,220,5月_金額,50223,223_ポーランド,2023000000,2023年,38752,千円
30000000,3_鉱物性燃料,220,5月_金額,50223,223_ポーランド,2022000000,2022年,3519,千円
30000000,3_鉱物性燃料,220,5月_金額,50223,223_ポーランド,2021000000,2021年,0,千円
30000000,3_鉱物性燃料,220,5月_金額,50224,224_ロシア,2025000000,2025年,47126859,千円
30000000,3_鉱物性燃料,220,5月_金額,50224,224_ロシア,2024000000,2024年,39834501,千円
30000000,3_鉱物性燃料,220,5月_金額,50224,224_ロシア,2023000000,2023年,63530145,千円
30000000,3_鉱物性燃料,220,5月_金額,50224,224_ロシア,2022000000,2022年,116569406,千円
30000000,3_鉱物性燃料,220,5月_金額,50224,224_ロシア,2021000000,2021年,67050666,千円
30000000,3_鉱物性燃料,220,5月_金額,50225,225_オーストリア,2025000000,2025年,775,千円
30000000,3_鉱物性燃料,220,5月_金額,50225,225_オーストリア,2024000000,2024年,3351,千円
30000000,3_鉱物性燃料,220,5月_金額,50225,225_オーストリア,2023000000,2023年,3294,千円
30000000,3_鉱物性燃料,220,5月_金額,50225,225_オーストリア,2022000000,2022年,221,千円
30000000,3_鉱物性燃料,220,5月_金額,50225,225_オーストリア,2021000000,2021年,1190,千円
30000000,3_鉱物性燃料,220,5月_金額,50227,227_ハンガリー,2025000000,2025年,0,千円
30000000,3_鉱物性燃料,220,5月_金額,50227,227_ハンガリー,2023000000,2023年,0,千円
30000000,3_鉱物性燃料,220,5月_金額,50227,227_ハンガリー,2021000000,2021年,0,千円
30000000,3_鉱物性燃料,220,5月_金額,50228,228_セルビア,2022000000,2022年,0,千円
30000000,3_鉱物性燃料,220,5月_金額,50228,228_セルビア,2021000000,2021年,0,千円
30000000,3_鉱物性燃料,220,5月_金額,50230,230_ギリシャ,2025000000,2025年,0,千円
30000000,3_鉱物性燃料,220,5月_金額,50230,230_ギリシャ,2024000000,2024年,0,千円
30000000,3_鉱物性燃料,220,5月_金額,50230,230_ギリシャ,2023000000,2023年,0,千円
30000000,3_鉱物性燃料,220,5月_金額,50230,230_ギリシャ,2022000000,2022年,226,千円
30000000,3_鉱物性燃料,220,5月_金額,50230,230_ギリシャ,2021000000,2021年,318,千円
30000000,3_鉱物性燃料,220,5月_金額,50231,231_ルーマニア,2025000000,2025年,0,千円
30000000,3_鉱物性燃料,220,5月_金額,50231,231_ルーマニア,2021000000,2021年,0,千円
30000000,3_鉱物性燃料,220,5月_金額,50232,232_ブルガリア,2023000000,2023年,0,千円
30000000,3_鉱物性燃料,220,5月_金額,50232,232_ブルガリア,2022000000,2022年,0,千円
30000000,3_鉱物性燃料,220,5月_金額,50234,234_トルコ,2025000000,2025年,254,千円
30000000,3_鉱物性燃料,220,5月_金額,50234,234_トルコ,2024000000,2024年,0,千円
30000000,3_鉱物性燃料,220,5月_金額,50234,234_トルコ,2023000000,2023年,0,千円
30000000,3_鉱物性燃料,220,5月_金額,50234,234_トルコ,2022000000,2022年,284,千円
30000000,3_鉱物性燃料,220,5月_金額,50234,234_トルコ,2021000000,2021年,6407,千円
30000000,3_鉱物性燃料,220,5月_金額,50235,235_エストニア,2025000000,2025年,5714,千円
30000000,3_鉱物性燃料,220,5月_金額,50235,235_エストニア,2024000000,2024年,28717,千円
30000000,3_鉱物性燃料,220,5月_金額,50235,235_エストニア,2023000000,2023年,16218,千円
30000000,3_鉱物性燃料,220,5月_金額,50235,235_エストニア,2022000000,2022年,16815,千円
30000000,3_鉱物性燃料,220,5月_金額,50235,235_エストニア,2021000000,2021年,8639,千円
30000000,3_鉱物性燃料,220,5月_金額,50236,236_ラトビア,2025000000,2025年,164087,千円
30000000,3_鉱物性燃料,220,5月_金額,50236,236_ラトビア,2024000000,2024年,264264,千円
30000000,3_鉱物性燃料,220,5月_金額,50236,236_ラトビア,2023000000,2023年,116862,千円
30000000,3_鉱物性燃料,220,5月_金額,50236,236_ラトビア,2022000000,2022年,119656,千円
30000000,3_鉱物性燃料,220,5月_金額,50236,236_ラトビア,2021000000,2021年,138628,千円
30000000,3_鉱物性燃料,220,5月_金額,50237,237_リトアニア,2025000000,2025年,53517,千円
30000000,3_鉱物性燃料,220,5月_金額,50237,237_リトアニア,2024000000,2024年,52244,千円
30000000,3_鉱物性燃料,220,5月_金額,50237,237_リトアニア,2023000000,2023年,28616,千円
30000000,3_鉱物性燃料,220,5月_金額,50237,237_リトアニア,2022000000,2022年,17880,千円
30000000,3_鉱物性燃料,220,5月_金額,50237,237_リトアニア,2021000000,2021年,19764,千円
30000000,3_鉱物性燃料,220,5月_金額,50238,238_ウクライナ,2025000000,2025年,0,千円
30000000,3_鉱物性燃料,220,5月_金額,50238,238_ウクライナ,2024000000,2024年,6464,千円
30000000,3_鉱物性燃料,220,5月_金額,50238,238_ウクライナ,2023000000,2023年,0,千円
30000000,3_鉱物性燃料,220,5月_金額,50238,238_ウクライナ,2022000000,2022年,0,千円
30000000,3_鉱物性燃料,220,5月_金額,50238,238_ウクライナ,2021000000,2021年,0,千円
30000000,3_鉱物性燃料,220,5月_金額,50241,241_クロアチア,2025000000,2025年,0,千円
30000000,3_鉱物性燃料,220,5月_金額,50241,241_クロアチア,2021000000,2021年,708528,千円
30000000,3_鉱物性燃料,220,5月_金額,50245,245_チェコ,2025000000,2025年,0,千円
30000000,3_鉱物性燃料,220,5月_金額,50245,245_チェコ,2024000000,2024年,0,千円
30000000,3_鉱物性燃料,220,5月_金額,50245,245_チェコ,2023000000,2023年,583,千円
30000000,3_鉱物性燃料,220,5月_金額,50245,245_チェコ,2021000000,2021年,0,千円
30000000,3_鉱物性燃料,220,5月_金額,50246,246_スロバキア,2023000000,2023年,0,千円
30000000,3_鉱物性燃料,220,5月_金額,50302,302_カナダ,2025000000,2025年,19998067,千円
30000000,3_鉱物性燃料,220,5月_金額,50302,302_カナダ,2024000000,2024年,33191673,千円
30000000,3_鉱物性燃料,220,5月_金額,50302,302_カナダ,2023000000,2023年,46342112,千円
30000000,3_鉱物性燃料,220,5月_金額,50302,302_カナダ,2022000000,2022年,62315535,千円
30000000,3_鉱物性燃料,220,5月_金額,50302,302_カナダ,2021000000,2021年,13465322,千円
30000000,3_鉱物性燃料,220,5月_金額,50304,304_アメリカ合衆国,2025000000,2025年,164334162,千円
30000000,3_鉱物性燃料,220,5月_金額,50304,304_アメリカ合衆国,2024000000,2024年,175048840,千円
30000000,3_鉱物性燃料,220,5月_金額,50304,304_アメリカ合衆国,2023000000,2023年,104655304,千円
30000000,3_鉱物性燃料,220,5月_金額,50304,304_アメリカ合衆国,2022000000,2022年,131266069,千円
30000000,3_鉱物性燃料,220,5月_金額,50304,304_アメリカ合衆国,2021000000,2021年,88146119,千円
30000000,3_鉱物性燃料,220,5月_金額,50305,305_メキシコ,2025000000,2025年,0,千円
30000000,3_鉱物性燃料,220,5月_金額,50305,305_メキシコ,2024000000,2024年,0,千円
30000000,3_鉱物性燃料,220,5月_金額,50305,305_メキシコ,2023000000,2023年,0,千円
30000000,3_鉱物性燃料,220,5月_金額,50305,305_メキシコ,2022000000,2022年,14387721,千円
30000000,3_鉱物性燃料,220,5月_金額,50305,305_メキシコ,2021000000,2021年,0,千円
30000000,3_鉱物性燃料,220,5月_金額,50309,309_エルサルバドル,2025000000,2025年,3730,千円
30000000,3_鉱物性燃料,220,5月_金額,50309,309_エルサルバドル,2024000000,2024年,0,千円
30000000,3_鉱物性燃料,220,5月_金額,50309,309_エルサルバドル,2022000000,2022年,0,千円
30000000,3_鉱物性燃料,220,5月_金額,50311,311_コスタリカ,2025000000,2025年,311,千円
30000000,3_鉱物性燃料,220,5月_金額,50311,311_コスタリカ,2024000000,2024年,633,千円
30000000,3_鉱物性燃料,220,5月_金額,50311,311_コスタリカ,2023000000,2023年,462,千円
30000000,3_鉱物性燃料,220,5月_金額,50311,311_コスタリカ,2022000000,2022年,300,千円
30000000,3_鉱物性燃料,220,5月_金額,50311,311_コスタリカ,2021000000,2021年,0,千円
30000000,3_鉱物性燃料,220,5月_金額,50312,312_パナマ,2024000000,2024年,0,千円
30000000,3_鉱物性燃料,220,5月_金額,50312,312_パナマ,2023000000,2023年,10005,千円
30000000,3_鉱物性燃料,220,5月_金額,50312,312_パナマ,2022000000,2022年,0,千円
30000000,3_鉱物性燃料,220,5月_金額,50320,320_トリニダード・トバゴ,2024000000,2024年,0,千円
30000000,3_鉱物性燃料,220,5月_金額,50320,320_トリニダード・トバゴ,2023000000,2023年,0,千円
30000000,3_鉱物性燃料,220,5月_金額,50320,320_トリニダード・トバゴ,2022000000,2022年,0,千円
30000000,3_鉱物性燃料,220,5月_金額,50321,321_キューバ,2023000000,2023年,0,千円
30000000,3_鉱物性燃料,220,5月_金額,50328,328_ケイマン諸島(英),2023000000,2023年,222,千円
30000000,3_鉱物性燃料,220,5月_金額,50401,401_コロンビア,2025000000,2025年,2849960,千円
30000000,3_鉱物性燃料,220,5月_金額,50401,401_コロンビア,2024000000,2024年,4364215,千円
30000000,3_鉱物性燃料,220,5月_金額,50401,401_コロンビア,2023000000,2023年,6058319,千円
30000000,3_鉱物性燃料,220,5月_金額,50401,401_コロンビア,2022000000,2022年,6745055,千円
30000000,3_鉱物性燃料,220,5月_金額,50401,401_コロンビア,2021000000,2021年,4463,千円
30000000,3_鉱物性燃料,220,5月_金額,50406,406_エクアドル,2025000000,2025年,0,千円
30000000,3_鉱物性燃料,220,5月_金額,50406,406_エクアドル,2024000000,2024年,16127309,千円
30000000,3_鉱物性燃料,220,5月_金額,50406,406_エクアドル,2023000000,2023年,13838600,千円
30000000,3_鉱物性燃料,220,5月_金額,50406,406_エクアドル,2022000000,2022年,14916775,千円
30000000,3_鉱物性燃料,220,5月_金額,50406,406_エクアドル,2021000000,2021年,3679769,千円
30000000,3_鉱物性燃料,220,5月_金額,50407,407_ペルー,2025000000,2025年,4173112,千円
30000000,3_鉱物性燃料,220,5月_金額,50407,407_ペルー,2024000000,2024年,6614353,千円
30000000,3_鉱物性燃料,220,5月_金額,50407,407_ペルー,2023000000,2023年,266278,千円
30000000,3_鉱物性燃料,220,5月_金額,50407,407_ペルー,2022000000,2022年,8753233,千円
30000000,3_鉱物性燃料,220,5月_金額,50407,407_ペルー,2021000000,2021年,2611716,千円
30000000,3_鉱物性燃料,220,5月_金額,50409,409_チリ,2023000000,2023年,0,千円
30000000,3_鉱物性燃料,220,5月_金額,50409,409_チリ,2022000000,2022年,0,千円
30000000,3_鉱物性燃料,220,5月_金額,50410,410_ブラジル,2025000000,2025年,0,千円
30000000,3_鉱物性燃料,220,5月_金額,50410,410_ブラジル,2024000000,2024年,5828,千円
30000000,3_鉱物性燃料,220,5月_金額,50410,410_ブラジル,2023000000,2023年,74421,千円
30000000,3_鉱物性燃料,220,5月_金額,50410,410_ブラジル,2022000000,2022年,224258,千円
30000000,3_鉱物性燃料,220,5月_金額,50410,410_ブラジル,2021000000,2021年,372,千円
30000000,3_鉱物性燃料,220,5月_金額,50411,411_パラグアイ,2023000000,2023年,0,千円
30000000,3_鉱物性燃料,220,5月_金額,50412,412_ウルグアイ,2022000000,2022年,0,千円
30000000,3_鉱物性燃料,220,5月_金額,50413,413_アルゼンチン,2023000000,2023年,0,千円
30000000,3_鉱物性燃料,220,5月_金額,50503,503_アルジェリア,2025000000,2025年,0,千円
30000000,3_鉱物性燃料,220,5月_金額,50503,503_アルジェリア,2024000000,2024年,4217505,千円
30000000,3_鉱物性燃料,220,5月_金額,50503,503_アルジェリア,2023000000,2023年,7472597,千円
30000000,3_鉱物性燃料,220,5月_金額,50503,503_アルジェリア,2022000000,2022年,2661057,千円
30000000,3_鉱物性燃料,220,5月_金額,50503,503_アルジェリア,2021000000,2021年,1616583,千円
30000000,3_鉱物性燃料,220,5月_金額,50505,505_リビア,2021000000,2021年,1819713,千円
30000000,3_鉱物性燃料,220,5月_金額,50506,506_エジプト,2025000000,2025年,1078,千円
30000000,3_鉱物性燃料,220,5月_金額,50506,506_エジプト,2024000000,2024年,12184,千円
30000000,3_鉱物性燃料,220,5月_金額,50506,506_エジプト,2023000000,2023年,371,千円
30000000,3_鉱物性燃料,220,5月_金額,50506,506_エジプト,2022000000,2022年,0,千円
30000000,3_鉱物性燃料,220,5月_金額,50506,506_エジプト,2021000000,2021年,2077982,千円
30000000,3_鉱物性燃料,220,5月_金額,50524,524_ナイジェリア,2025000000,2025年,6714047,千円
30000000,3_鉱物性燃料,220,5月_金額,50524,524_ナイジェリア,2024000000,2024年,0,千円
30000000,3_鉱物性燃料,220,5月_金額,50524,524_ナイジェリア,2023000000,2023年,0,千円
30000000,3_鉱物性燃料,220,5月_金額,50524,524_ナイジェリア,2022000000,2022年,0,千円
30000000,3_鉱物性燃料,220,5月_金額,50524,524_ナイジェリア,2021000000,2021年,0,千円
30000000,3_鉱物性燃料,220,5月_金額,50525,525_ニジェール,2025000000,2025年,0,千円
30000000,3_鉱物性燃料,220,5月_金額,50527,527_カメルーン,2024000000,2024年,0,千円
30000000,3_鉱物性燃料,220,5月_金額,50530,530_赤道ギニア,2025000000,2025年,6292187,千円
30000000,3_鉱物性燃料,220,5月_金額,50530,530_赤道ギニア,2024000000,2024年,0,千円
30000000,3_鉱物性燃料,220,5月_金額,50530,530_赤道ギニア,2023000000,2023年,0,千円
30000000,3_鉱物性燃料,220,5月_金額,50530,530_赤道ギニア,2022000000,2022年,0,千円
30000000,3_鉱物性燃料,220,5月_金額,50530,530_赤道ギニア,2021000000,2021年,0,千円
30000000,3_鉱物性燃料,220,5月_金額,50535,535_アンゴラ,2022000000,2022年,0,千円
30000000,3_鉱物性燃料,220,5月_金額,50545,545_モザンビーク,2025000000,2025年,2438029,千円
30000000,3_鉱物性燃料,220,5月_金額,50545,545_モザンビーク,2024000000,2024年,0,千円
30000000,3_鉱物性燃料,220,5月_金額,50545,545_モザンビーク,2023000000,2023年,5921475,千円
30000000,3_鉱物性燃料,220,5月_金額,50545,545_モザンビーク,2022000000,2022年,0,千円
30000000,3_鉱物性燃料,220,5月_金額,50545,545_モザンビーク,2021000000,2021年,0,千円
30000000,3_鉱物性燃料,220,5月_金額,50547,547_モーリシャス,2024000000,2024年,0,千円
30000000,3_鉱物性燃料,220,5月_金額,50547,547_モーリシャス,2022000000,2022年,21254,千円
30000000,3_鉱物性燃料,220,5月_金額,50547,547_モーリシャス,2021000000,2021年,0,千円
30000000,3_鉱物性燃料,220,5月_金額,50551,551_南アフリカ共和国,2025000000,2025年,10403390,千円
30000000,3_鉱物性燃料,220,5月_金額,50551,551_南アフリカ共和国,2024000000,2024年,5171831,千円
30000000,3_鉱物性燃料,220,5月_金額,50551,551_南アフリカ共和国,2023000000,2023年,6800050,千円
30000000,3_鉱物性燃料,220,5月_金額,50551,551_南アフリカ共和国,2022000000,2022年,161302,千円
30000000,3_鉱物性燃料,220,5月_金額,50551,551_南アフリカ共和国,2021000000,2021年,48908,千円
30000000,3_鉱物性燃料,220,5月_金額,50560,560_南スーダン,2025000000,2025年,3093970,千円
30000000,3_鉱物性燃料,220,5月_金額,50560,560_南スーダン,2024000000,2024年,0,千円
30000000,3_鉱物性燃料,220,5月_金額,50560,560_南スーダン,2023000000,2023年,0,千円
30000000,3_鉱物性燃料,220,5月_金額,50560,560_南スーダン,2022000000,2022年,0,千円
30000000,3_鉱物性燃料,220,5月_金額,50560,560_南スーダン,2021000000,2021年,0,千円
30000000,3_鉱物性燃料,220,5月_金額,50601,601_オーストラリア,2025000000,2025年,316406301,千円
30000000,3_鉱物性燃料,220,5月_金額,50601,601_オーストラリア,2024000000,2024年,388214415,千円
30000000,3_鉱物性燃料,220,5月_金額,50601,601_オーストラリア,2023000000,2023年,499665702,千円
30000000,3_鉱物性燃料,220,5月_金額,50601,601_オーストラリア,2022000000,2022年,747397806,千円
30000000,3_鉱物性燃料,220,5月_金額,50601,601_オーストラリア,2021000000,2021年,219976193,千円
30000000,3_鉱物性燃料,220,5月_金額,50602,602_パプアニューギニア,2025000000,2025年,33860702,千円
30000000,3_鉱物性燃料,220,5月_金額,50602,602_パプアニューギニア,2024000000,2024年,33147353,千円
30000000,3_鉱物性燃料,220,5月_金額,50602,602_パプアニューギニア,2023000000,2023年,21009912,千円
30000000,3_鉱物性燃料,220,5月_金額,50602,602_パプアニューギニア,2022000000,2022年,30239400,千円
30000000,3_鉱物性燃料,220,5月_金額,50602,602_パプアニューギニア,2021000000,2021年,18563818,千円
30000000,3_鉱物性燃料,220,5月_金額,50606,606_ニュージーランド,2025000000,2025年,0,千円
30000000,3_鉱物性燃料,220,5月_金額,50606,606_ニュージーランド,2024000000,2024年,0,千円
30000000,3_鉱物性燃料,220,5月_金額,50606,606_ニュージーランド,2023000000,2023年,0,千円
30000000,3_鉱物性燃料,220,5月_金額,50606,606_ニュージーランド,2022000000,2022年,4243216,千円
30000000,3_鉱物性燃料,220,5月_金額,50606,606_ニュージーランド,2021000000,2021年,934041,千円
30000000,3_鉱物性燃料,220,5月_金額,50618,618_ニューカレドニア(仏),2024000000,2024年,0,千円
30000000,3_鉱物性燃料,220,5月_金額,50618,618_ニューカレドニア(仏),2023000000,2023年,0,千円
30000000,3_鉱物性燃料,220,5月_金額,50625,625_マーシャル,2024000000,2024年,0,千円
30000000,3_鉱物性燃料,220,5月_金額,50625,625_マーシャル,2022000000,2022年,0,千円
30000000,3_鉱物性燃料,220,5月_金額,50625,625_マーシャル,2021000000,2021年,0,千円
30000000,3_鉱物性燃料,220,5月_金額,50626,626_ミクロネシア,2021000000,2021年,0,千円
30000000,3_鉱物性燃料,220,5月_金額,50628,628_パラオ,2025000000,2025年,0,千円
30000000,3_鉱物性燃料,220,5月_金額,50702,702_不明,2025000000,2025年,56771,千円
30000000,3_鉱物性燃料,220,5月_金額,50702,702_不明,2024000000,2024年,44746,千円
30000000,3_鉱物性燃料,220,5月_金額,50702,702_不明,2023000000,2023年,36331,千円
30000000,3_鉱物性燃料,220,5月_金額,50702,702_不明,2022000000,2022年,440,千円
30000000,3_鉱物性燃料,220,5月_金額,50702,702_不明,2021000000,2021年,708,千円
30000000,3_鉱物性燃料,230,6月_数量,50103,103_大韓民国,2025000000,2025年,0,
30000000,3_鉱物性燃料,230,6月_数量,50103,103_大韓民国,2024000000,2024年,0,
30000000,3_鉱物性燃料,230,6月_数量,50103,103_大韓民国,2023000000,2023年,0,
30000000,3_鉱物性燃料,230,6月_数量,50103,103_大韓民国,2022000000,2022年,0,
30000000,3_鉱物性燃料,230,6月_数量,50103,103_大韓民国,2021000000,2021年,0,
30000000,3_鉱物性燃料,230,6月_数量,50105,105_中華人民共和国,2025000000,2025年,0,
30000000,3_鉱物性燃料,230,6月_数量,50105,105_中華人民共和国,2024000000,2024年,0,
30000000,3_鉱物性燃料,230,6月_数量,50105,105_中華人民共和国,2023000000,2023年,0,
30000000,3_鉱物性燃料,230,6月_数量,50105,105_中華人民共和国,2022000000,2022年,0,
30000000,3_鉱物性燃料,230,6月_数量,50105,105_中華人民共和国,2021000000,2021年,0,
30000000,3_鉱物性燃料,230,6月_数量,50106,106_台湾,2025000000,2025年,0,
30000000,3_鉱物性燃料,230,6月_数量,50106,106_台湾,2024000000,2024年,0,
30000000,3_鉱物性燃料,230,6月_数量,50106,106_台湾,2023000000,2023年,0,
30000000,3_鉱物性燃料,230,6月_数量,50106,106_台湾,2022000000,2022年,0,
30000000,3_鉱物性燃料,230,6月_数量,50106,106_台湾,2021000000,2021年,0,
30000000,3_鉱物性燃料,230,6月_数量,50108,108_香港,2025000000,2025年,0,
30000000,3_鉱物性燃料,230,6月_数量,50108,108_香港,2024000000,2024年,0,
30000000,3_鉱物性燃料,230,6月_数量,50108,108_香港,2023000000,2023年,0,
30000000,3_鉱物性燃料,230,6月_数量,50108,108_香港,2022000000,2022年,0,
30000000,3_鉱物性燃料,230,6月_数量,50108,108_香港,2021000000,2021年,0,
30000000,3_鉱物性燃料,230,6月_数量,50110,110_ベトナム,2025000000,2025年,0,
30000000,3_鉱物性燃料,230,6月_数量,50110,110_ベトナム,2024000000,2024年,0,
30000000,3_鉱物性燃料,230,6月_数量,50110,110_ベトナム,2023000000,2023年,0,
30000000,3_鉱物性燃料,230,6月_数量,50110,110_ベトナム,2022000000,2022年,0,
30000000,3_鉱物性燃料,230,6月_数量,50110,110_ベトナム,2021000000,2021年,0,
30000000,3_鉱物性燃料,230,6月_数量,50111,111_タイ,2025000000,2025年,0,
30000000,3_鉱物性燃料,230,6月_数量,50111,111_タイ,2024000000,2024年,0,
30000000,3_鉱物性燃料,230,6月_数量,50111,111_タイ,2023000000,2023年,0,
30000000,3_鉱物性燃料,230,6月_数量,50111,111_タイ,2022000000,2022年,0,
30000000,3_鉱物性燃料,230,6月_数量,50111,111_タイ,2021000000,2021年,0,
30000000,3_鉱物性燃料,230,6月_数量,50112,112_シンガポール,2025000000,2025年,0,
30000000,3_鉱物性燃料,230,6月_数量,50112,112_シンガポール,2024000000,2024年,0,
30000000,3_鉱物性燃料,230,6月_数量,50112,112_シンガポール,2023000000,2023年,0,
30000000,3_鉱物性燃料,230,6月_数量,50112,112_シンガポール,2022000000,2022年,0,
30000000,3_鉱物性燃料,230,6月_数量,50112,112_シンガポール,2021000000,2021年,0,
30000000,3_鉱物性燃料,230,6月_数量,50113,113_マレーシア,2025000000,2025年,0,
30000000,3_鉱物性燃料,230,6月_数量,50113,113_マレーシア,2024000000,2024年,0,
30000000,3_鉱物性燃料,230,6月_数量,50113,113_マレーシア,2023000000,2023年,0,
30000000,3_鉱物性燃料,230,6月_数量,50113,113_マレーシア,2022000000,2022年,0,
30000000,3_鉱物性燃料,230,6月_数量,50113,113_マレーシア,2021000000,2021年,0,
30000000,3_鉱物性燃料,230,6月_数量,50116,116_ブルネイ,2025000000,2025年,0,
30000000,3_鉱物性燃料,230,6月_数量,50116,116_ブルネイ,2024000000,2024年,0,
30000000,3_鉱物性燃料,230,6月_数量,50116,116_ブルネイ,2023000000,2023年,0,
30000000,3_鉱物性燃料,230,6月_数量,50116,116_ブルネイ,2022000000,2022年,0,
30000000,3_鉱物性燃料,230,6月_数量,50116,116_ブルネイ,2021000000,2021年,0,
30000000,3_鉱物性燃料,230,6月_数量,50117,117_フィリピン,2025000000,2025年,0,
30000000,3_鉱物性燃料,230,6月_数量,50117,117_フィリピン,2024000000,2024年,0,
30000000,3_鉱物性燃料,230,6月_数量,50117,117_フィリピン,2023000000,2023年,0,
30000000,3_鉱物性燃料,230,6月_数量,50117,117_フィリピン,2022000000,2022年,0,
30000000,3_鉱物性燃料,230,6月_数量,50117,117_フィリピン,2021000000,2021年,0,
30000000,3_鉱物性燃料,230,6月_数量,50118,118_インドネシア,2025000000,2025年,0,
30000000,3_鉱物性燃料,230,6月_数量,50118,118_インドネシア,2024000000,2024年,0,
30000000,3_鉱物性燃料,230,6月_数量,50118,118_インドネシア,2023000000,2023年,0,
30000000,3_鉱物性燃料,230,6月_数量,50118,118_インドネシア,2022000000,2022年,0,
30000000,3_鉱物性燃料,230,6月_数量,50118,118_インドネシア,2021000000,2021年,0,
30000000,3_鉱物性燃料,230,6月_数量,50123,123_インド,2025000000,2025年,0,
30000000,3_鉱物性燃料,230,6月_数量,50123,123_インド,2024000000,2024年,0,
30000000,3_鉱物性燃料,230,6月_数量,50123,123_インド,2023000000,2023年,0,
30000000,3_鉱物性燃料,230,6月_数量,50123,123_インド,2022000000,2022年,0,
30000000,3_鉱物性燃料,230,6月_数量,50123,123_インド,2021000000,2021年,0,
30000000,3_鉱物性燃料,230,6月_数量,50124,124_パキスタン,2025000000,2025年,0,
30000000,3_鉱物性燃料,230,6月_数量,50124,124_パキスタン,2023000000,2023年,0,
30000000,3_鉱物性燃料,230,6月_数量,50124,124_パキスタン,2022000000,2022年,0,
30000000,3_鉱物性燃料,230,6月_数量,50124,124_パキスタン,2021000000,2021年,0,
30000000,3_鉱物性燃料,230,6月_数量,50125,125_スリランカ,2025000000,2025年,0,
30000000,3_鉱物性燃料,230,6月_数量,50125,125_スリランカ,2024000000,2024年,0,
30000000,3_鉱物性燃料,230,6月_数量,50125,125_スリランカ,2023000000,2023年,0,
30000000,3_鉱物性燃料,230,6月_数量,50125,125_スリランカ,2022000000,2022年,0,
30000000,3_鉱物性燃料,230,6月_数量,50125,125_スリランカ,2021000000,2021年,0,
30000000,3_鉱物性燃料,230,6月_数量,50126,126_モルディブ,2022000000,2022年,0,
30000000,3_鉱物性燃料,230,6月_数量,50127,127_バングラデシュ,2024000000,2024年,0,
30000000,3_鉱物性燃料,230,6月_数量,50128,128_東ティモール,2025000000,2025年,0,
30000000,3_鉱物性燃料,230,6月_数量,50128,128_東ティモール,2023000000,2023年,0,
30000000,3_鉱物性燃料,230,6月_数量,50128,128_東ティモール,2022000000,2022年,0,
30000000,3_鉱物性燃料,230,6月_数量,50128,128_東ティモール,2021000000,2021年,0,
30000000,3_鉱物性燃料,230,6月_数量,50134,134_イラク,2025000000,2025年,0,
30000000,3_鉱物性燃料,230,6月_数量,50134,134_イラク,2024000000,2024年,0,
30000000,3_鉱物性燃料,230,6月_数量,50134,134_イラク,2023000000,2023年,0,
30000000,3_鉱物性燃料,230,6月_数量,50134,134_イラク,2021000000,2021年,0,
30000000,3_鉱物性燃料,230,6月_数量,50135,135_バーレーン,2025000000,2025年,0,
30000000,3_鉱物性燃料,230,6月_数量,50135,135_バーレーン,2024000000,2024年,0,
30000000,3_鉱物性燃料,230,6月_数量,50135,135_バーレーン,2023000000,2023年,0,
30000000,3_鉱物性燃料,230,6月_数量,50135,135_バーレーン,2022000000,2022年,0,
30000000,3_鉱物性燃料,230,6月_数量,50135,135_バーレーン,2021000000,2021年,0,
30000000,3_鉱物性燃料,230,6月_数量,50137,137_サウジアラビア,2025000000,2025年,0,
30000000,3_鉱物性燃料,230,6月_数量,50137,137_サウジアラビア,2024000000,2024年,0,
30000000,3_鉱物性燃料,230,6月_数量,50137,137_サウジアラビア,2023000000,2023年,0,
30000000,3_鉱物性燃料,230,6月_数量,50137,137_サウジアラビア,2022000000,2022年,0,
30000000,3_鉱物性燃料,230,6月_数量,50137,137_サウジアラビア,2021000000,2021年,0,
30000000,3_鉱物性燃料,230,6月_数量,50138,138_クウェート,2025000000,2025年,0,
30000000,3_鉱物性燃料,230,6月_数量,50138,138_クウェート,2024000000,2024年,0,
30000000,3_鉱物性燃料,230,6月_数量,50138,138_クウェート,2023000000,2023年,0,
30000000,3_鉱物性燃料,230,6月_数量,50138,138_クウェート,2022000000,2022年,0,
30000000,3_鉱物性燃料,230,6月_数量,50138,138_クウェート,2021000000,2021年,0,
30000000,3_鉱物性燃料,230,6月_数量,50140,140_カタール,2025000000,2025年,0,
30000000,3_鉱物性燃料,230,6月_数量,50140,140_カタール,2024000000,2024年,0,
30000000,3_鉱物性燃料,230,6月_数量,50140,140_カタール,2023000000,2023年,0,
30000000,3_鉱物性燃料,230,6月_数量,50140,140_カタール,2022000000,2022年,0,
30000000,3_鉱物性燃料,230,6月_数量,50140,140_カタール,2021000000,2021年,0,
30000000,3_鉱物性燃料,230,6月_数量,50141,141_オマーン,2025000000,2025年,0,
30000000,3_鉱物性燃料,230,6月_数量,50141,141_オマーン,2024000000,2024年,0,
30000000,3_鉱物性燃料,230,6月_数量,50141,141_オマーン,2023000000,2023年,0,
30000000,3_鉱物性燃料,230,6月_数量,50141,141_オマーン,2022000000,2022年,0,
30000000,3_鉱物性燃料,230,6月_数量,50141,141_オマーン,2021000000,2021年,0,
30000000,3_鉱物性燃料,230,6月_数量,50143,143_イスラエル,2025000000,2025年,0,
30000000,3_鉱物性燃料,230,6月_数量,50143,143_イスラエル,2024000000,2024年,0,
30000000,3_鉱物性燃料,230,6月_数量,50143,143_イスラエル,2023000000,2023年,0,
30000000,3_鉱物性燃料,230,6月_数量,50143,143_イスラエル,2022000000,2022年,0,
30000000,3_鉱物性燃料,230,6月_数量,50143,143_イスラエル,2021000000,2021年,0,
30000000,3_鉱物性燃料,230,6月_数量,50147,147_アラブ首長国連邦,2025000000,2025年,0,
30000000,3_鉱物性燃料,230,6月_数量,50147,147_アラブ首長国連邦,2024000000,2024年,0,
30000000,3_鉱物性燃料,230,6月_数量,50147,147_アラブ首長国連邦,2023000000,2023年,0,
30000000,3_鉱物性燃料,230,6月_数量,50147,147_アラブ首長国連邦,2022000000,2022年,0,
30000000,3_鉱物性燃料,230,6月_数量,50147,147_アラブ首長国連邦,2021000000,2021年,0,
30000000,3_鉱物性燃料,230,6月_数量,50153,153_カザフスタン,2025000000,2025年,0,
30000000,3_鉱物性燃料,230,6月_数量,50153,153_カザフスタン,2024000000,2024年,0,
30000000,3_鉱物性燃料,230,6月_数量,50153,153_カザフスタン,2023000000,2023年,0,
30000000,3_鉱物性燃料,230,6月_数量,50153,153_カザフスタン,2022000000,2022年,0,
30000000,3_鉱物性燃料,230,6月_数量,50153,153_カザフスタン,2021000000,2021年,0,
30000000,3_鉱物性燃料,230,6月_数量,50202,202_ノルウェー,2025000000,2025年,0,
30000000,3_鉱物性燃料,230,6月_数量,50202,202_ノルウェー,2024000000,2024年,0,
30000000,3_鉱物性燃料,230,6月_数量,50202,202_ノルウェー,2023000000,2023年,0,
30000000,3_鉱物性燃料,230,6月_数量,50202,202_ノルウェー,2022000000,2022年,0,
30000000,3_鉱物性燃料,230,6月_数量,50202,202_ノルウェー,2021000000,2021年,0,
30000000,3_鉱物性燃料,230,6月_数量,50203,203_スウェーデン,2025000000,2025年,0,
30000000,3_鉱物性燃料,230,6月_数量,50203,203_スウェーデン,2024000000,2024年,0,
30000000,3_鉱物性燃料,230,6月_数量,50203,203_スウェーデン,2023000000,2023年,0,
30000000,3_鉱物性燃料,230,6月_数量,50203,203_スウェーデン,2022000000,2022年,0,
30000000,3_鉱物性燃料,230,6月_数量,50203,203_スウェーデン,2021000000,2021年,0,
30000000,3_鉱物性燃料,230,6月_数量,50204,204_デンマーク,2025000000,2025年,0,
30000000,3_鉱物性燃料,230,6月_数量,50204,204_デンマーク,2024000000,2024年,0,
30000000,3_鉱物性燃料,230,6月_数量,50204,204_デンマーク,2023000000,2023年,0,
30000000,3_鉱物性燃料,230,6月_数量,50204,204_デンマーク,2022000000,2022年,0,
30000000,3_鉱物性燃料,230,6月_数量,50204,204_デンマーク,2021000000,2021年,0,
30000000,3_鉱物性燃料,230,6月_数量,50205,205_英国,2025000000,2025年,0,
30000000,3_鉱物性燃料,230,6月_数量,50205,205_英国,2024000000,2024年,0,
30000000,3_鉱物性燃料,230,6月_数量,50205,205_英国,2023000000,2023年,0,
30000000,3_鉱物性燃料,230,6月_数量,50205,205_英国,2022000000,2022年,0,
30000000,3_鉱物性燃料,230,6月_数量,50205,205_英国,2021000000,2021年,0,
30000000,3_鉱物性燃料,230,6月_数量,50206,206_アイルランド,2025000000,2025年,0,
30000000,3_鉱物性燃料,230,6月_数量,50206,206_アイルランド,2024000000,2024年,0,
30000000,3_鉱物性燃料,230,6月_数量,50206,206_アイルランド,2023000000,2023年,0,
30000000,3_鉱物性燃料,230,6月_数量,50206,206_アイルランド,2022000000,2022年,0,
30000000,3_鉱物性燃料,230,6月_数量,50206,206_アイルランド,2021000000,2021年,0,
30000000,3_鉱物性燃料,230,6月_数量,50207,207_オランダ,2025000000,2025年,0,
30000000,3_鉱物性燃料,230,6月_数量,50207,207_オランダ,2024000000,2024年,0,
30000000,3_鉱物性燃料,230,6月_数量,50207,207_オランダ,2023000000,2023年,0,
30000000,3_鉱物性燃料,230,6月_数量,50207,207_オランダ,2022000000,2022年,0,
30000000,3_鉱物性燃料,230,6月_数量,50207,207_オランダ,2021000000,2021年,0,
30000000,3_鉱物性燃料,230,6月_数量,50208,208_ベルギー,2025000000,2025年,0,
30000000,3_鉱物性燃料,230,6月_数量,50208,208_ベルギー,2024000000,2024年,0,
30000000,3_鉱物性燃料,230,6月_数量,50208,208_ベルギー,2023000000,2023年,0,
30000000,3_鉱物性燃料,230,6月_数量,50208,208_ベルギー,2022000000,2022年,0,
30000000,3_鉱物性燃料,230,6月_数量,50208,208_ベルギー,2021000000,2021年,0,
30000000,3_鉱物性燃料,230,6月_数量,50209,209_ルクセンブルク,2025000000,2025年,0,
30000000,3_鉱物性燃料,230,6月_数量,50209,209_ルクセンブルク,2021000000,2021年,0,
30000000,3_鉱物性燃料,230,6月_数量,50210,210_フランス,2025000000,2025年,0,
30000000,3_鉱物性燃料,230,6月_数量,50210,210_フランス,2024000000,2024年,0,
30000000,3_鉱物性燃料,230,6月_数量,50210,210_フランス,2023000000,2023年,0,
30000000,3_鉱物性燃料,230,6月_数量,50210,210_フランス,2022000000,2022年,0,
30000000,3_鉱物性燃料,230,6月_数量,50210,210_フランス,2021000000,2021年,0,
30000000,3_鉱物性燃料,230,6月_数量,50213,213_ドイツ,2025000000,2025年,0,
30000000,3_鉱物性燃料,230,6月_数量,50213,213_ドイツ,2024000000,2024年,0,
30000000,3_鉱物性燃料,230,6月_数量,50213,213_ドイツ,2023000000,2023年,0,
30000000,3_鉱物性燃料,230,6月_数量,50213,213_ドイツ,2022000000,2022年,0,
30000000,3_鉱物性燃料,230,6月_数量,50213,213_ドイツ,2021000000,2021年,0,
30000000,3_鉱物性燃料,230,6月_数量,50215,215_スイス,2025000000,2025年,0,
30000000,3_鉱物性燃料,230,6月_数量,50215,215_スイス,2024000000,2024年,0,
30000000,3_鉱物性燃料,230,6月_数量,50215,215_スイス,2023000000,2023年,0,
30000000,3_鉱物性燃料,230,6月_数量,50215,215_スイス,2022000000,2022年,0,
30000000,3_鉱物性燃料,230,6月_数量,50215,215_スイス,2021000000,2021年,0,
30000000,3_鉱物性燃料,230,6月_数量,50218,218_スペイン,2025000000,2025年,0,
30000000,3_鉱物性燃料,230,6月_数量,50218,218_スペイン,2024000000,2024年,0,
30000000,3_鉱物性燃料,230,6月_数量,50218,218_スペイン,2023000000,2023年,0,
30000000,3_鉱物性燃料,230,6月_数量,50218,218_スペイン,2022000000,2022年,0,
30000000,3_鉱物性燃料,230,6月_数量,50218,218_スペイン,2021000000,2021年,0,
30000000,3_鉱物性燃料,230,6月_数量,50220,220_イタリア,2025000000,2025年,0,
30000000,3_鉱物性燃料,230,6月_数量,50220,220_イタリア,2024000000,2024年,0,
30000000,3_鉱物性燃料,230,6月_数量,50220,220_イタリア,2023000000,2023年,0,
30000000,3_鉱物性燃料,230,6月_数量,50220,220_イタリア,2022000000,2022年,0,
30000000,3_鉱物性燃料,230,6月_数量,50220,220_イタリア,2021000000,2021年,0,
30000000,3_鉱物性燃料,230,6月_数量,50221,221_マルタ,2023000000,2023年,0,
30000000,3_鉱物性燃料,230,6月_数量,50221,221_マルタ,2021000000,2021年,0,
30000000,3_鉱物性燃料,230,6月_数量,50222,222_フィンランド,2025000000,2025年,0,
30000000,3_鉱物性燃料,230,6月_数量,50222,222_フィンランド,2024000000,2024年,0,
30000000,3_鉱物性燃料,230,6月_数量,50222,222_フィンランド,2023000000,2023年,0,
30000000,3_鉱物性燃料,230,6月_数量,50222,222_フィンランド,2022000000,2022年,0,
30000000,3_鉱物性燃料,230,6月_数量,50222,222_フィンランド,2021000000,2021年,0,
30000000,3_鉱物性燃料,230,6月_数量,50223,223_ポーランド,2025000000,2025年,0,
30000000,3_鉱物性燃料,230,6月_数量,50223,223_ポーランド,2024000000,2024年,0,
30000000,3_鉱物性燃料,230,6月_数量,50223,223_ポーランド,2023000000,2023年,0,
30000000,3_鉱物性燃料,230,6月_数量,50223,223_ポーランド,2022000000,2022年,0,
30000000,3_鉱物性燃料,230,6月_数量,50223,223_ポーランド,2021000000,2021年,0,
30000000,3_鉱物性燃料,230,6月_数量,50224,224_ロシア,2025000000,2025年,0,
30000000,3_鉱物性燃料,230,6月_数量,50224,224_ロシア,2024000000,2024年,0,
30000000,3_鉱物性燃料,230,6月_数量,50224,224_ロシア,2023000000,2023年,0,
30000000,3_鉱物性燃料,230,6月_数量,50224,224_ロシア,2022000000,2022年,0,
30000000,3_鉱物性燃料,230,6月_数量,50224,224_ロシア,2021000000,2021年,0,
30000000,3_鉱物性燃料,230,6月_数量,50225,225_オーストリア,2025000000,2025年,0,
30000000,3_鉱物性燃料,230,6月_数量,50225,225_オーストリア,2024000000,2024年,0,
30000000,3_鉱物性燃料,230,6月_数量,50225,225_オーストリア,2023000000,2023年,0,
30000000,3_鉱物性燃料,230,6月_数量,50225,225_オーストリア,2022000000,2022年,0,
30000000,3_鉱物性燃料,230,6月_数量,50225,225_オーストリア,2021000000,2021年,0,
30000000,3_鉱物性燃料,230,6月_数量,50227,227_ハンガリー,2025000000,2025年,0,
30000000,3_鉱物性燃料,230,6月_数量,50227,227_ハンガリー,2023000000,2023年,0,
30000000,3_鉱物性燃料,230,6月_数量,50227,227_ハンガリー,2021000000,2021年,0,
30000000,3_鉱物性燃料,230,6月_数量,50228,228_セルビア,2022000000,2022年,0,
30000000,3_鉱物性燃料,230,6月_数量,50228,228_セルビア,2021000000,2021年,0,
30000000,3_鉱物性燃料,230,6月_数量,50230,230_ギリシャ,2025000000,2025年,0,
30000000,3_鉱物性燃料,230,6月_数量,50230,230_ギリシャ,2024000000,2024年,0,
30000000,3_鉱物性燃料,230,6月_数量,50230,230_ギリシャ,2023000000,2023年,0,
30000000,3_鉱物性燃料,230,6月_数量,50230,230_ギリシャ,2022000000,2022年,0,
30000000,3_鉱物性燃料,230,6月_数量,50230,230_ギリシャ,2021000000,2021年,0,
30000000,3_鉱物性燃料,230,6月_数量,50231,231_ルーマニア,2025000000,2025年,0,
30000000,3_鉱物性燃料,230,6月_数量,50231,231_ルーマニア,2021000000,2021年,0,
30000000,3_鉱物性燃料,230,6月_数量,50232,232_ブルガリア,2023000000,2023年,0,
30000000,3_鉱物性燃料,230,6月_数量,50232,232_ブルガリア,2022000000,2022年,0,
30000000,3_鉱物性燃料,230,6月_数量,50234,234_トルコ,2025000000,2025年,0,
30000000,3_鉱物性燃料,230,6月_数量,50234,234_トルコ,2024000000,2024年,0,
30000000,3_鉱物性燃料,230,6月_数量,50234,234_トルコ,2023000000,2023年,0,
30000000,3_鉱物性燃料,230,6月_数量,50234,234_トルコ,2022000000,2022年,0,
30000000,3_鉱物性燃料,230,6月_数量,50234,234_トルコ,2021000000,2021年,0,
30000000,3_鉱物性燃料,230,6月_数量,50235,235_エストニア,2025000000,2025年,0,
30000000,3_鉱物性燃料,230,6月_数量,50235,235_エストニア,2024000000,2024年,0,
30000000,3_鉱物性燃料,230,6月_数量,50235,235_エストニア,2023000000,2023年,0,
30000000,3_鉱物性燃料,230,6月_数量,50235,235_エストニア,2022000000,2022年,0,
30000000,3_鉱物性燃料,230,6月_数量,50235,235_エストニア,2021000000,2021年,0,
30000000,3_鉱物性燃料,230,6月_数量,50236,236_ラトビア,2025000000,2025年,0,
30000000,3_鉱物性燃料,230,6月_数量,50236,236_ラトビア,2024000000,2024年,0,
30000000,3_鉱物性燃料,230,6月_数量,50236,236_ラトビア,2023000000,2023年,0,
30000000,3_鉱物性燃料,230,6月_数量,50236,236_ラトビア,2022000000,2022年,0,
30000000,3_鉱物性燃料,230,6月_数量,50236,236_ラトビア,2021000000,2021年,0,
30000000,3_鉱物性燃料,230,6月_数量,50237,237_リトアニア,2025000000,2025年,0,
30000000,3_鉱物性燃料,230,6月_数量,50237,237_リトアニア,2024000000,2024年,0,
30000000,3_鉱物性燃料,230,6月_数量,50237,237_リトアニア,2023000000,2023年,0,
30000000,3_鉱物性燃料,230,6月_数量,50237,237_リトアニア,2022000000,2022年,0,
30000000,3_鉱物性燃料,230,6月_数量,50237,237_リトアニア,2021000000,2021年,0,
30000000,3_鉱物性燃料,230,6月_数量,50238,238_ウクライナ,2025000000,2025年,0,
30000000,3_鉱物性燃料,230,6月_数量,50238,238_ウクライナ,2024000000,2024年,0,
30000000,3_鉱物性燃料,230,6月_数量,50238,238_ウクライナ,2023000000,2023年,0,
30000000,3_鉱物性燃料,230,6月_数量,50238,238_ウクライナ,2022000000,2022年,0,
30000000,3_鉱物性燃料,230,6月_数量,50238,238_ウクライナ,2021000000,2021年,0,
30000000,3_鉱物性燃料,230,6月_数量,50241,241_クロアチア,2025000000,2025年,0,
30000000,3_鉱物性燃料,230,6月_数量,50241,241_クロアチア,2021000000,2021年,0,
30000000,3_鉱物性燃料,230,6月_数量,50245,245_チェコ,2025000000,2025年,0,
30000000,3_鉱物性燃料,230,6月_数量,50245,245_チェコ,2024000000,2024年,0,
30000000,3_鉱物性燃料,230,6月_数量,50245,245_チェコ,2023000000,2023年,0,
30000000,3_鉱物性燃料,230,6月_数量,50245,245_チェコ,2021000000,2021年,0,
30000000,3_鉱物性燃料,230,6月_数量,50246,246_スロバキア,2023000000,2023年,0,
30000000,3_鉱物性燃料,230,6月_数量,50302,302_カナダ,2025000000,2025年,0,
30000000,3_鉱物性燃料,230,6月_数量,50302,302_カナダ,2024000000,2024年,0,
30000000,3_鉱物性燃料,230,6月_数量,50302,302_カナダ,2023000000,2023年,0,
30000000,3_鉱物性燃料,230,6月_数量,50302,302_カナダ,2022000000,2022年,0,
30000000,3_鉱物性燃料,230,6月_数量,50302,302_カナダ,2021000000,2021年,0,
30000000,3_鉱物性燃料,230,6月_数量,50304,304_アメリカ合衆国,2025000000,2025年,0,
30000000,3_鉱物性燃料,230,6月_数量,50304,304_アメリカ合衆国,2024000000,2024年,0,
30000000,3_鉱物性燃料,230,6月_数量,50304,304_アメリカ合衆国,2023000000,2023年,0,
30000000,3_鉱物性燃料,230,6月_数量,50304,304_アメリカ合衆国,2022000000,2022年,0,
30000000,3_鉱物性燃料,230,6月_数量,50304,304_アメリカ合衆国,2021000000,2021年,0,
30000000,3_鉱物性燃料,230,6月_数量,50305,305_メキシコ,2025000000,2025年,0,
30000000,3_鉱物性燃料,230,6月_数量,50305,305_メキシコ,2024000000,2024年,0,
30000000,3_鉱物性燃料,230,6月_数量,50305,305_メキシコ,2023000000,2023年,0,
30000000,3_鉱物性燃料,230,6月_数量,50305,305_メキシコ,2022000000,2022年,0,
30000000,3_鉱物性燃料,230,6月_数量,50305,305_メキシコ,2021000000,2021年,0,
30000000,3_鉱物性燃料,230,6月_数量,50309,309_エルサルバドル,2025000000,2025年,0,
30000000,3_鉱物性燃料,230,6月_数量,50309,309_エルサルバドル,2024000000,2024年,0,
30000000,3_鉱物性燃料,230,6月_数量,50309,309_エルサルバドル,2022000000,2022年,0,
30000000,3_鉱物性燃料,230,6月_数量,50311,311_コスタリカ,2025000000,2025年,0,
30000000,3_鉱物性燃料,230,6月_数量,50311,311_コスタリカ,2024000000,2024年,0,
30000000,3_鉱物性燃料,230,6月_数量,50311,311_コスタリカ,2023000000,2023年,0,
30000000,3_鉱物性燃料,230,6月_数量,50311,311_コスタリカ,2022000000,2022年,0,
30000000,3_鉱物性燃料,230,6月_数量,50311,311_コスタリカ,2021000000,2021年,0,
30000000,3_鉱物性燃料,230,6月_数量,50312,312_パナマ,2024000000,2024年,0,
30000000,3_鉱物性燃料,230,6月_数量,50312,312_パナマ,2023000000,2023年,0,
30000000,3_鉱物性燃料,230,6月_数量,50312,312_パナマ,2022000000,2022年,0,
30000000,3_鉱物性燃料,230,6月_数量,50320,320_トリニダード・トバゴ,2024000000,2024年,0,
30000000,3_鉱物性燃料,230,6月_数量,50320,320_トリニダード・トバゴ,2023000000,2023年,0,
30000000,3_鉱物性燃料,230,6月_数量,50320,320_トリニダード・トバゴ,2022000000,2022年,0,
30000000,3_鉱物性燃料,230,6月_数量,50321,321_キューバ,2023000000,2023年,0,
30000000,3_鉱物性燃料,230,6月_数量,50328,328_ケイマン諸島(英),2023000000,2023年,0,
30000000,3_鉱物性燃料,230,6月_数量,50401,401_コロンビア,2025000000,2025年,0,
30000000,3_鉱物性燃料,230,6月_数量,50401,401_コロンビア,2024000000,2024年,0,
30000000,3_鉱物性燃料,230,6月_数量,50401,401_コロンビア,2023000000,2023年,0,
30000000,3_鉱物性燃料,230,6月_数量,50401,401_コロンビア,2022000000,2022年,0,
30000000,3_鉱物性燃料,230,6月_数量,50401,401_コロンビア,2021000000,2021年,0,
30000000,3_鉱物性燃料,230,6月_数量,50406,406_エクアドル,2025000000,2025年,0,
30000000,3_鉱物性燃料,230,6月_数量,50406,406_エクアドル,2024000000,2024年,0,
30000000,3_鉱物性燃料,230,6月_数量,50406,406_エクアドル,2023000000,2023年,0,
30000000,3_鉱物性燃料,230,6月_数量,50406,406_エクアドル,2022000000,2022年,0,
30000000,3_鉱物性燃料,230,6月_数量,50406,406_エクアドル,2021000000,2021年,0,
30000000,3_鉱物性燃料,230,6月_数量,50407,407_ペルー,2025000000,2025年,0,
30000000,3_鉱物性燃料,230,6月_数量,50407,407_ペルー,2024000000,2024年,0,
30000000,3_鉱物性燃料,230,6月_数量,50407,407_ペルー,2023000000,2023年,0,
30000000,3_鉱物性燃料,230,6月_数量,50407,407_ペルー,2022000000,2022年,0,
30000000,3_鉱物性燃料,230,6月_数量,50407,407_ペルー,2021000000,2021年,0,
30000000,3_鉱物性燃料,230,6月_数量,50409,409_チリ,2023000000,2023年,0,
30000000,3_鉱物性燃料,230,6月_数量,50409,409_チリ,2022000000,2022年,0,
30000000,3_鉱物性燃料,230,6月_数量,50410,410_ブラジル,2025000000,2025年,0,
30000000,3_鉱物性燃料,230,6月_数量,50410,410_ブラジル,2024000000,2024年,0,
30000000,3_鉱物性燃料,230,6月_数量,50410,410_ブラジル,2023000000,2023年,0,
30000000,3_鉱物性燃料,230,6月_数量,50410,410_ブラジル,2022000000,2022年,0,
30000000,3_鉱物性燃料,230,6月_数量,50410,410_ブラジル,2021000000,2021年,0,
30000000,3_鉱物性燃料,230,6月_数量,50411,411_パラグアイ,2023000000,2023年,0,
30000000,3_鉱物性燃料,230,6月_数量,50412,412_ウルグアイ,2022000000,2022年,0,
30000000,3_鉱物性燃料,230,6月_数量,50413,413_アルゼンチン,2023000000,2023年,0,
30000000,3_鉱物性燃料,230,6月_数量,50503,503_アルジェリア,2025000000,2025年,0,
30000000,3_鉱物性燃料,230,6月_数量,50503,503_アルジェリア,2024000000,2024年,0,
30000000,3_鉱物性燃料,230,6月_数量,50503,503_アルジェリア,2023000000,2023年,0,
30000000,3_鉱物性燃料,230,6月_数量,50503,503_アルジェリア,2022000000,2022年,0,
30000000,3_鉱物性燃料,230,6月_数量,50503,503_アルジェリア,2021000000,2021年,0,
30000000,3_鉱物性燃料,230,6月_数量,50505,505_リビア,2021000000,2021年,0,
30000000,3_鉱物性燃料,230,6月_数量,50506,506_エジプト,2025000000,2025年,0,
30000000,3_鉱物性燃料,230,6月_数量,50506,506_エジプト,2024000000,2024年,0,
30000000,3_鉱物性燃料,230,6月_数量,50506,506_エジプト,2023000000,2023年,0,
30000000,3_鉱物性燃料,230,6月_数量,50506,506_エジプト,2022000000,2022年,0,
30000000,3_鉱物性燃料,230,6月_数量,50506,506_エジプト,2021000000,2021年,0,
30000000,3_鉱物性燃料,230,6月_数量,50524,524_ナイジェリア,2025000000,2025年,0,
30000000,3_鉱物性燃料,230,6月_数量,50524,524_ナイジェリア,2024000000,2024年,0,
30000000,3_鉱物性燃料,230,6月_数量,50524,524_ナイジェリア,2023000000,2023年,0,
30000000,3_鉱物性燃料,230,6月_数量,50524,524_ナイジェリア,2022000000,2022年,0,
30000000,3_鉱物性燃料,230,6月_数量,50524,524_ナイジェリア,2021000000,2021年,0,
30000000,3_鉱物性燃料,230,6月_数量,50525,525_ニジェール,2025000000,2025年,0,
30000000,3_鉱物性燃料,230,6月_数量,50527,527_カメルーン,2024000000,2024年,0,
30000000,3_鉱物性燃料,230,6月_数量,50530,530_赤道ギニア,2025000000,2025年,0,
30000000,3_鉱物性燃料,230,6月_数量,50530,530_赤道ギニア,2024000000,2024年,0,
30000000,3_鉱物性燃料,230,6月_数量,50530,530_赤道ギニア,2023000000,2023年,0,
30000000,3_鉱物性燃料,230,6月_数量,50530,530_赤道ギニア,2022000000,2022年,0,
30000000,3_鉱物性燃料,230,6月_数量,50530,530_赤道ギニア,2021000000,2021年,0,
30000000,3_鉱物性燃料,230,6月_数量,50535,535_アンゴラ,2022000000,2022年,0,
30000000,3_鉱物性燃料,230,6月_数量,50545,545_モザンビーク,2025000000,2025年,0,
30000000,3_鉱物性燃料,230,6月_数量,50545,545_モザンビーク,2024000000,2024年,0,
30000000,3_鉱物性燃料,230,6月_数量,50545,545_モザンビーク,2023000000,2023年,0,
30000000,3_鉱物性燃料,230,6月_数量,50545,545_モザンビーク,2022000000,2022年,0,
30000000,3_鉱物性燃料,230,6月_数量,50545,545_モザンビーク,2021000000,2021年,0,
30000000,3_鉱物性燃料,230,6月_数量,50547,547_モーリシャス,2024000000,2024年,0,
30000000,3_鉱物性燃料,230,6月_数量,50547,547_モーリシャス,2022000000,2022年,0,
30000000,3_鉱物性燃料,230,6月_数量,50547,547_モーリシャス,2021000000,2021年,0,
30000000,3_鉱物性燃料,230,6月_数量,50551,551_南アフリカ共和国,2025000000,2025年,0,
30000000,3_鉱物性燃料,230,6月_数量,50551,551_南アフリカ共和国,2024000000,2024年,0,
30000000,3_鉱物性燃料,230,6月_数量,50551,551_南アフリカ共和国,2023000000,2023年,0,
30000000,3_鉱物性燃料,230,6月_数量,50551,551_南アフリカ共和国,2022000000,2022年,0,
30000000,3_鉱物性燃料,230,6月_数量,50551,551_南アフリカ共和国,2021000000,2021年,0,
30000000,3_鉱物性燃料,230,6月_数量,50560,560_南スーダン,2025000000,2025年,0,
30000000,3_鉱物性燃料,230,6月_数量,50560,560_南スーダン,2024000000,2024年,0,
30000000,3_鉱物性燃料,230,6月_数量,50560,560_南スーダン,2023000000,2023年,0,
30000000,3_鉱物性燃料,230,6月_数量,50560,560_南スーダン,2022000000,2022年,0,
30000000,3_鉱物性燃料,230,6月_数量,50560,560_南スーダン,2021000000,2021年,0,
30000000,3_鉱物性燃料,230,6月_数量,50601,601_オーストラリア,2025000000,2025年,0,
30000000,3_鉱物性燃料,230,6月_数量,50601,601_オーストラリア,2024000000,2024年,0,
30000000,3_鉱物性燃料,230,6月_数量,50601,601_オーストラリア,2023000000,2023年,0,
30000000,3_鉱物性燃料,230,6月_数量,50601,601_オーストラリア,2022000000,2022年,0,
30000000,3_鉱物性燃料,230,6月_数量,50601,601_オーストラリア,2021000000,2021年,0,
30000000,3_鉱物性燃料,230,6月_数量,50602,602_パプアニューギニア,2025000000,2025年,0,
30000000,3_鉱物性燃料,230,6月_数量,50602,602_パプアニューギニア,2024000000,2024年,0,
30000000,3_鉱物性燃料,230,6月_数量,50602,602_パプアニューギニア,2023000000,2023年,0,
30000000,3_鉱物性燃料,230,6月_数量,50602,602_パプアニューギニア,2022000000,2022年,0,
30000000,3_鉱物性燃料,230,6月_数量,50602,602_パプアニューギニア,2021000000,2021年,0,
30000000,3_鉱物性燃料,230,6月_数量,50606,606_ニュージーランド,2025000000,2025年,0,
30000000,3_鉱物性燃料,230,6月_数量,50606,606_ニュージーランド,2024000000,2024年,0,
30000000,3_鉱物性燃料,230,6月_数量,50606,606_ニュージーランド,2023000000,2023年,0,
30000000,3_鉱物性燃料,230,6月_数量,50606,606_ニュージーランド,2022000000,2022年,0,
30000000,3_鉱物性燃料,230,6月_数量,50606,606_ニュージーランド,2021000000,2021年,0,
30000000,3_鉱物性燃料,230,6月_数量,50618,618_ニューカレドニア(仏),2024000000,2024年,0,
30000000,3_鉱物性燃料,230,6月_数量,50618,618_ニューカレドニア(仏),2023000000,2023年,0,
30000000,3_鉱物性燃料,230,6月_数量,50625,625_マーシャル,2024000000,2024年,0,
30000000,3_鉱物性燃料,230,6月_数量,50625,625_マーシャル,2022000000,2022年,0,
30000000,3_鉱物性燃料,230,6月_数量,50625,625_マーシャル,2021000000,2021年,0,
30000000,3_鉱物性燃料,230,6月_数量,50626,626_ミクロネシア,2021000000,2021年,0,
30000000,3_鉱物性燃料,230,6月_数量,50628,628_パラオ,2025000000,2025年,0,
30000000,3_鉱物性燃料,230,6月_数量,50702,702_不明,2025000000,2025年,0,
30000000,3_鉱物性燃料,230,6月_数量,50702,702_不明,2024000000,2024年,0,
30000000,3_鉱物性燃料,230,6月_数量,50702,702_不明,2023000000,2023年,0,
30000000,3_鉱物性燃料,230,6月_数量,50702,702_不明,2022000000,2022年,0,
30000000,3_鉱物性燃料,230,6月_数量,50702,702_不明,2021000000,2021年,0,
30000000,3_鉱物性燃料,240,6月_金額,50103,103_大韓民国,2025000000,2025年,67562106,千円
30000000,3_鉱物性燃料,240,6月_金額,50103,103_大韓民国,2024000000,2024年,82349953,千円
30000000,3_鉱物性燃料,240,6月_金額,50103,103_大韓民国,2023000000,2023年,101731768,千円
30000000,3_鉱物性燃料,240,6月_金額,50103,103_大韓民国,2022000000,2022年,39359950,千円
30000000,3_鉱物性燃料,240,6月_金額,50103,103_大韓民国,2021000000,2021年,42005412,千円
30000000,3_鉱物性燃料,240,6月_金額,50105,105_中華人民共和国,2025000000,2025年,14214256,千円
30000000,3_鉱物性燃料,240,6月_金額,50105,105_中華人民共和国,2024000000,2024年,5973770,千円
30000000,3_鉱物性燃料,240,6月_金額,50105,105_中華人民共和国,2023000000,2023年,13881493,千円
30000000,3_鉱物性燃料,240,6月_金額,50105,105_中華人民共和国,2022000000,2022年,14095100,千円
30000000,3_鉱物性燃料,240,6月_金額,50105,105_中華人民共和国,2021000000,2021年,16476001,千円
30000000,3_鉱物性燃料,240,6月_金額,50106,106_台湾,2025000000,2025年,1977448,千円
30000000,3_鉱物性燃料,240,6月_金額,50106,106_台湾,2024000000,2024年,636991,千円
30000000,3_鉱物性燃料,240,6月_金額,50106,106_台湾,2023000000,2023年,183630,千円
30000000,3_鉱物性燃料,240,6月_金額,50106,106_台湾,2022000000,2022年,207973,千円
30000000,3_鉱物性燃料,240,6月_金額,50106,106_台湾,2021000000,2021年,385810,千円
30000000,3_鉱物性燃料,240,6月_金額,50108,108_香港,2025000000,2025年,40140,千円
30000000,3_鉱物性燃料,240,6月_金額,50108,108_香港,2024000000,2024年,43870,千円
30000000,3_鉱物性燃料,240,6月_金額,50108,108_香港,2023000000,2023年,37795,千円
30000000,3_鉱物性燃料,240,6月_金額,50108,108_香港,2022000000,2022年,8524,千円
30000000,3_鉱物性燃料,240,6月_金額,50108,108_香港,2021000000,2021年,2119,千円
30000000,3_鉱物性燃料,240,6月_金額,50110,110_ベトナム,2025000000,2025年,837100,千円
30000000,3_鉱物性燃料,240,6月_金額,50110,110_ベトナム,2024000000,2024年,263707,千円
30000000,3_鉱物性燃料,240,6月_金額,50110,110_ベトナム,2023000000,2023年,1151242,千円
30000000,3_鉱物性燃料,240,6月_金額,50110,110_ベトナム,2022000000,2022年,3030027,千円
30000000,3_鉱物性燃料,240,6月_金額,50110,110_ベトナム,2021000000,2021年,1267121,千円
30000000,3_鉱物性燃料,240,6月_金額,50111,111_タイ,2025000000,2025年,140923,千円
30000000,3_鉱物性燃料,240,6月_金額,50111,111_タイ,2024000000,2024年,1850895,千円
30000000,3_鉱物性燃料,240,6月_金額,50111,111_タイ,2023000000,2023年,107450,千円
30000000,3_鉱物性燃料,240,6月_金額,50111,111_タイ,2022000000,2022年,102841,千円
30000000,3_鉱物性燃料,240,6月_金額,50111,111_タイ,2021000000,2021年,85908,千円
30000000,3_鉱物性燃料,240,6月_金額,50112,112_シンガポール,2025000000,2025年,2883987,千円
30000000,3_鉱物性燃料,240,6月_金額,50112,112_シンガポール,2024000000,2024年,12193408,千円
30000000,3_鉱物性燃料,240,6月_金額,50112,112_シンガポール,2023000000,2023年,540179,千円
30000000,3_鉱物性燃料,240,6月_金額,50112,112_シンガポール,2022000000,2022年,4874108,千円
30000000,3_鉱物性燃料,240,6月_金額,50112,112_シンガポール,2021000000,2021年,5401200,千円
30000000,3_鉱物性燃料,240,6月_金額,50113,113_マレーシア,2025000000,2025年,47787980,千円
30000000,3_鉱物性燃料,240,6月_金額,50113,113_マレーシア,2024000000,2024年,48838166,千円
30000000,3_鉱物性燃料,240,6月_金額,50113,113_マレーシア,2023000000,2023年,68421190,千円
30000000,3_鉱物性燃料,240,6月_金額,50113,113_マレーシア,2022000000,2022年,95033278,千円
30000000,3_鉱物性燃料,240,6月_金額,50113,113_マレーシア,2021000000,2021年,42474570,千円
30000000,3_鉱物性燃料,240,6月_金額,50116,116_ブルネイ,2025000000,2025年,17375589,千円
30000000,3_鉱物性燃料,240,6月_金額,50116,116_ブルネイ,2024000000,2024年,7570253,千円
30000000,3_鉱物性燃料,240,6月_金額,50116,116_ブルネイ,2023000000,2023年,8269216,千円
30000000,3_鉱物性燃料,240,6月_金額,50116,116_ブルネイ,2022000000,2022年,19527099,千円
30000000,3_鉱物性燃料,240,6月_金額,50116,116_ブルネイ,2021000000,2021年,22804651,千円
30000000,3_鉱物性燃料,240,6月_金額,50117,117_フィリピン,2025000000,2025年,715,千円
30000000,3_鉱物性燃料,240,6月_金額,50117,117_フィリピン,2024000000,2024年,6782,千円
30000000,3_鉱物性燃料,240,6月_金額,50117,117_フィリピン,2023000000,2023年,483774,千円
30000000,3_鉱物性燃料,240,6月_金額,50117,117_フィリピン,2022000000,2022年,15974,千円
30000000,3_鉱物性燃料,240,6月_金額,50117,117_フィリピン,2021000000,2021年,0,千円
30000000,3_鉱物性燃料,240,6月_金額,50118,118_インドネシア,2025000000,2025年,61313155,千円
30000000,3_鉱物性燃料,240,6月_金額,50118,118_インドネシア,2024000000,2024年,69435517,千円
30000000,3_鉱物性燃料,240,6月_金額,50118,118_インドネシア,2023000000,2023年,68436724,千円
30000000,3_鉱物性燃料,240,6月_金額,50118,118_インドネシア,2022000000,2022年,108208192,千円
30000000,3_鉱物性燃料,240,6月_金額,50118,118_インドネシア,2021000000,2021年,24446355,千円
30000000,3_鉱物性燃料,240,6月_金額,50123,123_インド,2025000000,2025年,6137088,千円
30000000,3_鉱物性燃料,240,6月_金額,50123,123_インド,2024000000,2024年,1554668,千円
30000000,3_鉱物性燃料,240,6月_金額,50123,123_インド,2023000000,2023年,0,千円
30000000,3_鉱物性燃料,240,6月_金額,50123,123_インド,2022000000,2022年,11527,千円
30000000,3_鉱物性燃料,240,6月_金額,50123,123_インド,2021000000,2021年,10946983,千円
30000000,3_鉱物性燃料,240,6月_金額,50124,124_パキスタン,2025000000,2025年,0,千円
30000000,3_鉱物性燃料,240,6月_金額,50124,124_パキスタン,2023000000,2023年,0,千円
30000000,3_鉱物性燃料,240,6月_金額,50124,124_パキスタン,2022000000,2022年,0,千円
30000000,3_鉱物性燃料,240,6月_金額,50124,124_パキスタン,2021000000,2021年,0,千円
30000000,3_鉱物性燃料,240,6月_金額,50125,125_スリランカ,2025000000,2025年,0,千円
30000000,3_鉱物性燃料,240,6月_金額,50125,125_スリランカ,2024000000,2024年,0,千円
30000000,3_鉱物性燃料,240,6月_金額,50125,125_スリランカ,2023000000,2023年,0,千円
30000000,3_鉱物性燃料,240,6月_金額,50125,125_スリランカ,2022000000,2022年,0,千円
30000000,3_鉱物性燃料,240,6月_金額,50125,125_スリランカ,2021000000,2021年,1815,千円
30000000,3_鉱物性燃料,240,6月_金額,50126,126_モルディブ,2022000000,2022年,0,千円
30000000,3_鉱物性燃料,240,6月_金額,50127,127_バングラデシュ,2024000000,2024年,0,千円
30000000,3_鉱物性燃料,240,6月_金額,50128,128_東ティモール,2025000000,2025年,0,千円
30000000,3_鉱物性燃料,240,6月_金額,50128,128_東ティモール,2023000000,2023年,0,千円
30000000,3_鉱物性燃料,240,6月_金額,50128,128_東ティモール,2022000000,2022年,0,千円
30000000,3_鉱物性燃料,240,6月_金額,50128,128_東ティモール,2021000000,2021年,70542,千円
30000000,3_鉱物性燃料,240,6月_金額,50134,134_イラク,2025000000,2025年,0,千円
30000000,3_鉱物性燃料,240,6月_金額,50134,134_イラク,2024000000,2024年,0,千円
30000000,3_鉱物性燃料,240,6月_金額,50134,134_イラク,2023000000,2023年,0,千円
30000000,3_鉱物性燃料,240,6月_金額,50134,134_イラク,2021000000,2021年,0,千円
30000000,3_鉱物性燃料,240,6月_金額,50135,135_バーレーン,2025000000,2025年,0,千円
30000000,3_鉱物性燃料,240,6月_金額,50135,135_バーレーン,2024000000,2024年,0,千円
30000000,3_鉱物性燃料,240,6月_金額,50135,135_バーレーン,2023000000,2023年,6683916,千円
30000000,3_鉱物性燃料,240,6月_金額,50135,135_バーレーン,2022000000,2022年,14044988,千円
30000000,3_鉱物性燃料,240,6月_金額,50135,135_バーレーン,2021000000,2021年,5424877,千円
30000000,3_鉱物性燃料,240,6月_金額,50137,137_サウジアラビア,2025000000,2025年,255757370,千円
30000000,3_鉱物性燃料,240,6月_金額,50137,137_サウジアラビア,2024000000,2024年,304233751,千円
30000000,3_鉱物性燃料,240,6月_金額,50137,137_サウジアラビア,2023000000,2023年,356817106,千円
30000000,3_鉱物性燃料,240,6月_金額,50137,137_サウジアラビア,2022000000,2022年,505378362,千円
30000000,3_鉱物性燃料,240,6月_金額,50137,137_サウジアラビア,2021000000,2021年,185259975,千円
30000000,3_鉱物性燃料,240,6月_金額,50138,138_クウェート,2025000000,2025年,63318886,千円
30000000,3_鉱物性燃料,240,6月_金額,50138,138_クウェート,2024000000,2024年,115599058,千円
30000000,3_鉱物性燃料,240,6月_金額,50138,138_クウェート,2023000000,2023年,92942784,千円
30000000,3_鉱物性燃料,240,6月_金額,50138,138_クウェート,2022000000,2022年,120111240,千円
30000000,3_鉱物性燃料,240,6月_金額,50138,138_クウェート,2021000000,2021年,53827265,千円
30000000,3_鉱物性燃料,240,6月_金額,50140,140_カタール,2025000000,2025年,61381947,千円
30000000,3_鉱物性燃料,240,6月_金額,50140,140_カタール,2024000000,2024年,76948259,千円
30000000,3_鉱物性燃料,240,6月_金額,50140,140_カタール,2023000000,2023年,61970589,千円
30000000,3_鉱物性燃料,240,6月_金額,50140,140_カタール,2022000000,2022年,144748837,千円
30000000,3_鉱物性燃料,240,6月_金額,50140,140_カタール,2021000000,2021年,121524387,千円
30000000,3_鉱物性燃料,240,6月_金額,50141,141_オマーン,2025000000,2025年,15831430,千円
30000000,3_鉱物性燃料,240,6月_金額,50141,141_オマーン,2024000000,2024年,24141088,千円
30000000,3_鉱物性燃料,240,6月_金額,50141,141_オマーン,2023000000,2023年,21573665,千円
30000000,3_鉱物性燃料,240,6月_金額,50141,141_オマーン,2022000000,2022年,29199194,千円
30000000,3_鉱物性燃料,240,6月_金額,50141,141_オマーン,2021000000,2021年,17877255,千円
30000000,3_鉱物性燃料,240,6月_金額,50143,143_イスラエル,2025000000,2025年,4605,千円
30000000,3_鉱物性燃料,240,6月_金額,50143,143_イスラエル,2024000000,2024年,4796,千円
30000000,3_鉱物性燃料,240,6月_金額,50143,143_イスラエル,2023000000,2023年,3861,千円
30000000,3_鉱物性燃料,240,6月_金額,50143,143_イスラエル,2022000000,2022年,0,千円
30000000,3_鉱物性燃料,240,6月_金額,50143,143_イスラエル,2021000000,2021年,2009,千円
30000000,3_鉱物性燃料,240,6月_金額,50147,147_アラブ首長国連邦,2025000000,2025年,315190188,千円
30000000,3_鉱物性燃料,240,6月_金額,50147,147_アラブ首長国連邦,2024000000,2024年,404411862,千円
30000000,3_鉱物性燃料,240,6月_金額,50147,147_アラブ首長国連邦,2023000000,2023年,327061795,千円
30000000,3_鉱物性燃料,240,6月_金額,50147,147_アラブ首長国連邦,2022000000,2022年,511632853,千円
30000000,3_鉱物性燃料,240,6月_金額,50147,147_アラブ首長国連邦,2021000000,2021年,187088349,千円
30000000,3_鉱物性燃料,240,6月_金額,50153,153_カザフスタン,2025000000,2025年,492962,千円
30000000,3_鉱物性燃料,240,6月_金額,50153,153_カザフスタン,2024000000,2024年,1038994,千円
30000000,3_鉱物性燃料,240,6月_金額,50153,153_カザフスタン,2023000000,2023年,0,千円
30000000,3_鉱物性燃料,240,6月_金額,50153,153_カザフスタン,2022000000,2022年,0,千円
30000000,3_鉱物性燃料,240,6月_金額,50153,153_カザフスタン,2021000000,2021年,0,千円
30000000,3_鉱物性燃料,240,6月_金額,50202,202_ノルウェー,2025000000,2025年,1152,千円
30000000,3_鉱物性燃料,240,6月_金額,50202,202_ノルウェー,2024000000,2024年,0,千円
30000000,3_鉱物性燃料,240,6月_金額,50202,202_ノルウェー,2023000000,2023年,9123,千円
30000000,3_鉱物性燃料,240,6月_金額,50202,202_ノルウェー,2022000000,2022年,961,千円
30000000,3_鉱物性燃料,240,6月_金額,50202,202_ノルウェー,2021000000,2021年,4821,千円
30000000,3_鉱物性燃料,240,6月_金額,50203,203_スウェーデン,2025000000,2025年,46879,千円
30000000,3_鉱物性燃料,240,6月_金額,50203,203_スウェーデン,2024000000,2024年,6283,千円
30000000,3_鉱物性燃料,240,6月_金額,50203,203_スウェーデン,2023000000,2023年,39289,千円
30000000,3_鉱物性燃料,240,6月_金額,50203,203_スウェーデン,2022000000,2022年,9741,千円
30000000,3_鉱物性燃料,240,6月_金額,50203,203_スウェーデン,2021000000,2021年,37962,千円
30000000,3_鉱物性燃料,240,6月_金額,50204,204_デンマーク,2025000000,2025年,2557,千円
30000000,3_鉱物性燃料,240,6月_金額,50204,204_デンマーク,2024000000,2024年,540,千円
30000000,3_鉱物性燃料,240,6月_金額,50204,204_デンマーク,2023000000,2023年,2060,千円
30000000,3_鉱物性燃料,240,6月_金額,50204,204_デンマーク,2022000000,2022年,355,千円
30000000,3_鉱物性燃料,240,6月_金額,50204,204_デンマーク,2021000000,2021年,2664,千円
30000000,3_鉱物性燃料,240,6月_金額,50205,205_英国,2025000000,2025年,122650,千円
30000000,3_鉱物性燃料,240,6月_金額,50205,205_英国,2024000000,2024年,99212,千円
30000000,3_鉱物性燃料,240,6月_金額,50205,205_英国,2023000000,2023年,161435,千円
30000000,3_鉱物性燃料,240,6月_金額,50205,205_英国,2022000000,2022年,45954,千円
30000000,3_鉱物性燃料,240,6月_金額,50205,205_英国,2021000000,2021年,49635,千円
30000000,3_鉱物性燃料,240,6月_金額,50206,206_アイルランド,2025000000,2025年,5114,千円
30000000,3_鉱物性燃料,240,6月_金額,50206,206_アイルランド,2024000000,2024年,11276,千円
30000000,3_鉱物性燃料,240,6月_金額,50206,206_アイルランド,2023000000,2023年,5330,千円
30000000,3_鉱物性燃料,240,6月_金額,50206,206_アイルランド,2022000000,2022年,5786,千円
30000000,3_鉱物性燃料,240,6月_金額,50206,206_アイルランド,2021000000,2021年,6314,千円
30000000,3_鉱物性燃料,240,6月_金額,50207,207_オランダ,2025000000,2025年,23807,千円
30000000,3_鉱物性燃料,240,6月_金額,50207,207_オランダ,2024000000,2024年,53046,千円
30000000,3_鉱物性燃料,240,6月_金額,50207,207_オランダ,2023000000,2023年,1886714,千円
30000000,3_鉱物性燃料,240,6月_金額,50207,207_オランダ,2022000000,2022年,32081,千円
30000000,3_鉱物性燃料,240,6月_金額,50207,207_オランダ,2021000000,2021年,36732,千円
30000000,3_鉱物性燃料,240,6月_金額,50208,208_ベルギー,2025000000,2025年,523303,千円
30000000,3_鉱物性燃料,240,6月_金額,50208,208_ベルギー,2024000000,2024年,62157,千円
30000000,3_鉱物性燃料,240,6月_金額,50208,208_ベルギー,2023000000,2023年,80710,千円
30000000,3_鉱物性燃料,240,6月_金額,50208,208_ベルギー,2022000000,2022年,66937,千円
30000000,3_鉱物性燃料,240,6月_金額,50208,208_ベルギー,2021000000,2021年,61142,千円
30000000,3_鉱物性燃料,240,6月_金額,50209,209_ルクセンブルク,2025000000,2025年,0,千円
30000000,3_鉱物性燃料,240,6月_金額,50209,209_ルクセンブルク,2021000000,2021年,0,千円
30000000,3_鉱物性燃料,240,6月_金額,50210,210_フランス,2025000000,2025年,352387,千円
30000000,3_鉱物性燃料,240,6月_金額,50210,210_フランス,2024000000,2024年,335934,千円
30000000,3_鉱物性燃料,240,6月_金額,50210,210_フランス,2023000000,2023年,559423,千円
30000000,3_鉱物性燃料,240,6月_金額,50210,210_フランス,2022000000,2022年,296857,千円
30000000,3_鉱物性燃料,240,6月_金額,50210,210_フランス,2021000000,2021年,259750,千円
30000000,3_鉱物性燃料,240,6月_金額,50213,213_ドイツ,2025000000,2025年,421758,千円
30000000,3_鉱物性燃料,240,6月_金額,50213,213_ドイツ,2024000000,2024年,231753,千円
30000000,3_鉱物性燃料,240,6月_金額,50213,213_ドイツ,2023000000,2023年,337810,千円
30000000,3_鉱物性燃料,240,6月_金額,50213,213_ドイツ,2022000000,2022年,312614,千円
30000000,3_鉱物性燃料,240,6月_金額,50213,213_ドイツ,2021000000,2021年,224065,千円
30000000,3_鉱物性燃料,240,6月_金額,50215,215_スイス,2025000000,2025年,32678,千円
30000000,3_鉱物性燃料,240,6月_金額,50215,215_スイス,2024000000,2024年,14059,千円
30000000,3_鉱物性燃料,240,6月_金額,50215,215_スイス,2023000000,2023年,64997,千円
30000000,3_鉱物性燃料,240,6月_金額,50215,215_スイス,2022000000,2022年,29084,千円
30000000,3_鉱物性燃料,240,6月_金額,50215,215_スイス,2021000000,2021年,22927,千円
30000000,3_鉱物性燃料,240,6月_金額,50218,218_スペイン,2025000000,2025年,72377,千円
30000000,3_鉱物性燃料,240,6月_金額,50218,218_スペイン,2024000000,2024年,107622,千円
30000000,3_鉱物性燃料,240,6月_金額,50218,218_スペイン,2023000000,2023年,54663,千円
30000000,3_鉱物性燃料,240,6月_金額,50218,218_スペイン,2022000000,2022年,6692596,千円
30000000,3_鉱物性燃料,240,6月_金額,50218,218_スペイン,2021000000,2021年,4236379,千円
30000000,3_鉱物性燃料,240,6月_金額,50220,220_イタリア,2025000000,2025年,73810,千円
30000000,3_鉱物性燃料,240,6月_金額,50220,220_イタリア,2024000000,2024年,52509,千円
30000000,3_鉱物性燃料,240,6月_金額,50220,220_イタリア,2023000000,2023年,5749375,千円
30000000,3_鉱物性燃料,240,6月_金額,50220,220_イタリア,2022000000,2022年,70764,千円
30000000,3_鉱物性燃料,240,6月_金額,50220,220_イタリア,2021000000,2021年,1528649,千円
30000000,3_鉱物性燃料,240,6月_金額,50221,221_マルタ,2023000000,2023年,0,千円
30000000,3_鉱物性燃料,240,6月_金額,50221,221_マルタ,2021000000,2021年,0,千円
30000000,3_鉱物性燃料,240,6月_金額,50222,222_フィンランド,2025000000,2025年,4174,千円
30000000,3_鉱物性燃料,240,6月_金額,50222,222_フィンランド,2024000000,2024年,2627,千円
30000000,3_鉱物性燃料,240,6月_金額,50222,222_フィンランド,2023000000,2023年,16821,千円
30000000,3_鉱物性燃料,240,6月_金額,50222,222_フィンランド,2022000000,2022年,6514,千円
30000000,3_鉱物性燃料,240,6月_金額,50222,222_フィンランド,2021000000,2021年,4486,千円
30000000,3_鉱物性燃料,240,6月_金額,50223,223_ポーランド,2025000000,2025年,0,千円
30000000,3_鉱物性燃料,240,6月_金額,50223,223_ポーランド,2024000000,2024年,3111,千円
30000000,3_鉱物性燃料,240,6月_金額,50223,223_ポーランド,2023000000,2023年,107366,千円
30000000,3_鉱物性燃料,240,6月_金額,50223,223_ポーランド,2022000000,2022年,0,千円
30000000,3_鉱物性燃料,240,6月_金額,50223,223_ポーランド,2021000000,2021年,32440,千円
30000000,3_鉱物性燃料,240,6月_金額,50224,224_ロシア,2025000000,2025年,28075846,千円
30000000,3_鉱物性燃料,240,6月_金額,50224,224_ロシア,2024000000,2024年,54518162,千円
30000000,3_鉱物性燃料,240,6月_金額,50224,224_ロシア,2023000000,2023年,43807541,千円
30000000,3_鉱物性燃料,240,6月_金額,50224,224_ロシア,2022000000,2022年,94350072,千円
30000000,3_鉱物性燃料,240,6月_金額,50224,224_ロシア,2021000000,2021年,77709154,千円
30000000,3_鉱物性燃料,240,6月_金額,50225,225_オーストリア,2025000000,2025年,601,千円
30000000,3_鉱物性燃料,240,6月_金額,50225,225_オーストリア,2024000000,2024年,447,千円
30000000,3_鉱物性燃料,240,6月_金額,50225,225_オーストリア,2023000000,2023年,4437,千円
30000000,3_鉱物性燃料,240,6月_金額,50225,225_オーストリア,2022000000,2022年,1298,千円
30000000,3_鉱物性燃料,240,6月_金額,50225,225_オーストリア,2021000000,2021年,825,千円
30000000,3_鉱物性燃料,240,6月_金額,50227,227_ハンガリー,2025000000,2025年,0,千円
30000000,3_鉱物性燃料,240,6月_金額,50227,227_ハンガリー,2023000000,2023年,0,千円
30000000,3_鉱物性燃料,240,6月_金額,50227,227_ハンガリー,2021000000,2021年,0,千円
30000000,3_鉱物性燃料,240,6月_金額,50228,228_セルビア,2022000000,2022年,5494,千円
30000000,3_鉱物性燃料,240,6月_金額,50228,228_セルビア,2021000000,2021年,0,千円
30000000,3_鉱物性燃料,240,6月_金額,50230,230_ギリシャ,2025000000,2025年,0,千円
30000000,3_鉱物性燃料,240,6月_金額,50230,230_ギリシャ,2024000000,2024年,387,千円
30000000,3_鉱物性燃料,240,6月_金額,50230,230_ギリシャ,2023000000,2023年,1078,千円
30000000,3_鉱物性燃料,240,6月_金額,50230,230_ギリシャ,2022000000,2022年,341,千円
30000000,3_鉱物性燃料,240,6月_金額,50230,230_ギリシャ,2021000000,2021年,0,千円
30000000,3_鉱物性燃料,240,6月_金額,50231,231_ルーマニア,2025000000,2025年,0,千円
30000000,3_鉱物性燃料,240,6月_金額,50231,231_ルーマニア,2021000000,2021年,0,千円
30000000,3_鉱物性燃料,240,6月_金額,50232,232_ブルガリア,2023000000,2023年,300,千円
30000000,3_鉱物性燃料,240,6月_金額,50232,232_ブルガリア,2022000000,2022年,0,千円
30000000,3_鉱物性燃料,240,6月_金額,50234,234_トルコ,2025000000,2025年,428,千円
30000000,3_鉱物性燃料,240,6月_金額,50234,234_トルコ,2024000000,2024年,0,千円
30000000,3_鉱物性燃料,240,6月_金額,50234,234_トルコ,2023000000,2023年,0,千円
30000000,3_鉱物性燃料,240,6月_金額,50234,234_トルコ,2022000000,2022年,0,千円
30000000,3_鉱物性燃料,240,6月_金額,50234,234_トルコ,2021000000,2021年,0,千円
30000000,3_鉱物性燃料,240,6月_金額,50235,235_エストニア,2025000000,2025年,13005,千円
30000000,3_鉱物性燃料,240,6月_金額,50235,235_エストニア,2024000000,2024年,10822,千円
30000000,3_鉱物性燃料,240,6月_金額,50235,235_エストニア,2023000000,2023年,20655,千円
30000000,3_鉱物性燃料,240,6月_金額,50235,235_エストニア,2022000000,2022年,36710,千円
30000000,3_鉱物性燃料,240,6月_金額,50235,235_エストニア,2021000000,2021年,10984,千円
30000000,3_鉱物性燃料,240,6月_金額,50236,236_ラトビア,2025000000,2025年,127544,千円
30000000,3_鉱物性燃料,240,6月_金額,50236,236_ラトビア,2024000000,2024年,100395,千円
30000000,3_鉱物性燃料,240,6月_金額,50236,236_ラトビア,2023000000,2023年,89810,千円
30000000,3_鉱物性燃料,240,6月_金額,50236,236_ラトビア,2022000000,2022年,46837,千円
30000000,3_鉱物性燃料,240,6月_金額,50236,236_ラトビア,2021000000,2021年,51722,千円
30000000,3_鉱物性燃料,240,6月_金額,50237,237_リトアニア,2025000000,2025年,60457,千円
30000000,3_鉱物性燃料,240,6月_金額,50237,237_リトアニア,2024000000,2024年,28829,千円
30000000,3_鉱物性燃料,240,6月_金額,50237,237_リトアニア,2023000000,2023年,24971,千円
30000000,3_鉱物性燃料,240,6月_金額,50237,237_リトアニア,2022000000,2022年,55812,千円
30000000,3_鉱物性燃料,240,6月_金額,50237,237_リトアニア,2021000000,2021年,17669,千円
30000000,3_鉱物性燃料,240,6月_金額,50238,238_ウクライナ,2025000000,2025年,1026,千円
30000000,3_鉱物性燃料,240,6月_金額,50238,238_ウクライナ,2024000000,2024年,1123,千円
30000000,3_鉱物性燃料,240,6月_金額,50238,238_ウクライナ,2023000000,2023年,764,千円
30000000,3_鉱物性燃料,240,6月_金額,50238,238_ウクライナ,2022000000,2022年,335,千円
30000000,3_鉱物性燃料,240,6月_金額,50238,238_ウクライナ,2021000000,2021年,0,千円
30000000,3_鉱物性燃料,240,6月_金額,50241,241_クロアチア,2025000000,2025年,0,千円
30000000,3_鉱物性燃料,240,6月_金額,50241,241_クロアチア,2021000000,2021年,0,千円
30000000,3_鉱物性燃料,240,6月_金額,50245,245_チェコ,2025000000,2025年,0,千円
30000000,3_鉱物性燃料,240,6月_金額,50245,245_チェコ,2024000000,2024年,0,千円
30000000,3_鉱物性燃料,240,6月_金額,50245,245_チェコ,2023000000,2023年,0,千円
30000000,3_鉱物性燃料,240,6月_金額,50245,245_チェコ,2021000000,2021年,0,千円
30000000,3_鉱物性燃料,240,6月_金額,50246,246_スロバキア,2023000000,2023年,0,千円
30000000,3_鉱物性燃料,240,6月_金額,50302,302_カナダ,2025000000,2025年,13252753,千円
30000000,3_鉱物性燃料,240,6月_金額,50302,302_カナダ,2024000000,2024年,46083851,千円
30000000,3_鉱物性燃料,240,6月_金額,50302,302_カナダ,2023000000,2023年,55166243,千円
30000000,3_鉱物性燃料,240,6月_金額,50302,302_カナダ,2022000000,2022年,69158915,千円
30000000,3_鉱物性燃料,240,6月_金額,50302,302_カナダ,2021000000,2021年,8165695,千円
30000000,3_鉱物性燃料,240,6月_金額,50304,304_アメリカ合衆国,2025000000,2025年,144180658,千円
30000000,3_鉱物性燃料,240,6月_金額,50304,304_アメリカ合衆国,2024000000,2024年,131256998,千円
30000000,3_鉱物性燃料,240,6月_金額,50304,304_アメリカ合衆国,2023000000,2023年,119798435,千円
30000000,3_鉱物性燃料,240,6月_金額,50304,304_アメリカ合衆国,2022000000,2022年,151751149,千円
30000000,3_鉱物性燃料,240,6月_金額,50304,304_アメリカ合衆国,2021000000,2021年,90014018,千円
30000000,3_鉱物性燃料,240,6月_金額,50305,305_メキシコ,2025000000,2025年,0,千円
30000000,3_鉱物性燃料,240,6月_金額,50305,305_メキシコ,2024000000,2024年,0,千円
30000000,3_鉱物性燃料,240,6月_金額,50305,305_メキシコ,2023000000,2023年,347,千円
30000000,3_鉱物性燃料,240,6月_金額,50305,305_メキシコ,2022000000,2022年,8176118,千円
30000000,3_鉱物性燃料,240,6月_金額,50305,305_メキシコ,2021000000,2021年,0,千円
30000000,3_鉱物性燃料,240,6月_金額,50309,309_エルサルバドル,2025000000,2025年,0,千円
30000000,3_鉱物性燃料,240,6月_金額,50309,309_エルサルバドル,2024000000,2024年,0,千円
30000000,3_鉱物性燃料,240,6月_金額,50309,309_エルサルバドル,2022000000,2022年,0,千円
30000000,3_鉱物性燃料,240,6月_金額,50311,311_コスタリカ,2025000000,2025年,423,千円
30000000,3_鉱物性燃料,240,6月_金額,50311,311_コスタリカ,2024000000,2024年,457,千円
30000000,3_鉱物性燃料,240,6月_金額,50311,311_コスタリカ,2023000000,2023年,1249,千円
30000000,3_鉱物性燃料,240,6月_金額,50311,311_コスタリカ,2022000000,2022年,207,千円
30000000,3_鉱物性燃料,240,6月_金額,50311,311_コスタリカ,2021000000,2021年,0,千円
30000000,3_鉱物性燃料,240,6月_金額,50312,312_パナマ,2024000000,2024年,0,千円
30000000,3_鉱物性燃料,240,6月_金額,50312,312_パナマ,2023000000,2023年,0,千円
30000000,3_鉱物性燃料,240,6月_金額,50312,312_パナマ,2022000000,2022年,7288,千円
30000000,3_鉱物性燃料,240,6月_金額,50320,320_トリニダード・トバゴ,2024000000,2024年,0,千円
30000000,3_鉱物性燃料,240,6月_金額,50320,320_トリニダード・トバゴ,2023000000,2023年,0,千円
30000000,3_鉱物性燃料,240,6月_金額,50320,320_トリニダード・トバゴ,2022000000,2022年,0,千円
30000000,3_鉱物性燃料,240,6月_金額,50321,321_キューバ,2023000000,2023年,0,千円
30000000,3_鉱物性燃料,240,6月_金額,50328,328_ケイマン諸島(英),2023000000,2023年,2035,千円
30000000,3_鉱物性燃料,240,6月_金額,50401,401_コロンビア,2025000000,2025年,1343256,千円
30000000,3_鉱物性燃料,240,6月_金額,50401,401_コロンビア,2024000000,2024年,8330302,千円
30000000,3_鉱物性燃料,240,6月_金額,50401,401_コロンビア,2023000000,2023年,3948500,千円
30000000,3_鉱物性燃料,240,6月_金額,50401,401_コロンビア,2022000000,2022年,3222716,千円
30000000,3_鉱物性燃料,240,6月_金額,50401,401_コロンビア,2021000000,2021年,772869,千円
30000000,3_鉱物性燃料,240,6月_金額,50406,406_エクアドル,2025000000,2025年,0,千円
30000000,3_鉱物性燃料,240,6月_金額,50406,406_エクアドル,2024000000,2024年,7703637,千円
30000000,3_鉱物性燃料,240,6月_金額,50406,406_エクアドル,2023000000,2023年,0,千円
30000000,3_鉱物性燃料,240,6月_金額,50406,406_エクアドル,2022000000,2022年,28475721,千円
30000000,3_鉱物性燃料,240,6月_金額,50406,406_エクアドル,2021000000,2021年,1659207,千円
30000000,3_鉱物性燃料,240,6月_金額,50407,407_ペルー,2025000000,2025年,6419159,千円
30000000,3_鉱物性燃料,240,6月_金額,50407,407_ペルー,2024000000,2024年,4244881,千円
30000000,3_鉱物性燃料,240,6月_金額,50407,407_ペルー,2023000000,2023年,956184,千円
30000000,3_鉱物性燃料,240,6月_金額,50407,407_ペルー,2022000000,2022年,8220250,千円
30000000,3_鉱物性燃料,240,6月_金額,50407,407_ペルー,2021000000,2021年,9191796,千円
30000000,3_鉱物性燃料,240,6月_金額,50409,409_チリ,2023000000,2023年,0,千円
30000000,3_鉱物性燃料,240,6月_金額,50409,409_チリ,2022000000,2022年,0,千円
30000000,3_鉱物性燃料,240,6月_金額,50410,410_ブラジル,2025000000,2025年,0,千円
30000000,3_鉱物性燃料,240,6月_金額,50410,410_ブラジル,2024000000,2024年,0,千円
30000000,3_鉱物性燃料,240,6月_金額,50410,410_ブラジル,2023000000,2023年,11978,千円
30000000,3_鉱物性燃料,240,6月_金額,50410,410_ブラジル,2022000000,2022年,43048,千円
30000000,3_鉱物性燃料,240,6月_金額,50410,410_ブラジル,2021000000,2021年,388,千円
30000000,3_鉱物性燃料,240,6月_金額,50411,411_パラグアイ,2023000000,2023年,0,千円
30000000,3_鉱物性燃料,240,6月_金額,50412,412_ウルグアイ,2022000000,2022年,0,千円
30000000,3_鉱物性燃料,240,6月_金額,50413,413_アルゼンチン,2023000000,2023年,0,千円
30000000,3_鉱物性燃料,240,6月_金額,50503,503_アルジェリア,2025000000,2025年,0,千円
30000000,3_鉱物性燃料,240,6月_金額,50503,503_アルジェリア,2024000000,2024年,4298159,千円
30000000,3_鉱物性燃料,240,6月_金額,50503,503_アルジェリア,2023000000,2023年,7300106,千円
30000000,3_鉱物性燃料,240,6月_金額,50503,503_アルジェリア,2022000000,2022年,5356665,千円
30000000,3_鉱物性燃料,240,6月_金額,50503,503_アルジェリア,2021000000,2021年,0,千円
30000000,3_鉱物性燃料,240,6月_金額,50505,505_リビア,2021000000,2021年,0,千円
30000000,3_鉱物性燃料,240,6月_金額,50506,506_エジプト,2025000000,2025年,0,千円
30000000,3_鉱物性燃料,240,6月_金額,50506,506_エジプト,2024000000,2024年,0,千円
30000000,3_鉱物性燃料,240,6月_金額,50506,506_エジプト,2023000000,2023年,354,千円
30000000,3_鉱物性燃料,240,6月_金額,50506,506_エジプト,2022000000,2022年,615,千円
30000000,3_鉱物性燃料,240,6月_金額,50506,506_エジプト,2021000000,2021年,1851334,千円
30000000,3_鉱物性燃料,240,6月_金額,50524,524_ナイジェリア,2025000000,2025年,5175752,千円
30000000,3_鉱物性燃料,240,6月_金額,50524,524_ナイジェリア,2024000000,2024年,4219920,千円
30000000,3_鉱物性燃料,240,6月_金額,50524,524_ナイジェリア,2023000000,2023年,0,千円
30000000,3_鉱物性燃料,240,6月_金額,50524,524_ナイジェリア,2022000000,2022年,5317828,千円
30000000,3_鉱物性燃料,240,6月_金額,50524,524_ナイジェリア,2021000000,2021年,7035116,千円
30000000,3_鉱物性燃料,240,6月_金額,50525,525_ニジェール,2025000000,2025年,0,千円
30000000,3_鉱物性燃料,240,6月_金額,50527,527_カメルーン,2024000000,2024年,0,千円
30000000,3_鉱物性燃料,240,6月_金額,50530,530_赤道ギニア,2025000000,2025年,5877376,千円
30000000,3_鉱物性燃料,240,6月_金額,50530,530_赤道ギニア,2024000000,2024年,0,千円
30000000,3_鉱物性燃料,240,6月_金額,50530,530_赤道ギニア,2023000000,2023年,0,千円
30000000,3_鉱物性燃料,240,6月_金額,50530,530_赤道ギニア,2022000000,2022年,0,千円
30000000,3_鉱物性燃料,240,6月_金額,50530,530_赤道ギニア,2021000000,2021年,3425187,千円
30000000,3_鉱物性燃料,240,6月_金額,50535,535_アンゴラ,2022000000,2022年,0,千円
30000000,3_鉱物性燃料,240,6月_金額,50545,545_モザンビーク,2025000000,2025年,1213690,千円
30000000,3_鉱物性燃料,240,6月_金額,50545,545_モザンビーク,2024000000,2024年,0,千円
30000000,3_鉱物性燃料,240,6月_金額,50545,545_モザンビーク,2023000000,2023年,2906802,千円
30000000,3_鉱物性燃料,240,6月_金額,50545,545_モザンビーク,2022000000,2022年,0,千円
30000000,3_鉱物性燃料,240,6月_金額,50545,545_モザンビーク,2021000000,2021年,0,千円
30000000,3_鉱物性燃料,240,6月_金額,50547,547_モーリシャス,2024000000,2024年,0,千円
30000000,3_鉱物性燃料,240,6月_金額,50547,547_モーリシャス,2022000000,2022年,0,千円
30000000,3_鉱物性燃料,240,6月_金額,50547,547_モーリシャス,2021000000,2021年,0,千円
30000000,3_鉱物性燃料,240,6月_金額,50551,551_南アフリカ共和国,2025000000,2025年,4132462,千円
30000000,3_鉱物性燃料,240,6月_金額,50551,551_南アフリカ共和国,2024000000,2024年,7780172,千円
30000000,3_鉱物性燃料,240,6月_金額,50551,551_南アフリカ共和国,2023000000,2023年,6634024,千円
30000000,3_鉱物性燃料,240,6月_金額,50551,551_南アフリカ共和国,2022000000,2022年,5222058,千円
30000000,3_鉱物性燃料,240,6月_金額,50551,551_南アフリカ共和国,2021000000,2021年,39968,千円
30000000,3_鉱物性燃料,240,6月_金額,50560,560_南スーダン,2025000000,2025年,3166991,千円
30000000,3_鉱物性燃料,240,6月_金額,50560,560_南スーダン,2024000000,2024年,0,千円
30000000,3_鉱物性燃料,240,6月_金額,50560,560_南スーダン,2023000000,2023年,0,千円
30000000,3_鉱物性燃料,240,6月_金額,50560,560_南スーダン,2022000000,2022年,0,千円
30000000,3_鉱物性燃料,240,6月_金額,50560,560_南スーダン,2021000000,2021年,0,千円
30000000,3_鉱物性燃料,240,6月_金額,50601,601_オーストラリア,2025000000,2025年,308404973,千円
30000000,3_鉱物性燃料,240,6月_金額,50601,601_オーストラリア,2024000000,2024年,371961707,千円
30000000,3_鉱物性燃料,240,6月_金額,50601,601_オーストラリア,2023000000,2023年,454614903,千円
30000000,3_鉱物性燃料,240,6月_金額,50601,601_オーストラリア,2022000000,2022年,755024510,千円
30000000,3_鉱物性燃料,240,6月_金額,50601,601_オーストラリア,2021000000,2021年,206636564,千円
30000000,3_鉱物性燃料,240,6月_金額,50602,602_パプアニューギニア,2025000000,2025年,23919520,千円
30000000,3_鉱物性燃料,240,6月_金額,50602,602_パプアニューギニア,2024000000,2024年,28020908,千円
30000000,3_鉱物性燃料,240,6月_金額,50602,602_パプアニューギニア,2023000000,2023年,33287916,千円
30000000,3_鉱物性燃料,240,6月_金額,50602,602_パプアニューギニア,2022000000,2022年,45855332,千円
30000000,3_鉱物性燃料,240,6月_金額,50602,602_パプアニューギニア,2021000000,2021年,18563788,千円
30000000,3_鉱物性燃料,240,6月_金額,50606,606_ニュージーランド,2025000000,2025年,1268974,千円
30000000,3_鉱物性燃料,240,6月_金額,50606,606_ニュージーランド,2024000000,2024年,1849691,千円
30000000,3_鉱物性燃料,240,6月_金額,50606,606_ニュージーランド,2023000000,2023年,0,千円
30000000,3_鉱物性燃料,240,6月_金額,50606,606_ニュージーランド,2022000000,2022年,2151988,千円
30000000,3_鉱物性燃料,240,6月_金額,50606,606_ニュージーランド,2021000000,2021年,322732,千円
30000000,3_鉱物性燃料,240,6月_金額,50618,618_ニューカレドニア(仏),2024000000,2024年,0,千円
30000000,3_鉱物性燃料,240,6月_金額,50618,618_ニューカレドニア(仏),2023000000,2023年,2196,千円
30000000,3_鉱物性燃料,240,6月_金額,50625,625_マーシャル,2024000000,2024年,0,千円
30000000,3_鉱物性燃料,240,6月_金額,50625,625_マーシャル,2022000000,2022年,0,千円
30000000,3_鉱物性燃料,240,6月_金額,50625,625_マーシャル,2021000000,2021年,0,千円
30000000,3_鉱物性燃料,240,6月_金額,50626,626_ミクロネシア,2021000000,2021年,0,千円
30000000,3_鉱物性燃料,240,6月_金額,50628,628_パラオ,2025000000,2025年,22620,千円
30000000,3_鉱物性燃料,240,6月_金額,50702,702_不明,2025000000,2025年,57010,千円
30000000,3_鉱物性燃料,240,6月_金額,50702,702_不明,2024000000,2024年,36206,千円
30000000,3_鉱物性燃料,240,6月_金額,50702,702_不明,2023000000,2023年,37577,千円
30000000,3_鉱物性燃料,240,6月_金額,50702,702_不明,2022000000,2022年,261,千円
30000000,3_鉱物性燃料,240,6月_金額,50702,702_不明,2021000000,2021年,738,千円
30000000,3_鉱物性燃料,250,7月_数量,50103,103_大韓民国,2025000000,2025年,0,
30000000,3_鉱物性燃料,250,7月_数量,50103,103_大韓民国,2024000000,2024年,0,
30000000,3_鉱物性燃料,250,7月_数量,50103,103_大韓民国,2023000000,2023年,0,
30000000,3_鉱物性燃料,250,7月_数量,50103,103_大韓民国,2022000000,2022年,0,
30000000,3_鉱物性燃料,250,7月_数量,50103,103_大韓民国,2021000000,2021年,0,
30000000,3_鉱物性燃料,250,7月_数量,50105,105_中華人民共和国,2025000000,2025年,0,
30000000,3_鉱物性燃料,250,7月_数量,50105,105_中華人民共和国,2024000000,2024年,0,
30000000,3_鉱物性燃料,250,7月_数量,50105,105_中華人民共和国,2023000000,2023年,0,
30000000,3_鉱物性燃料,250,7月_数量,50105,105_中華人民共和国,2022000000,2022年,0,
30000000,3_鉱物性燃料,250,7月_数量,50105,105_中華人民共和国,2021000000,2021年,0,
30000000,3_鉱物性燃料,250,7月_数量,50106,106_台湾,2025000000,2025年,0,
30000000,3_鉱物性燃料,250,7月_数量,50106,106_台湾,2024000000,2024年,0,
30000000,3_鉱物性燃料,250,7月_数量,50106,106_台湾,2023000000,2023年,0,
30000000,3_鉱物性燃料,250,7月_数量,50106,106_台湾,2022000000,2022年,0,
30000000,3_鉱物性燃料,250,7月_数量,50106,106_台湾,2021000000,2021年,0,
30000000,3_鉱物性燃料,250,7月_数量,50108,108_香港,2025000000,2025年,0,
30000000,3_鉱物性燃料,250,7月_数量,50108,108_香港,2024000000,2024年,0,
30000000,3_鉱物性燃料,250,7月_数量,50108,108_香港,2023000000,2023年,0,
30000000,3_鉱物性燃料,250,7月_数量,50108,108_香港,2022000000,2022年,0,
30000000,3_鉱物性燃料,250,7月_数量,50108,108_香港,2021000000,2021年,0,
30000000,3_鉱物性燃料,250,7月_数量,50110,110_ベトナム,2025000000,2025年,0,
30000000,3_鉱物性燃料,250,7月_数量,50110,110_ベトナム,2024000000,2024年,0,
30000000,3_鉱物性燃料,250,7月_数量,50110,110_ベトナム,2023000000,2023年,0,
30000000,3_鉱物性燃料,250,7月_数量,50110,110_ベトナム,2022000000,2022年,0,
30000000,3_鉱物性燃料,250,7月_数量,50110,110_ベトナム,2021000000,2021年,0,
30000000,3_鉱物性燃料,250,7月_数量,50111,111_タイ,2025000000,2025年,0,
30000000,3_鉱物性燃料,250,7月_数量,50111,111_タイ,2024000000,2024年,0,
30000000,3_鉱物性燃料,250,7月_数量,50111,111_タイ,2023000000,2023年,0,
30000000,3_鉱物性燃料,250,7月_数量,50111,111_タイ,2022000000,2022年,0,
30000000,3_鉱物性燃料,250,7月_数量,50111,111_タイ,2021000000,2021年,0,
30000000,3_鉱物性燃料,250,7月_数量,50112,112_シンガポール,2025000000,2025年,0,
30000000,3_鉱物性燃料,250,7月_数量,50112,112_シンガポール,2024000000,2024年,0,
30000000,3_鉱物性燃料,250,7月_数量,50112,112_シンガポール,2023000000,2023年,0,
30000000,3_鉱物性燃料,250,7月_数量,50112,112_シンガポール,2022000000,2022年,0,
30000000,3_鉱物性燃料,250,7月_数量,50112,112_シンガポール,2021000000,2021年,0,
30000000,3_鉱物性燃料,250,7月_数量,50113,113_マレーシア,2025000000,2025年,0,
30000000,3_鉱物性燃料,250,7月_数量,50113,113_マレーシア,2024000000,2024年,0,
30000000,3_鉱物性燃料,250,7月_数量,50113,113_マレーシア,2023000000,2023年,0,
30000000,3_鉱物性燃料,250,7月_数量,50113,113_マレーシア,2022000000,2022年,0,
30000000,3_鉱物性燃料,250,7月_数量,50113,113_マレーシア,2021000000,2021年,0,
30000000,3_鉱物性燃料,250,7月_数量,50116,116_ブルネイ,2025000000,2025年,0,
30000000,3_鉱物性燃料,250,7月_数量,50116,116_ブルネイ,2024000000,2024年,0,
30000000,3_鉱物性燃料,250,7月_数量,50116,116_ブルネイ,2023000000,2023年,0,
30000000,3_鉱物性燃料,250,7月_数量,50116,116_ブルネイ,2022000000,2022年,0,
30000000,3_鉱物性燃料,250,7月_数量,50116,116_ブルネイ,2021000000,2021年,0,
30000000,3_鉱物性燃料,250,7月_数量,50117,117_フィリピン,2025000000,2025年,0,
30000000,3_鉱物性燃料,250,7月_数量,50117,117_フィリピン,2024000000,2024年,0,
30000000,3_鉱物性燃料,250,7月_数量,50117,117_フィリピン,2023000000,2023年,0,
30000000,3_鉱物性燃料,250,7月_数量,50117,117_フィリピン,2022000000,2022年,0,
30000000,3_鉱物性燃料,250,7月_数量,50117,117_フィリピン,2021000000,2021年,0,
30000000,3_鉱物性燃料,250,7月_数量,50118,118_インドネシア,2025000000,2025年,0,
30000000,3_鉱物性燃料,250,7月_数量,50118,118_インドネシア,2024000000,2024年,0,
30000000,3_鉱物性燃料,250,7月_数量,50118,118_インドネシア,2023000000,2023年,0,
30000000,3_鉱物性燃料,250,7月_数量,50118,118_インドネシア,2022000000,2022年,0,
30000000,3_鉱物性燃料,250,7月_数量,50118,118_インドネシア,2021000000,2021年,0,
30000000,3_鉱物性燃料,250,7月_数量,50123,123_インド,2025000000,2025年,0,
30000000,3_鉱物性燃料,250,7月_数量,50123,123_インド,2024000000,2024年,0,
30000000,3_鉱物性燃料,250,7月_数量,50123,123_インド,2023000000,2023年,0,
30000000,3_鉱物性燃料,250,7月_数量,50123,123_インド,2022000000,2022年,0,
30000000,3_鉱物性燃料,250,7月_数量,50123,123_インド,2021000000,2021年,0,
30000000,3_鉱物性燃料,250,7月_数量,50124,124_パキスタン,2025000000,2025年,0,
30000000,3_鉱物性燃料,250,7月_数量,50124,124_パキスタン,2023000000,2023年,0,
30000000,3_鉱物性燃料,250,7月_数量,50124,124_パキスタン,2022000000,2022年,0,
30000000,3_鉱物性燃料,250,7月_数量,50124,124_パキスタン,2021000000,2021年,0,
30000000,3_鉱物性燃料,250,7月_数量,50125,125_スリランカ,2025000000,2025年,0,
30000000,3_鉱物性燃料,250,7月_数量,50125,125_スリランカ,2024000000,2024年,0,
30000000,3_鉱物性燃料,250,7月_数量,50125,125_スリランカ,2023000000,2023年,0,
30000000,3_鉱物性燃料,250,7月_数量,50125,125_スリランカ,2022000000,2022年,0,
30000000,3_鉱物性燃料,250,7月_数量,50125,125_スリランカ,2021000000,2021年,0,
30000000,3_鉱物性燃料,250,7月_数量,50126,126_モルディブ,2022000000,2022年,0,
30000000,3_鉱物性燃料,250,7月_数量,50127,127_バングラデシュ,2024000000,2024年,0,
30000000,3_鉱物性燃料,250,7月_数量,50128,128_東ティモール,2025000000,2025年,0,
30000000,3_鉱物性燃料,250,7月_数量,50128,128_東ティモール,2023000000,2023年,0,
30000000,3_鉱物性燃料,250,7月_数量,50128,128_東ティモール,2022000000,2022年,0,
30000000,3_鉱物性燃料,250,7月_数量,50128,128_東ティモール,2021000000,2021年,0,
30000000,3_鉱物性燃料,250,7月_数量,50134,134_イラク,2025000000,2025年,0,
30000000,3_鉱物性燃料,250,7月_数量,50134,134_イラク,2024000000,2024年,0,
30000000,3_鉱物性燃料,250,7月_数量,50134,134_イラク,2023000000,2023年,0,
30000000,3_鉱物性燃料,250,7月_数量,50134,134_イラク,2021000000,2021年,0,
30000000,3_鉱物性燃料,250,7月_数量,50135,135_バーレーン,2025000000,2025年,0,
30000000,3_鉱物性燃料,250,7月_数量,50135,135_バーレーン,2024000000,2024年,0,
30000000,3_鉱物性燃料,250,7月_数量,50135,135_バーレーン,2023000000,2023年,0,
30000000,3_鉱物性燃料,250,7月_数量,50135,135_バーレーン,2022000000,2022年,0,
30000000,3_鉱物性燃料,250,7月_数量,50135,135_バーレーン,2021000000,2021年,0,
30000000,3_鉱物性燃料,250,7月_数量,50137,137_サウジアラビア,2025000000,2025年,0,
30000000,3_鉱物性燃料,250,7月_数量,50137,137_サウジアラビア,2024000000,2024年,0,
30000000,3_鉱物性燃料,250,7月_数量,50137,137_サウジアラビア,2023000000,2023年,0,
30000000,3_鉱物性燃料,250,7月_数量,50137,137_サウジアラビア,2022000000,2022年,0,
30000000,3_鉱物性燃料,250,7月_数量,50137,137_サウジアラビア,2021000000,2021年,0,
30000000,3_鉱物性燃料,250,7月_数量,50138,138_クウェート,2025000000,2025年,0,
30000000,3_鉱物性燃料,250,7月_数量,50138,138_クウェート,2024000000,2024年,0,
30000000,3_鉱物性燃料,250,7月_数量,50138,138_クウェート,2023000000,2023年,0,
30000000,3_鉱物性燃料,250,7月_数量,50138,138_クウェート,2022000000,2022年,0,
30000000,3_鉱物性燃料,250,7月_数量,50138,138_クウェート,2021000000,2021年,0,
30000000,3_鉱物性燃料,250,7月_数量,50140,140_カタール,2025000000,2025年,0,
30000000,3_鉱物性燃料,250,7月_数量,50140,140_カタール,2024000000,2024年,0,
30000000,3_鉱物性燃料,250,7月_数量,50140,140_カタール,2023000000,2023年,0,
30000000,3_鉱物性燃料,250,7月_数量,50140,140_カタール,2022000000,2022年,0,
30000000,3_鉱物性燃料,250,7月_数量,50140,140_カタール,2021000000,2021年,0,
30000000,3_鉱物性燃料,250,7月_数量,50141,141_オマーン,2025000000,2025年,0,
30000000,3_鉱物性燃料,250,7月_数量,50141,141_オマーン,2024000000,2024年,0,
30000000,3_鉱物性燃料,250,7月_数量,50141,141_オマーン,2023000000,2023年,0,
30000000,3_鉱物性燃料,250,7月_数量,50141,141_オマーン,2022000000,2022年,0,
30000000,3_鉱物性燃料,250,7月_数量,50141,141_オマーン,2021000000,2021年,0,
30000000,3_鉱物性燃料,250,7月_数量,50143,143_イスラエル,2025000000,2025年,0,
30000000,3_鉱物性燃料,250,7月_数量,50143,143_イスラエル,2024000000,2024年,0,
30000000,3_鉱物性燃料,250,7月_数量,50143,143_イスラエル,2023000000,2023年,0,
30000000,3_鉱物性燃料,250,7月_数量,50143,143_イスラエル,2022000000,2022年,0,
30000000,3_鉱物性燃料,250,7月_数量,50143,143_イスラエル,2021000000,2021年,0,
30000000,3_鉱物性燃料,250,7月_数量,50147,147_アラブ首長国連邦,2025000000,2025年,0,
30000000,3_鉱物性燃料,250,7月_数量,50147,147_アラブ首長国連邦,2024000000,2024年,0,
30000000,3_鉱物性燃料,250,7月_数量,50147,147_アラブ首長国連邦,2023000000,2023年,0,
30000000,3_鉱物性燃料,250,7月_数量,50147,147_アラブ首長国連邦,2022000000,2022年,0,
30000000,3_鉱物性燃料,250,7月_数量,50147,147_アラブ首長国連邦,2021000000,2021年,0,
30000000,3_鉱物性燃料,250,7月_数量,50153,153_カザフスタン,2025000000,2025年,0,
30000000,3_鉱物性燃料,250,7月_数量,50153,153_カザフスタン,2024000000,2024年,0,
30000000,3_鉱物性燃料,250,7月_数量,50153,153_カザフスタン,2023000000,2023年,0,
30000000,3_鉱物性燃料,250,7月_数量,50153,153_カザフスタン,2022000000,2022年,0,
30000000,3_鉱物性燃料,250,7月_数量,50153,153_カザフスタン,2021000000,2021年,0,
30000000,3_鉱物性燃料,250,7月_数量,50202,202_ノルウェー,2025000000,2025年,0,
30000000,3_鉱物性燃料,250,7月_数量,50202,202_ノルウェー,2024000000,2024年,0,
30000000,3_鉱物性燃料,250,7月_数量,50202,202_ノルウェー,2023000000,2023年,0,
30000000,3_鉱物性燃料,250,7月_数量,50202,202_ノルウェー,2022000000,2022年,0,
30000000,3_鉱物性燃料,250,7月_数量,50202,202_ノルウェー,2021000000,2021年,0,
30000000,3_鉱物性燃料,250,7月_数量,50203,203_スウェーデン,2025000000,2025年,0,
30000000,3_鉱物性燃料,250,7月_数量,50203,203_スウェーデン,2024000000,2024年,0,
30000000,3_鉱物性燃料,250,7月_数量,50203,203_スウェーデン,2023000000,2023年,0,
30000000,3_鉱物性燃料,250,7月_数量,50203,203_スウェーデン,2022000000,2022年,0,
30000000,3_鉱物性燃料,250,7月_数量,50203,203_スウェーデン,2021000000,2021年,0,
30000000,3_鉱物性燃料,250,7月_数量,50204,204_デンマーク,2025000000,2025年,0,
30000000,3_鉱物性燃料,250,7月_数量,50204,204_デンマーク,2024000000,2024年,0,
30000000,3_鉱物性燃料,250,7月_数量,50204,204_デンマーク,2023000000,2023年,0,
30000000,3_鉱物性燃料,250,7月_数量,50204,204_デンマーク,2022000000,2022年,0,
30000000,3_鉱物性燃料,250,7月_数量,50204,204_デンマーク,2021000000,2021年,0,
30000000,3_鉱物性燃料,250,7月_数量,50205,205_英国,2025000000,2025年,0,
30000000,3_鉱物性燃料,250,7月_数量,50205,205_英国,2024000000,2024年,0,
30000000,3_鉱物性燃料,250,7月_数量,50205,205_英国,2023000000,2023年,0,
30000000,3_鉱物性燃料,250,7月_数量,50205,205_英国,2022000000,2022年,0,
30000000,3_鉱物性燃料,250,7月_数量,50205,205_英国,2021000000,2021年,0,
30000000,3_鉱物性燃料,250,7月_数量,50206,206_アイルランド,2025000000,2025年,0,
30000000,3_鉱物性燃料,250,7月_数量,50206,206_アイルランド,2024000000,2024年,0,
30000000,3_鉱物性燃料,250,7月_数量,50206,206_アイルランド,2023000000,2023年,0,
30000000,3_鉱物性燃料,250,7月_数量,50206,206_アイルランド,2022000000,2022年,0,
30000000,3_鉱物性燃料,250,7月_数量,50206,206_アイルランド,2021000000,2021年,0,
30000000,3_鉱物性燃料,250,7月_数量,50207,207_オランダ,2025000000,2025年,0,
30000000,3_鉱物性燃料,250,7月_数量,50207,207_オランダ,2024000000,2024年,0,
30000000,3_鉱物性燃料,250,7月_数量,50207,207_オランダ,2023000000,2023年,0,
30000000,3_鉱物性燃料,250,7月_数量,50207,207_オランダ,2022000000,2022年,0,
30000000,3_鉱物性燃料,250,7月_数量,50207,207_オランダ,2021000000,2021年,0,
30000000,3_鉱物性燃料,250,7月_数量,50208,208_ベルギー,2025000000,2025年,0,
30000000,3_鉱物性燃料,250,7月_数量,50208,208_ベルギー,2024000000,2024年,0,
30000000,3_鉱物性燃料,250,7月_数量,50208,208_ベルギー,2023000000,2023年,0,
30000000,3_鉱物性燃料,250,7月_数量,50208,208_ベルギー,2022000000,2022年,0,
30000000,3_鉱物性燃料,250,7月_数量,50208,208_ベルギー,2021000000,2021年,0,
30000000,3_鉱物性燃料,250,7月_数量,50209,209_ルクセンブルク,2025000000,2025年,0,
30000000,3_鉱物性燃料,250,7月_数量,50209,209_ルクセンブルク,2021000000,2021年,0,
30000000,3_鉱物性燃料,250,7月_数量,50210,210_フランス,2025000000,2025年,0,
30000000,3_鉱物性燃料,250,7月_数量,50210,210_フランス,2024000000,2024年,0,
30000000,3_鉱物性燃料,250,7月_数量,50210,210_フランス,2023000000,2023年,0,
30000000,3_鉱物性燃料,250,7月_数量,50210,210_フランス,2022000000,2022年,0,
30000000,3_鉱物性燃料,250,7月_数量,50210,210_フランス,2021000000,2021年,0,
30000000,3_鉱物性燃料,250,7月_数量,50213,213_ドイツ,2025000000,2025年,0,
30000000,3_鉱物性燃料,250,7月_数量,50213,213_ドイツ,2024000000,2024年,0,
30000000,3_鉱物性燃料,250,7月_数量,50213,213_ドイツ,2023000000,2023年,0,
30000000,3_鉱物性燃料,250,7月_数量,50213,213_ドイツ,2022000000,2022年,0,
30000000,3_鉱物性燃料,250,7月_数量,50213,213_ドイツ,2021000000,2021年,0,
30000000,3_鉱物性燃料,250,7月_数量,50215,215_スイス,2025000000,2025年,0,
30000000,3_鉱物性燃料,250,7月_数量,50215,215_スイス,2024000000,2024年,0,
30000000,3_鉱物性燃料,250,7月_数量,50215,215_スイス,2023000000,2023年,0,
30000000,3_鉱物性燃料,250,7月_数量,50215,215_スイス,2022000000,2022年,0,
30000000,3_鉱物性燃料,250,7月_数量,50215,215_スイス,2021000000,2021年,0,
30000000,3_鉱物性燃料,250,7月_数量,50218,218_スペイン,2025000000,2025年,0,
30000000,3_鉱物性燃料,250,7月_数量,50218,218_スペイン,2024000000,2024年,0,
30000000,3_鉱物性燃料,250,7月_数量,50218,218_スペイン,2023000000,2023年,0,
30000000,3_鉱物性燃料,250,7月_数量,50218,218_スペイン,2022000000,2022年,0,
30000000,3_鉱物性燃料,250,7月_数量,50218,218_スペイン,2021000000,2021年,0,
30000000,3_鉱物性燃料,250,7月_数量,50220,220_イタリア,2025000000,2025年,0,
30000000,3_鉱物性燃料,250,7月_数量,50220,220_イタリア,2024000000,2024年,0,
30000000,3_鉱物性燃料,250,7月_数量,50220,220_イタリア,2023000000,2023年,0,
30000000,3_鉱物性燃料,250,7月_数量,50220,220_イタリア,2022000000,2022年,0,
30000000,3_鉱物性燃料,250,7月_数量,50220,220_イタリア,2021000000,2021年,0,
30000000,3_鉱物性燃料,250,7月_数量,50221,221_マルタ,2023000000,2023年,0,
30000000,3_鉱物性燃料,250,7月_数量,50221,221_マルタ,2021000000,2021年,0,
30000000,3_鉱物性燃料,250,7月_数量,50222,222_フィンランド,2025000000,2025年,0,
30000000,3_鉱物性燃料,250,7月_数量,50222,222_フィンランド,2024000000,2024年,0,
30000000,3_鉱物性燃料,250,7月_数量,50222,222_フィンランド,2023000000,2023年,0,
30000000,3_鉱物性燃料,250,7月_数量,50222,222_フィンランド,2022000000,2022年,0,
30000000,3_鉱物性燃料,250,7月_数量,50222,222_フィンランド,2021000000,2021年,0,
30000000,3_鉱物性燃料,250,7月_数量,50223,223_ポーランド,2025000000,2025年,0,
30000000,3_鉱物性燃料,250,7月_数量,50223,223_ポーランド,2024000000,2024年,0,
30000000,3_鉱物性燃料,250,7月_数量,50223,223_ポーランド,2023000000,2023年,0,
30000000,3_鉱物性燃料,250,7月_数量,50223,223_ポーランド,2022000000,2022年,0,
30000000,3_鉱物性燃料,250,7月_数量,50223,223_ポーランド,2021000000,2021年,0,
30000000,3_鉱物性燃料,250,7月_数量,50224,224_ロシア,2025000000,2025年,0,
30000000,3_鉱物性燃料,250,7月_数量,50224,224_ロシア,2024000000,2024年,0,
30000000,3_鉱物性燃料,250,7月_数量,50224,224_ロシア,2023000000,2023年,0,
30000000,3_鉱物性燃料,250,7月_数量,50224,224_ロシア,2022000000,2022年,0,
30000000,3_鉱物性燃料,250,7月_数量,50224,224_ロシア,2021000000,2021年,0,
30000000,3_鉱物性燃料,250,7月_数量,50225,225_オーストリア,2025000000,2025年,0,
30000000,3_鉱物性燃料,250,7月_数量,50225,225_オーストリア,2024000000,2024年,0,
30000000,3_鉱物性燃料,250,7月_数量,50225,225_オーストリア,2023000000,2023年,0,
30000000,3_鉱物性燃料,250,7月_数量,50225,225_オーストリア,2022000000,2022年,0,
30000000,3_鉱物性燃料,250,7月_数量,50225,225_オーストリア,2021000000,2021年,0,
30000000,3_鉱物性燃料,250,7月_数量,50227,227_ハンガリー,2025000000,2025年,0,
30000000,3_鉱物性燃料,250,7月_数量,50227,227_ハンガリー,2023000000,2023年,0,
30000000,3_鉱物性燃料,250,7月_数量,50227,227_ハンガリー,2021000000,2021年,0,
30000000,3_鉱物性燃料,250,7月_数量,50228,228_セルビア,2022000000,2022年,0,
30000000,3_鉱物性燃料,250,7月_数量,50228,228_セルビア,2021000000,2021年,0,
30000000,3_鉱物性燃料,250,7月_数量,50230,230_ギリシャ,2025000000,2025年,0,
30000000,3_鉱物性燃料,250,7月_数量,50230,230_ギリシャ,2024000000,2024年,0,
30000000,3_鉱物性燃料,250,7月_数量,50230,230_ギリシャ,2023000000,2023年,0,
30000000,3_鉱物性燃料,250,7月_数量,50230,230_ギリシャ,2022000000,2022年,0,
30000000,3_鉱物性燃料,250,7月_数量,50230,230_ギリシャ,2021000000,2021年,0,
30000000,3_鉱物性燃料,250,7月_数量,50231,231_ルーマニア,2025000000,2025年,0,
30000000,3_鉱物性燃料,250,7月_数量,50231,231_ルーマニア,2021000000,2021年,0,
30000000,3_鉱物性燃料,250,7月_数量,50232,232_ブルガリア,2023000000,2023年,0,
30000000,3_鉱物性燃料,250,7月_数量,50232,232_ブルガリア,2022000000,2022年,0,
30000000,3_鉱物性燃料,250,7月_数量,50234,234_トルコ,2025000000,2025年,0,
30000000,3_鉱物性燃料,250,7月_数量,50234,234_トルコ,2024000000,2024年,0,
30000000,3_鉱物性燃料,250,7月_数量,50234,234_トルコ,2023000000,2023年,0,
30000000,3_鉱物性燃料,250,7月_数量,50234,234_トルコ,2022000000,2022年,0,
30000000,3_鉱物性燃料,250,7月_数量,50234,234_トルコ,2021000000,2021年,0,
30000000,3_鉱物性燃料,250,7月_数量,50235,235_エストニア,2025000000,2025年,0,
30000000,3_鉱物性燃料,250,7月_数量,50235,235_エストニア,2024000000,2024年,0,
30000000,3_鉱物性燃料,250,7月_数量,50235,235_エストニア,2023000000,2023年,0,
30000000,3_鉱物性燃料,250,7月_数量,50235,235_エストニア,2022000000,2022年,0,
30000000,3_鉱物性燃料,250,7月_数量,50235,235_エストニア,2021000000,2021年,0,
30000000,3_鉱物性燃料,250,7月_数量,50236,236_ラトビア,2025000000,2025年,0,
30000000,3_鉱物性燃料,250,7月_数量,50236,236_ラトビア,2024000000,2024年,0,
30000000,3_鉱物性燃料,250,7月_数量,50236,236_ラトビア,2023000000,2023年,0,
30000000,3_鉱物性燃料,250,7月_数量,50236,236_ラトビア,2022000000,2022年,0,
30000000,3_鉱物性燃料,250,7月_数量,50236,236_ラトビア,2021000000,2021年,0,
30000000,3_鉱物性燃料,250,7月_数量,50237,237_リトアニア,2025000000,2025年,0,
30000000,3_鉱物性燃料,250,7月_数量,50237,237_リトアニア,2024000000,2024年,0,
30000000,3_鉱物性燃料,250,7月_数量,50237,237_リトアニア,2023000000,2023年,0,
30000000,3_鉱物性燃料,250,7月_数量,50237,237_リトアニア,2022000000,2022年,0,
30000000,3_鉱物性燃料,250,7月_数量,50237,237_リトアニア,2021000000,2021年,0,
30000000,3_鉱物性燃料,250,7月_数量,50238,238_ウクライナ,2025000000,2025年,0,
30000000,3_鉱物性燃料,250,7月_数量,50238,238_ウクライナ,2024000000,2024年,0,
30000000,3_鉱物性燃料,250,7月_数量,50238,238_ウクライナ,2023000000,2023年,0,
30000000,3_鉱物性燃料,250,7月_数量,50238,238_ウクライナ,2022000000,2022年,0,
30000000,3_鉱物性燃料,250,7月_数量,50238,238_ウクライナ,2021000000,2021年,0,
30000000,3_鉱物性燃料,250,7月_数量,50241,241_クロアチア,2025000000,2025年,0,
30000000,3_鉱物性燃料,250,7月_数量,50241,241_クロアチア,2021000000,2021年,0,
30000000,3_鉱物性燃料,250,7月_数量,50245,245_チェコ,2025000000,2025年,0,
30000000,3_鉱物性燃料,250,7月_数量,50245,245_チェコ,2024000000,2024年,0,
30000000,3_鉱物性燃料,250,7月_数量,50245,245_チェコ,2023000000,2023年,0,
30000000,3_鉱物性燃料,250,7月_数量,50245,245_チェコ,2021000000,2021年,0,
30000000,3_鉱物性燃料,250,7月_数量,50246,246_スロバキア,2023000000,2023年,0,
30000000,3_鉱物性燃料,250,7月_数量,50302,302_カナダ,2025000000,2025年,0,
30000000,3_鉱物性燃料,250,7月_数量,50302,302_カナダ,2024000000,2024年,0,
30000000,3_鉱物性燃料,250,7月_数量,50302,302_カナダ,2023000000,2023年,0,
30000000,3_鉱物性燃料,250,7月_数量,50302,302_カナダ,2022000000,2022年,0,
30000000,3_鉱物性燃料,250,7月_数量,50302,302_カナダ,2021000000,2021年,0,
30000000,3_鉱物性燃料,250,7月_数量,50304,304_アメリカ合衆国,2025000000,2025年,0,
30000000,3_鉱物性燃料,250,7月_数量,50304,304_アメリカ合衆国,2024000000,2024年,0,
30000000,3_鉱物性燃料,250,7月_数量,50304,304_アメリカ合衆国,2023000000,2023年,0,
30000000,3_鉱物性燃料,250,7月_数量,50304,304_アメリカ合衆国,2022000000,2022年,0,
30000000,3_鉱物性燃料,250,7月_数量,50304,304_アメリカ合衆国,2021000000,2021年,0,
30000000,3_鉱物性燃料,250,7月_数量,50305,305_メキシコ,2025000000,2025年,0,
30000000,3_鉱物性燃料,250,7月_数量,50305,305_メキシコ,2024000000,2024年,0,
30000000,3_鉱物性燃料,250,7月_数量,50305,305_メキシコ,2023000000,2023年,0,
30000000,3_鉱物性燃料,250,7月_数量,50305,305_メキシコ,2022000000,2022年,0,
30000000,3_鉱物性燃料,250,7月_数量,50305,305_メキシコ,2021000000,2021年,0,
30000000,3_鉱物性燃料,250,7月_数量,50309,309_エルサルバドル,2025000000,2025年,0,
30000000,3_鉱物性燃料,250,7月_数量,50309,309_エルサルバドル,2024000000,2024年,0,
30000000,3_鉱物性燃料,250,7月_数量,50309,309_エルサルバドル,2022000000,2022年,0,
30000000,3_鉱物性燃料,250,7月_数量,50311,311_コスタリカ,2025000000,2025年,0,
30000000,3_鉱物性燃料,250,7月_数量,50311,311_コスタリカ,2024000000,2024年,0,
30000000,3_鉱物性燃料,250,7月_数量,50311,311_コスタリカ,2023000000,2023年,0,
30000000,3_鉱物性燃料,250,7月_数量,50311,311_コスタリカ,2022000000,2022年,0,
30000000,3_鉱物性燃料,250,7月_数量,50311,311_コスタリカ,2021000000,2021年,0,
30000000,3_鉱物性燃料,250,7月_数量,50312,312_パナマ,2024000000,2024年,0,
30000000,3_鉱物性燃料,250,7月_数量,50312,312_パナマ,2023000000,2023年,0,
30000000,3_鉱物性燃料,250,7月_数量,50312,312_パナマ,2022000000,2022年,0,
30000000,3_鉱物性燃料,250,7月_数量,50320,320_トリニダード・トバゴ,2024000000,2024年,0,
30000000,3_鉱物性燃料,250,7月_数量,50320,320_トリニダード・トバゴ,2023000000,2023年,0,
30000000,3_鉱物性燃料,250,7月_数量,50320,320_トリニダード・トバゴ,2022000000,2022年,0,
30000000,3_鉱物性燃料,250,7月_数量,50321,321_キューバ,2023000000,2023年,0,
30000000,3_鉱物性燃料,250,7月_数量,50328,328_ケイマン諸島(英),2023000000,2023年,0,
30000000,3_鉱物性燃料,250,7月_数量,50401,401_コロンビア,2025000000,2025年,0,
30000000,3_鉱物性燃料,250,7月_数量,50401,401_コロンビア,2024000000,2024年,0,
30000000,3_鉱物性燃料,250,7月_数量,50401,401_コロンビア,2023000000,2023年,0,
30000000,3_鉱物性燃料,250,7月_数量,50401,401_コロンビア,2022000000,2022年,0,
30000000,3_鉱物性燃料,250,7月_数量,50401,401_コロンビア,2021000000,2021年,0,
30000000,3_鉱物性燃料,250,7月_数量,50406,406_エクアドル,2025000000,2025年,0,
30000000,3_鉱物性燃料,250,7月_数量,50406,406_エクアドル,2024000000,2024年,0,
30000000,3_鉱物性燃料,250,7月_数量,50406,406_エクアドル,2023000000,2023年,0,
30000000,3_鉱物性燃料,250,7月_数量,50406,406_エクアドル,2022000000,2022年,0,
30000000,3_鉱物性燃料,250,7月_数量,50406,406_エクアドル,2021000000,2021年,0,
30000000,3_鉱物性燃料,250,7月_数量,50407,407_ペルー,2025000000,2025年,0,
30000000,3_鉱物性燃料,250,7月_数量,50407,407_ペルー,2024000000,2024年,0,
30000000,3_鉱物性燃料,250,7月_数量,50407,407_ペルー,2023000000,2023年,0,
30000000,3_鉱物性燃料,250,7月_数量,50407,407_ペルー,2022000000,2022年,0,
30000000,3_鉱物性燃料,250,7月_数量,50407,407_ペルー,2021000000,2021年,0,
30000000,3_鉱物性燃料,250,7月_数量,50409,409_チリ,2023000000,2023年,0,
30000000,3_鉱物性燃料,250,7月_数量,50409,409_チリ,2022000000,2022年,0,
30000000,3_鉱物性燃料,250,7月_数量,50410,410_ブラジル,2025000000,2025年,0,
30000000,3_鉱物性燃料,250,7月_数量,50410,410_ブラジル,2024000000,2024年,0,
30000000,3_鉱物性燃料,250,7月_数量,50410,410_ブラジル,2023000000,2023年,0,
30000000,3_鉱物性燃料,250,7月_数量,50410,410_ブラジル,2022000000,2022年,0,
30000000,3_鉱物性燃料,250,7月_数量,50410,410_ブラジル,2021000000,2021年,0,
30000000,3_鉱物性燃料,250,7月_数量,50411,411_パラグアイ,2023000000,2023年,0,
30000000,3_鉱物性燃料,250,7月_数量,50412,412_ウルグアイ,2022000000,2022年,0,
30000000,3_鉱物性燃料,250,7月_数量,50413,413_アルゼンチン,2023000000,2023年,0,
30000000,3_鉱物性燃料,250,7月_数量,50503,503_アルジェリア,2025000000,2025年,0,
30000000,3_鉱物性燃料,250,7月_数量,50503,503_アルジェリア,2024000000,2024年,0,
30000000,3_鉱物性燃料,250,7月_数量,50503,503_アルジェリア,2023000000,2023年,0,
30000000,3_鉱物性燃料,250,7月_数量,50503,503_アルジェリア,2022000000,2022年,0,
30000000,3_鉱物性燃料,250,7月_数量,50503,503_アルジェリア,2021000000,2021年,0,
30000000,3_鉱物性燃料,250,7月_数量,50505,505_リビア,2021000000,2021年,0,
30000000,3_鉱物性燃料,250,7月_数量,50506,506_エジプト,2025000000,2025年,0,
30000000,3_鉱物性燃料,250,7月_数量,50506,506_エジプト,2024000000,2024年,0,
30000000,3_鉱物性燃料,250,7月_数量,50506,506_エジプト,2023000000,2023年,0,
30000000,3_鉱物性燃料,250,7月_数量,50506,506_エジプト,2022000000,2022年,0,
30000000,3_鉱物性燃料,250,7月_数量,50506,506_エジプト,2021000000,2021年,0,
30000000,3_鉱物性燃料,250,7月_数量,50524,524_ナイジェリア,2025000000,2025年,0,
30000000,3_鉱物性燃料,250,7月_数量,50524,524_ナイジェリア,2024000000,2024年,0,
30000000,3_鉱物性燃料,250,7月_数量,50524,524_ナイジェリア,2023000000,2023年,0,
30000000,3_鉱物性燃料,250,7月_数量,50524,524_ナイジェリア,2022000000,2022年,0,
30000000,3_鉱物性燃料,250,7月_数量,50524,524_ナイジェリア,2021000000,2021年,0,
30000000,3_鉱物性燃料,250,7月_数量,50525,525_ニジェール,2025000000,2025年,0,
30000000,3_鉱物性燃料,250,7月_数量,50527,527_カメルーン,2024000000,2024年,0,
30000000,3_鉱物性燃料,250,7月_数量,50530,530_赤道ギニア,2025000000,2025年,0,
30000000,3_鉱物性燃料,250,7月_数量,50530,530_赤道ギニア,2024000000,2024年,0,
30000000,3_鉱物性燃料,250,7月_数量,50530,530_赤道ギニア,2023000000,2023年,0,
30000000,3_鉱物性燃料,250,7月_数量,50530,530_赤道ギニア,2022000000,2022年,0,
30000000,3_鉱物性燃料,250,7月_数量,50530,530_赤道ギニア,2021000000,2021年,0,
30000000,3_鉱物性燃料,250,7月_数量,50535,535_アンゴラ,2022000000,2022年,0,
30000000,3_鉱物性燃料,250,7月_数量,50545,545_モザンビーク,2025000000,2025年,0,
30000000,3_鉱物性燃料,250,7月_数量,50545,545_モザンビーク,2024000000,2024年,0,
30000000,3_鉱物性燃料,250,7月_数量,50545,545_モザンビーク,2023000000,2023年,0,
30000000,3_鉱物性燃料,250,7月_数量,50545,545_モザンビーク,2022000000,2022年,0,
30000000,3_鉱物性燃料,250,7月_数量,50545,545_モザンビーク,2021000000,2021年,0,
30000000,3_鉱物性燃料,250,7月_数量,50547,547_モーリシャス,2024000000,2024年,0,
30000000,3_鉱物性燃料,250,7月_数量,50547,547_モーリシャス,2022000000,2022年,0,
30000000,3_鉱物性燃料,250,7月_数量,50547,547_モーリシャス,2021000000,2021年,0,
30000000,3_鉱物性燃料,250,7月_数量,50551,551_南アフリカ共和国,2025000000,2025年,0,
30000000,3_鉱物性燃料,250,7月_数量,50551,551_南アフリカ共和国,2024000000,2024年,0,
30000000,3_鉱物性燃料,250,7月_数量,50551,551_南アフリカ共和国,2023000000,2023年,0,
30000000,3_鉱物性燃料,250,7月_数量,50551,551_南アフリカ共和国,2022000000,2022年,0,
30000000,3_鉱物性燃料,250,7月_数量,50551,551_南アフリカ共和国,2021000000,2021年,0,
30000000,3_鉱物性燃料,250,7月_数量,50560,560_南スーダン,2025000000,2025年,0,
30000000,3_鉱物性燃料,250,7月_数量,50560,560_南スーダン,2024000000,2024年,0,
30000000,3_鉱物性燃料,250,7月_数量,50560,560_南スーダン,2023000000,2023年,0,
30000000,3_鉱物性燃料,250,7月_数量,50560,560_南スーダン,2022000000,2022年,0,
30000000,3_鉱物性燃料,250,7月_数量,50560,560_南スーダン,2021000000,2021年,0,
30000000,3_鉱物性燃料,250,7月_数量,50601,601_オーストラリア,2025000000,2025年,0,
30000000,3_鉱物性燃料,250,7月_数量,50601,601_オーストラリア,2024000000,2024年,0,
30000000,3_鉱物性燃料,250,7月_数量,50601,601_オーストラリア,2023000000,2023年,0,
30000000,3_鉱物性燃料,250,7月_数量,50601,601_オーストラリア,2022000000,2022年,0,
30000000,3_鉱物性燃料,250,7月_数量,50601,601_オーストラリア,2021000000,2021年,0,
30000000,3_鉱物性燃料,250,7月_数量,50602,602_パプアニューギニア,2025000000,2025年,0,
30000000,3_鉱物性燃料,250,7月_数量,50602,602_パプアニューギニア,2024000000,2024年,0,
30000000,3_鉱物性燃料,250,7月_数量,50602,602_パプアニューギニア,2023000000,2023年,0,
30000000,3_鉱物性燃料,250,7月_数量,50602,602_パプアニューギニア,2022000000,2022年,0,
30000000,3_鉱物性燃料,250,7月_数量,50602,602_パプアニューギニア,2021000000,2021年,0,
30000000,3_鉱物性燃料,250,7月_数量,50606,606_ニュージーランド,2025000000,2025年,0,
30000000,3_鉱物性燃料,250,7月_数量,50606,606_ニュージーランド,2024000000,2024年,0,
30000000,3_鉱物性燃料,250,7月_数量,50606,606_ニュージーランド,2023000000,2023年,0,
30000000,3_鉱物性燃料,250,7月_数量,50606,606_ニュージーランド,2022000000,2022年,0,
30000000,3_鉱物性燃料,250,7月_数量,50606,606_ニュージーランド,2021000000,2021年,0,
30000000,3_鉱物性燃料,250,7月_数量,50618,618_ニューカレドニア(仏),2024000000,2024年,0,
30000000,3_鉱物性燃料,250,7月_数量,50618,618_ニューカレドニア(仏),2023000000,2023年,0,
30000000,3_鉱物性燃料,250,7月_数量,50625,625_マーシャル,2024000000,2024年,0,
30000000,3_鉱物性燃料,250,7月_数量,50625,625_マーシャル,2022000000,2022年,0,
30000000,3_鉱物性燃料,250,7月_数量,50625,625_マーシャル,2021000000,2021年,0,
30000000,3_鉱物性燃料,250,7月_数量,50626,626_ミクロネシア,2021000000,2021年,0,
30000000,3_鉱物性燃料,250,7月_数量,50628,628_パラオ,2025000000,2025年,0,
30000000,3_鉱物性燃料,250,7月_数量,50702,702_不明,2025000000,2025年,0,
30000000,3_鉱物性燃料,250,7月_数量,50702,702_不明,2024000000,2024年,0,
30000000,3_鉱物性燃料,250,7月_数量,50702,702_不明,2023000000,2023年,0,
30000000,3_鉱物性燃料,250,7月_数量,50702,702_不明,2022000000,2022年,0,
30000000,3_鉱物性燃料,250,7月_数量,50702,702_不明,2021000000,2021年,0,
30000000,3_鉱物性燃料,260,7月_金額,50103,103_大韓民国,2025000000,2025年,64670671,千円
30000000,3_鉱物性燃料,260,7月_金額,50103,103_大韓民国,2024000000,2024年,106582419,千円
30000000,3_鉱物性燃料,260,7月_金額,50103,103_大韓民国,2023000000,2023年,60760768,千円
30000000,3_鉱物性燃料,260,7月_金額,50103,103_大韓民国,2022000000,2022年,59681011,千円
30000000,3_鉱物性燃料,260,7月_金額,50103,103_大韓民国,2021000000,2021年,50206465,千円
30000000,3_鉱物性燃料,260,7月_金額,50105,105_中華人民共和国,2025000000,2025年,13142740,千円
30000000,3_鉱物性燃料,260,7月_金額,50105,105_中華人民共和国,2024000000,2024年,9903967,千円
30000000,3_鉱物性燃料,260,7月_金額,50105,105_中華人民共和国,2023000000,2023年,16018117,千円
30000000,3_鉱物性燃料,260,7月_金額,50105,105_中華人民共和国,2022000000,2022年,8211892,千円
30000000,3_鉱物性燃料,260,7月_金額,50105,105_中華人民共和国,2021000000,2021年,9923178,千円
30000000,3_鉱物性燃料,260,7月_金額,50106,106_台湾,2025000000,2025年,3821304,千円
30000000,3_鉱物性燃料,260,7月_金額,50106,106_台湾,2024000000,2024年,5185666,千円
30000000,3_鉱物性燃料,260,7月_金額,50106,106_台湾,2023000000,2023年,183482,千円
30000000,3_鉱物性燃料,260,7月_金額,50106,106_台湾,2022000000,2022年,6122004,千円
30000000,3_鉱物性燃料,260,7月_金額,50106,106_台湾,2021000000,2021年,401944,千円
30000000,3_鉱物性燃料,260,7月_金額,50108,108_香港,2025000000,2025年,25096,千円
30000000,3_鉱物性燃料,260,7月_金額,50108,108_香港,2024000000,2024年,20038,千円
30000000,3_鉱物性燃料,260,7月_金額,50108,108_香港,2023000000,2023年,23860,千円
30000000,3_鉱物性燃料,260,7月_金額,50108,108_香港,2022000000,2022年,6495,千円
30000000,3_鉱物性燃料,260,7月_金額,50108,108_香港,2021000000,2021年,14251,千円
30000000,3_鉱物性燃料,260,7月_金額,50110,110_ベトナム,2025000000,2025年,159088,千円
30000000,3_鉱物性燃料,260,7月_金額,50110,110_ベトナム,2024000000,2024年,5431379,千円
30000000,3_鉱物性燃料,260,7月_金額,50110,110_ベトナム,2023000000,2023年,3358987,千円
30000000,3_鉱物性燃料,260,7月_金額,50110,110_ベトナム,2022000000,2022年,4333815,千円
30000000,3_鉱物性燃料,260,7月_金額,50110,110_ベトナム,2021000000,2021年,3322621,千円
30000000,3_鉱物性燃料,260,7月_金額,50111,111_タイ,2025000000,2025年,124028,千円
30000000,3_鉱物性燃料,260,7月_金額,50111,111_タイ,2024000000,2024年,3720949,千円
30000000,3_鉱物性燃料,260,7月_金額,50111,111_タイ,2023000000,2023年,3193325,千円
30000000,3_鉱物性燃料,260,7月_金額,50111,111_タイ,2022000000,2022年,94490,千円
30000000,3_鉱物性燃料,260,7月_金額,50111,111_タイ,2021000000,2021年,297681,千円
30000000,3_鉱物性燃料,260,7月_金額,50112,112_シンガポール,2025000000,2025年,2707338,千円
30000000,3_鉱物性燃料,260,7月_金額,50112,112_シンガポール,2024000000,2024年,6116722,千円
30000000,3_鉱物性燃料,260,7月_金額,50112,112_シンガポール,2023000000,2023年,1588400,千円
30000000,3_鉱物性燃料,260,7月_金額,50112,112_シンガポール,2022000000,2022年,4792653,千円
30000000,3_鉱物性燃料,260,7月_金額,50112,112_シンガポール,2021000000,2021年,3370470,千円
30000000,3_鉱物性燃料,260,7月_金額,50113,113_マレーシア,2025000000,2025年,70439529,千円
30000000,3_鉱物性燃料,260,7月_金額,50113,113_マレーシア,2024000000,2024年,68559268,千円
30000000,3_鉱物性燃料,260,7月_金額,50113,113_マレーシア,2023000000,2023年,46387199,千円
30000000,3_鉱物性燃料,260,7月_金額,50113,113_マレーシア,2022000000,2022年,150403752,千円
30000000,3_鉱物性燃料,260,7月_金額,50113,113_マレーシア,2021000000,2021年,57275955,千円
30000000,3_鉱物性燃料,260,7月_金額,50116,116_ブルネイ,2025000000,2025年,17810336,千円
30000000,3_鉱物性燃料,260,7月_金額,50116,116_ブルネイ,2024000000,2024年,44492772,千円
30000000,3_鉱物性燃料,260,7月_金額,50116,116_ブルネイ,2023000000,2023年,27482581,千円
30000000,3_鉱物性燃料,260,7月_金額,50116,116_ブルネイ,2022000000,2022年,35114448,千円
30000000,3_鉱物性燃料,260,7月_金額,50116,116_ブルネイ,2021000000,2021年,20411631,千円
30000000,3_鉱物性燃料,260,7月_金額,50117,117_フィリピン,2025000000,2025年,0,千円
30000000,3_鉱物性燃料,260,7月_金額,50117,117_フィリピン,2024000000,2024年,6523,千円
30000000,3_鉱物性燃料,260,7月_金額,50117,117_フィリピン,2023000000,2023年,4793,千円
30000000,3_鉱物性燃料,260,7月_金額,50117,117_フィリピン,2022000000,2022年,13747,千円
30000000,3_鉱物性燃料,260,7月_金額,50117,117_フィリピン,2021000000,2021年,287,千円
30000000,3_鉱物性燃料,260,7月_金額,50118,118_インドネシア,2025000000,2025年,67719626,千円
30000000,3_鉱物性燃料,260,7月_金額,50118,118_インドネシア,2024000000,2024年,108562614,千円
30000000,3_鉱物性燃料,260,7月_金額,50118,118_インドネシア,2023000000,2023年,107229241,千円
30000000,3_鉱物性燃料,260,7月_金額,50118,118_インドネシア,2022000000,2022年,152899252,千円
30000000,3_鉱物性燃料,260,7月_金額,50118,118_インドネシア,2021000000,2021年,37138671,千円
30000000,3_鉱物性燃料,260,7月_金額,50123,123_インド,2025000000,2025年,2350042,千円
30000000,3_鉱物性燃料,260,7月_金額,50123,123_インド,2024000000,2024年,1105,千円
30000000,3_鉱物性燃料,260,7月_金額,50123,123_インド,2023000000,2023年,0,千円
30000000,3_鉱物性燃料,260,7月_金額,50123,123_インド,2022000000,2022年,4579329,千円
30000000,3_鉱物性燃料,260,7月_金額,50123,123_インド,2021000000,2021年,4738748,千円
30000000,3_鉱物性燃料,260,7月_金額,50124,124_パキスタン,2025000000,2025年,0,千円
30000000,3_鉱物性燃料,260,7月_金額,50124,124_パキスタン,2023000000,2023年,0,千円
30000000,3_鉱物性燃料,260,7月_金額,50124,124_パキスタン,2022000000,2022年,0,千円
30000000,3_鉱物性燃料,260,7月_金額,50124,124_パキスタン,2021000000,2021年,0,千円
30000000,3_鉱物性燃料,260,7月_金額,50125,125_スリランカ,2025000000,2025年,0,千円
30000000,3_鉱物性燃料,260,7月_金額,50125,125_スリランカ,2024000000,2024年,0,千円
30000000,3_鉱物性燃料,260,7月_金額,50125,125_スリランカ,2023000000,2023年,0,千円
30000000,3_鉱物性燃料,260,7月_金額,50125,125_スリランカ,2022000000,2022年,705,千円
30000000,3_鉱物性燃料,260,7月_金額,50125,125_スリランカ,2021000000,2021年,0,千円
30000000,3_鉱物性燃料,260,7月_金額,50126,126_モルディブ,2022000000,2022年,0,千円
30000000,3_鉱物性燃料,260,7月_金額,50127,127_バングラデシュ,2024000000,2024年,0,千円
30000000,3_鉱物性燃料,260,7月_金額,50128,128_東ティモール,2025000000,2025年,0,千円
30000000,3_鉱物性燃料,260,7月_金額,50128,128_東ティモール,2023000000,2023年,0,千円
30000000,3_鉱物性燃料,260,7月_金額,50128,128_東ティモール,2022000000,2022年,0,千円
30000000,3_鉱物性燃料,260,7月_金額,50128,128_東ティモール,2021000000,2021年,681166,千円
30000000,3_鉱物性燃料,260,7月_金額,50134,134_イラク,2025000000,2025年,0,千円
30000000,3_鉱物性燃料,260,7月_金額,50134,134_イラク,2024000000,2024年,0,千円
30000000,3_鉱物性燃料,260,7月_金額,50134,134_イラク,2023000000,2023年,0,千円
30000000,3_鉱物性燃料,260,7月_金額,50134,134_イラク,2021000000,2021年,0,千円
30000000,3_鉱物性燃料,260,7月_金額,50135,135_バーレーン,2025000000,2025年,833225,千円
30000000,3_鉱物性燃料,260,7月_金額,50135,135_バーレーン,2024000000,2024年,0,千円
30000000,3_鉱物性燃料,260,7月_金額,50135,135_バーレーン,2023000000,2023年,3783984,千円
30000000,3_鉱物性燃料,260,7月_金額,50135,135_バーレーン,2022000000,2022年,16678876,千円
30000000,3_鉱物性燃料,260,7月_金額,50135,135_バーレーン,2021000000,2021年,4023703,千円
30000000,3_鉱物性燃料,260,7月_金額,50137,137_サウジアラビア,2025000000,2025年,275194440,千円
30000000,3_鉱物性燃料,260,7月_金額,50137,137_サウジアラビア,2024000000,2024年,400421317,千円
30000000,3_鉱物性燃料,260,7月_金額,50137,137_サウジアラビア,2023000000,2023年,357505923,千円
30000000,3_鉱物性燃料,260,7月_金額,50137,137_サウジアラビア,2022000000,2022年,478240884,千円
30000000,3_鉱物性燃料,260,7月_金額,50137,137_サウジアラビア,2021000000,2021年,215618658,千円
30000000,3_鉱物性燃料,260,7月_金額,50138,138_クウェート,2025000000,2025年,77448994,千円
30000000,3_鉱物性燃料,260,7月_金額,50138,138_クウェート,2024000000,2024年,82259221,千円
30000000,3_鉱物性燃料,260,7月_金額,50138,138_クウェート,2023000000,2023年,86272864,千円
30000000,3_鉱物性燃料,260,7月_金額,50138,138_クウェート,2022000000,2022年,120860220,千円
30000000,3_鉱物性燃料,260,7月_金額,50138,138_クウェート,2021000000,2021年,63173369,千円
30000000,3_鉱物性燃料,260,7月_金額,50140,140_カタール,2025000000,2025年,85486938,千円
30000000,3_鉱物性燃料,260,7月_金額,50140,140_カタール,2024000000,2024年,80536859,千円
30000000,3_鉱物性燃料,260,7月_金額,50140,140_カタール,2023000000,2023年,105380495,千円
30000000,3_鉱物性燃料,260,7月_金額,50140,140_カタール,2022000000,2022年,123750959,千円
30000000,3_鉱物性燃料,260,7月_金額,50140,140_カタール,2021000000,2021年,85974858,千円
30000000,3_鉱物性燃料,260,7月_金額,50141,141_オマーン,2025000000,2025年,13967949,千円
30000000,3_鉱物性燃料,260,7月_金額,50141,141_オマーン,2024000000,2024年,28752322,千円
30000000,3_鉱物性燃料,260,7月_金額,50141,141_オマーン,2023000000,2023年,11525104,千円
30000000,3_鉱物性燃料,260,7月_金額,50141,141_オマーン,2022000000,2022年,37782588,千円
30000000,3_鉱物性燃料,260,7月_金額,50141,141_オマーン,2021000000,2021年,16728416,千円
30000000,3_鉱物性燃料,260,7月_金額,50143,143_イスラエル,2025000000,2025年,1217,千円
30000000,3_鉱物性燃料,260,7月_金額,50143,143_イスラエル,2024000000,2024年,5520,千円
30000000,3_鉱物性燃料,260,7月_金額,50143,143_イスラエル,2023000000,2023年,4685,千円
30000000,3_鉱物性燃料,260,7月_金額,50143,143_イスラエル,2022000000,2022年,8613,千円
30000000,3_鉱物性燃料,260,7月_金額,50143,143_イスラエル,2021000000,2021年,2055,千円
30000000,3_鉱物性燃料,260,7月_金額,50147,147_アラブ首長国連邦,2025000000,2025年,376085646,千円
30000000,3_鉱物性燃料,260,7月_金額,50147,147_アラブ首長国連邦,2024000000,2024年,430369263,千円
30000000,3_鉱物性燃料,260,7月_金額,50147,147_アラブ首長国連邦,2023000000,2023年,357766062,千円
30000000,3_鉱物性燃料,260,7月_金額,50147,147_アラブ首長国連邦,2022000000,2022年,526178996,千円
30000000,3_鉱物性燃料,260,7月_金額,50147,147_アラブ首長国連邦,2021000000,2021年,241791995,千円
30000000,3_鉱物性燃料,260,7月_金額,50153,153_カザフスタン,2025000000,2025年,975898,千円
30000000,3_鉱物性燃料,260,7月_金額,50153,153_カザフスタン,2024000000,2024年,671986,千円
30000000,3_鉱物性燃料,260,7月_金額,50153,153_カザフスタン,2023000000,2023年,0,千円
30000000,3_鉱物性燃料,260,7月_金額,50153,153_カザフスタン,2022000000,2022年,0,千円
30000000,3_鉱物性燃料,260,7月_金額,50153,153_カザフスタン,2021000000,2021年,971471,千円
30000000,3_鉱物性燃料,260,7月_金額,50202,202_ノルウェー,2025000000,2025年,0,千円
30000000,3_鉱物性燃料,260,7月_金額,50202,202_ノルウェー,2024000000,2024年,0,千円
30000000,3_鉱物性燃料,260,7月_金額,50202,202_ノルウェー,2023000000,2023年,807,千円
30000000,3_鉱物性燃料,260,7月_金額,50202,202_ノルウェー,2022000000,2022年,1015,千円
30000000,3_鉱物性燃料,260,7月_金額,50202,202_ノルウェー,2021000000,2021年,0,千円
30000000,3_鉱物性燃料,260,7月_金額,50203,203_スウェーデン,2025000000,2025年,21147,千円
30000000,3_鉱物性燃料,260,7月_金額,50203,203_スウェーデン,2024000000,2024年,15760,千円
30000000,3_鉱物性燃料,260,7月_金額,50203,203_スウェーデン,2023000000,2023年,24395,千円
30000000,3_鉱物性燃料,260,7月_金額,50203,203_スウェーデン,2022000000,2022年,6822,千円
30000000,3_鉱物性燃料,260,7月_金額,50203,203_スウェーデン,2021000000,2021年,13570,千円
30000000,3_鉱物性燃料,260,7月_金額,50204,204_デンマーク,2025000000,2025年,2068,千円
30000000,3_鉱物性燃料,260,7月_金額,50204,204_デンマーク,2024000000,2024年,4545,千円
30000000,3_鉱物性燃料,260,7月_金額,50204,204_デンマーク,2023000000,2023年,3316,千円
30000000,3_鉱物性燃料,260,7月_金額,50204,204_デンマーク,2022000000,2022年,1046,千円
30000000,3_鉱物性燃料,260,7月_金額,50204,204_デンマーク,2021000000,2021年,2972,千円
30000000,3_鉱物性燃料,260,7月_金額,50205,205_英国,2025000000,2025年,164039,千円
30000000,3_鉱物性燃料,260,7月_金額,50205,205_英国,2024000000,2024年,202551,千円
30000000,3_鉱物性燃料,260,7月_金額,50205,205_英国,2023000000,2023年,120265,千円
30000000,3_鉱物性燃料,260,7月_金額,50205,205_英国,2022000000,2022年,51690,千円
30000000,3_鉱物性燃料,260,7月_金額,50205,205_英国,2021000000,2021年,61136,千円
30000000,3_鉱物性燃料,260,7月_金額,50206,206_アイルランド,2025000000,2025年,7216,千円
30000000,3_鉱物性燃料,260,7月_金額,50206,206_アイルランド,2024000000,2024年,17525,千円
30000000,3_鉱物性燃料,260,7月_金額,50206,206_アイルランド,2023000000,2023年,11908,千円
30000000,3_鉱物性燃料,260,7月_金額,50206,206_アイルランド,2022000000,2022年,10234,千円
30000000,3_鉱物性燃料,260,7月_金額,50206,206_アイルランド,2021000000,2021年,6845,千円
30000000,3_鉱物性燃料,260,7月_金額,50207,207_オランダ,2025000000,2025年,64035,千円
30000000,3_鉱物性燃料,260,7月_金額,50207,207_オランダ,2024000000,2024年,51362,千円
30000000,3_鉱物性燃料,260,7月_金額,50207,207_オランダ,2023000000,2023年,34762,千円
30000000,3_鉱物性燃料,260,7月_金額,50207,207_オランダ,2022000000,2022年,23095,千円
30000000,3_鉱物性燃料,260,7月_金額,50207,207_オランダ,2021000000,2021年,145583,千円
30000000,3_鉱物性燃料,260,7月_金額,50208,208_ベルギー,2025000000,2025年,35779,千円
30000000,3_鉱物性燃料,260,7月_金額,50208,208_ベルギー,2024000000,2024年,1997828,千円
30000000,3_鉱物性燃料,260,7月_金額,50208,208_ベルギー,2023000000,2023年,38818,千円
30000000,3_鉱物性燃料,260,7月_金額,50208,208_ベルギー,2022000000,2022年,49986,千円
30000000,3_鉱物性燃料,260,7月_金額,50208,208_ベルギー,2021000000,2021年,199253,千円
30000000,3_鉱物性燃料,260,7月_金額,50209,209_ルクセンブルク,2025000000,2025年,0,千円
30000000,3_鉱物性燃料,260,7月_金額,50209,209_ルクセンブルク,2021000000,2021年,345,千円
30000000,3_鉱物性燃料,260,7月_金額,50210,210_フランス,2025000000,2025年,344055,千円
30000000,3_鉱物性燃料,260,7月_金額,50210,210_フランス,2024000000,2024年,600584,千円
30000000,3_鉱物性燃料,260,7月_金額,50210,210_フランス,2023000000,2023年,631360,千円
30000000,3_鉱物性燃料,260,7月_金額,50210,210_フランス,2022000000,2022年,463757,千円
30000000,3_鉱物性燃料,260,7月_金額,50210,210_フランス,2021000000,2021年,264339,千円
30000000,3_鉱物性燃料,260,7月_金額,50213,213_ドイツ,2025000000,2025年,347819,千円
30000000,3_鉱物性燃料,260,7月_金額,50213,213_ドイツ,2024000000,2024年,568661,千円
30000000,3_鉱物性燃料,260,7月_金額,50213,213_ドイツ,2023000000,2023年,242208,千円
30000000,3_鉱物性燃料,260,7月_金額,50213,213_ドイツ,2022000000,2022年,315421,千円
30000000,3_鉱物性燃料,260,7月_金額,50213,213_ドイツ,2021000000,2021年,194394,千円
30000000,3_鉱物性燃料,260,7月_金額,50215,215_スイス,2025000000,2025年,24750,千円
30000000,3_鉱物性燃料,260,7月_金額,50215,215_スイス,2024000000,2024年,23359,千円
30000000,3_鉱物性燃料,260,7月_金額,50215,215_スイス,2023000000,2023年,36738,千円
30000000,3_鉱物性燃料,260,7月_金額,50215,215_スイス,2022000000,2022年,27037,千円
30000000,3_鉱物性燃料,260,7月_金額,50215,215_スイス,2021000000,2021年,23300,千円
30000000,3_鉱物性燃料,260,7月_金額,50218,218_スペイン,2025000000,2025年,52260,千円
30000000,3_鉱物性燃料,260,7月_金額,50218,218_スペイン,2024000000,2024年,88457,千円
30000000,3_鉱物性燃料,260,7月_金額,50218,218_スペイン,2023000000,2023年,61936,千円
30000000,3_鉱物性燃料,260,7月_金額,50218,218_スペイン,2022000000,2022年,53558,千円
30000000,3_鉱物性燃料,260,7月_金額,50218,218_スペイン,2021000000,2021年,6806288,千円
30000000,3_鉱物性燃料,260,7月_金額,50220,220_イタリア,2025000000,2025年,54691,千円
30000000,3_鉱物性燃料,260,7月_金額,50220,220_イタリア,2024000000,2024年,99632,千円
30000000,3_鉱物性燃料,260,7月_金額,50220,220_イタリア,2023000000,2023年,3153480,千円
30000000,3_鉱物性燃料,260,7月_金額,50220,220_イタリア,2022000000,2022年,41401,千円
30000000,3_鉱物性燃料,260,7月_金額,50220,220_イタリア,2021000000,2021年,37528,千円
30000000,3_鉱物性燃料,260,7月_金額,50221,221_マルタ,2023000000,2023年,0,千円
30000000,3_鉱物性燃料,260,7月_金額,50221,221_マルタ,2021000000,2021年,0,千円
30000000,3_鉱物性燃料,260,7月_金額,50222,222_フィンランド,2025000000,2025年,5644,千円
30000000,3_鉱物性燃料,260,7月_金額,50222,222_フィンランド,2024000000,2024年,15012,千円
30000000,3_鉱物性燃料,260,7月_金額,50222,222_フィンランド,2023000000,2023年,4112,千円
30000000,3_鉱物性燃料,260,7月_金額,50222,222_フィンランド,2022000000,2022年,7955,千円
30000000,3_鉱物性燃料,260,7月_金額,50222,222_フィンランド,2021000000,2021年,3908,千円
30000000,3_鉱物性燃料,260,7月_金額,50223,223_ポーランド,2025000000,2025年,0,千円
30000000,3_鉱物性燃料,260,7月_金額,50223,223_ポーランド,2024000000,2024年,0,千円
30000000,3_鉱物性燃料,260,7月_金額,50223,223_ポーランド,2023000000,2023年,93518,千円
30000000,3_鉱物性燃料,260,7月_金額,50223,223_ポーランド,2022000000,2022年,0,千円
30000000,3_鉱物性燃料,260,7月_金額,50223,223_ポーランド,2021000000,2021年,0,千円
30000000,3_鉱物性燃料,260,7月_金額,50224,224_ロシア,2025000000,2025年,44350686,千円
30000000,3_鉱物性燃料,260,7月_金額,50224,224_ロシア,2024000000,2024年,10629614,千円
30000000,3_鉱物性燃料,260,7月_金額,50224,224_ロシア,2023000000,2023年,31181653,千円
30000000,3_鉱物性燃料,260,7月_金額,50224,224_ロシア,2022000000,2022年,124322664,千円
30000000,3_鉱物性燃料,260,7月_金額,50224,224_ロシア,2021000000,2021年,83745133,千円
30000000,3_鉱物性燃料,260,7月_金額,50225,225_オーストリア,2025000000,2025年,777,千円
30000000,3_鉱物性燃料,260,7月_金額,50225,225_オーストリア,2024000000,2024年,1730,千円
30000000,3_鉱物性燃料,260,7月_金額,50225,225_オーストリア,2023000000,2023年,592,千円
30000000,3_鉱物性燃料,260,7月_金額,50225,225_オーストリア,2022000000,2022年,270,千円
30000000,3_鉱物性燃料,260,7月_金額,50225,225_オーストリア,2021000000,2021年,394,千円
30000000,3_鉱物性燃料,260,7月_金額,50227,227_ハンガリー,2025000000,2025年,0,千円
30000000,3_鉱物性燃料,260,7月_金額,50227,227_ハンガリー,2023000000,2023年,0,千円
30000000,3_鉱物性燃料,260,7月_金額,50227,227_ハンガリー,2021000000,2021年,0,千円
30000000,3_鉱物性燃料,260,7月_金額,50228,228_セルビア,2022000000,2022年,0,千円
30000000,3_鉱物性燃料,260,7月_金額,50228,228_セルビア,2021000000,2021年,0,千円
30000000,3_鉱物性燃料,260,7月_金額,50230,230_ギリシャ,2025000000,2025年,0,千円
30000000,3_鉱物性燃料,260,7月_金額,50230,230_ギリシャ,2024000000,2024年,1146,千円
30000000,3_鉱物性燃料,260,7月_金額,50230,230_ギリシャ,2023000000,2023年,0,千円
30000000,3_鉱物性燃料,260,7月_金額,50230,230_ギリシャ,2022000000,2022年,242,千円
30000000,3_鉱物性燃料,260,7月_金額,50230,230_ギリシャ,2021000000,2021年,479,千円
30000000,3_鉱物性燃料,260,7月_金額,50231,231_ルーマニア,2025000000,2025年,0,千円
30000000,3_鉱物性燃料,260,7月_金額,50231,231_ルーマニア,2021000000,2021年,0,千円
30000000,3_鉱物性燃料,260,7月_金額,50232,232_ブルガリア,2023000000,2023年,0,千円
30000000,3_鉱物性燃料,260,7月_金額,50232,232_ブルガリア,2022000000,2022年,0,千円
30000000,3_鉱物性燃料,260,7月_金額,50234,234_トルコ,2025000000,2025年,0,千円
30000000,3_鉱物性燃料,260,7月_金額,50234,234_トルコ,2024000000,2024年,0,千円
30000000,3_鉱物性燃料,260,7月_金額,50234,234_トルコ,2023000000,2023年,4348,千円
30000000,3_鉱物性燃料,260,7月_金額,50234,234_トルコ,2022000000,2022年,0,千円
30000000,3_鉱物性燃料,260,7月_金額,50234,234_トルコ,2021000000,2021年,7176,千円
30000000,3_鉱物性燃料,260,7月_金額,50235,235_エストニア,2025000000,2025年,5277,千円
30000000,3_鉱物性燃料,260,7月_金額,50235,235_エストニア,2024000000,2024年,6619,千円
30000000,3_鉱物性燃料,260,7月_金額,50235,235_エストニア,2023000000,2023年,31406,千円
30000000,3_鉱物性燃料,260,7月_金額,50235,235_エストニア,2022000000,2022年,12565,千円
30000000,3_鉱物性燃料,260,7月_金額,50235,235_エストニア,2021000000,2021年,6973,千円
30000000,3_鉱物性燃料,260,7月_金額,50236,236_ラトビア,2025000000,2025年,157517,千円
30000000,3_鉱物性燃料,260,7月_金額,50236,236_ラトビア,2024000000,2024年,91338,千円
30000000,3_鉱物性燃料,260,7月_金額,50236,236_ラトビア,2023000000,2023年,89049,千円
30000000,3_鉱物性燃料,260,7月_金額,50236,236_ラトビア,2022000000,2022年,104974,千円
30000000,3_鉱物性燃料,260,7月_金額,50236,236_ラトビア,2021000000,2021年,108754,千円
30000000,3_鉱物性燃料,260,7月_金額,50237,237_リトアニア,2025000000,2025年,39824,千円
30000000,3_鉱物性燃料,260,7月_金額,50237,237_リトアニア,2024000000,2024年,56273,千円
30000000,3_鉱物性燃料,260,7月_金額,50237,237_リトアニア,2023000000,2023年,44594,千円
30000000,3_鉱物性燃料,260,7月_金額,50237,237_リトアニア,2022000000,2022年,18729,千円
30000000,3_鉱物性燃料,260,7月_金額,50237,237_リトアニア,2021000000,2021年,13095,千円
30000000,3_鉱物性燃料,260,7月_金額,50238,238_ウクライナ,2025000000,2025年,494,千円
30000000,3_鉱物性燃料,260,7月_金額,50238,238_ウクライナ,2024000000,2024年,0,千円
30000000,3_鉱物性燃料,260,7月_金額,50238,238_ウクライナ,2023000000,2023年,1417,千円
30000000,3_鉱物性燃料,260,7月_金額,50238,238_ウクライナ,2022000000,2022年,0,千円
30000000,3_鉱物性燃料,260,7月_金額,50238,238_ウクライナ,2021000000,2021年,0,千円
30000000,3_鉱物性燃料,260,7月_金額,50241,241_クロアチア,2025000000,2025年,1479,千円
30000000,3_鉱物性燃料,260,7月_金額,50241,241_クロアチア,2021000000,2021年,0,千円
30000000,3_鉱物性燃料,260,7月_金額,50245,245_チェコ,2025000000,2025年,0,千円
30000000,3_鉱物性燃料,260,7月_金額,50245,245_チェコ,2024000000,2024年,0,千円
30000000,3_鉱物性燃料,260,7月_金額,50245,245_チェコ,2023000000,2023年,0,千円
30000000,3_鉱物性燃料,260,7月_金額,50245,245_チェコ,2021000000,2021年,0,千円
30000000,3_鉱物性燃料,260,7月_金額,50246,246_スロバキア,2023000000,2023年,710,千円
30000000,3_鉱物性燃料,260,7月_金額,50302,302_カナダ,2025000000,2025年,20259115,千円
30000000,3_鉱物性燃料,260,7月_金額,50302,302_カナダ,2024000000,2024年,48703308,千円
30000000,3_鉱物性燃料,260,7月_金額,50302,302_カナダ,2023000000,2023年,39491834,千円
30000000,3_鉱物性燃料,260,7月_金額,50302,302_カナダ,2022000000,2022年,57034504,千円
30000000,3_鉱物性燃料,260,7月_金額,50302,302_カナダ,2021000000,2021年,17897821,千円
30000000,3_鉱物性燃料,260,7月_金額,50304,304_アメリカ合衆国,2025000000,2025年,165979872,千円
30000000,3_鉱物性燃料,260,7月_金額,50304,304_アメリカ合衆国,2024000000,2024年,146487187,千円
30000000,3_鉱物性燃料,260,7月_金額,50304,304_アメリカ合衆国,2023000000,2023年,131609475,千円
30000000,3_鉱物性燃料,260,7月_金額,50304,304_アメリカ合衆国,2022000000,2022年,211186629,千円
30000000,3_鉱物性燃料,260,7月_金額,50304,304_アメリカ合衆国,2021000000,2021年,96802032,千円
30000000,3_鉱物性燃料,260,7月_金額,50305,305_メキシコ,2025000000,2025年,266,千円
30000000,3_鉱物性燃料,260,7月_金額,50305,305_メキシコ,2024000000,2024年,0,千円
30000000,3_鉱物性燃料,260,7月_金額,50305,305_メキシコ,2023000000,2023年,0,千円
30000000,3_鉱物性燃料,260,7月_金額,50305,305_メキシコ,2022000000,2022年,8249449,千円
30000000,3_鉱物性燃料,260,7月_金額,50305,305_メキシコ,2021000000,2021年,0,千円
30000000,3_鉱物性燃料,260,7月_金額,50309,309_エルサルバドル,2025000000,2025年,0,千円
30000000,3_鉱物性燃料,260,7月_金額,50309,309_エルサルバドル,2024000000,2024年,0,千円
30000000,3_鉱物性燃料,260,7月_金額,50309,309_エルサルバドル,2022000000,2022年,0,千円
30000000,3_鉱物性燃料,260,7月_金額,50311,311_コスタリカ,2025000000,2025年,212,千円
30000000,3_鉱物性燃料,260,7月_金額,50311,311_コスタリカ,2024000000,2024年,1919,千円
30000000,3_鉱物性燃料,260,7月_金額,50311,311_コスタリカ,2023000000,2023年,687,千円
30000000,3_鉱物性燃料,260,7月_金額,50311,311_コスタリカ,2022000000,2022年,587,千円
30000000,3_鉱物性燃料,260,7月_金額,50311,311_コスタリカ,2021000000,2021年,0,千円
30000000,3_鉱物性燃料,260,7月_金額,50312,312_パナマ,2024000000,2024年,19816,千円
30000000,3_鉱物性燃料,260,7月_金額,50312,312_パナマ,2023000000,2023年,8988,千円
30000000,3_鉱物性燃料,260,7月_金額,50312,312_パナマ,2022000000,2022年,0,千円
30000000,3_鉱物性燃料,260,7月_金額,50320,320_トリニダード・トバゴ,2024000000,2024年,0,千円
30000000,3_鉱物性燃料,260,7月_金額,50320,320_トリニダード・トバゴ,2023000000,2023年,0,千円
30000000,3_鉱物性燃料,260,7月_金額,50320,320_トリニダード・トバゴ,2022000000,2022年,0,千円
30000000,3_鉱物性燃料,260,7月_金額,50321,321_キューバ,2023000000,2023年,0,千円
30000000,3_鉱物性燃料,260,7月_金額,50328,328_ケイマン諸島(英),2023000000,2023年,0,千円
30000000,3_鉱物性燃料,260,7月_金額,50401,401_コロンビア,2025000000,2025年,1462742,千円
30000000,3_鉱物性燃料,260,7月_金額,50401,401_コロンビア,2024000000,2024年,1942008,千円
30000000,3_鉱物性燃料,260,7月_金額,50401,401_コロンビア,2023000000,2023年,8609383,千円
30000000,3_鉱物性燃料,260,7月_金額,50401,401_コロンビア,2022000000,2022年,7546500,千円
30000000,3_鉱物性燃料,260,7月_金額,50401,401_コロンビア,2021000000,2021年,0,千円
30000000,3_鉱物性燃料,260,7月_金額,50406,406_エクアドル,2025000000,2025年,10517255,千円
30000000,3_鉱物性燃料,260,7月_金額,50406,406_エクアドル,2024000000,2024年,7890623,千円
30000000,3_鉱物性燃料,260,7月_金額,50406,406_エクアドル,2023000000,2023年,12613743,千円
30000000,3_鉱物性燃料,260,7月_金額,50406,406_エクアドル,2022000000,2022年,25924936,千円
30000000,3_鉱物性燃料,260,7月_金額,50406,406_エクアドル,2021000000,2021年,11767353,千円
30000000,3_鉱物性燃料,260,7月_金額,50407,407_ペルー,2025000000,2025年,8788829,千円
30000000,3_鉱物性燃料,260,7月_金額,50407,407_ペルー,2024000000,2024年,11863892,千円
30000000,3_鉱物性燃料,260,7月_金額,50407,407_ペルー,2023000000,2023年,2993287,千円
30000000,3_鉱物性燃料,260,7月_金額,50407,407_ペルー,2022000000,2022年,8778836,千円
30000000,3_鉱物性燃料,260,7月_金額,50407,407_ペルー,2021000000,2021年,5357129,千円
30000000,3_鉱物性燃料,260,7月_金額,50409,409_チリ,2023000000,2023年,211,千円
30000000,3_鉱物性燃料,260,7月_金額,50409,409_チリ,2022000000,2022年,0,千円
30000000,3_鉱物性燃料,260,7月_金額,50410,410_ブラジル,2025000000,2025年,0,千円
30000000,3_鉱物性燃料,260,7月_金額,50410,410_ブラジル,2024000000,2024年,0,千円
30000000,3_鉱物性燃料,260,7月_金額,50410,410_ブラジル,2023000000,2023年,6753,千円
30000000,3_鉱物性燃料,260,7月_金額,50410,410_ブラジル,2022000000,2022年,28938,千円
30000000,3_鉱物性燃料,260,7月_金額,50410,410_ブラジル,2021000000,2021年,8538552,千円
30000000,3_鉱物性燃料,260,7月_金額,50411,411_パラグアイ,2023000000,2023年,0,千円
30000000,3_鉱物性燃料,260,7月_金額,50412,412_ウルグアイ,2022000000,2022年,0,千円
30000000,3_鉱物性燃料,260,7月_金額,50413,413_アルゼンチン,2023000000,2023年,0,千円
30000000,3_鉱物性燃料,260,7月_金額,50503,503_アルジェリア,2025000000,2025年,2532261,千円
30000000,3_鉱物性燃料,260,7月_金額,50503,503_アルジェリア,2024000000,2024年,0,千円
30000000,3_鉱物性燃料,260,7月_金額,50503,503_アルジェリア,2023000000,2023年,0,千円
30000000,3_鉱物性燃料,260,7月_金額,50503,503_アルジェリア,2022000000,2022年,9770961,千円
30000000,3_鉱物性燃料,260,7月_金額,50503,503_アルジェリア,2021000000,2021年,2309009,千円
30000000,3_鉱物性燃料,260,7月_金額,50505,505_リビア,2021000000,2021年,1898901,千円
30000000,3_鉱物性燃料,260,7月_金額,50506,506_エジプト,2025000000,2025年,0,千円
30000000,3_鉱物性燃料,260,7月_金額,50506,506_エジプト,2024000000,2024年,25768,千円
30000000,3_鉱物性燃料,260,7月_金額,50506,506_エジプト,2023000000,2023年,367,千円
30000000,3_鉱物性燃料,260,7月_金額,50506,506_エジプト,2022000000,2022年,20747,千円
30000000,3_鉱物性燃料,260,7月_金額,50506,506_エジプト,2021000000,2021年,496487,千円
30000000,3_鉱物性燃料,260,7月_金額,50524,524_ナイジェリア,2025000000,2025年,0,千円
30000000,3_鉱物性燃料,260,7月_金額,50524,524_ナイジェリア,2024000000,2024年,19106466,千円
30000000,3_鉱物性燃料,260,7月_金額,50524,524_ナイジェリア,2023000000,2023年,0,千円
30000000,3_鉱物性燃料,260,7月_金額,50524,524_ナイジェリア,2022000000,2022年,30630606,千円
30000000,3_鉱物性燃料,260,7月_金額,50524,524_ナイジェリア,2021000000,2021年,0,千円
30000000,3_鉱物性燃料,260,7月_金額,50525,525_ニジェール,2025000000,2025年,0,千円
30000000,3_鉱物性燃料,260,7月_金額,50527,527_カメルーン,2024000000,2024年,0,千円
30000000,3_鉱物性燃料,260,7月_金額,50530,530_赤道ギニア,2025000000,2025年,0,千円
30000000,3_鉱物性燃料,260,7月_金額,50530,530_赤道ギニア,2024000000,2024年,19244965,千円
30000000,3_鉱物性燃料,260,7月_金額,50530,530_赤道ギニア,2023000000,2023年,0,千円
30000000,3_鉱物性燃料,260,7月_金額,50530,530_赤道ギニア,2022000000,2022年,0,千円
30000000,3_鉱物性燃料,260,7月_金額,50530,530_赤道ギニア,2021000000,2021年,0,千円
30000000,3_鉱物性燃料,260,7月_金額,50535,535_アンゴラ,2022000000,2022年,0,千円
30000000,3_鉱物性燃料,260,7月_金額,50545,545_モザンビーク,2025000000,2025年,12702404,千円
30000000,3_鉱物性燃料,260,7月_金額,50545,545_モザンビーク,2024000000,2024年,0,千円
30000000,3_鉱物性燃料,260,7月_金額,50545,545_モザンビーク,2023000000,2023年,0,千円
30000000,3_鉱物性燃料,260,7月_金額,50545,545_モザンビーク,2022000000,2022年,0,千円
30000000,3_鉱物性燃料,260,7月_金額,50545,545_モザンビーク,2021000000,2021年,2773308,千円
30000000,3_鉱物性燃料,260,7月_金額,50547,547_モーリシャス,2024000000,2024年,0,千円
30000000,3_鉱物性燃料,260,7月_金額,50547,547_モーリシャス,2022000000,2022年,0,千円
30000000,3_鉱物性燃料,260,7月_金額,50547,547_モーリシャス,2021000000,2021年,0,千円
30000000,3_鉱物性燃料,260,7月_金額,50551,551_南アフリカ共和国,2025000000,2025年,3243088,千円
30000000,3_鉱物性燃料,260,7月_金額,50551,551_南アフリカ共和国,2024000000,2024年,4761593,千円
30000000,3_鉱物性燃料,260,7月_金額,50551,551_南アフリカ共和国,2023000000,2023年,13294686,千円
30000000,3_鉱物性燃料,260,7月_金額,50551,551_南アフリカ共和国,2022000000,2022年,3183866,千円
30000000,3_鉱物性燃料,260,7月_金額,50551,551_南アフリカ共和国,2021000000,2021年,37815,千円
30000000,3_鉱物性燃料,260,7月_金額,50560,560_南スーダン,2025000000,2025年,0,千円
30000000,3_鉱物性燃料,260,7月_金額,50560,560_南スーダン,2024000000,2024年,0,千円
30000000,3_鉱物性燃料,260,7月_金額,50560,560_南スーダン,2023000000,2023年,0,千円
30000000,3_鉱物性燃料,260,7月_金額,50560,560_南スーダン,2022000000,2022年,0,千円
30000000,3_鉱物性燃料,260,7月_金額,50560,560_南スーダン,2021000000,2021年,1462209,千円
30000000,3_鉱物性燃料,260,7月_金額,50601,601_オーストラリア,2025000000,2025年,381517506,千円
30000000,3_鉱物性燃料,260,7月_金額,50601,601_オーストラリア,2024000000,2024年,522021157,千円
30000000,3_鉱物性燃料,260,7月_金額,50601,601_オーストラリア,2023000000,2023年,494867558,千円
30000000,3_鉱物性燃料,260,7月_金額,50601,601_オーストラリア,2022000000,2022年,822151545,千円
30000000,3_鉱物性燃料,260,7月_金額,50601,601_オーストラリア,2021000000,2021年,272736600,千円
30000000,3_鉱物性燃料,260,7月_金額,50602,602_パプアニューギニア,2025000000,2025年,19882142,千円
30000000,3_鉱物性燃料,260,7月_金額,50602,602_パプアニューギニア,2024000000,2024年,21673673,千円
30000000,3_鉱物性燃料,260,7月_金額,50602,602_パプアニューギニア,2023000000,2023年,30629553,千円
30000000,3_鉱物性燃料,260,7月_金額,50602,602_パプアニューギニア,2022000000,2022年,58248967,千円
30000000,3_鉱物性燃料,260,7月_金額,50602,602_パプアニューギニア,2021000000,2021年,20552448,千円
30000000,3_鉱物性燃料,260,7月_金額,50606,606_ニュージーランド,2025000000,2025年,420500,千円
30000000,3_鉱物性燃料,260,7月_金額,50606,606_ニュージーランド,2024000000,2024年,1085055,千円
30000000,3_鉱物性燃料,260,7月_金額,50606,606_ニュージーランド,2023000000,2023年,3666756,千円
30000000,3_鉱物性燃料,260,7月_金額,50606,606_ニュージーランド,2022000000,2022年,1688828,千円
30000000,3_鉱物性燃料,260,7月_金額,50606,606_ニュージーランド,2021000000,2021年,0,千円
30000000,3_鉱物性燃料,260,7月_金額,50618,618_ニューカレドニア(仏),2024000000,2024年,0,千円
30000000,3_鉱物性燃料,260,7月_金額,50618,618_ニューカレドニア(仏),2023000000,2023年,0,千円
30000000,3_鉱物性燃料,260,7月_金額,50625,625_マーシャル,2024000000,2024年,0,千円
30000000,3_鉱物性燃料,260,7月_金額,50625,625_マーシャル,2022000000,2022年,0,千円
30000000,3_鉱物性燃料,260,7月_金額,50625,625_マーシャル,2021000000,2021年,0,千円
30000000,3_鉱物性燃料,260,7月_金額,50626,626_ミクロネシア,2021000000,2021年,0,千円
30000000,3_鉱物性燃料,260,7月_金額,50628,628_パラオ,2025000000,2025年,0,千円
30000000,3_鉱物性燃料,260,7月_金額,50702,702_不明,2025000000,2025年,66790,千円
30000000,3_鉱物性燃料,260,7月_金額,50702,702_不明,2024000000,2024年,49921,千円
30000000,3_鉱物性燃料,260,7月_金額,50702,702_不明,2023000000,2023年,30168,千円
30000000,3_鉱物性燃料,260,7月_金額,50702,702_不明,2022000000,2022年,0,千円
30000000,3_鉱物性燃料,260,7月_金額,50702,702_不明,2021000000,2021年,4522,千円
30000000,3_鉱物性燃料,270,8月_数量,50103,103_大韓民国,2025000000,2025年,0,
30000000,3_鉱物性燃料,270,8月_数量,50103,103_大韓民国,2024000000,2024年,0,
30000000,3_鉱物性燃料,270,8月_数量,50103,103_大韓民国,2023000000,2023年,0,
30000000,3_鉱物性燃料,270,8月_数量,50103,103_大韓民国,2022000000,2022年,0,
30000000,3_鉱物性燃料,270,8月_数量,50103,103_大韓民国,2021000000,2021年,0,
30000000,3_鉱物性燃料,270,8月_数量,50105,105_中華人民共和国,2025000000,2025年,0,
30000000,3_鉱物性燃料,270,8月_数量,50105,105_中華人民共和国,2024000000,2024年,0,
30000000,3_鉱物性燃料,270,8月_数量,50105,105_中華人民共和国,2023000000,2023年,0,
30000000,3_鉱物性燃料,270,8月_数量,50105,105_中華人民共和国,2022000000,2022年,0,
30000000,3_鉱物性燃料,270,8月_数量,50105,105_中華人民共和国,2021000000,2021年,0,
30000000,3_鉱物性燃料,270,8月_数量,50106,106_台湾,2025000000,2025年,0,
30000000,3_鉱物性燃料,270,8月_数量,50106,106_台湾,2024000000,2024年,0,
30000000,3_鉱物性燃料,270,8月_数量,50106,106_台湾,2023000000,2023年,0,
30000000,3_鉱物性燃料,270,8月_数量,50106,106_台湾,2022000000,2022年,0,
30000000,3_鉱物性燃料,270,8月_数量,50106,106_台湾,2021000000,2021年,0,
30000000,3_鉱物性燃料,270,8月_数量,50108,108_香港,2025000000,2025年,0,
30000000,3_鉱物性燃料,270,8月_数量,50108,108_香港,2024000000,2024年,0,
30000000,3_鉱物性燃料,270,8月_数量,50108,108_香港,2023000000,2023年,0,
30000000,3_鉱物性燃料,270,8月_数量,50108,108_香港,2022000000,2022年,0,
30000000,3_鉱物性燃料,270,8月_数量,50108,108_香港,2021000000,2021年,0,
30000000,3_鉱物性燃料,270,8月_数量,50110,110_ベトナム,2025000000,2025年,0,
30000000,3_鉱物性燃料,270,8月_数量,50110,110_ベトナム,2024000000,2024年,0,
30000000,3_鉱物性燃料,270,8月_数量,50110,110_ベトナム,2023000000,2023年,0,
30000000,3_鉱物性燃料,270,8月_数量,50110,110_ベトナム,2022000000,2022年,0,
30000000,3_鉱物性燃料,270,8月_数量,50110,110_ベトナム,2021000000,2021年,0,
30000000,3_鉱物性燃料,270,8月_数量,50111,111_タイ,2025000000,2025年,0,
30000000,3_鉱物性燃料,270,8月_数量,50111,111_タイ,2024000000,2024年,0,
30000000,3_鉱物性燃料,270,8月_数量,50111,111_タイ,2023000000,2023年,0,
30000000,3_鉱物性燃料,270,8月_数量,50111,111_タイ,2022000000,2022年,0,
30000000,3_鉱物性燃料,270,8月_数量,50111,111_タイ,2021000000,2021年,0,
30000000,3_鉱物性燃料,270,8月_数量,50112,112_シンガポール,2025000000,2025年,0,
30000000,3_鉱物性燃料,270,8月_数量,50112,112_シンガポール,2024000000,2024年,0,
30000000,3_鉱物性燃料,270,8月_数量,50112,112_シンガポール,2023000000,2023年,0,
30000000,3_鉱物性燃料,270,8月_数量,50112,112_シンガポール,2022000000,2022年,0,
30000000,3_鉱物性燃料,270,8月_数量,50112,112_シンガポール,2021000000,2021年,0,
30000000,3_鉱物性燃料,270,8月_数量,50113,113_マレーシア,2025000000,2025年,0,
30000000,3_鉱物性燃料,270,8月_数量,50113,113_マレーシア,2024000000,2024年,0,
30000000,3_鉱物性燃料,270,8月_数量,50113,113_マレーシア,2023000000,2023年,0,
30000000,3_鉱物性燃料,270,8月_数量,50113,113_マレーシア,2022000000,2022年,0,
30000000,3_鉱物性燃料,270,8月_数量,50113,113_マレーシア,2021000000,2021年,0,
30000000,3_鉱物性燃料,270,8月_数量,50116,116_ブルネイ,2025000000,2025年,0,
30000000,3_鉱物性燃料,270,8月_数量,50116,116_ブルネイ,2024000000,2024年,0,
30000000,3_鉱物性燃料,270,8月_数量,50116,116_ブルネイ,2023000000,2023年,0,
30000000,3_鉱物性燃料,270,8月_数量,50116,116_ブルネイ,2022000000,2022年,0,
30000000,3_鉱物性燃料,270,8月_数量,50116,116_ブルネイ,2021000000,2021年,0,
30000000,3_鉱物性燃料,270,8月_数量,50117,117_フィリピン,2025000000,2025年,0,
30000000,3_鉱物性燃料,270,8月_数量,50117,117_フィリピン,2024000000,2024年,0,
30000000,3_鉱物性燃料,270,8月_数量,50117,117_フィリピン,2023000000,2023年,0,
30000000,3_鉱物性燃料,270,8月_数量,50117,117_フィリピン,2022000000,2022年,0,
30000000,3_鉱物性燃料,270,8月_数量,50117,117_フィリピン,2021000000,2021年,0,
30000000,3_鉱物性燃料,270,8月_数量,50118,118_インドネシア,2025000000,2025年,0,
30000000,3_鉱物性燃料,270,8月_数量,50118,118_インドネシア,2024000000,2024年,0,
30000000,3_鉱物性燃料,270,8月_数量,50118,118_インドネシア,2023000000,2023年,0,
30000000,3_鉱物性燃料,270,8月_数量,50118,118_インドネシア,2022000000,2022年,0,
30000000,3_鉱物性燃料,270,8月_数量,50118,118_インドネシア,2021000000,2021年,0,
30000000,3_鉱物性燃料,270,8月_数量,50123,123_インド,2025000000,2025年,0,
30000000,3_鉱物性燃料,270,8月_数量,50123,123_インド,2024000000,2024年,0,
30000000,3_鉱物性燃料,270,8月_数量,50123,123_インド,2023000000,2023年,0,
30000000,3_鉱物性燃料,270,8月_数量,50123,123_インド,2022000000,2022年,0,
30000000,3_鉱物性燃料,270,8月_数量,50123,123_インド,2021000000,2021年,0,
30000000,3_鉱物性燃料,270,8月_数量,50124,124_パキスタン,2025000000,2025年,0,
30000000,3_鉱物性燃料,270,8月_数量,50124,124_パキスタン,2023000000,2023年,0,
30000000,3_鉱物性燃料,270,8月_数量,50124,124_パキスタン,2022000000,2022年,0,
30000000,3_鉱物性燃料,270,8月_数量,50124,124_パキスタン,2021000000,2021年,0,
30000000,3_鉱物性燃料,270,8月_数量,50125,125_スリランカ,2025000000,2025年,0,
30000000,3_鉱物性燃料,270,8月_数量,50125,125_スリランカ,2024000000,2024年,0,
30000000,3_鉱物性燃料,270,8月_数量,50125,125_スリランカ,2023000000,2023年,0,
30000000,3_鉱物性燃料,270,8月_数量,50125,125_スリランカ,2022000000,2022年,0,
30000000,3_鉱物性燃料,270,8月_数量,50125,125_スリランカ,2021000000,2021年,0,
30000000,3_鉱物性燃料,270,8月_数量,50126,126_モルディブ,2022000000,2022年,0,
30000000,3_鉱物性燃料,270,8月_数量,50127,127_バングラデシュ,2024000000,2024年,0,
30000000,3_鉱物性燃料,270,8月_数量,50128,128_東ティモール,2025000000,2025年,0,
30000000,3_鉱物性燃料,270,8月_数量,50128,128_東ティモール,2023000000,2023年,0,
30000000,3_鉱物性燃料,270,8月_数量,50128,128_東ティモール,2022000000,2022年,0,
30000000,3_鉱物性燃料,270,8月_数量,50128,128_東ティモール,2021000000,2021年,0,
30000000,3_鉱物性燃料,270,8月_数量,50134,134_イラク,2025000000,2025年,0,
30000000,3_鉱物性燃料,270,8月_数量,50134,134_イラク,2024000000,2024年,0,
30000000,3_鉱物性燃料,270,8月_数量,50134,134_イラク,2023000000,2023年,0,
30000000,3_鉱物性燃料,270,8月_数量,50134,134_イラク,2021000000,2021年,0,
30000000,3_鉱物性燃料,270,8月_数量,50135,135_バーレーン,2025000000,2025年,0,
30000000,3_鉱物性燃料,270,8月_数量,50135,135_バーレーン,2024000000,2024年,0,
30000000,3_鉱物性燃料,270,8月_数量,50135,135_バーレーン,2023000000,2023年,0,
30000000,3_鉱物性燃料,270,8月_数量,50135,135_バーレーン,2022000000,2022年,0,
30000000,3_鉱物性燃料,270,8月_数量,50135,135_バーレーン,2021000000,2021年,0,
30000000,3_鉱物性燃料,270,8月_数量,50137,137_サウジアラビア,2025000000,2025年,0,
30000000,3_鉱物性燃料,270,8月_数量,50137,137_サウジアラビア,2024000000,2024年,0,
30000000,3_鉱物性燃料,270,8月_数量,50137,137_サウジアラビア,2023000000,2023年,0,
30000000,3_鉱物性燃料,270,8月_数量,50137,137_サウジアラビア,2022000000,2022年,0,
30000000,3_鉱物性燃料,270,8月_数量,50137,137_サウジアラビア,2021000000,2021年,0,
30000000,3_鉱物性燃料,270,8月_数量,50138,138_クウェート,2025000000,2025年,0,
30000000,3_鉱物性燃料,270,8月_数量,50138,138_クウェート,2024000000,2024年,0,
30000000,3_鉱物性燃料,270,8月_数量,50138,138_クウェート,2023000000,2023年,0,
30000000,3_鉱物性燃料,270,8月_数量,50138,138_クウェート,2022000000,2022年,0,
30000000,3_鉱物性燃料,270,8月_数量,50138,138_クウェート,2021000000,2021年,0,
30000000,3_鉱物性燃料,270,8月_数量,50140,140_カタール,2025000000,2025年,0,
30000000,3_鉱物性燃料,270,8月_数量,50140,140_カタール,2024000000,2024年,0,
30000000,3_鉱物性燃料,270,8月_数量,50140,140_カタール,2023000000,2023年,0,
30000000,3_鉱物性燃料,270,8月_数量,50140,140_カタール,2022000000,2022年,0,
30000000,3_鉱物性燃料,270,8月_数量,50140,140_カタール,2021000000,2021年,0,
30000000,3_鉱物性燃料,270,8月_数量,50141,141_オマーン,2025000000,2025年,0,
30000000,3_鉱物性燃料,270,8月_数量,50141,141_オマーン,2024000000,2024年,0,
30000000,3_鉱物性燃料,270,8月_数量,50141,141_オマーン,2023000000,2023年,0,
30000000,3_鉱物性燃料,270,8月_数量,50141,141_オマーン,2022000000,2022年,0,
30000000,3_鉱物性燃料,270,8月_数量,50141,141_オマーン,2021000000,2021年,0,
30000000,3_鉱物性燃料,270,8月_数量,50143,143_イスラエル,2025000000,2025年,0,
30000000,3_鉱物性燃料,270,8月_数量,50143,143_イスラエル,2024000000,2024年,0,
30000000,3_鉱物性燃料,270,8月_数量,50143,143_イスラエル,2023000000,2023年,0,
30000000,3_鉱物性燃料,270,8月_数量,50143,143_イスラエル,2022000000,2022年,0,
30000000,3_鉱物性燃料,270,8月_数量,50143,143_イスラエル,2021000000,2021年,0,
30000000,3_鉱物性燃料,270,8月_数量,50147,147_アラブ首長国連邦,2025000000,2025年,0,
30000000,3_鉱物性燃料,270,8月_数量,50147,147_アラブ首長国連邦,2024000000,2024年,0,
30000000,3_鉱物性燃料,270,8月_数量,50147,147_アラブ首長国連邦,2023000000,2023年,0,
30000000,3_鉱物性燃料,270,8月_数量,50147,147_アラブ首長国連邦,2022000000,2022年,0,
30000000,3_鉱物性燃料,270,8月_数量,50147,147_アラブ首長国連邦,2021000000,2021年,0,
30000000,3_鉱物性燃料,270,8月_数量,50153,153_カザフスタン,2025000000,2025年,0,
30000000,3_鉱物性燃料,270,8月_数量,50153,153_カザフスタン,2024000000,2024年,0,
30000000,3_鉱物性燃料,270,8月_数量,50153,153_カザフスタン,2023000000,2023年,0,
30000000,3_鉱物性燃料,270,8月_数量,50153,153_カザフスタン,2022000000,2022年,0,
30000000,3_鉱物性燃料,270,8月_数量,50153,153_カザフスタン,2021000000,2021年,0,
30000000,3_鉱物性燃料,270,8月_数量,50202,202_ノルウェー,2025000000,2025年,0,
30000000,3_鉱物性燃料,270,8月_数量,50202,202_ノルウェー,2024000000,2024年,0,
30000000,3_鉱物性燃料,270,8月_数量,50202,202_ノルウェー,2023000000,2023年,0,
30000000,3_鉱物性燃料,270,8月_数量,50202,202_ノルウェー,2022000000,2022年,0,
30000000,3_鉱物性燃料,270,8月_数量,50202,202_ノルウェー,2021000000,2021年,0,
30000000,3_鉱物性燃料,270,8月_数量,50203,203_スウェーデン,2025000000,2025年,0,
30000000,3_鉱物性燃料,270,8月_数量,50203,203_スウェーデン,2024000000,2024年,0,
30000000,3_鉱物性燃料,270,8月_数量,50203,203_スウェーデン,2023000000,2023年,0,
30000000,3_鉱物性燃料,270,8月_数量,50203,203_スウェーデン,2022000000,2022年,0,
30000000,3_鉱物性燃料,270,8月_数量,50203,203_スウェーデン,2021000000,2021年,0,
30000000,3_鉱物性燃料,270,8月_数量,50204,204_デンマーク,2025000000,2025年,0,
30000000,3_鉱物性燃料,270,8月_数量,50204,204_デンマーク,2024000000,2024年,0,
30000000,3_鉱物性燃料,270,8月_数量,50204,204_デンマーク,2023000000,2023年,0,
30000000,3_鉱物性燃料,270,8月_数量,50204,204_デンマーク,2022000000,2022年,0,
30000000,3_鉱物性燃料,270,8月_数量,50204,204_デンマーク,2021000000,2021年,0,
30000000,3_鉱物性燃料,270,8月_数量,50205,205_英国,2025000000,2025年,0,
30000000,3_鉱物性燃料,270,8月_数量,50205,205_英国,2024000000,2024年,0,
30000000,3_鉱物性燃料,270,8月_数量,50205,205_英国,2023000000,2023年,0,
30000000,3_鉱物性燃料,270,8月_数量,50205,205_英国,2022000000,2022年,0,
30000000,3_鉱物性燃料,270,8月_数量,50205,205_英国,2021000000,2021年,0,
30000000,3_鉱物性燃料,270,8月_数量,50206,206_アイルランド,2025000000,2025年,0,
30000000,3_鉱物性燃料,270,8月_数量,50206,206_アイルランド,2024000000,2024年,0,
30000000,3_鉱物性燃料,270,8月_数量,50206,206_アイルランド,2023000000,2023年,0,
30000000,3_鉱物性燃料,270,8月_数量,50206,206_アイルランド,2022000000,2022年,0,
30000000,3_鉱物性燃料,270,8月_数量,50206,206_アイルランド,2021000000,2021年,0,
30000000,3_鉱物性燃料,270,8月_数量,50207,207_オランダ,2025000000,2025年,0,
30000000,3_鉱物性燃料,270,8月_数量,50207,207_オランダ,2024000000,2024年,0,
30000000,3_鉱物性燃料,270,8月_数量,50207,207_オランダ,2023000000,2023年,0,
30000000,3_鉱物性燃料,270,8月_数量,50207,207_オランダ,2022000000,2022年,0,
30000000,3_鉱物性燃料,270,8月_数量,50207,207_オランダ,2021000000,2021年,0,
30000000,3_鉱物性燃料,270,8月_数量,50208,208_ベルギー,2025000000,2025年,0,
30000000,3_鉱物性燃料,270,8月_数量,50208,208_ベルギー,2024000000,2024年,0,
30000000,3_鉱物性燃料,270,8月_数量,50208,208_ベルギー,2023000000,2023年,0,
30000000,3_鉱物性燃料,270,8月_数量,50208,208_ベルギー,2022000000,2022年,0,
30000000,3_鉱物性燃料,270,8月_数量,50208,208_ベルギー,2021000000,2021年,0,
30000000,3_鉱物性燃料,270,8月_数量,50209,209_ルクセンブルク,2025000000,2025年,0,
30000000,3_鉱物性燃料,270,8月_数量,50209,209_ルクセンブルク,2021000000,2021年,0,
30000000,3_鉱物性燃料,270,8月_数量,50210,210_フランス,2025000000,2025年,0,
30000000,3_鉱物性燃料,270,8月_数量,50210,210_フランス,2024000000,2024年,0,
30000000,3_鉱物性燃料,270,8月_数量,50210,210_フランス,2023000000,2023年,0,
30000000,3_鉱物性燃料,270,8月_数量,50210,210_フランス,2022000000,2022年,0,
30000000,3_鉱物性燃料,270,8月_数量,50210,210_フランス,2021000000,2021年,0,
30000000,3_鉱物性燃料,270,8月_数量,50213,213_ドイツ,2025000000,2025年,0,
30000000,3_鉱物性燃料,270,8月_数量,50213,213_ドイツ,2024000000,2024年,0,
30000000,3_鉱物性燃料,270,8月_数量,50213,213_ドイツ,2023000000,2023年,0,
30000000,3_鉱物性燃料,270,8月_数量,50213,213_ドイツ,2022000000,2022年,0,
30000000,3_鉱物性燃料,270,8月_数量,50213,213_ドイツ,2021000000,2021年,0,
30000000,3_鉱物性燃料,270,8月_数量,50215,215_スイス,2025000000,2025年,0,
30000000,3_鉱物性燃料,270,8月_数量,50215,215_スイス,2024000000,2024年,0,
30000000,3_鉱物性燃料,270,8月_数量,50215,215_スイス,2023000000,2023年,0,
30000000,3_鉱物性燃料,270,8月_数量,50215,215_スイス,2022000000,2022年,0,
30000000,3_鉱物性燃料,270,8月_数量,50215,215_スイス,2021000000,2021年,0,
30000000,3_鉱物性燃料,270,8月_数量,50218,218_スペイン,2025000000,2025年,0,
30000000,3_鉱物性燃料,270,8月_数量,50218,218_スペイン,2024000000,2024年,0,
30000000,3_鉱物性燃料,270,8月_数量,50218,218_スペイン,2023000000,2023年,0,
30000000,3_鉱物性燃料,270,8月_数量,50218,218_スペイン,2022000000,2022年,0,
30000000,3_鉱物性燃料,270,8月_数量,50218,218_スペイン,2021000000,2021年,0,
30000000,3_鉱物性燃料,270,8月_数量,50220,220_イタリア,2025000000,2025年,0,
30000000,3_鉱物性燃料,270,8月_数量,50220,220_イタリア,2024000000,2024年,0,
30000000,3_鉱物性燃料,270,8月_数量,50220,220_イタリア,2023000000,2023年,0,
30000000,3_鉱物性燃料,270,8月_数量,50220,220_イタリア,2022000000,2022年,0,
30000000,3_鉱物性燃料,270,8月_数量,50220,220_イタリア,2021000000,2021年,0,
30000000,3_鉱物性燃料,270,8月_数量,50221,221_マルタ,2023000000,2023年,0,
30000000,3_鉱物性燃料,270,8月_数量,50221,221_マルタ,2021000000,2021年,0,
30000000,3_鉱物性燃料,270,8月_数量,50222,222_フィンランド,2025000000,2025年,0,
30000000,3_鉱物性燃料,270,8月_数量,50222,222_フィンランド,2024000000,2024年,0,
30000000,3_鉱物性燃料,270,8月_数量,50222,222_フィンランド,2023000000,2023年,0,
30000000,3_鉱物性燃料,270,8月_数量,50222,222_フィンランド,2022000000,2022年,0,
30000000,3_鉱物性燃料,270,8月_数量,50222,222_フィンランド,2021000000,2021年,0,
30000000,3_鉱物性燃料,270,8月_数量,50223,223_ポーランド,2025000000,2025年,0,
30000000,3_鉱物性燃料,270,8月_数量,50223,223_ポーランド,2024000000,2024年,0,
30000000,3_鉱物性燃料,270,8月_数量,50223,223_ポーランド,2023000000,2023年,0,
30000000,3_鉱物性燃料,270,8月_数量,50223,223_ポーランド,2022000000,2022年,0,
30000000,3_鉱物性燃料,270,8月_数量,50223,223_ポーランド,2021000000,2021年,0,
30000000,3_鉱物性燃料,270,8月_数量,50224,224_ロシア,2025000000,2025年,0,
30000000,3_鉱物性燃料,270,8月_数量,50224,224_ロシア,2024000000,2024年,0,
30000000,3_鉱物性燃料,270,8月_数量,50224,224_ロシア,2023000000,2023年,0,
30000000,3_鉱物性燃料,270,8月_数量,50224,224_ロシア,2022000000,2022年,0,
30000000,3_鉱物性燃料,270,8月_数量,50224,224_ロシア,2021000000,2021年,0,
30000000,3_鉱物性燃料,270,8月_数量,50225,225_オーストリア,2025000000,2025年,0,
30000000,3_鉱物性燃料,270,8月_数量,50225,225_オーストリア,2024000000,2024年,0,
30000000,3_鉱物性燃料,270,8月_数量,50225,225_オーストリア,2023000000,2023年,0,
30000000,3_鉱物性燃料,270,8月_数量,50225,225_オーストリア,2022000000,2022年,0,
30000000,3_鉱物性燃料,270,8月_数量,50225,225_オーストリア,2021000000,2021年,0,
30000000,3_鉱物性燃料,270,8月_数量,50227,227_ハンガリー,2025000000,2025年,0,
30000000,3_鉱物性燃料,270,8月_数量,50227,227_ハンガリー,2023000000,2023年,0,
30000000,3_鉱物性燃料,270,8月_数量,50227,227_ハンガリー,2021000000,2021年,0,
30000000,3_鉱物性燃料,270,8月_数量,50228,228_セルビア,2022000000,2022年,0,
30000000,3_鉱物性燃料,270,8月_数量,50228,228_セルビア,2021000000,2021年,0,
30000000,3_鉱物性燃料,270,8月_数量,50230,230_ギリシャ,2025000000,2025年,0,
30000000,3_鉱物性燃料,270,8月_数量,50230,230_ギリシャ,2024000000,2024年,0,
30000000,3_鉱物性燃料,270,8月_数量,50230,230_ギリシャ,2023000000,2023年,0,
30000000,3_鉱物性燃料,270,8月_数量,50230,230_ギリシャ,2022000000,2022年,0,
30000000,3_鉱物性燃料,270,8月_数量,50230,230_ギリシャ,2021000000,2021年,0,
30000000,3_鉱物性燃料,270,8月_数量,50231,231_ルーマニア,2025000000,2025年,0,
30000000,3_鉱物性燃料,270,8月_数量,50231,231_ルーマニア,2021000000,2021年,0,
30000000,3_鉱物性燃料,270,8月_数量,50232,232_ブルガリア,2023000000,2023年,0,
30000000,3_鉱物性燃料,270,8月_数量,50232,232_ブルガリア,2022000000,2022年,0,
30000000,3_鉱物性燃料,270,8月_数量,50234,234_トルコ,2025000000,2025年,0,
30000000,3_鉱物性燃料,270,8月_数量,50234,234_トルコ,2024000000,2024年,0,
30000000,3_鉱物性燃料,270,8月_数量,50234,234_トルコ,2023000000,2023年,0,
30000000,3_鉱物性燃料,270,8月_数量,50234,234_トルコ,2022000000,2022年,0,
30000000,3_鉱物性燃料,270,8月_数量,50234,234_トルコ,2021000000,2021年,0,
30000000,3_鉱物性燃料,270,8月_数量,50235,235_エストニア,2025000000,2025年,0,
30000000,3_鉱物性燃料,270,8月_数量,50235,235_エストニア,2024000000,2024年,0,
30000000,3_鉱物性燃料,270,8月_数量,50235,235_エストニア,2023000000,2023年,0,
30000000,3_鉱物性燃料,270,8月_数量,50235,235_エストニア,2022000000,2022年,0,
30000000,3_鉱物性燃料,270,8月_数量,50235,235_エストニア,2021000000,2021年,0,
30000000,3_鉱物性燃料,270,8月_数量,50236,236_ラトビア,2025000000,2025年,0,
30000000,3_鉱物性燃料,270,8月_数量,50236,236_ラトビア,2024000000,2024年,0,
30000000,3_鉱物性燃料,270,8月_数量,50236,236_ラトビア,2023000000,2023年,0,
30000000,3_鉱物性燃料,270,8月_数量,50236,236_ラトビア,2022000000,2022年,0,
30000000,3_鉱物性燃料,270,8月_数量,50236,236_ラトビア,2021000000,2021年,0,
30000000,3_鉱物性燃料,270,8月_数量,50237,237_リトアニア,2025000000,2025年,0,
30000000,3_鉱物性燃料,270,8月_数量,50237,237_リトアニア,2024000000,2024年,0,
30000000,3_鉱物性燃料,270,8月_数量,50237,237_リトアニア,2023000000,2023年,0,
30000000,3_鉱物性燃料,270,8月_数量,50237,237_リトアニア,2022000000,2022年,0,
30000000,3_鉱物性燃料,270,8月_数量,50237,237_リトアニア,2021000000,2021年,0,
30000000,3_鉱物性燃料,270,8月_数量,50238,238_ウクライナ,2025000000,2025年,0,
30000000,3_鉱物性燃料,270,8月_数量,50238,238_ウクライナ,2024000000,2024年,0,
30000000,3_鉱物性燃料,270,8月_数量,50238,238_ウクライナ,2023000000,2023年,0,
30000000,3_鉱物性燃料,270,8月_数量,50238,238_ウクライナ,2022000000,2022年,0,
30000000,3_鉱物性燃料,270,8月_数量,50238,238_ウクライナ,2021000000,2021年,0,
30000000,3_鉱物性燃料,270,8月_数量,50241,241_クロアチア,2025000000,2025年,0,
30000000,3_鉱物性燃料,270,8月_数量,50241,241_クロアチア,2021000000,2021年,0,
30000000,3_鉱物性燃料,270,8月_数量,50245,245_チェコ,2025000000,2025年,0,
30000000,3_鉱物性燃料,270,8月_数量,50245,245_チェコ,2024000000,2024年,0,
30000000,3_鉱物性燃料,270,8月_数量,50245,245_チェコ,2023000000,2023年,0,
30000000,3_鉱物性燃料,270,8月_数量,50245,245_チェコ,2021000000,2021年,0,
30000000,3_鉱物性燃料,270,8月_数量,50246,246_スロバキア,2023000000,2023年,0,
30000000,3_鉱物性燃料,270,8月_数量,50302,302_カナダ,2025000000,2025年,0,
30000000,3_鉱物性燃料,270,8月_数量,50302,302_カナダ,2024000000,2024年,0,
30000000,3_鉱物性燃料,270,8月_数量,50302,302_カナダ,2023000000,2023年,0,
30000000,3_鉱物性燃料,270,8月_数量,50302,302_カナダ,2022000000,2022年,0,
30000000,3_鉱物性燃料,270,8月_数量,50302,302_カナダ,2021000000,2021年,0,
30000000,3_鉱物性燃料,270,8月_数量,50304,304_アメリカ合衆国,2025000000,2025年,0,
30000000,3_鉱物性燃料,270,8月_数量,50304,304_アメリカ合衆国,2024000000,2024年,0,
30000000,3_鉱物性燃料,270,8月_数量,50304,304_アメリカ合衆国,2023000000,2023年,0,
30000000,3_鉱物性燃料,270,8月_数量,50304,304_アメリカ合衆国,2022000000,2022年,0,
30000000,3_鉱物性燃料,270,8月_数量,50304,304_アメリカ合衆国,2021000000,2021年,0,
30000000,3_鉱物性燃料,270,8月_数量,50305,305_メキシコ,2025000000,2025年,0,
30000000,3_鉱物性燃料,270,8月_数量,50305,305_メキシコ,2024000000,2024年,0,
30000000,3_鉱物性燃料,270,8月_数量,50305,305_メキシコ,2023000000,2023年,0,
30000000,3_鉱物性燃料,270,8月_数量,50305,305_メキシコ,2022000000,2022年,0,
30000000,3_鉱物性燃料,270,8月_数量,50305,305_メキシコ,2021000000,2021年,0,
30000000,3_鉱物性燃料,270,8月_数量,50309,309_エルサルバドル,2025000000,2025年,0,
30000000,3_鉱物性燃料,270,8月_数量,50309,309_エルサルバドル,2024000000,2024年,0,
30000000,3_鉱物性燃料,270,8月_数量,50309,309_エルサルバドル,2022000000,2022年,0,
30000000,3_鉱物性燃料,270,8月_数量,50311,311_コスタリカ,2025000000,2025年,0,
30000000,3_鉱物性燃料,270,8月_数量,50311,311_コスタリカ,2024000000,2024年,0,
30000000,3_鉱物性燃料,270,8月_数量,50311,311_コスタリカ,2023000000,2023年,0,
30000000,3_鉱物性燃料,270,8月_数量,50311,311_コスタリカ,2022000000,2022年,0,
30000000,3_鉱物性燃料,270,8月_数量,50311,311_コスタリカ,2021000000,2021年,0,
30000000,3_鉱物性燃料,270,8月_数量,50312,312_パナマ,2024000000,2024年,0,
30000000,3_鉱物性燃料,270,8月_数量,50312,312_パナマ,2023000000,2023年,0,
30000000,3_鉱物性燃料,270,8月_数量,50312,312_パナマ,2022000000,2022年,0,
30000000,3_鉱物性燃料,270,8月_数量,50320,320_トリニダード・トバゴ,2024000000,2024年,0,
30000000,3_鉱物性燃料,270,8月_数量,50320,320_トリニダード・トバゴ,2023000000,2023年,0,
30000000,3_鉱物性燃料,270,8月_数量,50320,320_トリニダード・トバゴ,2022000000,2022年,0,
30000000,3_鉱物性燃料,270,8月_数量,50321,321_キューバ,2023000000,2023年,0,
30000000,3_鉱物性燃料,270,8月_数量,50328,328_ケイマン諸島(英),2023000000,2023年,0,
30000000,3_鉱物性燃料,270,8月_数量,50401,401_コロンビア,2025000000,2025年,0,
30000000,3_鉱物性燃料,270,8月_数量,50401,401_コロンビア,2024000000,2024年,0,
30000000,3_鉱物性燃料,270,8月_数量,50401,401_コロンビア,2023000000,2023年,0,
30000000,3_鉱物性燃料,270,8月_数量,50401,401_コロンビア,2022000000,2022年,0,
30000000,3_鉱物性燃料,270,8月_数量,50401,401_コロンビア,2021000000,2021年,0,
30000000,3_鉱物性燃料,270,8月_数量,50406,406_エクアドル,2025000000,2025年,0,
30000000,3_鉱物性燃料,270,8月_数量,50406,406_エクアドル,2024000000,2024年,0,
30000000,3_鉱物性燃料,270,8月_数量,50406,406_エクアドル,2023000000,2023年,0,
30000000,3_鉱物性燃料,270,8月_数量,50406,406_エクアドル,2022000000,2022年,0,
30000000,3_鉱物性燃料,270,8月_数量,50406,406_エクアドル,2021000000,2021年,0,
30000000,3_鉱物性燃料,270,8月_数量,50407,407_ペルー,2025000000,2025年,0,
30000000,3_鉱物性燃料,270,8月_数量,50407,407_ペルー,2024000000,2024年,0,
30000000,3_鉱物性燃料,270,8月_数量,50407,407_ペルー,2023000000,2023年,0,
30000000,3_鉱物性燃料,270,8月_数量,50407,407_ペルー,2022000000,2022年,0,
30000000,3_鉱物性燃料,270,8月_数量,50407,407_ペルー,2021000000,2021年,0,
30000000,3_鉱物性燃料,270,8月_数量,50409,409_チリ,2023000000,2023年,0,
30000000,3_鉱物性燃料,270,8月_数量,50409,409_チリ,2022000000,2022年,0,
30000000,3_鉱物性燃料,270,8月_数量,50410,410_ブラジル,2025000000,2025年,0,
30000000,3_鉱物性燃料,270,8月_数量,50410,410_ブラジル,2024000000,2024年,0,
30000000,3_鉱物性燃料,270,8月_数量,50410,410_ブラジル,2023000000,2023年,0,
30000000,3_鉱物性燃料,270,8月_数量,50410,410_ブラジル,2022000000,2022年,0,
30000000,3_鉱物性燃料,270,8月_数量,50410,410_ブラジル,2021000000,2021年,0,
30000000,3_鉱物性燃料,270,8月_数量,50411,411_パラグアイ,2023000000,2023年,0,
30000000,3_鉱物性燃料,270,8月_数量,50412,412_ウルグアイ,2022000000,2022年,0,
30000000,3_鉱物性燃料,270,8月_数量,50413,413_アルゼンチン,2023000000,2023年,0,
30000000,3_鉱物性燃料,270,8月_数量,50503,503_アルジェリア,2025000000,2025年,0,
30000000,3_鉱物性燃料,270,8月_数量,50503,503_アルジェリア,2024000000,2024年,0,
30000000,3_鉱物性燃料,270,8月_数量,50503,503_アルジェリア,2023000000,2023年,0,
30000000,3_鉱物性燃料,270,8月_数量,50503,503_アルジェリア,2022000000,2022年,0,
30000000,3_鉱物性燃料,270,8月_数量,50503,503_アルジェリア,2021000000,2021年,0,
30000000,3_鉱物性燃料,270,8月_数量,50505,505_リビア,2021000000,2021年,0,
30000000,3_鉱物性燃料,270,8月_数量,50506,506_エジプト,2025000000,2025年,0,
30000000,3_鉱物性燃料,270,8月_数量,50506,506_エジプト,2024000000,2024年,0,
30000000,3_鉱物性燃料,270,8月_数量,50506,506_エジプト,2023000000,2023年,0,
30000000,3_鉱物性燃料,270,8月_数量,50506,506_エジプト,2022000000,2022年,0,
30000000,3_鉱物性燃料,270,8月_数量,50506,506_エジプト,2021000000,2021年,0,
30000000,3_鉱物性燃料,270,8月_数量,50524,524_ナイジェリア,2025000000,2025年,0,
30000000,3_鉱物性燃料,270,8月_数量,50524,524_ナイジェリア,2024000000,2024年,0,
30000000,3_鉱物性燃料,270,8月_数量,50524,524_ナイジェリア,2023000000,2023年,0,
30000000,3_鉱物性燃料,270,8月_数量,50524,524_ナイジェリア,2022000000,2022年,0,
30000000,3_鉱物性燃料,270,8月_数量,50524,524_ナイジェリア,2021000000,2021年,0,
30000000,3_鉱物性燃料,270,8月_数量,50525,525_ニジェール,2025000000,2025年,0,
30000000,3_鉱物性燃料,270,8月_数量,50527,527_カメルーン,2024000000,2024年,0,
30000000,3_鉱物性燃料,270,8月_数量,50530,530_赤道ギニア,2025000000,2025年,0,
30000000,3_鉱物性燃料,270,8月_数量,50530,530_赤道ギニア,2024000000,2024年,0,
30000000,3_鉱物性燃料,270,8月_数量,50530,530_赤道ギニア,2023000000,2023年,0,
30000000,3_鉱物性燃料,270,8月_数量,50530,530_赤道ギニア,2022000000,2022年,0,
30000000,3_鉱物性燃料,270,8月_数量,50530,530_赤道ギニア,2021000000,2021年,0,
30000000,3_鉱物性燃料,270,8月_数量,50535,535_アンゴラ,2022000000,2022年,0,
30000000,3_鉱物性燃料,270,8月_数量,50545,545_モザンビーク,2025000000,2025年,0,
30000000,3_鉱物性燃料,270,8月_数量,50545,545_モザンビーク,2024000000,2024年,0,
30000000,3_鉱物性燃料,270,8月_数量,50545,545_モザンビーク,2023000000,2023年,0,
30000000,3_鉱物性燃料,270,8月_数量,50545,545_モザンビーク,2022000000,2022年,0,
30000000,3_鉱物性燃料,270,8月_数量,50545,545_モザンビーク,2021000000,2021年,0,
30000000,3_鉱物性燃料,270,8月_数量,50547,547_モーリシャス,2024000000,2024年,0,
30000000,3_鉱物性燃料,270,8月_数量,50547,547_モーリシャス,2022000000,2022年,0,
30000000,3_鉱物性燃料,270,8月_数量,50547,547_モーリシャス,2021000000,2021年,0,
30000000,3_鉱物性燃料,270,8月_数量,50551,551_南アフリカ共和国,2025000000,2025年,0,
30000000,3_鉱物性燃料,270,8月_数量,50551,551_南アフリカ共和国,2024000000,2024年,0,
30000000,3_鉱物性燃料,270,8月_数量,50551,551_南アフリカ共和国,2023000000,2023年,0,
30000000,3_鉱物性燃料,270,8月_数量,50551,551_南アフリカ共和国,2022000000,2022年,0,
30000000,3_鉱物性燃料,270,8月_数量,50551,551_南アフリカ共和国,2021000000,2021年,0,
30000000,3_鉱物性燃料,270,8月_数量,50560,560_南スーダン,2025000000,2025年,0,
30000000,3_鉱物性燃料,270,8月_数量,50560,560_南スーダン,2024000000,2024年,0,
30000000,3_鉱物性燃料,270,8月_数量,50560,560_南スーダン,2023000000,2023年,0,
30000000,3_鉱物性燃料,270,8月_数量,50560,560_南スーダン,2022000000,2022年,0,
30000000,3_鉱物性燃料,270,8月_数量,50560,560_南スーダン,2021000000,2021年,0,
30000000,3_鉱物性燃料,270,8月_数量,50601,601_オーストラリア,2025000000,2025年,0,
30000000,3_鉱物性燃料,270,8月_数量,50601,601_オーストラリア,2024000000,2024年,0,
30000000,3_鉱物性燃料,270,8月_数量,50601,601_オーストラリア,2023000000,2023年,0,
30000000,3_鉱物性燃料,270,8月_数量,50601,601_オーストラリア,2022000000,2022年,0,
30000000,3_鉱物性燃料,270,8月_数量,50601,601_オーストラリア,2021000000,2021年,0,
30000000,3_鉱物性燃料,270,8月_数量,50602,602_パプアニューギニア,2025000000,2025年,0,
30000000,3_鉱物性燃料,270,8月_数量,50602,602_パプアニューギニア,2024000000,2024年,0,
30000000,3_鉱物性燃料,270,8月_数量,50602,602_パプアニューギニア,2023000000,2023年,0,
30000000,3_鉱物性燃料,270,8月_数量,50602,602_パプアニューギニア,2022000000,2022年,0,
30000000,3_鉱物性燃料,270,8月_数量,50602,602_パプアニューギニア,2021000000,2021年,0,
30000000,3_鉱物性燃料,270,8月_数量,50606,606_ニュージーランド,2025000000,2025年,0,
30000000,3_鉱物性燃料,270,8月_数量,50606,606_ニュージーランド,2024000000,2024年,0,
30000000,3_鉱物性燃料,270,8月_数量,50606,606_ニュージーランド,2023000000,2023年,0,
30000000,3_鉱物性燃料,270,8月_数量,50606,606_ニュージーランド,2022000000,2022年,0,
30000000,3_鉱物性燃料,270,8月_数量,50606,606_ニュージーランド,2021000000,2021年,0,
30000000,3_鉱物性燃料,270,8月_数量,50618,618_ニューカレドニア(仏),2024000000,2024年,0,
30000000,3_鉱物性燃料,270,8月_数量,50618,618_ニューカレドニア(仏),2023000000,2023年,0,
30000000,3_鉱物性燃料,270,8月_数量,50625,625_マーシャル,2024000000,2024年,0,
30000000,3_鉱物性燃料,270,8月_数量,50625,625_マーシャル,2022000000,2022年,0,
30000000,3_鉱物性燃料,270,8月_数量,50625,625_マーシャル,2021000000,2021年,0,
30000000,3_鉱物性燃料,270,8月_数量,50626,626_ミクロネシア,2021000000,2021年,0,
30000000,3_鉱物性燃料,270,8月_数量,50628,628_パラオ,2025000000,2025年,0,
30000000,3_鉱物性燃料,270,8月_数量,50702,702_不明,2025000000,2025年,0,
30000000,3_鉱物性燃料,270,8月_数量,50702,702_不明,2024000000,2024年,0,
30000000,3_鉱物性燃料,270,8月_数量,50702,702_不明,2023000000,2023年,0,
30000000,3_鉱物性燃料,270,8月_数量,50702,702_不明,2022000000,2022年,0,
30000000,3_鉱物性燃料,270,8月_数量,50702,702_不明,2021000000,2021年,0,
30000000,3_鉱物性燃料,280,8月_金額,50103,103_大韓民国,2025000000,2025年,67857420,千円
30000000,3_鉱物性燃料,280,8月_金額,50103,103_大韓民国,2024000000,2024年,106978021,千円
30000000,3_鉱物性燃料,280,8月_金額,50103,103_大韓民国,2023000000,2023年,57871272,千円
30000000,3_鉱物性燃料,280,8月_金額,50103,103_大韓民国,2022000000,2022年,57766506,千円
30000000,3_鉱物性燃料,280,8月_金額,50103,103_大韓民国,2021000000,2021年,38980235,千円
30000000,3_鉱物性燃料,280,8月_金額,50105,105_中華人民共和国,2025000000,2025年,11462639,千円
30000000,3_鉱物性燃料,280,8月_金額,50105,105_中華人民共和国,2024000000,2024年,13940098,千円
30000000,3_鉱物性燃料,280,8月_金額,50105,105_中華人民共和国,2023000000,2023年,5042976,千円
30000000,3_鉱物性燃料,280,8月_金額,50105,105_中華人民共和国,2022000000,2022年,19354633,千円
30000000,3_鉱物性燃料,280,8月_金額,50105,105_中華人民共和国,2021000000,2021年,14045720,千円
30000000,3_鉱物性燃料,280,8月_金額,50106,106_台湾,2025000000,2025年,544896,千円
30000000,3_鉱物性燃料,280,8月_金額,50106,106_台湾,2024000000,2024年,579697,千円
30000000,3_鉱物性燃料,280,8月_金額,50106,106_台湾,2023000000,2023年,3619457,千円
30000000,3_鉱物性燃料,280,8月_金額,50106,106_台湾,2022000000,2022年,143337,千円
30000000,3_鉱物性燃料,280,8月_金額,50106,106_台湾,2021000000,2021年,89481,千円
30000000,3_鉱物性燃料,280,8月_金額,50108,108_香港,2025000000,2025年,33797,千円
30000000,3_鉱物性燃料,280,8月_金額,50108,108_香港,2024000000,2024年,24682,千円
30000000,3_鉱物性燃料,280,8月_金額,50108,108_香港,2023000000,2023年,31727,千円
30000000,3_鉱物性燃料,280,8月_金額,50108,108_香港,2022000000,2022年,4292,千円
30000000,3_鉱物性燃料,280,8月_金額,50108,108_香港,2021000000,2021年,14575,千円
30000000,3_鉱物性燃料,280,8月_金額,50110,110_ベトナム,2025000000,2025年,3661482,千円
30000000,3_鉱物性燃料,280,8月_金額,50110,110_ベトナム,2024000000,2024年,2240239,千円
30000000,3_鉱物性燃料,280,8月_金額,50110,110_ベトナム,2023000000,2023年,12498226,千円
30000000,3_鉱物性燃料,280,8月_金額,50110,110_ベトナム,2022000000,2022年,12245942,千円
30000000,3_鉱物性燃料,280,8月_金額,50110,110_ベトナム,2021000000,2021年,3691923,千円
30000000,3_鉱物性燃料,280,8月_金額,50111,111_タイ,2025000000,2025年,106216,千円
30000000,3_鉱物性燃料,280,8月_金額,50111,111_タイ,2024000000,2024年,94048,千円
30000000,3_鉱物性燃料,280,8月_金額,50111,111_タイ,2023000000,2023年,3901762,千円
30000000,3_鉱物性燃料,280,8月_金額,50111,111_タイ,2022000000,2022年,3839230,千円
30000000,3_鉱物性燃料,280,8月_金額,50111,111_タイ,2021000000,2021年,3889643,千円
30000000,3_鉱物性燃料,280,8月_金額,50112,112_シンガポール,2025000000,2025年,3686354,千円
30000000,3_鉱物性燃料,280,8月_金額,50112,112_シンガポール,2024000000,2024年,13584115,千円
30000000,3_鉱物性燃料,280,8月_金額,50112,112_シンガポール,2023000000,2023年,4147500,千円
30000000,3_鉱物性燃料,280,8月_金額,50112,112_シンガポール,2022000000,2022年,6340466,千円
30000000,3_鉱物性燃料,280,8月_金額,50112,112_シンガポール,2021000000,2021年,5620332,千円
30000000,3_鉱物性燃料,280,8月_金額,50113,113_マレーシア,2025000000,2025年,53642359,千円
30000000,3_鉱物性燃料,280,8月_金額,50113,113_マレーシア,2024000000,2024年,73603275,千円
30000000,3_鉱物性燃料,280,8月_金額,50113,113_マレーシア,2023000000,2023年,63736255,千円
30000000,3_鉱物性燃料,280,8月_金額,50113,113_マレーシア,2022000000,2022年,139817628,千円
30000000,3_鉱物性燃料,280,8月_金額,50113,113_マレーシア,2021000000,2021年,50296000,千円
30000000,3_鉱物性燃料,280,8月_金額,50116,116_ブルネイ,2025000000,2025年,3929319,千円
30000000,3_鉱物性燃料,280,8月_金額,50116,116_ブルネイ,2024000000,2024年,37325375,千円
30000000,3_鉱物性燃料,280,8月_金額,50116,116_ブルネイ,2023000000,2023年,21821513,千円
30000000,3_鉱物性燃料,280,8月_金額,50116,116_ブルネイ,2022000000,2022年,21592768,千円
30000000,3_鉱物性燃料,280,8月_金額,50116,116_ブルネイ,2021000000,2021年,22567242,千円
30000000,3_鉱物性燃料,280,8月_金額,50117,117_フィリピン,2025000000,2025年,0,千円
30000000,3_鉱物性燃料,280,8月_金額,50117,117_フィリピン,2024000000,2024年,3729,千円
30000000,3_鉱物性燃料,280,8月_金額,50117,117_フィリピン,2023000000,2023年,2460,千円
30000000,3_鉱物性燃料,280,8月_金額,50117,117_フィリピン,2022000000,2022年,951,千円
30000000,3_鉱物性燃料,280,8月_金額,50117,117_フィリピン,2021000000,2021年,0,千円
30000000,3_鉱物性燃料,280,8月_金額,50118,118_インドネシア,2025000000,2025年,91588091,千円
30000000,3_鉱物性燃料,280,8月_金額,50118,118_インドネシア,2024000000,2024年,78128982,千円
30000000,3_鉱物性燃料,280,8月_金額,50118,118_インドネシア,2023000000,2023年,90473137,千円
30000000,3_鉱物性燃料,280,8月_金額,50118,118_インドネシア,2022000000,2022年,153517104,千円
30000000,3_鉱物性燃料,280,8月_金額,50118,118_インドネシア,2021000000,2021年,45650031,千円
30000000,3_鉱物性燃料,280,8月_金額,50123,123_インド,2025000000,2025年,8778631,千円
30000000,3_鉱物性燃料,280,8月_金額,50123,123_インド,2024000000,2024年,5810075,千円
30000000,3_鉱物性燃料,280,8月_金額,50123,123_インド,2023000000,2023年,277,千円
30000000,3_鉱物性燃料,280,8月_金額,50123,123_インド,2022000000,2022年,9983785,千円
30000000,3_鉱物性燃料,280,8月_金額,50123,123_インド,2021000000,2021年,3680778,千円
30000000,3_鉱物性燃料,280,8月_金額,50124,124_パキスタン,2025000000,2025年,0,千円
30000000,3_鉱物性燃料,280,8月_金額,50124,124_パキスタン,2023000000,2023年,0,千円
30000000,3_鉱物性燃料,280,8月_金額,50124,124_パキスタン,2022000000,2022年,0,千円
30000000,3_鉱物性燃料,280,8月_金額,50124,124_パキスタン,2021000000,2021年,0,千円
30000000,3_鉱物性燃料,280,8月_金額,50125,125_スリランカ,2025000000,2025年,0,千円
30000000,3_鉱物性燃料,280,8月_金額,50125,125_スリランカ,2024000000,2024年,0,千円
30000000,3_鉱物性燃料,280,8月_金額,50125,125_スリランカ,2023000000,2023年,0,千円
30000000,3_鉱物性燃料,280,8月_金額,50125,125_スリランカ,2022000000,2022年,0,千円
30000000,3_鉱物性燃料,280,8月_金額,50125,125_スリランカ,2021000000,2021年,0,千円
30000000,3_鉱物性燃料,280,8月_金額,50126,126_モルディブ,2022000000,2022年,0,千円
30000000,3_鉱物性燃料,280,8月_金額,50127,127_バングラデシュ,2024000000,2024年,0,千円
30000000,3_鉱物性燃料,280,8月_金額,50128,128_東ティモール,2025000000,2025年,0,千円
30000000,3_鉱物性燃料,280,8月_金額,50128,128_東ティモール,2023000000,2023年,0,千円
30000000,3_鉱物性燃料,280,8月_金額,50128,128_東ティモール,2022000000,2022年,3362859,千円
30000000,3_鉱物性燃料,280,8月_金額,50128,128_東ティモール,2021000000,2021年,110755,千円
30000000,3_鉱物性燃料,280,8月_金額,50134,134_イラク,2025000000,2025年,0,千円
30000000,3_鉱物性燃料,280,8月_金額,50134,134_イラク,2024000000,2024年,0,千円
30000000,3_鉱物性燃料,280,8月_金額,50134,134_イラク,2023000000,2023年,0,千円
30000000,3_鉱物性燃料,280,8月_金額,50134,134_イラク,2021000000,2021年,0,千円
30000000,3_鉱物性燃料,280,8月_金額,50135,135_バーレーン,2025000000,2025年,2369412,千円
30000000,3_鉱物性燃料,280,8月_金額,50135,135_バーレーン,2024000000,2024年,0,千円
30000000,3_鉱物性燃料,280,8月_金額,50135,135_バーレーン,2023000000,2023年,7149436,千円
30000000,3_鉱物性燃料,280,8月_金額,50135,135_バーレーン,2022000000,2022年,12411003,千円
30000000,3_鉱物性燃料,280,8月_金額,50135,135_バーレーン,2021000000,2021年,4177552,千円
30000000,3_鉱物性燃料,280,8月_金額,50137,137_サウジアラビア,2025000000,2025年,358798943,千円
30000000,3_鉱物性燃料,280,8月_金額,50137,137_サウジアラビア,2024000000,2024年,365981162,千円
30000000,3_鉱物性燃料,280,8月_金額,50137,137_サウジアラビア,2023000000,2023年,421508577,千円
30000000,3_鉱物性燃料,280,8月_金額,50137,137_サウジアラビア,2022000000,2022年,535186212,千円
30000000,3_鉱物性燃料,280,8月_金額,50137,137_サウジアラビア,2021000000,2021年,308808785,千円
30000000,3_鉱物性燃料,280,8月_金額,50138,138_クウェート,2025000000,2025年,70229515,千円
30000000,3_鉱物性燃料,280,8月_金額,50138,138_クウェート,2024000000,2024年,98228857,千円
30000000,3_鉱物性燃料,280,8月_金額,50138,138_クウェート,2023000000,2023年,87941020,千円
30000000,3_鉱物性燃料,280,8月_金額,50138,138_クウェート,2022000000,2022年,133356301,千円
30000000,3_鉱物性燃料,280,8月_金額,50138,138_クウェート,2021000000,2021年,61365324,千円
30000000,3_鉱物性燃料,280,8月_金額,50140,140_カタール,2025000000,2025年,86242089,千円
30000000,3_鉱物性燃料,280,8月_金額,50140,140_カタール,2024000000,2024年,85784482,千円
30000000,3_鉱物性燃料,280,8月_金額,50140,140_カタール,2023000000,2023年,104193353,千円
30000000,3_鉱物性燃料,280,8月_金額,50140,140_カタール,2022000000,2022年,220319423,千円
30000000,3_鉱物性燃料,280,8月_金額,50140,140_カタール,2021000000,2021年,109249213,千円
30000000,3_鉱物性燃料,280,8月_金額,50141,141_オマーン,2025000000,2025年,22026089,千円
30000000,3_鉱物性燃料,280,8月_金額,50141,141_オマーン,2024000000,2024年,34250433,千円
30000000,3_鉱物性燃料,280,8月_金額,50141,141_オマーン,2023000000,2023年,41968415,千円
30000000,3_鉱物性燃料,280,8月_金額,50141,141_オマーン,2022000000,2022年,30722548,千円
30000000,3_鉱物性燃料,280,8月_金額,50141,141_オマーン,2021000000,2021年,21319259,千円
30000000,3_鉱物性燃料,280,8月_金額,50143,143_イスラエル,2025000000,2025年,1469,千円
30000000,3_鉱物性燃料,280,8月_金額,50143,143_イスラエル,2024000000,2024年,3250,千円
30000000,3_鉱物性燃料,280,8月_金額,50143,143_イスラエル,2023000000,2023年,1228,千円
30000000,3_鉱物性燃料,280,8月_金額,50143,143_イスラエル,2022000000,2022年,235,千円
30000000,3_鉱物性燃料,280,8月_金額,50143,143_イスラエル,2021000000,2021年,2607,千円
30000000,3_鉱物性燃料,280,8月_金額,50147,147_アラブ首長国連邦,2025000000,2025年,309946235,千円
30000000,3_鉱物性燃料,280,8月_金額,50147,147_アラブ首長国連邦,2024000000,2024年,491700090,千円
30000000,3_鉱物性燃料,280,8月_金額,50147,147_アラブ首長国連邦,2023000000,2023年,438439317,千円
30000000,3_鉱物性燃料,280,8月_金額,50147,147_アラブ首長国連邦,2022000000,2022年,624469805,千円
30000000,3_鉱物性燃料,280,8月_金額,50147,147_アラブ首長国連邦,2021000000,2021年,287626256,千円
30000000,3_鉱物性燃料,280,8月_金額,50153,153_カザフスタン,2025000000,2025年,1159768,千円
30000000,3_鉱物性燃料,280,8月_金額,50153,153_カザフスタン,2024000000,2024年,0,千円
30000000,3_鉱物性燃料,280,8月_金額,50153,153_カザフスタン,2023000000,2023年,0,千円
30000000,3_鉱物性燃料,280,8月_金額,50153,153_カザフスタン,2022000000,2022年,0,千円
30000000,3_鉱物性燃料,280,8月_金額,50153,153_カザフスタン,2021000000,2021年,0,千円
30000000,3_鉱物性燃料,280,8月_金額,50202,202_ノルウェー,2025000000,2025年,0,千円
30000000,3_鉱物性燃料,280,8月_金額,50202,202_ノルウェー,2024000000,2024年,2153,千円
30000000,3_鉱物性燃料,280,8月_金額,50202,202_ノルウェー,2023000000,2023年,5836,千円
30000000,3_鉱物性燃料,280,8月_金額,50202,202_ノルウェー,2022000000,2022年,6357,千円
30000000,3_鉱物性燃料,280,8月_金額,50202,202_ノルウェー,2021000000,2021年,2876,千円
30000000,3_鉱物性燃料,280,8月_金額,50203,203_スウェーデン,2025000000,2025年,19176,千円
30000000,3_鉱物性燃料,280,8月_金額,50203,203_スウェーデン,2024000000,2024年,26152,千円
30000000,3_鉱物性燃料,280,8月_金額,50203,203_スウェーデン,2023000000,2023年,3886,千円
30000000,3_鉱物性燃料,280,8月_金額,50203,203_スウェーデン,2022000000,2022年,16437,千円
30000000,3_鉱物性燃料,280,8月_金額,50203,203_スウェーデン,2021000000,2021年,4387,千円
30000000,3_鉱物性燃料,280,8月_金額,50204,204_デンマーク,2025000000,2025年,10351,千円
30000000,3_鉱物性燃料,280,8月_金額,50204,204_デンマーク,2024000000,2024年,1757,千円
30000000,3_鉱物性燃料,280,8月_金額,50204,204_デンマーク,2023000000,2023年,954,千円
30000000,3_鉱物性燃料,280,8月_金額,50204,204_デンマーク,2022000000,2022年,1989,千円
30000000,3_鉱物性燃料,280,8月_金額,50204,204_デンマーク,2021000000,2021年,1952,千円
30000000,3_鉱物性燃料,280,8月_金額,50205,205_英国,2025000000,2025年,287497,千円
30000000,3_鉱物性燃料,280,8月_金額,50205,205_英国,2024000000,2024年,253002,千円
30000000,3_鉱物性燃料,280,8月_金額,50205,205_英国,2023000000,2023年,172402,千円
30000000,3_鉱物性燃料,280,8月_金額,50205,205_英国,2022000000,2022年,110638,千円
30000000,3_鉱物性燃料,280,8月_金額,50205,205_英国,2021000000,2021年,5672251,千円
30000000,3_鉱物性燃料,280,8月_金額,50206,206_アイルランド,2025000000,2025年,9448,千円
30000000,3_鉱物性燃料,280,8月_金額,50206,206_アイルランド,2024000000,2024年,9392,千円
30000000,3_鉱物性燃料,280,8月_金額,50206,206_アイルランド,2023000000,2023年,4807,千円
30000000,3_鉱物性燃料,280,8月_金額,50206,206_アイルランド,2022000000,2022年,7303,千円
30000000,3_鉱物性燃料,280,8月_金額,50206,206_アイルランド,2021000000,2021年,8875,千円
30000000,3_鉱物性燃料,280,8月_金額,50207,207_オランダ,2025000000,2025年,45971,千円
30000000,3_鉱物性燃料,280,8月_金額,50207,207_オランダ,2024000000,2024年,23228,千円
30000000,3_鉱物性燃料,280,8月_金額,50207,207_オランダ,2023000000,2023年,39839,千円
30000000,3_鉱物性燃料,280,8月_金額,50207,207_オランダ,2022000000,2022年,48069,千円
30000000,3_鉱物性燃料,280,8月_金額,50207,207_オランダ,2021000000,2021年,41353,千円
30000000,3_鉱物性燃料,280,8月_金額,50208,208_ベルギー,2025000000,2025年,47865,千円
30000000,3_鉱物性燃料,280,8月_金額,50208,208_ベルギー,2024000000,2024年,31945,千円
30000000,3_鉱物性燃料,280,8月_金額,50208,208_ベルギー,2023000000,2023年,24644,千円
30000000,3_鉱物性燃料,280,8月_金額,50208,208_ベルギー,2022000000,2022年,189362,千円
30000000,3_鉱物性燃料,280,8月_金額,50208,208_ベルギー,2021000000,2021年,43937,千円
30000000,3_鉱物性燃料,280,8月_金額,50209,209_ルクセンブルク,2025000000,2025年,0,千円
30000000,3_鉱物性燃料,280,8月_金額,50209,209_ルクセンブルク,2021000000,2021年,0,千円
30000000,3_鉱物性燃料,280,8月_金額,50210,210_フランス,2025000000,2025年,460219,千円
30000000,3_鉱物性燃料,280,8月_金額,50210,210_フランス,2024000000,2024年,205356,千円
30000000,3_鉱物性燃料,280,8月_金額,50210,210_フランス,2023000000,2023年,394576,千円
30000000,3_鉱物性燃料,280,8月_金額,50210,210_フランス,2022000000,2022年,327313,千円
30000000,3_鉱物性燃料,280,8月_金額,50210,210_フランス,2021000000,2021年,528254,千円
30000000,3_鉱物性燃料,280,8月_金額,50213,213_ドイツ,2025000000,2025年,373307,千円
30000000,3_鉱物性燃料,280,8月_金額,50213,213_ドイツ,2024000000,2024年,325069,千円
30000000,3_鉱物性燃料,280,8月_金額,50213,213_ドイツ,2023000000,2023年,379480,千円
30000000,3_鉱物性燃料,280,8月_金額,50213,213_ドイツ,2022000000,2022年,223762,千円
30000000,3_鉱物性燃料,280,8月_金額,50213,213_ドイツ,2021000000,2021年,211674,千円
30000000,3_鉱物性燃料,280,8月_金額,50215,215_スイス,2025000000,2025年,48124,千円
30000000,3_鉱物性燃料,280,8月_金額,50215,215_スイス,2024000000,2024年,23932,千円
30000000,3_鉱物性燃料,280,8月_金額,50215,215_スイス,2023000000,2023年,24471,千円
30000000,3_鉱物性燃料,280,8月_金額,50215,215_スイス,2022000000,2022年,27235,千円
30000000,3_鉱物性燃料,280,8月_金額,50215,215_スイス,2021000000,2021年,11558,千円
30000000,3_鉱物性燃料,280,8月_金額,50218,218_スペイン,2025000000,2025年,108814,千円
30000000,3_鉱物性燃料,280,8月_金額,50218,218_スペイン,2024000000,2024年,60548,千円
30000000,3_鉱物性燃料,280,8月_金額,50218,218_スペイン,2023000000,2023年,61703,千円
30000000,3_鉱物性燃料,280,8月_金額,50218,218_スペイン,2022000000,2022年,49769,千円
30000000,3_鉱物性燃料,280,8月_金額,50218,218_スペイン,2021000000,2021年,11016618,千円
30000000,3_鉱物性燃料,280,8月_金額,50220,220_イタリア,2025000000,2025年,50468,千円
30000000,3_鉱物性燃料,280,8月_金額,50220,220_イタリア,2024000000,2024年,50508,千円
30000000,3_鉱物性燃料,280,8月_金額,50220,220_イタリア,2023000000,2023年,1940699,千円
30000000,3_鉱物性燃料,280,8月_金額,50220,220_イタリア,2022000000,2022年,129391,千円
30000000,3_鉱物性燃料,280,8月_金額,50220,220_イタリア,2021000000,2021年,44331,千円
30000000,3_鉱物性燃料,280,8月_金額,50221,221_マルタ,2023000000,2023年,0,千円
30000000,3_鉱物性燃料,280,8月_金額,50221,221_マルタ,2021000000,2021年,0,千円
30000000,3_鉱物性燃料,280,8月_金額,50222,222_フィンランド,2025000000,2025年,2090,千円
30000000,3_鉱物性燃料,280,8月_金額,50222,222_フィンランド,2024000000,2024年,4863,千円
30000000,3_鉱物性燃料,280,8月_金額,50222,222_フィンランド,2023000000,2023年,1234,千円
30000000,3_鉱物性燃料,280,8月_金額,50222,222_フィンランド,2022000000,2022年,13091,千円
30000000,3_鉱物性燃料,280,8月_金額,50222,222_フィンランド,2021000000,2021年,5816,千円
30000000,3_鉱物性燃料,280,8月_金額,50223,223_ポーランド,2025000000,2025年,5550,千円
30000000,3_鉱物性燃料,280,8月_金額,50223,223_ポーランド,2024000000,2024年,0,千円
30000000,3_鉱物性燃料,280,8月_金額,50223,223_ポーランド,2023000000,2023年,13550,千円
30000000,3_鉱物性燃料,280,8月_金額,50223,223_ポーランド,2022000000,2022年,0,千円
30000000,3_鉱物性燃料,280,8月_金額,50223,223_ポーランド,2021000000,2021年,18442,千円
30000000,3_鉱物性燃料,280,8月_金額,50224,224_ロシア,2025000000,2025年,34853838,千円
30000000,3_鉱物性燃料,280,8月_金額,50224,224_ロシア,2024000000,2024年,57936735,千円
30000000,3_鉱物性燃料,280,8月_金額,50224,224_ロシア,2023000000,2023年,41589799,千円
30000000,3_鉱物性燃料,280,8月_金額,50224,224_ロシア,2022000000,2022年,116743071,千円
30000000,3_鉱物性燃料,280,8月_金額,50224,224_ロシア,2021000000,2021年,49205023,千円
30000000,3_鉱物性燃料,280,8月_金額,50225,225_オーストリア,2025000000,2025年,0,千円
30000000,3_鉱物性燃料,280,8月_金額,50225,225_オーストリア,2024000000,2024年,0,千円
30000000,3_鉱物性燃料,280,8月_金額,50225,225_オーストリア,2023000000,2023年,1445,千円
30000000,3_鉱物性燃料,280,8月_金額,50225,225_オーストリア,2022000000,2022年,497,千円
30000000,3_鉱物性燃料,280,8月_金額,50225,225_オーストリア,2021000000,2021年,0,千円
30000000,3_鉱物性燃料,280,8月_金額,50227,227_ハンガリー,2025000000,2025年,0,千円
30000000,3_鉱物性燃料,280,8月_金額,50227,227_ハンガリー,2023000000,2023年,0,千円
30000000,3_鉱物性燃料,280,8月_金額,50227,227_ハンガリー,2021000000,2021年,468,千円
30000000,3_鉱物性燃料,280,8月_金額,50228,228_セルビア,2022000000,2022年,0,千円
30000000,3_鉱物性燃料,280,8月_金額,50228,228_セルビア,2021000000,2021年,0,千円
30000000,3_鉱物性燃料,280,8月_金額,50230,230_ギリシャ,2025000000,2025年,0,千円
30000000,3_鉱物性燃料,280,8月_金額,50230,230_ギリシャ,2024000000,2024年,298,千円
30000000,3_鉱物性燃料,280,8月_金額,50230,230_ギリシャ,2023000000,2023年,1364,千円
30000000,3_鉱物性燃料,280,8月_金額,50230,230_ギリシャ,2022000000,2022年,0,千円
30000000,3_鉱物性燃料,280,8月_金額,50230,230_ギリシャ,2021000000,2021年,0,千円
30000000,3_鉱物性燃料,280,8月_金額,50231,231_ルーマニア,2025000000,2025年,0,千円
30000000,3_鉱物性燃料,280,8月_金額,50231,231_ルーマニア,2021000000,2021年,615,千円
30000000,3_鉱物性燃料,280,8月_金額,50232,232_ブルガリア,2023000000,2023年,0,千円
30000000,3_鉱物性燃料,280,8月_金額,50232,232_ブルガリア,2022000000,2022年,0,千円
30000000,3_鉱物性燃料,280,8月_金額,50234,234_トルコ,2025000000,2025年,474,千円
30000000,3_鉱物性燃料,280,8月_金額,50234,234_トルコ,2024000000,2024年,0,千円
30000000,3_鉱物性燃料,280,8月_金額,50234,234_トルコ,2023000000,2023年,0,千円
30000000,3_鉱物性燃料,280,8月_金額,50234,234_トルコ,2022000000,2022年,258,千円
30000000,3_鉱物性燃料,280,8月_金額,50234,234_トルコ,2021000000,2021年,0,千円
30000000,3_鉱物性燃料,280,8月_金額,50235,235_エストニア,2025000000,2025年,1688,千円
30000000,3_鉱物性燃料,280,8月_金額,50235,235_エストニア,2024000000,2024年,4706,千円
30000000,3_鉱物性燃料,280,8月_金額,50235,235_エストニア,2023000000,2023年,6738,千円
30000000,3_鉱物性燃料,280,8月_金額,50235,235_エストニア,2022000000,2022年,41468,千円
30000000,3_鉱物性燃料,280,8月_金額,50235,235_エストニア,2021000000,2021年,5713,千円
30000000,3_鉱物性燃料,280,8月_金額,50236,236_ラトビア,2025000000,2025年,172951,千円
30000000,3_鉱物性燃料,280,8月_金額,50236,236_ラトビア,2024000000,2024年,101667,千円
30000000,3_鉱物性燃料,280,8月_金額,50236,236_ラトビア,2023000000,2023年,76265,千円
30000000,3_鉱物性燃料,280,8月_金額,50236,236_ラトビア,2022000000,2022年,179374,千円
30000000,3_鉱物性燃料,280,8月_金額,50236,236_ラトビア,2021000000,2021年,60839,千円
30000000,3_鉱物性燃料,280,8月_金額,50237,237_リトアニア,2025000000,2025年,33842,千円
30000000,3_鉱物性燃料,280,8月_金額,50237,237_リトアニア,2024000000,2024年,44006,千円
30000000,3_鉱物性燃料,280,8月_金額,50237,237_リトアニア,2023000000,2023年,25530,千円
30000000,3_鉱物性燃料,280,8月_金額,50237,237_リトアニア,2022000000,2022年,74077,千円
30000000,3_鉱物性燃料,280,8月_金額,50237,237_リトアニア,2021000000,2021年,19523,千円
30000000,3_鉱物性燃料,280,8月_金額,50238,238_ウクライナ,2025000000,2025年,1300,千円
30000000,3_鉱物性燃料,280,8月_金額,50238,238_ウクライナ,2024000000,2024年,3550,千円
30000000,3_鉱物性燃料,280,8月_金額,50238,238_ウクライナ,2023000000,2023年,2037,千円
30000000,3_鉱物性燃料,280,8月_金額,50238,238_ウクライナ,2022000000,2022年,0,千円
30000000,3_鉱物性燃料,280,8月_金額,50238,238_ウクライナ,2021000000,2021年,0,千円
30000000,3_鉱物性燃料,280,8月_金額,50241,241_クロアチア,2025000000,2025年,0,千円
30000000,3_鉱物性燃料,280,8月_金額,50241,241_クロアチア,2021000000,2021年,0,千円
30000000,3_鉱物性燃料,280,8月_金額,50245,245_チェコ,2025000000,2025年,0,千円
30000000,3_鉱物性燃料,280,8月_金額,50245,245_チェコ,2024000000,2024年,0,千円
30000000,3_鉱物性燃料,280,8月_金額,50245,245_チェコ,2023000000,2023年,0,千円
30000000,3_鉱物性燃料,280,8月_金額,50245,245_チェコ,2021000000,2021年,0,千円
30000000,3_鉱物性燃料,280,8月_金額,50246,246_スロバキア,2023000000,2023年,0,千円
30000000,3_鉱物性燃料,280,8月_金額,50302,302_カナダ,2025000000,2025年,16825983,千円
30000000,3_鉱物性燃料,280,8月_金額,50302,302_カナダ,2024000000,2024年,34345196,千円
30000000,3_鉱物性燃料,280,8月_金額,50302,302_カナダ,2023000000,2023年,51504916,千円
30000000,3_鉱物性燃料,280,8月_金額,50302,302_カナダ,2022000000,2022年,89587090,千円
30000000,3_鉱物性燃料,280,8月_金額,50302,302_カナダ,2021000000,2021年,12952224,千円
30000000,3_鉱物性燃料,280,8月_金額,50304,304_アメリカ合衆国,2025000000,2025年,164008360,千円
30000000,3_鉱物性燃料,280,8月_金額,50304,304_アメリカ合衆国,2024000000,2024年,147411247,千円
30000000,3_鉱物性燃料,280,8月_金額,50304,304_アメリカ合衆国,2023000000,2023年,161020532,千円
30000000,3_鉱物性燃料,280,8月_金額,50304,304_アメリカ合衆国,2022000000,2022年,159850501,千円
30000000,3_鉱物性燃料,280,8月_金額,50304,304_アメリカ合衆国,2021000000,2021年,113782677,千円
30000000,3_鉱物性燃料,280,8月_金額,50305,305_メキシコ,2025000000,2025年,0,千円
30000000,3_鉱物性燃料,280,8月_金額,50305,305_メキシコ,2024000000,2024年,0,千円
30000000,3_鉱物性燃料,280,8月_金額,50305,305_メキシコ,2023000000,2023年,0,千円
30000000,3_鉱物性燃料,280,8月_金額,50305,305_メキシコ,2022000000,2022年,0,千円
30000000,3_鉱物性燃料,280,8月_金額,50305,305_メキシコ,2021000000,2021年,0,千円
30000000,3_鉱物性燃料,280,8月_金額,50309,309_エルサルバドル,2025000000,2025年,0,千円
30000000,3_鉱物性燃料,280,8月_金額,50309,309_エルサルバドル,2024000000,2024年,0,千円
30000000,3_鉱物性燃料,280,8月_金額,50309,309_エルサルバドル,2022000000,2022年,0,千円
30000000,3_鉱物性燃料,280,8月_金額,50311,311_コスタリカ,2025000000,2025年,768,千円
30000000,3_鉱物性燃料,280,8月_金額,50311,311_コスタリカ,2024000000,2024年,659,千円
30000000,3_鉱物性燃料,280,8月_金額,50311,311_コスタリカ,2023000000,2023年,416,千円
30000000,3_鉱物性燃料,280,8月_金額,50311,311_コスタリカ,2022000000,2022年,558,千円
30000000,3_鉱物性燃料,280,8月_金額,50311,311_コスタリカ,2021000000,2021年,0,千円
30000000,3_鉱物性燃料,280,8月_金額,50312,312_パナマ,2024000000,2024年,0,千円
30000000,3_鉱物性燃料,280,8月_金額,50312,312_パナマ,2023000000,2023年,0,千円
30000000,3_鉱物性燃料,280,8月_金額,50312,312_パナマ,2022000000,2022年,0,千円
30000000,3_鉱物性燃料,280,8月_金額,50320,320_トリニダード・トバゴ,2024000000,2024年,0,千円
30000000,3_鉱物性燃料,280,8月_金額,50320,320_トリニダード・トバゴ,2023000000,2023年,0,千円
30000000,3_鉱物性燃料,280,8月_金額,50320,320_トリニダード・トバゴ,2022000000,2022年,0,千円
30000000,3_鉱物性燃料,280,8月_金額,50321,321_キューバ,2023000000,2023年,0,千円
30000000,3_鉱物性燃料,280,8月_金額,50328,328_ケイマン諸島(英),2023000000,2023年,0,千円
30000000,3_鉱物性燃料,280,8月_金額,50401,401_コロンビア,2025000000,2025年,2402935,千円
30000000,3_鉱物性燃料,280,8月_金額,50401,401_コロンビア,2024000000,2024年,3856983,千円
30000000,3_鉱物性燃料,280,8月_金額,50401,401_コロンビア,2023000000,2023年,5171906,千円
30000000,3_鉱物性燃料,280,8月_金額,50401,401_コロンビア,2022000000,2022年,9394521,千円
30000000,3_鉱物性燃料,280,8月_金額,50401,401_コロンビア,2021000000,2021年,1782813,千円
30000000,3_鉱物性燃料,280,8月_金額,50406,406_エクアドル,2025000000,2025年,4524083,千円
30000000,3_鉱物性燃料,280,8月_金額,50406,406_エクアドル,2024000000,2024年,12242035,千円
30000000,3_鉱物性燃料,280,8月_金額,50406,406_エクアドル,2023000000,2023年,17648015,千円
30000000,3_鉱物性燃料,280,8月_金額,50406,406_エクアドル,2022000000,2022年,24733908,千円
30000000,3_鉱物性燃料,280,8月_金額,50406,406_エクアドル,2021000000,2021年,10724177,千円
30000000,3_鉱物性燃料,280,8月_金額,50407,407_ペルー,2025000000,2025年,5330330,千円
30000000,3_鉱物性燃料,280,8月_金額,50407,407_ペルー,2024000000,2024年,15471344,千円
30000000,3_鉱物性燃料,280,8月_金額,50407,407_ペルー,2023000000,2023年,10067580,千円
30000000,3_鉱物性燃料,280,8月_金額,50407,407_ペルー,2022000000,2022年,11873069,千円
30000000,3_鉱物性燃料,280,8月_金額,50407,407_ペルー,2021000000,2021年,7744486,千円
30000000,3_鉱物性燃料,280,8月_金額,50409,409_チリ,2023000000,2023年,0,千円
30000000,3_鉱物性燃料,280,8月_金額,50409,409_チリ,2022000000,2022年,0,千円
30000000,3_鉱物性燃料,280,8月_金額,50410,410_ブラジル,2025000000,2025年,0,千円
30000000,3_鉱物性燃料,280,8月_金額,50410,410_ブラジル,2024000000,2024年,0,千円
30000000,3_鉱物性燃料,280,8月_金額,50410,410_ブラジル,2023000000,2023年,37098,千円
30000000,3_鉱物性燃料,280,8月_金額,50410,410_ブラジル,2022000000,2022年,0,千円
30000000,3_鉱物性燃料,280,8月_金額,50410,410_ブラジル,2021000000,2021年,65953,千円
30000000,3_鉱物性燃料,280,8月_金額,50411,411_パラグアイ,2023000000,2023年,0,千円
30000000,3_鉱物性燃料,280,8月_金額,50412,412_ウルグアイ,2022000000,2022年,0,千円
30000000,3_鉱物性燃料,280,8月_金額,50413,413_アルゼンチン,2023000000,2023年,1011,千円
30000000,3_鉱物性燃料,280,8月_金額,50503,503_アルジェリア,2025000000,2025年,0,千円
30000000,3_鉱物性燃料,280,8月_金額,50503,503_アルジェリア,2024000000,2024年,2897775,千円
30000000,3_鉱物性燃料,280,8月_金額,50503,503_アルジェリア,2023000000,2023年,0,千円
30000000,3_鉱物性燃料,280,8月_金額,50503,503_アルジェリア,2022000000,2022年,1323426,千円
30000000,3_鉱物性燃料,280,8月_金額,50503,503_アルジェリア,2021000000,2021年,18817343,千円
30000000,3_鉱物性燃料,280,8月_金額,50505,505_リビア,2021000000,2021年,0,千円
30000000,3_鉱物性燃料,280,8月_金額,50506,506_エジプト,2025000000,2025年,10099,千円
30000000,3_鉱物性燃料,280,8月_金額,50506,506_エジプト,2024000000,2024年,332,千円
30000000,3_鉱物性燃料,280,8月_金額,50506,506_エジプト,2023000000,2023年,0,千円
30000000,3_鉱物性燃料,280,8月_金額,50506,506_エジプト,2022000000,2022年,0,千円
30000000,3_鉱物性燃料,280,8月_金額,50506,506_エジプト,2021000000,2021年,4325725,千円
30000000,3_鉱物性燃料,280,8月_金額,50524,524_ナイジェリア,2025000000,2025年,0,千円
30000000,3_鉱物性燃料,280,8月_金額,50524,524_ナイジェリア,2024000000,2024年,0,千円
30000000,3_鉱物性燃料,280,8月_金額,50524,524_ナイジェリア,2023000000,2023年,0,千円
30000000,3_鉱物性燃料,280,8月_金額,50524,524_ナイジェリア,2022000000,2022年,43586706,千円
30000000,3_鉱物性燃料,280,8月_金額,50524,524_ナイジェリア,2021000000,2021年,3008771,千円
30000000,3_鉱物性燃料,280,8月_金額,50525,525_ニジェール,2025000000,2025年,533,千円
30000000,3_鉱物性燃料,280,8月_金額,50527,527_カメルーン,2024000000,2024年,5594054,千円
30000000,3_鉱物性燃料,280,8月_金額,50530,530_赤道ギニア,2025000000,2025年,0,千円
30000000,3_鉱物性燃料,280,8月_金額,50530,530_赤道ギニア,2024000000,2024年,0,千円
30000000,3_鉱物性燃料,280,8月_金額,50530,530_赤道ギニア,2023000000,2023年,0,千円
30000000,3_鉱物性燃料,280,8月_金額,50530,530_赤道ギニア,2022000000,2022年,0,千円
30000000,3_鉱物性燃料,280,8月_金額,50530,530_赤道ギニア,2021000000,2021年,0,千円
30000000,3_鉱物性燃料,280,8月_金額,50535,535_アンゴラ,2022000000,2022年,0,千円
30000000,3_鉱物性燃料,280,8月_金額,50545,545_モザンビーク,2025000000,2025年,920979,千円
30000000,3_鉱物性燃料,280,8月_金額,50545,545_モザンビーク,2024000000,2024年,0,千円
30000000,3_鉱物性燃料,280,8月_金額,50545,545_モザンビーク,2023000000,2023年,0,千円
30000000,3_鉱物性燃料,280,8月_金額,50545,545_モザンビーク,2022000000,2022年,0,千円
30000000,3_鉱物性燃料,280,8月_金額,50545,545_モザンビーク,2021000000,2021年,0,千円
30000000,3_鉱物性燃料,280,8月_金額,50547,547_モーリシャス,2024000000,2024年,0,千円
30000000,3_鉱物性燃料,280,8月_金額,50547,547_モーリシャス,2022000000,2022年,0,千円
30000000,3_鉱物性燃料,280,8月_金額,50547,547_モーリシャス,2021000000,2021年,0,千円
30000000,3_鉱物性燃料,280,8月_金額,50551,551_南アフリカ共和国,2025000000,2025年,1463642,千円
30000000,3_鉱物性燃料,280,8月_金額,50551,551_南アフリカ共和国,2024000000,2024年,6207400,千円
30000000,3_鉱物性燃料,280,8月_金額,50551,551_南アフリカ共和国,2023000000,2023年,9550713,千円
30000000,3_鉱物性燃料,280,8月_金額,50551,551_南アフリカ共和国,2022000000,2022年,4624914,千円
30000000,3_鉱物性燃料,280,8月_金額,50551,551_南アフリカ共和国,2021000000,2021年,19431,千円
30000000,3_鉱物性燃料,280,8月_金額,50560,560_南スーダン,2025000000,2025年,2869721,千円
30000000,3_鉱物性燃料,280,8月_金額,50560,560_南スーダン,2024000000,2024年,1379781,千円
30000000,3_鉱物性燃料,280,8月_金額,50560,560_南スーダン,2023000000,2023年,0,千円
30000000,3_鉱物性燃料,280,8月_金額,50560,560_南スーダン,2022000000,2022年,0,千円
30000000,3_鉱物性燃料,280,8月_金額,50560,560_南スーダン,2021000000,2021年,0,千円
30000000,3_鉱物性燃料,280,8月_金額,50601,601_オーストラリア,2025000000,2025年,421241425,千円
30000000,3_鉱物性燃料,280,8月_金額,50601,601_オーストラリア,2024000000,2024年,474816640,千円
30000000,3_鉱物性燃料,280,8月_金額,50601,601_オーストラリア,2023000000,2023年,504122460,千円
30000000,3_鉱物性燃料,280,8月_金額,50601,601_オーストラリア,2022000000,2022年,942496823,千円
30000000,3_鉱物性燃料,280,8月_金額,50601,601_オーストラリア,2021000000,2021年,323054201,千円
30000000,3_鉱物性燃料,280,8月_金額,50602,602_パプアニューギニア,2025000000,2025年,26243610,千円
30000000,3_鉱物性燃料,280,8月_金額,50602,602_パプアニューギニア,2024000000,2024年,36841330,千円
30000000,3_鉱物性燃料,280,8月_金額,50602,602_パプアニューギニア,2023000000,2023年,27489818,千円
30000000,3_鉱物性燃料,280,8月_金額,50602,602_パプアニューギニア,2022000000,2022年,27238224,千円
30000000,3_鉱物性燃料,280,8月_金額,50602,602_パプアニューギニア,2021000000,2021年,15235627,千円
30000000,3_鉱物性燃料,280,8月_金額,50606,606_ニュージーランド,2025000000,2025年,1953620,千円
30000000,3_鉱物性燃料,280,8月_金額,50606,606_ニュージーランド,2024000000,2024年,0,千円
30000000,3_鉱物性燃料,280,8月_金額,50606,606_ニュージーランド,2023000000,2023年,0,千円
30000000,3_鉱物性燃料,280,8月_金額,50606,606_ニュージーランド,2022000000,2022年,2865664,千円
30000000,3_鉱物性燃料,280,8月_金額,50606,606_ニュージーランド,2021000000,2021年,0,千円
30000000,3_鉱物性燃料,280,8月_金額,50618,618_ニューカレドニア(仏),2024000000,2024年,0,千円
30000000,3_鉱物性燃料,280,8月_金額,50618,618_ニューカレドニア(仏),2023000000,2023年,0,千円
30000000,3_鉱物性燃料,280,8月_金額,50625,625_マーシャル,2024000000,2024年,0,千円
30000000,3_鉱物性燃料,280,8月_金額,50625,625_マーシャル,2022000000,2022年,288,千円
30000000,3_鉱物性燃料,280,8月_金額,50625,625_マーシャル,2021000000,2021年,0,千円
30000000,3_鉱物性燃料,280,8月_金額,50626,626_ミクロネシア,2021000000,2021年,0,千円
30000000,3_鉱物性燃料,280,8月_金額,50628,628_パラオ,2025000000,2025年,0,千円
30000000,3_鉱物性燃料,280,8月_金額,50702,702_不明,2025000000,2025年,56978,千円
30000000,3_鉱物性燃料,280,8月_金額,50702,702_不明,2024000000,2024年,40655,千円
30000000,3_鉱物性燃料,280,8月_金額,50702,702_不明,2023000000,2023年,30602,千円
30000000,3_鉱物性燃料,280,8月_金額,50702,702_不明,2022000000,2022年,0,千円
30000000,3_鉱物性燃料,280,8月_金額,50702,702_不明,2021000000,2021年,964,千円
30000000,3_鉱物性燃料,290,9月_数量,50103,103_大韓民国,2025000000,2025年,0,
30000000,3_鉱物性燃料,290,9月_数量,50103,103_大韓民国,2024000000,2024年,0,
30000000,3_鉱物性燃料,290,9月_数量,50103,103_大韓民国,2023000000,2023年,0,
30000000,3_鉱物性燃料,290,9月_数量,50103,103_大韓民国,2022000000,2022年,0,
30000000,3_鉱物性燃料,290,9月_数量,50103,103_大韓民国,2021000000,2021年,0,
30000000,3_鉱物性燃料,290,9月_数量,50105,105_中華人民共和国,2025000000,2025年,0,
30000000,3_鉱物性燃料,290,9月_数量,50105,105_中華人民共和国,2024000000,2024年,0,
30000000,3_鉱物性燃料,290,9月_数量,50105,105_中華人民共和国,2023000000,2023年,0,
30000000,3_鉱物性燃料,290,9月_数量,50105,105_中華人民共和国,2022000000,2022年,0,
30000000,3_鉱物性燃料,290,9月_数量,50105,105_中華人民共和国,2021000000,2021年,0,
30000000,3_鉱物性燃料,290,9月_数量,50106,106_台湾,2025000000,2025年,0,
30000000,3_鉱物性燃料,290,9月_数量,50106,106_台湾,2024000000,2024年,0,
30000000,3_鉱物性燃料,290,9月_数量,50106,106_台湾,2023000000,2023年,0,
30000000,3_鉱物性燃料,290,9月_数量,50106,106_台湾,2022000000,2022年,0,
30000000,3_鉱物性燃料,290,9月_数量,50106,106_台湾,2021000000,2021年,0,
30000000,3_鉱物性燃料,290,9月_数量,50108,108_香港,2025000000,2025年,0,
30000000,3_鉱物性燃料,290,9月_数量,50108,108_香港,2024000000,2024年,0,
30000000,3_鉱物性燃料,290,9月_数量,50108,108_香港,2023000000,2023年,0,
30000000,3_鉱物性燃料,290,9月_数量,50108,108_香港,2022000000,2022年,0,
30000000,3_鉱物性燃料,290,9月_数量,50108,108_香港,2021000000,2021年,0,
30000000,3_鉱物性燃料,290,9月_数量,50110,110_ベトナム,2025000000,2025年,0,
30000000,3_鉱物性燃料,290,9月_数量,50110,110_ベトナム,2024000000,2024年,0,
30000000,3_鉱物性燃料,290,9月_数量,50110,110_ベトナム,2023000000,2023年,0,
30000000,3_鉱物性燃料,290,9月_数量,50110,110_ベトナム,2022000000,2022年,0,
30000000,3_鉱物性燃料,290,9月_数量,50110,110_ベトナム,2021000000,2021年,0,
30000000,3_鉱物性燃料,290,9月_数量,50111,111_タイ,2025000000,2025年,0,
30000000,3_鉱物性燃料,290,9月_数量,50111,111_タイ,2024000000,2024年,0,
30000000,3_鉱物性燃料,290,9月_数量,50111,111_タイ,2023000000,2023年,0,
30000000,3_鉱物性燃料,290,9月_数量,50111,111_タイ,2022000000,2022年,0,
30000000,3_鉱物性燃料,290,9月_数量,50111,111_タイ,2021000000,2021年,0,
30000000,3_鉱物性燃料,290,9月_数量,50112,112_シンガポール,2025000000,2025年,0,
30000000,3_鉱物性燃料,290,9月_数量,50112,112_シンガポール,2024000000,2024年,0,
30000000,3_鉱物性燃料,290,9月_数量,50112,112_シンガポール,2023000000,2023年,0,
30000000,3_鉱物性燃料,290,9月_数量,50112,112_シンガポール,2022000000,2022年,0,
30000000,3_鉱物性燃料,290,9月_数量,50112,112_シンガポール,2021000000,2021年,0,
30000000,3_鉱物性燃料,290,9月_数量,50113,113_マレーシア,2025000000,2025年,0,
30000000,3_鉱物性燃料,290,9月_数量,50113,113_マレーシア,2024000000,2024年,0,
30000000,3_鉱物性燃料,290,9月_数量,50113,113_マレーシア,2023000000,2023年,0,
30000000,3_鉱物性燃料,290,9月_数量,50113,113_マレーシア,2022000000,2022年,0,
30000000,3_鉱物性燃料,290,9月_数量,50113,113_マレーシア,2021000000,2021年,0,
30000000,3_鉱物性燃料,290,9月_数量,50116,116_ブルネイ,2025000000,2025年,0,
30000000,3_鉱物性燃料,290,9月_数量,50116,116_ブルネイ,2024000000,2024年,0,
30000000,3_鉱物性燃料,290,9月_数量,50116,116_ブルネイ,2023000000,2023年,0,
30000000,3_鉱物性燃料,290,9月_数量,50116,116_ブルネイ,2022000000,2022年,0,
30000000,3_鉱物性燃料,290,9月_数量,50116,116_ブルネイ,2021000000,2021年,0,
30000000,3_鉱物性燃料,290,9月_数量,50117,117_フィリピン,2025000000,2025年,0,
30000000,3_鉱物性燃料,290,9月_数量,50117,117_フィリピン,2024000000,2024年,0,
30000000,3_鉱物性燃料,290,9月_数量,50117,117_フィリピン,2023000000,2023年,0,
30000000,3_鉱物性燃料,290,9月_数量,50117,117_フィリピン,2022000000,2022年,0,
30000000,3_鉱物性燃料,290,9月_数量,50117,117_フィリピン,2021000000,2021年,0,
30000000,3_鉱物性燃料,290,9月_数量,50118,118_インドネシア,2025000000,2025年,0,
30000000,3_鉱物性燃料,290,9月_数量,50118,118_インドネシア,2024000000,2024年,0,
30000000,3_鉱物性燃料,290,9月_数量,50118,118_インドネシア,2023000000,2023年,0,
30000000,3_鉱物性燃料,290,9月_数量,50118,118_インドネシア,2022000000,2022年,0,
30000000,3_鉱物性燃料,290,9月_数量,50118,118_インドネシア,2021000000,2021年,0,
30000000,3_鉱物性燃料,290,9月_数量,50123,123_インド,2025000000,2025年,0,
30000000,3_鉱物性燃料,290,9月_数量,50123,123_インド,2024000000,2024年,0,
30000000,3_鉱物性燃料,290,9月_数量,50123,123_インド,2023000000,2023年,0,
30000000,3_鉱物性燃料,290,9月_数量,50123,123_インド,2022000000,2022年,0,
30000000,3_鉱物性燃料,290,9月_数量,50123,123_インド,2021000000,2021年,0,
30000000,3_鉱物性燃料,290,9月_数量,50124,124_パキスタン,2025000000,2025年,0,
30000000,3_鉱物性燃料,290,9月_数量,50124,124_パキスタン,2023000000,2023年,0,
30000000,3_鉱物性燃料,290,9月_数量,50124,124_パキスタン,2022000000,2022年,0,
30000000,3_鉱物性燃料,290,9月_数量,50124,124_パキスタン,2021000000,2021年,0,
30000000,3_鉱物性燃料,290,9月_数量,50125,125_スリランカ,2025000000,2025年,0,
30000000,3_鉱物性燃料,290,9月_数量,50125,125_スリランカ,2024000000,2024年,0,
30000000,3_鉱物性燃料,290,9月_数量,50125,125_スリランカ,2023000000,2023年,0,
30000000,3_鉱物性燃料,290,9月_数量,50125,125_スリランカ,2022000000,2022年,0,
30000000,3_鉱物性燃料,290,9月_数量,50125,125_スリランカ,2021000000,2021年,0,
30000000,3_鉱物性燃料,290,9月_数量,50126,126_モルディブ,2022000000,2022年,0,
30000000,3_鉱物性燃料,290,9月_数量,50127,127_バングラデシュ,2024000000,2024年,0,
30000000,3_鉱物性燃料,290,9月_数量,50128,128_東ティモール,2025000000,2025年,0,
30000000,3_鉱物性燃料,290,9月_数量,50128,128_東ティモール,2023000000,2023年,0,
30000000,3_鉱物性燃料,290,9月_数量,50128,128_東ティモール,2022000000,2022年,0,
30000000,3_鉱物性燃料,290,9月_数量,50128,128_東ティモール,2021000000,2021年,0,
30000000,3_鉱物性燃料,290,9月_数量,50134,134_イラク,2025000000,2025年,0,
30000000,3_鉱物性燃料,290,9月_数量,50134,134_イラク,2024000000,2024年,0,
30000000,3_鉱物性燃料,290,9月_数量,50134,134_イラク,2023000000,2023年,0,
30000000,3_鉱物性燃料,290,9月_数量,50134,134_イラク,2021000000,2021年,0,
30000000,3_鉱物性燃料,290,9月_数量,50135,135_バーレーン,2025000000,2025年,0,
30000000,3_鉱物性燃料,290,9月_数量,50135,135_バーレーン,2024000000,2024年,0,
30000000,3_鉱物性燃料,290,9月_数量,50135,135_バーレーン,2023000000,2023年,0,
30000000,3_鉱物性燃料,290,9月_数量,50135,135_バーレーン,2022000000,2022年,0,
30000000,3_鉱物性燃料,290,9月_数量,50135,135_バーレーン,2021000000,2021年,0,
30000000,3_鉱物性燃料,290,9月_数量,50137,137_サウジアラビア,2025000000,2025年,0,
30000000,3_鉱物性燃料,290,9月_数量,50137,137_サウジアラビア,2024000000,2024年,0,
30000000,3_鉱物性燃料,290,9月_数量,50137,137_サウジアラビア,2023000000,2023年,0,
30000000,3_鉱物性燃料,290,9月_数量,50137,137_サウジアラビア,2022000000,2022年,0,
30000000,3_鉱物性燃料,290,9月_数量,50137,137_サウジアラビア,2021000000,2021年,0,
30000000,3_鉱物性燃料,290,9月_数量,50138,138_クウェート,2025000000,2025年,0,
30000000,3_鉱物性燃料,290,9月_数量,50138,138_クウェート,2024000000,2024年,0,
30000000,3_鉱物性燃料,290,9月_数量,50138,138_クウェート,2023000000,2023年,0,
30000000,3_鉱物性燃料,290,9月_数量,50138,138_クウェート,2022000000,2022年,0,
30000000,3_鉱物性燃料,290,9月_数量,50138,138_クウェート,2021000000,2021年,0,
30000000,3_鉱物性燃料,290,9月_数量,50140,140_カタール,2025000000,2025年,0,
30000000,3_鉱物性燃料,290,9月_数量,50140,140_カタール,2024000000,2024年,0,
30000000,3_鉱物性燃料,290,9月_数量,50140,140_カタール,2023000000,2023年,0,
30000000,3_鉱物性燃料,290,9月_数量,50140,140_カタール,2022000000,2022年,0,
30000000,3_鉱物性燃料,290,9月_数量,50140,140_カタール,2021000000,2021年,0,
30000000,3_鉱物性燃料,290,9月_数量,50141,141_オマーン,2025000000,2025年,0,
30000000,3_鉱物性燃料,290,9月_数量,50141,141_オマーン,2024000000,2024年,0,
30000000,3_鉱物性燃料,290,9月_数量,50141,141_オマーン,2023000000,2023年,0,
30000000,3_鉱物性燃料,290,9月_数量,50141,141_オマーン,2022000000,2022年,0,
30000000,3_鉱物性燃料,290,9月_数量,50141,141_オマーン,2021000000,2021年,0,
30000000,3_鉱物性燃料,290,9月_数量,50143,143_イスラエル,2025000000,2025年,0,
30000000,3_鉱物性燃料,290,9月_数量,50143,143_イスラエル,2024000000,2024年,0,
30000000,3_鉱物性燃料,290,9月_数量,50143,143_イスラエル,2023000000,2023年,0,
30000000,3_鉱物性燃料,290,9月_数量,50143,143_イスラエル,2022000000,2022年,0,
30000000,3_鉱物性燃料,290,9月_数量,50143,143_イスラエル,2021000000,2021年,0,
30000000,3_鉱物性燃料,290,9月_数量,50147,147_アラブ首長国連邦,2025000000,2025年,0,
30000000,3_鉱物性燃料,290,9月_数量,50147,147_アラブ首長国連邦,2024000000,2024年,0,
30000000,3_鉱物性燃料,290,9月_数量,50147,147_アラブ首長国連邦,2023000000,2023年,0,
30000000,3_鉱物性燃料,290,9月_数量,50147,147_アラブ首長国連邦,2022000000,2022年,0,
30000000,3_鉱物性燃料,290,9月_数量,50147,147_アラブ首長国連邦,2021000000,2021年,0,
30000000,3_鉱物性燃料,290,9月_数量,50153,153_カザフスタン,2025000000,2025年,0,
30000000,3_鉱物性燃料,290,9月_数量,50153,153_カザフスタン,2024000000,2024年,0,
30000000,3_鉱物性燃料,290,9月_数量,50153,153_カザフスタン,2023000000,2023年,0,
30000000,3_鉱物性燃料,290,9月_数量,50153,153_カザフスタン,2022000000,2022年,0,
30000000,3_鉱物性燃料,290,9月_数量,50153,153_カザフスタン,2021000000,2021年,0,
30000000,3_鉱物性燃料,290,9月_数量,50202,202_ノルウェー,2025000000,2025年,0,
30000000,3_鉱物性燃料,290,9月_数量,50202,202_ノルウェー,2024000000,2024年,0,
30000000,3_鉱物性燃料,290,9月_数量,50202,202_ノルウェー,2023000000,2023年,0,
30000000,3_鉱物性燃料,290,9月_数量,50202,202_ノルウェー,2022000000,2022年,0,
30000000,3_鉱物性燃料,290,9月_数量,50202,202_ノルウェー,2021000000,2021年,0,
30000000,3_鉱物性燃料,290,9月_数量,50203,203_スウェーデン,2025000000,2025年,0,
30000000,3_鉱物性燃料,290,9月_数量,50203,203_スウェーデン,2024000000,2024年,0,
30000000,3_鉱物性燃料,290,9月_数量,50203,203_スウェーデン,2023000000,2023年,0,
30000000,3_鉱物性燃料,290,9月_数量,50203,203_スウェーデン,2022000000,2022年,0,
30000000,3_鉱物性燃料,290,9月_数量,50203,203_スウェーデン,2021000000,2021年,0,
30000000,3_鉱物性燃料,290,9月_数量,50204,204_デンマーク,2025000000,2025年,0,
30000000,3_鉱物性燃料,290,9月_数量,50204,204_デンマーク,2024000000,2024年,0,
30000000,3_鉱物性燃料,290,9月_数量,50204,204_デンマーク,2023000000,2023年,0,
30000000,3_鉱物性燃料,290,9月_数量,50204,204_デンマーク,2022000000,2022年,0,
30000000,3_鉱物性燃料,290,9月_数量,50204,204_デンマーク,2021000000,2021年,0,
30000000,3_鉱物性燃料,290,9月_数量,50205,205_英国,2025000000,2025年,0,
30000000,3_鉱物性燃料,290,9月_数量,50205,205_英国,2024000000,2024年,0,
30000000,3_鉱物性燃料,290,9月_数量,50205,205_英国,2023000000,2023年,0,
30000000,3_鉱物性燃料,290,9月_数量,50205,205_英国,2022000000,2022年,0,
30000000,3_鉱物性燃料,290,9月_数量,50205,205_英国,2021000000,2021年,0,
30000000,3_鉱物性燃料,290,9月_数量,50206,206_アイルランド,2025000000,2025年,0,
30000000,3_鉱物性燃料,290,9月_数量,50206,206_アイルランド,2024000000,2024年,0,
30000000,3_鉱物性燃料,290,9月_数量,50206,206_アイルランド,2023000000,2023年,0,
30000000,3_鉱物性燃料,290,9月_数量,50206,206_アイルランド,2022000000,2022年,0,
30000000,3_鉱物性燃料,290,9月_数量,50206,206_アイルランド,2021000000,2021年,0,
30000000,3_鉱物性燃料,290,9月_数量,50207,207_オランダ,2025000000,2025年,0,
30000000,3_鉱物性燃料,290,9月_数量,50207,207_オランダ,2024000000,2024年,0,
30000000,3_鉱物性燃料,290,9月_数量,50207,207_オランダ,2023000000,2023年,0,
30000000,3_鉱物性燃料,290,9月_数量,50207,207_オランダ,2022000000,2022年,0,
30000000,3_鉱物性燃料,290,9月_数量,50207,207_オランダ,2021000000,2021年,0,
30000000,3_鉱物性燃料,290,9月_数量,50208,208_ベルギー,2025000000,2025年,0,
30000000,3_鉱物性燃料,290,9月_数量,50208,208_ベルギー,2024000000,2024年,0,
30000000,3_鉱物性燃料,290,9月_数量,50208,208_ベルギー,2023000000,2023年,0,
30000000,3_鉱物性燃料,290,9月_数量,50208,208_ベルギー,2022000000,2022年,0,
30000000,3_鉱物性燃料,290,9月_数量,50208,208_ベルギー,2021000000,2021年,0,
30000000,3_鉱物性燃料,290,9月_数量,50209,209_ルクセンブルク,2025000000,2025年,0,
30000000,3_鉱物性燃料,290,9月_数量,50209,209_ルクセンブルク,2021000000,2021年,0,
30000000,3_鉱物性燃料,290,9月_数量,50210,210_フランス,2025000000,2025年,0,
30000000,3_鉱物性燃料,290,9月_数量,50210,210_フランス,2024000000,2024年,0,
30000000,3_鉱物性燃料,290,9月_数量,50210,210_フランス,2023000000,2023年,0,
30000000,3_鉱物性燃料,290,9月_数量,50210,210_フランス,2022000000,2022年,0,
30000000,3_鉱物性燃料,290,9月_数量,50210,210_フランス,2021000000,2021年,0,
30000000,3_鉱物性燃料,290,9月_数量,50213,213_ドイツ,2025000000,2025年,0,
30000000,3_鉱物性燃料,290,9月_数量,50213,213_ドイツ,2024000000,2024年,0,
30000000,3_鉱物性燃料,290,9月_数量,50213,213_ドイツ,2023000000,2023年,0,
30000000,3_鉱物性燃料,290,9月_数量,50213,213_ドイツ,2022000000,2022年,0,
30000000,3_鉱物性燃料,290,9月_数量,50213,213_ドイツ,2021000000,2021年,0,
30000000,3_鉱物性燃料,290,9月_数量,50215,215_スイス,2025000000,2025年,0,
30000000,3_鉱物性燃料,290,9月_数量,50215,215_スイス,2024000000,2024年,0,
30000000,3_鉱物性燃料,290,9月_数量,50215,215_スイス,2023000000,2023年,0,
30000000,3_鉱物性燃料,290,9月_数量,50215,215_スイス,2022000000,2022年,0,
30000000,3_鉱物性燃料,290,9月_数量,50215,215_スイス,2021000000,2021年,0,
30000000,3_鉱物性燃料,290,9月_数量,50218,218_スペイン,2025000000,2025年,0,
30000000,3_鉱物性燃料,290,9月_数量,50218,218_スペイン,2024000000,2024年,0,
30000000,3_鉱物性燃料,290,9月_数量,50218,218_スペイン,2023000000,2023年,0,
30000000,3_鉱物性燃料,290,9月_数量,50218,218_スペイン,2022000000,2022年,0,
30000000,3_鉱物性燃料,290,9月_数量,50218,218_スペイン,2021000000,2021年,0,
30000000,3_鉱物性燃料,290,9月_数量,50220,220_イタリア,2025000000,2025年,0,
30000000,3_鉱物性燃料,290,9月_数量,50220,220_イタリア,2024000000,2024年,0,
30000000,3_鉱物性燃料,290,9月_数量,50220,220_イタリア,2023000000,2023年,0,
30000000,3_鉱物性燃料,290,9月_数量,50220,220_イタリア,2022000000,2022年,0,
30000000,3_鉱物性燃料,290,9月_数量,50220,220_イタリア,2021000000,2021年,0,
30000000,3_鉱物性燃料,290,9月_数量,50221,221_マルタ,2023000000,2023年,0,
30000000,3_鉱物性燃料,290,9月_数量,50221,221_マルタ,2021000000,2021年,0,
30000000,3_鉱物性燃料,290,9月_数量,50222,222_フィンランド,2025000000,2025年,0,
30000000,3_鉱物性燃料,290,9月_数量,50222,222_フィンランド,2024000000,2024年,0,
30000000,3_鉱物性燃料,290,9月_数量,50222,222_フィンランド,2023000000,2023年,0,
30000000,3_鉱物性燃料,290,9月_数量,50222,222_フィンランド,2022000000,2022年,0,
30000000,3_鉱物性燃料,290,9月_数量,50222,222_フィンランド,2021000000,2021年,0,
30000000,3_鉱物性燃料,290,9月_数量,50223,223_ポーランド,2025000000,2025年,0,
30000000,3_鉱物性燃料,290,9月_数量,50223,223_ポーランド,2024000000,2024年,0,
30000000,3_鉱物性燃料,290,9月_数量,50223,223_ポーランド,2023000000,2023年,0,
30000000,3_鉱物性燃料,290,9月_数量,50223,223_ポーランド,2022000000,2022年,0,
30000000,3_鉱物性燃料,290,9月_数量,50223,223_ポーランド,2021000000,2021年,0,
30000000,3_鉱物性燃料,290,9月_数量,50224,224_ロシア,2025000000,2025年,0,
30000000,3_鉱物性燃料,290,9月_数量,50224,224_ロシア,2024000000,2024年,0,
30000000,3_鉱物性燃料,290,9月_数量,50224,224_ロシア,2023000000,2023年,0,
30000000,3_鉱物性燃料,290,9月_数量,50224,224_ロシア,2022000000,2022年,0,
30000000,3_鉱物性燃料,290,9月_数量,50224,224_ロシア,2021000000,2021年,0,
30000000,3_鉱物性燃料,290,9月_数量,50225,225_オーストリア,2025000000,2025年,0,
30000000,3_鉱物性燃料,290,9月_数量,50225,225_オーストリア,2024000000,2024年,0,
30000000,3_鉱物性燃料,290,9月_数量,50225,225_オーストリア,2023000000,2023年,0,
30000000,3_鉱物性燃料,290,9月_数量,50225,225_オーストリア,2022000000,2022年,0,
30000000,3_鉱物性燃料,290,9月_数量,50225,225_オーストリア,2021000000,2021年,0,
30000000,3_鉱物性燃料,290,9月_数量,50227,227_ハンガリー,2025000000,2025年,0,
30000000,3_鉱物性燃料,290,9月_数量,50227,227_ハンガリー,2023000000,2023年,0,
30000000,3_鉱物性燃料,290,9月_数量,50227,227_ハンガリー,2021000000,2021年,0,
30000000,3_鉱物性燃料,290,9月_数量,50228,228_セルビア,2022000000,2022年,0,
30000000,3_鉱物性燃料,290,9月_数量,50228,228_セルビア,2021000000,2021年,0,
30000000,3_鉱物性燃料,290,9月_数量,50230,230_ギリシャ,2025000000,2025年,0,
30000000,3_鉱物性燃料,290,9月_数量,50230,230_ギリシャ,2024000000,2024年,0,
30000000,3_鉱物性燃料,290,9月_数量,50230,230_ギリシャ,2023000000,2023年,0,
30000000,3_鉱物性燃料,290,9月_数量,50230,230_ギリシャ,2022000000,2022年,0,
30000000,3_鉱物性燃料,290,9月_数量,50230,230_ギリシャ,2021000000,2021年,0,
30000000,3_鉱物性燃料,290,9月_数量,50231,231_ルーマニア,2025000000,2025年,0,
30000000,3_鉱物性燃料,290,9月_数量,50231,231_ルーマニア,2021000000,2021年,0,
30000000,3_鉱物性燃料,290,9月_数量,50232,232_ブルガリア,2023000000,2023年,0,
30000000,3_鉱物性燃料,290,9月_数量,50232,232_ブルガリア,2022000000,2022年,0,
30000000,3_鉱物性燃料,290,9月_数量,50234,234_トルコ,2025000000,2025年,0,
30000000,3_鉱物性燃料,290,9月_数量,50234,234_トルコ,2024000000,2024年,0,
30000000,3_鉱物性燃料,290,9月_数量,50234,234_トルコ,2023000000,2023年,0,
30000000,3_鉱物性燃料,290,9月_数量,50234,234_トルコ,2022000000,2022年,0,
30000000,3_鉱物性燃料,290,9月_数量,50234,234_トルコ,2021000000,2021年,0,
30000000,3_鉱物性燃料,290,9月_数量,50235,235_エストニア,2025000000,2025年,0,
30000000,3_鉱物性燃料,290,9月_数量,50235,235_エストニア,2024000000,2024年,0,
30000000,3_鉱物性燃料,290,9月_数量,50235,235_エストニア,2023000000,2023年,0,
30000000,3_鉱物性燃料,290,9月_数量,50235,235_エストニア,2022000000,2022年,0,
30000000,3_鉱物性燃料,290,9月_数量,50235,235_エストニア,2021000000,2021年,0,
30000000,3_鉱物性燃料,290,9月_数量,50236,236_ラトビア,2025000000,2025年,0,
30000000,3_鉱物性燃料,290,9月_数量,50236,236_ラトビア,2024000000,2024年,0,
30000000,3_鉱物性燃料,290,9月_数量,50236,236_ラトビア,2023000000,2023年,0,
30000000,3_鉱物性燃料,290,9月_数量,50236,236_ラトビア,2022000000,2022年,0,
30000000,3_鉱物性燃料,290,9月_数量,50236,236_ラトビア,2021000000,2021年,0,
30000000,3_鉱物性燃料,290,9月_数量,50237,237_リトアニア,2025000000,2025年,0,
30000000,3_鉱物性燃料,290,9月_数量,50237,237_リトアニア,2024000000,2024年,0,
30000000,3_鉱物性燃料,290,9月_数量,50237,237_リトアニア,2023000000,2023年,0,
30000000,3_鉱物性燃料,290,9月_数量,50237,237_リトアニア,2022000000,2022年,0,
30000000,3_鉱物性燃料,290,9月_数量,50237,237_リトアニア,2021000000,2021年,0,
30000000,3_鉱物性燃料,290,9月_数量,50238,238_ウクライナ,2025000000,2025年,0,
30000000,3_鉱物性燃料,290,9月_数量,50238,238_ウクライナ,2024000000,2024年,0,
30000000,3_鉱物性燃料,290,9月_数量,50238,238_ウクライナ,2023000000,2023年,0,
30000000,3_鉱物性燃料,290,9月_数量,50238,238_ウクライナ,2022000000,2022年,0,
30000000,3_鉱物性燃料,290,9月_数量,50238,238_ウクライナ,2021000000,2021年,0,
30000000,3_鉱物性燃料,290,9月_数量,50241,241_クロアチア,2025000000,2025年,0,
30000000,3_鉱物性燃料,290,9月_数量,50241,241_クロアチア,2021000000,2021年,0,
30000000,3_鉱物性燃料,290,9月_数量,50245,245_チェコ,2025000000,2025年,0,
30000000,3_鉱物性燃料,290,9月_数量,50245,245_チェコ,2024000000,2024年,0,
30000000,3_鉱物性燃料,290,9月_数量,50245,245_チェコ,2023000000,2023年,0,
30000000,3_鉱物性燃料,290,9月_数量,50245,245_チェコ,2021000000,2021年,0,
30000000,3_鉱物性燃料,290,9月_数量,50246,246_スロバキア,2023000000,2023年,0,
30000000,3_鉱物性燃料,290,9月_数量,50302,302_カナダ,2025000000,2025年,0,
30000000,3_鉱物性燃料,290,9月_数量,50302,302_カナダ,2024000000,2024年,0,
30000000,3_鉱物性燃料,290,9月_数量,50302,302_カナダ,2023000000,2023年,0,
30000000,3_鉱物性燃料,290,9月_数量,50302,302_カナダ,2022000000,2022年,0,
30000000,3_鉱物性燃料,290,9月_数量,50302,302_カナダ,2021000000,2021年,0,
30000000,3_鉱物性燃料,290,9月_数量,50304,304_アメリカ合衆国,2025000000,2025年,0,
30000000,3_鉱物性燃料,290,9月_数量,50304,304_アメリカ合衆国,2024000000,2024年,0,
30000000,3_鉱物性燃料,290,9月_数量,50304,304_アメリカ合衆国,2023000000,2023年,0,
30000000,3_鉱物性燃料,290,9月_数量,50304,304_アメリカ合衆国,2022000000,2022年,0,
30000000,3_鉱物性燃料,290,9月_数量,50304,304_アメリカ合衆国,2021000000,2021年,0,
30000000,3_鉱物性燃料,290,9月_数量,50305,305_メキシコ,2025000000,2025年,0,
30000000,3_鉱物性燃料,290,9月_数量,50305,305_メキシコ,2024000000,2024年,0,
30000000,3_鉱物性燃料,290,9月_数量,50305,305_メキシコ,2023000000,2023年,0,
30000000,3_鉱物性燃料,290,9月_数量,50305,305_メキシコ,2022000000,2022年,0,
30000000,3_鉱物性燃料,290,9月_数量,50305,305_メキシコ,2021000000,2021年,0,
30000000,3_鉱物性燃料,290,9月_数量,50309,309_エルサルバドル,2025000000,2025年,0,
30000000,3_鉱物性燃料,290,9月_数量,50309,309_エルサルバドル,2024000000,2024年,0,
30000000,3_鉱物性燃料,290,9月_数量,50309,309_エルサルバドル,2022000000,2022年,0,
30000000,3_鉱物性燃料,290,9月_数量,50311,311_コスタリカ,2025000000,2025年,0,
30000000,3_鉱物性燃料,290,9月_数量,50311,311_コスタリカ,2024000000,2024年,0,
30000000,3_鉱物性燃料,290,9月_数量,50311,311_コスタリカ,2023000000,2023年,0,
30000000,3_鉱物性燃料,290,9月_数量,50311,311_コスタリカ,2022000000,2022年,0,
30000000,3_鉱物性燃料,290,9月_数量,50311,311_コスタリカ,2021000000,2021年,0,
30000000,3_鉱物性燃料,290,9月_数量,50312,312_パナマ,2024000000,2024年,0,
30000000,3_鉱物性燃料,290,9月_数量,50312,312_パナマ,2023000000,2023年,0,
30000000,3_鉱物性燃料,290,9月_数量,50312,312_パナマ,2022000000,2022年,0,
30000000,3_鉱物性燃料,290,9月_数量,50320,320_トリニダード・トバゴ,2024000000,2024年,0,
30000000,3_鉱物性燃料,290,9月_数量,50320,320_トリニダード・トバゴ,2023000000,2023年,0,
30000000,3_鉱物性燃料,290,9月_数量,50320,320_トリニダード・トバゴ,2022000000,2022年,0,
30000000,3_鉱物性燃料,290,9月_数量,50321,321_キューバ,2023000000,2023年,0,
30000000,3_鉱物性燃料,290,9月_数量,50328,328_ケイマン諸島(英),2023000000,2023年,0,
30000000,3_鉱物性燃料,290,9月_数量,50401,401_コロンビア,2025000000,2025年,0,
30000000,3_鉱物性燃料,290,9月_数量,50401,401_コロンビア,2024000000,2024年,0,
30000000,3_鉱物性燃料,290,9月_数量,50401,401_コロンビア,2023000000,2023年,0,
30000000,3_鉱物性燃料,290,9月_数量,50401,401_コロンビア,2022000000,2022年,0,
30000000,3_鉱物性燃料,290,9月_数量,50401,401_コロンビア,2021000000,2021年,0,
30000000,3_鉱物性燃料,290,9月_数量,50406,406_エクアドル,2025000000,2025年,0,
30000000,3_鉱物性燃料,290,9月_数量,50406,406_エクアドル,2024000000,2024年,0,
30000000,3_鉱物性燃料,290,9月_数量,50406,406_エクアドル,2023000000,2023年,0,
30000000,3_鉱物性燃料,290,9月_数量,50406,406_エクアドル,2022000000,2022年,0,
30000000,3_鉱物性燃料,290,9月_数量,50406,406_エクアドル,2021000000,2021年,0,
30000000,3_鉱物性燃料,290,9月_数量,50407,407_ペルー,2025000000,2025年,0,
30000000,3_鉱物性燃料,290,9月_数量,50407,407_ペルー,2024000000,2024年,0,
30000000,3_鉱物性燃料,290,9月_数量,50407,407_ペルー,2023000000,2023年,0,
30000000,3_鉱物性燃料,290,9月_数量,50407,407_ペルー,2022000000,2022年,0,
30000000,3_鉱物性燃料,290,9月_数量,50407,407_ペルー,2021000000,2021年,0,
30000000,3_鉱物性燃料,290,9月_数量,50409,409_チリ,2023000000,2023年,0,
30000000,3_鉱物性燃料,290,9月_数量,50409,409_チリ,2022000000,2022年,0,
30000000,3_鉱物性燃料,290,9月_数量,50410,410_ブラジル,2025000000,2025年,0,
30000000,3_鉱物性燃料,290,9月_数量,50410,410_ブラジル,2024000000,2024年,0,
30000000,3_鉱物性燃料,290,9月_数量,50410,410_ブラジル,2023000000,2023年,0,
30000000,3_鉱物性燃料,290,9月_数量,50410,410_ブラジル,2022000000,2022年,0,
30000000,3_鉱物性燃料,290,9月_数量,50410,410_ブラジル,2021000000,2021年,0,
30000000,3_鉱物性燃料,290,9月_数量,50411,411_パラグアイ,2023000000,2023年,0,
30000000,3_鉱物性燃料,290,9月_数量,50412,412_ウルグアイ,2022000000,2022年,0,
30000000,3_鉱物性燃料,290,9月_数量,50413,413_アルゼンチン,2023000000,2023年,0,
30000000,3_鉱物性燃料,290,9月_数量,50503,503_アルジェリア,2025000000,2025年,0,
30000000,3_鉱物性燃料,290,9月_数量,50503,503_アルジェリア,2024000000,2024年,0,
30000000,3_鉱物性燃料,290,9月_数量,50503,503_アルジェリア,2023000000,2023年,0,
30000000,3_鉱物性燃料,290,9月_数量,50503,503_アルジェリア,2022000000,2022年,0,
30000000,3_鉱物性燃料,290,9月_数量,50503,503_アルジェリア,2021000000,2021年,0,
30000000,3_鉱物性燃料,290,9月_数量,50505,505_リビア,2021000000,2021年,0,
30000000,3_鉱物性燃料,290,9月_数量,50506,506_エジプト,2025000000,2025年,0,
30000000,3_鉱物性燃料,290,9月_数量,50506,506_エジプト,2024000000,2024年,0,
30000000,3_鉱物性燃料,290,9月_数量,50506,506_エジプト,2023000000,2023年,0,
30000000,3_鉱物性燃料,290,9月_数量,50506,506_エジプト,2022000000,2022年,0,
30000000,3_鉱物性燃料,290,9月_数量,50506,506_エジプト,2021000000,2021年,0,
30000000,3_鉱物性燃料,290,9月_数量,50524,524_ナイジェリア,2025000000,2025年,0,
30000000,3_鉱物性燃料,290,9月_数量,50524,524_ナイジェリア,2024000000,2024年,0,
30000000,3_鉱物性燃料,290,9月_数量,50524,524_ナイジェリア,2023000000,2023年,0,
30000000,3_鉱物性燃料,290,9月_数量,50524,524_ナイジェリア,2022000000,2022年,0,
30000000,3_鉱物性燃料,290,9月_数量,50524,524_ナイジェリア,2021000000,2021年,0,
30000000,3_鉱物性燃料,290,9月_数量,50525,525_ニジェール,2025000000,2025年,0,
30000000,3_鉱物性燃料,290,9月_数量,50527,527_カメルーン,2024000000,2024年,0,
30000000,3_鉱物性燃料,290,9月_数量,50530,530_赤道ギニア,2025000000,2025年,0,
30000000,3_鉱物性燃料,290,9月_数量,50530,530_赤道ギニア,2024000000,2024年,0,
30000000,3_鉱物性燃料,290,9月_数量,50530,530_赤道ギニア,2023000000,2023年,0,
30000000,3_鉱物性燃料,290,9月_数量,50530,530_赤道ギニア,2022000000,2022年,0,
30000000,3_鉱物性燃料,290,9月_数量,50530,530_赤道ギニア,2021000000,2021年,0,
30000000,3_鉱物性燃料,290,9月_数量,50535,535_アンゴラ,2022000000,2022年,0,
30000000,3_鉱物性燃料,290,9月_数量,50545,545_モザンビーク,2025000000,2025年,0,
30000000,3_鉱物性燃料,290,9月_数量,50545,545_モザンビーク,2024000000,2024年,0,
30000000,3_鉱物性燃料,290,9月_数量,50545,545_モザンビーク,2023000000,2023年,0,
30000000,3_鉱物性燃料,290,9月_数量,50545,545_モザンビーク,2022000000,2022年,0,
30000000,3_鉱物性燃料,290,9月_数量,50545,545_モザンビーク,2021000000,2021年,0,
30000000,3_鉱物性燃料,290,9月_数量,50547,547_モーリシャス,2024000000,2024年,0,
30000000,3_鉱物性燃料,290,9月_数量,50547,547_モーリシャス,2022000000,2022年,0,
30000000,3_鉱物性燃料,290,9月_数量,50547,547_モーリシャス,2021000000,2021年,0,
30000000,3_鉱物性燃料,290,9月_数量,50551,551_南アフリカ共和国,2025000000,2025年,0,
30000000,3_鉱物性燃料,290,9月_数量,50551,551_南アフリカ共和国,2024000000,2024年,0,
30000000,3_鉱物性燃料,290,9月_数量,50551,551_南アフリカ共和国,2023000000,2023年,0,
30000000,3_鉱物性燃料,290,9月_数量,50551,551_南アフリカ共和国,2022000000,2022年,0,
30000000,3_鉱物性燃料,290,9月_数量,50551,551_南アフリカ共和国,2021000000,2021年,0,
30000000,3_鉱物性燃料,290,9月_数量,50560,560_南スーダン,2025000000,2025年,0,
30000000,3_鉱物性燃料,290,9月_数量,50560,560_南スーダン,2024000000,2024年,0,
30000000,3_鉱物性燃料,290,9月_数量,50560,560_南スーダン,2023000000,2023年,0,
30000000,3_鉱物性燃料,290,9月_数量,50560,560_南スーダン,2022000000,2022年,0,
30000000,3_鉱物性燃料,290,9月_数量,50560,560_南スーダン,2021000000,2021年,0,
30000000,3_鉱物性燃料,290,9月_数量,50601,601_オーストラリア,2025000000,2025年,0,
30000000,3_鉱物性燃料,290,9月_数量,50601,601_オーストラリア,2024000000,2024年,0,
30000000,3_鉱物性燃料,290,9月_数量,50601,601_オーストラリア,2023000000,2023年,0,
30000000,3_鉱物性燃料,290,9月_数量,50601,601_オーストラリア,2022000000,2022年,0,
30000000,3_鉱物性燃料,290,9月_数量,50601,601_オーストラリア,2021000000,2021年,0,
30000000,3_鉱物性燃料,290,9月_数量,50602,602_パプアニューギニア,2025000000,2025年,0,
30000000,3_鉱物性燃料,290,9月_数量,50602,602_パプアニューギニア,2024000000,2024年,0,
30000000,3_鉱物性燃料,290,9月_数量,50602,602_パプアニューギニア,2023000000,2023年,0,
30000000,3_鉱物性燃料,290,9月_数量,50602,602_パプアニューギニア,2022000000,2022年,0,
30000000,3_鉱物性燃料,290,9月_数量,50602,602_パプアニューギニア,2021000000,2021年,0,
30000000,3_鉱物性燃料,290,9月_数量,50606,606_ニュージーランド,2025000000,2025年,0,
30000000,3_鉱物性燃料,290,9月_数量,50606,606_ニュージーランド,2024000000,2024年,0,
30000000,3_鉱物性燃料,290,9月_数量,50606,606_ニュージーランド,2023000000,2023年,0,
30000000,3_鉱物性燃料,290,9月_数量,50606,606_ニュージーランド,2022000000,2022年,0,
30000000,3_鉱物性燃料,290,9月_数量,50606,606_ニュージーランド,2021000000,2021年,0,
30000000,3_鉱物性燃料,290,9月_数量,50618,618_ニューカレドニア(仏),2024000000,2024年,0,
30000000,3_鉱物性燃料,290,9月_数量,50618,618_ニューカレドニア(仏),2023000000,2023年,0,
30000000,3_鉱物性燃料,290,9月_数量,50625,625_マーシャル,2024000000,2024年,0,
30000000,3_鉱物性燃料,290,9月_数量,50625,625_マーシャル,2022000000,2022年,0,
30000000,3_鉱物性燃料,290,9月_数量,50625,625_マーシャル,2021000000,2021年,0,
30000000,3_鉱物性燃料,290,9月_数量,50626,626_ミクロネシア,2021000000,2021年,0,
30000000,3_鉱物性燃料,290,9月_数量,50628,628_パラオ,2025000000,2025年,0,
30000000,3_鉱物性燃料,290,9月_数量,50702,702_不明,2025000000,2025年,0,
30000000,3_鉱物性燃料,290,9月_数量,50702,702_不明,2024000000,2024年,0,
30000000,3_鉱物性燃料,290,9月_数量,50702,702_不明,2023000000,2023年,0,
30000000,3_鉱物性燃料,290,9月_数量,50702,702_不明,2022000000,2022年,0,
30000000,3_鉱物性燃料,290,9月_数量,50702,702_不明,2021000000,2021年,0,
30000000,3_鉱物性燃料,300,9月_金額,50103,103_大韓民国,2025000000,2025年,61404122,千円
30000000,3_鉱物性燃料,300,9月_金額,50103,103_大韓民国,2024000000,2024年,65166501,千円
30000000,3_鉱物性燃料,300,9月_金額,50103,103_大韓民国,2023000000,2023年,59915912,千円
30000000,3_鉱物性燃料,300,9月_金額,50103,103_大韓民国,2022000000,2022年,52402642,千円
30000000,3_鉱物性燃料,300,9月_金額,50103,103_大韓民国,2021000000,2021年,43903575,千円
30000000,3_鉱物性燃料,300,9月_金額,50105,105_中華人民共和国,2025000000,2025年,19054432,千円
30000000,3_鉱物性燃料,300,9月_金額,50105,105_中華人民共和国,2024000000,2024年,17623429,千円
30000000,3_鉱物性燃料,300,9月_金額,50105,105_中華人民共和国,2023000000,2023年,14564525,千円
30000000,3_鉱物性燃料,300,9月_金額,50105,105_中華人民共和国,2022000000,2022年,9128596,千円
30000000,3_鉱物性燃料,300,9月_金額,50105,105_中華人民共和国,2021000000,2021年,11966413,千円
30000000,3_鉱物性燃料,300,9月_金額,50106,106_台湾,2025000000,2025年,3298094,千円
30000000,3_鉱物性燃料,300,9月_金額,50106,106_台湾,2024000000,2024年,723315,千円
30000000,3_鉱物性燃料,300,9月_金額,50106,106_台湾,2023000000,2023年,283446,千円
30000000,3_鉱物性燃料,300,9月_金額,50106,106_台湾,2022000000,2022年,6890518,千円
30000000,3_鉱物性燃料,300,9月_金額,50106,106_台湾,2021000000,2021年,503911,千円
30000000,3_鉱物性燃料,300,9月_金額,50108,108_香港,2025000000,2025年,32877,千円
30000000,3_鉱物性燃料,300,9月_金額,50108,108_香港,2024000000,2024年,30487,千円
30000000,3_鉱物性燃料,300,9月_金額,50108,108_香港,2023000000,2023年,24740,千円
30000000,3_鉱物性燃料,300,9月_金額,50108,108_香港,2022000000,2022年,11793,千円
30000000,3_鉱物性燃料,300,9月_金額,50108,108_香港,2021000000,2021年,4215,千円
30000000,3_鉱物性燃料,300,9月_金額,50110,110_ベトナム,2025000000,2025年,876458,千円
30000000,3_鉱物性燃料,300,9月_金額,50110,110_ベトナム,2024000000,2024年,8099867,千円
30000000,3_鉱物性燃料,300,9月_金額,50110,110_ベトナム,2023000000,2023年,6807689,千円
30000000,3_鉱物性燃料,300,9月_金額,50110,110_ベトナム,2022000000,2022年,4869149,千円
30000000,3_鉱物性燃料,300,9月_金額,50110,110_ベトナム,2021000000,2021年,6455806,千円
30000000,3_鉱物性燃料,300,9月_金額,50111,111_タイ,2025000000,2025年,2239602,千円
30000000,3_鉱物性燃料,300,9月_金額,50111,111_タイ,2024000000,2024年,4348748,千円
30000000,3_鉱物性燃料,300,9月_金額,50111,111_タイ,2023000000,2023年,130459,千円
30000000,3_鉱物性燃料,300,9月_金額,50111,111_タイ,2022000000,2022年,134077,千円
30000000,3_鉱物性燃料,300,9月_金額,50111,111_タイ,2021000000,2021年,520012,千円
30000000,3_鉱物性燃料,300,9月_金額,50112,112_シンガポール,2025000000,2025年,6595095,千円
30000000,3_鉱物性燃料,300,9月_金額,50112,112_シンガポール,2024000000,2024年,16790816,千円
30000000,3_鉱物性燃料,300,9月_金額,50112,112_シンガポール,2023000000,2023年,1706538,千円
30000000,3_鉱物性燃料,300,9月_金額,50112,112_シンガポール,2022000000,2022年,6704149,千円
30000000,3_鉱物性燃料,300,9月_金額,50112,112_シンガポール,2021000000,2021年,2137713,千円
30000000,3_鉱物性燃料,300,9月_金額,50113,113_マレーシア,2025000000,2025年,76963505,千円
30000000,3_鉱物性燃料,300,9月_金額,50113,113_マレーシア,2024000000,2024年,73419238,千円
30000000,3_鉱物性燃料,300,9月_金額,50113,113_マレーシア,2023000000,2023年,69998840,千円
30000000,3_鉱物性燃料,300,9月_金額,50113,113_マレーシア,2022000000,2022年,180652213,千円
30000000,3_鉱物性燃料,300,9月_金額,50113,113_マレーシア,2021000000,2021年,29151800,千円
30000000,3_鉱物性燃料,300,9月_金額,50116,116_ブルネイ,2025000000,2025年,20233670,千円
30000000,3_鉱物性燃料,300,9月_金額,50116,116_ブルネイ,2024000000,2024年,21757269,千円
30000000,3_鉱物性燃料,300,9月_金額,50116,116_ブルネイ,2023000000,2023年,10367896,千円
30000000,3_鉱物性燃料,300,9月_金額,50116,116_ブルネイ,2022000000,2022年,26024575,千円
30000000,3_鉱物性燃料,300,9月_金額,50116,116_ブルネイ,2021000000,2021年,28111063,千円
30000000,3_鉱物性燃料,300,9月_金額,50117,117_フィリピン,2025000000,2025年,0,千円
30000000,3_鉱物性燃料,300,9月_金額,50117,117_フィリピン,2024000000,2024年,4897,千円
30000000,3_鉱物性燃料,300,9月_金額,50117,117_フィリピン,2023000000,2023年,3912,千円
30000000,3_鉱物性燃料,300,9月_金額,50117,117_フィリピン,2022000000,2022年,0,千円
30000000,3_鉱物性燃料,300,9月_金額,50117,117_フィリピン,2021000000,2021年,0,千円
30000000,3_鉱物性燃料,300,9月_金額,50118,118_インドネシア,2025000000,2025年,76302103,千円
30000000,3_鉱物性燃料,300,9月_金額,50118,118_インドネシア,2024000000,2024年,98626905,千円
30000000,3_鉱物性燃料,300,9月_金額,50118,118_インドネシア,2023000000,2023年,74494434,千円
30000000,3_鉱物性燃料,300,9月_金額,50118,118_インドネシア,2022000000,2022年,103709331,千円
30000000,3_鉱物性燃料,300,9月_金額,50118,118_インドネシア,2021000000,2021年,34954282,千円
30000000,3_鉱物性燃料,300,9月_金額,50123,123_インド,2025000000,2025年,1086569,千円
30000000,3_鉱物性燃料,300,9月_金額,50123,123_インド,2024000000,2024年,0,千円
30000000,3_鉱物性燃料,300,9月_金額,50123,123_インド,2023000000,2023年,6122559,千円
30000000,3_鉱物性燃料,300,9月_金額,50123,123_インド,2022000000,2022年,2619,千円
30000000,3_鉱物性燃料,300,9月_金額,50123,123_インド,2021000000,2021年,23408,千円
30000000,3_鉱物性燃料,300,9月_金額,50124,124_パキスタン,2025000000,2025年,0,千円
30000000,3_鉱物性燃料,300,9月_金額,50124,124_パキスタン,2023000000,2023年,0,千円
30000000,3_鉱物性燃料,300,9月_金額,50124,124_パキスタン,2022000000,2022年,0,千円
30000000,3_鉱物性燃料,300,9月_金額,50124,124_パキスタン,2021000000,2021年,0,千円
30000000,3_鉱物性燃料,300,9月_金額,50125,125_スリランカ,2025000000,2025年,0,千円
30000000,3_鉱物性燃料,300,9月_金額,50125,125_スリランカ,2024000000,2024年,698,千円
30000000,3_鉱物性燃料,300,9月_金額,50125,125_スリランカ,2023000000,2023年,0,千円
30000000,3_鉱物性燃料,300,9月_金額,50125,125_スリランカ,2022000000,2022年,0,千円
30000000,3_鉱物性燃料,300,9月_金額,50125,125_スリランカ,2021000000,2021年,1728,千円
30000000,3_鉱物性燃料,300,9月_金額,50126,126_モルディブ,2022000000,2022年,0,千円
30000000,3_鉱物性燃料,300,9月_金額,50127,127_バングラデシュ,2024000000,2024年,0,千円
30000000,3_鉱物性燃料,300,9月_金額,50128,128_東ティモール,2025000000,2025年,1559937,千円
30000000,3_鉱物性燃料,300,9月_金額,50128,128_東ティモール,2023000000,2023年,0,千円
30000000,3_鉱物性燃料,300,9月_金額,50128,128_東ティモール,2022000000,2022年,802202,千円
30000000,3_鉱物性燃料,300,9月_金額,50128,128_東ティモール,2021000000,2021年,1935719,千円
30000000,3_鉱物性燃料,300,9月_金額,50134,134_イラク,2025000000,2025年,4923015,千円
30000000,3_鉱物性燃料,300,9月_金額,50134,134_イラク,2024000000,2024年,0,千円
30000000,3_鉱物性燃料,300,9月_金額,50134,134_イラク,2023000000,2023年,0,千円
30000000,3_鉱物性燃料,300,9月_金額,50134,134_イラク,2021000000,2021年,2420028,千円
30000000,3_鉱物性燃料,300,9月_金額,50135,135_バーレーン,2025000000,2025年,1198373,千円
30000000,3_鉱物性燃料,300,9月_金額,50135,135_バーレーン,2024000000,2024年,5277640,千円
30000000,3_鉱物性燃料,300,9月_金額,50135,135_バーレーン,2023000000,2023年,0,千円
30000000,3_鉱物性燃料,300,9月_金額,50135,135_バーレーン,2022000000,2022年,10347960,千円
30000000,3_鉱物性燃料,300,9月_金額,50135,135_バーレーン,2021000000,2021年,17577155,千円
30000000,3_鉱物性燃料,300,9月_金額,50137,137_サウジアラビア,2025000000,2025年,255195910,千円
30000000,3_鉱物性燃料,300,9月_金額,50137,137_サウジアラビア,2024000000,2024年,324057141,千円
30000000,3_鉱物性燃料,300,9月_金額,50137,137_サウジアラビア,2023000000,2023年,305030389,千円
30000000,3_鉱物性燃料,300,9月_金額,50137,137_サウジアラビア,2022000000,2022年,499919184,千円
30000000,3_鉱物性燃料,300,9月_金額,50137,137_サウジアラビア,2021000000,2021年,224473198,千円
30000000,3_鉱物性燃料,300,9月_金額,50138,138_クウェート,2025000000,2025年,83294385,千円
30000000,3_鉱物性燃料,300,9月_金額,50138,138_クウェート,2024000000,2024年,62424970,千円
30000000,3_鉱物性燃料,300,9月_金額,50138,138_クウェート,2023000000,2023年,102825904,千円
30000000,3_鉱物性燃料,300,9月_金額,50138,138_クウェート,2022000000,2022年,89631671,千円
30000000,3_鉱物性燃料,300,9月_金額,50138,138_クウェート,2021000000,2021年,74643220,千円
30000000,3_鉱物性燃料,300,9月_金額,50140,140_カタール,2025000000,2025年,87177591,千円
30000000,3_鉱物性燃料,300,9月_金額,50140,140_カタール,2024000000,2024年,83480336,千円
30000000,3_鉱物性燃料,300,9月_金額,50140,140_カタール,2023000000,2023年,89710220,千円
30000000,3_鉱物性燃料,300,9月_金額,50140,140_カタール,2022000000,2022年,187675566,千円
30000000,3_鉱物性燃料,300,9月_金額,50140,140_カタール,2021000000,2021年,119255373,千円
30000000,3_鉱物性燃料,300,9月_金額,50141,141_オマーン,2025000000,2025年,20900575,千円
30000000,3_鉱物性燃料,300,9月_金額,50141,141_オマーン,2024000000,2024年,36481172,千円
30000000,3_鉱物性燃料,300,9月_金額,50141,141_オマーン,2023000000,2023年,29882478,千円
30000000,3_鉱物性燃料,300,9月_金額,50141,141_オマーン,2022000000,2022年,17542734,千円
30000000,3_鉱物性燃料,300,9月_金額,50141,141_オマーン,2021000000,2021年,7886317,千円
30000000,3_鉱物性燃料,300,9月_金額,50143,143_イスラエル,2025000000,2025年,5548,千円
30000000,3_鉱物性燃料,300,9月_金額,50143,143_イスラエル,2024000000,2024年,1396,千円
30000000,3_鉱物性燃料,300,9月_金額,50143,143_イスラエル,2023000000,2023年,2871,千円
30000000,3_鉱物性燃料,300,9月_金額,50143,143_イスラエル,2022000000,2022年,3648,千円
30000000,3_鉱物性燃料,300,9月_金額,50143,143_イスラエル,2021000000,2021年,4822,千円
30000000,3_鉱物性燃料,300,9月_金額,50147,147_アラブ首長国連邦,2025000000,2025年,365837022,千円
30000000,3_鉱物性燃料,300,9月_金額,50147,147_アラブ首長国連邦,2024000000,2024年,406634037,千円
30000000,3_鉱物性燃料,300,9月_金額,50147,147_アラブ首長国連邦,2023000000,2023年,461097700,千円
30000000,3_鉱物性燃料,300,9月_金額,50147,147_アラブ首長国連邦,2022000000,2022年,680620298,千円
30000000,3_鉱物性燃料,300,9月_金額,50147,147_アラブ首長国連邦,2021000000,2021年,305083881,千円
30000000,3_鉱物性燃料,300,9月_金額,50153,153_カザフスタン,2025000000,2025年,757412,千円
30000000,3_鉱物性燃料,300,9月_金額,50153,153_カザフスタン,2024000000,2024年,1602706,千円
30000000,3_鉱物性燃料,300,9月_金額,50153,153_カザフスタン,2023000000,2023年,0,千円
30000000,3_鉱物性燃料,300,9月_金額,50153,153_カザフスタン,2022000000,2022年,0,千円
30000000,3_鉱物性燃料,300,9月_金額,50153,153_カザフスタン,2021000000,2021年,8210500,千円
30000000,3_鉱物性燃料,300,9月_金額,50202,202_ノルウェー,2025000000,2025年,797,千円
30000000,3_鉱物性燃料,300,9月_金額,50202,202_ノルウェー,2024000000,2024年,784,千円
30000000,3_鉱物性燃料,300,9月_金額,50202,202_ノルウェー,2023000000,2023年,2498,千円
30000000,3_鉱物性燃料,300,9月_金額,50202,202_ノルウェー,2022000000,2022年,3556,千円
30000000,3_鉱物性燃料,300,9月_金額,50202,202_ノルウェー,2021000000,2021年,0,千円
30000000,3_鉱物性燃料,300,9月_金額,50203,203_スウェーデン,2025000000,2025年,44515,千円
30000000,3_鉱物性燃料,300,9月_金額,50203,203_スウェーデン,2024000000,2024年,31085,千円
30000000,3_鉱物性燃料,300,9月_金額,50203,203_スウェーデン,2023000000,2023年,8889,千円
30000000,3_鉱物性燃料,300,9月_金額,50203,203_スウェーデン,2022000000,2022年,15412,千円
30000000,3_鉱物性燃料,300,9月_金額,50203,203_スウェーデン,2021000000,2021年,18983,千円
30000000,3_鉱物性燃料,300,9月_金額,50204,204_デンマーク,2025000000,2025年,2267,千円
30000000,3_鉱物性燃料,300,9月_金額,50204,204_デンマーク,2024000000,2024年,0,千円
30000000,3_鉱物性燃料,300,9月_金額,50204,204_デンマーク,2023000000,2023年,10538,千円
30000000,3_鉱物性燃料,300,9月_金額,50204,204_デンマーク,2022000000,2022年,2902,千円
30000000,3_鉱物性燃料,300,9月_金額,50204,204_デンマーク,2021000000,2021年,1961,千円
30000000,3_鉱物性燃料,300,9月_金額,50205,205_英国,2025000000,2025年,88197,千円
30000000,3_鉱物性燃料,300,9月_金額,50205,205_英国,2024000000,2024年,143100,千円
30000000,3_鉱物性燃料,300,9月_金額,50205,205_英国,2023000000,2023年,160775,千円
30000000,3_鉱物性燃料,300,9月_金額,50205,205_英国,2022000000,2022年,88979,千円
30000000,3_鉱物性燃料,300,9月_金額,50205,205_英国,2021000000,2021年,46389,千円
30000000,3_鉱物性燃料,300,9月_金額,50206,206_アイルランド,2025000000,2025年,8695,千円
30000000,3_鉱物性燃料,300,9月_金額,50206,206_アイルランド,2024000000,2024年,9678,千円
30000000,3_鉱物性燃料,300,9月_金額,50206,206_アイルランド,2023000000,2023年,5240,千円
30000000,3_鉱物性燃料,300,9月_金額,50206,206_アイルランド,2022000000,2022年,8499,千円
30000000,3_鉱物性燃料,300,9月_金額,50206,206_アイルランド,2021000000,2021年,4512,千円
30000000,3_鉱物性燃料,300,9月_金額,50207,207_オランダ,2025000000,2025年,37076,千円
30000000,3_鉱物性燃料,300,9月_金額,50207,207_オランダ,2024000000,2024年,68884,千円
30000000,3_鉱物性燃料,300,9月_金額,50207,207_オランダ,2023000000,2023年,32148,千円
30000000,3_鉱物性燃料,300,9月_金額,50207,207_オランダ,2022000000,2022年,23633,千円
30000000,3_鉱物性燃料,300,9月_金額,50207,207_オランダ,2021000000,2021年,60148,千円
30000000,3_鉱物性燃料,300,9月_金額,50208,208_ベルギー,2025000000,2025年,54128,千円
30000000,3_鉱物性燃料,300,9月_金額,50208,208_ベルギー,2024000000,2024年,77933,千円
30000000,3_鉱物性燃料,300,9月_金額,50208,208_ベルギー,2023000000,2023年,66238,千円
30000000,3_鉱物性燃料,300,9月_金額,50208,208_ベルギー,2022000000,2022年,68056,千円
30000000,3_鉱物性燃料,300,9月_金額,50208,208_ベルギー,2021000000,2021年,41576,千円
30000000,3_鉱物性燃料,300,9月_金額,50209,209_ルクセンブルク,2025000000,2025年,248,千円
30000000,3_鉱物性燃料,300,9月_金額,50209,209_ルクセンブルク,2021000000,2021年,0,千円
30000000,3_鉱物性燃料,300,9月_金額,50210,210_フランス,2025000000,2025年,425743,千円
30000000,3_鉱物性燃料,300,9月_金額,50210,210_フランス,2024000000,2024年,492672,千円
30000000,3_鉱物性燃料,300,9月_金額,50210,210_フランス,2023000000,2023年,170832,千円
30000000,3_鉱物性燃料,300,9月_金額,50210,210_フランス,2022000000,2022年,139374,千円
30000000,3_鉱物性燃料,300,9月_金額,50210,210_フランス,2021000000,2021年,424452,千円
30000000,3_鉱物性燃料,300,9月_金額,50213,213_ドイツ,2025000000,2025年,460760,千円
30000000,3_鉱物性燃料,300,9月_金額,50213,213_ドイツ,2024000000,2024年,428025,千円
30000000,3_鉱物性燃料,300,9月_金額,50213,213_ドイツ,2023000000,2023年,358047,千円
30000000,3_鉱物性燃料,300,9月_金額,50213,213_ドイツ,2022000000,2022年,358603,千円
30000000,3_鉱物性燃料,300,9月_金額,50213,213_ドイツ,2021000000,2021年,245941,千円
30000000,3_鉱物性燃料,300,9月_金額,50215,215_スイス,2025000000,2025年,30688,千円
30000000,3_鉱物性燃料,300,9月_金額,50215,215_スイス,2024000000,2024年,39509,千円
30000000,3_鉱物性燃料,300,9月_金額,50215,215_スイス,2023000000,2023年,24370,千円
30000000,3_鉱物性燃料,300,9月_金額,50215,215_スイス,2022000000,2022年,27218,千円
30000000,3_鉱物性燃料,300,9月_金額,50215,215_スイス,2021000000,2021年,32789,千円
30000000,3_鉱物性燃料,300,9月_金額,50218,218_スペイン,2025000000,2025年,92188,千円
30000000,3_鉱物性燃料,300,9月_金額,50218,218_スペイン,2024000000,2024年,47554,千円
30000000,3_鉱物性燃料,300,9月_金額,50218,218_スペイン,2023000000,2023年,5734763,千円
30000000,3_鉱物性燃料,300,9月_金額,50218,218_スペイン,2022000000,2022年,6113859,千円
30000000,3_鉱物性燃料,300,9月_金額,50218,218_スペイン,2021000000,2021年,1230570,千円
30000000,3_鉱物性燃料,300,9月_金額,50220,220_イタリア,2025000000,2025年,89230,千円
30000000,3_鉱物性燃料,300,9月_金額,50220,220_イタリア,2024000000,2024年,40948,千円
30000000,3_鉱物性燃料,300,9月_金額,50220,220_イタリア,2023000000,2023年,4142160,千円
30000000,3_鉱物性燃料,300,9月_金額,50220,220_イタリア,2022000000,2022年,5945692,千円
30000000,3_鉱物性燃料,300,9月_金額,50220,220_イタリア,2021000000,2021年,32100,千円
30000000,3_鉱物性燃料,300,9月_金額,50221,221_マルタ,2023000000,2023年,0,千円
30000000,3_鉱物性燃料,300,9月_金額,50221,221_マルタ,2021000000,2021年,0,千円
30000000,3_鉱物性燃料,300,9月_金額,50222,222_フィンランド,2025000000,2025年,6540,千円
30000000,3_鉱物性燃料,300,9月_金額,50222,222_フィンランド,2024000000,2024年,1175,千円
30000000,3_鉱物性燃料,300,9月_金額,50222,222_フィンランド,2023000000,2023年,6928,千円
30000000,3_鉱物性燃料,300,9月_金額,50222,222_フィンランド,2022000000,2022年,19298,千円
30000000,3_鉱物性燃料,300,9月_金額,50222,222_フィンランド,2021000000,2021年,2409,千円
30000000,3_鉱物性燃料,300,9月_金額,50223,223_ポーランド,2025000000,2025年,0,千円
30000000,3_鉱物性燃料,300,9月_金額,50223,223_ポーランド,2024000000,2024年,0,千円
30000000,3_鉱物性燃料,300,9月_金額,50223,223_ポーランド,2023000000,2023年,4849,千円
30000000,3_鉱物性燃料,300,9月_金額,50223,223_ポーランド,2022000000,2022年,34177,千円
30000000,3_鉱物性燃料,300,9月_金額,50223,223_ポーランド,2021000000,2021年,2366,千円
30000000,3_鉱物性燃料,300,9月_金額,50224,224_ロシア,2025000000,2025年,45772694,千円
30000000,3_鉱物性燃料,300,9月_金額,50224,224_ロシア,2024000000,2024年,41906979,千円
30000000,3_鉱物性燃料,300,9月_金額,50224,224_ロシア,2023000000,2023年,38812274,千円
30000000,3_鉱物性燃料,300,9月_金額,50224,224_ロシア,2022000000,2022年,94119035,千円
30000000,3_鉱物性燃料,300,9月_金額,50224,224_ロシア,2021000000,2021年,91451486,千円
30000000,3_鉱物性燃料,300,9月_金額,50225,225_オーストリア,2025000000,2025年,6497,千円
30000000,3_鉱物性燃料,300,9月_金額,50225,225_オーストリア,2024000000,2024年,1206,千円
30000000,3_鉱物性燃料,300,9月_金額,50225,225_オーストリア,2023000000,2023年,520,千円
30000000,3_鉱物性燃料,300,9月_金額,50225,225_オーストリア,2022000000,2022年,0,千円
30000000,3_鉱物性燃料,300,9月_金額,50225,225_オーストリア,2021000000,2021年,1604,千円
30000000,3_鉱物性燃料,300,9月_金額,50227,227_ハンガリー,2025000000,2025年,302,千円
30000000,3_鉱物性燃料,300,9月_金額,50227,227_ハンガリー,2023000000,2023年,0,千円
30000000,3_鉱物性燃料,300,9月_金額,50227,227_ハンガリー,2021000000,2021年,0,千円
30000000,3_鉱物性燃料,300,9月_金額,50228,228_セルビア,2022000000,2022年,0,千円
30000000,3_鉱物性燃料,300,9月_金額,50228,228_セルビア,2021000000,2021年,2905,千円
30000000,3_鉱物性燃料,300,9月_金額,50230,230_ギリシャ,2025000000,2025年,0,千円
30000000,3_鉱物性燃料,300,9月_金額,50230,230_ギリシャ,2024000000,2024年,1324,千円
30000000,3_鉱物性燃料,300,9月_金額,50230,230_ギリシャ,2023000000,2023年,0,千円
30000000,3_鉱物性燃料,300,9月_金額,50230,230_ギリシャ,2022000000,2022年,0,千円
30000000,3_鉱物性燃料,300,9月_金額,50230,230_ギリシャ,2021000000,2021年,0,千円
30000000,3_鉱物性燃料,300,9月_金額,50231,231_ルーマニア,2025000000,2025年,0,千円
30000000,3_鉱物性燃料,300,9月_金額,50231,231_ルーマニア,2021000000,2021年,0,千円
30000000,3_鉱物性燃料,300,9月_金額,50232,232_ブルガリア,2023000000,2023年,919,千円
30000000,3_鉱物性燃料,300,9月_金額,50232,232_ブルガリア,2022000000,2022年,0,千円
30000000,3_鉱物性燃料,300,9月_金額,50234,234_トルコ,2025000000,2025年,0,千円
30000000,3_鉱物性燃料,300,9月_金額,50234,234_トルコ,2024000000,2024年,698,千円
30000000,3_鉱物性燃料,300,9月_金額,50234,234_トルコ,2023000000,2023年,234,千円
30000000,3_鉱物性燃料,300,9月_金額,50234,234_トルコ,2022000000,2022年,0,千円
30000000,3_鉱物性燃料,300,9月_金額,50234,234_トルコ,2021000000,2021年,2198,千円
30000000,3_鉱物性燃料,300,9月_金額,50235,235_エストニア,2025000000,2025年,9670,千円
30000000,3_鉱物性燃料,300,9月_金額,50235,235_エストニア,2024000000,2024年,15015,千円
30000000,3_鉱物性燃料,300,9月_金額,50235,235_エストニア,2023000000,2023年,36142,千円
30000000,3_鉱物性燃料,300,9月_金額,50235,235_エストニア,2022000000,2022年,24135,千円
30000000,3_鉱物性燃料,300,9月_金額,50235,235_エストニア,2021000000,2021年,4927,千円
30000000,3_鉱物性燃料,300,9月_金額,50236,236_ラトビア,2025000000,2025年,131000,千円
30000000,3_鉱物性燃料,300,9月_金額,50236,236_ラトビア,2024000000,2024年,110761,千円
30000000,3_鉱物性燃料,300,9月_金額,50236,236_ラトビア,2023000000,2023年,67270,千円
30000000,3_鉱物性燃料,300,9月_金額,50236,236_ラトビア,2022000000,2022年,110933,千円
30000000,3_鉱物性燃料,300,9月_金額,50236,236_ラトビア,2021000000,2021年,103574,千円
30000000,3_鉱物性燃料,300,9月_金額,50237,237_リトアニア,2025000000,2025年,38797,千円
30000000,3_鉱物性燃料,300,9月_金額,50237,237_リトアニア,2024000000,2024年,30369,千円
30000000,3_鉱物性燃料,300,9月_金額,50237,237_リトアニア,2023000000,2023年,22555,千円
30000000,3_鉱物性燃料,300,9月_金額,50237,237_リトアニア,2022000000,2022年,31243,千円
30000000,3_鉱物性燃料,300,9月_金額,50237,237_リトアニア,2021000000,2021年,54759,千円
30000000,3_鉱物性燃料,300,9月_金額,50238,238_ウクライナ,2025000000,2025年,1087,千円
30000000,3_鉱物性燃料,300,9月_金額,50238,238_ウクライナ,2024000000,2024年,0,千円
30000000,3_鉱物性燃料,300,9月_金額,50238,238_ウクライナ,2023000000,2023年,1664,千円
30000000,3_鉱物性燃料,300,9月_金額,50238,238_ウクライナ,2022000000,2022年,0,千円
30000000,3_鉱物性燃料,300,9月_金額,50238,238_ウクライナ,2021000000,2021年,0,千円
30000000,3_鉱物性燃料,300,9月_金額,50241,241_クロアチア,2025000000,2025年,0,千円
30000000,3_鉱物性燃料,300,9月_金額,50241,241_クロアチア,2021000000,2021年,0,千円
30000000,3_鉱物性燃料,300,9月_金額,50245,245_チェコ,2025000000,2025年,13597,千円
30000000,3_鉱物性燃料,300,9月_金額,50245,245_チェコ,2024000000,2024年,3627,千円
30000000,3_鉱物性燃料,300,9月_金額,50245,245_チェコ,2023000000,2023年,0,千円
30000000,3_鉱物性燃料,300,9月_金額,50245,245_チェコ,2021000000,2021年,0,千円
30000000,3_鉱物性燃料,300,9月_金額,50246,246_スロバキア,2023000000,2023年,0,千円
30000000,3_鉱物性燃料,300,9月_金額,50302,302_カナダ,2025000000,2025年,12210493,千円
30000000,3_鉱物性燃料,300,9月_金額,50302,302_カナダ,2024000000,2024年,43452934,千円
30000000,3_鉱物性燃料,300,9月_金額,50302,302_カナダ,2023000000,2023年,45889386,千円
30000000,3_鉱物性燃料,300,9月_金額,50302,302_カナダ,2022000000,2022年,51702497,千円
30000000,3_鉱物性燃料,300,9月_金額,50302,302_カナダ,2021000000,2021年,22823135,千円
30000000,3_鉱物性燃料,300,9月_金額,50304,304_アメリカ合衆国,2025000000,2025年,134966101,千円
30000000,3_鉱物性燃料,300,9月_金額,50304,304_アメリカ合衆国,2024000000,2024年,161935550,千円
30000000,3_鉱物性燃料,300,9月_金額,50304,304_アメリカ合衆国,2023000000,2023年,152223512,千円
30000000,3_鉱物性燃料,300,9月_金額,50304,304_アメリカ合衆国,2022000000,2022年,154068397,千円
30000000,3_鉱物性燃料,300,9月_金額,50304,304_アメリカ合衆国,2021000000,2021年,85905670,千円
30000000,3_鉱物性燃料,300,9月_金額,50305,305_メキシコ,2025000000,2025年,0,千円
30000000,3_鉱物性燃料,300,9月_金額,50305,305_メキシコ,2024000000,2024年,0,千円
30000000,3_鉱物性燃料,300,9月_金額,50305,305_メキシコ,2023000000,2023年,0,千円
30000000,3_鉱物性燃料,300,9月_金額,50305,305_メキシコ,2022000000,2022年,0,千円
30000000,3_鉱物性燃料,300,9月_金額,50305,305_メキシコ,2021000000,2021年,0,千円
30000000,3_鉱物性燃料,300,9月_金額,50309,309_エルサルバドル,2025000000,2025年,0,千円
30000000,3_鉱物性燃料,300,9月_金額,50309,309_エルサルバドル,2024000000,2024年,0,千円
30000000,3_鉱物性燃料,300,9月_金額,50309,309_エルサルバドル,2022000000,2022年,0,千円
30000000,3_鉱物性燃料,300,9月_金額,50311,311_コスタリカ,2025000000,2025年,0,千円
30000000,3_鉱物性燃料,300,9月_金額,50311,311_コスタリカ,2024000000,2024年,1893,千円
30000000,3_鉱物性燃料,300,9月_金額,50311,311_コスタリカ,2023000000,2023年,752,千円
30000000,3_鉱物性燃料,300,9月_金額,50311,311_コスタリカ,2022000000,2022年,475,千円
30000000,3_鉱物性燃料,300,9月_金額,50311,311_コスタリカ,2021000000,2021年,0,千円
30000000,3_鉱物性燃料,300,9月_金額,50312,312_パナマ,2024000000,2024年,0,千円
30000000,3_鉱物性燃料,300,9月_金額,50312,312_パナマ,2023000000,2023年,0,千円
30000000,3_鉱物性燃料,300,9月_金額,50312,312_パナマ,2022000000,2022年,0,千円
30000000,3_鉱物性燃料,300,9月_金額,50320,320_トリニダード・トバゴ,2024000000,2024年,0,千円
30000000,3_鉱物性燃料,300,9月_金額,50320,320_トリニダード・トバゴ,2023000000,2023年,0,千円
30000000,3_鉱物性燃料,300,9月_金額,50320,320_トリニダード・トバゴ,2022000000,2022年,0,千円
30000000,3_鉱物性燃料,300,9月_金額,50321,321_キューバ,2023000000,2023年,0,千円
30000000,3_鉱物性燃料,300,9月_金額,50328,328_ケイマン諸島(英),2023000000,2023年,0,千円
30000000,3_鉱物性燃料,300,9月_金額,50401,401_コロンビア,2025000000,2025年,4431672,千円
30000000,3_鉱物性燃料,300,9月_金額,50401,401_コロンビア,2024000000,2024年,2798989,千円
30000000,3_鉱物性燃料,300,9月_金額,50401,401_コロンビア,2023000000,2023年,1290282,千円
30000000,3_鉱物性燃料,300,9月_金額,50401,401_コロンビア,2022000000,2022年,3425544,千円
30000000,3_鉱物性燃料,300,9月_金額,50401,401_コロンビア,2021000000,2021年,3282095,千円
30000000,3_鉱物性燃料,300,9月_金額,50406,406_エクアドル,2025000000,2025年,11375073,千円
30000000,3_鉱物性燃料,300,9月_金額,50406,406_エクアドル,2024000000,2024年,6554126,千円
30000000,3_鉱物性燃料,300,9月_金額,50406,406_エクアドル,2023000000,2023年,8596711,千円
30000000,3_鉱物性燃料,300,9月_金額,50406,406_エクアドル,2022000000,2022年,15410303,千円
30000000,3_鉱物性燃料,300,9月_金額,50406,406_エクアドル,2021000000,2021年,11521640,千円
30000000,3_鉱物性燃料,300,9月_金額,50407,407_ペルー,2025000000,2025年,8858146,千円
30000000,3_鉱物性燃料,300,9月_金額,50407,407_ペルー,2024000000,2024年,14367579,千円
30000000,3_鉱物性燃料,300,9月_金額,50407,407_ペルー,2023000000,2023年,3618736,千円
30000000,3_鉱物性燃料,300,9月_金額,50407,407_ペルー,2022000000,2022年,2971949,千円
30000000,3_鉱物性燃料,300,9月_金額,50407,407_ペルー,2021000000,2021年,255605,千円
30000000,3_鉱物性燃料,300,9月_金額,50409,409_チリ,2023000000,2023年,0,千円
30000000,3_鉱物性燃料,300,9月_金額,50409,409_チリ,2022000000,2022年,0,千円
30000000,3_鉱物性燃料,300,9月_金額,50410,410_ブラジル,2025000000,2025年,940305,千円
30000000,3_鉱物性燃料,300,9月_金額,50410,410_ブラジル,2024000000,2024年,977,千円
30000000,3_鉱物性燃料,300,9月_金額,50410,410_ブラジル,2023000000,2023年,79531,千円
30000000,3_鉱物性燃料,300,9月_金額,50410,410_ブラジル,2022000000,2022年,0,千円
30000000,3_鉱物性燃料,300,9月_金額,50410,410_ブラジル,2021000000,2021年,3526,千円
30000000,3_鉱物性燃料,300,9月_金額,50411,411_パラグアイ,2023000000,2023年,0,千円
30000000,3_鉱物性燃料,300,9月_金額,50412,412_ウルグアイ,2022000000,2022年,0,千円
30000000,3_鉱物性燃料,300,9月_金額,50413,413_アルゼンチン,2023000000,2023年,0,千円
30000000,3_鉱物性燃料,300,9月_金額,50503,503_アルジェリア,2025000000,2025年,0,千円
30000000,3_鉱物性燃料,300,9月_金額,50503,503_アルジェリア,2024000000,2024年,0,千円
30000000,3_鉱物性燃料,300,9月_金額,50503,503_アルジェリア,2023000000,2023年,5370826,千円
30000000,3_鉱物性燃料,300,9月_金額,50503,503_アルジェリア,2022000000,2022年,2919961,千円
30000000,3_鉱物性燃料,300,9月_金額,50503,503_アルジェリア,2021000000,2021年,5779028,千円
30000000,3_鉱物性燃料,300,9月_金額,50505,505_リビア,2021000000,2021年,0,千円
30000000,3_鉱物性燃料,300,9月_金額,50506,506_エジプト,2025000000,2025年,0,千円
30000000,3_鉱物性燃料,300,9月_金額,50506,506_エジプト,2024000000,2024年,0,千円
30000000,3_鉱物性燃料,300,9月_金額,50506,506_エジプト,2023000000,2023年,0,千円
30000000,3_鉱物性燃料,300,9月_金額,50506,506_エジプト,2022000000,2022年,0,千円
30000000,3_鉱物性燃料,300,9月_金額,50506,506_エジプト,2021000000,2021年,46768,千円
30000000,3_鉱物性燃料,300,9月_金額,50524,524_ナイジェリア,2025000000,2025年,11107641,千円
30000000,3_鉱物性燃料,300,9月_金額,50524,524_ナイジェリア,2024000000,2024年,6955650,千円
30000000,3_鉱物性燃料,300,9月_金額,50524,524_ナイジェリア,2023000000,2023年,0,千円
30000000,3_鉱物性燃料,300,9月_金額,50524,524_ナイジェリア,2022000000,2022年,8390671,千円
30000000,3_鉱物性燃料,300,9月_金額,50524,524_ナイジェリア,2021000000,2021年,0,千円
30000000,3_鉱物性燃料,300,9月_金額,50525,525_ニジェール,2025000000,2025年,0,千円
30000000,3_鉱物性燃料,300,9月_金額,50527,527_カメルーン,2024000000,2024年,0,千円
30000000,3_鉱物性燃料,300,9月_金額,50530,530_赤道ギニア,2025000000,2025年,0,千円
30000000,3_鉱物性燃料,300,9月_金額,50530,530_赤道ギニア,2024000000,2024年,0,千円
30000000,3_鉱物性燃料,300,9月_金額,50530,530_赤道ギニア,2023000000,2023年,0,千円
30000000,3_鉱物性燃料,300,9月_金額,50530,530_赤道ギニア,2022000000,2022年,6891543,千円
30000000,3_鉱物性燃料,300,9月_金額,50530,530_赤道ギニア,2021000000,2021年,0,千円
30000000,3_鉱物性燃料,300,9月_金額,50535,535_アンゴラ,2022000000,2022年,0,千円
30000000,3_鉱物性燃料,300,9月_金額,50545,545_モザンビーク,2025000000,2025年,0,千円
30000000,3_鉱物性燃料,300,9月_金額,50545,545_モザンビーク,2024000000,2024年,0,千円
30000000,3_鉱物性燃料,300,9月_金額,50545,545_モザンビーク,2023000000,2023年,6492443,千円
30000000,3_鉱物性燃料,300,9月_金額,50545,545_モザンビーク,2022000000,2022年,0,千円
30000000,3_鉱物性燃料,300,9月_金額,50545,545_モザンビーク,2021000000,2021年,0,千円
30000000,3_鉱物性燃料,300,9月_金額,50547,547_モーリシャス,2024000000,2024年,0,千円
30000000,3_鉱物性燃料,300,9月_金額,50547,547_モーリシャス,2022000000,2022年,0,千円
30000000,3_鉱物性燃料,300,9月_金額,50547,547_モーリシャス,2021000000,2021年,0,千円
30000000,3_鉱物性燃料,300,9月_金額,50551,551_南アフリカ共和国,2025000000,2025年,3597440,千円
30000000,3_鉱物性燃料,300,9月_金額,50551,551_南アフリカ共和国,2024000000,2024年,5265855,千円
30000000,3_鉱物性燃料,300,9月_金額,50551,551_南アフリカ共和国,2023000000,2023年,5500198,千円
30000000,3_鉱物性燃料,300,9月_金額,50551,551_南アフリカ共和国,2022000000,2022年,12045606,千円
30000000,3_鉱物性燃料,300,9月_金額,50551,551_南アフリカ共和国,2021000000,2021年,47607,千円
30000000,3_鉱物性燃料,300,9月_金額,50560,560_南スーダン,2025000000,2025年,3962553,千円
30000000,3_鉱物性燃料,300,9月_金額,50560,560_南スーダン,2024000000,2024年,0,千円
30000000,3_鉱物性燃料,300,9月_金額,50560,560_南スーダン,2023000000,2023年,0,千円
30000000,3_鉱物性燃料,300,9月_金額,50560,560_南スーダン,2022000000,2022年,0,千円
30000000,3_鉱物性燃料,300,9月_金額,50560,560_南スーダン,2021000000,2021年,0,千円
30000000,3_鉱物性燃料,300,9月_金額,50601,601_オーストラリア,2025000000,2025年,335719224,千円
30000000,3_鉱物性燃料,300,9月_金額,50601,601_オーストラリア,2024000000,2024年,431420212,千円
30000000,3_鉱物性燃料,300,9月_金額,50601,601_オーストラリア,2023000000,2023年,481806482,千円
30000000,3_鉱物性燃料,300,9月_金額,50601,601_オーストラリア,2022000000,2022年,985245980,千円
30000000,3_鉱物性燃料,300,9月_金額,50601,601_オーストラリア,2021000000,2021年,340848896,千円
30000000,3_鉱物性燃料,300,9月_金額,50602,602_パプアニューギニア,2025000000,2025年,18156302,千円
30000000,3_鉱物性燃料,300,9月_金額,50602,602_パプアニューギニア,2024000000,2024年,22173918,千円
30000000,3_鉱物性燃料,300,9月_金額,50602,602_パプアニューギニア,2023000000,2023年,46789414,千円
30000000,3_鉱物性燃料,300,9月_金額,50602,602_パプアニューギニア,2022000000,2022年,63193952,千円
30000000,3_鉱物性燃料,300,9月_金額,50602,602_パプアニューギニア,2021000000,2021年,24154228,千円
30000000,3_鉱物性燃料,300,9月_金額,50606,606_ニュージーランド,2025000000,2025年,1205239,千円
30000000,3_鉱物性燃料,300,9月_金額,50606,606_ニュージーランド,2024000000,2024年,1540860,千円
30000000,3_鉱物性燃料,300,9月_金額,50606,606_ニュージーランド,2023000000,2023年,0,千円
30000000,3_鉱物性燃料,300,9月_金額,50606,606_ニュージーランド,2022000000,2022年,1702215,千円
30000000,3_鉱物性燃料,300,9月_金額,50606,606_ニュージーランド,2021000000,2021年,1725830,千円
30000000,3_鉱物性燃料,300,9月_金額,50618,618_ニューカレドニア(仏),2024000000,2024年,0,千円
30000000,3_鉱物性燃料,300,9月_金額,50618,618_ニューカレドニア(仏),2023000000,2023年,0,千円
30000000,3_鉱物性燃料,300,9月_金額,50625,625_マーシャル,2024000000,2024年,0,千円
30000000,3_鉱物性燃料,300,9月_金額,50625,625_マーシャル,2022000000,2022年,0,千円
30000000,3_鉱物性燃料,300,9月_金額,50625,625_マーシャル,2021000000,2021年,0,千円
30000000,3_鉱物性燃料,300,9月_金額,50626,626_ミクロネシア,2021000000,2021年,0,千円
30000000,3_鉱物性燃料,300,9月_金額,50628,628_パラオ,2025000000,2025年,0,千円
30000000,3_鉱物性燃料,300,9月_金額,50702,702_不明,2025000000,2025年,60111,千円
30000000,3_鉱物性燃料,300,9月_金額,50702,702_不明,2024000000,2024年,53582,千円
30000000,3_鉱物性燃料,300,9月_金額,50702,702_不明,2023000000,2023年,30517,千円
30000000,3_鉱物性燃料,300,9月_金額,50702,702_不明,2022000000,2022年,3026,千円
30000000,3_鉱物性燃料,300,9月_金額,50702,702_不明,2021000000,2021年,520,千円
30000000,3_鉱物性燃料,310,10月_数量,50103,103_大韓民国,2025000000,2025年,0,
30000000,3_鉱物性燃料,310,10月_数量,50103,103_大韓民国,2024000000,2024年,0,
30000000,3_鉱物性燃料,310,10月_数量,50103,103_大韓民国,2023000000,2023年,0,
30000000,3_鉱物性燃料,310,10月_数量,50103,103_大韓民国,2022000000,2022年,0,
30000000,3_鉱物性燃料,310,10月_数量,50103,103_大韓民国,2021000000,2021年,0,
30000000,3_鉱物性燃料,310,10月_数量,50105,105_中華人民共和国,2025000000,2025年,0,
30000000,3_鉱物性燃料,310,10月_数量,50105,105_中華人民共和国,2024000000,2024年,0,
30000000,3_鉱物性燃料,310,10月_数量,50105,105_中華人民共和国,2023000000,2023年,0,
30000000,3_鉱物性燃料,310,10月_数量,50105,105_中華人民共和国,2022000000,2022年,0,
30000000,3_鉱物性燃料,310,10月_数量,50105,105_中華人民共和国,2021000000,2021年,0,
30000000,3_鉱物性燃料,310,10月_数量,50106,106_台湾,2025000000,2025年,0,
30000000,3_鉱物性燃料,310,10月_数量,50106,106_台湾,2024000000,2024年,0,
30000000,3_鉱物性燃料,310,10月_数量,50106,106_台湾,2023000000,2023年,0,
30000000,3_鉱物性燃料,310,10月_数量,50106,106_台湾,2022000000,2022年,0,
30000000,3_鉱物性燃料,310,10月_数量,50106,106_台湾,2021000000,2021年,0,
30000000,3_鉱物性燃料,310,10月_数量,50108,108_香港,2025000000,2025年,0,
30000000,3_鉱物性燃料,310,10月_数量,50108,108_香港,2024000000,2024年,0,
30000000,3_鉱物性燃料,310,10月_数量,50108,108_香港,2023000000,2023年,0,
30000000,3_鉱物性燃料,310,10月_数量,50108,108_香港,2022000000,2022年,0,
30000000,3_鉱物性燃料,310,10月_数量,50108,108_香港,2021000000,2021年,0,
30000000,3_鉱物性燃料,310,10月_数量,50110,110_ベトナム,2025000000,2025年,0,
30000000,3_鉱物性燃料,310,10月_数量,50110,110_ベトナム,2024000000,2024年,0,
30000000,3_鉱物性燃料,310,10月_数量,50110,110_ベトナム,2023000000,2023年,0,
30000000,3_鉱物性燃料,310,10月_数量,50110,110_ベトナム,2022000000,2022年,0,
30000000,3_鉱物性燃料,310,10月_数量,50110,110_ベトナム,2021000000,2021年,0,
30000000,3_鉱物性燃料,310,10月_数量,50111,111_タイ,2025000000,2025年,0,
30000000,3_鉱物性燃料,310,10月_数量,50111,111_タイ,2024000000,2024年,0,
30000000,3_鉱物性燃料,310,10月_数量,50111,111_タイ,2023000000,2023年,0,
30000000,3_鉱物性燃料,310,10月_数量,50111,111_タイ,2022000000,2022年,0,
30000000,3_鉱物性燃料,310,10月_数量,50111,111_タイ,2021000000,2021年,0,
30000000,3_鉱物性燃料,310,10月_数量,50112,112_シンガポール,2025000000,2025年,0,
30000000,3_鉱物性燃料,310,10月_数量,50112,112_シンガポール,2024000000,2024年,0,
30000000,3_鉱物性燃料,310,10月_数量,50112,112_シンガポール,2023000000,2023年,0,
30000000,3_鉱物性燃料,310,10月_数量,50112,112_シンガポール,2022000000,2022年,0,
30000000,3_鉱物性燃料,310,10月_数量,50112,112_シンガポール,2021000000,2021年,0,
30000000,3_鉱物性燃料,310,10月_数量,50113,113_マレーシア,2025000000,2025年,0,
30000000,3_鉱物性燃料,310,10月_数量,50113,113_マレーシア,2024000000,2024年,0,
30000000,3_鉱物性燃料,310,10月_数量,50113,113_マレーシア,2023000000,2023年,0,
30000000,3_鉱物性燃料,310,10月_数量,50113,113_マレーシア,2022000000,2022年,0,
30000000,3_鉱物性燃料,310,10月_数量,50113,113_マレーシア,2021000000,2021年,0,
30000000,3_鉱物性燃料,310,10月_数量,50116,116_ブルネイ,2025000000,2025年,0,
30000000,3_鉱物性燃料,310,10月_数量,50116,116_ブルネイ,2024000000,2024年,0,
30000000,3_鉱物性燃料,310,10月_数量,50116,116_ブルネイ,2023000000,2023年,0,
30000000,3_鉱物性燃料,310,10月_数量,50116,116_ブルネイ,2022000000,2022年,0,
30000000,3_鉱物性燃料,310,10月_数量,50116,116_ブルネイ,2021000000,2021年,0,
30000000,3_鉱物性燃料,310,10月_数量,50117,117_フィリピン,2025000000,2025年,0,
30000000,3_鉱物性燃料,310,10月_数量,50117,117_フィリピン,2024000000,2024年,0,
30000000,3_鉱物性燃料,310,10月_数量,50117,117_フィリピン,2023000000,2023年,0,
30000000,3_鉱物性燃料,310,10月_数量,50117,117_フィリピン,2022000000,2022年,0,
30000000,3_鉱物性燃料,310,10月_数量,50117,117_フィリピン,2021000000,2021年,0,
30000000,3_鉱物性燃料,310,10月_数量,50118,118_インドネシア,2025000000,2025年,0,
30000000,3_鉱物性燃料,310,10月_数量,50118,118_インドネシア,2024000000,2024年,0,
30000000,3_鉱物性燃料,310,10月_数量,50118,118_インドネシア,2023000000,2023年,0,
30000000,3_鉱物性燃料,310,10月_数量,50118,118_インドネシア,2022000000,2022年,0,
30000000,3_鉱物性燃料,310,10月_数量,50118,118_インドネシア,2021000000,2021年,0,
30000000,3_鉱物性燃料,310,10月_数量,50123,123_インド,2025000000,2025年,0,
30000000,3_鉱物性燃料,310,10月_数量,50123,123_インド,2024000000,2024年,0,
30000000,3_鉱物性燃料,310,10月_数量,50123,123_インド,2023000000,2023年,0,
30000000,3_鉱物性燃料,310,10月_数量,50123,123_インド,2022000000,2022年,0,
30000000,3_鉱物性燃料,310,10月_数量,50123,123_インド,2021000000,2021年,0,
30000000,3_鉱物性燃料,310,10月_数量,50124,124_パキスタン,2025000000,2025年,0,
30000000,3_鉱物性燃料,310,10月_数量,50124,124_パキスタン,2023000000,2023年,0,
30000000,3_鉱物性燃料,310,10月_数量,50124,124_パキスタン,2022000000,2022年,0,
30000000,3_鉱物性燃料,310,10月_数量,50124,124_パキスタン,2021000000,2021年,0,
30000000,3_鉱物性燃料,310,10月_数量,50125,125_スリランカ,2025000000,2025年,0,
30000000,3_鉱物性燃料,310,10月_数量,50125,125_スリランカ,2024000000,2024年,0,
30000000,3_鉱物性燃料,310,10月_数量,50125,125_スリランカ,2023000000,2023年,0,
30000000,3_鉱物性燃料,310,10月_数量,50125,125_スリランカ,2022000000,2022年,0,
30000000,3_鉱物性燃料,310,10月_数量,50125,125_スリランカ,2021000000,2021年,0,
30000000,3_鉱物性燃料,310,10月_数量,50126,126_モルディブ,2022000000,2022年,0,
30000000,3_鉱物性燃料,310,10月_数量,50127,127_バングラデシュ,2024000000,2024年,0,
30000000,3_鉱物性燃料,310,10月_数量,50128,128_東ティモール,2025000000,2025年,0,
30000000,3_鉱物性燃料,310,10月_数量,50128,128_東ティモール,2023000000,2023年,0,
30000000,3_鉱物性燃料,310,10月_数量,50128,128_東ティモール,2022000000,2022年,0,
30000000,3_鉱物性燃料,310,10月_数量,50128,128_東ティモール,2021000000,2021年,0,
30000000,3_鉱物性燃料,310,10月_数量,50134,134_イラク,2025000000,2025年,0,
30000000,3_鉱物性燃料,310,10月_数量,50134,134_イラク,2024000000,2024年,0,
30000000,3_鉱物性燃料,310,10月_数量,50134,134_イラク,2023000000,2023年,0,
30000000,3_鉱物性燃料,310,10月_数量,50134,134_イラク,2021000000,2021年,0,
30000000,3_鉱物性燃料,310,10月_数量,50135,135_バーレーン,2025000000,2025年,0,
30000000,3_鉱物性燃料,310,10月_数量,50135,135_バーレーン,2024000000,2024年,0,
30000000,3_鉱物性燃料,310,10月_数量,50135,135_バーレーン,2023000000,2023年,0,
30000000,3_鉱物性燃料,310,10月_数量,50135,135_バーレーン,2022000000,2022年,0,
30000000,3_鉱物性燃料,310,10月_数量,50135,135_バーレーン,2021000000,2021年,0,
30000000,3_鉱物性燃料,310,10月_数量,50137,137_サウジアラビア,2025000000,2025年,0,
30000000,3_鉱物性燃料,310,10月_数量,50137,137_サウジアラビア,2024000000,2024年,0,
30000000,3_鉱物性燃料,310,10月_数量,50137,137_サウジアラビア,2023000000,2023年,0,
30000000,3_鉱物性燃料,310,10月_数量,50137,137_サウジアラビア,2022000000,2022年,0,
30000000,3_鉱物性燃料,310,10月_数量,50137,137_サウジアラビア,2021000000,2021年,0,
30000000,3_鉱物性燃料,310,10月_数量,50138,138_クウェート,2025000000,2025年,0,
30000000,3_鉱物性燃料,310,10月_数量,50138,138_クウェート,2024000000,2024年,0,
30000000,3_鉱物性燃料,310,10月_数量,50138,138_クウェート,2023000000,2023年,0,
30000000,3_鉱物性燃料,310,10月_数量,50138,138_クウェート,2022000000,2022年,0,
30000000,3_鉱物性燃料,310,10月_数量,50138,138_クウェート,2021000000,2021年,0,
30000000,3_鉱物性燃料,310,10月_数量,50140,140_カタール,2025000000,2025年,0,
30000000,3_鉱物性燃料,310,10月_数量,50140,140_カタール,2024000000,2024年,0,
30000000,3_鉱物性燃料,310,10月_数量,50140,140_カタール,2023000000,2023年,0,
30000000,3_鉱物性燃料,310,10月_数量,50140,140_カタール,2022000000,2022年,0,
30000000,3_鉱物性燃料,310,10月_数量,50140,140_カタール,2021000000,2021年,0,
30000000,3_鉱物性燃料,310,10月_数量,50141,141_オマーン,2025000000,2025年,0,
30000000,3_鉱物性燃料,310,10月_数量,50141,141_オマーン,2024000000,2024年,0,
30000000,3_鉱物性燃料,310,10月_数量,50141,141_オマーン,2023000000,2023年,0,
30000000,3_鉱物性燃料,310,10月_数量,50141,141_オマーン,2022000000,2022年,0,
30000000,3_鉱物性燃料,310,10月_数量,50141,141_オマーン,2021000000,2021年,0,
30000000,3_鉱物性燃料,310,10月_数量,50143,143_イスラエル,2025000000,2025年,0,
30000000,3_鉱物性燃料,310,10月_数量,50143,143_イスラエル,2024000000,2024年,0,
30000000,3_鉱物性燃料,310,10月_数量,50143,143_イスラエル,2023000000,2023年,0,
30000000,3_鉱物性燃料,310,10月_数量,50143,143_イスラエル,2022000000,2022年,0,
30000000,3_鉱物性燃料,310,10月_数量,50143,143_イスラエル,2021000000,2021年,0,
30000000,3_鉱物性燃料,310,10月_数量,50147,147_アラブ首長国連邦,2025000000,2025年,0,
30000000,3_鉱物性燃料,310,10月_数量,50147,147_アラブ首長国連邦,2024000000,2024年,0,
30000000,3_鉱物性燃料,310,10月_数量,50147,147_アラブ首長国連邦,2023000000,2023年,0,
30000000,3_鉱物性燃料,310,10月_数量,50147,147_アラブ首長国連邦,2022000000,2022年,0,
30000000,3_鉱物性燃料,310,10月_数量,50147,147_アラブ首長国連邦,2021000000,2021年,0,
30000000,3_鉱物性燃料,310,10月_数量,50153,153_カザフスタン,2025000000,2025年,0,
30000000,3_鉱物性燃料,310,10月_数量,50153,153_カザフスタン,2024000000,2024年,0,
30000000,3_鉱物性燃料,310,10月_数量,50153,153_カザフスタン,2023000000,2023年,0,
30000000,3_鉱物性燃料,310,10月_数量,50153,153_カザフスタン,2022000000,2022年,0,
30000000,3_鉱物性燃料,310,10月_数量,50153,153_カザフスタン,2021000000,2021年,0,
30000000,3_鉱物性燃料,310,10月_数量,50202,202_ノルウェー,2025000000,2025年,0,
30000000,3_鉱物性燃料,310,10月_数量,50202,202_ノルウェー,2024000000,2024年,0,
30000000,3_鉱物性燃料,310,10月_数量,50202,202_ノルウェー,2023000000,2023年,0,
30000000,3_鉱物性燃料,310,10月_数量,50202,202_ノルウェー,2022000000,2022年,0,
30000000,3_鉱物性燃料,310,10月_数量,50202,202_ノルウェー,2021000000,2021年,0,
30000000,3_鉱物性燃料,310,10月_数量,50203,203_スウェーデン,2025000000,2025年,0,
30000000,3_鉱物性燃料,310,10月_数量,50203,203_スウェーデン,2024000000,2024年,0,
30000000,3_鉱物性燃料,310,10月_数量,50203,203_スウェーデン,2023000000,2023年,0,
30000000,3_鉱物性燃料,310,10月_数量,50203,203_スウェーデン,2022000000,2022年,0,
30000000,3_鉱物性燃料,310,10月_数量,50203,203_スウェーデン,2021000000,2021年,0,
30000000,3_鉱物性燃料,310,10月_数量,50204,204_デンマーク,2025000000,2025年,0,
30000000,3_鉱物性燃料,310,10月_数量,50204,204_デンマーク,2024000000,2024年,0,
30000000,3_鉱物性燃料,310,10月_数量,50204,204_デンマーク,2023000000,2023年,0,
30000000,3_鉱物性燃料,310,10月_数量,50204,204_デンマーク,2022000000,2022年,0,
30000000,3_鉱物性燃料,310,10月_数量,50204,204_デンマーク,2021000000,2021年,0,
30000000,3_鉱物性燃料,310,10月_数量,50205,205_英国,2025000000,2025年,0,
30000000,3_鉱物性燃料,310,10月_数量,50205,205_英国,2024000000,2024年,0,
30000000,3_鉱物性燃料,310,10月_数量,50205,205_英国,2023000000,2023年,0,
30000000,3_鉱物性燃料,310,10月_数量,50205,205_英国,2022000000,2022年,0,
30000000,3_鉱物性燃料,310,10月_数量,50205,205_英国,2021000000,2021年,0,
30000000,3_鉱物性燃料,310,10月_数量,50206,206_アイルランド,2025000000,2025年,0,
30000000,3_鉱物性燃料,310,10月_数量,50206,206_アイルランド,2024000000,2024年,0,
30000000,3_鉱物性燃料,310,10月_数量,50206,206_アイルランド,2023000000,2023年,0,
30000000,3_鉱物性燃料,310,10月_数量,50206,206_アイルランド,2022000000,2022年,0,
30000000,3_鉱物性燃料,310,10月_数量,50206,206_アイルランド,2021000000,2021年,0,
30000000,3_鉱物性燃料,310,10月_数量,50207,207_オランダ,2025000000,2025年,0,
30000000,3_鉱物性燃料,310,10月_数量,50207,207_オランダ,2024000000,2024年,0,
30000000,3_鉱物性燃料,310,10月_数量,50207,207_オランダ,2023000000,2023年,0,
30000000,3_鉱物性燃料,310,10月_数量,50207,207_オランダ,2022000000,2022年,0,
30000000,3_鉱物性燃料,310,10月_数量,50207,207_オランダ,2021000000,2021年,0,
30000000,3_鉱物性燃料,310,10月_数量,50208,208_ベルギー,2025000000,2025年,0,
30000000,3_鉱物性燃料,310,10月_数量,50208,208_ベルギー,2024000000,2024年,0,
30000000,3_鉱物性燃料,310,10月_数量,50208,208_ベルギー,2023000000,2023年,0,
30000000,3_鉱物性燃料,310,10月_数量,50208,208_ベルギー,2022000000,2022年,0,
30000000,3_鉱物性燃料,310,10月_数量,50208,208_ベルギー,2021000000,2021年,0,
30000000,3_鉱物性燃料,310,10月_数量,50209,209_ルクセンブルク,2025000000,2025年,0,
30000000,3_鉱物性燃料,310,10月_数量,50209,209_ルクセンブルク,2021000000,2021年,0,
30000000,3_鉱物性燃料,310,10月_数量,50210,210_フランス,2025000000,2025年,0,
30000000,3_鉱物性燃料,310,10月_数量,50210,210_フランス,2024000000,2024年,0,
30000000,3_鉱物性燃料,310,10月_数量,50210,210_フランス,2023000000,2023年,0,
30000000,3_鉱物性燃料,310,10月_数量,50210,210_フランス,2022000000,2022年,0,
30000000,3_鉱物性燃料,310,10月_数量,50210,210_フランス,2021000000,2021年,0,
30000000,3_鉱物性燃料,310,10月_数量,50213,213_ドイツ,2025000000,2025年,0,
30000000,3_鉱物性燃料,310,10月_数量,50213,213_ドイツ,2024000000,2024年,0,
30000000,3_鉱物性燃料,310,10月_数量,50213,213_ドイツ,2023000000,2023年,0,
30000000,3_鉱物性燃料,310,10月_数量,50213,213_ドイツ,2022000000,2022年,0,
30000000,3_鉱物性燃料,310,10月_数量,50213,213_ドイツ,2021000000,2021年,0,
30000000,3_鉱物性燃料,310,10月_数量,50215,215_スイス,2025000000,2025年,0,
30000000,3_鉱物性燃料,310,10月_数量,50215,215_スイス,2024000000,2024年,0,
30000000,3_鉱物性燃料,310,10月_数量,50215,215_スイス,2023000000,2023年,0,
30000000,3_鉱物性燃料,310,10月_数量,50215,215_スイス,2022000000,2022年,0,
30000000,3_鉱物性燃料,310,10月_数量,50215,215_スイス,2021000000,2021年,0,
30000000,3_鉱物性燃料,310,10月_数量,50218,218_スペイン,2025000000,2025年,0,
30000000,3_鉱物性燃料,310,10月_数量,50218,218_スペイン,2024000000,2024年,0,
30000000,3_鉱物性燃料,310,10月_数量,50218,218_スペイン,2023000000,2023年,0,
30000000,3_鉱物性燃料,310,10月_数量,50218,218_スペイン,2022000000,2022年,0,
30000000,3_鉱物性燃料,310,10月_数量,50218,218_スペイン,2021000000,2021年,0,
30000000,3_鉱物性燃料,310,10月_数量,50220,220_イタリア,2025000000,2025年,0,
30000000,3_鉱物性燃料,310,10月_数量,50220,220_イタリア,2024000000,2024年,0,
30000000,3_鉱物性燃料,310,10月_数量,50220,220_イタリア,2023000000,2023年,0,
30000000,3_鉱物性燃料,310,10月_数量,50220,220_イタリア,2022000000,2022年,0,
30000000,3_鉱物性燃料,310,10月_数量,50220,220_イタリア,2021000000,2021年,0,
30000000,3_鉱物性燃料,310,10月_数量,50221,221_マルタ,2023000000,2023年,0,
30000000,3_鉱物性燃料,310,10月_数量,50221,221_マルタ,2021000000,2021年,0,
30000000,3_鉱物性燃料,310,10月_数量,50222,222_フィンランド,2025000000,2025年,0,
30000000,3_鉱物性燃料,310,10月_数量,50222,222_フィンランド,2024000000,2024年,0,
30000000,3_鉱物性燃料,310,10月_数量,50222,222_フィンランド,2023000000,2023年,0,
30000000,3_鉱物性燃料,310,10月_数量,50222,222_フィンランド,2022000000,2022年,0,
30000000,3_鉱物性燃料,310,10月_数量,50222,222_フィンランド,2021000000,2021年,0,
30000000,3_鉱物性燃料,310,10月_数量,50223,223_ポーランド,2025000000,2025年,0,
30000000,3_鉱物性燃料,310,10月_数量,50223,223_ポーランド,2024000000,2024年,0,
30000000,3_鉱物性燃料,310,10月_数量,50223,223_ポーランド,2023000000,2023年,0,
30000000,3_鉱物性燃料,310,10月_数量,50223,223_ポーランド,2022000000,2022年,0,
30000000,3_鉱物性燃料,310,10月_数量,50223,223_ポーランド,2021000000,2021年,0,
30000000,3_鉱物性燃料,310,10月_数量,50224,224_ロシア,2025000000,2025年,0,
30000000,3_鉱物性燃料,310,10月_数量,50224,224_ロシア,2024000000,2024年,0,
30000000,3_鉱物性燃料,310,10月_数量,50224,224_ロシア,2023000000,2023年,0,
30000000,3_鉱物性燃料,310,10月_数量,50224,224_ロシア,2022000000,2022年,0,
30000000,3_鉱物性燃料,310,10月_数量,50224,224_ロシア,2021000000,2021年,0,
30000000,3_鉱物性燃料,310,10月_数量,50225,225_オーストリア,2025000000,2025年,0,
30000000,3_鉱物性燃料,310,10月_数量,50225,225_オーストリア,2024000000,2024年,0,
30000000,3_鉱物性燃料,310,10月_数量,50225,225_オーストリア,2023000000,2023年,0,
30000000,3_鉱物性燃料,310,10月_数量,50225,225_オーストリア,2022000000,2022年,0,
30000000,3_鉱物性燃料,310,10月_数量,50225,225_オーストリア,2021000000,2021年,0,
30000000,3_鉱物性燃料,310,10月_数量,50227,227_ハンガリー,2025000000,2025年,0,
30000000,3_鉱物性燃料,310,10月_数量,50227,227_ハンガリー,2023000000,2023年,0,
30000000,3_鉱物性燃料,310,10月_数量,50227,227_ハンガリー,2021000000,2021年,0,
30000000,3_鉱物性燃料,310,10月_数量,50228,228_セルビア,2022000000,2022年,0,
30000000,3_鉱物性燃料,310,10月_数量,50228,228_セルビア,2021000000,2021年,0,
30000000,3_鉱物性燃料,310,10月_数量,50230,230_ギリシャ,2025000000,2025年,0,
30000000,3_鉱物性燃料,310,10月_数量,50230,230_ギリシャ,2024000000,2024年,0,
30000000,3_鉱物性燃料,310,10月_数量,50230,230_ギリシャ,2023000000,2023年,0,
30000000,3_鉱物性燃料,310,10月_数量,50230,230_ギリシャ,2022000000,2022年,0,
30000000,3_鉱物性燃料,310,10月_数量,50230,230_ギリシャ,2021000000,2021年,0,
30000000,3_鉱物性燃料,310,10月_数量,50231,231_ルーマニア,2025000000,2025年,0,
30000000,3_鉱物性燃料,310,10月_数量,50231,231_ルーマニア,2021000000,2021年,0,
30000000,3_鉱物性燃料,310,10月_数量,50232,232_ブルガリア,2023000000,2023年,0,
30000000,3_鉱物性燃料,310,10月_数量,50232,232_ブルガリア,2022000000,2022年,0,
30000000,3_鉱物性燃料,310,10月_数量,50234,234_トルコ,2025000000,2025年,0,
30000000,3_鉱物性燃料,310,10月_数量,50234,234_トルコ,2024000000,2024年,0,
30000000,3_鉱物性燃料,310,10月_数量,50234,234_トルコ,2023000000,2023年,0,
30000000,3_鉱物性燃料,310,10月_数量,50234,234_トルコ,2022000000,2022年,0,
30000000,3_鉱物性燃料,310,10月_数量,50234,234_トルコ,2021000000,2021年,0,
30000000,3_鉱物性燃料,310,10月_数量,50235,235_エストニア,2025000000,2025年,0,
30000000,3_鉱物性燃料,310,10月_数量,50235,235_エストニア,2024000000,2024年,0,
30000000,3_鉱物性燃料,310,10月_数量,50235,235_エストニア,2023000000,2023年,0,
30000000,3_鉱物性燃料,310,10月_数量,50235,235_エストニア,2022000000,2022年,0,
30000000,3_鉱物性燃料,310,10月_数量,50235,235_エストニア,2021000000,2021年,0,
30000000,3_鉱物性燃料,310,10月_数量,50236,236_ラトビア,2025000000,2025年,0,
30000000,3_鉱物性燃料,310,10月_数量,50236,236_ラトビア,2024000000,2024年,0,
30000000,3_鉱物性燃料,310,10月_数量,50236,236_ラトビア,2023000000,2023年,0,
30000000,3_鉱物性燃料,310,10月_数量,50236,236_ラトビア,2022000000,2022年,0,
30000000,3_鉱物性燃料,310,10月_数量,50236,236_ラトビア,2021000000,2021年,0,
30000000,3_鉱物性燃料,310,10月_数量,50237,237_リトアニア,2025000000,2025年,0,
30000000,3_鉱物性燃料,310,10月_数量,50237,237_リトアニア,2024000000,2024年,0,
30000000,3_鉱物性燃料,310,10月_数量,50237,237_リトアニア,2023000000,2023年,0,
30000000,3_鉱物性燃料,310,10月_数量,50237,237_リトアニア,2022000000,2022年,0,
30000000,3_鉱物性燃料,310,10月_数量,50237,237_リトアニア,2021000000,2021年,0,
30000000,3_鉱物性燃料,310,10月_数量,50238,238_ウクライナ,2025000000,2025年,0,
30000000,3_鉱物性燃料,310,10月_数量,50238,238_ウクライナ,2024000000,2024年,0,
30000000,3_鉱物性燃料,310,10月_数量,50238,238_ウクライナ,2023000000,2023年,0,
30000000,3_鉱物性燃料,310,10月_数量,50238,238_ウクライナ,2022000000,2022年,0,
30000000,3_鉱物性燃料,310,10月_数量,50238,238_ウクライナ,2021000000,2021年,0,
30000000,3_鉱物性燃料,310,10月_数量,50241,241_クロアチア,2025000000,2025年,0,
30000000,3_鉱物性燃料,310,10月_数量,50241,241_クロアチア,2021000000,2021年,0,
30000000,3_鉱物性燃料,310,10月_数量,50245,245_チェコ,2025000000,2025年,0,
30000000,3_鉱物性燃料,310,10月_数量,50245,245_チェコ,2024000000,2024年,0,
30000000,3_鉱物性燃料,310,10月_数量,50245,245_チェコ,2023000000,2023年,0,
30000000,3_鉱物性燃料,310,10月_数量,50245,245_チェコ,2021000000,2021年,0,
30000000,3_鉱物性燃料,310,10月_数量,50246,246_スロバキア,2023000000,2023年,0,
30000000,3_鉱物性燃料,310,10月_数量,50302,302_カナダ,2025000000,2025年,0,
30000000,3_鉱物性燃料,310,10月_数量,50302,302_カナダ,2024000000,2024年,0,
30000000,3_鉱物性燃料,310,10月_数量,50302,302_カナダ,2023000000,2023年,0,
30000000,3_鉱物性燃料,310,10月_数量,50302,302_カナダ,2022000000,2022年,0,
30000000,3_鉱物性燃料,310,10月_数量,50302,302_カナダ,2021000000,2021年,0,
30000000,3_鉱物性燃料,310,10月_数量,50304,304_アメリカ合衆国,2025000000,2025年,0,
30000000,3_鉱物性燃料,310,10月_数量,50304,304_アメリカ合衆国,2024000000,2024年,0,
30000000,3_鉱物性燃料,310,10月_数量,50304,304_アメリカ合衆国,2023000000,2023年,0,
30000000,3_鉱物性燃料,310,10月_数量,50304,304_アメリカ合衆国,2022000000,2022年,0,
30000000,3_鉱物性燃料,310,10月_数量,50304,304_アメリカ合衆国,2021000000,2021年,0,
30000000,3_鉱物性燃料,310,10月_数量,50305,305_メキシコ,2025000000,2025年,0,
30000000,3_鉱物性燃料,310,10月_数量,50305,305_メキシコ,2024000000,2024年,0,
30000000,3_鉱物性燃料,310,10月_数量,50305,305_メキシコ,2023000000,2023年,0,
30000000,3_鉱物性燃料,310,10月_数量,50305,305_メキシコ,2022000000,2022年,0,
30000000,3_鉱物性燃料,310,10月_数量,50305,305_メキシコ,2021000000,2021年,0,
30000000,3_鉱物性燃料,310,10月_数量,50309,309_エルサルバドル,2025000000,2025年,0,
30000000,3_鉱物性燃料,310,10月_数量,50309,309_エルサルバドル,2024000000,2024年,0,
30000000,3_鉱物性燃料,310,10月_数量,50309,309_エルサルバドル,2022000000,2022年,0,
30000000,3_鉱物性燃料,310,10月_数量,50311,311_コスタリカ,2025000000,2025年,0,
30000000,3_鉱物性燃料,310,10月_数量,50311,311_コスタリカ,2024000000,2024年,0,
30000000,3_鉱物性燃料,310,10月_数量,50311,311_コスタリカ,2023000000,2023年,0,
30000000,3_鉱物性燃料,310,10月_数量,50311,311_コスタリカ,2022000000,2022年,0,
30000000,3_鉱物性燃料,310,10月_数量,50311,311_コスタリカ,2021000000,2021年,0,
30000000,3_鉱物性燃料,310,10月_数量,50312,312_パナマ,2024000000,2024年,0,
30000000,3_鉱物性燃料,310,10月_数量,50312,312_パナマ,2023000000,2023年,0,
30000000,3_鉱物性燃料,310,10月_数量,50312,312_パナマ,2022000000,2022年,0,
30000000,3_鉱物性燃料,310,10月_数量,50320,320_トリニダード・トバゴ,2024000000,2024年,0,
30000000,3_鉱物性燃料,310,10月_数量,50320,320_トリニダード・トバゴ,2023000000,2023年,0,
30000000,3_鉱物性燃料,310,10月_数量,50320,320_トリニダード・トバゴ,2022000000,2022年,0,
30000000,3_鉱物性燃料,310,10月_数量,50321,321_キューバ,2023000000,2023年,0,
30000000,3_鉱物性燃料,310,10月_数量,50328,328_ケイマン諸島(英),2023000000,2023年,0,
30000000,3_鉱物性燃料,310,10月_数量,50401,401_コロンビア,2025000000,2025年,0,
30000000,3_鉱物性燃料,310,10月_数量,50401,401_コロンビア,2024000000,2024年,0,
30000000,3_鉱物性燃料,310,10月_数量,50401,401_コロンビア,2023000000,2023年,0,
30000000,3_鉱物性燃料,310,10月_数量,50401,401_コロンビア,2022000000,2022年,0,
30000000,3_鉱物性燃料,310,10月_数量,50401,401_コロンビア,2021000000,2021年,0,
30000000,3_鉱物性燃料,310,10月_数量,50406,406_エクアドル,2025000000,2025年,0,
30000000,3_鉱物性燃料,310,10月_数量,50406,406_エクアドル,2024000000,2024年,0,
30000000,3_鉱物性燃料,310,10月_数量,50406,406_エクアドル,2023000000,2023年,0,
30000000,3_鉱物性燃料,310,10月_数量,50406,406_エクアドル,2022000000,2022年,0,
30000000,3_鉱物性燃料,310,10月_数量,50406,406_エクアドル,2021000000,2021年,0,
30000000,3_鉱物性燃料,310,10月_数量,50407,407_ペルー,2025000000,2025年,0,
30000000,3_鉱物性燃料,310,10月_数量,50407,407_ペルー,2024000000,2024年,0,
30000000,3_鉱物性燃料,310,10月_数量,50407,407_ペルー,2023000000,2023年,0,
30000000,3_鉱物性燃料,310,10月_数量,50407,407_ペルー,2022000000,2022年,0,
30000000,3_鉱物性燃料,310,10月_数量,50407,407_ペルー,2021000000,2021年,0,
30000000,3_鉱物性燃料,310,10月_数量,50409,409_チリ,2023000000,2023年,0,
30000000,3_鉱物性燃料,310,10月_数量,50409,409_チリ,2022000000,2022年,0,
30000000,3_鉱物性燃料,310,10月_数量,50410,410_ブラジル,2025000000,2025年,0,
30000000,3_鉱物性燃料,310,10月_数量,50410,410_ブラジル,2024000000,2024年,0,
30000000,3_鉱物性燃料,310,10月_数量,50410,410_ブラジル,2023000000,2023年,0,
30000000,3_鉱物性燃料,310,10月_数量,50410,410_ブラジル,2022000000,2022年,0,
30000000,3_鉱物性燃料,310,10月_数量,50410,410_ブラジル,2021000000,2021年,0,
30000000,3_鉱物性燃料,310,10月_数量,50411,411_パラグアイ,2023000000,2023年,0,
30000000,3_鉱物性燃料,310,10月_数量,50412,412_ウルグアイ,2022000000,2022年,0,
30000000,3_鉱物性燃料,310,10月_数量,50413,413_アルゼンチン,2023000000,2023年,0,
30000000,3_鉱物性燃料,310,10月_数量,50503,503_アルジェリア,2025000000,2025年,0,
30000000,3_鉱物性燃料,310,10月_数量,50503,503_アルジェリア,2024000000,2024年,0,
30000000,3_鉱物性燃料,310,10月_数量,50503,503_アルジェリア,2023000000,2023年,0,
30000000,3_鉱物性燃料,310,10月_数量,50503,503_アルジェリア,2022000000,2022年,0,
30000000,3_鉱物性燃料,310,10月_数量,50503,503_アルジェリア,2021000000,2021年,0,
30000000,3_鉱物性燃料,310,10月_数量,50505,505_リビア,2021000000,2021年,0,
30000000,3_鉱物性燃料,310,10月_数量,50506,506_エジプト,2025000000,2025年,0,
30000000,3_鉱物性燃料,310,10月_数量,50506,506_エジプト,2024000000,2024年,0,
30000000,3_鉱物性燃料,310,10月_数量,50506,506_エジプト,2023000000,2023年,0,
30000000,3_鉱物性燃料,310,10月_数量,50506,506_エジプト,2022000000,2022年,0,
30000000,3_鉱物性燃料,310,10月_数量,50506,506_エジプト,2021000000,2021年,0,
30000000,3_鉱物性燃料,310,10月_数量,50524,524_ナイジェリア,2025000000,2025年,0,
30000000,3_鉱物性燃料,310,10月_数量,50524,524_ナイジェリア,2024000000,2024年,0,
30000000,3_鉱物性燃料,310,10月_数量,50524,524_ナイジェリア,2023000000,2023年,0,
30000000,3_鉱物性燃料,310,10月_数量,50524,524_ナイジェリア,2022000000,2022年,0,
30000000,3_鉱物性燃料,310,10月_数量,50524,524_ナイジェリア,2021000000,2021年,0,
30000000,3_鉱物性燃料,310,10月_数量,50525,525_ニジェール,2025000000,2025年,0,
30000000,3_鉱物性燃料,310,10月_数量,50527,527_カメルーン,2024000000,2024年,0,
30000000,3_鉱物性燃料,310,10月_数量,50530,530_赤道ギニア,2025000000,2025年,0,
30000000,3_鉱物性燃料,310,10月_数量,50530,530_赤道ギニア,2024000000,2024年,0,
30000000,3_鉱物性燃料,310,10月_数量,50530,530_赤道ギニア,2023000000,2023年,0,
30000000,3_鉱物性燃料,310,10月_数量,50530,530_赤道ギニア,2022000000,2022年,0,
30000000,3_鉱物性燃料,310,10月_数量,50530,530_赤道ギニア,2021000000,2021年,0,
30000000,3_鉱物性燃料,310,10月_数量,50535,535_アンゴラ,2022000000,2022年,0,
30000000,3_鉱物性燃料,310,10月_数量,50545,545_モザンビーク,2025000000,2025年,0,
30000000,3_鉱物性燃料,310,10月_数量,50545,545_モザンビーク,2024000000,2024年,0,
30000000,3_鉱物性燃料,310,10月_数量,50545,545_モザンビーク,2023000000,2023年,0,
30000000,3_鉱物性燃料,310,10月_数量,50545,545_モザンビーク,2022000000,2022年,0,
30000000,3_鉱物性燃料,310,10月_数量,50545,545_モザンビーク,2021000000,2021年,0,
30000000,3_鉱物性燃料,310,10月_数量,50547,547_モーリシャス,2024000000,2024年,0,
30000000,3_鉱物性燃料,310,10月_数量,50547,547_モーリシャス,2022000000,2022年,0,
30000000,3_鉱物性燃料,310,10月_数量,50547,547_モーリシャス,2021000000,2021年,0,
30000000,3_鉱物性燃料,310,10月_数量,50551,551_南アフリカ共和国,2025000000,2025年,0,
30000000,3_鉱物性燃料,310,10月_数量,50551,551_南アフリカ共和国,2024000000,2024年,0,
30000000,3_鉱物性燃料,310,10月_数量,50551,551_南アフリカ共和国,2023000000,2023年,0,
30000000,3_鉱物性燃料,310,10月_数量,50551,551_南アフリカ共和国,2022000000,2022年,0,
30000000,3_鉱物性燃料,310,10月_数量,50551,551_南アフリカ共和国,2021000000,2021年,0,
30000000,3_鉱物性燃料,310,10月_数量,50560,560_南スーダン,2025000000,2025年,0,
30000000,3_鉱物性燃料,310,10月_数量,50560,560_南スーダン,2024000000,2024年,0,
30000000,3_鉱物性燃料,310,10月_数量,50560,560_南スーダン,2023000000,2023年,0,
30000000,3_鉱物性燃料,310,10月_数量,50560,560_南スーダン,2022000000,2022年,0,
30000000,3_鉱物性燃料,310,10月_数量,50560,560_南スーダン,2021000000,2021年,0,
30000000,3_鉱物性燃料,310,10月_数量,50601,601_オーストラリア,2025000000,2025年,0,
30000000,3_鉱物性燃料,310,10月_数量,50601,601_オーストラリア,2024000000,2024年,0,
30000000,3_鉱物性燃料,310,10月_数量,50601,601_オーストラリア,2023000000,2023年,0,
30000000,3_鉱物性燃料,310,10月_数量,50601,601_オーストラリア,2022000000,2022年,0,
30000000,3_鉱物性燃料,310,10月_数量,50601,601_オーストラリア,2021000000,2021年,0,
30000000,3_鉱物性燃料,310,10月_数量,50602,602_パプアニューギニア,2025000000,2025年,0,
30000000,3_鉱物性燃料,310,10月_数量,50602,602_パプアニューギニア,2024000000,2024年,0,
30000000,3_鉱物性燃料,310,10月_数量,50602,602_パプアニューギニア,2023000000,2023年,0,
30000000,3_鉱物性燃料,310,10月_数量,50602,602_パプアニューギニア,2022000000,2022年,0,
30000000,3_鉱物性燃料,310,10月_数量,50602,602_パプアニューギニア,2021000000,2021年,0,
30000000,3_鉱物性燃料,310,10月_数量,50606,606_ニュージーランド,2025000000,2025年,0,
30000000,3_鉱物性燃料,310,10月_数量,50606,606_ニュージーランド,2024000000,2024年,0,
30000000,3_鉱物性燃料,310,10月_数量,50606,606_ニュージーランド,2023000000,2023年,0,
30000000,3_鉱物性燃料,310,10月_数量,50606,606_ニュージーランド,2022000000,2022年,0,
30000000,3_鉱物性燃料,310,10月_数量,50606,606_ニュージーランド,2021000000,2021年,0,
30000000,3_鉱物性燃料,310,10月_数量,50618,618_ニューカレドニア(仏),2024000000,2024年,0,
30000000,3_鉱物性燃料,310,10月_数量,50618,618_ニューカレドニア(仏),2023000000,2023年,0,
30000000,3_鉱物性燃料,310,10月_数量,50625,625_マーシャル,2024000000,2024年,0,
30000000,3_鉱物性燃料,310,10月_数量,50625,625_マーシャル,2022000000,2022年,0,
30000000,3_鉱物性燃料,310,10月_数量,50625,625_マーシャル,2021000000,2021年,0,
30000000,3_鉱物性燃料,310,10月_数量,50626,626_ミクロネシア,2021000000,2021年,0,
30000000,3_鉱物性燃料,310,10月_数量,50628,628_パラオ,2025000000,2025年,0,
30000000,3_鉱物性燃料,310,10月_数量,50702,702_不明,2025000000,2025年,0,
30000000,3_鉱物性燃料,310,10月_数量,50702,702_不明,2024000000,2024年,0,
30000000,3_鉱物性燃料,310,10月_数量,50702,702_不明,2023000000,2023年,0,
30000000,3_鉱物性燃料,310,10月_数量,50702,702_不明,2022000000,2022年,0,
30000000,3_鉱物性燃料,310,10月_数量,50702,702_不明,2021000000,2021年,0,
30000000,3_鉱物性燃料,320,10月_金額,50103,103_大韓民国,2025000000,2025年,59627309,千円
30000000,3_鉱物性燃料,320,10月_金額,50103,103_大韓民国,2024000000,2024年,84857581,千円
30000000,3_鉱物性燃料,320,10月_金額,50103,103_大韓民国,2023000000,2023年,74613975,千円
30000000,3_鉱物性燃料,320,10月_金額,50103,103_大韓民国,2022000000,2022年,67643474,千円
30000000,3_鉱物性燃料,320,10月_金額,50103,103_大韓民国,2021000000,2021年,42060611,千円
30000000,3_鉱物性燃料,320,10月_金額,50105,105_中華人民共和国,2025000000,2025年,9642328,千円
30000000,3_鉱物性燃料,320,10月_金額,50105,105_中華人民共和国,2024000000,2024年,7178411,千円
30000000,3_鉱物性燃料,320,10月_金額,50105,105_中華人民共和国,2023000000,2023年,27807236,千円
30000000,3_鉱物性燃料,320,10月_金額,50105,105_中華人民共和国,2022000000,2022年,11177842,千円
30000000,3_鉱物性燃料,320,10月_金額,50105,105_中華人民共和国,2021000000,2021年,11322223,千円
30000000,3_鉱物性燃料,320,10月_金額,50106,106_台湾,2025000000,2025年,893989,千円
30000000,3_鉱物性燃料,320,10月_金額,50106,106_台湾,2024000000,2024年,6729655,千円
30000000,3_鉱物性燃料,320,10月_金額,50106,106_台湾,2023000000,2023年,503541,千円
30000000,3_鉱物性燃料,320,10月_金額,50106,106_台湾,2022000000,2022年,2777014,千円
30000000,3_鉱物性燃料,320,10月_金額,50106,106_台湾,2021000000,2021年,197724,千円
30000000,3_鉱物性燃料,320,10月_金額,50108,108_香港,2025000000,2025年,34907,千円
30000000,3_鉱物性燃料,320,10月_金額,50108,108_香港,2024000000,2024年,35131,千円
30000000,3_鉱物性燃料,320,10月_金額,50108,108_香港,2023000000,2023年,14687,千円
30000000,3_鉱物性燃料,320,10月_金額,50108,108_香港,2022000000,2022年,8900,千円
30000000,3_鉱物性燃料,320,10月_金額,50108,108_香港,2021000000,2021年,2344,千円
30000000,3_鉱物性燃料,320,10月_金額,50110,110_ベトナム,2025000000,2025年,4460533,千円
30000000,3_鉱物性燃料,320,10月_金額,50110,110_ベトナム,2024000000,2024年,4104032,千円
30000000,3_鉱物性燃料,320,10月_金額,50110,110_ベトナム,2023000000,2023年,6874003,千円
30000000,3_鉱物性燃料,320,10月_金額,50110,110_ベトナム,2022000000,2022年,9660907,千円
30000000,3_鉱物性燃料,320,10月_金額,50110,110_ベトナム,2021000000,2021年,3084274,千円
30000000,3_鉱物性燃料,320,10月_金額,50111,111_タイ,2025000000,2025年,197732,千円
30000000,3_鉱物性燃料,320,10月_金額,50111,111_タイ,2024000000,2024年,103664,千円
30000000,3_鉱物性燃料,320,10月_金額,50111,111_タイ,2023000000,2023年,3714565,千円
30000000,3_鉱物性燃料,320,10月_金額,50111,111_タイ,2022000000,2022年,123659,千円
30000000,3_鉱物性燃料,320,10月_金額,50111,111_タイ,2021000000,2021年,942536,千円
30000000,3_鉱物性燃料,320,10月_金額,50112,112_シンガポール,2025000000,2025年,3991334,千円
30000000,3_鉱物性燃料,320,10月_金額,50112,112_シンガポール,2024000000,2024年,5109147,千円
30000000,3_鉱物性燃料,320,10月_金額,50112,112_シンガポール,2023000000,2023年,705016,千円
30000000,3_鉱物性燃料,320,10月_金額,50112,112_シンガポール,2022000000,2022年,5368598,千円
30000000,3_鉱物性燃料,320,10月_金額,50112,112_シンガポール,2021000000,2021年,839120,千円
30000000,3_鉱物性燃料,320,10月_金額,50113,113_マレーシア,2025000000,2025年,82522571,千円
30000000,3_鉱物性燃料,320,10月_金額,50113,113_マレーシア,2024000000,2024年,70297011,千円
30000000,3_鉱物性燃料,320,10月_金額,50113,113_マレーシア,2023000000,2023年,66543324,千円
30000000,3_鉱物性燃料,320,10月_金額,50113,113_マレーシア,2022000000,2022年,129801334,千円
30000000,3_鉱物性燃料,320,10月_金額,50113,113_マレーシア,2021000000,2021年,44689699,千円
30000000,3_鉱物性燃料,320,10月_金額,50116,116_ブルネイ,2025000000,2025年,23951650,千円
30000000,3_鉱物性燃料,320,10月_金額,50116,116_ブルネイ,2024000000,2024年,25795739,千円
30000000,3_鉱物性燃料,320,10月_金額,50116,116_ブルネイ,2023000000,2023年,24041540,千円
30000000,3_鉱物性燃料,320,10月_金額,50116,116_ブルネイ,2022000000,2022年,19178584,千円
30000000,3_鉱物性燃料,320,10月_金額,50116,116_ブルネイ,2021000000,2021年,12845938,千円
30000000,3_鉱物性燃料,320,10月_金額,50117,117_フィリピン,2025000000,2025年,0,千円
30000000,3_鉱物性燃料,320,10月_金額,50117,117_フィリピン,2024000000,2024年,6585,千円
30000000,3_鉱物性燃料,320,10月_金額,50117,117_フィリピン,2023000000,2023年,3669,千円
30000000,3_鉱物性燃料,320,10月_金額,50117,117_フィリピン,2022000000,2022年,0,千円
30000000,3_鉱物性燃料,320,10月_金額,50117,117_フィリピン,2021000000,2021年,0,千円
30000000,3_鉱物性燃料,320,10月_金額,50118,118_インドネシア,2025000000,2025年,70983030,千円
30000000,3_鉱物性燃料,320,10月_金額,50118,118_インドネシア,2024000000,2024年,74020825,千円
30000000,3_鉱物性燃料,320,10月_金額,50118,118_インドネシア,2023000000,2023年,67254791,千円
30000000,3_鉱物性燃料,320,10月_金額,50118,118_インドネシア,2022000000,2022年,130745796,千円
30000000,3_鉱物性燃料,320,10月_金額,50118,118_インドネシア,2021000000,2021年,47735687,千円
30000000,3_鉱物性燃料,320,10月_金額,50123,123_インド,2025000000,2025年,7914141,千円
30000000,3_鉱物性燃料,320,10月_金額,50123,123_インド,2024000000,2024年,3783717,千円
30000000,3_鉱物性燃料,320,10月_金額,50123,123_インド,2023000000,2023年,1660019,千円
30000000,3_鉱物性燃料,320,10月_金額,50123,123_インド,2022000000,2022年,9212840,千円
30000000,3_鉱物性燃料,320,10月_金額,50123,123_インド,2021000000,2021年,7505416,千円
30000000,3_鉱物性燃料,320,10月_金額,50124,124_パキスタン,2025000000,2025年,0,千円
30000000,3_鉱物性燃料,320,10月_金額,50124,124_パキスタン,2023000000,2023年,0,千円
30000000,3_鉱物性燃料,320,10月_金額,50124,124_パキスタン,2022000000,2022年,0,千円
30000000,3_鉱物性燃料,320,10月_金額,50124,124_パキスタン,2021000000,2021年,0,千円
30000000,3_鉱物性燃料,320,10月_金額,50125,125_スリランカ,2025000000,2025年,1082,千円
30000000,3_鉱物性燃料,320,10月_金額,50125,125_スリランカ,2024000000,2024年,0,千円
30000000,3_鉱物性燃料,320,10月_金額,50125,125_スリランカ,2023000000,2023年,0,千円
30000000,3_鉱物性燃料,320,10月_金額,50125,125_スリランカ,2022000000,2022年,0,千円
30000000,3_鉱物性燃料,320,10月_金額,50125,125_スリランカ,2021000000,2021年,0,千円
30000000,3_鉱物性燃料,320,10月_金額,50126,126_モルディブ,2022000000,2022年,0,千円
30000000,3_鉱物性燃料,320,10月_金額,50127,127_バングラデシュ,2024000000,2024年,0,千円
30000000,3_鉱物性燃料,320,10月_金額,50128,128_東ティモール,2025000000,2025年,0,千円
30000000,3_鉱物性燃料,320,10月_金額,50128,128_東ティモール,2023000000,2023年,0,千円
30000000,3_鉱物性燃料,320,10月_金額,50128,128_東ティモール,2022000000,2022年,0,千円
30000000,3_鉱物性燃料,320,10月_金額,50128,128_東ティモール,2021000000,2021年,45390,千円
30000000,3_鉱物性燃料,320,10月_金額,50134,134_イラク,2025000000,2025年,5120825,千円
30000000,3_鉱物性燃料,320,10月_金額,50134,134_イラク,2024000000,2024年,0,千円
30000000,3_鉱物性燃料,320,10月_金額,50134,134_イラク,2023000000,2023年,0,千円
30000000,3_鉱物性燃料,320,10月_金額,50134,134_イラク,2021000000,2021年,0,千円
30000000,3_鉱物性燃料,320,10月_金額,50135,135_バーレーン,2025000000,2025年,0,千円
30000000,3_鉱物性燃料,320,10月_金額,50135,135_バーレーン,2024000000,2024年,0,千円
30000000,3_鉱物性燃料,320,10月_金額,50135,135_バーレーン,2023000000,2023年,2621984,千円
30000000,3_鉱物性燃料,320,10月_金額,50135,135_バーレーン,2022000000,2022年,3735334,千円
30000000,3_鉱物性燃料,320,10月_金額,50135,135_バーレーン,2021000000,2021年,4866059,千円
30000000,3_鉱物性燃料,320,10月_金額,50137,137_サウジアラビア,2025000000,2025年,269868306,千円
30000000,3_鉱物性燃料,320,10月_金額,50137,137_サウジアラビア,2024000000,2024年,358228735,千円
30000000,3_鉱物性燃料,320,10月_金額,50137,137_サウジアラビア,2023000000,2023年,433452970,千円
30000000,3_鉱物性燃料,320,10月_金額,50137,137_サウジアラビア,2022000000,2022年,460897981,千円
30000000,3_鉱物性燃料,320,10月_金額,50137,137_サウジアラビア,2021000000,2021年,255029908,千円
30000000,3_鉱物性燃料,320,10月_金額,50138,138_クウェート,2025000000,2025年,82840770,千円
30000000,3_鉱物性燃料,320,10月_金額,50138,138_クウェート,2024000000,2024年,66269478,千円
30000000,3_鉱物性燃料,320,10月_金額,50138,138_クウェート,2023000000,2023年,123823277,千円
30000000,3_鉱物性燃料,320,10月_金額,50138,138_クウェート,2022000000,2022年,141008187,千円
30000000,3_鉱物性燃料,320,10月_金額,50138,138_クウェート,2021000000,2021年,76078906,千円
30000000,3_鉱物性燃料,320,10月_金額,50140,140_カタール,2025000000,2025年,99250963,千円
30000000,3_鉱物性燃料,320,10月_金額,50140,140_カタール,2024000000,2024年,71621805,千円
30000000,3_鉱物性燃料,320,10月_金額,50140,140_カタール,2023000000,2023年,106674912,千円
30000000,3_鉱物性燃料,320,10月_金額,50140,140_カタール,2022000000,2022年,124080260,千円
30000000,3_鉱物性燃料,320,10月_金額,50140,140_カタール,2021000000,2021年,98267835,千円
30000000,3_鉱物性燃料,320,10月_金額,50141,141_オマーン,2025000000,2025年,22141731,千円
30000000,3_鉱物性燃料,320,10月_金額,50141,141_オマーン,2024000000,2024年,20753475,千円
30000000,3_鉱物性燃料,320,10月_金額,50141,141_オマーン,2023000000,2023年,20293431,千円
30000000,3_鉱物性燃料,320,10月_金額,50141,141_オマーン,2022000000,2022年,34864047,千円
30000000,3_鉱物性燃料,320,10月_金額,50141,141_オマーン,2021000000,2021年,16792076,千円
30000000,3_鉱物性燃料,320,10月_金額,50143,143_イスラエル,2025000000,2025年,4434,千円
30000000,3_鉱物性燃料,320,10月_金額,50143,143_イスラエル,2024000000,2024年,0,千円
30000000,3_鉱物性燃料,320,10月_金額,50143,143_イスラエル,2023000000,2023年,5793,千円
30000000,3_鉱物性燃料,320,10月_金額,50143,143_イスラエル,2022000000,2022年,13473,千円
30000000,3_鉱物性燃料,320,10月_金額,50143,143_イスラエル,2021000000,2021年,0,千円
30000000,3_鉱物性燃料,320,10月_金額,50147,147_アラブ首長国連邦,2025000000,2025年,427647561,千円
30000000,3_鉱物性燃料,320,10月_金額,50147,147_アラブ首長国連邦,2024000000,2024年,451608559,千円
30000000,3_鉱物性燃料,320,10月_金額,50147,147_アラブ首長国連邦,2023000000,2023年,435274697,千円
30000000,3_鉱物性燃料,320,10月_金額,50147,147_アラブ首長国連邦,2022000000,2022年,589530799,千円
30000000,3_鉱物性燃料,320,10月_金額,50147,147_アラブ首長国連邦,2021000000,2021年,254513318,千円
30000000,3_鉱物性燃料,320,10月_金額,50153,153_カザフスタン,2025000000,2025年,493814,千円
30000000,3_鉱物性燃料,320,10月_金額,50153,153_カザフスタン,2024000000,2024年,0,千円
30000000,3_鉱物性燃料,320,10月_金額,50153,153_カザフスタン,2023000000,2023年,125055,千円
30000000,3_鉱物性燃料,320,10月_金額,50153,153_カザフスタン,2022000000,2022年,0,千円
30000000,3_鉱物性燃料,320,10月_金額,50153,153_カザフスタン,2021000000,2021年,0,千円
30000000,3_鉱物性燃料,320,10月_金額,50202,202_ノルウェー,2025000000,2025年,5406,千円
30000000,3_鉱物性燃料,320,10月_金額,50202,202_ノルウェー,2024000000,2024年,2898,千円
30000000,3_鉱物性燃料,320,10月_金額,50202,202_ノルウェー,2023000000,2023年,3653,千円
30000000,3_鉱物性燃料,320,10月_金額,50202,202_ノルウェー,2022000000,2022年,1839,千円
30000000,3_鉱物性燃料,320,10月_金額,50202,202_ノルウェー,2021000000,2021年,3226,千円
30000000,3_鉱物性燃料,320,10月_金額,50203,203_スウェーデン,2025000000,2025年,38096,千円
30000000,3_鉱物性燃料,320,10月_金額,50203,203_スウェーデン,2024000000,2024年,52347,千円
30000000,3_鉱物性燃料,320,10月_金額,50203,203_スウェーデン,2023000000,2023年,61768,千円
30000000,3_鉱物性燃料,320,10月_金額,50203,203_スウェーデン,2022000000,2022年,2719,千円
30000000,3_鉱物性燃料,320,10月_金額,50203,203_スウェーデン,2021000000,2021年,14616,千円
30000000,3_鉱物性燃料,320,10月_金額,50204,204_デンマーク,2025000000,2025年,12649,千円
30000000,3_鉱物性燃料,320,10月_金額,50204,204_デンマーク,2024000000,2024年,5029,千円
30000000,3_鉱物性燃料,320,10月_金額,50204,204_デンマーク,2023000000,2023年,8801,千円
30000000,3_鉱物性燃料,320,10月_金額,50204,204_デンマーク,2022000000,2022年,8005,千円
30000000,3_鉱物性燃料,320,10月_金額,50204,204_デンマーク,2021000000,2021年,3204,千円
30000000,3_鉱物性燃料,320,10月_金額,50205,205_英国,2025000000,2025年,147360,千円
30000000,3_鉱物性燃料,320,10月_金額,50205,205_英国,2024000000,2024年,124356,千円
30000000,3_鉱物性燃料,320,10月_金額,50205,205_英国,2023000000,2023年,210012,千円
30000000,3_鉱物性燃料,320,10月_金額,50205,205_英国,2022000000,2022年,85840,千円
30000000,3_鉱物性燃料,320,10月_金額,50205,205_英国,2021000000,2021年,31077,千円
30000000,3_鉱物性燃料,320,10月_金額,50206,206_アイルランド,2025000000,2025年,4688,千円
30000000,3_鉱物性燃料,320,10月_金額,50206,206_アイルランド,2024000000,2024年,7329,千円
30000000,3_鉱物性燃料,320,10月_金額,50206,206_アイルランド,2023000000,2023年,15825,千円
30000000,3_鉱物性燃料,320,10月_金額,50206,206_アイルランド,2022000000,2022年,6391,千円
30000000,3_鉱物性燃料,320,10月_金額,50206,206_アイルランド,2021000000,2021年,3770,千円
30000000,3_鉱物性燃料,320,10月_金額,50207,207_オランダ,2025000000,2025年,35367,千円
30000000,3_鉱物性燃料,320,10月_金額,50207,207_オランダ,2024000000,2024年,66832,千円
30000000,3_鉱物性燃料,320,10月_金額,50207,207_オランダ,2023000000,2023年,19675,千円
30000000,3_鉱物性燃料,320,10月_金額,50207,207_オランダ,2022000000,2022年,27863,千円
30000000,3_鉱物性燃料,320,10月_金額,50207,207_オランダ,2021000000,2021年,77967,千円
30000000,3_鉱物性燃料,320,10月_金額,50208,208_ベルギー,2025000000,2025年,81585,千円
30000000,3_鉱物性燃料,320,10月_金額,50208,208_ベルギー,2024000000,2024年,40356,千円
30000000,3_鉱物性燃料,320,10月_金額,50208,208_ベルギー,2023000000,2023年,38761,千円
30000000,3_鉱物性燃料,320,10月_金額,50208,208_ベルギー,2022000000,2022年,54325,千円
30000000,3_鉱物性燃料,320,10月_金額,50208,208_ベルギー,2021000000,2021年,72911,千円
30000000,3_鉱物性燃料,320,10月_金額,50209,209_ルクセンブルク,2025000000,2025年,0,千円
30000000,3_鉱物性燃料,320,10月_金額,50209,209_ルクセンブルク,2021000000,2021年,0,千円
30000000,3_鉱物性燃料,320,10月_金額,50210,210_フランス,2025000000,2025年,267521,千円
30000000,3_鉱物性燃料,320,10月_金額,50210,210_フランス,2024000000,2024年,361966,千円
30000000,3_鉱物性燃料,320,10月_金額,50210,210_フランス,2023000000,2023年,510453,千円
30000000,3_鉱物性燃料,320,10月_金額,50210,210_フランス,2022000000,2022年,569488,千円
30000000,3_鉱物性燃料,320,10月_金額,50210,210_フランス,2021000000,2021年,537952,千円
30000000,3_鉱物性燃料,320,10月_金額,50213,213_ドイツ,2025000000,2025年,480637,千円
30000000,3_鉱物性燃料,320,10月_金額,50213,213_ドイツ,2024000000,2024年,339430,千円
30000000,3_鉱物性燃料,320,10月_金額,50213,213_ドイツ,2023000000,2023年,297157,千円
30000000,3_鉱物性燃料,320,10月_金額,50213,213_ドイツ,2022000000,2022年,430075,千円
30000000,3_鉱物性燃料,320,10月_金額,50213,213_ドイツ,2021000000,2021年,204935,千円
30000000,3_鉱物性燃料,320,10月_金額,50215,215_スイス,2025000000,2025年,27429,千円
30000000,3_鉱物性燃料,320,10月_金額,50215,215_スイス,2024000000,2024年,26267,千円
30000000,3_鉱物性燃料,320,10月_金額,50215,215_スイス,2023000000,2023年,28837,千円
30000000,3_鉱物性燃料,320,10月_金額,50215,215_スイス,2022000000,2022年,28715,千円
30000000,3_鉱物性燃料,320,10月_金額,50215,215_スイス,2021000000,2021年,21537,千円
30000000,3_鉱物性燃料,320,10月_金額,50218,218_スペイン,2025000000,2025年,140133,千円
30000000,3_鉱物性燃料,320,10月_金額,50218,218_スペイン,2024000000,2024年,100588,千円
30000000,3_鉱物性燃料,320,10月_金額,50218,218_スペイン,2023000000,2023年,45000,千円
30000000,3_鉱物性燃料,320,10月_金額,50218,218_スペイン,2022000000,2022年,1901886,千円
30000000,3_鉱物性燃料,320,10月_金額,50218,218_スペイン,2021000000,2021年,2803991,千円
30000000,3_鉱物性燃料,320,10月_金額,50220,220_イタリア,2025000000,2025年,49844,千円
30000000,3_鉱物性燃料,320,10月_金額,50220,220_イタリア,2024000000,2024年,113090,千円
30000000,3_鉱物性燃料,320,10月_金額,50220,220_イタリア,2023000000,2023年,4472541,千円
30000000,3_鉱物性燃料,320,10月_金額,50220,220_イタリア,2022000000,2022年,5260307,千円
30000000,3_鉱物性燃料,320,10月_金額,50220,220_イタリア,2021000000,2021年,46451,千円
30000000,3_鉱物性燃料,320,10月_金額,50221,221_マルタ,2023000000,2023年,0,千円
30000000,3_鉱物性燃料,320,10月_金額,50221,221_マルタ,2021000000,2021年,498,千円
30000000,3_鉱物性燃料,320,10月_金額,50222,222_フィンランド,2025000000,2025年,6786,千円
30000000,3_鉱物性燃料,320,10月_金額,50222,222_フィンランド,2024000000,2024年,4737,千円
30000000,3_鉱物性燃料,320,10月_金額,50222,222_フィンランド,2023000000,2023年,4672,千円
30000000,3_鉱物性燃料,320,10月_金額,50222,222_フィンランド,2022000000,2022年,9402,千円
30000000,3_鉱物性燃料,320,10月_金額,50222,222_フィンランド,2021000000,2021年,4675,千円
30000000,3_鉱物性燃料,320,10月_金額,50223,223_ポーランド,2025000000,2025年,0,千円
30000000,3_鉱物性燃料,320,10月_金額,50223,223_ポーランド,2024000000,2024年,0,千円
30000000,3_鉱物性燃料,320,10月_金額,50223,223_ポーランド,2023000000,2023年,0,千円
30000000,3_鉱物性燃料,320,10月_金額,50223,223_ポーランド,2022000000,2022年,0,千円
30000000,3_鉱物性燃料,320,10月_金額,50223,223_ポーランド,2021000000,2021年,2169,千円
30000000,3_鉱物性燃料,320,10月_金額,50224,224_ロシア,2025000000,2025年,45693256,千円
30000000,3_鉱物性燃料,320,10月_金額,50224,224_ロシア,2024000000,2024年,52184791,千円
30000000,3_鉱物性燃料,320,10月_金額,50224,224_ロシア,2023000000,2023年,56528098,千円
30000000,3_鉱物性燃料,320,10月_金額,50224,224_ロシア,2022000000,2022年,93884184,千円
30000000,3_鉱物性燃料,320,10月_金額,50224,224_ロシア,2021000000,2021年,87907376,千円
30000000,3_鉱物性燃料,320,10月_金額,50225,225_オーストリア,2025000000,2025年,2780,千円
30000000,3_鉱物性燃料,320,10月_金額,50225,225_オーストリア,2024000000,2024年,2405,千円
30000000,3_鉱物性燃料,320,10月_金額,50225,225_オーストリア,2023000000,2023年,2161,千円
30000000,3_鉱物性燃料,320,10月_金額,50225,225_オーストリア,2022000000,2022年,799,千円
30000000,3_鉱物性燃料,320,10月_金額,50225,225_オーストリア,2021000000,2021年,440,千円
30000000,3_鉱物性燃料,320,10月_金額,50227,227_ハンガリー,2025000000,2025年,0,千円
30000000,3_鉱物性燃料,320,10月_金額,50227,227_ハンガリー,2023000000,2023年,0,千円
30000000,3_鉱物性燃料,320,10月_金額,50227,227_ハンガリー,2021000000,2021年,0,千円
30000000,3_鉱物性燃料,320,10月_金額,50228,228_セルビア,2022000000,2022年,0,千円
30000000,3_鉱物性燃料,320,10月_金額,50228,228_セルビア,2021000000,2021年,0,千円
30000000,3_鉱物性燃料,320,10月_金額,50230,230_ギリシャ,2025000000,2025年,383,千円
30000000,3_鉱物性燃料,320,10月_金額,50230,230_ギリシャ,2024000000,2024年,441,千円
30000000,3_鉱物性燃料,320,10月_金額,50230,230_ギリシャ,2023000000,2023年,0,千円
30000000,3_鉱物性燃料,320,10月_金額,50230,230_ギリシャ,2022000000,2022年,389,千円
30000000,3_鉱物性燃料,320,10月_金額,50230,230_ギリシャ,2021000000,2021年,300,千円
30000000,3_鉱物性燃料,320,10月_金額,50231,231_ルーマニア,2025000000,2025年,0,千円
30000000,3_鉱物性燃料,320,10月_金額,50231,231_ルーマニア,2021000000,2021年,0,千円
30000000,3_鉱物性燃料,320,10月_金額,50232,232_ブルガリア,2023000000,2023年,0,千円
30000000,3_鉱物性燃料,320,10月_金額,50232,232_ブルガリア,2022000000,2022年,0,千円
30000000,3_鉱物性燃料,320,10月_金額,50234,234_トルコ,2025000000,2025年,812,千円
30000000,3_鉱物性燃料,320,10月_金額,50234,234_トルコ,2024000000,2024年,0,千円
30000000,3_鉱物性燃料,320,10月_金額,50234,234_トルコ,2023000000,2023年,6643475,千円
30000000,3_鉱物性燃料,320,10月_金額,50234,234_トルコ,2022000000,2022年,3807,千円
30000000,3_鉱物性燃料,320,10月_金額,50234,234_トルコ,2021000000,2021年,0,千円
30000000,3_鉱物性燃料,320,10月_金額,50235,235_エストニア,2025000000,2025年,22301,千円
30000000,3_鉱物性燃料,320,10月_金額,50235,235_エストニア,2024000000,2024年,7918,千円
30000000,3_鉱物性燃料,320,10月_金額,50235,235_エストニア,2023000000,2023年,5603,千円
30000000,3_鉱物性燃料,320,10月_金額,50235,235_エストニア,2022000000,2022年,33457,千円
30000000,3_鉱物性燃料,320,10月_金額,50235,235_エストニア,2021000000,2021年,2667,千円
30000000,3_鉱物性燃料,320,10月_金額,50236,236_ラトビア,2025000000,2025年,136848,千円
30000000,3_鉱物性燃料,320,10月_金額,50236,236_ラトビア,2024000000,2024年,131666,千円
30000000,3_鉱物性燃料,320,10月_金額,50236,236_ラトビア,2023000000,2023年,102869,千円
30000000,3_鉱物性燃料,320,10月_金額,50236,236_ラトビア,2022000000,2022年,226435,千円
30000000,3_鉱物性燃料,320,10月_金額,50236,236_ラトビア,2021000000,2021年,138211,千円
30000000,3_鉱物性燃料,320,10月_金額,50237,237_リトアニア,2025000000,2025年,21624,千円
30000000,3_鉱物性燃料,320,10月_金額,50237,237_リトアニア,2024000000,2024年,20460,千円
30000000,3_鉱物性燃料,320,10月_金額,50237,237_リトアニア,2023000000,2023年,22467,千円
30000000,3_鉱物性燃料,320,10月_金額,50237,237_リトアニア,2022000000,2022年,57639,千円
30000000,3_鉱物性燃料,320,10月_金額,50237,237_リトアニア,2021000000,2021年,17938,千円
30000000,3_鉱物性燃料,320,10月_金額,50238,238_ウクライナ,2025000000,2025年,0,千円
30000000,3_鉱物性燃料,320,10月_金額,50238,238_ウクライナ,2024000000,2024年,0,千円
30000000,3_鉱物性燃料,320,10月_金額,50238,238_ウクライナ,2023000000,2023年,0,千円
30000000,3_鉱物性燃料,320,10月_金額,50238,238_ウクライナ,2022000000,2022年,237,千円
30000000,3_鉱物性燃料,320,10月_金額,50238,238_ウクライナ,2021000000,2021年,0,千円
30000000,3_鉱物性燃料,320,10月_金額,50241,241_クロアチア,2025000000,2025年,0,千円
30000000,3_鉱物性燃料,320,10月_金額,50241,241_クロアチア,2021000000,2021年,0,千円
30000000,3_鉱物性燃料,320,10月_金額,50245,245_チェコ,2025000000,2025年,0,千円
30000000,3_鉱物性燃料,320,10月_金額,50245,245_チェコ,2024000000,2024年,0,千円
30000000,3_鉱物性燃料,320,10月_金額,50245,245_チェコ,2023000000,2023年,0,千円
30000000,3_鉱物性燃料,320,10月_金額,50245,245_チェコ,2021000000,2021年,0,千円
30000000,3_鉱物性燃料,320,10月_金額,50246,246_スロバキア,2023000000,2023年,0,千円
30000000,3_鉱物性燃料,320,10月_金額,50302,302_カナダ,2025000000,2025年,22051653,千円
30000000,3_鉱物性燃料,320,10月_金額,50302,302_カナダ,2024000000,2024年,43190702,千円
30000000,3_鉱物性燃料,320,10月_金額,50302,302_カナダ,2023000000,2023年,56586994,千円
30000000,3_鉱物性燃料,320,10月_金額,50302,302_カナダ,2022000000,2022年,41557604,千円
30000000,3_鉱物性燃料,320,10月_金額,50302,302_カナダ,2021000000,2021年,27618779,千円
30000000,3_鉱物性燃料,320,10月_金額,50304,304_アメリカ合衆国,2025000000,2025年,140620400,千円
30000000,3_鉱物性燃料,320,10月_金額,50304,304_アメリカ合衆国,2024000000,2024年,137920966,千円
30000000,3_鉱物性燃料,320,10月_金額,50304,304_アメリカ合衆国,2023000000,2023年,133165804,千円
30000000,3_鉱物性燃料,320,10月_金額,50304,304_アメリカ合衆国,2022000000,2022年,163185882,千円
30000000,3_鉱物性燃料,320,10月_金額,50304,304_アメリカ合衆国,2021000000,2021年,100538210,千円
30000000,3_鉱物性燃料,320,10月_金額,50305,305_メキシコ,2025000000,2025年,0,千円
30000000,3_鉱物性燃料,320,10月_金額,50305,305_メキシコ,2024000000,2024年,434,千円
30000000,3_鉱物性燃料,320,10月_金額,50305,305_メキシコ,2023000000,2023年,0,千円
30000000,3_鉱物性燃料,320,10月_金額,50305,305_メキシコ,2022000000,2022年,0,千円
30000000,3_鉱物性燃料,320,10月_金額,50305,305_メキシコ,2021000000,2021年,5945041,千円
30000000,3_鉱物性燃料,320,10月_金額,50309,309_エルサルバドル,2025000000,2025年,0,千円
30000000,3_鉱物性燃料,320,10月_金額,50309,309_エルサルバドル,2024000000,2024年,0,千円
30000000,3_鉱物性燃料,320,10月_金額,50309,309_エルサルバドル,2022000000,2022年,0,千円
30000000,3_鉱物性燃料,320,10月_金額,50311,311_コスタリカ,2025000000,2025年,0,千円
30000000,3_鉱物性燃料,320,10月_金額,50311,311_コスタリカ,2024000000,2024年,516,千円
30000000,3_鉱物性燃料,320,10月_金額,50311,311_コスタリカ,2023000000,2023年,813,千円
30000000,3_鉱物性燃料,320,10月_金額,50311,311_コスタリカ,2022000000,2022年,651,千円
30000000,3_鉱物性燃料,320,10月_金額,50311,311_コスタリカ,2021000000,2021年,0,千円
30000000,3_鉱物性燃料,320,10月_金額,50312,312_パナマ,2024000000,2024年,0,千円
30000000,3_鉱物性燃料,320,10月_金額,50312,312_パナマ,2023000000,2023年,0,千円
30000000,3_鉱物性燃料,320,10月_金額,50312,312_パナマ,2022000000,2022年,670,千円
30000000,3_鉱物性燃料,320,10月_金額,50320,320_トリニダード・トバゴ,2024000000,2024年,4486319,千円
30000000,3_鉱物性燃料,320,10月_金額,50320,320_トリニダード・トバゴ,2023000000,2023年,0,千円
30000000,3_鉱物性燃料,320,10月_金額,50320,320_トリニダード・トバゴ,2022000000,2022年,0,千円
30000000,3_鉱物性燃料,320,10月_金額,50321,321_キューバ,2023000000,2023年,0,千円
30000000,3_鉱物性燃料,320,10月_金額,50328,328_ケイマン諸島(英),2023000000,2023年,0,千円
30000000,3_鉱物性燃料,320,10月_金額,50401,401_コロンビア,2025000000,2025年,4735806,千円
30000000,3_鉱物性燃料,320,10月_金額,50401,401_コロンビア,2024000000,2024年,4908405,千円
30000000,3_鉱物性燃料,320,10月_金額,50401,401_コロンビア,2023000000,2023年,5304782,千円
30000000,3_鉱物性燃料,320,10月_金額,50401,401_コロンビア,2022000000,2022年,8400310,千円
30000000,3_鉱物性燃料,320,10月_金額,50401,401_コロンビア,2021000000,2021年,0,千円
30000000,3_鉱物性燃料,320,10月_金額,50406,406_エクアドル,2025000000,2025年,12878559,千円
30000000,3_鉱物性燃料,320,10月_金額,50406,406_エクアドル,2024000000,2024年,6445378,千円
30000000,3_鉱物性燃料,320,10月_金額,50406,406_エクアドル,2023000000,2023年,28274749,千円
30000000,3_鉱物性燃料,320,10月_金額,50406,406_エクアドル,2022000000,2022年,21964049,千円
30000000,3_鉱物性燃料,320,10月_金額,50406,406_エクアドル,2021000000,2021年,8429827,千円
30000000,3_鉱物性燃料,320,10月_金額,50407,407_ペルー,2025000000,2025年,32531850,千円
30000000,3_鉱物性燃料,320,10月_金額,50407,407_ペルー,2024000000,2024年,12411118,千円
30000000,3_鉱物性燃料,320,10月_金額,50407,407_ペルー,2023000000,2023年,4142103,千円
30000000,3_鉱物性燃料,320,10月_金額,50407,407_ペルー,2022000000,2022年,6207353,千円
30000000,3_鉱物性燃料,320,10月_金額,50407,407_ペルー,2021000000,2021年,3159134,千円
30000000,3_鉱物性燃料,320,10月_金額,50409,409_チリ,2023000000,2023年,0,千円
30000000,3_鉱物性燃料,320,10月_金額,50409,409_チリ,2022000000,2022年,0,千円
30000000,3_鉱物性燃料,320,10月_金額,50410,410_ブラジル,2025000000,2025年,0,千円
30000000,3_鉱物性燃料,320,10月_金額,50410,410_ブラジル,2024000000,2024年,720,千円
30000000,3_鉱物性燃料,320,10月_金額,50410,410_ブラジル,2023000000,2023年,14951,千円
30000000,3_鉱物性燃料,320,10月_金額,50410,410_ブラジル,2022000000,2022年,109792,千円
30000000,3_鉱物性燃料,320,10月_金額,50410,410_ブラジル,2021000000,2021年,0,千円
30000000,3_鉱物性燃料,320,10月_金額,50411,411_パラグアイ,2023000000,2023年,0,千円
30000000,3_鉱物性燃料,320,10月_金額,50412,412_ウルグアイ,2022000000,2022年,0,千円
30000000,3_鉱物性燃料,320,10月_金額,50413,413_アルゼンチン,2023000000,2023年,0,千円
30000000,3_鉱物性燃料,320,10月_金額,50503,503_アルジェリア,2025000000,2025年,0,千円
30000000,3_鉱物性燃料,320,10月_金額,50503,503_アルジェリア,2024000000,2024年,0,千円
30000000,3_鉱物性燃料,320,10月_金額,50503,503_アルジェリア,2023000000,2023年,0,千円
30000000,3_鉱物性燃料,320,10月_金額,50503,503_アルジェリア,2022000000,2022年,8430476,千円
30000000,3_鉱物性燃料,320,10月_金額,50503,503_アルジェリア,2021000000,2021年,1295270,千円
30000000,3_鉱物性燃料,320,10月_金額,50505,505_リビア,2021000000,2021年,0,千円
30000000,3_鉱物性燃料,320,10月_金額,50506,506_エジプト,2025000000,2025年,1233,千円
30000000,3_鉱物性燃料,320,10月_金額,50506,506_エジプト,2024000000,2024年,15606,千円
30000000,3_鉱物性燃料,320,10月_金額,50506,506_エジプト,2023000000,2023年,370,千円
30000000,3_鉱物性燃料,320,10月_金額,50506,506_エジプト,2022000000,2022年,20440,千円
30000000,3_鉱物性燃料,320,10月_金額,50506,506_エジプト,2021000000,2021年,8291,千円
30000000,3_鉱物性燃料,320,10月_金額,50524,524_ナイジェリア,2025000000,2025年,0,千円
30000000,3_鉱物性燃料,320,10月_金額,50524,524_ナイジェリア,2024000000,2024年,3295992,千円
30000000,3_鉱物性燃料,320,10月_金額,50524,524_ナイジェリア,2023000000,2023年,11122350,千円
30000000,3_鉱物性燃料,320,10月_金額,50524,524_ナイジェリア,2022000000,2022年,5234681,千円
30000000,3_鉱物性燃料,320,10月_金額,50524,524_ナイジェリア,2021000000,2021年,0,千円
30000000,3_鉱物性燃料,320,10月_金額,50525,525_ニジェール,2025000000,2025年,0,千円
30000000,3_鉱物性燃料,320,10月_金額,50527,527_カメルーン,2024000000,2024年,0,千円
30000000,3_鉱物性燃料,320,10月_金額,50530,530_赤道ギニア,2025000000,2025年,0,千円
30000000,3_鉱物性燃料,320,10月_金額,50530,530_赤道ギニア,2024000000,2024年,5969120,千円
30000000,3_鉱物性燃料,320,10月_金額,50530,530_赤道ギニア,2023000000,2023年,0,千円
30000000,3_鉱物性燃料,320,10月_金額,50530,530_赤道ギニア,2022000000,2022年,0,千円
30000000,3_鉱物性燃料,320,10月_金額,50530,530_赤道ギニア,2021000000,2021年,3076398,千円
30000000,3_鉱物性燃料,320,10月_金額,50535,535_アンゴラ,2022000000,2022年,0,千円
30000000,3_鉱物性燃料,320,10月_金額,50545,545_モザンビーク,2025000000,2025年,428755,千円
30000000,3_鉱物性燃料,320,10月_金額,50545,545_モザンビーク,2024000000,2024年,0,千円
30000000,3_鉱物性燃料,320,10月_金額,50545,545_モザンビーク,2023000000,2023年,0,千円
30000000,3_鉱物性燃料,320,10月_金額,50545,545_モザンビーク,2022000000,2022年,0,千円
30000000,3_鉱物性燃料,320,10月_金額,50545,545_モザンビーク,2021000000,2021年,847178,千円
30000000,3_鉱物性燃料,320,10月_金額,50547,547_モーリシャス,2024000000,2024年,0,千円
30000000,3_鉱物性燃料,320,10月_金額,50547,547_モーリシャス,2022000000,2022年,0,千円
30000000,3_鉱物性燃料,320,10月_金額,50547,547_モーリシャス,2021000000,2021年,0,千円
30000000,3_鉱物性燃料,320,10月_金額,50551,551_南アフリカ共和国,2025000000,2025年,4787131,千円
30000000,3_鉱物性燃料,320,10月_金額,50551,551_南アフリカ共和国,2024000000,2024年,4225191,千円
30000000,3_鉱物性燃料,320,10月_金額,50551,551_南アフリカ共和国,2023000000,2023年,5680667,千円
30000000,3_鉱物性燃料,320,10月_金額,50551,551_南アフリカ共和国,2022000000,2022年,62633,千円
30000000,3_鉱物性燃料,320,10月_金額,50551,551_南アフリカ共和国,2021000000,2021年,1234910,千円
30000000,3_鉱物性燃料,320,10月_金額,50560,560_南スーダン,2025000000,2025年,0,千円
30000000,3_鉱物性燃料,320,10月_金額,50560,560_南スーダン,2024000000,2024年,0,千円
30000000,3_鉱物性燃料,320,10月_金額,50560,560_南スーダン,2023000000,2023年,0,千円
30000000,3_鉱物性燃料,320,10月_金額,50560,560_南スーダン,2022000000,2022年,0,千円
30000000,3_鉱物性燃料,320,10月_金額,50560,560_南スーダン,2021000000,2021年,1621125,千円
30000000,3_鉱物性燃料,320,10月_金額,50601,601_オーストラリア,2025000000,2025年,375906980,千円
30000000,3_鉱物性燃料,320,10月_金額,50601,601_オーストラリア,2024000000,2024年,434226160,千円
30000000,3_鉱物性燃料,320,10月_金額,50601,601_オーストラリア,2023000000,2023年,524119223,千円
30000000,3_鉱物性燃料,320,10月_金額,50601,601_オーストラリア,2022000000,2022年,949879584,千円
30000000,3_鉱物性燃料,320,10月_金額,50601,601_オーストラリア,2021000000,2021年,351768410,千円
30000000,3_鉱物性燃料,320,10月_金額,50602,602_パプアニューギニア,2025000000,2025年,30185831,千円
30000000,3_鉱物性燃料,320,10月_金額,50602,602_パプアニューギニア,2024000000,2024年,29684496,千円
30000000,3_鉱物性燃料,320,10月_金額,50602,602_パプアニューギニア,2023000000,2023年,13233899,千円
30000000,3_鉱物性燃料,320,10月_金額,50602,602_パプアニューギニア,2022000000,2022年,64676617,千円
30000000,3_鉱物性燃料,320,10月_金額,50602,602_パプアニューギニア,2021000000,2021年,22979630,千円
30000000,3_鉱物性燃料,320,10月_金額,50606,606_ニュージーランド,2025000000,2025年,0,千円
30000000,3_鉱物性燃料,320,10月_金額,50606,606_ニュージーランド,2024000000,2024年,2138006,千円
30000000,3_鉱物性燃料,320,10月_金額,50606,606_ニュージーランド,2023000000,2023年,1703276,千円
30000000,3_鉱物性燃料,320,10月_金額,50606,606_ニュージーランド,2022000000,2022年,0,千円
30000000,3_鉱物性燃料,320,10月_金額,50606,606_ニュージーランド,2021000000,2021年,0,千円
30000000,3_鉱物性燃料,320,10月_金額,50618,618_ニューカレドニア(仏),2024000000,2024年,0,千円
30000000,3_鉱物性燃料,320,10月_金額,50618,618_ニューカレドニア(仏),2023000000,2023年,0,千円
30000000,3_鉱物性燃料,320,10月_金額,50625,625_マーシャル,2024000000,2024年,9367,千円
30000000,3_鉱物性燃料,320,10月_金額,50625,625_マーシャル,2022000000,2022年,0,千円
30000000,3_鉱物性燃料,320,10月_金額,50625,625_マーシャル,2021000000,2021年,0,千円
30000000,3_鉱物性燃料,320,10月_金額,50626,626_ミクロネシア,2021000000,2021年,0,千円
30000000,3_鉱物性燃料,320,10月_金額,50628,628_パラオ,2025000000,2025年,0,千円
30000000,3_鉱物性燃料,320,10月_金額,50702,702_不明,2025000000,2025年,67661,千円
30000000,3_鉱物性燃料,320,10月_金額,50702,702_不明,2024000000,2024年,41076,千円
30000000,3_鉱物性燃料,320,10月_金額,50702,702_不明,2023000000,2023年,31902,千円
30000000,3_鉱物性燃料,320,10月_金額,50702,702_不明,2022000000,2022年,6926,千円
30000000,3_鉱物性燃料,320,10月_金額,50702,702_不明,2021000000,2021年,0,千円
30000000,3_鉱物性燃料,330,11月_数量,50103,103_大韓民国,2025000000,2025年,0,
30000000,3_鉱物性燃料,330,11月_数量,50103,103_大韓民国,2024000000,2024年,0,
30000000,3_鉱物性燃料,330,11月_数量,50103,103_大韓民国,2023000000,2023年,0,
30000000,3_鉱物性燃料,330,11月_数量,50103,103_大韓民国,2022000000,2022年,0,
30000000,3_鉱物性燃料,330,11月_数量,50103,103_大韓民国,2021000000,2021年,0,
30000000,3_鉱物性燃料,330,11月_数量,50105,105_中華人民共和国,2025000000,2025年,0,
30000000,3_鉱物性燃料,330,11月_数量,50105,105_中華人民共和国,2024000000,2024年,0,
30000000,3_鉱物性燃料,330,11月_数量,50105,105_中華人民共和国,2023000000,2023年,0,
30000000,3_鉱物性燃料,330,11月_数量,50105,105_中華人民共和国,2022000000,2022年,0,
30000000,3_鉱物性燃料,330,11月_数量,50105,105_中華人民共和国,2021000000,2021年,0,
30000000,3_鉱物性燃料,330,11月_数量,50106,106_台湾,2025000000,2025年,0,
30000000,3_鉱物性燃料,330,11月_数量,50106,106_台湾,2024000000,2024年,0,
30000000,3_鉱物性燃料,330,11月_数量,50106,106_台湾,2023000000,2023年,0,
30000000,3_鉱物性燃料,330,11月_数量,50106,106_台湾,2022000000,2022年,0,
30000000,3_鉱物性燃料,330,11月_数量,50106,106_台湾,2021000000,2021年,0,
30000000,3_鉱物性燃料,330,11月_数量,50108,108_香港,2025000000,2025年,0,
30000000,3_鉱物性燃料,330,11月_数量,50108,108_香港,2024000000,2024年,0,
30000000,3_鉱物性燃料,330,11月_数量,50108,108_香港,2023000000,2023年,0,
30000000,3_鉱物性燃料,330,11月_数量,50108,108_香港,2022000000,2022年,0,
30000000,3_鉱物性燃料,330,11月_数量,50108,108_香港,2021000000,2021年,0,
30000000,3_鉱物性燃料,330,11月_数量,50110,110_ベトナム,2025000000,2025年,0,
30000000,3_鉱物性燃料,330,11月_数量,50110,110_ベトナム,2024000000,2024年,0,
30000000,3_鉱物性燃料,330,11月_数量,50110,110_ベトナム,2023000000,2023年,0,
30000000,3_鉱物性燃料,330,11月_数量,50110,110_ベトナム,2022000000,2022年,0,
30000000,3_鉱物性燃料,330,11月_数量,50110,110_ベトナム,2021000000,2021年,0,
30000000,3_鉱物性燃料,330,11月_数量,50111,111_タイ,2025000000,2025年,0,
30000000,3_鉱物性燃料,330,11月_数量,50111,111_タイ,2024000000,2024年,0,
30000000,3_鉱物性燃料,330,11月_数量,50111,111_タイ,2023000000,2023年,0,
30000000,3_鉱物性燃料,330,11月_数量,50111,111_タイ,2022000000,2022年,0,
30000000,3_鉱物性燃料,330,11月_数量,50111,111_タイ,2021000000,2021年,0,
30000000,3_鉱物性燃料,330,11月_数量,50112,112_シンガポール,2025000000,2025年,0,
30000000,3_鉱物性燃料,330,11月_数量,50112,112_シンガポール,2024000000,2024年,0,
30000000,3_鉱物性燃料,330,11月_数量,50112,112_シンガポール,2023000000,2023年,0,
30000000,3_鉱物性燃料,330,11月_数量,50112,112_シンガポール,2022000000,2022年,0,
30000000,3_鉱物性燃料,330,11月_数量,50112,112_シンガポール,2021000000,2021年,0,
30000000,3_鉱物性燃料,330,11月_数量,50113,113_マレーシア,2025000000,2025年,0,
30000000,3_鉱物性燃料,330,11月_数量,50113,113_マレーシア,2024000000,2024年,0,
30000000,3_鉱物性燃料,330,11月_数量,50113,113_マレーシア,2023000000,2023年,0,
30000000,3_鉱物性燃料,330,11月_数量,50113,113_マレーシア,2022000000,2022年,0,
30000000,3_鉱物性燃料,330,11月_数量,50113,113_マレーシア,2021000000,2021年,0,
30000000,3_鉱物性燃料,330,11月_数量,50116,116_ブルネイ,2025000000,2025年,0,
30000000,3_鉱物性燃料,330,11月_数量,50116,116_ブルネイ,2024000000,2024年,0,
30000000,3_鉱物性燃料,330,11月_数量,50116,116_ブルネイ,2023000000,2023年,0,
30000000,3_鉱物性燃料,330,11月_数量,50116,116_ブルネイ,2022000000,2022年,0,
30000000,3_鉱物性燃料,330,11月_数量,50116,116_ブルネイ,2021000000,2021年,0,
30000000,3_鉱物性燃料,330,11月_数量,50117,117_フィリピン,2025000000,2025年,0,
30000000,3_鉱物性燃料,330,11月_数量,50117,117_フィリピン,2024000000,2024年,0,
30000000,3_鉱物性燃料,330,11月_数量,50117,117_フィリピン,2023000000,2023年,0,
30000000,3_鉱物性燃料,330,11月_数量,50117,117_フィリピン,2022000000,2022年,0,
30000000,3_鉱物性燃料,330,11月_数量,50117,117_フィリピン,2021000000,2021年,0,
30000000,3_鉱物性燃料,330,11月_数量,50118,118_インドネシア,2025000000,2025年,0,
30000000,3_鉱物性燃料,330,11月_数量,50118,118_インドネシア,2024000000,2024年,0,
30000000,3_鉱物性燃料,330,11月_数量,50118,118_インドネシア,2023000000,2023年,0,
30000000,3_鉱物性燃料,330,11月_数量,50118,118_インドネシア,2022000000,2022年,0,
30000000,3_鉱物性燃料,330,11月_数量,50118,118_インドネシア,2021000000,2021年,0,
30000000,3_鉱物性燃料,330,11月_数量,50123,123_インド,2025000000,2025年,0,
30000000,3_鉱物性燃料,330,11月_数量,50123,123_インド,2024000000,2024年,0,
30000000,3_鉱物性燃料,330,11月_数量,50123,123_インド,2023000000,2023年,0,
30000000,3_鉱物性燃料,330,11月_数量,50123,123_インド,2022000000,2022年,0,
30000000,3_鉱物性燃料,330,11月_数量,50123,123_インド,2021000000,2021年,0,
30000000,3_鉱物性燃料,330,11月_数量,50124,124_パキスタン,2025000000,2025年,0,
30000000,3_鉱物性燃料,330,11月_数量,50124,124_パキスタン,2023000000,2023年,0,
30000000,3_鉱物性燃料,330,11月_数量,50124,124_パキスタン,2022000000,2022年,0,
30000000,3_鉱物性燃料,330,11月_数量,50124,124_パキスタン,2021000000,2021年,0,
30000000,3_鉱物性燃料,330,11月_数量,50125,125_スリランカ,2025000000,2025年,0,
30000000,3_鉱物性燃料,330,11月_数量,50125,125_スリランカ,2024000000,2024年,0,
30000000,3_鉱物性燃料,330,11月_数量,50125,125_スリランカ,2023000000,2023年,0,
30000000,3_鉱物性燃料,330,11月_数量,50125,125_スリランカ,2022000000,2022年,0,
30000000,3_鉱物性燃料,330,11月_数量,50125,125_スリランカ,2021000000,2021年,0,
30000000,3_鉱物性燃料,330,11月_数量,50126,126_モルディブ,2022000000,2022年,0,
30000000,3_鉱物性燃料,330,11月_数量,50127,127_バングラデシュ,2024000000,2024年,0,
30000000,3_鉱物性燃料,330,11月_数量,50128,128_東ティモール,2025000000,2025年,0,
30000000,3_鉱物性燃料,330,11月_数量,50128,128_東ティモール,2023000000,2023年,0,
30000000,3_鉱物性燃料,330,11月_数量,50128,128_東ティモール,2022000000,2022年,0,
30000000,3_鉱物性燃料,330,11月_数量,50128,128_東ティモール,2021000000,2021年,0,
30000000,3_鉱物性燃料,330,11月_数量,50134,134_イラク,2025000000,2025年,0,
30000000,3_鉱物性燃料,330,11月_数量,50134,134_イラク,2024000000,2024年,0,
30000000,3_鉱物性燃料,330,11月_数量,50134,134_イラク,2023000000,2023年,0,
30000000,3_鉱物性燃料,330,11月_数量,50134,134_イラク,2021000000,2021年,0,
30000000,3_鉱物性燃料,330,11月_数量,50135,135_バーレーン,2025000000,2025年,0,
30000000,3_鉱物性燃料,330,11月_数量,50135,135_バーレーン,2024000000,2024年,0,
30000000,3_鉱物性燃料,330,11月_数量,50135,135_バーレーン,2023000000,2023年,0,
30000000,3_鉱物性燃料,330,11月_数量,50135,135_バーレーン,2022000000,2022年,0,
30000000,3_鉱物性燃料,330,11月_数量,50135,135_バーレーン,2021000000,2021年,0,
30000000,3_鉱物性燃料,330,11月_数量,50137,137_サウジアラビア,2025000000,2025年,0,
30000000,3_鉱物性燃料,330,11月_数量,50137,137_サウジアラビア,2024000000,2024年,0,
30000000,3_鉱物性燃料,330,11月_数量,50137,137_サウジアラビア,2023000000,2023年,0,
30000000,3_鉱物性燃料,330,11月_数量,50137,137_サウジアラビア,2022000000,2022年,0,
30000000,3_鉱物性燃料,330,11月_数量,50137,137_サウジアラビア,2021000000,2021年,0,
30000000,3_鉱物性燃料,330,11月_数量,50138,138_クウェート,2025000000,2025年,0,
30000000,3_鉱物性燃料,330,11月_数量,50138,138_クウェート,2024000000,2024年,0,
30000000,3_鉱物性燃料,330,11月_数量,50138,138_クウェート,2023000000,2023年,0,
30000000,3_鉱物性燃料,330,11月_数量,50138,138_クウェート,2022000000,2022年,0,
30000000,3_鉱物性燃料,330,11月_数量,50138,138_クウェート,2021000000,2021年,0,
30000000,3_鉱物性燃料,330,11月_数量,50140,140_カタール,2025000000,2025年,0,
30000000,3_鉱物性燃料,330,11月_数量,50140,140_カタール,2024000000,2024年,0,
30000000,3_鉱物性燃料,330,11月_数量,50140,140_カタール,2023000000,2023年,0,
30000000,3_鉱物性燃料,330,11月_数量,50140,140_カタール,2022000000,2022年,0,
30000000,3_鉱物性燃料,330,11月_数量,50140,140_カタール,2021000000,2021年,0,
30000000,3_鉱物性燃料,330,11月_数量,50141,141_オマーン,2025000000,2025年,0,
30000000,3_鉱物性燃料,330,11月_数量,50141,141_オマーン,2024000000,2024年,0,
30000000,3_鉱物性燃料,330,11月_数量,50141,141_オマーン,2023000000,2023年,0,
30000000,3_鉱物性燃料,330,11月_数量,50141,141_オマーン,2022000000,2022年,0,
30000000,3_鉱物性燃料,330,11月_数量,50141,141_オマーン,2021000000,2021年,0,
30000000,3_鉱物性燃料,330,11月_数量,50143,143_イスラエル,2025000000,2025年,0,
30000000,3_鉱物性燃料,330,11月_数量,50143,143_イスラエル,2024000000,2024年,0,
30000000,3_鉱物性燃料,330,11月_数量,50143,143_イスラエル,2023000000,2023年,0,
30000000,3_鉱物性燃料,330,11月_数量,50143,143_イスラエル,2022000000,2022年,0,
30000000,3_鉱物性燃料,330,11月_数量,50143,143_イスラエル,2021000000,2021年,0,
30000000,3_鉱物性燃料,330,11月_数量,50147,147_アラブ首長国連邦,2025000000,2025年,0,
30000000,3_鉱物性燃料,330,11月_数量,50147,147_アラブ首長国連邦,2024000000,2024年,0,
30000000,3_鉱物性燃料,330,11月_数量,50147,147_アラブ首長国連邦,2023000000,2023年,0,
30000000,3_鉱物性燃料,330,11月_数量,50147,147_アラブ首長国連邦,2022000000,2022年,0,
30000000,3_鉱物性燃料,330,11月_数量,50147,147_アラブ首長国連邦,2021000000,2021年,0,
30000000,3_鉱物性燃料,330,11月_数量,50153,153_カザフスタン,2025000000,2025年,0,
30000000,3_鉱物性燃料,330,11月_数量,50153,153_カザフスタン,2024000000,2024年,0,
30000000,3_鉱物性燃料,330,11月_数量,50153,153_カザフスタン,2023000000,2023年,0,
30000000,3_鉱物性燃料,330,11月_数量,50153,153_カザフスタン,2022000000,2022年,0,
30000000,3_鉱物性燃料,330,11月_数量,50153,153_カザフスタン,2021000000,2021年,0,
30000000,3_鉱物性燃料,330,11月_数量,50202,202_ノルウェー,2025000000,2025年,0,
30000000,3_鉱物性燃料,330,11月_数量,50202,202_ノルウェー,2024000000,2024年,0,
30000000,3_鉱物性燃料,330,11月_数量,50202,202_ノルウェー,2023000000,2023年,0,
30000000,3_鉱物性燃料,330,11月_数量,50202,202_ノルウェー,2022000000,2022年,0,
30000000,3_鉱物性燃料,330,11月_数量,50202,202_ノルウェー,2021000000,2021年,0,
30000000,3_鉱物性燃料,330,11月_数量,50203,203_スウェーデン,2025000000,2025年,0,
30000000,3_鉱物性燃料,330,11月_数量,50203,203_スウェーデン,2024000000,2024年,0,
30000000,3_鉱物性燃料,330,11月_数量,50203,203_スウェーデン,2023000000,2023年,0,
30000000,3_鉱物性燃料,330,11月_数量,50203,203_スウェーデン,2022000000,2022年,0,
30000000,3_鉱物性燃料,330,11月_数量,50203,203_スウェーデン,2021000000,2021年,0,
30000000,3_鉱物性燃料,330,11月_数量,50204,204_デンマーク,2025000000,2025年,0,
30000000,3_鉱物性燃料,330,11月_数量,50204,204_デンマーク,2024000000,2024年,0,
30000000,3_鉱物性燃料,330,11月_数量,50204,204_デンマーク,2023000000,2023年,0,
30000000,3_鉱物性燃料,330,11月_数量,50204,204_デンマーク,2022000000,2022年,0,
30000000,3_鉱物性燃料,330,11月_数量,50204,204_デンマーク,2021000000,2021年,0,
30000000,3_鉱物性燃料,330,11月_数量,50205,205_英国,2025000000,2025年,0,
30000000,3_鉱物性燃料,330,11月_数量,50205,205_英国,2024000000,2024年,0,
30000000,3_鉱物性燃料,330,11月_数量,50205,205_英国,2023000000,2023年,0,
30000000,3_鉱物性燃料,330,11月_数量,50205,205_英国,2022000000,2022年,0,
30000000,3_鉱物性燃料,330,11月_数量,50205,205_英国,2021000000,2021年,0,
30000000,3_鉱物性燃料,330,11月_数量,50206,206_アイルランド,2025000000,2025年,0,
30000000,3_鉱物性燃料,330,11月_数量,50206,206_アイルランド,2024000000,2024年,0,
30000000,3_鉱物性燃料,330,11月_数量,50206,206_アイルランド,2023000000,2023年,0,
30000000,3_鉱物性燃料,330,11月_数量,50206,206_アイルランド,2022000000,2022年,0,
30000000,3_鉱物性燃料,330,11月_数量,50206,206_アイルランド,2021000000,2021年,0,
30000000,3_鉱物性燃料,330,11月_数量,50207,207_オランダ,2025000000,2025年,0,
30000000,3_鉱物性燃料,330,11月_数量,50207,207_オランダ,2024000000,2024年,0,
30000000,3_鉱物性燃料,330,11月_数量,50207,207_オランダ,2023000000,2023年,0,
30000000,3_鉱物性燃料,330,11月_数量,50207,207_オランダ,2022000000,2022年,0,
30000000,3_鉱物性燃料,330,11月_数量,50207,207_オランダ,2021000000,2021年,0,
30000000,3_鉱物性燃料,330,11月_数量,50208,208_ベルギー,2025000000,2025年,0,
30000000,3_鉱物性燃料,330,11月_数量,50208,208_ベルギー,2024000000,2024年,0,
30000000,3_鉱物性燃料,330,11月_数量,50208,208_ベルギー,2023000000,2023年,0,
30000000,3_鉱物性燃料,330,11月_数量,50208,208_ベルギー,2022000000,2022年,0,
30000000,3_鉱物性燃料,330,11月_数量,50208,208_ベルギー,2021000000,2021年,0,
30000000,3_鉱物性燃料,330,11月_数量,50209,209_ルクセンブルク,2025000000,2025年,0,
30000000,3_鉱物性燃料,330,11月_数量,50209,209_ルクセンブルク,2021000000,2021年,0,
30000000,3_鉱物性燃料,330,11月_数量,50210,210_フランス,2025000000,2025年,0,
30000000,3_鉱物性燃料,330,11月_数量,50210,210_フランス,2024000000,2024年,0,
30000000,3_鉱物性燃料,330,11月_数量,50210,210_フランス,2023000000,2023年,0,
30000000,3_鉱物性燃料,330,11月_数量,50210,210_フランス,2022000000,2022年,0,
30000000,3_鉱物性燃料,330,11月_数量,50210,210_フランス,2021000000,2021年,0,
30000000,3_鉱物性燃料,330,11月_数量,50213,213_ドイツ,2025000000,2025年,0,
30000000,3_鉱物性燃料,330,11月_数量,50213,213_ドイツ,2024000000,2024年,0,
30000000,3_鉱物性燃料,330,11月_数量,50213,213_ドイツ,2023000000,2023年,0,
30000000,3_鉱物性燃料,330,11月_数量,50213,213_ドイツ,2022000000,2022年,0,
30000000,3_鉱物性燃料,330,11月_数量,50213,213_ドイツ,2021000000,2021年,0,
30000000,3_鉱物性燃料,330,11月_数量,50215,215_スイス,2025000000,2025年,0,
30000000,3_鉱物性燃料,330,11月_数量,50215,215_スイス,2024000000,2024年,0,
30000000,3_鉱物性燃料,330,11月_数量,50215,215_スイス,2023000000,2023年,0,
30000000,3_鉱物性燃料,330,11月_数量,50215,215_スイス,2022000000,2022年,0,
30000000,3_鉱物性燃料,330,11月_数量,50215,215_スイス,2021000000,2021年,0,
30000000,3_鉱物性燃料,330,11月_数量,50218,218_スペイン,2025000000,2025年,0,
30000000,3_鉱物性燃料,330,11月_数量,50218,218_スペイン,2024000000,2024年,0,
30000000,3_鉱物性燃料,330,11月_数量,50218,218_スペイン,2023000000,2023年,0,
30000000,3_鉱物性燃料,330,11月_数量,50218,218_スペイン,2022000000,2022年,0,
30000000,3_鉱物性燃料,330,11月_数量,50218,218_スペイン,2021000000,2021年,0,
30000000,3_鉱物性燃料,330,11月_数量,50220,220_イタリア,2025000000,2025年,0,
30000000,3_鉱物性燃料,330,11月_数量,50220,220_イタリア,2024000000,2024年,0,
30000000,3_鉱物性燃料,330,11月_数量,50220,220_イタリア,2023000000,2023年,0,
30000000,3_鉱物性燃料,330,11月_数量,50220,220_イタリア,2022000000,2022年,0,
30000000,3_鉱物性燃料,330,11月_数量,50220,220_イタリア,2021000000,2021年,0,
30000000,3_鉱物性燃料,330,11月_数量,50221,221_マルタ,2023000000,2023年,0,
30000000,3_鉱物性燃料,330,11月_数量,50221,221_マルタ,2021000000,2021年,0,
30000000,3_鉱物性燃料,330,11月_数量,50222,222_フィンランド,2025000000,2025年,0,
30000000,3_鉱物性燃料,330,11月_数量,50222,222_フィンランド,2024000000,2024年,0,
30000000,3_鉱物性燃料,330,11月_数量,50222,222_フィンランド,2023000000,2023年,0,
30000000,3_鉱物性燃料,330,11月_数量,50222,222_フィンランド,2022000000,2022年,0,
30000000,3_鉱物性燃料,330,11月_数量,50222,222_フィンランド,2021000000,2021年,0,
30000000,3_鉱物性燃料,330,11月_数量,50223,223_ポーランド,2025000000,2025年,0,
30000000,3_鉱物性燃料,330,11月_数量,50223,223_ポーランド,2024000000,2024年,0,
30000000,3_鉱物性燃料,330,11月_数量,50223,223_ポーランド,2023000000,2023年,0,
30000000,3_鉱物性燃料,330,11月_数量,50223,223_ポーランド,2022000000,2022年,0,
30000000,3_鉱物性燃料,330,11月_数量,50223,223_ポーランド,2021000000,2021年,0,
30000000,3_鉱物性燃料,330,11月_数量,50224,224_ロシア,2025000000,2025年,0,
30000000,3_鉱物性燃料,330,11月_数量,50224,224_ロシア,2024000000,2024年,0,
30000000,3_鉱物性燃料,330,11月_数量,50224,224_ロシア,2023000000,2023年,0,
30000000,3_鉱物性燃料,330,11月_数量,50224,224_ロシア,2022000000,2022年,0,
30000000,3_鉱物性燃料,330,11月_数量,50224,224_ロシア,2021000000,2021年,0,
30000000,3_鉱物性燃料,330,11月_数量,50225,225_オーストリア,2025000000,2025年,0,
30000000,3_鉱物性燃料,330,11月_数量,50225,225_オーストリア,2024000000,2024年,0,
30000000,3_鉱物性燃料,330,11月_数量,50225,225_オーストリア,2023000000,2023年,0,
30000000,3_鉱物性燃料,330,11月_数量,50225,225_オーストリア,2022000000,2022年,0,
30000000,3_鉱物性燃料,330,11月_数量,50225,225_オーストリア,2021000000,2021年,0,
30000000,3_鉱物性燃料,330,11月_数量,50227,227_ハンガリー,2025000000,2025年,0,
30000000,3_鉱物性燃料,330,11月_数量,50227,227_ハンガリー,2023000000,2023年,0,
30000000,3_鉱物性燃料,330,11月_数量,50227,227_ハンガリー,2021000000,2021年,0,
30000000,3_鉱物性燃料,330,11月_数量,50228,228_セルビア,2022000000,2022年,0,
30000000,3_鉱物性燃料,330,11月_数量,50228,228_セルビア,2021000000,2021年,0,
30000000,3_鉱物性燃料,330,11月_数量,50230,230_ギリシャ,2025000000,2025年,0,
30000000,3_鉱物性燃料,330,11月_数量,50230,230_ギリシャ,2024000000,2024年,0,
30000000,3_鉱物性燃料,330,11月_数量,50230,230_ギリシャ,2023000000,2023年,0,
30000000,3_鉱物性燃料,330,11月_数量,50230,230_ギリシャ,2022000000,2022年,0,
30000000,3_鉱物性燃料,330,11月_数量,50230,230_ギリシャ,2021000000,2021年,0,
30000000,3_鉱物性燃料,330,11月_数量,50231,231_ルーマニア,2025000000,2025年,0,
30000000,3_鉱物性燃料,330,11月_数量,50231,231_ルーマニア,2021000000,2021年,0,
30000000,3_鉱物性燃料,330,11月_数量,50232,232_ブルガリア,2023000000,2023年,0,
30000000,3_鉱物性燃料,330,11月_数量,50232,232_ブルガリア,2022000000,2022年,0,
30000000,3_鉱物性燃料,330,11月_数量,50234,234_トルコ,2025000000,2025年,0,
30000000,3_鉱物性燃料,330,11月_数量,50234,234_トルコ,2024000000,2024年,0,
30000000,3_鉱物性燃料,330,11月_数量,50234,234_トルコ,2023000000,2023年,0,
30000000,3_鉱物性燃料,330,11月_数量,50234,234_トルコ,2022000000,2022年,0,
30000000,3_鉱物性燃料,330,11月_数量,50234,234_トルコ,2021000000,2021年,0,
30000000,3_鉱物性燃料,330,11月_数量,50235,235_エストニア,2025000000,2025年,0,
30000000,3_鉱物性燃料,330,11月_数量,50235,235_エストニア,2024000000,2024年,0,
30000000,3_鉱物性燃料,330,11月_数量,50235,235_エストニア,2023000000,2023年,0,
30000000,3_鉱物性燃料,330,11月_数量,50235,235_エストニア,2022000000,2022年,0,
30000000,3_鉱物性燃料,330,11月_数量,50235,235_エストニア,2021000000,2021年,0,
30000000,3_鉱物性燃料,330,11月_数量,50236,236_ラトビア,2025000000,2025年,0,
30000000,3_鉱物性燃料,330,11月_数量,50236,236_ラトビア,2024000000,2024年,0,
30000000,3_鉱物性燃料,330,11月_数量,50236,236_ラトビア,2023000000,2023年,0,
30000000,3_鉱物性燃料,330,11月_数量,50236,236_ラトビア,2022000000,2022年,0,
30000000,3_鉱物性燃料,330,11月_数量,50236,236_ラトビア,2021000000,2021年,0,
30000000,3_鉱物性燃料,330,11月_数量,50237,237_リトアニア,2025000000,2025年,0,
30000000,3_鉱物性燃料,330,11月_数量,50237,237_リトアニア,2024000000,2024年,0,
30000000,3_鉱物性燃料,330,11月_数量,50237,237_リトアニア,2023000000,2023年,0,
30000000,3_鉱物性燃料,330,11月_数量,50237,237_リトアニア,2022000000,2022年,0,
30000000,3_鉱物性燃料,330,11月_数量,50237,237_リトアニア,2021000000,2021年,0,
30000000,3_鉱物性燃料,330,11月_数量,50238,238_ウクライナ,2025000000,2025年,0,
30000000,3_鉱物性燃料,330,11月_数量,50238,238_ウクライナ,2024000000,2024年,0,
30000000,3_鉱物性燃料,330,11月_数量,50238,238_ウクライナ,2023000000,2023年,0,
30000000,3_鉱物性燃料,330,11月_数量,50238,238_ウクライナ,2022000000,2022年,0,
30000000,3_鉱物性燃料,330,11月_数量,50238,238_ウクライナ,2021000000,2021年,0,
30000000,3_鉱物性燃料,330,11月_数量,50241,241_クロアチア,2025000000,2025年,0,
30000000,3_鉱物性燃料,330,11月_数量,50241,241_クロアチア,2021000000,2021年,0,
30000000,3_鉱物性燃料,330,11月_数量,50245,245_チェコ,2025000000,2025年,0,
30000000,3_鉱物性燃料,330,11月_数量,50245,245_チェコ,2024000000,2024年,0,
30000000,3_鉱物性燃料,330,11月_数量,50245,245_チェコ,2023000000,2023年,0,
30000000,3_鉱物性燃料,330,11月_数量,50245,245_チェコ,2021000000,2021年,0,
30000000,3_鉱物性燃料,330,11月_数量,50246,246_スロバキア,2023000000,2023年,0,
30000000,3_鉱物性燃料,330,11月_数量,50302,302_カナダ,2025000000,2025年,0,
30000000,3_鉱物性燃料,330,11月_数量,50302,302_カナダ,2024000000,2024年,0,
30000000,3_鉱物性燃料,330,11月_数量,50302,302_カナダ,2023000000,2023年,0,
30000000,3_鉱物性燃料,330,11月_数量,50302,302_カナダ,2022000000,2022年,0,
30000000,3_鉱物性燃料,330,11月_数量,50302,302_カナダ,2021000000,2021年,0,
30000000,3_鉱物性燃料,330,11月_数量,50304,304_アメリカ合衆国,2025000000,2025年,0,
30000000,3_鉱物性燃料,330,11月_数量,50304,304_アメリカ合衆国,2024000000,2024年,0,
30000000,3_鉱物性燃料,330,11月_数量,50304,304_アメリカ合衆国,2023000000,2023年,0,
30000000,3_鉱物性燃料,330,11月_数量,50304,304_アメリカ合衆国,2022000000,2022年,0,
30000000,3_鉱物性燃料,330,11月_数量,50304,304_アメリカ合衆国,2021000000,2021年,0,
30000000,3_鉱物性燃料,330,11月_数量,50305,305_メキシコ,2025000000,2025年,0,
30000000,3_鉱物性燃料,330,11月_数量,50305,305_メキシコ,2024000000,2024年,0,
30000000,3_鉱物性燃料,330,11月_数量,50305,305_メキシコ,2023000000,2023年,0,
30000000,3_鉱物性燃料,330,11月_数量,50305,305_メキシコ,2022000000,2022年,0,
30000000,3_鉱物性燃料,330,11月_数量,50305,305_メキシコ,2021000000,2021年,0,
30000000,3_鉱物性燃料,330,11月_数量,50309,309_エルサルバドル,2025000000,2025年,0,
30000000,3_鉱物性燃料,330,11月_数量,50309,309_エルサルバドル,2024000000,2024年,0,
30000000,3_鉱物性燃料,330,11月_数量,50309,309_エルサルバドル,2022000000,2022年,0,
30000000,3_鉱物性燃料,330,11月_数量,50311,311_コスタリカ,2025000000,2025年,0,
30000000,3_鉱物性燃料,330,11月_数量,50311,311_コスタリカ,2024000000,2024年,0,
30000000,3_鉱物性燃料,330,11月_数量,50311,311_コスタリカ,2023000000,2023年,0,
30000000,3_鉱物性燃料,330,11月_数量,50311,311_コスタリカ,2022000000,2022年,0,
30000000,3_鉱物性燃料,330,11月_数量,50311,311_コスタリカ,2021000000,2021年,0,
30000000,3_鉱物性燃料,330,11月_数量,50312,312_パナマ,2024000000,2024年,0,
30000000,3_鉱物性燃料,330,11月_数量,50312,312_パナマ,2023000000,2023年,0,
30000000,3_鉱物性燃料,330,11月_数量,50312,312_パナマ,2022000000,2022年,0,
30000000,3_鉱物性燃料,330,11月_数量,50320,320_トリニダード・トバゴ,2024000000,2024年,0,
30000000,3_鉱物性燃料,330,11月_数量,50320,320_トリニダード・トバゴ,2023000000,2023年,0,
30000000,3_鉱物性燃料,330,11月_数量,50320,320_トリニダード・トバゴ,2022000000,2022年,0,
30000000,3_鉱物性燃料,330,11月_数量,50321,321_キューバ,2023000000,2023年,0,
30000000,3_鉱物性燃料,330,11月_数量,50328,328_ケイマン諸島(英),2023000000,2023年,0,
30000000,3_鉱物性燃料,330,11月_数量,50401,401_コロンビア,2025000000,2025年,0,
30000000,3_鉱物性燃料,330,11月_数量,50401,401_コロンビア,2024000000,2024年,0,
30000000,3_鉱物性燃料,330,11月_数量,50401,401_コロンビア,2023000000,2023年,0,
30000000,3_鉱物性燃料,330,11月_数量,50401,401_コロンビア,2022000000,2022年,0,
30000000,3_鉱物性燃料,330,11月_数量,50401,401_コロンビア,2021000000,2021年,0,
30000000,3_鉱物性燃料,330,11月_数量,50406,406_エクアドル,2025000000,2025年,0,
30000000,3_鉱物性燃料,330,11月_数量,50406,406_エクアドル,2024000000,2024年,0,
30000000,3_鉱物性燃料,330,11月_数量,50406,406_エクアドル,2023000000,2023年,0,
30000000,3_鉱物性燃料,330,11月_数量,50406,406_エクアドル,2022000000,2022年,0,
30000000,3_鉱物性燃料,330,11月_数量,50406,406_エクアドル,2021000000,2021年,0,
30000000,3_鉱物性燃料,330,11月_数量,50407,407_ペルー,2025000000,2025年,0,
30000000,3_鉱物性燃料,330,11月_数量,50407,407_ペルー,2024000000,2024年,0,
30000000,3_鉱物性燃料,330,11月_数量,50407,407_ペルー,2023000000,2023年,0,
30000000,3_鉱物性燃料,330,11月_数量,50407,407_ペルー,2022000000,2022年,0,
30000000,3_鉱物性燃料,330,11月_数量,50407,407_ペルー,2021000000,2021年,0,
30000000,3_鉱物性燃料,330,11月_数量,50409,409_チリ,2023000000,2023年,0,
30000000,3_鉱物性燃料,330,11月_数量,50409,409_チリ,2022000000,2022年,0,
30000000,3_鉱物性燃料,330,11月_数量,50410,410_ブラジル,2025000000,2025年,0,
30000000,3_鉱物性燃料,330,11月_数量,50410,410_ブラジル,2024000000,2024年,0,
30000000,3_鉱物性燃料,330,11月_数量,50410,410_ブラジル,2023000000,2023年,0,
30000000,3_鉱物性燃料,330,11月_数量,50410,410_ブラジル,2022000000,2022年,0,
30000000,3_鉱物性燃料,330,11月_数量,50410,410_ブラジル,2021000000,2021年,0,
30000000,3_鉱物性燃料,330,11月_数量,50411,411_パラグアイ,2023000000,2023年,0,
30000000,3_鉱物性燃料,330,11月_数量,50412,412_ウルグアイ,2022000000,2022年,0,
30000000,3_鉱物性燃料,330,11月_数量,50413,413_アルゼンチン,2023000000,2023年,0,
30000000,3_鉱物性燃料,330,11月_数量,50503,503_アルジェリア,2025000000,2025年,0,
30000000,3_鉱物性燃料,330,11月_数量,50503,503_アルジェリア,2024000000,2024年,0,
30000000,3_鉱物性燃料,330,11月_数量,50503,503_アルジェリア,2023000000,2023年,0,
30000000,3_鉱物性燃料,330,11月_数量,50503,503_アルジェリア,2022000000,2022年,0,
30000000,3_鉱物性燃料,330,11月_数量,50503,503_アルジェリア,2021000000,2021年,0,
30000000,3_鉱物性燃料,330,11月_数量,50505,505_リビア,2021000000,2021年,0,
30000000,3_鉱物性燃料,330,11月_数量,50506,506_エジプト,2025000000,2025年,0,
30000000,3_鉱物性燃料,330,11月_数量,50506,506_エジプト,2024000000,2024年,0,
30000000,3_鉱物性燃料,330,11月_数量,50506,506_エジプト,2023000000,2023年,0,
30000000,3_鉱物性燃料,330,11月_数量,50506,506_エジプト,2022000000,2022年,0,
30000000,3_鉱物性燃料,330,11月_数量,50506,506_エジプト,2021000000,2021年,0,
30000000,3_鉱物性燃料,330,11月_数量,50524,524_ナイジェリア,2025000000,2025年,0,
30000000,3_鉱物性燃料,330,11月_数量,50524,524_ナイジェリア,2024000000,2024年,0,
30000000,3_鉱物性燃料,330,11月_数量,50524,524_ナイジェリア,2023000000,2023年,0,
30000000,3_鉱物性燃料,330,11月_数量,50524,524_ナイジェリア,2022000000,2022年,0,
30000000,3_鉱物性燃料,330,11月_数量,50524,524_ナイジェリア,2021000000,2021年,0,
30000000,3_鉱物性燃料,330,11月_数量,50525,525_ニジェール,2025000000,2025年,0,
30000000,3_鉱物性燃料,330,11月_数量,50527,527_カメルーン,2024000000,2024年,0,
30000000,3_鉱物性燃料,330,11月_数量,50530,530_赤道ギニア,2025000000,2025年,0,
30000000,3_鉱物性燃料,330,11月_数量,50530,530_赤道ギニア,2024000000,2024年,0,
30000000,3_鉱物性燃料,330,11月_数量,50530,530_赤道ギニア,2023000000,2023年,0,
30000000,3_鉱物性燃料,330,11月_数量,50530,530_赤道ギニア,2022000000,2022年,0,
30000000,3_鉱物性燃料,330,11月_数量,50530,530_赤道ギニア,2021000000,2021年,0,
30000000,3_鉱物性燃料,330,11月_数量,50535,535_アンゴラ,2022000000,2022年,0,
30000000,3_鉱物性燃料,330,11月_数量,50545,545_モザンビーク,2025000000,2025年,0,
30000000,3_鉱物性燃料,330,11月_数量,50545,545_モザンビーク,2024000000,2024年,0,
30000000,3_鉱物性燃料,330,11月_数量,50545,545_モザンビーク,2023000000,2023年,0,
30000000,3_鉱物性燃料,330,11月_数量,50545,545_モザンビーク,2022000000,2022年,0,
30000000,3_鉱物性燃料,330,11月_数量,50545,545_モザンビーク,2021000000,2021年,0,
30000000,3_鉱物性燃料,330,11月_数量,50547,547_モーリシャス,2024000000,2024年,0,
30000000,3_鉱物性燃料,330,11月_数量,50547,547_モーリシャス,2022000000,2022年,0,
30000000,3_鉱物性燃料,330,11月_数量,50547,547_モーリシャス,2021000000,2021年,0,
30000000,3_鉱物性燃料,330,11月_数量,50551,551_南アフリカ共和国,2025000000,2025年,0,
30000000,3_鉱物性燃料,330,11月_数量,50551,551_南アフリカ共和国,2024000000,2024年,0,
30000000,3_鉱物性燃料,330,11月_数量,50551,551_南アフリカ共和国,2023000000,2023年,0,
30000000,3_鉱物性燃料,330,11月_数量,50551,551_南アフリカ共和国,2022000000,2022年,0,
30000000,3_鉱物性燃料,330,11月_数量,50551,551_南アフリカ共和国,2021000000,2021年,0,
30000000,3_鉱物性燃料,330,11月_数量,50560,560_南スーダン,2025000000,2025年,0,
30000000,3_鉱物性燃料,330,11月_数量,50560,560_南スーダン,2024000000,2024年,0,
30000000,3_鉱物性燃料,330,11月_数量,50560,560_南スーダン,2023000000,2023年,0,
30000000,3_鉱物性燃料,330,11月_数量,50560,560_南スーダン,2022000000,2022年,0,
30000000,3_鉱物性燃料,330,11月_数量,50560,560_南スーダン,2021000000,2021年,0,
30000000,3_鉱物性燃料,330,11月_数量,50601,601_オーストラリア,2025000000,2025年,0,
30000000,3_鉱物性燃料,330,11月_数量,50601,601_オーストラリア,2024000000,2024年,0,
30000000,3_鉱物性燃料,330,11月_数量,50601,601_オーストラリア,2023000000,2023年,0,
30000000,3_鉱物性燃料,330,11月_数量,50601,601_オーストラリア,2022000000,2022年,0,
30000000,3_鉱物性燃料,330,11月_数量,50601,601_オーストラリア,2021000000,2021年,0,
30000000,3_鉱物性燃料,330,11月_数量,50602,602_パプアニューギニア,2025000000,2025年,0,
30000000,3_鉱物性燃料,330,11月_数量,50602,602_パプアニューギニア,2024000000,2024年,0,
30000000,3_鉱物性燃料,330,11月_数量,50602,602_パプアニューギニア,2023000000,2023年,0,
30000000,3_鉱物性燃料,330,11月_数量,50602,602_パプアニューギニア,2022000000,2022年,0,
30000000,3_鉱物性燃料,330,11月_数量,50602,602_パプアニューギニア,2021000000,2021年,0,
30000000,3_鉱物性燃料,330,11月_数量,50606,606_ニュージーランド,2025000000,2025年,0,
30000000,3_鉱物性燃料,330,11月_数量,50606,606_ニュージーランド,2024000000,2024年,0,
30000000,3_鉱物性燃料,330,11月_数量,50606,606_ニュージーランド,2023000000,2023年,0,
30000000,3_鉱物性燃料,330,11月_数量,50606,606_ニュージーランド,2022000000,2022年,0,
30000000,3_鉱物性燃料,330,11月_数量,50606,606_ニュージーランド,2021000000,2021年,0,
30000000,3_鉱物性燃料,330,11月_数量,50618,618_ニューカレドニア(仏),2024000000,2024年,0,
30000000,3_鉱物性燃料,330,11月_数量,50618,618_ニューカレドニア(仏),2023000000,2023年,0,
30000000,3_鉱物性燃料,330,11月_数量,50625,625_マーシャル,2024000000,2024年,0,
30000000,3_鉱物性燃料,330,11月_数量,50625,625_マーシャル,2022000000,2022年,0,
30000000,3_鉱物性燃料,330,11月_数量,50625,625_マーシャル,2021000000,2021年,0,
30000000,3_鉱物性燃料,330,11月_数量,50626,626_ミクロネシア,2021000000,2021年,0,
30000000,3_鉱物性燃料,330,11月_数量,50628,628_パラオ,2025000000,2025年,0,
30000000,3_鉱物性燃料,330,11月_数量,50702,702_不明,2025000000,2025年,0,
30000000,3_鉱物性燃料,330,11月_数量,50702,702_不明,2024000000,2024年,0,
30000000,3_鉱物性燃料,330,11月_数量,50702,702_不明,2023000000,2023年,0,
30000000,3_鉱物性燃料,330,11月_数量,50702,702_不明,2022000000,2022年,0,
30000000,3_鉱物性燃料,330,11月_数量,50702,702_不明,2021000000,2021年,0,
30000000,3_鉱物性燃料,340,11月_金額,50103,103_大韓民国,2025000000,2025年,53711145,千円
30000000,3_鉱物性燃料,340,11月_金額,50103,103_大韓民国,2024000000,2024年,86130874,千円
30000000,3_鉱物性燃料,340,11月_金額,50103,103_大韓民国,2023000000,2023年,77196054,千円
30000000,3_鉱物性燃料,340,11月_金額,50103,103_大韓民国,2022000000,2022年,57511132,千円
30000000,3_鉱物性燃料,340,11月_金額,50103,103_大韓民国,2021000000,2021年,50884162,千円
30000000,3_鉱物性燃料,340,11月_金額,50105,105_中華人民共和国,2025000000,2025年,14017665,千円
30000000,3_鉱物性燃料,340,11月_金額,50105,105_中華人民共和国,2024000000,2024年,19416989,千円
30000000,3_鉱物性燃料,340,11月_金額,50105,105_中華人民共和国,2023000000,2023年,25838973,千円
30000000,3_鉱物性燃料,340,11月_金額,50105,105_中華人民共和国,2022000000,2022年,36808262,千円
30000000,3_鉱物性燃料,340,11月_金額,50105,105_中華人民共和国,2021000000,2021年,17872564,千円
30000000,3_鉱物性燃料,340,11月_金額,50106,106_台湾,2025000000,2025年,1013428,千円
30000000,3_鉱物性燃料,340,11月_金額,50106,106_台湾,2024000000,2024年,583822,千円
30000000,3_鉱物性燃料,340,11月_金額,50106,106_台湾,2023000000,2023年,583057,千円
30000000,3_鉱物性燃料,340,11月_金額,50106,106_台湾,2022000000,2022年,157837,千円
30000000,3_鉱物性燃料,340,11月_金額,50106,106_台湾,2021000000,2021年,471182,千円
30000000,3_鉱物性燃料,340,11月_金額,50108,108_香港,2025000000,2025年,56321,千円
30000000,3_鉱物性燃料,340,11月_金額,50108,108_香港,2024000000,2024年,29858,千円
30000000,3_鉱物性燃料,340,11月_金額,50108,108_香港,2023000000,2023年,22286,千円
30000000,3_鉱物性燃料,340,11月_金額,50108,108_香港,2022000000,2022年,8382,千円
30000000,3_鉱物性燃料,340,11月_金額,50108,108_香港,2021000000,2021年,14362,千円
30000000,3_鉱物性燃料,340,11月_金額,50110,110_ベトナム,2025000000,2025年,849965,千円
30000000,3_鉱物性燃料,340,11月_金額,50110,110_ベトナム,2024000000,2024年,1109602,千円
30000000,3_鉱物性燃料,340,11月_金額,50110,110_ベトナム,2023000000,2023年,6199854,千円
30000000,3_鉱物性燃料,340,11月_金額,50110,110_ベトナム,2022000000,2022年,17838577,千円
30000000,3_鉱物性燃料,340,11月_金額,50110,110_ベトナム,2021000000,2021年,3682427,千円
30000000,3_鉱物性燃料,340,11月_金額,50111,111_タイ,2025000000,2025年,117324,千円
30000000,3_鉱物性燃料,340,11月_金額,50111,111_タイ,2024000000,2024年,92531,千円
30000000,3_鉱物性燃料,340,11月_金額,50111,111_タイ,2023000000,2023年,85183,千円
30000000,3_鉱物性燃料,340,11月_金額,50111,111_タイ,2022000000,2022年,93684,千円
30000000,3_鉱物性燃料,340,11月_金額,50111,111_タイ,2021000000,2021年,928508,千円
30000000,3_鉱物性燃料,340,11月_金額,50112,112_シンガポール,2025000000,2025年,3512885,千円
30000000,3_鉱物性燃料,340,11月_金額,50112,112_シンガポール,2024000000,2024年,2290775,千円
30000000,3_鉱物性燃料,340,11月_金額,50112,112_シンガポール,2023000000,2023年,3515671,千円
30000000,3_鉱物性燃料,340,11月_金額,50112,112_シンガポール,2022000000,2022年,6539079,千円
30000000,3_鉱物性燃料,340,11月_金額,50112,112_シンガポール,2021000000,2021年,2613728,千円
30000000,3_鉱物性燃料,340,11月_金額,50113,113_マレーシア,2025000000,2025年,48055318,千円
30000000,3_鉱物性燃料,340,11月_金額,50113,113_マレーシア,2024000000,2024年,66762358,千円
30000000,3_鉱物性燃料,340,11月_金額,50113,113_マレーシア,2023000000,2023年,65983101,千円
30000000,3_鉱物性燃料,340,11月_金額,50113,113_マレーシア,2022000000,2022年,158950952,千円
30000000,3_鉱物性燃料,340,11月_金額,50113,113_マレーシア,2021000000,2021年,79965540,千円
30000000,3_鉱物性燃料,340,11月_金額,50116,116_ブルネイ,2025000000,2025年,16343024,千円
30000000,3_鉱物性燃料,340,11月_金額,50116,116_ブルネイ,2024000000,2024年,19295696,千円
30000000,3_鉱物性燃料,340,11月_金額,50116,116_ブルネイ,2023000000,2023年,11938755,千円
30000000,3_鉱物性燃料,340,11月_金額,50116,116_ブルネイ,2022000000,2022年,31769409,千円
30000000,3_鉱物性燃料,340,11月_金額,50116,116_ブルネイ,2021000000,2021年,21469328,千円
30000000,3_鉱物性燃料,340,11月_金額,50117,117_フィリピン,2025000000,2025年,0,千円
30000000,3_鉱物性燃料,340,11月_金額,50117,117_フィリピン,2024000000,2024年,3447,千円
30000000,3_鉱物性燃料,340,11月_金額,50117,117_フィリピン,2023000000,2023年,5395,千円
30000000,3_鉱物性燃料,340,11月_金額,50117,117_フィリピン,2022000000,2022年,0,千円
30000000,3_鉱物性燃料,340,11月_金額,50117,117_フィリピン,2021000000,2021年,0,千円
30000000,3_鉱物性燃料,340,11月_金額,50118,118_インドネシア,2025000000,2025年,55658399,千円
30000000,3_鉱物性燃料,340,11月_金額,50118,118_インドネシア,2024000000,2024年,66520480,千円
30000000,3_鉱物性燃料,340,11月_金額,50118,118_インドネシア,2023000000,2023年,78497175,千円
30000000,3_鉱物性燃料,340,11月_金額,50118,118_インドネシア,2022000000,2022年,154177874,千円
30000000,3_鉱物性燃料,340,11月_金額,50118,118_インドネシア,2021000000,2021年,47116876,千円
30000000,3_鉱物性燃料,340,11月_金額,50123,123_インド,2025000000,2025年,919666,千円
30000000,3_鉱物性燃料,340,11月_金額,50123,123_インド,2024000000,2024年,2203825,千円
30000000,3_鉱物性燃料,340,11月_金額,50123,123_インド,2023000000,2023年,3554,千円
30000000,3_鉱物性燃料,340,11月_金額,50123,123_インド,2022000000,2022年,547,千円
30000000,3_鉱物性燃料,340,11月_金額,50123,123_インド,2021000000,2021年,14801048,千円
30000000,3_鉱物性燃料,340,11月_金額,50124,124_パキスタン,2025000000,2025年,1788736,千円
30000000,3_鉱物性燃料,340,11月_金額,50124,124_パキスタン,2023000000,2023年,0,千円
30000000,3_鉱物性燃料,340,11月_金額,50124,124_パキスタン,2022000000,2022年,0,千円
30000000,3_鉱物性燃料,340,11月_金額,50124,124_パキスタン,2021000000,2021年,0,千円
30000000,3_鉱物性燃料,340,11月_金額,50125,125_スリランカ,2025000000,2025年,0,千円
30000000,3_鉱物性燃料,340,11月_金額,50125,125_スリランカ,2024000000,2024年,0,千円
30000000,3_鉱物性燃料,340,11月_金額,50125,125_スリランカ,2023000000,2023年,0,千円
30000000,3_鉱物性燃料,340,11月_金額,50125,125_スリランカ,2022000000,2022年,0,千円
30000000,3_鉱物性燃料,340,11月_金額,50125,125_スリランカ,2021000000,2021年,1569,千円
30000000,3_鉱物性燃料,340,11月_金額,50126,126_モルディブ,2022000000,2022年,0,千円
30000000,3_鉱物性燃料,340,11月_金額,50127,127_バングラデシュ,2024000000,2024年,0,千円
30000000,3_鉱物性燃料,340,11月_金額,50128,128_東ティモール,2025000000,2025年,0,千円
30000000,3_鉱物性燃料,340,11月_金額,50128,128_東ティモール,2023000000,2023年,599661,千円
30000000,3_鉱物性燃料,340,11月_金額,50128,128_東ティモール,2022000000,2022年,0,千円
30000000,3_鉱物性燃料,340,11月_金額,50128,128_東ティモール,2021000000,2021年,2564223,千円
30000000,3_鉱物性燃料,340,11月_金額,50134,134_イラク,2025000000,2025年,1768748,千円
30000000,3_鉱物性燃料,340,11月_金額,50134,134_イラク,2024000000,2024年,0,千円
30000000,3_鉱物性燃料,340,11月_金額,50134,134_イラク,2023000000,2023年,0,千円
30000000,3_鉱物性燃料,340,11月_金額,50134,134_イラク,2021000000,2021年,9483466,千円
30000000,3_鉱物性燃料,340,11月_金額,50135,135_バーレーン,2025000000,2025年,6764304,千円
30000000,3_鉱物性燃料,340,11月_金額,50135,135_バーレーン,2024000000,2024年,5443737,千円
30000000,3_鉱物性燃料,340,11月_金額,50135,135_バーレーン,2023000000,2023年,4987340,千円
30000000,3_鉱物性燃料,340,11月_金額,50135,135_バーレーン,2022000000,2022年,9897107,千円
30000000,3_鉱物性燃料,340,11月_金額,50135,135_バーレーン,2021000000,2021年,3786320,千円
30000000,3_鉱物性燃料,340,11月_金額,50137,137_サウジアラビア,2025000000,2025年,318262469,千円
30000000,3_鉱物性燃料,340,11月_金額,50137,137_サウジアラビア,2024000000,2024年,327760184,千円
30000000,3_鉱物性燃料,340,11月_金額,50137,137_サウジアラビア,2023000000,2023年,490837022,千円
30000000,3_鉱物性燃料,340,11月_金額,50137,137_サウジアラビア,2022000000,2022年,534104828,千円
30000000,3_鉱物性燃料,340,11月_金額,50137,137_サウジアラビア,2021000000,2021年,324130673,千円
30000000,3_鉱物性燃料,340,11月_金額,50138,138_クウェート,2025000000,2025年,51558866,千円
30000000,3_鉱物性燃料,340,11月_金額,50138,138_クウェート,2024000000,2024年,94461688,千円
30000000,3_鉱物性燃料,340,11月_金額,50138,138_クウェート,2023000000,2023年,109583838,千円
30000000,3_鉱物性燃料,340,11月_金額,50138,138_クウェート,2022000000,2022年,122094376,千円
30000000,3_鉱物性燃料,340,11月_金額,50138,138_クウェート,2021000000,2021年,72463028,千円
30000000,3_鉱物性燃料,340,11月_金額,50140,140_カタール,2025000000,2025年,79962057,千円
30000000,3_鉱物性燃料,340,11月_金額,50140,140_カタール,2024000000,2024年,88905933,千円
30000000,3_鉱物性燃料,340,11月_金額,50140,140_カタール,2023000000,2023年,103175902,千円
30000000,3_鉱物性燃料,340,11月_金額,50140,140_カタール,2022000000,2022年,128004040,千円
30000000,3_鉱物性燃料,340,11月_金額,50140,140_カタール,2021000000,2021年,106221265,千円
30000000,3_鉱物性燃料,340,11月_金額,50141,141_オマーン,2025000000,2025年,19943983,千円
30000000,3_鉱物性燃料,340,11月_金額,50141,141_オマーン,2024000000,2024年,24846231,千円
30000000,3_鉱物性燃料,340,11月_金額,50141,141_オマーン,2023000000,2023年,31527322,千円
30000000,3_鉱物性燃料,340,11月_金額,50141,141_オマーン,2022000000,2022年,37381610,千円
30000000,3_鉱物性燃料,340,11月_金額,50141,141_オマーン,2021000000,2021年,9041206,千円
30000000,3_鉱物性燃料,340,11月_金額,50143,143_イスラエル,2025000000,2025年,295,千円
30000000,3_鉱物性燃料,340,11月_金額,50143,143_イスラエル,2024000000,2024年,4691,千円
30000000,3_鉱物性燃料,340,11月_金額,50143,143_イスラエル,2023000000,2023年,7895,千円
30000000,3_鉱物性燃料,340,11月_金額,50143,143_イスラエル,2022000000,2022年,0,千円
30000000,3_鉱物性燃料,340,11月_金額,50143,143_イスラエル,2021000000,2021年,3062,千円
30000000,3_鉱物性燃料,340,11月_金額,50147,147_アラブ首長国連邦,2025000000,2025年,326336562,千円
30000000,3_鉱物性燃料,340,11月_金額,50147,147_アラブ首長国連邦,2024000000,2024年,351256684,千円
30000000,3_鉱物性燃料,340,11月_金額,50147,147_アラブ首長国連邦,2023000000,2023年,450249268,千円
30000000,3_鉱物性燃料,340,11月_金額,50147,147_アラブ首長国連邦,2022000000,2022年,511612253,千円
30000000,3_鉱物性燃料,340,11月_金額,50147,147_アラブ首長国連邦,2021000000,2021年,313649256,千円
30000000,3_鉱物性燃料,340,11月_金額,50153,153_カザフスタン,2025000000,2025年,0,千円
30000000,3_鉱物性燃料,340,11月_金額,50153,153_カザフスタン,2024000000,2024年,0,千円
30000000,3_鉱物性燃料,340,11月_金額,50153,153_カザフスタン,2023000000,2023年,208148,千円
30000000,3_鉱物性燃料,340,11月_金額,50153,153_カザフスタン,2022000000,2022年,0,千円
30000000,3_鉱物性燃料,340,11月_金額,50153,153_カザフスタン,2021000000,2021年,0,千円
30000000,3_鉱物性燃料,340,11月_金額,50202,202_ノルウェー,2025000000,2025年,255,千円
30000000,3_鉱物性燃料,340,11月_金額,50202,202_ノルウェー,2024000000,2024年,0,千円
30000000,3_鉱物性燃料,340,11月_金額,50202,202_ノルウェー,2023000000,2023年,1906,千円
30000000,3_鉱物性燃料,340,11月_金額,50202,202_ノルウェー,2022000000,2022年,215,千円
30000000,3_鉱物性燃料,340,11月_金額,50202,202_ノルウェー,2021000000,2021年,9740,千円
30000000,3_鉱物性燃料,340,11月_金額,50203,203_スウェーデン,2025000000,2025年,25353,千円
30000000,3_鉱物性燃料,340,11月_金額,50203,203_スウェーデン,2024000000,2024年,2733,千円
30000000,3_鉱物性燃料,340,11月_金額,50203,203_スウェーデン,2023000000,2023年,34769,千円
30000000,3_鉱物性燃料,340,11月_金額,50203,203_スウェーデン,2022000000,2022年,6449,千円
30000000,3_鉱物性燃料,340,11月_金額,50203,203_スウェーデン,2021000000,2021年,20902,千円
30000000,3_鉱物性燃料,340,11月_金額,50204,204_デンマーク,2025000000,2025年,369,千円
30000000,3_鉱物性燃料,340,11月_金額,50204,204_デンマーク,2024000000,2024年,7810,千円
30000000,3_鉱物性燃料,340,11月_金額,50204,204_デンマーク,2023000000,2023年,3559,千円
30000000,3_鉱物性燃料,340,11月_金額,50204,204_デンマーク,2022000000,2022年,2796,千円
30000000,3_鉱物性燃料,340,11月_金額,50204,204_デンマーク,2021000000,2021年,1012,千円
30000000,3_鉱物性燃料,340,11月_金額,50205,205_英国,2025000000,2025年,196330,千円
30000000,3_鉱物性燃料,340,11月_金額,50205,205_英国,2024000000,2024年,165662,千円
30000000,3_鉱物性燃料,340,11月_金額,50205,205_英国,2023000000,2023年,95620,千円
30000000,3_鉱物性燃料,340,11月_金額,50205,205_英国,2022000000,2022年,69602,千円
30000000,3_鉱物性燃料,340,11月_金額,50205,205_英国,2021000000,2021年,52415,千円
30000000,3_鉱物性燃料,340,11月_金額,50206,206_アイルランド,2025000000,2025年,4517,千円
30000000,3_鉱物性燃料,340,11月_金額,50206,206_アイルランド,2024000000,2024年,6079,千円
30000000,3_鉱物性燃料,340,11月_金額,50206,206_アイルランド,2023000000,2023年,7918,千円
30000000,3_鉱物性燃料,340,11月_金額,50206,206_アイルランド,2022000000,2022年,8762,千円
30000000,3_鉱物性燃料,340,11月_金額,50206,206_アイルランド,2021000000,2021年,5859,千円
30000000,3_鉱物性燃料,340,11月_金額,50207,207_オランダ,2025000000,2025年,3750238,千円
30000000,3_鉱物性燃料,340,11月_金額,50207,207_オランダ,2024000000,2024年,39628,千円
30000000,3_鉱物性燃料,340,11月_金額,50207,207_オランダ,2023000000,2023年,44309,千円
30000000,3_鉱物性燃料,340,11月_金額,50207,207_オランダ,2022000000,2022年,1976961,千円
30000000,3_鉱物性燃料,340,11月_金額,50207,207_オランダ,2021000000,2021年,76580,千円
30000000,3_鉱物性燃料,340,11月_金額,50208,208_ベルギー,2025000000,2025年,42715,千円
30000000,3_鉱物性燃料,340,11月_金額,50208,208_ベルギー,2024000000,2024年,25396,千円
30000000,3_鉱物性燃料,340,11月_金額,50208,208_ベルギー,2023000000,2023年,39082,千円
30000000,3_鉱物性燃料,340,11月_金額,50208,208_ベルギー,2022000000,2022年,49529,千円
30000000,3_鉱物性燃料,340,11月_金額,50208,208_ベルギー,2021000000,2021年,58812,千円
30000000,3_鉱物性燃料,340,11月_金額,50209,209_ルクセンブルク,2025000000,2025年,0,千円
30000000,3_鉱物性燃料,340,11月_金額,50209,209_ルクセンブルク,2021000000,2021年,0,千円
30000000,3_鉱物性燃料,340,11月_金額,50210,210_フランス,2025000000,2025年,284399,千円
30000000,3_鉱物性燃料,340,11月_金額,50210,210_フランス,2024000000,2024年,375695,千円
30000000,3_鉱物性燃料,340,11月_金額,50210,210_フランス,2023000000,2023年,313862,千円
30000000,3_鉱物性燃料,340,11月_金額,50210,210_フランス,2022000000,2022年,174786,千円
30000000,3_鉱物性燃料,340,11月_金額,50210,210_フランス,2021000000,2021年,287089,千円
30000000,3_鉱物性燃料,340,11月_金額,50213,213_ドイツ,2025000000,2025年,340778,千円
30000000,3_鉱物性燃料,340,11月_金額,50213,213_ドイツ,2024000000,2024年,309905,千円
30000000,3_鉱物性燃料,340,11月_金額,50213,213_ドイツ,2023000000,2023年,326750,千円
30000000,3_鉱物性燃料,340,11月_金額,50213,213_ドイツ,2022000000,2022年,358232,千円
30000000,3_鉱物性燃料,340,11月_金額,50213,213_ドイツ,2021000000,2021年,226980,千円
30000000,3_鉱物性燃料,340,11月_金額,50215,215_スイス,2025000000,2025年,48170,千円
30000000,3_鉱物性燃料,340,11月_金額,50215,215_スイス,2024000000,2024年,20488,千円
30000000,3_鉱物性燃料,340,11月_金額,50215,215_スイス,2023000000,2023年,27056,千円
30000000,3_鉱物性燃料,340,11月_金額,50215,215_スイス,2022000000,2022年,21243,千円
30000000,3_鉱物性燃料,340,11月_金額,50215,215_スイス,2021000000,2021年,14845,千円
30000000,3_鉱物性燃料,340,11月_金額,50218,218_スペイン,2025000000,2025年,74003,千円
30000000,3_鉱物性燃料,340,11月_金額,50218,218_スペイン,2024000000,2024年,73146,千円
30000000,3_鉱物性燃料,340,11月_金額,50218,218_スペイン,2023000000,2023年,40938,千円
30000000,3_鉱物性燃料,340,11月_金額,50218,218_スペイン,2022000000,2022年,3832848,千円
30000000,3_鉱物性燃料,340,11月_金額,50218,218_スペイン,2021000000,2021年,5935244,千円
30000000,3_鉱物性燃料,340,11月_金額,50220,220_イタリア,2025000000,2025年,3037009,千円
30000000,3_鉱物性燃料,340,11月_金額,50220,220_イタリア,2024000000,2024年,42937,千円
30000000,3_鉱物性燃料,340,11月_金額,50220,220_イタリア,2023000000,2023年,5514032,千円
30000000,3_鉱物性燃料,340,11月_金額,50220,220_イタリア,2022000000,2022年,5453,千円
30000000,3_鉱物性燃料,340,11月_金額,50220,220_イタリア,2021000000,2021年,35891,千円
30000000,3_鉱物性燃料,340,11月_金額,50221,221_マルタ,2023000000,2023年,745,千円
30000000,3_鉱物性燃料,340,11月_金額,50221,221_マルタ,2021000000,2021年,0,千円
30000000,3_鉱物性燃料,340,11月_金額,50222,222_フィンランド,2025000000,2025年,5747,千円
30000000,3_鉱物性燃料,340,11月_金額,50222,222_フィンランド,2024000000,2024年,5005,千円
30000000,3_鉱物性燃料,340,11月_金額,50222,222_フィンランド,2023000000,2023年,2763,千円
30000000,3_鉱物性燃料,340,11月_金額,50222,222_フィンランド,2022000000,2022年,2185,千円
30000000,3_鉱物性燃料,340,11月_金額,50222,222_フィンランド,2021000000,2021年,4104,千円
30000000,3_鉱物性燃料,340,11月_金額,50223,223_ポーランド,2025000000,2025年,4391,千円
30000000,3_鉱物性燃料,340,11月_金額,50223,223_ポーランド,2024000000,2024年,0,千円
30000000,3_鉱物性燃料,340,11月_金額,50223,223_ポーランド,2023000000,2023年,0,千円
30000000,3_鉱物性燃料,340,11月_金額,50223,223_ポーランド,2022000000,2022年,4032,千円
30000000,3_鉱物性燃料,340,11月_金額,50223,223_ポーランド,2021000000,2021年,36640,千円
30000000,3_鉱物性燃料,340,11月_金額,50224,224_ロシア,2025000000,2025年,39302620,千円
30000000,3_鉱物性燃料,340,11月_金額,50224,224_ロシア,2024000000,2024年,50728446,千円
30000000,3_鉱物性燃料,340,11月_金額,50224,224_ロシア,2023000000,2023年,65044935,千円
30000000,3_鉱物性燃料,340,11月_金額,50224,224_ロシア,2022000000,2022年,86564549,千円
30000000,3_鉱物性燃料,340,11月_金額,50224,224_ロシア,2021000000,2021年,131210758,千円
30000000,3_鉱物性燃料,340,11月_金額,50225,225_オーストリア,2025000000,2025年,1238,千円
30000000,3_鉱物性燃料,340,11月_金額,50225,225_オーストリア,2024000000,2024年,994,千円
30000000,3_鉱物性燃料,340,11月_金額,50225,225_オーストリア,2023000000,2023年,4433,千円
30000000,3_鉱物性燃料,340,11月_金額,50225,225_オーストリア,2022000000,2022年,938,千円
30000000,3_鉱物性燃料,340,11月_金額,50225,225_オーストリア,2021000000,2021年,202,千円
30000000,3_鉱物性燃料,340,11月_金額,50227,227_ハンガリー,2025000000,2025年,0,千円
30000000,3_鉱物性燃料,340,11月_金額,50227,227_ハンガリー,2023000000,2023年,0,千円
30000000,3_鉱物性燃料,340,11月_金額,50227,227_ハンガリー,2021000000,2021年,0,千円
30000000,3_鉱物性燃料,340,11月_金額,50228,228_セルビア,2022000000,2022年,6545,千円
30000000,3_鉱物性燃料,340,11月_金額,50228,228_セルビア,2021000000,2021年,0,千円
30000000,3_鉱物性燃料,340,11月_金額,50230,230_ギリシャ,2025000000,2025年,571,千円
30000000,3_鉱物性燃料,340,11月_金額,50230,230_ギリシャ,2024000000,2024年,348,千円
30000000,3_鉱物性燃料,340,11月_金額,50230,230_ギリシャ,2023000000,2023年,393,千円
30000000,3_鉱物性燃料,340,11月_金額,50230,230_ギリシャ,2022000000,2022年,1230,千円
30000000,3_鉱物性燃料,340,11月_金額,50230,230_ギリシャ,2021000000,2021年,0,千円
30000000,3_鉱物性燃料,340,11月_金額,50231,231_ルーマニア,2025000000,2025年,0,千円
30000000,3_鉱物性燃料,340,11月_金額,50231,231_ルーマニア,2021000000,2021年,0,千円
30000000,3_鉱物性燃料,340,11月_金額,50232,232_ブルガリア,2023000000,2023年,0,千円
30000000,3_鉱物性燃料,340,11月_金額,50232,232_ブルガリア,2022000000,2022年,0,千円
30000000,3_鉱物性燃料,340,11月_金額,50234,234_トルコ,2025000000,2025年,304,千円
30000000,3_鉱物性燃料,340,11月_金額,50234,234_トルコ,2024000000,2024年,237,千円
30000000,3_鉱物性燃料,340,11月_金額,50234,234_トルコ,2023000000,2023年,0,千円
30000000,3_鉱物性燃料,340,11月_金額,50234,234_トルコ,2022000000,2022年,4672,千円
30000000,3_鉱物性燃料,340,11月_金額,50234,234_トルコ,2021000000,2021年,2298,千円
30000000,3_鉱物性燃料,340,11月_金額,50235,235_エストニア,2025000000,2025年,7141,千円
30000000,3_鉱物性燃料,340,11月_金額,50235,235_エストニア,2024000000,2024年,10960,千円
30000000,3_鉱物性燃料,340,11月_金額,50235,235_エストニア,2023000000,2023年,12066,千円
30000000,3_鉱物性燃料,340,11月_金額,50235,235_エストニア,2022000000,2022年,9485,千円
30000000,3_鉱物性燃料,340,11月_金額,50235,235_エストニア,2021000000,2021年,14991,千円
30000000,3_鉱物性燃料,340,11月_金額,50236,236_ラトビア,2025000000,2025年,56891,千円
30000000,3_鉱物性燃料,340,11月_金額,50236,236_ラトビア,2024000000,2024年,63437,千円
30000000,3_鉱物性燃料,340,11月_金額,50236,236_ラトビア,2023000000,2023年,53894,千円
30000000,3_鉱物性燃料,340,11月_金額,50236,236_ラトビア,2022000000,2022年,119651,千円
30000000,3_鉱物性燃料,340,11月_金額,50236,236_ラトビア,2021000000,2021年,127129,千円
30000000,3_鉱物性燃料,340,11月_金額,50237,237_リトアニア,2025000000,2025年,16917,千円
30000000,3_鉱物性燃料,340,11月_金額,50237,237_リトアニア,2024000000,2024年,22808,千円
30000000,3_鉱物性燃料,340,11月_金額,50237,237_リトアニア,2023000000,2023年,19658,千円
30000000,3_鉱物性燃料,340,11月_金額,50237,237_リトアニア,2022000000,2022年,23669,千円
30000000,3_鉱物性燃料,340,11月_金額,50237,237_リトアニア,2021000000,2021年,13155,千円
30000000,3_鉱物性燃料,340,11月_金額,50238,238_ウクライナ,2025000000,2025年,4404,千円
30000000,3_鉱物性燃料,340,11月_金額,50238,238_ウクライナ,2024000000,2024年,935,千円
30000000,3_鉱物性燃料,340,11月_金額,50238,238_ウクライナ,2023000000,2023年,879,千円
30000000,3_鉱物性燃料,340,11月_金額,50238,238_ウクライナ,2022000000,2022年,1060,千円
30000000,3_鉱物性燃料,340,11月_金額,50238,238_ウクライナ,2021000000,2021年,358,千円
30000000,3_鉱物性燃料,340,11月_金額,50241,241_クロアチア,2025000000,2025年,0,千円
30000000,3_鉱物性燃料,340,11月_金額,50241,241_クロアチア,2021000000,2021年,0,千円
30000000,3_鉱物性燃料,340,11月_金額,50245,245_チェコ,2025000000,2025年,0,千円
30000000,3_鉱物性燃料,340,11月_金額,50245,245_チェコ,2024000000,2024年,0,千円
30000000,3_鉱物性燃料,340,11月_金額,50245,245_チェコ,2023000000,2023年,0,千円
30000000,3_鉱物性燃料,340,11月_金額,50245,245_チェコ,2021000000,2021年,0,千円
30000000,3_鉱物性燃料,340,11月_金額,50246,246_スロバキア,2023000000,2023年,0,千円
30000000,3_鉱物性燃料,340,11月_金額,50302,302_カナダ,2025000000,2025年,34440590,千円
30000000,3_鉱物性燃料,340,11月_金額,50302,302_カナダ,2024000000,2024年,44314825,千円
30000000,3_鉱物性燃料,340,11月_金額,50302,302_カナダ,2023000000,2023年,49940138,千円
30000000,3_鉱物性燃料,340,11月_金額,50302,302_カナダ,2022000000,2022年,71965062,千円
30000000,3_鉱物性燃料,340,11月_金額,50302,302_カナダ,2021000000,2021年,34683223,千円
30000000,3_鉱物性燃料,340,11月_金額,50304,304_アメリカ合衆国,2025000000,2025年,163659770,千円
30000000,3_鉱物性燃料,340,11月_金額,50304,304_アメリカ合衆国,2024000000,2024年,151410945,千円
30000000,3_鉱物性燃料,340,11月_金額,50304,304_アメリカ合衆国,2023000000,2023年,190795742,千円
30000000,3_鉱物性燃料,340,11月_金額,50304,304_アメリカ合衆国,2022000000,2022年,145722536,千円
30000000,3_鉱物性燃料,340,11月_金額,50304,304_アメリカ合衆国,2021000000,2021年,137675426,千円
30000000,3_鉱物性燃料,340,11月_金額,50305,305_メキシコ,2025000000,2025年,0,千円
30000000,3_鉱物性燃料,340,11月_金額,50305,305_メキシコ,2024000000,2024年,0,千円
30000000,3_鉱物性燃料,340,11月_金額,50305,305_メキシコ,2023000000,2023年,0,千円
30000000,3_鉱物性燃料,340,11月_金額,50305,305_メキシコ,2022000000,2022年,0,千円
30000000,3_鉱物性燃料,340,11月_金額,50305,305_メキシコ,2021000000,2021年,0,千円
30000000,3_鉱物性燃料,340,11月_金額,50309,309_エルサルバドル,2025000000,2025年,0,千円
30000000,3_鉱物性燃料,340,11月_金額,50309,309_エルサルバドル,2024000000,2024年,0,千円
30000000,3_鉱物性燃料,340,11月_金額,50309,309_エルサルバドル,2022000000,2022年,455,千円
30000000,3_鉱物性燃料,340,11月_金額,50311,311_コスタリカ,2025000000,2025年,1203,千円
30000000,3_鉱物性燃料,340,11月_金額,50311,311_コスタリカ,2024000000,2024年,227,千円
30000000,3_鉱物性燃料,340,11月_金額,50311,311_コスタリカ,2023000000,2023年,876,千円
30000000,3_鉱物性燃料,340,11月_金額,50311,311_コスタリカ,2022000000,2022年,583,千円
30000000,3_鉱物性燃料,340,11月_金額,50311,311_コスタリカ,2021000000,2021年,0,千円
30000000,3_鉱物性燃料,340,11月_金額,50312,312_パナマ,2024000000,2024年,0,千円
30000000,3_鉱物性燃料,340,11月_金額,50312,312_パナマ,2023000000,2023年,0,千円
30000000,3_鉱物性燃料,340,11月_金額,50312,312_パナマ,2022000000,2022年,0,千円
30000000,3_鉱物性燃料,340,11月_金額,50320,320_トリニダード・トバゴ,2024000000,2024年,0,千円
30000000,3_鉱物性燃料,340,11月_金額,50320,320_トリニダード・トバゴ,2023000000,2023年,0,千円
30000000,3_鉱物性燃料,340,11月_金額,50320,320_トリニダード・トバゴ,2022000000,2022年,0,千円
30000000,3_鉱物性燃料,340,11月_金額,50321,321_キューバ,2023000000,2023年,0,千円
30000000,3_鉱物性燃料,340,11月_金額,50328,328_ケイマン諸島(英),2023000000,2023年,0,千円
30000000,3_鉱物性燃料,340,11月_金額,50401,401_コロンビア,2025000000,2025年,2018398,千円
30000000,3_鉱物性燃料,340,11月_金額,50401,401_コロンビア,2024000000,2024年,2236407,千円
30000000,3_鉱物性燃料,340,11月_金額,50401,401_コロンビア,2023000000,2023年,7509887,千円
30000000,3_鉱物性燃料,340,11月_金額,50401,401_コロンビア,2022000000,2022年,9440489,千円
30000000,3_鉱物性燃料,340,11月_金額,50401,401_コロンビア,2021000000,2021年,1342512,千円
30000000,3_鉱物性燃料,340,11月_金額,50406,406_エクアドル,2025000000,2025年,9171011,千円
30000000,3_鉱物性燃料,340,11月_金額,50406,406_エクアドル,2024000000,2024年,11919268,千円
30000000,3_鉱物性燃料,340,11月_金額,50406,406_エクアドル,2023000000,2023年,18315831,千円
30000000,3_鉱物性燃料,340,11月_金額,50406,406_エクアドル,2022000000,2022年,13155452,千円
30000000,3_鉱物性燃料,340,11月_金額,50406,406_エクアドル,2021000000,2021年,11897462,千円
30000000,3_鉱物性燃料,340,11月_金額,50407,407_ペルー,2025000000,2025年,14659599,千円
30000000,3_鉱物性燃料,340,11月_金額,50407,407_ペルー,2024000000,2024年,531416,千円
30000000,3_鉱物性燃料,340,11月_金額,50407,407_ペルー,2023000000,2023年,3005642,千円
30000000,3_鉱物性燃料,340,11月_金額,50407,407_ペルー,2022000000,2022年,12462077,千円
30000000,3_鉱物性燃料,340,11月_金額,50407,407_ペルー,2021000000,2021年,7221431,千円
30000000,3_鉱物性燃料,340,11月_金額,50409,409_チリ,2023000000,2023年,0,千円
30000000,3_鉱物性燃料,340,11月_金額,50409,409_チリ,2022000000,2022年,0,千円
30000000,3_鉱物性燃料,340,11月_金額,50410,410_ブラジル,2025000000,2025年,11978,千円
30000000,3_鉱物性燃料,340,11月_金額,50410,410_ブラジル,2024000000,2024年,0,千円
30000000,3_鉱物性燃料,340,11月_金額,50410,410_ブラジル,2023000000,2023年,0,千円
30000000,3_鉱物性燃料,340,11月_金額,50410,410_ブラジル,2022000000,2022年,225569,千円
30000000,3_鉱物性燃料,340,11月_金額,50410,410_ブラジル,2021000000,2021年,14512,千円
30000000,3_鉱物性燃料,340,11月_金額,50411,411_パラグアイ,2023000000,2023年,0,千円
30000000,3_鉱物性燃料,340,11月_金額,50412,412_ウルグアイ,2022000000,2022年,387,千円
30000000,3_鉱物性燃料,340,11月_金額,50413,413_アルゼンチン,2023000000,2023年,0,千円
30000000,3_鉱物性燃料,340,11月_金額,50503,503_アルジェリア,2025000000,2025年,0,千円
30000000,3_鉱物性燃料,340,11月_金額,50503,503_アルジェリア,2024000000,2024年,0,千円
30000000,3_鉱物性燃料,340,11月_金額,50503,503_アルジェリア,2023000000,2023年,5214233,千円
30000000,3_鉱物性燃料,340,11月_金額,50503,503_アルジェリア,2022000000,2022年,22811150,千円
30000000,3_鉱物性燃料,340,11月_金額,50503,503_アルジェリア,2021000000,2021年,10473647,千円
30000000,3_鉱物性燃料,340,11月_金額,50505,505_リビア,2021000000,2021年,0,千円
30000000,3_鉱物性燃料,340,11月_金額,50506,506_エジプト,2025000000,2025年,0,千円
30000000,3_鉱物性燃料,340,11月_金額,50506,506_エジプト,2024000000,2024年,15990,千円
30000000,3_鉱物性燃料,340,11月_金額,50506,506_エジプト,2023000000,2023年,755,千円
30000000,3_鉱物性燃料,340,11月_金額,50506,506_エジプト,2022000000,2022年,24282880,千円
30000000,3_鉱物性燃料,340,11月_金額,50506,506_エジプト,2021000000,2021年,1735176,千円
30000000,3_鉱物性燃料,340,11月_金額,50524,524_ナイジェリア,2025000000,2025年,0,千円
30000000,3_鉱物性燃料,340,11月_金額,50524,524_ナイジェリア,2024000000,2024年,0,千円
30000000,3_鉱物性燃料,340,11月_金額,50524,524_ナイジェリア,2023000000,2023年,11616597,千円
30000000,3_鉱物性燃料,340,11月_金額,50524,524_ナイジェリア,2022000000,2022年,7141030,千円
30000000,3_鉱物性燃料,340,11月_金額,50524,524_ナイジェリア,2021000000,2021年,13969645,千円
30000000,3_鉱物性燃料,340,11月_金額,50525,525_ニジェール,2025000000,2025年,0,千円
30000000,3_鉱物性燃料,340,11月_金額,50527,527_カメルーン,2024000000,2024年,0,千円
30000000,3_鉱物性燃料,340,11月_金額,50530,530_赤道ギニア,2025000000,2025年,0,千円
30000000,3_鉱物性燃料,340,11月_金額,50530,530_赤道ギニア,2024000000,2024年,0,千円
30000000,3_鉱物性燃料,340,11月_金額,50530,530_赤道ギニア,2023000000,2023年,0,千円
30000000,3_鉱物性燃料,340,11月_金額,50530,530_赤道ギニア,2022000000,2022年,0,千円
30000000,3_鉱物性燃料,340,11月_金額,50530,530_赤道ギニア,2021000000,2021年,0,千円
30000000,3_鉱物性燃料,340,11月_金額,50535,535_アンゴラ,2022000000,2022年,0,千円
30000000,3_鉱物性燃料,340,11月_金額,50545,545_モザンビーク,2025000000,2025年,2263458,千円
30000000,3_鉱物性燃料,340,11月_金額,50545,545_モザンビーク,2024000000,2024年,2330733,千円
30000000,3_鉱物性燃料,340,11月_金額,50545,545_モザンビーク,2023000000,2023年,0,千円
30000000,3_鉱物性燃料,340,11月_金額,50545,545_モザンビーク,2022000000,2022年,0,千円
30000000,3_鉱物性燃料,340,11月_金額,50545,545_モザンビーク,2021000000,2021年,3395621,千円
30000000,3_鉱物性燃料,340,11月_金額,50547,547_モーリシャス,2024000000,2024年,0,千円
30000000,3_鉱物性燃料,340,11月_金額,50547,547_モーリシャス,2022000000,2022年,0,千円
30000000,3_鉱物性燃料,340,11月_金額,50547,547_モーリシャス,2021000000,2021年,0,千円
30000000,3_鉱物性燃料,340,11月_金額,50551,551_南アフリカ共和国,2025000000,2025年,2934982,千円
30000000,3_鉱物性燃料,340,11月_金額,50551,551_南アフリカ共和国,2024000000,2024年,8352569,千円
30000000,3_鉱物性燃料,340,11月_金額,50551,551_南アフリカ共和国,2023000000,2023年,6169181,千円
30000000,3_鉱物性燃料,340,11月_金額,50551,551_南アフリカ共和国,2022000000,2022年,1066469,千円
30000000,3_鉱物性燃料,340,11月_金額,50551,551_南アフリカ共和国,2021000000,2021年,2954796,千円
30000000,3_鉱物性燃料,340,11月_金額,50560,560_南スーダン,2025000000,2025年,3443869,千円
30000000,3_鉱物性燃料,340,11月_金額,50560,560_南スーダン,2024000000,2024年,0,千円
30000000,3_鉱物性燃料,340,11月_金額,50560,560_南スーダン,2023000000,2023年,2344199,千円
30000000,3_鉱物性燃料,340,11月_金額,50560,560_南スーダン,2022000000,2022年,0,千円
30000000,3_鉱物性燃料,340,11月_金額,50560,560_南スーダン,2021000000,2021年,622500,千円
30000000,3_鉱物性燃料,340,11月_金額,50601,601_オーストラリア,2025000000,2025年,348899912,千円
30000000,3_鉱物性燃料,340,11月_金額,50601,601_オーストラリア,2024000000,2024年,445280748,千円
30000000,3_鉱物性燃料,340,11月_金額,50601,601_オーストラリア,2023000000,2023年,469619273,千円
30000000,3_鉱物性燃料,340,11月_金額,50601,601_オーストラリア,2022000000,2022年,867069730,千円
30000000,3_鉱物性燃料,340,11月_金額,50601,601_オーストラリア,2021000000,2021年,467077279,千円
30000000,3_鉱物性燃料,340,11月_金額,50602,602_パプアニューギニア,2025000000,2025年,20871476,千円
30000000,3_鉱物性燃料,340,11月_金額,50602,602_パプアニューギニア,2024000000,2024年,28508300,千円
30000000,3_鉱物性燃料,340,11月_金額,50602,602_パプアニューギニア,2023000000,2023年,27177886,千円
30000000,3_鉱物性燃料,340,11月_金額,50602,602_パプアニューギニア,2022000000,2022年,35424442,千円
30000000,3_鉱物性燃料,340,11月_金額,50602,602_パプアニューギニア,2021000000,2021年,22660194,千円
30000000,3_鉱物性燃料,340,11月_金額,50606,606_ニュージーランド,2025000000,2025年,1451740,千円
30000000,3_鉱物性燃料,340,11月_金額,50606,606_ニュージーランド,2024000000,2024年,0,千円
30000000,3_鉱物性燃料,340,11月_金額,50606,606_ニュージーランド,2023000000,2023年,0,千円
30000000,3_鉱物性燃料,340,11月_金額,50606,606_ニュージーランド,2022000000,2022年,0,千円
30000000,3_鉱物性燃料,340,11月_金額,50606,606_ニュージーランド,2021000000,2021年,0,千円
30000000,3_鉱物性燃料,340,11月_金額,50618,618_ニューカレドニア(仏),2024000000,2024年,0,千円
30000000,3_鉱物性燃料,340,11月_金額,50618,618_ニューカレドニア(仏),2023000000,2023年,0,千円
30000000,3_鉱物性燃料,340,11月_金額,50625,625_マーシャル,2024000000,2024年,0,千円
30000000,3_鉱物性燃料,340,11月_金額,50625,625_マーシャル,2022000000,2022年,0,千円
30000000,3_鉱物性燃料,340,11月_金額,50625,625_マーシャル,2021000000,2021年,0,千円
30000000,3_鉱物性燃料,340,11月_金額,50626,626_ミクロネシア,2021000000,2021年,0,千円
30000000,3_鉱物性燃料,340,11月_金額,50628,628_パラオ,2025000000,2025年,0,千円
30000000,3_鉱物性燃料,340,11月_金額,50702,702_不明,2025000000,2025年,74127,千円
30000000,3_鉱物性燃料,340,11月_金額,50702,702_不明,2024000000,2024年,35349,千円
30000000,3_鉱物性燃料,340,11月_金額,50702,702_不明,2023000000,2023年,33807,千円
30000000,3_鉱物性燃料,340,11月_金額,50702,702_不明,2022000000,2022年,7799,千円
30000000,3_鉱物性燃料,340,11月_金額,50702,702_不明,2021000000,2021年,952,千円
30000000,3_鉱物性燃料,350,12月_数量,50103,103_大韓民国,2025000000,2025年,0,
30000000,3_鉱物性燃料,350,12月_数量,50103,103_大韓民国,2024000000,2024年,0,
30000000,3_鉱物性燃料,350,12月_数量,50103,103_大韓民国,2023000000,2023年,0,
30000000,3_鉱物性燃料,350,12月_数量,50103,103_大韓民国,2022000000,2022年,0,
30000000,3_鉱物性燃料,350,12月_数量,50103,103_大韓民国,2021000000,2021年,0,
30000000,3_鉱物性燃料,350,12月_数量,50105,105_中華人民共和国,2025000000,2025年,0,
30000000,3_鉱物性燃料,350,12月_数量,50105,105_中華人民共和国,2024000000,2024年,0,
30000000,3_鉱物性燃料,350,12月_数量,50105,105_中華人民共和国,2023000000,2023年,0,
30000000,3_鉱物性燃料,350,12月_数量,50105,105_中華人民共和国,2022000000,2022年,0,
30000000,3_鉱物性燃料,350,12月_数量,50105,105_中華人民共和国,2021000000,2021年,0,
30000000,3_鉱物性燃料,350,12月_数量,50106,106_台湾,2025000000,2025年,0,
30000000,3_鉱物性燃料,350,12月_数量,50106,106_台湾,2024000000,2024年,0,
30000000,3_鉱物性燃料,350,12月_数量,50106,106_台湾,2023000000,2023年,0,
30000000,3_鉱物性燃料,350,12月_数量,50106,106_台湾,2022000000,2022年,0,
30000000,3_鉱物性燃料,350,12月_数量,50106,106_台湾,2021000000,2021年,0,
30000000,3_鉱物性燃料,350,12月_数量,50108,108_香港,2025000000,2025年,0,
30000000,3_鉱物性燃料,350,12月_数量,50108,108_香港,2024000000,2024年,0,
30000000,3_鉱物性燃料,350,12月_数量,50108,108_香港,2023000000,2023年,0,
30000000,3_鉱物性燃料,350,12月_数量,50108,108_香港,2022000000,2022年,0,
30000000,3_鉱物性燃料,350,12月_数量,50108,108_香港,2021000000,2021年,0,
30000000,3_鉱物性燃料,350,12月_数量,50110,110_ベトナム,2025000000,2025年,0,
30000000,3_鉱物性燃料,350,12月_数量,50110,110_ベトナム,2024000000,2024年,0,
30000000,3_鉱物性燃料,350,12月_数量,50110,110_ベトナム,2023000000,2023年,0,
30000000,3_鉱物性燃料,350,12月_数量,50110,110_ベトナム,2022000000,2022年,0,
30000000,3_鉱物性燃料,350,12月_数量,50110,110_ベトナム,2021000000,2021年,0,
30000000,3_鉱物性燃料,350,12月_数量,50111,111_タイ,2025000000,2025年,0,
30000000,3_鉱物性燃料,350,12月_数量,50111,111_タイ,2024000000,2024年,0,
30000000,3_鉱物性燃料,350,12月_数量,50111,111_タイ,2023000000,2023年,0,
30000000,3_鉱物性燃料,350,12月_数量,50111,111_タイ,2022000000,2022年,0,
30000000,3_鉱物性燃料,350,12月_数量,50111,111_タイ,2021000000,2021年,0,
30000000,3_鉱物性燃料,350,12月_数量,50112,112_シンガポール,2025000000,2025年,0,
30000000,3_鉱物性燃料,350,12月_数量,50112,112_シンガポール,2024000000,2024年,0,
30000000,3_鉱物性燃料,350,12月_数量,50112,112_シンガポール,2023000000,2023年,0,
30000000,3_鉱物性燃料,350,12月_数量,50112,112_シンガポール,2022000000,2022年,0,
30000000,3_鉱物性燃料,350,12月_数量,50112,112_シンガポール,2021000000,2021年,0,
30000000,3_鉱物性燃料,350,12月_数量,50113,113_マレーシア,2025000000,2025年,0,
30000000,3_鉱物性燃料,350,12月_数量,50113,113_マレーシア,2024000000,2024年,0,
30000000,3_鉱物性燃料,350,12月_数量,50113,113_マレーシア,2023000000,2023年,0,
30000000,3_鉱物性燃料,350,12月_数量,50113,113_マレーシア,2022000000,2022年,0,
30000000,3_鉱物性燃料,350,12月_数量,50113,113_マレーシア,2021000000,2021年,0,
30000000,3_鉱物性燃料,350,12月_数量,50116,116_ブルネイ,2025000000,2025年,0,
30000000,3_鉱物性燃料,350,12月_数量,50116,116_ブルネイ,2024000000,2024年,0,
30000000,3_鉱物性燃料,350,12月_数量,50116,116_ブルネイ,2023000000,2023年,0,
30000000,3_鉱物性燃料,350,12月_数量,50116,116_ブルネイ,2022000000,2022年,0,
30000000,3_鉱物性燃料,350,12月_数量,50116,116_ブルネイ,2021000000,2021年,0,
30000000,3_鉱物性燃料,350,12月_数量,50117,117_フィリピン,2025000000,2025年,0,
30000000,3_鉱物性燃料,350,12月_数量,50117,117_フィリピン,2024000000,2024年,0,
30000000,3_鉱物性燃料,350,12月_数量,50117,117_フィリピン,2023000000,2023年,0,
30000000,3_鉱物性燃料,350,12月_数量,50117,117_フィリピン,2022000000,2022年,0,
30000000,3_鉱物性燃料,350,12月_数量,50117,117_フィリピン,2021000000,2021年,0,
30000000,3_鉱物性燃料,350,12月_数量,50118,118_インドネシア,2025000000,2025年,0,
30000000,3_鉱物性燃料,350,12月_数量,50118,118_インドネシア,2024000000,2024年,0,
30000000,3_鉱物性燃料,350,12月_数量,50118,118_インドネシア,2023000000,2023年,0,
30000000,3_鉱物性燃料,350,12月_数量,50118,118_インドネシア,2022000000,2022年,0,
30000000,3_鉱物性燃料,350,12月_数量,50118,118_インドネシア,2021000000,2021年,0,
30000000,3_鉱物性燃料,350,12月_数量,50123,123_インド,2025000000,2025年,0,
30000000,3_鉱物性燃料,350,12月_数量,50123,123_インド,2024000000,2024年,0,
30000000,3_鉱物性燃料,350,12月_数量,50123,123_インド,2023000000,2023年,0,
30000000,3_鉱物性燃料,350,12月_数量,50123,123_インド,2022000000,2022年,0,
30000000,3_鉱物性燃料,350,12月_数量,50123,123_インド,2021000000,2021年,0,
30000000,3_鉱物性燃料,350,12月_数量,50124,124_パキスタン,2025000000,2025年,0,
30000000,3_鉱物性燃料,350,12月_数量,50124,124_パキスタン,2023000000,2023年,0,
30000000,3_鉱物性燃料,350,12月_数量,50124,124_パキスタン,2022000000,2022年,0,
30000000,3_鉱物性燃料,350,12月_数量,50124,124_パキスタン,2021000000,2021年,0,
30000000,3_鉱物性燃料,350,12月_数量,50125,125_スリランカ,2025000000,2025年,0,
30000000,3_鉱物性燃料,350,12月_数量,50125,125_スリランカ,2024000000,2024年,0,
30000000,3_鉱物性燃料,350,12月_数量,50125,125_スリランカ,2023000000,2023年,0,
30000000,3_鉱物性燃料,350,12月_数量,50125,125_スリランカ,2022000000,2022年,0,
30000000,3_鉱物性燃料,350,12月_数量,50125,125_スリランカ,2021000000,2021年,0,
30000000,3_鉱物性燃料,350,12月_数量,50126,126_モルディブ,2022000000,2022年,0,
30000000,3_鉱物性燃料,350,12月_数量,50127,127_バングラデシュ,2024000000,2024年,0,
30000000,3_鉱物性燃料,350,12月_数量,50128,128_東ティモール,2025000000,2025年,0,
30000000,3_鉱物性燃料,350,12月_数量,50128,128_東ティモール,2023000000,2023年,0,
30000000,3_鉱物性燃料,350,12月_数量,50128,128_東ティモール,2022000000,2022年,0,
30000000,3_鉱物性燃料,350,12月_数量,50128,128_東ティモール,2021000000,2021年,0,
30000000,3_鉱物性燃料,350,12月_数量,50134,134_イラク,2025000000,2025年,0,
30000000,3_鉱物性燃料,350,12月_数量,50134,134_イラク,2024000000,2024年,0,
30000000,3_鉱物性燃料,350,12月_数量,50134,134_イラク,2023000000,2023年,0,
30000000,3_鉱物性燃料,350,12月_数量,50134,134_イラク,2021000000,2021年,0,
30000000,3_鉱物性燃料,350,12月_数量,50135,135_バーレーン,2025000000,2025年,0,
30000000,3_鉱物性燃料,350,12月_数量,50135,135_バーレーン,2024000000,2024年,0,
30000000,3_鉱物性燃料,350,12月_数量,50135,135_バーレーン,2023000000,2023年,0,
30000000,3_鉱物性燃料,350,12月_数量,50135,135_バーレーン,2022000000,2022年,0,
30000000,3_鉱物性燃料,350,12月_数量,50135,135_バーレーン,2021000000,2021年,0,
30000000,3_鉱物性燃料,350,12月_数量,50137,137_サウジアラビア,2025000000,2025年,0,
30000000,3_鉱物性燃料,350,12月_数量,50137,137_サウジアラビア,2024000000,2024年,0,
30000000,3_鉱物性燃料,350,12月_数量,50137,137_サウジアラビア,2023000000,2023年,0,
30000000,3_鉱物性燃料,350,12月_数量,50137,137_サウジアラビア,2022000000,2022年,0,
30000000,3_鉱物性燃料,350,12月_数量,50137,137_サウジアラビア,2021000000,2021年,0,
30000000,3_鉱物性燃料,350,12月_数量,50138,138_クウェート,2025000000,2025年,0,
30000000,3_鉱物性燃料,350,12月_数量,50138,138_クウェート,2024000000,2024年,0,
30000000,3_鉱物性燃料,350,12月_数量,50138,138_クウェート,2023000000,2023年,0,
30000000,3_鉱物性燃料,350,12月_数量,50138,138_クウェート,2022000000,2022年,0,
30000000,3_鉱物性燃料,350,12月_数量,50138,138_クウェート,2021000000,2021年,0,
30000000,3_鉱物性燃料,350,12月_数量,50140,140_カタール,2025000000,2025年,0,
30000000,3_鉱物性燃料,350,12月_数量,50140,140_カタール,2024000000,2024年,0,
30000000,3_鉱物性燃料,350,12月_数量,50140,140_カタール,2023000000,2023年,0,
30000000,3_鉱物性燃料,350,12月_数量,50140,140_カタール,2022000000,2022年,0,
30000000,3_鉱物性燃料,350,12月_数量,50140,140_カタール,2021000000,2021年,0,
30000000,3_鉱物性燃料,350,12月_数量,50141,141_オマーン,2025000000,2025年,0,
30000000,3_鉱物性燃料,350,12月_数量,50141,141_オマーン,2024000000,2024年,0,
30000000,3_鉱物性燃料,350,12月_数量,50141,141_オマーン,2023000000,2023年,0,
30000000,3_鉱物性燃料,350,12月_数量,50141,141_オマーン,2022000000,2022年,0,
30000000,3_鉱物性燃料,350,12月_数量,50141,141_オマーン,2021000000,2021年,0,
30000000,3_鉱物性燃料,350,12月_数量,50143,143_イスラエル,2025000000,2025年,0,
30000000,3_鉱物性燃料,350,12月_数量,50143,143_イスラエル,2024000000,2024年,0,
30000000,3_鉱物性燃料,350,12月_数量,50143,143_イスラエル,2023000000,2023年,0,
30000000,3_鉱物性燃料,350,12月_数量,50143,143_イスラエル,2022000000,2022年,0,
30000000,3_鉱物性燃料,350,12月_数量,50143,143_イスラエル,2021000000,2021年,0,
30000000,3_鉱物性燃料,350,12月_数量,50147,147_アラブ首長国連邦,2025000000,2025年,0,
30000000,3_鉱物性燃料,350,12月_数量,50147,147_アラブ首長国連邦,2024000000,2024年,0,
30000000,3_鉱物性燃料,350,12月_数量,50147,147_アラブ首長国連邦,2023000000,2023年,0,
30000000,3_鉱物性燃料,350,12月_数量,50147,147_アラブ首長国連邦,2022000000,2022年,0,
30000000,3_鉱物性燃料,350,12月_数量,50147,147_アラブ首長国連邦,2021000000,2021年,0,
30000000,3_鉱物性燃料,350,12月_数量,50153,153_カザフスタン,2025000000,2025年,0,
30000000,3_鉱物性燃料,350,12月_数量,50153,153_カザフスタン,2024000000,2024年,0,
30000000,3_鉱物性燃料,350,12月_数量,50153,153_カザフスタン,2023000000,2023年,0,
30000000,3_鉱物性燃料,350,12月_数量,50153,153_カザフスタン,2022000000,2022年,0,
30000000,3_鉱物性燃料,350,12月_数量,50153,153_カザフスタン,2021000000,2021年,0,
30000000,3_鉱物性燃料,350,12月_数量,50202,202_ノルウェー,2025000000,2025年,0,
30000000,3_鉱物性燃料,350,12月_数量,50202,202_ノルウェー,2024000000,2024年,0,
30000000,3_鉱物性燃料,350,12月_数量,50202,202_ノルウェー,2023000000,2023年,0,
30000000,3_鉱物性燃料,350,12月_数量,50202,202_ノルウェー,2022000000,2022年,0,
30000000,3_鉱物性燃料,350,12月_数量,50202,202_ノルウェー,2021000000,2021年,0,
30000000,3_鉱物性燃料,350,12月_数量,50203,203_スウェーデン,2025000000,2025年,0,
30000000,3_鉱物性燃料,350,12月_数量,50203,203_スウェーデン,2024000000,2024年,0,
30000000,3_鉱物性燃料,350,12月_数量,50203,203_スウェーデン,2023000000,2023年,0,
30000000,3_鉱物性燃料,350,12月_数量,50203,203_スウェーデン,2022000000,2022年,0,
30000000,3_鉱物性燃料,350,12月_数量,50203,203_スウェーデン,2021000000,2021年,0,
30000000,3_鉱物性燃料,350,12月_数量,50204,204_デンマーク,2025000000,2025年,0,
30000000,3_鉱物性燃料,350,12月_数量,50204,204_デンマーク,2024000000,2024年,0,
30000000,3_鉱物性燃料,350,12月_数量,50204,204_デンマーク,2023000000,2023年,0,
30000000,3_鉱物性燃料,350,12月_数量,50204,204_デンマーク,2022000000,2022年,0,
30000000,3_鉱物性燃料,350,12月_数量,50204,204_デンマーク,2021000000,2021年,0,
30000000,3_鉱物性燃料,350,12月_数量,50205,205_英国,2025000000,2025年,0,
30000000,3_鉱物性燃料,350,12月_数量,50205,205_英国,2024000000,2024年,0,
30000000,3_鉱物性燃料,350,12月_数量,50205,205_英国,2023000000,2023年,0,
30000000,3_鉱物性燃料,350,12月_数量,50205,205_英国,2022000000,2022年,0,
30000000,3_鉱物性燃料,350,12月_数量,50205,205_英国,2021000000,2021年,0,
30000000,3_鉱物性燃料,350,12月_数量,50206,206_アイルランド,2025000000,2025年,0,
30000000,3_鉱物性燃料,350,12月_数量,50206,206_アイルランド,2024000000,2024年,0,
30000000,3_鉱物性燃料,350,12月_数量,50206,206_アイルランド,2023000000,2023年,0,
30000000,3_鉱物性燃料,350,12月_数量,50206,206_アイルランド,2022000000,2022年,0,
30000000,3_鉱物性燃料,350,12月_数量,50206,206_アイルランド,2021000000,2021年,0,
30000000,3_鉱物性燃料,350,12月_数量,50207,207_オランダ,2025000000,2025年,0,
30000000,3_鉱物性燃料,350,12月_数量,50207,207_オランダ,2024000000,2024年,0,
30000000,3_鉱物性燃料,350,12月_数量,50207,207_オランダ,2023000000,2023年,0,
30000000,3_鉱物性燃料,350,12月_数量,50207,207_オランダ,2022000000,2022年,0,
30000000,3_鉱物性燃料,350,12月_数量,50207,207_オランダ,2021000000,2021年,0,
30000000,3_鉱物性燃料,350,12月_数量,50208,208_ベルギー,2025000000,2025年,0,
30000000,3_鉱物性燃料,350,12月_数量,50208,208_ベルギー,2024000000,2024年,0,
30000000,3_鉱物性燃料,350,12月_数量,50208,208_ベルギー,2023000000,2023年,0,
30000000,3_鉱物性燃料,350,12月_数量,50208,208_ベルギー,2022000000,2022年,0,
30000000,3_鉱物性燃料,350,12月_数量,50208,208_ベルギー,2021000000,2021年,0,
30000000,3_鉱物性燃料,350,12月_数量,50209,209_ルクセンブルク,2025000000,2025年,0,
30000000,3_鉱物性燃料,350,12月_数量,50209,209_ルクセンブルク,2021000000,2021年,0,
30000000,3_鉱物性燃料,350,12月_数量,50210,210_フランス,2025000000,2025年,0,
30000000,3_鉱物性燃料,350,12月_数量,50210,210_フランス,2024000000,2024年,0,
30000000,3_鉱物性燃料,350,12月_数量,50210,210_フランス,2023000000,2023年,0,
30000000,3_鉱物性燃料,350,12月_数量,50210,210_フランス,2022000000,2022年,0,
30000000,3_鉱物性燃料,350,12月_数量,50210,210_フランス,2021000000,2021年,0,
30000000,3_鉱物性燃料,350,12月_数量,50213,213_ドイツ,2025000000,2025年,0,
30000000,3_鉱物性燃料,350,12月_数量,50213,213_ドイツ,2024000000,2024年,0,
30000000,3_鉱物性燃料,350,12月_数量,50213,213_ドイツ,2023000000,2023年,0,
30000000,3_鉱物性燃料,350,12月_数量,50213,213_ドイツ,2022000000,2022年,0,
30000000,3_鉱物性燃料,350,12月_数量,50213,213_ドイツ,2021000000,2021年,0,
30000000,3_鉱物性燃料,350,12月_数量,50215,215_スイス,2025000000,2025年,0,
30000000,3_鉱物性燃料,350,12月_数量,50215,215_スイス,2024000000,2024年,0,
30000000,3_鉱物性燃料,350,12月_数量,50215,215_スイス,2023000000,2023年,0,
30000000,3_鉱物性燃料,350,12月_数量,50215,215_スイス,2022000000,2022年,0,
30000000,3_鉱物性燃料,350,12月_数量,50215,215_スイス,2021000000,2021年,0,
30000000,3_鉱物性燃料,350,12月_数量,50218,218_スペイン,2025000000,2025年,0,
30000000,3_鉱物性燃料,350,12月_数量,50218,218_スペイン,2024000000,2024年,0,
30000000,3_鉱物性燃料,350,12月_数量,50218,218_スペイン,2023000000,2023年,0,
30000000,3_鉱物性燃料,350,12月_数量,50218,218_スペイン,2022000000,2022年,0,
30000000,3_鉱物性燃料,350,12月_数量,50218,218_スペイン,2021000000,2021年,0,
30000000,3_鉱物性燃料,350,12月_数量,50220,220_イタリア,2025000000,2025年,0,
30000000,3_鉱物性燃料,350,12月_数量,50220,220_イタリア,2024000000,2024年,0,
30000000,3_鉱物性燃料,350,12月_数量,50220,220_イタリア,2023000000,2023年,0,
30000000,3_鉱物性燃料,350,12月_数量,50220,220_イタリア,2022000000,2022年,0,
30000000,3_鉱物性燃料,350,12月_数量,50220,220_イタリア,2021000000,2021年,0,
30000000,3_鉱物性燃料,350,12月_数量,50221,221_マルタ,2023000000,2023年,0,
30000000,3_鉱物性燃料,350,12月_数量,50221,221_マルタ,2021000000,2021年,0,
30000000,3_鉱物性燃料,350,12月_数量,50222,222_フィンランド,2025000000,2025年,0,
30000000,3_鉱物性燃料,350,12月_数量,50222,222_フィンランド,2024000000,2024年,0,
30000000,3_鉱物性燃料,350,12月_数量,50222,222_フィンランド,2023000000,2023年,0,
30000000,3_鉱物性燃料,350,12月_数量,50222,222_フィンランド,2022000000,2022年,0,
30000000,3_鉱物性燃料,350,12月_数量,50222,222_フィンランド,2021000000,2021年,0,
30000000,3_鉱物性燃料,350,12月_数量,50223,223_ポーランド,2025000000,2025年,0,
30000000,3_鉱物性燃料,350,12月_数量,50223,223_ポーランド,2024000000,2024年,0,
30000000,3_鉱物性燃料,350,12月_数量,50223,223_ポーランド,2023000000,2023年,0,
30000000,3_鉱物性燃料,350,12月_数量,50223,223_ポーランド,2022000000,2022年,0,
30000000,3_鉱物性燃料,350,12月_数量,50223,223_ポーランド,2021000000,2021年,0,
30000000,3_鉱物性燃料,350,12月_数量,50224,224_ロシア,2025000000,2025年,0,
30000000,3_鉱物性燃料,350,12月_数量,50224,224_ロシア,2024000000,2024年,0,
30000000,3_鉱物性燃料,350,12月_数量,50224,224_ロシア,2023000000,2023年,0,
30000000,3_鉱物性燃料,350,12月_数量,50224,224_ロシア,2022000000,2022年,0,
30000000,3_鉱物性燃料,350,12月_数量,50224,224_ロシア,2021000000,2021年,0,
30000000,3_鉱物性燃料,350,12月_数量,50225,225_オーストリア,2025000000,2025年,0,
30000000,3_鉱物性燃料,350,12月_数量,50225,225_オーストリア,2024000000,2024年,0,
30000000,3_鉱物性燃料,350,12月_数量,50225,225_オーストリア,2023000000,2023年,0,
30000000,3_鉱物性燃料,350,12月_数量,50225,225_オーストリア,2022000000,2022年,0,
30000000,3_鉱物性燃料,350,12月_数量,50225,225_オーストリア,2021000000,2021年,0,
30000000,3_鉱物性燃料,350,12月_数量,50227,227_ハンガリー,2025000000,2025年,0,
30000000,3_鉱物性燃料,350,12月_数量,50227,227_ハンガリー,2023000000,2023年,0,
30000000,3_鉱物性燃料,350,12月_数量,50227,227_ハンガリー,2021000000,2021年,0,
30000000,3_鉱物性燃料,350,12月_数量,50228,228_セルビア,2022000000,2022年,0,
30000000,3_鉱物性燃料,350,12月_数量,50228,228_セルビア,2021000000,2021年,0,
30000000,3_鉱物性燃料,350,12月_数量,50230,230_ギリシャ,2025000000,2025年,0,
30000000,3_鉱物性燃料,350,12月_数量,50230,230_ギリシャ,2024000000,2024年,0,
30000000,3_鉱物性燃料,350,12月_数量,50230,230_ギリシャ,2023000000,2023年,0,
30000000,3_鉱物性燃料,350,12月_数量,50230,230_ギリシャ,2022000000,2022年,0,
30000000,3_鉱物性燃料,350,12月_数量,50230,230_ギリシャ,2021000000,2021年,0,
30000000,3_鉱物性燃料,350,12月_数量,50231,231_ルーマニア,2025000000,2025年,0,
30000000,3_鉱物性燃料,350,12月_数量,50231,231_ルーマニア,2021000000,2021年,0,
30000000,3_鉱物性燃料,350,12月_数量,50232,232_ブルガリア,2023000000,2023年,0,
30000000,3_鉱物性燃料,350,12月_数量,50232,232_ブルガリア,2022000000,2022年,0,
30000000,3_鉱物性燃料,350,12月_数量,50234,234_トルコ,2025000000,2025年,0,
30000000,3_鉱物性燃料,350,12月_数量,50234,234_トルコ,2024000000,2024年,0,
30000000,3_鉱物性燃料,350,12月_数量,50234,234_トルコ,2023000000,2023年,0,
30000000,3_鉱物性燃料,350,12月_数量,50234,234_トルコ,2022000000,2022年,0,
30000000,3_鉱物性燃料,350,12月_数量,50234,234_トルコ,2021000000,2021年,0,
30000000,3_鉱物性燃料,350,12月_数量,50235,235_エストニア,2025000000,2025年,0,
30000000,3_鉱物性燃料,350,12月_数量,50235,235_エストニア,2024000000,2024年,0,
30000000,3_鉱物性燃料,350,12月_数量,50235,235_エストニア,2023000000,2023年,0,
30000000,3_鉱物性燃料,350,12月_数量,50235,235_エストニア,2022000000,2022年,0,
30000000,3_鉱物性燃料,350,12月_数量,50235,235_エストニア,2021000000,2021年,0,
30000000,3_鉱物性燃料,350,12月_数量,50236,236_ラトビア,2025000000,2025年,0,
30000000,3_鉱物性燃料,350,12月_数量,50236,236_ラトビア,2024000000,2024年,0,
30000000,3_鉱物性燃料,350,12月_数量,50236,236_ラトビア,2023000000,2023年,0,
30000000,3_鉱物性燃料,350,12月_数量,50236,236_ラトビア,2022000000,2022年,0,
30000000,3_鉱物性燃料,350,12月_数量,50236,236_ラトビア,2021000000,2021年,0,
30000000,3_鉱物性燃料,350,12月_数量,50237,237_リトアニア,2025000000,2025年,0,
30000000,3_鉱物性燃料,350,12月_数量,50237,237_リトアニア,2024000000,2024年,0,
30000000,3_鉱物性燃料,350,12月_数量,50237,237_リトアニア,2023000000,2023年,0,
30000000,3_鉱物性燃料,350,12月_数量,50237,237_リトアニア,2022000000,2022年,0,
30000000,3_鉱物性燃料,350,12月_数量,50237,237_リトアニア,2021000000,2021年,0,
30000000,3_鉱物性燃料,350,12月_数量,50238,238_ウクライナ,2025000000,2025年,0,
30000000,3_鉱物性燃料,350,12月_数量,50238,238_ウクライナ,2024000000,2024年,0,
30000000,3_鉱物性燃料,350,12月_数量,50238,238_ウクライナ,2023000000,2023年,0,
30000000,3_鉱物性燃料,350,12月_数量,50238,238_ウクライナ,2022000000,2022年,0,
30000000,3_鉱物性燃料,350,12月_数量,50238,238_ウクライナ,2021000000,2021年,0,
30000000,3_鉱物性燃料,350,12月_数量,50241,241_クロアチア,2025000000,2025年,0,
30000000,3_鉱物性燃料,350,12月_数量,50241,241_クロアチア,2021000000,2021年,0,
30000000,3_鉱物性燃料,350,12月_数量,50245,245_チェコ,2025000000,2025年,0,
30000000,3_鉱物性燃料,350,12月_数量,50245,245_チェコ,2024000000,2024年,0,
30000000,3_鉱物性燃料,350,12月_数量,50245,245_チェコ,2023000000,2023年,0,
30000000,3_鉱物性燃料,350,12月_数量,50245,245_チェコ,2021000000,2021年,0,
30000000,3_鉱物性燃料,350,12月_数量,50246,246_スロバキア,2023000000,2023年,0,
30000000,3_鉱物性燃料,350,12月_数量,50302,302_カナダ,2025000000,2025年,0,
30000000,3_鉱物性燃料,350,12月_数量,50302,302_カナダ,2024000000,2024年,0,
30000000,3_鉱物性燃料,350,12月_数量,50302,302_カナダ,2023000000,2023年,0,
30000000,3_鉱物性燃料,350,12月_数量,50302,302_カナダ,2022000000,2022年,0,
30000000,3_鉱物性燃料,350,12月_数量,50302,302_カナダ,2021000000,2021年,0,
30000000,3_鉱物性燃料,350,12月_数量,50304,304_アメリカ合衆国,2025000000,2025年,0,
30000000,3_鉱物性燃料,350,12月_数量,50304,304_アメリカ合衆国,2024000000,2024年,0,
30000000,3_鉱物性燃料,350,12月_数量,50304,304_アメリカ合衆国,2023000000,2023年,0,
30000000,3_鉱物性燃料,350,12月_数量,50304,304_アメリカ合衆国,2022000000,2022年,0,
30000000,3_鉱物性燃料,350,12月_数量,50304,304_アメリカ合衆国,2021000000,2021年,0,
30000000,3_鉱物性燃料,350,12月_数量,50305,305_メキシコ,2025000000,2025年,0,
30000000,3_鉱物性燃料,350,12月_数量,50305,305_メキシコ,2024000000,2024年,0,
30000000,3_鉱物性燃料,350,12月_数量,50305,305_メキシコ,2023000000,2023年,0,
30000000,3_鉱物性燃料,350,12月_数量,50305,305_メキシコ,2022000000,2022年,0,
30000000,3_鉱物性燃料,350,12月_数量,50305,305_メキシコ,2021000000,2021年,0,
30000000,3_鉱物性燃料,350,12月_数量,50309,309_エルサルバドル,2025000000,2025年,0,
30000000,3_鉱物性燃料,350,12月_数量,50309,309_エルサルバドル,2024000000,2024年,0,
30000000,3_鉱物性燃料,350,12月_数量,50309,309_エルサルバドル,2022000000,2022年,0,
30000000,3_鉱物性燃料,350,12月_数量,50311,311_コスタリカ,2025000000,2025年,0,
30000000,3_鉱物性燃料,350,12月_数量,50311,311_コスタリカ,2024000000,2024年,0,
30000000,3_鉱物性燃料,350,12月_数量,50311,311_コスタリカ,2023000000,2023年,0,
30000000,3_鉱物性燃料,350,12月_数量,50311,311_コスタリカ,2022000000,2022年,0,
30000000,3_鉱物性燃料,350,12月_数量,50311,311_コスタリカ,2021000000,2021年,0,
30000000,3_鉱物性燃料,350,12月_数量,50312,312_パナマ,2024000000,2024年,0,
30000000,3_鉱物性燃料,350,12月_数量,50312,312_パナマ,2023000000,2023年,0,
30000000,3_鉱物性燃料,350,12月_数量,50312,312_パナマ,2022000000,2022年,0,
30000000,3_鉱物性燃料,350,12月_数量,50320,320_トリニダード・トバゴ,2024000000,2024年,0,
30000000,3_鉱物性燃料,350,12月_数量,50320,320_トリニダード・トバゴ,2023000000,2023年,0,
30000000,3_鉱物性燃料,350,12月_数量,50320,320_トリニダード・トバゴ,2022000000,2022年,0,
30000000,3_鉱物性燃料,350,12月_数量,50321,321_キューバ,2023000000,2023年,0,
30000000,3_鉱物性燃料,350,12月_数量,50328,328_ケイマン諸島(英),2023000000,2023年,0,
30000000,3_鉱物性燃料,350,12月_数量,50401,401_コロンビア,2025000000,2025年,0,
30000000,3_鉱物性燃料,350,12月_数量,50401,401_コロンビア,2024000000,2024年,0,
30000000,3_鉱物性燃料,350,12月_数量,50401,401_コロンビア,2023000000,2023年,0,
30000000,3_鉱物性燃料,350,12月_数量,50401,401_コロンビア,2022000000,2022年,0,
30000000,3_鉱物性燃料,350,12月_数量,50401,401_コロンビア,2021000000,2021年,0,
30000000,3_鉱物性燃料,350,12月_数量,50406,406_エクアドル,2025000000,2025年,0,
30000000,3_鉱物性燃料,350,12月_数量,50406,406_エクアドル,2024000000,2024年,0,
30000000,3_鉱物性燃料,350,12月_数量,50406,406_エクアドル,2023000000,2023年,0,
30000000,3_鉱物性燃料,350,12月_数量,50406,406_エクアドル,2022000000,2022年,0,
30000000,3_鉱物性燃料,350,12月_数量,50406,406_エクアドル,2021000000,2021年,0,
30000000,3_鉱物性燃料,350,12月_数量,50407,407_ペルー,2025000000,2025年,0,
30000000,3_鉱物性燃料,350,12月_数量,50407,407_ペルー,2024000000,2024年,0,
30000000,3_鉱物性燃料,350,12月_数量,50407,407_ペルー,2023000000,2023年,0,
30000000,3_鉱物性燃料,350,12月_数量,50407,407_ペルー,2022000000,2022年,0,
30000000,3_鉱物性燃料,350,12月_数量,50407,407_ペルー,2021000000,2021年,0,
30000000,3_鉱物性燃料,350,12月_数量,50409,409_チリ,2023000000,2023年,0,
30000000,3_鉱物性燃料,350,12月_数量,50409,409_チリ,2022000000,2022年,0,
30000000,3_鉱物性燃料,350,12月_数量,50410,410_ブラジル,2025000000,2025年,0,
30000000,3_鉱物性燃料,350,12月_数量,50410,410_ブラジル,2024000000,2024年,0,
30000000,3_鉱物性燃料,350,12月_数量,50410,410_ブラジル,2023000000,2023年,0,
30000000,3_鉱物性燃料,350,12月_数量,50410,410_ブラジル,2022000000,2022年,0,
30000000,3_鉱物性燃料,350,12月_数量,50410,410_ブラジル,2021000000,2021年,0,
30000000,3_鉱物性燃料,350,12月_数量,50411,411_パラグアイ,2023000000,2023年,0,
30000000,3_鉱物性燃料,350,12月_数量,50412,412_ウルグアイ,2022000000,2022年,0,
30000000,3_鉱物性燃料,350,12月_数量,50413,413_アルゼンチン,2023000000,2023年,0,
30000000,3_鉱物性燃料,350,12月_数量,50503,503_アルジェリア,2025000000,2025年,0,
30000000,3_鉱物性燃料,350,12月_数量,50503,503_アルジェリア,2024000000,2024年,0,
30000000,3_鉱物性燃料,350,12月_数量,50503,503_アルジェリア,2023000000,2023年,0,
30000000,3_鉱物性燃料,350,12月_数量,50503,503_アルジェリア,2022000000,2022年,0,
30000000,3_鉱物性燃料,350,12月_数量,50503,503_アルジェリア,2021000000,2021年,0,
30000000,3_鉱物性燃料,350,12月_数量,50505,505_リビア,2021000000,2021年,0,
30000000,3_鉱物性燃料,350,12月_数量,50506,506_エジプト,2025000000,2025年,0,
30000000,3_鉱物性燃料,350,12月_数量,50506,506_エジプト,2024000000,2024年,0,
30000000,3_鉱物性燃料,350,12月_数量,50506,506_エジプト,2023000000,2023年,0,
30000000,3_鉱物性燃料,350,12月_数量,50506,506_エジプト,2022000000,2022年,0,
30000000,3_鉱物性燃料,350,12月_数量,50506,506_エジプト,2021000000,2021年,0,
30000000,3_鉱物性燃料,350,12月_数量,50524,524_ナイジェリア,2025000000,2025年,0,
30000000,3_鉱物性燃料,350,12月_数量,50524,524_ナイジェリア,2024000000,2024年,0,
30000000,3_鉱物性燃料,350,12月_数量,50524,524_ナイジェリア,2023000000,2023年,0,
30000000,3_鉱物性燃料,350,12月_数量,50524,524_ナイジェリア,2022000000,2022年,0,
30000000,3_鉱物性燃料,350,12月_数量,50524,524_ナイジェリア,2021000000,2021年,0,
30000000,3_鉱物性燃料,350,12月_数量,50525,525_ニジェール,2025000000,2025年,0,
30000000,3_鉱物性燃料,350,12月_数量,50527,527_カメルーン,2024000000,2024年,0,
30000000,3_鉱物性燃料,350,12月_数量,50530,530_赤道ギニア,2025000000,2025年,0,
30000000,3_鉱物性燃料,350,12月_数量,50530,530_赤道ギニア,2024000000,2024年,0,
30000000,3_鉱物性燃料,350,12月_数量,50530,530_赤道ギニア,2023000000,2023年,0,
30000000,3_鉱物性燃料,350,12月_数量,50530,530_赤道ギニア,2022000000,2022年,0,
30000000,3_鉱物性燃料,350,12月_数量,50530,530_赤道ギニア,2021000000,2021年,0,
30000000,3_鉱物性燃料,350,12月_数量,50535,535_アンゴラ,2022000000,2022年,0,
30000000,3_鉱物性燃料,350,12月_数量,50545,545_モザンビーク,2025000000,2025年,0,
30000000,3_鉱物性燃料,350,12月_数量,50545,545_モザンビーク,2024000000,2024年,0,
30000000,3_鉱物性燃料,350,12月_数量,50545,545_モザンビーク,2023000000,2023年,0,
30000000,3_鉱物性燃料,350,12月_数量,50545,545_モザンビーク,2022000000,2022年,0,
30000000,3_鉱物性燃料,350,12月_数量,50545,545_モザンビーク,2021000000,2021年,0,
30000000,3_鉱物性燃料,350,12月_数量,50547,547_モーリシャス,2024000000,2024年,0,
30000000,3_鉱物性燃料,350,12月_数量,50547,547_モーリシャス,2022000000,2022年,0,
30000000,3_鉱物性燃料,350,12月_数量,50547,547_モーリシャス,2021000000,2021年,0,
30000000,3_鉱物性燃料,350,12月_数量,50551,551_南アフリカ共和国,2025000000,2025年,0,
30000000,3_鉱物性燃料,350,12月_数量,50551,551_南アフリカ共和国,2024000000,2024年,0,
30000000,3_鉱物性燃料,350,12月_数量,50551,551_南アフリカ共和国,2023000000,2023年,0,
30000000,3_鉱物性燃料,350,12月_数量,50551,551_南アフリカ共和国,2022000000,2022年,0,
30000000,3_鉱物性燃料,350,12月_数量,50551,551_南アフリカ共和国,2021000000,2021年,0,
30000000,3_鉱物性燃料,350,12月_数量,50560,560_南スーダン,2025000000,2025年,0,
30000000,3_鉱物性燃料,350,12月_数量,50560,560_南スーダン,2024000000,2024年,0,
30000000,3_鉱物性燃料,350,12月_数量,50560,560_南スーダン,2023000000,2023年,0,
30000000,3_鉱物性燃料,350,12月_数量,50560,560_南スーダン,2022000000,2022年,0,
30000000,3_鉱物性燃料,350,12月_数量,50560,560_南スーダン,2021000000,2021年,0,
30000000,3_鉱物性燃料,350,12月_数量,50601,601_オーストラリア,2025000000,2025年,0,
30000000,3_鉱物性燃料,350,12月_数量,50601,601_オーストラリア,2024000000,2024年,0,
30000000,3_鉱物性燃料,350,12月_数量,50601,601_オーストラリア,2023000000,2023年,0,
30000000,3_鉱物性燃料,350,12月_数量,50601,601_オーストラリア,2022000000,2022年,0,
30000000,3_鉱物性燃料,350,12月_数量,50601,601_オーストラリア,2021000000,2021年,0,
30000000,3_鉱物性燃料,350,12月_数量,50602,602_パプアニューギニア,2025000000,2025年,0,
30000000,3_鉱物性燃料,350,12月_数量,50602,602_パプアニューギニア,2024000000,2024年,0,
30000000,3_鉱物性燃料,350,12月_数量,50602,602_パプアニューギニア,2023000000,2023年,0,
30000000,3_鉱物性燃料,350,12月_数量,50602,602_パプアニューギニア,2022000000,2022年,0,
30000000,3_鉱物性燃料,350,12月_数量,50602,602_パプアニューギニア,2021000000,2021年,0,
30000000,3_鉱物性燃料,350,12月_数量,50606,606_ニュージーランド,2025000000,2025年,0,
30000000,3_鉱物性燃料,350,12月_数量,50606,606_ニュージーランド,2024000000,2024年,0,
30000000,3_鉱物性燃料,350,12月_数量,50606,606_ニュージーランド,2023000000,2023年,0,
30000000,3_鉱物性燃料,350,12月_数量,50606,606_ニュージーランド,2022000000,2022年,0,
30000000,3_鉱物性燃料,350,12月_数量,50606,606_ニュージーランド,2021000000,2021年,0,
30000000,3_鉱物性燃料,350,12月_数量,50618,618_ニューカレドニア(仏),2024000000,2024年,0,
30000000,3_鉱物性燃料,350,12月_数量,50618,618_ニューカレドニア(仏),2023000000,2023年,0,
30000000,3_鉱物性燃料,350,12月_数量,50625,625_マーシャル,2024000000,2024年,0,
30000000,3_鉱物性燃料,350,12月_数量,50625,625_マーシャル,2022000000,2022年,0,
30000000,3_鉱物性燃料,350,12月_数量,50625,625_マーシャル,2021000000,2021年,0,
30000000,3_鉱物性燃料,350,12月_数量,50626,626_ミクロネシア,2021000000,2021年,0,
30000000,3_鉱物性燃料,350,12月_数量,50628,628_パラオ,2025000000,2025年,0,
30000000,3_鉱物性燃料,350,12月_数量,50702,702_不明,2025000000,2025年,0,
30000000,3_鉱物性燃料,350,12月_数量,50702,702_不明,2024000000,2024年,0,
30000000,3_鉱物性燃料,350,12月_数量,50702,702_不明,2023000000,2023年,0,
30000000,3_鉱物性燃料,350,12月_数量,50702,702_不明,2022000000,2022年,0,
30000000,3_鉱物性燃料,350,12月_数量,50702,702_不明,2021000000,2021年,0,
30000000,3_鉱物性燃料,360,12月_金額,50103,103_大韓民国,2025000000,2025年,61462096,千円
30000000,3_鉱物性燃料,360,12月_金額,50103,103_大韓民国,2024000000,2024年,89218668,千円
30000000,3_鉱物性燃料,360,12月_金額,50103,103_大韓民国,2023000000,2023年,89808733,千円
30000000,3_鉱物性燃料,360,12月_金額,50103,103_大韓民国,2022000000,2022年,61553322,千円
30000000,3_鉱物性燃料,360,12月_金額,50103,103_大韓民国,2021000000,2021年,65630830,千円
30000000,3_鉱物性燃料,360,12月_金額,50105,105_中華人民共和国,2025000000,2025年,28370627,千円
30000000,3_鉱物性燃料,360,12月_金額,50105,105_中華人民共和国,2024000000,2024年,34037068,千円
30000000,3_鉱物性燃料,360,12月_金額,50105,105_中華人民共和国,2023000000,2023年,29172799,千円
30000000,3_鉱物性燃料,360,12月_金額,50105,105_中華人民共和国,2022000000,2022年,29216899,千円
30000000,3_鉱物性燃料,360,12月_金額,50105,105_中華人民共和国,2021000000,2021年,17645497,千円
30000000,3_鉱物性燃料,360,12月_金額,50106,106_台湾,2025000000,2025年,1190772,千円
30000000,3_鉱物性燃料,360,12月_金額,50106,106_台湾,2024000000,2024年,998475,千円
30000000,3_鉱物性燃料,360,12月_金額,50106,106_台湾,2023000000,2023年,369694,千円
30000000,3_鉱物性燃料,360,12月_金額,50106,106_台湾,2022000000,2022年,159297,千円
30000000,3_鉱物性燃料,360,12月_金額,50106,106_台湾,2021000000,2021年,124205,千円
30000000,3_鉱物性燃料,360,12月_金額,50108,108_香港,2025000000,2025年,36508,千円
30000000,3_鉱物性燃料,360,12月_金額,50108,108_香港,2024000000,2024年,36153,千円
30000000,3_鉱物性燃料,360,12月_金額,50108,108_香港,2023000000,2023年,21974,千円
30000000,3_鉱物性燃料,360,12月_金額,50108,108_香港,2022000000,2022年,17263,千円
30000000,3_鉱物性燃料,360,12月_金額,50108,108_香港,2021000000,2021年,16116,千円
30000000,3_鉱物性燃料,360,12月_金額,50110,110_ベトナム,2025000000,2025年,2346495,千円
30000000,3_鉱物性燃料,360,12月_金額,50110,110_ベトナム,2024000000,2024年,4185711,千円
30000000,3_鉱物性燃料,360,12月_金額,50110,110_ベトナム,2023000000,2023年,2610261,千円
30000000,3_鉱物性燃料,360,12月_金額,50110,110_ベトナム,2022000000,2022年,4540310,千円
30000000,3_鉱物性燃料,360,12月_金額,50110,110_ベトナム,2021000000,2021年,2467645,千円
30000000,3_鉱物性燃料,360,12月_金額,50111,111_タイ,2025000000,2025年,128755,千円
30000000,3_鉱物性燃料,360,12月_金額,50111,111_タイ,2024000000,2024年,97388,千円
30000000,3_鉱物性燃料,360,12月_金額,50111,111_タイ,2023000000,2023年,289468,千円
30000000,3_鉱物性燃料,360,12月_金額,50111,111_タイ,2022000000,2022年,152124,千円
30000000,3_鉱物性燃料,360,12月_金額,50111,111_タイ,2021000000,2021年,190298,千円
30000000,3_鉱物性燃料,360,12月_金額,50112,112_シンガポール,2025000000,2025年,4008869,千円
30000000,3_鉱物性燃料,360,12月_金額,50112,112_シンガポール,2024000000,2024年,1730781,千円
30000000,3_鉱物性燃料,360,12月_金額,50112,112_シンガポール,2023000000,2023年,4659247,千円
30000000,3_鉱物性燃料,360,12月_金額,50112,112_シンガポール,2022000000,2022年,7612256,千円
30000000,3_鉱物性燃料,360,12月_金額,50112,112_シンガポール,2021000000,2021年,20838244,千円
30000000,3_鉱物性燃料,360,12月_金額,50113,113_マレーシア,2025000000,2025年,73068774,千円
30000000,3_鉱物性燃料,360,12月_金額,50113,113_マレーシア,2024000000,2024年,105740724,千円
30000000,3_鉱物性燃料,360,12月_金額,50113,113_マレーシア,2023000000,2023年,118951196,千円
30000000,3_鉱物性燃料,360,12月_金額,50113,113_マレーシア,2022000000,2022年,131929572,千円
30000000,3_鉱物性燃料,360,12月_金額,50113,113_マレーシア,2021000000,2021年,91442115,千円
30000000,3_鉱物性燃料,360,12月_金額,50116,116_ブルネイ,2025000000,2025年,26358311,千円
30000000,3_鉱物性燃料,360,12月_金額,50116,116_ブルネイ,2024000000,2024年,8183148,千円
30000000,3_鉱物性燃料,360,12月_金額,50116,116_ブルネイ,2023000000,2023年,12974453,千円
30000000,3_鉱物性燃料,360,12月_金額,50116,116_ブルネイ,2022000000,2022年,40646831,千円
30000000,3_鉱物性燃料,360,12月_金額,50116,116_ブルネイ,2021000000,2021年,28725630,千円
30000000,3_鉱物性燃料,360,12月_金額,50117,117_フィリピン,2025000000,2025年,0,千円
30000000,3_鉱物性燃料,360,12月_金額,50117,117_フィリピン,2024000000,2024年,3401,千円
30000000,3_鉱物性燃料,360,12月_金額,50117,117_フィリピン,2023000000,2023年,855835,千円
30000000,3_鉱物性燃料,360,12月_金額,50117,117_フィリピン,2022000000,2022年,1867,千円
30000000,3_鉱物性燃料,360,12月_金額,50117,117_フィリピン,2021000000,2021年,0,千円
30000000,3_鉱物性燃料,360,12月_金額,50118,118_インドネシア,2025000000,2025年,90757119,千円
30000000,3_鉱物性燃料,360,12月_金額,50118,118_インドネシア,2024000000,2024年,92973212,千円
30000000,3_鉱物性燃料,360,12月_金額,50118,118_インドネシア,2023000000,2023年,78644806,千円
30000000,3_鉱物性燃料,360,12月_金額,50118,118_インドネシア,2022000000,2022年,157035740,千円
30000000,3_鉱物性燃料,360,12月_金額,50118,118_インドネシア,2021000000,2021年,58817942,千円
30000000,3_鉱物性燃料,360,12月_金額,50123,123_インド,2025000000,2025年,32819,千円
30000000,3_鉱物性燃料,360,12月_金額,50123,123_インド,2024000000,2024年,1883,千円
30000000,3_鉱物性燃料,360,12月_金額,50123,123_インド,2023000000,2023年,0,千円
30000000,3_鉱物性燃料,360,12月_金額,50123,123_インド,2022000000,2022年,3677321,千円
30000000,3_鉱物性燃料,360,12月_金額,50123,123_インド,2021000000,2021年,7800477,千円
30000000,3_鉱物性燃料,360,12月_金額,50124,124_パキスタン,2025000000,2025年,0,千円
30000000,3_鉱物性燃料,360,12月_金額,50124,124_パキスタン,2023000000,2023年,0,千円
30000000,3_鉱物性燃料,360,12月_金額,50124,124_パキスタン,2022000000,2022年,3219322,千円
30000000,3_鉱物性燃料,360,12月_金額,50124,124_パキスタン,2021000000,2021年,2104800,千円
30000000,3_鉱物性燃料,360,12月_金額,50125,125_スリランカ,2025000000,2025年,0,千円
30000000,3_鉱物性燃料,360,12月_金額,50125,125_スリランカ,2024000000,2024年,3287,千円
30000000,3_鉱物性燃料,360,12月_金額,50125,125_スリランカ,2023000000,2023年,0,千円
30000000,3_鉱物性燃料,360,12月_金額,50125,125_スリランカ,2022000000,2022年,1081,千円
30000000,3_鉱物性燃料,360,12月_金額,50125,125_スリランカ,2021000000,2021年,0,千円
30000000,3_鉱物性燃料,360,12月_金額,50126,126_モルディブ,2022000000,2022年,0,千円
30000000,3_鉱物性燃料,360,12月_金額,50127,127_バングラデシュ,2024000000,2024年,971,千円
30000000,3_鉱物性燃料,360,12月_金額,50128,128_東ティモール,2025000000,2025年,0,千円
30000000,3_鉱物性燃料,360,12月_金額,50128,128_東ティモール,2023000000,2023年,0,千円
30000000,3_鉱物性燃料,360,12月_金額,50128,128_東ティモール,2022000000,2022年,1033124,千円
30000000,3_鉱物性燃料,360,12月_金額,50128,128_東ティモール,2021000000,2021年,0,千円
30000000,3_鉱物性燃料,360,12月_金額,50134,134_イラク,2025000000,2025年,0,千円
30000000,3_鉱物性燃料,360,12月_金額,50134,134_イラク,2024000000,2024年,241949,千円
30000000,3_鉱物性燃料,360,12月_金額,50134,134_イラク,2023000000,2023年,0,千円
30000000,3_鉱物性燃料,360,12月_金額,50134,134_イラク,2021000000,2021年,1324556,千円
30000000,3_鉱物性燃料,360,12月_金額,50135,135_バーレーン,2025000000,2025年,4020458,千円
30000000,3_鉱物性燃料,360,12月_金額,50135,135_バーレーン,2024000000,2024年,0,千円
30000000,3_鉱物性燃料,360,12月_金額,50135,135_バーレーン,2023000000,2023年,6399213,千円
30000000,3_鉱物性燃料,360,12月_金額,50135,135_バーレーン,2022000000,2022年,7727882,千円
30000000,3_鉱物性燃料,360,12月_金額,50135,135_バーレーン,2021000000,2021年,16677624,千円
30000000,3_鉱物性燃料,360,12月_金額,50137,137_サウジアラビア,2025000000,2025年,387755723,千円
30000000,3_鉱物性燃料,360,12月_金額,50137,137_サウジアラビア,2024000000,2024年,437508820,千円
30000000,3_鉱物性燃料,360,12月_金額,50137,137_サウジアラビア,2023000000,2023年,486484134,千円
30000000,3_鉱物性燃料,360,12月_金額,50137,137_サウジアラビア,2022000000,2022年,517893560,千円
30000000,3_鉱物性燃料,360,12月_金額,50137,137_サウジアラビア,2021000000,2021年,383371565,千円
30000000,3_鉱物性燃料,360,12月_金額,50138,138_クウェート,2025000000,2025年,87349591,千円
30000000,3_鉱物性燃料,360,12月_金額,50138,138_クウェート,2024000000,2024年,100711309,千円
30000000,3_鉱物性燃料,360,12月_金額,50138,138_クウェート,2023000000,2023年,122622148,千円
30000000,3_鉱物性燃料,360,12月_金額,50138,138_クウェート,2022000000,2022年,110492669,千円
30000000,3_鉱物性燃料,360,12月_金額,50138,138_クウェート,2021000000,2021年,78583923,千円
30000000,3_鉱物性燃料,360,12月_金額,50140,140_カタール,2025000000,2025年,75250864,千円
30000000,3_鉱物性燃料,360,12月_金額,50140,140_カタール,2024000000,2024年,90706026,千円
30000000,3_鉱物性燃料,360,12月_金額,50140,140_カタール,2023000000,2023年,107268957,千円
30000000,3_鉱物性燃料,360,12月_金額,50140,140_カタール,2022000000,2022年,125083468,千円
30000000,3_鉱物性燃料,360,12月_金額,50140,140_カタール,2021000000,2021年,141137968,千円
30000000,3_鉱物性燃料,360,12月_金額,50141,141_オマーン,2025000000,2025年,40236989,千円
30000000,3_鉱物性燃料,360,12月_金額,50141,141_オマーン,2024000000,2024年,43868632,千円
30000000,3_鉱物性燃料,360,12月_金額,50141,141_オマーン,2023000000,2023年,35585887,千円
30000000,3_鉱物性燃料,360,12月_金額,50141,141_オマーン,2022000000,2022年,34138528,千円
30000000,3_鉱物性燃料,360,12月_金額,50141,141_オマーン,2021000000,2021年,12339901,千円
30000000,3_鉱物性燃料,360,12月_金額,50143,143_イスラエル,2025000000,2025年,2430,千円
30000000,3_鉱物性燃料,360,12月_金額,50143,143_イスラエル,2024000000,2024年,4394,千円
30000000,3_鉱物性燃料,360,12月_金額,50143,143_イスラエル,2023000000,2023年,1337,千円
30000000,3_鉱物性燃料,360,12月_金額,50143,143_イスラエル,2022000000,2022年,4872,千円
30000000,3_鉱物性燃料,360,12月_金額,50143,143_イスラエル,2021000000,2021年,3583,千円
30000000,3_鉱物性燃料,360,12月_金額,50147,147_アラブ首長国連邦,2025000000,2025年,460938766,千円
30000000,3_鉱物性燃料,360,12月_金額,50147,147_アラブ首長国連邦,2024000000,2024年,513177409,千円
30000000,3_鉱物性燃料,360,12月_金額,50147,147_アラブ首長国連邦,2023000000,2023年,540171731,千円
30000000,3_鉱物性燃料,360,12月_金額,50147,147_アラブ首長国連邦,2022000000,2022年,497596994,千円
30000000,3_鉱物性燃料,360,12月_金額,50147,147_アラブ首長国連邦,2021000000,2021年,353253596,千円
30000000,3_鉱物性燃料,360,12月_金額,50153,153_カザフスタン,2025000000,2025年,2661844,千円
30000000,3_鉱物性燃料,360,12月_金額,50153,153_カザフスタン,2024000000,2024年,1621650,千円
30000000,3_鉱物性燃料,360,12月_金額,50153,153_カザフスタン,2023000000,2023年,0,千円
30000000,3_鉱物性燃料,360,12月_金額,50153,153_カザフスタン,2022000000,2022年,0,千円
30000000,3_鉱物性燃料,360,12月_金額,50153,153_カザフスタン,2021000000,2021年,0,千円
30000000,3_鉱物性燃料,360,12月_金額,50202,202_ノルウェー,2025000000,2025年,741,千円
30000000,3_鉱物性燃料,360,12月_金額,50202,202_ノルウェー,2024000000,2024年,0,千円
30000000,3_鉱物性燃料,360,12月_金額,50202,202_ノルウェー,2023000000,2023年,2314,千円
30000000,3_鉱物性燃料,360,12月_金額,50202,202_ノルウェー,2022000000,2022年,11327,千円
30000000,3_鉱物性燃料,360,12月_金額,50202,202_ノルウェー,2021000000,2021年,3131,千円
30000000,3_鉱物性燃料,360,12月_金額,50203,203_スウェーデン,2025000000,2025年,1850,千円
30000000,3_鉱物性燃料,360,12月_金額,50203,203_スウェーデン,2024000000,2024年,15136,千円
30000000,3_鉱物性燃料,360,12月_金額,50203,203_スウェーデン,2023000000,2023年,17884,千円
30000000,3_鉱物性燃料,360,12月_金額,50203,203_スウェーデン,2022000000,2022年,11460,千円
30000000,3_鉱物性燃料,360,12月_金額,50203,203_スウェーデン,2021000000,2021年,20205,千円
30000000,3_鉱物性燃料,360,12月_金額,50204,204_デンマーク,2025000000,2025年,1260,千円
30000000,3_鉱物性燃料,360,12月_金額,50204,204_デンマーク,2024000000,2024年,14407,千円
30000000,3_鉱物性燃料,360,12月_金額,50204,204_デンマーク,2023000000,2023年,13517,千円
30000000,3_鉱物性燃料,360,12月_金額,50204,204_デンマーク,2022000000,2022年,657,千円
30000000,3_鉱物性燃料,360,12月_金額,50204,204_デンマーク,2021000000,2021年,3000,千円
30000000,3_鉱物性燃料,360,12月_金額,50205,205_英国,2025000000,2025年,91621,千円
30000000,3_鉱物性燃料,360,12月_金額,50205,205_英国,2024000000,2024年,124960,千円
30000000,3_鉱物性燃料,360,12月_金額,50205,205_英国,2023000000,2023年,237237,千円
30000000,3_鉱物性燃料,360,12月_金額,50205,205_英国,2022000000,2022年,59963,千円
30000000,3_鉱物性燃料,360,12月_金額,50205,205_英国,2021000000,2021年,42879,千円
30000000,3_鉱物性燃料,360,12月_金額,50206,206_アイルランド,2025000000,2025年,6116,千円
30000000,3_鉱物性燃料,360,12月_金額,50206,206_アイルランド,2024000000,2024年,13624,千円
30000000,3_鉱物性燃料,360,12月_金額,50206,206_アイルランド,2023000000,2023年,7095,千円
30000000,3_鉱物性燃料,360,12月_金額,50206,206_アイルランド,2022000000,2022年,9642,千円
30000000,3_鉱物性燃料,360,12月_金額,50206,206_アイルランド,2021000000,2021年,4913,千円
30000000,3_鉱物性燃料,360,12月_金額,50207,207_オランダ,2025000000,2025年,78178,千円
30000000,3_鉱物性燃料,360,12月_金額,50207,207_オランダ,2024000000,2024年,32367,千円
30000000,3_鉱物性燃料,360,12月_金額,50207,207_オランダ,2023000000,2023年,18833,千円
30000000,3_鉱物性燃料,360,12月_金額,50207,207_オランダ,2022000000,2022年,23518,千円
30000000,3_鉱物性燃料,360,12月_金額,50207,207_オランダ,2021000000,2021年,782377,千円
30000000,3_鉱物性燃料,360,12月_金額,50208,208_ベルギー,2025000000,2025年,23638,千円
30000000,3_鉱物性燃料,360,12月_金額,50208,208_ベルギー,2024000000,2024年,322235,千円
30000000,3_鉱物性燃料,360,12月_金額,50208,208_ベルギー,2023000000,2023年,44997,千円
30000000,3_鉱物性燃料,360,12月_金額,50208,208_ベルギー,2022000000,2022年,4130701,千円
30000000,3_鉱物性燃料,360,12月_金額,50208,208_ベルギー,2021000000,2021年,135997,千円
30000000,3_鉱物性燃料,360,12月_金額,50209,209_ルクセンブルク,2025000000,2025年,0,千円
30000000,3_鉱物性燃料,360,12月_金額,50209,209_ルクセンブルク,2021000000,2021年,0,千円
30000000,3_鉱物性燃料,360,12月_金額,50210,210_フランス,2025000000,2025年,4039100,千円
30000000,3_鉱物性燃料,360,12月_金額,50210,210_フランス,2024000000,2024年,491887,千円
30000000,3_鉱物性燃料,360,12月_金額,50210,210_フランス,2023000000,2023年,574976,千円
30000000,3_鉱物性燃料,360,12月_金額,50210,210_フランス,2022000000,2022年,348232,千円
30000000,3_鉱物性燃料,360,12月_金額,50210,210_フランス,2021000000,2021年,5869249,千円
30000000,3_鉱物性燃料,360,12月_金額,50213,213_ドイツ,2025000000,2025年,334501,千円
30000000,3_鉱物性燃料,360,12月_金額,50213,213_ドイツ,2024000000,2024年,366428,千円
30000000,3_鉱物性燃料,360,12月_金額,50213,213_ドイツ,2023000000,2023年,195091,千円
30000000,3_鉱物性燃料,360,12月_金額,50213,213_ドイツ,2022000000,2022年,403359,千円
30000000,3_鉱物性燃料,360,12月_金額,50213,213_ドイツ,2021000000,2021年,301850,千円
30000000,3_鉱物性燃料,360,12月_金額,50215,215_スイス,2025000000,2025年,26250,千円
30000000,3_鉱物性燃料,360,12月_金額,50215,215_スイス,2024000000,2024年,58305,千円
30000000,3_鉱物性燃料,360,12月_金額,50215,215_スイス,2023000000,2023年,26976,千円
30000000,3_鉱物性燃料,360,12月_金額,50215,215_スイス,2022000000,2022年,25776,千円
30000000,3_鉱物性燃料,360,12月_金額,50215,215_スイス,2021000000,2021年,18303,千円
30000000,3_鉱物性燃料,360,12月_金額,50218,218_スペイン,2025000000,2025年,465739,千円
30000000,3_鉱物性燃料,360,12月_金額,50218,218_スペイン,2024000000,2024年,47126,千円
30000000,3_鉱物性燃料,360,12月_金額,50218,218_スペイン,2023000000,2023年,5656887,千円
30000000,3_鉱物性燃料,360,12月_金額,50218,218_スペイン,2022000000,2022年,21881,千円
30000000,3_鉱物性燃料,360,12月_金額,50218,218_スペイン,2021000000,2021年,4981355,千円
30000000,3_鉱物性燃料,360,12月_金額,50220,220_イタリア,2025000000,2025年,80629,千円
30000000,3_鉱物性燃料,360,12月_金額,50220,220_イタリア,2024000000,2024年,40197,千円
30000000,3_鉱物性燃料,360,12月_金額,50220,220_イタリア,2023000000,2023年,3410531,千円
30000000,3_鉱物性燃料,360,12月_金額,50220,220_イタリア,2022000000,2022年,932247,千円
30000000,3_鉱物性燃料,360,12月_金額,50220,220_イタリア,2021000000,2021年,82766,千円
30000000,3_鉱物性燃料,360,12月_金額,50221,221_マルタ,2023000000,2023年,0,千円
30000000,3_鉱物性燃料,360,12月_金額,50221,221_マルタ,2021000000,2021年,0,千円
30000000,3_鉱物性燃料,360,12月_金額,50222,222_フィンランド,2025000000,2025年,4438,千円
30000000,3_鉱物性燃料,360,12月_金額,50222,222_フィンランド,2024000000,2024年,3223,千円
30000000,3_鉱物性燃料,360,12月_金額,50222,222_フィンランド,2023000000,2023年,1138,千円
30000000,3_鉱物性燃料,360,12月_金額,50222,222_フィンランド,2022000000,2022年,4898,千円
30000000,3_鉱物性燃料,360,12月_金額,50222,222_フィンランド,2021000000,2021年,1580,千円
30000000,3_鉱物性燃料,360,12月_金額,50223,223_ポーランド,2025000000,2025年,0,千円
30000000,3_鉱物性燃料,360,12月_金額,50223,223_ポーランド,2024000000,2024年,0,千円
30000000,3_鉱物性燃料,360,12月_金額,50223,223_ポーランド,2023000000,2023年,0,千円
30000000,3_鉱物性燃料,360,12月_金額,50223,223_ポーランド,2022000000,2022年,0,千円
30000000,3_鉱物性燃料,360,12月_金額,50223,223_ポーランド,2021000000,2021年,67720,千円
30000000,3_鉱物性燃料,360,12月_金額,50224,224_ロシア,2025000000,2025年,46797287,千円
30000000,3_鉱物性燃料,360,12月_金額,50224,224_ロシア,2024000000,2024年,54533362,千円
30000000,3_鉱物性燃料,360,12月_金額,50224,224_ロシア,2023000000,2023年,87636760,千円
30000000,3_鉱物性燃料,360,12月_金額,50224,224_ロシア,2022000000,2022年,100521620,千円
30000000,3_鉱物性燃料,360,12月_金額,50224,224_ロシア,2021000000,2021年,128701068,千円
30000000,3_鉱物性燃料,360,12月_金額,50225,225_オーストリア,2025000000,2025年,1237,千円
30000000,3_鉱物性燃料,360,12月_金額,50225,225_オーストリア,2024000000,2024年,0,千円
30000000,3_鉱物性燃料,360,12月_金額,50225,225_オーストリア,2023000000,2023年,3684,千円
30000000,3_鉱物性燃料,360,12月_金額,50225,225_オーストリア,2022000000,2022年,2889,千円
30000000,3_鉱物性燃料,360,12月_金額,50225,225_オーストリア,2021000000,2021年,1274,千円
30000000,3_鉱物性燃料,360,12月_金額,50227,227_ハンガリー,2025000000,2025年,420,千円
30000000,3_鉱物性燃料,360,12月_金額,50227,227_ハンガリー,2023000000,2023年,0,千円
30000000,3_鉱物性燃料,360,12月_金額,50227,227_ハンガリー,2021000000,2021年,271,千円
30000000,3_鉱物性燃料,360,12月_金額,50228,228_セルビア,2022000000,2022年,0,千円
30000000,3_鉱物性燃料,360,12月_金額,50228,228_セルビア,2021000000,2021年,0,千円
30000000,3_鉱物性燃料,360,12月_金額,50230,230_ギリシャ,2025000000,2025年,0,千円
30000000,3_鉱物性燃料,360,12月_金額,50230,230_ギリシャ,2024000000,2024年,431,千円
30000000,3_鉱物性燃料,360,12月_金額,50230,230_ギリシャ,2023000000,2023年,0,千円
30000000,3_鉱物性燃料,360,12月_金額,50230,230_ギリシャ,2022000000,2022年,0,千円
30000000,3_鉱物性燃料,360,12月_金額,50230,230_ギリシャ,2021000000,2021年,0,千円
30000000,3_鉱物性燃料,360,12月_金額,50231,231_ルーマニア,2025000000,2025年,274,千円
30000000,3_鉱物性燃料,360,12月_金額,50231,231_ルーマニア,2021000000,2021年,0,千円
30000000,3_鉱物性燃料,360,12月_金額,50232,232_ブルガリア,2023000000,2023年,0,千円
30000000,3_鉱物性燃料,360,12月_金額,50232,232_ブルガリア,2022000000,2022年,0,千円
30000000,3_鉱物性燃料,360,12月_金額,50234,234_トルコ,2025000000,2025年,0,千円
30000000,3_鉱物性燃料,360,12月_金額,50234,234_トルコ,2024000000,2024年,0,千円
30000000,3_鉱物性燃料,360,12月_金額,50234,234_トルコ,2023000000,2023年,0,千円
30000000,3_鉱物性燃料,360,12月_金額,50234,234_トルコ,2022000000,2022年,0,千円
30000000,3_鉱物性燃料,360,12月_金額,50234,234_トルコ,2021000000,2021年,6265,千円
30000000,3_鉱物性燃料,360,12月_金額,50235,235_エストニア,2025000000,2025年,37001,千円
30000000,3_鉱物性燃料,360,12月_金額,50235,235_エストニア,2024000000,2024年,9732,千円
30000000,3_鉱物性燃料,360,12月_金額,50235,235_エストニア,2023000000,2023年,7765,千円
30000000,3_鉱物性燃料,360,12月_金額,50235,235_エストニア,2022000000,2022年,15181,千円
30000000,3_鉱物性燃料,360,12月_金額,50235,235_エストニア,2021000000,2021年,22911,千円
30000000,3_鉱物性燃料,360,12月_金額,50236,236_ラトビア,2025000000,2025年,83035,千円
30000000,3_鉱物性燃料,360,12月_金額,50236,236_ラトビア,2024000000,2024年,130096,千円
30000000,3_鉱物性燃料,360,12月_金額,50236,236_ラトビア,2023000000,2023年,116806,千円
30000000,3_鉱物性燃料,360,12月_金額,50236,236_ラトビア,2022000000,2022年,161361,千円
30000000,3_鉱物性燃料,360,12月_金額,50236,236_ラトビア,2021000000,2021年,130263,千円
30000000,3_鉱物性燃料,360,12月_金額,50237,237_リトアニア,2025000000,2025年,11568,千円
30000000,3_鉱物性燃料,360,12月_金額,50237,237_リトアニア,2024000000,2024年,29672,千円
30000000,3_鉱物性燃料,360,12月_金額,50237,237_リトアニア,2023000000,2023年,50328,千円
30000000,3_鉱物性燃料,360,12月_金額,50237,237_リトアニア,2022000000,2022年,57735,千円
30000000,3_鉱物性燃料,360,12月_金額,50237,237_リトアニア,2021000000,2021年,17589,千円
30000000,3_鉱物性燃料,360,12月_金額,50238,238_ウクライナ,2025000000,2025年,0,千円
30000000,3_鉱物性燃料,360,12月_金額,50238,238_ウクライナ,2024000000,2024年,0,千円
30000000,3_鉱物性燃料,360,12月_金額,50238,238_ウクライナ,2023000000,2023年,0,千円
30000000,3_鉱物性燃料,360,12月_金額,50238,238_ウクライナ,2022000000,2022年,315,千円
30000000,3_鉱物性燃料,360,12月_金額,50238,238_ウクライナ,2021000000,2021年,0,千円
30000000,3_鉱物性燃料,360,12月_金額,50241,241_クロアチア,2025000000,2025年,0,千円
30000000,3_鉱物性燃料,360,12月_金額,50241,241_クロアチア,2021000000,2021年,0,千円
30000000,3_鉱物性燃料,360,12月_金額,50245,245_チェコ,2025000000,2025年,0,千円
30000000,3_鉱物性燃料,360,12月_金額,50245,245_チェコ,2024000000,2024年,0,千円
30000000,3_鉱物性燃料,360,12月_金額,50245,245_チェコ,2023000000,2023年,0,千円
30000000,3_鉱物性燃料,360,12月_金額,50245,245_チェコ,2021000000,2021年,0,千円
30000000,3_鉱物性燃料,360,12月_金額,50246,246_スロバキア,2023000000,2023年,0,千円
30000000,3_鉱物性燃料,360,12月_金額,50302,302_カナダ,2025000000,2025年,36025199,千円
30000000,3_鉱物性燃料,360,12月_金額,50302,302_カナダ,2024000000,2024年,46920600,千円
30000000,3_鉱物性燃料,360,12月_金額,50302,302_カナダ,2023000000,2023年,69286942,千円
30000000,3_鉱物性燃料,360,12月_金額,50302,302_カナダ,2022000000,2022年,56972039,千円
30000000,3_鉱物性燃料,360,12月_金額,50302,302_カナダ,2021000000,2021年,19685573,千円
30000000,3_鉱物性燃料,360,12月_金額,50304,304_アメリカ合衆国,2025000000,2025年,214506703,千円
30000000,3_鉱物性燃料,360,12月_金額,50304,304_アメリカ合衆国,2024000000,2024年,187241186,千円
30000000,3_鉱物性燃料,360,12月_金額,50304,304_アメリカ合衆国,2023000000,2023年,188476325,千円
30000000,3_鉱物性燃料,360,12月_金額,50304,304_アメリカ合衆国,2022000000,2022年,240244372,千円
30000000,3_鉱物性燃料,360,12月_金額,50304,304_アメリカ合衆国,2021000000,2021年,159229133,千円
30000000,3_鉱物性燃料,360,12月_金額,50305,305_メキシコ,2025000000,2025年,0,千円
30000000,3_鉱物性燃料,360,12月_金額,50305,305_メキシコ,2024000000,2024年,0,千円
30000000,3_鉱物性燃料,360,12月_金額,50305,305_メキシコ,2023000000,2023年,0,千円
30000000,3_鉱物性燃料,360,12月_金額,50305,305_メキシコ,2022000000,2022年,0,千円
30000000,3_鉱物性燃料,360,12月_金額,50305,305_メキシコ,2021000000,2021年,0,千円
30000000,3_鉱物性燃料,360,12月_金額,50309,309_エルサルバドル,2025000000,2025年,0,千円
30000000,3_鉱物性燃料,360,12月_金額,50309,309_エルサルバドル,2024000000,2024年,0,千円
30000000,3_鉱物性燃料,360,12月_金額,50309,309_エルサルバドル,2022000000,2022年,0,千円
30000000,3_鉱物性燃料,360,12月_金額,50311,311_コスタリカ,2025000000,2025年,733,千円
30000000,3_鉱物性燃料,360,12月_金額,50311,311_コスタリカ,2024000000,2024年,527,千円
30000000,3_鉱物性燃料,360,12月_金額,50311,311_コスタリカ,2023000000,2023年,1168,千円
30000000,3_鉱物性燃料,360,12月_金額,50311,311_コスタリカ,2022000000,2022年,780,千円
30000000,3_鉱物性燃料,360,12月_金額,50311,311_コスタリカ,2021000000,2021年,651,千円
30000000,3_鉱物性燃料,360,12月_金額,50312,312_パナマ,2024000000,2024年,0,千円
30000000,3_鉱物性燃料,360,12月_金額,50312,312_パナマ,2023000000,2023年,0,千円
30000000,3_鉱物性燃料,360,12月_金額,50312,312_パナマ,2022000000,2022年,0,千円
30000000,3_鉱物性燃料,360,12月_金額,50320,320_トリニダード・トバゴ,2024000000,2024年,0,千円
30000000,3_鉱物性燃料,360,12月_金額,50320,320_トリニダード・トバゴ,2023000000,2023年,0,千円
30000000,3_鉱物性燃料,360,12月_金額,50320,320_トリニダード・トバゴ,2022000000,2022年,0,千円
30000000,3_鉱物性燃料,360,12月_金額,50321,321_キューバ,2023000000,2023年,792,千円
30000000,3_鉱物性燃料,360,12月_金額,50328,328_ケイマン諸島(英),2023000000,2023年,0,千円
30000000,3_鉱物性燃料,360,12月_金額,50401,401_コロンビア,2025000000,2025年,5685789,千円
30000000,3_鉱物性燃料,360,12月_金額,50401,401_コロンビア,2024000000,2024年,2845451,千円
30000000,3_鉱物性燃料,360,12月_金額,50401,401_コロンビア,2023000000,2023年,3282835,千円
30000000,3_鉱物性燃料,360,12月_金額,50401,401_コロンビア,2022000000,2022年,1675158,千円
30000000,3_鉱物性燃料,360,12月_金額,50401,401_コロンビア,2021000000,2021年,1454880,千円
30000000,3_鉱物性燃料,360,12月_金額,50406,406_エクアドル,2025000000,2025年,11558582,千円
30000000,3_鉱物性燃料,360,12月_金額,50406,406_エクアドル,2024000000,2024年,9297644,千円
30000000,3_鉱物性燃料,360,12月_金額,50406,406_エクアドル,2023000000,2023年,7325389,千円
30000000,3_鉱物性燃料,360,12月_金額,50406,406_エクアドル,2022000000,2022年,26693344,千円
30000000,3_鉱物性燃料,360,12月_金額,50406,406_エクアドル,2021000000,2021年,14622045,千円
30000000,3_鉱物性燃料,360,12月_金額,50407,407_ペルー,2025000000,2025年,8627607,千円
30000000,3_鉱物性燃料,360,12月_金額,50407,407_ペルー,2024000000,2024年,10295858,千円
30000000,3_鉱物性燃料,360,12月_金額,50407,407_ペルー,2023000000,2023年,3811698,千円
30000000,3_鉱物性燃料,360,12月_金額,50407,407_ペルー,2022000000,2022年,5876106,千円
30000000,3_鉱物性燃料,360,12月_金額,50407,407_ペルー,2021000000,2021年,8378914,千円
30000000,3_鉱物性燃料,360,12月_金額,50409,409_チリ,2023000000,2023年,877,千円
30000000,3_鉱物性燃料,360,12月_金額,50409,409_チリ,2022000000,2022年,0,千円
30000000,3_鉱物性燃料,360,12月_金額,50410,410_ブラジル,2025000000,2025年,0,千円
30000000,3_鉱物性燃料,360,12月_金額,50410,410_ブラジル,2024000000,2024年,0,千円
30000000,3_鉱物性燃料,360,12月_金額,50410,410_ブラジル,2023000000,2023年,494,千円
30000000,3_鉱物性燃料,360,12月_金額,50410,410_ブラジル,2022000000,2022年,59889,千円
30000000,3_鉱物性燃料,360,12月_金額,50410,410_ブラジル,2021000000,2021年,34012,千円
30000000,3_鉱物性燃料,360,12月_金額,50411,411_パラグアイ,2023000000,2023年,0,千円
30000000,3_鉱物性燃料,360,12月_金額,50412,412_ウルグアイ,2022000000,2022年,0,千円
30000000,3_鉱物性燃料,360,12月_金額,50413,413_アルゼンチン,2023000000,2023年,1067,千円
30000000,3_鉱物性燃料,360,12月_金額,50503,503_アルジェリア,2025000000,2025年,0,千円
30000000,3_鉱物性燃料,360,12月_金額,50503,503_アルジェリア,2024000000,2024年,0,千円
30000000,3_鉱物性燃料,360,12月_金額,50503,503_アルジェリア,2023000000,2023年,0,千円
30000000,3_鉱物性燃料,360,12月_金額,50503,503_アルジェリア,2022000000,2022年,16820514,千円
30000000,3_鉱物性燃料,360,12月_金額,50503,503_アルジェリア,2021000000,2021年,7205614,千円
30000000,3_鉱物性燃料,360,12月_金額,50505,505_リビア,2021000000,2021年,0,千円
30000000,3_鉱物性燃料,360,12月_金額,50506,506_エジプト,2025000000,2025年,568,千円
30000000,3_鉱物性燃料,360,12月_金額,50506,506_エジプト,2024000000,2024年,3176,千円
30000000,3_鉱物性燃料,360,12月_金額,50506,506_エジプト,2023000000,2023年,5155,千円
30000000,3_鉱物性燃料,360,12月_金額,50506,506_エジプト,2022000000,2022年,0,千円
30000000,3_鉱物性燃料,360,12月_金額,50506,506_エジプト,2021000000,2021年,8073188,千円
30000000,3_鉱物性燃料,360,12月_金額,50524,524_ナイジェリア,2025000000,2025年,12606583,千円
30000000,3_鉱物性燃料,360,12月_金額,50524,524_ナイジェリア,2024000000,2024年,0,千円
30000000,3_鉱物性燃料,360,12月_金額,50524,524_ナイジェリア,2023000000,2023年,0,千円
30000000,3_鉱物性燃料,360,12月_金額,50524,524_ナイジェリア,2022000000,2022年,9703822,千円
30000000,3_鉱物性燃料,360,12月_金額,50524,524_ナイジェリア,2021000000,2021年,14155582,千円
30000000,3_鉱物性燃料,360,12月_金額,50525,525_ニジェール,2025000000,2025年,0,千円
30000000,3_鉱物性燃料,360,12月_金額,50527,527_カメルーン,2024000000,2024年,0,千円
30000000,3_鉱物性燃料,360,12月_金額,50530,530_赤道ギニア,2025000000,2025年,6014338,千円
30000000,3_鉱物性燃料,360,12月_金額,50530,530_赤道ギニア,2024000000,2024年,0,千円
30000000,3_鉱物性燃料,360,12月_金額,50530,530_赤道ギニア,2023000000,2023年,8797432,千円
30000000,3_鉱物性燃料,360,12月_金額,50530,530_赤道ギニア,2022000000,2022年,0,千円
30000000,3_鉱物性燃料,360,12月_金額,50530,530_赤道ギニア,2021000000,2021年,0,千円
30000000,3_鉱物性燃料,360,12月_金額,50535,535_アンゴラ,2022000000,2022年,15950041,千円
30000000,3_鉱物性燃料,360,12月_金額,50545,545_モザンビーク,2025000000,2025年,0,千円
30000000,3_鉱物性燃料,360,12月_金額,50545,545_モザンビーク,2024000000,2024年,0,千円
30000000,3_鉱物性燃料,360,12月_金額,50545,545_モザンビーク,2023000000,2023年,0,千円
30000000,3_鉱物性燃料,360,12月_金額,50545,545_モザンビーク,2022000000,2022年,1740214,千円
30000000,3_鉱物性燃料,360,12月_金額,50545,545_モザンビーク,2021000000,2021年,2538379,千円
30000000,3_鉱物性燃料,360,12月_金額,50547,547_モーリシャス,2024000000,2024年,0,千円
30000000,3_鉱物性燃料,360,12月_金額,50547,547_モーリシャス,2022000000,2022年,0,千円
30000000,3_鉱物性燃料,360,12月_金額,50547,547_モーリシャス,2021000000,2021年,0,千円
30000000,3_鉱物性燃料,360,12月_金額,50551,551_南アフリカ共和国,2025000000,2025年,7409277,千円
30000000,3_鉱物性燃料,360,12月_金額,50551,551_南アフリカ共和国,2024000000,2024年,11240467,千円
30000000,3_鉱物性燃料,360,12月_金額,50551,551_南アフリカ共和国,2023000000,2023年,10948557,千円
30000000,3_鉱物性燃料,360,12月_金額,50551,551_南アフリカ共和国,2022000000,2022年,14840315,千円
30000000,3_鉱物性燃料,360,12月_金額,50551,551_南アフリカ共和国,2021000000,2021年,146151,千円
30000000,3_鉱物性燃料,360,12月_金額,50560,560_南スーダン,2025000000,2025年,3086673,千円
30000000,3_鉱物性燃料,360,12月_金額,50560,560_南スーダン,2024000000,2024年,0,千円
30000000,3_鉱物性燃料,360,12月_金額,50560,560_南スーダン,2023000000,2023年,0,千円
30000000,3_鉱物性燃料,360,12月_金額,50560,560_南スーダン,2022000000,2022年,0,千円
30000000,3_鉱物性燃料,360,12月_金額,50560,560_南スーダン,2021000000,2021年,913682,千円
30000000,3_鉱物性燃料,360,12月_金額,50601,601_オーストラリア,2025000000,2025年,381804265,千円
30000000,3_鉱物性燃料,360,12月_金額,50601,601_オーストラリア,2024000000,2024年,505207130,千円
30000000,3_鉱物性燃料,360,12月_金額,50601,601_オーストラリア,2023000000,2023年,554047974,千円
30000000,3_鉱物性燃料,360,12月_金額,50601,601_オーストラリア,2022000000,2022年,914405469,千円
30000000,3_鉱物性燃料,360,12月_金額,50601,601_オーストラリア,2021000000,2021年,497072709,千円
30000000,3_鉱物性燃料,360,12月_金額,50602,602_パプアニューギニア,2025000000,2025年,19915212,千円
30000000,3_鉱物性燃料,360,12月_金額,50602,602_パプアニューギニア,2024000000,2024年,48757283,千円
30000000,3_鉱物性燃料,360,12月_金額,50602,602_パプアニューギニア,2023000000,2023年,44557165,千円
30000000,3_鉱物性燃料,360,12月_金額,50602,602_パプアニューギニア,2022000000,2022年,45047115,千円
30000000,3_鉱物性燃料,360,12月_金額,50602,602_パプアニューギニア,2021000000,2021年,49403348,千円
30000000,3_鉱物性燃料,360,12月_金額,50606,606_ニュージーランド,2025000000,2025年,0,千円
30000000,3_鉱物性燃料,360,12月_金額,50606,606_ニュージーランド,2024000000,2024年,1475097,千円
30000000,3_鉱物性燃料,360,12月_金額,50606,606_ニュージーランド,2023000000,2023年,0,千円
30000000,3_鉱物性燃料,360,12月_金額,50606,606_ニュージーランド,2022000000,2022年,952112,千円
30000000,3_鉱物性燃料,360,12月_金額,50606,606_ニュージーランド,2021000000,2021年,2327183,千円
30000000,3_鉱物性燃料,360,12月_金額,50618,618_ニューカレドニア(仏),2024000000,2024年,0,千円
30000000,3_鉱物性燃料,360,12月_金額,50618,618_ニューカレドニア(仏),2023000000,2023年,0,千円
30000000,3_鉱物性燃料,360,12月_金額,50625,625_マーシャル,2024000000,2024年,0,千円
30000000,3_鉱物性燃料,360,12月_金額,50625,625_マーシャル,2022000000,2022年,0,千円
30000000,3_鉱物性燃料,360,12月_金額,50625,625_マーシャル,2021000000,2021年,644,千円
30000000,3_鉱物性燃料,360,12月_金額,50626,626_ミクロネシア,2021000000,2021年,0,千円
30000000,3_鉱物性燃料,360,12月_金額,50628,628_パラオ,2025000000,2025年,0,千円
30000000,3_鉱物性燃料,360,12月_金額,50702,702_不明,2025000000,2025年,39351,千円
30000000,3_鉱物性燃料,360,12月_金額,50702,702_不明,2024000000,2024年,31477,千円
30000000,3_鉱物性燃料,360,12月_金額,50702,702_不明,2023000000,2023年,37360,千円
30000000,3_鉱物性燃料,360,12月_金額,50702,702_不明,2022000000,2022年,10220,千円
30000000,3_鉱物性燃料,360,12月_金額,50702,702_不明,2021000000,2021年,482,千円
