STRUCTURE,STRUCTURE_ID,STRUCTURE_NAME,ACTION,FREQ,Frequency of observation,ADJUSTMENT,Adjustment,REF_AREA,Reference area,SECTOR,Institutional sector,COUNTERPART_SECTOR,Counterpart institutional sector,TRANSACTION,Transaction,INSTR_ASSET,Financial instruments and non-financial assets,ACTIVITY,Economic activity,EXPENDITURE,Expenditure,UNIT_MEASURE,Unit of measure,PRICE_BASE,Price base,TRANSFORMATION,Transformation,TABLE_IDENTIFIER,Table identifier,TIME_PERIOD,Time period,OBS_VALUE,Observation value,REF_YEAR_PRICE,Price reference year,BASE_PER,Base period,CONF_STATUS,Confidentiality status,DECIMALS,Decimals,OBS_STATUS,Observation status,UNIT_MULT,Unit multiplier,CURRENCY,Currency
DATAFLOW,OECD.SDD.NAD:DSD_NAMAIN1@DF_QNA(1.1),Quarterly National Accounts (for 'Developer API'),I,Q,Quarterly,Y,Calendar and seasonally adjusted,OECD,OECD,S1,Total economy,S1,Total economy,B1GQ,Gross domestic product,_Z,Not applicable,_Z,Not applicable,_Z,Not applicable,USD_PPP,"US dollars, PPP converted",V,Current prices,LA,Annual levels,T0102,Table 0102 - GDP identity from the expenditure side,2018-Q2,,61610264.5,,,,,,F,Free (free for publication),1,One,A,Normal value,6,Millions,USD,US dollar
DATAFLOW,OECD.SDD.NAD:DSD_NAMAIN1@DF_QNA(1.1),Quarterly National Accounts (for 'Developer API'),I,Q,Quarterly,Y,Calendar and seasonally adjusted,OECD,OECD,S1,Total economy,S1,Total economy,B1GQ,Gross domestic product,_Z,Not applicable,_Z,Not applicable,_Z,Not applicable,USD_PPP,"US dollars, PPP converted",LR,Chain linked volume (rebased),LA,Annual levels,T0102,Table 0102 - GDP identity from the expenditure side,2022-Q2,,70215304.1,,2020,,,,F,Free (free for publication),1,One,A,Normal value,6,Millions,USD,US dollar
DATAFLOW,OECD.SDD.NAD:DSD_NAMAIN1@DF_QNA(1.1),Quarterly National Accounts (for 'Developer API'),I,Q,Quarterly,Y,Calendar and seasonally adjusted,OECD,OECD,S1,Total economy,S1,Total economy,B1GQ,Gross domestic product,_Z,Not applicable,_Z,Not applicable,_Z,Not applicable,USD_PPP,"US dollars, PPP converted",LR,Chain linked volume (rebased),LA,Annual levels,T0102,Table 0102 - GDP identity from the expenditure side,2022-Q3,,70576021,,2020,,,,F,Free (free for publication),1,One,A,Normal value,6,Millions,USD,US dollar
DATAFLOW,OECD.SDD.NAD:DSD_NAMAIN1@DF_QNA(1.1),Quarterly National Accounts (for 'Developer API'),I,Q,Quarterly,Y,Calendar and seasonally adjusted,OECD,OECD,S1,Total economy,S1,Total economy,B1GQ,Gross domestic product,_Z,Not applicable,_Z,Not applicable,_Z,Not applicable,USD_PPP,"US dollars, PPP converted",LR,Chain linked volume (rebased),LA,Annual levels,T0102,Table 0102 - GDP identity from the expenditure side,2021-Q4,,69541656.5,,2020,,,,F,Free (free for publication),1,One,A,Normal value,6,Millions,USD,US dollar
DATAFLOW,OECD.SDD.NAD:DSD_NAMAIN1@DF_QNA(1.1),Quarterly National Accounts (for 'Developer API'),I,Q,Quarterly,Y,Calendar and seasonally adjusted,OECD,OECD,S1,Total economy,S1,Total economy,B1GQ,Gross domestic product,_Z,Not applicable,_Z,Not applicable,_Z,Not applicable,USD_PPP,"US dollars, PPP converted",LR,Chain linked volume (rebased),LA,Annual levels,T0102,Table 0102 - GDP identity from the expenditure side,2024-Q4,,73466798.9,,2020,,,,F,Free (free for publication),1,One,A,Normal value,6,Millions,USD,US dollar
DATAFLOW,OECD.SDD.NAD:DSD_NAMAIN1@DF_QNA(1.1),Quarterly National Accounts (for 'Developer API'),I,Q,Quarterly,Y,Calendar and seasonally adjusted,OECD,OECD,S1,Total economy,S1,Total economy,B1GQ,Gross domestic product,_Z,Not applicable,_Z,Not applicable,_Z,Not applicable,USD_PPP,"US dollars, PPP converted",LR,Chain linked volume (rebased),LA,Annual levels,T0102,Table 0102 - GDP identity from the expenditure side,2025-Q1,,73673888.3,,2020,,,,F,Free (free for publication),1,One,A,Normal value,6,Millions,USD,US dollar
DATAFLOW,OECD.SDD.NAD:DSD_NAMAIN1@DF_QNA(1.1),Quarterly National Accounts (for 'Developer API'),I,Q,Quarterly,Y,Calendar and seasonally adjusted,OECD,OECD,S1,Total economy,S1,Total economy,B1GQ,Gross domestic product,_Z,Not applicable,_Z,Not applicable,_Z,Not applicable,USD_PPP,"US dollars, PPP converted",LR,Chain linked volume (rebased),LA,Annual levels,T0102,Table 0102 - GDP identity from the expenditure side,2025-Q2,,74031404.1,,2020,,,,F,Free (free for publication),1,One,A,Normal value,6,Millions,USD,US dollar
DATAFLOW,OECD.SDD.NAD:DSD_NAMAIN1@DF_QNA(1.1),Quarterly National Accounts (for 'Developer API'),I,Q,Quarterly,Y,Calendar and seasonally adjusted,OECD,OECD,S1,Total economy,S1,Total economy,B1GQ,Gross domestic product,_Z,Not applicable,_Z,Not applicable,_Z,Not applicable,USD_PPP,"US dollars, PPP converted",LR,Chain linked volume (rebased),LA,Annual levels,T0102,Table 0102 - GDP identity from the expenditure side,2025-Q3,,74496109.1,,2020,,,,F,Free (free for publication),1,One,A,Normal value,6,Millions,USD,US dollar
DATAFLOW,OECD.SDD.NAD:DSD_NAMAIN1@DF_QNA(1.1),Quarterly National Accounts (for 'Developer API'),I,Q,Quarterly,Y,Calendar and seasonally adjusted,OECD,OECD,S1,Total economy,S1,Total economy,B1GQ,Gross domestic product,_Z,Not applicable,_Z,Not applicable,_Z,Not applicable,USD_PPP,"US dollars, PPP converted",LR,Chain linked volume (rebased),LA,Annual levels,T0102,Table 0102 - GDP identity from the expenditure side,2025-Q4,,74670875.2,,2020,,,,F,Free (free for publication),1,One,A,Normal value,6,Millions,USD,US dollar
DATAFLOW,OECD.SDD.NAD:DSD_NAMAIN1@DF_QNA(1.1),Quarterly National Accounts (for 'Developer API'),I,Q,Quarterly,Y,Calendar and seasonally adjusted,OECD,OECD,S1,Total economy,S1,Total economy,B1GQ,Gross domestic product,_Z,Not applicable,_Z,Not applicable,_Z,Not applicable,USD_PPP,"US dollars, PPP converted",LR,Chain linked volume (rebased),LA,Annual levels,T0102,Table 0102 - GDP identity from the expenditure side,2026-Q1,,74948024.7,,2020,,,,F,Free (free for publication),1,One,A,Normal value,6,Millions,USD,US dollar
DATAFLOW,OECD.SDD.NAD:DSD_NAMAIN1@DF_QNA(1.1),Quarterly National Accounts (for 'Developer API'),I,Q,Quarterly,Y,Calendar and seasonally adjusted,OECD,OECD,S1,Total economy,S1,Total economy,B1GQ,Gross domestic product,_Z,Not applicable,_Z,Not applicable,_Z,Not applicable,USD_PPP,"US dollars, PPP converted",LR,Chain linked volume (rebased),LA,Annual levels,T0102,Table 0102 - GDP identity from the expenditure side,2022-Q1,,69744668,,2020,,,,F,Free (free for publication),1,One,A,Normal value,6,Millions,USD,US dollar
DATAFLOW,OECD.SDD.NAD:DSD_NAMAIN1@DF_QNA(1.1),Quarterly National Accounts (for 'Developer API'),I,Q,Quarterly,Y,Calendar and seasonally adjusted,OECD,OECD,S1,Total economy,S1,Total economy,B1GQ,Gross domestic product,_Z,Not applicable,_Z,Not applicable,_Z,Not applicable,USD_PPP,"US dollars, PPP converted",LR,Chain linked volume (rebased),LA,Annual levels,T0102,Table 0102 - GDP identity from the expenditure side,2009-Q3,,53696876.9,,2020,,,,F,Free (free for publication),1,One,A,Normal value,6,Millions,USD,US dollar
DATAFLOW,OECD.SDD.NAD:DSD_NAMAIN1@DF_QNA(1.1),Quarterly National Accounts (for 'Developer API'),I,Q,Quarterly,Y,Calendar and seasonally adjusted,OECD,OECD,S1,Total economy,S1,Total economy,B1GQ,Gross domestic product,_Z,Not applicable,_Z,Not applicable,_Z,Not applicable,USD_PPP,"US dollars, PPP converted",LR,Chain linked volume (rebased),LA,Annual levels,T0102,Table 0102 - GDP identity from the expenditure side,2009-Q4,,54198052.6,,2020,,,,F,Free (free for publication),1,One,A,Normal value,6,Millions,USD,US dollar
DATAFLOW,OECD.SDD.NAD:DSD_NAMAIN1@DF_QNA(1.1),Quarterly National Accounts (for 'Developer API'),I,Q,Quarterly,Y,Calendar and seasonally adjusted,OECD,OECD,S1,Total economy,S1,Total economy,B1GQ,Gross domestic product,_Z,Not applicable,_Z,Not applicable,_Z,Not applicable,USD_PPP,"US dollars, PPP converted",LR,Chain linked volume (rebased),LA,Annual levels,T0102,Table 0102 - GDP identity from the expenditure side,2010-Q1,,54558421,,2020,,,,F,Free (free for publication),1,One,A,Normal value,6,Millions,USD,US dollar
DATAFLOW,OECD.SDD.NAD:DSD_NAMAIN1@DF_QNA(1.1),Quarterly National Accounts (for 'Developer API'),I,Q,Quarterly,Y,Calendar and seasonally adjusted,OECD,OECD,S1,Total economy,S1,Total economy,B1GQ,Gross domestic product,_Z,Not applicable,_Z,Not applicable,_Z,Not applicable,USD_PPP,"US dollars, PPP converted",LR,Chain linked volume (rebased),LA,Annual levels,T0102,Table 0102 - GDP identity from the expenditure side,2012-Q2,,57239914.9,,2020,,,,F,Free (free for publication),1,One,A,Normal value,6,Millions,USD,US dollar
DATAFLOW,OECD.SDD.NAD:DSD_NAMAIN1@DF_QNA(1.1),Quarterly National Accounts (for 'Developer API'),I,Q,Quarterly,Y,Calendar and seasonally adjusted,OECD,OECD,S1,Total economy,S1,Total economy,B1GQ,Gross domestic product,_Z,Not applicable,_Z,Not applicable,_Z,Not applicable,USD_PPP,"US dollars, PPP converted",LR,Chain linked volume (rebased),LA,Annual levels,T0102,Table 0102 - GDP identity from the expenditure side,2012-Q3,,57318326.1,,2020,,,,F,Free (free for publication),1,One,A,Normal value,6,Millions,USD,US dollar
DATAFLOW,OECD.SDD.NAD:DSD_NAMAIN1@DF_QNA(1.1),Quarterly National Accounts (for 'Developer API'),I,Q,Quarterly,Y,Calendar and seasonally adjusted,OECD,OECD,S1,Total economy,S1,Total economy,B1GQ,Gross domestic product,_Z,Not applicable,_Z,Not applicable,_Z,Not applicable,USD_PPP,"US dollars, PPP converted",LR,Chain linked volume (rebased),LA,Annual levels,T0102,Table 0102 - GDP identity from the expenditure side,2012-Q4,,57351229.6,,2020,,,,F,Free (free for publication),1,One,A,Normal value,6,Millions,USD,US dollar
DATAFLOW,OECD.SDD.NAD:DSD_NAMAIN1@DF_QNA(1.1),Quarterly National Accounts (for 'Developer API'),I,Q,Quarterly,Y,Calendar and seasonally adjusted,OECD,OECD,S1,Total economy,S1,Total economy,B1GQ,Gross domestic product,_Z,Not applicable,_Z,Not applicable,_Z,Not applicable,USD_PPP,"US dollars, PPP converted",LR,Chain linked volume (rebased),LA,Annual levels,T0102,Table 0102 - GDP identity from the expenditure side,2013-Q1,,57699789.9,,2020,,,,F,Free (free for publication),1,One,A,Normal value,6,Millions,USD,US dollar
DATAFLOW,OECD.SDD.NAD:DSD_NAMAIN1@DF_QNA(1.1),Quarterly National Accounts (for 'Developer API'),I,Q,Quarterly,Y,Calendar and seasonally adjusted,OECD,OECD,S1,Total economy,S1,Total economy,B1GQ,Gross domestic product,_Z,Not applicable,_Z,Not applicable,_Z,Not applicable,USD_PPP,"US dollars, PPP converted",LR,Chain linked volume (rebased),LA,Annual levels,T0102,Table 0102 - GDP identity from the expenditure side,2013-Q2,,58062879.3,,2020,,,,F,Free (free for publication),1,One,A,Normal value,6,Millions,USD,US dollar
DATAFLOW,OECD.SDD.NAD:DSD_NAMAIN1@DF_QNA(1.1),Quarterly National Accounts (for 'Developer API'),I,Q,Quarterly,Y,Calendar and seasonally adjusted,OECD,OECD,S1,Total economy,S1,Total economy,B1GQ,Gross domestic product,_Z,Not applicable,_Z,Not applicable,_Z,Not applicable,USD_PPP,"US dollars, PPP converted",LR,Chain linked volume (rebased),LA,Annual levels,T0102,Table 0102 - GDP identity from the expenditure side,2013-Q3,,58467696.8,,2020,,,,F,Free (free for publication),1,One,A,Normal value,6,Millions,USD,US dollar
DATAFLOW,OECD.SDD.NAD:DSD_NAMAIN1@DF_QNA(1.1),Quarterly National Accounts (for 'Developer API'),I,Q,Quarterly,Y,Calendar and seasonally adjusted,OECD,OECD,S1,Total economy,S1,Total economy,B1GQ,Gross domestic product,_Z,Not applicable,_Z,Not applicable,_Z,Not applicable,USD_PPP,"US dollars, PPP converted",LR,Chain linked volume (rebased),LA,Annual levels,T0102,Table 0102 - GDP identity from the expenditure side,2018-Q2,,65513763.3,,2020,,,,F,Free (free for publication),1,One,A,Normal value,6,Millions,USD,US dollar
DATAFLOW,OECD.SDD.NAD:DSD_NAMAIN1@DF_QNA(1.1),Quarterly National Accounts (for 'Developer API'),I,Q,Quarterly,Y,Calendar and seasonally adjusted,OECD,OECD,S1,Total economy,S1,Total economy,B1GQ,Gross domestic product,_Z,Not applicable,_Z,Not applicable,_Z,Not applicable,USD_PPP,"US dollars, PPP converted",LR,Chain linked volume (rebased),LA,Annual levels,T0102,Table 0102 - GDP identity from the expenditure side,2018-Q3,,65716481.8,,2020,,,,F,Free (free for publication),1,One,A,Normal value,6,Millions,USD,US dollar
DATAFLOW,OECD.SDD.NAD:DSD_NAMAIN1@DF_QNA(1.1),Quarterly National Accounts (for 'Developer API'),I,Q,Quarterly,Y,Calendar and seasonally adjusted,OECD,OECD,S1,Total economy,S1,Total economy,B1GQ,Gross domestic product,_Z,Not applicable,_Z,Not applicable,_Z,Not applicable,USD_PPP,"US dollars, PPP converted",LR,Chain linked volume (rebased),LA,Annual levels,T0102,Table 0102 - GDP identity from the expenditure side,2018-Q4,,65825830.9,,2020,,,,F,Free (free for publication),1,One,A,Normal value,6,Millions,USD,US dollar
DATAFLOW,OECD.SDD.NAD:DSD_NAMAIN1@DF_QNA(1.1),Quarterly National Accounts (for 'Developer API'),I,Q,Quarterly,Y,Calendar and seasonally adjusted,OECD,OECD,S1,Total economy,S1,Total economy,B1GQ,Gross domestic product,_Z,Not applicable,_Z,Not applicable,_Z,Not applicable,USD_PPP,"US dollars, PPP converted",LR,Chain linked volume (rebased),LA,Annual levels,T0102,Table 0102 - GDP identity from the expenditure side,2019-Q1,,66239462.2,,2020,,,,F,Free (free for publication),1,One,A,Normal value,6,Millions,USD,US dollar
DATAFLOW,OECD.SDD.NAD:DSD_NAMAIN1@DF_QNA(1.1),Quarterly National Accounts (for 'Developer API'),I,Q,Quarterly,Y,Calendar and seasonally adjusted,OECD,OECD,S1,Total economy,S1,Total economy,B1GQ,Gross domestic product,_Z,Not applicable,_Z,Not applicable,_Z,Not applicable,USD_PPP,"US dollars, PPP converted",LR,Chain linked volume (rebased),LA,Annual levels,T0102,Table 0102 - GDP identity from the expenditure side,2019-Q2,,66663763.1,,2020,,,,F,Free (free for publication),1,One,A,Normal value,6,Millions,USD,US dollar
DATAFLOW,OECD.SDD.NAD:DSD_NAMAIN1@DF_QNA(1.1),Quarterly National Accounts (for 'Developer API'),I,Q,Quarterly,Y,Calendar and seasonally adjusted,OECD,OECD,S1,Total economy,S1,Total economy,B1GQ,Gross domestic product,_Z,Not applicable,_Z,Not applicable,_Z,Not applicable,USD_PPP,"US dollars, PPP converted",LR,Chain linked volume (rebased),LA,Annual levels,T0102,Table 0102 - GDP identity from the expenditure side,2019-Q3,,67043635.6,,2020,,,,F,Free (free for publication),1,One,A,Normal value,6,Millions,USD,US dollar
DATAFLOW,OECD.SDD.NAD:DSD_NAMAIN1@DF_QNA(1.1),Quarterly National Accounts (for 'Developer API'),I,Q,Quarterly,Y,Calendar and seasonally adjusted,OECD,OECD,S1,Total economy,S1,Total economy,B1GQ,Gross domestic product,_Z,Not applicable,_Z,Not applicable,_Z,Not applicable,USD_PPP,"US dollars, PPP converted",LR,Chain linked volume (rebased),LA,Annual levels,T0102,Table 0102 - GDP identity from the expenditure side,2024-Q3,,73130194,,2020,,,,F,Free (free for publication),1,One,A,Normal value,6,Millions,USD,US dollar
DATAFLOW,OECD.SDD.NAD:DSD_NAMAIN1@DF_QNA(1.1),Quarterly National Accounts (for 'Developer API'),I,Q,Quarterly,Y,Calendar and seasonally adjusted,OECD,OECD,S1,Total economy,S1,Total economy,B1GQ,Gross domestic product,_Z,Not applicable,_Z,Not applicable,_Z,Not applicable,USD_PPP,"US dollars, PPP converted",LR,Chain linked volume (rebased),LA,Annual levels,T0102,Table 0102 - GDP identity from the expenditure side,2008-Q2,,55985982.4,,2020,,,,F,Free (free for publication),1,One,A,Normal value,6,Millions,USD,US dollar
DATAFLOW,OECD.SDD.NAD:DSD_NAMAIN1@DF_QNA(1.1),Quarterly National Accounts (for 'Developer API'),I,Q,Quarterly,Y,Calendar and seasonally adjusted,OECD,OECD,S1,Total economy,S1,Total economy,B1GQ,Gross domestic product,_Z,Not applicable,_Z,Not applicable,_Z,Not applicable,USD_PPP,"US dollars, PPP converted",LR,Chain linked volume (rebased),LA,Annual levels,T0102,Table 0102 - GDP identity from the expenditure side,2008-Q1,,55999951.3,,2020,,,,F,Free (free for publication),1,One,A,Normal value,6,Millions,USD,US dollar
DATAFLOW,OECD.SDD.NAD:DSD_NAMAIN1@DF_QNA(1.1),Quarterly National Accounts (for 'Developer API'),I,Q,Quarterly,Y,Calendar and seasonally adjusted,OECD,OECD,S1,Total economy,S1,Total economy,B1GQ,Gross domestic product,_Z,Not applicable,_Z,Not applicable,_Z,Not applicable,USD_PPP,"US dollars, PPP converted",LR,Chain linked volume (rebased),LA,Annual levels,T0102,Table 0102 - GDP identity from the expenditure side,2008-Q3,,55706604.4,,2020,,,,F,Free (free for publication),1,One,A,Normal value,6,Millions,USD,US dollar
DATAFLOW,OECD.SDD.NAD:DSD_NAMAIN1@DF_QNA(1.1),Quarterly National Accounts (for 'Developer API'),I,Q,Quarterly,Y,Calendar and seasonally adjusted,OECD,OECD,S1,Total economy,S1,Total economy,B1GQ,Gross domestic product,_Z,Not applicable,_Z,Not applicable,_Z,Not applicable,USD_PPP,"US dollars, PPP converted",LR,Chain linked volume (rebased),LA,Annual levels,T0102,Table 0102 - GDP identity from the expenditure side,2023-Q2,,71427578.2,,2020,,,,F,Free (free for publication),1,One,A,Normal value,6,Millions,USD,US dollar
DATAFLOW,OECD.SDD.NAD:DSD_NAMAIN1@DF_QNA(1.1),Quarterly National Accounts (for 'Developer API'),I,Q,Quarterly,Y,Calendar and seasonally adjusted,OECD,OECD,S1,Total economy,S1,Total economy,B1GQ,Gross domestic product,_Z,Not applicable,_Z,Not applicable,_Z,Not applicable,USD_PPP,"US dollars, PPP converted",LR,Chain linked volume (rebased),LA,Annual levels,T0102,Table 0102 - GDP identity from the expenditure side,2014-Q1,,59014231,,2020,,,,F,Free (free for publication),1,One,A,Normal value,6,Millions,USD,US dollar
DATAFLOW,OECD.SDD.NAD:DSD_NAMAIN1@DF_QNA(1.1),Quarterly National Accounts (for 'Developer API'),I,Q,Quarterly,Y,Calendar and seasonally adjusted,OECD,OECD,S1,Total economy,S1,Total economy,B1GQ,Gross domestic product,_Z,Not applicable,_Z,Not applicable,_Z,Not applicable,USD_PPP,"US dollars, PPP converted",LR,Chain linked volume (rebased),LA,Annual levels,T0102,Table 0102 - GDP identity from the expenditure side,2014-Q2,,59346949.7,,2020,,,,F,Free (free for publication),1,One,A,Normal value,6,Millions,USD,US dollar
DATAFLOW,OECD.SDD.NAD:DSD_NAMAIN1@DF_QNA(1.1),Quarterly National Accounts (for 'Developer API'),I,Q,Quarterly,Y,Calendar and seasonally adjusted,OECD,OECD,S1,Total economy,S1,Total economy,B1GQ,Gross domestic product,_Z,Not applicable,_Z,Not applicable,_Z,Not applicable,USD_PPP,"US dollars, PPP converted",LR,Chain linked volume (rebased),LA,Annual levels,T0102,Table 0102 - GDP identity from the expenditure side,2014-Q3,,59801669,,2020,,,,F,Free (free for publication),1,One,A,Normal value,6,Millions,USD,US dollar
DATAFLOW,OECD.SDD.NAD:DSD_NAMAIN1@DF_QNA(1.1),Quarterly National Accounts (for 'Developer API'),I,Q,Quarterly,Y,Calendar and seasonally adjusted,OECD,OECD,S1,Total economy,S1,Total economy,B1GQ,Gross domestic product,_Z,Not applicable,_Z,Not applicable,_Z,Not applicable,USD_PPP,"US dollars, PPP converted",LR,Chain linked volume (rebased),LA,Annual levels,T0102,Table 0102 - GDP identity from the expenditure side,2014-Q4,,60133529.5,,2020,,,,F,Free (free for publication),1,One,A,Normal value,6,Millions,USD,US dollar
DATAFLOW,OECD.SDD.NAD:DSD_NAMAIN1@DF_QNA(1.1),Quarterly National Accounts (for 'Developer API'),I,Q,Quarterly,Y,Calendar and seasonally adjusted,OECD,OECD,S1,Total economy,S1,Total economy,B1GQ,Gross domestic product,_Z,Not applicable,_Z,Not applicable,_Z,Not applicable,USD_PPP,"US dollars, PPP converted",LR,Chain linked volume (rebased),LA,Annual levels,T0102,Table 0102 - GDP identity from the expenditure side,2015-Q1,,60655303.9,,2020,,,,F,Free (free for publication),1,One,A,Normal value,6,Millions,USD,US dollar
DATAFLOW,OECD.SDD.NAD:DSD_NAMAIN1@DF_QNA(1.1),Quarterly National Accounts (for 'Developer API'),I,Q,Quarterly,Y,Calendar and seasonally adjusted,OECD,OECD,S1,Total economy,S1,Total economy,B1GQ,Gross domestic product,_Z,Not applicable,_Z,Not applicable,_Z,Not applicable,USD_PPP,"US dollars, PPP converted",LR,Chain linked volume (rebased),LA,Annual levels,T0102,Table 0102 - GDP identity from the expenditure side,2019-Q4,,67090138.7,,2020,,,,F,Free (free for publication),1,One,A,Normal value,6,Millions,USD,US dollar
DATAFLOW,OECD.SDD.NAD:DSD_NAMAIN1@DF_QNA(1.1),Quarterly National Accounts (for 'Developer API'),I,Q,Quarterly,Y,Calendar and seasonally adjusted,OECD,OECD,S1,Total economy,S1,Total economy,B1GQ,Gross domestic product,_Z,Not applicable,_Z,Not applicable,_Z,Not applicable,USD_PPP,"US dollars, PPP converted",LR,Chain linked volume (rebased),LA,Annual levels,T0102,Table 0102 - GDP identity from the expenditure side,2020-Q1,,65973080.7,,2020,,,,F,Free (free for publication),1,One,A,Normal value,6,Millions,USD,US dollar
DATAFLOW,OECD.SDD.NAD:DSD_NAMAIN1@DF_QNA(1.1),Quarterly National Accounts (for 'Developer API'),I,Q,Quarterly,Y,Calendar and seasonally adjusted,OECD,OECD,S1,Total economy,S1,Total economy,B1GQ,Gross domestic product,_Z,Not applicable,_Z,Not applicable,_Z,Not applicable,USD_PPP,"US dollars, PPP converted",LR,Chain linked volume (rebased),LA,Annual levels,T0102,Table 0102 - GDP identity from the expenditure side,2020-Q2,,59423044.3,,2020,,,,F,Free (free for publication),1,One,A,Normal value,6,Millions,USD,US dollar
DATAFLOW,OECD.SDD.NAD:DSD_NAMAIN1@DF_QNA(1.1),Quarterly National Accounts (for 'Developer API'),I,Q,Quarterly,Y,Calendar and seasonally adjusted,OECD,OECD,S1,Total economy,S1,Total economy,B1GQ,Gross domestic product,_Z,Not applicable,_Z,Not applicable,_Z,Not applicable,USD_PPP,"US dollars, PPP converted",LR,Chain linked volume (rebased),LA,Annual levels,T0102,Table 0102 - GDP identity from the expenditure side,2020-Q3,,64900704.4,,2020,,,,F,Free (free for publication),1,One,A,Normal value,6,Millions,USD,US dollar
DATAFLOW,OECD.SDD.NAD:DSD_NAMAIN1@DF_QNA(1.1),Quarterly National Accounts (for 'Developer API'),I,Q,Quarterly,Y,Calendar and seasonally adjusted,OECD,OECD,S1,Total economy,S1,Total economy,B1GQ,Gross domestic product,_Z,Not applicable,_Z,Not applicable,_Z,Not applicable,USD_PPP,"US dollars, PPP converted",LR,Chain linked volume (rebased),LA,Annual levels,T0102,Table 0102 - GDP identity from the expenditure side,2020-Q4,,65708430.5,,2020,,,,F,Free (free for publication),1,One,A,Normal value,6,Millions,USD,US dollar
DATAFLOW,OECD.SDD.NAD:DSD_NAMAIN1@DF_QNA(1.1),Quarterly National Accounts (for 'Developer API'),I,Q,Quarterly,Y,Calendar and seasonally adjusted,OECD,OECD,S1,Total economy,S1,Total economy,B1GQ,Gross domestic product,_Z,Not applicable,_Z,Not applicable,_Z,Not applicable,USD_PPP,"US dollars, PPP converted",LR,Chain linked volume (rebased),LA,Annual levels,T0102,Table 0102 - GDP identity from the expenditure side,2021-Q1,,66508005.6,,2020,,,,F,Free (free for publication),1,One,A,Normal value,6,Millions,USD,US dollar
DATAFLOW,OECD.SDD.NAD:DSD_NAMAIN1@DF_QNA(1.1),Quarterly National Accounts (for 'Developer API'),I,Q,Quarterly,Y,Calendar and seasonally adjusted,OECD,OECD,S1,Total economy,S1,Total economy,B1GQ,Gross domestic product,_Z,Not applicable,_Z,Not applicable,_Z,Not applicable,USD_PPP,"US dollars, PPP converted",LR,Chain linked volume (rebased),LA,Annual levels,T0102,Table 0102 - GDP identity from the expenditure side,2010-Q2,,55162094.8,,2020,,,,F,Free (free for publication),1,One,A,Normal value,6,Millions,USD,US dollar
DATAFLOW,OECD.SDD.NAD:DSD_NAMAIN1@DF_QNA(1.1),Quarterly National Accounts (for 'Developer API'),I,Q,Quarterly,Y,Calendar and seasonally adjusted,OECD,OECD,S1,Total economy,S1,Total economy,B1GQ,Gross domestic product,_Z,Not applicable,_Z,Not applicable,_Z,Not applicable,USD_PPP,"US dollars, PPP converted",LR,Chain linked volume (rebased),LA,Annual levels,T0102,Table 0102 - GDP identity from the expenditure side,2010-Q4,,55927941.5,,2020,,,,F,Free (free for publication),1,One,A,Normal value,6,Millions,USD,US dollar
DATAFLOW,OECD.SDD.NAD:DSD_NAMAIN1@DF_QNA(1.1),Quarterly National Accounts (for 'Developer API'),I,Q,Quarterly,Y,Calendar and seasonally adjusted,OECD,OECD,S1,Total economy,S1,Total economy,B1GQ,Gross domestic product,_Z,Not applicable,_Z,Not applicable,_Z,Not applicable,USD_PPP,"US dollars, PPP converted",LR,Chain linked volume (rebased),LA,Annual levels,T0102,Table 0102 - GDP identity from the expenditure side,2011-Q1,,56092484.9,,2020,,,,F,Free (free for publication),1,One,A,Normal value,6,Millions,USD,US dollar
DATAFLOW,OECD.SDD.NAD:DSD_NAMAIN1@DF_QNA(1.1),Quarterly National Accounts (for 'Developer API'),I,Q,Quarterly,Y,Calendar and seasonally adjusted,OECD,OECD,S1,Total economy,S1,Total economy,B1GQ,Gross domestic product,_Z,Not applicable,_Z,Not applicable,_Z,Not applicable,USD_PPP,"US dollars, PPP converted",LR,Chain linked volume (rebased),LA,Annual levels,T0102,Table 0102 - GDP identity from the expenditure side,2011-Q2,,56291511.1,,2020,,,,F,Free (free for publication),1,One,A,Normal value,6,Millions,USD,US dollar
DATAFLOW,OECD.SDD.NAD:DSD_NAMAIN1@DF_QNA(1.1),Quarterly National Accounts (for 'Developer API'),I,Q,Quarterly,Y,Calendar and seasonally adjusted,OECD,OECD,S1,Total economy,S1,Total economy,B1GQ,Gross domestic product,_Z,Not applicable,_Z,Not applicable,_Z,Not applicable,USD_PPP,"US dollars, PPP converted",LR,Chain linked volume (rebased),LA,Annual levels,T0102,Table 0102 - GDP identity from the expenditure side,2011-Q3,,56602537,,2020,,,,F,Free (free for publication),1,One,A,Normal value,6,Millions,USD,US dollar
DATAFLOW,OECD.SDD.NAD:DSD_NAMAIN1@DF_QNA(1.1),Quarterly National Accounts (for 'Developer API'),I,Q,Quarterly,Y,Calendar and seasonally adjusted,OECD,OECD,S1,Total economy,S1,Total economy,B1GQ,Gross domestic product,_Z,Not applicable,_Z,Not applicable,_Z,Not applicable,USD_PPP,"US dollars, PPP converted",LR,Chain linked volume (rebased),LA,Annual levels,T0102,Table 0102 - GDP identity from the expenditure side,2011-Q4,,56876630.5,,2020,,,,F,Free (free for publication),1,One,A,Normal value,6,Millions,USD,US dollar
DATAFLOW,OECD.SDD.NAD:DSD_NAMAIN1@DF_QNA(1.1),Quarterly National Accounts (for 'Developer API'),I,Q,Quarterly,Y,Calendar and seasonally adjusted,OECD,OECD,S1,Total economy,S1,Total economy,B1GQ,Gross domestic product,_Z,Not applicable,_Z,Not applicable,_Z,Not applicable,USD_PPP,"US dollars, PPP converted",LR,Chain linked volume (rebased),LA,Annual levels,T0102,Table 0102 - GDP identity from the expenditure side,2010-Q3,,55625000.6,,2020,,,,F,Free (free for publication),1,One,A,Normal value,6,Millions,USD,US dollar
DATAFLOW,OECD.SDD.NAD:DSD_NAMAIN1@DF_QNA(1.1),Quarterly National Accounts (for 'Developer API'),I,Q,Quarterly,Y,Calendar and seasonally adjusted,OECD,OECD,S1,Total economy,S1,Total economy,B1GQ,Gross domestic product,_Z,Not applicable,_Z,Not applicable,_Z,Not applicable,USD_PPP,"US dollars, PPP converted",LR,Chain linked volume (rebased),LA,Annual levels,T0102,Table 0102 - GDP identity from the expenditure side,2017-Q1,,63262501.7,,2020,,,,F,Free (free for publication),1,One,A,Normal value,6,Millions,USD,US dollar
DATAFLOW,OECD.SDD.NAD:DSD_NAMAIN1@DF_QNA(1.1),Quarterly National Accounts (for 'Developer API'),I,Q,Quarterly,Y,Calendar and seasonally adjusted,OECD,OECD,S1,Total economy,S1,Total economy,B1GQ,Gross domestic product,_Z,Not applicable,_Z,Not applicable,_Z,Not applicable,USD_PPP,"US dollars, PPP converted",LR,Chain linked volume (rebased),LA,Annual levels,T0102,Table 0102 - GDP identity from the expenditure side,2017-Q2,,63713260.7,,2020,,,,F,Free (free for publication),1,One,A,Normal value,6,Millions,USD,US dollar
DATAFLOW,OECD.SDD.NAD:DSD_NAMAIN1@DF_QNA(1.1),Quarterly National Accounts (for 'Developer API'),I,Q,Quarterly,Y,Calendar and seasonally adjusted,OECD,OECD,S1,Total economy,S1,Total economy,B1GQ,Gross domestic product,_Z,Not applicable,_Z,Not applicable,_Z,Not applicable,USD_PPP,"US dollars, PPP converted",LR,Chain linked volume (rebased),LA,Annual levels,T0102,Table 0102 - GDP identity from the expenditure side,2017-Q3,,64242600.6,,2020,,,,F,Free (free for publication),1,One,A,Normal value,6,Millions,USD,US dollar
DATAFLOW,OECD.SDD.NAD:DSD_NAMAIN1@DF_QNA(1.1),Quarterly National Accounts (for 'Developer API'),I,Q,Quarterly,Y,Calendar and seasonally adjusted,OECD,OECD,S1,Total economy,S1,Total economy,B1GQ,Gross domestic product,_Z,Not applicable,_Z,Not applicable,_Z,Not applicable,USD_PPP,"US dollars, PPP converted",LR,Chain linked volume (rebased),LA,Annual levels,T0102,Table 0102 - GDP identity from the expenditure side,2017-Q4,,64790314.8,,2020,,,,F,Free (free for publication),1,One,A,Normal value,6,Millions,USD,US dollar
DATAFLOW,OECD.SDD.NAD:DSD_NAMAIN1@DF_QNA(1.1),Quarterly National Accounts (for 'Developer API'),I,Q,Quarterly,Y,Calendar and seasonally adjusted,OECD,OECD,S1,Total economy,S1,Total economy,B1GQ,Gross domestic product,_Z,Not applicable,_Z,Not applicable,_Z,Not applicable,USD_PPP,"US dollars, PPP converted",LR,Chain linked volume (rebased),LA,Annual levels,T0102,Table 0102 - GDP identity from the expenditure side,2018-Q1,,65176227.1,,2020,,,,F,Free (free for publication),1,One,A,Normal value,6,Millions,USD,US dollar
DATAFLOW,OECD.SDD.NAD:DSD_NAMAIN1@DF_QNA(1.1),Quarterly National Accounts (for 'Developer API'),I,Q,Quarterly,Y,Calendar and seasonally adjusted,OECD,OECD,S1,Total economy,S1,Total economy,B1GQ,Gross domestic product,_Z,Not applicable,_Z,Not applicable,_Z,Not applicable,USD_PPP,"US dollars, PPP converted",LR,Chain linked volume (rebased),LA,Annual levels,T0102,Table 0102 - GDP identity from the expenditure side,2022-Q4,,70798654.2,,2020,,,,F,Free (free for publication),1,One,A,Normal value,6,Millions,USD,US dollar
DATAFLOW,OECD.SDD.NAD:DSD_NAMAIN1@DF_QNA(1.1),Quarterly National Accounts (for 'Developer API'),I,Q,Quarterly,Y,Calendar and seasonally adjusted,OECD,OECD,S1,Total economy,S1,Total economy,B1GQ,Gross domestic product,_Z,Not applicable,_Z,Not applicable,_Z,Not applicable,USD_PPP,"US dollars, PPP converted",LR,Chain linked volume (rebased),LA,Annual levels,T0102,Table 0102 - GDP identity from the expenditure side,2023-Q1,,71067820.6,,2020,,,,F,Free (free for publication),1,One,A,Normal value,6,Millions,USD,US dollar
DATAFLOW,OECD.SDD.NAD:DSD_NAMAIN1@DF_QNA(1.1),Quarterly National Accounts (for 'Developer API'),I,Q,Quarterly,Y,Calendar and seasonally adjusted,OECD,OECD,S1,Total economy,S1,Total economy,B1GQ,Gross domestic product,_Z,Not applicable,_Z,Not applicable,_Z,Not applicable,USD_PPP,"US dollars, PPP converted",LR,Chain linked volume (rebased),LA,Annual levels,T0102,Table 0102 - GDP identity from the expenditure side,2015-Q4,,61510124.9,,2020,,,,F,Free (free for publication),1,One,A,Normal value,6,Millions,USD,US dollar
DATAFLOW,OECD.SDD.NAD:DSD_NAMAIN1@DF_QNA(1.1),Quarterly National Accounts (for 'Developer API'),I,Q,Quarterly,Y,Calendar and seasonally adjusted,OECD,OECD,S1,Total economy,S1,Total economy,B1GQ,Gross domestic product,_Z,Not applicable,_Z,Not applicable,_Z,Not applicable,USD_PPP,"US dollars, PPP converted",LR,Chain linked volume (rebased),LA,Annual levels,T0102,Table 0102 - GDP identity from the expenditure side,2023-Q3,,71773657.8,,2020,,,,F,Free (free for publication),1,One,A,Normal value,6,Millions,USD,US dollar
DATAFLOW,OECD.SDD.NAD:DSD_NAMAIN1@DF_QNA(1.1),Quarterly National Accounts (for 'Developer API'),I,Q,Quarterly,Y,Calendar and seasonally adjusted,OECD,OECD,S1,Total economy,S1,Total economy,B1GQ,Gross domestic product,_Z,Not applicable,_Z,Not applicable,_Z,Not applicable,USD_PPP,"US dollars, PPP converted",LR,Chain linked volume (rebased),LA,Annual levels,T0102,Table 0102 - GDP identity from the expenditure side,2023-Q4,,72040606.2,,2020,,,,F,Free (free for publication),1,One,A,Normal value,6,Millions,USD,US dollar
DATAFLOW,OECD.SDD.NAD:DSD_NAMAIN1@DF_QNA(1.1),Quarterly National Accounts (for 'Developer API'),I,Q,Quarterly,Y,Calendar and seasonally adjusted,OECD,OECD,S1,Total economy,S1,Total economy,B1GQ,Gross domestic product,_Z,Not applicable,_Z,Not applicable,_Z,Not applicable,USD_PPP,"US dollars, PPP converted",LR,Chain linked volume (rebased),LA,Annual levels,T0102,Table 0102 - GDP identity from the expenditure side,2008-Q4,,54623550.7,,2020,,,,F,Free (free for publication),1,One,A,Normal value,6,Millions,USD,US dollar
DATAFLOW,OECD.SDD.NAD:DSD_NAMAIN1@DF_QNA(1.1),Quarterly National Accounts (for 'Developer API'),I,Q,Quarterly,Y,Calendar and seasonally adjusted,OECD,OECD,S1,Total economy,S1,Total economy,B1GQ,Gross domestic product,_Z,Not applicable,_Z,Not applicable,_Z,Not applicable,USD_PPP,"US dollars, PPP converted",LR,Chain linked volume (rebased),LA,Annual levels,T0102,Table 0102 - GDP identity from the expenditure side,2009-Q2,,53413186.4,,2020,,,,F,Free (free for publication),1,One,A,Normal value,6,Millions,USD,US dollar
DATAFLOW,OECD.SDD.NAD:DSD_NAMAIN1@DF_QNA(1.1),Quarterly National Accounts (for 'Developer API'),I,Q,Quarterly,Y,Calendar and seasonally adjusted,OECD,OECD,S1,Total economy,S1,Total economy,B1GQ,Gross domestic product,_Z,Not applicable,_Z,Not applicable,_Z,Not applicable,USD_PPP,"US dollars, PPP converted",V,Current prices,LA,Annual levels,T0102,Table 0102 - GDP identity from the expenditure side,2022-Q4,,81051624.6,,,,,,F,Free (free for publication),1,One,A,Normal value,6,Millions,USD,US dollar
DATAFLOW,OECD.SDD.NAD:DSD_NAMAIN1@DF_QNA(1.1),Quarterly National Accounts (for 'Developer API'),I,Q,Quarterly,Y,Calendar and seasonally adjusted,OECD,OECD,S1,Total economy,S1,Total economy,B1GQ,Gross domestic product,_Z,Not applicable,_Z,Not applicable,_Z,Not applicable,USD_PPP,"US dollars, PPP converted",V,Current prices,LA,Annual levels,T0102,Table 0102 - GDP identity from the expenditure side,2023-Q2,,82883540.5,,,,,,F,Free (free for publication),1,One,A,Normal value,6,Millions,USD,US dollar
DATAFLOW,OECD.SDD.NAD:DSD_NAMAIN1@DF_QNA(1.1),Quarterly National Accounts (for 'Developer API'),I,Q,Quarterly,Y,Calendar and seasonally adjusted,OECD,OECD,S1,Total economy,S1,Total economy,B1GQ,Gross domestic product,_Z,Not applicable,_Z,Not applicable,_Z,Not applicable,USD_PPP,"US dollars, PPP converted",V,Current prices,LA,Annual levels,T0102,Table 0102 - GDP identity from the expenditure side,2023-Q3,,84163907.2,,,,,,F,Free (free for publication),1,One,A,Normal value,6,Millions,USD,US dollar
DATAFLOW,OECD.SDD.NAD:DSD_NAMAIN1@DF_QNA(1.1),Quarterly National Accounts (for 'Developer API'),I,Q,Quarterly,Y,Calendar and seasonally adjusted,OECD,OECD,S1,Total economy,S1,Total economy,B1GQ,Gross domestic product,_Z,Not applicable,_Z,Not applicable,_Z,Not applicable,USD_PPP,"US dollars, PPP converted",V,Current prices,LA,Annual levels,T0102,Table 0102 - GDP identity from the expenditure side,2023-Q4,,84911316.3,,,,,,F,Free (free for publication),1,One,A,Normal value,6,Millions,USD,US dollar
DATAFLOW,OECD.SDD.NAD:DSD_NAMAIN1@DF_QNA(1.1),Quarterly National Accounts (for 'Developer API'),I,Q,Quarterly,Y,Calendar and seasonally adjusted,OECD,OECD,S1,Total economy,S1,Total economy,B1GQ,Gross domestic product,_Z,Not applicable,_Z,Not applicable,_Z,Not applicable,USD_PPP,"US dollars, PPP converted",V,Current prices,LA,Annual levels,T0102,Table 0102 - GDP identity from the expenditure side,2024-Q1,,86162767.7,,,,,,F,Free (free for publication),1,One,A,Normal value,6,Millions,USD,US dollar
DATAFLOW,OECD.SDD.NAD:DSD_NAMAIN1@DF_QNA(1.1),Quarterly National Accounts (for 'Developer API'),I,Q,Quarterly,Y,Calendar and seasonally adjusted,OECD,OECD,S1,Total economy,S1,Total economy,B1GQ,Gross domestic product,_Z,Not applicable,_Z,Not applicable,_Z,Not applicable,USD_PPP,"US dollars, PPP converted",V,Current prices,LA,Annual levels,T0102,Table 0102 - GDP identity from the expenditure side,2010-Q4,,45737721,,,,,,F,Free (free for publication),1,One,A,Normal value,6,Millions,USD,US dollar
DATAFLOW,OECD.SDD.NAD:DSD_NAMAIN1@DF_QNA(1.1),Quarterly National Accounts (for 'Developer API'),I,Q,Quarterly,Y,Calendar and seasonally adjusted,OECD,OECD,S1,Total economy,S1,Total economy,B1GQ,Gross domestic product,_Z,Not applicable,_Z,Not applicable,_Z,Not applicable,USD_PPP,"US dollars, PPP converted",V,Current prices,LA,Annual levels,T0102,Table 0102 - GDP identity from the expenditure side,2012-Q4,,49082887.8,,,,,,F,Free (free for publication),1,One,A,Normal value,6,Millions,USD,US dollar
DATAFLOW,OECD.SDD.NAD:DSD_NAMAIN1@DF_QNA(1.1),Quarterly National Accounts (for 'Developer API'),I,Q,Quarterly,Y,Calendar and seasonally adjusted,OECD,OECD,S1,Total economy,S1,Total economy,B1GQ,Gross domestic product,_Z,Not applicable,_Z,Not applicable,_Z,Not applicable,USD_PPP,"US dollars, PPP converted",V,Current prices,LA,Annual levels,T0102,Table 0102 - GDP identity from the expenditure side,2013-Q1,,49761125.3,,,,,,F,Free (free for publication),1,One,A,Normal value,6,Millions,USD,US dollar
DATAFLOW,OECD.SDD.NAD:DSD_NAMAIN1@DF_QNA(1.1),Quarterly National Accounts (for 'Developer API'),I,Q,Quarterly,Y,Calendar and seasonally adjusted,OECD,OECD,S1,Total economy,S1,Total economy,B1GQ,Gross domestic product,_Z,Not applicable,_Z,Not applicable,_Z,Not applicable,USD_PPP,"US dollars, PPP converted",V,Current prices,LA,Annual levels,T0102,Table 0102 - GDP identity from the expenditure side,2011-Q4,,47593852,,,,,,F,Free (free for publication),1,One,A,Normal value,6,Millions,USD,US dollar
DATAFLOW,OECD.SDD.NAD:DSD_NAMAIN1@DF_QNA(1.1),Quarterly National Accounts (for 'Developer API'),I,Q,Quarterly,Y,Calendar and seasonally adjusted,OECD,OECD,S1,Total economy,S1,Total economy,B1GQ,Gross domestic product,_Z,Not applicable,_Z,Not applicable,_Z,Not applicable,USD_PPP,"US dollars, PPP converted",V,Current prices,LA,Annual levels,T0102,Table 0102 - GDP identity from the expenditure side,2013-Q3,,50972951.5,,,,,,F,Free (free for publication),1,One,A,Normal value,6,Millions,USD,US dollar
DATAFLOW,OECD.SDD.NAD:DSD_NAMAIN1@DF_QNA(1.1),Quarterly National Accounts (for 'Developer API'),I,Q,Quarterly,Y,Calendar and seasonally adjusted,OECD,OECD,S1,Total economy,S1,Total economy,B1GQ,Gross domestic product,_Z,Not applicable,_Z,Not applicable,_Z,Not applicable,USD_PPP,"US dollars, PPP converted",V,Current prices,LA,Annual levels,T0102,Table 0102 - GDP identity from the expenditure side,2012-Q1,,48073967.5,,,,,,F,Free (free for publication),1,One,A,Normal value,6,Millions,USD,US dollar
DATAFLOW,OECD.SDD.NAD:DSD_NAMAIN1@DF_QNA(1.1),Quarterly National Accounts (for 'Developer API'),I,Q,Quarterly,Y,Calendar and seasonally adjusted,OECD,OECD,S1,Total economy,S1,Total economy,B1GQ,Gross domestic product,_Z,Not applicable,_Z,Not applicable,_Z,Not applicable,USD_PPP,"US dollars, PPP converted",V,Current prices,LA,Annual levels,T0102,Table 0102 - GDP identity from the expenditure side,2025-Q3,,90707210,,,,,,F,Free (free for publication),1,One,A,Normal value,6,Millions,USD,US dollar
DATAFLOW,OECD.SDD.NAD:DSD_NAMAIN1@DF_QNA(1.1),Quarterly National Accounts (for 'Developer API'),I,Q,Quarterly,Y,Calendar and seasonally adjusted,OECD,OECD,S1,Total economy,S1,Total economy,B1GQ,Gross domestic product,_Z,Not applicable,_Z,Not applicable,_Z,Not applicable,USD_PPP,"US dollars, PPP converted",V,Current prices,LA,Annual levels,T0102,Table 0102 - GDP identity from the expenditure side,2011-Q1,,46224256.7,,,,,,F,Free (free for publication),1,One,A,Normal value,6,Millions,USD,US dollar
DATAFLOW,OECD.SDD.NAD:DSD_NAMAIN1@DF_QNA(1.1),Quarterly National Accounts (for 'Developer API'),I,Q,Quarterly,Y,Calendar and seasonally adjusted,OECD,OECD,S1,Total economy,S1,Total economy,B1GQ,Gross domestic product,_Z,Not applicable,_Z,Not applicable,_Z,Not applicable,USD_PPP,"US dollars, PPP converted",V,Current prices,LA,Annual levels,T0102,Table 0102 - GDP identity from the expenditure side,2011-Q2,,46744966.1,,,,,,F,Free (free for publication),1,One,A,Normal value,6,Millions,USD,US dollar
DATAFLOW,OECD.SDD.NAD:DSD_NAMAIN1@DF_QNA(1.1),Quarterly National Accounts (for 'Developer API'),I,Q,Quarterly,Y,Calendar and seasonally adjusted,OECD,OECD,S1,Total economy,S1,Total economy,B1GQ,Gross domestic product,_Z,Not applicable,_Z,Not applicable,_Z,Not applicable,USD_PPP,"US dollars, PPP converted",V,Current prices,LA,Annual levels,T0102,Table 0102 - GDP identity from the expenditure side,2011-Q3,,47306551.1,,,,,,F,Free (free for publication),1,One,A,Normal value,6,Millions,USD,US dollar
DATAFLOW,OECD.SDD.NAD:DSD_NAMAIN1@DF_QNA(1.1),Quarterly National Accounts (for 'Developer API'),I,Q,Quarterly,Y,Calendar and seasonally adjusted,OECD,OECD,S1,Total economy,S1,Total economy,B1GQ,Gross domestic product,_Z,Not applicable,_Z,Not applicable,_Z,Not applicable,USD_PPP,"US dollars, PPP converted",V,Current prices,LA,Annual levels,T0102,Table 0102 - GDP identity from the expenditure side,2013-Q4,,51486276.3,,,,,,F,Free (free for publication),1,One,A,Normal value,6,Millions,USD,US dollar
DATAFLOW,OECD.SDD.NAD:DSD_NAMAIN1@DF_QNA(1.1),Quarterly National Accounts (for 'Developer API'),I,Q,Quarterly,Y,Calendar and seasonally adjusted,OECD,OECD,S1,Total economy,S1,Total economy,B1GQ,Gross domestic product,_Z,Not applicable,_Z,Not applicable,_Z,Not applicable,USD_PPP,"US dollars, PPP converted",V,Current prices,LA,Annual levels,T0102,Table 0102 - GDP identity from the expenditure side,2014-Q1,,51782198.3,,,,,,F,Free (free for publication),1,One,A,Normal value,6,Millions,USD,US dollar
DATAFLOW,OECD.SDD.NAD:DSD_NAMAIN1@DF_QNA(1.1),Quarterly National Accounts (for 'Developer API'),I,Q,Quarterly,Y,Calendar and seasonally adjusted,OECD,OECD,S1,Total economy,S1,Total economy,B1GQ,Gross domestic product,_Z,Not applicable,_Z,Not applicable,_Z,Not applicable,USD_PPP,"US dollars, PPP converted",V,Current prices,LA,Annual levels,T0102,Table 0102 - GDP identity from the expenditure side,2014-Q2,,52269547.6,,,,,,F,Free (free for publication),1,One,A,Normal value,6,Millions,USD,US dollar
DATAFLOW,OECD.SDD.NAD:DSD_NAMAIN1@DF_QNA(1.1),Quarterly National Accounts (for 'Developer API'),I,Q,Quarterly,Y,Calendar and seasonally adjusted,OECD,OECD,S1,Total economy,S1,Total economy,B1GQ,Gross domestic product,_Z,Not applicable,_Z,Not applicable,_Z,Not applicable,USD_PPP,"US dollars, PPP converted",V,Current prices,LA,Annual levels,T0102,Table 0102 - GDP identity from the expenditure side,2014-Q3,,52820826.2,,,,,,F,Free (free for publication),1,One,A,Normal value,6,Millions,USD,US dollar
DATAFLOW,OECD.SDD.NAD:DSD_NAMAIN1@DF_QNA(1.1),Quarterly National Accounts (for 'Developer API'),I,Q,Quarterly,Y,Calendar and seasonally adjusted,OECD,OECD,S1,Total economy,S1,Total economy,B1GQ,Gross domestic product,_Z,Not applicable,_Z,Not applicable,_Z,Not applicable,USD_PPP,"US dollars, PPP converted",V,Current prices,LA,Annual levels,T0102,Table 0102 - GDP identity from the expenditure side,2014-Q4,,53110655.9,,,,,,F,Free (free for publication),1,One,A,Normal value,6,Millions,USD,US dollar
DATAFLOW,OECD.SDD.NAD:DSD_NAMAIN1@DF_QNA(1.1),Quarterly National Accounts (for 'Developer API'),I,Q,Quarterly,Y,Calendar and seasonally adjusted,OECD,OECD,S1,Total economy,S1,Total economy,B1GQ,Gross domestic product,_Z,Not applicable,_Z,Not applicable,_Z,Not applicable,USD_PPP,"US dollars, PPP converted",V,Current prices,LA,Annual levels,T0102,Table 0102 - GDP identity from the expenditure side,2015-Q1,,53514447.2,,,,,,F,Free (free for publication),1,One,A,Normal value,6,Millions,USD,US dollar
DATAFLOW,OECD.SDD.NAD:DSD_NAMAIN1@DF_QNA(1.1),Quarterly National Accounts (for 'Developer API'),I,Q,Quarterly,Y,Calendar and seasonally adjusted,OECD,OECD,S1,Total economy,S1,Total economy,B1GQ,Gross domestic product,_Z,Not applicable,_Z,Not applicable,_Z,Not applicable,USD_PPP,"US dollars, PPP converted",V,Current prices,LA,Annual levels,T0102,Table 0102 - GDP identity from the expenditure side,2019-Q4,,66136427.9,,,,,,F,Free (free for publication),1,One,A,Normal value,6,Millions,USD,US dollar
DATAFLOW,OECD.SDD.NAD:DSD_NAMAIN1@DF_QNA(1.1),Quarterly National Accounts (for 'Developer API'),I,Q,Quarterly,Y,Calendar and seasonally adjusted,OECD,OECD,S1,Total economy,S1,Total economy,B1GQ,Gross domestic product,_Z,Not applicable,_Z,Not applicable,_Z,Not applicable,USD_PPP,"US dollars, PPP converted",V,Current prices,LA,Annual levels,T0102,Table 0102 - GDP identity from the expenditure side,2020-Q1,,65722932.1,,,,,,F,Free (free for publication),1,One,A,Normal value,6,Millions,USD,US dollar
DATAFLOW,OECD.SDD.NAD:DSD_NAMAIN1@DF_QNA(1.1),Quarterly National Accounts (for 'Developer API'),I,Q,Quarterly,Y,Calendar and seasonally adjusted,OECD,OECD,S1,Total economy,S1,Total economy,B1GQ,Gross domestic product,_Z,Not applicable,_Z,Not applicable,_Z,Not applicable,USD_PPP,"US dollars, PPP converted",V,Current prices,LA,Annual levels,T0102,Table 0102 - GDP identity from the expenditure side,2020-Q2,,59106118.3,,,,,,F,Free (free for publication),1,One,A,Normal value,6,Millions,USD,US dollar
DATAFLOW,OECD.SDD.NAD:DSD_NAMAIN1@DF_QNA(1.1),Quarterly National Accounts (for 'Developer API'),I,Q,Quarterly,Y,Calendar and seasonally adjusted,OECD,OECD,S1,Total economy,S1,Total economy,B1GQ,Gross domestic product,_Z,Not applicable,_Z,Not applicable,_Z,Not applicable,USD_PPP,"US dollars, PPP converted",V,Current prices,LA,Annual levels,T0102,Table 0102 - GDP identity from the expenditure side,2020-Q3,,65120903.5,,,,,,F,Free (free for publication),1,One,A,Normal value,6,Millions,USD,US dollar
DATAFLOW,OECD.SDD.NAD:DSD_NAMAIN1@DF_QNA(1.1),Quarterly National Accounts (for 'Developer API'),I,Q,Quarterly,Y,Calendar and seasonally adjusted,OECD,OECD,S1,Total economy,S1,Total economy,B1GQ,Gross domestic product,_Z,Not applicable,_Z,Not applicable,_Z,Not applicable,USD_PPP,"US dollars, PPP converted",V,Current prices,LA,Annual levels,T0102,Table 0102 - GDP identity from the expenditure side,2020-Q4,,66095049.6,,,,,,F,Free (free for publication),1,One,A,Normal value,6,Millions,USD,US dollar
DATAFLOW,OECD.SDD.NAD:DSD_NAMAIN1@DF_QNA(1.1),Quarterly National Accounts (for 'Developer API'),I,Q,Quarterly,Y,Calendar and seasonally adjusted,OECD,OECD,S1,Total economy,S1,Total economy,B1GQ,Gross domestic product,_Z,Not applicable,_Z,Not applicable,_Z,Not applicable,USD_PPP,"US dollars, PPP converted",V,Current prices,LA,Annual levels,T0102,Table 0102 - GDP identity from the expenditure side,2021-Q1,,67271301.4,,,,,,F,Free (free for publication),1,One,A,Normal value,6,Millions,USD,US dollar
DATAFLOW,OECD.SDD.NAD:DSD_NAMAIN1@DF_QNA(1.1),Quarterly National Accounts (for 'Developer API'),I,Q,Quarterly,Y,Calendar and seasonally adjusted,OECD,OECD,S1,Total economy,S1,Total economy,B1GQ,Gross domestic product,_Z,Not applicable,_Z,Not applicable,_Z,Not applicable,USD_PPP,"US dollars, PPP converted",V,Current prices,LA,Annual levels,T0102,Table 0102 - GDP identity from the expenditure side,2017-Q1,,58240920.9,,,,,,F,Free (free for publication),1,One,A,Normal value,6,Millions,USD,US dollar
DATAFLOW,OECD.SDD.NAD:DSD_NAMAIN1@DF_QNA(1.1),Quarterly National Accounts (for 'Developer API'),I,Q,Quarterly,Y,Calendar and seasonally adjusted,OECD,OECD,S1,Total economy,S1,Total economy,B1GQ,Gross domestic product,_Z,Not applicable,_Z,Not applicable,_Z,Not applicable,USD_PPP,"US dollars, PPP converted",V,Current prices,LA,Annual levels,T0102,Table 0102 - GDP identity from the expenditure side,2016-Q4,,57606043.5,,,,,,F,Free (free for publication),1,One,A,Normal value,6,Millions,USD,US dollar
DATAFLOW,OECD.SDD.NAD:DSD_NAMAIN1@DF_QNA(1.1),Quarterly National Accounts (for 'Developer API'),I,Q,Quarterly,Y,Calendar and seasonally adjusted,OECD,OECD,S1,Total economy,S1,Total economy,B1GQ,Gross domestic product,_Z,Not applicable,_Z,Not applicable,_Z,Not applicable,USD_PPP,"US dollars, PPP converted",V,Current prices,LA,Annual levels,T0102,Table 0102 - GDP identity from the expenditure side,2018-Q1,,60866904.5,,,,,,F,Free (free for publication),1,One,A,Normal value,6,Millions,USD,US dollar
DATAFLOW,OECD.SDD.NAD:DSD_NAMAIN1@DF_QNA(1.1),Quarterly National Accounts (for 'Developer API'),I,Q,Quarterly,Y,Calendar and seasonally adjusted,OECD,OECD,S1,Total economy,S1,Total economy,B1GQ,Gross domestic product,_Z,Not applicable,_Z,Not applicable,_Z,Not applicable,USD_PPP,"US dollars, PPP converted",V,Current prices,LA,Annual levels,T0102,Table 0102 - GDP identity from the expenditure side,2023-Q1,,82116083.7,,,,,,F,Free (free for publication),1,One,A,Normal value,6,Millions,USD,US dollar
DATAFLOW,OECD.SDD.NAD:DSD_NAMAIN1@DF_QNA(1.1),Quarterly National Accounts (for 'Developer API'),I,Q,Quarterly,Y,Calendar and seasonally adjusted,OECD,OECD,S1,Total economy,S1,Total economy,B1GQ,Gross domestic product,_Z,Not applicable,_Z,Not applicable,_Z,Not applicable,USD_PPP,"US dollars, PPP converted",V,Current prices,LA,Annual levels,T0102,Table 0102 - GDP identity from the expenditure side,2025-Q4,,91594613.5,,,,,,F,Free (free for publication),1,One,A,Normal value,6,Millions,USD,US dollar
DATAFLOW,OECD.SDD.NAD:DSD_NAMAIN1@DF_QNA(1.1),Quarterly National Accounts (for 'Developer API'),I,Q,Quarterly,Y,Calendar and seasonally adjusted,OECD,OECD,S1,Total economy,S1,Total economy,B1GQ,Gross domestic product,_Z,Not applicable,_Z,Not applicable,_Z,Not applicable,USD_PPP,"US dollars, PPP converted",V,Current prices,LA,Annual levels,T0102,Table 0102 - GDP identity from the expenditure side,2008-Q1,,43585845.1,,,,,,F,Free (free for publication),1,One,A,Normal value,6,Millions,USD,US dollar
DATAFLOW,OECD.SDD.NAD:DSD_NAMAIN1@DF_QNA(1.1),Quarterly National Accounts (for 'Developer API'),I,Q,Quarterly,Y,Calendar and seasonally adjusted,OECD,OECD,S1,Total economy,S1,Total economy,B1GQ,Gross domestic product,_Z,Not applicable,_Z,Not applicable,_Z,Not applicable,USD_PPP,"US dollars, PPP converted",V,Current prices,LA,Annual levels,T0102,Table 0102 - GDP identity from the expenditure side,2008-Q2,,43947484.7,,,,,,F,Free (free for publication),1,One,A,Normal value,6,Millions,USD,US dollar
DATAFLOW,OECD.SDD.NAD:DSD_NAMAIN1@DF_QNA(1.1),Quarterly National Accounts (for 'Developer API'),I,Q,Quarterly,Y,Calendar and seasonally adjusted,OECD,OECD,S1,Total economy,S1,Total economy,B1GQ,Gross domestic product,_Z,Not applicable,_Z,Not applicable,_Z,Not applicable,USD_PPP,"US dollars, PPP converted",V,Current prices,LA,Annual levels,T0102,Table 0102 - GDP identity from the expenditure side,2008-Q3,,44171558.1,,,,,,F,Free (free for publication),1,One,A,Normal value,6,Millions,USD,US dollar
DATAFLOW,OECD.SDD.NAD:DSD_NAMAIN1@DF_QNA(1.1),Quarterly National Accounts (for 'Developer API'),I,Q,Quarterly,Y,Calendar and seasonally adjusted,OECD,OECD,S1,Total economy,S1,Total economy,B1GQ,Gross domestic product,_Z,Not applicable,_Z,Not applicable,_Z,Not applicable,USD_PPP,"US dollars, PPP converted",V,Current prices,LA,Annual levels,T0102,Table 0102 - GDP identity from the expenditure side,2008-Q4,,43506341.6,,,,,,F,Free (free for publication),1,One,A,Normal value,6,Millions,USD,US dollar
DATAFLOW,OECD.SDD.NAD:DSD_NAMAIN1@DF_QNA(1.1),Quarterly National Accounts (for 'Developer API'),I,Q,Quarterly,Y,Calendar and seasonally adjusted,OECD,OECD,S1,Total economy,S1,Total economy,B1GQ,Gross domestic product,_Z,Not applicable,_Z,Not applicable,_Z,Not applicable,USD_PPP,"US dollars, PPP converted",V,Current prices,LA,Annual levels,T0102,Table 0102 - GDP identity from the expenditure side,2009-Q1,,42543771.3,,,,,,F,Free (free for publication),1,One,A,Normal value,6,Millions,USD,US dollar
DATAFLOW,OECD.SDD.NAD:DSD_NAMAIN1@DF_QNA(1.1),Quarterly National Accounts (for 'Developer API'),I,Q,Quarterly,Y,Calendar and seasonally adjusted,OECD,OECD,S1,Total economy,S1,Total economy,B1GQ,Gross domestic product,_Z,Not applicable,_Z,Not applicable,_Z,Not applicable,USD_PPP,"US dollars, PPP converted",V,Current prices,LA,Annual levels,T0102,Table 0102 - GDP identity from the expenditure side,2009-Q2,,42604854.3,,,,,,F,Free (free for publication),1,One,A,Normal value,6,Millions,USD,US dollar
DATAFLOW,OECD.SDD.NAD:DSD_NAMAIN1@DF_QNA(1.1),Quarterly National Accounts (for 'Developer API'),I,Q,Quarterly,Y,Calendar and seasonally adjusted,OECD,OECD,S1,Total economy,S1,Total economy,B1GQ,Gross domestic product,_Z,Not applicable,_Z,Not applicable,_Z,Not applicable,USD_PPP,"US dollars, PPP converted",V,Current prices,LA,Annual levels,T0102,Table 0102 - GDP identity from the expenditure side,2009-Q3,,42931902.2,,,,,,F,Free (free for publication),1,One,A,Normal value,6,Millions,USD,US dollar
DATAFLOW,OECD.SDD.NAD:DSD_NAMAIN1@DF_QNA(1.1),Quarterly National Accounts (for 'Developer API'),I,Q,Quarterly,Y,Calendar and seasonally adjusted,OECD,OECD,S1,Total economy,S1,Total economy,B1GQ,Gross domestic product,_Z,Not applicable,_Z,Not applicable,_Z,Not applicable,USD_PPP,"US dollars, PPP converted",V,Current prices,LA,Annual levels,T0102,Table 0102 - GDP identity from the expenditure side,2009-Q4,,43481177.7,,,,,,F,Free (free for publication),1,One,A,Normal value,6,Millions,USD,US dollar
DATAFLOW,OECD.SDD.NAD:DSD_NAMAIN1@DF_QNA(1.1),Quarterly National Accounts (for 'Developer API'),I,Q,Quarterly,Y,Calendar and seasonally adjusted,OECD,OECD,S1,Total economy,S1,Total economy,B1GQ,Gross domestic product,_Z,Not applicable,_Z,Not applicable,_Z,Not applicable,USD_PPP,"US dollars, PPP converted",V,Current prices,LA,Annual levels,T0102,Table 0102 - GDP identity from the expenditure side,2010-Q1,,43893539.2,,,,,,F,Free (free for publication),1,One,A,Normal value,6,Millions,USD,US dollar
DATAFLOW,OECD.SDD.NAD:DSD_NAMAIN1@DF_QNA(1.1),Quarterly National Accounts (for 'Developer API'),I,Q,Quarterly,Y,Calendar and seasonally adjusted,OECD,OECD,S1,Total economy,S1,Total economy,B1GQ,Gross domestic product,_Z,Not applicable,_Z,Not applicable,_Z,Not applicable,USD_PPP,"US dollars, PPP converted",V,Current prices,LA,Annual levels,T0102,Table 0102 - GDP identity from the expenditure side,2010-Q2,,44599607.1,,,,,,F,Free (free for publication),1,One,A,Normal value,6,Millions,USD,US dollar
DATAFLOW,OECD.SDD.NAD:DSD_NAMAIN1@DF_QNA(1.1),Quarterly National Accounts (for 'Developer API'),I,Q,Quarterly,Y,Calendar and seasonally adjusted,OECD,OECD,S1,Total economy,S1,Total economy,B1GQ,Gross domestic product,_Z,Not applicable,_Z,Not applicable,_Z,Not applicable,USD_PPP,"US dollars, PPP converted",V,Current prices,LA,Annual levels,T0102,Table 0102 - GDP identity from the expenditure side,2010-Q3,,45157955.9,,,,,,F,Free (free for publication),1,One,A,Normal value,6,Millions,USD,US dollar
DATAFLOW,OECD.SDD.NAD:DSD_NAMAIN1@DF_QNA(1.1),Quarterly National Accounts (for 'Developer API'),I,Q,Quarterly,Y,Calendar and seasonally adjusted,OECD,OECD,S1,Total economy,S1,Total economy,B1GQ,Gross domestic product,_Z,Not applicable,_Z,Not applicable,_Z,Not applicable,USD_PPP,"US dollars, PPP converted",V,Current prices,LA,Annual levels,T0102,Table 0102 - GDP identity from the expenditure side,2015-Q2,,54149797.4,,,,,,F,Free (free for publication),1,One,A,Normal value,6,Millions,USD,US dollar
DATAFLOW,OECD.SDD.NAD:DSD_NAMAIN1@DF_QNA(1.1),Quarterly National Accounts (for 'Developer API'),I,Q,Quarterly,Y,Calendar and seasonally adjusted,OECD,OECD,S1,Total economy,S1,Total economy,B1GQ,Gross domestic product,_Z,Not applicable,_Z,Not applicable,_Z,Not applicable,USD_PPP,"US dollars, PPP converted",V,Current prices,LA,Annual levels,T0102,Table 0102 - GDP identity from the expenditure side,2015-Q3,,54682593.6,,,,,,F,Free (free for publication),1,One,A,Normal value,6,Millions,USD,US dollar
DATAFLOW,OECD.SDD.NAD:DSD_NAMAIN1@DF_QNA(1.1),Quarterly National Accounts (for 'Developer API'),I,Q,Quarterly,Y,Calendar and seasonally adjusted,OECD,OECD,S1,Total economy,S1,Total economy,B1GQ,Gross domestic product,_Z,Not applicable,_Z,Not applicable,_Z,Not applicable,USD_PPP,"US dollars, PPP converted",V,Current prices,LA,Annual levels,T0102,Table 0102 - GDP identity from the expenditure side,2015-Q4,,55047162.6,,,,,,F,Free (free for publication),1,One,A,Normal value,6,Millions,USD,US dollar
DATAFLOW,OECD.SDD.NAD:DSD_NAMAIN1@DF_QNA(1.1),Quarterly National Accounts (for 'Developer API'),I,Q,Quarterly,Y,Calendar and seasonally adjusted,OECD,OECD,S1,Total economy,S1,Total economy,B1GQ,Gross domestic product,_Z,Not applicable,_Z,Not applicable,_Z,Not applicable,USD_PPP,"US dollars, PPP converted",V,Current prices,LA,Annual levels,T0102,Table 0102 - GDP identity from the expenditure side,2016-Q1,,55543900.9,,,,,,F,Free (free for publication),1,One,A,Normal value,6,Millions,USD,US dollar
DATAFLOW,OECD.SDD.NAD:DSD_NAMAIN1@DF_QNA(1.1),Quarterly National Accounts (for 'Developer API'),I,Q,Quarterly,Y,Calendar and seasonally adjusted,OECD,OECD,S1,Total economy,S1,Total economy,B1GQ,Gross domestic product,_Z,Not applicable,_Z,Not applicable,_Z,Not applicable,USD_PPP,"US dollars, PPP converted",V,Current prices,LA,Annual levels,T0102,Table 0102 - GDP identity from the expenditure side,2016-Q2,,56302714.7,,,,,,F,Free (free for publication),1,One,A,Normal value,6,Millions,USD,US dollar
DATAFLOW,OECD.SDD.NAD:DSD_NAMAIN1@DF_QNA(1.1),Quarterly National Accounts (for 'Developer API'),I,Q,Quarterly,Y,Calendar and seasonally adjusted,OECD,OECD,S1,Total economy,S1,Total economy,B1GQ,Gross domestic product,_Z,Not applicable,_Z,Not applicable,_Z,Not applicable,USD_PPP,"US dollars, PPP converted",V,Current prices,LA,Annual levels,T0102,Table 0102 - GDP identity from the expenditure side,2016-Q3,,56819060.8,,,,,,F,Free (free for publication),1,One,A,Normal value,6,Millions,USD,US dollar
DATAFLOW,OECD.SDD.NAD:DSD_NAMAIN1@DF_QNA(1.1),Quarterly National Accounts (for 'Developer API'),I,Q,Quarterly,Y,Calendar and seasonally adjusted,OECD,OECD,S1,Total economy,S1,Total economy,B1GQ,Gross domestic product,_Z,Not applicable,_Z,Not applicable,_Z,Not applicable,USD_PPP,"US dollars, PPP converted",V,Current prices,LA,Annual levels,T0102,Table 0102 - GDP identity from the expenditure side,2021-Q2,,69284330.9,,,,,,F,Free (free for publication),1,One,A,Normal value,6,Millions,USD,US dollar
DATAFLOW,OECD.SDD.NAD:DSD_NAMAIN1@DF_QNA(1.1),Quarterly National Accounts (for 'Developer API'),I,Q,Quarterly,Y,Calendar and seasonally adjusted,OECD,OECD,S1,Total economy,S1,Total economy,B1GQ,Gross domestic product,_Z,Not applicable,_Z,Not applicable,_Z,Not applicable,USD_PPP,"US dollars, PPP converted",V,Current prices,LA,Annual levels,T0102,Table 0102 - GDP identity from the expenditure side,2021-Q3,,71106750.5,,,,,,F,Free (free for publication),1,One,A,Normal value,6,Millions,USD,US dollar
DATAFLOW,OECD.SDD.NAD:DSD_NAMAIN1@DF_QNA(1.1),Quarterly National Accounts (for 'Developer API'),I,Q,Quarterly,Y,Calendar and seasonally adjusted,OECD,OECD,S1,Total economy,S1,Total economy,B1GQ,Gross domestic product,_Z,Not applicable,_Z,Not applicable,_Z,Not applicable,USD_PPP,"US dollars, PPP converted",V,Current prices,LA,Annual levels,T0102,Table 0102 - GDP identity from the expenditure side,2021-Q4,,73688649.1,,,,,,F,Free (free for publication),1,One,A,Normal value,6,Millions,USD,US dollar
DATAFLOW,OECD.SDD.NAD:DSD_NAMAIN1@DF_QNA(1.1),Quarterly National Accounts (for 'Developer API'),I,Q,Quarterly,Y,Calendar and seasonally adjusted,OECD,OECD,S1,Total economy,S1,Total economy,B1GQ,Gross domestic product,_Z,Not applicable,_Z,Not applicable,_Z,Not applicable,USD_PPP,"US dollars, PPP converted",V,Current prices,LA,Annual levels,T0102,Table 0102 - GDP identity from the expenditure side,2022-Q1,,75932149.1,,,,,,F,Free (free for publication),1,One,A,Normal value,6,Millions,USD,US dollar
DATAFLOW,OECD.SDD.NAD:DSD_NAMAIN1@DF_QNA(1.1),Quarterly National Accounts (for 'Developer API'),I,Q,Quarterly,Y,Calendar and seasonally adjusted,OECD,OECD,S1,Total economy,S1,Total economy,B1GQ,Gross domestic product,_Z,Not applicable,_Z,Not applicable,_Z,Not applicable,USD_PPP,"US dollars, PPP converted",V,Current prices,LA,Annual levels,T0102,Table 0102 - GDP identity from the expenditure side,2022-Q2,,78625269.8,,,,,,F,Free (free for publication),1,One,A,Normal value,6,Millions,USD,US dollar
DATAFLOW,OECD.SDD.NAD:DSD_NAMAIN1@DF_QNA(1.1),Quarterly National Accounts (for 'Developer API'),I,Q,Quarterly,Y,Calendar and seasonally adjusted,OECD,OECD,S1,Total economy,S1,Total economy,B1GQ,Gross domestic product,_Z,Not applicable,_Z,Not applicable,_Z,Not applicable,USD_PPP,"US dollars, PPP converted",V,Current prices,LA,Annual levels,T0102,Table 0102 - GDP identity from the expenditure side,2022-Q3,,80179729,,,,,,F,Free (free for publication),1,One,A,Normal value,6,Millions,USD,US dollar
DATAFLOW,OECD.SDD.NAD:DSD_NAMAIN1@DF_QNA(1.1),Quarterly National Accounts (for 'Developer API'),I,Q,Quarterly,Y,Calendar and seasonally adjusted,OECD,OECD,S1,Total economy,S1,Total economy,B1GQ,Gross domestic product,_Z,Not applicable,_Z,Not applicable,_Z,Not applicable,USD_PPP,"US dollars, PPP converted",V,Current prices,LA,Annual levels,T0102,Table 0102 - GDP identity from the expenditure side,2018-Q3,,62189872.9,,,,,,F,Free (free for publication),1,One,A,Normal value,6,Millions,USD,US dollar
DATAFLOW,OECD.SDD.NAD:DSD_NAMAIN1@DF_QNA(1.1),Quarterly National Accounts (for 'Developer API'),I,Q,Quarterly,Y,Calendar and seasonally adjusted,OECD,OECD,S1,Total economy,S1,Total economy,B1GQ,Gross domestic product,_Z,Not applicable,_Z,Not applicable,_Z,Not applicable,USD_PPP,"US dollars, PPP converted",V,Current prices,LA,Annual levels,T0102,Table 0102 - GDP identity from the expenditure side,2018-Q4,,62731534.1,,,,,,F,Free (free for publication),1,One,A,Normal value,6,Millions,USD,US dollar
DATAFLOW,OECD.SDD.NAD:DSD_NAMAIN1@DF_QNA(1.1),Quarterly National Accounts (for 'Developer API'),I,Q,Quarterly,Y,Calendar and seasonally adjusted,OECD,OECD,S1,Total economy,S1,Total economy,B1GQ,Gross domestic product,_Z,Not applicable,_Z,Not applicable,_Z,Not applicable,USD_PPP,"US dollars, PPP converted",V,Current prices,LA,Annual levels,T0102,Table 0102 - GDP identity from the expenditure side,2019-Q1,,63581446.3,,,,,,F,Free (free for publication),1,One,A,Normal value,6,Millions,USD,US dollar
DATAFLOW,OECD.SDD.NAD:DSD_NAMAIN1@DF_QNA(1.1),Quarterly National Accounts (for 'Developer API'),I,Q,Quarterly,Y,Calendar and seasonally adjusted,OECD,OECD,S1,Total economy,S1,Total economy,B1GQ,Gross domestic product,_Z,Not applicable,_Z,Not applicable,_Z,Not applicable,USD_PPP,"US dollars, PPP converted",V,Current prices,LA,Annual levels,T0102,Table 0102 - GDP identity from the expenditure side,2019-Q2,,64626483.4,,,,,,F,Free (free for publication),1,One,A,Normal value,6,Millions,USD,US dollar
DATAFLOW,OECD.SDD.NAD:DSD_NAMAIN1@DF_QNA(1.1),Quarterly National Accounts (for 'Developer API'),I,Q,Quarterly,Y,Calendar and seasonally adjusted,OECD,OECD,S1,Total economy,S1,Total economy,B1GQ,Gross domestic product,_Z,Not applicable,_Z,Not applicable,_Z,Not applicable,USD_PPP,"US dollars, PPP converted",V,Current prices,LA,Annual levels,T0102,Table 0102 - GDP identity from the expenditure side,2019-Q3,,65535021.6,,,,,,F,Free (free for publication),1,One,A,Normal value,6,Millions,USD,US dollar
DATAFLOW,OECD.SDD.NAD:DSD_NAMAIN1@DF_QNA(1.1),Quarterly National Accounts (for 'Developer API'),I,Q,Quarterly,Y,Calendar and seasonally adjusted,OECD,OECD,S1,Total economy,S1,Total economy,B1GQ,Gross domestic product,_Z,Not applicable,_Z,Not applicable,_Z,Not applicable,USD_PPP,"US dollars, PPP converted",V,Current prices,LA,Annual levels,T0102,Table 0102 - GDP identity from the expenditure side,2017-Q2,,58728828.2,,,,,,F,Free (free for publication),1,One,A,Normal value,6,Millions,USD,US dollar
DATAFLOW,OECD.SDD.NAD:DSD_NAMAIN1@DF_QNA(1.1),Quarterly National Accounts (for 'Developer API'),I,Q,Quarterly,Y,Calendar and seasonally adjusted,OECD,OECD,S1,Total economy,S1,Total economy,B1GQ,Gross domestic product,_Z,Not applicable,_Z,Not applicable,_Z,Not applicable,USD_PPP,"US dollars, PPP converted",V,Current prices,LA,Annual levels,T0102,Table 0102 - GDP identity from the expenditure side,2017-Q3,,59426816.5,,,,,,F,Free (free for publication),1,One,A,Normal value,6,Millions,USD,US dollar
DATAFLOW,OECD.SDD.NAD:DSD_NAMAIN1@DF_QNA(1.1),Quarterly National Accounts (for 'Developer API'),I,Q,Quarterly,Y,Calendar and seasonally adjusted,OECD,OECD,S1,Total economy,S1,Total economy,B1GQ,Gross domestic product,_Z,Not applicable,_Z,Not applicable,_Z,Not applicable,USD_PPP,"US dollars, PPP converted",V,Current prices,LA,Annual levels,T0102,Table 0102 - GDP identity from the expenditure side,2017-Q4,,60226819.2,,,,,,F,Free (free for publication),1,One,A,Normal value,6,Millions,USD,US dollar
DATAFLOW,OECD.SDD.NAD:DSD_NAMAIN1@DF_QNA(1.1),Quarterly National Accounts (for 'Developer API'),I,Q,Quarterly,Y,Calendar and seasonally adjusted,OECD,OECD,S1,Total economy,S1,Total economy,B1GQ,Gross domestic product,_Z,Not applicable,_Z,Not applicable,_Z,Not applicable,USD_PPP,"US dollars, PPP converted",V,Current prices,LA,Annual levels,T0102,Table 0102 - GDP identity from the expenditure side,2013-Q2,,50308813.9,,,,,,F,Free (free for publication),1,One,A,Normal value,6,Millions,USD,US dollar
DATAFLOW,OECD.SDD.NAD:DSD_NAMAIN1@DF_QNA(1.1),Quarterly National Accounts (for 'Developer API'),I,Q,Quarterly,Y,Calendar and seasonally adjusted,OECD,OECD,S1,Total economy,S1,Total economy,B1GQ,Gross domestic product,_Z,Not applicable,_Z,Not applicable,_Z,Not applicable,USD_PPP,"US dollars, PPP converted",V,Current prices,LA,Annual levels,T0102,Table 0102 - GDP identity from the expenditure side,2012-Q2,,48300742.9,,,,,,F,Free (free for publication),1,One,A,Normal value,6,Millions,USD,US dollar
DATAFLOW,OECD.SDD.NAD:DSD_NAMAIN1@DF_QNA(1.1),Quarterly National Accounts (for 'Developer API'),I,Q,Quarterly,Y,Calendar and seasonally adjusted,OECD,OECD,S1,Total economy,S1,Total economy,B1GQ,Gross domestic product,_Z,Not applicable,_Z,Not applicable,_Z,Not applicable,USD_PPP,"US dollars, PPP converted",V,Current prices,LA,Annual levels,T0102,Table 0102 - GDP identity from the expenditure side,2026-Q1,,92758451.9,,,,,,F,Free (free for publication),1,One,A,Normal value,6,Millions,USD,US dollar
DATAFLOW,OECD.SDD.NAD:DSD_NAMAIN1@DF_QNA(1.1),Quarterly National Accounts (for 'Developer API'),I,Q,Quarterly,Y,Calendar and seasonally adjusted,OECD,OECD,S1,Total economy,S1,Total economy,B1GQ,Gross domestic product,_Z,Not applicable,_Z,Not applicable,_Z,Not applicable,USD_PPP,"US dollars, PPP converted",V,Current prices,LA,Annual levels,T0102,Table 0102 - GDP identity from the expenditure side,2012-Q3,,48686805,,,,,,F,Free (free for publication),1,One,A,Normal value,6,Millions,USD,US dollar
DATAFLOW,OECD.SDD.NAD:DSD_NAMAIN1@DF_QNA(1.1),Quarterly National Accounts (for 'Developer API'),I,Q,Quarterly,Y,Calendar and seasonally adjusted,OECD,OECD,S1,Total economy,S1,Total economy,B1GQ,Gross domestic product,_Z,Not applicable,_Z,Not applicable,_Z,Not applicable,USD_PPP,"US dollars, PPP converted",LR,Chain linked volume (rebased),LA,Annual levels,T0102,Table 0102 - GDP identity from the expenditure side,2021-Q2,,67726588.9,,2020,,,,F,Free (free for publication),1,One,A,Normal value,6,Millions,USD,US dollar
DATAFLOW,OECD.SDD.NAD:DSD_NAMAIN1@DF_QNA(1.1),Quarterly National Accounts (for 'Developer API'),I,Q,Quarterly,Y,Calendar and seasonally adjusted,OECD,OECD,S1,Total economy,S1,Total economy,B1GQ,Gross domestic product,_Z,Not applicable,_Z,Not applicable,_Z,Not applicable,USD_PPP,"US dollars, PPP converted",LR,Chain linked volume (rebased),LA,Annual levels,T0102,Table 0102 - GDP identity from the expenditure side,2021-Q3,,68526158.5,,2020,,,,F,Free (free for publication),1,One,A,Normal value,6,Millions,USD,US dollar
DATAFLOW,OECD.SDD.NAD:DSD_NAMAIN1@DF_QNA(1.1),Quarterly National Accounts (for 'Developer API'),I,Q,Quarterly,Y,Calendar and seasonally adjusted,OECD,OECD,S1,Total economy,S1,Total economy,B1GQ,Gross domestic product,_Z,Not applicable,_Z,Not applicable,_Z,Not applicable,USD_PPP,"US dollars, PPP converted",LR,Chain linked volume (rebased),LA,Annual levels,T0102,Table 0102 - GDP identity from the expenditure side,2024-Q1,,72360887.6,,2020,,,,F,Free (free for publication),1,One,A,Normal value,6,Millions,USD,US dollar
DATAFLOW,OECD.SDD.NAD:DSD_NAMAIN1@DF_QNA(1.1),Quarterly National Accounts (for 'Developer API'),I,Q,Quarterly,Y,Calendar and seasonally adjusted,OECD,OECD,S1,Total economy,S1,Total economy,B1GQ,Gross domestic product,_Z,Not applicable,_Z,Not applicable,_Z,Not applicable,USD_PPP,"US dollars, PPP converted",LR,Chain linked volume (rebased),LA,Annual levels,T0102,Table 0102 - GDP identity from the expenditure side,2024-Q2,,72681331.7,,2020,,,,F,Free (free for publication),1,One,A,Normal value,6,Millions,USD,US dollar
DATAFLOW,OECD.SDD.NAD:DSD_NAMAIN1@DF_QNA(1.1),Quarterly National Accounts (for 'Developer API'),I,Q,Quarterly,Y,Calendar and seasonally adjusted,OECD,OECD,S1,Total economy,S1,Total economy,B1GQ,Gross domestic product,_Z,Not applicable,_Z,Not applicable,_Z,Not applicable,USD_PPP,"US dollars, PPP converted",LR,Chain linked volume (rebased),LA,Annual levels,T0102,Table 0102 - GDP identity from the expenditure side,2009-Q1,,53346106.8,,2020,,,,F,Free (free for publication),1,One,A,Normal value,6,Millions,USD,US dollar
DATAFLOW,OECD.SDD.NAD:DSD_NAMAIN1@DF_QNA(1.1),Quarterly National Accounts (for 'Developer API'),I,Q,Quarterly,Y,Calendar and seasonally adjusted,OECD,OECD,S1,Total economy,S1,Total economy,B1GQ,Gross domestic product,_Z,Not applicable,_Z,Not applicable,_Z,Not applicable,USD_PPP,"US dollars, PPP converted",V,Current prices,LA,Annual levels,T0102,Table 0102 - GDP identity from the expenditure side,2024-Q2,,87050713.1,,,,,,F,Free (free for publication),1,One,A,Normal value,6,Millions,USD,US dollar
DATAFLOW,OECD.SDD.NAD:DSD_NAMAIN1@DF_QNA(1.1),Quarterly National Accounts (for 'Developer API'),I,Q,Quarterly,Y,Calendar and seasonally adjusted,OECD,OECD,S1,Total economy,S1,Total economy,B1GQ,Gross domestic product,_Z,Not applicable,_Z,Not applicable,_Z,Not applicable,USD_PPP,"US dollars, PPP converted",V,Current prices,LA,Annual levels,T0102,Table 0102 - GDP identity from the expenditure side,2024-Q3,,87781624.9,,,,,,F,Free (free for publication),1,One,A,Normal value,6,Millions,USD,US dollar
DATAFLOW,OECD.SDD.NAD:DSD_NAMAIN1@DF_QNA(1.1),Quarterly National Accounts (for 'Developer API'),I,Q,Quarterly,Y,Calendar and seasonally adjusted,OECD,OECD,S1,Total economy,S1,Total economy,B1GQ,Gross domestic product,_Z,Not applicable,_Z,Not applicable,_Z,Not applicable,USD_PPP,"US dollars, PPP converted",V,Current prices,LA,Annual levels,T0102,Table 0102 - GDP identity from the expenditure side,2024-Q4,,88392108.3,,,,,,F,Free (free for publication),1,One,A,Normal value,6,Millions,USD,US dollar
DATAFLOW,OECD.SDD.NAD:DSD_NAMAIN1@DF_QNA(1.1),Quarterly National Accounts (for 'Developer API'),I,Q,Quarterly,Y,Calendar and seasonally adjusted,OECD,OECD,S1,Total economy,S1,Total economy,B1GQ,Gross domestic product,_Z,Not applicable,_Z,Not applicable,_Z,Not applicable,USD_PPP,"US dollars, PPP converted",LR,Chain linked volume (rebased),LA,Annual levels,T0102,Table 0102 - GDP identity from the expenditure side,2015-Q3,,61300752.5,,2020,,,,F,Free (free for publication),1,One,A,Normal value,6,Millions,USD,US dollar
DATAFLOW,OECD.SDD.NAD:DSD_NAMAIN1@DF_QNA(1.1),Quarterly National Accounts (for 'Developer API'),I,Q,Quarterly,Y,Calendar and seasonally adjusted,OECD,OECD,S1,Total economy,S1,Total economy,B1GQ,Gross domestic product,_Z,Not applicable,_Z,Not applicable,_Z,Not applicable,USD_PPP,"US dollars, PPP converted",V,Current prices,LA,Annual levels,T0102,Table 0102 - GDP identity from the expenditure side,2025-Q1,,88993318.3,,,,,,F,Free (free for publication),1,One,A,Normal value,6,Millions,USD,US dollar
DATAFLOW,OECD.SDD.NAD:DSD_NAMAIN1@DF_QNA(1.1),Quarterly National Accounts (for 'Developer API'),I,Q,Quarterly,Y,Calendar and seasonally adjusted,OECD,OECD,S1,Total economy,S1,Total economy,B1GQ,Gross domestic product,_Z,Not applicable,_Z,Not applicable,_Z,Not applicable,USD_PPP,"US dollars, PPP converted",LR,Chain linked volume (rebased),LA,Annual levels,T0102,Table 0102 - GDP identity from the expenditure side,2012-Q1,,57193935.9,,2020,,,,F,Free (free for publication),1,One,A,Normal value,6,Millions,USD,US dollar
DATAFLOW,OECD.SDD.NAD:DSD_NAMAIN1@DF_QNA(1.1),Quarterly National Accounts (for 'Developer API'),I,Q,Quarterly,Y,Calendar and seasonally adjusted,OECD,OECD,S1,Total economy,S1,Total economy,B1GQ,Gross domestic product,_Z,Not applicable,_Z,Not applicable,_Z,Not applicable,USD_PPP,"US dollars, PPP converted",LR,Chain linked volume (rebased),LA,Annual levels,T0102,Table 0102 - GDP identity from the expenditure side,2016-Q4,,62838934.8,,2020,,,,F,Free (free for publication),1,One,A,Normal value,6,Millions,USD,US dollar
DATAFLOW,OECD.SDD.NAD:DSD_NAMAIN1@DF_QNA(1.1),Quarterly National Accounts (for 'Developer API'),I,Q,Quarterly,Y,Calendar and seasonally adjusted,OECD,OECD,S1,Total economy,S1,Total economy,B1GQ,Gross domestic product,_Z,Not applicable,_Z,Not applicable,_Z,Not applicable,USD_PPP,"US dollars, PPP converted",LR,Chain linked volume (rebased),LA,Annual levels,T0102,Table 0102 - GDP identity from the expenditure side,2016-Q1,,61821345.2,,2020,,,,F,Free (free for publication),1,One,A,Normal value,6,Millions,USD,US dollar
DATAFLOW,OECD.SDD.NAD:DSD_NAMAIN1@DF_QNA(1.1),Quarterly National Accounts (for 'Developer API'),I,Q,Quarterly,Y,Calendar and seasonally adjusted,OECD,OECD,S1,Total economy,S1,Total economy,B1GQ,Gross domestic product,_Z,Not applicable,_Z,Not applicable,_Z,Not applicable,USD_PPP,"US dollars, PPP converted",LR,Chain linked volume (rebased),LA,Annual levels,T0102,Table 0102 - GDP identity from the expenditure side,2016-Q2,,62047440.2,,2020,,,,F,Free (free for publication),1,One,A,Normal value,6,Millions,USD,US dollar
DATAFLOW,OECD.SDD.NAD:DSD_NAMAIN1@DF_QNA(1.1),Quarterly National Accounts (for 'Developer API'),I,Q,Quarterly,Y,Calendar and seasonally adjusted,OECD,OECD,S1,Total economy,S1,Total economy,B1GQ,Gross domestic product,_Z,Not applicable,_Z,Not applicable,_Z,Not applicable,USD_PPP,"US dollars, PPP converted",LR,Chain linked volume (rebased),LA,Annual levels,T0102,Table 0102 - GDP identity from the expenditure side,2016-Q3,,62319566.2,,2020,,,,F,Free (free for publication),1,One,A,Normal value,6,Millions,USD,US dollar
DATAFLOW,OECD.SDD.NAD:DSD_NAMAIN1@DF_QNA(1.1),Quarterly National Accounts (for 'Developer API'),I,Q,Quarterly,Y,Calendar and seasonally adjusted,OECD,OECD,S1,Total economy,S1,Total economy,B1GQ,Gross domestic product,_Z,Not applicable,_Z,Not applicable,_Z,Not applicable,USD_PPP,"US dollars, PPP converted",LR,Chain linked volume (rebased),LA,Annual levels,T0102,Table 0102 - GDP identity from the expenditure side,2013-Q4,,58784190.5,,2020,,,,F,Free (free for publication),1,One,A,Normal value,6,Millions,USD,US dollar
DATAFLOW,OECD.SDD.NAD:DSD_NAMAIN1@DF_QNA(1.1),Quarterly National Accounts (for 'Developer API'),I,Q,Quarterly,Y,Calendar and seasonally adjusted,OECD,OECD,S1,Total economy,S1,Total economy,B1GQ,Gross domestic product,_Z,Not applicable,_Z,Not applicable,_Z,Not applicable,USD_PPP,"US dollars, PPP converted",LR,Chain linked volume (rebased),LA,Annual levels,T0102,Table 0102 - GDP identity from the expenditure side,2015-Q2,,60994734.8,,2020,,,,F,Free (free for publication),1,One,A,Normal value,6,Millions,USD,US dollar
DATAFLOW,OECD.SDD.NAD:DSD_NAMAIN1@DF_QNA(1.1),Quarterly National Accounts (for 'Developer API'),I,Q,Quarterly,Y,Calendar and seasonally adjusted,OECD,OECD,S1,Total economy,S1,Total economy,B1GQ,Gross domestic product,_Z,Not applicable,_Z,Not applicable,_Z,Not applicable,IX,Index,DR,Deflator (rebased),N,Non transformed data,T0102,Table 0102 - GDP identity from the expenditure side,2023-Q1,,115.546084006,,2020,,,,F,Free (free for publication),1,One,A,Normal value,0,Units,_Z,Not applicable
DATAFLOW,OECD.SDD.NAD:DSD_NAMAIN1@DF_QNA(1.1),Quarterly National Accounts (for 'Developer API'),I,Q,Quarterly,Y,Calendar and seasonally adjusted,OECD,OECD,S1,Total economy,S1,Total economy,B1GQ,Gross domestic product,_Z,Not applicable,_Z,Not applicable,_Z,Not applicable,PC,Percentage change,L,Chain linked volume,G1,"Growth rate, period on period",T0102,Table 0102 - GDP identity from the expenditure side,2017-Q2,,0.712521675,,,,,,F,Free (free for publication),1,One,A,Normal value,0,Units,_Z,Not applicable
DATAFLOW,OECD.SDD.NAD:DSD_NAMAIN1@DF_QNA(1.1),Quarterly National Accounts (for 'Developer API'),I,Q,Quarterly,Y,Calendar and seasonally adjusted,OECD,OECD,S1,Total economy,S1,Total economy,B1GQ,Gross domestic product,_Z,Not applicable,_Z,Not applicable,_Z,Not applicable,PC,Percentage change,L,Chain linked volume,G1,"Growth rate, period on period",T0102,Table 0102 - GDP identity from the expenditure side,2023-Q1,,0.380185841,,,,,,F,Free (free for publication),1,One,A,Normal value,0,Units,_Z,Not applicable
DATAFLOW,OECD.SDD.NAD:DSD_NAMAIN1@DF_QNA(1.1),Quarterly National Accounts (for 'Developer API'),I,Q,Quarterly,Y,Calendar and seasonally adjusted,OECD,OECD,S1,Total economy,S1,Total economy,B1GQ,Gross domestic product,_Z,Not applicable,_Z,Not applicable,_Z,Not applicable,IX,Index,LR,Chain linked volume (rebased),N,Non transformed data,T0102,Table 0102 - GDP identity from the expenditure side,2012-Q1,,89.324294536,,2020,,,,F,Free (free for publication),1,One,A,Normal value,0,Units,_Z,Not applicable
DATAFLOW,OECD.SDD.NAD:DSD_NAMAIN1@DF_QNA(1.1),Quarterly National Accounts (for 'Developer API'),I,Q,Quarterly,Y,Calendar and seasonally adjusted,OECD,OECD,S1,Total economy,S1,Total economy,B1GQ,Gross domestic product,_Z,Not applicable,_Z,Not applicable,_Z,Not applicable,PC,Percentage change,L,Chain linked volume,G1,"Growth rate, period on period",T0102,Table 0102 - GDP identity from the expenditure side,2023-Q3,,0.48451822,,,,,,F,Free (free for publication),1,One,A,Normal value,0,Units,_Z,Not applicable
DATAFLOW,OECD.SDD.NAD:DSD_NAMAIN1@DF_QNA(1.1),Quarterly National Accounts (for 'Developer API'),I,Q,Quarterly,Y,Calendar and seasonally adjusted,OECD,OECD,S1,Total economy,S1,Total economy,B1GQ,Gross domestic product,_Z,Not applicable,_Z,Not applicable,_Z,Not applicable,PC,Percentage change,L,Chain linked volume,G1,"Growth rate, period on period",T0102,Table 0102 - GDP identity from the expenditure side,2023-Q4,,0.371930936,,,,,,F,Free (free for publication),1,One,A,Normal value,0,Units,_Z,Not applicable
DATAFLOW,OECD.SDD.NAD:DSD_NAMAIN1@DF_QNA(1.1),Quarterly National Accounts (for 'Developer API'),I,Q,Quarterly,Y,Calendar and seasonally adjusted,OECD,OECD,S1,Total economy,S1,Total economy,B1GQ,Gross domestic product,_Z,Not applicable,_Z,Not applicable,_Z,Not applicable,PC,Percentage change,L,Chain linked volume,G1,"Growth rate, period on period",T0102,Table 0102 - GDP identity from the expenditure side,2024-Q1,,0.444584439,,,,,,F,Free (free for publication),1,One,A,Normal value,0,Units,_Z,Not applicable
DATAFLOW,OECD.SDD.NAD:DSD_NAMAIN1@DF_QNA(1.1),Quarterly National Accounts (for 'Developer API'),I,Q,Quarterly,Y,Calendar and seasonally adjusted,OECD,OECD,S1,Total economy,S1,Total economy,B1GQ,Gross domestic product,_Z,Not applicable,_Z,Not applicable,_Z,Not applicable,PC,Percentage change,L,Chain linked volume,G1,"Growth rate, period on period",T0102,Table 0102 - GDP identity from the expenditure side,2024-Q2,,0.442841646,,,,,,F,Free (free for publication),1,One,A,Normal value,0,Units,_Z,Not applicable
DATAFLOW,OECD.SDD.NAD:DSD_NAMAIN1@DF_QNA(1.1),Quarterly National Accounts (for 'Developer API'),I,Q,Quarterly,Y,Calendar and seasonally adjusted,OECD,OECD,S1,Total economy,S1,Total economy,B1GQ,Gross domestic product,_Z,Not applicable,_Z,Not applicable,_Z,Not applicable,PC,Percentage change,L,Chain linked volume,G1,"Growth rate, period on period",T0102,Table 0102 - GDP identity from the expenditure side,2024-Q3,,0.617575732,,,,,,F,Free (free for publication),1,One,A,Normal value,0,Units,_Z,Not applicable
DATAFLOW,OECD.SDD.NAD:DSD_NAMAIN1@DF_QNA(1.1),Quarterly National Accounts (for 'Developer API'),I,Q,Quarterly,Y,Calendar and seasonally adjusted,OECD,OECD,S1,Total economy,S1,Total economy,B1GQ,Gross domestic product,_Z,Not applicable,_Z,Not applicable,_Z,Not applicable,PC,Percentage change,L,Chain linked volume,G1,"Growth rate, period on period",T0102,Table 0102 - GDP identity from the expenditure side,2024-Q4,,0.460281794,,,,,,F,Free (free for publication),1,One,A,Normal value,0,Units,_Z,Not applicable
DATAFLOW,OECD.SDD.NAD:DSD_NAMAIN1@DF_QNA(1.1),Quarterly National Accounts (for 'Developer API'),I,Q,Quarterly,Y,Calendar and seasonally adjusted,OECD,OECD,S1,Total economy,S1,Total economy,B1GQ,Gross domestic product,_Z,Not applicable,_Z,Not applicable,_Z,Not applicable,IX,Index,DR,Deflator (rebased),N,Non transformed data,T0102,Table 0102 - GDP identity from the expenditure side,2011-Q2,,83.040879794,,2020,,,,F,Free (free for publication),1,One,A,Normal value,0,Units,_Z,Not applicable
DATAFLOW,OECD.SDD.NAD:DSD_NAMAIN1@DF_QNA(1.1),Quarterly National Accounts (for 'Developer API'),I,Q,Quarterly,Y,Calendar and seasonally adjusted,OECD,OECD,S1,Total economy,S1,Total economy,B1GQ,Gross domestic product,_Z,Not applicable,_Z,Not applicable,_Z,Not applicable,PC,Percentage change,L,Chain linked volume,G1,"Growth rate, period on period",T0102,Table 0102 - GDP identity from the expenditure side,2026-Q1,,0.371161393,,,,,,F,Free (free for publication),1,One,A,Normal value,0,Units,_Z,Not applicable
DATAFLOW,OECD.SDD.NAD:DSD_NAMAIN1@DF_QNA(1.1),Quarterly National Accounts (for 'Developer API'),I,Q,Quarterly,Y,Calendar and seasonally adjusted,OECD,OECD,S1,Total economy,S1,Total economy,B1GQ,Gross domestic product,_Z,Not applicable,_Z,Not applicable,_Z,Not applicable,PC,Percentage change,L,Chain linked volume,G1,"Growth rate, period on period",T0102,Table 0102 - GDP identity from the expenditure side,2008-Q1,,0.195141949,,,,,,F,Free (free for publication),1,One,A,Normal value,0,Units,_Z,Not applicable
DATAFLOW,OECD.SDD.NAD:DSD_NAMAIN1@DF_QNA(1.1),Quarterly National Accounts (for 'Developer API'),I,Q,Quarterly,Y,Calendar and seasonally adjusted,OECD,OECD,S1,Total economy,S1,Total economy,B1GQ,Gross domestic product,_Z,Not applicable,_Z,Not applicable,_Z,Not applicable,PC,Percentage change,L,Chain linked volume,G1,"Growth rate, period on period",T0102,Table 0102 - GDP identity from the expenditure side,2008-Q2,,-0.024944535,,,,,,F,Free (free for publication),1,One,A,Normal value,0,Units,_Z,Not applicable
DATAFLOW,OECD.SDD.NAD:DSD_NAMAIN1@DF_QNA(1.1),Quarterly National Accounts (for 'Developer API'),I,Q,Quarterly,Y,Calendar and seasonally adjusted,OECD,OECD,S1,Total economy,S1,Total economy,B1GQ,Gross domestic product,_Z,Not applicable,_Z,Not applicable,_Z,Not applicable,PC,Percentage change,L,Chain linked volume,G1,"Growth rate, period on period",T0102,Table 0102 - GDP identity from the expenditure side,2008-Q3,,-0.499014077,,,,,,F,Free (free for publication),1,One,A,Normal value,0,Units,_Z,Not applicable
DATAFLOW,OECD.SDD.NAD:DSD_NAMAIN1@DF_QNA(1.1),Quarterly National Accounts (for 'Developer API'),I,Q,Quarterly,Y,Calendar and seasonally adjusted,OECD,OECD,S1,Total economy,S1,Total economy,B1GQ,Gross domestic product,_Z,Not applicable,_Z,Not applicable,_Z,Not applicable,PC,Percentage change,L,Chain linked volume,G1,"Growth rate, period on period",T0102,Table 0102 - GDP identity from the expenditure side,2008-Q4,,-1.944210602,,,,,,F,Free (free for publication),1,One,A,Normal value,0,Units,_Z,Not applicable
DATAFLOW,OECD.SDD.NAD:DSD_NAMAIN1@DF_QNA(1.1),Quarterly National Accounts (for 'Developer API'),I,Q,Quarterly,Y,Calendar and seasonally adjusted,OECD,OECD,S1,Total economy,S1,Total economy,B1GQ,Gross domestic product,_Z,Not applicable,_Z,Not applicable,_Z,Not applicable,PC,Percentage change,L,Chain linked volume,G1,"Growth rate, period on period",T0102,Table 0102 - GDP identity from the expenditure side,2009-Q1,,-2.338632092,,,,,,F,Free (free for publication),1,One,A,Normal value,0,Units,_Z,Not applicable
DATAFLOW,OECD.SDD.NAD:DSD_NAMAIN1@DF_QNA(1.1),Quarterly National Accounts (for 'Developer API'),I,Q,Quarterly,Y,Calendar and seasonally adjusted,OECD,OECD,S1,Total economy,S1,Total economy,B1GQ,Gross domestic product,_Z,Not applicable,_Z,Not applicable,_Z,Not applicable,PC,Percentage change,L,Chain linked volume,G1,"Growth rate, period on period",T0102,Table 0102 - GDP identity from the expenditure side,2013-Q4,,0.541313828,,,,,,F,Free (free for publication),1,One,A,Normal value,0,Units,_Z,Not applicable
DATAFLOW,OECD.SDD.NAD:DSD_NAMAIN1@DF_QNA(1.1),Quarterly National Accounts (for 'Developer API'),I,Q,Quarterly,Y,Calendar and seasonally adjusted,OECD,OECD,S1,Total economy,S1,Total economy,B1GQ,Gross domestic product,_Z,Not applicable,_Z,Not applicable,_Z,Not applicable,PC,Percentage change,L,Chain linked volume,G1,"Growth rate, period on period",T0102,Table 0102 - GDP identity from the expenditure side,2014-Q1,,0.391330503,,,,,,F,Free (free for publication),1,One,A,Normal value,0,Units,_Z,Not applicable
DATAFLOW,OECD.SDD.NAD:DSD_NAMAIN1@DF_QNA(1.1),Quarterly National Accounts (for 'Developer API'),I,Q,Quarterly,Y,Calendar and seasonally adjusted,OECD,OECD,S1,Total economy,S1,Total economy,B1GQ,Gross domestic product,_Z,Not applicable,_Z,Not applicable,_Z,Not applicable,PC,Percentage change,L,Chain linked volume,G1,"Growth rate, period on period",T0102,Table 0102 - GDP identity from the expenditure side,2014-Q2,,0.563794064,,,,,,F,Free (free for publication),1,One,A,Normal value,0,Units,_Z,Not applicable
DATAFLOW,OECD.SDD.NAD:DSD_NAMAIN1@DF_QNA(1.1),Quarterly National Accounts (for 'Developer API'),I,Q,Quarterly,Y,Calendar and seasonally adjusted,OECD,OECD,S1,Total economy,S1,Total economy,B1GQ,Gross domestic product,_Z,Not applicable,_Z,Not applicable,_Z,Not applicable,PC,Percentage change,L,Chain linked volume,G1,"Growth rate, period on period",T0102,Table 0102 - GDP identity from the expenditure side,2014-Q3,,0.766204911,,,,,,F,Free (free for publication),1,One,A,Normal value,0,Units,_Z,Not applicable
DATAFLOW,OECD.SDD.NAD:DSD_NAMAIN1@DF_QNA(1.1),Quarterly National Accounts (for 'Developer API'),I,Q,Quarterly,Y,Calendar and seasonally adjusted,OECD,OECD,S1,Total economy,S1,Total economy,B1GQ,Gross domestic product,_Z,Not applicable,_Z,Not applicable,_Z,Not applicable,PC,Percentage change,L,Chain linked volume,G1,"Growth rate, period on period",T0102,Table 0102 - GDP identity from the expenditure side,2014-Q4,,0.55493523,,,,,,F,Free (free for publication),1,One,A,Normal value,0,Units,_Z,Not applicable
DATAFLOW,OECD.SDD.NAD:DSD_NAMAIN1@DF_QNA(1.1),Quarterly National Accounts (for 'Developer API'),I,Q,Quarterly,Y,Calendar and seasonally adjusted,OECD,OECD,S1,Total economy,S1,Total economy,B1GQ,Gross domestic product,_Z,Not applicable,_Z,Not applicable,_Z,Not applicable,PC,Percentage change,L,Chain linked volume,G1,"Growth rate, period on period",T0102,Table 0102 - GDP identity from the expenditure side,2015-Q1,,0.867693037,,,,,,F,Free (free for publication),1,One,A,Normal value,0,Units,_Z,Not applicable
DATAFLOW,OECD.SDD.NAD:DSD_NAMAIN1@DF_QNA(1.1),Quarterly National Accounts (for 'Developer API'),I,Q,Quarterly,Y,Calendar and seasonally adjusted,OECD,OECD,S1,Total economy,S1,Total economy,B1GQ,Gross domestic product,_Z,Not applicable,_Z,Not applicable,_Z,Not applicable,PC,Percentage change,L,Chain linked volume,G1,"Growth rate, period on period",T0102,Table 0102 - GDP identity from the expenditure side,2019-Q4,,0.06936236,,,,,,F,Free (free for publication),1,One,A,Normal value,0,Units,_Z,Not applicable
DATAFLOW,OECD.SDD.NAD:DSD_NAMAIN1@DF_QNA(1.1),Quarterly National Accounts (for 'Developer API'),I,Q,Quarterly,Y,Calendar and seasonally adjusted,OECD,OECD,S1,Total economy,S1,Total economy,B1GQ,Gross domestic product,_Z,Not applicable,_Z,Not applicable,_Z,Not applicable,PC,Percentage change,L,Chain linked volume,G1,"Growth rate, period on period",T0102,Table 0102 - GDP identity from the expenditure side,2020-Q1,,-1.665010732,,,,,,F,Free (free for publication),1,One,A,Normal value,0,Units,_Z,Not applicable
DATAFLOW,OECD.SDD.NAD:DSD_NAMAIN1@DF_QNA(1.1),Quarterly National Accounts (for 'Developer API'),I,Q,Quarterly,Y,Calendar and seasonally adjusted,OECD,OECD,S1,Total economy,S1,Total economy,B1GQ,Gross domestic product,_Z,Not applicable,_Z,Not applicable,_Z,Not applicable,PC,Percentage change,L,Chain linked volume,G1,"Growth rate, period on period",T0102,Table 0102 - GDP identity from the expenditure side,2020-Q2,,-9.928346981,,,,,,F,Free (free for publication),1,One,A,Normal value,0,Units,_Z,Not applicable
DATAFLOW,OECD.SDD.NAD:DSD_NAMAIN1@DF_QNA(1.1),Quarterly National Accounts (for 'Developer API'),I,Q,Quarterly,Y,Calendar and seasonally adjusted,OECD,OECD,S1,Total economy,S1,Total economy,B1GQ,Gross domestic product,_Z,Not applicable,_Z,Not applicable,_Z,Not applicable,IX,Index,DR,Deflator (rebased),N,Non transformed data,T0102,Table 0102 - GDP identity from the expenditure side,2022-Q1,,108.871618847,,2020,,,,F,Free (free for publication),1,One,A,Normal value,0,Units,_Z,Not applicable
DATAFLOW,OECD.SDD.NAD:DSD_NAMAIN1@DF_QNA(1.1),Quarterly National Accounts (for 'Developer API'),I,Q,Quarterly,Y,Calendar and seasonally adjusted,OECD,OECD,S1,Total economy,S1,Total economy,B1GQ,Gross domestic product,_Z,Not applicable,_Z,Not applicable,_Z,Not applicable,PC,Percentage change,L,Chain linked volume,G1,"Growth rate, period on period",T0102,Table 0102 - GDP identity from the expenditure side,2010-Q4,,0.544612945,,,,,,F,Free (free for publication),1,One,A,Normal value,0,Units,_Z,Not applicable
DATAFLOW,OECD.SDD.NAD:DSD_NAMAIN1@DF_QNA(1.1),Quarterly National Accounts (for 'Developer API'),I,Q,Quarterly,Y,Calendar and seasonally adjusted,OECD,OECD,S1,Total economy,S1,Total economy,B1GQ,Gross domestic product,_Z,Not applicable,_Z,Not applicable,_Z,Not applicable,PC,Percentage change,L,Chain linked volume,G1,"Growth rate, period on period",T0102,Table 0102 - GDP identity from the expenditure side,2011-Q1,,0.294206085,,,,,,F,Free (free for publication),1,One,A,Normal value,0,Units,_Z,Not applicable
DATAFLOW,OECD.SDD.NAD:DSD_NAMAIN1@DF_QNA(1.1),Quarterly National Accounts (for 'Developer API'),I,Q,Quarterly,Y,Calendar and seasonally adjusted,OECD,OECD,S1,Total economy,S1,Total economy,B1GQ,Gross domestic product,_Z,Not applicable,_Z,Not applicable,_Z,Not applicable,PC,Percentage change,L,Chain linked volume,G1,"Growth rate, period on period",T0102,Table 0102 - GDP identity from the expenditure side,2011-Q2,,0.354817866,,,,,,F,Free (free for publication),1,One,A,Normal value,0,Units,_Z,Not applicable
DATAFLOW,OECD.SDD.NAD:DSD_NAMAIN1@DF_QNA(1.1),Quarterly National Accounts (for 'Developer API'),I,Q,Quarterly,Y,Calendar and seasonally adjusted,OECD,OECD,S1,Total economy,S1,Total economy,B1GQ,Gross domestic product,_Z,Not applicable,_Z,Not applicable,_Z,Not applicable,PC,Percentage change,L,Chain linked volume,G1,"Growth rate, period on period",T0102,Table 0102 - GDP identity from the expenditure side,2011-Q3,,0.552527117,,,,,,F,Free (free for publication),1,One,A,Normal value,0,Units,_Z,Not applicable
DATAFLOW,OECD.SDD.NAD:DSD_NAMAIN1@DF_QNA(1.1),Quarterly National Accounts (for 'Developer API'),I,Q,Quarterly,Y,Calendar and seasonally adjusted,OECD,OECD,S1,Total economy,S1,Total economy,B1GQ,Gross domestic product,_Z,Not applicable,_Z,Not applicable,_Z,Not applicable,PC,Percentage change,L,Chain linked volume,G1,"Growth rate, period on period",T0102,Table 0102 - GDP identity from the expenditure side,2011-Q4,,0.484242409,,,,,,F,Free (free for publication),1,One,A,Normal value,0,Units,_Z,Not applicable
DATAFLOW,OECD.SDD.NAD:DSD_NAMAIN1@DF_QNA(1.1),Quarterly National Accounts (for 'Developer API'),I,Q,Quarterly,Y,Calendar and seasonally adjusted,OECD,OECD,S1,Total economy,S1,Total economy,B1GQ,Gross domestic product,_Z,Not applicable,_Z,Not applicable,_Z,Not applicable,PC,Percentage change,L,Chain linked volume,G1,"Growth rate, period on period",T0102,Table 0102 - GDP identity from the expenditure side,2012-Q1,,0.557883671,,,,,,F,Free (free for publication),1,One,A,Normal value,0,Units,_Z,Not applicable
DATAFLOW,OECD.SDD.NAD:DSD_NAMAIN1@DF_QNA(1.1),Quarterly National Accounts (for 'Developer API'),I,Q,Quarterly,Y,Calendar and seasonally adjusted,OECD,OECD,S1,Total economy,S1,Total economy,B1GQ,Gross domestic product,_Z,Not applicable,_Z,Not applicable,_Z,Not applicable,PC,Percentage change,L,Chain linked volume,G1,"Growth rate, period on period",T0102,Table 0102 - GDP identity from the expenditure side,2021-Q2,,1.832235624,,,,,,F,Free (free for publication),1,One,A,Normal value,0,Units,_Z,Not applicable
DATAFLOW,OECD.SDD.NAD:DSD_NAMAIN1@DF_QNA(1.1),Quarterly National Accounts (for 'Developer API'),I,Q,Quarterly,Y,Calendar and seasonally adjusted,OECD,OECD,S1,Total economy,S1,Total economy,B1GQ,Gross domestic product,_Z,Not applicable,_Z,Not applicable,_Z,Not applicable,PC,Percentage change,L,Chain linked volume,G1,"Growth rate, period on period",T0102,Table 0102 - GDP identity from the expenditure side,2021-Q3,,1.180584391,,,,,,F,Free (free for publication),1,One,A,Normal value,0,Units,_Z,Not applicable
DATAFLOW,OECD.SDD.NAD:DSD_NAMAIN1@DF_QNA(1.1),Quarterly National Accounts (for 'Developer API'),I,Q,Quarterly,Y,Calendar and seasonally adjusted,OECD,OECD,S1,Total economy,S1,Total economy,B1GQ,Gross domestic product,_Z,Not applicable,_Z,Not applicable,_Z,Not applicable,PC,Percentage change,L,Chain linked volume,G1,"Growth rate, period on period",T0102,Table 0102 - GDP identity from the expenditure side,2021-Q4,,1.481912993,,,,,,F,Free (free for publication),1,One,A,Normal value,0,Units,_Z,Not applicable
DATAFLOW,OECD.SDD.NAD:DSD_NAMAIN1@DF_QNA(1.1),Quarterly National Accounts (for 'Developer API'),I,Q,Quarterly,Y,Calendar and seasonally adjusted,OECD,OECD,S1,Total economy,S1,Total economy,B1GQ,Gross domestic product,_Z,Not applicable,_Z,Not applicable,_Z,Not applicable,PC,Percentage change,L,Chain linked volume,G1,"Growth rate, period on period",T0102,Table 0102 - GDP identity from the expenditure side,2022-Q1,,0.291927824,,,,,,F,Free (free for publication),1,One,A,Normal value,0,Units,_Z,Not applicable
DATAFLOW,OECD.SDD.NAD:DSD_NAMAIN1@DF_QNA(1.1),Quarterly National Accounts (for 'Developer API'),I,Q,Quarterly,Y,Calendar and seasonally adjusted,OECD,OECD,S1,Total economy,S1,Total economy,B1GQ,Gross domestic product,_Z,Not applicable,_Z,Not applicable,_Z,Not applicable,PC,Percentage change,L,Chain linked volume,G1,"Growth rate, period on period",T0102,Table 0102 - GDP identity from the expenditure side,2016-Q4,,0.833395699,,,,,,F,Free (free for publication),1,One,A,Normal value,0,Units,_Z,Not applicable
DATAFLOW,OECD.SDD.NAD:DSD_NAMAIN1@DF_QNA(1.1),Quarterly National Accounts (for 'Developer API'),I,Q,Quarterly,Y,Calendar and seasonally adjusted,OECD,OECD,S1,Total economy,S1,Total economy,B1GQ,Gross domestic product,_Z,Not applicable,_Z,Not applicable,_Z,Not applicable,PC,Percentage change,L,Chain linked volume,G1,"Growth rate, period on period",T0102,Table 0102 - GDP identity from the expenditure side,2017-Q1,,0.674051661,,,,,,F,Free (free for publication),1,One,A,Normal value,0,Units,_Z,Not applicable
DATAFLOW,OECD.SDD.NAD:DSD_NAMAIN1@DF_QNA(1.1),Quarterly National Accounts (for 'Developer API'),I,Q,Quarterly,Y,Calendar and seasonally adjusted,OECD,OECD,S1,Total economy,S1,Total economy,B1GQ,Gross domestic product,_Z,Not applicable,_Z,Not applicable,_Z,Not applicable,PC,Percentage change,L,Chain linked volume,G1,"Growth rate, period on period",T0102,Table 0102 - GDP identity from the expenditure side,2022-Q2,,0.674798745,,,,,,F,Free (free for publication),1,One,A,Normal value,0,Units,_Z,Not applicable
DATAFLOW,OECD.SDD.NAD:DSD_NAMAIN1@DF_QNA(1.1),Quarterly National Accounts (for 'Developer API'),I,Q,Quarterly,Y,Calendar and seasonally adjusted,OECD,OECD,S1,Total economy,S1,Total economy,B1GQ,Gross domestic product,_Z,Not applicable,_Z,Not applicable,_Z,Not applicable,PC,Percentage change,L,Chain linked volume,G1,"Growth rate, period on period",T0102,Table 0102 - GDP identity from the expenditure side,2022-Q3,,0.513729751,,,,,,F,Free (free for publication),1,One,A,Normal value,0,Units,_Z,Not applicable
DATAFLOW,OECD.SDD.NAD:DSD_NAMAIN1@DF_QNA(1.1),Quarterly National Accounts (for 'Developer API'),I,Q,Quarterly,Y,Calendar and seasonally adjusted,OECD,OECD,S1,Total economy,S1,Total economy,B1GQ,Gross domestic product,_Z,Not applicable,_Z,Not applicable,_Z,Not applicable,PC,Percentage change,L,Chain linked volume,G1,"Growth rate, period on period",T0102,Table 0102 - GDP identity from the expenditure side,2018-Q4,,0.166395231,,,,,,F,Free (free for publication),1,One,A,Normal value,0,Units,_Z,Not applicable
DATAFLOW,OECD.SDD.NAD:DSD_NAMAIN1@DF_QNA(1.1),Quarterly National Accounts (for 'Developer API'),I,Q,Quarterly,Y,Calendar and seasonally adjusted,OECD,OECD,S1,Total economy,S1,Total economy,B1GQ,Gross domestic product,_Z,Not applicable,_Z,Not applicable,_Z,Not applicable,PC,Percentage change,L,Chain linked volume,G1,"Growth rate, period on period",T0102,Table 0102 - GDP identity from the expenditure side,2019-Q1,,0.628372368,,,,,,F,Free (free for publication),1,One,A,Normal value,0,Units,_Z,Not applicable
DATAFLOW,OECD.SDD.NAD:DSD_NAMAIN1@DF_QNA(1.1),Quarterly National Accounts (for 'Developer API'),I,Q,Quarterly,Y,Calendar and seasonally adjusted,OECD,OECD,S1,Total economy,S1,Total economy,B1GQ,Gross domestic product,_Z,Not applicable,_Z,Not applicable,_Z,Not applicable,PC,Percentage change,L,Chain linked volume,G1,"Growth rate, period on period",T0102,Table 0102 - GDP identity from the expenditure side,2019-Q2,,0.640556062,,,,,,F,Free (free for publication),1,One,A,Normal value,0,Units,_Z,Not applicable
DATAFLOW,OECD.SDD.NAD:DSD_NAMAIN1@DF_QNA(1.1),Quarterly National Accounts (for 'Developer API'),I,Q,Quarterly,Y,Calendar and seasonally adjusted,OECD,OECD,S1,Total economy,S1,Total economy,B1GQ,Gross domestic product,_Z,Not applicable,_Z,Not applicable,_Z,Not applicable,PC,Percentage change,L,Chain linked volume,G1,"Growth rate, period on period",T0102,Table 0102 - GDP identity from the expenditure side,2019-Q3,,0.569833613,,,,,,F,Free (free for publication),1,One,A,Normal value,0,Units,_Z,Not applicable
DATAFLOW,OECD.SDD.NAD:DSD_NAMAIN1@DF_QNA(1.1),Quarterly National Accounts (for 'Developer API'),I,Q,Quarterly,Y,Calendar and seasonally adjusted,OECD,OECD,S1,Total economy,S1,Total economy,B1GQ,Gross domestic product,_Z,Not applicable,_Z,Not applicable,_Z,Not applicable,PC,Percentage change,L,Chain linked volume,G1,"Growth rate, period on period",T0102,Table 0102 - GDP identity from the expenditure side,2009-Q2,,0.125744019,,,,,,F,Free (free for publication),1,One,A,Normal value,0,Units,_Z,Not applicable
DATAFLOW,OECD.SDD.NAD:DSD_NAMAIN1@DF_QNA(1.1),Quarterly National Accounts (for 'Developer API'),I,Q,Quarterly,Y,Calendar and seasonally adjusted,OECD,OECD,S1,Total economy,S1,Total economy,B1GQ,Gross domestic product,_Z,Not applicable,_Z,Not applicable,_Z,Not applicable,PC,Percentage change,L,Chain linked volume,G1,"Growth rate, period on period",T0102,Table 0102 - GDP identity from the expenditure side,2009-Q3,,0.531124483,,,,,,F,Free (free for publication),1,One,A,Normal value,0,Units,_Z,Not applicable
DATAFLOW,OECD.SDD.NAD:DSD_NAMAIN1@DF_QNA(1.1),Quarterly National Accounts (for 'Developer API'),I,Q,Quarterly,Y,Calendar and seasonally adjusted,OECD,OECD,S1,Total economy,S1,Total economy,B1GQ,Gross domestic product,_Z,Not applicable,_Z,Not applicable,_Z,Not applicable,PC,Percentage change,L,Chain linked volume,G1,"Growth rate, period on period",T0102,Table 0102 - GDP identity from the expenditure side,2009-Q4,,0.933342311,,,,,,F,Free (free for publication),1,One,A,Normal value,0,Units,_Z,Not applicable
DATAFLOW,OECD.SDD.NAD:DSD_NAMAIN1@DF_QNA(1.1),Quarterly National Accounts (for 'Developer API'),I,Q,Quarterly,Y,Calendar and seasonally adjusted,OECD,OECD,S1,Total economy,S1,Total economy,B1GQ,Gross domestic product,_Z,Not applicable,_Z,Not applicable,_Z,Not applicable,PC,Percentage change,L,Chain linked volume,G1,"Growth rate, period on period",T0102,Table 0102 - GDP identity from the expenditure side,2010-Q1,,0.664910381,,,,,,F,Free (free for publication),1,One,A,Normal value,0,Units,_Z,Not applicable
DATAFLOW,OECD.SDD.NAD:DSD_NAMAIN1@DF_QNA(1.1),Quarterly National Accounts (for 'Developer API'),I,Q,Quarterly,Y,Calendar and seasonally adjusted,OECD,OECD,S1,Total economy,S1,Total economy,B1GQ,Gross domestic product,_Z,Not applicable,_Z,Not applicable,_Z,Not applicable,PC,Percentage change,L,Chain linked volume,G1,"Growth rate, period on period",T0102,Table 0102 - GDP identity from the expenditure side,2010-Q2,,1.106472121,,,,,,F,Free (free for publication),1,One,A,Normal value,0,Units,_Z,Not applicable
DATAFLOW,OECD.SDD.NAD:DSD_NAMAIN1@DF_QNA(1.1),Quarterly National Accounts (for 'Developer API'),I,Q,Quarterly,Y,Calendar and seasonally adjusted,OECD,OECD,S1,Total economy,S1,Total economy,B1GQ,Gross domestic product,_Z,Not applicable,_Z,Not applicable,_Z,Not applicable,PC,Percentage change,L,Chain linked volume,G1,"Growth rate, period on period",T0102,Table 0102 - GDP identity from the expenditure side,2010-Q3,,0.839173757,,,,,,F,Free (free for publication),1,One,A,Normal value,0,Units,_Z,Not applicable
DATAFLOW,OECD.SDD.NAD:DSD_NAMAIN1@DF_QNA(1.1),Quarterly National Accounts (for 'Developer API'),I,Q,Quarterly,Y,Calendar and seasonally adjusted,OECD,OECD,S1,Total economy,S1,Total economy,B1GQ,Gross domestic product,_Z,Not applicable,_Z,Not applicable,_Z,Not applicable,PC,Percentage change,L,Chain linked volume,G1,"Growth rate, period on period",T0102,Table 0102 - GDP identity from the expenditure side,2015-Q2,,0.559606229,,,,,,F,Free (free for publication),1,One,A,Normal value,0,Units,_Z,Not applicable
DATAFLOW,OECD.SDD.NAD:DSD_NAMAIN1@DF_QNA(1.1),Quarterly National Accounts (for 'Developer API'),I,Q,Quarterly,Y,Calendar and seasonally adjusted,OECD,OECD,S1,Total economy,S1,Total economy,B1GQ,Gross domestic product,_Z,Not applicable,_Z,Not applicable,_Z,Not applicable,PC,Percentage change,L,Chain linked volume,G1,"Growth rate, period on period",T0102,Table 0102 - GDP identity from the expenditure side,2015-Q3,,0.501711627,,,,,,F,Free (free for publication),1,One,A,Normal value,0,Units,_Z,Not applicable
DATAFLOW,OECD.SDD.NAD:DSD_NAMAIN1@DF_QNA(1.1),Quarterly National Accounts (for 'Developer API'),I,Q,Quarterly,Y,Calendar and seasonally adjusted,OECD,OECD,S1,Total economy,S1,Total economy,B1GQ,Gross domestic product,_Z,Not applicable,_Z,Not applicable,_Z,Not applicable,PC,Percentage change,L,Chain linked volume,G1,"Growth rate, period on period",T0102,Table 0102 - GDP identity from the expenditure side,2015-Q4,,0.341549478,,,,,,F,Free (free for publication),1,One,A,Normal value,0,Units,_Z,Not applicable
DATAFLOW,OECD.SDD.NAD:DSD_NAMAIN1@DF_QNA(1.1),Quarterly National Accounts (for 'Developer API'),I,Q,Quarterly,Y,Calendar and seasonally adjusted,OECD,OECD,S1,Total economy,S1,Total economy,B1GQ,Gross domestic product,_Z,Not applicable,_Z,Not applicable,_Z,Not applicable,PC,Percentage change,L,Chain linked volume,G1,"Growth rate, period on period",T0102,Table 0102 - GDP identity from the expenditure side,2016-Q1,,0.505966071,,,,,,F,Free (free for publication),1,One,A,Normal value,0,Units,_Z,Not applicable
DATAFLOW,OECD.SDD.NAD:DSD_NAMAIN1@DF_QNA(1.1),Quarterly National Accounts (for 'Developer API'),I,Q,Quarterly,Y,Calendar and seasonally adjusted,OECD,OECD,S1,Total economy,S1,Total economy,B1GQ,Gross domestic product,_Z,Not applicable,_Z,Not applicable,_Z,Not applicable,PC,Percentage change,L,Chain linked volume,G1,"Growth rate, period on period",T0102,Table 0102 - GDP identity from the expenditure side,2016-Q2,,0.365723147,,,,,,F,Free (free for publication),1,One,A,Normal value,0,Units,_Z,Not applicable
DATAFLOW,OECD.SDD.NAD:DSD_NAMAIN1@DF_QNA(1.1),Quarterly National Accounts (for 'Developer API'),I,Q,Quarterly,Y,Calendar and seasonally adjusted,OECD,OECD,S1,Total economy,S1,Total economy,B1GQ,Gross domestic product,_Z,Not applicable,_Z,Not applicable,_Z,Not applicable,PC,Percentage change,L,Chain linked volume,G1,"Growth rate, period on period",T0102,Table 0102 - GDP identity from the expenditure side,2016-Q3,,0.43857728,,,,,,F,Free (free for publication),1,One,A,Normal value,0,Units,_Z,Not applicable
DATAFLOW,OECD.SDD.NAD:DSD_NAMAIN1@DF_QNA(1.1),Quarterly National Accounts (for 'Developer API'),I,Q,Quarterly,Y,Calendar and seasonally adjusted,OECD,OECD,S1,Total economy,S1,Total economy,B1GQ,Gross domestic product,_Z,Not applicable,_Z,Not applicable,_Z,Not applicable,PC,Percentage change,L,Chain linked volume,G1,"Growth rate, period on period",T0102,Table 0102 - GDP identity from the expenditure side,2018-Q2,,0.517882328,,,,,,F,Free (free for publication),1,One,A,Normal value,0,Units,_Z,Not applicable
DATAFLOW,OECD.SDD.NAD:DSD_NAMAIN1@DF_QNA(1.1),Quarterly National Accounts (for 'Developer API'),I,Q,Quarterly,Y,Calendar and seasonally adjusted,OECD,OECD,S1,Total economy,S1,Total economy,B1GQ,Gross domestic product,_Z,Not applicable,_Z,Not applicable,_Z,Not applicable,PC,Percentage change,L,Chain linked volume,G1,"Growth rate, period on period",T0102,Table 0102 - GDP identity from the expenditure side,2012-Q2,,0.080391486,,,,,,F,Free (free for publication),1,One,A,Normal value,0,Units,_Z,Not applicable
DATAFLOW,OECD.SDD.NAD:DSD_NAMAIN1@DF_QNA(1.1),Quarterly National Accounts (for 'Developer API'),I,Q,Quarterly,Y,Calendar and seasonally adjusted,OECD,OECD,S1,Total economy,S1,Total economy,B1GQ,Gross domestic product,_Z,Not applicable,_Z,Not applicable,_Z,Not applicable,PC,Percentage change,L,Chain linked volume,G1,"Growth rate, period on period",T0102,Table 0102 - GDP identity from the expenditure side,2025-Q1,,0.281881532,,,,,,F,Free (free for publication),1,One,A,Normal value,0,Units,_Z,Not applicable
DATAFLOW,OECD.SDD.NAD:DSD_NAMAIN1@DF_QNA(1.1),Quarterly National Accounts (for 'Developer API'),I,Q,Quarterly,Y,Calendar and seasonally adjusted,OECD,OECD,S1,Total economy,S1,Total economy,B1GQ,Gross domestic product,_Z,Not applicable,_Z,Not applicable,_Z,Not applicable,IX,Index,LR,Chain linked volume (rebased),N,Non transformed data,T0102,Table 0102 - GDP identity from the expenditure side,2014-Q4,,93.915290437,,2020,,,,F,Free (free for publication),1,One,A,Normal value,0,Units,_Z,Not applicable
DATAFLOW,OECD.SDD.NAD:DSD_NAMAIN1@DF_QNA(1.1),Quarterly National Accounts (for 'Developer API'),I,Q,Quarterly,Y,Calendar and seasonally adjusted,OECD,OECD,S1,Total economy,S1,Total economy,B1GQ,Gross domestic product,_Z,Not applicable,_Z,Not applicable,_Z,Not applicable,PC,Percentage change,L,Chain linked volume,GY,"Growth rate, over 1 year",T0102,Table 0102 - GDP identity from the expenditure side,2018-Q2,,2.825946387,,,,,,F,Free (free for publication),1,One,A,Normal value,0,Units,_Z,Not applicable
DATAFLOW,OECD.SDD.NAD:DSD_NAMAIN1@DF_QNA(1.1),Quarterly National Accounts (for 'Developer API'),I,Q,Quarterly,Y,Calendar and seasonally adjusted,OECD,OECD,S1,Total economy,S1,Total economy,B1GQ,Gross domestic product,_Z,Not applicable,_Z,Not applicable,_Z,Not applicable,PC,Percentage change,L,Chain linked volume,GY,"Growth rate, over 1 year",T0102,Table 0102 - GDP identity from the expenditure side,2018-Q4,,1.598257507,,,,,,F,Free (free for publication),1,One,A,Normal value,0,Units,_Z,Not applicable
DATAFLOW,OECD.SDD.NAD:DSD_NAMAIN1@DF_QNA(1.1),Quarterly National Accounts (for 'Developer API'),I,Q,Quarterly,Y,Calendar and seasonally adjusted,OECD,OECD,S1,Total economy,S1,Total economy,B1GQ,Gross domestic product,_Z,Not applicable,_Z,Not applicable,_Z,Not applicable,PC,Percentage change,L,Chain linked volume,GY,"Growth rate, over 1 year",T0102,Table 0102 - GDP identity from the expenditure side,2016-Q1,,1.922406157,,,,,,F,Free (free for publication),1,One,A,Normal value,0,Units,_Z,Not applicable
DATAFLOW,OECD.SDD.NAD:DSD_NAMAIN1@DF_QNA(1.1),Quarterly National Accounts (for 'Developer API'),I,Q,Quarterly,Y,Calendar and seasonally adjusted,OECD,OECD,S1,Total economy,S1,Total economy,B1GQ,Gross domestic product,_Z,Not applicable,_Z,Not applicable,_Z,Not applicable,PC,Percentage change,L,Chain linked volume,GY,"Growth rate, over 1 year",T0102,Table 0102 - GDP identity from the expenditure side,2016-Q2,,1.725895541,,,,,,F,Free (free for publication),1,One,A,Normal value,0,Units,_Z,Not applicable
DATAFLOW,OECD.SDD.NAD:DSD_NAMAIN1@DF_QNA(1.1),Quarterly National Accounts (for 'Developer API'),I,Q,Quarterly,Y,Calendar and seasonally adjusted,OECD,OECD,S1,Total economy,S1,Total economy,B1GQ,Gross domestic product,_Z,Not applicable,_Z,Not applicable,_Z,Not applicable,PC,Percentage change,L,Chain linked volume,GY,"Growth rate, over 1 year",T0102,Table 0102 - GDP identity from the expenditure side,2016-Q3,,1.661992171,,,,,,F,Free (free for publication),1,One,A,Normal value,0,Units,_Z,Not applicable
DATAFLOW,OECD.SDD.NAD:DSD_NAMAIN1@DF_QNA(1.1),Quarterly National Accounts (for 'Developer API'),I,Q,Quarterly,Y,Calendar and seasonally adjusted,OECD,OECD,S1,Total economy,S1,Total economy,B1GQ,Gross domestic product,_Z,Not applicable,_Z,Not applicable,_Z,Not applicable,PC,Percentage change,L,Chain linked volume,GY,"Growth rate, over 1 year",T0102,Table 0102 - GDP identity from the expenditure side,2021-Q2,,13.973610297,,,,,,F,Free (free for publication),1,One,A,Normal value,0,Units,_Z,Not applicable
DATAFLOW,OECD.SDD.NAD:DSD_NAMAIN1@DF_QNA(1.1),Quarterly National Accounts (for 'Developer API'),I,Q,Quarterly,Y,Calendar and seasonally adjusted,OECD,OECD,S1,Total economy,S1,Total economy,B1GQ,Gross domestic product,_Z,Not applicable,_Z,Not applicable,_Z,Not applicable,PC,Percentage change,L,Chain linked volume,GY,"Growth rate, over 1 year",T0102,Table 0102 - GDP identity from the expenditure side,2021-Q3,,5.586155201,,,,,,F,Free (free for publication),1,One,A,Normal value,0,Units,_Z,Not applicable
DATAFLOW,OECD.SDD.NAD:DSD_NAMAIN1@DF_QNA(1.1),Quarterly National Accounts (for 'Developer API'),I,Q,Quarterly,Y,Calendar and seasonally adjusted,OECD,OECD,S1,Total economy,S1,Total economy,B1GQ,Gross domestic product,_Z,Not applicable,_Z,Not applicable,_Z,Not applicable,PC,Percentage change,L,Chain linked volume,GY,"Growth rate, over 1 year",T0102,Table 0102 - GDP identity from the expenditure side,2021-Q4,,5.833689878,,,,,,F,Free (free for publication),1,One,A,Normal value,0,Units,_Z,Not applicable
DATAFLOW,OECD.SDD.NAD:DSD_NAMAIN1@DF_QNA(1.1),Quarterly National Accounts (for 'Developer API'),I,Q,Quarterly,Y,Calendar and seasonally adjusted,OECD,OECD,S1,Total economy,S1,Total economy,B1GQ,Gross domestic product,_Z,Not applicable,_Z,Not applicable,_Z,Not applicable,PC,Percentage change,L,Chain linked volume,GY,"Growth rate, over 1 year",T0102,Table 0102 - GDP identity from the expenditure side,2022-Q1,,4.866575643,,,,,,F,Free (free for publication),1,One,A,Normal value,0,Units,_Z,Not applicable
DATAFLOW,OECD.SDD.NAD:DSD_NAMAIN1@DF_QNA(1.1),Quarterly National Accounts (for 'Developer API'),I,Q,Quarterly,Y,Calendar and seasonally adjusted,OECD,OECD,S1,Total economy,S1,Total economy,B1GQ,Gross domestic product,_Z,Not applicable,_Z,Not applicable,_Z,Not applicable,PC,Percentage change,L,Chain linked volume,GY,"Growth rate, over 1 year",T0102,Table 0102 - GDP identity from the expenditure side,2022-Q2,,3.674650106,,,,,,F,Free (free for publication),1,One,A,Normal value,0,Units,_Z,Not applicable
DATAFLOW,OECD.SDD.NAD:DSD_NAMAIN1@DF_QNA(1.1),Quarterly National Accounts (for 'Developer API'),I,Q,Quarterly,Y,Calendar and seasonally adjusted,OECD,OECD,S1,Total economy,S1,Total economy,B1GQ,Gross domestic product,_Z,Not applicable,_Z,Not applicable,_Z,Not applicable,PC,Percentage change,L,Chain linked volume,GY,"Growth rate, over 1 year",T0102,Table 0102 - GDP identity from the expenditure side,2022-Q3,,2.991357735,,,,,,F,Free (free for publication),1,One,A,Normal value,0,Units,_Z,Not applicable
DATAFLOW,OECD.SDD.NAD:DSD_NAMAIN1@DF_QNA(1.1),Quarterly National Accounts (for 'Developer API'),I,Q,Quarterly,Y,Calendar and seasonally adjusted,OECD,OECD,S1,Total economy,S1,Total economy,B1GQ,Gross domestic product,_Z,Not applicable,_Z,Not applicable,_Z,Not applicable,PC,Percentage change,L,Chain linked volume,GY,"Growth rate, over 1 year",T0102,Table 0102 - GDP identity from the expenditure side,2019-Q1,,1.631323449,,,,,,F,Free (free for publication),1,One,A,Normal value,0,Units,_Z,Not applicable
DATAFLOW,OECD.SDD.NAD:DSD_NAMAIN1@DF_QNA(1.1),Quarterly National Accounts (for 'Developer API'),I,Q,Quarterly,Y,Calendar and seasonally adjusted,OECD,OECD,S1,Total economy,S1,Total economy,B1GQ,Gross domestic product,_Z,Not applicable,_Z,Not applicable,_Z,Not applicable,PC,Percentage change,L,Chain linked volume,GY,"Growth rate, over 1 year",T0102,Table 0102 - GDP identity from the expenditure side,2019-Q2,,1.755356046,,,,,,F,Free (free for publication),1,One,A,Normal value,0,Units,_Z,Not applicable
DATAFLOW,OECD.SDD.NAD:DSD_NAMAIN1@DF_QNA(1.1),Quarterly National Accounts (for 'Developer API'),I,Q,Quarterly,Y,Calendar and seasonally adjusted,OECD,OECD,S1,Total economy,S1,Total economy,B1GQ,Gross domestic product,_Z,Not applicable,_Z,Not applicable,_Z,Not applicable,PC,Percentage change,L,Chain linked volume,GY,"Growth rate, over 1 year",T0102,Table 0102 - GDP identity from the expenditure side,2019-Q3,,2.019514449,,,,,,F,Free (free for publication),1,One,A,Normal value,0,Units,_Z,Not applicable
DATAFLOW,OECD.SDD.NAD:DSD_NAMAIN1@DF_QNA(1.1),Quarterly National Accounts (for 'Developer API'),I,Q,Quarterly,Y,Calendar and seasonally adjusted,OECD,OECD,S1,Total economy,S1,Total economy,B1GQ,Gross domestic product,_Z,Not applicable,_Z,Not applicable,_Z,Not applicable,PC,Percentage change,L,Chain linked volume,GY,"Growth rate, over 1 year",T0102,Table 0102 - GDP identity from the expenditure side,2008-Q4,,-2.267514665,,,,,,F,Free (free for publication),1,One,A,Normal value,0,Units,_Z,Not applicable
DATAFLOW,OECD.SDD.NAD:DSD_NAMAIN1@DF_QNA(1.1),Quarterly National Accounts (for 'Developer API'),I,Q,Quarterly,Y,Calendar and seasonally adjusted,OECD,OECD,S1,Total economy,S1,Total economy,B1GQ,Gross domestic product,_Z,Not applicable,_Z,Not applicable,_Z,Not applicable,PC,Percentage change,L,Chain linked volume,GY,"Growth rate, over 1 year",T0102,Table 0102 - GDP identity from the expenditure side,2009-Q1,,-4.73901208,,,,,,F,Free (free for publication),1,One,A,Normal value,0,Units,_Z,Not applicable
DATAFLOW,OECD.SDD.NAD:DSD_NAMAIN1@DF_QNA(1.1),Quarterly National Accounts (for 'Developer API'),I,Q,Quarterly,Y,Calendar and seasonally adjusted,OECD,OECD,S1,Total economy,S1,Total economy,B1GQ,Gross domestic product,_Z,Not applicable,_Z,Not applicable,_Z,Not applicable,PC,Percentage change,L,Chain linked volume,GY,"Growth rate, over 1 year",T0102,Table 0102 - GDP identity from the expenditure side,2013-Q4,,2.498570522,,,,,,F,Free (free for publication),1,One,A,Normal value,0,Units,_Z,Not applicable
DATAFLOW,OECD.SDD.NAD:DSD_NAMAIN1@DF_QNA(1.1),Quarterly National Accounts (for 'Developer API'),I,Q,Quarterly,Y,Calendar and seasonally adjusted,OECD,OECD,S1,Total economy,S1,Total economy,B1GQ,Gross domestic product,_Z,Not applicable,_Z,Not applicable,_Z,Not applicable,PC,Percentage change,L,Chain linked volume,GY,"Growth rate, over 1 year",T0102,Table 0102 - GDP identity from the expenditure side,2014-Q1,,2.278069064,,,,,,F,Free (free for publication),1,One,A,Normal value,0,Units,_Z,Not applicable
DATAFLOW,OECD.SDD.NAD:DSD_NAMAIN1@DF_QNA(1.1),Quarterly National Accounts (for 'Developer API'),I,Q,Quarterly,Y,Calendar and seasonally adjusted,OECD,OECD,S1,Total economy,S1,Total economy,B1GQ,Gross domestic product,_Z,Not applicable,_Z,Not applicable,_Z,Not applicable,PC,Percentage change,L,Chain linked volume,GY,"Growth rate, over 1 year",T0102,Table 0102 - GDP identity from the expenditure side,2014-Q2,,2.211516875,,,,,,F,Free (free for publication),1,One,A,Normal value,0,Units,_Z,Not applicable
DATAFLOW,OECD.SDD.NAD:DSD_NAMAIN1@DF_QNA(1.1),Quarterly National Accounts (for 'Developer API'),I,Q,Quarterly,Y,Calendar and seasonally adjusted,OECD,OECD,S1,Total economy,S1,Total economy,B1GQ,Gross domestic product,_Z,Not applicable,_Z,Not applicable,_Z,Not applicable,PC,Percentage change,L,Chain linked volume,GY,"Growth rate, over 1 year",T0102,Table 0102 - GDP identity from the expenditure side,2014-Q3,,2.281554164,,,,,,F,Free (free for publication),1,One,A,Normal value,0,Units,_Z,Not applicable
DATAFLOW,OECD.SDD.NAD:DSD_NAMAIN1@DF_QNA(1.1),Quarterly National Accounts (for 'Developer API'),I,Q,Quarterly,Y,Calendar and seasonally adjusted,OECD,OECD,S1,Total economy,S1,Total economy,B1GQ,Gross domestic product,_Z,Not applicable,_Z,Not applicable,_Z,Not applicable,PC,Percentage change,L,Chain linked volume,GY,"Growth rate, over 1 year",T0102,Table 0102 - GDP identity from the expenditure side,2014-Q4,,2.295411335,,,,,,F,Free (free for publication),1,One,A,Normal value,0,Units,_Z,Not applicable
DATAFLOW,OECD.SDD.NAD:DSD_NAMAIN1@DF_QNA(1.1),Quarterly National Accounts (for 'Developer API'),I,Q,Quarterly,Y,Calendar and seasonally adjusted,OECD,OECD,S1,Total economy,S1,Total economy,B1GQ,Gross domestic product,_Z,Not applicable,_Z,Not applicable,_Z,Not applicable,PC,Percentage change,L,Chain linked volume,GY,"Growth rate, over 1 year",T0102,Table 0102 - GDP identity from the expenditure side,2015-Q1,,2.78080884,,,,,,F,Free (free for publication),1,One,A,Normal value,0,Units,_Z,Not applicable
DATAFLOW,OECD.SDD.NAD:DSD_NAMAIN1@DF_QNA(1.1),Quarterly National Accounts (for 'Developer API'),I,Q,Quarterly,Y,Calendar and seasonally adjusted,OECD,OECD,S1,Total economy,S1,Total economy,B1GQ,Gross domestic product,_Z,Not applicable,_Z,Not applicable,_Z,Not applicable,PC,Percentage change,L,Chain linked volume,GY,"Growth rate, over 1 year",T0102,Table 0102 - GDP identity from the expenditure side,2019-Q4,,1.92068643,,,,,,F,Free (free for publication),1,One,A,Normal value,0,Units,_Z,Not applicable
DATAFLOW,OECD.SDD.NAD:DSD_NAMAIN1@DF_QNA(1.1),Quarterly National Accounts (for 'Developer API'),I,Q,Quarterly,Y,Calendar and seasonally adjusted,OECD,OECD,S1,Total economy,S1,Total economy,B1GQ,Gross domestic product,_Z,Not applicable,_Z,Not applicable,_Z,Not applicable,PC,Percentage change,L,Chain linked volume,GY,"Growth rate, over 1 year",T0102,Table 0102 - GDP identity from the expenditure side,2020-Q1,,-0.402149311,,,,,,F,Free (free for publication),1,One,A,Normal value,0,Units,_Z,Not applicable
DATAFLOW,OECD.SDD.NAD:DSD_NAMAIN1@DF_QNA(1.1),Quarterly National Accounts (for 'Developer API'),I,Q,Quarterly,Y,Calendar and seasonally adjusted,OECD,OECD,S1,Total economy,S1,Total economy,B1GQ,Gross domestic product,_Z,Not applicable,_Z,Not applicable,_Z,Not applicable,PC,Percentage change,L,Chain linked volume,GY,"Growth rate, over 1 year",T0102,Table 0102 - GDP identity from the expenditure side,2020-Q2,,-10.861551251,,,,,,F,Free (free for publication),1,One,A,Normal value,0,Units,_Z,Not applicable
DATAFLOW,OECD.SDD.NAD:DSD_NAMAIN1@DF_QNA(1.1),Quarterly National Accounts (for 'Developer API'),I,Q,Quarterly,Y,Calendar and seasonally adjusted,OECD,OECD,S1,Total economy,S1,Total economy,B1GQ,Gross domestic product,_Z,Not applicable,_Z,Not applicable,_Z,Not applicable,PC,Percentage change,L,Chain linked volume,GY,"Growth rate, over 1 year",T0102,Table 0102 - GDP identity from the expenditure side,2020-Q3,,-3.196323116,,,,,,F,Free (free for publication),1,One,A,Normal value,0,Units,_Z,Not applicable
DATAFLOW,OECD.SDD.NAD:DSD_NAMAIN1@DF_QNA(1.1),Quarterly National Accounts (for 'Developer API'),I,Q,Quarterly,Y,Calendar and seasonally adjusted,OECD,OECD,S1,Total economy,S1,Total economy,B1GQ,Gross domestic product,_Z,Not applicable,_Z,Not applicable,_Z,Not applicable,PC,Percentage change,L,Chain linked volume,GY,"Growth rate, over 1 year",T0102,Table 0102 - GDP identity from the expenditure side,2020-Q4,,-2.059480328,,,,,,F,Free (free for publication),1,One,A,Normal value,0,Units,_Z,Not applicable
DATAFLOW,OECD.SDD.NAD:DSD_NAMAIN1@DF_QNA(1.1),Quarterly National Accounts (for 'Developer API'),I,Q,Quarterly,Y,Calendar and seasonally adjusted,OECD,OECD,S1,Total economy,S1,Total economy,B1GQ,Gross domestic product,_Z,Not applicable,_Z,Not applicable,_Z,Not applicable,PC,Percentage change,L,Chain linked volume,GY,"Growth rate, over 1 year",T0102,Table 0102 - GDP identity from the expenditure side,2021-Q1,,0.810822988,,,,,,F,Free (free for publication),1,One,A,Normal value,0,Units,_Z,Not applicable
DATAFLOW,OECD.SDD.NAD:DSD_NAMAIN1@DF_QNA(1.1),Quarterly National Accounts (for 'Developer API'),I,Q,Quarterly,Y,Calendar and seasonally adjusted,OECD,OECD,S1,Total economy,S1,Total economy,B1GQ,Gross domestic product,_Z,Not applicable,_Z,Not applicable,_Z,Not applicable,PC,Percentage change,L,Chain linked volume,GY,"Growth rate, over 1 year",T0102,Table 0102 - GDP identity from the expenditure side,2017-Q1,,2.33116314,,,,,,F,Free (free for publication),1,One,A,Normal value,0,Units,_Z,Not applicable
DATAFLOW,OECD.SDD.NAD:DSD_NAMAIN1@DF_QNA(1.1),Quarterly National Accounts (for 'Developer API'),I,Q,Quarterly,Y,Calendar and seasonally adjusted,OECD,OECD,S1,Total economy,S1,Total economy,B1GQ,Gross domestic product,_Z,Not applicable,_Z,Not applicable,_Z,Not applicable,PC,Percentage change,L,Chain linked volume,GY,"Growth rate, over 1 year",T0102,Table 0102 - GDP identity from the expenditure side,2017-Q2,,2.684752947,,,,,,F,Free (free for publication),1,One,A,Normal value,0,Units,_Z,Not applicable
DATAFLOW,OECD.SDD.NAD:DSD_NAMAIN1@DF_QNA(1.1),Quarterly National Accounts (for 'Developer API'),I,Q,Quarterly,Y,Calendar and seasonally adjusted,OECD,OECD,S1,Total economy,S1,Total economy,B1GQ,Gross domestic product,_Z,Not applicable,_Z,Not applicable,_Z,Not applicable,PC,Percentage change,L,Chain linked volume,GY,"Growth rate, over 1 year",T0102,Table 0102 - GDP identity from the expenditure side,2017-Q3,,3.08576348,,,,,,F,Free (free for publication),1,One,A,Normal value,0,Units,_Z,Not applicable
DATAFLOW,OECD.SDD.NAD:DSD_NAMAIN1@DF_QNA(1.1),Quarterly National Accounts (for 'Developer API'),I,Q,Quarterly,Y,Calendar and seasonally adjusted,OECD,OECD,S1,Total economy,S1,Total economy,B1GQ,Gross domestic product,_Z,Not applicable,_Z,Not applicable,_Z,Not applicable,PC,Percentage change,L,Chain linked volume,GY,"Growth rate, over 1 year",T0102,Table 0102 - GDP identity from the expenditure side,2011-Q2,,2.047450059,,,,,,F,Free (free for publication),1,One,A,Normal value,0,Units,_Z,Not applicable
DATAFLOW,OECD.SDD.NAD:DSD_NAMAIN1@DF_QNA(1.1),Quarterly National Accounts (for 'Developer API'),I,Q,Quarterly,Y,Calendar and seasonally adjusted,OECD,OECD,S1,Total economy,S1,Total economy,B1GQ,Gross domestic product,_Z,Not applicable,_Z,Not applicable,_Z,Not applicable,PC,Percentage change,L,Chain linked volume,GY,"Growth rate, over 1 year",T0102,Table 0102 - GDP identity from the expenditure side,2011-Q3,,1.757368759,,,,,,F,Free (free for publication),1,One,A,Normal value,0,Units,_Z,Not applicable
DATAFLOW,OECD.SDD.NAD:DSD_NAMAIN1@DF_QNA(1.1),Quarterly National Accounts (for 'Developer API'),I,Q,Quarterly,Y,Calendar and seasonally adjusted,OECD,OECD,S1,Total economy,S1,Total economy,B1GQ,Gross domestic product,_Z,Not applicable,_Z,Not applicable,_Z,Not applicable,PC,Percentage change,L,Chain linked volume,GY,"Growth rate, over 1 year",T0102,Table 0102 - GDP identity from the expenditure side,2010-Q4,,3.191791754,,,,,,F,Free (free for publication),1,One,A,Normal value,0,Units,_Z,Not applicable
DATAFLOW,OECD.SDD.NAD:DSD_NAMAIN1@DF_QNA(1.1),Quarterly National Accounts (for 'Developer API'),I,Q,Quarterly,Y,Calendar and seasonally adjusted,OECD,OECD,S1,Total economy,S1,Total economy,B1GQ,Gross domestic product,_Z,Not applicable,_Z,Not applicable,_Z,Not applicable,PC,Percentage change,L,Chain linked volume,GY,"Growth rate, over 1 year",T0102,Table 0102 - GDP identity from the expenditure side,2011-Q1,,2.811782073,,,,,,F,Free (free for publication),1,One,A,Normal value,0,Units,_Z,Not applicable
DATAFLOW,OECD.SDD.NAD:DSD_NAMAIN1@DF_QNA(1.1),Quarterly National Accounts (for 'Developer API'),I,Q,Quarterly,Y,Calendar and seasonally adjusted,OECD,OECD,S1,Total economy,S1,Total economy,B1GQ,Gross domestic product,_Z,Not applicable,_Z,Not applicable,_Z,Not applicable,PC,Percentage change,L,Chain linked volume,GY,"Growth rate, over 1 year",T0102,Table 0102 - GDP identity from the expenditure side,2011-Q4,,1.696270041,,,,,,F,Free (free for publication),1,One,A,Normal value,0,Units,_Z,Not applicable
DATAFLOW,OECD.SDD.NAD:DSD_NAMAIN1@DF_QNA(1.1),Quarterly National Accounts (for 'Developer API'),I,Q,Quarterly,Y,Calendar and seasonally adjusted,OECD,OECD,S1,Total economy,S1,Total economy,B1GQ,Gross domestic product,_Z,Not applicable,_Z,Not applicable,_Z,Not applicable,PC,Percentage change,L,Chain linked volume,GY,"Growth rate, over 1 year",T0102,Table 0102 - GDP identity from the expenditure side,2012-Q1,,1.963633711,,,,,,F,Free (free for publication),1,One,A,Normal value,0,Units,_Z,Not applicable
DATAFLOW,OECD.SDD.NAD:DSD_NAMAIN1@DF_QNA(1.1),Quarterly National Accounts (for 'Developer API'),I,Q,Quarterly,Y,Calendar and seasonally adjusted,OECD,OECD,S1,Total economy,S1,Total economy,B1GQ,Gross domestic product,_Z,Not applicable,_Z,Not applicable,_Z,Not applicable,PC,Percentage change,L,Chain linked volume,GY,"Growth rate, over 1 year",T0102,Table 0102 - GDP identity from the expenditure side,2016-Q4,,2.160310833,,,,,,F,Free (free for publication),1,One,A,Normal value,0,Units,_Z,Not applicable
DATAFLOW,OECD.SDD.NAD:DSD_NAMAIN1@DF_QNA(1.1),Quarterly National Accounts (for 'Developer API'),I,Q,Quarterly,Y,Calendar and seasonally adjusted,OECD,OECD,S1,Total economy,S1,Total economy,B1GQ,Gross domestic product,_Z,Not applicable,_Z,Not applicable,_Z,Not applicable,PC,Percentage change,L,Chain linked volume,GY,"Growth rate, over 1 year",T0102,Table 0102 - GDP identity from the expenditure side,2008-Q1,,2.115841576,,,,,,F,Free (free for publication),1,One,A,Normal value,0,Units,_Z,Not applicable
DATAFLOW,OECD.SDD.NAD:DSD_NAMAIN1@DF_QNA(1.1),Quarterly National Accounts (for 'Developer API'),I,Q,Quarterly,Y,Calendar and seasonally adjusted,OECD,OECD,S1,Total economy,S1,Total economy,B1GQ,Gross domestic product,_Z,Not applicable,_Z,Not applicable,_Z,Not applicable,PC,Percentage change,L,Chain linked volume,GY,"Growth rate, over 1 year",T0102,Table 0102 - GDP identity from the expenditure side,2008-Q2,,1.422717732,,,,,,F,Free (free for publication),1,One,A,Normal value,0,Units,_Z,Not applicable
DATAFLOW,OECD.SDD.NAD:DSD_NAMAIN1@DF_QNA(1.1),Quarterly National Accounts (for 'Developer API'),I,Q,Quarterly,Y,Calendar and seasonally adjusted,OECD,OECD,S1,Total economy,S1,Total economy,B1GQ,Gross domestic product,_Z,Not applicable,_Z,Not applicable,_Z,Not applicable,PC,Percentage change,L,Chain linked volume,GY,"Growth rate, over 1 year",T0102,Table 0102 - GDP identity from the expenditure side,2008-Q3,,0.42079568,,,,,,F,Free (free for publication),1,One,A,Normal value,0,Units,_Z,Not applicable
DATAFLOW,OECD.SDD.NAD:DSD_NAMAIN1@DF_QNA(1.1),Quarterly National Accounts (for 'Developer API'),I,Q,Quarterly,Y,Calendar and seasonally adjusted,OECD,OECD,S1,Total economy,S1,Total economy,B1GQ,Gross domestic product,_Z,Not applicable,_Z,Not applicable,_Z,Not applicable,PC,Percentage change,L,Chain linked volume,GY,"Growth rate, over 1 year",T0102,Table 0102 - GDP identity from the expenditure side,2023-Q2,,1.726509728,,,,,,F,Free (free for publication),1,One,A,Normal value,0,Units,_Z,Not applicable
DATAFLOW,OECD.SDD.NAD:DSD_NAMAIN1@DF_QNA(1.1),Quarterly National Accounts (for 'Developer API'),I,Q,Quarterly,Y,Calendar and seasonally adjusted,OECD,OECD,S1,Total economy,S1,Total economy,B1GQ,Gross domestic product,_Z,Not applicable,_Z,Not applicable,_Z,Not applicable,PC,Percentage change,L,Chain linked volume,GY,"Growth rate, over 1 year",T0102,Table 0102 - GDP identity from the expenditure side,2018-Q3,,2.29424269,,,,,,F,Free (free for publication),1,One,A,Normal value,0,Units,_Z,Not applicable
DATAFLOW,OECD.SDD.NAD:DSD_NAMAIN1@DF_QNA(1.1),Quarterly National Accounts (for 'Developer API'),I,Q,Quarterly,Y,Calendar and seasonally adjusted,OECD,OECD,S1,Total economy,S1,Total economy,B1GQ,Gross domestic product,_Z,Not applicable,_Z,Not applicable,_Z,Not applicable,PC,Percentage change,L,Chain linked volume,GY,"Growth rate, over 1 year",T0102,Table 0102 - GDP identity from the expenditure side,2026-Q2,,2.3,,,,,,F,Free (free for publication),1,One,A,Normal value,0,Units,_Z,Not applicable
DATAFLOW,OECD.SDD.NAD:DSD_NAMAIN1@DF_QNA(1.1),Quarterly National Accounts (for 'Developer API'),I,Q,Quarterly,Y,Calendar and seasonally adjusted,OECD,OECD,S1,Total economy,S1,Total economy,B1GQ,Gross domestic product,_Z,Not applicable,_Z,Not applicable,_Z,Not applicable,PC,Percentage change,L,Chain linked volume,GY,"Growth rate, over 1 year",T0102,Table 0102 - GDP identity from the expenditure side,2017-Q4,,3.105367758,,,,,,F,Free (free for publication),1,One,A,Normal value,0,Units,_Z,Not applicable
DATAFLOW,OECD.SDD.NAD:DSD_NAMAIN1@DF_QNA(1.1),Quarterly National Accounts (for 'Developer API'),I,Q,Quarterly,Y,Calendar and seasonally adjusted,OECD,OECD,S1,Total economy,S1,Total economy,B1GQ,Gross domestic product,_Z,Not applicable,_Z,Not applicable,_Z,Not applicable,PC,Percentage change,L,Chain linked volume,GCM,Cumulative growth rate since base period,T0102,Table 0102 - GDP identity from the expenditure side,2021-Q2,,0.9486495,,,,2019-Q4,,F,Free (free for publication),1,One,A,Normal value,0,Units,_Z,Not applicable
DATAFLOW,OECD.SDD.NAD:DSD_NAMAIN1@DF_QNA(1.1),Quarterly National Accounts (for 'Developer API'),I,Q,Quarterly,Y,Calendar and seasonally adjusted,OECD,OECD,S1,Total economy,S1,Total economy,B1GQ,Gross domestic product,_Z,Not applicable,_Z,Not applicable,_Z,Not applicable,PC,Percentage change,L,Chain linked volume,GCM,Cumulative growth rate since base period,T0102,Table 0102 - GDP identity from the expenditure side,2021-Q3,,2.140433499,,,,2019-Q4,,F,Free (free for publication),1,One,A,Normal value,0,Units,_Z,Not applicable
DATAFLOW,OECD.SDD.NAD:DSD_NAMAIN1@DF_QNA(1.1),Quarterly National Accounts (for 'Developer API'),I,Q,Quarterly,Y,Calendar and seasonally adjusted,OECD,OECD,S1,Total economy,S1,Total economy,B1GQ,Gross domestic product,_Z,Not applicable,_Z,Not applicable,_Z,Not applicable,PC,Percentage change,L,Chain linked volume,GCM,Cumulative growth rate since base period,T0102,Table 0102 - GDP identity from the expenditure side,2021-Q4,,3.654065854,,,,2019-Q4,,F,Free (free for publication),1,One,A,Normal value,0,Units,_Z,Not applicable
DATAFLOW,OECD.SDD.NAD:DSD_NAMAIN1@DF_QNA(1.1),Quarterly National Accounts (for 'Developer API'),I,Q,Quarterly,Y,Calendar and seasonally adjusted,OECD,OECD,S1,Total economy,S1,Total economy,B1GQ,Gross domestic product,_Z,Not applicable,_Z,Not applicable,_Z,Not applicable,PC,Percentage change,L,Chain linked volume,GCM,Cumulative growth rate since base period,T0102,Table 0102 - GDP identity from the expenditure side,2022-Q1,,3.956660913,,,,2019-Q4,,F,Free (free for publication),1,One,A,Normal value,0,Units,_Z,Not applicable
DATAFLOW,OECD.SDD.NAD:DSD_NAMAIN1@DF_QNA(1.1),Quarterly National Accounts (for 'Developer API'),I,Q,Quarterly,Y,Calendar and seasonally adjusted,OECD,OECD,S1,Total economy,S1,Total economy,B1GQ,Gross domestic product,_Z,Not applicable,_Z,Not applicable,_Z,Not applicable,PC,Percentage change,L,Chain linked volume,GCM,Cumulative growth rate since base period,T0102,Table 0102 - GDP identity from the expenditure side,2022-Q2,,4.658159156,,,,2019-Q4,,F,Free (free for publication),1,One,A,Normal value,0,Units,_Z,Not applicable
DATAFLOW,OECD.SDD.NAD:DSD_NAMAIN1@DF_QNA(1.1),Quarterly National Accounts (for 'Developer API'),I,Q,Quarterly,Y,Calendar and seasonally adjusted,OECD,OECD,S1,Total economy,S1,Total economy,B1GQ,Gross domestic product,_Z,Not applicable,_Z,Not applicable,_Z,Not applicable,PC,Percentage change,L,Chain linked volume,GCM,Cumulative growth rate since base period,T0102,Table 0102 - GDP identity from the expenditure side,2022-Q3,,5.195819257,,,,2019-Q4,,F,Free (free for publication),1,One,A,Normal value,0,Units,_Z,Not applicable
DATAFLOW,OECD.SDD.NAD:DSD_NAMAIN1@DF_QNA(1.1),Quarterly National Accounts (for 'Developer API'),I,Q,Quarterly,Y,Calendar and seasonally adjusted,OECD,OECD,S1,Total economy,S1,Total economy,B1GQ,Gross domestic product,_Z,Not applicable,_Z,Not applicable,_Z,Not applicable,PC,Percentage change,L,Chain linked volume,GCM,Cumulative growth rate since base period,T0102,Table 0102 - GDP identity from the expenditure side,2022-Q4,,5.52766111,,,,2019-Q4,,F,Free (free for publication),1,One,A,Normal value,0,Units,_Z,Not applicable
DATAFLOW,OECD.SDD.NAD:DSD_NAMAIN1@DF_QNA(1.1),Quarterly National Accounts (for 'Developer API'),I,Q,Quarterly,Y,Calendar and seasonally adjusted,OECD,OECD,S1,Total economy,S1,Total economy,B1GQ,Gross domestic product,_Z,Not applicable,_Z,Not applicable,_Z,Not applicable,PC,Percentage change,L,Chain linked volume,GCM,Cumulative growth rate since base period,T0102,Table 0102 - GDP identity from the expenditure side,2023-Q1,,5.928862335,,,,2019-Q4,,F,Free (free for publication),1,One,A,Normal value,0,Units,_Z,Not applicable
DATAFLOW,OECD.SDD.NAD:DSD_NAMAIN1@DF_QNA(1.1),Quarterly National Accounts (for 'Developer API'),I,Q,Quarterly,Y,Calendar and seasonally adjusted,OECD,OECD,S1,Total economy,S1,Total economy,B1GQ,Gross domestic product,_Z,Not applicable,_Z,Not applicable,_Z,Not applicable,PC,Percentage change,L,Chain linked volume,GCM,Cumulative growth rate since base period,T0102,Table 0102 - GDP identity from the expenditure side,2023-Q2,,6.465092456,,,,2019-Q4,,F,Free (free for publication),1,One,A,Normal value,0,Units,_Z,Not applicable
DATAFLOW,OECD.SDD.NAD:DSD_NAMAIN1@DF_QNA(1.1),Quarterly National Accounts (for 'Developer API'),I,Q,Quarterly,Y,Calendar and seasonally adjusted,OECD,OECD,S1,Total economy,S1,Total economy,B1GQ,Gross domestic product,_Z,Not applicable,_Z,Not applicable,_Z,Not applicable,PC,Percentage change,L,Chain linked volume,GCM,Cumulative growth rate since base period,T0102,Table 0102 - GDP identity from the expenditure side,2024-Q2,,8.333852252,,,,2019-Q4,,F,Free (free for publication),1,One,A,Normal value,0,Units,_Z,Not applicable
DATAFLOW,OECD.SDD.NAD:DSD_NAMAIN1@DF_QNA(1.1),Quarterly National Accounts (for 'Developer API'),I,Q,Quarterly,Y,Calendar and seasonally adjusted,OECD,OECD,S1,Total economy,S1,Total economy,B1GQ,Gross domestic product,_Z,Not applicable,_Z,Not applicable,_Z,Not applicable,PC,Percentage change,L,Chain linked volume,GCM,Cumulative growth rate since base period,T0102,Table 0102 - GDP identity from the expenditure side,2020-Q1,,-1.665010732,,,,2019-Q4,,F,Free (free for publication),1,One,A,Normal value,0,Units,_Z,Not applicable
DATAFLOW,OECD.SDD.NAD:DSD_NAMAIN1@DF_QNA(1.1),Quarterly National Accounts (for 'Developer API'),I,Q,Quarterly,Y,Calendar and seasonally adjusted,OECD,OECD,S1,Total economy,S1,Total economy,B1GQ,Gross domestic product,_Z,Not applicable,_Z,Not applicable,_Z,Not applicable,PC,Percentage change,L,Chain linked volume,GCM,Cumulative growth rate since base period,T0102,Table 0102 - GDP identity from the expenditure side,2020-Q2,,-11.428049671,,,,2019-Q4,,F,Free (free for publication),1,One,A,Normal value,0,Units,_Z,Not applicable
DATAFLOW,OECD.SDD.NAD:DSD_NAMAIN1@DF_QNA(1.1),Quarterly National Accounts (for 'Developer API'),I,Q,Quarterly,Y,Calendar and seasonally adjusted,OECD,OECD,S1,Total economy,S1,Total economy,B1GQ,Gross domestic product,_Z,Not applicable,_Z,Not applicable,_Z,Not applicable,PC,Percentage change,L,Chain linked volume,GCM,Cumulative growth rate since base period,T0102,Table 0102 - GDP identity from the expenditure side,2025-Q3,,11.038836029,,,,2019-Q4,,F,Free (free for publication),1,One,A,Normal value,0,Units,_Z,Not applicable
DATAFLOW,OECD.SDD.NAD:DSD_NAMAIN1@DF_QNA(1.1),Quarterly National Accounts (for 'Developer API'),I,Q,Quarterly,Y,Calendar and seasonally adjusted,OECD,OECD,S1,Total economy,S1,Total economy,B1GQ,Gross domestic product,_Z,Not applicable,_Z,Not applicable,_Z,Not applicable,PC,Percentage change,L,Chain linked volume,GCM,Cumulative growth rate since base period,T0102,Table 0102 - GDP identity from the expenditure side,2025-Q4,,11.299330567,,,,2019-Q4,,F,Free (free for publication),1,One,A,Normal value,0,Units,_Z,Not applicable
DATAFLOW,OECD.SDD.NAD:DSD_NAMAIN1@DF_QNA(1.1),Quarterly National Accounts (for 'Developer API'),I,Q,Quarterly,Y,Calendar and seasonally adjusted,OECD,OECD,S1,Total economy,S1,Total economy,B1GQ,Gross domestic product,_Z,Not applicable,_Z,Not applicable,_Z,Not applicable,PC,Percentage change,L,Chain linked volume,GCM,Cumulative growth rate since base period,T0102,Table 0102 - GDP identity from the expenditure side,2026-Q1,,11.712430713,,,,2019-Q4,,F,Free (free for publication),1,One,A,Normal value,0,Units,_Z,Not applicable
DATAFLOW,OECD.SDD.NAD:DSD_NAMAIN1@DF_QNA(1.1),Quarterly National Accounts (for 'Developer API'),I,Q,Quarterly,Y,Calendar and seasonally adjusted,OECD,OECD,S1,Total economy,S1,Total economy,B1GQ,Gross domestic product,_Z,Not applicable,_Z,Not applicable,_Z,Not applicable,PC,Percentage change,L,Chain linked volume,GCM,Cumulative growth rate since base period,T0102,Table 0102 - GDP identity from the expenditure side,2024-Q1,,7.856219991,,,,2019-Q4,,F,Free (free for publication),1,One,A,Normal value,0,Units,_Z,Not applicable
DATAFLOW,OECD.SDD.NAD:DSD_NAMAIN1@DF_QNA(1.1),Quarterly National Accounts (for 'Developer API'),I,Q,Quarterly,Y,Calendar and seasonally adjusted,OECD,OECD,S1,Total economy,S1,Total economy,B1GQ,Gross domestic product,_Z,Not applicable,_Z,Not applicable,_Z,Not applicable,PC,Percentage change,L,Chain linked volume,GCM,Cumulative growth rate since base period,T0102,Table 0102 - GDP identity from the expenditure side,2024-Q4,,9.504616317,,,,2019-Q4,,F,Free (free for publication),1,One,A,Normal value,0,Units,_Z,Not applicable
DATAFLOW,OECD.SDD.NAD:DSD_NAMAIN1@DF_QNA(1.1),Quarterly National Accounts (for 'Developer API'),I,Q,Quarterly,Y,Calendar and seasonally adjusted,OECD,OECD,S1,Total economy,S1,Total economy,B1GQ,Gross domestic product,_Z,Not applicable,_Z,Not applicable,_Z,Not applicable,PC,Percentage change,L,Chain linked volume,GCM,Cumulative growth rate since base period,T0102,Table 0102 - GDP identity from the expenditure side,2025-Q1,,9.813289606,,,,2019-Q4,,F,Free (free for publication),1,One,A,Normal value,0,Units,_Z,Not applicable
DATAFLOW,OECD.SDD.NAD:DSD_NAMAIN1@DF_QNA(1.1),Quarterly National Accounts (for 'Developer API'),I,Q,Quarterly,Y,Calendar and seasonally adjusted,OECD,OECD,S1,Total economy,S1,Total economy,B1GQ,Gross domestic product,_Z,Not applicable,_Z,Not applicable,_Z,Not applicable,PC,Percentage change,L,Chain linked volume,GCM,Cumulative growth rate since base period,T0102,Table 0102 - GDP identity from the expenditure side,2020-Q3,,-3.26342189,,,,2019-Q4,,F,Free (free for publication),1,One,A,Normal value,0,Units,_Z,Not applicable
DATAFLOW,OECD.SDD.NAD:DSD_NAMAIN1@DF_QNA(1.1),Quarterly National Accounts (for 'Developer API'),I,Q,Quarterly,Y,Calendar and seasonally adjusted,OECD,OECD,S1,Total economy,S1,Total economy,B1GQ,Gross domestic product,_Z,Not applicable,_Z,Not applicable,_Z,Not applicable,PC,Percentage change,L,Chain linked volume,GCM,Cumulative growth rate since base period,T0102,Table 0102 - GDP identity from the expenditure side,2020-Q4,,-2.059480328,,,,2019-Q4,,F,Free (free for publication),1,One,A,Normal value,0,Units,_Z,Not applicable
DATAFLOW,OECD.SDD.NAD:DSD_NAMAIN1@DF_QNA(1.1),Quarterly National Accounts (for 'Developer API'),I,Q,Quarterly,Y,Calendar and seasonally adjusted,OECD,OECD,S1,Total economy,S1,Total economy,B1GQ,Gross domestic product,_Z,Not applicable,_Z,Not applicable,_Z,Not applicable,PC,Percentage change,L,Chain linked volume,GCM,Cumulative growth rate since base period,T0102,Table 0102 - GDP identity from the expenditure side,2024-Q3,,9.002895832,,,,2019-Q4,,F,Free (free for publication),1,One,A,Normal value,0,Units,_Z,Not applicable
DATAFLOW,OECD.SDD.NAD:DSD_NAMAIN1@DF_QNA(1.1),Quarterly National Accounts (for 'Developer API'),I,Q,Quarterly,Y,Calendar and seasonally adjusted,OECD,OECD,S1,Total economy,S1,Total economy,B1GQ,Gross domestic product,_Z,Not applicable,_Z,Not applicable,_Z,Not applicable,PC,Percentage change,L,Chain linked volume,G1,"Growth rate, period on period",T0102,Table 0102 - GDP identity from the expenditure side,2020-Q3,,9.218073838,,,,,,F,Free (free for publication),1,One,A,Normal value,0,Units,_Z,Not applicable
DATAFLOW,OECD.SDD.NAD:DSD_NAMAIN1@DF_QNA(1.1),Quarterly National Accounts (for 'Developer API'),I,Q,Quarterly,Y,Calendar and seasonally adjusted,OECD,OECD,S1,Total economy,S1,Total economy,B1GQ,Gross domestic product,_Z,Not applicable,_Z,Not applicable,_Z,Not applicable,PC,Percentage change,L,Chain linked volume,G1,"Growth rate, period on period",T0102,Table 0102 - GDP identity from the expenditure side,2012-Q4,,0.057404878,,,,,,F,Free (free for publication),1,One,A,Normal value,0,Units,_Z,Not applicable
DATAFLOW,OECD.SDD.NAD:DSD_NAMAIN1@DF_QNA(1.1),Quarterly National Accounts (for 'Developer API'),I,Q,Quarterly,Y,Calendar and seasonally adjusted,OECD,OECD,S1,Total economy,S1,Total economy,B1GQ,Gross domestic product,_Z,Not applicable,_Z,Not applicable,_Z,Not applicable,PC,Percentage change,L,Chain linked volume,G1,"Growth rate, period on period",T0102,Table 0102 - GDP identity from the expenditure side,2022-Q4,,0.31545156,,,,,,F,Free (free for publication),1,One,A,Normal value,0,Units,_Z,Not applicable
DATAFLOW,OECD.SDD.NAD:DSD_NAMAIN1@DF_QNA(1.1),Quarterly National Accounts (for 'Developer API'),I,Q,Quarterly,Y,Calendar and seasonally adjusted,OECD,OECD,S1,Total economy,S1,Total economy,B1GQ,Gross domestic product,_Z,Not applicable,_Z,Not applicable,_Z,Not applicable,PC,Percentage change,L,Chain linked volume,G1,"Growth rate, period on period",T0102,Table 0102 - GDP identity from the expenditure side,2026-Q2,,0.5,,,,,,F,Free (free for publication),1,One,A,Normal value,0,Units,_Z,Not applicable
DATAFLOW,OECD.SDD.NAD:DSD_NAMAIN1@DF_QNA(1.1),Quarterly National Accounts (for 'Developer API'),I,Q,Quarterly,Y,Calendar and seasonally adjusted,OECD,OECD,S1,Total economy,S1,Total economy,B1GQ,Gross domestic product,_Z,Not applicable,_Z,Not applicable,_Z,Not applicable,PC,Percentage change,L,Chain linked volume,GY,"Growth rate, over 1 year",T0102,Table 0102 - GDP identity from the expenditure side,2023-Q3,,1.696945736,,,,,,F,Free (free for publication),1,One,A,Normal value,0,Units,_Z,Not applicable
DATAFLOW,OECD.SDD.NAD:DSD_NAMAIN1@DF_QNA(1.1),Quarterly National Accounts (for 'Developer API'),I,Q,Quarterly,Y,Calendar and seasonally adjusted,OECD,OECD,S1,Total economy,S1,Total economy,B1GQ,Gross domestic product,_Z,Not applicable,_Z,Not applicable,_Z,Not applicable,PC,Percentage change,L,Chain linked volume,GY,"Growth rate, over 1 year",T0102,Table 0102 - GDP identity from the expenditure side,2023-Q4,,1.754202918,,,,,,F,Free (free for publication),1,One,A,Normal value,0,Units,_Z,Not applicable
DATAFLOW,OECD.SDD.NAD:DSD_NAMAIN1@DF_QNA(1.1),Quarterly National Accounts (for 'Developer API'),I,Q,Quarterly,Y,Calendar and seasonally adjusted,OECD,OECD,S1,Total economy,S1,Total economy,B1GQ,Gross domestic product,_Z,Not applicable,_Z,Not applicable,_Z,Not applicable,PC,Percentage change,L,Chain linked volume,GY,"Growth rate, over 1 year",T0102,Table 0102 - GDP identity from the expenditure side,2024-Q1,,1.819483013,,,,,,F,Free (free for publication),1,One,A,Normal value,0,Units,_Z,Not applicable
DATAFLOW,OECD.SDD.NAD:DSD_NAMAIN1@DF_QNA(1.1),Quarterly National Accounts (for 'Developer API'),I,Q,Quarterly,Y,Calendar and seasonally adjusted,OECD,OECD,S1,Total economy,S1,Total economy,B1GQ,Gross domestic product,_Z,Not applicable,_Z,Not applicable,_Z,Not applicable,PC,Percentage change,L,Chain linked volume,GY,"Growth rate, over 1 year",T0102,Table 0102 - GDP identity from the expenditure side,2024-Q2,,1.755279362,,,,,,F,Free (free for publication),1,One,A,Normal value,0,Units,_Z,Not applicable
DATAFLOW,OECD.SDD.NAD:DSD_NAMAIN1@DF_QNA(1.1),Quarterly National Accounts (for 'Developer API'),I,Q,Quarterly,Y,Calendar and seasonally adjusted,OECD,OECD,S1,Total economy,S1,Total economy,B1GQ,Gross domestic product,_Z,Not applicable,_Z,Not applicable,_Z,Not applicable,PC,Percentage change,L,Chain linked volume,GY,"Growth rate, over 1 year",T0102,Table 0102 - GDP identity from the expenditure side,2024-Q3,,1.890019564,,,,,,F,Free (free for publication),1,One,A,Normal value,0,Units,_Z,Not applicable
DATAFLOW,OECD.SDD.NAD:DSD_NAMAIN1@DF_QNA(1.1),Quarterly National Accounts (for 'Developer API'),I,Q,Quarterly,Y,Calendar and seasonally adjusted,OECD,OECD,S1,Total economy,S1,Total economy,B1GQ,Gross domestic product,_Z,Not applicable,_Z,Not applicable,_Z,Not applicable,PC,Percentage change,L,Chain linked volume,GY,"Growth rate, over 1 year",T0102,Table 0102 - GDP identity from the expenditure side,2024-Q4,,1.979706696,,,,,,F,Free (free for publication),1,One,A,Normal value,0,Units,_Z,Not applicable
DATAFLOW,OECD.SDD.NAD:DSD_NAMAIN1@DF_QNA(1.1),Quarterly National Accounts (for 'Developer API'),I,Q,Quarterly,Y,Calendar and seasonally adjusted,OECD,OECD,S1,Total economy,S1,Total economy,B1GQ,Gross domestic product,_Z,Not applicable,_Z,Not applicable,_Z,Not applicable,PC,Percentage change,L,Chain linked volume,GY,"Growth rate, over 1 year",T0102,Table 0102 - GDP identity from the expenditure side,2025-Q1,,1.814517156,,,,,,F,Free (free for publication),1,One,A,Normal value,0,Units,_Z,Not applicable
DATAFLOW,OECD.SDD.NAD:DSD_NAMAIN1@DF_QNA(1.1),Quarterly National Accounts (for 'Developer API'),I,Q,Quarterly,Y,Calendar and seasonally adjusted,OECD,OECD,S1,Total economy,S1,Total economy,B1GQ,Gross domestic product,_Z,Not applicable,_Z,Not applicable,_Z,Not applicable,PC,Percentage change,L,Chain linked volume,GY,"Growth rate, over 1 year",T0102,Table 0102 - GDP identity from the expenditure side,2025-Q2,,1.857522923,,,,,,F,Free (free for publication),1,One,A,Normal value,0,Units,_Z,Not applicable
DATAFLOW,OECD.SDD.NAD:DSD_NAMAIN1@DF_QNA(1.1),Quarterly National Accounts (for 'Developer API'),I,Q,Quarterly,Y,Calendar and seasonally adjusted,OECD,OECD,S1,Total economy,S1,Total economy,B1GQ,Gross domestic product,_Z,Not applicable,_Z,Not applicable,_Z,Not applicable,PC,Percentage change,L,Chain linked volume,GY,"Growth rate, over 1 year",T0102,Table 0102 - GDP identity from the expenditure side,2009-Q2,,-4.595428859,,,,,,F,Free (free for publication),1,One,A,Normal value,0,Units,_Z,Not applicable
DATAFLOW,OECD.SDD.NAD:DSD_NAMAIN1@DF_QNA(1.1),Quarterly National Accounts (for 'Developer API'),I,Q,Quarterly,Y,Calendar and seasonally adjusted,OECD,OECD,S1,Total economy,S1,Total economy,B1GQ,Gross domestic product,_Z,Not applicable,_Z,Not applicable,_Z,Not applicable,PC,Percentage change,L,Chain linked volume,GY,"Growth rate, over 1 year",T0102,Table 0102 - GDP identity from the expenditure side,2009-Q3,,-3.607700681,,,,,,F,Free (free for publication),1,One,A,Normal value,0,Units,_Z,Not applicable
DATAFLOW,OECD.SDD.NAD:DSD_NAMAIN1@DF_QNA(1.1),Quarterly National Accounts (for 'Developer API'),I,Q,Quarterly,Y,Calendar and seasonally adjusted,OECD,OECD,S1,Total economy,S1,Total economy,B1GQ,Gross domestic product,_Z,Not applicable,_Z,Not applicable,_Z,Not applicable,PC,Percentage change,L,Chain linked volume,GY,"Growth rate, over 1 year",T0102,Table 0102 - GDP identity from the expenditure side,2009-Q4,,-0.778964679,,,,,,F,Free (free for publication),1,One,A,Normal value,0,Units,_Z,Not applicable
DATAFLOW,OECD.SDD.NAD:DSD_NAMAIN1@DF_QNA(1.1),Quarterly National Accounts (for 'Developer API'),I,Q,Quarterly,Y,Calendar and seasonally adjusted,OECD,OECD,S1,Total economy,S1,Total economy,B1GQ,Gross domestic product,_Z,Not applicable,_Z,Not applicable,_Z,Not applicable,PC,Percentage change,L,Chain linked volume,GY,"Growth rate, over 1 year",T0102,Table 0102 - GDP identity from the expenditure side,2010-Q1,,2.27254484,,,,,,F,Free (free for publication),1,One,A,Normal value,0,Units,_Z,Not applicable
DATAFLOW,OECD.SDD.NAD:DSD_NAMAIN1@DF_QNA(1.1),Quarterly National Accounts (for 'Developer API'),I,Q,Quarterly,Y,Calendar and seasonally adjusted,OECD,OECD,S1,Total economy,S1,Total economy,B1GQ,Gross domestic product,_Z,Not applicable,_Z,Not applicable,_Z,Not applicable,PC,Percentage change,L,Chain linked volume,G1,"Growth rate, period on period",T0102,Table 0102 - GDP identity from the expenditure side,2025-Q2,,0.485268027,,,,,,F,Free (free for publication),1,One,A,Normal value,0,Units,_Z,Not applicable
DATAFLOW,OECD.SDD.NAD:DSD_NAMAIN1@DF_QNA(1.1),Quarterly National Accounts (for 'Developer API'),I,Q,Quarterly,Y,Calendar and seasonally adjusted,OECD,OECD,S1,Total economy,S1,Total economy,B1GQ,Gross domestic product,_Z,Not applicable,_Z,Not applicable,_Z,Not applicable,PC,Percentage change,L,Chain linked volume,G1,"Growth rate, period on period",T0102,Table 0102 - GDP identity from the expenditure side,2025-Q3,,0.6277133,,,,,,F,Free (free for publication),1,One,A,Normal value,0,Units,_Z,Not applicable
DATAFLOW,OECD.SDD.NAD:DSD_NAMAIN1@DF_QNA(1.1),Quarterly National Accounts (for 'Developer API'),I,Q,Quarterly,Y,Calendar and seasonally adjusted,OECD,OECD,S1,Total economy,S1,Total economy,B1GQ,Gross domestic product,_Z,Not applicable,_Z,Not applicable,_Z,Not applicable,PC,Percentage change,L,Chain linked volume,GY,"Growth rate, over 1 year",T0102,Table 0102 - GDP identity from the expenditure side,2012-Q2,,1.684807926,,,,,,F,Free (free for publication),1,One,A,Normal value,0,Units,_Z,Not applicable
DATAFLOW,OECD.SDD.NAD:DSD_NAMAIN1@DF_QNA(1.1),Quarterly National Accounts (for 'Developer API'),I,Q,Quarterly,Y,Calendar and seasonally adjusted,OECD,OECD,S1,Total economy,S1,Total economy,B1GQ,Gross domestic product,_Z,Not applicable,_Z,Not applicable,_Z,Not applicable,PC,Percentage change,L,Chain linked volume,GY,"Growth rate, over 1 year",T0102,Table 0102 - GDP identity from the expenditure side,2012-Q3,,1.264588416,,,,,,F,Free (free for publication),1,One,A,Normal value,0,Units,_Z,Not applicable
DATAFLOW,OECD.SDD.NAD:DSD_NAMAIN1@DF_QNA(1.1),Quarterly National Accounts (for 'Developer API'),I,Q,Quarterly,Y,Calendar and seasonally adjusted,OECD,OECD,S1,Total economy,S1,Total economy,B1GQ,Gross domestic product,_Z,Not applicable,_Z,Not applicable,_Z,Not applicable,PC,Percentage change,L,Chain linked volume,GY,"Growth rate, over 1 year",T0102,Table 0102 - GDP identity from the expenditure side,2012-Q4,,0.834436127,,,,,,F,Free (free for publication),1,One,A,Normal value,0,Units,_Z,Not applicable
DATAFLOW,OECD.SDD.NAD:DSD_NAMAIN1@DF_QNA(1.1),Quarterly National Accounts (for 'Developer API'),I,Q,Quarterly,Y,Calendar and seasonally adjusted,OECD,OECD,S1,Total economy,S1,Total economy,B1GQ,Gross domestic product,_Z,Not applicable,_Z,Not applicable,_Z,Not applicable,IX,Index,DR,Deflator (rebased),N,Non transformed data,T0102,Table 0102 - GDP identity from the expenditure side,2016-Q1,,89.845830172,,2020,,,,F,Free (free for publication),1,One,A,Normal value,0,Units,_Z,Not applicable
DATAFLOW,OECD.SDD.NAD:DSD_NAMAIN1@DF_QNA(1.1),Quarterly National Accounts (for 'Developer API'),I,Q,Quarterly,Y,Calendar and seasonally adjusted,OECD,OECD,S1,Total economy,S1,Total economy,B1GQ,Gross domestic product,_Z,Not applicable,_Z,Not applicable,_Z,Not applicable,IX,Index,DR,Deflator (rebased),N,Non transformed data,T0102,Table 0102 - GDP identity from the expenditure side,2016-Q2,,90.741398108,,2020,,,,F,Free (free for publication),1,One,A,Normal value,0,Units,_Z,Not applicable
DATAFLOW,OECD.SDD.NAD:DSD_NAMAIN1@DF_QNA(1.1),Quarterly National Accounts (for 'Developer API'),I,Q,Quarterly,Y,Calendar and seasonally adjusted,OECD,OECD,S1,Total economy,S1,Total economy,B1GQ,Gross domestic product,_Z,Not applicable,_Z,Not applicable,_Z,Not applicable,IX,Index,DR,Deflator (rebased),N,Non transformed data,T0102,Table 0102 - GDP identity from the expenditure side,2024-Q1,,119.073674522,,2020,,,,F,Free (free for publication),1,One,A,Normal value,0,Units,_Z,Not applicable
DATAFLOW,OECD.SDD.NAD:DSD_NAMAIN1@DF_QNA(1.1),Quarterly National Accounts (for 'Developer API'),I,Q,Quarterly,Y,Calendar and seasonally adjusted,OECD,OECD,S1,Total economy,S1,Total economy,B1GQ,Gross domestic product,_Z,Not applicable,_Z,Not applicable,_Z,Not applicable,PC,Percentage change,L,Chain linked volume,G1,"Growth rate, period on period",T0102,Table 0102 - GDP identity from the expenditure side,2013-Q2,,0.629273384,,,,,,F,Free (free for publication),1,One,A,Normal value,0,Units,_Z,Not applicable
DATAFLOW,OECD.SDD.NAD:DSD_NAMAIN1@DF_QNA(1.1),Quarterly National Accounts (for 'Developer API'),I,Q,Quarterly,Y,Calendar and seasonally adjusted,OECD,OECD,S1,Total economy,S1,Total economy,B1GQ,Gross domestic product,_Z,Not applicable,_Z,Not applicable,_Z,Not applicable,PC,Percentage change,L,Chain linked volume,G1,"Growth rate, period on period",T0102,Table 0102 - GDP identity from the expenditure side,2013-Q3,,0.697205258,,,,,,F,Free (free for publication),1,One,A,Normal value,0,Units,_Z,Not applicable
DATAFLOW,OECD.SDD.NAD:DSD_NAMAIN1@DF_QNA(1.1),Quarterly National Accounts (for 'Developer API'),I,Q,Quarterly,Y,Calendar and seasonally adjusted,OECD,OECD,S1,Total economy,S1,Total economy,B1GQ,Gross domestic product,_Z,Not applicable,_Z,Not applicable,_Z,Not applicable,PC,Percentage change,L,Chain linked volume,G1,"Growth rate, period on period",T0102,Table 0102 - GDP identity from the expenditure side,2020-Q4,,1.244556698,,,,,,F,Free (free for publication),1,One,A,Normal value,0,Units,_Z,Not applicable
DATAFLOW,OECD.SDD.NAD:DSD_NAMAIN1@DF_QNA(1.1),Quarterly National Accounts (for 'Developer API'),I,Q,Quarterly,Y,Calendar and seasonally adjusted,OECD,OECD,S1,Total economy,S1,Total economy,B1GQ,Gross domestic product,_Z,Not applicable,_Z,Not applicable,_Z,Not applicable,PC,Percentage change,L,Chain linked volume,G1,"Growth rate, period on period",T0102,Table 0102 - GDP identity from the expenditure side,2021-Q1,,1.216853145,,,,,,F,Free (free for publication),1,One,A,Normal value,0,Units,_Z,Not applicable
DATAFLOW,OECD.SDD.NAD:DSD_NAMAIN1@DF_QNA(1.1),Quarterly National Accounts (for 'Developer API'),I,Q,Quarterly,Y,Calendar and seasonally adjusted,OECD,OECD,S1,Total economy,S1,Total economy,B1GQ,Gross domestic product,_Z,Not applicable,_Z,Not applicable,_Z,Not applicable,PC,Percentage change,L,Chain linked volume,G1,"Growth rate, period on period",T0102,Table 0102 - GDP identity from the expenditure side,2017-Q3,,0.830815916,,,,,,F,Free (free for publication),1,One,A,Normal value,0,Units,_Z,Not applicable
DATAFLOW,OECD.SDD.NAD:DSD_NAMAIN1@DF_QNA(1.1),Quarterly National Accounts (for 'Developer API'),I,Q,Quarterly,Y,Calendar and seasonally adjusted,OECD,OECD,S1,Total economy,S1,Total economy,B1GQ,Gross domestic product,_Z,Not applicable,_Z,Not applicable,_Z,Not applicable,IX,Index,LR,Chain linked volume (rebased),N,Non transformed data,T0102,Table 0102 - GDP identity from the expenditure side,2021-Q3,,107.022723075,,2020,,,,F,Free (free for publication),1,One,A,Normal value,0,Units,_Z,Not applicable
DATAFLOW,OECD.SDD.NAD:DSD_NAMAIN1@DF_QNA(1.1),Quarterly National Accounts (for 'Developer API'),I,Q,Quarterly,Y,Calendar and seasonally adjusted,OECD,OECD,S1,Total economy,S1,Total economy,B1GQ,Gross domestic product,_Z,Not applicable,_Z,Not applicable,_Z,Not applicable,IX,Index,LR,Chain linked volume (rebased),N,Non transformed data,T0102,Table 0102 - GDP identity from the expenditure side,2021-Q4,,108.608706713,,2020,,,,F,Free (free for publication),1,One,A,Normal value,0,Units,_Z,Not applicable
DATAFLOW,OECD.SDD.NAD:DSD_NAMAIN1@DF_QNA(1.1),Quarterly National Accounts (for 'Developer API'),I,Q,Quarterly,Y,Calendar and seasonally adjusted,OECD,OECD,S1,Total economy,S1,Total economy,B1GQ,Gross domestic product,_Z,Not applicable,_Z,Not applicable,_Z,Not applicable,IX,Index,LR,Chain linked volume (rebased),N,Non transformed data,T0102,Table 0102 - GDP identity from the expenditure side,2022-Q1,,108.925765748,,2020,,,,F,Free (free for publication),1,One,A,Normal value,0,Units,_Z,Not applicable
DATAFLOW,OECD.SDD.NAD:DSD_NAMAIN1@DF_QNA(1.1),Quarterly National Accounts (for 'Developer API'),I,Q,Quarterly,Y,Calendar and seasonally adjusted,OECD,OECD,S1,Total economy,S1,Total economy,B1GQ,Gross domestic product,_Z,Not applicable,_Z,Not applicable,_Z,Not applicable,IX,Index,LR,Chain linked volume (rebased),N,Non transformed data,T0102,Table 0102 - GDP identity from the expenditure side,2022-Q2,,109.660795448,,2020,,,,F,Free (free for publication),1,One,A,Normal value,0,Units,_Z,Not applicable
DATAFLOW,OECD.SDD.NAD:DSD_NAMAIN1@DF_QNA(1.1),Quarterly National Accounts (for 'Developer API'),I,Q,Quarterly,Y,Calendar and seasonally adjusted,OECD,OECD,S1,Total economy,S1,Total economy,B1GQ,Gross domestic product,_Z,Not applicable,_Z,Not applicable,_Z,Not applicable,IX,Index,LR,Chain linked volume (rebased),N,Non transformed data,T0102,Table 0102 - GDP identity from the expenditure side,2022-Q3,,110.224155579,,2020,,,,F,Free (free for publication),1,One,A,Normal value,0,Units,_Z,Not applicable
DATAFLOW,OECD.SDD.NAD:DSD_NAMAIN1@DF_QNA(1.1),Quarterly National Accounts (for 'Developer API'),I,Q,Quarterly,Y,Calendar and seasonally adjusted,OECD,OECD,S1,Total economy,S1,Total economy,B1GQ,Gross domestic product,_Z,Not applicable,_Z,Not applicable,_Z,Not applicable,IX,Index,LR,Chain linked volume (rebased),N,Non transformed data,T0102,Table 0102 - GDP identity from the expenditure side,2009-Q4,,84.645386532,,2020,,,,F,Free (free for publication),1,One,A,Normal value,0,Units,_Z,Not applicable
DATAFLOW,OECD.SDD.NAD:DSD_NAMAIN1@DF_QNA(1.1),Quarterly National Accounts (for 'Developer API'),I,Q,Quarterly,Y,Calendar and seasonally adjusted,OECD,OECD,S1,Total economy,S1,Total economy,B1GQ,Gross domestic product,_Z,Not applicable,_Z,Not applicable,_Z,Not applicable,IX,Index,LR,Chain linked volume (rebased),N,Non transformed data,T0102,Table 0102 - GDP identity from the expenditure side,2010-Q1,,85.208202494,,2020,,,,F,Free (free for publication),1,One,A,Normal value,0,Units,_Z,Not applicable
DATAFLOW,OECD.SDD.NAD:DSD_NAMAIN1@DF_QNA(1.1),Quarterly National Accounts (for 'Developer API'),I,Q,Quarterly,Y,Calendar and seasonally adjusted,OECD,OECD,S1,Total economy,S1,Total economy,B1GQ,Gross domestic product,_Z,Not applicable,_Z,Not applicable,_Z,Not applicable,IX,Index,LR,Chain linked volume (rebased),N,Non transformed data,T0102,Table 0102 - GDP identity from the expenditure side,2010-Q2,,86.151007499,,2020,,,,F,Free (free for publication),1,One,A,Normal value,0,Units,_Z,Not applicable
DATAFLOW,OECD.SDD.NAD:DSD_NAMAIN1@DF_QNA(1.1),Quarterly National Accounts (for 'Developer API'),I,Q,Quarterly,Y,Calendar and seasonally adjusted,OECD,OECD,S1,Total economy,S1,Total economy,B1GQ,Gross domestic product,_Z,Not applicable,_Z,Not applicable,_Z,Not applicable,IX,Index,LR,Chain linked volume (rebased),N,Non transformed data,T0102,Table 0102 - GDP identity from the expenditure side,2010-Q3,,86.873964145,,2020,,,,F,Free (free for publication),1,One,A,Normal value,0,Units,_Z,Not applicable
DATAFLOW,OECD.SDD.NAD:DSD_NAMAIN1@DF_QNA(1.1),Quarterly National Accounts (for 'Developer API'),I,Q,Quarterly,Y,Calendar and seasonally adjusted,OECD,OECD,S1,Total economy,S1,Total economy,B1GQ,Gross domestic product,_Z,Not applicable,_Z,Not applicable,_Z,Not applicable,IX,Index,LR,Chain linked volume (rebased),N,Non transformed data,T0102,Table 0102 - GDP identity from the expenditure side,2015-Q2,,95.2603029,,2020,,,,F,Free (free for publication),1,One,A,Normal value,0,Units,_Z,Not applicable
DATAFLOW,OECD.SDD.NAD:DSD_NAMAIN1@DF_QNA(1.1),Quarterly National Accounts (for 'Developer API'),I,Q,Quarterly,Y,Calendar and seasonally adjusted,OECD,OECD,S1,Total economy,S1,Total economy,B1GQ,Gross domestic product,_Z,Not applicable,_Z,Not applicable,_Z,Not applicable,IX,Index,LR,Chain linked volume (rebased),N,Non transformed data,T0102,Table 0102 - GDP identity from the expenditure side,2015-Q3,,95.738234915,,2020,,,,F,Free (free for publication),1,One,A,Normal value,0,Units,_Z,Not applicable
DATAFLOW,OECD.SDD.NAD:DSD_NAMAIN1@DF_QNA(1.1),Quarterly National Accounts (for 'Developer API'),I,Q,Quarterly,Y,Calendar and seasonally adjusted,OECD,OECD,S1,Total economy,S1,Total economy,B1GQ,Gross domestic product,_Z,Not applicable,_Z,Not applicable,_Z,Not applicable,IX,Index,LR,Chain linked volume (rebased),N,Non transformed data,T0102,Table 0102 - GDP identity from the expenditure side,2015-Q4,,96.065228357,,2020,,,,F,Free (free for publication),1,One,A,Normal value,0,Units,_Z,Not applicable
DATAFLOW,OECD.SDD.NAD:DSD_NAMAIN1@DF_QNA(1.1),Quarterly National Accounts (for 'Developer API'),I,Q,Quarterly,Y,Calendar and seasonally adjusted,OECD,OECD,S1,Total economy,S1,Total economy,B1GQ,Gross domestic product,_Z,Not applicable,_Z,Not applicable,_Z,Not applicable,IX,Index,LR,Chain linked volume (rebased),N,Non transformed data,T0102,Table 0102 - GDP identity from the expenditure side,2016-Q1,,96.551285818,,2020,,,,F,Free (free for publication),1,One,A,Normal value,0,Units,_Z,Not applicable
DATAFLOW,OECD.SDD.NAD:DSD_NAMAIN1@DF_QNA(1.1),Quarterly National Accounts (for 'Developer API'),I,Q,Quarterly,Y,Calendar and seasonally adjusted,OECD,OECD,S1,Total economy,S1,Total economy,B1GQ,Gross domestic product,_Z,Not applicable,_Z,Not applicable,_Z,Not applicable,IX,Index,LR,Chain linked volume (rebased),N,Non transformed data,T0102,Table 0102 - GDP identity from the expenditure side,2016-Q2,,96.90439622,,2020,,,,F,Free (free for publication),1,One,A,Normal value,0,Units,_Z,Not applicable
DATAFLOW,OECD.SDD.NAD:DSD_NAMAIN1@DF_QNA(1.1),Quarterly National Accounts (for 'Developer API'),I,Q,Quarterly,Y,Calendar and seasonally adjusted,OECD,OECD,S1,Total economy,S1,Total economy,B1GQ,Gross domestic product,_Z,Not applicable,_Z,Not applicable,_Z,Not applicable,IX,Index,LR,Chain linked volume (rebased),N,Non transformed data,T0102,Table 0102 - GDP identity from the expenditure side,2008-Q2,,87.437737966,,2020,,,,F,Free (free for publication),1,One,A,Normal value,0,Units,_Z,Not applicable
DATAFLOW,OECD.SDD.NAD:DSD_NAMAIN1@DF_QNA(1.1),Quarterly National Accounts (for 'Developer API'),I,Q,Quarterly,Y,Calendar and seasonally adjusted,OECD,OECD,S1,Total economy,S1,Total economy,B1GQ,Gross domestic product,_Z,Not applicable,_Z,Not applicable,_Z,Not applicable,IX,Index,LR,Chain linked volume (rebased),N,Non transformed data,T0102,Table 0102 - GDP identity from the expenditure side,2009-Q2,,83.419598922,,2020,,,,F,Free (free for publication),1,One,A,Normal value,0,Units,_Z,Not applicable
DATAFLOW,OECD.SDD.NAD:DSD_NAMAIN1@DF_QNA(1.1),Quarterly National Accounts (for 'Developer API'),I,Q,Quarterly,Y,Calendar and seasonally adjusted,OECD,OECD,S1,Total economy,S1,Total economy,B1GQ,Gross domestic product,_Z,Not applicable,_Z,Not applicable,_Z,Not applicable,IX,Index,LR,Chain linked volume (rebased),N,Non transformed data,T0102,Table 0102 - GDP identity from the expenditure side,2009-Q3,,83.862660835,,2020,,,,F,Free (free for publication),1,One,A,Normal value,0,Units,_Z,Not applicable
DATAFLOW,OECD.SDD.NAD:DSD_NAMAIN1@DF_QNA(1.1),Quarterly National Accounts (for 'Developer API'),I,Q,Quarterly,Y,Calendar and seasonally adjusted,OECD,OECD,S1,Total economy,S1,Total economy,B1GQ,Gross domestic product,_Z,Not applicable,_Z,Not applicable,_Z,Not applicable,IX,Index,LR,Chain linked volume (rebased),N,Non transformed data,T0102,Table 0102 - GDP identity from the expenditure side,2019-Q4,,104.779977339,,2020,,,,F,Free (free for publication),1,One,A,Normal value,0,Units,_Z,Not applicable
DATAFLOW,OECD.SDD.NAD:DSD_NAMAIN1@DF_QNA(1.1),Quarterly National Accounts (for 'Developer API'),I,Q,Quarterly,Y,Calendar and seasonally adjusted,OECD,OECD,S1,Total economy,S1,Total economy,B1GQ,Gross domestic product,_Z,Not applicable,_Z,Not applicable,_Z,Not applicable,IX,Index,DR,Deflator (rebased),N,Non transformed data,T0102,Table 0102 - GDP identity from the expenditure side,2008-Q2,,78.497300297,,2020,,,,F,Free (free for publication),1,One,A,Normal value,0,Units,_Z,Not applicable
DATAFLOW,OECD.SDD.NAD:DSD_NAMAIN1@DF_QNA(1.1),Quarterly National Accounts (for 'Developer API'),I,Q,Quarterly,Y,Calendar and seasonally adjusted,OECD,OECD,S1,Total economy,S1,Total economy,B1GQ,Gross domestic product,_Z,Not applicable,_Z,Not applicable,_Z,Not applicable,IX,Index,DR,Deflator (rebased),N,Non transformed data,T0102,Table 0102 - GDP identity from the expenditure side,2026-Q1,,123.763704605,,2020,,,,F,Free (free for publication),1,One,A,Normal value,0,Units,_Z,Not applicable
DATAFLOW,OECD.SDD.NAD:DSD_NAMAIN1@DF_QNA(1.1),Quarterly National Accounts (for 'Developer API'),I,Q,Quarterly,Y,Calendar and seasonally adjusted,OECD,OECD,S1,Total economy,S1,Total economy,B1GQ,Gross domestic product,_Z,Not applicable,_Z,Not applicable,_Z,Not applicable,IX,Index,DR,Deflator (rebased),N,Non transformed data,T0102,Table 0102 - GDP identity from the expenditure side,2009-Q2,,79.764674627,,2020,,,,F,Free (free for publication),1,One,A,Normal value,0,Units,_Z,Not applicable
DATAFLOW,OECD.SDD.NAD:DSD_NAMAIN1@DF_QNA(1.1),Quarterly National Accounts (for 'Developer API'),I,Q,Quarterly,Y,Calendar and seasonally adjusted,OECD,OECD,S1,Total economy,S1,Total economy,B1GQ,Gross domestic product,_Z,Not applicable,_Z,Not applicable,_Z,Not applicable,IX,Index,DR,Deflator (rebased),N,Non transformed data,T0102,Table 0102 - GDP identity from the expenditure side,2008-Q4,,79.647589699,,2020,,,,F,Free (free for publication),1,One,A,Normal value,0,Units,_Z,Not applicable
DATAFLOW,OECD.SDD.NAD:DSD_NAMAIN1@DF_QNA(1.1),Quarterly National Accounts (for 'Developer API'),I,Q,Quarterly,Y,Calendar and seasonally adjusted,OECD,OECD,S1,Total economy,S1,Total economy,B1GQ,Gross domestic product,_Z,Not applicable,_Z,Not applicable,_Z,Not applicable,IX,Index,DR,Deflator (rebased),N,Non transformed data,T0102,Table 0102 - GDP identity from the expenditure side,2009-Q1,,79.750470749,,2020,,,,F,Free (free for publication),1,One,A,Normal value,0,Units,_Z,Not applicable
DATAFLOW,OECD.SDD.NAD:DSD_NAMAIN1@DF_QNA(1.1),Quarterly National Accounts (for 'Developer API'),I,Q,Quarterly,Y,Calendar and seasonally adjusted,OECD,OECD,S1,Total economy,S1,Total economy,B1GQ,Gross domestic product,_Z,Not applicable,_Z,Not applicable,_Z,Not applicable,IX,Index,DR,Deflator (rebased),N,Non transformed data,T0102,Table 0102 - GDP identity from the expenditure side,2013-Q4,,87.585243251,,2020,,,,F,Free (free for publication),1,One,A,Normal value,0,Units,_Z,Not applicable
DATAFLOW,OECD.SDD.NAD:DSD_NAMAIN1@DF_QNA(1.1),Quarterly National Accounts (for 'Developer API'),I,Q,Quarterly,Y,Calendar and seasonally adjusted,OECD,OECD,S1,Total economy,S1,Total economy,B1GQ,Gross domestic product,_Z,Not applicable,_Z,Not applicable,_Z,Not applicable,IX,Index,DR,Deflator (rebased),N,Non transformed data,T0102,Table 0102 - GDP identity from the expenditure side,2014-Q1,,87.745273423,,2020,,,,F,Free (free for publication),1,One,A,Normal value,0,Units,_Z,Not applicable
DATAFLOW,OECD.SDD.NAD:DSD_NAMAIN1@DF_QNA(1.1),Quarterly National Accounts (for 'Developer API'),I,Q,Quarterly,Y,Calendar and seasonally adjusted,OECD,OECD,S1,Total economy,S1,Total economy,B1GQ,Gross domestic product,_Z,Not applicable,_Z,Not applicable,_Z,Not applicable,IX,Index,DR,Deflator (rebased),N,Non transformed data,T0102,Table 0102 - GDP identity from the expenditure side,2014-Q2,,88.074530949,,2020,,,,F,Free (free for publication),1,One,A,Normal value,0,Units,_Z,Not applicable
DATAFLOW,OECD.SDD.NAD:DSD_NAMAIN1@DF_QNA(1.1),Quarterly National Accounts (for 'Developer API'),I,Q,Quarterly,Y,Calendar and seasonally adjusted,OECD,OECD,S1,Total economy,S1,Total economy,B1GQ,Gross domestic product,_Z,Not applicable,_Z,Not applicable,_Z,Not applicable,IX,Index,DR,Deflator (rebased),N,Non transformed data,T0102,Table 0102 - GDP identity from the expenditure side,2014-Q3,,88.326675622,,2020,,,,F,Free (free for publication),1,One,A,Normal value,0,Units,_Z,Not applicable
DATAFLOW,OECD.SDD.NAD:DSD_NAMAIN1@DF_QNA(1.1),Quarterly National Accounts (for 'Developer API'),I,Q,Quarterly,Y,Calendar and seasonally adjusted,OECD,OECD,S1,Total economy,S1,Total economy,B1GQ,Gross domestic product,_Z,Not applicable,_Z,Not applicable,_Z,Not applicable,IX,Index,DR,Deflator (rebased),N,Non transformed data,T0102,Table 0102 - GDP identity from the expenditure side,2014-Q4,,88.321201693,,2020,,,,F,Free (free for publication),1,One,A,Normal value,0,Units,_Z,Not applicable
DATAFLOW,OECD.SDD.NAD:DSD_NAMAIN1@DF_QNA(1.1),Quarterly National Accounts (for 'Developer API'),I,Q,Quarterly,Y,Calendar and seasonally adjusted,OECD,OECD,S1,Total economy,S1,Total economy,B1GQ,Gross domestic product,_Z,Not applicable,_Z,Not applicable,_Z,Not applicable,IX,Index,DR,Deflator (rebased),N,Non transformed data,T0102,Table 0102 - GDP identity from the expenditure side,2015-Q1,,88.227151915,,2020,,,,F,Free (free for publication),1,One,A,Normal value,0,Units,_Z,Not applicable
DATAFLOW,OECD.SDD.NAD:DSD_NAMAIN1@DF_QNA(1.1),Quarterly National Accounts (for 'Developer API'),I,Q,Quarterly,Y,Calendar and seasonally adjusted,OECD,OECD,S1,Total economy,S1,Total economy,B1GQ,Gross domestic product,_Z,Not applicable,_Z,Not applicable,_Z,Not applicable,IX,Index,DR,Deflator (rebased),N,Non transformed data,T0102,Table 0102 - GDP identity from the expenditure side,2019-Q4,,98.578463547,,2020,,,,F,Free (free for publication),1,One,A,Normal value,0,Units,_Z,Not applicable
DATAFLOW,OECD.SDD.NAD:DSD_NAMAIN1@DF_QNA(1.1),Quarterly National Accounts (for 'Developer API'),I,Q,Quarterly,Y,Calendar and seasonally adjusted,OECD,OECD,S1,Total economy,S1,Total economy,B1GQ,Gross domestic product,_Z,Not applicable,_Z,Not applicable,_Z,Not applicable,IX,Index,DR,Deflator (rebased),N,Non transformed data,T0102,Table 0102 - GDP identity from the expenditure side,2020-Q1,,99.620832458,,2020,,,,F,Free (free for publication),1,One,A,Normal value,0,Units,_Z,Not applicable
DATAFLOW,OECD.SDD.NAD:DSD_NAMAIN1@DF_QNA(1.1),Quarterly National Accounts (for 'Developer API'),I,Q,Quarterly,Y,Calendar and seasonally adjusted,OECD,OECD,S1,Total economy,S1,Total economy,B1GQ,Gross domestic product,_Z,Not applicable,_Z,Not applicable,_Z,Not applicable,IX,Index,DR,Deflator (rebased),N,Non transformed data,T0102,Table 0102 - GDP identity from the expenditure side,2020-Q2,,99.466661412,,2020,,,,F,Free (free for publication),1,One,A,Normal value,0,Units,_Z,Not applicable
DATAFLOW,OECD.SDD.NAD:DSD_NAMAIN1@DF_QNA(1.1),Quarterly National Accounts (for 'Developer API'),I,Q,Quarterly,Y,Calendar and seasonally adjusted,OECD,OECD,S1,Total economy,S1,Total economy,B1GQ,Gross domestic product,_Z,Not applicable,_Z,Not applicable,_Z,Not applicable,IX,Index,DR,Deflator (rebased),N,Non transformed data,T0102,Table 0102 - GDP identity from the expenditure side,2020-Q3,,100.339286195,,2020,,,,F,Free (free for publication),1,One,A,Normal value,0,Units,_Z,Not applicable
DATAFLOW,OECD.SDD.NAD:DSD_NAMAIN1@DF_QNA(1.1),Quarterly National Accounts (for 'Developer API'),I,Q,Quarterly,Y,Calendar and seasonally adjusted,OECD,OECD,S1,Total economy,S1,Total economy,B1GQ,Gross domestic product,_Z,Not applicable,_Z,Not applicable,_Z,Not applicable,IX,Index,DR,Deflator (rebased),N,Non transformed data,T0102,Table 0102 - GDP identity from the expenditure side,2020-Q4,,100.58838584,,2020,,,,F,Free (free for publication),1,One,A,Normal value,0,Units,_Z,Not applicable
DATAFLOW,OECD.SDD.NAD:DSD_NAMAIN1@DF_QNA(1.1),Quarterly National Accounts (for 'Developer API'),I,Q,Quarterly,Y,Calendar and seasonally adjusted,OECD,OECD,S1,Total economy,S1,Total economy,B1GQ,Gross domestic product,_Z,Not applicable,_Z,Not applicable,_Z,Not applicable,IX,Index,DR,Deflator (rebased),N,Non transformed data,T0102,Table 0102 - GDP identity from the expenditure side,2021-Q1,,101.147675208,,2020,,,,F,Free (free for publication),1,One,A,Normal value,0,Units,_Z,Not applicable
DATAFLOW,OECD.SDD.NAD:DSD_NAMAIN1@DF_QNA(1.1),Quarterly National Accounts (for 'Developer API'),I,Q,Quarterly,Y,Calendar and seasonally adjusted,OECD,OECD,S1,Total economy,S1,Total economy,B1GQ,Gross domestic product,_Z,Not applicable,_Z,Not applicable,_Z,Not applicable,IX,Index,DR,Deflator (rebased),N,Non transformed data,T0102,Table 0102 - GDP identity from the expenditure side,2012-Q2,,84.382974667,,2020,,,,F,Free (free for publication),1,One,A,Normal value,0,Units,_Z,Not applicable
DATAFLOW,OECD.SDD.NAD:DSD_NAMAIN1@DF_QNA(1.1),Quarterly National Accounts (for 'Developer API'),I,Q,Quarterly,Y,Calendar and seasonally adjusted,OECD,OECD,S1,Total economy,S1,Total economy,B1GQ,Gross domestic product,_Z,Not applicable,_Z,Not applicable,_Z,Not applicable,IX,Index,DR,Deflator (rebased),N,Non transformed data,T0102,Table 0102 - GDP identity from the expenditure side,2012-Q3,,84.941079658,,2020,,,,F,Free (free for publication),1,One,A,Normal value,0,Units,_Z,Not applicable
DATAFLOW,OECD.SDD.NAD:DSD_NAMAIN1@DF_QNA(1.1),Quarterly National Accounts (for 'Developer API'),I,Q,Quarterly,Y,Calendar and seasonally adjusted,OECD,OECD,S1,Total economy,S1,Total economy,B1GQ,Gross domestic product,_Z,Not applicable,_Z,Not applicable,_Z,Not applicable,IX,Index,DR,Deflator (rebased),N,Non transformed data,T0102,Table 0102 - GDP identity from the expenditure side,2012-Q4,,85.582973806,,2020,,,,F,Free (free for publication),1,One,A,Normal value,0,Units,_Z,Not applicable
DATAFLOW,OECD.SDD.NAD:DSD_NAMAIN1@DF_QNA(1.1),Quarterly National Accounts (for 'Developer API'),I,Q,Quarterly,Y,Calendar and seasonally adjusted,OECD,OECD,S1,Total economy,S1,Total economy,B1GQ,Gross domestic product,_Z,Not applicable,_Z,Not applicable,_Z,Not applicable,IX,Index,DR,Deflator (rebased),N,Non transformed data,T0102,Table 0102 - GDP identity from the expenditure side,2013-Q1,,86.241432286,,2020,,,,F,Free (free for publication),1,One,A,Normal value,0,Units,_Z,Not applicable
DATAFLOW,OECD.SDD.NAD:DSD_NAMAIN1@DF_QNA(1.1),Quarterly National Accounts (for 'Developer API'),I,Q,Quarterly,Y,Calendar and seasonally adjusted,OECD,OECD,S1,Total economy,S1,Total economy,B1GQ,Gross domestic product,_Z,Not applicable,_Z,Not applicable,_Z,Not applicable,IX,Index,DR,Deflator (rebased),N,Non transformed data,T0102,Table 0102 - GDP identity from the expenditure side,2013-Q2,,86.645399786,,2020,,,,F,Free (free for publication),1,One,A,Normal value,0,Units,_Z,Not applicable
DATAFLOW,OECD.SDD.NAD:DSD_NAMAIN1@DF_QNA(1.1),Quarterly National Accounts (for 'Developer API'),I,Q,Quarterly,Y,Calendar and seasonally adjusted,OECD,OECD,S1,Total economy,S1,Total economy,B1GQ,Gross domestic product,_Z,Not applicable,_Z,Not applicable,_Z,Not applicable,IX,Index,DR,Deflator (rebased),N,Non transformed data,T0102,Table 0102 - GDP identity from the expenditure side,2013-Q3,,87.18139124,,2020,,,,F,Free (free for publication),1,One,A,Normal value,0,Units,_Z,Not applicable
DATAFLOW,OECD.SDD.NAD:DSD_NAMAIN1@DF_QNA(1.1),Quarterly National Accounts (for 'Developer API'),I,Q,Quarterly,Y,Calendar and seasonally adjusted,OECD,OECD,S1,Total economy,S1,Total economy,B1GQ,Gross domestic product,_Z,Not applicable,_Z,Not applicable,_Z,Not applicable,IX,Index,DR,Deflator (rebased),N,Non transformed data,T0102,Table 0102 - GDP identity from the expenditure side,2018-Q2,,94.041711903,,2020,,,,F,Free (free for publication),1,One,A,Normal value,0,Units,_Z,Not applicable
DATAFLOW,OECD.SDD.NAD:DSD_NAMAIN1@DF_QNA(1.1),Quarterly National Accounts (for 'Developer API'),I,Q,Quarterly,Y,Calendar and seasonally adjusted,OECD,OECD,S1,Total economy,S1,Total economy,B1GQ,Gross domestic product,_Z,Not applicable,_Z,Not applicable,_Z,Not applicable,IX,Index,DR,Deflator (rebased),N,Non transformed data,T0102,Table 0102 - GDP identity from the expenditure side,2018-Q3,,94.633600572,,2020,,,,F,Free (free for publication),1,One,A,Normal value,0,Units,_Z,Not applicable
DATAFLOW,OECD.SDD.NAD:DSD_NAMAIN1@DF_QNA(1.1),Quarterly National Accounts (for 'Developer API'),I,Q,Quarterly,Y,Calendar and seasonally adjusted,OECD,OECD,S1,Total economy,S1,Total economy,B1GQ,Gross domestic product,_Z,Not applicable,_Z,Not applicable,_Z,Not applicable,IX,Index,DR,Deflator (rebased),N,Non transformed data,T0102,Table 0102 - GDP identity from the expenditure side,2018-Q4,,95.299266629,,2020,,,,F,Free (free for publication),1,One,A,Normal value,0,Units,_Z,Not applicable
DATAFLOW,OECD.SDD.NAD:DSD_NAMAIN1@DF_QNA(1.1),Quarterly National Accounts (for 'Developer API'),I,Q,Quarterly,Y,Calendar and seasonally adjusted,OECD,OECD,S1,Total economy,S1,Total economy,B1GQ,Gross domestic product,_Z,Not applicable,_Z,Not applicable,_Z,Not applicable,IX,Index,DR,Deflator (rebased),N,Non transformed data,T0102,Table 0102 - GDP identity from the expenditure side,2019-Q1,,95.987262297,,2020,,,,F,Free (free for publication),1,One,A,Normal value,0,Units,_Z,Not applicable
DATAFLOW,OECD.SDD.NAD:DSD_NAMAIN1@DF_QNA(1.1),Quarterly National Accounts (for 'Developer API'),I,Q,Quarterly,Y,Calendar and seasonally adjusted,OECD,OECD,S1,Total economy,S1,Total economy,B1GQ,Gross domestic product,_Z,Not applicable,_Z,Not applicable,_Z,Not applicable,PC,Percentage change,L,Chain linked volume,G1,"Growth rate, period on period",T0102,Table 0102 - GDP identity from the expenditure side,2012-Q3,,0.136986835,,,,,,F,Free (free for publication),1,One,A,Normal value,0,Units,_Z,Not applicable
DATAFLOW,OECD.SDD.NAD:DSD_NAMAIN1@DF_QNA(1.1),Quarterly National Accounts (for 'Developer API'),I,Q,Quarterly,Y,Calendar and seasonally adjusted,OECD,OECD,S1,Total economy,S1,Total economy,B1GQ,Gross domestic product,_Z,Not applicable,_Z,Not applicable,_Z,Not applicable,PC,Percentage change,L,Chain linked volume,G1,"Growth rate, period on period",T0102,Table 0102 - GDP identity from the expenditure side,2018-Q3,,0.309428858,,,,,,F,Free (free for publication),1,One,A,Normal value,0,Units,_Z,Not applicable
DATAFLOW,OECD.SDD.NAD:DSD_NAMAIN1@DF_QNA(1.1),Quarterly National Accounts (for 'Developer API'),I,Q,Quarterly,Y,Calendar and seasonally adjusted,OECD,OECD,S1,Total economy,S1,Total economy,B1GQ,Gross domestic product,_Z,Not applicable,_Z,Not applicable,_Z,Not applicable,PC,Percentage change,L,Chain linked volume,G1,"Growth rate, period on period",T0102,Table 0102 - GDP identity from the expenditure side,2025-Q4,,0.234597685,,,,,,F,Free (free for publication),1,One,A,Normal value,0,Units,_Z,Not applicable
DATAFLOW,OECD.SDD.NAD:DSD_NAMAIN1@DF_QNA(1.1),Quarterly National Accounts (for 'Developer API'),I,Q,Quarterly,Y,Calendar and seasonally adjusted,OECD,OECD,S1,Total economy,S1,Total economy,B1GQ,Gross domestic product,_Z,Not applicable,_Z,Not applicable,_Z,Not applicable,PC,Percentage change,L,Chain linked volume,GY,"Growth rate, over 1 year",T0102,Table 0102 - GDP identity from the expenditure side,2013-Q1,,0.884453975,,,,,,F,Free (free for publication),1,One,A,Normal value,0,Units,_Z,Not applicable
DATAFLOW,OECD.SDD.NAD:DSD_NAMAIN1@DF_QNA(1.1),Quarterly National Accounts (for 'Developer API'),I,Q,Quarterly,Y,Calendar and seasonally adjusted,OECD,OECD,S1,Total economy,S1,Total economy,B1GQ,Gross domestic product,_Z,Not applicable,_Z,Not applicable,_Z,Not applicable,PC,Percentage change,L,Chain linked volume,GY,"Growth rate, over 1 year",T0102,Table 0102 - GDP identity from the expenditure side,2013-Q2,,1.437745681,,,,,,F,Free (free for publication),1,One,A,Normal value,0,Units,_Z,Not applicable
DATAFLOW,OECD.SDD.NAD:DSD_NAMAIN1@DF_QNA(1.1),Quarterly National Accounts (for 'Developer API'),I,Q,Quarterly,Y,Calendar and seasonally adjusted,OECD,OECD,S1,Total economy,S1,Total economy,B1GQ,Gross domestic product,_Z,Not applicable,_Z,Not applicable,_Z,Not applicable,PC,Percentage change,L,Chain linked volume,GY,"Growth rate, over 1 year",T0102,Table 0102 - GDP identity from the expenditure side,2013-Q3,,2.005241226,,,,,,F,Free (free for publication),1,One,A,Normal value,0,Units,_Z,Not applicable
DATAFLOW,OECD.SDD.NAD:DSD_NAMAIN1@DF_QNA(1.1),Quarterly National Accounts (for 'Developer API'),I,Q,Quarterly,Y,Calendar and seasonally adjusted,OECD,OECD,S1,Total economy,S1,Total economy,B1GQ,Gross domestic product,_Z,Not applicable,_Z,Not applicable,_Z,Not applicable,IX,Index,DR,Deflator (rebased),N,Non transformed data,T0102,Table 0102 - GDP identity from the expenditure side,2023-Q2,,116.038570336,,2020,,,,F,Free (free for publication),1,One,A,Normal value,0,Units,_Z,Not applicable
DATAFLOW,OECD.SDD.NAD:DSD_NAMAIN1@DF_QNA(1.1),Quarterly National Accounts (for 'Developer API'),I,Q,Quarterly,Y,Calendar and seasonally adjusted,OECD,OECD,S1,Total economy,S1,Total economy,B1GQ,Gross domestic product,_Z,Not applicable,_Z,Not applicable,_Z,Not applicable,IX,Index,DR,Deflator (rebased),N,Non transformed data,T0102,Table 0102 - GDP identity from the expenditure side,2023-Q3,,117.262948259,,2020,,,,F,Free (free for publication),1,One,A,Normal value,0,Units,_Z,Not applicable
DATAFLOW,OECD.SDD.NAD:DSD_NAMAIN1@DF_QNA(1.1),Quarterly National Accounts (for 'Developer API'),I,Q,Quarterly,Y,Calendar and seasonally adjusted,OECD,OECD,S1,Total economy,S1,Total economy,B1GQ,Gross domestic product,_Z,Not applicable,_Z,Not applicable,_Z,Not applicable,IX,Index,DR,Deflator (rebased),N,Non transformed data,T0102,Table 0102 - GDP identity from the expenditure side,2023-Q4,,117.86591025,,2020,,,,F,Free (free for publication),1,One,A,Normal value,0,Units,_Z,Not applicable
DATAFLOW,OECD.SDD.NAD:DSD_NAMAIN1@DF_QNA(1.1),Quarterly National Accounts (for 'Developer API'),I,Q,Quarterly,Y,Calendar and seasonally adjusted,OECD,OECD,S1,Total economy,S1,Total economy,B1GQ,Gross domestic product,_Z,Not applicable,_Z,Not applicable,_Z,Not applicable,IX,Index,DR,Deflator (rebased),N,Non transformed data,T0102,Table 0102 - GDP identity from the expenditure side,2015-Q4,,89.492848004,,2020,,,,F,Free (free for publication),1,One,A,Normal value,0,Units,_Z,Not applicable
DATAFLOW,OECD.SDD.NAD:DSD_NAMAIN1@DF_QNA(1.1),Quarterly National Accounts (for 'Developer API'),I,Q,Quarterly,Y,Calendar and seasonally adjusted,OECD,OECD,S1,Total economy,S1,Total economy,B1GQ,Gross domestic product,_Z,Not applicable,_Z,Not applicable,_Z,Not applicable,IX,Index,DR,Deflator (rebased),N,Non transformed data,T0102,Table 0102 - GDP identity from the expenditure side,2024-Q4,,120.315720283,,2020,,,,F,Free (free for publication),1,One,A,Normal value,0,Units,_Z,Not applicable
DATAFLOW,OECD.SDD.NAD:DSD_NAMAIN1@DF_QNA(1.1),Quarterly National Accounts (for 'Developer API'),I,Q,Quarterly,Y,Calendar and seasonally adjusted,OECD,OECD,S1,Total economy,S1,Total economy,B1GQ,Gross domestic product,_Z,Not applicable,_Z,Not applicable,_Z,Not applicable,IX,Index,DR,Deflator (rebased),N,Non transformed data,T0102,Table 0102 - GDP identity from the expenditure side,2022-Q2,,111.977396972,,2020,,,,F,Free (free for publication),1,One,A,Normal value,0,Units,_Z,Not applicable
DATAFLOW,OECD.SDD.NAD:DSD_NAMAIN1@DF_QNA(1.1),Quarterly National Accounts (for 'Developer API'),I,Q,Quarterly,Y,Calendar and seasonally adjusted,OECD,OECD,S1,Total economy,S1,Total economy,B1GQ,Gross domestic product,_Z,Not applicable,_Z,Not applicable,_Z,Not applicable,IX,Index,DR,Deflator (rebased),N,Non transformed data,T0102,Table 0102 - GDP identity from the expenditure side,2022-Q3,,113.60760758,,2020,,,,F,Free (free for publication),1,One,A,Normal value,0,Units,_Z,Not applicable
DATAFLOW,OECD.SDD.NAD:DSD_NAMAIN1@DF_QNA(1.1),Quarterly National Accounts (for 'Developer API'),I,Q,Quarterly,Y,Calendar and seasonally adjusted,OECD,OECD,S1,Total economy,S1,Total economy,B1GQ,Gross domestic product,_Z,Not applicable,_Z,Not applicable,_Z,Not applicable,IX,Index,DR,Deflator (rebased),N,Non transformed data,T0102,Table 0102 - GDP identity from the expenditure side,2025-Q1,,120.793568002,,2020,,,,F,Free (free for publication),1,One,A,Normal value,0,Units,_Z,Not applicable
DATAFLOW,OECD.SDD.NAD:DSD_NAMAIN1@DF_QNA(1.1),Quarterly National Accounts (for 'Developer API'),I,Q,Quarterly,Y,Calendar and seasonally adjusted,OECD,OECD,S1,Total economy,S1,Total economy,B1GQ,Gross domestic product,_Z,Not applicable,_Z,Not applicable,_Z,Not applicable,IX,Index,DR,Deflator (rebased),N,Non transformed data,T0102,Table 0102 - GDP identity from the expenditure side,2025-Q2,,121.01430681,,2020,,,,F,Free (free for publication),1,One,A,Normal value,0,Units,_Z,Not applicable
DATAFLOW,OECD.SDD.NAD:DSD_NAMAIN1@DF_QNA(1.1),Quarterly National Accounts (for 'Developer API'),I,Q,Quarterly,Y,Calendar and seasonally adjusted,OECD,OECD,S1,Total economy,S1,Total economy,B1GQ,Gross domestic product,_Z,Not applicable,_Z,Not applicable,_Z,Not applicable,IX,Index,DR,Deflator (rebased),N,Non transformed data,T0102,Table 0102 - GDP identity from the expenditure side,2025-Q3,,121.761003613,,2020,,,,F,Free (free for publication),1,One,A,Normal value,0,Units,_Z,Not applicable
DATAFLOW,OECD.SDD.NAD:DSD_NAMAIN1@DF_QNA(1.1),Quarterly National Accounts (for 'Developer API'),I,Q,Quarterly,Y,Calendar and seasonally adjusted,OECD,OECD,S1,Total economy,S1,Total economy,B1GQ,Gross domestic product,_Z,Not applicable,_Z,Not applicable,_Z,Not applicable,IX,Index,DR,Deflator (rebased),N,Non transformed data,T0102,Table 0102 - GDP identity from the expenditure side,2025-Q4,,122.664443517,,2020,,,,F,Free (free for publication),1,One,A,Normal value,0,Units,_Z,Not applicable
DATAFLOW,OECD.SDD.NAD:DSD_NAMAIN1@DF_QNA(1.1),Quarterly National Accounts (for 'Developer API'),I,Q,Quarterly,Y,Calendar and seasonally adjusted,OECD,OECD,S1,Total economy,S1,Total economy,B1GQ,Gross domestic product,_Z,Not applicable,_Z,Not applicable,_Z,Not applicable,IX,Index,DR,Deflator (rebased),N,Non transformed data,T0102,Table 0102 - GDP identity from the expenditure side,2021-Q2,,102.300044864,,2020,,,,F,Free (free for publication),1,One,A,Normal value,0,Units,_Z,Not applicable
DATAFLOW,OECD.SDD.NAD:DSD_NAMAIN1@DF_QNA(1.1),Quarterly National Accounts (for 'Developer API'),I,Q,Quarterly,Y,Calendar and seasonally adjusted,OECD,OECD,S1,Total economy,S1,Total economy,B1GQ,Gross domestic product,_Z,Not applicable,_Z,Not applicable,_Z,Not applicable,IX,Index,DR,Deflator (rebased),N,Non transformed data,T0102,Table 0102 - GDP identity from the expenditure side,2021-Q3,,103.765849498,,2020,,,,F,Free (free for publication),1,One,A,Normal value,0,Units,_Z,Not applicable
DATAFLOW,OECD.SDD.NAD:DSD_NAMAIN1@DF_QNA(1.1),Quarterly National Accounts (for 'Developer API'),I,Q,Quarterly,Y,Calendar and seasonally adjusted,OECD,OECD,S1,Total economy,S1,Total economy,B1GQ,Gross domestic product,_Z,Not applicable,_Z,Not applicable,_Z,Not applicable,IX,Index,DR,Deflator (rebased),N,Non transformed data,T0102,Table 0102 - GDP identity from the expenditure side,2021-Q4,,105.963321556,,2020,,,,F,Free (free for publication),1,One,A,Normal value,0,Units,_Z,Not applicable
DATAFLOW,OECD.SDD.NAD:DSD_NAMAIN1@DF_QNA(1.1),Quarterly National Accounts (for 'Developer API'),I,Q,Quarterly,Y,Calendar and seasonally adjusted,OECD,OECD,S1,Total economy,S1,Total economy,B1GQ,Gross domestic product,_Z,Not applicable,_Z,Not applicable,_Z,Not applicable,PC,Percentage change,L,Chain linked volume,GY,"Growth rate, over 1 year",T0102,Table 0102 - GDP identity from the expenditure side,2010-Q2,,3.27430078,,,,,,F,Free (free for publication),1,One,A,Normal value,0,Units,_Z,Not applicable
DATAFLOW,OECD.SDD.NAD:DSD_NAMAIN1@DF_QNA(1.1),Quarterly National Accounts (for 'Developer API'),I,Q,Quarterly,Y,Calendar and seasonally adjusted,OECD,OECD,S1,Total economy,S1,Total economy,B1GQ,Gross domestic product,_Z,Not applicable,_Z,Not applicable,_Z,Not applicable,PC,Percentage change,L,Chain linked volume,GY,"Growth rate, over 1 year",T0102,Table 0102 - GDP identity from the expenditure side,2010-Q3,,3.590755743,,,,,,F,Free (free for publication),1,One,A,Normal value,0,Units,_Z,Not applicable
DATAFLOW,OECD.SDD.NAD:DSD_NAMAIN1@DF_QNA(1.1),Quarterly National Accounts (for 'Developer API'),I,Q,Quarterly,Y,Calendar and seasonally adjusted,OECD,OECD,S1,Total economy,S1,Total economy,B1GQ,Gross domestic product,_Z,Not applicable,_Z,Not applicable,_Z,Not applicable,PC,Percentage change,L,Chain linked volume,GY,"Growth rate, over 1 year",T0102,Table 0102 - GDP identity from the expenditure side,2015-Q2,,2.776528681,,,,,,F,Free (free for publication),1,One,A,Normal value,0,Units,_Z,Not applicable
DATAFLOW,OECD.SDD.NAD:DSD_NAMAIN1@DF_QNA(1.1),Quarterly National Accounts (for 'Developer API'),I,Q,Quarterly,Y,Calendar and seasonally adjusted,OECD,OECD,S1,Total economy,S1,Total economy,B1GQ,Gross domestic product,_Z,Not applicable,_Z,Not applicable,_Z,Not applicable,PC,Percentage change,L,Chain linked volume,GY,"Growth rate, over 1 year",T0102,Table 0102 - GDP identity from the expenditure side,2015-Q3,,2.506758656,,,,,,F,Free (free for publication),1,One,A,Normal value,0,Units,_Z,Not applicable
DATAFLOW,OECD.SDD.NAD:DSD_NAMAIN1@DF_QNA(1.1),Quarterly National Accounts (for 'Developer API'),I,Q,Quarterly,Y,Calendar and seasonally adjusted,OECD,OECD,S1,Total economy,S1,Total economy,B1GQ,Gross domestic product,_Z,Not applicable,_Z,Not applicable,_Z,Not applicable,PC,Percentage change,L,Chain linked volume,GY,"Growth rate, over 1 year",T0102,Table 0102 - GDP identity from the expenditure side,2015-Q4,,2.289230976,,,,,,F,Free (free for publication),1,One,A,Normal value,0,Units,_Z,Not applicable
DATAFLOW,OECD.SDD.NAD:DSD_NAMAIN1@DF_QNA(1.1),Quarterly National Accounts (for 'Developer API'),I,Q,Quarterly,Y,Calendar and seasonally adjusted,OECD,OECD,S1,Total economy,S1,Total economy,B1GQ,Gross domestic product,_Z,Not applicable,_Z,Not applicable,_Z,Not applicable,PC,Percentage change,L,Chain linked volume,GY,"Growth rate, over 1 year",T0102,Table 0102 - GDP identity from the expenditure side,2025-Q3,,1.867785421,,,,,,F,Free (free for publication),1,One,A,Normal value,0,Units,_Z,Not applicable
DATAFLOW,OECD.SDD.NAD:DSD_NAMAIN1@DF_QNA(1.1),Quarterly National Accounts (for 'Developer API'),I,Q,Quarterly,Y,Calendar and seasonally adjusted,OECD,OECD,S1,Total economy,S1,Total economy,B1GQ,Gross domestic product,_Z,Not applicable,_Z,Not applicable,_Z,Not applicable,PC,Percentage change,L,Chain linked volume,GY,"Growth rate, over 1 year",T0102,Table 0102 - GDP identity from the expenditure side,2025-Q4,,1.638939353,,,,,,F,Free (free for publication),1,One,A,Normal value,0,Units,_Z,Not applicable
DATAFLOW,OECD.SDD.NAD:DSD_NAMAIN1@DF_QNA(1.1),Quarterly National Accounts (for 'Developer API'),I,Q,Quarterly,Y,Calendar and seasonally adjusted,OECD,OECD,S1,Total economy,S1,Total economy,B1GQ,Gross domestic product,_Z,Not applicable,_Z,Not applicable,_Z,Not applicable,PC,Percentage change,L,Chain linked volume,GY,"Growth rate, over 1 year",T0102,Table 0102 - GDP identity from the expenditure side,2026-Q1,,1.729427388,,,,,,F,Free (free for publication),1,One,A,Normal value,0,Units,_Z,Not applicable
DATAFLOW,OECD.SDD.NAD:DSD_NAMAIN1@DF_QNA(1.1),Quarterly National Accounts (for 'Developer API'),I,Q,Quarterly,Y,Calendar and seasonally adjusted,OECD,OECD,S1,Total economy,S1,Total economy,B1GQ,Gross domestic product,_Z,Not applicable,_Z,Not applicable,_Z,Not applicable,IX,Index,DR,Deflator (rebased),N,Non transformed data,T0102,Table 0102 - GDP identity from the expenditure side,2015-Q2,,88.777822436,,2020,,,,F,Free (free for publication),1,One,A,Normal value,0,Units,_Z,Not applicable
DATAFLOW,OECD.SDD.NAD:DSD_NAMAIN1@DF_QNA(1.1),Quarterly National Accounts (for 'Developer API'),I,Q,Quarterly,Y,Calendar and seasonally adjusted,OECD,OECD,S1,Total economy,S1,Total economy,B1GQ,Gross domestic product,_Z,Not applicable,_Z,Not applicable,_Z,Not applicable,IX,Index,DR,Deflator (rebased),N,Non transformed data,T0102,Table 0102 - GDP identity from the expenditure side,2015-Q3,,89.203788494,,2020,,,,F,Free (free for publication),1,One,A,Normal value,0,Units,_Z,Not applicable
DATAFLOW,OECD.SDD.NAD:DSD_NAMAIN1@DF_QNA(1.1),Quarterly National Accounts (for 'Developer API'),I,Q,Quarterly,Y,Calendar and seasonally adjusted,OECD,OECD,S1,Total economy,S1,Total economy,B1GQ,Gross domestic product,_Z,Not applicable,_Z,Not applicable,_Z,Not applicable,IX,Index,DR,Deflator (rebased),N,Non transformed data,T0102,Table 0102 - GDP identity from the expenditure side,2008-Q3,,79.293215767,,2020,,,,F,Free (free for publication),1,One,A,Normal value,0,Units,_Z,Not applicable
DATAFLOW,OECD.SDD.NAD:DSD_NAMAIN1@DF_QNA(1.1),Quarterly National Accounts (for 'Developer API'),I,Q,Quarterly,Y,Calendar and seasonally adjusted,OECD,OECD,S1,Total economy,S1,Total economy,B1GQ,Gross domestic product,_Z,Not applicable,_Z,Not applicable,_Z,Not applicable,IX,Index,DR,Deflator (rebased),N,Non transformed data,T0102,Table 0102 - GDP identity from the expenditure side,2011-Q3,,83.57673286,,2020,,,,F,Free (free for publication),1,One,A,Normal value,0,Units,_Z,Not applicable
DATAFLOW,OECD.SDD.NAD:DSD_NAMAIN1@DF_QNA(1.1),Quarterly National Accounts (for 'Developer API'),I,Q,Quarterly,Y,Calendar and seasonally adjusted,OECD,OECD,S1,Total economy,S1,Total economy,B1GQ,Gross domestic product,_Z,Not applicable,_Z,Not applicable,_Z,Not applicable,IX,Index,DR,Deflator (rebased),N,Non transformed data,T0102,Table 0102 - GDP identity from the expenditure side,2011-Q4,,83.679099143,,2020,,,,F,Free (free for publication),1,One,A,Normal value,0,Units,_Z,Not applicable
DATAFLOW,OECD.SDD.NAD:DSD_NAMAIN1@DF_QNA(1.1),Quarterly National Accounts (for 'Developer API'),I,Q,Quarterly,Y,Calendar and seasonally adjusted,OECD,OECD,S1,Total economy,S1,Total economy,B1GQ,Gross domestic product,_Z,Not applicable,_Z,Not applicable,_Z,Not applicable,IX,Index,DR,Deflator (rebased),N,Non transformed data,T0102,Table 0102 - GDP identity from the expenditure side,2012-Q1,,84.054308898,,2020,,,,F,Free (free for publication),1,One,A,Normal value,0,Units,_Z,Not applicable
DATAFLOW,OECD.SDD.NAD:DSD_NAMAIN1@DF_QNA(1.1),Quarterly National Accounts (for 'Developer API'),I,Q,Quarterly,Y,Calendar and seasonally adjusted,OECD,OECD,S1,Total economy,S1,Total economy,B1GQ,Gross domestic product,_Z,Not applicable,_Z,Not applicable,_Z,Not applicable,IX,Index,DR,Deflator (rebased),N,Non transformed data,T0102,Table 0102 - GDP identity from the expenditure side,2016-Q3,,91.173710372,,2020,,,,F,Free (free for publication),1,One,A,Normal value,0,Units,_Z,Not applicable
DATAFLOW,OECD.SDD.NAD:DSD_NAMAIN1@DF_QNA(1.1),Quarterly National Accounts (for 'Developer API'),I,Q,Quarterly,Y,Calendar and seasonally adjusted,OECD,OECD,S1,Total economy,S1,Total economy,B1GQ,Gross domestic product,_Z,Not applicable,_Z,Not applicable,_Z,Not applicable,IX,Index,DR,Deflator (rebased),N,Non transformed data,T0102,Table 0102 - GDP identity from the expenditure side,2009-Q3,,79.952326204,,2020,,,,F,Free (free for publication),1,One,A,Normal value,0,Units,_Z,Not applicable
DATAFLOW,OECD.SDD.NAD:DSD_NAMAIN1@DF_QNA(1.1),Quarterly National Accounts (for 'Developer API'),I,Q,Quarterly,Y,Calendar and seasonally adjusted,OECD,OECD,S1,Total economy,S1,Total economy,B1GQ,Gross domestic product,_Z,Not applicable,_Z,Not applicable,_Z,Not applicable,IX,Index,DR,Deflator (rebased),N,Non transformed data,T0102,Table 0102 - GDP identity from the expenditure side,2009-Q4,,80.226457727,,2020,,,,F,Free (free for publication),1,One,A,Normal value,0,Units,_Z,Not applicable
DATAFLOW,OECD.SDD.NAD:DSD_NAMAIN1@DF_QNA(1.1),Quarterly National Accounts (for 'Developer API'),I,Q,Quarterly,Y,Calendar and seasonally adjusted,OECD,OECD,S1,Total economy,S1,Total economy,B1GQ,Gross domestic product,_Z,Not applicable,_Z,Not applicable,_Z,Not applicable,IX,Index,DR,Deflator (rebased),N,Non transformed data,T0102,Table 0102 - GDP identity from the expenditure side,2010-Q1,,80.452363437,,2020,,,,F,Free (free for publication),1,One,A,Normal value,0,Units,_Z,Not applicable
DATAFLOW,OECD.SDD.NAD:DSD_NAMAIN1@DF_QNA(1.1),Quarterly National Accounts (for 'Developer API'),I,Q,Quarterly,Y,Calendar and seasonally adjusted,OECD,OECD,S1,Total economy,S1,Total economy,B1GQ,Gross domestic product,_Z,Not applicable,_Z,Not applicable,_Z,Not applicable,IX,Index,DR,Deflator (rebased),N,Non transformed data,T0102,Table 0102 - GDP identity from the expenditure side,2010-Q2,,80.851909837,,2020,,,,F,Free (free for publication),1,One,A,Normal value,0,Units,_Z,Not applicable
DATAFLOW,OECD.SDD.NAD:DSD_NAMAIN1@DF_QNA(1.1),Quarterly National Accounts (for 'Developer API'),I,Q,Quarterly,Y,Calendar and seasonally adjusted,OECD,OECD,S1,Total economy,S1,Total economy,B1GQ,Gross domestic product,_Z,Not applicable,_Z,Not applicable,_Z,Not applicable,IX,Index,DR,Deflator (rebased),N,Non transformed data,T0102,Table 0102 - GDP identity from the expenditure side,2010-Q3,,81.182841282,,2020,,,,F,Free (free for publication),1,One,A,Normal value,0,Units,_Z,Not applicable
DATAFLOW,OECD.SDD.NAD:DSD_NAMAIN1@DF_QNA(1.1),Quarterly National Accounts (for 'Developer API'),I,Q,Quarterly,Y,Calendar and seasonally adjusted,OECD,OECD,S1,Total economy,S1,Total economy,B1GQ,Gross domestic product,_Z,Not applicable,_Z,Not applicable,_Z,Not applicable,IX,Index,DR,Deflator (rebased),N,Non transformed data,T0102,Table 0102 - GDP identity from the expenditure side,2024-Q2,,119.770388192,,2020,,,,F,Free (free for publication),1,One,A,Normal value,0,Units,_Z,Not applicable
DATAFLOW,OECD.SDD.NAD:DSD_NAMAIN1@DF_QNA(1.1),Quarterly National Accounts (for 'Developer API'),I,Q,Quarterly,Y,Calendar and seasonally adjusted,OECD,OECD,S1,Total economy,S1,Total economy,B1GQ,Gross domestic product,_Z,Not applicable,_Z,Not applicable,_Z,Not applicable,PC,Percentage change,L,Chain linked volume,GY,"Growth rate, over 1 year",T0102,Table 0102 - GDP identity from the expenditure side,2018-Q1,,3.025054989,,,,,,F,Free (free for publication),1,One,A,Normal value,0,Units,_Z,Not applicable
DATAFLOW,OECD.SDD.NAD:DSD_NAMAIN1@DF_QNA(1.1),Quarterly National Accounts (for 'Developer API'),I,Q,Quarterly,Y,Calendar and seasonally adjusted,OECD,OECD,S1,Total economy,S1,Total economy,B1GQ,Gross domestic product,_Z,Not applicable,_Z,Not applicable,_Z,Not applicable,PC,Percentage change,L,Chain linked volume,GCM,Cumulative growth rate since base period,T0102,Table 0102 - GDP identity from the expenditure side,2023-Q4,,7.378830421,,,,2019-Q4,,F,Free (free for publication),1,One,A,Normal value,0,Units,_Z,Not applicable
DATAFLOW,OECD.SDD.NAD:DSD_NAMAIN1@DF_QNA(1.1),Quarterly National Accounts (for 'Developer API'),I,Q,Quarterly,Y,Calendar and seasonally adjusted,OECD,OECD,S1,Total economy,S1,Total economy,B1GQ,Gross domestic product,_Z,Not applicable,_Z,Not applicable,_Z,Not applicable,PC,Percentage change,L,Chain linked volume,G1,"Growth rate, period on period",T0102,Table 0102 - GDP identity from the expenditure side,2013-Q1,,0.607764338,,,,,,F,Free (free for publication),1,One,A,Normal value,0,Units,_Z,Not applicable
DATAFLOW,OECD.SDD.NAD:DSD_NAMAIN1@DF_QNA(1.1),Quarterly National Accounts (for 'Developer API'),I,Q,Quarterly,Y,Calendar and seasonally adjusted,OECD,OECD,S1,Total economy,S1,Total economy,B1GQ,Gross domestic product,_Z,Not applicable,_Z,Not applicable,_Z,Not applicable,IX,Index,DR,Deflator (rebased),N,Non transformed data,T0102,Table 0102 - GDP identity from the expenditure side,2024-Q3,,120.034721852,,2020,,,,F,Free (free for publication),1,One,A,Normal value,0,Units,_Z,Not applicable
DATAFLOW,OECD.SDD.NAD:DSD_NAMAIN1@DF_QNA(1.1),Quarterly National Accounts (for 'Developer API'),I,Q,Quarterly,Y,Calendar and seasonally adjusted,OECD,OECD,S1,Total economy,S1,Total economy,B1GQ,Gross domestic product,_Z,Not applicable,_Z,Not applicable,_Z,Not applicable,IX,Index,DR,Deflator (rebased),N,Non transformed data,T0102,Table 0102 - GDP identity from the expenditure side,2008-Q1,,77.83193399,,2020,,,,F,Free (free for publication),1,One,A,Normal value,0,Units,_Z,Not applicable
DATAFLOW,OECD.SDD.NAD:DSD_NAMAIN1@DF_QNA(1.1),Quarterly National Accounts (for 'Developer API'),I,Q,Quarterly,Y,Calendar and seasonally adjusted,OECD,OECD,S1,Total economy,S1,Total economy,B1GQ,Gross domestic product,_Z,Not applicable,_Z,Not applicable,_Z,Not applicable,IX,Index,LR,Chain linked volume (rebased),N,Non transformed data,T0102,Table 0102 - GDP identity from the expenditure side,2020-Q1,,103.035379471,,2020,,,,F,Free (free for publication),1,One,A,Normal value,0,Units,_Z,Not applicable
DATAFLOW,OECD.SDD.NAD:DSD_NAMAIN1@DF_QNA(1.1),Quarterly National Accounts (for 'Developer API'),I,Q,Quarterly,Y,Calendar and seasonally adjusted,OECD,OECD,S1,Total economy,S1,Total economy,B1GQ,Gross domestic product,_Z,Not applicable,_Z,Not applicable,_Z,Not applicable,IX,Index,LR,Chain linked volume (rebased),N,Non transformed data,T0102,Table 0102 - GDP identity from the expenditure side,2020-Q2,,92.805669483,,2020,,,,F,Free (free for publication),1,One,A,Normal value,0,Units,_Z,Not applicable
DATAFLOW,OECD.SDD.NAD:DSD_NAMAIN1@DF_QNA(1.1),Quarterly National Accounts (for 'Developer API'),I,Q,Quarterly,Y,Calendar and seasonally adjusted,OECD,OECD,S1,Total economy,S1,Total economy,B1GQ,Gross domestic product,_Z,Not applicable,_Z,Not applicable,_Z,Not applicable,IX,Index,LR,Chain linked volume (rebased),N,Non transformed data,T0102,Table 0102 - GDP identity from the expenditure side,2020-Q3,,101.360564622,,2020,,,,F,Free (free for publication),1,One,A,Normal value,0,Units,_Z,Not applicable
DATAFLOW,OECD.SDD.NAD:DSD_NAMAIN1@DF_QNA(1.1),Quarterly National Accounts (for 'Developer API'),I,Q,Quarterly,Y,Calendar and seasonally adjusted,OECD,OECD,S1,Total economy,S1,Total economy,B1GQ,Gross domestic product,_Z,Not applicable,_Z,Not applicable,_Z,Not applicable,IX,Index,LR,Chain linked volume (rebased),N,Non transformed data,T0102,Table 0102 - GDP identity from the expenditure side,2020-Q4,,102.622054318,,2020,,,,F,Free (free for publication),1,One,A,Normal value,0,Units,_Z,Not applicable
DATAFLOW,OECD.SDD.NAD:DSD_NAMAIN1@DF_QNA(1.1),Quarterly National Accounts (for 'Developer API'),I,Q,Quarterly,Y,Calendar and seasonally adjusted,OECD,OECD,S1,Total economy,S1,Total economy,B1GQ,Gross domestic product,_Z,Not applicable,_Z,Not applicable,_Z,Not applicable,IX,Index,LR,Chain linked volume (rebased),N,Non transformed data,T0102,Table 0102 - GDP identity from the expenditure side,2021-Q1,,103.870814013,,2020,,,,F,Free (free for publication),1,One,A,Normal value,0,Units,_Z,Not applicable
DATAFLOW,OECD.SDD.NAD:DSD_NAMAIN1@DF_QNA(1.1),Quarterly National Accounts (for 'Developer API'),I,Q,Quarterly,Y,Calendar and seasonally adjusted,OECD,OECD,S1,Total economy,S1,Total economy,B1GQ,Gross domestic product,_Z,Not applicable,_Z,Not applicable,_Z,Not applicable,IX,Index,LR,Chain linked volume (rebased),N,Non transformed data,T0102,Table 0102 - GDP identity from the expenditure side,2012-Q2,,89.396103664,,2020,,,,F,Free (free for publication),1,One,A,Normal value,0,Units,_Z,Not applicable
DATAFLOW,OECD.SDD.NAD:DSD_NAMAIN1@DF_QNA(1.1),Quarterly National Accounts (for 'Developer API'),I,Q,Quarterly,Y,Calendar and seasonally adjusted,OECD,OECD,S1,Total economy,S1,Total economy,B1GQ,Gross domestic product,_Z,Not applicable,_Z,Not applicable,_Z,Not applicable,IX,Index,LR,Chain linked volume (rebased),N,Non transformed data,T0102,Table 0102 - GDP identity from the expenditure side,2012-Q3,,89.518564557,,2020,,,,F,Free (free for publication),1,One,A,Normal value,0,Units,_Z,Not applicable
DATAFLOW,OECD.SDD.NAD:DSD_NAMAIN1@DF_QNA(1.1),Quarterly National Accounts (for 'Developer API'),I,Q,Quarterly,Y,Calendar and seasonally adjusted,OECD,OECD,S1,Total economy,S1,Total economy,B1GQ,Gross domestic product,_Z,Not applicable,_Z,Not applicable,_Z,Not applicable,IX,Index,LR,Chain linked volume (rebased),N,Non transformed data,T0102,Table 0102 - GDP identity from the expenditure side,2012-Q4,,89.56995258,,2020,,,,F,Free (free for publication),1,One,A,Normal value,0,Units,_Z,Not applicable
DATAFLOW,OECD.SDD.NAD:DSD_NAMAIN1@DF_QNA(1.1),Quarterly National Accounts (for 'Developer API'),I,Q,Quarterly,Y,Calendar and seasonally adjusted,OECD,OECD,S1,Total economy,S1,Total economy,B1GQ,Gross domestic product,_Z,Not applicable,_Z,Not applicable,_Z,Not applicable,IX,Index,LR,Chain linked volume (rebased),N,Non transformed data,T0102,Table 0102 - GDP identity from the expenditure side,2013-Q1,,90.114326809,,2020,,,,F,Free (free for publication),1,One,A,Normal value,0,Units,_Z,Not applicable
DATAFLOW,OECD.SDD.NAD:DSD_NAMAIN1@DF_QNA(1.1),Quarterly National Accounts (for 'Developer API'),I,Q,Quarterly,Y,Calendar and seasonally adjusted,OECD,OECD,S1,Total economy,S1,Total economy,B1GQ,Gross domestic product,_Z,Not applicable,_Z,Not applicable,_Z,Not applicable,IX,Index,LR,Chain linked volume (rebased),N,Non transformed data,T0102,Table 0102 - GDP identity from the expenditure side,2013-Q2,,90.681392283,,2020,,,,F,Free (free for publication),1,One,A,Normal value,0,Units,_Z,Not applicable
DATAFLOW,OECD.SDD.NAD:DSD_NAMAIN1@DF_QNA(1.1),Quarterly National Accounts (for 'Developer API'),I,Q,Quarterly,Y,Calendar and seasonally adjusted,OECD,OECD,S1,Total economy,S1,Total economy,B1GQ,Gross domestic product,_Z,Not applicable,_Z,Not applicable,_Z,Not applicable,IX,Index,LR,Chain linked volume (rebased),N,Non transformed data,T0102,Table 0102 - GDP identity from the expenditure side,2013-Q3,,91.313627718,,2020,,,,F,Free (free for publication),1,One,A,Normal value,0,Units,_Z,Not applicable
DATAFLOW,OECD.SDD.NAD:DSD_NAMAIN1@DF_QNA(1.1),Quarterly National Accounts (for 'Developer API'),I,Q,Quarterly,Y,Calendar and seasonally adjusted,OECD,OECD,S1,Total economy,S1,Total economy,B1GQ,Gross domestic product,_Z,Not applicable,_Z,Not applicable,_Z,Not applicable,IX,Index,LR,Chain linked volume (rebased),N,Non transformed data,T0102,Table 0102 - GDP identity from the expenditure side,2018-Q2,,102.318027191,,2020,,,,F,Free (free for publication),1,One,A,Normal value,0,Units,_Z,Not applicable
DATAFLOW,OECD.SDD.NAD:DSD_NAMAIN1@DF_QNA(1.1),Quarterly National Accounts (for 'Developer API'),I,Q,Quarterly,Y,Calendar and seasonally adjusted,OECD,OECD,S1,Total economy,S1,Total economy,B1GQ,Gross domestic product,_Z,Not applicable,_Z,Not applicable,_Z,Not applicable,IX,Index,LR,Chain linked volume (rebased),N,Non transformed data,T0102,Table 0102 - GDP identity from the expenditure side,2018-Q3,,102.634628694,,2020,,,,F,Free (free for publication),1,One,A,Normal value,0,Units,_Z,Not applicable
DATAFLOW,OECD.SDD.NAD:DSD_NAMAIN1@DF_QNA(1.1),Quarterly National Accounts (for 'Developer API'),I,Q,Quarterly,Y,Calendar and seasonally adjusted,OECD,OECD,S1,Total economy,S1,Total economy,B1GQ,Gross domestic product,_Z,Not applicable,_Z,Not applicable,_Z,Not applicable,IX,Index,LR,Chain linked volume (rebased),N,Non transformed data,T0102,Table 0102 - GDP identity from the expenditure side,2018-Q4,,102.805407822,,2020,,,,F,Free (free for publication),1,One,A,Normal value,0,Units,_Z,Not applicable
DATAFLOW,OECD.SDD.NAD:DSD_NAMAIN1@DF_QNA(1.1),Quarterly National Accounts (for 'Developer API'),I,Q,Quarterly,Y,Calendar and seasonally adjusted,OECD,OECD,S1,Total economy,S1,Total economy,B1GQ,Gross domestic product,_Z,Not applicable,_Z,Not applicable,_Z,Not applicable,IX,Index,LR,Chain linked volume (rebased),N,Non transformed data,T0102,Table 0102 - GDP identity from the expenditure side,2019-Q1,,103.451408598,,2020,,,,F,Free (free for publication),1,One,A,Normal value,0,Units,_Z,Not applicable
DATAFLOW,OECD.SDD.NAD:DSD_NAMAIN1@DF_QNA(1.1),Quarterly National Accounts (for 'Developer API'),I,Q,Quarterly,Y,Calendar and seasonally adjusted,OECD,OECD,S1,Total economy,S1,Total economy,B1GQ,Gross domestic product,_Z,Not applicable,_Z,Not applicable,_Z,Not applicable,IX,Index,LR,Chain linked volume (rebased),N,Non transformed data,T0102,Table 0102 - GDP identity from the expenditure side,2019-Q2,,104.114072867,,2020,,,,F,Free (free for publication),1,One,A,Normal value,0,Units,_Z,Not applicable
DATAFLOW,OECD.SDD.NAD:DSD_NAMAIN1@DF_QNA(1.1),Quarterly National Accounts (for 'Developer API'),I,Q,Quarterly,Y,Calendar and seasonally adjusted,OECD,OECD,S1,Total economy,S1,Total economy,B1GQ,Gross domestic product,_Z,Not applicable,_Z,Not applicable,_Z,Not applicable,IX,Index,LR,Chain linked volume (rebased),N,Non transformed data,T0102,Table 0102 - GDP identity from the expenditure side,2019-Q3,,104.70734985,,2020,,,,F,Free (free for publication),1,One,A,Normal value,0,Units,_Z,Not applicable
DATAFLOW,OECD.SDD.NAD:DSD_NAMAIN1@DF_QNA(1.1),Quarterly National Accounts (for 'Developer API'),I,Q,Quarterly,Y,Calendar and seasonally adjusted,OECD,OECD,S1,Total economy,S1,Total economy,B1GQ,Gross domestic product,_Z,Not applicable,_Z,Not applicable,_Z,Not applicable,IX,Index,LR,Chain linked volume (rebased),N,Non transformed data,T0102,Table 0102 - GDP identity from the expenditure side,2008-Q1,,87.459554345,,2020,,,,F,Free (free for publication),1,One,A,Normal value,0,Units,_Z,Not applicable
DATAFLOW,OECD.SDD.NAD:DSD_NAMAIN1@DF_QNA(1.1),Quarterly National Accounts (for 'Developer API'),I,Q,Quarterly,Y,Calendar and seasonally adjusted,OECD,OECD,S1,Total economy,S1,Total economy,B1GQ,Gross domestic product,_Z,Not applicable,_Z,Not applicable,_Z,Not applicable,IX,Index,LR,Chain linked volume (rebased),N,Non transformed data,T0102,Table 0102 - GDP identity from the expenditure side,2008-Q3,,87.001411345,,2020,,,,F,Free (free for publication),1,One,A,Normal value,0,Units,_Z,Not applicable
DATAFLOW,OECD.SDD.NAD:DSD_NAMAIN1@DF_QNA(1.1),Quarterly National Accounts (for 'Developer API'),I,Q,Quarterly,Y,Calendar and seasonally adjusted,OECD,OECD,S1,Total economy,S1,Total economy,B1GQ,Gross domestic product,_Z,Not applicable,_Z,Not applicable,_Z,Not applicable,IX,Index,LR,Chain linked volume (rebased),N,Non transformed data,T0102,Table 0102 - GDP identity from the expenditure side,2008-Q4,,85.309920682,,2020,,,,F,Free (free for publication),1,One,A,Normal value,0,Units,_Z,Not applicable
DATAFLOW,OECD.SDD.NAD:DSD_NAMAIN1@DF_QNA(1.1),Quarterly National Accounts (for 'Developer API'),I,Q,Quarterly,Y,Calendar and seasonally adjusted,OECD,OECD,S1,Total economy,S1,Total economy,B1GQ,Gross domestic product,_Z,Not applicable,_Z,Not applicable,_Z,Not applicable,IX,Index,LR,Chain linked volume (rebased),N,Non transformed data,T0102,Table 0102 - GDP identity from the expenditure side,2009-Q1,,83.314835499,,2020,,,,F,Free (free for publication),1,One,A,Normal value,0,Units,_Z,Not applicable
DATAFLOW,OECD.SDD.NAD:DSD_NAMAIN1@DF_QNA(1.1),Quarterly National Accounts (for 'Developer API'),I,Q,Quarterly,Y,Calendar and seasonally adjusted,OECD,OECD,S1,Total economy,S1,Total economy,B1GQ,Gross domestic product,_Z,Not applicable,_Z,Not applicable,_Z,Not applicable,IX,Index,LR,Chain linked volume (rebased),N,Non transformed data,T0102,Table 0102 - GDP identity from the expenditure side,2013-Q4,,91.807921012,,2020,,,,F,Free (free for publication),1,One,A,Normal value,0,Units,_Z,Not applicable
DATAFLOW,OECD.SDD.NAD:DSD_NAMAIN1@DF_QNA(1.1),Quarterly National Accounts (for 'Developer API'),I,Q,Quarterly,Y,Calendar and seasonally adjusted,OECD,OECD,S1,Total economy,S1,Total economy,B1GQ,Gross domestic product,_Z,Not applicable,_Z,Not applicable,_Z,Not applicable,IX,Index,LR,Chain linked volume (rebased),N,Non transformed data,T0102,Table 0102 - GDP identity from the expenditure side,2014-Q1,,92.167193411,,2020,,,,F,Free (free for publication),1,One,A,Normal value,0,Units,_Z,Not applicable
DATAFLOW,OECD.SDD.NAD:DSD_NAMAIN1@DF_QNA(1.1),Quarterly National Accounts (for 'Developer API'),I,Q,Quarterly,Y,Calendar and seasonally adjusted,OECD,OECD,S1,Total economy,S1,Total economy,B1GQ,Gross domestic product,_Z,Not applicable,_Z,Not applicable,_Z,Not applicable,IX,Index,LR,Chain linked volume (rebased),N,Non transformed data,T0102,Table 0102 - GDP identity from the expenditure side,2010-Q4,,87.347091,,2020,,,,F,Free (free for publication),1,One,A,Normal value,0,Units,_Z,Not applicable
DATAFLOW,OECD.SDD.NAD:DSD_NAMAIN1@DF_QNA(1.1),Quarterly National Accounts (for 'Developer API'),I,Q,Quarterly,Y,Calendar and seasonally adjusted,OECD,OECD,S1,Total economy,S1,Total economy,B1GQ,Gross domestic product,_Z,Not applicable,_Z,Not applicable,_Z,Not applicable,IX,Index,LR,Chain linked volume (rebased),N,Non transformed data,T0102,Table 0102 - GDP identity from the expenditure side,2011-Q1,,87.604071456,,2020,,,,F,Free (free for publication),1,One,A,Normal value,0,Units,_Z,Not applicable
DATAFLOW,OECD.SDD.NAD:DSD_NAMAIN1@DF_QNA(1.1),Quarterly National Accounts (for 'Developer API'),I,Q,Quarterly,Y,Calendar and seasonally adjusted,OECD,OECD,S1,Total economy,S1,Total economy,B1GQ,Gross domestic product,_Z,Not applicable,_Z,Not applicable,_Z,Not applicable,IX,Index,LR,Chain linked volume (rebased),N,Non transformed data,T0102,Table 0102 - GDP identity from the expenditure side,2011-Q2,,87.914906353,,2020,,,,F,Free (free for publication),1,One,A,Normal value,0,Units,_Z,Not applicable
DATAFLOW,OECD.SDD.NAD:DSD_NAMAIN1@DF_QNA(1.1),Quarterly National Accounts (for 'Developer API'),I,Q,Quarterly,Y,Calendar and seasonally adjusted,OECD,OECD,S1,Total economy,S1,Total economy,B1GQ,Gross domestic product,_Z,Not applicable,_Z,Not applicable,_Z,Not applicable,IX,Index,LR,Chain linked volume (rebased),N,Non transformed data,T0102,Table 0102 - GDP identity from the expenditure side,2011-Q3,,88.400660051,,2020,,,,F,Free (free for publication),1,One,A,Normal value,0,Units,_Z,Not applicable
DATAFLOW,OECD.SDD.NAD:DSD_NAMAIN1@DF_QNA(1.1),Quarterly National Accounts (for 'Developer API'),I,Q,Quarterly,Y,Calendar and seasonally adjusted,OECD,OECD,S1,Total economy,S1,Total economy,B1GQ,Gross domestic product,_Z,Not applicable,_Z,Not applicable,_Z,Not applicable,IX,Index,LR,Chain linked volume (rebased),N,Non transformed data,T0102,Table 0102 - GDP identity from the expenditure side,2011-Q4,,88.828733536,,2020,,,,F,Free (free for publication),1,One,A,Normal value,0,Units,_Z,Not applicable
DATAFLOW,OECD.SDD.NAD:DSD_NAMAIN1@DF_QNA(1.1),Quarterly National Accounts (for 'Developer API'),I,Q,Quarterly,Y,Calendar and seasonally adjusted,OECD,OECD,S1,Total economy,S1,Total economy,B1GQ,Gross domestic product,_Z,Not applicable,_Z,Not applicable,_Z,Not applicable,PC,Percentage change,L,Chain linked volume,GCM,Cumulative growth rate since base period,T0102,Table 0102 - GDP identity from the expenditure side,2023-Q3,,6.980935226,,,,2019-Q4,,F,Free (free for publication),1,One,A,Normal value,0,Units,_Z,Not applicable
DATAFLOW,OECD.SDD.NAD:DSD_NAMAIN1@DF_QNA(1.1),Quarterly National Accounts (for 'Developer API'),I,Q,Quarterly,Y,Calendar and seasonally adjusted,OECD,OECD,S1,Total economy,S1,Total economy,B1GQ,Gross domestic product,_Z,Not applicable,_Z,Not applicable,_Z,Not applicable,PC,Percentage change,L,Chain linked volume,GCM,Cumulative growth rate since base period,T0102,Table 0102 - GDP identity from the expenditure side,2025-Q2,,10.346178391,,,,2019-Q4,,F,Free (free for publication),1,One,A,Normal value,0,Units,_Z,Not applicable
DATAFLOW,OECD.SDD.NAD:DSD_NAMAIN1@DF_QNA(1.1),Quarterly National Accounts (for 'Developer API'),I,Q,Quarterly,Y,Calendar and seasonally adjusted,OECD,OECD,S1,Total economy,S1,Total economy,B1GQ,Gross domestic product,_Z,Not applicable,_Z,Not applicable,_Z,Not applicable,PC,Percentage change,L,Chain linked volume,GCM,Cumulative growth rate since base period,T0102,Table 0102 - GDP identity from the expenditure side,2021-Q1,,-0.867688035,,,,2019-Q4,,F,Free (free for publication),1,One,A,Normal value,0,Units,_Z,Not applicable
DATAFLOW,OECD.SDD.NAD:DSD_NAMAIN1@DF_QNA(1.1),Quarterly National Accounts (for 'Developer API'),I,Q,Quarterly,Y,Calendar and seasonally adjusted,OECD,OECD,S1,Total economy,S1,Total economy,B1GQ,Gross domestic product,_Z,Not applicable,_Z,Not applicable,_Z,Not applicable,PC,Percentage change,L,Chain linked volume,G1,"Growth rate, period on period",T0102,Table 0102 - GDP identity from the expenditure side,2023-Q2,,0.506217199,,,,,,F,Free (free for publication),1,One,A,Normal value,0,Units,_Z,Not applicable
DATAFLOW,OECD.SDD.NAD:DSD_NAMAIN1@DF_QNA(1.1),Quarterly National Accounts (for 'Developer API'),I,Q,Quarterly,Y,Calendar and seasonally adjusted,OECD,OECD,S1,Total economy,S1,Total economy,B1GQ,Gross domestic product,_Z,Not applicable,_Z,Not applicable,_Z,Not applicable,PC,Percentage change,L,Chain linked volume,G1,"Growth rate, period on period",T0102,Table 0102 - GDP identity from the expenditure side,2017-Q4,,0.852571634,,,,,,F,Free (free for publication),1,One,A,Normal value,0,Units,_Z,Not applicable
DATAFLOW,OECD.SDD.NAD:DSD_NAMAIN1@DF_QNA(1.1),Quarterly National Accounts (for 'Developer API'),I,Q,Quarterly,Y,Calendar and seasonally adjusted,OECD,OECD,S1,Total economy,S1,Total economy,B1GQ,Gross domestic product,_Z,Not applicable,_Z,Not applicable,_Z,Not applicable,PC,Percentage change,L,Chain linked volume,G1,"Growth rate, period on period",T0102,Table 0102 - GDP identity from the expenditure side,2018-Q1,,0.595632738,,,,,,F,Free (free for publication),1,One,A,Normal value,0,Units,_Z,Not applicable
DATAFLOW,OECD.SDD.NAD:DSD_NAMAIN1@DF_QNA(1.1),Quarterly National Accounts (for 'Developer API'),I,Q,Quarterly,Y,Calendar and seasonally adjusted,OECD,OECD,S1,Total economy,S1,Total economy,B1GQ,Gross domestic product,_Z,Not applicable,_Z,Not applicable,_Z,Not applicable,PC,Percentage change,L,Chain linked volume,GY,"Growth rate, over 1 year",T0102,Table 0102 - GDP identity from the expenditure side,2022-Q4,,1.807546322,,,,,,F,Free (free for publication),1,One,A,Normal value,0,Units,_Z,Not applicable
DATAFLOW,OECD.SDD.NAD:DSD_NAMAIN1@DF_QNA(1.1),Quarterly National Accounts (for 'Developer API'),I,Q,Quarterly,Y,Calendar and seasonally adjusted,OECD,OECD,S1,Total economy,S1,Total economy,B1GQ,Gross domestic product,_Z,Not applicable,_Z,Not applicable,_Z,Not applicable,PC,Percentage change,L,Chain linked volume,GY,"Growth rate, over 1 year",T0102,Table 0102 - GDP identity from the expenditure side,2023-Q1,,1.8971381,,,,,,F,Free (free for publication),1,One,A,Normal value,0,Units,_Z,Not applicable
DATAFLOW,OECD.SDD.NAD:DSD_NAMAIN1@DF_QNA(1.1),Quarterly National Accounts (for 'Developer API'),I,Q,Quarterly,Y,Calendar and seasonally adjusted,OECD,OECD,S1,Total economy,S1,Total economy,B1GQ,Gross domestic product,_Z,Not applicable,_Z,Not applicable,_Z,Not applicable,IX,Index,LR,Chain linked volume (rebased),N,Non transformed data,T0102,Table 0102 - GDP identity from the expenditure side,2016-Q4,,98.140535892,,2020,,,,F,Free (free for publication),1,One,A,Normal value,0,Units,_Z,Not applicable
DATAFLOW,OECD.SDD.NAD:DSD_NAMAIN1@DF_QNA(1.1),Quarterly National Accounts (for 'Developer API'),I,Q,Quarterly,Y,Calendar and seasonally adjusted,OECD,OECD,S1,Total economy,S1,Total economy,B1GQ,Gross domestic product,_Z,Not applicable,_Z,Not applicable,_Z,Not applicable,IX,Index,LR,Chain linked volume (rebased),N,Non transformed data,T0102,Table 0102 - GDP identity from the expenditure side,2017-Q1,,98.802053805,,2020,,,,F,Free (free for publication),1,One,A,Normal value,0,Units,_Z,Not applicable
DATAFLOW,OECD.SDD.NAD:DSD_NAMAIN1@DF_QNA(1.1),Quarterly National Accounts (for 'Developer API'),I,Q,Quarterly,Y,Calendar and seasonally adjusted,OECD,OECD,S1,Total economy,S1,Total economy,B1GQ,Gross domestic product,_Z,Not applicable,_Z,Not applicable,_Z,Not applicable,IX,Index,LR,Chain linked volume (rebased),N,Non transformed data,T0102,Table 0102 - GDP identity from the expenditure side,2017-Q2,,99.506039853,,2020,,,,F,Free (free for publication),1,One,A,Normal value,0,Units,_Z,Not applicable
DATAFLOW,OECD.SDD.NAD:DSD_NAMAIN1@DF_QNA(1.1),Quarterly National Accounts (for 'Developer API'),I,Q,Quarterly,Y,Calendar and seasonally adjusted,OECD,OECD,S1,Total economy,S1,Total economy,B1GQ,Gross domestic product,_Z,Not applicable,_Z,Not applicable,_Z,Not applicable,IX,Index,LR,Chain linked volume (rebased),N,Non transformed data,T0102,Table 0102 - GDP identity from the expenditure side,2017-Q3,,100.332751869,,2020,,,,F,Free (free for publication),1,One,A,Normal value,0,Units,_Z,Not applicable
DATAFLOW,OECD.SDD.NAD:DSD_NAMAIN1@DF_QNA(1.1),Quarterly National Accounts (for 'Developer API'),I,Q,Quarterly,Y,Calendar and seasonally adjusted,OECD,OECD,S1,Total economy,S1,Total economy,B1GQ,Gross domestic product,_Z,Not applicable,_Z,Not applicable,_Z,Not applicable,IX,Index,LR,Chain linked volume (rebased),N,Non transformed data,T0102,Table 0102 - GDP identity from the expenditure side,2017-Q4,,101.188160451,,2020,,,,F,Free (free for publication),1,One,A,Normal value,0,Units,_Z,Not applicable
DATAFLOW,OECD.SDD.NAD:DSD_NAMAIN1@DF_QNA(1.1),Quarterly National Accounts (for 'Developer API'),I,Q,Quarterly,Y,Calendar and seasonally adjusted,OECD,OECD,S1,Total economy,S1,Total economy,B1GQ,Gross domestic product,_Z,Not applicable,_Z,Not applicable,_Z,Not applicable,IX,Index,LR,Chain linked volume (rebased),N,Non transformed data,T0102,Table 0102 - GDP identity from the expenditure side,2018-Q1,,101.790870262,,2020,,,,F,Free (free for publication),1,One,A,Normal value,0,Units,_Z,Not applicable
DATAFLOW,OECD.SDD.NAD:DSD_NAMAIN1@DF_QNA(1.1),Quarterly National Accounts (for 'Developer API'),I,Q,Quarterly,Y,Calendar and seasonally adjusted,OECD,OECD,S1,Total economy,S1,Total economy,B1GQ,Gross domestic product,_Z,Not applicable,_Z,Not applicable,_Z,Not applicable,IX,Index,LR,Chain linked volume (rebased),N,Non transformed data,T0102,Table 0102 - GDP identity from the expenditure side,2022-Q4,,110.571859397,,2020,,,,F,Free (free for publication),1,One,A,Normal value,0,Units,_Z,Not applicable
DATAFLOW,OECD.SDD.NAD:DSD_NAMAIN1@DF_QNA(1.1),Quarterly National Accounts (for 'Developer API'),I,Q,Quarterly,Y,Calendar and seasonally adjusted,OECD,OECD,S1,Total economy,S1,Total economy,B1GQ,Gross domestic product,_Z,Not applicable,_Z,Not applicable,_Z,Not applicable,IX,Index,LR,Chain linked volume (rebased),N,Non transformed data,T0102,Table 0102 - GDP identity from the expenditure side,2023-Q1,,110.992237951,,2020,,,,F,Free (free for publication),1,One,A,Normal value,0,Units,_Z,Not applicable
DATAFLOW,OECD.SDD.NAD:DSD_NAMAIN1@DF_QNA(1.1),Quarterly National Accounts (for 'Developer API'),I,Q,Quarterly,Y,Calendar and seasonally adjusted,OECD,OECD,S1,Total economy,S1,Total economy,B1GQ,Gross domestic product,_Z,Not applicable,_Z,Not applicable,_Z,Not applicable,IX,Index,LR,Chain linked volume (rebased),N,Non transformed data,T0102,Table 0102 - GDP identity from the expenditure side,2023-Q2,,111.554099749,,2020,,,,F,Free (free for publication),1,One,A,Normal value,0,Units,_Z,Not applicable
DATAFLOW,OECD.SDD.NAD:DSD_NAMAIN1@DF_QNA(1.1),Quarterly National Accounts (for 'Developer API'),I,Q,Quarterly,Y,Calendar and seasonally adjusted,OECD,OECD,S1,Total economy,S1,Total economy,B1GQ,Gross domestic product,_Z,Not applicable,_Z,Not applicable,_Z,Not applicable,IX,Index,LR,Chain linked volume (rebased),N,Non transformed data,T0102,Table 0102 - GDP identity from the expenditure side,2023-Q3,,112.094599688,,2020,,,,F,Free (free for publication),1,One,A,Normal value,0,Units,_Z,Not applicable
DATAFLOW,OECD.SDD.NAD:DSD_NAMAIN1@DF_QNA(1.1),Quarterly National Accounts (for 'Developer API'),I,Q,Quarterly,Y,Calendar and seasonally adjusted,OECD,OECD,S1,Total economy,S1,Total economy,B1GQ,Gross domestic product,_Z,Not applicable,_Z,Not applicable,_Z,Not applicable,IX,Index,LR,Chain linked volume (rebased),N,Non transformed data,T0102,Table 0102 - GDP identity from the expenditure side,2023-Q4,,112.511514182,,2020,,,,F,Free (free for publication),1,One,A,Normal value,0,Units,_Z,Not applicable
DATAFLOW,OECD.SDD.NAD:DSD_NAMAIN1@DF_QNA(1.1),Quarterly National Accounts (for 'Developer API'),I,Q,Quarterly,Y,Calendar and seasonally adjusted,OECD,OECD,S1,Total economy,S1,Total economy,B1GQ,Gross domestic product,_Z,Not applicable,_Z,Not applicable,_Z,Not applicable,IX,Index,LR,Chain linked volume (rebased),N,Non transformed data,T0102,Table 0102 - GDP identity from the expenditure side,2024-Q1,,113.011722866,,2020,,,,F,Free (free for publication),1,One,A,Normal value,0,Units,_Z,Not applicable
DATAFLOW,OECD.SDD.NAD:DSD_NAMAIN1@DF_QNA(1.1),Quarterly National Accounts (for 'Developer API'),I,Q,Quarterly,Y,Calendar and seasonally adjusted,OECD,OECD,S1,Total economy,S1,Total economy,B1GQ,Gross domestic product,_Z,Not applicable,_Z,Not applicable,_Z,Not applicable,IX,Index,LR,Chain linked volume (rebased),N,Non transformed data,T0102,Table 0102 - GDP identity from the expenditure side,2024-Q2,,113.51218584,,2020,,,,F,Free (free for publication),1,One,A,Normal value,0,Units,_Z,Not applicable
DATAFLOW,OECD.SDD.NAD:DSD_NAMAIN1@DF_QNA(1.1),Quarterly National Accounts (for 'Developer API'),I,Q,Quarterly,Y,Calendar and seasonally adjusted,OECD,OECD,S1,Total economy,S1,Total economy,B1GQ,Gross domestic product,_Z,Not applicable,_Z,Not applicable,_Z,Not applicable,IX,Index,LR,Chain linked volume (rebased),N,Non transformed data,T0102,Table 0102 - GDP identity from the expenditure side,2024-Q3,,114.213209552,,2020,,,,F,Free (free for publication),1,One,A,Normal value,0,Units,_Z,Not applicable
DATAFLOW,OECD.SDD.NAD:DSD_NAMAIN1@DF_QNA(1.1),Quarterly National Accounts (for 'Developer API'),I,Q,Quarterly,Y,Calendar and seasonally adjusted,OECD,OECD,S1,Total economy,S1,Total economy,B1GQ,Gross domestic product,_Z,Not applicable,_Z,Not applicable,_Z,Not applicable,IX,Index,LR,Chain linked volume (rebased),N,Non transformed data,T0102,Table 0102 - GDP identity from the expenditure side,2024-Q4,,114.738912162,,2020,,,,F,Free (free for publication),1,One,A,Normal value,0,Units,_Z,Not applicable
DATAFLOW,OECD.SDD.NAD:DSD_NAMAIN1@DF_QNA(1.1),Quarterly National Accounts (for 'Developer API'),I,Q,Quarterly,Y,Calendar and seasonally adjusted,OECD,OECD,S1,Total economy,S1,Total economy,B1GQ,Gross domestic product,_Z,Not applicable,_Z,Not applicable,_Z,Not applicable,IX,Index,LR,Chain linked volume (rebased),N,Non transformed data,T0102,Table 0102 - GDP identity from the expenditure side,2025-Q1,,115.062339965,,2020,,,,F,Free (free for publication),1,One,A,Normal value,0,Units,_Z,Not applicable
DATAFLOW,OECD.SDD.NAD:DSD_NAMAIN1@DF_QNA(1.1),Quarterly National Accounts (for 'Developer API'),I,Q,Quarterly,Y,Calendar and seasonally adjusted,OECD,OECD,S1,Total economy,S1,Total economy,B1GQ,Gross domestic product,_Z,Not applicable,_Z,Not applicable,_Z,Not applicable,IX,Index,LR,Chain linked volume (rebased),N,Non transformed data,T0102,Table 0102 - GDP identity from the expenditure side,2025-Q2,,115.620700712,,2020,,,,F,Free (free for publication),1,One,A,Normal value,0,Units,_Z,Not applicable
DATAFLOW,OECD.SDD.NAD:DSD_NAMAIN1@DF_QNA(1.1),Quarterly National Accounts (for 'Developer API'),I,Q,Quarterly,Y,Calendar and seasonally adjusted,OECD,OECD,S1,Total economy,S1,Total economy,B1GQ,Gross domestic product,_Z,Not applicable,_Z,Not applicable,_Z,Not applicable,IX,Index,LR,Chain linked volume (rebased),N,Non transformed data,T0102,Table 0102 - GDP identity from the expenditure side,2025-Q3,,116.346467229,,2020,,,,F,Free (free for publication),1,One,A,Normal value,0,Units,_Z,Not applicable
DATAFLOW,OECD.SDD.NAD:DSD_NAMAIN1@DF_QNA(1.1),Quarterly National Accounts (for 'Developer API'),I,Q,Quarterly,Y,Calendar and seasonally adjusted,OECD,OECD,S1,Total economy,S1,Total economy,B1GQ,Gross domestic product,_Z,Not applicable,_Z,Not applicable,_Z,Not applicable,IX,Index,LR,Chain linked volume (rebased),N,Non transformed data,T0102,Table 0102 - GDP identity from the expenditure side,2025-Q4,,116.619413347,,2020,,,,F,Free (free for publication),1,One,A,Normal value,0,Units,_Z,Not applicable
DATAFLOW,OECD.SDD.NAD:DSD_NAMAIN1@DF_QNA(1.1),Quarterly National Accounts (for 'Developer API'),I,Q,Quarterly,Y,Calendar and seasonally adjusted,OECD,OECD,S1,Total economy,S1,Total economy,B1GQ,Gross domestic product,_Z,Not applicable,_Z,Not applicable,_Z,Not applicable,IX,Index,LR,Chain linked volume (rebased),N,Non transformed data,T0102,Table 0102 - GDP identity from the expenditure side,2026-Q1,,117.052259586,,2020,,,,F,Free (free for publication),1,One,A,Normal value,0,Units,_Z,Not applicable
DATAFLOW,OECD.SDD.NAD:DSD_NAMAIN1@DF_QNA(1.1),Quarterly National Accounts (for 'Developer API'),I,Q,Quarterly,Y,Calendar and seasonally adjusted,OECD,OECD,S1,Total economy,S1,Total economy,B1GQ,Gross domestic product,_Z,Not applicable,_Z,Not applicable,_Z,Not applicable,IX,Index,LR,Chain linked volume (rebased),N,Non transformed data,T0102,Table 0102 - GDP identity from the expenditure side,2014-Q2,,92.686826576,,2020,,,,F,Free (free for publication),1,One,A,Normal value,0,Units,_Z,Not applicable
DATAFLOW,OECD.SDD.NAD:DSD_NAMAIN1@DF_QNA(1.1),Quarterly National Accounts (for 'Developer API'),I,Q,Quarterly,Y,Calendar and seasonally adjusted,OECD,OECD,S1,Total economy,S1,Total economy,B1GQ,Gross domestic product,_Z,Not applicable,_Z,Not applicable,_Z,Not applicable,IX,Index,LR,Chain linked volume (rebased),N,Non transformed data,T0102,Table 0102 - GDP identity from the expenditure side,2014-Q3,,93.396997594,,2020,,,,F,Free (free for publication),1,One,A,Normal value,0,Units,_Z,Not applicable
DATAFLOW,OECD.SDD.NAD:DSD_NAMAIN1@DF_QNA(1.1),Quarterly National Accounts (for 'Developer API'),I,Q,Quarterly,Y,Calendar and seasonally adjusted,OECD,OECD,S1,Total economy,S1,Total economy,B1GQ,Gross domestic product,_Z,Not applicable,_Z,Not applicable,_Z,Not applicable,IX,Index,LR,Chain linked volume (rebased),N,Non transformed data,T0102,Table 0102 - GDP identity from the expenditure side,2015-Q1,,94.730186873,,2020,,,,F,Free (free for publication),1,One,A,Normal value,0,Units,_Z,Not applicable
DATAFLOW,OECD.SDD.NAD:DSD_NAMAIN1@DF_QNA(1.1),Quarterly National Accounts (for 'Developer API'),I,Q,Quarterly,Y,Calendar and seasonally adjusted,OECD,OECD,S1,Total economy,S1,Total economy,B1GQ,Gross domestic product,_Z,Not applicable,_Z,Not applicable,_Z,Not applicable,IX,Index,LR,Chain linked volume (rebased),N,Non transformed data,T0102,Table 0102 - GDP identity from the expenditure side,2016-Q3,,97.329396885,,2020,,,,F,Free (free for publication),1,One,A,Normal value,0,Units,_Z,Not applicable
DATAFLOW,OECD.SDD.NAD:DSD_NAMAIN1@DF_QNA(1.1),Quarterly National Accounts (for 'Developer API'),I,Q,Quarterly,Y,Calendar and seasonally adjusted,OECD,OECD,S1,Total economy,S1,Total economy,B1GQ,Gross domestic product,_Z,Not applicable,_Z,Not applicable,_Z,Not applicable,IX,Index,LR,Chain linked volume (rebased),N,Non transformed data,T0102,Table 0102 - GDP identity from the expenditure side,2021-Q2,,105.773972071,,2020,,,,F,Free (free for publication),1,One,A,Normal value,0,Units,_Z,Not applicable
DATAFLOW,OECD.SDD.NAD:DSD_NAMAIN1@DF_QNA(1.1),Quarterly National Accounts (for 'Developer API'),I,Q,Quarterly,Y,Calendar and seasonally adjusted,OECD,OECD,S1,Total economy,S1,Total economy,B1GQ,Gross domestic product,_Z,Not applicable,_Z,Not applicable,_Z,Not applicable,IX,Index,DR,Deflator (rebased),N,Non transformed data,T0102,Table 0102 - GDP identity from the expenditure side,2010-Q4,,81.779732557,,2020,,,,F,Free (free for publication),1,One,A,Normal value,0,Units,_Z,Not applicable
DATAFLOW,OECD.SDD.NAD:DSD_NAMAIN1@DF_QNA(1.1),Quarterly National Accounts (for 'Developer API'),I,Q,Quarterly,Y,Calendar and seasonally adjusted,OECD,OECD,S1,Total economy,S1,Total economy,B1GQ,Gross domestic product,_Z,Not applicable,_Z,Not applicable,_Z,Not applicable,IX,Index,DR,Deflator (rebased),N,Non transformed data,T0102,Table 0102 - GDP identity from the expenditure side,2011-Q1,,82.407218654,,2020,,,,F,Free (free for publication),1,One,A,Normal value,0,Units,_Z,Not applicable
DATAFLOW,OECD.SDD.NAD:DSD_NAMAIN1@DF_QNA(1.1),Quarterly National Accounts (for 'Developer API'),I,Q,Quarterly,Y,Calendar and seasonally adjusted,OECD,OECD,S1,Total economy,S1,Total economy,B1GQ,Gross domestic product,_Z,Not applicable,_Z,Not applicable,_Z,Not applicable,IX,Index,DR,Deflator (rebased),N,Non transformed data,T0102,Table 0102 - GDP identity from the expenditure side,2019-Q2,,96.943947346,,2020,,,,F,Free (free for publication),1,One,A,Normal value,0,Units,_Z,Not applicable
DATAFLOW,OECD.SDD.NAD:DSD_NAMAIN1@DF_QNA(1.1),Quarterly National Accounts (for 'Developer API'),I,Q,Quarterly,Y,Calendar and seasonally adjusted,OECD,OECD,S1,Total economy,S1,Total economy,B1GQ,Gross domestic product,_Z,Not applicable,_Z,Not applicable,_Z,Not applicable,IX,Index,DR,Deflator (rebased),N,Non transformed data,T0102,Table 0102 - GDP identity from the expenditure side,2019-Q3,,97.749802847,,2020,,,,F,Free (free for publication),1,One,A,Normal value,0,Units,_Z,Not applicable
DATAFLOW,OECD.SDD.NAD:DSD_NAMAIN1@DF_QNA(1.1),Quarterly National Accounts (for 'Developer API'),I,Q,Quarterly,Y,Calendar and seasonally adjusted,OECD,OECD,S1,Total economy,S1,Total economy,B1GQ,Gross domestic product,_Z,Not applicable,_Z,Not applicable,_Z,Not applicable,IX,Index,DR,Deflator (rebased),N,Non transformed data,T0102,Table 0102 - GDP identity from the expenditure side,2016-Q4,,91.672533525,,2020,,,,F,Free (free for publication),1,One,A,Normal value,0,Units,_Z,Not applicable
DATAFLOW,OECD.SDD.NAD:DSD_NAMAIN1@DF_QNA(1.1),Quarterly National Accounts (for 'Developer API'),I,Q,Quarterly,Y,Calendar and seasonally adjusted,OECD,OECD,S1,Total economy,S1,Total economy,B1GQ,Gross domestic product,_Z,Not applicable,_Z,Not applicable,_Z,Not applicable,IX,Index,DR,Deflator (rebased),N,Non transformed data,T0102,Table 0102 - GDP identity from the expenditure side,2017-Q1,,92.062310837,,2020,,,,F,Free (free for publication),1,One,A,Normal value,0,Units,_Z,Not applicable
DATAFLOW,OECD.SDD.NAD:DSD_NAMAIN1@DF_QNA(1.1),Quarterly National Accounts (for 'Developer API'),I,Q,Quarterly,Y,Calendar and seasonally adjusted,OECD,OECD,S1,Total economy,S1,Total economy,B1GQ,Gross domestic product,_Z,Not applicable,_Z,Not applicable,_Z,Not applicable,IX,Index,DR,Deflator (rebased),N,Non transformed data,T0102,Table 0102 - GDP identity from the expenditure side,2017-Q2,,92.176773875,,2020,,,,F,Free (free for publication),1,One,A,Normal value,0,Units,_Z,Not applicable
DATAFLOW,OECD.SDD.NAD:DSD_NAMAIN1@DF_QNA(1.1),Quarterly National Accounts (for 'Developer API'),I,Q,Quarterly,Y,Calendar and seasonally adjusted,OECD,OECD,S1,Total economy,S1,Total economy,B1GQ,Gross domestic product,_Z,Not applicable,_Z,Not applicable,_Z,Not applicable,IX,Index,DR,Deflator (rebased),N,Non transformed data,T0102,Table 0102 - GDP identity from the expenditure side,2017-Q3,,92.50375283,,2020,,,,F,Free (free for publication),1,One,A,Normal value,0,Units,_Z,Not applicable
DATAFLOW,OECD.SDD.NAD:DSD_NAMAIN1@DF_QNA(1.1),Quarterly National Accounts (for 'Developer API'),I,Q,Quarterly,Y,Calendar and seasonally adjusted,OECD,OECD,S1,Total economy,S1,Total economy,B1GQ,Gross domestic product,_Z,Not applicable,_Z,Not applicable,_Z,Not applicable,IX,Index,DR,Deflator (rebased),N,Non transformed data,T0102,Table 0102 - GDP identity from the expenditure side,2017-Q4,,92.95651578,,2020,,,,F,Free (free for publication),1,One,A,Normal value,0,Units,_Z,Not applicable
DATAFLOW,OECD.SDD.NAD:DSD_NAMAIN1@DF_QNA(1.1),Quarterly National Accounts (for 'Developer API'),I,Q,Quarterly,Y,Calendar and seasonally adjusted,OECD,OECD,S1,Total economy,S1,Total economy,B1GQ,Gross domestic product,_Z,Not applicable,_Z,Not applicable,_Z,Not applicable,IX,Index,DR,Deflator (rebased),N,Non transformed data,T0102,Table 0102 - GDP identity from the expenditure side,2018-Q1,,93.388198744,,2020,,,,F,Free (free for publication),1,One,A,Normal value,0,Units,_Z,Not applicable
DATAFLOW,OECD.SDD.NAD:DSD_NAMAIN1@DF_QNA(1.1),Quarterly National Accounts (for 'Developer API'),I,Q,Quarterly,Y,Calendar and seasonally adjusted,OECD,OECD,S1,Total economy,S1,Total economy,B1GQ,Gross domestic product,_Z,Not applicable,_Z,Not applicable,_Z,Not applicable,USD_PPP,"US dollars, PPP converted",V,Current prices,LA,Annual levels,T0102,Table 0102 - GDP identity from the expenditure side,2025-Q2,,89588590.5,,,,,,F,Free (free for publication),1,One,A,Normal value,6,Millions,USD,US dollar
DATAFLOW,OECD.SDD.NAD:DSD_NAMAIN1@DF_QNA(1.1),Quarterly National Accounts (for 'Developer API'),I,Q,Quarterly,Y,Calendar and seasonally adjusted,OECD,OECD,S1,Total economy,S1,Total economy,B1GQ,Gross domestic product,_Z,Not applicable,_Z,Not applicable,_Z,Not applicable,IX,Index,DR,Deflator (rebased),N,Non transformed data,T0102,Table 0102 - GDP identity from the expenditure side,2022-Q4,,114.481871951,,2020,,,,F,Free (free for publication),1,One,A,Normal value,0,Units,_Z,Not applicable
